id,samplingPoint.notation,samplingPoint.prefLabel,samplingPoint.longitude,samplingPoint.latitude,samplingPoint.region,samplingPoint.area,samplingPoint.subArea,samplingPoint.samplingPointStatus,samplingPoint.samplingPointType,phenomenonTime,samplingPurpose,sampleMaterialType,determinand.notation,determinand.prefLabel,result,unit
https://environment.data.gov.uk/water-quality/sampling-point/TH-PTHR0080/sample/1391293/observation/0061,TH-PTHR0080,THAMES AT CAVERSHAM WEIR,-0.9631,51.4609,Thames,THAMES - WEST THAMES,L&W NORTH - WT,OPEN,FRESHWATER - RIVERS,2023-05-16T11:08:00,ENVIRONMENTAL MONITORING STATUTORY (EU DIRECTIVES),RIVER / RUNNING SURFACE WATER,0061,pH,8.01,PH UNITS
https://environment.data.gov.uk/water-quality/sampling-point/TH-PTHR0080/sample/1391293/observation/0076,TH-PTHR0080,THAMES AT CAVERSHAM WEIR,-0.9631,51.4609,Thames,THAMES - WEST THAMES,L&W NORTH - WT,OPEN,FRESHWATER - RIVERS,2023-05-16T11:08:00,ENVIRONMENTAL MONITORING STATUTORY (EU DIRECTIVES),RIVER / RUNNING SURFACE WATER,0076,Temperature of Water,13.9,CELSIUS
https://environment.data.gov.uk/water-quality/sampling-point/TH-PTHR0080/sample/1391293/observation/0077,TH-PTHR0080,THAMES AT CAVERSHAM WEIR,-0.9631,51.4609,Thames,THAMES - WEST THAMES,L&W NORTH - WT,OPEN,FRESHWATER - RIVERS,2023-05-16T11:08:00,ENVIRONMENTAL MONITORING STATUTORY (EU DIRECTIVES),RIVER / RUNNING SURFACE WATER,0077,Conductivity at 25 C,671,MICROSIEMENS PER CENTIMETRE
https://environment.data.gov.uk/water-quality/sampling-point/TH-PTHR0080/sample/1391293/observation/0111,TH-PTHR0080,THAMES AT CAVERSHAM WEIR,-0.9631,51.4609,Thames,THAMES - WEST THAMES,L&W NORTH - WT,OPEN,FRESHWATER - RIVERS,2023-05-16T11:08:00,ENVIRONMENTAL MONITORING STATUTORY (EU DIRECTIVES),RIVER / RUNNING SURFACE WATER,0111,Ammoniacal Nitrogen as N,<0.03,MILLIGRAM PER LITRE
https://environment.data.gov.uk/water-quality/sampling-point/TH-PTHR0080/sample/1391293/observation/0116,TH-PTHR0080,THAMES AT CAVERSHAM WEIR,-0.9631,51.4609,Thames,THAMES - WEST THAMES,L&W NORTH - WT,OPEN,FRESHWATER - RIVERS,2023-05-16T11:08:00,ENVIRONMENTAL MONITORING STATUTORY (EU DIRECTIVES),RIVER / RUNNING SURFACE WATER,0116,"Nitrogen, Total Oxidised as N",5.5,MILLIGRAM PER LITRE
https://environment.data.gov.uk/water-quality/sampling-point/TH-PTHR0080/sample/1391293/observation/0117,TH-PTHR0080,THAMES AT CAVERSHAM WEIR,-0.9631,51.4609,Thames,THAMES - WEST THAMES,L&W NORTH - WT,OPEN,FRESHWATER - RIVERS,2023-05-16T11:08:00,ENVIRONMENTAL MONITORING STATUTORY (EU DIRECTIVES),RIVER / RUNNING SURFACE WATER,0117,Nitrate as N,5.48,MILLIGRAM PER LITRE
https://environment.data.gov.uk/water-quality/sampling-point/TH-PTHR0080/sample/1391293/observation/0118,TH-PTHR0080,THAMES AT CAVERSHAM WEIR,-0.9631,51.4609,Thames,THAMES - WEST THAMES,L&W NORTH - WT,OPEN,FRESHWATER - RIVERS,2023-05-16T11:08:00,ENVIRONMENTAL MONITORING STATUTORY (EU DIRECTIVES),RIVER / RUNNING SURFACE WATER,0118,Nitrite as N,0.016,MILLIGRAM PER LITRE
https://environment.data.gov.uk/water-quality/sampling-point/TH-PTHR0080/sample/1391293/observation/0119,TH-PTHR0080,THAMES AT CAVERSHAM WEIR,-0.9631,51.4609,Thames,THAMES - WEST THAMES,L&W NORTH - WT,OPEN,FRESHWATER - RIVERS,2023-05-16T11:08:00,ENVIRONMENTAL MONITORING STATUTORY (EU DIRECTIVES),RIVER / RUNNING SURFACE WATER,0119,Ammonia un-ionised as N,<0.00073,MILLIGRAM PER LITRE
https://environment.data.gov.uk/water-quality/sampling-point/TH-PTHR0080/sample/1391293/observation/0162,TH-PTHR0080,THAMES AT CAVERSHAM WEIR,-0.9631,51.4609,Thames,THAMES - WEST THAMES,L&W NORTH - WT,OPEN,FRESHWATER - RIVERS,2023-05-16T11:08:00,ENVIRONMENTAL MONITORING STATUTORY (EU DIRECTIVES),RIVER / RUNNING SURFACE WATER,0162,Alkalinity to pH 4.5 as CaCO3,230,MILLIGRAM PER LITRE
https://environment.data.gov.uk/water-quality/sampling-point/TH-PTHR0080/sample/1391293/observation/0180,TH-PTHR0080,THAMES AT CAVERSHAM WEIR,-0.9631,51.4609,Thames,THAMES - WEST THAMES,L&W NORTH - WT,OPEN,FRESHWATER - RIVERS,2023-05-16T11:08:00,ENVIRONMENTAL MONITORING STATUTORY (EU DIRECTIVES),RIVER / RUNNING SURFACE WATER,0180,"Orthophosphate, reactive as P",0.13,MILLIGRAM PER LITRE
https://environment.data.gov.uk/water-quality/sampling-point/TH-PTHR0080/sample/1391293/observation/9901,TH-PTHR0080,THAMES AT CAVERSHAM WEIR,-0.9631,51.4609,Thames,THAMES - WEST THAMES,L&W NORTH - WT,OPEN,FRESHWATER - RIVERS,2023-05-16T11:08:00,ENVIRONMENTAL MONITORING STATUTORY (EU DIRECTIVES),RIVER / RUNNING SURFACE WATER,9901,"Oxygen, Dissolved, % Saturation",97.6,PERCENTAGE
https://environment.data.gov.uk/water-quality/sampling-point/TH-PTHR0080/sample/1391293/observation/9924,TH-PTHR0080,THAMES AT CAVERSHAM WEIR,-0.9631,51.4609,Thames,THAMES - WEST THAMES,L&W NORTH - WT,OPEN,FRESHWATER - RIVERS,2023-05-16T11:08:00,ENVIRONMENTAL MONITORING STATUTORY (EU DIRECTIVES),RIVER / RUNNING SURFACE WATER,9924,"Oxygen, Dissolved as O2",10.1,MILLIGRAM PER LITRE
https://environment.data.gov.uk/water-quality/sampling-point/TH-PTHR0080/sample/1392394/observation/0061,TH-PTHR0080,THAMES AT CAVERSHAM WEIR,-0.9631,51.4609,Thames,THAMES - WEST THAMES,L&W NORTH - WT,OPEN,FRESHWATER - RIVERS,2023-06-08T10:30:00,ENVIRONMENTAL MONITORING STATUTORY (EU DIRECTIVES),RIVER / RUNNING SURFACE WATER,0061,pH,8.14,PH UNITS
https://environment.data.gov.uk/water-quality/sampling-point/TH-PTHR0080/sample/1392394/observation/0076,TH-PTHR0080,THAMES AT CAVERSHAM WEIR,-0.9631,51.4609,Thames,THAMES - WEST THAMES,L&W NORTH - WT,OPEN,FRESHWATER - RIVERS,2023-06-08T10:30:00,ENVIRONMENTAL MONITORING STATUTORY (EU DIRECTIVES),RIVER / RUNNING SURFACE WATER,0076,Temperature of Water,16.7,CELSIUS
https://environment.data.gov.uk/water-quality/sampling-point/TH-PTHR0080/sample/1392394/observation/0077,TH-PTHR0080,THAMES AT CAVERSHAM WEIR,-0.9631,51.4609,Thames,THAMES - WEST THAMES,L&W NORTH - WT,OPEN,FRESHWATER - RIVERS,2023-06-08T10:30:00,ENVIRONMENTAL MONITORING STATUTORY (EU DIRECTIVES),RIVER / RUNNING SURFACE WATER,0077,Conductivity at 25 C,677,MICROSIEMENS PER CENTIMETRE
https://environment.data.gov.uk/water-quality/sampling-point/TH-PTHR0080/sample/1392394/observation/0085,TH-PTHR0080,THAMES AT CAVERSHAM WEIR,-0.9631,51.4609,Thames,THAMES - WEST THAMES,L&W NORTH - WT,OPEN,FRESHWATER - RIVERS,2023-06-08T10:30:00,ENVIRONMENTAL MONITORING STATUTORY (EU DIRECTIVES),RIVER / RUNNING SURFACE WATER,0085,BOD : 5 Day ATU,1.1,MILLIGRAM PER LITRE
https://environment.data.gov.uk/water-quality/sampling-point/TH-PTHR0080/sample/1392394/observation/0111,TH-PTHR0080,THAMES AT CAVERSHAM WEIR,-0.9631,51.4609,Thames,THAMES - WEST THAMES,L&W NORTH - WT,OPEN,FRESHWATER - RIVERS,2023-06-08T10:30:00,ENVIRONMENTAL MONITORING STATUTORY (EU DIRECTIVES),RIVER / RUNNING SURFACE WATER,0111,Ammoniacal Nitrogen as N,<0.03,MILLIGRAM PER LITRE
https://environment.data.gov.uk/water-quality/sampling-point/TH-PTHR0080/sample/1392394/observation/0116,TH-PTHR0080,THAMES AT CAVERSHAM WEIR,-0.9631,51.4609,Thames,THAMES - WEST THAMES,L&W NORTH - WT,OPEN,FRESHWATER - RIVERS,2023-06-08T10:30:00,ENVIRONMENTAL MONITORING STATUTORY (EU DIRECTIVES),RIVER / RUNNING SURFACE WATER,0116,"Nitrogen, Total Oxidised as N",7.3,MILLIGRAM PER LITRE
https://environment.data.gov.uk/water-quality/sampling-point/TH-PTHR0080/sample/1392394/observation/0117,TH-PTHR0080,THAMES AT CAVERSHAM WEIR,-0.9631,51.4609,Thames,THAMES - WEST THAMES,L&W NORTH - WT,OPEN,FRESHWATER - RIVERS,2023-06-08T10:30:00,ENVIRONMENTAL MONITORING STATUTORY (EU DIRECTIVES),RIVER / RUNNING SURFACE WATER,0117,Nitrate as N,7.28,MILLIGRAM PER LITRE
https://environment.data.gov.uk/water-quality/sampling-point/TH-PTHR0080/sample/1392394/observation/0118,TH-PTHR0080,THAMES AT CAVERSHAM WEIR,-0.9631,51.4609,Thames,THAMES - WEST THAMES,L&W NORTH - WT,OPEN,FRESHWATER - RIVERS,2023-06-08T10:30:00,ENVIRONMENTAL MONITORING STATUTORY (EU DIRECTIVES),RIVER / RUNNING SURFACE WATER,0118,Nitrite as N,0.024,MILLIGRAM PER LITRE
https://environment.data.gov.uk/water-quality/sampling-point/TH-PTHR0080/sample/1392394/observation/0119,TH-PTHR0080,THAMES AT CAVERSHAM WEIR,-0.9631,51.4609,Thames,THAMES - WEST THAMES,L&W NORTH - WT,OPEN,FRESHWATER - RIVERS,2023-06-08T10:30:00,ENVIRONMENTAL MONITORING STATUTORY (EU DIRECTIVES),RIVER / RUNNING SURFACE WATER,0119,Ammonia un-ionised as N,<0.00089,MILLIGRAM PER LITRE
https://environment.data.gov.uk/water-quality/sampling-point/TH-PTHR0080/sample/1392394/observation/0162,TH-PTHR0080,THAMES AT CAVERSHAM WEIR,-0.9631,51.4609,Thames,THAMES - WEST THAMES,L&W NORTH - WT,OPEN,FRESHWATER - RIVERS,2023-06-08T10:30:00,ENVIRONMENTAL MONITORING STATUTORY (EU DIRECTIVES),RIVER / RUNNING SURFACE WATER,0162,Alkalinity to pH 4.5 as CaCO3,230,MILLIGRAM PER LITRE
https://environment.data.gov.uk/water-quality/sampling-point/TH-PTHR0080/sample/1392394/observation/0180,TH-PTHR0080,THAMES AT CAVERSHAM WEIR,-0.9631,51.4609,Thames,THAMES - WEST THAMES,L&W NORTH - WT,OPEN,FRESHWATER - RIVERS,2023-06-08T10:30:00,ENVIRONMENTAL MONITORING STATUTORY (EU DIRECTIVES),RIVER / RUNNING SURFACE WATER,0180,"Orthophosphate, reactive as P",0.14,MILLIGRAM PER LITRE
https://environment.data.gov.uk/water-quality/sampling-point/TH-PTHR0080/sample/1392394/observation/9901,TH-PTHR0080,THAMES AT CAVERSHAM WEIR,-0.9631,51.4609,Thames,THAMES - WEST THAMES,L&W NORTH - WT,OPEN,FRESHWATER - RIVERS,2023-06-08T10:30:00,ENVIRONMENTAL MONITORING STATUTORY (EU DIRECTIVES),RIVER / RUNNING SURFACE WATER,9901,"Oxygen, Dissolved, % Saturation",100.8,PERCENTAGE
https://environment.data.gov.uk/water-quality/sampling-point/TH-PTHR0080/sample/1392394/observation/9924,TH-PTHR0080,THAMES AT CAVERSHAM WEIR,-0.9631,51.4609,Thames,THAMES - WEST THAMES,L&W NORTH - WT,OPEN,FRESHWATER - RIVERS,2023-06-08T10:30:00,ENVIRONMENTAL MONITORING STATUTORY (EU DIRECTIVES),RIVER / RUNNING SURFACE WATER,9924,"Oxygen, Dissolved as O2",9.78,MILLIGRAM PER LITRE
https://environment.data.gov.uk/water-quality/sampling-point/TH-PTHR0080/sample/1394340/observation/0061,TH-PTHR0080,THAMES AT CAVERSHAM WEIR,-0.9631,51.4609,Thames,THAMES - WEST THAMES,L&W NORTH - WT,OPEN,FRESHWATER - RIVERS,2023-07-19T12:48:00,ENVIRONMENTAL MONITORING STATUTORY (EU DIRECTIVES),RIVER / RUNNING SURFACE WATER,0061,pH,7.94,PH UNITS
https://environment.data.gov.uk/water-quality/sampling-point/TH-PTHR0080/sample/1394340/observation/0076,TH-PTHR0080,THAMES AT CAVERSHAM WEIR,-0.9631,51.4609,Thames,THAMES - WEST THAMES,L&W NORTH - WT,OPEN,FRESHWATER - RIVERS,2023-07-19T12:48:00,ENVIRONMENTAL MONITORING STATUTORY (EU DIRECTIVES),RIVER / RUNNING SURFACE WATER,0076,Temperature of Water,18.7,CELSIUS
https://environment.data.gov.uk/water-quality/sampling-point/TH-PTHR0080/sample/1394340/observation/0077,TH-PTHR0080,THAMES AT CAVERSHAM WEIR,-0.9631,51.4609,Thames,THAMES - WEST THAMES,L&W NORTH - WT,OPEN,FRESHWATER - RIVERS,2023-07-19T12:48:00,ENVIRONMENTAL MONITORING STATUTORY (EU DIRECTIVES),RIVER / RUNNING SURFACE WATER,0077,Conductivity at 25 C,652,MICROSIEMENS PER CENTIMETRE
https://environment.data.gov.uk/water-quality/sampling-point/TH-PTHR0080/sample/1394340/observation/0111,TH-PTHR0080,THAMES AT CAVERSHAM WEIR,-0.9631,51.4609,Thames,THAMES - WEST THAMES,L&W NORTH - WT,OPEN,FRESHWATER - RIVERS,2023-07-19T12:48:00,ENVIRONMENTAL MONITORING STATUTORY (EU DIRECTIVES),RIVER / RUNNING SURFACE WATER,0111,Ammoniacal Nitrogen as N,0.049,MILLIGRAM PER LITRE
https://environment.data.gov.uk/water-quality/sampling-point/TH-PTHR0080/sample/1394340/observation/0116,TH-PTHR0080,THAMES AT CAVERSHAM WEIR,-0.9631,51.4609,Thames,THAMES - WEST THAMES,L&W NORTH - WT,OPEN,FRESHWATER - RIVERS,2023-07-19T12:48:00,ENVIRONMENTAL MONITORING STATUTORY (EU DIRECTIVES),RIVER / RUNNING SURFACE WATER,0116,"Nitrogen, Total Oxidised as N",6.1,MILLIGRAM PER LITRE
https://environment.data.gov.uk/water-quality/sampling-point/TH-PTHR0080/sample/1394340/observation/0117,TH-PTHR0080,THAMES AT CAVERSHAM WEIR,-0.9631,51.4609,Thames,THAMES - WEST THAMES,L&W NORTH - WT,OPEN,FRESHWATER - RIVERS,2023-07-19T12:48:00,ENVIRONMENTAL MONITORING STATUTORY (EU DIRECTIVES),RIVER / RUNNING SURFACE WATER,0117,Nitrate as N,6.07,MILLIGRAM PER LITRE
https://environment.data.gov.uk/water-quality/sampling-point/TH-PTHR0080/sample/1394340/observation/0118,TH-PTHR0080,THAMES AT CAVERSHAM WEIR,-0.9631,51.4609,Thames,THAMES - WEST THAMES,L&W NORTH - WT,OPEN,FRESHWATER - RIVERS,2023-07-19T12:48:00,ENVIRONMENTAL MONITORING STATUTORY (EU DIRECTIVES),RIVER / RUNNING SURFACE WATER,0118,Nitrite as N,0.031,MILLIGRAM PER LITRE
https://environment.data.gov.uk/water-quality/sampling-point/TH-PTHR0080/sample/1394340/observation/0119,TH-PTHR0080,THAMES AT CAVERSHAM WEIR,-0.9631,51.4609,Thames,THAMES - WEST THAMES,L&W NORTH - WT,OPEN,FRESHWATER - RIVERS,2023-07-19T12:48:00,ENVIRONMENTAL MONITORING STATUTORY (EU DIRECTIVES),RIVER / RUNNING SURFACE WATER,0119,Ammonia un-ionised as N,0.00147,MILLIGRAM PER LITRE
https://environment.data.gov.uk/water-quality/sampling-point/TH-PTHR0080/sample/1394340/observation/0162,TH-PTHR0080,THAMES AT CAVERSHAM WEIR,-0.9631,51.4609,Thames,THAMES - WEST THAMES,L&W NORTH - WT,OPEN,FRESHWATER - RIVERS,2023-07-19T12:48:00,ENVIRONMENTAL MONITORING STATUTORY (EU DIRECTIVES),RIVER / RUNNING SURFACE WATER,0162,Alkalinity to pH 4.5 as CaCO3,210,MILLIGRAM PER LITRE
https://environment.data.gov.uk/water-quality/sampling-point/TH-PTHR0080/sample/1394340/observation/0180,TH-PTHR0080,THAMES AT CAVERSHAM WEIR,-0.9631,51.4609,Thames,THAMES - WEST THAMES,L&W NORTH - WT,OPEN,FRESHWATER - RIVERS,2023-07-19T12:48:00,ENVIRONMENTAL MONITORING STATUTORY (EU DIRECTIVES),RIVER / RUNNING SURFACE WATER,0180,"Orthophosphate, reactive as P",0.24,MILLIGRAM PER LITRE
https://environment.data.gov.uk/water-quality/sampling-point/TH-PTHR0080/sample/1394340/observation/9901,TH-PTHR0080,THAMES AT CAVERSHAM WEIR,-0.9631,51.4609,Thames,THAMES - WEST THAMES,L&W NORTH - WT,OPEN,FRESHWATER - RIVERS,2023-07-19T12:48:00,ENVIRONMENTAL MONITORING STATUTORY (EU DIRECTIVES),RIVER / RUNNING SURFACE WATER,9901,"Oxygen, Dissolved, % Saturation",97.4,PERCENTAGE
https://environment.data.gov.uk/water-quality/sampling-point/TH-PTHR0080/sample/1394340/observation/9924,TH-PTHR0080,THAMES AT CAVERSHAM WEIR,-0.9631,51.4609,Thames,THAMES - WEST THAMES,L&W NORTH - WT,OPEN,FRESHWATER - RIVERS,2023-07-19T12:48:00,ENVIRONMENTAL MONITORING STATUTORY (EU DIRECTIVES),RIVER / RUNNING SURFACE WATER,9924,"Oxygen, Dissolved as O2",9.07,MILLIGRAM PER LITRE
https://environment.data.gov.uk/water-quality/sampling-point/TH-PTHR0080/sample/1394986/observation/0061,TH-PTHR0080,THAMES AT CAVERSHAM WEIR,-0.9631,51.4609,Thames,THAMES - WEST THAMES,L&W NORTH - WT,OPEN,FRESHWATER - RIVERS,2023-08-04T12:30:00,ENVIRONMENTAL MONITORING STATUTORY (EU DIRECTIVES),RIVER / RUNNING SURFACE WATER,0061,pH,8.01,PH UNITS
https://environment.data.gov.uk/water-quality/sampling-point/TH-PTHR0080/sample/1394986/observation/0076,TH-PTHR0080,THAMES AT CAVERSHAM WEIR,-0.9631,51.4609,Thames,THAMES - WEST THAMES,L&W NORTH - WT,OPEN,FRESHWATER - RIVERS,2023-08-04T12:30:00,ENVIRONMENTAL MONITORING STATUTORY (EU DIRECTIVES),RIVER / RUNNING SURFACE WATER,0076,Temperature of Water,18.2,CELSIUS
https://environment.data.gov.uk/water-quality/sampling-point/TH-PTHR0080/sample/1394986/observation/0077,TH-PTHR0080,THAMES AT CAVERSHAM WEIR,-0.9631,51.4609,Thames,THAMES - WEST THAMES,L&W NORTH - WT,OPEN,FRESHWATER - RIVERS,2023-08-04T12:30:00,ENVIRONMENTAL MONITORING STATUTORY (EU DIRECTIVES),RIVER / RUNNING SURFACE WATER,0077,Conductivity at 25 C,685,MICROSIEMENS PER CENTIMETRE
https://environment.data.gov.uk/water-quality/sampling-point/TH-PTHR0080/sample/1394986/observation/0085,TH-PTHR0080,THAMES AT CAVERSHAM WEIR,-0.9631,51.4609,Thames,THAMES - WEST THAMES,L&W NORTH - WT,OPEN,FRESHWATER - RIVERS,2023-08-04T12:30:00,ENVIRONMENTAL MONITORING STATUTORY (EU DIRECTIVES),RIVER / RUNNING SURFACE WATER,0085,BOD : 5 Day ATU,1,MILLIGRAM PER LITRE
https://environment.data.gov.uk/water-quality/sampling-point/TH-PTHR0080/sample/1394986/observation/0111,TH-PTHR0080,THAMES AT CAVERSHAM WEIR,-0.9631,51.4609,Thames,THAMES - WEST THAMES,L&W NORTH - WT,OPEN,FRESHWATER - RIVERS,2023-08-04T12:30:00,ENVIRONMENTAL MONITORING STATUTORY (EU DIRECTIVES),RIVER / RUNNING SURFACE WATER,0111,Ammoniacal Nitrogen as N,0.031,MILLIGRAM PER LITRE
https://environment.data.gov.uk/water-quality/sampling-point/TH-PTHR0080/sample/1394986/observation/0116,TH-PTHR0080,THAMES AT CAVERSHAM WEIR,-0.9631,51.4609,Thames,THAMES - WEST THAMES,L&W NORTH - WT,OPEN,FRESHWATER - RIVERS,2023-08-04T12:30:00,ENVIRONMENTAL MONITORING STATUTORY (EU DIRECTIVES),RIVER / RUNNING SURFACE WATER,0116,"Nitrogen, Total Oxidised as N",6.5,MILLIGRAM PER LITRE
https://environment.data.gov.uk/water-quality/sampling-point/TH-PTHR0080/sample/1394986/observation/0117,TH-PTHR0080,THAMES AT CAVERSHAM WEIR,-0.9631,51.4609,Thames,THAMES - WEST THAMES,L&W NORTH - WT,OPEN,FRESHWATER - RIVERS,2023-08-04T12:30:00,ENVIRONMENTAL MONITORING STATUTORY (EU DIRECTIVES),RIVER / RUNNING SURFACE WATER,0117,Nitrate as N,6.48,MILLIGRAM PER LITRE
https://environment.data.gov.uk/water-quality/sampling-point/TH-PTHR0080/sample/1394986/observation/0118,TH-PTHR0080,THAMES AT CAVERSHAM WEIR,-0.9631,51.4609,Thames,THAMES - WEST THAMES,L&W NORTH - WT,OPEN,FRESHWATER - RIVERS,2023-08-04T12:30:00,ENVIRONMENTAL MONITORING STATUTORY (EU DIRECTIVES),RIVER / RUNNING SURFACE WATER,0118,Nitrite as N,0.016,MILLIGRAM PER LITRE
https://environment.data.gov.uk/water-quality/sampling-point/TH-PTHR0080/sample/1394986/observation/0119,TH-PTHR0080,THAMES AT CAVERSHAM WEIR,-0.9631,51.4609,Thames,THAMES - WEST THAMES,L&W NORTH - WT,OPEN,FRESHWATER - RIVERS,2023-08-04T12:30:00,ENVIRONMENTAL MONITORING STATUTORY (EU DIRECTIVES),RIVER / RUNNING SURFACE WATER,0119,Ammonia un-ionised as N,0.00103,MILLIGRAM PER LITRE
https://environment.data.gov.uk/water-quality/sampling-point/TH-PTHR0080/sample/1394986/observation/0162,TH-PTHR0080,THAMES AT CAVERSHAM WEIR,-0.9631,51.4609,Thames,THAMES - WEST THAMES,L&W NORTH - WT,OPEN,FRESHWATER - RIVERS,2023-08-04T12:30:00,ENVIRONMENTAL MONITORING STATUTORY (EU DIRECTIVES),RIVER / RUNNING SURFACE WATER,0162,Alkalinity to pH 4.5 as CaCO3,220,MILLIGRAM PER LITRE
https://environment.data.gov.uk/water-quality/sampling-point/TH-PTHR0080/sample/1394986/observation/0180,TH-PTHR0080,THAMES AT CAVERSHAM WEIR,-0.9631,51.4609,Thames,THAMES - WEST THAMES,L&W NORTH - WT,OPEN,FRESHWATER - RIVERS,2023-08-04T12:30:00,ENVIRONMENTAL MONITORING STATUTORY (EU DIRECTIVES),RIVER / RUNNING SURFACE WATER,0180,"Orthophosphate, reactive as P",0.25,MILLIGRAM PER LITRE
https://environment.data.gov.uk/water-quality/sampling-point/TH-PTHR0080/sample/1394986/observation/9901,TH-PTHR0080,THAMES AT CAVERSHAM WEIR,-0.9631,51.4609,Thames,THAMES - WEST THAMES,L&W NORTH - WT,OPEN,FRESHWATER - RIVERS,2023-08-04T12:30:00,ENVIRONMENTAL MONITORING STATUTORY (EU DIRECTIVES),RIVER / RUNNING SURFACE WATER,9901,"Oxygen, Dissolved, % Saturation",94.7,PERCENTAGE
https://environment.data.gov.uk/water-quality/sampling-point/TH-PTHR0080/sample/1394986/observation/9924,TH-PTHR0080,THAMES AT CAVERSHAM WEIR,-0.9631,51.4609,Thames,THAMES - WEST THAMES,L&W NORTH - WT,OPEN,FRESHWATER - RIVERS,2023-08-04T12:30:00,ENVIRONMENTAL MONITORING STATUTORY (EU DIRECTIVES),RIVER / RUNNING SURFACE WATER,9924,"Oxygen, Dissolved as O2",8.91,MILLIGRAM PER LITRE
https://environment.data.gov.uk/water-quality/sampling-point/TH-PTHR0080/sample/1396357/observation/0061,TH-PTHR0080,THAMES AT CAVERSHAM WEIR,-0.9631,51.4609,Thames,THAMES - WEST THAMES,L&W NORTH - WT,OPEN,FRESHWATER - RIVERS,2023-09-04T12:53:00,ENVIRONMENTAL MONITORING STATUTORY (EU DIRECTIVES),RIVER / RUNNING SURFACE WATER,0061,pH,7.98,PH UNITS
https://environment.data.gov.uk/water-quality/sampling-point/TH-PTHR0080/sample/1396357/observation/0076,TH-PTHR0080,THAMES AT CAVERSHAM WEIR,-0.9631,51.4609,Thames,THAMES - WEST THAMES,L&W NORTH - WT,OPEN,FRESHWATER - RIVERS,2023-09-04T12:53:00,ENVIRONMENTAL MONITORING STATUTORY (EU DIRECTIVES),RIVER / RUNNING SURFACE WATER,0076,Temperature of Water,20.4,CELSIUS
https://environment.data.gov.uk/water-quality/sampling-point/TH-PTHR0080/sample/1396357/observation/0077,TH-PTHR0080,THAMES AT CAVERSHAM WEIR,-0.9631,51.4609,Thames,THAMES - WEST THAMES,L&W NORTH - WT,OPEN,FRESHWATER - RIVERS,2023-09-04T12:53:00,ENVIRONMENTAL MONITORING STATUTORY (EU DIRECTIVES),RIVER / RUNNING SURFACE WATER,0077,Conductivity at 25 C,738,MICROSIEMENS PER CENTIMETRE
https://environment.data.gov.uk/water-quality/sampling-point/TH-PTHR0080/sample/1396357/observation/0085,TH-PTHR0080,THAMES AT CAVERSHAM WEIR,-0.9631,51.4609,Thames,THAMES - WEST THAMES,L&W NORTH - WT,OPEN,FRESHWATER - RIVERS,2023-09-04T12:53:00,ENVIRONMENTAL MONITORING STATUTORY (EU DIRECTIVES),RIVER / RUNNING SURFACE WATER,0085,BOD : 5 Day ATU,<1,MILLIGRAM PER LITRE
https://environment.data.gov.uk/water-quality/sampling-point/TH-PTHR0080/sample/1396357/observation/0111,TH-PTHR0080,THAMES AT CAVERSHAM WEIR,-0.9631,51.4609,Thames,THAMES - WEST THAMES,L&W NORTH - WT,OPEN,FRESHWATER - RIVERS,2023-09-04T12:53:00,ENVIRONMENTAL MONITORING STATUTORY (EU DIRECTIVES),RIVER / RUNNING SURFACE WATER,0111,Ammoniacal Nitrogen as N,<0.03,MILLIGRAM PER LITRE
https://environment.data.gov.uk/water-quality/sampling-point/TH-PTHR0080/sample/1396357/observation/0116,TH-PTHR0080,THAMES AT CAVERSHAM WEIR,-0.9631,51.4609,Thames,THAMES - WEST THAMES,L&W NORTH - WT,OPEN,FRESHWATER - RIVERS,2023-09-04T12:53:00,ENVIRONMENTAL MONITORING STATUTORY (EU DIRECTIVES),RIVER / RUNNING SURFACE WATER,0116,"Nitrogen, Total Oxidised as N",7.4,MILLIGRAM PER LITRE
https://environment.data.gov.uk/water-quality/sampling-point/TH-PTHR0080/sample/1396357/observation/0117,TH-PTHR0080,THAMES AT CAVERSHAM WEIR,-0.9631,51.4609,Thames,THAMES - WEST THAMES,L&W NORTH - WT,OPEN,FRESHWATER - RIVERS,2023-09-04T12:53:00,ENVIRONMENTAL MONITORING STATUTORY (EU DIRECTIVES),RIVER / RUNNING SURFACE WATER,0117,Nitrate as N,7.39,MILLIGRAM PER LITRE
https://environment.data.gov.uk/water-quality/sampling-point/TH-PTHR0080/sample/1396357/observation/0118,TH-PTHR0080,THAMES AT CAVERSHAM WEIR,-0.9631,51.4609,Thames,THAMES - WEST THAMES,L&W NORTH - WT,OPEN,FRESHWATER - RIVERS,2023-09-04T12:53:00,ENVIRONMENTAL MONITORING STATUTORY (EU DIRECTIVES),RIVER / RUNNING SURFACE WATER,0118,Nitrite as N,0.013,MILLIGRAM PER LITRE
https://environment.data.gov.uk/water-quality/sampling-point/TH-PTHR0080/sample/1396357/observation/0119,TH-PTHR0080,THAMES AT CAVERSHAM WEIR,-0.9631,51.4609,Thames,THAMES - WEST THAMES,L&W NORTH - WT,OPEN,FRESHWATER - RIVERS,2023-09-04T12:53:00,ENVIRONMENTAL MONITORING STATUTORY (EU DIRECTIVES),RIVER / RUNNING SURFACE WATER,0119,Ammonia un-ionised as N,<0.00111,MILLIGRAM PER LITRE
https://environment.data.gov.uk/water-quality/sampling-point/TH-PTHR0080/sample/1396357/observation/0162,TH-PTHR0080,THAMES AT CAVERSHAM WEIR,-0.9631,51.4609,Thames,THAMES - WEST THAMES,L&W NORTH - WT,OPEN,FRESHWATER - RIVERS,2023-09-04T12:53:00,ENVIRONMENTAL MONITORING STATUTORY (EU DIRECTIVES),RIVER / RUNNING SURFACE WATER,0162,Alkalinity to pH 4.5 as CaCO3,220,MILLIGRAM PER LITRE
https://environment.data.gov.uk/water-quality/sampling-point/TH-PTHR0080/sample/1396357/observation/0180,TH-PTHR0080,THAMES AT CAVERSHAM WEIR,-0.9631,51.4609,Thames,THAMES - WEST THAMES,L&W NORTH - WT,OPEN,FRESHWATER - RIVERS,2023-09-04T12:53:00,ENVIRONMENTAL MONITORING STATUTORY (EU DIRECTIVES),RIVER / RUNNING SURFACE WATER,0180,"Orthophosphate, reactive as P",0.24,MILLIGRAM PER LITRE
https://environment.data.gov.uk/water-quality/sampling-point/TH-PTHR0080/sample/1396357/observation/9901,TH-PTHR0080,THAMES AT CAVERSHAM WEIR,-0.9631,51.4609,Thames,THAMES - WEST THAMES,L&W NORTH - WT,OPEN,FRESHWATER - RIVERS,2023-09-04T12:53:00,ENVIRONMENTAL MONITORING STATUTORY (EU DIRECTIVES),RIVER / RUNNING SURFACE WATER,9901,"Oxygen, Dissolved, % Saturation",109.1,PERCENTAGE
https://environment.data.gov.uk/water-quality/sampling-point/TH-PTHR0080/sample/1396357/observation/9924,TH-PTHR0080,THAMES AT CAVERSHAM WEIR,-0.9631,51.4609,Thames,THAMES - WEST THAMES,L&W NORTH - WT,OPEN,FRESHWATER - RIVERS,2023-09-04T12:53:00,ENVIRONMENTAL MONITORING STATUTORY (EU DIRECTIVES),RIVER / RUNNING SURFACE WATER,9924,"Oxygen, Dissolved as O2",9.82,MILLIGRAM PER LITRE
https://environment.data.gov.uk/water-quality/sampling-point/TH-PTHR0080/sample/1396808/observation/0061,TH-PTHR0080,THAMES AT CAVERSHAM WEIR,-0.9631,51.4609,Thames,THAMES - WEST THAMES,L&W NORTH - WT,OPEN,FRESHWATER - RIVERS,2023-09-18T09:57:00,ENVIRONMENTAL MONITORING STATUTORY (EU DIRECTIVES),RIVER / RUNNING SURFACE WATER,0061,pH,7.96,PH UNITS
https://environment.data.gov.uk/water-quality/sampling-point/TH-PTHR0080/sample/1396808/observation/0076,TH-PTHR0080,THAMES AT CAVERSHAM WEIR,-0.9631,51.4609,Thames,THAMES - WEST THAMES,L&W NORTH - WT,OPEN,FRESHWATER - RIVERS,2023-09-18T09:57:00,ENVIRONMENTAL MONITORING STATUTORY (EU DIRECTIVES),RIVER / RUNNING SURFACE WATER,0076,Temperature of Water,18.8,CELSIUS
https://environment.data.gov.uk/water-quality/sampling-point/TH-PTHR0080/sample/1396808/observation/0077,TH-PTHR0080,THAMES AT CAVERSHAM WEIR,-0.9631,51.4609,Thames,THAMES - WEST THAMES,L&W NORTH - WT,OPEN,FRESHWATER - RIVERS,2023-09-18T09:57:00,ENVIRONMENTAL MONITORING STATUTORY (EU DIRECTIVES),RIVER / RUNNING SURFACE WATER,0077,Conductivity at 25 C,739,MICROSIEMENS PER CENTIMETRE
https://environment.data.gov.uk/water-quality/sampling-point/TH-PTHR0080/sample/1396808/observation/0111,TH-PTHR0080,THAMES AT CAVERSHAM WEIR,-0.9631,51.4609,Thames,THAMES - WEST THAMES,L&W NORTH - WT,OPEN,FRESHWATER - RIVERS,2023-09-18T09:57:00,ENVIRONMENTAL MONITORING STATUTORY (EU DIRECTIVES),RIVER / RUNNING SURFACE WATER,0111,Ammoniacal Nitrogen as N,0.03,MILLIGRAM PER LITRE
https://environment.data.gov.uk/water-quality/sampling-point/TH-PTHR0080/sample/1396808/observation/0116,TH-PTHR0080,THAMES AT CAVERSHAM WEIR,-0.9631,51.4609,Thames,THAMES - WEST THAMES,L&W NORTH - WT,OPEN,FRESHWATER - RIVERS,2023-09-18T09:57:00,ENVIRONMENTAL MONITORING STATUTORY (EU DIRECTIVES),RIVER / RUNNING SURFACE WATER,0116,"Nitrogen, Total Oxidised as N",7.3,MILLIGRAM PER LITRE
https://environment.data.gov.uk/water-quality/sampling-point/TH-PTHR0080/sample/1396808/observation/0117,TH-PTHR0080,THAMES AT CAVERSHAM WEIR,-0.9631,51.4609,Thames,THAMES - WEST THAMES,L&W NORTH - WT,OPEN,FRESHWATER - RIVERS,2023-09-18T09:57:00,ENVIRONMENTAL MONITORING STATUTORY (EU DIRECTIVES),RIVER / RUNNING SURFACE WATER,0117,Nitrate as N,7.29,MILLIGRAM PER LITRE
https://environment.data.gov.uk/water-quality/sampling-point/TH-PTHR0080/sample/1396808/observation/0118,TH-PTHR0080,THAMES AT CAVERSHAM WEIR,-0.9631,51.4609,Thames,THAMES - WEST THAMES,L&W NORTH - WT,OPEN,FRESHWATER - RIVERS,2023-09-18T09:57:00,ENVIRONMENTAL MONITORING STATUTORY (EU DIRECTIVES),RIVER / RUNNING SURFACE WATER,0118,Nitrite as N,0.015,MILLIGRAM PER LITRE
https://environment.data.gov.uk/water-quality/sampling-point/TH-PTHR0080/sample/1396808/observation/0119,TH-PTHR0080,THAMES AT CAVERSHAM WEIR,-0.9631,51.4609,Thames,THAMES - WEST THAMES,L&W NORTH - WT,OPEN,FRESHWATER - RIVERS,2023-09-18T09:57:00,ENVIRONMENTAL MONITORING STATUTORY (EU DIRECTIVES),RIVER / RUNNING SURFACE WATER,0119,Ammonia un-ionised as N,0.00095,MILLIGRAM PER LITRE
https://environment.data.gov.uk/water-quality/sampling-point/TH-PTHR0080/sample/1396808/observation/0162,TH-PTHR0080,THAMES AT CAVERSHAM WEIR,-0.9631,51.4609,Thames,THAMES - WEST THAMES,L&W NORTH - WT,OPEN,FRESHWATER - RIVERS,2023-09-18T09:57:00,ENVIRONMENTAL MONITORING STATUTORY (EU DIRECTIVES),RIVER / RUNNING SURFACE WATER,0162,Alkalinity to pH 4.5 as CaCO3,220,MILLIGRAM PER LITRE
https://environment.data.gov.uk/water-quality/sampling-point/TH-PTHR0080/sample/1396808/observation/0180,TH-PTHR0080,THAMES AT CAVERSHAM WEIR,-0.9631,51.4609,Thames,THAMES - WEST THAMES,L&W NORTH - WT,OPEN,FRESHWATER - RIVERS,2023-09-18T09:57:00,ENVIRONMENTAL MONITORING STATUTORY (EU DIRECTIVES),RIVER / RUNNING SURFACE WATER,0180,"Orthophosphate, reactive as P",0.25,MILLIGRAM PER LITRE
https://environment.data.gov.uk/water-quality/sampling-point/TH-PTHR0080/sample/1396808/observation/9901,TH-PTHR0080,THAMES AT CAVERSHAM WEIR,-0.9631,51.4609,Thames,THAMES - WEST THAMES,L&W NORTH - WT,OPEN,FRESHWATER - RIVERS,2023-09-18T09:57:00,ENVIRONMENTAL MONITORING STATUTORY (EU DIRECTIVES),RIVER / RUNNING SURFACE WATER,9901,"Oxygen, Dissolved, % Saturation",90.4,PERCENTAGE
https://environment.data.gov.uk/water-quality/sampling-point/TH-PTHR0080/sample/1396808/observation/9924,TH-PTHR0080,THAMES AT CAVERSHAM WEIR,-0.9631,51.4609,Thames,THAMES - WEST THAMES,L&W NORTH - WT,OPEN,FRESHWATER - RIVERS,2023-09-18T09:57:00,ENVIRONMENTAL MONITORING STATUTORY (EU DIRECTIVES),RIVER / RUNNING SURFACE WATER,9924,"Oxygen, Dissolved as O2",8.4,MILLIGRAM PER LITRE
https://environment.data.gov.uk/water-quality/sampling-point/TH-PTHR0080/sample/1398602/observation/0061,TH-PTHR0080,THAMES AT CAVERSHAM WEIR,-0.9631,51.4609,Thames,THAMES - WEST THAMES,L&W NORTH - WT,OPEN,FRESHWATER - RIVERS,2023-10-31T10:17:00,ENVIRONMENTAL MONITORING STATUTORY (EU DIRECTIVES),RIVER / RUNNING SURFACE WATER,0061,pH,8.09,PH UNITS
https://environment.data.gov.uk/water-quality/sampling-point/TH-PTHR0080/sample/1398602/observation/0076,TH-PTHR0080,THAMES AT CAVERSHAM WEIR,-0.9631,51.4609,Thames,THAMES - WEST THAMES,L&W NORTH - WT,OPEN,FRESHWATER - RIVERS,2023-10-31T10:17:00,ENVIRONMENTAL MONITORING STATUTORY (EU DIRECTIVES),RIVER / RUNNING SURFACE WATER,0076,Temperature of Water,10.5,CELSIUS
https://environment.data.gov.uk/water-quality/sampling-point/TH-PTHR0080/sample/1398602/observation/0077,TH-PTHR0080,THAMES AT CAVERSHAM WEIR,-0.9631,51.4609,Thames,THAMES - WEST THAMES,L&W NORTH - WT,OPEN,FRESHWATER - RIVERS,2023-10-31T10:17:00,ENVIRONMENTAL MONITORING STATUTORY (EU DIRECTIVES),RIVER / RUNNING SURFACE WATER,0077,Conductivity at 25 C,648,MICROSIEMENS PER CENTIMETRE
https://environment.data.gov.uk/water-quality/sampling-point/TH-PTHR0080/sample/1398602/observation/0085,TH-PTHR0080,THAMES AT CAVERSHAM WEIR,-0.9631,51.4609,Thames,THAMES - WEST THAMES,L&W NORTH - WT,OPEN,FRESHWATER - RIVERS,2023-10-31T10:17:00,ENVIRONMENTAL MONITORING STATUTORY (EU DIRECTIVES),RIVER / RUNNING SURFACE WATER,0085,BOD : 5 Day ATU,1.1,MILLIGRAM PER LITRE
https://environment.data.gov.uk/water-quality/sampling-point/TH-PTHR0080/sample/1398602/observation/0111,TH-PTHR0080,THAMES AT CAVERSHAM WEIR,-0.9631,51.4609,Thames,THAMES - WEST THAMES,L&W NORTH - WT,OPEN,FRESHWATER - RIVERS,2023-10-31T10:17:00,ENVIRONMENTAL MONITORING STATUTORY (EU DIRECTIVES),RIVER / RUNNING SURFACE WATER,0111,Ammoniacal Nitrogen as N,<0.03,MILLIGRAM PER LITRE
https://environment.data.gov.uk/water-quality/sampling-point/TH-PTHR0080/sample/1398602/observation/0116,TH-PTHR0080,THAMES AT CAVERSHAM WEIR,-0.9631,51.4609,Thames,THAMES - WEST THAMES,L&W NORTH - WT,OPEN,FRESHWATER - RIVERS,2023-10-31T10:17:00,ENVIRONMENTAL MONITORING STATUTORY (EU DIRECTIVES),RIVER / RUNNING SURFACE WATER,0116,"Nitrogen, Total Oxidised as N",5.3,MILLIGRAM PER LITRE
https://environment.data.gov.uk/water-quality/sampling-point/TH-PTHR0080/sample/1398602/observation/0117,TH-PTHR0080,THAMES AT CAVERSHAM WEIR,-0.9631,51.4609,Thames,THAMES - WEST THAMES,L&W NORTH - WT,OPEN,FRESHWATER - RIVERS,2023-10-31T10:17:00,ENVIRONMENTAL MONITORING STATUTORY (EU DIRECTIVES),RIVER / RUNNING SURFACE WATER,0117,Nitrate as N,5.29,MILLIGRAM PER LITRE
https://environment.data.gov.uk/water-quality/sampling-point/TH-PTHR0080/sample/1398602/observation/0118,TH-PTHR0080,THAMES AT CAVERSHAM WEIR,-0.9631,51.4609,Thames,THAMES - WEST THAMES,L&W NORTH - WT,OPEN,FRESHWATER - RIVERS,2023-10-31T10:17:00,ENVIRONMENTAL MONITORING STATUTORY (EU DIRECTIVES),RIVER / RUNNING SURFACE WATER,0118,Nitrite as N,0.014,MILLIGRAM PER LITRE
https://environment.data.gov.uk/water-quality/sampling-point/TH-PTHR0080/sample/1398602/observation/0119,TH-PTHR0080,THAMES AT CAVERSHAM WEIR,-0.9631,51.4609,Thames,THAMES - WEST THAMES,L&W NORTH - WT,OPEN,FRESHWATER - RIVERS,2023-10-31T10:17:00,ENVIRONMENTAL MONITORING STATUTORY (EU DIRECTIVES),RIVER / RUNNING SURFACE WATER,0119,Ammonia un-ionised as N,<0.00057,MILLIGRAM PER LITRE
https://environment.data.gov.uk/water-quality/sampling-point/TH-PTHR0080/sample/1398602/observation/0162,TH-PTHR0080,THAMES AT CAVERSHAM WEIR,-0.9631,51.4609,Thames,THAMES - WEST THAMES,L&W NORTH - WT,OPEN,FRESHWATER - RIVERS,2023-10-31T10:17:00,ENVIRONMENTAL MONITORING STATUTORY (EU DIRECTIVES),RIVER / RUNNING SURFACE WATER,0162,Alkalinity to pH 4.5 as CaCO3,240,MILLIGRAM PER LITRE
https://environment.data.gov.uk/water-quality/sampling-point/TH-PTHR0080/sample/1398602/observation/0180,TH-PTHR0080,THAMES AT CAVERSHAM WEIR,-0.9631,51.4609,Thames,THAMES - WEST THAMES,L&W NORTH - WT,OPEN,FRESHWATER - RIVERS,2023-10-31T10:17:00,ENVIRONMENTAL MONITORING STATUTORY (EU DIRECTIVES),RIVER / RUNNING SURFACE WATER,0180,"Orthophosphate, reactive as P",0.16,MILLIGRAM PER LITRE
https://environment.data.gov.uk/water-quality/sampling-point/TH-PTHR0080/sample/1398602/observation/9901,TH-PTHR0080,THAMES AT CAVERSHAM WEIR,-0.9631,51.4609,Thames,THAMES - WEST THAMES,L&W NORTH - WT,OPEN,FRESHWATER - RIVERS,2023-10-31T10:17:00,ENVIRONMENTAL MONITORING STATUTORY (EU DIRECTIVES),RIVER / RUNNING SURFACE WATER,9901,"Oxygen, Dissolved, % Saturation",97.2,PERCENTAGE
https://environment.data.gov.uk/water-quality/sampling-point/TH-PTHR0080/sample/1398602/observation/9924,TH-PTHR0080,THAMES AT CAVERSHAM WEIR,-0.9631,51.4609,Thames,THAMES - WEST THAMES,L&W NORTH - WT,OPEN,FRESHWATER - RIVERS,2023-10-31T10:17:00,ENVIRONMENTAL MONITORING STATUTORY (EU DIRECTIVES),RIVER / RUNNING SURFACE WATER,9924,"Oxygen, Dissolved as O2",10.8,MILLIGRAM PER LITRE
https://environment.data.gov.uk/water-quality/sampling-point/TH-PTHR0080/sample/1400136/observation/0061,TH-PTHR0080,THAMES AT CAVERSHAM WEIR,-0.9631,51.4609,Thames,THAMES - WEST THAMES,L&W NORTH - WT,OPEN,FRESHWATER - RIVERS,2023-11-22T10:57:00,ENVIRONMENTAL MONITORING STATUTORY (EU DIRECTIVES),RIVER / RUNNING SURFACE WATER,0061,pH,8.03,PH UNITS
https://environment.data.gov.uk/water-quality/sampling-point/TH-PTHR0080/sample/1400136/observation/0076,TH-PTHR0080,THAMES AT CAVERSHAM WEIR,-0.9631,51.4609,Thames,THAMES - WEST THAMES,L&W NORTH - WT,OPEN,FRESHWATER - RIVERS,2023-11-22T10:57:00,ENVIRONMENTAL MONITORING STATUTORY (EU DIRECTIVES),RIVER / RUNNING SURFACE WATER,0076,Temperature of Water,9.7,CELSIUS
https://environment.data.gov.uk/water-quality/sampling-point/TH-PTHR0080/sample/1400136/observation/0077,TH-PTHR0080,THAMES AT CAVERSHAM WEIR,-0.9631,51.4609,Thames,THAMES - WEST THAMES,L&W NORTH - WT,OPEN,FRESHWATER - RIVERS,2023-11-22T10:57:00,ENVIRONMENTAL MONITORING STATUTORY (EU DIRECTIVES),RIVER / RUNNING SURFACE WATER,0077,Conductivity at 25 C,614,MICROSIEMENS PER CENTIMETRE
https://environment.data.gov.uk/water-quality/sampling-point/TH-PTHR0080/sample/1400136/observation/0085,TH-PTHR0080,THAMES AT CAVERSHAM WEIR,-0.9631,51.4609,Thames,THAMES - WEST THAMES,L&W NORTH - WT,OPEN,FRESHWATER - RIVERS,2023-11-22T10:57:00,ENVIRONMENTAL MONITORING STATUTORY (EU DIRECTIVES),RIVER / RUNNING SURFACE WATER,0085,BOD : 5 Day ATU,1.6,MILLIGRAM PER LITRE
https://environment.data.gov.uk/water-quality/sampling-point/TH-PTHR0080/sample/1400136/observation/0111,TH-PTHR0080,THAMES AT CAVERSHAM WEIR,-0.9631,51.4609,Thames,THAMES - WEST THAMES,L&W NORTH - WT,OPEN,FRESHWATER - RIVERS,2023-11-22T10:57:00,ENVIRONMENTAL MONITORING STATUTORY (EU DIRECTIVES),RIVER / RUNNING SURFACE WATER,0111,Ammoniacal Nitrogen as N,<0.03,MILLIGRAM PER LITRE
https://environment.data.gov.uk/water-quality/sampling-point/TH-PTHR0080/sample/1400136/observation/0116,TH-PTHR0080,THAMES AT CAVERSHAM WEIR,-0.9631,51.4609,Thames,THAMES - WEST THAMES,L&W NORTH - WT,OPEN,FRESHWATER - RIVERS,2023-11-22T10:57:00,ENVIRONMENTAL MONITORING STATUTORY (EU DIRECTIVES),RIVER / RUNNING SURFACE WATER,0116,"Nitrogen, Total Oxidised as N",4.7,MILLIGRAM PER LITRE
https://environment.data.gov.uk/water-quality/sampling-point/TH-PTHR0080/sample/1400136/observation/0117,TH-PTHR0080,THAMES AT CAVERSHAM WEIR,-0.9631,51.4609,Thames,THAMES - WEST THAMES,L&W NORTH - WT,OPEN,FRESHWATER - RIVERS,2023-11-22T10:57:00,ENVIRONMENTAL MONITORING STATUTORY (EU DIRECTIVES),RIVER / RUNNING SURFACE WATER,0117,Nitrate as N,4.68,MILLIGRAM PER LITRE
https://environment.data.gov.uk/water-quality/sampling-point/TH-PTHR0080/sample/1400136/observation/0118,TH-PTHR0080,THAMES AT CAVERSHAM WEIR,-0.9631,51.4609,Thames,THAMES - WEST THAMES,L&W NORTH - WT,OPEN,FRESHWATER - RIVERS,2023-11-22T10:57:00,ENVIRONMENTAL MONITORING STATUTORY (EU DIRECTIVES),RIVER / RUNNING SURFACE WATER,0118,Nitrite as N,0.018,MILLIGRAM PER LITRE
https://environment.data.gov.uk/water-quality/sampling-point/TH-PTHR0080/sample/1400136/observation/0119,TH-PTHR0080,THAMES AT CAVERSHAM WEIR,-0.9631,51.4609,Thames,THAMES - WEST THAMES,L&W NORTH - WT,OPEN,FRESHWATER - RIVERS,2023-11-22T10:57:00,ENVIRONMENTAL MONITORING STATUTORY (EU DIRECTIVES),RIVER / RUNNING SURFACE WATER,0119,Ammonia un-ionised as N,<0.00054,MILLIGRAM PER LITRE
https://environment.data.gov.uk/water-quality/sampling-point/TH-PTHR0080/sample/1400136/observation/0162,TH-PTHR0080,THAMES AT CAVERSHAM WEIR,-0.9631,51.4609,Thames,THAMES - WEST THAMES,L&W NORTH - WT,OPEN,FRESHWATER - RIVERS,2023-11-22T10:57:00,ENVIRONMENTAL MONITORING STATUTORY (EU DIRECTIVES),RIVER / RUNNING SURFACE WATER,0162,Alkalinity to pH 4.5 as CaCO3,240,MILLIGRAM PER LITRE
https://environment.data.gov.uk/water-quality/sampling-point/TH-PTHR0080/sample/1400136/observation/0180,TH-PTHR0080,THAMES AT CAVERSHAM WEIR,-0.9631,51.4609,Thames,THAMES - WEST THAMES,L&W NORTH - WT,OPEN,FRESHWATER - RIVERS,2023-11-22T10:57:00,ENVIRONMENTAL MONITORING STATUTORY (EU DIRECTIVES),RIVER / RUNNING SURFACE WATER,0180,"Orthophosphate, reactive as P",0.097,MILLIGRAM PER LITRE
https://environment.data.gov.uk/water-quality/sampling-point/TH-PTHR0080/sample/1400136/observation/9901,TH-PTHR0080,THAMES AT CAVERSHAM WEIR,-0.9631,51.4609,Thames,THAMES - WEST THAMES,L&W NORTH - WT,OPEN,FRESHWATER - RIVERS,2023-11-22T10:57:00,ENVIRONMENTAL MONITORING STATUTORY (EU DIRECTIVES),RIVER / RUNNING SURFACE WATER,9901,"Oxygen, Dissolved, % Saturation",95.2,PERCENTAGE
https://environment.data.gov.uk/water-quality/sampling-point/TH-PTHR0080/sample/1400136/observation/9924,TH-PTHR0080,THAMES AT CAVERSHAM WEIR,-0.9631,51.4609,Thames,THAMES - WEST THAMES,L&W NORTH - WT,OPEN,FRESHWATER - RIVERS,2023-11-22T10:57:00,ENVIRONMENTAL MONITORING STATUTORY (EU DIRECTIVES),RIVER / RUNNING SURFACE WATER,9924,"Oxygen, Dissolved as O2",10.8,MILLIGRAM PER LITRE
https://environment.data.gov.uk/water-quality/sampling-point/TH-PTHR0080/sample/1401138/observation/0061,TH-PTHR0080,THAMES AT CAVERSHAM WEIR,-0.9631,51.4609,Thames,THAMES - WEST THAMES,L&W NORTH - WT,OPEN,FRESHWATER - RIVERS,2023-12-12T10:29:00,ENVIRONMENTAL MONITORING STATUTORY (EU DIRECTIVES),RIVER / RUNNING SURFACE WATER,0061,pH,8.11,PH UNITS
https://environment.data.gov.uk/water-quality/sampling-point/TH-PTHR0080/sample/1401138/observation/0076,TH-PTHR0080,THAMES AT CAVERSHAM WEIR,-0.9631,51.4609,Thames,THAMES - WEST THAMES,L&W NORTH - WT,OPEN,FRESHWATER - RIVERS,2023-12-12T10:29:00,ENVIRONMENTAL MONITORING STATUTORY (EU DIRECTIVES),RIVER / RUNNING SURFACE WATER,0076,Temperature of Water,7.6,CELSIUS
https://environment.data.gov.uk/water-quality/sampling-point/TH-PTHR0080/sample/1401138/observation/0077,TH-PTHR0080,THAMES AT CAVERSHAM WEIR,-0.9631,51.4609,Thames,THAMES - WEST THAMES,L&W NORTH - WT,OPEN,FRESHWATER - RIVERS,2023-12-12T10:29:00,ENVIRONMENTAL MONITORING STATUTORY (EU DIRECTIVES),RIVER / RUNNING SURFACE WATER,0077,Conductivity at 25 C,564,MICROSIEMENS PER CENTIMETRE
https://environment.data.gov.uk/water-quality/sampling-point/TH-PTHR0080/sample/1401138/observation/0085,TH-PTHR0080,THAMES AT CAVERSHAM WEIR,-0.9631,51.4609,Thames,THAMES - WEST THAMES,L&W NORTH - WT,OPEN,FRESHWATER - RIVERS,2023-12-12T10:29:00,ENVIRONMENTAL MONITORING STATUTORY (EU DIRECTIVES),RIVER / RUNNING SURFACE WATER,0085,BOD : 5 Day ATU,1.4,MILLIGRAM PER LITRE
https://environment.data.gov.uk/water-quality/sampling-point/TH-PTHR0080/sample/1401138/observation/0111,TH-PTHR0080,THAMES AT CAVERSHAM WEIR,-0.9631,51.4609,Thames,THAMES - WEST THAMES,L&W NORTH - WT,OPEN,FRESHWATER - RIVERS,2023-12-12T10:29:00,ENVIRONMENTAL MONITORING STATUTORY (EU DIRECTIVES),RIVER / RUNNING SURFACE WATER,0111,Ammoniacal Nitrogen as N,0.033,MILLIGRAM PER LITRE
https://environment.data.gov.uk/water-quality/sampling-point/TH-PTHR0080/sample/1401138/observation/0116,TH-PTHR0080,THAMES AT CAVERSHAM WEIR,-0.9631,51.4609,Thames,THAMES - WEST THAMES,L&W NORTH - WT,OPEN,FRESHWATER - RIVERS,2023-12-12T10:29:00,ENVIRONMENTAL MONITORING STATUTORY (EU DIRECTIVES),RIVER / RUNNING SURFACE WATER,0116,"Nitrogen, Total Oxidised as N",5.1,MILLIGRAM PER LITRE
https://environment.data.gov.uk/water-quality/sampling-point/TH-PTHR0080/sample/1401138/observation/0117,TH-PTHR0080,THAMES AT CAVERSHAM WEIR,-0.9631,51.4609,Thames,THAMES - WEST THAMES,L&W NORTH - WT,OPEN,FRESHWATER - RIVERS,2023-12-12T10:29:00,ENVIRONMENTAL MONITORING STATUTORY (EU DIRECTIVES),RIVER / RUNNING SURFACE WATER,0117,Nitrate as N,5.07,MILLIGRAM PER LITRE
https://environment.data.gov.uk/water-quality/sampling-point/TH-PTHR0080/sample/1401138/observation/0118,TH-PTHR0080,THAMES AT CAVERSHAM WEIR,-0.9631,51.4609,Thames,THAMES - WEST THAMES,L&W NORTH - WT,OPEN,FRESHWATER - RIVERS,2023-12-12T10:29:00,ENVIRONMENTAL MONITORING STATUTORY (EU DIRECTIVES),RIVER / RUNNING SURFACE WATER,0118,Nitrite as N,0.027,MILLIGRAM PER LITRE
https://environment.data.gov.uk/water-quality/sampling-point/TH-PTHR0080/sample/1401138/observation/0119,TH-PTHR0080,THAMES AT CAVERSHAM WEIR,-0.9631,51.4609,Thames,THAMES - WEST THAMES,L&W NORTH - WT,OPEN,FRESHWATER - RIVERS,2023-12-12T10:29:00,ENVIRONMENTAL MONITORING STATUTORY (EU DIRECTIVES),RIVER / RUNNING SURFACE WATER,0119,Ammonia un-ionised as N,0.0005,MILLIGRAM PER LITRE
https://environment.data.gov.uk/water-quality/sampling-point/TH-PTHR0080/sample/1401138/observation/0162,TH-PTHR0080,THAMES AT CAVERSHAM WEIR,-0.9631,51.4609,Thames,THAMES - WEST THAMES,L&W NORTH - WT,OPEN,FRESHWATER - RIVERS,2023-12-12T10:29:00,ENVIRONMENTAL MONITORING STATUTORY (EU DIRECTIVES),RIVER / RUNNING SURFACE WATER,0162,Alkalinity to pH 4.5 as CaCO3,220,MILLIGRAM PER LITRE
https://environment.data.gov.uk/water-quality/sampling-point/TH-PTHR0080/sample/1401138/observation/0180,TH-PTHR0080,THAMES AT CAVERSHAM WEIR,-0.9631,51.4609,Thames,THAMES - WEST THAMES,L&W NORTH - WT,OPEN,FRESHWATER - RIVERS,2023-12-12T10:29:00,ENVIRONMENTAL MONITORING STATUTORY (EU DIRECTIVES),RIVER / RUNNING SURFACE WATER,0180,"Orthophosphate, reactive as P",0.12,MILLIGRAM PER LITRE
https://environment.data.gov.uk/water-quality/sampling-point/TH-PTHR0080/sample/1401138/observation/9901,TH-PTHR0080,THAMES AT CAVERSHAM WEIR,-0.9631,51.4609,Thames,THAMES - WEST THAMES,L&W NORTH - WT,OPEN,FRESHWATER - RIVERS,2023-12-12T10:29:00,ENVIRONMENTAL MONITORING STATUTORY (EU DIRECTIVES),RIVER / RUNNING SURFACE WATER,9901,"Oxygen, Dissolved, % Saturation",95.8,PERCENTAGE
https://environment.data.gov.uk/water-quality/sampling-point/TH-PTHR0080/sample/1401138/observation/9924,TH-PTHR0080,THAMES AT CAVERSHAM WEIR,-0.9631,51.4609,Thames,THAMES - WEST THAMES,L&W NORTH - WT,OPEN,FRESHWATER - RIVERS,2023-12-12T10:29:00,ENVIRONMENTAL MONITORING STATUTORY (EU DIRECTIVES),RIVER / RUNNING SURFACE WATER,9924,"Oxygen, Dissolved as O2",11.4,MILLIGRAM PER LITRE
https://environment.data.gov.uk/water-quality/sampling-point/TH-PTHR0111/sample/1387596/observation/0736,TH-PTHR0111,THAMES AT WALLINGFORD BRIDGE,-1.1199,51.6012,Thames,THAMES - WEST THAMES,L&W NORTH - WT,OPEN,FRESHWATER - RIVERS,2023-01-10T11:02:00,MONITORING  (NATIONAL AGENCY POLICY),RIVER / RUNNING SURFACE WATER,0736,Fluoranthene,0.0015,MICROGRAM PER LITRE
https://environment.data.gov.uk/water-quality/sampling-point/TH-PTHR0111/sample/1387596/observation/6399,TH-PTHR0111,THAMES AT WALLINGFORD BRIDGE,-1.1199,51.6012,Thames,THAMES - WEST THAMES,L&W NORTH - WT,OPEN,FRESHWATER - RIVERS,2023-01-10T11:02:00,MONITORING  (NATIONAL AGENCY POLICY),RIVER / RUNNING SURFACE WATER,6399,Benzo(a)Pyrene,0.00077,MICROGRAM PER LITRE
https://environment.data.gov.uk/water-quality/sampling-point/TH-PTHR0111/sample/1387596/observation/6753,TH-PTHR0111,THAMES AT WALLINGFORD BRIDGE,-1.1199,51.6012,Thames,THAMES - WEST THAMES,L&W NORTH - WT,OPEN,FRESHWATER - RIVERS,2023-01-10T11:02:00,MONITORING  (NATIONAL AGENCY POLICY),RIVER / RUNNING SURFACE WATER,6753,Anthracene,<0.01,MICROGRAM PER LITRE
https://environment.data.gov.uk/water-quality/sampling-point/TH-PTHR0111/sample/1388228/observation/6753,TH-PTHR0111,THAMES AT WALLINGFORD BRIDGE,-1.1199,51.6012,Thames,THAMES - WEST THAMES,L&W NORTH - WT,OPEN,FRESHWATER - RIVERS,2023-02-06T15:11:00,MONITORING  (NATIONAL AGENCY POLICY),RIVER / RUNNING SURFACE WATER,6753,Anthracene,<0.01,MICROGRAM PER LITRE
https://environment.data.gov.uk/water-quality/sampling-point/TH-PTHR0111/sample/1389387/observation/6753,TH-PTHR0111,THAMES AT WALLINGFORD BRIDGE,-1.1199,51.6012,Thames,THAMES - WEST THAMES,L&W NORTH - WT,OPEN,FRESHWATER - RIVERS,2023-03-10T14:25:00,MONITORING  (NATIONAL AGENCY POLICY),RIVER / RUNNING SURFACE WATER,6753,Anthracene,<0.01,MICROGRAM PER LITRE
https://environment.data.gov.uk/water-quality/sampling-point/TH-PTHR0111/sample/1391153/observation/0061,TH-PTHR0111,THAMES AT WALLINGFORD BRIDGE,-1.1199,51.6012,Thames,THAMES - WEST THAMES,L&W NORTH - WT,OPEN,FRESHWATER - RIVERS,2023-05-10T09:42:00,ENVIRONMENTAL MONITORING STATUTORY (EU DIRECTIVES),RIVER / RUNNING SURFACE WATER,0061,pH,7.97,PH UNITS
https://environment.data.gov.uk/water-quality/sampling-point/TH-PTHR0111/sample/1391153/observation/0076,TH-PTHR0111,THAMES AT WALLINGFORD BRIDGE,-1.1199,51.6012,Thames,THAMES - WEST THAMES,L&W NORTH - WT,OPEN,FRESHWATER - RIVERS,2023-05-10T09:42:00,ENVIRONMENTAL MONITORING STATUTORY (EU DIRECTIVES),RIVER / RUNNING SURFACE WATER,0076,Temperature of Water,13.9,CELSIUS
https://environment.data.gov.uk/water-quality/sampling-point/TH-PTHR0111/sample/1391153/observation/0077,TH-PTHR0111,THAMES AT WALLINGFORD BRIDGE,-1.1199,51.6012,Thames,THAMES - WEST THAMES,L&W NORTH - WT,OPEN,FRESHWATER - RIVERS,2023-05-10T09:42:00,ENVIRONMENTAL MONITORING STATUTORY (EU DIRECTIVES),RIVER / RUNNING SURFACE WATER,0077,Conductivity at 25 C,625,MICROSIEMENS PER CENTIMETRE
https://environment.data.gov.uk/water-quality/sampling-point/TH-PTHR0111/sample/1391153/observation/0111,TH-PTHR0111,THAMES AT WALLINGFORD BRIDGE,-1.1199,51.6012,Thames,THAMES - WEST THAMES,L&W NORTH - WT,OPEN,FRESHWATER - RIVERS,2023-05-10T09:42:00,ENVIRONMENTAL MONITORING STATUTORY (EU DIRECTIVES),RIVER / RUNNING SURFACE WATER,0111,Ammoniacal Nitrogen as N,<0.03,MILLIGRAM PER LITRE
https://environment.data.gov.uk/water-quality/sampling-point/TH-PTHR0111/sample/1391153/observation/0116,TH-PTHR0111,THAMES AT WALLINGFORD BRIDGE,-1.1199,51.6012,Thames,THAMES - WEST THAMES,L&W NORTH - WT,OPEN,FRESHWATER - RIVERS,2023-05-10T09:42:00,ENVIRONMENTAL MONITORING STATUTORY (EU DIRECTIVES),RIVER / RUNNING SURFACE WATER,0116,"Nitrogen, Total Oxidised as N",5.9,MILLIGRAM PER LITRE
https://environment.data.gov.uk/water-quality/sampling-point/TH-PTHR0111/sample/1391153/observation/0117,TH-PTHR0111,THAMES AT WALLINGFORD BRIDGE,-1.1199,51.6012,Thames,THAMES - WEST THAMES,L&W NORTH - WT,OPEN,FRESHWATER - RIVERS,2023-05-10T09:42:00,ENVIRONMENTAL MONITORING STATUTORY (EU DIRECTIVES),RIVER / RUNNING SURFACE WATER,0117,Nitrate as N,5.9,MILLIGRAM PER LITRE
https://environment.data.gov.uk/water-quality/sampling-point/TH-PTHR0111/sample/1391153/observation/0118,TH-PTHR0111,THAMES AT WALLINGFORD BRIDGE,-1.1199,51.6012,Thames,THAMES - WEST THAMES,L&W NORTH - WT,OPEN,FRESHWATER - RIVERS,2023-05-10T09:42:00,ENVIRONMENTAL MONITORING STATUTORY (EU DIRECTIVES),RIVER / RUNNING SURFACE WATER,0118,Nitrite as N,0.005,MILLIGRAM PER LITRE
https://environment.data.gov.uk/water-quality/sampling-point/TH-PTHR0111/sample/1391153/observation/0119,TH-PTHR0111,THAMES AT WALLINGFORD BRIDGE,-1.1199,51.6012,Thames,THAMES - WEST THAMES,L&W NORTH - WT,OPEN,FRESHWATER - RIVERS,2023-05-10T09:42:00,ENVIRONMENTAL MONITORING STATUTORY (EU DIRECTIVES),RIVER / RUNNING SURFACE WATER,0119,Ammonia un-ionised as N,<0.00068,MILLIGRAM PER LITRE
https://environment.data.gov.uk/water-quality/sampling-point/TH-PTHR0111/sample/1391153/observation/0162,TH-PTHR0111,THAMES AT WALLINGFORD BRIDGE,-1.1199,51.6012,Thames,THAMES - WEST THAMES,L&W NORTH - WT,OPEN,FRESHWATER - RIVERS,2023-05-10T09:42:00,ENVIRONMENTAL MONITORING STATUTORY (EU DIRECTIVES),RIVER / RUNNING SURFACE WATER,0162,Alkalinity to pH 4.5 as CaCO3,150,MILLIGRAM PER LITRE
https://environment.data.gov.uk/water-quality/sampling-point/TH-PTHR0111/sample/1391153/observation/0180,TH-PTHR0111,THAMES AT WALLINGFORD BRIDGE,-1.1199,51.6012,Thames,THAMES - WEST THAMES,L&W NORTH - WT,OPEN,FRESHWATER - RIVERS,2023-05-10T09:42:00,ENVIRONMENTAL MONITORING STATUTORY (EU DIRECTIVES),RIVER / RUNNING SURFACE WATER,0180,"Orthophosphate, reactive as P",0.094,MILLIGRAM PER LITRE
https://environment.data.gov.uk/water-quality/sampling-point/TH-PTHR0111/sample/1391153/observation/6753,TH-PTHR0111,THAMES AT WALLINGFORD BRIDGE,-1.1199,51.6012,Thames,THAMES - WEST THAMES,L&W NORTH - WT,OPEN,FRESHWATER - RIVERS,2023-05-10T09:42:00,ENVIRONMENTAL MONITORING STATUTORY (EU DIRECTIVES),RIVER / RUNNING SURFACE WATER,6753,Anthracene,<0.01,MICROGRAM PER LITRE
https://environment.data.gov.uk/water-quality/sampling-point/TH-PTHR0111/sample/1391153/observation/9901,TH-PTHR0111,THAMES AT WALLINGFORD BRIDGE,-1.1199,51.6012,Thames,THAMES - WEST THAMES,L&W NORTH - WT,OPEN,FRESHWATER - RIVERS,2023-05-10T09:42:00,ENVIRONMENTAL MONITORING STATUTORY (EU DIRECTIVES),RIVER / RUNNING SURFACE WATER,9901,"Oxygen, Dissolved, % Saturation",95.6,PERCENTAGE
https://environment.data.gov.uk/water-quality/sampling-point/TH-PTHR0111/sample/1391153/observation/9924,TH-PTHR0111,THAMES AT WALLINGFORD BRIDGE,-1.1199,51.6012,Thames,THAMES - WEST THAMES,L&W NORTH - WT,OPEN,FRESHWATER - RIVERS,2023-05-10T09:42:00,ENVIRONMENTAL MONITORING STATUTORY (EU DIRECTIVES),RIVER / RUNNING SURFACE WATER,9924,"Oxygen, Dissolved as O2",9.85,MILLIGRAM PER LITRE
https://environment.data.gov.uk/water-quality/sampling-point/TH-PTHR0111/sample/1392421/observation/0061,TH-PTHR0111,THAMES AT WALLINGFORD BRIDGE,-1.1199,51.6012,Thames,THAMES - WEST THAMES,L&W NORTH - WT,OPEN,FRESHWATER - RIVERS,2023-06-09T14:35:00,ENVIRONMENTAL MONITORING STATUTORY (EU DIRECTIVES),RIVER / RUNNING SURFACE WATER,0061,pH,8.2,PH UNITS
https://environment.data.gov.uk/water-quality/sampling-point/TH-PTHR0111/sample/1392421/observation/0076,TH-PTHR0111,THAMES AT WALLINGFORD BRIDGE,-1.1199,51.6012,Thames,THAMES - WEST THAMES,L&W NORTH - WT,OPEN,FRESHWATER - RIVERS,2023-06-09T14:35:00,ENVIRONMENTAL MONITORING STATUTORY (EU DIRECTIVES),RIVER / RUNNING SURFACE WATER,0076,Temperature of Water,18.3,CELSIUS
https://environment.data.gov.uk/water-quality/sampling-point/TH-PTHR0111/sample/1392421/observation/0077,TH-PTHR0111,THAMES AT WALLINGFORD BRIDGE,-1.1199,51.6012,Thames,THAMES - WEST THAMES,L&W NORTH - WT,OPEN,FRESHWATER - RIVERS,2023-06-09T14:35:00,ENVIRONMENTAL MONITORING STATUTORY (EU DIRECTIVES),RIVER / RUNNING SURFACE WATER,0077,Conductivity at 25 C,698,MICROSIEMENS PER CENTIMETRE
https://environment.data.gov.uk/water-quality/sampling-point/TH-PTHR0111/sample/1392421/observation/0111,TH-PTHR0111,THAMES AT WALLINGFORD BRIDGE,-1.1199,51.6012,Thames,THAMES - WEST THAMES,L&W NORTH - WT,OPEN,FRESHWATER - RIVERS,2023-06-09T14:35:00,ENVIRONMENTAL MONITORING STATUTORY (EU DIRECTIVES),RIVER / RUNNING SURFACE WATER,0111,Ammoniacal Nitrogen as N,0.039,MILLIGRAM PER LITRE
https://environment.data.gov.uk/water-quality/sampling-point/TH-PTHR0111/sample/1392421/observation/0116,TH-PTHR0111,THAMES AT WALLINGFORD BRIDGE,-1.1199,51.6012,Thames,THAMES - WEST THAMES,L&W NORTH - WT,OPEN,FRESHWATER - RIVERS,2023-06-09T14:35:00,ENVIRONMENTAL MONITORING STATUTORY (EU DIRECTIVES),RIVER / RUNNING SURFACE WATER,0116,"Nitrogen, Total Oxidised as N",7.5,MILLIGRAM PER LITRE
https://environment.data.gov.uk/water-quality/sampling-point/TH-PTHR0111/sample/1392421/observation/0117,TH-PTHR0111,THAMES AT WALLINGFORD BRIDGE,-1.1199,51.6012,Thames,THAMES - WEST THAMES,L&W NORTH - WT,OPEN,FRESHWATER - RIVERS,2023-06-09T14:35:00,ENVIRONMENTAL MONITORING STATUTORY (EU DIRECTIVES),RIVER / RUNNING SURFACE WATER,0117,Nitrate as N,7.47,MILLIGRAM PER LITRE
https://environment.data.gov.uk/water-quality/sampling-point/TH-PTHR0111/sample/1392421/observation/0118,TH-PTHR0111,THAMES AT WALLINGFORD BRIDGE,-1.1199,51.6012,Thames,THAMES - WEST THAMES,L&W NORTH - WT,OPEN,FRESHWATER - RIVERS,2023-06-09T14:35:00,ENVIRONMENTAL MONITORING STATUTORY (EU DIRECTIVES),RIVER / RUNNING SURFACE WATER,0118,Nitrite as N,0.034,MILLIGRAM PER LITRE
https://environment.data.gov.uk/water-quality/sampling-point/TH-PTHR0111/sample/1392421/observation/0119,TH-PTHR0111,THAMES AT WALLINGFORD BRIDGE,-1.1199,51.6012,Thames,THAMES - WEST THAMES,L&W NORTH - WT,OPEN,FRESHWATER - RIVERS,2023-06-09T14:35:00,ENVIRONMENTAL MONITORING STATUTORY (EU DIRECTIVES),RIVER / RUNNING SURFACE WATER,0119,Ammonia un-ionised as N,0.0013,MILLIGRAM PER LITRE
https://environment.data.gov.uk/water-quality/sampling-point/TH-PTHR0111/sample/1392421/observation/0162,TH-PTHR0111,THAMES AT WALLINGFORD BRIDGE,-1.1199,51.6012,Thames,THAMES - WEST THAMES,L&W NORTH - WT,OPEN,FRESHWATER - RIVERS,2023-06-09T14:35:00,ENVIRONMENTAL MONITORING STATUTORY (EU DIRECTIVES),RIVER / RUNNING SURFACE WATER,0162,Alkalinity to pH 4.5 as CaCO3,240,MILLIGRAM PER LITRE
https://environment.data.gov.uk/water-quality/sampling-point/TH-PTHR0111/sample/1392421/observation/0180,TH-PTHR0111,THAMES AT WALLINGFORD BRIDGE,-1.1199,51.6012,Thames,THAMES - WEST THAMES,L&W NORTH - WT,OPEN,FRESHWATER - RIVERS,2023-06-09T14:35:00,ENVIRONMENTAL MONITORING STATUTORY (EU DIRECTIVES),RIVER / RUNNING SURFACE WATER,0180,"Orthophosphate, reactive as P",0.19,MILLIGRAM PER LITRE
https://environment.data.gov.uk/water-quality/sampling-point/TH-PTHR0111/sample/1392421/observation/0736,TH-PTHR0111,THAMES AT WALLINGFORD BRIDGE,-1.1199,51.6012,Thames,THAMES - WEST THAMES,L&W NORTH - WT,OPEN,FRESHWATER - RIVERS,2023-06-09T14:35:00,ENVIRONMENTAL MONITORING STATUTORY (EU DIRECTIVES),RIVER / RUNNING SURFACE WATER,0736,Fluoranthene,0.0019,MICROGRAM PER LITRE
https://environment.data.gov.uk/water-quality/sampling-point/TH-PTHR0111/sample/1392421/observation/6399,TH-PTHR0111,THAMES AT WALLINGFORD BRIDGE,-1.1199,51.6012,Thames,THAMES - WEST THAMES,L&W NORTH - WT,OPEN,FRESHWATER - RIVERS,2023-06-09T14:35:00,ENVIRONMENTAL MONITORING STATUTORY (EU DIRECTIVES),RIVER / RUNNING SURFACE WATER,6399,Benzo(a)Pyrene,0.00096,MICROGRAM PER LITRE
https://environment.data.gov.uk/water-quality/sampling-point/TH-PTHR0111/sample/1392421/observation/6753,TH-PTHR0111,THAMES AT WALLINGFORD BRIDGE,-1.1199,51.6012,Thames,THAMES - WEST THAMES,L&W NORTH - WT,OPEN,FRESHWATER - RIVERS,2023-06-09T14:35:00,ENVIRONMENTAL MONITORING STATUTORY (EU DIRECTIVES),RIVER / RUNNING SURFACE WATER,6753,Anthracene,<0.01,MICROGRAM PER LITRE
https://environment.data.gov.uk/water-quality/sampling-point/TH-PTHR0111/sample/1392421/observation/9901,TH-PTHR0111,THAMES AT WALLINGFORD BRIDGE,-1.1199,51.6012,Thames,THAMES - WEST THAMES,L&W NORTH - WT,OPEN,FRESHWATER - RIVERS,2023-06-09T14:35:00,ENVIRONMENTAL MONITORING STATUTORY (EU DIRECTIVES),RIVER / RUNNING SURFACE WATER,9901,"Oxygen, Dissolved, % Saturation",105.6,PERCENTAGE
https://environment.data.gov.uk/water-quality/sampling-point/TH-PTHR0111/sample/1392421/observation/9924,TH-PTHR0111,THAMES AT WALLINGFORD BRIDGE,-1.1199,51.6012,Thames,THAMES - WEST THAMES,L&W NORTH - WT,OPEN,FRESHWATER - RIVERS,2023-06-09T14:35:00,ENVIRONMENTAL MONITORING STATUTORY (EU DIRECTIVES),RIVER / RUNNING SURFACE WATER,9924,"Oxygen, Dissolved as O2",9.91,MILLIGRAM PER LITRE
https://environment.data.gov.uk/water-quality/sampling-point/TH-PTHR0111/sample/1393585/observation/0061,TH-PTHR0111,THAMES AT WALLINGFORD BRIDGE,-1.1199,51.6012,Thames,THAMES - WEST THAMES,L&W NORTH - WT,OPEN,FRESHWATER - RIVERS,2023-06-30T14:52:00,ENVIRONMENTAL MONITORING STATUTORY (EU DIRECTIVES),RIVER / RUNNING SURFACE WATER,0061,pH,8,PH UNITS
https://environment.data.gov.uk/water-quality/sampling-point/TH-PTHR0111/sample/1393585/observation/0076,TH-PTHR0111,THAMES AT WALLINGFORD BRIDGE,-1.1199,51.6012,Thames,THAMES - WEST THAMES,L&W NORTH - WT,OPEN,FRESHWATER - RIVERS,2023-06-30T14:52:00,ENVIRONMENTAL MONITORING STATUTORY (EU DIRECTIVES),RIVER / RUNNING SURFACE WATER,0076,Temperature of Water,19.8,CELSIUS
https://environment.data.gov.uk/water-quality/sampling-point/TH-PTHR0111/sample/1393585/observation/0077,TH-PTHR0111,THAMES AT WALLINGFORD BRIDGE,-1.1199,51.6012,Thames,THAMES - WEST THAMES,L&W NORTH - WT,OPEN,FRESHWATER - RIVERS,2023-06-30T14:52:00,ENVIRONMENTAL MONITORING STATUTORY (EU DIRECTIVES),RIVER / RUNNING SURFACE WATER,0077,Conductivity at 25 C,690,MICROSIEMENS PER CENTIMETRE
https://environment.data.gov.uk/water-quality/sampling-point/TH-PTHR0111/sample/1393585/observation/0111,TH-PTHR0111,THAMES AT WALLINGFORD BRIDGE,-1.1199,51.6012,Thames,THAMES - WEST THAMES,L&W NORTH - WT,OPEN,FRESHWATER - RIVERS,2023-06-30T14:52:00,ENVIRONMENTAL MONITORING STATUTORY (EU DIRECTIVES),RIVER / RUNNING SURFACE WATER,0111,Ammoniacal Nitrogen as N,0.041,MILLIGRAM PER LITRE
https://environment.data.gov.uk/water-quality/sampling-point/TH-PTHR0111/sample/1393585/observation/0116,TH-PTHR0111,THAMES AT WALLINGFORD BRIDGE,-1.1199,51.6012,Thames,THAMES - WEST THAMES,L&W NORTH - WT,OPEN,FRESHWATER - RIVERS,2023-06-30T14:52:00,ENVIRONMENTAL MONITORING STATUTORY (EU DIRECTIVES),RIVER / RUNNING SURFACE WATER,0116,"Nitrogen, Total Oxidised as N",6.5,MILLIGRAM PER LITRE
https://environment.data.gov.uk/water-quality/sampling-point/TH-PTHR0111/sample/1393585/observation/0117,TH-PTHR0111,THAMES AT WALLINGFORD BRIDGE,-1.1199,51.6012,Thames,THAMES - WEST THAMES,L&W NORTH - WT,OPEN,FRESHWATER - RIVERS,2023-06-30T14:52:00,ENVIRONMENTAL MONITORING STATUTORY (EU DIRECTIVES),RIVER / RUNNING SURFACE WATER,0117,Nitrate as N,6.47,MILLIGRAM PER LITRE
https://environment.data.gov.uk/water-quality/sampling-point/TH-PTHR0111/sample/1393585/observation/0118,TH-PTHR0111,THAMES AT WALLINGFORD BRIDGE,-1.1199,51.6012,Thames,THAMES - WEST THAMES,L&W NORTH - WT,OPEN,FRESHWATER - RIVERS,2023-06-30T14:52:00,ENVIRONMENTAL MONITORING STATUTORY (EU DIRECTIVES),RIVER / RUNNING SURFACE WATER,0118,Nitrite as N,0.034,MILLIGRAM PER LITRE
https://environment.data.gov.uk/water-quality/sampling-point/TH-PTHR0111/sample/1393585/observation/0119,TH-PTHR0111,THAMES AT WALLINGFORD BRIDGE,-1.1199,51.6012,Thames,THAMES - WEST THAMES,L&W NORTH - WT,OPEN,FRESHWATER - RIVERS,2023-06-30T14:52:00,ENVIRONMENTAL MONITORING STATUTORY (EU DIRECTIVES),RIVER / RUNNING SURFACE WATER,0119,Ammonia un-ionised as N,0.00152,MILLIGRAM PER LITRE
https://environment.data.gov.uk/water-quality/sampling-point/TH-PTHR0111/sample/1393585/observation/0162,TH-PTHR0111,THAMES AT WALLINGFORD BRIDGE,-1.1199,51.6012,Thames,THAMES - WEST THAMES,L&W NORTH - WT,OPEN,FRESHWATER - RIVERS,2023-06-30T14:52:00,ENVIRONMENTAL MONITORING STATUTORY (EU DIRECTIVES),RIVER / RUNNING SURFACE WATER,0162,Alkalinity to pH 4.5 as CaCO3,210,MILLIGRAM PER LITRE
https://environment.data.gov.uk/water-quality/sampling-point/TH-PTHR0111/sample/1393585/observation/0180,TH-PTHR0111,THAMES AT WALLINGFORD BRIDGE,-1.1199,51.6012,Thames,THAMES - WEST THAMES,L&W NORTH - WT,OPEN,FRESHWATER - RIVERS,2023-06-30T14:52:00,ENVIRONMENTAL MONITORING STATUTORY (EU DIRECTIVES),RIVER / RUNNING SURFACE WATER,0180,"Orthophosphate, reactive as P",0.27,MILLIGRAM PER LITRE
https://environment.data.gov.uk/water-quality/sampling-point/TH-PTHR0111/sample/1393585/observation/0736,TH-PTHR0111,THAMES AT WALLINGFORD BRIDGE,-1.1199,51.6012,Thames,THAMES - WEST THAMES,L&W NORTH - WT,OPEN,FRESHWATER - RIVERS,2023-06-30T14:52:00,ENVIRONMENTAL MONITORING STATUTORY (EU DIRECTIVES),RIVER / RUNNING SURFACE WATER,0736,Fluoranthene,0.0051,MICROGRAM PER LITRE
https://environment.data.gov.uk/water-quality/sampling-point/TH-PTHR0111/sample/1393585/observation/6399,TH-PTHR0111,THAMES AT WALLINGFORD BRIDGE,-1.1199,51.6012,Thames,THAMES - WEST THAMES,L&W NORTH - WT,OPEN,FRESHWATER - RIVERS,2023-06-30T14:52:00,ENVIRONMENTAL MONITORING STATUTORY (EU DIRECTIVES),RIVER / RUNNING SURFACE WATER,6399,Benzo(a)Pyrene,0.0019,MICROGRAM PER LITRE
https://environment.data.gov.uk/water-quality/sampling-point/TH-PTHR0111/sample/1393585/observation/6753,TH-PTHR0111,THAMES AT WALLINGFORD BRIDGE,-1.1199,51.6012,Thames,THAMES - WEST THAMES,L&W NORTH - WT,OPEN,FRESHWATER - RIVERS,2023-06-30T14:52:00,ENVIRONMENTAL MONITORING STATUTORY (EU DIRECTIVES),RIVER / RUNNING SURFACE WATER,6753,Anthracene,<0.01,MICROGRAM PER LITRE
https://environment.data.gov.uk/water-quality/sampling-point/TH-PTHR0111/sample/1393585/observation/9901,TH-PTHR0111,THAMES AT WALLINGFORD BRIDGE,-1.1199,51.6012,Thames,THAMES - WEST THAMES,L&W NORTH - WT,OPEN,FRESHWATER - RIVERS,2023-06-30T14:52:00,ENVIRONMENTAL MONITORING STATUTORY (EU DIRECTIVES),RIVER / RUNNING SURFACE WATER,9901,"Oxygen, Dissolved, % Saturation",93.3,PERCENTAGE
https://environment.data.gov.uk/water-quality/sampling-point/TH-PTHR0111/sample/1393585/observation/9924,TH-PTHR0111,THAMES AT WALLINGFORD BRIDGE,-1.1199,51.6012,Thames,THAMES - WEST THAMES,L&W NORTH - WT,OPEN,FRESHWATER - RIVERS,2023-06-30T14:52:00,ENVIRONMENTAL MONITORING STATUTORY (EU DIRECTIVES),RIVER / RUNNING SURFACE WATER,9924,"Oxygen, Dissolved as O2",8.5,MILLIGRAM PER LITRE
https://environment.data.gov.uk/water-quality/sampling-point/TH-PTHR0111/sample/1394300/observation/0061,TH-PTHR0111,THAMES AT WALLINGFORD BRIDGE,-1.1199,51.6012,Thames,THAMES - WEST THAMES,L&W NORTH - WT,OPEN,FRESHWATER - RIVERS,2023-07-18T09:05:00,ENVIRONMENTAL MONITORING STATUTORY (EU DIRECTIVES),RIVER / RUNNING SURFACE WATER,0061,pH,8.12,PH UNITS
https://environment.data.gov.uk/water-quality/sampling-point/TH-PTHR0111/sample/1394300/observation/0076,TH-PTHR0111,THAMES AT WALLINGFORD BRIDGE,-1.1199,51.6012,Thames,THAMES - WEST THAMES,L&W NORTH - WT,OPEN,FRESHWATER - RIVERS,2023-07-18T09:05:00,ENVIRONMENTAL MONITORING STATUTORY (EU DIRECTIVES),RIVER / RUNNING SURFACE WATER,0076,Temperature of Water,17.6,CELSIUS
https://environment.data.gov.uk/water-quality/sampling-point/TH-PTHR0111/sample/1394300/observation/0077,TH-PTHR0111,THAMES AT WALLINGFORD BRIDGE,-1.1199,51.6012,Thames,THAMES - WEST THAMES,L&W NORTH - WT,OPEN,FRESHWATER - RIVERS,2023-07-18T09:05:00,ENVIRONMENTAL MONITORING STATUTORY (EU DIRECTIVES),RIVER / RUNNING SURFACE WATER,0077,Conductivity at 25 C,662,MICROSIEMENS PER CENTIMETRE
https://environment.data.gov.uk/water-quality/sampling-point/TH-PTHR0111/sample/1394300/observation/0111,TH-PTHR0111,THAMES AT WALLINGFORD BRIDGE,-1.1199,51.6012,Thames,THAMES - WEST THAMES,L&W NORTH - WT,OPEN,FRESHWATER - RIVERS,2023-07-18T09:05:00,ENVIRONMENTAL MONITORING STATUTORY (EU DIRECTIVES),RIVER / RUNNING SURFACE WATER,0111,Ammoniacal Nitrogen as N,<0.03,MILLIGRAM PER LITRE
https://environment.data.gov.uk/water-quality/sampling-point/TH-PTHR0111/sample/1394300/observation/0116,TH-PTHR0111,THAMES AT WALLINGFORD BRIDGE,-1.1199,51.6012,Thames,THAMES - WEST THAMES,L&W NORTH - WT,OPEN,FRESHWATER - RIVERS,2023-07-18T09:05:00,ENVIRONMENTAL MONITORING STATUTORY (EU DIRECTIVES),RIVER / RUNNING SURFACE WATER,0116,"Nitrogen, Total Oxidised as N",6.5,MILLIGRAM PER LITRE
https://environment.data.gov.uk/water-quality/sampling-point/TH-PTHR0111/sample/1394300/observation/0117,TH-PTHR0111,THAMES AT WALLINGFORD BRIDGE,-1.1199,51.6012,Thames,THAMES - WEST THAMES,L&W NORTH - WT,OPEN,FRESHWATER - RIVERS,2023-07-18T09:05:00,ENVIRONMENTAL MONITORING STATUTORY (EU DIRECTIVES),RIVER / RUNNING SURFACE WATER,0117,Nitrate as N,6.48,MILLIGRAM PER LITRE
https://environment.data.gov.uk/water-quality/sampling-point/TH-PTHR0111/sample/1394300/observation/0118,TH-PTHR0111,THAMES AT WALLINGFORD BRIDGE,-1.1199,51.6012,Thames,THAMES - WEST THAMES,L&W NORTH - WT,OPEN,FRESHWATER - RIVERS,2023-07-18T09:05:00,ENVIRONMENTAL MONITORING STATUTORY (EU DIRECTIVES),RIVER / RUNNING SURFACE WATER,0118,Nitrite as N,0.023,MILLIGRAM PER LITRE
https://environment.data.gov.uk/water-quality/sampling-point/TH-PTHR0111/sample/1394300/observation/0119,TH-PTHR0111,THAMES AT WALLINGFORD BRIDGE,-1.1199,51.6012,Thames,THAMES - WEST THAMES,L&W NORTH - WT,OPEN,FRESHWATER - RIVERS,2023-07-18T09:05:00,ENVIRONMENTAL MONITORING STATUTORY (EU DIRECTIVES),RIVER / RUNNING SURFACE WATER,0119,Ammonia un-ionised as N,<0.00095,MILLIGRAM PER LITRE
https://environment.data.gov.uk/water-quality/sampling-point/TH-PTHR0111/sample/1394300/observation/0162,TH-PTHR0111,THAMES AT WALLINGFORD BRIDGE,-1.1199,51.6012,Thames,THAMES - WEST THAMES,L&W NORTH - WT,OPEN,FRESHWATER - RIVERS,2023-07-18T09:05:00,ENVIRONMENTAL MONITORING STATUTORY (EU DIRECTIVES),RIVER / RUNNING SURFACE WATER,0162,Alkalinity to pH 4.5 as CaCO3,210,MILLIGRAM PER LITRE
https://environment.data.gov.uk/water-quality/sampling-point/TH-PTHR0111/sample/1394300/observation/0180,TH-PTHR0111,THAMES AT WALLINGFORD BRIDGE,-1.1199,51.6012,Thames,THAMES - WEST THAMES,L&W NORTH - WT,OPEN,FRESHWATER - RIVERS,2023-07-18T09:05:00,ENVIRONMENTAL MONITORING STATUTORY (EU DIRECTIVES),RIVER / RUNNING SURFACE WATER,0180,"Orthophosphate, reactive as P",0.23,MILLIGRAM PER LITRE
https://environment.data.gov.uk/water-quality/sampling-point/TH-PTHR0111/sample/1394300/observation/0736,TH-PTHR0111,THAMES AT WALLINGFORD BRIDGE,-1.1199,51.6012,Thames,THAMES - WEST THAMES,L&W NORTH - WT,OPEN,FRESHWATER - RIVERS,2023-07-18T09:05:00,ENVIRONMENTAL MONITORING STATUTORY (EU DIRECTIVES),RIVER / RUNNING SURFACE WATER,0736,Fluoranthene,0.0016,MICROGRAM PER LITRE
https://environment.data.gov.uk/water-quality/sampling-point/TH-PTHR0111/sample/1394300/observation/6399,TH-PTHR0111,THAMES AT WALLINGFORD BRIDGE,-1.1199,51.6012,Thames,THAMES - WEST THAMES,L&W NORTH - WT,OPEN,FRESHWATER - RIVERS,2023-07-18T09:05:00,ENVIRONMENTAL MONITORING STATUTORY (EU DIRECTIVES),RIVER / RUNNING SURFACE WATER,6399,Benzo(a)Pyrene,0.00042,MICROGRAM PER LITRE
https://environment.data.gov.uk/water-quality/sampling-point/TH-PTHR0111/sample/1394300/observation/6753,TH-PTHR0111,THAMES AT WALLINGFORD BRIDGE,-1.1199,51.6012,Thames,THAMES - WEST THAMES,L&W NORTH - WT,OPEN,FRESHWATER - RIVERS,2023-07-18T09:05:00,ENVIRONMENTAL MONITORING STATUTORY (EU DIRECTIVES),RIVER / RUNNING SURFACE WATER,6753,Anthracene,<0.01,MICROGRAM PER LITRE
https://environment.data.gov.uk/water-quality/sampling-point/TH-PTHR0111/sample/1394300/observation/9901,TH-PTHR0111,THAMES AT WALLINGFORD BRIDGE,-1.1199,51.6012,Thames,THAMES - WEST THAMES,L&W NORTH - WT,OPEN,FRESHWATER - RIVERS,2023-07-18T09:05:00,ENVIRONMENTAL MONITORING STATUTORY (EU DIRECTIVES),RIVER / RUNNING SURFACE WATER,9901,"Oxygen, Dissolved, % Saturation",96.6,PERCENTAGE
https://environment.data.gov.uk/water-quality/sampling-point/TH-PTHR0111/sample/1394300/observation/9924,TH-PTHR0111,THAMES AT WALLINGFORD BRIDGE,-1.1199,51.6012,Thames,THAMES - WEST THAMES,L&W NORTH - WT,OPEN,FRESHWATER - RIVERS,2023-07-18T09:05:00,ENVIRONMENTAL MONITORING STATUTORY (EU DIRECTIVES),RIVER / RUNNING SURFACE WATER,9924,"Oxygen, Dissolved as O2",9.2,MILLIGRAM PER LITRE
https://environment.data.gov.uk/water-quality/sampling-point/TH-PTHR0111/sample/1394987/observation/0061,TH-PTHR0111,THAMES AT WALLINGFORD BRIDGE,-1.1199,51.6012,Thames,THAMES - WEST THAMES,L&W NORTH - WT,OPEN,FRESHWATER - RIVERS,2023-08-04T14:36:00,ENVIRONMENTAL MONITORING STATUTORY (EU DIRECTIVES),RIVER / RUNNING SURFACE WATER,0061,pH,8.02,PH UNITS
https://environment.data.gov.uk/water-quality/sampling-point/TH-PTHR0111/sample/1394987/observation/0076,TH-PTHR0111,THAMES AT WALLINGFORD BRIDGE,-1.1199,51.6012,Thames,THAMES - WEST THAMES,L&W NORTH - WT,OPEN,FRESHWATER - RIVERS,2023-08-04T14:36:00,ENVIRONMENTAL MONITORING STATUTORY (EU DIRECTIVES),RIVER / RUNNING SURFACE WATER,0076,Temperature of Water,18.4,CELSIUS
https://environment.data.gov.uk/water-quality/sampling-point/TH-PTHR0111/sample/1394987/observation/0077,TH-PTHR0111,THAMES AT WALLINGFORD BRIDGE,-1.1199,51.6012,Thames,THAMES - WEST THAMES,L&W NORTH - WT,OPEN,FRESHWATER - RIVERS,2023-08-04T14:36:00,ENVIRONMENTAL MONITORING STATUTORY (EU DIRECTIVES),RIVER / RUNNING SURFACE WATER,0077,Conductivity at 25 C,688,MICROSIEMENS PER CENTIMETRE
https://environment.data.gov.uk/water-quality/sampling-point/TH-PTHR0111/sample/1394987/observation/0085,TH-PTHR0111,THAMES AT WALLINGFORD BRIDGE,-1.1199,51.6012,Thames,THAMES - WEST THAMES,L&W NORTH - WT,OPEN,FRESHWATER - RIVERS,2023-08-04T14:36:00,ENVIRONMENTAL MONITORING STATUTORY (EU DIRECTIVES),RIVER / RUNNING SURFACE WATER,0085,BOD : 5 Day ATU,<1,MILLIGRAM PER LITRE
https://environment.data.gov.uk/water-quality/sampling-point/TH-PTHR0111/sample/1394987/observation/0111,TH-PTHR0111,THAMES AT WALLINGFORD BRIDGE,-1.1199,51.6012,Thames,THAMES - WEST THAMES,L&W NORTH - WT,OPEN,FRESHWATER - RIVERS,2023-08-04T14:36:00,ENVIRONMENTAL MONITORING STATUTORY (EU DIRECTIVES),RIVER / RUNNING SURFACE WATER,0111,Ammoniacal Nitrogen as N,<0.03,MILLIGRAM PER LITRE
https://environment.data.gov.uk/water-quality/sampling-point/TH-PTHR0111/sample/1394987/observation/0116,TH-PTHR0111,THAMES AT WALLINGFORD BRIDGE,-1.1199,51.6012,Thames,THAMES - WEST THAMES,L&W NORTH - WT,OPEN,FRESHWATER - RIVERS,2023-08-04T14:36:00,ENVIRONMENTAL MONITORING STATUTORY (EU DIRECTIVES),RIVER / RUNNING SURFACE WATER,0116,"Nitrogen, Total Oxidised as N",6.1,MILLIGRAM PER LITRE
https://environment.data.gov.uk/water-quality/sampling-point/TH-PTHR0111/sample/1394987/observation/0117,TH-PTHR0111,THAMES AT WALLINGFORD BRIDGE,-1.1199,51.6012,Thames,THAMES - WEST THAMES,L&W NORTH - WT,OPEN,FRESHWATER - RIVERS,2023-08-04T14:36:00,ENVIRONMENTAL MONITORING STATUTORY (EU DIRECTIVES),RIVER / RUNNING SURFACE WATER,0117,Nitrate as N,6.08,MILLIGRAM PER LITRE
https://environment.data.gov.uk/water-quality/sampling-point/TH-PTHR0111/sample/1394987/observation/0118,TH-PTHR0111,THAMES AT WALLINGFORD BRIDGE,-1.1199,51.6012,Thames,THAMES - WEST THAMES,L&W NORTH - WT,OPEN,FRESHWATER - RIVERS,2023-08-04T14:36:00,ENVIRONMENTAL MONITORING STATUTORY (EU DIRECTIVES),RIVER / RUNNING SURFACE WATER,0118,Nitrite as N,0.02,MILLIGRAM PER LITRE
https://environment.data.gov.uk/water-quality/sampling-point/TH-PTHR0111/sample/1394987/observation/0119,TH-PTHR0111,THAMES AT WALLINGFORD BRIDGE,-1.1199,51.6012,Thames,THAMES - WEST THAMES,L&W NORTH - WT,OPEN,FRESHWATER - RIVERS,2023-08-04T14:36:00,ENVIRONMENTAL MONITORING STATUTORY (EU DIRECTIVES),RIVER / RUNNING SURFACE WATER,0119,Ammonia un-ionised as N,<0.00101,MILLIGRAM PER LITRE
https://environment.data.gov.uk/water-quality/sampling-point/TH-PTHR0111/sample/1394987/observation/0162,TH-PTHR0111,THAMES AT WALLINGFORD BRIDGE,-1.1199,51.6012,Thames,THAMES - WEST THAMES,L&W NORTH - WT,OPEN,FRESHWATER - RIVERS,2023-08-04T14:36:00,ENVIRONMENTAL MONITORING STATUTORY (EU DIRECTIVES),RIVER / RUNNING SURFACE WATER,0162,Alkalinity to pH 4.5 as CaCO3,210,MILLIGRAM PER LITRE
https://environment.data.gov.uk/water-quality/sampling-point/TH-PTHR0111/sample/1394987/observation/0180,TH-PTHR0111,THAMES AT WALLINGFORD BRIDGE,-1.1199,51.6012,Thames,THAMES - WEST THAMES,L&W NORTH - WT,OPEN,FRESHWATER - RIVERS,2023-08-04T14:36:00,ENVIRONMENTAL MONITORING STATUTORY (EU DIRECTIVES),RIVER / RUNNING SURFACE WATER,0180,"Orthophosphate, reactive as P",0.26,MILLIGRAM PER LITRE
https://environment.data.gov.uk/water-quality/sampling-point/TH-PTHR0111/sample/1394987/observation/0736,TH-PTHR0111,THAMES AT WALLINGFORD BRIDGE,-1.1199,51.6012,Thames,THAMES - WEST THAMES,L&W NORTH - WT,OPEN,FRESHWATER - RIVERS,2023-08-04T14:36:00,ENVIRONMENTAL MONITORING STATUTORY (EU DIRECTIVES),RIVER / RUNNING SURFACE WATER,0736,Fluoranthene,0.0026,MICROGRAM PER LITRE
https://environment.data.gov.uk/water-quality/sampling-point/TH-PTHR0111/sample/1394987/observation/6399,TH-PTHR0111,THAMES AT WALLINGFORD BRIDGE,-1.1199,51.6012,Thames,THAMES - WEST THAMES,L&W NORTH - WT,OPEN,FRESHWATER - RIVERS,2023-08-04T14:36:00,ENVIRONMENTAL MONITORING STATUTORY (EU DIRECTIVES),RIVER / RUNNING SURFACE WATER,6399,Benzo(a)Pyrene,0.0012,MICROGRAM PER LITRE
https://environment.data.gov.uk/water-quality/sampling-point/TH-PTHR0111/sample/1394987/observation/6753,TH-PTHR0111,THAMES AT WALLINGFORD BRIDGE,-1.1199,51.6012,Thames,THAMES - WEST THAMES,L&W NORTH - WT,OPEN,FRESHWATER - RIVERS,2023-08-04T14:36:00,ENVIRONMENTAL MONITORING STATUTORY (EU DIRECTIVES),RIVER / RUNNING SURFACE WATER,6753,Anthracene,<0.01,MICROGRAM PER LITRE
https://environment.data.gov.uk/water-quality/sampling-point/TH-PTHR0111/sample/1394987/observation/9901,TH-PTHR0111,THAMES AT WALLINGFORD BRIDGE,-1.1199,51.6012,Thames,THAMES - WEST THAMES,L&W NORTH - WT,OPEN,FRESHWATER - RIVERS,2023-08-04T14:36:00,ENVIRONMENTAL MONITORING STATUTORY (EU DIRECTIVES),RIVER / RUNNING SURFACE WATER,9901,"Oxygen, Dissolved, % Saturation",97,PERCENTAGE
https://environment.data.gov.uk/water-quality/sampling-point/TH-PTHR0111/sample/1394987/observation/9924,TH-PTHR0111,THAMES AT WALLINGFORD BRIDGE,-1.1199,51.6012,Thames,THAMES - WEST THAMES,L&W NORTH - WT,OPEN,FRESHWATER - RIVERS,2023-08-04T14:36:00,ENVIRONMENTAL MONITORING STATUTORY (EU DIRECTIVES),RIVER / RUNNING SURFACE WATER,9924,"Oxygen, Dissolved as O2",9.08,MILLIGRAM PER LITRE
https://environment.data.gov.uk/water-quality/sampling-point/TH-PTHR0111/sample/1396264/observation/0061,TH-PTHR0111,THAMES AT WALLINGFORD BRIDGE,-1.1199,51.6012,Thames,THAMES - WEST THAMES,L&W NORTH - WT,OPEN,FRESHWATER - RIVERS,2023-09-01T08:47:00,ENVIRONMENTAL MONITORING STATUTORY (EU DIRECTIVES),RIVER / RUNNING SURFACE WATER,0061,pH,7.97,PH UNITS
https://environment.data.gov.uk/water-quality/sampling-point/TH-PTHR0111/sample/1396264/observation/0076,TH-PTHR0111,THAMES AT WALLINGFORD BRIDGE,-1.1199,51.6012,Thames,THAMES - WEST THAMES,L&W NORTH - WT,OPEN,FRESHWATER - RIVERS,2023-09-01T08:47:00,ENVIRONMENTAL MONITORING STATUTORY (EU DIRECTIVES),RIVER / RUNNING SURFACE WATER,0076,Temperature of Water,17.4,CELSIUS
https://environment.data.gov.uk/water-quality/sampling-point/TH-PTHR0111/sample/1396264/observation/0077,TH-PTHR0111,THAMES AT WALLINGFORD BRIDGE,-1.1199,51.6012,Thames,THAMES - WEST THAMES,L&W NORTH - WT,OPEN,FRESHWATER - RIVERS,2023-09-01T08:47:00,ENVIRONMENTAL MONITORING STATUTORY (EU DIRECTIVES),RIVER / RUNNING SURFACE WATER,0077,Conductivity at 25 C,761,MICROSIEMENS PER CENTIMETRE
https://environment.data.gov.uk/water-quality/sampling-point/TH-PTHR0111/sample/1396264/observation/0085,TH-PTHR0111,THAMES AT WALLINGFORD BRIDGE,-1.1199,51.6012,Thames,THAMES - WEST THAMES,L&W NORTH - WT,OPEN,FRESHWATER - RIVERS,2023-09-01T08:47:00,ENVIRONMENTAL MONITORING STATUTORY (EU DIRECTIVES),RIVER / RUNNING SURFACE WATER,0085,BOD : 5 Day ATU,<1,MILLIGRAM PER LITRE
https://environment.data.gov.uk/water-quality/sampling-point/TH-PTHR0111/sample/1396264/observation/0111,TH-PTHR0111,THAMES AT WALLINGFORD BRIDGE,-1.1199,51.6012,Thames,THAMES - WEST THAMES,L&W NORTH - WT,OPEN,FRESHWATER - RIVERS,2023-09-01T08:47:00,ENVIRONMENTAL MONITORING STATUTORY (EU DIRECTIVES),RIVER / RUNNING SURFACE WATER,0111,Ammoniacal Nitrogen as N,<0.03,MILLIGRAM PER LITRE
https://environment.data.gov.uk/water-quality/sampling-point/TH-PTHR0111/sample/1396264/observation/0116,TH-PTHR0111,THAMES AT WALLINGFORD BRIDGE,-1.1199,51.6012,Thames,THAMES - WEST THAMES,L&W NORTH - WT,OPEN,FRESHWATER - RIVERS,2023-09-01T08:47:00,ENVIRONMENTAL MONITORING STATUTORY (EU DIRECTIVES),RIVER / RUNNING SURFACE WATER,0116,"Nitrogen, Total Oxidised as N",7.9,MILLIGRAM PER LITRE
https://environment.data.gov.uk/water-quality/sampling-point/TH-PTHR0111/sample/1396264/observation/0117,TH-PTHR0111,THAMES AT WALLINGFORD BRIDGE,-1.1199,51.6012,Thames,THAMES - WEST THAMES,L&W NORTH - WT,OPEN,FRESHWATER - RIVERS,2023-09-01T08:47:00,ENVIRONMENTAL MONITORING STATUTORY (EU DIRECTIVES),RIVER / RUNNING SURFACE WATER,0117,Nitrate as N,7.88,MILLIGRAM PER LITRE
https://environment.data.gov.uk/water-quality/sampling-point/TH-PTHR0111/sample/1396264/observation/0118,TH-PTHR0111,THAMES AT WALLINGFORD BRIDGE,-1.1199,51.6012,Thames,THAMES - WEST THAMES,L&W NORTH - WT,OPEN,FRESHWATER - RIVERS,2023-09-01T08:47:00,ENVIRONMENTAL MONITORING STATUTORY (EU DIRECTIVES),RIVER / RUNNING SURFACE WATER,0118,Nitrite as N,0.017,MILLIGRAM PER LITRE
https://environment.data.gov.uk/water-quality/sampling-point/TH-PTHR0111/sample/1396264/observation/0119,TH-PTHR0111,THAMES AT WALLINGFORD BRIDGE,-1.1199,51.6012,Thames,THAMES - WEST THAMES,L&W NORTH - WT,OPEN,FRESHWATER - RIVERS,2023-09-01T08:47:00,ENVIRONMENTAL MONITORING STATUTORY (EU DIRECTIVES),RIVER / RUNNING SURFACE WATER,0119,Ammonia un-ionised as N,<0.00088,MILLIGRAM PER LITRE
https://environment.data.gov.uk/water-quality/sampling-point/TH-PTHR0111/sample/1396264/observation/0162,TH-PTHR0111,THAMES AT WALLINGFORD BRIDGE,-1.1199,51.6012,Thames,THAMES - WEST THAMES,L&W NORTH - WT,OPEN,FRESHWATER - RIVERS,2023-09-01T08:47:00,ENVIRONMENTAL MONITORING STATUTORY (EU DIRECTIVES),RIVER / RUNNING SURFACE WATER,0162,Alkalinity to pH 4.5 as CaCO3,220,MILLIGRAM PER LITRE
https://environment.data.gov.uk/water-quality/sampling-point/TH-PTHR0111/sample/1396264/observation/0180,TH-PTHR0111,THAMES AT WALLINGFORD BRIDGE,-1.1199,51.6012,Thames,THAMES - WEST THAMES,L&W NORTH - WT,OPEN,FRESHWATER - RIVERS,2023-09-01T08:47:00,ENVIRONMENTAL MONITORING STATUTORY (EU DIRECTIVES),RIVER / RUNNING SURFACE WATER,0180,"Orthophosphate, reactive as P",0.3,MILLIGRAM PER LITRE
https://environment.data.gov.uk/water-quality/sampling-point/TH-PTHR0111/sample/1396264/observation/9901,TH-PTHR0111,THAMES AT WALLINGFORD BRIDGE,-1.1199,51.6012,Thames,THAMES - WEST THAMES,L&W NORTH - WT,OPEN,FRESHWATER - RIVERS,2023-09-01T08:47:00,ENVIRONMENTAL MONITORING STATUTORY (EU DIRECTIVES),RIVER / RUNNING SURFACE WATER,9901,"Oxygen, Dissolved, % Saturation",91.3,PERCENTAGE
https://environment.data.gov.uk/water-quality/sampling-point/TH-PTHR0111/sample/1396264/observation/9924,TH-PTHR0111,THAMES AT WALLINGFORD BRIDGE,-1.1199,51.6012,Thames,THAMES - WEST THAMES,L&W NORTH - WT,OPEN,FRESHWATER - RIVERS,2023-09-01T08:47:00,ENVIRONMENTAL MONITORING STATUTORY (EU DIRECTIVES),RIVER / RUNNING SURFACE WATER,9924,"Oxygen, Dissolved as O2",8.73,MILLIGRAM PER LITRE
https://environment.data.gov.uk/water-quality/sampling-point/TH-PTHR0111/sample/1397429/observation/0061,TH-PTHR0111,THAMES AT WALLINGFORD BRIDGE,-1.1199,51.6012,Thames,THAMES - WEST THAMES,L&W NORTH - WT,OPEN,FRESHWATER - RIVERS,2023-10-06T08:14:00,ENVIRONMENTAL MONITORING STATUTORY (EU DIRECTIVES),RIVER / RUNNING SURFACE WATER,0061,pH,7.98,PH UNITS
https://environment.data.gov.uk/water-quality/sampling-point/TH-PTHR0111/sample/1397429/observation/0076,TH-PTHR0111,THAMES AT WALLINGFORD BRIDGE,-1.1199,51.6012,Thames,THAMES - WEST THAMES,L&W NORTH - WT,OPEN,FRESHWATER - RIVERS,2023-10-06T08:14:00,ENVIRONMENTAL MONITORING STATUTORY (EU DIRECTIVES),RIVER / RUNNING SURFACE WATER,0076,Temperature of Water,14.7,CELSIUS
https://environment.data.gov.uk/water-quality/sampling-point/TH-PTHR0111/sample/1397429/observation/0077,TH-PTHR0111,THAMES AT WALLINGFORD BRIDGE,-1.1199,51.6012,Thames,THAMES - WEST THAMES,L&W NORTH - WT,OPEN,FRESHWATER - RIVERS,2023-10-06T08:14:00,ENVIRONMENTAL MONITORING STATUTORY (EU DIRECTIVES),RIVER / RUNNING SURFACE WATER,0077,Conductivity at 25 C,723,MICROSIEMENS PER CENTIMETRE
https://environment.data.gov.uk/water-quality/sampling-point/TH-PTHR0111/sample/1397429/observation/0085,TH-PTHR0111,THAMES AT WALLINGFORD BRIDGE,-1.1199,51.6012,Thames,THAMES - WEST THAMES,L&W NORTH - WT,OPEN,FRESHWATER - RIVERS,2023-10-06T08:14:00,ENVIRONMENTAL MONITORING STATUTORY (EU DIRECTIVES),RIVER / RUNNING SURFACE WATER,0085,BOD : 5 Day ATU,1.3,MILLIGRAM PER LITRE
https://environment.data.gov.uk/water-quality/sampling-point/TH-PTHR0111/sample/1397429/observation/0111,TH-PTHR0111,THAMES AT WALLINGFORD BRIDGE,-1.1199,51.6012,Thames,THAMES - WEST THAMES,L&W NORTH - WT,OPEN,FRESHWATER - RIVERS,2023-10-06T08:14:00,ENVIRONMENTAL MONITORING STATUTORY (EU DIRECTIVES),RIVER / RUNNING SURFACE WATER,0111,Ammoniacal Nitrogen as N,0.033,MILLIGRAM PER LITRE
https://environment.data.gov.uk/water-quality/sampling-point/TH-PTHR0111/sample/1397429/observation/0116,TH-PTHR0111,THAMES AT WALLINGFORD BRIDGE,-1.1199,51.6012,Thames,THAMES - WEST THAMES,L&W NORTH - WT,OPEN,FRESHWATER - RIVERS,2023-10-06T08:14:00,ENVIRONMENTAL MONITORING STATUTORY (EU DIRECTIVES),RIVER / RUNNING SURFACE WATER,0116,"Nitrogen, Total Oxidised as N",6.9,MILLIGRAM PER LITRE
https://environment.data.gov.uk/water-quality/sampling-point/TH-PTHR0111/sample/1397429/observation/0117,TH-PTHR0111,THAMES AT WALLINGFORD BRIDGE,-1.1199,51.6012,Thames,THAMES - WEST THAMES,L&W NORTH - WT,OPEN,FRESHWATER - RIVERS,2023-10-06T08:14:00,ENVIRONMENTAL MONITORING STATUTORY (EU DIRECTIVES),RIVER / RUNNING SURFACE WATER,0117,Nitrate as N,6.88,MILLIGRAM PER LITRE
https://environment.data.gov.uk/water-quality/sampling-point/TH-PTHR0111/sample/1397429/observation/0118,TH-PTHR0111,THAMES AT WALLINGFORD BRIDGE,-1.1199,51.6012,Thames,THAMES - WEST THAMES,L&W NORTH - WT,OPEN,FRESHWATER - RIVERS,2023-10-06T08:14:00,ENVIRONMENTAL MONITORING STATUTORY (EU DIRECTIVES),RIVER / RUNNING SURFACE WATER,0118,Nitrite as N,0.016,MILLIGRAM PER LITRE
https://environment.data.gov.uk/water-quality/sampling-point/TH-PTHR0111/sample/1397429/observation/0119,TH-PTHR0111,THAMES AT WALLINGFORD BRIDGE,-1.1199,51.6012,Thames,THAMES - WEST THAMES,L&W NORTH - WT,OPEN,FRESHWATER - RIVERS,2023-10-06T08:14:00,ENVIRONMENTAL MONITORING STATUTORY (EU DIRECTIVES),RIVER / RUNNING SURFACE WATER,0119,Ammonia un-ionised as N,0.00081,MILLIGRAM PER LITRE
https://environment.data.gov.uk/water-quality/sampling-point/TH-PTHR0111/sample/1397429/observation/0162,TH-PTHR0111,THAMES AT WALLINGFORD BRIDGE,-1.1199,51.6012,Thames,THAMES - WEST THAMES,L&W NORTH - WT,OPEN,FRESHWATER - RIVERS,2023-10-06T08:14:00,ENVIRONMENTAL MONITORING STATUTORY (EU DIRECTIVES),RIVER / RUNNING SURFACE WATER,0162,Alkalinity to pH 4.5 as CaCO3,220,MILLIGRAM PER LITRE
https://environment.data.gov.uk/water-quality/sampling-point/TH-PTHR0111/sample/1397429/observation/0180,TH-PTHR0111,THAMES AT WALLINGFORD BRIDGE,-1.1199,51.6012,Thames,THAMES - WEST THAMES,L&W NORTH - WT,OPEN,FRESHWATER - RIVERS,2023-10-06T08:14:00,ENVIRONMENTAL MONITORING STATUTORY (EU DIRECTIVES),RIVER / RUNNING SURFACE WATER,0180,"Orthophosphate, reactive as P",0.26,MILLIGRAM PER LITRE
https://environment.data.gov.uk/water-quality/sampling-point/TH-PTHR0111/sample/1397429/observation/9901,TH-PTHR0111,THAMES AT WALLINGFORD BRIDGE,-1.1199,51.6012,Thames,THAMES - WEST THAMES,L&W NORTH - WT,OPEN,FRESHWATER - RIVERS,2023-10-06T08:14:00,ENVIRONMENTAL MONITORING STATUTORY (EU DIRECTIVES),RIVER / RUNNING SURFACE WATER,9901,"Oxygen, Dissolved, % Saturation",93.8,PERCENTAGE
https://environment.data.gov.uk/water-quality/sampling-point/TH-PTHR0111/sample/1397429/observation/9924,TH-PTHR0111,THAMES AT WALLINGFORD BRIDGE,-1.1199,51.6012,Thames,THAMES - WEST THAMES,L&W NORTH - WT,OPEN,FRESHWATER - RIVERS,2023-10-06T08:14:00,ENVIRONMENTAL MONITORING STATUTORY (EU DIRECTIVES),RIVER / RUNNING SURFACE WATER,9924,"Oxygen, Dissolved as O2",9.5,MILLIGRAM PER LITRE
https://environment.data.gov.uk/water-quality/sampling-point/TH-PTHR0111/sample/1398948/observation/0061,TH-PTHR0111,THAMES AT WALLINGFORD BRIDGE,-1.1199,51.6012,Thames,THAMES - WEST THAMES,L&W NORTH - WT,OPEN,FRESHWATER - RIVERS,2023-11-01T08:28:00,ENVIRONMENTAL MONITORING STATUTORY (EU DIRECTIVES),RIVER / RUNNING SURFACE WATER,0061,pH,7.98,PH UNITS
https://environment.data.gov.uk/water-quality/sampling-point/TH-PTHR0111/sample/1398948/observation/0076,TH-PTHR0111,THAMES AT WALLINGFORD BRIDGE,-1.1199,51.6012,Thames,THAMES - WEST THAMES,L&W NORTH - WT,OPEN,FRESHWATER - RIVERS,2023-11-01T08:28:00,ENVIRONMENTAL MONITORING STATUTORY (EU DIRECTIVES),RIVER / RUNNING SURFACE WATER,0076,Temperature of Water,10.8,CELSIUS
https://environment.data.gov.uk/water-quality/sampling-point/TH-PTHR0111/sample/1398948/observation/0077,TH-PTHR0111,THAMES AT WALLINGFORD BRIDGE,-1.1199,51.6012,Thames,THAMES - WEST THAMES,L&W NORTH - WT,OPEN,FRESHWATER - RIVERS,2023-11-01T08:28:00,ENVIRONMENTAL MONITORING STATUTORY (EU DIRECTIVES),RIVER / RUNNING SURFACE WATER,0077,Conductivity at 25 C,619,MICROSIEMENS PER CENTIMETRE
https://environment.data.gov.uk/water-quality/sampling-point/TH-PTHR0111/sample/1398948/observation/0085,TH-PTHR0111,THAMES AT WALLINGFORD BRIDGE,-1.1199,51.6012,Thames,THAMES - WEST THAMES,L&W NORTH - WT,OPEN,FRESHWATER - RIVERS,2023-11-01T08:28:00,ENVIRONMENTAL MONITORING STATUTORY (EU DIRECTIVES),RIVER / RUNNING SURFACE WATER,0085,BOD : 5 Day ATU,1.3,MILLIGRAM PER LITRE
https://environment.data.gov.uk/water-quality/sampling-point/TH-PTHR0111/sample/1398948/observation/0111,TH-PTHR0111,THAMES AT WALLINGFORD BRIDGE,-1.1199,51.6012,Thames,THAMES - WEST THAMES,L&W NORTH - WT,OPEN,FRESHWATER - RIVERS,2023-11-01T08:28:00,ENVIRONMENTAL MONITORING STATUTORY (EU DIRECTIVES),RIVER / RUNNING SURFACE WATER,0111,Ammoniacal Nitrogen as N,<0.03,MILLIGRAM PER LITRE
https://environment.data.gov.uk/water-quality/sampling-point/TH-PTHR0111/sample/1398948/observation/0116,TH-PTHR0111,THAMES AT WALLINGFORD BRIDGE,-1.1199,51.6012,Thames,THAMES - WEST THAMES,L&W NORTH - WT,OPEN,FRESHWATER - RIVERS,2023-11-01T08:28:00,ENVIRONMENTAL MONITORING STATUTORY (EU DIRECTIVES),RIVER / RUNNING SURFACE WATER,0116,"Nitrogen, Total Oxidised as N",5.4,MILLIGRAM PER LITRE
https://environment.data.gov.uk/water-quality/sampling-point/TH-PTHR0111/sample/1398948/observation/0117,TH-PTHR0111,THAMES AT WALLINGFORD BRIDGE,-1.1199,51.6012,Thames,THAMES - WEST THAMES,L&W NORTH - WT,OPEN,FRESHWATER - RIVERS,2023-11-01T08:28:00,ENVIRONMENTAL MONITORING STATUTORY (EU DIRECTIVES),RIVER / RUNNING SURFACE WATER,0117,Nitrate as N,5.39,MILLIGRAM PER LITRE
https://environment.data.gov.uk/water-quality/sampling-point/TH-PTHR0111/sample/1398948/observation/0118,TH-PTHR0111,THAMES AT WALLINGFORD BRIDGE,-1.1199,51.6012,Thames,THAMES - WEST THAMES,L&W NORTH - WT,OPEN,FRESHWATER - RIVERS,2023-11-01T08:28:00,ENVIRONMENTAL MONITORING STATUTORY (EU DIRECTIVES),RIVER / RUNNING SURFACE WATER,0118,Nitrite as N,0.015,MILLIGRAM PER LITRE
https://environment.data.gov.uk/water-quality/sampling-point/TH-PTHR0111/sample/1398948/observation/0119,TH-PTHR0111,THAMES AT WALLINGFORD BRIDGE,-1.1199,51.6012,Thames,THAMES - WEST THAMES,L&W NORTH - WT,OPEN,FRESHWATER - RIVERS,2023-11-01T08:28:00,ENVIRONMENTAL MONITORING STATUTORY (EU DIRECTIVES),RIVER / RUNNING SURFACE WATER,0119,Ammonia un-ionised as N,<0.00055,MILLIGRAM PER LITRE
https://environment.data.gov.uk/water-quality/sampling-point/TH-PTHR0111/sample/1398948/observation/0162,TH-PTHR0111,THAMES AT WALLINGFORD BRIDGE,-1.1199,51.6012,Thames,THAMES - WEST THAMES,L&W NORTH - WT,OPEN,FRESHWATER - RIVERS,2023-11-01T08:28:00,ENVIRONMENTAL MONITORING STATUTORY (EU DIRECTIVES),RIVER / RUNNING SURFACE WATER,0162,Alkalinity to pH 4.5 as CaCO3,230,MILLIGRAM PER LITRE
https://environment.data.gov.uk/water-quality/sampling-point/TH-PTHR0111/sample/1398948/observation/0180,TH-PTHR0111,THAMES AT WALLINGFORD BRIDGE,-1.1199,51.6012,Thames,THAMES - WEST THAMES,L&W NORTH - WT,OPEN,FRESHWATER - RIVERS,2023-11-01T08:28:00,ENVIRONMENTAL MONITORING STATUTORY (EU DIRECTIVES),RIVER / RUNNING SURFACE WATER,0180,"Orthophosphate, reactive as P",0.15,MILLIGRAM PER LITRE
https://environment.data.gov.uk/water-quality/sampling-point/TH-PTHR0111/sample/1398948/observation/9901,TH-PTHR0111,THAMES AT WALLINGFORD BRIDGE,-1.1199,51.6012,Thames,THAMES - WEST THAMES,L&W NORTH - WT,OPEN,FRESHWATER - RIVERS,2023-11-01T08:28:00,ENVIRONMENTAL MONITORING STATUTORY (EU DIRECTIVES),RIVER / RUNNING SURFACE WATER,9901,"Oxygen, Dissolved, % Saturation",96,PERCENTAGE
https://environment.data.gov.uk/water-quality/sampling-point/TH-PTHR0111/sample/1398948/observation/9924,TH-PTHR0111,THAMES AT WALLINGFORD BRIDGE,-1.1199,51.6012,Thames,THAMES - WEST THAMES,L&W NORTH - WT,OPEN,FRESHWATER - RIVERS,2023-11-01T08:28:00,ENVIRONMENTAL MONITORING STATUTORY (EU DIRECTIVES),RIVER / RUNNING SURFACE WATER,9924,"Oxygen, Dissolved as O2",10.6,MILLIGRAM PER LITRE
https://environment.data.gov.uk/water-quality/sampling-point/TH-PTHR0111/sample/1400713/observation/0061,TH-PTHR0111,THAMES AT WALLINGFORD BRIDGE,-1.1199,51.6012,Thames,THAMES - WEST THAMES,L&W NORTH - WT,OPEN,FRESHWATER - RIVERS,2023-12-04T12:46:00,ENVIRONMENTAL MONITORING STATUTORY (EU DIRECTIVES),RIVER / RUNNING SURFACE WATER,0061,pH,8.05,PH UNITS
https://environment.data.gov.uk/water-quality/sampling-point/TH-PTHR0111/sample/1400713/observation/0076,TH-PTHR0111,THAMES AT WALLINGFORD BRIDGE,-1.1199,51.6012,Thames,THAMES - WEST THAMES,L&W NORTH - WT,OPEN,FRESHWATER - RIVERS,2023-12-04T12:46:00,ENVIRONMENTAL MONITORING STATUTORY (EU DIRECTIVES),RIVER / RUNNING SURFACE WATER,0076,Temperature of Water,6,CELSIUS
https://environment.data.gov.uk/water-quality/sampling-point/TH-PTHR0111/sample/1400713/observation/0077,TH-PTHR0111,THAMES AT WALLINGFORD BRIDGE,-1.1199,51.6012,Thames,THAMES - WEST THAMES,L&W NORTH - WT,OPEN,FRESHWATER - RIVERS,2023-12-04T12:46:00,ENVIRONMENTAL MONITORING STATUTORY (EU DIRECTIVES),RIVER / RUNNING SURFACE WATER,0077,Conductivity at 25 C,691,MICROSIEMENS PER CENTIMETRE
https://environment.data.gov.uk/water-quality/sampling-point/TH-PTHR0111/sample/1400713/observation/0085,TH-PTHR0111,THAMES AT WALLINGFORD BRIDGE,-1.1199,51.6012,Thames,THAMES - WEST THAMES,L&W NORTH - WT,OPEN,FRESHWATER - RIVERS,2023-12-04T12:46:00,ENVIRONMENTAL MONITORING STATUTORY (EU DIRECTIVES),RIVER / RUNNING SURFACE WATER,0085,BOD : 5 Day ATU,1.7,MILLIGRAM PER LITRE
https://environment.data.gov.uk/water-quality/sampling-point/TH-PTHR0111/sample/1400713/observation/0111,TH-PTHR0111,THAMES AT WALLINGFORD BRIDGE,-1.1199,51.6012,Thames,THAMES - WEST THAMES,L&W NORTH - WT,OPEN,FRESHWATER - RIVERS,2023-12-04T12:46:00,ENVIRONMENTAL MONITORING STATUTORY (EU DIRECTIVES),RIVER / RUNNING SURFACE WATER,0111,Ammoniacal Nitrogen as N,0.066,MILLIGRAM PER LITRE
https://environment.data.gov.uk/water-quality/sampling-point/TH-PTHR0111/sample/1400713/observation/0116,TH-PTHR0111,THAMES AT WALLINGFORD BRIDGE,-1.1199,51.6012,Thames,THAMES - WEST THAMES,L&W NORTH - WT,OPEN,FRESHWATER - RIVERS,2023-12-04T12:46:00,ENVIRONMENTAL MONITORING STATUTORY (EU DIRECTIVES),RIVER / RUNNING SURFACE WATER,0116,"Nitrogen, Total Oxidised as N",6.4,MILLIGRAM PER LITRE
https://environment.data.gov.uk/water-quality/sampling-point/TH-PTHR0111/sample/1400713/observation/0117,TH-PTHR0111,THAMES AT WALLINGFORD BRIDGE,-1.1199,51.6012,Thames,THAMES - WEST THAMES,L&W NORTH - WT,OPEN,FRESHWATER - RIVERS,2023-12-04T12:46:00,ENVIRONMENTAL MONITORING STATUTORY (EU DIRECTIVES),RIVER / RUNNING SURFACE WATER,0117,Nitrate as N,6.37,MILLIGRAM PER LITRE
https://environment.data.gov.uk/water-quality/sampling-point/TH-PTHR0111/sample/1400713/observation/0118,TH-PTHR0111,THAMES AT WALLINGFORD BRIDGE,-1.1199,51.6012,Thames,THAMES - WEST THAMES,L&W NORTH - WT,OPEN,FRESHWATER - RIVERS,2023-12-04T12:46:00,ENVIRONMENTAL MONITORING STATUTORY (EU DIRECTIVES),RIVER / RUNNING SURFACE WATER,0118,Nitrite as N,0.032,MILLIGRAM PER LITRE
https://environment.data.gov.uk/water-quality/sampling-point/TH-PTHR0111/sample/1400713/observation/0119,TH-PTHR0111,THAMES AT WALLINGFORD BRIDGE,-1.1199,51.6012,Thames,THAMES - WEST THAMES,L&W NORTH - WT,OPEN,FRESHWATER - RIVERS,2023-12-04T12:46:00,ENVIRONMENTAL MONITORING STATUTORY (EU DIRECTIVES),RIVER / RUNNING SURFACE WATER,0119,Ammonia un-ionised as N,0.0009,MILLIGRAM PER LITRE
https://environment.data.gov.uk/water-quality/sampling-point/TH-PTHR0111/sample/1400713/observation/0162,TH-PTHR0111,THAMES AT WALLINGFORD BRIDGE,-1.1199,51.6012,Thames,THAMES - WEST THAMES,L&W NORTH - WT,OPEN,FRESHWATER - RIVERS,2023-12-04T12:46:00,ENVIRONMENTAL MONITORING STATUTORY (EU DIRECTIVES),RIVER / RUNNING SURFACE WATER,0162,Alkalinity to pH 4.5 as CaCO3,250,MILLIGRAM PER LITRE
https://environment.data.gov.uk/water-quality/sampling-point/TH-PTHR0111/sample/1400713/observation/0180,TH-PTHR0111,THAMES AT WALLINGFORD BRIDGE,-1.1199,51.6012,Thames,THAMES - WEST THAMES,L&W NORTH - WT,OPEN,FRESHWATER - RIVERS,2023-12-04T12:46:00,ENVIRONMENTAL MONITORING STATUTORY (EU DIRECTIVES),RIVER / RUNNING SURFACE WATER,0180,"Orthophosphate, reactive as P",0.12,MILLIGRAM PER LITRE
https://environment.data.gov.uk/water-quality/sampling-point/TH-PTHR0111/sample/1400713/observation/9901,TH-PTHR0111,THAMES AT WALLINGFORD BRIDGE,-1.1199,51.6012,Thames,THAMES - WEST THAMES,L&W NORTH - WT,OPEN,FRESHWATER - RIVERS,2023-12-04T12:46:00,ENVIRONMENTAL MONITORING STATUTORY (EU DIRECTIVES),RIVER / RUNNING SURFACE WATER,9901,"Oxygen, Dissolved, % Saturation",101.4,PERCENTAGE
https://environment.data.gov.uk/water-quality/sampling-point/TH-PTHR0111/sample/1400713/observation/9924,TH-PTHR0111,THAMES AT WALLINGFORD BRIDGE,-1.1199,51.6012,Thames,THAMES - WEST THAMES,L&W NORTH - WT,OPEN,FRESHWATER - RIVERS,2023-12-04T12:46:00,ENVIRONMENTAL MONITORING STATUTORY (EU DIRECTIVES),RIVER / RUNNING SURFACE WATER,9924,"Oxygen, Dissolved as O2",12.6,MILLIGRAM PER LITRE
https://environment.data.gov.uk/water-quality/sampling-point/TH-PTHR0120/sample/1392609/observation/0061,TH-PTHR0120,THAMES JUST ABOVE GORING WEIR,-1.1423,51.523,Thames,THAMES - WEST THAMES,L&W NORTH - WT,OPEN,FRESHWATER - RIVERS,2023-06-16T09:50:00,ENVIRONMENTAL MONITORING STATUTORY (EU DIRECTIVES),RIVER / RUNNING SURFACE WATER,0061,pH,7.98,PH UNITS
https://environment.data.gov.uk/water-quality/sampling-point/TH-PTHR0120/sample/1392609/observation/0076,TH-PTHR0120,THAMES JUST ABOVE GORING WEIR,-1.1423,51.523,Thames,THAMES - WEST THAMES,L&W NORTH - WT,OPEN,FRESHWATER - RIVERS,2023-06-16T09:50:00,ENVIRONMENTAL MONITORING STATUTORY (EU DIRECTIVES),RIVER / RUNNING SURFACE WATER,0076,Temperature of Water,21.2,CELSIUS
https://environment.data.gov.uk/water-quality/sampling-point/TH-PTHR0120/sample/1392609/observation/0077,TH-PTHR0120,THAMES JUST ABOVE GORING WEIR,-1.1423,51.523,Thames,THAMES - WEST THAMES,L&W NORTH - WT,OPEN,FRESHWATER - RIVERS,2023-06-16T09:50:00,ENVIRONMENTAL MONITORING STATUTORY (EU DIRECTIVES),RIVER / RUNNING SURFACE WATER,0077,Conductivity at 25 C,687,MICROSIEMENS PER CENTIMETRE
https://environment.data.gov.uk/water-quality/sampling-point/TH-PTHR0120/sample/1392609/observation/0085,TH-PTHR0120,THAMES JUST ABOVE GORING WEIR,-1.1423,51.523,Thames,THAMES - WEST THAMES,L&W NORTH - WT,OPEN,FRESHWATER - RIVERS,2023-06-16T09:50:00,ENVIRONMENTAL MONITORING STATUTORY (EU DIRECTIVES),RIVER / RUNNING SURFACE WATER,0085,BOD : 5 Day ATU,<1,MILLIGRAM PER LITRE
https://environment.data.gov.uk/water-quality/sampling-point/TH-PTHR0120/sample/1392609/observation/0111,TH-PTHR0120,THAMES JUST ABOVE GORING WEIR,-1.1423,51.523,Thames,THAMES - WEST THAMES,L&W NORTH - WT,OPEN,FRESHWATER - RIVERS,2023-06-16T09:50:00,ENVIRONMENTAL MONITORING STATUTORY (EU DIRECTIVES),RIVER / RUNNING SURFACE WATER,0111,Ammoniacal Nitrogen as N,0.055,MILLIGRAM PER LITRE
https://environment.data.gov.uk/water-quality/sampling-point/TH-PTHR0120/sample/1392609/observation/0116,TH-PTHR0120,THAMES JUST ABOVE GORING WEIR,-1.1423,51.523,Thames,THAMES - WEST THAMES,L&W NORTH - WT,OPEN,FRESHWATER - RIVERS,2023-06-16T09:50:00,ENVIRONMENTAL MONITORING STATUTORY (EU DIRECTIVES),RIVER / RUNNING SURFACE WATER,0116,"Nitrogen, Total Oxidised as N",6.5,MILLIGRAM PER LITRE
https://environment.data.gov.uk/water-quality/sampling-point/TH-PTHR0120/sample/1392609/observation/0117,TH-PTHR0120,THAMES JUST ABOVE GORING WEIR,-1.1423,51.523,Thames,THAMES - WEST THAMES,L&W NORTH - WT,OPEN,FRESHWATER - RIVERS,2023-06-16T09:50:00,ENVIRONMENTAL MONITORING STATUTORY (EU DIRECTIVES),RIVER / RUNNING SURFACE WATER,0117,Nitrate as N,6.45,MILLIGRAM PER LITRE
https://environment.data.gov.uk/water-quality/sampling-point/TH-PTHR0120/sample/1392609/observation/0118,TH-PTHR0120,THAMES JUST ABOVE GORING WEIR,-1.1423,51.523,Thames,THAMES - WEST THAMES,L&W NORTH - WT,OPEN,FRESHWATER - RIVERS,2023-06-16T09:50:00,ENVIRONMENTAL MONITORING STATUTORY (EU DIRECTIVES),RIVER / RUNNING SURFACE WATER,0118,Nitrite as N,0.052,MILLIGRAM PER LITRE
https://environment.data.gov.uk/water-quality/sampling-point/TH-PTHR0120/sample/1392609/observation/0119,TH-PTHR0120,THAMES JUST ABOVE GORING WEIR,-1.1423,51.523,Thames,THAMES - WEST THAMES,L&W NORTH - WT,OPEN,FRESHWATER - RIVERS,2023-06-16T09:50:00,ENVIRONMENTAL MONITORING STATUTORY (EU DIRECTIVES),RIVER / RUNNING SURFACE WATER,0119,Ammonia un-ionised as N,0.00216,MILLIGRAM PER LITRE
https://environment.data.gov.uk/water-quality/sampling-point/TH-PTHR0120/sample/1392609/observation/0162,TH-PTHR0120,THAMES JUST ABOVE GORING WEIR,-1.1423,51.523,Thames,THAMES - WEST THAMES,L&W NORTH - WT,OPEN,FRESHWATER - RIVERS,2023-06-16T09:50:00,ENVIRONMENTAL MONITORING STATUTORY (EU DIRECTIVES),RIVER / RUNNING SURFACE WATER,0162,Alkalinity to pH 4.5 as CaCO3,220,MILLIGRAM PER LITRE
https://environment.data.gov.uk/water-quality/sampling-point/TH-PTHR0120/sample/1392609/observation/0180,TH-PTHR0120,THAMES JUST ABOVE GORING WEIR,-1.1423,51.523,Thames,THAMES - WEST THAMES,L&W NORTH - WT,OPEN,FRESHWATER - RIVERS,2023-06-16T09:50:00,ENVIRONMENTAL MONITORING STATUTORY (EU DIRECTIVES),RIVER / RUNNING SURFACE WATER,0180,"Orthophosphate, reactive as P",0.19,MILLIGRAM PER LITRE
https://environment.data.gov.uk/water-quality/sampling-point/TH-PTHR0120/sample/1392609/observation/9901,TH-PTHR0120,THAMES JUST ABOVE GORING WEIR,-1.1423,51.523,Thames,THAMES - WEST THAMES,L&W NORTH - WT,OPEN,FRESHWATER - RIVERS,2023-06-16T09:50:00,ENVIRONMENTAL MONITORING STATUTORY (EU DIRECTIVES),RIVER / RUNNING SURFACE WATER,9901,"Oxygen, Dissolved, % Saturation",97.4,PERCENTAGE
https://environment.data.gov.uk/water-quality/sampling-point/TH-PTHR0120/sample/1392609/observation/9924,TH-PTHR0120,THAMES JUST ABOVE GORING WEIR,-1.1423,51.523,Thames,THAMES - WEST THAMES,L&W NORTH - WT,OPEN,FRESHWATER - RIVERS,2023-06-16T09:50:00,ENVIRONMENTAL MONITORING STATUTORY (EU DIRECTIVES),RIVER / RUNNING SURFACE WATER,9924,"Oxygen, Dissolved as O2",8.63,MILLIGRAM PER LITRE
https://environment.data.gov.uk/water-quality/sampling-point/TH-PTHR0120/sample/1394421/observation/0061,TH-PTHR0120,THAMES JUST ABOVE GORING WEIR,-1.1423,51.523,Thames,THAMES - WEST THAMES,L&W NORTH - WT,OPEN,FRESHWATER - RIVERS,2023-07-21T14:43:00,ENVIRONMENTAL MONITORING STATUTORY (EU DIRECTIVES),RIVER / RUNNING SURFACE WATER,0061,pH,8.1,PH UNITS
https://environment.data.gov.uk/water-quality/sampling-point/TH-PTHR0120/sample/1394421/observation/0076,TH-PTHR0120,THAMES JUST ABOVE GORING WEIR,-1.1423,51.523,Thames,THAMES - WEST THAMES,L&W NORTH - WT,OPEN,FRESHWATER - RIVERS,2023-07-21T14:43:00,ENVIRONMENTAL MONITORING STATUTORY (EU DIRECTIVES),RIVER / RUNNING SURFACE WATER,0076,Temperature of Water,18.7,CELSIUS
https://environment.data.gov.uk/water-quality/sampling-point/TH-PTHR0120/sample/1394421/observation/0077,TH-PTHR0120,THAMES JUST ABOVE GORING WEIR,-1.1423,51.523,Thames,THAMES - WEST THAMES,L&W NORTH - WT,OPEN,FRESHWATER - RIVERS,2023-07-21T14:43:00,ENVIRONMENTAL MONITORING STATUTORY (EU DIRECTIVES),RIVER / RUNNING SURFACE WATER,0077,Conductivity at 25 C,670,MICROSIEMENS PER CENTIMETRE
https://environment.data.gov.uk/water-quality/sampling-point/TH-PTHR0120/sample/1394421/observation/0111,TH-PTHR0120,THAMES JUST ABOVE GORING WEIR,-1.1423,51.523,Thames,THAMES - WEST THAMES,L&W NORTH - WT,OPEN,FRESHWATER - RIVERS,2023-07-21T14:43:00,ENVIRONMENTAL MONITORING STATUTORY (EU DIRECTIVES),RIVER / RUNNING SURFACE WATER,0111,Ammoniacal Nitrogen as N,0.042,MILLIGRAM PER LITRE
https://environment.data.gov.uk/water-quality/sampling-point/TH-PTHR0120/sample/1394421/observation/0116,TH-PTHR0120,THAMES JUST ABOVE GORING WEIR,-1.1423,51.523,Thames,THAMES - WEST THAMES,L&W NORTH - WT,OPEN,FRESHWATER - RIVERS,2023-07-21T14:43:00,ENVIRONMENTAL MONITORING STATUTORY (EU DIRECTIVES),RIVER / RUNNING SURFACE WATER,0116,"Nitrogen, Total Oxidised as N",6.3,MILLIGRAM PER LITRE
https://environment.data.gov.uk/water-quality/sampling-point/TH-PTHR0120/sample/1394421/observation/0117,TH-PTHR0120,THAMES JUST ABOVE GORING WEIR,-1.1423,51.523,Thames,THAMES - WEST THAMES,L&W NORTH - WT,OPEN,FRESHWATER - RIVERS,2023-07-21T14:43:00,ENVIRONMENTAL MONITORING STATUTORY (EU DIRECTIVES),RIVER / RUNNING SURFACE WATER,0117,Nitrate as N,6.28,MILLIGRAM PER LITRE
https://environment.data.gov.uk/water-quality/sampling-point/TH-PTHR0120/sample/1394421/observation/0118,TH-PTHR0120,THAMES JUST ABOVE GORING WEIR,-1.1423,51.523,Thames,THAMES - WEST THAMES,L&W NORTH - WT,OPEN,FRESHWATER - RIVERS,2023-07-21T14:43:00,ENVIRONMENTAL MONITORING STATUTORY (EU DIRECTIVES),RIVER / RUNNING SURFACE WATER,0118,Nitrite as N,0.025,MILLIGRAM PER LITRE
https://environment.data.gov.uk/water-quality/sampling-point/TH-PTHR0120/sample/1394421/observation/0119,TH-PTHR0120,THAMES JUST ABOVE GORING WEIR,-1.1423,51.523,Thames,THAMES - WEST THAMES,L&W NORTH - WT,OPEN,FRESHWATER - RIVERS,2023-07-21T14:43:00,ENVIRONMENTAL MONITORING STATUTORY (EU DIRECTIVES),RIVER / RUNNING SURFACE WATER,0119,Ammonia un-ionised as N,0.00144,MILLIGRAM PER LITRE
https://environment.data.gov.uk/water-quality/sampling-point/TH-PTHR0120/sample/1394421/observation/0162,TH-PTHR0120,THAMES JUST ABOVE GORING WEIR,-1.1423,51.523,Thames,THAMES - WEST THAMES,L&W NORTH - WT,OPEN,FRESHWATER - RIVERS,2023-07-21T14:43:00,ENVIRONMENTAL MONITORING STATUTORY (EU DIRECTIVES),RIVER / RUNNING SURFACE WATER,0162,Alkalinity to pH 4.5 as CaCO3,210,MILLIGRAM PER LITRE
https://environment.data.gov.uk/water-quality/sampling-point/TH-PTHR0120/sample/1394421/observation/0180,TH-PTHR0120,THAMES JUST ABOVE GORING WEIR,-1.1423,51.523,Thames,THAMES - WEST THAMES,L&W NORTH - WT,OPEN,FRESHWATER - RIVERS,2023-07-21T14:43:00,ENVIRONMENTAL MONITORING STATUTORY (EU DIRECTIVES),RIVER / RUNNING SURFACE WATER,0180,"Orthophosphate, reactive as P",0.27,MILLIGRAM PER LITRE
https://environment.data.gov.uk/water-quality/sampling-point/TH-PTHR0120/sample/1394421/observation/9901,TH-PTHR0120,THAMES JUST ABOVE GORING WEIR,-1.1423,51.523,Thames,THAMES - WEST THAMES,L&W NORTH - WT,OPEN,FRESHWATER - RIVERS,2023-07-21T14:43:00,ENVIRONMENTAL MONITORING STATUTORY (EU DIRECTIVES),RIVER / RUNNING SURFACE WATER,9901,"Oxygen, Dissolved, % Saturation",118.8,PERCENTAGE
https://environment.data.gov.uk/water-quality/sampling-point/TH-PTHR0120/sample/1394421/observation/9924,TH-PTHR0120,THAMES JUST ABOVE GORING WEIR,-1.1423,51.523,Thames,THAMES - WEST THAMES,L&W NORTH - WT,OPEN,FRESHWATER - RIVERS,2023-07-21T14:43:00,ENVIRONMENTAL MONITORING STATUTORY (EU DIRECTIVES),RIVER / RUNNING SURFACE WATER,9924,"Oxygen, Dissolved as O2",11.1,MILLIGRAM PER LITRE
https://environment.data.gov.uk/water-quality/sampling-point/TH-PTHR0120/sample/1395039/observation/0061,TH-PTHR0120,THAMES JUST ABOVE GORING WEIR,-1.1423,51.523,Thames,THAMES - WEST THAMES,L&W NORTH - WT,OPEN,FRESHWATER - RIVERS,2023-08-07T12:06:00,ENVIRONMENTAL MONITORING STATUTORY (EU DIRECTIVES),RIVER / RUNNING SURFACE WATER,0061,pH,7.96,PH UNITS
https://environment.data.gov.uk/water-quality/sampling-point/TH-PTHR0120/sample/1395039/observation/0076,TH-PTHR0120,THAMES JUST ABOVE GORING WEIR,-1.1423,51.523,Thames,THAMES - WEST THAMES,L&W NORTH - WT,OPEN,FRESHWATER - RIVERS,2023-08-07T12:06:00,ENVIRONMENTAL MONITORING STATUTORY (EU DIRECTIVES),RIVER / RUNNING SURFACE WATER,0076,Temperature of Water,17.7,CELSIUS
https://environment.data.gov.uk/water-quality/sampling-point/TH-PTHR0120/sample/1395039/observation/0077,TH-PTHR0120,THAMES JUST ABOVE GORING WEIR,-1.1423,51.523,Thames,THAMES - WEST THAMES,L&W NORTH - WT,OPEN,FRESHWATER - RIVERS,2023-08-07T12:06:00,ENVIRONMENTAL MONITORING STATUTORY (EU DIRECTIVES),RIVER / RUNNING SURFACE WATER,0077,Conductivity at 25 C,665,MICROSIEMENS PER CENTIMETRE
https://environment.data.gov.uk/water-quality/sampling-point/TH-PTHR0120/sample/1395039/observation/0085,TH-PTHR0120,THAMES JUST ABOVE GORING WEIR,-1.1423,51.523,Thames,THAMES - WEST THAMES,L&W NORTH - WT,OPEN,FRESHWATER - RIVERS,2023-08-07T12:06:00,ENVIRONMENTAL MONITORING STATUTORY (EU DIRECTIVES),RIVER / RUNNING SURFACE WATER,0085,BOD : 5 Day ATU,<3,MILLIGRAM PER LITRE
https://environment.data.gov.uk/water-quality/sampling-point/TH-PTHR0120/sample/1395039/observation/0106,TH-PTHR0120,THAMES JUST ABOVE GORING WEIR,-1.1423,51.523,Thames,THAMES - WEST THAMES,L&W NORTH - WT,OPEN,FRESHWATER - RIVERS,2023-08-07T12:06:00,ENVIRONMENTAL MONITORING STATUTORY (EU DIRECTIVES),RIVER / RUNNING SURFACE WATER,0106,"Cadmium, Dissolved",0.014,MICROGRAM PER LITRE
https://environment.data.gov.uk/water-quality/sampling-point/TH-PTHR0120/sample/1395039/observation/0111,TH-PTHR0120,THAMES JUST ABOVE GORING WEIR,-1.1423,51.523,Thames,THAMES - WEST THAMES,L&W NORTH - WT,OPEN,FRESHWATER - RIVERS,2023-08-07T12:06:00,ENVIRONMENTAL MONITORING STATUTORY (EU DIRECTIVES),RIVER / RUNNING SURFACE WATER,0111,Ammoniacal Nitrogen as N,0.034,MILLIGRAM PER LITRE
https://environment.data.gov.uk/water-quality/sampling-point/TH-PTHR0120/sample/1395039/observation/0116,TH-PTHR0120,THAMES JUST ABOVE GORING WEIR,-1.1423,51.523,Thames,THAMES - WEST THAMES,L&W NORTH - WT,OPEN,FRESHWATER - RIVERS,2023-08-07T12:06:00,ENVIRONMENTAL MONITORING STATUTORY (EU DIRECTIVES),RIVER / RUNNING SURFACE WATER,0116,"Nitrogen, Total Oxidised as N",5.9,MILLIGRAM PER LITRE
https://environment.data.gov.uk/water-quality/sampling-point/TH-PTHR0120/sample/1395039/observation/0117,TH-PTHR0120,THAMES JUST ABOVE GORING WEIR,-1.1423,51.523,Thames,THAMES - WEST THAMES,L&W NORTH - WT,OPEN,FRESHWATER - RIVERS,2023-08-07T12:06:00,ENVIRONMENTAL MONITORING STATUTORY (EU DIRECTIVES),RIVER / RUNNING SURFACE WATER,0117,Nitrate as N,5.88,MILLIGRAM PER LITRE
https://environment.data.gov.uk/water-quality/sampling-point/TH-PTHR0120/sample/1395039/observation/0118,TH-PTHR0120,THAMES JUST ABOVE GORING WEIR,-1.1423,51.523,Thames,THAMES - WEST THAMES,L&W NORTH - WT,OPEN,FRESHWATER - RIVERS,2023-08-07T12:06:00,ENVIRONMENTAL MONITORING STATUTORY (EU DIRECTIVES),RIVER / RUNNING SURFACE WATER,0118,Nitrite as N,0.02,MILLIGRAM PER LITRE
https://environment.data.gov.uk/water-quality/sampling-point/TH-PTHR0120/sample/1395039/observation/0119,TH-PTHR0120,THAMES JUST ABOVE GORING WEIR,-1.1423,51.523,Thames,THAMES - WEST THAMES,L&W NORTH - WT,OPEN,FRESHWATER - RIVERS,2023-08-07T12:06:00,ENVIRONMENTAL MONITORING STATUTORY (EU DIRECTIVES),RIVER / RUNNING SURFACE WATER,0119,Ammonia un-ionised as N,0.00099,MILLIGRAM PER LITRE
https://environment.data.gov.uk/water-quality/sampling-point/TH-PTHR0120/sample/1395039/observation/0162,TH-PTHR0120,THAMES JUST ABOVE GORING WEIR,-1.1423,51.523,Thames,THAMES - WEST THAMES,L&W NORTH - WT,OPEN,FRESHWATER - RIVERS,2023-08-07T12:06:00,ENVIRONMENTAL MONITORING STATUTORY (EU DIRECTIVES),RIVER / RUNNING SURFACE WATER,0162,Alkalinity to pH 4.5 as CaCO3,210,MILLIGRAM PER LITRE
https://environment.data.gov.uk/water-quality/sampling-point/TH-PTHR0120/sample/1395039/observation/0180,TH-PTHR0120,THAMES JUST ABOVE GORING WEIR,-1.1423,51.523,Thames,THAMES - WEST THAMES,L&W NORTH - WT,OPEN,FRESHWATER - RIVERS,2023-08-07T12:06:00,ENVIRONMENTAL MONITORING STATUTORY (EU DIRECTIVES),RIVER / RUNNING SURFACE WATER,0180,"Orthophosphate, reactive as P",0.24,MILLIGRAM PER LITRE
https://environment.data.gov.uk/water-quality/sampling-point/TH-PTHR0120/sample/1395039/observation/0235,TH-PTHR0120,THAMES JUST ABOVE GORING WEIR,-1.1423,51.523,Thames,THAMES - WEST THAMES,L&W NORTH - WT,OPEN,FRESHWATER - RIVERS,2023-08-07T12:06:00,ENVIRONMENTAL MONITORING STATUTORY (EU DIRECTIVES),RIVER / RUNNING SURFACE WATER,0235,"Magnesium, Dissolved",4.8,MILLIGRAM PER LITRE
https://environment.data.gov.uk/water-quality/sampling-point/TH-PTHR0120/sample/1395039/observation/0239,TH-PTHR0120,THAMES JUST ABOVE GORING WEIR,-1.1423,51.523,Thames,THAMES - WEST THAMES,L&W NORTH - WT,OPEN,FRESHWATER - RIVERS,2023-08-07T12:06:00,ENVIRONMENTAL MONITORING STATUTORY (EU DIRECTIVES),RIVER / RUNNING SURFACE WATER,0239,"Calcium, Dissolved",100,MILLIGRAM PER LITRE
https://environment.data.gov.uk/water-quality/sampling-point/TH-PTHR0120/sample/1395039/observation/0301,TH-PTHR0120,THAMES JUST ABOVE GORING WEIR,-1.1423,51.523,Thames,THAMES - WEST THAMES,L&W NORTH - WT,OPEN,FRESHWATER - RIVERS,2023-08-07T12:06:00,ENVIRONMENTAL MONITORING STATUTORY (EU DIRECTIVES),RIVER / RUNNING SURFACE WATER,0301,"Carbon, Organic, Dissolved as C :- {DOC}",3.7,MILLIGRAM PER LITRE
https://environment.data.gov.uk/water-quality/sampling-point/TH-PTHR0120/sample/1395039/observation/9901,TH-PTHR0120,THAMES JUST ABOVE GORING WEIR,-1.1423,51.523,Thames,THAMES - WEST THAMES,L&W NORTH - WT,OPEN,FRESHWATER - RIVERS,2023-08-07T12:06:00,ENVIRONMENTAL MONITORING STATUTORY (EU DIRECTIVES),RIVER / RUNNING SURFACE WATER,9901,"Oxygen, Dissolved, % Saturation",96.6,PERCENTAGE
https://environment.data.gov.uk/water-quality/sampling-point/TH-PTHR0120/sample/1395039/observation/9924,TH-PTHR0120,THAMES JUST ABOVE GORING WEIR,-1.1423,51.523,Thames,THAMES - WEST THAMES,L&W NORTH - WT,OPEN,FRESHWATER - RIVERS,2023-08-07T12:06:00,ENVIRONMENTAL MONITORING STATUTORY (EU DIRECTIVES),RIVER / RUNNING SURFACE WATER,9924,"Oxygen, Dissolved as O2",9.18,MILLIGRAM PER LITRE
https://environment.data.gov.uk/water-quality/sampling-point/TH-PTHR0120/sample/1396265/observation/0061,TH-PTHR0120,THAMES JUST ABOVE GORING WEIR,-1.1423,51.523,Thames,THAMES - WEST THAMES,L&W NORTH - WT,OPEN,FRESHWATER - RIVERS,2023-09-01T12:14:00,ENVIRONMENTAL MONITORING STATUTORY (EU DIRECTIVES),RIVER / RUNNING SURFACE WATER,0061,pH,7.94,PH UNITS
https://environment.data.gov.uk/water-quality/sampling-point/TH-PTHR0120/sample/1396265/observation/0076,TH-PTHR0120,THAMES JUST ABOVE GORING WEIR,-1.1423,51.523,Thames,THAMES - WEST THAMES,L&W NORTH - WT,OPEN,FRESHWATER - RIVERS,2023-09-01T12:14:00,ENVIRONMENTAL MONITORING STATUTORY (EU DIRECTIVES),RIVER / RUNNING SURFACE WATER,0076,Temperature of Water,17.7,CELSIUS
https://environment.data.gov.uk/water-quality/sampling-point/TH-PTHR0120/sample/1396265/observation/0077,TH-PTHR0120,THAMES JUST ABOVE GORING WEIR,-1.1423,51.523,Thames,THAMES - WEST THAMES,L&W NORTH - WT,OPEN,FRESHWATER - RIVERS,2023-09-01T12:14:00,ENVIRONMENTAL MONITORING STATUTORY (EU DIRECTIVES),RIVER / RUNNING SURFACE WATER,0077,Conductivity at 25 C,748,MICROSIEMENS PER CENTIMETRE
https://environment.data.gov.uk/water-quality/sampling-point/TH-PTHR0120/sample/1396265/observation/0085,TH-PTHR0120,THAMES JUST ABOVE GORING WEIR,-1.1423,51.523,Thames,THAMES - WEST THAMES,L&W NORTH - WT,OPEN,FRESHWATER - RIVERS,2023-09-01T12:14:00,ENVIRONMENTAL MONITORING STATUTORY (EU DIRECTIVES),RIVER / RUNNING SURFACE WATER,0085,BOD : 5 Day ATU,<1,MILLIGRAM PER LITRE
https://environment.data.gov.uk/water-quality/sampling-point/TH-PTHR0120/sample/1396265/observation/0111,TH-PTHR0120,THAMES JUST ABOVE GORING WEIR,-1.1423,51.523,Thames,THAMES - WEST THAMES,L&W NORTH - WT,OPEN,FRESHWATER - RIVERS,2023-09-01T12:14:00,ENVIRONMENTAL MONITORING STATUTORY (EU DIRECTIVES),RIVER / RUNNING SURFACE WATER,0111,Ammoniacal Nitrogen as N,<0.03,MILLIGRAM PER LITRE
https://environment.data.gov.uk/water-quality/sampling-point/TH-PTHR0120/sample/1396265/observation/0116,TH-PTHR0120,THAMES JUST ABOVE GORING WEIR,-1.1423,51.523,Thames,THAMES - WEST THAMES,L&W NORTH - WT,OPEN,FRESHWATER - RIVERS,2023-09-01T12:14:00,ENVIRONMENTAL MONITORING STATUTORY (EU DIRECTIVES),RIVER / RUNNING SURFACE WATER,0116,"Nitrogen, Total Oxidised as N",7.6,MILLIGRAM PER LITRE
https://environment.data.gov.uk/water-quality/sampling-point/TH-PTHR0120/sample/1396265/observation/0117,TH-PTHR0120,THAMES JUST ABOVE GORING WEIR,-1.1423,51.523,Thames,THAMES - WEST THAMES,L&W NORTH - WT,OPEN,FRESHWATER - RIVERS,2023-09-01T12:14:00,ENVIRONMENTAL MONITORING STATUTORY (EU DIRECTIVES),RIVER / RUNNING SURFACE WATER,0117,Nitrate as N,7.59,MILLIGRAM PER LITRE
https://environment.data.gov.uk/water-quality/sampling-point/TH-PTHR0120/sample/1396265/observation/0118,TH-PTHR0120,THAMES JUST ABOVE GORING WEIR,-1.1423,51.523,Thames,THAMES - WEST THAMES,L&W NORTH - WT,OPEN,FRESHWATER - RIVERS,2023-09-01T12:14:00,ENVIRONMENTAL MONITORING STATUTORY (EU DIRECTIVES),RIVER / RUNNING SURFACE WATER,0118,Nitrite as N,0.015,MILLIGRAM PER LITRE
https://environment.data.gov.uk/water-quality/sampling-point/TH-PTHR0120/sample/1396265/observation/0119,TH-PTHR0120,THAMES JUST ABOVE GORING WEIR,-1.1423,51.523,Thames,THAMES - WEST THAMES,L&W NORTH - WT,OPEN,FRESHWATER - RIVERS,2023-09-01T12:14:00,ENVIRONMENTAL MONITORING STATUTORY (EU DIRECTIVES),RIVER / RUNNING SURFACE WATER,0119,Ammonia un-ionised as N,<0.00084,MILLIGRAM PER LITRE
https://environment.data.gov.uk/water-quality/sampling-point/TH-PTHR0120/sample/1396265/observation/0162,TH-PTHR0120,THAMES JUST ABOVE GORING WEIR,-1.1423,51.523,Thames,THAMES - WEST THAMES,L&W NORTH - WT,OPEN,FRESHWATER - RIVERS,2023-09-01T12:14:00,ENVIRONMENTAL MONITORING STATUTORY (EU DIRECTIVES),RIVER / RUNNING SURFACE WATER,0162,Alkalinity to pH 4.5 as CaCO3,220,MILLIGRAM PER LITRE
https://environment.data.gov.uk/water-quality/sampling-point/TH-PTHR0120/sample/1396265/observation/0180,TH-PTHR0120,THAMES JUST ABOVE GORING WEIR,-1.1423,51.523,Thames,THAMES - WEST THAMES,L&W NORTH - WT,OPEN,FRESHWATER - RIVERS,2023-09-01T12:14:00,ENVIRONMENTAL MONITORING STATUTORY (EU DIRECTIVES),RIVER / RUNNING SURFACE WATER,0180,"Orthophosphate, reactive as P",0.27,MILLIGRAM PER LITRE
https://environment.data.gov.uk/water-quality/sampling-point/TH-PTHR0120/sample/1396265/observation/9901,TH-PTHR0120,THAMES JUST ABOVE GORING WEIR,-1.1423,51.523,Thames,THAMES - WEST THAMES,L&W NORTH - WT,OPEN,FRESHWATER - RIVERS,2023-09-01T12:14:00,ENVIRONMENTAL MONITORING STATUTORY (EU DIRECTIVES),RIVER / RUNNING SURFACE WATER,9901,"Oxygen, Dissolved, % Saturation",93.5,PERCENTAGE
https://environment.data.gov.uk/water-quality/sampling-point/TH-PTHR0120/sample/1396265/observation/9924,TH-PTHR0120,THAMES JUST ABOVE GORING WEIR,-1.1423,51.523,Thames,THAMES - WEST THAMES,L&W NORTH - WT,OPEN,FRESHWATER - RIVERS,2023-09-01T12:14:00,ENVIRONMENTAL MONITORING STATUTORY (EU DIRECTIVES),RIVER / RUNNING SURFACE WATER,9924,"Oxygen, Dissolved as O2",8.88,MILLIGRAM PER LITRE
https://environment.data.gov.uk/water-quality/sampling-point/TH-PTHR0120/sample/1397076/observation/0061,TH-PTHR0120,THAMES JUST ABOVE GORING WEIR,-1.1423,51.523,Thames,THAMES - WEST THAMES,L&W NORTH - WT,OPEN,FRESHWATER - RIVERS,2023-09-22T15:18:00,ENVIRONMENTAL MONITORING STATUTORY (EU DIRECTIVES),RIVER / RUNNING SURFACE WATER,0061,pH,8.53,PH UNITS
https://environment.data.gov.uk/water-quality/sampling-point/TH-PTHR0120/sample/1397076/observation/0076,TH-PTHR0120,THAMES JUST ABOVE GORING WEIR,-1.1423,51.523,Thames,THAMES - WEST THAMES,L&W NORTH - WT,OPEN,FRESHWATER - RIVERS,2023-09-22T15:18:00,ENVIRONMENTAL MONITORING STATUTORY (EU DIRECTIVES),RIVER / RUNNING SURFACE WATER,0076,Temperature of Water,16.4,CELSIUS
https://environment.data.gov.uk/water-quality/sampling-point/TH-PTHR0120/sample/1397076/observation/0077,TH-PTHR0120,THAMES JUST ABOVE GORING WEIR,-1.1423,51.523,Thames,THAMES - WEST THAMES,L&W NORTH - WT,OPEN,FRESHWATER - RIVERS,2023-09-22T15:18:00,ENVIRONMENTAL MONITORING STATUTORY (EU DIRECTIVES),RIVER / RUNNING SURFACE WATER,0077,Conductivity at 25 C,658,MICROSIEMENS PER CENTIMETRE
https://environment.data.gov.uk/water-quality/sampling-point/TH-PTHR0120/sample/1397076/observation/0106,TH-PTHR0120,THAMES JUST ABOVE GORING WEIR,-1.1423,51.523,Thames,THAMES - WEST THAMES,L&W NORTH - WT,OPEN,FRESHWATER - RIVERS,2023-09-22T15:18:00,ENVIRONMENTAL MONITORING STATUTORY (EU DIRECTIVES),RIVER / RUNNING SURFACE WATER,0106,"Cadmium, Dissolved",0.018,MICROGRAM PER LITRE
https://environment.data.gov.uk/water-quality/sampling-point/TH-PTHR0120/sample/1397076/observation/0111,TH-PTHR0120,THAMES JUST ABOVE GORING WEIR,-1.1423,51.523,Thames,THAMES - WEST THAMES,L&W NORTH - WT,OPEN,FRESHWATER - RIVERS,2023-09-22T15:18:00,ENVIRONMENTAL MONITORING STATUTORY (EU DIRECTIVES),RIVER / RUNNING SURFACE WATER,0111,Ammoniacal Nitrogen as N,0.12,MILLIGRAM PER LITRE
https://environment.data.gov.uk/water-quality/sampling-point/TH-PTHR0120/sample/1397076/observation/0116,TH-PTHR0120,THAMES JUST ABOVE GORING WEIR,-1.1423,51.523,Thames,THAMES - WEST THAMES,L&W NORTH - WT,OPEN,FRESHWATER - RIVERS,2023-09-22T15:18:00,ENVIRONMENTAL MONITORING STATUTORY (EU DIRECTIVES),RIVER / RUNNING SURFACE WATER,0116,"Nitrogen, Total Oxidised as N",6.3,MILLIGRAM PER LITRE
https://environment.data.gov.uk/water-quality/sampling-point/TH-PTHR0120/sample/1397076/observation/0117,TH-PTHR0120,THAMES JUST ABOVE GORING WEIR,-1.1423,51.523,Thames,THAMES - WEST THAMES,L&W NORTH - WT,OPEN,FRESHWATER - RIVERS,2023-09-22T15:18:00,ENVIRONMENTAL MONITORING STATUTORY (EU DIRECTIVES),RIVER / RUNNING SURFACE WATER,0117,Nitrate as N,6.27,MILLIGRAM PER LITRE
https://environment.data.gov.uk/water-quality/sampling-point/TH-PTHR0120/sample/1397076/observation/0118,TH-PTHR0120,THAMES JUST ABOVE GORING WEIR,-1.1423,51.523,Thames,THAMES - WEST THAMES,L&W NORTH - WT,OPEN,FRESHWATER - RIVERS,2023-09-22T15:18:00,ENVIRONMENTAL MONITORING STATUTORY (EU DIRECTIVES),RIVER / RUNNING SURFACE WATER,0118,Nitrite as N,0.031,MILLIGRAM PER LITRE
https://environment.data.gov.uk/water-quality/sampling-point/TH-PTHR0120/sample/1397076/observation/0119,TH-PTHR0120,THAMES JUST ABOVE GORING WEIR,-1.1423,51.523,Thames,THAMES - WEST THAMES,L&W NORTH - WT,OPEN,FRESHWATER - RIVERS,2023-09-22T15:18:00,ENVIRONMENTAL MONITORING STATUTORY (EU DIRECTIVES),RIVER / RUNNING SURFACE WATER,0119,Ammonia un-ionised as N,0.00349,MILLIGRAM PER LITRE
https://environment.data.gov.uk/water-quality/sampling-point/TH-PTHR0120/sample/1397076/observation/0162,TH-PTHR0120,THAMES JUST ABOVE GORING WEIR,-1.1423,51.523,Thames,THAMES - WEST THAMES,L&W NORTH - WT,OPEN,FRESHWATER - RIVERS,2023-09-22T15:18:00,ENVIRONMENTAL MONITORING STATUTORY (EU DIRECTIVES),RIVER / RUNNING SURFACE WATER,0162,Alkalinity to pH 4.5 as CaCO3,200,MILLIGRAM PER LITRE
https://environment.data.gov.uk/water-quality/sampling-point/TH-PTHR0120/sample/1397076/observation/0180,TH-PTHR0120,THAMES JUST ABOVE GORING WEIR,-1.1423,51.523,Thames,THAMES - WEST THAMES,L&W NORTH - WT,OPEN,FRESHWATER - RIVERS,2023-09-22T15:18:00,ENVIRONMENTAL MONITORING STATUTORY (EU DIRECTIVES),RIVER / RUNNING SURFACE WATER,0180,"Orthophosphate, reactive as P",0.3,MILLIGRAM PER LITRE
https://environment.data.gov.uk/water-quality/sampling-point/TH-PTHR0120/sample/1397076/observation/0235,TH-PTHR0120,THAMES JUST ABOVE GORING WEIR,-1.1423,51.523,Thames,THAMES - WEST THAMES,L&W NORTH - WT,OPEN,FRESHWATER - RIVERS,2023-09-22T15:18:00,ENVIRONMENTAL MONITORING STATUTORY (EU DIRECTIVES),RIVER / RUNNING SURFACE WATER,0235,"Magnesium, Dissolved",4.9,MILLIGRAM PER LITRE
https://environment.data.gov.uk/water-quality/sampling-point/TH-PTHR0120/sample/1397076/observation/0239,TH-PTHR0120,THAMES JUST ABOVE GORING WEIR,-1.1423,51.523,Thames,THAMES - WEST THAMES,L&W NORTH - WT,OPEN,FRESHWATER - RIVERS,2023-09-22T15:18:00,ENVIRONMENTAL MONITORING STATUTORY (EU DIRECTIVES),RIVER / RUNNING SURFACE WATER,0239,"Calcium, Dissolved",98,MILLIGRAM PER LITRE
https://environment.data.gov.uk/water-quality/sampling-point/TH-PTHR0120/sample/1397076/observation/0301,TH-PTHR0120,THAMES JUST ABOVE GORING WEIR,-1.1423,51.523,Thames,THAMES - WEST THAMES,L&W NORTH - WT,OPEN,FRESHWATER - RIVERS,2023-09-22T15:18:00,ENVIRONMENTAL MONITORING STATUTORY (EU DIRECTIVES),RIVER / RUNNING SURFACE WATER,0301,"Carbon, Organic, Dissolved as C :- {DOC}",4.1,MILLIGRAM PER LITRE
https://environment.data.gov.uk/water-quality/sampling-point/TH-PTHR0120/sample/1397076/observation/9901,TH-PTHR0120,THAMES JUST ABOVE GORING WEIR,-1.1423,51.523,Thames,THAMES - WEST THAMES,L&W NORTH - WT,OPEN,FRESHWATER - RIVERS,2023-09-22T15:18:00,ENVIRONMENTAL MONITORING STATUTORY (EU DIRECTIVES),RIVER / RUNNING SURFACE WATER,9901,"Oxygen, Dissolved, % Saturation",91.9,PERCENTAGE
https://environment.data.gov.uk/water-quality/sampling-point/TH-PTHR0120/sample/1397076/observation/9924,TH-PTHR0120,THAMES JUST ABOVE GORING WEIR,-1.1423,51.523,Thames,THAMES - WEST THAMES,L&W NORTH - WT,OPEN,FRESHWATER - RIVERS,2023-09-22T15:18:00,ENVIRONMENTAL MONITORING STATUTORY (EU DIRECTIVES),RIVER / RUNNING SURFACE WATER,9924,"Oxygen, Dissolved as O2",8.97,MILLIGRAM PER LITRE
https://environment.data.gov.uk/water-quality/sampling-point/TH-PTHR0120/sample/1397764/observation/0061,TH-PTHR0120,THAMES JUST ABOVE GORING WEIR,-1.1423,51.523,Thames,THAMES - WEST THAMES,L&W NORTH - WT,OPEN,FRESHWATER - RIVERS,2023-10-17T13:43:00,ENVIRONMENTAL MONITORING STATUTORY (EU DIRECTIVES),RIVER / RUNNING SURFACE WATER,0061,pH,7.98,PH UNITS
https://environment.data.gov.uk/water-quality/sampling-point/TH-PTHR0120/sample/1397764/observation/0076,TH-PTHR0120,THAMES JUST ABOVE GORING WEIR,-1.1423,51.523,Thames,THAMES - WEST THAMES,L&W NORTH - WT,OPEN,FRESHWATER - RIVERS,2023-10-17T13:43:00,ENVIRONMENTAL MONITORING STATUTORY (EU DIRECTIVES),RIVER / RUNNING SURFACE WATER,0076,Temperature of Water,11.5,CELSIUS
https://environment.data.gov.uk/water-quality/sampling-point/TH-PTHR0120/sample/1397764/observation/0077,TH-PTHR0120,THAMES JUST ABOVE GORING WEIR,-1.1423,51.523,Thames,THAMES - WEST THAMES,L&W NORTH - WT,OPEN,FRESHWATER - RIVERS,2023-10-17T13:43:00,ENVIRONMENTAL MONITORING STATUTORY (EU DIRECTIVES),RIVER / RUNNING SURFACE WATER,0077,Conductivity at 25 C,620,MICROSIEMENS PER CENTIMETRE
https://environment.data.gov.uk/water-quality/sampling-point/TH-PTHR0120/sample/1397764/observation/0085,TH-PTHR0120,THAMES JUST ABOVE GORING WEIR,-1.1423,51.523,Thames,THAMES - WEST THAMES,L&W NORTH - WT,OPEN,FRESHWATER - RIVERS,2023-10-17T13:43:00,ENVIRONMENTAL MONITORING STATUTORY (EU DIRECTIVES),RIVER / RUNNING SURFACE WATER,0085,BOD : 5 Day ATU,2.2,MILLIGRAM PER LITRE
https://environment.data.gov.uk/water-quality/sampling-point/TH-PTHR0120/sample/1397764/observation/0111,TH-PTHR0120,THAMES JUST ABOVE GORING WEIR,-1.1423,51.523,Thames,THAMES - WEST THAMES,L&W NORTH - WT,OPEN,FRESHWATER - RIVERS,2023-10-17T13:43:00,ENVIRONMENTAL MONITORING STATUTORY (EU DIRECTIVES),RIVER / RUNNING SURFACE WATER,0111,Ammoniacal Nitrogen as N,0.05,MILLIGRAM PER LITRE
https://environment.data.gov.uk/water-quality/sampling-point/TH-PTHR0120/sample/1397764/observation/0116,TH-PTHR0120,THAMES JUST ABOVE GORING WEIR,-1.1423,51.523,Thames,THAMES - WEST THAMES,L&W NORTH - WT,OPEN,FRESHWATER - RIVERS,2023-10-17T13:43:00,ENVIRONMENTAL MONITORING STATUTORY (EU DIRECTIVES),RIVER / RUNNING SURFACE WATER,0116,"Nitrogen, Total Oxidised as N",6.8,MILLIGRAM PER LITRE
https://environment.data.gov.uk/water-quality/sampling-point/TH-PTHR0120/sample/1397764/observation/0117,TH-PTHR0120,THAMES JUST ABOVE GORING WEIR,-1.1423,51.523,Thames,THAMES - WEST THAMES,L&W NORTH - WT,OPEN,FRESHWATER - RIVERS,2023-10-17T13:43:00,ENVIRONMENTAL MONITORING STATUTORY (EU DIRECTIVES),RIVER / RUNNING SURFACE WATER,0117,Nitrate as N,6.77,MILLIGRAM PER LITRE
https://environment.data.gov.uk/water-quality/sampling-point/TH-PTHR0120/sample/1397764/observation/0118,TH-PTHR0120,THAMES JUST ABOVE GORING WEIR,-1.1423,51.523,Thames,THAMES - WEST THAMES,L&W NORTH - WT,OPEN,FRESHWATER - RIVERS,2023-10-17T13:43:00,ENVIRONMENTAL MONITORING STATUTORY (EU DIRECTIVES),RIVER / RUNNING SURFACE WATER,0118,Nitrite as N,0.027,MILLIGRAM PER LITRE
https://environment.data.gov.uk/water-quality/sampling-point/TH-PTHR0120/sample/1397764/observation/0119,TH-PTHR0120,THAMES JUST ABOVE GORING WEIR,-1.1423,51.523,Thames,THAMES - WEST THAMES,L&W NORTH - WT,OPEN,FRESHWATER - RIVERS,2023-10-17T13:43:00,ENVIRONMENTAL MONITORING STATUTORY (EU DIRECTIVES),RIVER / RUNNING SURFACE WATER,0119,Ammonia un-ionised as N,0.00097,MILLIGRAM PER LITRE
https://environment.data.gov.uk/water-quality/sampling-point/TH-PTHR0120/sample/1397764/observation/0162,TH-PTHR0120,THAMES JUST ABOVE GORING WEIR,-1.1423,51.523,Thames,THAMES - WEST THAMES,L&W NORTH - WT,OPEN,FRESHWATER - RIVERS,2023-10-17T13:43:00,ENVIRONMENTAL MONITORING STATUTORY (EU DIRECTIVES),RIVER / RUNNING SURFACE WATER,0162,Alkalinity to pH 4.5 as CaCO3,190,MILLIGRAM PER LITRE
https://environment.data.gov.uk/water-quality/sampling-point/TH-PTHR0120/sample/1397764/observation/0180,TH-PTHR0120,THAMES JUST ABOVE GORING WEIR,-1.1423,51.523,Thames,THAMES - WEST THAMES,L&W NORTH - WT,OPEN,FRESHWATER - RIVERS,2023-10-17T13:43:00,ENVIRONMENTAL MONITORING STATUTORY (EU DIRECTIVES),RIVER / RUNNING SURFACE WATER,0180,"Orthophosphate, reactive as P",0.26,MILLIGRAM PER LITRE
https://environment.data.gov.uk/water-quality/sampling-point/TH-PTHR0120/sample/1397764/observation/9901,TH-PTHR0120,THAMES JUST ABOVE GORING WEIR,-1.1423,51.523,Thames,THAMES - WEST THAMES,L&W NORTH - WT,OPEN,FRESHWATER - RIVERS,2023-10-17T13:43:00,ENVIRONMENTAL MONITORING STATUTORY (EU DIRECTIVES),RIVER / RUNNING SURFACE WATER,9901,"Oxygen, Dissolved, % Saturation",94.7,PERCENTAGE
https://environment.data.gov.uk/water-quality/sampling-point/TH-PTHR0120/sample/1397764/observation/9924,TH-PTHR0120,THAMES JUST ABOVE GORING WEIR,-1.1423,51.523,Thames,THAMES - WEST THAMES,L&W NORTH - WT,OPEN,FRESHWATER - RIVERS,2023-10-17T13:43:00,ENVIRONMENTAL MONITORING STATUTORY (EU DIRECTIVES),RIVER / RUNNING SURFACE WATER,9924,"Oxygen, Dissolved as O2",10.3,MILLIGRAM PER LITRE
https://environment.data.gov.uk/water-quality/sampling-point/TH-PTHR0120/sample/1398610/observation/0061,TH-PTHR0120,THAMES JUST ABOVE GORING WEIR,-1.1423,51.523,Thames,THAMES - WEST THAMES,L&W NORTH - WT,OPEN,FRESHWATER - RIVERS,2023-10-31T14:02:00,ENVIRONMENTAL MONITORING STATUTORY (EU DIRECTIVES),RIVER / RUNNING SURFACE WATER,0061,pH,8.02,PH UNITS
https://environment.data.gov.uk/water-quality/sampling-point/TH-PTHR0120/sample/1398610/observation/0076,TH-PTHR0120,THAMES JUST ABOVE GORING WEIR,-1.1423,51.523,Thames,THAMES - WEST THAMES,L&W NORTH - WT,OPEN,FRESHWATER - RIVERS,2023-10-31T14:02:00,ENVIRONMENTAL MONITORING STATUTORY (EU DIRECTIVES),RIVER / RUNNING SURFACE WATER,0076,Temperature of Water,11,CELSIUS
https://environment.data.gov.uk/water-quality/sampling-point/TH-PTHR0120/sample/1398610/observation/0077,TH-PTHR0120,THAMES JUST ABOVE GORING WEIR,-1.1423,51.523,Thames,THAMES - WEST THAMES,L&W NORTH - WT,OPEN,FRESHWATER - RIVERS,2023-10-31T14:02:00,ENVIRONMENTAL MONITORING STATUTORY (EU DIRECTIVES),RIVER / RUNNING SURFACE WATER,0077,Conductivity at 25 C,634,MICROSIEMENS PER CENTIMETRE
https://environment.data.gov.uk/water-quality/sampling-point/TH-PTHR0120/sample/1398610/observation/0111,TH-PTHR0120,THAMES JUST ABOVE GORING WEIR,-1.1423,51.523,Thames,THAMES - WEST THAMES,L&W NORTH - WT,OPEN,FRESHWATER - RIVERS,2023-10-31T14:02:00,ENVIRONMENTAL MONITORING STATUTORY (EU DIRECTIVES),RIVER / RUNNING SURFACE WATER,0111,Ammoniacal Nitrogen as N,<0.03,MILLIGRAM PER LITRE
https://environment.data.gov.uk/water-quality/sampling-point/TH-PTHR0120/sample/1398610/observation/0116,TH-PTHR0120,THAMES JUST ABOVE GORING WEIR,-1.1423,51.523,Thames,THAMES - WEST THAMES,L&W NORTH - WT,OPEN,FRESHWATER - RIVERS,2023-10-31T14:02:00,ENVIRONMENTAL MONITORING STATUTORY (EU DIRECTIVES),RIVER / RUNNING SURFACE WATER,0116,"Nitrogen, Total Oxidised as N",5.4,MILLIGRAM PER LITRE
https://environment.data.gov.uk/water-quality/sampling-point/TH-PTHR0120/sample/1398610/observation/0117,TH-PTHR0120,THAMES JUST ABOVE GORING WEIR,-1.1423,51.523,Thames,THAMES - WEST THAMES,L&W NORTH - WT,OPEN,FRESHWATER - RIVERS,2023-10-31T14:02:00,ENVIRONMENTAL MONITORING STATUTORY (EU DIRECTIVES),RIVER / RUNNING SURFACE WATER,0117,Nitrate as N,5.38,MILLIGRAM PER LITRE
https://environment.data.gov.uk/water-quality/sampling-point/TH-PTHR0120/sample/1398610/observation/0118,TH-PTHR0120,THAMES JUST ABOVE GORING WEIR,-1.1423,51.523,Thames,THAMES - WEST THAMES,L&W NORTH - WT,OPEN,FRESHWATER - RIVERS,2023-10-31T14:02:00,ENVIRONMENTAL MONITORING STATUTORY (EU DIRECTIVES),RIVER / RUNNING SURFACE WATER,0118,Nitrite as N,0.016,MILLIGRAM PER LITRE
https://environment.data.gov.uk/water-quality/sampling-point/TH-PTHR0120/sample/1398610/observation/0119,TH-PTHR0120,THAMES JUST ABOVE GORING WEIR,-1.1423,51.523,Thames,THAMES - WEST THAMES,L&W NORTH - WT,OPEN,FRESHWATER - RIVERS,2023-10-31T14:02:00,ENVIRONMENTAL MONITORING STATUTORY (EU DIRECTIVES),RIVER / RUNNING SURFACE WATER,0119,Ammonia un-ionised as N,<0.00059,MILLIGRAM PER LITRE
https://environment.data.gov.uk/water-quality/sampling-point/TH-PTHR0120/sample/1398610/observation/0162,TH-PTHR0120,THAMES JUST ABOVE GORING WEIR,-1.1423,51.523,Thames,THAMES - WEST THAMES,L&W NORTH - WT,OPEN,FRESHWATER - RIVERS,2023-10-31T14:02:00,ENVIRONMENTAL MONITORING STATUTORY (EU DIRECTIVES),RIVER / RUNNING SURFACE WATER,0162,Alkalinity to pH 4.5 as CaCO3,240,MILLIGRAM PER LITRE
https://environment.data.gov.uk/water-quality/sampling-point/TH-PTHR0120/sample/1398610/observation/0180,TH-PTHR0120,THAMES JUST ABOVE GORING WEIR,-1.1423,51.523,Thames,THAMES - WEST THAMES,L&W NORTH - WT,OPEN,FRESHWATER - RIVERS,2023-10-31T14:02:00,ENVIRONMENTAL MONITORING STATUTORY (EU DIRECTIVES),RIVER / RUNNING SURFACE WATER,0180,"Orthophosphate, reactive as P",0.16,MILLIGRAM PER LITRE
https://environment.data.gov.uk/water-quality/sampling-point/TH-PTHR0120/sample/1398610/observation/9901,TH-PTHR0120,THAMES JUST ABOVE GORING WEIR,-1.1423,51.523,Thames,THAMES - WEST THAMES,L&W NORTH - WT,OPEN,FRESHWATER - RIVERS,2023-10-31T14:02:00,ENVIRONMENTAL MONITORING STATUTORY (EU DIRECTIVES),RIVER / RUNNING SURFACE WATER,9901,"Oxygen, Dissolved, % Saturation",95.9,PERCENTAGE
https://environment.data.gov.uk/water-quality/sampling-point/TH-PTHR0120/sample/1398610/observation/9924,TH-PTHR0120,THAMES JUST ABOVE GORING WEIR,-1.1423,51.523,Thames,THAMES - WEST THAMES,L&W NORTH - WT,OPEN,FRESHWATER - RIVERS,2023-10-31T14:02:00,ENVIRONMENTAL MONITORING STATUTORY (EU DIRECTIVES),RIVER / RUNNING SURFACE WATER,9924,"Oxygen, Dissolved as O2",10.6,MILLIGRAM PER LITRE
https://environment.data.gov.uk/water-quality/sampling-point/TH-PTHR0120/sample/1400038/observation/0061,TH-PTHR0120,THAMES JUST ABOVE GORING WEIR,-1.1423,51.523,Thames,THAMES - WEST THAMES,L&W NORTH - WT,OPEN,FRESHWATER - RIVERS,2023-11-20T13:37:00,ENVIRONMENTAL MONITORING STATUTORY (EU DIRECTIVES),RIVER / RUNNING SURFACE WATER,0061,pH,7.84,PH UNITS
https://environment.data.gov.uk/water-quality/sampling-point/TH-PTHR0120/sample/1400038/observation/0076,TH-PTHR0120,THAMES JUST ABOVE GORING WEIR,-1.1423,51.523,Thames,THAMES - WEST THAMES,L&W NORTH - WT,OPEN,FRESHWATER - RIVERS,2023-11-20T13:37:00,ENVIRONMENTAL MONITORING STATUTORY (EU DIRECTIVES),RIVER / RUNNING SURFACE WATER,0076,Temperature of Water,9.9,CELSIUS
https://environment.data.gov.uk/water-quality/sampling-point/TH-PTHR0120/sample/1400038/observation/0077,TH-PTHR0120,THAMES JUST ABOVE GORING WEIR,-1.1423,51.523,Thames,THAMES - WEST THAMES,L&W NORTH - WT,OPEN,FRESHWATER - RIVERS,2023-11-20T13:37:00,ENVIRONMENTAL MONITORING STATUTORY (EU DIRECTIVES),RIVER / RUNNING SURFACE WATER,0077,Conductivity at 25 C,601,MICROSIEMENS PER CENTIMETRE
https://environment.data.gov.uk/water-quality/sampling-point/TH-PTHR0120/sample/1400038/observation/0085,TH-PTHR0120,THAMES JUST ABOVE GORING WEIR,-1.1423,51.523,Thames,THAMES - WEST THAMES,L&W NORTH - WT,OPEN,FRESHWATER - RIVERS,2023-11-20T13:37:00,ENVIRONMENTAL MONITORING STATUTORY (EU DIRECTIVES),RIVER / RUNNING SURFACE WATER,0085,BOD : 5 Day ATU,<3,MILLIGRAM PER LITRE
https://environment.data.gov.uk/water-quality/sampling-point/TH-PTHR0120/sample/1400038/observation/0106,TH-PTHR0120,THAMES JUST ABOVE GORING WEIR,-1.1423,51.523,Thames,THAMES - WEST THAMES,L&W NORTH - WT,OPEN,FRESHWATER - RIVERS,2023-11-20T13:37:00,ENVIRONMENTAL MONITORING STATUTORY (EU DIRECTIVES),RIVER / RUNNING SURFACE WATER,0106,"Cadmium, Dissolved",0.025,MICROGRAM PER LITRE
https://environment.data.gov.uk/water-quality/sampling-point/TH-PTHR0120/sample/1400038/observation/0111,TH-PTHR0120,THAMES JUST ABOVE GORING WEIR,-1.1423,51.523,Thames,THAMES - WEST THAMES,L&W NORTH - WT,OPEN,FRESHWATER - RIVERS,2023-11-20T13:37:00,ENVIRONMENTAL MONITORING STATUTORY (EU DIRECTIVES),RIVER / RUNNING SURFACE WATER,0111,Ammoniacal Nitrogen as N,0.055,MILLIGRAM PER LITRE
https://environment.data.gov.uk/water-quality/sampling-point/TH-PTHR0120/sample/1400038/observation/0116,TH-PTHR0120,THAMES JUST ABOVE GORING WEIR,-1.1423,51.523,Thames,THAMES - WEST THAMES,L&W NORTH - WT,OPEN,FRESHWATER - RIVERS,2023-11-20T13:37:00,ENVIRONMENTAL MONITORING STATUTORY (EU DIRECTIVES),RIVER / RUNNING SURFACE WATER,0116,"Nitrogen, Total Oxidised as N",4.6,MILLIGRAM PER LITRE
https://environment.data.gov.uk/water-quality/sampling-point/TH-PTHR0120/sample/1400038/observation/0117,TH-PTHR0120,THAMES JUST ABOVE GORING WEIR,-1.1423,51.523,Thames,THAMES - WEST THAMES,L&W NORTH - WT,OPEN,FRESHWATER - RIVERS,2023-11-20T13:37:00,ENVIRONMENTAL MONITORING STATUTORY (EU DIRECTIVES),RIVER / RUNNING SURFACE WATER,0117,Nitrate as N,4.58,MILLIGRAM PER LITRE
https://environment.data.gov.uk/water-quality/sampling-point/TH-PTHR0120/sample/1400038/observation/0118,TH-PTHR0120,THAMES JUST ABOVE GORING WEIR,-1.1423,51.523,Thames,THAMES - WEST THAMES,L&W NORTH - WT,OPEN,FRESHWATER - RIVERS,2023-11-20T13:37:00,ENVIRONMENTAL MONITORING STATUTORY (EU DIRECTIVES),RIVER / RUNNING SURFACE WATER,0118,Nitrite as N,0.024,MILLIGRAM PER LITRE
https://environment.data.gov.uk/water-quality/sampling-point/TH-PTHR0120/sample/1400038/observation/0119,TH-PTHR0120,THAMES JUST ABOVE GORING WEIR,-1.1423,51.523,Thames,THAMES - WEST THAMES,L&W NORTH - WT,OPEN,FRESHWATER - RIVERS,2023-11-20T13:37:00,ENVIRONMENTAL MONITORING STATUTORY (EU DIRECTIVES),RIVER / RUNNING SURFACE WATER,0119,Ammonia un-ionised as N,0.00069,MILLIGRAM PER LITRE
https://environment.data.gov.uk/water-quality/sampling-point/TH-PTHR0120/sample/1400038/observation/0162,TH-PTHR0120,THAMES JUST ABOVE GORING WEIR,-1.1423,51.523,Thames,THAMES - WEST THAMES,L&W NORTH - WT,OPEN,FRESHWATER - RIVERS,2023-11-20T13:37:00,ENVIRONMENTAL MONITORING STATUTORY (EU DIRECTIVES),RIVER / RUNNING SURFACE WATER,0162,Alkalinity to pH 4.5 as CaCO3,230,MILLIGRAM PER LITRE
https://environment.data.gov.uk/water-quality/sampling-point/TH-PTHR0120/sample/1400038/observation/0180,TH-PTHR0120,THAMES JUST ABOVE GORING WEIR,-1.1423,51.523,Thames,THAMES - WEST THAMES,L&W NORTH - WT,OPEN,FRESHWATER - RIVERS,2023-11-20T13:37:00,ENVIRONMENTAL MONITORING STATUTORY (EU DIRECTIVES),RIVER / RUNNING SURFACE WATER,0180,"Orthophosphate, reactive as P",0.11,MILLIGRAM PER LITRE
https://environment.data.gov.uk/water-quality/sampling-point/TH-PTHR0120/sample/1400038/observation/0235,TH-PTHR0120,THAMES JUST ABOVE GORING WEIR,-1.1423,51.523,Thames,THAMES - WEST THAMES,L&W NORTH - WT,OPEN,FRESHWATER - RIVERS,2023-11-20T13:37:00,ENVIRONMENTAL MONITORING STATUTORY (EU DIRECTIVES),RIVER / RUNNING SURFACE WATER,0235,"Magnesium, Dissolved",4.4,MILLIGRAM PER LITRE
https://environment.data.gov.uk/water-quality/sampling-point/TH-PTHR0120/sample/1400038/observation/0239,TH-PTHR0120,THAMES JUST ABOVE GORING WEIR,-1.1423,51.523,Thames,THAMES - WEST THAMES,L&W NORTH - WT,OPEN,FRESHWATER - RIVERS,2023-11-20T13:37:00,ENVIRONMENTAL MONITORING STATUTORY (EU DIRECTIVES),RIVER / RUNNING SURFACE WATER,0239,"Calcium, Dissolved",100,MILLIGRAM PER LITRE
https://environment.data.gov.uk/water-quality/sampling-point/TH-PTHR0120/sample/1400038/observation/0301,TH-PTHR0120,THAMES JUST ABOVE GORING WEIR,-1.1423,51.523,Thames,THAMES - WEST THAMES,L&W NORTH - WT,OPEN,FRESHWATER - RIVERS,2023-11-20T13:37:00,ENVIRONMENTAL MONITORING STATUTORY (EU DIRECTIVES),RIVER / RUNNING SURFACE WATER,0301,"Carbon, Organic, Dissolved as C :- {DOC}",6.2,MILLIGRAM PER LITRE
https://environment.data.gov.uk/water-quality/sampling-point/TH-PTHR0120/sample/1400038/observation/9901,TH-PTHR0120,THAMES JUST ABOVE GORING WEIR,-1.1423,51.523,Thames,THAMES - WEST THAMES,L&W NORTH - WT,OPEN,FRESHWATER - RIVERS,2023-11-20T13:37:00,ENVIRONMENTAL MONITORING STATUTORY (EU DIRECTIVES),RIVER / RUNNING SURFACE WATER,9901,"Oxygen, Dissolved, % Saturation",89.8,PERCENTAGE
https://environment.data.gov.uk/water-quality/sampling-point/TH-PTHR0120/sample/1400038/observation/9924,TH-PTHR0120,THAMES JUST ABOVE GORING WEIR,-1.1423,51.523,Thames,THAMES - WEST THAMES,L&W NORTH - WT,OPEN,FRESHWATER - RIVERS,2023-11-20T13:37:00,ENVIRONMENTAL MONITORING STATUTORY (EU DIRECTIVES),RIVER / RUNNING SURFACE WATER,9924,"Oxygen, Dissolved as O2",10.1,MILLIGRAM PER LITRE
https://environment.data.gov.uk/water-quality/sampling-point/TH-PTHR0120/sample/1400714/observation/0061,TH-PTHR0120,THAMES JUST ABOVE GORING WEIR,-1.1423,51.523,Thames,THAMES - WEST THAMES,L&W NORTH - WT,OPEN,FRESHWATER - RIVERS,2023-12-04T12:11:00,ENVIRONMENTAL MONITORING STATUTORY (EU DIRECTIVES),RIVER / RUNNING SURFACE WATER,0061,pH,8.21,PH UNITS
https://environment.data.gov.uk/water-quality/sampling-point/TH-PTHR0120/sample/1400714/observation/0076,TH-PTHR0120,THAMES JUST ABOVE GORING WEIR,-1.1423,51.523,Thames,THAMES - WEST THAMES,L&W NORTH - WT,OPEN,FRESHWATER - RIVERS,2023-12-04T12:11:00,ENVIRONMENTAL MONITORING STATUTORY (EU DIRECTIVES),RIVER / RUNNING SURFACE WATER,0076,Temperature of Water,5.5,CELSIUS
https://environment.data.gov.uk/water-quality/sampling-point/TH-PTHR0120/sample/1400714/observation/0077,TH-PTHR0120,THAMES JUST ABOVE GORING WEIR,-1.1423,51.523,Thames,THAMES - WEST THAMES,L&W NORTH - WT,OPEN,FRESHWATER - RIVERS,2023-12-04T12:11:00,ENVIRONMENTAL MONITORING STATUTORY (EU DIRECTIVES),RIVER / RUNNING SURFACE WATER,0077,Conductivity at 25 C,688,MICROSIEMENS PER CENTIMETRE
https://environment.data.gov.uk/water-quality/sampling-point/TH-PTHR0120/sample/1400714/observation/0085,TH-PTHR0120,THAMES JUST ABOVE GORING WEIR,-1.1423,51.523,Thames,THAMES - WEST THAMES,L&W NORTH - WT,OPEN,FRESHWATER - RIVERS,2023-12-04T12:11:00,ENVIRONMENTAL MONITORING STATUTORY (EU DIRECTIVES),RIVER / RUNNING SURFACE WATER,0085,BOD : 5 Day ATU,1.5,MILLIGRAM PER LITRE
https://environment.data.gov.uk/water-quality/sampling-point/TH-PTHR0120/sample/1400714/observation/0111,TH-PTHR0120,THAMES JUST ABOVE GORING WEIR,-1.1423,51.523,Thames,THAMES - WEST THAMES,L&W NORTH - WT,OPEN,FRESHWATER - RIVERS,2023-12-04T12:11:00,ENVIRONMENTAL MONITORING STATUTORY (EU DIRECTIVES),RIVER / RUNNING SURFACE WATER,0111,Ammoniacal Nitrogen as N,0.037,MILLIGRAM PER LITRE
https://environment.data.gov.uk/water-quality/sampling-point/TH-PTHR0120/sample/1400714/observation/0116,TH-PTHR0120,THAMES JUST ABOVE GORING WEIR,-1.1423,51.523,Thames,THAMES - WEST THAMES,L&W NORTH - WT,OPEN,FRESHWATER - RIVERS,2023-12-04T12:11:00,ENVIRONMENTAL MONITORING STATUTORY (EU DIRECTIVES),RIVER / RUNNING SURFACE WATER,0116,"Nitrogen, Total Oxidised as N",6.5,MILLIGRAM PER LITRE
https://environment.data.gov.uk/water-quality/sampling-point/TH-PTHR0120/sample/1400714/observation/0117,TH-PTHR0120,THAMES JUST ABOVE GORING WEIR,-1.1423,51.523,Thames,THAMES - WEST THAMES,L&W NORTH - WT,OPEN,FRESHWATER - RIVERS,2023-12-04T12:11:00,ENVIRONMENTAL MONITORING STATUTORY (EU DIRECTIVES),RIVER / RUNNING SURFACE WATER,0117,Nitrate as N,6.47,MILLIGRAM PER LITRE
https://environment.data.gov.uk/water-quality/sampling-point/TH-PTHR0120/sample/1400714/observation/0118,TH-PTHR0120,THAMES JUST ABOVE GORING WEIR,-1.1423,51.523,Thames,THAMES - WEST THAMES,L&W NORTH - WT,OPEN,FRESHWATER - RIVERS,2023-12-04T12:11:00,ENVIRONMENTAL MONITORING STATUTORY (EU DIRECTIVES),RIVER / RUNNING SURFACE WATER,0118,Nitrite as N,0.027,MILLIGRAM PER LITRE
https://environment.data.gov.uk/water-quality/sampling-point/TH-PTHR0120/sample/1400714/observation/0119,TH-PTHR0120,THAMES JUST ABOVE GORING WEIR,-1.1423,51.523,Thames,THAMES - WEST THAMES,L&W NORTH - WT,OPEN,FRESHWATER - RIVERS,2023-12-04T12:11:00,ENVIRONMENTAL MONITORING STATUTORY (EU DIRECTIVES),RIVER / RUNNING SURFACE WATER,0119,Ammonia un-ionised as N,0.00048,MILLIGRAM PER LITRE
https://environment.data.gov.uk/water-quality/sampling-point/TH-PTHR0120/sample/1400714/observation/0162,TH-PTHR0120,THAMES JUST ABOVE GORING WEIR,-1.1423,51.523,Thames,THAMES - WEST THAMES,L&W NORTH - WT,OPEN,FRESHWATER - RIVERS,2023-12-04T12:11:00,ENVIRONMENTAL MONITORING STATUTORY (EU DIRECTIVES),RIVER / RUNNING SURFACE WATER,0162,Alkalinity to pH 4.5 as CaCO3,250,MILLIGRAM PER LITRE
https://environment.data.gov.uk/water-quality/sampling-point/TH-PTHR0120/sample/1400714/observation/0180,TH-PTHR0120,THAMES JUST ABOVE GORING WEIR,-1.1423,51.523,Thames,THAMES - WEST THAMES,L&W NORTH - WT,OPEN,FRESHWATER - RIVERS,2023-12-04T12:11:00,ENVIRONMENTAL MONITORING STATUTORY (EU DIRECTIVES),RIVER / RUNNING SURFACE WATER,0180,"Orthophosphate, reactive as P",0.12,MILLIGRAM PER LITRE
https://environment.data.gov.uk/water-quality/sampling-point/TH-PTHR0120/sample/1400714/observation/9901,TH-PTHR0120,THAMES JUST ABOVE GORING WEIR,-1.1423,51.523,Thames,THAMES - WEST THAMES,L&W NORTH - WT,OPEN,FRESHWATER - RIVERS,2023-12-04T12:11:00,ENVIRONMENTAL MONITORING STATUTORY (EU DIRECTIVES),RIVER / RUNNING SURFACE WATER,9901,"Oxygen, Dissolved, % Saturation",99.1,PERCENTAGE
https://environment.data.gov.uk/water-quality/sampling-point/TH-PTHR0120/sample/1400714/observation/9924,TH-PTHR0120,THAMES JUST ABOVE GORING WEIR,-1.1423,51.523,Thames,THAMES - WEST THAMES,L&W NORTH - WT,OPEN,FRESHWATER - RIVERS,2023-12-04T12:11:00,ENVIRONMENTAL MONITORING STATUTORY (EU DIRECTIVES),RIVER / RUNNING SURFACE WATER,9924,"Oxygen, Dissolved as O2",12.5,MILLIGRAM PER LITRE
