id,samplingPoint.notation,samplingPoint.prefLabel,samplingPoint.longitude,samplingPoint.latitude,samplingPoint.region,samplingPoint.area,samplingPoint.subArea,samplingPoint.samplingPointStatus,samplingPoint.samplingPointType,phenomenonTime,samplingPurpose,sampleMaterialType,determinand.notation,determinand.prefLabel,result,unit
https://environment.data.gov.uk/water-quality/sampling-point/TH-PRTS0001/sample/1371309/observation/0061,TH-PRTS0001,THAMES - DOWNSTREAM OF CS1 INTAKE,-0.5846,51.4711,Thames,THAMES - WEST THAMES,Multiple Values,OPEN,FRESHWATER - RIVERS,2022-01-25T13:18:00,ENVIRONMENTAL MONITORING STATUTORY (EU DIRECTIVES),RIVER / RUNNING SURFACE WATER,0061,pH,8.2,PH UNITS
https://environment.data.gov.uk/water-quality/sampling-point/TH-PRTS0001/sample/1371309/observation/0076,TH-PRTS0001,THAMES - DOWNSTREAM OF CS1 INTAKE,-0.5846,51.4711,Thames,THAMES - WEST THAMES,Multiple Values,OPEN,FRESHWATER - RIVERS,2022-01-25T13:18:00,ENVIRONMENTAL MONITORING STATUTORY (EU DIRECTIVES),RIVER / RUNNING SURFACE WATER,0076,Temperature of Water,5,CELSIUS
https://environment.data.gov.uk/water-quality/sampling-point/TH-PRTS0001/sample/1371309/observation/0111,TH-PRTS0001,THAMES - DOWNSTREAM OF CS1 INTAKE,-0.5846,51.4711,Thames,THAMES - WEST THAMES,Multiple Values,OPEN,FRESHWATER - RIVERS,2022-01-25T13:18:00,ENVIRONMENTAL MONITORING STATUTORY (EU DIRECTIVES),RIVER / RUNNING SURFACE WATER,0111,Ammoniacal Nitrogen as N,0.036,MILLIGRAM PER LITRE
https://environment.data.gov.uk/water-quality/sampling-point/TH-PRTS0001/sample/1371309/observation/0119,TH-PRTS0001,THAMES - DOWNSTREAM OF CS1 INTAKE,-0.5846,51.4711,Thames,THAMES - WEST THAMES,Multiple Values,OPEN,FRESHWATER - RIVERS,2022-01-25T13:18:00,ENVIRONMENTAL MONITORING STATUTORY (EU DIRECTIVES),RIVER / RUNNING SURFACE WATER,0119,Ammonia un-ionised as N,0.00045,MILLIGRAM PER LITRE
https://environment.data.gov.uk/water-quality/sampling-point/TH-PRTS0001/sample/1371309/observation/0135,TH-PRTS0001,THAMES - DOWNSTREAM OF CS1 INTAKE,-0.5846,51.4711,Thames,THAMES - WEST THAMES,Multiple Values,OPEN,FRESHWATER - RIVERS,2022-01-25T13:18:00,ENVIRONMENTAL MONITORING STATUTORY (EU DIRECTIVES),RIVER / RUNNING SURFACE WATER,0135,"Solids, Suspended at 105 C",7.2,MILLIGRAM PER LITRE
https://environment.data.gov.uk/water-quality/sampling-point/TH-PRTS0001/sample/1371309/observation/0180,TH-PRTS0001,THAMES - DOWNSTREAM OF CS1 INTAKE,-0.5846,51.4711,Thames,THAMES - WEST THAMES,Multiple Values,OPEN,FRESHWATER - RIVERS,2022-01-25T13:18:00,ENVIRONMENTAL MONITORING STATUTORY (EU DIRECTIVES),RIVER / RUNNING SURFACE WATER,0180,"Orthophosphate, reactive as P",0.16,MILLIGRAM PER LITRE
https://environment.data.gov.uk/water-quality/sampling-point/TH-PRTS0001/sample/1371309/observation/2958,TH-PRTS0001,THAMES - DOWNSTREAM OF CS1 INTAKE,-0.5846,51.4711,Thames,THAMES - WEST THAMES,Multiple Values,OPEN,FRESHWATER - RIVERS,2022-01-25T13:18:00,ENVIRONMENTAL MONITORING STATUTORY (EU DIRECTIVES),RIVER / RUNNING SURFACE WATER,2958,Perfluorooctanesulfonic acid (total),0.0079,MICROGRAM PER LITRE
https://environment.data.gov.uk/water-quality/sampling-point/TH-PRTS0001/sample/1371309/observation/2959,TH-PRTS0001,THAMES - DOWNSTREAM OF CS1 INTAKE,-0.5846,51.4711,Thames,THAMES - WEST THAMES,Multiple Values,OPEN,FRESHWATER - RIVERS,2022-01-25T13:18:00,ENVIRONMENTAL MONITORING STATUTORY (EU DIRECTIVES),RIVER / RUNNING SURFACE WATER,2959,Perfluorooctanesulfonic acid (linear),0.0045,MICROGRAM PER LITRE
https://environment.data.gov.uk/water-quality/sampling-point/TH-PRTS0001/sample/1371309/observation/2960,TH-PRTS0001,THAMES - DOWNSTREAM OF CS1 INTAKE,-0.5846,51.4711,Thames,THAMES - WEST THAMES,Multiple Values,OPEN,FRESHWATER - RIVERS,2022-01-25T13:18:00,ENVIRONMENTAL MONITORING STATUTORY (EU DIRECTIVES),RIVER / RUNNING SURFACE WATER,2960,Perfluorooctanesulfonic acid (branched),0.0034,MICROGRAM PER LITRE
https://environment.data.gov.uk/water-quality/sampling-point/TH-PRTS0001/sample/1371309/observation/7608,TH-PRTS0001,THAMES - DOWNSTREAM OF CS1 INTAKE,-0.5846,51.4711,Thames,THAMES - WEST THAMES,Multiple Values,OPEN,FRESHWATER - RIVERS,2022-01-25T13:18:00,ENVIRONMENTAL MONITORING STATUTORY (EU DIRECTIVES),RIVER / RUNNING SURFACE WATER,7608,Salinity : In Situ,0.34,Parts per thousand
https://environment.data.gov.uk/water-quality/sampling-point/TH-PRTS0001/sample/1371309/observation/9274,TH-PRTS0001,THAMES - DOWNSTREAM OF CS1 INTAKE,-0.5846,51.4711,Thames,THAMES - WEST THAMES,Multiple Values,OPEN,FRESHWATER - RIVERS,2022-01-25T13:18:00,ENVIRONMENTAL MONITORING STATUTORY (EU DIRECTIVES),RIVER / RUNNING SURFACE WATER,9274,Perfluorooctanoate anion,0.0025,MICROGRAM PER LITRE
https://environment.data.gov.uk/water-quality/sampling-point/TH-PRTS0001/sample/1371309/observation/9901,TH-PRTS0001,THAMES - DOWNSTREAM OF CS1 INTAKE,-0.5846,51.4711,Thames,THAMES - WEST THAMES,Multiple Values,OPEN,FRESHWATER - RIVERS,2022-01-25T13:18:00,ENVIRONMENTAL MONITORING STATUTORY (EU DIRECTIVES),RIVER / RUNNING SURFACE WATER,9901,"Oxygen, Dissolved, % Saturation",97.6,PERCENTAGE
https://environment.data.gov.uk/water-quality/sampling-point/TH-PRTS0001/sample/1371309/observation/9924,TH-PRTS0001,THAMES - DOWNSTREAM OF CS1 INTAKE,-0.5846,51.4711,Thames,THAMES - WEST THAMES,Multiple Values,OPEN,FRESHWATER - RIVERS,2022-01-25T13:18:00,ENVIRONMENTAL MONITORING STATUTORY (EU DIRECTIVES),RIVER / RUNNING SURFACE WATER,9924,"Oxygen, Dissolved as O2",12.4,MILLIGRAM PER LITRE
https://environment.data.gov.uk/water-quality/sampling-point/TH-PRTS0002/sample/1371308/observation/0061,TH-PRTS0002,THAMES - UPSTREAM OF CS1 INTAKE,-0.5821,51.4804,Thames,THAMES - WEST THAMES,Multiple Values,OPEN,FRESHWATER - RIVERS,2022-01-25T13:08:00,PLANNED INVESTIGATION (NATIONAL AGENCY POLICY),RIVER / RUNNING SURFACE WATER,0061,pH,8.26,PH UNITS
https://environment.data.gov.uk/water-quality/sampling-point/TH-PRTS0002/sample/1371308/observation/0076,TH-PRTS0002,THAMES - UPSTREAM OF CS1 INTAKE,-0.5821,51.4804,Thames,THAMES - WEST THAMES,Multiple Values,OPEN,FRESHWATER - RIVERS,2022-01-25T13:08:00,PLANNED INVESTIGATION (NATIONAL AGENCY POLICY),RIVER / RUNNING SURFACE WATER,0076,Temperature of Water,5.1,CELSIUS
https://environment.data.gov.uk/water-quality/sampling-point/TH-PRTS0002/sample/1371308/observation/0111,TH-PRTS0002,THAMES - UPSTREAM OF CS1 INTAKE,-0.5821,51.4804,Thames,THAMES - WEST THAMES,Multiple Values,OPEN,FRESHWATER - RIVERS,2022-01-25T13:08:00,PLANNED INVESTIGATION (NATIONAL AGENCY POLICY),RIVER / RUNNING SURFACE WATER,0111,Ammoniacal Nitrogen as N,0.045,MILLIGRAM PER LITRE
https://environment.data.gov.uk/water-quality/sampling-point/TH-PRTS0002/sample/1371308/observation/0119,TH-PRTS0002,THAMES - UPSTREAM OF CS1 INTAKE,-0.5821,51.4804,Thames,THAMES - WEST THAMES,Multiple Values,OPEN,FRESHWATER - RIVERS,2022-01-25T13:08:00,PLANNED INVESTIGATION (NATIONAL AGENCY POLICY),RIVER / RUNNING SURFACE WATER,0119,Ammonia un-ionised as N,0.00057,MILLIGRAM PER LITRE
https://environment.data.gov.uk/water-quality/sampling-point/TH-PRTS0002/sample/1371308/observation/0135,TH-PRTS0002,THAMES - UPSTREAM OF CS1 INTAKE,-0.5821,51.4804,Thames,THAMES - WEST THAMES,Multiple Values,OPEN,FRESHWATER - RIVERS,2022-01-25T13:08:00,PLANNED INVESTIGATION (NATIONAL AGENCY POLICY),RIVER / RUNNING SURFACE WATER,0135,"Solids, Suspended at 105 C",10,MILLIGRAM PER LITRE
https://environment.data.gov.uk/water-quality/sampling-point/TH-PRTS0002/sample/1371308/observation/0180,TH-PRTS0002,THAMES - UPSTREAM OF CS1 INTAKE,-0.5821,51.4804,Thames,THAMES - WEST THAMES,Multiple Values,OPEN,FRESHWATER - RIVERS,2022-01-25T13:08:00,PLANNED INVESTIGATION (NATIONAL AGENCY POLICY),RIVER / RUNNING SURFACE WATER,0180,"Orthophosphate, reactive as P",0.16,MILLIGRAM PER LITRE
https://environment.data.gov.uk/water-quality/sampling-point/TH-PRTS0002/sample/1371308/observation/7608,TH-PRTS0002,THAMES - UPSTREAM OF CS1 INTAKE,-0.5821,51.4804,Thames,THAMES - WEST THAMES,Multiple Values,OPEN,FRESHWATER - RIVERS,2022-01-25T13:08:00,PLANNED INVESTIGATION (NATIONAL AGENCY POLICY),RIVER / RUNNING SURFACE WATER,7608,Salinity : In Situ,0.34,Parts per thousand
https://environment.data.gov.uk/water-quality/sampling-point/TH-PRTS0002/sample/1371308/observation/9901,TH-PRTS0002,THAMES - UPSTREAM OF CS1 INTAKE,-0.5821,51.4804,Thames,THAMES - WEST THAMES,Multiple Values,OPEN,FRESHWATER - RIVERS,2022-01-25T13:08:00,PLANNED INVESTIGATION (NATIONAL AGENCY POLICY),RIVER / RUNNING SURFACE WATER,9901,"Oxygen, Dissolved, % Saturation",98.7,PERCENTAGE
https://environment.data.gov.uk/water-quality/sampling-point/TH-PRTS0002/sample/1371308/observation/9924,TH-PRTS0002,THAMES - UPSTREAM OF CS1 INTAKE,-0.5821,51.4804,Thames,THAMES - WEST THAMES,Multiple Values,OPEN,FRESHWATER - RIVERS,2022-01-25T13:08:00,PLANNED INVESTIGATION (NATIONAL AGENCY POLICY),RIVER / RUNNING SURFACE WATER,9924,"Oxygen, Dissolved as O2",12.5,MILLIGRAM PER LITRE
https://environment.data.gov.uk/water-quality/sampling-point/TH-PRTS0003/sample/1371307/observation/0061,TH-PRTS0003,THAMES - UPSTREAM OF CS1 OUTFALL,-0.5828,51.4827,Thames,THAMES - WEST THAMES,Multiple Values,OPEN,FRESHWATER - RIVERS,2022-01-25T13:02:00,ENVIRONMENTAL MONITORING STATUTORY (EU DIRECTIVES),RIVER / RUNNING SURFACE WATER,0061,pH,8.23,PH UNITS
https://environment.data.gov.uk/water-quality/sampling-point/TH-PRTS0003/sample/1371307/observation/0076,TH-PRTS0003,THAMES - UPSTREAM OF CS1 OUTFALL,-0.5828,51.4827,Thames,THAMES - WEST THAMES,Multiple Values,OPEN,FRESHWATER - RIVERS,2022-01-25T13:02:00,ENVIRONMENTAL MONITORING STATUTORY (EU DIRECTIVES),RIVER / RUNNING SURFACE WATER,0076,Temperature of Water,5.1,CELSIUS
https://environment.data.gov.uk/water-quality/sampling-point/TH-PRTS0003/sample/1371307/observation/0111,TH-PRTS0003,THAMES - UPSTREAM OF CS1 OUTFALL,-0.5828,51.4827,Thames,THAMES - WEST THAMES,Multiple Values,OPEN,FRESHWATER - RIVERS,2022-01-25T13:02:00,ENVIRONMENTAL MONITORING STATUTORY (EU DIRECTIVES),RIVER / RUNNING SURFACE WATER,0111,Ammoniacal Nitrogen as N,0.037,MILLIGRAM PER LITRE
https://environment.data.gov.uk/water-quality/sampling-point/TH-PRTS0003/sample/1371307/observation/0119,TH-PRTS0003,THAMES - UPSTREAM OF CS1 OUTFALL,-0.5828,51.4827,Thames,THAMES - WEST THAMES,Multiple Values,OPEN,FRESHWATER - RIVERS,2022-01-25T13:02:00,ENVIRONMENTAL MONITORING STATUTORY (EU DIRECTIVES),RIVER / RUNNING SURFACE WATER,0119,Ammonia un-ionised as N,0.00047,MILLIGRAM PER LITRE
https://environment.data.gov.uk/water-quality/sampling-point/TH-PRTS0003/sample/1371307/observation/0135,TH-PRTS0003,THAMES - UPSTREAM OF CS1 OUTFALL,-0.5828,51.4827,Thames,THAMES - WEST THAMES,Multiple Values,OPEN,FRESHWATER - RIVERS,2022-01-25T13:02:00,ENVIRONMENTAL MONITORING STATUTORY (EU DIRECTIVES),RIVER / RUNNING SURFACE WATER,0135,"Solids, Suspended at 105 C",8.1,MILLIGRAM PER LITRE
https://environment.data.gov.uk/water-quality/sampling-point/TH-PRTS0003/sample/1371307/observation/0180,TH-PRTS0003,THAMES - UPSTREAM OF CS1 OUTFALL,-0.5828,51.4827,Thames,THAMES - WEST THAMES,Multiple Values,OPEN,FRESHWATER - RIVERS,2022-01-25T13:02:00,ENVIRONMENTAL MONITORING STATUTORY (EU DIRECTIVES),RIVER / RUNNING SURFACE WATER,0180,"Orthophosphate, reactive as P",0.15,MILLIGRAM PER LITRE
https://environment.data.gov.uk/water-quality/sampling-point/TH-PRTS0003/sample/1371307/observation/2958,TH-PRTS0003,THAMES - UPSTREAM OF CS1 OUTFALL,-0.5828,51.4827,Thames,THAMES - WEST THAMES,Multiple Values,OPEN,FRESHWATER - RIVERS,2022-01-25T13:02:00,ENVIRONMENTAL MONITORING STATUTORY (EU DIRECTIVES),RIVER / RUNNING SURFACE WATER,2958,Perfluorooctanesulfonic acid (total),0.0063,MICROGRAM PER LITRE
https://environment.data.gov.uk/water-quality/sampling-point/TH-PRTS0003/sample/1371307/observation/2959,TH-PRTS0003,THAMES - UPSTREAM OF CS1 OUTFALL,-0.5828,51.4827,Thames,THAMES - WEST THAMES,Multiple Values,OPEN,FRESHWATER - RIVERS,2022-01-25T13:02:00,ENVIRONMENTAL MONITORING STATUTORY (EU DIRECTIVES),RIVER / RUNNING SURFACE WATER,2959,Perfluorooctanesulfonic acid (linear),0.0036,MICROGRAM PER LITRE
https://environment.data.gov.uk/water-quality/sampling-point/TH-PRTS0003/sample/1371307/observation/2960,TH-PRTS0003,THAMES - UPSTREAM OF CS1 OUTFALL,-0.5828,51.4827,Thames,THAMES - WEST THAMES,Multiple Values,OPEN,FRESHWATER - RIVERS,2022-01-25T13:02:00,ENVIRONMENTAL MONITORING STATUTORY (EU DIRECTIVES),RIVER / RUNNING SURFACE WATER,2960,Perfluorooctanesulfonic acid (branched),0.0027,MICROGRAM PER LITRE
https://environment.data.gov.uk/water-quality/sampling-point/TH-PRTS0003/sample/1371307/observation/7608,TH-PRTS0003,THAMES - UPSTREAM OF CS1 OUTFALL,-0.5828,51.4827,Thames,THAMES - WEST THAMES,Multiple Values,OPEN,FRESHWATER - RIVERS,2022-01-25T13:02:00,ENVIRONMENTAL MONITORING STATUTORY (EU DIRECTIVES),RIVER / RUNNING SURFACE WATER,7608,Salinity : In Situ,9.34,Parts per thousand
https://environment.data.gov.uk/water-quality/sampling-point/TH-PRTS0003/sample/1371307/observation/9274,TH-PRTS0003,THAMES - UPSTREAM OF CS1 OUTFALL,-0.5828,51.4827,Thames,THAMES - WEST THAMES,Multiple Values,OPEN,FRESHWATER - RIVERS,2022-01-25T13:02:00,ENVIRONMENTAL MONITORING STATUTORY (EU DIRECTIVES),RIVER / RUNNING SURFACE WATER,9274,Perfluorooctanoate anion,0.0021,MICROGRAM PER LITRE
https://environment.data.gov.uk/water-quality/sampling-point/TH-PRTS0003/sample/1371307/observation/9901,TH-PRTS0003,THAMES - UPSTREAM OF CS1 OUTFALL,-0.5828,51.4827,Thames,THAMES - WEST THAMES,Multiple Values,OPEN,FRESHWATER - RIVERS,2022-01-25T13:02:00,ENVIRONMENTAL MONITORING STATUTORY (EU DIRECTIVES),RIVER / RUNNING SURFACE WATER,9901,"Oxygen, Dissolved, % Saturation",98.5,PERCENTAGE
https://environment.data.gov.uk/water-quality/sampling-point/TH-PRTS0003/sample/1371307/observation/9924,TH-PRTS0003,THAMES - UPSTREAM OF CS1 OUTFALL,-0.5828,51.4827,Thames,THAMES - WEST THAMES,Multiple Values,OPEN,FRESHWATER - RIVERS,2022-01-25T13:02:00,ENVIRONMENTAL MONITORING STATUTORY (EU DIRECTIVES),RIVER / RUNNING SURFACE WATER,9924,"Oxygen, Dissolved as O2",11.9,MILLIGRAM PER LITRE
https://environment.data.gov.uk/water-quality/sampling-point/TH-PRTS0013/sample/1371313/observation/7668,TH-PRTS0013,WRAYSBURY STREAM - UPSTREAM OF INTERSECTION,-0.5543,51.4492,Thames,THAMES - WEST THAMES,Multiple Values,OPEN,FRESHWATER - RIVERS,2022-01-25T14:40:00,ENVIRONMENTAL MONITORING STATUTORY (EU DIRECTIVES),RIVER / RUNNING SURFACE WATER,7668,No flow /No sample,No flow/discharge at sampling point,Coded Result
https://environment.data.gov.uk/water-quality/sampling-point/TH-PRTS0017/sample/1371318/observation/0061,TH-PRTS0017,RIVER THAMES - UPSTREAM CS1 OUTFALL (A),-0.5532,51.4418,Thames,THAMES - WEST THAMES,Multiple Values,OPEN,FRESHWATER - RIVERS,2022-01-25T15:58:00,ENVIRONMENTAL MONITORING STATUTORY (EU DIRECTIVES),RIVER / RUNNING SURFACE WATER,0061,pH,8.25,PH UNITS
https://environment.data.gov.uk/water-quality/sampling-point/TH-PRTS0017/sample/1371318/observation/0076,TH-PRTS0017,RIVER THAMES - UPSTREAM CS1 OUTFALL (A),-0.5532,51.4418,Thames,THAMES - WEST THAMES,Multiple Values,OPEN,FRESHWATER - RIVERS,2022-01-25T15:58:00,ENVIRONMENTAL MONITORING STATUTORY (EU DIRECTIVES),RIVER / RUNNING SURFACE WATER,0076,Temperature of Water,5.1,CELSIUS
https://environment.data.gov.uk/water-quality/sampling-point/TH-PRTS0017/sample/1371318/observation/0111,TH-PRTS0017,RIVER THAMES - UPSTREAM CS1 OUTFALL (A),-0.5532,51.4418,Thames,THAMES - WEST THAMES,Multiple Values,OPEN,FRESHWATER - RIVERS,2022-01-25T15:58:00,ENVIRONMENTAL MONITORING STATUTORY (EU DIRECTIVES),RIVER / RUNNING SURFACE WATER,0111,Ammoniacal Nitrogen as N,0.031,MILLIGRAM PER LITRE
https://environment.data.gov.uk/water-quality/sampling-point/TH-PRTS0017/sample/1371318/observation/0119,TH-PRTS0017,RIVER THAMES - UPSTREAM CS1 OUTFALL (A),-0.5532,51.4418,Thames,THAMES - WEST THAMES,Multiple Values,OPEN,FRESHWATER - RIVERS,2022-01-25T15:58:00,ENVIRONMENTAL MONITORING STATUTORY (EU DIRECTIVES),RIVER / RUNNING SURFACE WATER,0119,Ammonia un-ionised as N,0.00039,MILLIGRAM PER LITRE
https://environment.data.gov.uk/water-quality/sampling-point/TH-PRTS0017/sample/1371318/observation/0135,TH-PRTS0017,RIVER THAMES - UPSTREAM CS1 OUTFALL (A),-0.5532,51.4418,Thames,THAMES - WEST THAMES,Multiple Values,OPEN,FRESHWATER - RIVERS,2022-01-25T15:58:00,ENVIRONMENTAL MONITORING STATUTORY (EU DIRECTIVES),RIVER / RUNNING SURFACE WATER,0135,"Solids, Suspended at 105 C",7.4,MILLIGRAM PER LITRE
https://environment.data.gov.uk/water-quality/sampling-point/TH-PRTS0017/sample/1371318/observation/0180,TH-PRTS0017,RIVER THAMES - UPSTREAM CS1 OUTFALL (A),-0.5532,51.4418,Thames,THAMES - WEST THAMES,Multiple Values,OPEN,FRESHWATER - RIVERS,2022-01-25T15:58:00,ENVIRONMENTAL MONITORING STATUTORY (EU DIRECTIVES),RIVER / RUNNING SURFACE WATER,0180,"Orthophosphate, reactive as P",0.17,MILLIGRAM PER LITRE
https://environment.data.gov.uk/water-quality/sampling-point/TH-PRTS0017/sample/1371318/observation/2958,TH-PRTS0017,RIVER THAMES - UPSTREAM CS1 OUTFALL (A),-0.5532,51.4418,Thames,THAMES - WEST THAMES,Multiple Values,OPEN,FRESHWATER - RIVERS,2022-01-25T15:58:00,ENVIRONMENTAL MONITORING STATUTORY (EU DIRECTIVES),RIVER / RUNNING SURFACE WATER,2958,Perfluorooctanesulfonic acid (total),0.0071,MICROGRAM PER LITRE
https://environment.data.gov.uk/water-quality/sampling-point/TH-PRTS0017/sample/1371318/observation/2959,TH-PRTS0017,RIVER THAMES - UPSTREAM CS1 OUTFALL (A),-0.5532,51.4418,Thames,THAMES - WEST THAMES,Multiple Values,OPEN,FRESHWATER - RIVERS,2022-01-25T15:58:00,ENVIRONMENTAL MONITORING STATUTORY (EU DIRECTIVES),RIVER / RUNNING SURFACE WATER,2959,Perfluorooctanesulfonic acid (linear),0.0038,MICROGRAM PER LITRE
https://environment.data.gov.uk/water-quality/sampling-point/TH-PRTS0017/sample/1371318/observation/2960,TH-PRTS0017,RIVER THAMES - UPSTREAM CS1 OUTFALL (A),-0.5532,51.4418,Thames,THAMES - WEST THAMES,Multiple Values,OPEN,FRESHWATER - RIVERS,2022-01-25T15:58:00,ENVIRONMENTAL MONITORING STATUTORY (EU DIRECTIVES),RIVER / RUNNING SURFACE WATER,2960,Perfluorooctanesulfonic acid (branched),0.0032,MICROGRAM PER LITRE
https://environment.data.gov.uk/water-quality/sampling-point/TH-PRTS0017/sample/1371318/observation/7608,TH-PRTS0017,RIVER THAMES - UPSTREAM CS1 OUTFALL (A),-0.5532,51.4418,Thames,THAMES - WEST THAMES,Multiple Values,OPEN,FRESHWATER - RIVERS,2022-01-25T15:58:00,ENVIRONMENTAL MONITORING STATUTORY (EU DIRECTIVES),RIVER / RUNNING SURFACE WATER,7608,Salinity : In Situ,0.34,Parts per thousand
https://environment.data.gov.uk/water-quality/sampling-point/TH-PRTS0017/sample/1371318/observation/9274,TH-PRTS0017,RIVER THAMES - UPSTREAM CS1 OUTFALL (A),-0.5532,51.4418,Thames,THAMES - WEST THAMES,Multiple Values,OPEN,FRESHWATER - RIVERS,2022-01-25T15:58:00,ENVIRONMENTAL MONITORING STATUTORY (EU DIRECTIVES),RIVER / RUNNING SURFACE WATER,9274,Perfluorooctanoate anion,0.0016,MICROGRAM PER LITRE
https://environment.data.gov.uk/water-quality/sampling-point/TH-PRTS0017/sample/1371318/observation/9901,TH-PRTS0017,RIVER THAMES - UPSTREAM CS1 OUTFALL (A),-0.5532,51.4418,Thames,THAMES - WEST THAMES,Multiple Values,OPEN,FRESHWATER - RIVERS,2022-01-25T15:58:00,ENVIRONMENTAL MONITORING STATUTORY (EU DIRECTIVES),RIVER / RUNNING SURFACE WATER,9901,"Oxygen, Dissolved, % Saturation",99.8,PERCENTAGE
https://environment.data.gov.uk/water-quality/sampling-point/TH-PRTS0017/sample/1371318/observation/9924,TH-PRTS0017,RIVER THAMES - UPSTREAM CS1 OUTFALL (A),-0.5532,51.4418,Thames,THAMES - WEST THAMES,Multiple Values,OPEN,FRESHWATER - RIVERS,2022-01-25T15:58:00,ENVIRONMENTAL MONITORING STATUTORY (EU DIRECTIVES),RIVER / RUNNING SURFACE WATER,9924,"Oxygen, Dissolved as O2",12.7,MILLIGRAM PER LITRE
https://environment.data.gov.uk/water-quality/sampling-point/TH-PRTS0024/sample/1371319/observation/0061,TH-PRTS0024,THAMES UPSTREAM CS1 OUTFALL (B),-0.5461,51.4411,Thames,THAMES - WEST THAMES,Multiple Values,OPEN,FRESHWATER - RIVERS,2022-01-25T16:05:00,ENVIRONMENTAL MONITORING STATUTORY (EU DIRECTIVES),RIVER / RUNNING SURFACE WATER,0061,pH,8.25,PH UNITS
https://environment.data.gov.uk/water-quality/sampling-point/TH-PRTS0024/sample/1371319/observation/0076,TH-PRTS0024,THAMES UPSTREAM CS1 OUTFALL (B),-0.5461,51.4411,Thames,THAMES - WEST THAMES,Multiple Values,OPEN,FRESHWATER - RIVERS,2022-01-25T16:05:00,ENVIRONMENTAL MONITORING STATUTORY (EU DIRECTIVES),RIVER / RUNNING SURFACE WATER,0076,Temperature of Water,5.1,CELSIUS
https://environment.data.gov.uk/water-quality/sampling-point/TH-PRTS0024/sample/1371319/observation/0111,TH-PRTS0024,THAMES UPSTREAM CS1 OUTFALL (B),-0.5461,51.4411,Thames,THAMES - WEST THAMES,Multiple Values,OPEN,FRESHWATER - RIVERS,2022-01-25T16:05:00,ENVIRONMENTAL MONITORING STATUTORY (EU DIRECTIVES),RIVER / RUNNING SURFACE WATER,0111,Ammoniacal Nitrogen as N,0.044,MILLIGRAM PER LITRE
https://environment.data.gov.uk/water-quality/sampling-point/TH-PRTS0024/sample/1371319/observation/0119,TH-PRTS0024,THAMES UPSTREAM CS1 OUTFALL (B),-0.5461,51.4411,Thames,THAMES - WEST THAMES,Multiple Values,OPEN,FRESHWATER - RIVERS,2022-01-25T16:05:00,ENVIRONMENTAL MONITORING STATUTORY (EU DIRECTIVES),RIVER / RUNNING SURFACE WATER,0119,Ammonia un-ionised as N,0.00056,MILLIGRAM PER LITRE
https://environment.data.gov.uk/water-quality/sampling-point/TH-PRTS0024/sample/1371319/observation/0135,TH-PRTS0024,THAMES UPSTREAM CS1 OUTFALL (B),-0.5461,51.4411,Thames,THAMES - WEST THAMES,Multiple Values,OPEN,FRESHWATER - RIVERS,2022-01-25T16:05:00,ENVIRONMENTAL MONITORING STATUTORY (EU DIRECTIVES),RIVER / RUNNING SURFACE WATER,0135,"Solids, Suspended at 105 C",5.8,MILLIGRAM PER LITRE
https://environment.data.gov.uk/water-quality/sampling-point/TH-PRTS0024/sample/1371319/observation/0180,TH-PRTS0024,THAMES UPSTREAM CS1 OUTFALL (B),-0.5461,51.4411,Thames,THAMES - WEST THAMES,Multiple Values,OPEN,FRESHWATER - RIVERS,2022-01-25T16:05:00,ENVIRONMENTAL MONITORING STATUTORY (EU DIRECTIVES),RIVER / RUNNING SURFACE WATER,0180,"Orthophosphate, reactive as P",0.16,MILLIGRAM PER LITRE
https://environment.data.gov.uk/water-quality/sampling-point/TH-PRTS0024/sample/1371319/observation/2958,TH-PRTS0024,THAMES UPSTREAM CS1 OUTFALL (B),-0.5461,51.4411,Thames,THAMES - WEST THAMES,Multiple Values,OPEN,FRESHWATER - RIVERS,2022-01-25T16:05:00,ENVIRONMENTAL MONITORING STATUTORY (EU DIRECTIVES),RIVER / RUNNING SURFACE WATER,2958,Perfluorooctanesulfonic acid (total),0.0069,MICROGRAM PER LITRE
https://environment.data.gov.uk/water-quality/sampling-point/TH-PRTS0024/sample/1371319/observation/2959,TH-PRTS0024,THAMES UPSTREAM CS1 OUTFALL (B),-0.5461,51.4411,Thames,THAMES - WEST THAMES,Multiple Values,OPEN,FRESHWATER - RIVERS,2022-01-25T16:05:00,ENVIRONMENTAL MONITORING STATUTORY (EU DIRECTIVES),RIVER / RUNNING SURFACE WATER,2959,Perfluorooctanesulfonic acid (linear),0.0037,MICROGRAM PER LITRE
https://environment.data.gov.uk/water-quality/sampling-point/TH-PRTS0024/sample/1371319/observation/2960,TH-PRTS0024,THAMES UPSTREAM CS1 OUTFALL (B),-0.5461,51.4411,Thames,THAMES - WEST THAMES,Multiple Values,OPEN,FRESHWATER - RIVERS,2022-01-25T16:05:00,ENVIRONMENTAL MONITORING STATUTORY (EU DIRECTIVES),RIVER / RUNNING SURFACE WATER,2960,Perfluorooctanesulfonic acid (branched),0.0032,MICROGRAM PER LITRE
https://environment.data.gov.uk/water-quality/sampling-point/TH-PRTS0024/sample/1371319/observation/7608,TH-PRTS0024,THAMES UPSTREAM CS1 OUTFALL (B),-0.5461,51.4411,Thames,THAMES - WEST THAMES,Multiple Values,OPEN,FRESHWATER - RIVERS,2022-01-25T16:05:00,ENVIRONMENTAL MONITORING STATUTORY (EU DIRECTIVES),RIVER / RUNNING SURFACE WATER,7608,Salinity : In Situ,0.34,Parts per thousand
https://environment.data.gov.uk/water-quality/sampling-point/TH-PRTS0024/sample/1371319/observation/9274,TH-PRTS0024,THAMES UPSTREAM CS1 OUTFALL (B),-0.5461,51.4411,Thames,THAMES - WEST THAMES,Multiple Values,OPEN,FRESHWATER - RIVERS,2022-01-25T16:05:00,ENVIRONMENTAL MONITORING STATUTORY (EU DIRECTIVES),RIVER / RUNNING SURFACE WATER,9274,Perfluorooctanoate anion,0.0017,MICROGRAM PER LITRE
https://environment.data.gov.uk/water-quality/sampling-point/TH-PRTS0024/sample/1371319/observation/9901,TH-PRTS0024,THAMES UPSTREAM CS1 OUTFALL (B),-0.5461,51.4411,Thames,THAMES - WEST THAMES,Multiple Values,OPEN,FRESHWATER - RIVERS,2022-01-25T16:05:00,ENVIRONMENTAL MONITORING STATUTORY (EU DIRECTIVES),RIVER / RUNNING SURFACE WATER,9901,"Oxygen, Dissolved, % Saturation",99.3,PERCENTAGE
https://environment.data.gov.uk/water-quality/sampling-point/TH-PRTS0024/sample/1371319/observation/9924,TH-PRTS0024,THAMES UPSTREAM CS1 OUTFALL (B),-0.5461,51.4411,Thames,THAMES - WEST THAMES,Multiple Values,OPEN,FRESHWATER - RIVERS,2022-01-25T16:05:00,ENVIRONMENTAL MONITORING STATUTORY (EU DIRECTIVES),RIVER / RUNNING SURFACE WATER,9924,"Oxygen, Dissolved as O2",12.6,MILLIGRAM PER LITRE
https://environment.data.gov.uk/water-quality/sampling-point/TH-PRTS0033/sample/1371320/observation/0061,TH-PRTS0033,THAMES DOWNSTREAM OF CS1 OUTFALL,-0.5356,51.4374,Thames,THAMES - WEST THAMES,Multiple Values,OPEN,FRESHWATER - RIVERS,2022-01-25T16:14:00,ENVIRONMENTAL MONITORING STATUTORY (EU DIRECTIVES),RIVER / RUNNING SURFACE WATER,0061,pH,8.27,PH UNITS
https://environment.data.gov.uk/water-quality/sampling-point/TH-PRTS0033/sample/1371320/observation/0076,TH-PRTS0033,THAMES DOWNSTREAM OF CS1 OUTFALL,-0.5356,51.4374,Thames,THAMES - WEST THAMES,Multiple Values,OPEN,FRESHWATER - RIVERS,2022-01-25T16:14:00,ENVIRONMENTAL MONITORING STATUTORY (EU DIRECTIVES),RIVER / RUNNING SURFACE WATER,0076,Temperature of Water,5.1,CELSIUS
https://environment.data.gov.uk/water-quality/sampling-point/TH-PRTS0033/sample/1371320/observation/0111,TH-PRTS0033,THAMES DOWNSTREAM OF CS1 OUTFALL,-0.5356,51.4374,Thames,THAMES - WEST THAMES,Multiple Values,OPEN,FRESHWATER - RIVERS,2022-01-25T16:14:00,ENVIRONMENTAL MONITORING STATUTORY (EU DIRECTIVES),RIVER / RUNNING SURFACE WATER,0111,Ammoniacal Nitrogen as N,0.042,MILLIGRAM PER LITRE
https://environment.data.gov.uk/water-quality/sampling-point/TH-PRTS0033/sample/1371320/observation/0119,TH-PRTS0033,THAMES DOWNSTREAM OF CS1 OUTFALL,-0.5356,51.4374,Thames,THAMES - WEST THAMES,Multiple Values,OPEN,FRESHWATER - RIVERS,2022-01-25T16:14:00,ENVIRONMENTAL MONITORING STATUTORY (EU DIRECTIVES),RIVER / RUNNING SURFACE WATER,0119,Ammonia un-ionised as N,0.00053,MILLIGRAM PER LITRE
https://environment.data.gov.uk/water-quality/sampling-point/TH-PRTS0033/sample/1371320/observation/0135,TH-PRTS0033,THAMES DOWNSTREAM OF CS1 OUTFALL,-0.5356,51.4374,Thames,THAMES - WEST THAMES,Multiple Values,OPEN,FRESHWATER - RIVERS,2022-01-25T16:14:00,ENVIRONMENTAL MONITORING STATUTORY (EU DIRECTIVES),RIVER / RUNNING SURFACE WATER,0135,"Solids, Suspended at 105 C",7.8,MILLIGRAM PER LITRE
https://environment.data.gov.uk/water-quality/sampling-point/TH-PRTS0033/sample/1371320/observation/0180,TH-PRTS0033,THAMES DOWNSTREAM OF CS1 OUTFALL,-0.5356,51.4374,Thames,THAMES - WEST THAMES,Multiple Values,OPEN,FRESHWATER - RIVERS,2022-01-25T16:14:00,ENVIRONMENTAL MONITORING STATUTORY (EU DIRECTIVES),RIVER / RUNNING SURFACE WATER,0180,"Orthophosphate, reactive as P",0.16,MILLIGRAM PER LITRE
https://environment.data.gov.uk/water-quality/sampling-point/TH-PRTS0033/sample/1371320/observation/2958,TH-PRTS0033,THAMES DOWNSTREAM OF CS1 OUTFALL,-0.5356,51.4374,Thames,THAMES - WEST THAMES,Multiple Values,OPEN,FRESHWATER - RIVERS,2022-01-25T16:14:00,ENVIRONMENTAL MONITORING STATUTORY (EU DIRECTIVES),RIVER / RUNNING SURFACE WATER,2958,Perfluorooctanesulfonic acid (total),0.0075,MICROGRAM PER LITRE
https://environment.data.gov.uk/water-quality/sampling-point/TH-PRTS0033/sample/1371320/observation/2959,TH-PRTS0033,THAMES DOWNSTREAM OF CS1 OUTFALL,-0.5356,51.4374,Thames,THAMES - WEST THAMES,Multiple Values,OPEN,FRESHWATER - RIVERS,2022-01-25T16:14:00,ENVIRONMENTAL MONITORING STATUTORY (EU DIRECTIVES),RIVER / RUNNING SURFACE WATER,2959,Perfluorooctanesulfonic acid (linear),0.0038,MICROGRAM PER LITRE
https://environment.data.gov.uk/water-quality/sampling-point/TH-PRTS0033/sample/1371320/observation/2960,TH-PRTS0033,THAMES DOWNSTREAM OF CS1 OUTFALL,-0.5356,51.4374,Thames,THAMES - WEST THAMES,Multiple Values,OPEN,FRESHWATER - RIVERS,2022-01-25T16:14:00,ENVIRONMENTAL MONITORING STATUTORY (EU DIRECTIVES),RIVER / RUNNING SURFACE WATER,2960,Perfluorooctanesulfonic acid (branched),0.0037,MICROGRAM PER LITRE
https://environment.data.gov.uk/water-quality/sampling-point/TH-PRTS0033/sample/1371320/observation/7608,TH-PRTS0033,THAMES DOWNSTREAM OF CS1 OUTFALL,-0.5356,51.4374,Thames,THAMES - WEST THAMES,Multiple Values,OPEN,FRESHWATER - RIVERS,2022-01-25T16:14:00,ENVIRONMENTAL MONITORING STATUTORY (EU DIRECTIVES),RIVER / RUNNING SURFACE WATER,7608,Salinity : In Situ,0.34,Parts per thousand
https://environment.data.gov.uk/water-quality/sampling-point/TH-PRTS0033/sample/1371320/observation/9274,TH-PRTS0033,THAMES DOWNSTREAM OF CS1 OUTFALL,-0.5356,51.4374,Thames,THAMES - WEST THAMES,Multiple Values,OPEN,FRESHWATER - RIVERS,2022-01-25T16:14:00,ENVIRONMENTAL MONITORING STATUTORY (EU DIRECTIVES),RIVER / RUNNING SURFACE WATER,9274,Perfluorooctanoate anion,0.0019,MICROGRAM PER LITRE
https://environment.data.gov.uk/water-quality/sampling-point/TH-PRTS0033/sample/1371320/observation/9901,TH-PRTS0033,THAMES DOWNSTREAM OF CS1 OUTFALL,-0.5356,51.4374,Thames,THAMES - WEST THAMES,Multiple Values,OPEN,FRESHWATER - RIVERS,2022-01-25T16:14:00,ENVIRONMENTAL MONITORING STATUTORY (EU DIRECTIVES),RIVER / RUNNING SURFACE WATER,9901,"Oxygen, Dissolved, % Saturation",100,PERCENTAGE
https://environment.data.gov.uk/water-quality/sampling-point/TH-PRTS0033/sample/1371320/observation/9924,TH-PRTS0033,THAMES DOWNSTREAM OF CS1 OUTFALL,-0.5356,51.4374,Thames,THAMES - WEST THAMES,Multiple Values,OPEN,FRESHWATER - RIVERS,2022-01-25T16:14:00,ENVIRONMENTAL MONITORING STATUTORY (EU DIRECTIVES),RIVER / RUNNING SURFACE WATER,9924,"Oxygen, Dissolved as O2",12.7,MILLIGRAM PER LITRE
https://environment.data.gov.uk/water-quality/sampling-point/TH-RSN0018/sample/1371182/observation/0052,TH-RSN0018,RSN0018 RIVER THAMES AT MAGNA CARTA,-0.562,51.4448,Thames,THAMES - WEST THAMES,Multiple Values,OPEN,FRESHWATER - RIVERS,2022-01-19T12:00:00,MONITORING  (NATIONAL AGENCY POLICY),RIVER / RUNNING SURFACE WATER,0052,"Lead, Dissolved",<0.1,MICROGRAM PER LITRE
https://environment.data.gov.uk/water-quality/sampling-point/TH-RSN0018/sample/1371182/observation/0061,TH-RSN0018,RSN0018 RIVER THAMES AT MAGNA CARTA,-0.562,51.4448,Thames,THAMES - WEST THAMES,Multiple Values,OPEN,FRESHWATER - RIVERS,2022-01-19T12:00:00,MONITORING  (NATIONAL AGENCY POLICY),RIVER / RUNNING SURFACE WATER,0061,pH,8.23,PH UNITS
https://environment.data.gov.uk/water-quality/sampling-point/TH-RSN0018/sample/1371182/observation/0073,TH-RSN0018,RSN0018 RIVER THAMES AT MAGNA CARTA,-0.562,51.4448,Thames,THAMES - WEST THAMES,Multiple Values,OPEN,FRESHWATER - RIVERS,2022-01-19T12:00:00,MONITORING  (NATIONAL AGENCY POLICY),RIVER / RUNNING SURFACE WATER,0073,Cypermethrin,<0.00001,MICROGRAM PER LITRE
https://environment.data.gov.uk/water-quality/sampling-point/TH-RSN0018/sample/1371182/observation/0076,TH-RSN0018,RSN0018 RIVER THAMES AT MAGNA CARTA,-0.562,51.4448,Thames,THAMES - WEST THAMES,Multiple Values,OPEN,FRESHWATER - RIVERS,2022-01-19T12:00:00,MONITORING  (NATIONAL AGENCY POLICY),RIVER / RUNNING SURFACE WATER,0076,Temperature of Water,5.2,CELSIUS
https://environment.data.gov.uk/water-quality/sampling-point/TH-RSN0018/sample/1371182/observation/0077,TH-RSN0018,RSN0018 RIVER THAMES AT MAGNA CARTA,-0.562,51.4448,Thames,THAMES - WEST THAMES,Multiple Values,OPEN,FRESHWATER - RIVERS,2022-01-19T12:00:00,MONITORING  (NATIONAL AGENCY POLICY),RIVER / RUNNING SURFACE WATER,0077,Conductivity at 25 C,695,MICROSIEMENS PER CENTIMETRE
https://environment.data.gov.uk/water-quality/sampling-point/TH-RSN0018/sample/1371182/observation/0106,TH-RSN0018,RSN0018 RIVER THAMES AT MAGNA CARTA,-0.562,51.4448,Thames,THAMES - WEST THAMES,Multiple Values,OPEN,FRESHWATER - RIVERS,2022-01-19T12:00:00,MONITORING  (NATIONAL AGENCY POLICY),RIVER / RUNNING SURFACE WATER,0106,"Cadmium, Dissolved",<0.01,MICROGRAM PER LITRE
https://environment.data.gov.uk/water-quality/sampling-point/TH-RSN0018/sample/1371182/observation/0111,TH-RSN0018,RSN0018 RIVER THAMES AT MAGNA CARTA,-0.562,51.4448,Thames,THAMES - WEST THAMES,Multiple Values,OPEN,FRESHWATER - RIVERS,2022-01-19T12:00:00,MONITORING  (NATIONAL AGENCY POLICY),RIVER / RUNNING SURFACE WATER,0111,Ammoniacal Nitrogen as N,<0.03,MILLIGRAM PER LITRE
https://environment.data.gov.uk/water-quality/sampling-point/TH-RSN0018/sample/1371182/observation/0116,TH-RSN0018,RSN0018 RIVER THAMES AT MAGNA CARTA,-0.562,51.4448,Thames,THAMES - WEST THAMES,Multiple Values,OPEN,FRESHWATER - RIVERS,2022-01-19T12:00:00,MONITORING  (NATIONAL AGENCY POLICY),RIVER / RUNNING SURFACE WATER,0116,"Nitrogen, Total Oxidised as N",8.1,MILLIGRAM PER LITRE
https://environment.data.gov.uk/water-quality/sampling-point/TH-RSN0018/sample/1371182/observation/0117,TH-RSN0018,RSN0018 RIVER THAMES AT MAGNA CARTA,-0.562,51.4448,Thames,THAMES - WEST THAMES,Multiple Values,OPEN,FRESHWATER - RIVERS,2022-01-19T12:00:00,MONITORING  (NATIONAL AGENCY POLICY),RIVER / RUNNING SURFACE WATER,0117,Nitrate as N,8.08,MILLIGRAM PER LITRE
https://environment.data.gov.uk/water-quality/sampling-point/TH-RSN0018/sample/1371182/observation/0118,TH-RSN0018,RSN0018 RIVER THAMES AT MAGNA CARTA,-0.562,51.4448,Thames,THAMES - WEST THAMES,Multiple Values,OPEN,FRESHWATER - RIVERS,2022-01-19T12:00:00,MONITORING  (NATIONAL AGENCY POLICY),RIVER / RUNNING SURFACE WATER,0118,Nitrite as N,0.021,MILLIGRAM PER LITRE
https://environment.data.gov.uk/water-quality/sampling-point/TH-RSN0018/sample/1371182/observation/0119,TH-RSN0018,RSN0018 RIVER THAMES AT MAGNA CARTA,-0.562,51.4448,Thames,THAMES - WEST THAMES,Multiple Values,OPEN,FRESHWATER - RIVERS,2022-01-19T12:00:00,MONITORING  (NATIONAL AGENCY POLICY),RIVER / RUNNING SURFACE WATER,0119,Ammonia un-ionised as N,<0.00038,MILLIGRAM PER LITRE
https://environment.data.gov.uk/water-quality/sampling-point/TH-RSN0018/sample/1371182/observation/0158,TH-RSN0018,RSN0018 RIVER THAMES AT MAGNA CARTA,-0.562,51.4448,Thames,THAMES - WEST THAMES,Multiple Values,OPEN,FRESHWATER - RIVERS,2022-01-19T12:00:00,MONITORING  (NATIONAL AGENCY POLICY),RIVER / RUNNING SURFACE WATER,0158,"Hardness, Total as CaCO3",321,MILLIGRAM PER LITRE
https://environment.data.gov.uk/water-quality/sampling-point/TH-RSN0018/sample/1371182/observation/0162,TH-RSN0018,RSN0018 RIVER THAMES AT MAGNA CARTA,-0.562,51.4448,Thames,THAMES - WEST THAMES,Multiple Values,OPEN,FRESHWATER - RIVERS,2022-01-19T12:00:00,MONITORING  (NATIONAL AGENCY POLICY),RIVER / RUNNING SURFACE WATER,0162,Alkalinity to pH 4.5 as CaCO3,240,MILLIGRAM PER LITRE
https://environment.data.gov.uk/water-quality/sampling-point/TH-RSN0018/sample/1371182/observation/0163,TH-RSN0018,RSN0018 RIVER THAMES AT MAGNA CARTA,-0.562,51.4448,Thames,THAMES - WEST THAMES,Multiple Values,OPEN,FRESHWATER - RIVERS,2022-01-19T12:00:00,MONITORING  (NATIONAL AGENCY POLICY),RIVER / RUNNING SURFACE WATER,0163,"Hardness, Calcium",300,MILLIGRAM PER LITRE
https://environment.data.gov.uk/water-quality/sampling-point/TH-RSN0018/sample/1371182/observation/0172,TH-RSN0018,RSN0018 RIVER THAMES AT MAGNA CARTA,-0.562,51.4448,Thames,THAMES - WEST THAMES,Multiple Values,OPEN,FRESHWATER - RIVERS,2022-01-19T12:00:00,MONITORING  (NATIONAL AGENCY POLICY),RIVER / RUNNING SURFACE WATER,0172,Chloride,38,MILLIGRAM PER LITRE
https://environment.data.gov.uk/water-quality/sampling-point/TH-RSN0018/sample/1371182/observation/0180,TH-RSN0018,RSN0018 RIVER THAMES AT MAGNA CARTA,-0.562,51.4448,Thames,THAMES - WEST THAMES,Multiple Values,OPEN,FRESHWATER - RIVERS,2022-01-19T12:00:00,MONITORING  (NATIONAL AGENCY POLICY),RIVER / RUNNING SURFACE WATER,0180,"Orthophosphate, reactive as P",0.14,MILLIGRAM PER LITRE
https://environment.data.gov.uk/water-quality/sampling-point/TH-RSN0018/sample/1371182/observation/0182,TH-RSN0018,RSN0018 RIVER THAMES AT MAGNA CARTA,-0.562,51.4448,Thames,THAMES - WEST THAMES,Multiple Values,OPEN,FRESHWATER - RIVERS,2022-01-19T12:00:00,MONITORING  (NATIONAL AGENCY POLICY),RIVER / RUNNING SURFACE WATER,0182,"Silica, reactive as SiO2",12,MILLIGRAM PER LITRE
https://environment.data.gov.uk/water-quality/sampling-point/TH-RSN0018/sample/1371182/observation/0205,TH-RSN0018,RSN0018 RIVER THAMES AT MAGNA CARTA,-0.562,51.4448,Thames,THAMES - WEST THAMES,Multiple Values,OPEN,FRESHWATER - RIVERS,2022-01-19T12:00:00,MONITORING  (NATIONAL AGENCY POLICY),RIVER / RUNNING SURFACE WATER,0205,"Sodium, Dissolved",25,MILLIGRAM PER LITRE
https://environment.data.gov.uk/water-quality/sampling-point/TH-RSN0018/sample/1371182/observation/0209,TH-RSN0018,RSN0018 RIVER THAMES AT MAGNA CARTA,-0.562,51.4448,Thames,THAMES - WEST THAMES,Multiple Values,OPEN,FRESHWATER - RIVERS,2022-01-19T12:00:00,MONITORING  (NATIONAL AGENCY POLICY),RIVER / RUNNING SURFACE WATER,0209,"Potassium, Dissolved",4.9,MILLIGRAM PER LITRE
https://environment.data.gov.uk/water-quality/sampling-point/TH-RSN0018/sample/1371182/observation/0235,TH-RSN0018,RSN0018 RIVER THAMES AT MAGNA CARTA,-0.562,51.4448,Thames,THAMES - WEST THAMES,Multiple Values,OPEN,FRESHWATER - RIVERS,2022-01-19T12:00:00,MONITORING  (NATIONAL AGENCY POLICY),RIVER / RUNNING SURFACE WATER,0235,"Magnesium, Dissolved",5.3,MILLIGRAM PER LITRE
https://environment.data.gov.uk/water-quality/sampling-point/TH-RSN0018/sample/1371182/observation/0239,TH-RSN0018,RSN0018 RIVER THAMES AT MAGNA CARTA,-0.562,51.4448,Thames,THAMES - WEST THAMES,Multiple Values,OPEN,FRESHWATER - RIVERS,2022-01-19T12:00:00,MONITORING  (NATIONAL AGENCY POLICY),RIVER / RUNNING SURFACE WATER,0239,"Calcium, Dissolved",120,MILLIGRAM PER LITRE
https://environment.data.gov.uk/water-quality/sampling-point/TH-RSN0018/sample/1371182/observation/0301,TH-RSN0018,RSN0018 RIVER THAMES AT MAGNA CARTA,-0.562,51.4448,Thames,THAMES - WEST THAMES,Multiple Values,OPEN,FRESHWATER - RIVERS,2022-01-19T12:00:00,MONITORING  (NATIONAL AGENCY POLICY),RIVER / RUNNING SURFACE WATER,0301,"Carbon, Organic, Dissolved as C :- {DOC}",3.8,MILLIGRAM PER LITRE
https://environment.data.gov.uk/water-quality/sampling-point/TH-RSN0018/sample/1371182/observation/0348,TH-RSN0018,RSN0018 RIVER THAMES AT MAGNA CARTA,-0.562,51.4448,Thames,THAMES - WEST THAMES,Multiple Values,OPEN,FRESHWATER - RIVERS,2022-01-19T12:00:00,MONITORING  (NATIONAL AGENCY POLICY),RIVER / RUNNING SURFACE WATER,0348,"Phosphorus, Total as P",0.18,MILLIGRAM PER LITRE
https://environment.data.gov.uk/water-quality/sampling-point/TH-RSN0018/sample/1371182/observation/0714,TH-RSN0018,RSN0018 RIVER THAMES AT MAGNA CARTA,-0.562,51.4448,Thames,THAMES - WEST THAMES,Multiple Values,OPEN,FRESHWATER - RIVERS,2022-01-19T12:00:00,MONITORING  (NATIONAL AGENCY POLICY),RIVER / RUNNING SURFACE WATER,0714,"Benzo(g,h,i)Perylene",<0.01,MICROGRAM PER LITRE
https://environment.data.gov.uk/water-quality/sampling-point/TH-RSN0018/sample/1371182/observation/0731,TH-RSN0018,RSN0018 RIVER THAMES AT MAGNA CARTA,-0.562,51.4448,Thames,THAMES - WEST THAMES,Multiple Values,OPEN,FRESHWATER - RIVERS,2022-01-19T12:00:00,MONITORING  (NATIONAL AGENCY POLICY),RIVER / RUNNING SURFACE WATER,0731,Benzo(b)Fluoranthene,<0.01,MICROGRAM PER LITRE
https://environment.data.gov.uk/water-quality/sampling-point/TH-RSN0018/sample/1371182/observation/0733,TH-RSN0018,RSN0018 RIVER THAMES AT MAGNA CARTA,-0.562,51.4448,Thames,THAMES - WEST THAMES,Multiple Values,OPEN,FRESHWATER - RIVERS,2022-01-19T12:00:00,MONITORING  (NATIONAL AGENCY POLICY),RIVER / RUNNING SURFACE WATER,0733,Benzo(k)Fluoranthene,<0.01,MICROGRAM PER LITRE
https://environment.data.gov.uk/water-quality/sampling-point/TH-RSN0018/sample/1371182/observation/0736,TH-RSN0018,RSN0018 RIVER THAMES AT MAGNA CARTA,-0.562,51.4448,Thames,THAMES - WEST THAMES,Multiple Values,OPEN,FRESHWATER - RIVERS,2022-01-19T12:00:00,MONITORING  (NATIONAL AGENCY POLICY),RIVER / RUNNING SURFACE WATER,0736,Fluoranthene,<0.01,MICROGRAM PER LITRE
https://environment.data.gov.uk/water-quality/sampling-point/TH-RSN0018/sample/1371182/observation/0746,TH-RSN0018,RSN0018 RIVER THAMES AT MAGNA CARTA,-0.562,51.4448,Thames,THAMES - WEST THAMES,Multiple Values,OPEN,FRESHWATER - RIVERS,2022-01-19T12:00:00,MONITORING  (NATIONAL AGENCY POLICY),RIVER / RUNNING SURFACE WATER,0746,"Indeno(1,2,3-cd)pyrene",<0.01,MICROGRAM PER LITRE
https://environment.data.gov.uk/water-quality/sampling-point/TH-RSN0018/sample/1371182/observation/3004,TH-RSN0018,RSN0018 RIVER THAMES AT MAGNA CARTA,-0.562,51.4448,Thames,THAMES - WEST THAMES,Multiple Values,OPEN,FRESHWATER - RIVERS,2022-01-19T12:00:00,MONITORING  (NATIONAL AGENCY POLICY),RIVER / RUNNING SURFACE WATER,3004,Asulam,<0.02,MICROGRAM PER LITRE
https://environment.data.gov.uk/water-quality/sampling-point/TH-RSN0018/sample/1371182/observation/3007,TH-RSN0018,RSN0018 RIVER THAMES AT MAGNA CARTA,-0.562,51.4448,Thames,THAMES - WEST THAMES,Multiple Values,OPEN,FRESHWATER - RIVERS,2022-01-19T12:00:00,MONITORING  (NATIONAL AGENCY POLICY),RIVER / RUNNING SURFACE WATER,3007,Glyphosate,<0.1,MICROGRAM PER LITRE
https://environment.data.gov.uk/water-quality/sampling-point/TH-RSN0018/sample/1371182/observation/3086,TH-RSN0018,RSN0018 RIVER THAMES AT MAGNA CARTA,-0.562,51.4448,Thames,THAMES - WEST THAMES,Multiple Values,OPEN,FRESHWATER - RIVERS,2022-01-19T12:00:00,MONITORING  (NATIONAL AGENCY POLICY),RIVER / RUNNING SURFACE WATER,3086,Carbofuran,<0.005,MICROGRAM PER LITRE
https://environment.data.gov.uk/water-quality/sampling-point/TH-RSN0018/sample/1371182/observation/3117,TH-RSN0018,RSN0018 RIVER THAMES AT MAGNA CARTA,-0.562,51.4448,Thames,THAMES - WEST THAMES,Multiple Values,OPEN,FRESHWATER - RIVERS,2022-01-19T12:00:00,MONITORING  (NATIONAL AGENCY POLICY),RIVER / RUNNING SURFACE WATER,3117,Isoproturon,<0.01,MICROGRAM PER LITRE
https://environment.data.gov.uk/water-quality/sampling-point/TH-RSN0018/sample/1371182/observation/3118,TH-RSN0018,RSN0018 RIVER THAMES AT MAGNA CARTA,-0.562,51.4448,Thames,THAMES - WEST THAMES,Multiple Values,OPEN,FRESHWATER - RIVERS,2022-01-19T12:00:00,MONITORING  (NATIONAL AGENCY POLICY),RIVER / RUNNING SURFACE WATER,3118,Linuron,<0.01,MICROGRAM PER LITRE
https://environment.data.gov.uk/water-quality/sampling-point/TH-RSN0018/sample/1371182/observation/3130,TH-RSN0018,RSN0018 RIVER THAMES AT MAGNA CARTA,-0.562,51.4448,Thames,THAMES - WEST THAMES,Multiple Values,OPEN,FRESHWATER - RIVERS,2022-01-19T12:00:00,MONITORING  (NATIONAL AGENCY POLICY),RIVER / RUNNING SURFACE WATER,3130,Metoxuron,<0.01,MICROGRAM PER LITRE
https://environment.data.gov.uk/water-quality/sampling-point/TH-RSN0018/sample/1371182/observation/3341,TH-RSN0018,RSN0018 RIVER THAMES AT MAGNA CARTA,-0.562,51.4448,Thames,THAMES - WEST THAMES,Multiple Values,OPEN,FRESHWATER - RIVERS,2022-01-19T12:00:00,MONITORING  (NATIONAL AGENCY POLICY),RIVER / RUNNING SURFACE WATER,3341,4-Chloro-2-methylphenol :- {p-Chloro-o-cresol},<0.05,MICROGRAM PER LITRE
https://environment.data.gov.uk/water-quality/sampling-point/TH-RSN0018/sample/1371182/observation/3377,TH-RSN0018,RSN0018 RIVER THAMES AT MAGNA CARTA,-0.562,51.4448,Thames,THAMES - WEST THAMES,Multiple Values,OPEN,FRESHWATER - RIVERS,2022-01-19T12:00:00,MONITORING  (NATIONAL AGENCY POLICY),RIVER / RUNNING SURFACE WATER,3377,Lead : BLM Bioavailable,0.01,MICROGRAM PER LITRE
https://environment.data.gov.uk/water-quality/sampling-point/TH-RSN0018/sample/1371182/observation/3399,TH-RSN0018,RSN0018 RIVER THAMES AT MAGNA CARTA,-0.562,51.4448,Thames,THAMES - WEST THAMES,Multiple Values,OPEN,FRESHWATER - RIVERS,2022-01-19T12:00:00,MONITORING  (NATIONAL AGENCY POLICY),RIVER / RUNNING SURFACE WATER,3399,Chloroxuron,<0.01,MICROGRAM PER LITRE
https://environment.data.gov.uk/water-quality/sampling-point/TH-RSN0018/sample/1371182/observation/3400,TH-RSN0018,RSN0018 RIVER THAMES AT MAGNA CARTA,-0.562,51.4448,Thames,THAMES - WEST THAMES,Multiple Values,OPEN,FRESHWATER - RIVERS,2022-01-19T12:00:00,MONITORING  (NATIONAL AGENCY POLICY),RIVER / RUNNING SURFACE WATER,3400,Monuron,<0.01,MICROGRAM PER LITRE
https://environment.data.gov.uk/water-quality/sampling-point/TH-RSN0018/sample/1371182/observation/3408,TH-RSN0018,RSN0018 RIVER THAMES AT MAGNA CARTA,-0.562,51.4448,Thames,THAMES - WEST THAMES,Multiple Values,OPEN,FRESHWATER - RIVERS,2022-01-19T12:00:00,MONITORING  (NATIONAL AGENCY POLICY),RIVER / RUNNING SURFACE WATER,3408,"Zinc, Dissolved",3.3,MICROGRAM PER LITRE
https://environment.data.gov.uk/water-quality/sampling-point/TH-RSN0018/sample/1371182/observation/3409,TH-RSN0018,RSN0018 RIVER THAMES AT MAGNA CARTA,-0.562,51.4448,Thames,THAMES - WEST THAMES,Multiple Values,OPEN,FRESHWATER - RIVERS,2022-01-19T12:00:00,MONITORING  (NATIONAL AGENCY POLICY),RIVER / RUNNING SURFACE WATER,3409,"Chromium, Dissolved",<0.5,MICROGRAM PER LITRE
https://environment.data.gov.uk/water-quality/sampling-point/TH-RSN0018/sample/1371182/observation/3410,TH-RSN0018,RSN0018 RIVER THAMES AT MAGNA CARTA,-0.562,51.4448,Thames,THAMES - WEST THAMES,Multiple Values,OPEN,FRESHWATER - RIVERS,2022-01-19T12:00:00,MONITORING  (NATIONAL AGENCY POLICY),RIVER / RUNNING SURFACE WATER,3410,"Nickel, Dissolved",1.5,MICROGRAM PER LITRE
https://environment.data.gov.uk/water-quality/sampling-point/TH-RSN0018/sample/1371182/observation/3475,TH-RSN0018,RSN0018 RIVER THAMES AT MAGNA CARTA,-0.562,51.4448,Thames,THAMES - WEST THAMES,Multiple Values,OPEN,FRESHWATER - RIVERS,2022-01-19T12:00:00,MONITORING  (NATIONAL AGENCY POLICY),RIVER / RUNNING SURFACE WATER,3475,Carbendazim,<0.01,MICROGRAM PER LITRE
https://environment.data.gov.uk/water-quality/sampling-point/TH-RSN0018/sample/1371182/observation/3545,TH-RSN0018,RSN0018 RIVER THAMES AT MAGNA CARTA,-0.562,51.4448,Thames,THAMES - WEST THAMES,Multiple Values,OPEN,FRESHWATER - RIVERS,2022-01-19T12:00:00,MONITORING  (NATIONAL AGENCY POLICY),RIVER / RUNNING SURFACE WATER,3545,"2,4-D :- {2,4-Dichlorophenoxyacetic acid}",<0.005,MICROGRAM PER LITRE
https://environment.data.gov.uk/water-quality/sampling-point/TH-RSN0018/sample/1371182/observation/3546,TH-RSN0018,RSN0018 RIVER THAMES AT MAGNA CARTA,-0.562,51.4448,Thames,THAMES - WEST THAMES,Multiple Values,OPEN,FRESHWATER - RIVERS,2022-01-19T12:00:00,MONITORING  (NATIONAL AGENCY POLICY),RIVER / RUNNING SURFACE WATER,3546,"2,4,5-T :- {2,4,5-Trichlorophenoxyacetic acid}",<0.005,MICROGRAM PER LITRE
https://environment.data.gov.uk/water-quality/sampling-point/TH-RSN0018/sample/1371182/observation/3547,TH-RSN0018,RSN0018 RIVER THAMES AT MAGNA CARTA,-0.562,51.4448,Thames,THAMES - WEST THAMES,Multiple Values,OPEN,FRESHWATER - RIVERS,2022-01-19T12:00:00,MONITORING  (NATIONAL AGENCY POLICY),RIVER / RUNNING SURFACE WATER,3547,4-Chlorophenoxyacetic acid,<0.005,MICROGRAM PER LITRE
https://environment.data.gov.uk/water-quality/sampling-point/TH-RSN0018/sample/1371182/observation/3548,TH-RSN0018,RSN0018 RIVER THAMES AT MAGNA CARTA,-0.562,51.4448,Thames,THAMES - WEST THAMES,Multiple Values,OPEN,FRESHWATER - RIVERS,2022-01-19T12:00:00,MONITORING  (NATIONAL AGENCY POLICY),RIVER / RUNNING SURFACE WATER,3548,MCPA :- {4-Chloro-2-methylphenoxyacetic acid} ,<0.005,MICROGRAM PER LITRE
https://environment.data.gov.uk/water-quality/sampling-point/TH-RSN0018/sample/1371182/observation/3549,TH-RSN0018,RSN0018 RIVER THAMES AT MAGNA CARTA,-0.562,51.4448,Thames,THAMES - WEST THAMES,Multiple Values,OPEN,FRESHWATER - RIVERS,2022-01-19T12:00:00,MONITORING  (NATIONAL AGENCY POLICY),RIVER / RUNNING SURFACE WATER,3549,Mecoprop,<0.005,MICROGRAM PER LITRE
https://environment.data.gov.uk/water-quality/sampling-point/TH-RSN0018/sample/1371182/observation/3550,TH-RSN0018,RSN0018 RIVER THAMES AT MAGNA CARTA,-0.562,51.4448,Thames,THAMES - WEST THAMES,Multiple Values,OPEN,FRESHWATER - RIVERS,2022-01-19T12:00:00,MONITORING  (NATIONAL AGENCY POLICY),RIVER / RUNNING SURFACE WATER,3550,Dicamba,<0.01,MICROGRAM PER LITRE
https://environment.data.gov.uk/water-quality/sampling-point/TH-RSN0018/sample/1371182/observation/3551,TH-RSN0018,RSN0018 RIVER THAMES AT MAGNA CARTA,-0.562,51.4448,Thames,THAMES - WEST THAMES,Multiple Values,OPEN,FRESHWATER - RIVERS,2022-01-19T12:00:00,MONITORING  (NATIONAL AGENCY POLICY),RIVER / RUNNING SURFACE WATER,3551,"Dichlorprop :- {2,4-DP}",<0.005,MICROGRAM PER LITRE
https://environment.data.gov.uk/water-quality/sampling-point/TH-RSN0018/sample/1371182/observation/3552,TH-RSN0018,RSN0018 RIVER THAMES AT MAGNA CARTA,-0.562,51.4448,Thames,THAMES - WEST THAMES,Multiple Values,OPEN,FRESHWATER - RIVERS,2022-01-19T12:00:00,MONITORING  (NATIONAL AGENCY POLICY),RIVER / RUNNING SURFACE WATER,3552,Fenoprop,<0.005,MICROGRAM PER LITRE
https://environment.data.gov.uk/water-quality/sampling-point/TH-RSN0018/sample/1371182/observation/3555,TH-RSN0018,RSN0018 RIVER THAMES AT MAGNA CARTA,-0.562,51.4448,Thames,THAMES - WEST THAMES,Multiple Values,OPEN,FRESHWATER - RIVERS,2022-01-19T12:00:00,MONITORING  (NATIONAL AGENCY POLICY),RIVER / RUNNING SURFACE WATER,3555,Triclopyr,<0.005,MICROGRAM PER LITRE
https://environment.data.gov.uk/water-quality/sampling-point/TH-RSN0018/sample/1371182/observation/3790,TH-RSN0018,RSN0018 RIVER THAMES AT MAGNA CARTA,-0.562,51.4448,Thames,THAMES - WEST THAMES,Multiple Values,OPEN,FRESHWATER - RIVERS,2022-01-19T12:00:00,MONITORING  (NATIONAL AGENCY POLICY),RIVER / RUNNING SURFACE WATER,3790,MCPB :- {4-Chloro-2-methylphenoxybutyric acid},<0.005,MICROGRAM PER LITRE
https://environment.data.gov.uk/water-quality/sampling-point/TH-RSN0018/sample/1371182/observation/3791,TH-RSN0018,RSN0018 RIVER THAMES AT MAGNA CARTA,-0.562,51.4448,Thames,THAMES - WEST THAMES,Multiple Values,OPEN,FRESHWATER - RIVERS,2022-01-19T12:00:00,MONITORING  (NATIONAL AGENCY POLICY),RIVER / RUNNING SURFACE WATER,3791,"2,4-DB :- {4-(2,4-dichlorophenoxy)butyric acid}",<0.005,MICROGRAM PER LITRE
https://environment.data.gov.uk/water-quality/sampling-point/TH-RSN0018/sample/1371182/observation/3792,TH-RSN0018,RSN0018 RIVER THAMES AT MAGNA CARTA,-0.562,51.4448,Thames,THAMES - WEST THAMES,Multiple Values,OPEN,FRESHWATER - RIVERS,2022-01-19T12:00:00,MONITORING  (NATIONAL AGENCY POLICY),RIVER / RUNNING SURFACE WATER,3792,Benazolin,<0.005,MICROGRAM PER LITRE
https://environment.data.gov.uk/water-quality/sampling-point/TH-RSN0018/sample/1371182/observation/3811,TH-RSN0018,RSN0018 RIVER THAMES AT MAGNA CARTA,-0.562,51.4448,Thames,THAMES - WEST THAMES,Multiple Values,OPEN,FRESHWATER - RIVERS,2022-01-19T12:00:00,MONITORING  (NATIONAL AGENCY POLICY),RIVER / RUNNING SURFACE WATER,3811,Diuron,<0.01,MICROGRAM PER LITRE
https://environment.data.gov.uk/water-quality/sampling-point/TH-RSN0018/sample/1371182/observation/3878,TH-RSN0018,RSN0018 RIVER THAMES AT MAGNA CARTA,-0.562,51.4448,Thames,THAMES - WEST THAMES,Multiple Values,OPEN,FRESHWATER - RIVERS,2022-01-19T12:00:00,MONITORING  (NATIONAL AGENCY POLICY),RIVER / RUNNING SURFACE WATER,3878,Nickel : BLM Bioavailable,0.86,MICROGRAM PER LITRE
https://environment.data.gov.uk/water-quality/sampling-point/TH-RSN0018/sample/1371182/observation/4064,TH-RSN0018,RSN0018 RIVER THAMES AT MAGNA CARTA,-0.562,51.4448,Thames,THAMES - WEST THAMES,Multiple Values,OPEN,FRESHWATER - RIVERS,2022-01-19T12:00:00,MONITORING  (NATIONAL AGENCY POLICY),RIVER / RUNNING SURFACE WATER,4064,Fluroxypyr,<0.005,MICROGRAM PER LITRE
https://environment.data.gov.uk/water-quality/sampling-point/TH-RSN0018/sample/1371182/observation/4065,TH-RSN0018,RSN0018 RIVER THAMES AT MAGNA CARTA,-0.562,51.4448,Thames,THAMES - WEST THAMES,Multiple Values,OPEN,FRESHWATER - RIVERS,2022-01-19T12:00:00,MONITORING  (NATIONAL AGENCY POLICY),RIVER / RUNNING SURFACE WATER,4065,Bentazone,0.0047,MICROGRAM PER LITRE
https://environment.data.gov.uk/water-quality/sampling-point/TH-RSN0018/sample/1371182/observation/4201,TH-RSN0018,RSN0018 RIVER THAMES AT MAGNA CARTA,-0.562,51.4448,Thames,THAMES - WEST THAMES,Multiple Values,OPEN,FRESHWATER - RIVERS,2022-01-19T12:00:00,MONITORING  (NATIONAL AGENCY POLICY),RIVER / RUNNING SURFACE WATER,4201,"Lithium, Dissolved",<100,MICROGRAM PER LITRE
https://environment.data.gov.uk/water-quality/sampling-point/TH-RSN0018/sample/1371182/observation/4820,TH-RSN0018,RSN0018 RIVER THAMES AT MAGNA CARTA,-0.562,51.4448,Thames,THAMES - WEST THAMES,Multiple Values,OPEN,FRESHWATER - RIVERS,2022-01-19T12:00:00,MONITORING  (NATIONAL AGENCY POLICY),RIVER / RUNNING SURFACE WATER,4820,Manganese : BLM Bioavailable,4.4,MICROGRAM PER LITRE
https://environment.data.gov.uk/water-quality/sampling-point/TH-RSN0018/sample/1371182/observation/4821,TH-RSN0018,RSN0018 RIVER THAMES AT MAGNA CARTA,-0.562,51.4448,Thames,THAMES - WEST THAMES,Multiple Values,OPEN,FRESHWATER - RIVERS,2022-01-19T12:00:00,MONITORING  (NATIONAL AGENCY POLICY),RIVER / RUNNING SURFACE WATER,4821,Copper : BLM Bioavailable,0.2,MICROGRAM PER LITRE
https://environment.data.gov.uk/water-quality/sampling-point/TH-RSN0018/sample/1371182/observation/4822,TH-RSN0018,RSN0018 RIVER THAMES AT MAGNA CARTA,-0.562,51.4448,Thames,THAMES - WEST THAMES,Multiple Values,OPEN,FRESHWATER - RIVERS,2022-01-19T12:00:00,MONITORING  (NATIONAL AGENCY POLICY),RIVER / RUNNING SURFACE WATER,4822,Zinc : BLM Bioavailable,1.4,MICROGRAM PER LITRE
https://environment.data.gov.uk/water-quality/sampling-point/TH-RSN0018/sample/1371182/observation/4994,TH-RSN0018,RSN0018 RIVER THAMES AT MAGNA CARTA,-0.562,51.4448,Thames,THAMES - WEST THAMES,Multiple Values,OPEN,FRESHWATER - RIVERS,2022-01-19T12:00:00,MONITORING  (NATIONAL AGENCY POLICY),RIVER / RUNNING SURFACE WATER,4994,GCMS Screen : Target Based multi-residue screening : Semi Quantitative,1,Text Result
https://environment.data.gov.uk/water-quality/sampling-point/TH-RSN0018/sample/1371182/observation/5042,TH-RSN0018,RSN0018 RIVER THAMES AT MAGNA CARTA,-0.562,51.4448,Thames,THAMES - WEST THAMES,Multiple Values,OPEN,FRESHWATER - RIVERS,2022-01-19T12:00:00,MONITORING  (NATIONAL AGENCY POLICY),RIVER / RUNNING SURFACE WATER,5042,Sulcotrione,<0.1,MICROGRAM PER LITRE
https://environment.data.gov.uk/water-quality/sampling-point/TH-RSN0018/sample/1371182/observation/5047,TH-RSN0018,RSN0018 RIVER THAMES AT MAGNA CARTA,-0.562,51.4448,Thames,THAMES - WEST THAMES,Multiple Values,OPEN,FRESHWATER - RIVERS,2022-01-19T12:00:00,MONITORING  (NATIONAL AGENCY POLICY),RIVER / RUNNING SURFACE WATER,5047,Ethirimol,<0.05,MICROGRAM PER LITRE
https://environment.data.gov.uk/water-quality/sampling-point/TH-RSN0018/sample/1371182/observation/5050,TH-RSN0018,RSN0018 RIVER THAMES AT MAGNA CARTA,-0.562,51.4448,Thames,THAMES - WEST THAMES,Multiple Values,OPEN,FRESHWATER - RIVERS,2022-01-19T12:00:00,MONITORING  (NATIONAL AGENCY POLICY),RIVER / RUNNING SURFACE WATER,5050,Azoxystrobin,<0.02,MICROGRAM PER LITRE
https://environment.data.gov.uk/water-quality/sampling-point/TH-RSN0018/sample/1371182/observation/5446,TH-RSN0018,RSN0018 RIVER THAMES AT MAGNA CARTA,-0.562,51.4448,Thames,THAMES - WEST THAMES,Multiple Values,OPEN,FRESHWATER - RIVERS,2022-01-19T12:00:00,MONITORING  (NATIONAL AGENCY POLICY),RIVER / RUNNING SURFACE WATER,5446,Cypermethrin Identification,1,Text Result
https://environment.data.gov.uk/water-quality/sampling-point/TH-RSN0018/sample/1371182/observation/5732,TH-RSN0018,RSN0018 RIVER THAMES AT MAGNA CARTA,-0.562,51.4448,Thames,THAMES - WEST THAMES,Multiple Values,OPEN,FRESHWATER - RIVERS,2022-01-19T12:00:00,MONITORING  (NATIONAL AGENCY POLICY),RIVER / RUNNING SURFACE WATER,5732,Triphenyl Tin as Cation,<0.0002,MICROGRAM PER LITRE
https://environment.data.gov.uk/water-quality/sampling-point/TH-RSN0018/sample/1371182/observation/5889,TH-RSN0018,RSN0018 RIVER THAMES AT MAGNA CARTA,-0.562,51.4448,Thames,THAMES - WEST THAMES,Multiple Values,OPEN,FRESHWATER - RIVERS,2022-01-19T12:00:00,MONITORING  (NATIONAL AGENCY POLICY),RIVER / RUNNING SURFACE WATER,5889,Triclosan,<0.01,MICROGRAM PER LITRE
https://environment.data.gov.uk/water-quality/sampling-point/TH-RSN0018/sample/1371182/observation/6037,TH-RSN0018,RSN0018 RIVER THAMES AT MAGNA CARTA,-0.562,51.4448,Thames,THAMES - WEST THAMES,Multiple Values,OPEN,FRESHWATER - RIVERS,2022-01-19T12:00:00,MONITORING  (NATIONAL AGENCY POLICY),RIVER / RUNNING SURFACE WATER,6037,"Aluminium, Dissolved",<10,MICROGRAM PER LITRE
https://environment.data.gov.uk/water-quality/sampling-point/TH-RSN0018/sample/1371182/observation/6399,TH-RSN0018,RSN0018 RIVER THAMES AT MAGNA CARTA,-0.562,51.4448,Thames,THAMES - WEST THAMES,Multiple Values,OPEN,FRESHWATER - RIVERS,2022-01-19T12:00:00,MONITORING  (NATIONAL AGENCY POLICY),RIVER / RUNNING SURFACE WATER,6399,Benzo(a)Pyrene,<0.01,MICROGRAM PER LITRE
https://environment.data.gov.uk/water-quality/sampling-point/TH-RSN0018/sample/1371182/observation/6449,TH-RSN0018,RSN0018 RIVER THAMES AT MAGNA CARTA,-0.562,51.4448,Thames,THAMES - WEST THAMES,Multiple Values,OPEN,FRESHWATER - RIVERS,2022-01-19T12:00:00,MONITORING  (NATIONAL AGENCY POLICY),RIVER / RUNNING SURFACE WATER,6449,Bromoxynil,<0.005,MICROGRAM PER LITRE
https://environment.data.gov.uk/water-quality/sampling-point/TH-RSN0018/sample/1371182/observation/6450,TH-RSN0018,RSN0018 RIVER THAMES AT MAGNA CARTA,-0.562,51.4448,Thames,THAMES - WEST THAMES,Multiple Values,OPEN,FRESHWATER - RIVERS,2022-01-19T12:00:00,MONITORING  (NATIONAL AGENCY POLICY),RIVER / RUNNING SURFACE WATER,6450,"Copper, Dissolved",1.6,MICROGRAM PER LITRE
https://environment.data.gov.uk/water-quality/sampling-point/TH-RSN0018/sample/1371182/observation/6458,TH-RSN0018,RSN0018 RIVER THAMES AT MAGNA CARTA,-0.562,51.4448,Thames,THAMES - WEST THAMES,Multiple Values,OPEN,FRESHWATER - RIVERS,2022-01-19T12:00:00,MONITORING  (NATIONAL AGENCY POLICY),RIVER / RUNNING SURFACE WATER,6458,"Manganese, Dissolved",<10,MICROGRAM PER LITRE
https://environment.data.gov.uk/water-quality/sampling-point/TH-RSN0018/sample/1371182/observation/6460,TH-RSN0018,RSN0018 RIVER THAMES AT MAGNA CARTA,-0.562,51.4448,Thames,THAMES - WEST THAMES,Multiple Values,OPEN,FRESHWATER - RIVERS,2022-01-19T12:00:00,MONITORING  (NATIONAL AGENCY POLICY),RIVER / RUNNING SURFACE WATER,6460,"Iron, Dissolved",<30,MICROGRAM PER LITRE
https://environment.data.gov.uk/water-quality/sampling-point/TH-RSN0018/sample/1371182/observation/6620,TH-RSN0018,RSN0018 RIVER THAMES AT MAGNA CARTA,-0.562,51.4448,Thames,THAMES - WEST THAMES,Multiple Values,OPEN,FRESHWATER - RIVERS,2022-01-19T12:00:00,MONITORING  (NATIONAL AGENCY POLICY),RIVER / RUNNING SURFACE WATER,6620,Clopyralid,<0.005,MICROGRAM PER LITRE
https://environment.data.gov.uk/water-quality/sampling-point/TH-RSN0018/sample/1371182/observation/6671,TH-RSN0018,RSN0018 RIVER THAMES AT MAGNA CARTA,-0.562,51.4448,Thames,THAMES - WEST THAMES,Multiple Values,OPEN,FRESHWATER - RIVERS,2022-01-19T12:00:00,MONITORING  (NATIONAL AGENCY POLICY),RIVER / RUNNING SURFACE WATER,6671,Phenoxyacetic acid :- {PAA},0.046,MICROGRAM PER LITRE
https://environment.data.gov.uk/water-quality/sampling-point/TH-RSN0018/sample/1371182/observation/6672,TH-RSN0018,RSN0018 RIVER THAMES AT MAGNA CARTA,-0.562,51.4448,Thames,THAMES - WEST THAMES,Multiple Values,OPEN,FRESHWATER - RIVERS,2022-01-19T12:00:00,MONITORING  (NATIONAL AGENCY POLICY),RIVER / RUNNING SURFACE WATER,6672,4-Phenoxybutyric acid :- {PBA},<0.005,MICROGRAM PER LITRE
https://environment.data.gov.uk/water-quality/sampling-point/TH-RSN0018/sample/1371182/observation/6673,TH-RSN0018,RSN0018 RIVER THAMES AT MAGNA CARTA,-0.562,51.4448,Thames,THAMES - WEST THAMES,Multiple Values,OPEN,FRESHWATER - RIVERS,2022-01-19T12:00:00,MONITORING  (NATIONAL AGENCY POLICY),RIVER / RUNNING SURFACE WATER,6673,2-Phenoxypropionic acid :- {PPA},<0.005,MICROGRAM PER LITRE
https://environment.data.gov.uk/water-quality/sampling-point/TH-RSN0018/sample/1371182/observation/6693,TH-RSN0018,RSN0018 RIVER THAMES AT MAGNA CARTA,-0.562,51.4448,Thames,THAMES - WEST THAMES,Multiple Values,OPEN,FRESHWATER - RIVERS,2022-01-19T12:00:00,MONITORING  (NATIONAL AGENCY POLICY),RIVER / RUNNING SURFACE WATER,6693,"Strontium, Filtered",360,MICROGRAM PER LITRE
https://environment.data.gov.uk/water-quality/sampling-point/TH-RSN0018/sample/1371182/observation/6724,TH-RSN0018,RSN0018 RIVER THAMES AT MAGNA CARTA,-0.562,51.4448,Thames,THAMES - WEST THAMES,Multiple Values,OPEN,FRESHWATER - RIVERS,2022-01-19T12:00:00,MONITORING  (NATIONAL AGENCY POLICY),RIVER / RUNNING SURFACE WATER,6724,Di(2-ethylhexyl) phthalate :- {DEHP},<0.2,MICROGRAM PER LITRE
https://environment.data.gov.uk/water-quality/sampling-point/TH-RSN0018/sample/1371182/observation/6760,TH-RSN0018,RSN0018 RIVER THAMES AT MAGNA CARTA,-0.562,51.4448,Thames,THAMES - WEST THAMES,Multiple Values,OPEN,FRESHWATER - RIVERS,2022-01-19T12:00:00,MONITORING  (NATIONAL AGENCY POLICY),RIVER / RUNNING SURFACE WATER,6760,Chloridazon,<0.01,MICROGRAM PER LITRE
https://environment.data.gov.uk/water-quality/sampling-point/TH-RSN0018/sample/1371182/observation/6955,TH-RSN0018,RSN0018 RIVER THAMES AT MAGNA CARTA,-0.562,51.4448,Thames,THAMES - WEST THAMES,Multiple Values,OPEN,FRESHWATER - RIVERS,2022-01-19T12:00:00,MONITORING  (NATIONAL AGENCY POLICY),RIVER / RUNNING SURFACE WATER,6955,Ethiofencarb,<0.005,MICROGRAM PER LITRE
https://environment.data.gov.uk/water-quality/sampling-point/TH-RSN0018/sample/1371182/observation/6971,TH-RSN0018,RSN0018 RIVER THAMES AT MAGNA CARTA,-0.562,51.4448,Thames,THAMES - WEST THAMES,Multiple Values,OPEN,FRESHWATER - RIVERS,2022-01-19T12:00:00,MONITORING  (NATIONAL AGENCY POLICY),RIVER / RUNNING SURFACE WATER,6971,Methiocarb,<0.001,MICROGRAM PER LITRE
https://environment.data.gov.uk/water-quality/sampling-point/TH-RSN0018/sample/1371182/observation/6972,TH-RSN0018,RSN0018 RIVER THAMES AT MAGNA CARTA,-0.562,51.4448,Thames,THAMES - WEST THAMES,Multiple Values,OPEN,FRESHWATER - RIVERS,2022-01-19T12:00:00,MONITORING  (NATIONAL AGENCY POLICY),RIVER / RUNNING SURFACE WATER,6972,Methomyl,<0.005,MICROGRAM PER LITRE
https://environment.data.gov.uk/water-quality/sampling-point/TH-RSN0018/sample/1371182/observation/6980,TH-RSN0018,RSN0018 RIVER THAMES AT MAGNA CARTA,-0.562,51.4448,Thames,THAMES - WEST THAMES,Multiple Values,OPEN,FRESHWATER - RIVERS,2022-01-19T12:00:00,MONITORING  (NATIONAL AGENCY POLICY),RIVER / RUNNING SURFACE WATER,6980,Oxamyl,<0.005,MICROGRAM PER LITRE
https://environment.data.gov.uk/water-quality/sampling-point/TH-RSN0018/sample/1371182/observation/6987,TH-RSN0018,RSN0018 RIVER THAMES AT MAGNA CARTA,-0.562,51.4448,Thames,THAMES - WEST THAMES,Multiple Values,OPEN,FRESHWATER - RIVERS,2022-01-19T12:00:00,MONITORING  (NATIONAL AGENCY POLICY),RIVER / RUNNING SURFACE WATER,6987,Propoxur,<0.005,MICROGRAM PER LITRE
https://environment.data.gov.uk/water-quality/sampling-point/TH-RSN0018/sample/1371182/observation/7025,TH-RSN0018,RSN0018 RIVER THAMES AT MAGNA CARTA,-0.562,51.4448,Thames,THAMES - WEST THAMES,Multiple Values,OPEN,FRESHWATER - RIVERS,2022-01-19T12:00:00,MONITORING  (NATIONAL AGENCY POLICY),RIVER / RUNNING SURFACE WATER,7025,Imazapyr,<0.005,MICROGRAM PER LITRE
https://environment.data.gov.uk/water-quality/sampling-point/TH-RSN0018/sample/1371182/observation/7053,TH-RSN0018,RSN0018 RIVER THAMES AT MAGNA CARTA,-0.562,51.4448,Thames,THAMES - WEST THAMES,Multiple Values,OPEN,FRESHWATER - RIVERS,2022-01-19T12:00:00,MONITORING  (NATIONAL AGENCY POLICY),RIVER / RUNNING SURFACE WATER,7053,Methabenzthiazuron,<0.01,MICROGRAM PER LITRE
https://environment.data.gov.uk/water-quality/sampling-point/TH-RSN0018/sample/1371182/observation/7125,TH-RSN0018,RSN0018 RIVER THAMES AT MAGNA CARTA,-0.562,51.4448,Thames,THAMES - WEST THAMES,Multiple Values,OPEN,FRESHWATER - RIVERS,2022-01-19T12:00:00,MONITORING  (NATIONAL AGENCY POLICY),RIVER / RUNNING SURFACE WATER,7125,Aminomethylphosphonic acid,<0.2,MICROGRAM PER LITRE
https://environment.data.gov.uk/water-quality/sampling-point/TH-RSN0018/sample/1371182/observation/7726,TH-RSN0018,RSN0018 RIVER THAMES AT MAGNA CARTA,-0.562,51.4448,Thames,THAMES - WEST THAMES,Multiple Values,OPEN,FRESHWATER - RIVERS,2022-01-19T12:00:00,MONITORING  (NATIONAL AGENCY POLICY),RIVER / RUNNING SURFACE WATER,7726,"2,3,6-TBA :- {2,3,6-Trichlorobenzoic acid}",<0.02,MICROGRAM PER LITRE
https://environment.data.gov.uk/water-quality/sampling-point/TH-RSN0018/sample/1371182/observation/7859,TH-RSN0018,RSN0018 RIVER THAMES AT MAGNA CARTA,-0.562,51.4448,Thames,THAMES - WEST THAMES,Multiple Values,OPEN,FRESHWATER - RIVERS,2022-01-19T12:00:00,MONITORING  (NATIONAL AGENCY POLICY),RIVER / RUNNING SURFACE WATER,7859,"Sulphate, Dissolved as SO4",54,MILLIGRAM PER LITRE
https://environment.data.gov.uk/water-quality/sampling-point/TH-RSN0018/sample/1371182/observation/8806,TH-RSN0018,RSN0018 RIVER THAMES AT MAGNA CARTA,-0.562,51.4448,Thames,THAMES - WEST THAMES,Multiple Values,OPEN,FRESHWATER - RIVERS,2022-01-19T12:00:00,MONITORING  (NATIONAL AGENCY POLICY),RIVER / RUNNING SURFACE WATER,8806,Aldicarb sulfoxide,<0.005,MICROGRAM PER LITRE
https://environment.data.gov.uk/water-quality/sampling-point/TH-RSN0018/sample/1371182/observation/8807,TH-RSN0018,RSN0018 RIVER THAMES AT MAGNA CARTA,-0.562,51.4448,Thames,THAMES - WEST THAMES,Multiple Values,OPEN,FRESHWATER - RIVERS,2022-01-19T12:00:00,MONITORING  (NATIONAL AGENCY POLICY),RIVER / RUNNING SURFACE WATER,8807,Aldoxycarb :- {Aldicarb Sulfone},<0.005,MICROGRAM PER LITRE
https://environment.data.gov.uk/water-quality/sampling-point/TH-RSN0018/sample/1371182/observation/8944,TH-RSN0018,RSN0018 RIVER THAMES AT MAGNA CARTA,-0.562,51.4448,Thames,THAMES - WEST THAMES,Multiple Values,OPEN,FRESHWATER - RIVERS,2022-01-19T12:00:00,MONITORING  (NATIONAL AGENCY POLICY),RIVER / RUNNING SURFACE WATER,8944,Tributyl Tin as Cation,<0.0002,MICROGRAM PER LITRE
https://environment.data.gov.uk/water-quality/sampling-point/TH-RSN0018/sample/1371182/observation/9068,TH-RSN0018,RSN0018 RIVER THAMES AT MAGNA CARTA,-0.562,51.4448,Thames,THAMES - WEST THAMES,Multiple Values,OPEN,FRESHWATER - RIVERS,2022-01-19T12:00:00,MONITORING  (NATIONAL AGENCY POLICY),RIVER / RUNNING SURFACE WATER,9068,Ioxynil,<0.005,MICROGRAM PER LITRE
https://environment.data.gov.uk/water-quality/sampling-point/TH-RSN0018/sample/1371182/observation/9073,TH-RSN0018,RSN0018 RIVER THAMES AT MAGNA CARTA,-0.562,51.4448,Thames,THAMES - WEST THAMES,Multiple Values,OPEN,FRESHWATER - RIVERS,2022-01-19T12:00:00,MONITORING  (NATIONAL AGENCY POLICY),RIVER / RUNNING SURFACE WATER,9073,Carbetamide,<0.01,MICROGRAM PER LITRE
https://environment.data.gov.uk/water-quality/sampling-point/TH-RSN0018/sample/1371182/observation/9190,TH-RSN0018,RSN0018 RIVER THAMES AT MAGNA CARTA,-0.562,51.4448,Thames,THAMES - WEST THAMES,Multiple Values,OPEN,FRESHWATER - RIVERS,2022-01-19T12:00:00,MONITORING  (NATIONAL AGENCY POLICY),RIVER / RUNNING SURFACE WATER,9190,4-Nonylphenol Branched,<0.04,MICROGRAM PER LITRE
https://environment.data.gov.uk/water-quality/sampling-point/TH-RSN0018/sample/1371182/observation/9267,TH-RSN0018,RSN0018 RIVER THAMES AT MAGNA CARTA,-0.562,51.4448,Thames,THAMES - WEST THAMES,Multiple Values,OPEN,FRESHWATER - RIVERS,2022-01-19T12:00:00,MONITORING  (NATIONAL AGENCY POLICY),RIVER / RUNNING SURFACE WATER,9267,4-tert-Octylphenol :- {p-tert-Octylphenol},<0.01,MICROGRAM PER LITRE
https://environment.data.gov.uk/water-quality/sampling-point/TH-RSN0018/sample/1371182/observation/9274,TH-RSN0018,RSN0018 RIVER THAMES AT MAGNA CARTA,-0.562,51.4448,Thames,THAMES - WEST THAMES,Multiple Values,OPEN,FRESHWATER - RIVERS,2022-01-19T12:00:00,MONITORING  (NATIONAL AGENCY POLICY),RIVER / RUNNING SURFACE WATER,9274,Perfluorooctanoate anion,0.002,MICROGRAM PER LITRE
https://environment.data.gov.uk/water-quality/sampling-point/TH-RSN0018/sample/1371182/observation/9339,TH-RSN0018,RSN0018 RIVER THAMES AT MAGNA CARTA,-0.562,51.4448,Thames,THAMES - WEST THAMES,Multiple Values,OPEN,FRESHWATER - RIVERS,2022-01-19T12:00:00,MONITORING  (NATIONAL AGENCY POLICY),RIVER / RUNNING SURFACE WATER,9339,Fenuron,<0.01,MICROGRAM PER LITRE
https://environment.data.gov.uk/water-quality/sampling-point/TH-RSN0018/sample/1371182/observation/9341,TH-RSN0018,RSN0018 RIVER THAMES AT MAGNA CARTA,-0.562,51.4448,Thames,THAMES - WEST THAMES,Multiple Values,OPEN,FRESHWATER - RIVERS,2022-01-19T12:00:00,MONITORING  (NATIONAL AGENCY POLICY),RIVER / RUNNING SURFACE WATER,9341,cis-Permethrin,<0.0001,MICROGRAM PER LITRE
https://environment.data.gov.uk/water-quality/sampling-point/TH-RSN0018/sample/1371182/observation/9342,TH-RSN0018,RSN0018 RIVER THAMES AT MAGNA CARTA,-0.562,51.4448,Thames,THAMES - WEST THAMES,Multiple Values,OPEN,FRESHWATER - RIVERS,2022-01-19T12:00:00,MONITORING  (NATIONAL AGENCY POLICY),RIVER / RUNNING SURFACE WATER,9342,trans-Permethrin,<0.0001,MICROGRAM PER LITRE
https://environment.data.gov.uk/water-quality/sampling-point/TH-RSN0018/sample/1371182/observation/9343,TH-RSN0018,RSN0018 RIVER THAMES AT MAGNA CARTA,-0.562,51.4448,Thames,THAMES - WEST THAMES,Multiple Values,OPEN,FRESHWATER - RIVERS,2022-01-19T12:00:00,MONITORING  (NATIONAL AGENCY POLICY),RIVER / RUNNING SURFACE WATER,9343,Carbaryl,<0.01,MICROGRAM PER LITRE
https://environment.data.gov.uk/water-quality/sampling-point/TH-RSN0018/sample/1371182/observation/9344,TH-RSN0018,RSN0018 RIVER THAMES AT MAGNA CARTA,-0.562,51.4448,Thames,THAMES - WEST THAMES,Multiple Values,OPEN,FRESHWATER - RIVERS,2022-01-19T12:00:00,MONITORING  (NATIONAL AGENCY POLICY),RIVER / RUNNING SURFACE WATER,9344,Aldicarb,<0.005,MICROGRAM PER LITRE
https://environment.data.gov.uk/water-quality/sampling-point/TH-RSN0018/sample/1371182/observation/9345,TH-RSN0018,RSN0018 RIVER THAMES AT MAGNA CARTA,-0.562,51.4448,Thames,THAMES - WEST THAMES,Multiple Values,OPEN,FRESHWATER - RIVERS,2022-01-19T12:00:00,MONITORING  (NATIONAL AGENCY POLICY),RIVER / RUNNING SURFACE WATER,9345,Diflurobenzuron,<0.01,MICROGRAM PER LITRE
https://environment.data.gov.uk/water-quality/sampling-point/TH-RSN0018/sample/1371182/observation/9348,TH-RSN0018,RSN0018 RIVER THAMES AT MAGNA CARTA,-0.562,51.4448,Thames,THAMES - WEST THAMES,Multiple Values,OPEN,FRESHWATER - RIVERS,2022-01-19T12:00:00,MONITORING  (NATIONAL AGENCY POLICY),RIVER / RUNNING SURFACE WATER,9348,Chlorotoluron,<0.01,MICROGRAM PER LITRE
https://environment.data.gov.uk/water-quality/sampling-point/TH-RSN0018/sample/1371182/observation/9446,TH-RSN0018,RSN0018 RIVER THAMES AT MAGNA CARTA,-0.562,51.4448,Thames,THAMES - WEST THAMES,Multiple Values,OPEN,FRESHWATER - RIVERS,2022-01-19T12:00:00,MONITORING  (NATIONAL AGENCY POLICY),RIVER / RUNNING SURFACE WATER,9446,"Barium, Dissolved",18,MICROGRAM PER LITRE
https://environment.data.gov.uk/water-quality/sampling-point/TH-RSN0018/sample/1371182/observation/9447,TH-RSN0018,RSN0018 RIVER THAMES AT MAGNA CARTA,-0.562,51.4448,Thames,THAMES - WEST THAMES,Multiple Values,OPEN,FRESHWATER - RIVERS,2022-01-19T12:00:00,MONITORING  (NATIONAL AGENCY POLICY),RIVER / RUNNING SURFACE WATER,9447,"Boron, Dissolved",<100,MICROGRAM PER LITRE
https://environment.data.gov.uk/water-quality/sampling-point/TH-RSN0018/sample/1371182/observation/9686,TH-RSN0018,RSN0018 RIVER THAMES AT MAGNA CARTA,-0.562,51.4448,Thames,THAMES - WEST THAMES,Multiple Values,OPEN,FRESHWATER - RIVERS,2022-01-19T12:00:00,MONITORING  (NATIONAL AGENCY POLICY),RIVER / RUNNING SURFACE WATER,9686,"Nitrogen, Total as N",8.1,MILLIGRAM PER LITRE
https://environment.data.gov.uk/water-quality/sampling-point/TH-RSN0018/sample/1371182/observation/9756,TH-RSN0018,RSN0018 RIVER THAMES AT MAGNA CARTA,-0.562,51.4448,Thames,THAMES - WEST THAMES,Multiple Values,OPEN,FRESHWATER - RIVERS,2022-01-19T12:00:00,MONITORING  (NATIONAL AGENCY POLICY),RIVER / RUNNING SURFACE WATER,9756,Neburon,<0.01,MICROGRAM PER LITRE
https://environment.data.gov.uk/water-quality/sampling-point/TH-RSN0018/sample/1371182/observation/9861,TH-RSN0018,RSN0018 RIVER THAMES AT MAGNA CARTA,-0.562,51.4448,Thames,THAMES - WEST THAMES,Multiple Values,OPEN,FRESHWATER - RIVERS,2022-01-19T12:00:00,MONITORING  (NATIONAL AGENCY POLICY),RIVER / RUNNING SURFACE WATER,9861,Metsulfuron-methyl,<0.01,MICROGRAM PER LITRE
https://environment.data.gov.uk/water-quality/sampling-point/TH-RSN0018/sample/1371182/observation/9883,TH-RSN0018,RSN0018 RIVER THAMES AT MAGNA CARTA,-0.562,51.4448,Thames,THAMES - WEST THAMES,Multiple Values,OPEN,FRESHWATER - RIVERS,2022-01-19T12:00:00,MONITORING  (NATIONAL AGENCY POLICY),RIVER / RUNNING SURFACE WATER,9883,Picloram,<0.005,MICROGRAM PER LITRE
https://environment.data.gov.uk/water-quality/sampling-point/TH-RSN0018/sample/1371182/observation/9889,TH-RSN0018,RSN0018 RIVER THAMES AT MAGNA CARTA,-0.562,51.4448,Thames,THAMES - WEST THAMES,Multiple Values,OPEN,FRESHWATER - RIVERS,2022-01-19T12:00:00,MONITORING  (NATIONAL AGENCY POLICY),RIVER / RUNNING SURFACE WATER,9889,Oestrone :- {E1},0.41,NANOGRAM PER LITRE
https://environment.data.gov.uk/water-quality/sampling-point/TH-RSN0018/sample/1371182/observation/9898,TH-RSN0018,RSN0018 RIVER THAMES AT MAGNA CARTA,-0.562,51.4448,Thames,THAMES - WEST THAMES,Multiple Values,OPEN,FRESHWATER - RIVERS,2022-01-19T12:00:00,MONITORING  (NATIONAL AGENCY POLICY),RIVER / RUNNING SURFACE WATER,9898,17beta oestradiol :- {E2},0.043,NANOGRAM PER LITRE
https://environment.data.gov.uk/water-quality/sampling-point/TH-RSN0018/sample/1371182/observation/9899,TH-RSN0018,RSN0018 RIVER THAMES AT MAGNA CARTA,-0.562,51.4448,Thames,THAMES - WEST THAMES,Multiple Values,OPEN,FRESHWATER - RIVERS,2022-01-19T12:00:00,MONITORING  (NATIONAL AGENCY POLICY),RIVER / RUNNING SURFACE WATER,9899,17alpha ethynyloestradiol :- {EE2},0.088,NANOGRAM PER LITRE
https://environment.data.gov.uk/water-quality/sampling-point/TH-RSN0018/sample/1371182/observation/9901,TH-RSN0018,RSN0018 RIVER THAMES AT MAGNA CARTA,-0.562,51.4448,Thames,THAMES - WEST THAMES,Multiple Values,OPEN,FRESHWATER - RIVERS,2022-01-19T12:00:00,MONITORING  (NATIONAL AGENCY POLICY),RIVER / RUNNING SURFACE WATER,9901,"Oxygen, Dissolved, % Saturation",98.1,PERCENTAGE
https://environment.data.gov.uk/water-quality/sampling-point/TH-RSN0018/sample/1371182/observation/9924,TH-RSN0018,RSN0018 RIVER THAMES AT MAGNA CARTA,-0.562,51.4448,Thames,THAMES - WEST THAMES,Multiple Values,OPEN,FRESHWATER - RIVERS,2022-01-19T12:00:00,MONITORING  (NATIONAL AGENCY POLICY),RIVER / RUNNING SURFACE WATER,9924,"Oxygen, Dissolved as O2",12.4,MILLIGRAM PER LITRE
https://environment.data.gov.uk/water-quality/sampling-point/TH-RSN0018/sample/1375296/observation/0052,TH-RSN0018,RSN0018 RIVER THAMES AT MAGNA CARTA,-0.562,51.4448,Thames,THAMES - WEST THAMES,Multiple Values,OPEN,FRESHWATER - RIVERS,2022-02-17T13:31:00,MONITORING  (NATIONAL AGENCY POLICY),RIVER / RUNNING SURFACE WATER,0052,"Lead, Dissolved",<0.1,MICROGRAM PER LITRE
https://environment.data.gov.uk/water-quality/sampling-point/TH-RSN0018/sample/1375296/observation/0073,TH-RSN0018,RSN0018 RIVER THAMES AT MAGNA CARTA,-0.562,51.4448,Thames,THAMES - WEST THAMES,Multiple Values,OPEN,FRESHWATER - RIVERS,2022-02-17T13:31:00,MONITORING  (NATIONAL AGENCY POLICY),RIVER / RUNNING SURFACE WATER,0073,Cypermethrin,<0.00001,MICROGRAM PER LITRE
https://environment.data.gov.uk/water-quality/sampling-point/TH-RSN0018/sample/1375296/observation/0076,TH-RSN0018,RSN0018 RIVER THAMES AT MAGNA CARTA,-0.562,51.4448,Thames,THAMES - WEST THAMES,Multiple Values,OPEN,FRESHWATER - RIVERS,2022-02-17T13:31:00,MONITORING  (NATIONAL AGENCY POLICY),RIVER / RUNNING SURFACE WATER,0076,Temperature of Water,8.6,CELSIUS
https://environment.data.gov.uk/water-quality/sampling-point/TH-RSN0018/sample/1375296/observation/0077,TH-RSN0018,RSN0018 RIVER THAMES AT MAGNA CARTA,-0.562,51.4448,Thames,THAMES - WEST THAMES,Multiple Values,OPEN,FRESHWATER - RIVERS,2022-02-17T13:31:00,MONITORING  (NATIONAL AGENCY POLICY),RIVER / RUNNING SURFACE WATER,0077,Conductivity at 25 C,676,MICROSIEMENS PER CENTIMETRE
https://environment.data.gov.uk/water-quality/sampling-point/TH-RSN0018/sample/1375296/observation/0106,TH-RSN0018,RSN0018 RIVER THAMES AT MAGNA CARTA,-0.562,51.4448,Thames,THAMES - WEST THAMES,Multiple Values,OPEN,FRESHWATER - RIVERS,2022-02-17T13:31:00,MONITORING  (NATIONAL AGENCY POLICY),RIVER / RUNNING SURFACE WATER,0106,"Cadmium, Dissolved",0.011,MICROGRAM PER LITRE
https://environment.data.gov.uk/water-quality/sampling-point/TH-RSN0018/sample/1375296/observation/0111,TH-RSN0018,RSN0018 RIVER THAMES AT MAGNA CARTA,-0.562,51.4448,Thames,THAMES - WEST THAMES,Multiple Values,OPEN,FRESHWATER - RIVERS,2022-02-17T13:31:00,MONITORING  (NATIONAL AGENCY POLICY),RIVER / RUNNING SURFACE WATER,0111,Ammoniacal Nitrogen as N,0.038,MILLIGRAM PER LITRE
https://environment.data.gov.uk/water-quality/sampling-point/TH-RSN0018/sample/1375296/observation/0116,TH-RSN0018,RSN0018 RIVER THAMES AT MAGNA CARTA,-0.562,51.4448,Thames,THAMES - WEST THAMES,Multiple Values,OPEN,FRESHWATER - RIVERS,2022-02-17T13:31:00,MONITORING  (NATIONAL AGENCY POLICY),RIVER / RUNNING SURFACE WATER,0116,"Nitrogen, Total Oxidised as N",7.6,MILLIGRAM PER LITRE
https://environment.data.gov.uk/water-quality/sampling-point/TH-RSN0018/sample/1375296/observation/0117,TH-RSN0018,RSN0018 RIVER THAMES AT MAGNA CARTA,-0.562,51.4448,Thames,THAMES - WEST THAMES,Multiple Values,OPEN,FRESHWATER - RIVERS,2022-02-17T13:31:00,MONITORING  (NATIONAL AGENCY POLICY),RIVER / RUNNING SURFACE WATER,0117,Nitrate as N,7.58,MILLIGRAM PER LITRE
https://environment.data.gov.uk/water-quality/sampling-point/TH-RSN0018/sample/1375296/observation/0118,TH-RSN0018,RSN0018 RIVER THAMES AT MAGNA CARTA,-0.562,51.4448,Thames,THAMES - WEST THAMES,Multiple Values,OPEN,FRESHWATER - RIVERS,2022-02-17T13:31:00,MONITORING  (NATIONAL AGENCY POLICY),RIVER / RUNNING SURFACE WATER,0118,Nitrite as N,0.021,MILLIGRAM PER LITRE
https://environment.data.gov.uk/water-quality/sampling-point/TH-RSN0018/sample/1375296/observation/0158,TH-RSN0018,RSN0018 RIVER THAMES AT MAGNA CARTA,-0.562,51.4448,Thames,THAMES - WEST THAMES,Multiple Values,OPEN,FRESHWATER - RIVERS,2022-02-17T13:31:00,MONITORING  (NATIONAL AGENCY POLICY),RIVER / RUNNING SURFACE WATER,0158,"Hardness, Total as CaCO3",272,MILLIGRAM PER LITRE
https://environment.data.gov.uk/water-quality/sampling-point/TH-RSN0018/sample/1375296/observation/0162,TH-RSN0018,RSN0018 RIVER THAMES AT MAGNA CARTA,-0.562,51.4448,Thames,THAMES - WEST THAMES,Multiple Values,OPEN,FRESHWATER - RIVERS,2022-02-17T13:31:00,MONITORING  (NATIONAL AGENCY POLICY),RIVER / RUNNING SURFACE WATER,0162,Alkalinity to pH 4.5 as CaCO3,200,MILLIGRAM PER LITRE
https://environment.data.gov.uk/water-quality/sampling-point/TH-RSN0018/sample/1375296/observation/0163,TH-RSN0018,RSN0018 RIVER THAMES AT MAGNA CARTA,-0.562,51.4448,Thames,THAMES - WEST THAMES,Multiple Values,OPEN,FRESHWATER - RIVERS,2022-02-17T13:31:00,MONITORING  (NATIONAL AGENCY POLICY),RIVER / RUNNING SURFACE WATER,0163,"Hardness, Calcium",250,MILLIGRAM PER LITRE
https://environment.data.gov.uk/water-quality/sampling-point/TH-RSN0018/sample/1375296/observation/0172,TH-RSN0018,RSN0018 RIVER THAMES AT MAGNA CARTA,-0.562,51.4448,Thames,THAMES - WEST THAMES,Multiple Values,OPEN,FRESHWATER - RIVERS,2022-02-17T13:31:00,MONITORING  (NATIONAL AGENCY POLICY),RIVER / RUNNING SURFACE WATER,0172,Chloride,43,MILLIGRAM PER LITRE
https://environment.data.gov.uk/water-quality/sampling-point/TH-RSN0018/sample/1375296/observation/0180,TH-RSN0018,RSN0018 RIVER THAMES AT MAGNA CARTA,-0.562,51.4448,Thames,THAMES - WEST THAMES,Multiple Values,OPEN,FRESHWATER - RIVERS,2022-02-17T13:31:00,MONITORING  (NATIONAL AGENCY POLICY),RIVER / RUNNING SURFACE WATER,0180,"Orthophosphate, reactive as P",0.15,MILLIGRAM PER LITRE
https://environment.data.gov.uk/water-quality/sampling-point/TH-RSN0018/sample/1375296/observation/0182,TH-RSN0018,RSN0018 RIVER THAMES AT MAGNA CARTA,-0.562,51.4448,Thames,THAMES - WEST THAMES,Multiple Values,OPEN,FRESHWATER - RIVERS,2022-02-17T13:31:00,MONITORING  (NATIONAL AGENCY POLICY),RIVER / RUNNING SURFACE WATER,0182,"Silica, reactive as SiO2",10,MILLIGRAM PER LITRE
https://environment.data.gov.uk/water-quality/sampling-point/TH-RSN0018/sample/1375296/observation/0205,TH-RSN0018,RSN0018 RIVER THAMES AT MAGNA CARTA,-0.562,51.4448,Thames,THAMES - WEST THAMES,Multiple Values,OPEN,FRESHWATER - RIVERS,2022-02-17T13:31:00,MONITORING  (NATIONAL AGENCY POLICY),RIVER / RUNNING SURFACE WATER,0205,"Sodium, Dissolved",27,MILLIGRAM PER LITRE
https://environment.data.gov.uk/water-quality/sampling-point/TH-RSN0018/sample/1375296/observation/0209,TH-RSN0018,RSN0018 RIVER THAMES AT MAGNA CARTA,-0.562,51.4448,Thames,THAMES - WEST THAMES,Multiple Values,OPEN,FRESHWATER - RIVERS,2022-02-17T13:31:00,MONITORING  (NATIONAL AGENCY POLICY),RIVER / RUNNING SURFACE WATER,0209,"Potassium, Dissolved",4.9,MILLIGRAM PER LITRE
https://environment.data.gov.uk/water-quality/sampling-point/TH-RSN0018/sample/1375296/observation/0235,TH-RSN0018,RSN0018 RIVER THAMES AT MAGNA CARTA,-0.562,51.4448,Thames,THAMES - WEST THAMES,Multiple Values,OPEN,FRESHWATER - RIVERS,2022-02-17T13:31:00,MONITORING  (NATIONAL AGENCY POLICY),RIVER / RUNNING SURFACE WATER,0235,"Magnesium, Dissolved",5.4,MILLIGRAM PER LITRE
https://environment.data.gov.uk/water-quality/sampling-point/TH-RSN0018/sample/1375296/observation/0239,TH-RSN0018,RSN0018 RIVER THAMES AT MAGNA CARTA,-0.562,51.4448,Thames,THAMES - WEST THAMES,Multiple Values,OPEN,FRESHWATER - RIVERS,2022-02-17T13:31:00,MONITORING  (NATIONAL AGENCY POLICY),RIVER / RUNNING SURFACE WATER,0239,"Calcium, Dissolved",100,MILLIGRAM PER LITRE
https://environment.data.gov.uk/water-quality/sampling-point/TH-RSN0018/sample/1375296/observation/0301,TH-RSN0018,RSN0018 RIVER THAMES AT MAGNA CARTA,-0.562,51.4448,Thames,THAMES - WEST THAMES,Multiple Values,OPEN,FRESHWATER - RIVERS,2022-02-17T13:31:00,MONITORING  (NATIONAL AGENCY POLICY),RIVER / RUNNING SURFACE WATER,0301,"Carbon, Organic, Dissolved as C :- {DOC}",4.1,MILLIGRAM PER LITRE
https://environment.data.gov.uk/water-quality/sampling-point/TH-RSN0018/sample/1375296/observation/0348,TH-RSN0018,RSN0018 RIVER THAMES AT MAGNA CARTA,-0.562,51.4448,Thames,THAMES - WEST THAMES,Multiple Values,OPEN,FRESHWATER - RIVERS,2022-02-17T13:31:00,MONITORING  (NATIONAL AGENCY POLICY),RIVER / RUNNING SURFACE WATER,0348,"Phosphorus, Total as P",0.23,MILLIGRAM PER LITRE
https://environment.data.gov.uk/water-quality/sampling-point/TH-RSN0018/sample/1375296/observation/3004,TH-RSN0018,RSN0018 RIVER THAMES AT MAGNA CARTA,-0.562,51.4448,Thames,THAMES - WEST THAMES,Multiple Values,OPEN,FRESHWATER - RIVERS,2022-02-17T13:31:00,MONITORING  (NATIONAL AGENCY POLICY),RIVER / RUNNING SURFACE WATER,3004,Asulam,<0.02,MICROGRAM PER LITRE
https://environment.data.gov.uk/water-quality/sampling-point/TH-RSN0018/sample/1375296/observation/3007,TH-RSN0018,RSN0018 RIVER THAMES AT MAGNA CARTA,-0.562,51.4448,Thames,THAMES - WEST THAMES,Multiple Values,OPEN,FRESHWATER - RIVERS,2022-02-17T13:31:00,MONITORING  (NATIONAL AGENCY POLICY),RIVER / RUNNING SURFACE WATER,3007,Glyphosate,0.13,MICROGRAM PER LITRE
https://environment.data.gov.uk/water-quality/sampling-point/TH-RSN0018/sample/1375296/observation/3086,TH-RSN0018,RSN0018 RIVER THAMES AT MAGNA CARTA,-0.562,51.4448,Thames,THAMES - WEST THAMES,Multiple Values,OPEN,FRESHWATER - RIVERS,2022-02-17T13:31:00,MONITORING  (NATIONAL AGENCY POLICY),RIVER / RUNNING SURFACE WATER,3086,Carbofuran,<0.005,MICROGRAM PER LITRE
https://environment.data.gov.uk/water-quality/sampling-point/TH-RSN0018/sample/1375296/observation/3117,TH-RSN0018,RSN0018 RIVER THAMES AT MAGNA CARTA,-0.562,51.4448,Thames,THAMES - WEST THAMES,Multiple Values,OPEN,FRESHWATER - RIVERS,2022-02-17T13:31:00,MONITORING  (NATIONAL AGENCY POLICY),RIVER / RUNNING SURFACE WATER,3117,Isoproturon,<0.01,MICROGRAM PER LITRE
https://environment.data.gov.uk/water-quality/sampling-point/TH-RSN0018/sample/1375296/observation/3118,TH-RSN0018,RSN0018 RIVER THAMES AT MAGNA CARTA,-0.562,51.4448,Thames,THAMES - WEST THAMES,Multiple Values,OPEN,FRESHWATER - RIVERS,2022-02-17T13:31:00,MONITORING  (NATIONAL AGENCY POLICY),RIVER / RUNNING SURFACE WATER,3118,Linuron,<0.01,MICROGRAM PER LITRE
https://environment.data.gov.uk/water-quality/sampling-point/TH-RSN0018/sample/1375296/observation/3130,TH-RSN0018,RSN0018 RIVER THAMES AT MAGNA CARTA,-0.562,51.4448,Thames,THAMES - WEST THAMES,Multiple Values,OPEN,FRESHWATER - RIVERS,2022-02-17T13:31:00,MONITORING  (NATIONAL AGENCY POLICY),RIVER / RUNNING SURFACE WATER,3130,Metoxuron,<0.01,MICROGRAM PER LITRE
https://environment.data.gov.uk/water-quality/sampling-point/TH-RSN0018/sample/1375296/observation/3341,TH-RSN0018,RSN0018 RIVER THAMES AT MAGNA CARTA,-0.562,51.4448,Thames,THAMES - WEST THAMES,Multiple Values,OPEN,FRESHWATER - RIVERS,2022-02-17T13:31:00,MONITORING  (NATIONAL AGENCY POLICY),RIVER / RUNNING SURFACE WATER,3341,4-Chloro-2-methylphenol :- {p-Chloro-o-cresol},<0.05,MICROGRAM PER LITRE
https://environment.data.gov.uk/water-quality/sampling-point/TH-RSN0018/sample/1375296/observation/3377,TH-RSN0018,RSN0018 RIVER THAMES AT MAGNA CARTA,-0.562,51.4448,Thames,THAMES - WEST THAMES,Multiple Values,OPEN,FRESHWATER - RIVERS,2022-02-17T13:31:00,MONITORING  (NATIONAL AGENCY POLICY),RIVER / RUNNING SURFACE WATER,3377,Lead : BLM Bioavailable,0.01,MICROGRAM PER LITRE
https://environment.data.gov.uk/water-quality/sampling-point/TH-RSN0018/sample/1375296/observation/3399,TH-RSN0018,RSN0018 RIVER THAMES AT MAGNA CARTA,-0.562,51.4448,Thames,THAMES - WEST THAMES,Multiple Values,OPEN,FRESHWATER - RIVERS,2022-02-17T13:31:00,MONITORING  (NATIONAL AGENCY POLICY),RIVER / RUNNING SURFACE WATER,3399,Chloroxuron,<0.01,MICROGRAM PER LITRE
https://environment.data.gov.uk/water-quality/sampling-point/TH-RSN0018/sample/1375296/observation/3400,TH-RSN0018,RSN0018 RIVER THAMES AT MAGNA CARTA,-0.562,51.4448,Thames,THAMES - WEST THAMES,Multiple Values,OPEN,FRESHWATER - RIVERS,2022-02-17T13:31:00,MONITORING  (NATIONAL AGENCY POLICY),RIVER / RUNNING SURFACE WATER,3400,Monuron,<0.01,MICROGRAM PER LITRE
https://environment.data.gov.uk/water-quality/sampling-point/TH-RSN0018/sample/1375296/observation/3408,TH-RSN0018,RSN0018 RIVER THAMES AT MAGNA CARTA,-0.562,51.4448,Thames,THAMES - WEST THAMES,Multiple Values,OPEN,FRESHWATER - RIVERS,2022-02-17T13:31:00,MONITORING  (NATIONAL AGENCY POLICY),RIVER / RUNNING SURFACE WATER,3408,"Zinc, Dissolved",3.5,MICROGRAM PER LITRE
https://environment.data.gov.uk/water-quality/sampling-point/TH-RSN0018/sample/1375296/observation/3409,TH-RSN0018,RSN0018 RIVER THAMES AT MAGNA CARTA,-0.562,51.4448,Thames,THAMES - WEST THAMES,Multiple Values,OPEN,FRESHWATER - RIVERS,2022-02-17T13:31:00,MONITORING  (NATIONAL AGENCY POLICY),RIVER / RUNNING SURFACE WATER,3409,"Chromium, Dissolved",<0.5,MICROGRAM PER LITRE
https://environment.data.gov.uk/water-quality/sampling-point/TH-RSN0018/sample/1375296/observation/3410,TH-RSN0018,RSN0018 RIVER THAMES AT MAGNA CARTA,-0.562,51.4448,Thames,THAMES - WEST THAMES,Multiple Values,OPEN,FRESHWATER - RIVERS,2022-02-17T13:31:00,MONITORING  (NATIONAL AGENCY POLICY),RIVER / RUNNING SURFACE WATER,3410,"Nickel, Dissolved",1.5,MICROGRAM PER LITRE
https://environment.data.gov.uk/water-quality/sampling-point/TH-RSN0018/sample/1375296/observation/3475,TH-RSN0018,RSN0018 RIVER THAMES AT MAGNA CARTA,-0.562,51.4448,Thames,THAMES - WEST THAMES,Multiple Values,OPEN,FRESHWATER - RIVERS,2022-02-17T13:31:00,MONITORING  (NATIONAL AGENCY POLICY),RIVER / RUNNING SURFACE WATER,3475,Carbendazim,<0.01,MICROGRAM PER LITRE
https://environment.data.gov.uk/water-quality/sampling-point/TH-RSN0018/sample/1375296/observation/3545,TH-RSN0018,RSN0018 RIVER THAMES AT MAGNA CARTA,-0.562,51.4448,Thames,THAMES - WEST THAMES,Multiple Values,OPEN,FRESHWATER - RIVERS,2022-02-17T13:31:00,MONITORING  (NATIONAL AGENCY POLICY),RIVER / RUNNING SURFACE WATER,3545,"2,4-D :- {2,4-Dichlorophenoxyacetic acid}",<0.005,MICROGRAM PER LITRE
https://environment.data.gov.uk/water-quality/sampling-point/TH-RSN0018/sample/1375296/observation/3546,TH-RSN0018,RSN0018 RIVER THAMES AT MAGNA CARTA,-0.562,51.4448,Thames,THAMES - WEST THAMES,Multiple Values,OPEN,FRESHWATER - RIVERS,2022-02-17T13:31:00,MONITORING  (NATIONAL AGENCY POLICY),RIVER / RUNNING SURFACE WATER,3546,"2,4,5-T :- {2,4,5-Trichlorophenoxyacetic acid}",<0.005,MICROGRAM PER LITRE
https://environment.data.gov.uk/water-quality/sampling-point/TH-RSN0018/sample/1375296/observation/3547,TH-RSN0018,RSN0018 RIVER THAMES AT MAGNA CARTA,-0.562,51.4448,Thames,THAMES - WEST THAMES,Multiple Values,OPEN,FRESHWATER - RIVERS,2022-02-17T13:31:00,MONITORING  (NATIONAL AGENCY POLICY),RIVER / RUNNING SURFACE WATER,3547,4-Chlorophenoxyacetic acid,<0.005,MICROGRAM PER LITRE
https://environment.data.gov.uk/water-quality/sampling-point/TH-RSN0018/sample/1375296/observation/3548,TH-RSN0018,RSN0018 RIVER THAMES AT MAGNA CARTA,-0.562,51.4448,Thames,THAMES - WEST THAMES,Multiple Values,OPEN,FRESHWATER - RIVERS,2022-02-17T13:31:00,MONITORING  (NATIONAL AGENCY POLICY),RIVER / RUNNING SURFACE WATER,3548,MCPA :- {4-Chloro-2-methylphenoxyacetic acid} ,<0.005,MICROGRAM PER LITRE
https://environment.data.gov.uk/water-quality/sampling-point/TH-RSN0018/sample/1375296/observation/3549,TH-RSN0018,RSN0018 RIVER THAMES AT MAGNA CARTA,-0.562,51.4448,Thames,THAMES - WEST THAMES,Multiple Values,OPEN,FRESHWATER - RIVERS,2022-02-17T13:31:00,MONITORING  (NATIONAL AGENCY POLICY),RIVER / RUNNING SURFACE WATER,3549,Mecoprop,<0.005,MICROGRAM PER LITRE
https://environment.data.gov.uk/water-quality/sampling-point/TH-RSN0018/sample/1375296/observation/3550,TH-RSN0018,RSN0018 RIVER THAMES AT MAGNA CARTA,-0.562,51.4448,Thames,THAMES - WEST THAMES,Multiple Values,OPEN,FRESHWATER - RIVERS,2022-02-17T13:31:00,MONITORING  (NATIONAL AGENCY POLICY),RIVER / RUNNING SURFACE WATER,3550,Dicamba,<0.01,MICROGRAM PER LITRE
https://environment.data.gov.uk/water-quality/sampling-point/TH-RSN0018/sample/1375296/observation/3551,TH-RSN0018,RSN0018 RIVER THAMES AT MAGNA CARTA,-0.562,51.4448,Thames,THAMES - WEST THAMES,Multiple Values,OPEN,FRESHWATER - RIVERS,2022-02-17T13:31:00,MONITORING  (NATIONAL AGENCY POLICY),RIVER / RUNNING SURFACE WATER,3551,"Dichlorprop :- {2,4-DP}",<0.005,MICROGRAM PER LITRE
https://environment.data.gov.uk/water-quality/sampling-point/TH-RSN0018/sample/1375296/observation/3552,TH-RSN0018,RSN0018 RIVER THAMES AT MAGNA CARTA,-0.562,51.4448,Thames,THAMES - WEST THAMES,Multiple Values,OPEN,FRESHWATER - RIVERS,2022-02-17T13:31:00,MONITORING  (NATIONAL AGENCY POLICY),RIVER / RUNNING SURFACE WATER,3552,Fenoprop,<0.005,MICROGRAM PER LITRE
https://environment.data.gov.uk/water-quality/sampling-point/TH-RSN0018/sample/1375296/observation/3555,TH-RSN0018,RSN0018 RIVER THAMES AT MAGNA CARTA,-0.562,51.4448,Thames,THAMES - WEST THAMES,Multiple Values,OPEN,FRESHWATER - RIVERS,2022-02-17T13:31:00,MONITORING  (NATIONAL AGENCY POLICY),RIVER / RUNNING SURFACE WATER,3555,Triclopyr,<0.005,MICROGRAM PER LITRE
https://environment.data.gov.uk/water-quality/sampling-point/TH-RSN0018/sample/1375296/observation/3790,TH-RSN0018,RSN0018 RIVER THAMES AT MAGNA CARTA,-0.562,51.4448,Thames,THAMES - WEST THAMES,Multiple Values,OPEN,FRESHWATER - RIVERS,2022-02-17T13:31:00,MONITORING  (NATIONAL AGENCY POLICY),RIVER / RUNNING SURFACE WATER,3790,MCPB :- {4-Chloro-2-methylphenoxybutyric acid},<0.005,MICROGRAM PER LITRE
https://environment.data.gov.uk/water-quality/sampling-point/TH-RSN0018/sample/1375296/observation/3791,TH-RSN0018,RSN0018 RIVER THAMES AT MAGNA CARTA,-0.562,51.4448,Thames,THAMES - WEST THAMES,Multiple Values,OPEN,FRESHWATER - RIVERS,2022-02-17T13:31:00,MONITORING  (NATIONAL AGENCY POLICY),RIVER / RUNNING SURFACE WATER,3791,"2,4-DB :- {4-(2,4-dichlorophenoxy)butyric acid}",<0.005,MICROGRAM PER LITRE
https://environment.data.gov.uk/water-quality/sampling-point/TH-RSN0018/sample/1375296/observation/3792,TH-RSN0018,RSN0018 RIVER THAMES AT MAGNA CARTA,-0.562,51.4448,Thames,THAMES - WEST THAMES,Multiple Values,OPEN,FRESHWATER - RIVERS,2022-02-17T13:31:00,MONITORING  (NATIONAL AGENCY POLICY),RIVER / RUNNING SURFACE WATER,3792,Benazolin,<0.005,MICROGRAM PER LITRE
https://environment.data.gov.uk/water-quality/sampling-point/TH-RSN0018/sample/1375296/observation/3811,TH-RSN0018,RSN0018 RIVER THAMES AT MAGNA CARTA,-0.562,51.4448,Thames,THAMES - WEST THAMES,Multiple Values,OPEN,FRESHWATER - RIVERS,2022-02-17T13:31:00,MONITORING  (NATIONAL AGENCY POLICY),RIVER / RUNNING SURFACE WATER,3811,Diuron,<0.01,MICROGRAM PER LITRE
https://environment.data.gov.uk/water-quality/sampling-point/TH-RSN0018/sample/1375296/observation/3878,TH-RSN0018,RSN0018 RIVER THAMES AT MAGNA CARTA,-0.562,51.4448,Thames,THAMES - WEST THAMES,Multiple Values,OPEN,FRESHWATER - RIVERS,2022-02-17T13:31:00,MONITORING  (NATIONAL AGENCY POLICY),RIVER / RUNNING SURFACE WATER,3878,Nickel : BLM Bioavailable,0.79,MICROGRAM PER LITRE
https://environment.data.gov.uk/water-quality/sampling-point/TH-RSN0018/sample/1375296/observation/4064,TH-RSN0018,RSN0018 RIVER THAMES AT MAGNA CARTA,-0.562,51.4448,Thames,THAMES - WEST THAMES,Multiple Values,OPEN,FRESHWATER - RIVERS,2022-02-17T13:31:00,MONITORING  (NATIONAL AGENCY POLICY),RIVER / RUNNING SURFACE WATER,4064,Fluroxypyr,<0.005,MICROGRAM PER LITRE
https://environment.data.gov.uk/water-quality/sampling-point/TH-RSN0018/sample/1375296/observation/4065,TH-RSN0018,RSN0018 RIVER THAMES AT MAGNA CARTA,-0.562,51.4448,Thames,THAMES - WEST THAMES,Multiple Values,OPEN,FRESHWATER - RIVERS,2022-02-17T13:31:00,MONITORING  (NATIONAL AGENCY POLICY),RIVER / RUNNING SURFACE WATER,4065,Bentazone,0.0035,MICROGRAM PER LITRE
https://environment.data.gov.uk/water-quality/sampling-point/TH-RSN0018/sample/1375296/observation/4201,TH-RSN0018,RSN0018 RIVER THAMES AT MAGNA CARTA,-0.562,51.4448,Thames,THAMES - WEST THAMES,Multiple Values,OPEN,FRESHWATER - RIVERS,2022-02-17T13:31:00,MONITORING  (NATIONAL AGENCY POLICY),RIVER / RUNNING SURFACE WATER,4201,"Lithium, Dissolved",<100,MICROGRAM PER LITRE
https://environment.data.gov.uk/water-quality/sampling-point/TH-RSN0018/sample/1375296/observation/4820,TH-RSN0018,RSN0018 RIVER THAMES AT MAGNA CARTA,-0.562,51.4448,Thames,THAMES - WEST THAMES,Multiple Values,OPEN,FRESHWATER - RIVERS,2022-02-17T13:31:00,MONITORING  (NATIONAL AGENCY POLICY),RIVER / RUNNING SURFACE WATER,4820,Manganese : BLM Bioavailable,4.1,MICROGRAM PER LITRE
https://environment.data.gov.uk/water-quality/sampling-point/TH-RSN0018/sample/1375296/observation/4821,TH-RSN0018,RSN0018 RIVER THAMES AT MAGNA CARTA,-0.562,51.4448,Thames,THAMES - WEST THAMES,Multiple Values,OPEN,FRESHWATER - RIVERS,2022-02-17T13:31:00,MONITORING  (NATIONAL AGENCY POLICY),RIVER / RUNNING SURFACE WATER,4821,Copper : BLM Bioavailable,0.22,MICROGRAM PER LITRE
https://environment.data.gov.uk/water-quality/sampling-point/TH-RSN0018/sample/1375296/observation/4822,TH-RSN0018,RSN0018 RIVER THAMES AT MAGNA CARTA,-0.562,51.4448,Thames,THAMES - WEST THAMES,Multiple Values,OPEN,FRESHWATER - RIVERS,2022-02-17T13:31:00,MONITORING  (NATIONAL AGENCY POLICY),RIVER / RUNNING SURFACE WATER,4822,Zinc : BLM Bioavailable,1.5,MICROGRAM PER LITRE
https://environment.data.gov.uk/water-quality/sampling-point/TH-RSN0018/sample/1375296/observation/4994,TH-RSN0018,RSN0018 RIVER THAMES AT MAGNA CARTA,-0.562,51.4448,Thames,THAMES - WEST THAMES,Multiple Values,OPEN,FRESHWATER - RIVERS,2022-02-17T13:31:00,MONITORING  (NATIONAL AGENCY POLICY),RIVER / RUNNING SURFACE WATER,4994,GCMS Screen : Target Based multi-residue screening : Semi Quantitative,1,Text Result
https://environment.data.gov.uk/water-quality/sampling-point/TH-RSN0018/sample/1375296/observation/5042,TH-RSN0018,RSN0018 RIVER THAMES AT MAGNA CARTA,-0.562,51.4448,Thames,THAMES - WEST THAMES,Multiple Values,OPEN,FRESHWATER - RIVERS,2022-02-17T13:31:00,MONITORING  (NATIONAL AGENCY POLICY),RIVER / RUNNING SURFACE WATER,5042,Sulcotrione,<0.1,MICROGRAM PER LITRE
https://environment.data.gov.uk/water-quality/sampling-point/TH-RSN0018/sample/1375296/observation/5047,TH-RSN0018,RSN0018 RIVER THAMES AT MAGNA CARTA,-0.562,51.4448,Thames,THAMES - WEST THAMES,Multiple Values,OPEN,FRESHWATER - RIVERS,2022-02-17T13:31:00,MONITORING  (NATIONAL AGENCY POLICY),RIVER / RUNNING SURFACE WATER,5047,Ethirimol,<0.05,MICROGRAM PER LITRE
https://environment.data.gov.uk/water-quality/sampling-point/TH-RSN0018/sample/1375296/observation/5050,TH-RSN0018,RSN0018 RIVER THAMES AT MAGNA CARTA,-0.562,51.4448,Thames,THAMES - WEST THAMES,Multiple Values,OPEN,FRESHWATER - RIVERS,2022-02-17T13:31:00,MONITORING  (NATIONAL AGENCY POLICY),RIVER / RUNNING SURFACE WATER,5050,Azoxystrobin,<0.02,MICROGRAM PER LITRE
https://environment.data.gov.uk/water-quality/sampling-point/TH-RSN0018/sample/1375296/observation/5446,TH-RSN0018,RSN0018 RIVER THAMES AT MAGNA CARTA,-0.562,51.4448,Thames,THAMES - WEST THAMES,Multiple Values,OPEN,FRESHWATER - RIVERS,2022-02-17T13:31:00,MONITORING  (NATIONAL AGENCY POLICY),RIVER / RUNNING SURFACE WATER,5446,Cypermethrin Identification,1,Text Result
https://environment.data.gov.uk/water-quality/sampling-point/TH-RSN0018/sample/1375296/observation/5732,TH-RSN0018,RSN0018 RIVER THAMES AT MAGNA CARTA,-0.562,51.4448,Thames,THAMES - WEST THAMES,Multiple Values,OPEN,FRESHWATER - RIVERS,2022-02-17T13:31:00,MONITORING  (NATIONAL AGENCY POLICY),RIVER / RUNNING SURFACE WATER,5732,Triphenyl Tin as Cation,<0.0002,MICROGRAM PER LITRE
https://environment.data.gov.uk/water-quality/sampling-point/TH-RSN0018/sample/1375296/observation/5889,TH-RSN0018,RSN0018 RIVER THAMES AT MAGNA CARTA,-0.562,51.4448,Thames,THAMES - WEST THAMES,Multiple Values,OPEN,FRESHWATER - RIVERS,2022-02-17T13:31:00,MONITORING  (NATIONAL AGENCY POLICY),RIVER / RUNNING SURFACE WATER,5889,Triclosan,<0.01,MICROGRAM PER LITRE
https://environment.data.gov.uk/water-quality/sampling-point/TH-RSN0018/sample/1375296/observation/6037,TH-RSN0018,RSN0018 RIVER THAMES AT MAGNA CARTA,-0.562,51.4448,Thames,THAMES - WEST THAMES,Multiple Values,OPEN,FRESHWATER - RIVERS,2022-02-17T13:31:00,MONITORING  (NATIONAL AGENCY POLICY),RIVER / RUNNING SURFACE WATER,6037,"Aluminium, Dissolved",<10,MICROGRAM PER LITRE
https://environment.data.gov.uk/water-quality/sampling-point/TH-RSN0018/sample/1375296/observation/6449,TH-RSN0018,RSN0018 RIVER THAMES AT MAGNA CARTA,-0.562,51.4448,Thames,THAMES - WEST THAMES,Multiple Values,OPEN,FRESHWATER - RIVERS,2022-02-17T13:31:00,MONITORING  (NATIONAL AGENCY POLICY),RIVER / RUNNING SURFACE WATER,6449,Bromoxynil,<0.005,MICROGRAM PER LITRE
https://environment.data.gov.uk/water-quality/sampling-point/TH-RSN0018/sample/1375296/observation/6450,TH-RSN0018,RSN0018 RIVER THAMES AT MAGNA CARTA,-0.562,51.4448,Thames,THAMES - WEST THAMES,Multiple Values,OPEN,FRESHWATER - RIVERS,2022-02-17T13:31:00,MONITORING  (NATIONAL AGENCY POLICY),RIVER / RUNNING SURFACE WATER,6450,"Copper, Dissolved",2,MICROGRAM PER LITRE
https://environment.data.gov.uk/water-quality/sampling-point/TH-RSN0018/sample/1375296/observation/6458,TH-RSN0018,RSN0018 RIVER THAMES AT MAGNA CARTA,-0.562,51.4448,Thames,THAMES - WEST THAMES,Multiple Values,OPEN,FRESHWATER - RIVERS,2022-02-17T13:31:00,MONITORING  (NATIONAL AGENCY POLICY),RIVER / RUNNING SURFACE WATER,6458,"Manganese, Dissolved",<10,MICROGRAM PER LITRE
https://environment.data.gov.uk/water-quality/sampling-point/TH-RSN0018/sample/1375296/observation/6460,TH-RSN0018,RSN0018 RIVER THAMES AT MAGNA CARTA,-0.562,51.4448,Thames,THAMES - WEST THAMES,Multiple Values,OPEN,FRESHWATER - RIVERS,2022-02-17T13:31:00,MONITORING  (NATIONAL AGENCY POLICY),RIVER / RUNNING SURFACE WATER,6460,"Iron, Dissolved",<30,MICROGRAM PER LITRE
https://environment.data.gov.uk/water-quality/sampling-point/TH-RSN0018/sample/1375296/observation/6620,TH-RSN0018,RSN0018 RIVER THAMES AT MAGNA CARTA,-0.562,51.4448,Thames,THAMES - WEST THAMES,Multiple Values,OPEN,FRESHWATER - RIVERS,2022-02-17T13:31:00,MONITORING  (NATIONAL AGENCY POLICY),RIVER / RUNNING SURFACE WATER,6620,Clopyralid,<0.005,MICROGRAM PER LITRE
https://environment.data.gov.uk/water-quality/sampling-point/TH-RSN0018/sample/1375296/observation/6671,TH-RSN0018,RSN0018 RIVER THAMES AT MAGNA CARTA,-0.562,51.4448,Thames,THAMES - WEST THAMES,Multiple Values,OPEN,FRESHWATER - RIVERS,2022-02-17T13:31:00,MONITORING  (NATIONAL AGENCY POLICY),RIVER / RUNNING SURFACE WATER,6671,Phenoxyacetic acid :- {PAA},0.077,MICROGRAM PER LITRE
https://environment.data.gov.uk/water-quality/sampling-point/TH-RSN0018/sample/1375296/observation/6672,TH-RSN0018,RSN0018 RIVER THAMES AT MAGNA CARTA,-0.562,51.4448,Thames,THAMES - WEST THAMES,Multiple Values,OPEN,FRESHWATER - RIVERS,2022-02-17T13:31:00,MONITORING  (NATIONAL AGENCY POLICY),RIVER / RUNNING SURFACE WATER,6672,4-Phenoxybutyric acid :- {PBA},<0.005,MICROGRAM PER LITRE
https://environment.data.gov.uk/water-quality/sampling-point/TH-RSN0018/sample/1375296/observation/6673,TH-RSN0018,RSN0018 RIVER THAMES AT MAGNA CARTA,-0.562,51.4448,Thames,THAMES - WEST THAMES,Multiple Values,OPEN,FRESHWATER - RIVERS,2022-02-17T13:31:00,MONITORING  (NATIONAL AGENCY POLICY),RIVER / RUNNING SURFACE WATER,6673,2-Phenoxypropionic acid :- {PPA},<0.005,MICROGRAM PER LITRE
https://environment.data.gov.uk/water-quality/sampling-point/TH-RSN0018/sample/1375296/observation/6693,TH-RSN0018,RSN0018 RIVER THAMES AT MAGNA CARTA,-0.562,51.4448,Thames,THAMES - WEST THAMES,Multiple Values,OPEN,FRESHWATER - RIVERS,2022-02-17T13:31:00,MONITORING  (NATIONAL AGENCY POLICY),RIVER / RUNNING SURFACE WATER,6693,"Strontium, Filtered",330,MICROGRAM PER LITRE
https://environment.data.gov.uk/water-quality/sampling-point/TH-RSN0018/sample/1375296/observation/6724,TH-RSN0018,RSN0018 RIVER THAMES AT MAGNA CARTA,-0.562,51.4448,Thames,THAMES - WEST THAMES,Multiple Values,OPEN,FRESHWATER - RIVERS,2022-02-17T13:31:00,MONITORING  (NATIONAL AGENCY POLICY),RIVER / RUNNING SURFACE WATER,6724,Di(2-ethylhexyl) phthalate :- {DEHP},<0.2,MICROGRAM PER LITRE
https://environment.data.gov.uk/water-quality/sampling-point/TH-RSN0018/sample/1375296/observation/6760,TH-RSN0018,RSN0018 RIVER THAMES AT MAGNA CARTA,-0.562,51.4448,Thames,THAMES - WEST THAMES,Multiple Values,OPEN,FRESHWATER - RIVERS,2022-02-17T13:31:00,MONITORING  (NATIONAL AGENCY POLICY),RIVER / RUNNING SURFACE WATER,6760,Chloridazon,<0.01,MICROGRAM PER LITRE
https://environment.data.gov.uk/water-quality/sampling-point/TH-RSN0018/sample/1375296/observation/6955,TH-RSN0018,RSN0018 RIVER THAMES AT MAGNA CARTA,-0.562,51.4448,Thames,THAMES - WEST THAMES,Multiple Values,OPEN,FRESHWATER - RIVERS,2022-02-17T13:31:00,MONITORING  (NATIONAL AGENCY POLICY),RIVER / RUNNING SURFACE WATER,6955,Ethiofencarb,<0.005,MICROGRAM PER LITRE
https://environment.data.gov.uk/water-quality/sampling-point/TH-RSN0018/sample/1375296/observation/6971,TH-RSN0018,RSN0018 RIVER THAMES AT MAGNA CARTA,-0.562,51.4448,Thames,THAMES - WEST THAMES,Multiple Values,OPEN,FRESHWATER - RIVERS,2022-02-17T13:31:00,MONITORING  (NATIONAL AGENCY POLICY),RIVER / RUNNING SURFACE WATER,6971,Methiocarb,<0.001,MICROGRAM PER LITRE
https://environment.data.gov.uk/water-quality/sampling-point/TH-RSN0018/sample/1375296/observation/6972,TH-RSN0018,RSN0018 RIVER THAMES AT MAGNA CARTA,-0.562,51.4448,Thames,THAMES - WEST THAMES,Multiple Values,OPEN,FRESHWATER - RIVERS,2022-02-17T13:31:00,MONITORING  (NATIONAL AGENCY POLICY),RIVER / RUNNING SURFACE WATER,6972,Methomyl,<0.005,MICROGRAM PER LITRE
https://environment.data.gov.uk/water-quality/sampling-point/TH-RSN0018/sample/1375296/observation/6980,TH-RSN0018,RSN0018 RIVER THAMES AT MAGNA CARTA,-0.562,51.4448,Thames,THAMES - WEST THAMES,Multiple Values,OPEN,FRESHWATER - RIVERS,2022-02-17T13:31:00,MONITORING  (NATIONAL AGENCY POLICY),RIVER / RUNNING SURFACE WATER,6980,Oxamyl,<0.005,MICROGRAM PER LITRE
https://environment.data.gov.uk/water-quality/sampling-point/TH-RSN0018/sample/1375296/observation/6987,TH-RSN0018,RSN0018 RIVER THAMES AT MAGNA CARTA,-0.562,51.4448,Thames,THAMES - WEST THAMES,Multiple Values,OPEN,FRESHWATER - RIVERS,2022-02-17T13:31:00,MONITORING  (NATIONAL AGENCY POLICY),RIVER / RUNNING SURFACE WATER,6987,Propoxur,<0.005,MICROGRAM PER LITRE
https://environment.data.gov.uk/water-quality/sampling-point/TH-RSN0018/sample/1375296/observation/7025,TH-RSN0018,RSN0018 RIVER THAMES AT MAGNA CARTA,-0.562,51.4448,Thames,THAMES - WEST THAMES,Multiple Values,OPEN,FRESHWATER - RIVERS,2022-02-17T13:31:00,MONITORING  (NATIONAL AGENCY POLICY),RIVER / RUNNING SURFACE WATER,7025,Imazapyr,<0.005,MICROGRAM PER LITRE
https://environment.data.gov.uk/water-quality/sampling-point/TH-RSN0018/sample/1375296/observation/7053,TH-RSN0018,RSN0018 RIVER THAMES AT MAGNA CARTA,-0.562,51.4448,Thames,THAMES - WEST THAMES,Multiple Values,OPEN,FRESHWATER - RIVERS,2022-02-17T13:31:00,MONITORING  (NATIONAL AGENCY POLICY),RIVER / RUNNING SURFACE WATER,7053,Methabenzthiazuron,<0.01,MICROGRAM PER LITRE
https://environment.data.gov.uk/water-quality/sampling-point/TH-RSN0018/sample/1375296/observation/7125,TH-RSN0018,RSN0018 RIVER THAMES AT MAGNA CARTA,-0.562,51.4448,Thames,THAMES - WEST THAMES,Multiple Values,OPEN,FRESHWATER - RIVERS,2022-02-17T13:31:00,MONITORING  (NATIONAL AGENCY POLICY),RIVER / RUNNING SURFACE WATER,7125,Aminomethylphosphonic acid,0.23,MICROGRAM PER LITRE
https://environment.data.gov.uk/water-quality/sampling-point/TH-RSN0018/sample/1375296/observation/7726,TH-RSN0018,RSN0018 RIVER THAMES AT MAGNA CARTA,-0.562,51.4448,Thames,THAMES - WEST THAMES,Multiple Values,OPEN,FRESHWATER - RIVERS,2022-02-17T13:31:00,MONITORING  (NATIONAL AGENCY POLICY),RIVER / RUNNING SURFACE WATER,7726,"2,3,6-TBA :- {2,3,6-Trichlorobenzoic acid}",<0.02,MICROGRAM PER LITRE
https://environment.data.gov.uk/water-quality/sampling-point/TH-RSN0018/sample/1375296/observation/7859,TH-RSN0018,RSN0018 RIVER THAMES AT MAGNA CARTA,-0.562,51.4448,Thames,THAMES - WEST THAMES,Multiple Values,OPEN,FRESHWATER - RIVERS,2022-02-17T13:31:00,MONITORING  (NATIONAL AGENCY POLICY),RIVER / RUNNING SURFACE WATER,7859,"Sulphate, Dissolved as SO4",52,MILLIGRAM PER LITRE
https://environment.data.gov.uk/water-quality/sampling-point/TH-RSN0018/sample/1375296/observation/8806,TH-RSN0018,RSN0018 RIVER THAMES AT MAGNA CARTA,-0.562,51.4448,Thames,THAMES - WEST THAMES,Multiple Values,OPEN,FRESHWATER - RIVERS,2022-02-17T13:31:00,MONITORING  (NATIONAL AGENCY POLICY),RIVER / RUNNING SURFACE WATER,8806,Aldicarb sulfoxide,<0.005,MICROGRAM PER LITRE
https://environment.data.gov.uk/water-quality/sampling-point/TH-RSN0018/sample/1375296/observation/8807,TH-RSN0018,RSN0018 RIVER THAMES AT MAGNA CARTA,-0.562,51.4448,Thames,THAMES - WEST THAMES,Multiple Values,OPEN,FRESHWATER - RIVERS,2022-02-17T13:31:00,MONITORING  (NATIONAL AGENCY POLICY),RIVER / RUNNING SURFACE WATER,8807,Aldoxycarb :- {Aldicarb Sulfone},<0.005,MICROGRAM PER LITRE
https://environment.data.gov.uk/water-quality/sampling-point/TH-RSN0018/sample/1375296/observation/8944,TH-RSN0018,RSN0018 RIVER THAMES AT MAGNA CARTA,-0.562,51.4448,Thames,THAMES - WEST THAMES,Multiple Values,OPEN,FRESHWATER - RIVERS,2022-02-17T13:31:00,MONITORING  (NATIONAL AGENCY POLICY),RIVER / RUNNING SURFACE WATER,8944,Tributyl Tin as Cation,<0.0002,MICROGRAM PER LITRE
https://environment.data.gov.uk/water-quality/sampling-point/TH-RSN0018/sample/1375296/observation/9068,TH-RSN0018,RSN0018 RIVER THAMES AT MAGNA CARTA,-0.562,51.4448,Thames,THAMES - WEST THAMES,Multiple Values,OPEN,FRESHWATER - RIVERS,2022-02-17T13:31:00,MONITORING  (NATIONAL AGENCY POLICY),RIVER / RUNNING SURFACE WATER,9068,Ioxynil,<0.005,MICROGRAM PER LITRE
https://environment.data.gov.uk/water-quality/sampling-point/TH-RSN0018/sample/1375296/observation/9073,TH-RSN0018,RSN0018 RIVER THAMES AT MAGNA CARTA,-0.562,51.4448,Thames,THAMES - WEST THAMES,Multiple Values,OPEN,FRESHWATER - RIVERS,2022-02-17T13:31:00,MONITORING  (NATIONAL AGENCY POLICY),RIVER / RUNNING SURFACE WATER,9073,Carbetamide,0.011,MICROGRAM PER LITRE
https://environment.data.gov.uk/water-quality/sampling-point/TH-RSN0018/sample/1375296/observation/9190,TH-RSN0018,RSN0018 RIVER THAMES AT MAGNA CARTA,-0.562,51.4448,Thames,THAMES - WEST THAMES,Multiple Values,OPEN,FRESHWATER - RIVERS,2022-02-17T13:31:00,MONITORING  (NATIONAL AGENCY POLICY),RIVER / RUNNING SURFACE WATER,9190,4-Nonylphenol Branched,<0.04,MICROGRAM PER LITRE
https://environment.data.gov.uk/water-quality/sampling-point/TH-RSN0018/sample/1375296/observation/9267,TH-RSN0018,RSN0018 RIVER THAMES AT MAGNA CARTA,-0.562,51.4448,Thames,THAMES - WEST THAMES,Multiple Values,OPEN,FRESHWATER - RIVERS,2022-02-17T13:31:00,MONITORING  (NATIONAL AGENCY POLICY),RIVER / RUNNING SURFACE WATER,9267,4-tert-Octylphenol :- {p-tert-Octylphenol},<0.01,MICROGRAM PER LITRE
https://environment.data.gov.uk/water-quality/sampling-point/TH-RSN0018/sample/1375296/observation/9274,TH-RSN0018,RSN0018 RIVER THAMES AT MAGNA CARTA,-0.562,51.4448,Thames,THAMES - WEST THAMES,Multiple Values,OPEN,FRESHWATER - RIVERS,2022-02-17T13:31:00,MONITORING  (NATIONAL AGENCY POLICY),RIVER / RUNNING SURFACE WATER,9274,Perfluorooctanoate anion,0.0022,MICROGRAM PER LITRE
https://environment.data.gov.uk/water-quality/sampling-point/TH-RSN0018/sample/1375296/observation/9276,TH-RSN0018,RSN0018 RIVER THAMES AT MAGNA CARTA,-0.562,51.4448,Thames,THAMES - WEST THAMES,Multiple Values,OPEN,FRESHWATER - RIVERS,2022-02-17T13:31:00,MONITORING  (NATIONAL AGENCY POLICY),RIVER / RUNNING SURFACE WATER,9276,Perfluorooctylsulphonate anion,0.0049,MICROGRAM PER LITRE
https://environment.data.gov.uk/water-quality/sampling-point/TH-RSN0018/sample/1375296/observation/9339,TH-RSN0018,RSN0018 RIVER THAMES AT MAGNA CARTA,-0.562,51.4448,Thames,THAMES - WEST THAMES,Multiple Values,OPEN,FRESHWATER - RIVERS,2022-02-17T13:31:00,MONITORING  (NATIONAL AGENCY POLICY),RIVER / RUNNING SURFACE WATER,9339,Fenuron,<0.01,MICROGRAM PER LITRE
https://environment.data.gov.uk/water-quality/sampling-point/TH-RSN0018/sample/1375296/observation/9341,TH-RSN0018,RSN0018 RIVER THAMES AT MAGNA CARTA,-0.562,51.4448,Thames,THAMES - WEST THAMES,Multiple Values,OPEN,FRESHWATER - RIVERS,2022-02-17T13:31:00,MONITORING  (NATIONAL AGENCY POLICY),RIVER / RUNNING SURFACE WATER,9341,cis-Permethrin,<0.0001,MICROGRAM PER LITRE
https://environment.data.gov.uk/water-quality/sampling-point/TH-RSN0018/sample/1375296/observation/9342,TH-RSN0018,RSN0018 RIVER THAMES AT MAGNA CARTA,-0.562,51.4448,Thames,THAMES - WEST THAMES,Multiple Values,OPEN,FRESHWATER - RIVERS,2022-02-17T13:31:00,MONITORING  (NATIONAL AGENCY POLICY),RIVER / RUNNING SURFACE WATER,9342,trans-Permethrin,<0.0001,MICROGRAM PER LITRE
https://environment.data.gov.uk/water-quality/sampling-point/TH-RSN0018/sample/1375296/observation/9343,TH-RSN0018,RSN0018 RIVER THAMES AT MAGNA CARTA,-0.562,51.4448,Thames,THAMES - WEST THAMES,Multiple Values,OPEN,FRESHWATER - RIVERS,2022-02-17T13:31:00,MONITORING  (NATIONAL AGENCY POLICY),RIVER / RUNNING SURFACE WATER,9343,Carbaryl,<0.01,MICROGRAM PER LITRE
https://environment.data.gov.uk/water-quality/sampling-point/TH-RSN0018/sample/1375296/observation/9344,TH-RSN0018,RSN0018 RIVER THAMES AT MAGNA CARTA,-0.562,51.4448,Thames,THAMES - WEST THAMES,Multiple Values,OPEN,FRESHWATER - RIVERS,2022-02-17T13:31:00,MONITORING  (NATIONAL AGENCY POLICY),RIVER / RUNNING SURFACE WATER,9344,Aldicarb,<0.005,MICROGRAM PER LITRE
https://environment.data.gov.uk/water-quality/sampling-point/TH-RSN0018/sample/1375296/observation/9345,TH-RSN0018,RSN0018 RIVER THAMES AT MAGNA CARTA,-0.562,51.4448,Thames,THAMES - WEST THAMES,Multiple Values,OPEN,FRESHWATER - RIVERS,2022-02-17T13:31:00,MONITORING  (NATIONAL AGENCY POLICY),RIVER / RUNNING SURFACE WATER,9345,Diflurobenzuron,<0.01,MICROGRAM PER LITRE
https://environment.data.gov.uk/water-quality/sampling-point/TH-RSN0018/sample/1375296/observation/9348,TH-RSN0018,RSN0018 RIVER THAMES AT MAGNA CARTA,-0.562,51.4448,Thames,THAMES - WEST THAMES,Multiple Values,OPEN,FRESHWATER - RIVERS,2022-02-17T13:31:00,MONITORING  (NATIONAL AGENCY POLICY),RIVER / RUNNING SURFACE WATER,9348,Chlorotoluron,<0.01,MICROGRAM PER LITRE
https://environment.data.gov.uk/water-quality/sampling-point/TH-RSN0018/sample/1375296/observation/9446,TH-RSN0018,RSN0018 RIVER THAMES AT MAGNA CARTA,-0.562,51.4448,Thames,THAMES - WEST THAMES,Multiple Values,OPEN,FRESHWATER - RIVERS,2022-02-17T13:31:00,MONITORING  (NATIONAL AGENCY POLICY),RIVER / RUNNING SURFACE WATER,9446,"Barium, Dissolved",16,MICROGRAM PER LITRE
https://environment.data.gov.uk/water-quality/sampling-point/TH-RSN0018/sample/1375296/observation/9447,TH-RSN0018,RSN0018 RIVER THAMES AT MAGNA CARTA,-0.562,51.4448,Thames,THAMES - WEST THAMES,Multiple Values,OPEN,FRESHWATER - RIVERS,2022-02-17T13:31:00,MONITORING  (NATIONAL AGENCY POLICY),RIVER / RUNNING SURFACE WATER,9447,"Boron, Dissolved",<100,MICROGRAM PER LITRE
https://environment.data.gov.uk/water-quality/sampling-point/TH-RSN0018/sample/1375296/observation/9686,TH-RSN0018,RSN0018 RIVER THAMES AT MAGNA CARTA,-0.562,51.4448,Thames,THAMES - WEST THAMES,Multiple Values,OPEN,FRESHWATER - RIVERS,2022-02-17T13:31:00,MONITORING  (NATIONAL AGENCY POLICY),RIVER / RUNNING SURFACE WATER,9686,"Nitrogen, Total as N",7.8,MILLIGRAM PER LITRE
https://environment.data.gov.uk/water-quality/sampling-point/TH-RSN0018/sample/1375296/observation/9756,TH-RSN0018,RSN0018 RIVER THAMES AT MAGNA CARTA,-0.562,51.4448,Thames,THAMES - WEST THAMES,Multiple Values,OPEN,FRESHWATER - RIVERS,2022-02-17T13:31:00,MONITORING  (NATIONAL AGENCY POLICY),RIVER / RUNNING SURFACE WATER,9756,Neburon,<0.01,MICROGRAM PER LITRE
https://environment.data.gov.uk/water-quality/sampling-point/TH-RSN0018/sample/1375296/observation/9861,TH-RSN0018,RSN0018 RIVER THAMES AT MAGNA CARTA,-0.562,51.4448,Thames,THAMES - WEST THAMES,Multiple Values,OPEN,FRESHWATER - RIVERS,2022-02-17T13:31:00,MONITORING  (NATIONAL AGENCY POLICY),RIVER / RUNNING SURFACE WATER,9861,Metsulfuron-methyl,<0.01,MICROGRAM PER LITRE
https://environment.data.gov.uk/water-quality/sampling-point/TH-RSN0018/sample/1375296/observation/9883,TH-RSN0018,RSN0018 RIVER THAMES AT MAGNA CARTA,-0.562,51.4448,Thames,THAMES - WEST THAMES,Multiple Values,OPEN,FRESHWATER - RIVERS,2022-02-17T13:31:00,MONITORING  (NATIONAL AGENCY POLICY),RIVER / RUNNING SURFACE WATER,9883,Picloram,<0.005,MICROGRAM PER LITRE
https://environment.data.gov.uk/water-quality/sampling-point/TH-RSN0018/sample/1375296/observation/9889,TH-RSN0018,RSN0018 RIVER THAMES AT MAGNA CARTA,-0.562,51.4448,Thames,THAMES - WEST THAMES,Multiple Values,OPEN,FRESHWATER - RIVERS,2022-02-17T13:31:00,MONITORING  (NATIONAL AGENCY POLICY),RIVER / RUNNING SURFACE WATER,9889,Oestrone :- {E1},0.39,NANOGRAM PER LITRE
https://environment.data.gov.uk/water-quality/sampling-point/TH-RSN0018/sample/1375296/observation/9898,TH-RSN0018,RSN0018 RIVER THAMES AT MAGNA CARTA,-0.562,51.4448,Thames,THAMES - WEST THAMES,Multiple Values,OPEN,FRESHWATER - RIVERS,2022-02-17T13:31:00,MONITORING  (NATIONAL AGENCY POLICY),RIVER / RUNNING SURFACE WATER,9898,17beta oestradiol :- {E2},0.052,NANOGRAM PER LITRE
https://environment.data.gov.uk/water-quality/sampling-point/TH-RSN0018/sample/1375296/observation/9899,TH-RSN0018,RSN0018 RIVER THAMES AT MAGNA CARTA,-0.562,51.4448,Thames,THAMES - WEST THAMES,Multiple Values,OPEN,FRESHWATER - RIVERS,2022-02-17T13:31:00,MONITORING  (NATIONAL AGENCY POLICY),RIVER / RUNNING SURFACE WATER,9899,17alpha ethynyloestradiol :- {EE2},0.18,NANOGRAM PER LITRE
https://environment.data.gov.uk/water-quality/sampling-point/TH-RSN0018/sample/1375296/observation/9901,TH-RSN0018,RSN0018 RIVER THAMES AT MAGNA CARTA,-0.562,51.4448,Thames,THAMES - WEST THAMES,Multiple Values,OPEN,FRESHWATER - RIVERS,2022-02-17T13:31:00,MONITORING  (NATIONAL AGENCY POLICY),RIVER / RUNNING SURFACE WATER,9901,"Oxygen, Dissolved, % Saturation",99.8,PERCENTAGE
https://environment.data.gov.uk/water-quality/sampling-point/TH-RSN0018/sample/1375296/observation/9924,TH-RSN0018,RSN0018 RIVER THAMES AT MAGNA CARTA,-0.562,51.4448,Thames,THAMES - WEST THAMES,Multiple Values,OPEN,FRESHWATER - RIVERS,2022-02-17T13:31:00,MONITORING  (NATIONAL AGENCY POLICY),RIVER / RUNNING SURFACE WATER,9924,"Oxygen, Dissolved as O2",11.6,MILLIGRAM PER LITRE
https://environment.data.gov.uk/water-quality/sampling-point/TH-RSN0018/sample/1376557/observation/0052,TH-RSN0018,RSN0018 RIVER THAMES AT MAGNA CARTA,-0.562,51.4448,Thames,THAMES - WEST THAMES,Multiple Values,OPEN,FRESHWATER - RIVERS,2022-03-28T10:34:00,MONITORING  (NATIONAL AGENCY POLICY),RIVER / RUNNING SURFACE WATER,0052,"Lead, Dissolved",<0.1,MICROGRAM PER LITRE
https://environment.data.gov.uk/water-quality/sampling-point/TH-RSN0018/sample/1376557/observation/0061,TH-RSN0018,RSN0018 RIVER THAMES AT MAGNA CARTA,-0.562,51.4448,Thames,THAMES - WEST THAMES,Multiple Values,OPEN,FRESHWATER - RIVERS,2022-03-28T10:34:00,MONITORING  (NATIONAL AGENCY POLICY),RIVER / RUNNING SURFACE WATER,0061,pH,8.18,PH UNITS
https://environment.data.gov.uk/water-quality/sampling-point/TH-RSN0018/sample/1376557/observation/0073,TH-RSN0018,RSN0018 RIVER THAMES AT MAGNA CARTA,-0.562,51.4448,Thames,THAMES - WEST THAMES,Multiple Values,OPEN,FRESHWATER - RIVERS,2022-03-28T10:34:00,MONITORING  (NATIONAL AGENCY POLICY),RIVER / RUNNING SURFACE WATER,0073,Cypermethrin,<0.00001,MICROGRAM PER LITRE
https://environment.data.gov.uk/water-quality/sampling-point/TH-RSN0018/sample/1376557/observation/0076,TH-RSN0018,RSN0018 RIVER THAMES AT MAGNA CARTA,-0.562,51.4448,Thames,THAMES - WEST THAMES,Multiple Values,OPEN,FRESHWATER - RIVERS,2022-03-28T10:34:00,MONITORING  (NATIONAL AGENCY POLICY),RIVER / RUNNING SURFACE WATER,0076,Temperature of Water,10.5,CELSIUS
https://environment.data.gov.uk/water-quality/sampling-point/TH-RSN0018/sample/1376557/observation/0077,TH-RSN0018,RSN0018 RIVER THAMES AT MAGNA CARTA,-0.562,51.4448,Thames,THAMES - WEST THAMES,Multiple Values,OPEN,FRESHWATER - RIVERS,2022-03-28T10:34:00,MONITORING  (NATIONAL AGENCY POLICY),RIVER / RUNNING SURFACE WATER,0077,Conductivity at 25 C,688,MICROSIEMENS PER CENTIMETRE
https://environment.data.gov.uk/water-quality/sampling-point/TH-RSN0018/sample/1376557/observation/0106,TH-RSN0018,RSN0018 RIVER THAMES AT MAGNA CARTA,-0.562,51.4448,Thames,THAMES - WEST THAMES,Multiple Values,OPEN,FRESHWATER - RIVERS,2022-03-28T10:34:00,MONITORING  (NATIONAL AGENCY POLICY),RIVER / RUNNING SURFACE WATER,0106,"Cadmium, Dissolved",0.013,MICROGRAM PER LITRE
https://environment.data.gov.uk/water-quality/sampling-point/TH-RSN0018/sample/1376557/observation/0111,TH-RSN0018,RSN0018 RIVER THAMES AT MAGNA CARTA,-0.562,51.4448,Thames,THAMES - WEST THAMES,Multiple Values,OPEN,FRESHWATER - RIVERS,2022-03-28T10:34:00,MONITORING  (NATIONAL AGENCY POLICY),RIVER / RUNNING SURFACE WATER,0111,Ammoniacal Nitrogen as N,<0.03,MILLIGRAM PER LITRE
https://environment.data.gov.uk/water-quality/sampling-point/TH-RSN0018/sample/1376557/observation/0116,TH-RSN0018,RSN0018 RIVER THAMES AT MAGNA CARTA,-0.562,51.4448,Thames,THAMES - WEST THAMES,Multiple Values,OPEN,FRESHWATER - RIVERS,2022-03-28T10:34:00,MONITORING  (NATIONAL AGENCY POLICY),RIVER / RUNNING SURFACE WATER,0116,"Nitrogen, Total Oxidised as N",7.3,MILLIGRAM PER LITRE
https://environment.data.gov.uk/water-quality/sampling-point/TH-RSN0018/sample/1376557/observation/0117,TH-RSN0018,RSN0018 RIVER THAMES AT MAGNA CARTA,-0.562,51.4448,Thames,THAMES - WEST THAMES,Multiple Values,OPEN,FRESHWATER - RIVERS,2022-03-28T10:34:00,MONITORING  (NATIONAL AGENCY POLICY),RIVER / RUNNING SURFACE WATER,0117,Nitrate as N,7.28,MILLIGRAM PER LITRE
https://environment.data.gov.uk/water-quality/sampling-point/TH-RSN0018/sample/1376557/observation/0118,TH-RSN0018,RSN0018 RIVER THAMES AT MAGNA CARTA,-0.562,51.4448,Thames,THAMES - WEST THAMES,Multiple Values,OPEN,FRESHWATER - RIVERS,2022-03-28T10:34:00,MONITORING  (NATIONAL AGENCY POLICY),RIVER / RUNNING SURFACE WATER,0118,Nitrite as N,0.016,MILLIGRAM PER LITRE
https://environment.data.gov.uk/water-quality/sampling-point/TH-RSN0018/sample/1376557/observation/0119,TH-RSN0018,RSN0018 RIVER THAMES AT MAGNA CARTA,-0.562,51.4448,Thames,THAMES - WEST THAMES,Multiple Values,OPEN,FRESHWATER - RIVERS,2022-03-28T10:34:00,MONITORING  (NATIONAL AGENCY POLICY),RIVER / RUNNING SURFACE WATER,0119,Ammonia un-ionised as N,<0.00057,MILLIGRAM PER LITRE
https://environment.data.gov.uk/water-quality/sampling-point/TH-RSN0018/sample/1376557/observation/0158,TH-RSN0018,RSN0018 RIVER THAMES AT MAGNA CARTA,-0.562,51.4448,Thames,THAMES - WEST THAMES,Multiple Values,OPEN,FRESHWATER - RIVERS,2022-03-28T10:34:00,MONITORING  (NATIONAL AGENCY POLICY),RIVER / RUNNING SURFACE WATER,0158,"Hardness, Total as CaCO3",294,MILLIGRAM PER LITRE
https://environment.data.gov.uk/water-quality/sampling-point/TH-RSN0018/sample/1376557/observation/0162,TH-RSN0018,RSN0018 RIVER THAMES AT MAGNA CARTA,-0.562,51.4448,Thames,THAMES - WEST THAMES,Multiple Values,OPEN,FRESHWATER - RIVERS,2022-03-28T10:34:00,MONITORING  (NATIONAL AGENCY POLICY),RIVER / RUNNING SURFACE WATER,0162,Alkalinity to pH 4.5 as CaCO3,230,MILLIGRAM PER LITRE
https://environment.data.gov.uk/water-quality/sampling-point/TH-RSN0018/sample/1376557/observation/0163,TH-RSN0018,RSN0018 RIVER THAMES AT MAGNA CARTA,-0.562,51.4448,Thames,THAMES - WEST THAMES,Multiple Values,OPEN,FRESHWATER - RIVERS,2022-03-28T10:34:00,MONITORING  (NATIONAL AGENCY POLICY),RIVER / RUNNING SURFACE WATER,0163,"Hardness, Calcium",275,MILLIGRAM PER LITRE
https://environment.data.gov.uk/water-quality/sampling-point/TH-RSN0018/sample/1376557/observation/0172,TH-RSN0018,RSN0018 RIVER THAMES AT MAGNA CARTA,-0.562,51.4448,Thames,THAMES - WEST THAMES,Multiple Values,OPEN,FRESHWATER - RIVERS,2022-03-28T10:34:00,MONITORING  (NATIONAL AGENCY POLICY),RIVER / RUNNING SURFACE WATER,0172,Chloride,37,MILLIGRAM PER LITRE
https://environment.data.gov.uk/water-quality/sampling-point/TH-RSN0018/sample/1376557/observation/0180,TH-RSN0018,RSN0018 RIVER THAMES AT MAGNA CARTA,-0.562,51.4448,Thames,THAMES - WEST THAMES,Multiple Values,OPEN,FRESHWATER - RIVERS,2022-03-28T10:34:00,MONITORING  (NATIONAL AGENCY POLICY),RIVER / RUNNING SURFACE WATER,0180,"Orthophosphate, reactive as P",0.11,MILLIGRAM PER LITRE
https://environment.data.gov.uk/water-quality/sampling-point/TH-RSN0018/sample/1376557/observation/0182,TH-RSN0018,RSN0018 RIVER THAMES AT MAGNA CARTA,-0.562,51.4448,Thames,THAMES - WEST THAMES,Multiple Values,OPEN,FRESHWATER - RIVERS,2022-03-28T10:34:00,MONITORING  (NATIONAL AGENCY POLICY),RIVER / RUNNING SURFACE WATER,0182,"Silica, reactive as SiO2",10,MILLIGRAM PER LITRE
https://environment.data.gov.uk/water-quality/sampling-point/TH-RSN0018/sample/1376557/observation/0205,TH-RSN0018,RSN0018 RIVER THAMES AT MAGNA CARTA,-0.562,51.4448,Thames,THAMES - WEST THAMES,Multiple Values,OPEN,FRESHWATER - RIVERS,2022-03-28T10:34:00,MONITORING  (NATIONAL AGENCY POLICY),RIVER / RUNNING SURFACE WATER,0205,"Sodium, Dissolved",24,MILLIGRAM PER LITRE
https://environment.data.gov.uk/water-quality/sampling-point/TH-RSN0018/sample/1376557/observation/0209,TH-RSN0018,RSN0018 RIVER THAMES AT MAGNA CARTA,-0.562,51.4448,Thames,THAMES - WEST THAMES,Multiple Values,OPEN,FRESHWATER - RIVERS,2022-03-28T10:34:00,MONITORING  (NATIONAL AGENCY POLICY),RIVER / RUNNING SURFACE WATER,0209,"Potassium, Dissolved",4.7,MILLIGRAM PER LITRE
https://environment.data.gov.uk/water-quality/sampling-point/TH-RSN0018/sample/1376557/observation/0235,TH-RSN0018,RSN0018 RIVER THAMES AT MAGNA CARTA,-0.562,51.4448,Thames,THAMES - WEST THAMES,Multiple Values,OPEN,FRESHWATER - RIVERS,2022-03-28T10:34:00,MONITORING  (NATIONAL AGENCY POLICY),RIVER / RUNNING SURFACE WATER,0235,"Magnesium, Dissolved",4.7,MILLIGRAM PER LITRE
https://environment.data.gov.uk/water-quality/sampling-point/TH-RSN0018/sample/1376557/observation/0239,TH-RSN0018,RSN0018 RIVER THAMES AT MAGNA CARTA,-0.562,51.4448,Thames,THAMES - WEST THAMES,Multiple Values,OPEN,FRESHWATER - RIVERS,2022-03-28T10:34:00,MONITORING  (NATIONAL AGENCY POLICY),RIVER / RUNNING SURFACE WATER,0239,"Calcium, Dissolved",110,MILLIGRAM PER LITRE
https://environment.data.gov.uk/water-quality/sampling-point/TH-RSN0018/sample/1376557/observation/0301,TH-RSN0018,RSN0018 RIVER THAMES AT MAGNA CARTA,-0.562,51.4448,Thames,THAMES - WEST THAMES,Multiple Values,OPEN,FRESHWATER - RIVERS,2022-03-28T10:34:00,MONITORING  (NATIONAL AGENCY POLICY),RIVER / RUNNING SURFACE WATER,0301,"Carbon, Organic, Dissolved as C :- {DOC}",3.8,MILLIGRAM PER LITRE
https://environment.data.gov.uk/water-quality/sampling-point/TH-RSN0018/sample/1376557/observation/0348,TH-RSN0018,RSN0018 RIVER THAMES AT MAGNA CARTA,-0.562,51.4448,Thames,THAMES - WEST THAMES,Multiple Values,OPEN,FRESHWATER - RIVERS,2022-03-28T10:34:00,MONITORING  (NATIONAL AGENCY POLICY),RIVER / RUNNING SURFACE WATER,0348,"Phosphorus, Total as P",0.13,MILLIGRAM PER LITRE
https://environment.data.gov.uk/water-quality/sampling-point/TH-RSN0018/sample/1376557/observation/0714,TH-RSN0018,RSN0018 RIVER THAMES AT MAGNA CARTA,-0.562,51.4448,Thames,THAMES - WEST THAMES,Multiple Values,OPEN,FRESHWATER - RIVERS,2022-03-28T10:34:00,MONITORING  (NATIONAL AGENCY POLICY),RIVER / RUNNING SURFACE WATER,0714,"Benzo(g,h,i)Perylene",<0.01,MICROGRAM PER LITRE
https://environment.data.gov.uk/water-quality/sampling-point/TH-RSN0018/sample/1376557/observation/0731,TH-RSN0018,RSN0018 RIVER THAMES AT MAGNA CARTA,-0.562,51.4448,Thames,THAMES - WEST THAMES,Multiple Values,OPEN,FRESHWATER - RIVERS,2022-03-28T10:34:00,MONITORING  (NATIONAL AGENCY POLICY),RIVER / RUNNING SURFACE WATER,0731,Benzo(b)Fluoranthene,<0.01,MICROGRAM PER LITRE
https://environment.data.gov.uk/water-quality/sampling-point/TH-RSN0018/sample/1376557/observation/0733,TH-RSN0018,RSN0018 RIVER THAMES AT MAGNA CARTA,-0.562,51.4448,Thames,THAMES - WEST THAMES,Multiple Values,OPEN,FRESHWATER - RIVERS,2022-03-28T10:34:00,MONITORING  (NATIONAL AGENCY POLICY),RIVER / RUNNING SURFACE WATER,0733,Benzo(k)Fluoranthene,<0.01,MICROGRAM PER LITRE
https://environment.data.gov.uk/water-quality/sampling-point/TH-RSN0018/sample/1376557/observation/0736,TH-RSN0018,RSN0018 RIVER THAMES AT MAGNA CARTA,-0.562,51.4448,Thames,THAMES - WEST THAMES,Multiple Values,OPEN,FRESHWATER - RIVERS,2022-03-28T10:34:00,MONITORING  (NATIONAL AGENCY POLICY),RIVER / RUNNING SURFACE WATER,0736,Fluoranthene,<0.01,MICROGRAM PER LITRE
https://environment.data.gov.uk/water-quality/sampling-point/TH-RSN0018/sample/1376557/observation/0746,TH-RSN0018,RSN0018 RIVER THAMES AT MAGNA CARTA,-0.562,51.4448,Thames,THAMES - WEST THAMES,Multiple Values,OPEN,FRESHWATER - RIVERS,2022-03-28T10:34:00,MONITORING  (NATIONAL AGENCY POLICY),RIVER / RUNNING SURFACE WATER,0746,"Indeno(1,2,3-cd)pyrene",<0.01,MICROGRAM PER LITRE
https://environment.data.gov.uk/water-quality/sampling-point/TH-RSN0018/sample/1376557/observation/3004,TH-RSN0018,RSN0018 RIVER THAMES AT MAGNA CARTA,-0.562,51.4448,Thames,THAMES - WEST THAMES,Multiple Values,OPEN,FRESHWATER - RIVERS,2022-03-28T10:34:00,MONITORING  (NATIONAL AGENCY POLICY),RIVER / RUNNING SURFACE WATER,3004,Asulam,<0.02,MICROGRAM PER LITRE
https://environment.data.gov.uk/water-quality/sampling-point/TH-RSN0018/sample/1376557/observation/3007,TH-RSN0018,RSN0018 RIVER THAMES AT MAGNA CARTA,-0.562,51.4448,Thames,THAMES - WEST THAMES,Multiple Values,OPEN,FRESHWATER - RIVERS,2022-03-28T10:34:00,MONITORING  (NATIONAL AGENCY POLICY),RIVER / RUNNING SURFACE WATER,3007,Glyphosate,0.11,MICROGRAM PER LITRE
https://environment.data.gov.uk/water-quality/sampling-point/TH-RSN0018/sample/1376557/observation/3086,TH-RSN0018,RSN0018 RIVER THAMES AT MAGNA CARTA,-0.562,51.4448,Thames,THAMES - WEST THAMES,Multiple Values,OPEN,FRESHWATER - RIVERS,2022-03-28T10:34:00,MONITORING  (NATIONAL AGENCY POLICY),RIVER / RUNNING SURFACE WATER,3086,Carbofuran,<0.005,MICROGRAM PER LITRE
https://environment.data.gov.uk/water-quality/sampling-point/TH-RSN0018/sample/1376557/observation/3117,TH-RSN0018,RSN0018 RIVER THAMES AT MAGNA CARTA,-0.562,51.4448,Thames,THAMES - WEST THAMES,Multiple Values,OPEN,FRESHWATER - RIVERS,2022-03-28T10:34:00,MONITORING  (NATIONAL AGENCY POLICY),RIVER / RUNNING SURFACE WATER,3117,Isoproturon,<0.01,MICROGRAM PER LITRE
https://environment.data.gov.uk/water-quality/sampling-point/TH-RSN0018/sample/1376557/observation/3118,TH-RSN0018,RSN0018 RIVER THAMES AT MAGNA CARTA,-0.562,51.4448,Thames,THAMES - WEST THAMES,Multiple Values,OPEN,FRESHWATER - RIVERS,2022-03-28T10:34:00,MONITORING  (NATIONAL AGENCY POLICY),RIVER / RUNNING SURFACE WATER,3118,Linuron,<0.01,MICROGRAM PER LITRE
https://environment.data.gov.uk/water-quality/sampling-point/TH-RSN0018/sample/1376557/observation/3130,TH-RSN0018,RSN0018 RIVER THAMES AT MAGNA CARTA,-0.562,51.4448,Thames,THAMES - WEST THAMES,Multiple Values,OPEN,FRESHWATER - RIVERS,2022-03-28T10:34:00,MONITORING  (NATIONAL AGENCY POLICY),RIVER / RUNNING SURFACE WATER,3130,Metoxuron,<0.01,MICROGRAM PER LITRE
https://environment.data.gov.uk/water-quality/sampling-point/TH-RSN0018/sample/1376557/observation/3341,TH-RSN0018,RSN0018 RIVER THAMES AT MAGNA CARTA,-0.562,51.4448,Thames,THAMES - WEST THAMES,Multiple Values,OPEN,FRESHWATER - RIVERS,2022-03-28T10:34:00,MONITORING  (NATIONAL AGENCY POLICY),RIVER / RUNNING SURFACE WATER,3341,4-Chloro-2-methylphenol :- {p-Chloro-o-cresol},<0.05,MICROGRAM PER LITRE
https://environment.data.gov.uk/water-quality/sampling-point/TH-RSN0018/sample/1376557/observation/3377,TH-RSN0018,RSN0018 RIVER THAMES AT MAGNA CARTA,-0.562,51.4448,Thames,THAMES - WEST THAMES,Multiple Values,OPEN,FRESHWATER - RIVERS,2022-03-28T10:34:00,MONITORING  (NATIONAL AGENCY POLICY),RIVER / RUNNING SURFACE WATER,3377,Lead : BLM Bioavailable,0.01,MICROGRAM PER LITRE
https://environment.data.gov.uk/water-quality/sampling-point/TH-RSN0018/sample/1376557/observation/3399,TH-RSN0018,RSN0018 RIVER THAMES AT MAGNA CARTA,-0.562,51.4448,Thames,THAMES - WEST THAMES,Multiple Values,OPEN,FRESHWATER - RIVERS,2022-03-28T10:34:00,MONITORING  (NATIONAL AGENCY POLICY),RIVER / RUNNING SURFACE WATER,3399,Chloroxuron,<0.01,MICROGRAM PER LITRE
https://environment.data.gov.uk/water-quality/sampling-point/TH-RSN0018/sample/1376557/observation/3400,TH-RSN0018,RSN0018 RIVER THAMES AT MAGNA CARTA,-0.562,51.4448,Thames,THAMES - WEST THAMES,Multiple Values,OPEN,FRESHWATER - RIVERS,2022-03-28T10:34:00,MONITORING  (NATIONAL AGENCY POLICY),RIVER / RUNNING SURFACE WATER,3400,Monuron,<0.01,MICROGRAM PER LITRE
https://environment.data.gov.uk/water-quality/sampling-point/TH-RSN0018/sample/1376557/observation/3408,TH-RSN0018,RSN0018 RIVER THAMES AT MAGNA CARTA,-0.562,51.4448,Thames,THAMES - WEST THAMES,Multiple Values,OPEN,FRESHWATER - RIVERS,2022-03-28T10:34:00,MONITORING  (NATIONAL AGENCY POLICY),RIVER / RUNNING SURFACE WATER,3408,"Zinc, Dissolved",4.2,MICROGRAM PER LITRE
https://environment.data.gov.uk/water-quality/sampling-point/TH-RSN0018/sample/1376557/observation/3409,TH-RSN0018,RSN0018 RIVER THAMES AT MAGNA CARTA,-0.562,51.4448,Thames,THAMES - WEST THAMES,Multiple Values,OPEN,FRESHWATER - RIVERS,2022-03-28T10:34:00,MONITORING  (NATIONAL AGENCY POLICY),RIVER / RUNNING SURFACE WATER,3409,"Chromium, Dissolved",<0.5,MICROGRAM PER LITRE
https://environment.data.gov.uk/water-quality/sampling-point/TH-RSN0018/sample/1376557/observation/3410,TH-RSN0018,RSN0018 RIVER THAMES AT MAGNA CARTA,-0.562,51.4448,Thames,THAMES - WEST THAMES,Multiple Values,OPEN,FRESHWATER - RIVERS,2022-03-28T10:34:00,MONITORING  (NATIONAL AGENCY POLICY),RIVER / RUNNING SURFACE WATER,3410,"Nickel, Dissolved",1.6,MICROGRAM PER LITRE
https://environment.data.gov.uk/water-quality/sampling-point/TH-RSN0018/sample/1376557/observation/3475,TH-RSN0018,RSN0018 RIVER THAMES AT MAGNA CARTA,-0.562,51.4448,Thames,THAMES - WEST THAMES,Multiple Values,OPEN,FRESHWATER - RIVERS,2022-03-28T10:34:00,MONITORING  (NATIONAL AGENCY POLICY),RIVER / RUNNING SURFACE WATER,3475,Carbendazim,<0.01,MICROGRAM PER LITRE
https://environment.data.gov.uk/water-quality/sampling-point/TH-RSN0018/sample/1376557/observation/3545,TH-RSN0018,RSN0018 RIVER THAMES AT MAGNA CARTA,-0.562,51.4448,Thames,THAMES - WEST THAMES,Multiple Values,OPEN,FRESHWATER - RIVERS,2022-03-28T10:34:00,MONITORING  (NATIONAL AGENCY POLICY),RIVER / RUNNING SURFACE WATER,3545,"2,4-D :- {2,4-Dichlorophenoxyacetic acid}",<0.005,MICROGRAM PER LITRE
https://environment.data.gov.uk/water-quality/sampling-point/TH-RSN0018/sample/1376557/observation/3546,TH-RSN0018,RSN0018 RIVER THAMES AT MAGNA CARTA,-0.562,51.4448,Thames,THAMES - WEST THAMES,Multiple Values,OPEN,FRESHWATER - RIVERS,2022-03-28T10:34:00,MONITORING  (NATIONAL AGENCY POLICY),RIVER / RUNNING SURFACE WATER,3546,"2,4,5-T :- {2,4,5-Trichlorophenoxyacetic acid}",<0.005,MICROGRAM PER LITRE
https://environment.data.gov.uk/water-quality/sampling-point/TH-RSN0018/sample/1376557/observation/3547,TH-RSN0018,RSN0018 RIVER THAMES AT MAGNA CARTA,-0.562,51.4448,Thames,THAMES - WEST THAMES,Multiple Values,OPEN,FRESHWATER - RIVERS,2022-03-28T10:34:00,MONITORING  (NATIONAL AGENCY POLICY),RIVER / RUNNING SURFACE WATER,3547,4-Chlorophenoxyacetic acid,<0.005,MICROGRAM PER LITRE
https://environment.data.gov.uk/water-quality/sampling-point/TH-RSN0018/sample/1376557/observation/3548,TH-RSN0018,RSN0018 RIVER THAMES AT MAGNA CARTA,-0.562,51.4448,Thames,THAMES - WEST THAMES,Multiple Values,OPEN,FRESHWATER - RIVERS,2022-03-28T10:34:00,MONITORING  (NATIONAL AGENCY POLICY),RIVER / RUNNING SURFACE WATER,3548,MCPA :- {4-Chloro-2-methylphenoxyacetic acid} ,<0.005,MICROGRAM PER LITRE
https://environment.data.gov.uk/water-quality/sampling-point/TH-RSN0018/sample/1376557/observation/3549,TH-RSN0018,RSN0018 RIVER THAMES AT MAGNA CARTA,-0.562,51.4448,Thames,THAMES - WEST THAMES,Multiple Values,OPEN,FRESHWATER - RIVERS,2022-03-28T10:34:00,MONITORING  (NATIONAL AGENCY POLICY),RIVER / RUNNING SURFACE WATER,3549,Mecoprop,<0.005,MICROGRAM PER LITRE
https://environment.data.gov.uk/water-quality/sampling-point/TH-RSN0018/sample/1376557/observation/3550,TH-RSN0018,RSN0018 RIVER THAMES AT MAGNA CARTA,-0.562,51.4448,Thames,THAMES - WEST THAMES,Multiple Values,OPEN,FRESHWATER - RIVERS,2022-03-28T10:34:00,MONITORING  (NATIONAL AGENCY POLICY),RIVER / RUNNING SURFACE WATER,3550,Dicamba,<0.01,MICROGRAM PER LITRE
https://environment.data.gov.uk/water-quality/sampling-point/TH-RSN0018/sample/1376557/observation/3551,TH-RSN0018,RSN0018 RIVER THAMES AT MAGNA CARTA,-0.562,51.4448,Thames,THAMES - WEST THAMES,Multiple Values,OPEN,FRESHWATER - RIVERS,2022-03-28T10:34:00,MONITORING  (NATIONAL AGENCY POLICY),RIVER / RUNNING SURFACE WATER,3551,"Dichlorprop :- {2,4-DP}",<0.005,MICROGRAM PER LITRE
https://environment.data.gov.uk/water-quality/sampling-point/TH-RSN0018/sample/1376557/observation/3552,TH-RSN0018,RSN0018 RIVER THAMES AT MAGNA CARTA,-0.562,51.4448,Thames,THAMES - WEST THAMES,Multiple Values,OPEN,FRESHWATER - RIVERS,2022-03-28T10:34:00,MONITORING  (NATIONAL AGENCY POLICY),RIVER / RUNNING SURFACE WATER,3552,Fenoprop,<0.005,MICROGRAM PER LITRE
https://environment.data.gov.uk/water-quality/sampling-point/TH-RSN0018/sample/1376557/observation/3555,TH-RSN0018,RSN0018 RIVER THAMES AT MAGNA CARTA,-0.562,51.4448,Thames,THAMES - WEST THAMES,Multiple Values,OPEN,FRESHWATER - RIVERS,2022-03-28T10:34:00,MONITORING  (NATIONAL AGENCY POLICY),RIVER / RUNNING SURFACE WATER,3555,Triclopyr,<0.005,MICROGRAM PER LITRE
https://environment.data.gov.uk/water-quality/sampling-point/TH-RSN0018/sample/1376557/observation/3790,TH-RSN0018,RSN0018 RIVER THAMES AT MAGNA CARTA,-0.562,51.4448,Thames,THAMES - WEST THAMES,Multiple Values,OPEN,FRESHWATER - RIVERS,2022-03-28T10:34:00,MONITORING  (NATIONAL AGENCY POLICY),RIVER / RUNNING SURFACE WATER,3790,MCPB :- {4-Chloro-2-methylphenoxybutyric acid},<0.005,MICROGRAM PER LITRE
https://environment.data.gov.uk/water-quality/sampling-point/TH-RSN0018/sample/1376557/observation/3791,TH-RSN0018,RSN0018 RIVER THAMES AT MAGNA CARTA,-0.562,51.4448,Thames,THAMES - WEST THAMES,Multiple Values,OPEN,FRESHWATER - RIVERS,2022-03-28T10:34:00,MONITORING  (NATIONAL AGENCY POLICY),RIVER / RUNNING SURFACE WATER,3791,"2,4-DB :- {4-(2,4-dichlorophenoxy)butyric acid}",<0.005,MICROGRAM PER LITRE
https://environment.data.gov.uk/water-quality/sampling-point/TH-RSN0018/sample/1376557/observation/3792,TH-RSN0018,RSN0018 RIVER THAMES AT MAGNA CARTA,-0.562,51.4448,Thames,THAMES - WEST THAMES,Multiple Values,OPEN,FRESHWATER - RIVERS,2022-03-28T10:34:00,MONITORING  (NATIONAL AGENCY POLICY),RIVER / RUNNING SURFACE WATER,3792,Benazolin,<0.005,MICROGRAM PER LITRE
https://environment.data.gov.uk/water-quality/sampling-point/TH-RSN0018/sample/1376557/observation/3811,TH-RSN0018,RSN0018 RIVER THAMES AT MAGNA CARTA,-0.562,51.4448,Thames,THAMES - WEST THAMES,Multiple Values,OPEN,FRESHWATER - RIVERS,2022-03-28T10:34:00,MONITORING  (NATIONAL AGENCY POLICY),RIVER / RUNNING SURFACE WATER,3811,Diuron,<0.01,MICROGRAM PER LITRE
https://environment.data.gov.uk/water-quality/sampling-point/TH-RSN0018/sample/1376557/observation/3878,TH-RSN0018,RSN0018 RIVER THAMES AT MAGNA CARTA,-0.562,51.4448,Thames,THAMES - WEST THAMES,Multiple Values,OPEN,FRESHWATER - RIVERS,2022-03-28T10:34:00,MONITORING  (NATIONAL AGENCY POLICY),RIVER / RUNNING SURFACE WATER,3878,Nickel : BLM Bioavailable,0.88,MICROGRAM PER LITRE
https://environment.data.gov.uk/water-quality/sampling-point/TH-RSN0018/sample/1376557/observation/4064,TH-RSN0018,RSN0018 RIVER THAMES AT MAGNA CARTA,-0.562,51.4448,Thames,THAMES - WEST THAMES,Multiple Values,OPEN,FRESHWATER - RIVERS,2022-03-28T10:34:00,MONITORING  (NATIONAL AGENCY POLICY),RIVER / RUNNING SURFACE WATER,4064,Fluroxypyr,<0.005,MICROGRAM PER LITRE
https://environment.data.gov.uk/water-quality/sampling-point/TH-RSN0018/sample/1376557/observation/4065,TH-RSN0018,RSN0018 RIVER THAMES AT MAGNA CARTA,-0.562,51.4448,Thames,THAMES - WEST THAMES,Multiple Values,OPEN,FRESHWATER - RIVERS,2022-03-28T10:34:00,MONITORING  (NATIONAL AGENCY POLICY),RIVER / RUNNING SURFACE WATER,4065,Bentazone,0.0034,MICROGRAM PER LITRE
https://environment.data.gov.uk/water-quality/sampling-point/TH-RSN0018/sample/1376557/observation/4201,TH-RSN0018,RSN0018 RIVER THAMES AT MAGNA CARTA,-0.562,51.4448,Thames,THAMES - WEST THAMES,Multiple Values,OPEN,FRESHWATER - RIVERS,2022-03-28T10:34:00,MONITORING  (NATIONAL AGENCY POLICY),RIVER / RUNNING SURFACE WATER,4201,"Lithium, Dissolved",<100,MICROGRAM PER LITRE
https://environment.data.gov.uk/water-quality/sampling-point/TH-RSN0018/sample/1376557/observation/4820,TH-RSN0018,RSN0018 RIVER THAMES AT MAGNA CARTA,-0.562,51.4448,Thames,THAMES - WEST THAMES,Multiple Values,OPEN,FRESHWATER - RIVERS,2022-03-28T10:34:00,MONITORING  (NATIONAL AGENCY POLICY),RIVER / RUNNING SURFACE WATER,4820,Manganese : BLM Bioavailable,4.1,MICROGRAM PER LITRE
https://environment.data.gov.uk/water-quality/sampling-point/TH-RSN0018/sample/1376557/observation/4821,TH-RSN0018,RSN0018 RIVER THAMES AT MAGNA CARTA,-0.562,51.4448,Thames,THAMES - WEST THAMES,Multiple Values,OPEN,FRESHWATER - RIVERS,2022-03-28T10:34:00,MONITORING  (NATIONAL AGENCY POLICY),RIVER / RUNNING SURFACE WATER,4821,Copper : BLM Bioavailable,0.22,MICROGRAM PER LITRE
https://environment.data.gov.uk/water-quality/sampling-point/TH-RSN0018/sample/1376557/observation/4822,TH-RSN0018,RSN0018 RIVER THAMES AT MAGNA CARTA,-0.562,51.4448,Thames,THAMES - WEST THAMES,Multiple Values,OPEN,FRESHWATER - RIVERS,2022-03-28T10:34:00,MONITORING  (NATIONAL AGENCY POLICY),RIVER / RUNNING SURFACE WATER,4822,Zinc : BLM Bioavailable,1.8,MICROGRAM PER LITRE
https://environment.data.gov.uk/water-quality/sampling-point/TH-RSN0018/sample/1376557/observation/4994,TH-RSN0018,RSN0018 RIVER THAMES AT MAGNA CARTA,-0.562,51.4448,Thames,THAMES - WEST THAMES,Multiple Values,OPEN,FRESHWATER - RIVERS,2022-03-28T10:34:00,MONITORING  (NATIONAL AGENCY POLICY),RIVER / RUNNING SURFACE WATER,4994,GCMS Screen : Target Based multi-residue screening : Semi Quantitative,1,Text Result
https://environment.data.gov.uk/water-quality/sampling-point/TH-RSN0018/sample/1376557/observation/5042,TH-RSN0018,RSN0018 RIVER THAMES AT MAGNA CARTA,-0.562,51.4448,Thames,THAMES - WEST THAMES,Multiple Values,OPEN,FRESHWATER - RIVERS,2022-03-28T10:34:00,MONITORING  (NATIONAL AGENCY POLICY),RIVER / RUNNING SURFACE WATER,5042,Sulcotrione,<0.1,MICROGRAM PER LITRE
https://environment.data.gov.uk/water-quality/sampling-point/TH-RSN0018/sample/1376557/observation/5047,TH-RSN0018,RSN0018 RIVER THAMES AT MAGNA CARTA,-0.562,51.4448,Thames,THAMES - WEST THAMES,Multiple Values,OPEN,FRESHWATER - RIVERS,2022-03-28T10:34:00,MONITORING  (NATIONAL AGENCY POLICY),RIVER / RUNNING SURFACE WATER,5047,Ethirimol,<0.05,MICROGRAM PER LITRE
https://environment.data.gov.uk/water-quality/sampling-point/TH-RSN0018/sample/1376557/observation/5050,TH-RSN0018,RSN0018 RIVER THAMES AT MAGNA CARTA,-0.562,51.4448,Thames,THAMES - WEST THAMES,Multiple Values,OPEN,FRESHWATER - RIVERS,2022-03-28T10:34:00,MONITORING  (NATIONAL AGENCY POLICY),RIVER / RUNNING SURFACE WATER,5050,Azoxystrobin,<0.02,MICROGRAM PER LITRE
https://environment.data.gov.uk/water-quality/sampling-point/TH-RSN0018/sample/1376557/observation/5446,TH-RSN0018,RSN0018 RIVER THAMES AT MAGNA CARTA,-0.562,51.4448,Thames,THAMES - WEST THAMES,Multiple Values,OPEN,FRESHWATER - RIVERS,2022-03-28T10:34:00,MONITORING  (NATIONAL AGENCY POLICY),RIVER / RUNNING SURFACE WATER,5446,Cypermethrin Identification,1,Text Result
https://environment.data.gov.uk/water-quality/sampling-point/TH-RSN0018/sample/1376557/observation/5732,TH-RSN0018,RSN0018 RIVER THAMES AT MAGNA CARTA,-0.562,51.4448,Thames,THAMES - WEST THAMES,Multiple Values,OPEN,FRESHWATER - RIVERS,2022-03-28T10:34:00,MONITORING  (NATIONAL AGENCY POLICY),RIVER / RUNNING SURFACE WATER,5732,Triphenyl Tin as Cation,<0.0002,MICROGRAM PER LITRE
https://environment.data.gov.uk/water-quality/sampling-point/TH-RSN0018/sample/1376557/observation/5889,TH-RSN0018,RSN0018 RIVER THAMES AT MAGNA CARTA,-0.562,51.4448,Thames,THAMES - WEST THAMES,Multiple Values,OPEN,FRESHWATER - RIVERS,2022-03-28T10:34:00,MONITORING  (NATIONAL AGENCY POLICY),RIVER / RUNNING SURFACE WATER,5889,Triclosan,<0.01,MICROGRAM PER LITRE
https://environment.data.gov.uk/water-quality/sampling-point/TH-RSN0018/sample/1376557/observation/6037,TH-RSN0018,RSN0018 RIVER THAMES AT MAGNA CARTA,-0.562,51.4448,Thames,THAMES - WEST THAMES,Multiple Values,OPEN,FRESHWATER - RIVERS,2022-03-28T10:34:00,MONITORING  (NATIONAL AGENCY POLICY),RIVER / RUNNING SURFACE WATER,6037,"Aluminium, Dissolved",<10,MICROGRAM PER LITRE
https://environment.data.gov.uk/water-quality/sampling-point/TH-RSN0018/sample/1376557/observation/6399,TH-RSN0018,RSN0018 RIVER THAMES AT MAGNA CARTA,-0.562,51.4448,Thames,THAMES - WEST THAMES,Multiple Values,OPEN,FRESHWATER - RIVERS,2022-03-28T10:34:00,MONITORING  (NATIONAL AGENCY POLICY),RIVER / RUNNING SURFACE WATER,6399,Benzo(a)Pyrene,<0.01,MICROGRAM PER LITRE
https://environment.data.gov.uk/water-quality/sampling-point/TH-RSN0018/sample/1376557/observation/6449,TH-RSN0018,RSN0018 RIVER THAMES AT MAGNA CARTA,-0.562,51.4448,Thames,THAMES - WEST THAMES,Multiple Values,OPEN,FRESHWATER - RIVERS,2022-03-28T10:34:00,MONITORING  (NATIONAL AGENCY POLICY),RIVER / RUNNING SURFACE WATER,6449,Bromoxynil,<0.005,MICROGRAM PER LITRE
https://environment.data.gov.uk/water-quality/sampling-point/TH-RSN0018/sample/1376557/observation/6450,TH-RSN0018,RSN0018 RIVER THAMES AT MAGNA CARTA,-0.562,51.4448,Thames,THAMES - WEST THAMES,Multiple Values,OPEN,FRESHWATER - RIVERS,2022-03-28T10:34:00,MONITORING  (NATIONAL AGENCY POLICY),RIVER / RUNNING SURFACE WATER,6450,"Copper, Dissolved",1.8,MICROGRAM PER LITRE
https://environment.data.gov.uk/water-quality/sampling-point/TH-RSN0018/sample/1376557/observation/6458,TH-RSN0018,RSN0018 RIVER THAMES AT MAGNA CARTA,-0.562,51.4448,Thames,THAMES - WEST THAMES,Multiple Values,OPEN,FRESHWATER - RIVERS,2022-03-28T10:34:00,MONITORING  (NATIONAL AGENCY POLICY),RIVER / RUNNING SURFACE WATER,6458,"Manganese, Dissolved",<10,MICROGRAM PER LITRE
https://environment.data.gov.uk/water-quality/sampling-point/TH-RSN0018/sample/1376557/observation/6460,TH-RSN0018,RSN0018 RIVER THAMES AT MAGNA CARTA,-0.562,51.4448,Thames,THAMES - WEST THAMES,Multiple Values,OPEN,FRESHWATER - RIVERS,2022-03-28T10:34:00,MONITORING  (NATIONAL AGENCY POLICY),RIVER / RUNNING SURFACE WATER,6460,"Iron, Dissolved",<30,MICROGRAM PER LITRE
https://environment.data.gov.uk/water-quality/sampling-point/TH-RSN0018/sample/1376557/observation/6620,TH-RSN0018,RSN0018 RIVER THAMES AT MAGNA CARTA,-0.562,51.4448,Thames,THAMES - WEST THAMES,Multiple Values,OPEN,FRESHWATER - RIVERS,2022-03-28T10:34:00,MONITORING  (NATIONAL AGENCY POLICY),RIVER / RUNNING SURFACE WATER,6620,Clopyralid,<0.005,MICROGRAM PER LITRE
https://environment.data.gov.uk/water-quality/sampling-point/TH-RSN0018/sample/1376557/observation/6671,TH-RSN0018,RSN0018 RIVER THAMES AT MAGNA CARTA,-0.562,51.4448,Thames,THAMES - WEST THAMES,Multiple Values,OPEN,FRESHWATER - RIVERS,2022-03-28T10:34:00,MONITORING  (NATIONAL AGENCY POLICY),RIVER / RUNNING SURFACE WATER,6671,Phenoxyacetic acid :- {PAA},0.025,MICROGRAM PER LITRE
https://environment.data.gov.uk/water-quality/sampling-point/TH-RSN0018/sample/1376557/observation/6672,TH-RSN0018,RSN0018 RIVER THAMES AT MAGNA CARTA,-0.562,51.4448,Thames,THAMES - WEST THAMES,Multiple Values,OPEN,FRESHWATER - RIVERS,2022-03-28T10:34:00,MONITORING  (NATIONAL AGENCY POLICY),RIVER / RUNNING SURFACE WATER,6672,4-Phenoxybutyric acid :- {PBA},<0.005,MICROGRAM PER LITRE
https://environment.data.gov.uk/water-quality/sampling-point/TH-RSN0018/sample/1376557/observation/6673,TH-RSN0018,RSN0018 RIVER THAMES AT MAGNA CARTA,-0.562,51.4448,Thames,THAMES - WEST THAMES,Multiple Values,OPEN,FRESHWATER - RIVERS,2022-03-28T10:34:00,MONITORING  (NATIONAL AGENCY POLICY),RIVER / RUNNING SURFACE WATER,6673,2-Phenoxypropionic acid :- {PPA},<0.005,MICROGRAM PER LITRE
https://environment.data.gov.uk/water-quality/sampling-point/TH-RSN0018/sample/1376557/observation/6693,TH-RSN0018,RSN0018 RIVER THAMES AT MAGNA CARTA,-0.562,51.4448,Thames,THAMES - WEST THAMES,Multiple Values,OPEN,FRESHWATER - RIVERS,2022-03-28T10:34:00,MONITORING  (NATIONAL AGENCY POLICY),RIVER / RUNNING SURFACE WATER,6693,"Strontium, Filtered",350,MICROGRAM PER LITRE
https://environment.data.gov.uk/water-quality/sampling-point/TH-RSN0018/sample/1376557/observation/6724,TH-RSN0018,RSN0018 RIVER THAMES AT MAGNA CARTA,-0.562,51.4448,Thames,THAMES - WEST THAMES,Multiple Values,OPEN,FRESHWATER - RIVERS,2022-03-28T10:34:00,MONITORING  (NATIONAL AGENCY POLICY),RIVER / RUNNING SURFACE WATER,6724,Di(2-ethylhexyl) phthalate :- {DEHP},<0.2,MICROGRAM PER LITRE
https://environment.data.gov.uk/water-quality/sampling-point/TH-RSN0018/sample/1376557/observation/6760,TH-RSN0018,RSN0018 RIVER THAMES AT MAGNA CARTA,-0.562,51.4448,Thames,THAMES - WEST THAMES,Multiple Values,OPEN,FRESHWATER - RIVERS,2022-03-28T10:34:00,MONITORING  (NATIONAL AGENCY POLICY),RIVER / RUNNING SURFACE WATER,6760,Chloridazon,<0.01,MICROGRAM PER LITRE
https://environment.data.gov.uk/water-quality/sampling-point/TH-RSN0018/sample/1376557/observation/6955,TH-RSN0018,RSN0018 RIVER THAMES AT MAGNA CARTA,-0.562,51.4448,Thames,THAMES - WEST THAMES,Multiple Values,OPEN,FRESHWATER - RIVERS,2022-03-28T10:34:00,MONITORING  (NATIONAL AGENCY POLICY),RIVER / RUNNING SURFACE WATER,6955,Ethiofencarb,<0.005,MICROGRAM PER LITRE
https://environment.data.gov.uk/water-quality/sampling-point/TH-RSN0018/sample/1376557/observation/6971,TH-RSN0018,RSN0018 RIVER THAMES AT MAGNA CARTA,-0.562,51.4448,Thames,THAMES - WEST THAMES,Multiple Values,OPEN,FRESHWATER - RIVERS,2022-03-28T10:34:00,MONITORING  (NATIONAL AGENCY POLICY),RIVER / RUNNING SURFACE WATER,6971,Methiocarb,<0.001,MICROGRAM PER LITRE
https://environment.data.gov.uk/water-quality/sampling-point/TH-RSN0018/sample/1376557/observation/6972,TH-RSN0018,RSN0018 RIVER THAMES AT MAGNA CARTA,-0.562,51.4448,Thames,THAMES - WEST THAMES,Multiple Values,OPEN,FRESHWATER - RIVERS,2022-03-28T10:34:00,MONITORING  (NATIONAL AGENCY POLICY),RIVER / RUNNING SURFACE WATER,6972,Methomyl,<0.005,MICROGRAM PER LITRE
https://environment.data.gov.uk/water-quality/sampling-point/TH-RSN0018/sample/1376557/observation/6980,TH-RSN0018,RSN0018 RIVER THAMES AT MAGNA CARTA,-0.562,51.4448,Thames,THAMES - WEST THAMES,Multiple Values,OPEN,FRESHWATER - RIVERS,2022-03-28T10:34:00,MONITORING  (NATIONAL AGENCY POLICY),RIVER / RUNNING SURFACE WATER,6980,Oxamyl,<0.005,MICROGRAM PER LITRE
https://environment.data.gov.uk/water-quality/sampling-point/TH-RSN0018/sample/1376557/observation/6987,TH-RSN0018,RSN0018 RIVER THAMES AT MAGNA CARTA,-0.562,51.4448,Thames,THAMES - WEST THAMES,Multiple Values,OPEN,FRESHWATER - RIVERS,2022-03-28T10:34:00,MONITORING  (NATIONAL AGENCY POLICY),RIVER / RUNNING SURFACE WATER,6987,Propoxur,<0.005,MICROGRAM PER LITRE
https://environment.data.gov.uk/water-quality/sampling-point/TH-RSN0018/sample/1376557/observation/7025,TH-RSN0018,RSN0018 RIVER THAMES AT MAGNA CARTA,-0.562,51.4448,Thames,THAMES - WEST THAMES,Multiple Values,OPEN,FRESHWATER - RIVERS,2022-03-28T10:34:00,MONITORING  (NATIONAL AGENCY POLICY),RIVER / RUNNING SURFACE WATER,7025,Imazapyr,<0.005,MICROGRAM PER LITRE
https://environment.data.gov.uk/water-quality/sampling-point/TH-RSN0018/sample/1376557/observation/7053,TH-RSN0018,RSN0018 RIVER THAMES AT MAGNA CARTA,-0.562,51.4448,Thames,THAMES - WEST THAMES,Multiple Values,OPEN,FRESHWATER - RIVERS,2022-03-28T10:34:00,MONITORING  (NATIONAL AGENCY POLICY),RIVER / RUNNING SURFACE WATER,7053,Methabenzthiazuron,<0.01,MICROGRAM PER LITRE
https://environment.data.gov.uk/water-quality/sampling-point/TH-RSN0018/sample/1376557/observation/7125,TH-RSN0018,RSN0018 RIVER THAMES AT MAGNA CARTA,-0.562,51.4448,Thames,THAMES - WEST THAMES,Multiple Values,OPEN,FRESHWATER - RIVERS,2022-03-28T10:34:00,MONITORING  (NATIONAL AGENCY POLICY),RIVER / RUNNING SURFACE WATER,7125,Aminomethylphosphonic acid,0.24,MICROGRAM PER LITRE
https://environment.data.gov.uk/water-quality/sampling-point/TH-RSN0018/sample/1376557/observation/7726,TH-RSN0018,RSN0018 RIVER THAMES AT MAGNA CARTA,-0.562,51.4448,Thames,THAMES - WEST THAMES,Multiple Values,OPEN,FRESHWATER - RIVERS,2022-03-28T10:34:00,MONITORING  (NATIONAL AGENCY POLICY),RIVER / RUNNING SURFACE WATER,7726,"2,3,6-TBA :- {2,3,6-Trichlorobenzoic acid}",<0.02,MICROGRAM PER LITRE
https://environment.data.gov.uk/water-quality/sampling-point/TH-RSN0018/sample/1376557/observation/7859,TH-RSN0018,RSN0018 RIVER THAMES AT MAGNA CARTA,-0.562,51.4448,Thames,THAMES - WEST THAMES,Multiple Values,OPEN,FRESHWATER - RIVERS,2022-03-28T10:34:00,MONITORING  (NATIONAL AGENCY POLICY),RIVER / RUNNING SURFACE WATER,7859,"Sulphate, Dissolved as SO4",48,MILLIGRAM PER LITRE
https://environment.data.gov.uk/water-quality/sampling-point/TH-RSN0018/sample/1376557/observation/8806,TH-RSN0018,RSN0018 RIVER THAMES AT MAGNA CARTA,-0.562,51.4448,Thames,THAMES - WEST THAMES,Multiple Values,OPEN,FRESHWATER - RIVERS,2022-03-28T10:34:00,MONITORING  (NATIONAL AGENCY POLICY),RIVER / RUNNING SURFACE WATER,8806,Aldicarb sulfoxide,<0.005,MICROGRAM PER LITRE
https://environment.data.gov.uk/water-quality/sampling-point/TH-RSN0018/sample/1376557/observation/8807,TH-RSN0018,RSN0018 RIVER THAMES AT MAGNA CARTA,-0.562,51.4448,Thames,THAMES - WEST THAMES,Multiple Values,OPEN,FRESHWATER - RIVERS,2022-03-28T10:34:00,MONITORING  (NATIONAL AGENCY POLICY),RIVER / RUNNING SURFACE WATER,8807,Aldoxycarb :- {Aldicarb Sulfone},<0.005,MICROGRAM PER LITRE
https://environment.data.gov.uk/water-quality/sampling-point/TH-RSN0018/sample/1376557/observation/8944,TH-RSN0018,RSN0018 RIVER THAMES AT MAGNA CARTA,-0.562,51.4448,Thames,THAMES - WEST THAMES,Multiple Values,OPEN,FRESHWATER - RIVERS,2022-03-28T10:34:00,MONITORING  (NATIONAL AGENCY POLICY),RIVER / RUNNING SURFACE WATER,8944,Tributyl Tin as Cation,<0.0002,MICROGRAM PER LITRE
https://environment.data.gov.uk/water-quality/sampling-point/TH-RSN0018/sample/1376557/observation/9068,TH-RSN0018,RSN0018 RIVER THAMES AT MAGNA CARTA,-0.562,51.4448,Thames,THAMES - WEST THAMES,Multiple Values,OPEN,FRESHWATER - RIVERS,2022-03-28T10:34:00,MONITORING  (NATIONAL AGENCY POLICY),RIVER / RUNNING SURFACE WATER,9068,Ioxynil,<0.005,MICROGRAM PER LITRE
https://environment.data.gov.uk/water-quality/sampling-point/TH-RSN0018/sample/1376557/observation/9190,TH-RSN0018,RSN0018 RIVER THAMES AT MAGNA CARTA,-0.562,51.4448,Thames,THAMES - WEST THAMES,Multiple Values,OPEN,FRESHWATER - RIVERS,2022-03-28T10:34:00,MONITORING  (NATIONAL AGENCY POLICY),RIVER / RUNNING SURFACE WATER,9190,4-Nonylphenol Branched,<0.04,MICROGRAM PER LITRE
https://environment.data.gov.uk/water-quality/sampling-point/TH-RSN0018/sample/1376557/observation/9267,TH-RSN0018,RSN0018 RIVER THAMES AT MAGNA CARTA,-0.562,51.4448,Thames,THAMES - WEST THAMES,Multiple Values,OPEN,FRESHWATER - RIVERS,2022-03-28T10:34:00,MONITORING  (NATIONAL AGENCY POLICY),RIVER / RUNNING SURFACE WATER,9267,4-tert-Octylphenol :- {p-tert-Octylphenol},<0.01,MICROGRAM PER LITRE
https://environment.data.gov.uk/water-quality/sampling-point/TH-RSN0018/sample/1376557/observation/9274,TH-RSN0018,RSN0018 RIVER THAMES AT MAGNA CARTA,-0.562,51.4448,Thames,THAMES - WEST THAMES,Multiple Values,OPEN,FRESHWATER - RIVERS,2022-03-28T10:34:00,MONITORING  (NATIONAL AGENCY POLICY),RIVER / RUNNING SURFACE WATER,9274,Perfluorooctanoate anion,0.0018,MICROGRAM PER LITRE
https://environment.data.gov.uk/water-quality/sampling-point/TH-RSN0018/sample/1376557/observation/9276,TH-RSN0018,RSN0018 RIVER THAMES AT MAGNA CARTA,-0.562,51.4448,Thames,THAMES - WEST THAMES,Multiple Values,OPEN,FRESHWATER - RIVERS,2022-03-28T10:34:00,MONITORING  (NATIONAL AGENCY POLICY),RIVER / RUNNING SURFACE WATER,9276,Perfluorooctylsulphonate anion,0.0042,MICROGRAM PER LITRE
https://environment.data.gov.uk/water-quality/sampling-point/TH-RSN0018/sample/1376557/observation/9339,TH-RSN0018,RSN0018 RIVER THAMES AT MAGNA CARTA,-0.562,51.4448,Thames,THAMES - WEST THAMES,Multiple Values,OPEN,FRESHWATER - RIVERS,2022-03-28T10:34:00,MONITORING  (NATIONAL AGENCY POLICY),RIVER / RUNNING SURFACE WATER,9339,Fenuron,<0.01,MICROGRAM PER LITRE
https://environment.data.gov.uk/water-quality/sampling-point/TH-RSN0018/sample/1376557/observation/9341,TH-RSN0018,RSN0018 RIVER THAMES AT MAGNA CARTA,-0.562,51.4448,Thames,THAMES - WEST THAMES,Multiple Values,OPEN,FRESHWATER - RIVERS,2022-03-28T10:34:00,MONITORING  (NATIONAL AGENCY POLICY),RIVER / RUNNING SURFACE WATER,9341,cis-Permethrin,<0.0001,MICROGRAM PER LITRE
https://environment.data.gov.uk/water-quality/sampling-point/TH-RSN0018/sample/1376557/observation/9342,TH-RSN0018,RSN0018 RIVER THAMES AT MAGNA CARTA,-0.562,51.4448,Thames,THAMES - WEST THAMES,Multiple Values,OPEN,FRESHWATER - RIVERS,2022-03-28T10:34:00,MONITORING  (NATIONAL AGENCY POLICY),RIVER / RUNNING SURFACE WATER,9342,trans-Permethrin,<0.0001,MICROGRAM PER LITRE
https://environment.data.gov.uk/water-quality/sampling-point/TH-RSN0018/sample/1376557/observation/9343,TH-RSN0018,RSN0018 RIVER THAMES AT MAGNA CARTA,-0.562,51.4448,Thames,THAMES - WEST THAMES,Multiple Values,OPEN,FRESHWATER - RIVERS,2022-03-28T10:34:00,MONITORING  (NATIONAL AGENCY POLICY),RIVER / RUNNING SURFACE WATER,9343,Carbaryl,<0.01,MICROGRAM PER LITRE
https://environment.data.gov.uk/water-quality/sampling-point/TH-RSN0018/sample/1376557/observation/9344,TH-RSN0018,RSN0018 RIVER THAMES AT MAGNA CARTA,-0.562,51.4448,Thames,THAMES - WEST THAMES,Multiple Values,OPEN,FRESHWATER - RIVERS,2022-03-28T10:34:00,MONITORING  (NATIONAL AGENCY POLICY),RIVER / RUNNING SURFACE WATER,9344,Aldicarb,<0.005,MICROGRAM PER LITRE
https://environment.data.gov.uk/water-quality/sampling-point/TH-RSN0018/sample/1376557/observation/9345,TH-RSN0018,RSN0018 RIVER THAMES AT MAGNA CARTA,-0.562,51.4448,Thames,THAMES - WEST THAMES,Multiple Values,OPEN,FRESHWATER - RIVERS,2022-03-28T10:34:00,MONITORING  (NATIONAL AGENCY POLICY),RIVER / RUNNING SURFACE WATER,9345,Diflurobenzuron,<0.01,MICROGRAM PER LITRE
https://environment.data.gov.uk/water-quality/sampling-point/TH-RSN0018/sample/1376557/observation/9348,TH-RSN0018,RSN0018 RIVER THAMES AT MAGNA CARTA,-0.562,51.4448,Thames,THAMES - WEST THAMES,Multiple Values,OPEN,FRESHWATER - RIVERS,2022-03-28T10:34:00,MONITORING  (NATIONAL AGENCY POLICY),RIVER / RUNNING SURFACE WATER,9348,Chlorotoluron,<0.01,MICROGRAM PER LITRE
https://environment.data.gov.uk/water-quality/sampling-point/TH-RSN0018/sample/1376557/observation/9446,TH-RSN0018,RSN0018 RIVER THAMES AT MAGNA CARTA,-0.562,51.4448,Thames,THAMES - WEST THAMES,Multiple Values,OPEN,FRESHWATER - RIVERS,2022-03-28T10:34:00,MONITORING  (NATIONAL AGENCY POLICY),RIVER / RUNNING SURFACE WATER,9446,"Barium, Dissolved",18,MICROGRAM PER LITRE
https://environment.data.gov.uk/water-quality/sampling-point/TH-RSN0018/sample/1376557/observation/9447,TH-RSN0018,RSN0018 RIVER THAMES AT MAGNA CARTA,-0.562,51.4448,Thames,THAMES - WEST THAMES,Multiple Values,OPEN,FRESHWATER - RIVERS,2022-03-28T10:34:00,MONITORING  (NATIONAL AGENCY POLICY),RIVER / RUNNING SURFACE WATER,9447,"Boron, Dissolved",<100,MICROGRAM PER LITRE
https://environment.data.gov.uk/water-quality/sampling-point/TH-RSN0018/sample/1376557/observation/9686,TH-RSN0018,RSN0018 RIVER THAMES AT MAGNA CARTA,-0.562,51.4448,Thames,THAMES - WEST THAMES,Multiple Values,OPEN,FRESHWATER - RIVERS,2022-03-28T10:34:00,MONITORING  (NATIONAL AGENCY POLICY),RIVER / RUNNING SURFACE WATER,9686,"Nitrogen, Total as N",7.6,MILLIGRAM PER LITRE
https://environment.data.gov.uk/water-quality/sampling-point/TH-RSN0018/sample/1376557/observation/9756,TH-RSN0018,RSN0018 RIVER THAMES AT MAGNA CARTA,-0.562,51.4448,Thames,THAMES - WEST THAMES,Multiple Values,OPEN,FRESHWATER - RIVERS,2022-03-28T10:34:00,MONITORING  (NATIONAL AGENCY POLICY),RIVER / RUNNING SURFACE WATER,9756,Neburon,<0.01,MICROGRAM PER LITRE
https://environment.data.gov.uk/water-quality/sampling-point/TH-RSN0018/sample/1376557/observation/9861,TH-RSN0018,RSN0018 RIVER THAMES AT MAGNA CARTA,-0.562,51.4448,Thames,THAMES - WEST THAMES,Multiple Values,OPEN,FRESHWATER - RIVERS,2022-03-28T10:34:00,MONITORING  (NATIONAL AGENCY POLICY),RIVER / RUNNING SURFACE WATER,9861,Metsulfuron-methyl,<0.01,MICROGRAM PER LITRE
https://environment.data.gov.uk/water-quality/sampling-point/TH-RSN0018/sample/1376557/observation/9883,TH-RSN0018,RSN0018 RIVER THAMES AT MAGNA CARTA,-0.562,51.4448,Thames,THAMES - WEST THAMES,Multiple Values,OPEN,FRESHWATER - RIVERS,2022-03-28T10:34:00,MONITORING  (NATIONAL AGENCY POLICY),RIVER / RUNNING SURFACE WATER,9883,Picloram,<0.005,MICROGRAM PER LITRE
https://environment.data.gov.uk/water-quality/sampling-point/TH-RSN0018/sample/1376557/observation/9889,TH-RSN0018,RSN0018 RIVER THAMES AT MAGNA CARTA,-0.562,51.4448,Thames,THAMES - WEST THAMES,Multiple Values,OPEN,FRESHWATER - RIVERS,2022-03-28T10:34:00,MONITORING  (NATIONAL AGENCY POLICY),RIVER / RUNNING SURFACE WATER,9889,Oestrone :- {E1},0.59,NANOGRAM PER LITRE
https://environment.data.gov.uk/water-quality/sampling-point/TH-RSN0018/sample/1376557/observation/9898,TH-RSN0018,RSN0018 RIVER THAMES AT MAGNA CARTA,-0.562,51.4448,Thames,THAMES - WEST THAMES,Multiple Values,OPEN,FRESHWATER - RIVERS,2022-03-28T10:34:00,MONITORING  (NATIONAL AGENCY POLICY),RIVER / RUNNING SURFACE WATER,9898,17beta oestradiol :- {E2},0.072,NANOGRAM PER LITRE
https://environment.data.gov.uk/water-quality/sampling-point/TH-RSN0018/sample/1376557/observation/9899,TH-RSN0018,RSN0018 RIVER THAMES AT MAGNA CARTA,-0.562,51.4448,Thames,THAMES - WEST THAMES,Multiple Values,OPEN,FRESHWATER - RIVERS,2022-03-28T10:34:00,MONITORING  (NATIONAL AGENCY POLICY),RIVER / RUNNING SURFACE WATER,9899,17alpha ethynyloestradiol :- {EE2},0.14,NANOGRAM PER LITRE
https://environment.data.gov.uk/water-quality/sampling-point/TH-RSN0018/sample/1376557/observation/9901,TH-RSN0018,RSN0018 RIVER THAMES AT MAGNA CARTA,-0.562,51.4448,Thames,THAMES - WEST THAMES,Multiple Values,OPEN,FRESHWATER - RIVERS,2022-03-28T10:34:00,MONITORING  (NATIONAL AGENCY POLICY),RIVER / RUNNING SURFACE WATER,9901,"Oxygen, Dissolved, % Saturation",102,PERCENTAGE
https://environment.data.gov.uk/water-quality/sampling-point/TH-RSN0018/sample/1376557/observation/9924,TH-RSN0018,RSN0018 RIVER THAMES AT MAGNA CARTA,-0.562,51.4448,Thames,THAMES - WEST THAMES,Multiple Values,OPEN,FRESHWATER - RIVERS,2022-03-28T10:34:00,MONITORING  (NATIONAL AGENCY POLICY),RIVER / RUNNING SURFACE WATER,9924,"Oxygen, Dissolved as O2",11.4,MILLIGRAM PER LITRE
https://environment.data.gov.uk/water-quality/sampling-point/TH-RSN0018/sample/1376852/observation/0052,TH-RSN0018,RSN0018 RIVER THAMES AT MAGNA CARTA,-0.562,51.4448,Thames,THAMES - WEST THAMES,Multiple Values,OPEN,FRESHWATER - RIVERS,2022-04-13T11:50:00,MONITORING  (NATIONAL AGENCY POLICY),RIVER / RUNNING SURFACE WATER,0052,"Lead, Dissolved",<0.1,MICROGRAM PER LITRE
https://environment.data.gov.uk/water-quality/sampling-point/TH-RSN0018/sample/1376852/observation/0061,TH-RSN0018,RSN0018 RIVER THAMES AT MAGNA CARTA,-0.562,51.4448,Thames,THAMES - WEST THAMES,Multiple Values,OPEN,FRESHWATER - RIVERS,2022-04-13T11:50:00,MONITORING  (NATIONAL AGENCY POLICY),RIVER / RUNNING SURFACE WATER,0061,pH,8.3,PH UNITS
https://environment.data.gov.uk/water-quality/sampling-point/TH-RSN0018/sample/1376852/observation/0073,TH-RSN0018,RSN0018 RIVER THAMES AT MAGNA CARTA,-0.562,51.4448,Thames,THAMES - WEST THAMES,Multiple Values,OPEN,FRESHWATER - RIVERS,2022-04-13T11:50:00,MONITORING  (NATIONAL AGENCY POLICY),RIVER / RUNNING SURFACE WATER,0073,Cypermethrin,<0.00001,MICROGRAM PER LITRE
https://environment.data.gov.uk/water-quality/sampling-point/TH-RSN0018/sample/1376852/observation/0076,TH-RSN0018,RSN0018 RIVER THAMES AT MAGNA CARTA,-0.562,51.4448,Thames,THAMES - WEST THAMES,Multiple Values,OPEN,FRESHWATER - RIVERS,2022-04-13T11:50:00,MONITORING  (NATIONAL AGENCY POLICY),RIVER / RUNNING SURFACE WATER,0076,Temperature of Water,11.8,CELSIUS
https://environment.data.gov.uk/water-quality/sampling-point/TH-RSN0018/sample/1376852/observation/0077,TH-RSN0018,RSN0018 RIVER THAMES AT MAGNA CARTA,-0.562,51.4448,Thames,THAMES - WEST THAMES,Multiple Values,OPEN,FRESHWATER - RIVERS,2022-04-13T11:50:00,MONITORING  (NATIONAL AGENCY POLICY),RIVER / RUNNING SURFACE WATER,0077,Conductivity at 25 C,678,MICROSIEMENS PER CENTIMETRE
https://environment.data.gov.uk/water-quality/sampling-point/TH-RSN0018/sample/1376852/observation/0106,TH-RSN0018,RSN0018 RIVER THAMES AT MAGNA CARTA,-0.562,51.4448,Thames,THAMES - WEST THAMES,Multiple Values,OPEN,FRESHWATER - RIVERS,2022-04-13T11:50:00,MONITORING  (NATIONAL AGENCY POLICY),RIVER / RUNNING SURFACE WATER,0106,"Cadmium, Dissolved",<0.01,MICROGRAM PER LITRE
https://environment.data.gov.uk/water-quality/sampling-point/TH-RSN0018/sample/1376852/observation/0111,TH-RSN0018,RSN0018 RIVER THAMES AT MAGNA CARTA,-0.562,51.4448,Thames,THAMES - WEST THAMES,Multiple Values,OPEN,FRESHWATER - RIVERS,2022-04-13T11:50:00,MONITORING  (NATIONAL AGENCY POLICY),RIVER / RUNNING SURFACE WATER,0111,Ammoniacal Nitrogen as N,<0.03,MILLIGRAM PER LITRE
https://environment.data.gov.uk/water-quality/sampling-point/TH-RSN0018/sample/1376852/observation/0116,TH-RSN0018,RSN0018 RIVER THAMES AT MAGNA CARTA,-0.562,51.4448,Thames,THAMES - WEST THAMES,Multiple Values,OPEN,FRESHWATER - RIVERS,2022-04-13T11:50:00,MONITORING  (NATIONAL AGENCY POLICY),RIVER / RUNNING SURFACE WATER,0116,"Nitrogen, Total Oxidised as N",7.4,MILLIGRAM PER LITRE
https://environment.data.gov.uk/water-quality/sampling-point/TH-RSN0018/sample/1376852/observation/0117,TH-RSN0018,RSN0018 RIVER THAMES AT MAGNA CARTA,-0.562,51.4448,Thames,THAMES - WEST THAMES,Multiple Values,OPEN,FRESHWATER - RIVERS,2022-04-13T11:50:00,MONITORING  (NATIONAL AGENCY POLICY),RIVER / RUNNING SURFACE WATER,0117,Nitrate as N,7.38,MILLIGRAM PER LITRE
https://environment.data.gov.uk/water-quality/sampling-point/TH-RSN0018/sample/1376852/observation/0118,TH-RSN0018,RSN0018 RIVER THAMES AT MAGNA CARTA,-0.562,51.4448,Thames,THAMES - WEST THAMES,Multiple Values,OPEN,FRESHWATER - RIVERS,2022-04-13T11:50:00,MONITORING  (NATIONAL AGENCY POLICY),RIVER / RUNNING SURFACE WATER,0118,Nitrite as N,0.017,MILLIGRAM PER LITRE
https://environment.data.gov.uk/water-quality/sampling-point/TH-RSN0018/sample/1376852/observation/0119,TH-RSN0018,RSN0018 RIVER THAMES AT MAGNA CARTA,-0.562,51.4448,Thames,THAMES - WEST THAMES,Multiple Values,OPEN,FRESHWATER - RIVERS,2022-04-13T11:50:00,MONITORING  (NATIONAL AGENCY POLICY),RIVER / RUNNING SURFACE WATER,0119,Ammonia un-ionised as N,<0.00062,MILLIGRAM PER LITRE
https://environment.data.gov.uk/water-quality/sampling-point/TH-RSN0018/sample/1376852/observation/0158,TH-RSN0018,RSN0018 RIVER THAMES AT MAGNA CARTA,-0.562,51.4448,Thames,THAMES - WEST THAMES,Multiple Values,OPEN,FRESHWATER - RIVERS,2022-04-13T11:50:00,MONITORING  (NATIONAL AGENCY POLICY),RIVER / RUNNING SURFACE WATER,0158,"Hardness, Total as CaCO3",294,MILLIGRAM PER LITRE
https://environment.data.gov.uk/water-quality/sampling-point/TH-RSN0018/sample/1376852/observation/0162,TH-RSN0018,RSN0018 RIVER THAMES AT MAGNA CARTA,-0.562,51.4448,Thames,THAMES - WEST THAMES,Multiple Values,OPEN,FRESHWATER - RIVERS,2022-04-13T11:50:00,MONITORING  (NATIONAL AGENCY POLICY),RIVER / RUNNING SURFACE WATER,0162,Alkalinity to pH 4.5 as CaCO3,220,MILLIGRAM PER LITRE
https://environment.data.gov.uk/water-quality/sampling-point/TH-RSN0018/sample/1376852/observation/0163,TH-RSN0018,RSN0018 RIVER THAMES AT MAGNA CARTA,-0.562,51.4448,Thames,THAMES - WEST THAMES,Multiple Values,OPEN,FRESHWATER - RIVERS,2022-04-13T11:50:00,MONITORING  (NATIONAL AGENCY POLICY),RIVER / RUNNING SURFACE WATER,0163,"Hardness, Calcium",275,MILLIGRAM PER LITRE
https://environment.data.gov.uk/water-quality/sampling-point/TH-RSN0018/sample/1376852/observation/0172,TH-RSN0018,RSN0018 RIVER THAMES AT MAGNA CARTA,-0.562,51.4448,Thames,THAMES - WEST THAMES,Multiple Values,OPEN,FRESHWATER - RIVERS,2022-04-13T11:50:00,MONITORING  (NATIONAL AGENCY POLICY),RIVER / RUNNING SURFACE WATER,0172,Chloride,42,MILLIGRAM PER LITRE
https://environment.data.gov.uk/water-quality/sampling-point/TH-RSN0018/sample/1376852/observation/0180,TH-RSN0018,RSN0018 RIVER THAMES AT MAGNA CARTA,-0.562,51.4448,Thames,THAMES - WEST THAMES,Multiple Values,OPEN,FRESHWATER - RIVERS,2022-04-13T11:50:00,MONITORING  (NATIONAL AGENCY POLICY),RIVER / RUNNING SURFACE WATER,0180,"Orthophosphate, reactive as P",0.093,MILLIGRAM PER LITRE
https://environment.data.gov.uk/water-quality/sampling-point/TH-RSN0018/sample/1376852/observation/0182,TH-RSN0018,RSN0018 RIVER THAMES AT MAGNA CARTA,-0.562,51.4448,Thames,THAMES - WEST THAMES,Multiple Values,OPEN,FRESHWATER - RIVERS,2022-04-13T11:50:00,MONITORING  (NATIONAL AGENCY POLICY),RIVER / RUNNING SURFACE WATER,0182,"Silica, reactive as SiO2",6.5,MILLIGRAM PER LITRE
https://environment.data.gov.uk/water-quality/sampling-point/TH-RSN0018/sample/1376852/observation/0205,TH-RSN0018,RSN0018 RIVER THAMES AT MAGNA CARTA,-0.562,51.4448,Thames,THAMES - WEST THAMES,Multiple Values,OPEN,FRESHWATER - RIVERS,2022-04-13T11:50:00,MONITORING  (NATIONAL AGENCY POLICY),RIVER / RUNNING SURFACE WATER,0205,"Sodium, Dissolved",28,MILLIGRAM PER LITRE
https://environment.data.gov.uk/water-quality/sampling-point/TH-RSN0018/sample/1376852/observation/0209,TH-RSN0018,RSN0018 RIVER THAMES AT MAGNA CARTA,-0.562,51.4448,Thames,THAMES - WEST THAMES,Multiple Values,OPEN,FRESHWATER - RIVERS,2022-04-13T11:50:00,MONITORING  (NATIONAL AGENCY POLICY),RIVER / RUNNING SURFACE WATER,0209,"Potassium, Dissolved",4.9,MILLIGRAM PER LITRE
https://environment.data.gov.uk/water-quality/sampling-point/TH-RSN0018/sample/1376852/observation/0235,TH-RSN0018,RSN0018 RIVER THAMES AT MAGNA CARTA,-0.562,51.4448,Thames,THAMES - WEST THAMES,Multiple Values,OPEN,FRESHWATER - RIVERS,2022-04-13T11:50:00,MONITORING  (NATIONAL AGENCY POLICY),RIVER / RUNNING SURFACE WATER,0235,"Magnesium, Dissolved",4.6,MILLIGRAM PER LITRE
https://environment.data.gov.uk/water-quality/sampling-point/TH-RSN0018/sample/1376852/observation/0239,TH-RSN0018,RSN0018 RIVER THAMES AT MAGNA CARTA,-0.562,51.4448,Thames,THAMES - WEST THAMES,Multiple Values,OPEN,FRESHWATER - RIVERS,2022-04-13T11:50:00,MONITORING  (NATIONAL AGENCY POLICY),RIVER / RUNNING SURFACE WATER,0239,"Calcium, Dissolved",110,MILLIGRAM PER LITRE
https://environment.data.gov.uk/water-quality/sampling-point/TH-RSN0018/sample/1376852/observation/0301,TH-RSN0018,RSN0018 RIVER THAMES AT MAGNA CARTA,-0.562,51.4448,Thames,THAMES - WEST THAMES,Multiple Values,OPEN,FRESHWATER - RIVERS,2022-04-13T11:50:00,MONITORING  (NATIONAL AGENCY POLICY),RIVER / RUNNING SURFACE WATER,0301,"Carbon, Organic, Dissolved as C :- {DOC}",3.3,MILLIGRAM PER LITRE
https://environment.data.gov.uk/water-quality/sampling-point/TH-RSN0018/sample/1376852/observation/0348,TH-RSN0018,RSN0018 RIVER THAMES AT MAGNA CARTA,-0.562,51.4448,Thames,THAMES - WEST THAMES,Multiple Values,OPEN,FRESHWATER - RIVERS,2022-04-13T11:50:00,MONITORING  (NATIONAL AGENCY POLICY),RIVER / RUNNING SURFACE WATER,0348,"Phosphorus, Total as P",0.18,MILLIGRAM PER LITRE
https://environment.data.gov.uk/water-quality/sampling-point/TH-RSN0018/sample/1376852/observation/0714,TH-RSN0018,RSN0018 RIVER THAMES AT MAGNA CARTA,-0.562,51.4448,Thames,THAMES - WEST THAMES,Multiple Values,OPEN,FRESHWATER - RIVERS,2022-04-13T11:50:00,MONITORING  (NATIONAL AGENCY POLICY),RIVER / RUNNING SURFACE WATER,0714,"Benzo(g,h,i)Perylene",0.011,MICROGRAM PER LITRE
https://environment.data.gov.uk/water-quality/sampling-point/TH-RSN0018/sample/1376852/observation/0731,TH-RSN0018,RSN0018 RIVER THAMES AT MAGNA CARTA,-0.562,51.4448,Thames,THAMES - WEST THAMES,Multiple Values,OPEN,FRESHWATER - RIVERS,2022-04-13T11:50:00,MONITORING  (NATIONAL AGENCY POLICY),RIVER / RUNNING SURFACE WATER,0731,Benzo(b)Fluoranthene,0.02,MICROGRAM PER LITRE
https://environment.data.gov.uk/water-quality/sampling-point/TH-RSN0018/sample/1376852/observation/0733,TH-RSN0018,RSN0018 RIVER THAMES AT MAGNA CARTA,-0.562,51.4448,Thames,THAMES - WEST THAMES,Multiple Values,OPEN,FRESHWATER - RIVERS,2022-04-13T11:50:00,MONITORING  (NATIONAL AGENCY POLICY),RIVER / RUNNING SURFACE WATER,0733,Benzo(k)Fluoranthene,<0.01,MICROGRAM PER LITRE
https://environment.data.gov.uk/water-quality/sampling-point/TH-RSN0018/sample/1376852/observation/0736,TH-RSN0018,RSN0018 RIVER THAMES AT MAGNA CARTA,-0.562,51.4448,Thames,THAMES - WEST THAMES,Multiple Values,OPEN,FRESHWATER - RIVERS,2022-04-13T11:50:00,MONITORING  (NATIONAL AGENCY POLICY),RIVER / RUNNING SURFACE WATER,0736,Fluoranthene,0.017,MICROGRAM PER LITRE
https://environment.data.gov.uk/water-quality/sampling-point/TH-RSN0018/sample/1376852/observation/0746,TH-RSN0018,RSN0018 RIVER THAMES AT MAGNA CARTA,-0.562,51.4448,Thames,THAMES - WEST THAMES,Multiple Values,OPEN,FRESHWATER - RIVERS,2022-04-13T11:50:00,MONITORING  (NATIONAL AGENCY POLICY),RIVER / RUNNING SURFACE WATER,0746,"Indeno(1,2,3-cd)pyrene",0.012,MICROGRAM PER LITRE
https://environment.data.gov.uk/water-quality/sampling-point/TH-RSN0018/sample/1376852/observation/3004,TH-RSN0018,RSN0018 RIVER THAMES AT MAGNA CARTA,-0.562,51.4448,Thames,THAMES - WEST THAMES,Multiple Values,OPEN,FRESHWATER - RIVERS,2022-04-13T11:50:00,MONITORING  (NATIONAL AGENCY POLICY),RIVER / RUNNING SURFACE WATER,3004,Asulam,<0.02,MICROGRAM PER LITRE
https://environment.data.gov.uk/water-quality/sampling-point/TH-RSN0018/sample/1376852/observation/3007,TH-RSN0018,RSN0018 RIVER THAMES AT MAGNA CARTA,-0.562,51.4448,Thames,THAMES - WEST THAMES,Multiple Values,OPEN,FRESHWATER - RIVERS,2022-04-13T11:50:00,MONITORING  (NATIONAL AGENCY POLICY),RIVER / RUNNING SURFACE WATER,3007,Glyphosate,<0.2,MICROGRAM PER LITRE
https://environment.data.gov.uk/water-quality/sampling-point/TH-RSN0018/sample/1376852/observation/3086,TH-RSN0018,RSN0018 RIVER THAMES AT MAGNA CARTA,-0.562,51.4448,Thames,THAMES - WEST THAMES,Multiple Values,OPEN,FRESHWATER - RIVERS,2022-04-13T11:50:00,MONITORING  (NATIONAL AGENCY POLICY),RIVER / RUNNING SURFACE WATER,3086,Carbofuran,<0.005,MICROGRAM PER LITRE
https://environment.data.gov.uk/water-quality/sampling-point/TH-RSN0018/sample/1376852/observation/3117,TH-RSN0018,RSN0018 RIVER THAMES AT MAGNA CARTA,-0.562,51.4448,Thames,THAMES - WEST THAMES,Multiple Values,OPEN,FRESHWATER - RIVERS,2022-04-13T11:50:00,MONITORING  (NATIONAL AGENCY POLICY),RIVER / RUNNING SURFACE WATER,3117,Isoproturon,<0.01,MICROGRAM PER LITRE
https://environment.data.gov.uk/water-quality/sampling-point/TH-RSN0018/sample/1376852/observation/3118,TH-RSN0018,RSN0018 RIVER THAMES AT MAGNA CARTA,-0.562,51.4448,Thames,THAMES - WEST THAMES,Multiple Values,OPEN,FRESHWATER - RIVERS,2022-04-13T11:50:00,MONITORING  (NATIONAL AGENCY POLICY),RIVER / RUNNING SURFACE WATER,3118,Linuron,<0.01,MICROGRAM PER LITRE
https://environment.data.gov.uk/water-quality/sampling-point/TH-RSN0018/sample/1376852/observation/3377,TH-RSN0018,RSN0018 RIVER THAMES AT MAGNA CARTA,-0.562,51.4448,Thames,THAMES - WEST THAMES,Multiple Values,OPEN,FRESHWATER - RIVERS,2022-04-13T11:50:00,MONITORING  (NATIONAL AGENCY POLICY),RIVER / RUNNING SURFACE WATER,3377,Lead : BLM Bioavailable,0.02,MICROGRAM PER LITRE
https://environment.data.gov.uk/water-quality/sampling-point/TH-RSN0018/sample/1376852/observation/3399,TH-RSN0018,RSN0018 RIVER THAMES AT MAGNA CARTA,-0.562,51.4448,Thames,THAMES - WEST THAMES,Multiple Values,OPEN,FRESHWATER - RIVERS,2022-04-13T11:50:00,MONITORING  (NATIONAL AGENCY POLICY),RIVER / RUNNING SURFACE WATER,3399,Chloroxuron,<0.01,MICROGRAM PER LITRE
https://environment.data.gov.uk/water-quality/sampling-point/TH-RSN0018/sample/1376852/observation/3400,TH-RSN0018,RSN0018 RIVER THAMES AT MAGNA CARTA,-0.562,51.4448,Thames,THAMES - WEST THAMES,Multiple Values,OPEN,FRESHWATER - RIVERS,2022-04-13T11:50:00,MONITORING  (NATIONAL AGENCY POLICY),RIVER / RUNNING SURFACE WATER,3400,Monuron,<0.01,MICROGRAM PER LITRE
https://environment.data.gov.uk/water-quality/sampling-point/TH-RSN0018/sample/1376852/observation/3408,TH-RSN0018,RSN0018 RIVER THAMES AT MAGNA CARTA,-0.562,51.4448,Thames,THAMES - WEST THAMES,Multiple Values,OPEN,FRESHWATER - RIVERS,2022-04-13T11:50:00,MONITORING  (NATIONAL AGENCY POLICY),RIVER / RUNNING SURFACE WATER,3408,"Zinc, Dissolved",2.6,MICROGRAM PER LITRE
https://environment.data.gov.uk/water-quality/sampling-point/TH-RSN0018/sample/1376852/observation/3409,TH-RSN0018,RSN0018 RIVER THAMES AT MAGNA CARTA,-0.562,51.4448,Thames,THAMES - WEST THAMES,Multiple Values,OPEN,FRESHWATER - RIVERS,2022-04-13T11:50:00,MONITORING  (NATIONAL AGENCY POLICY),RIVER / RUNNING SURFACE WATER,3409,"Chromium, Dissolved",<0.5,MICROGRAM PER LITRE
https://environment.data.gov.uk/water-quality/sampling-point/TH-RSN0018/sample/1376852/observation/3410,TH-RSN0018,RSN0018 RIVER THAMES AT MAGNA CARTA,-0.562,51.4448,Thames,THAMES - WEST THAMES,Multiple Values,OPEN,FRESHWATER - RIVERS,2022-04-13T11:50:00,MONITORING  (NATIONAL AGENCY POLICY),RIVER / RUNNING SURFACE WATER,3410,"Nickel, Dissolved",1.5,MICROGRAM PER LITRE
https://environment.data.gov.uk/water-quality/sampling-point/TH-RSN0018/sample/1376852/observation/3475,TH-RSN0018,RSN0018 RIVER THAMES AT MAGNA CARTA,-0.562,51.4448,Thames,THAMES - WEST THAMES,Multiple Values,OPEN,FRESHWATER - RIVERS,2022-04-13T11:50:00,MONITORING  (NATIONAL AGENCY POLICY),RIVER / RUNNING SURFACE WATER,3475,Carbendazim,<0.01,MICROGRAM PER LITRE
https://environment.data.gov.uk/water-quality/sampling-point/TH-RSN0018/sample/1376852/observation/3811,TH-RSN0018,RSN0018 RIVER THAMES AT MAGNA CARTA,-0.562,51.4448,Thames,THAMES - WEST THAMES,Multiple Values,OPEN,FRESHWATER - RIVERS,2022-04-13T11:50:00,MONITORING  (NATIONAL AGENCY POLICY),RIVER / RUNNING SURFACE WATER,3811,Diuron,<0.01,MICROGRAM PER LITRE
https://environment.data.gov.uk/water-quality/sampling-point/TH-RSN0018/sample/1376852/observation/3878,TH-RSN0018,RSN0018 RIVER THAMES AT MAGNA CARTA,-0.562,51.4448,Thames,THAMES - WEST THAMES,Multiple Values,OPEN,FRESHWATER - RIVERS,2022-04-13T11:50:00,MONITORING  (NATIONAL AGENCY POLICY),RIVER / RUNNING SURFACE WATER,3878,Nickel : BLM Bioavailable,1,MICROGRAM PER LITRE
https://environment.data.gov.uk/water-quality/sampling-point/TH-RSN0018/sample/1376852/observation/4201,TH-RSN0018,RSN0018 RIVER THAMES AT MAGNA CARTA,-0.562,51.4448,Thames,THAMES - WEST THAMES,Multiple Values,OPEN,FRESHWATER - RIVERS,2022-04-13T11:50:00,MONITORING  (NATIONAL AGENCY POLICY),RIVER / RUNNING SURFACE WATER,4201,"Lithium, Dissolved",<100,MICROGRAM PER LITRE
https://environment.data.gov.uk/water-quality/sampling-point/TH-RSN0018/sample/1376852/observation/4820,TH-RSN0018,RSN0018 RIVER THAMES AT MAGNA CARTA,-0.562,51.4448,Thames,THAMES - WEST THAMES,Multiple Values,OPEN,FRESHWATER - RIVERS,2022-04-13T11:50:00,MONITORING  (NATIONAL AGENCY POLICY),RIVER / RUNNING SURFACE WATER,4820,Manganese : BLM Bioavailable,5,MICROGRAM PER LITRE
https://environment.data.gov.uk/water-quality/sampling-point/TH-RSN0018/sample/1376852/observation/4821,TH-RSN0018,RSN0018 RIVER THAMES AT MAGNA CARTA,-0.562,51.4448,Thames,THAMES - WEST THAMES,Multiple Values,OPEN,FRESHWATER - RIVERS,2022-04-13T11:50:00,MONITORING  (NATIONAL AGENCY POLICY),RIVER / RUNNING SURFACE WATER,4821,Copper : BLM Bioavailable,0.34,MICROGRAM PER LITRE
https://environment.data.gov.uk/water-quality/sampling-point/TH-RSN0018/sample/1376852/observation/4822,TH-RSN0018,RSN0018 RIVER THAMES AT MAGNA CARTA,-0.562,51.4448,Thames,THAMES - WEST THAMES,Multiple Values,OPEN,FRESHWATER - RIVERS,2022-04-13T11:50:00,MONITORING  (NATIONAL AGENCY POLICY),RIVER / RUNNING SURFACE WATER,4822,Zinc : BLM Bioavailable,1.2,MICROGRAM PER LITRE
https://environment.data.gov.uk/water-quality/sampling-point/TH-RSN0018/sample/1376852/observation/4994,TH-RSN0018,RSN0018 RIVER THAMES AT MAGNA CARTA,-0.562,51.4448,Thames,THAMES - WEST THAMES,Multiple Values,OPEN,FRESHWATER - RIVERS,2022-04-13T11:50:00,MONITORING  (NATIONAL AGENCY POLICY),RIVER / RUNNING SURFACE WATER,4994,GCMS Screen : Target Based multi-residue screening : Semi Quantitative,1,Text Result
https://environment.data.gov.uk/water-quality/sampling-point/TH-RSN0018/sample/1376852/observation/5042,TH-RSN0018,RSN0018 RIVER THAMES AT MAGNA CARTA,-0.562,51.4448,Thames,THAMES - WEST THAMES,Multiple Values,OPEN,FRESHWATER - RIVERS,2022-04-13T11:50:00,MONITORING  (NATIONAL AGENCY POLICY),RIVER / RUNNING SURFACE WATER,5042,Sulcotrione,<0.1,MICROGRAM PER LITRE
https://environment.data.gov.uk/water-quality/sampling-point/TH-RSN0018/sample/1376852/observation/5047,TH-RSN0018,RSN0018 RIVER THAMES AT MAGNA CARTA,-0.562,51.4448,Thames,THAMES - WEST THAMES,Multiple Values,OPEN,FRESHWATER - RIVERS,2022-04-13T11:50:00,MONITORING  (NATIONAL AGENCY POLICY),RIVER / RUNNING SURFACE WATER,5047,Ethirimol,<0.05,MICROGRAM PER LITRE
https://environment.data.gov.uk/water-quality/sampling-point/TH-RSN0018/sample/1376852/observation/5050,TH-RSN0018,RSN0018 RIVER THAMES AT MAGNA CARTA,-0.562,51.4448,Thames,THAMES - WEST THAMES,Multiple Values,OPEN,FRESHWATER - RIVERS,2022-04-13T11:50:00,MONITORING  (NATIONAL AGENCY POLICY),RIVER / RUNNING SURFACE WATER,5050,Azoxystrobin,<0.02,MICROGRAM PER LITRE
https://environment.data.gov.uk/water-quality/sampling-point/TH-RSN0018/sample/1376852/observation/5446,TH-RSN0018,RSN0018 RIVER THAMES AT MAGNA CARTA,-0.562,51.4448,Thames,THAMES - WEST THAMES,Multiple Values,OPEN,FRESHWATER - RIVERS,2022-04-13T11:50:00,MONITORING  (NATIONAL AGENCY POLICY),RIVER / RUNNING SURFACE WATER,5446,Cypermethrin Identification,1,Text Result
https://environment.data.gov.uk/water-quality/sampling-point/TH-RSN0018/sample/1376852/observation/5732,TH-RSN0018,RSN0018 RIVER THAMES AT MAGNA CARTA,-0.562,51.4448,Thames,THAMES - WEST THAMES,Multiple Values,OPEN,FRESHWATER - RIVERS,2022-04-13T11:50:00,MONITORING  (NATIONAL AGENCY POLICY),RIVER / RUNNING SURFACE WATER,5732,Triphenyl Tin as Cation,<0.0002,MICROGRAM PER LITRE
https://environment.data.gov.uk/water-quality/sampling-point/TH-RSN0018/sample/1376852/observation/5889,TH-RSN0018,RSN0018 RIVER THAMES AT MAGNA CARTA,-0.562,51.4448,Thames,THAMES - WEST THAMES,Multiple Values,OPEN,FRESHWATER - RIVERS,2022-04-13T11:50:00,MONITORING  (NATIONAL AGENCY POLICY),RIVER / RUNNING SURFACE WATER,5889,Triclosan,<0.01,MICROGRAM PER LITRE
https://environment.data.gov.uk/water-quality/sampling-point/TH-RSN0018/sample/1376852/observation/6037,TH-RSN0018,RSN0018 RIVER THAMES AT MAGNA CARTA,-0.562,51.4448,Thames,THAMES - WEST THAMES,Multiple Values,OPEN,FRESHWATER - RIVERS,2022-04-13T11:50:00,MONITORING  (NATIONAL AGENCY POLICY),RIVER / RUNNING SURFACE WATER,6037,"Aluminium, Dissolved",<10,MICROGRAM PER LITRE
https://environment.data.gov.uk/water-quality/sampling-point/TH-RSN0018/sample/1376852/observation/6399,TH-RSN0018,RSN0018 RIVER THAMES AT MAGNA CARTA,-0.562,51.4448,Thames,THAMES - WEST THAMES,Multiple Values,OPEN,FRESHWATER - RIVERS,2022-04-13T11:50:00,MONITORING  (NATIONAL AGENCY POLICY),RIVER / RUNNING SURFACE WATER,6399,Benzo(a)Pyrene,0.013,MICROGRAM PER LITRE
https://environment.data.gov.uk/water-quality/sampling-point/TH-RSN0018/sample/1376852/observation/6450,TH-RSN0018,RSN0018 RIVER THAMES AT MAGNA CARTA,-0.562,51.4448,Thames,THAMES - WEST THAMES,Multiple Values,OPEN,FRESHWATER - RIVERS,2022-04-13T11:50:00,MONITORING  (NATIONAL AGENCY POLICY),RIVER / RUNNING SURFACE WATER,6450,"Copper, Dissolved",1.9,MICROGRAM PER LITRE
https://environment.data.gov.uk/water-quality/sampling-point/TH-RSN0018/sample/1376852/observation/6458,TH-RSN0018,RSN0018 RIVER THAMES AT MAGNA CARTA,-0.562,51.4448,Thames,THAMES - WEST THAMES,Multiple Values,OPEN,FRESHWATER - RIVERS,2022-04-13T11:50:00,MONITORING  (NATIONAL AGENCY POLICY),RIVER / RUNNING SURFACE WATER,6458,"Manganese, Dissolved",<10,MICROGRAM PER LITRE
https://environment.data.gov.uk/water-quality/sampling-point/TH-RSN0018/sample/1376852/observation/6460,TH-RSN0018,RSN0018 RIVER THAMES AT MAGNA CARTA,-0.562,51.4448,Thames,THAMES - WEST THAMES,Multiple Values,OPEN,FRESHWATER - RIVERS,2022-04-13T11:50:00,MONITORING  (NATIONAL AGENCY POLICY),RIVER / RUNNING SURFACE WATER,6460,"Iron, Dissolved",<30,MICROGRAM PER LITRE
https://environment.data.gov.uk/water-quality/sampling-point/TH-RSN0018/sample/1376852/observation/6693,TH-RSN0018,RSN0018 RIVER THAMES AT MAGNA CARTA,-0.562,51.4448,Thames,THAMES - WEST THAMES,Multiple Values,OPEN,FRESHWATER - RIVERS,2022-04-13T11:50:00,MONITORING  (NATIONAL AGENCY POLICY),RIVER / RUNNING SURFACE WATER,6693,"Strontium, Filtered",340,MICROGRAM PER LITRE
https://environment.data.gov.uk/water-quality/sampling-point/TH-RSN0018/sample/1376852/observation/6724,TH-RSN0018,RSN0018 RIVER THAMES AT MAGNA CARTA,-0.562,51.4448,Thames,THAMES - WEST THAMES,Multiple Values,OPEN,FRESHWATER - RIVERS,2022-04-13T11:50:00,MONITORING  (NATIONAL AGENCY POLICY),RIVER / RUNNING SURFACE WATER,6724,Di(2-ethylhexyl) phthalate :- {DEHP},<0.2,MICROGRAM PER LITRE
https://environment.data.gov.uk/water-quality/sampling-point/TH-RSN0018/sample/1376852/observation/6760,TH-RSN0018,RSN0018 RIVER THAMES AT MAGNA CARTA,-0.562,51.4448,Thames,THAMES - WEST THAMES,Multiple Values,OPEN,FRESHWATER - RIVERS,2022-04-13T11:50:00,MONITORING  (NATIONAL AGENCY POLICY),RIVER / RUNNING SURFACE WATER,6760,Chloridazon,<0.01,MICROGRAM PER LITRE
https://environment.data.gov.uk/water-quality/sampling-point/TH-RSN0018/sample/1376852/observation/6955,TH-RSN0018,RSN0018 RIVER THAMES AT MAGNA CARTA,-0.562,51.4448,Thames,THAMES - WEST THAMES,Multiple Values,OPEN,FRESHWATER - RIVERS,2022-04-13T11:50:00,MONITORING  (NATIONAL AGENCY POLICY),RIVER / RUNNING SURFACE WATER,6955,Ethiofencarb,<0.005,MICROGRAM PER LITRE
https://environment.data.gov.uk/water-quality/sampling-point/TH-RSN0018/sample/1376852/observation/6971,TH-RSN0018,RSN0018 RIVER THAMES AT MAGNA CARTA,-0.562,51.4448,Thames,THAMES - WEST THAMES,Multiple Values,OPEN,FRESHWATER - RIVERS,2022-04-13T11:50:00,MONITORING  (NATIONAL AGENCY POLICY),RIVER / RUNNING SURFACE WATER,6971,Methiocarb,<0.001,MICROGRAM PER LITRE
https://environment.data.gov.uk/water-quality/sampling-point/TH-RSN0018/sample/1376852/observation/6972,TH-RSN0018,RSN0018 RIVER THAMES AT MAGNA CARTA,-0.562,51.4448,Thames,THAMES - WEST THAMES,Multiple Values,OPEN,FRESHWATER - RIVERS,2022-04-13T11:50:00,MONITORING  (NATIONAL AGENCY POLICY),RIVER / RUNNING SURFACE WATER,6972,Methomyl,<0.005,MICROGRAM PER LITRE
https://environment.data.gov.uk/water-quality/sampling-point/TH-RSN0018/sample/1376852/observation/6980,TH-RSN0018,RSN0018 RIVER THAMES AT MAGNA CARTA,-0.562,51.4448,Thames,THAMES - WEST THAMES,Multiple Values,OPEN,FRESHWATER - RIVERS,2022-04-13T11:50:00,MONITORING  (NATIONAL AGENCY POLICY),RIVER / RUNNING SURFACE WATER,6980,Oxamyl,<0.005,MICROGRAM PER LITRE
https://environment.data.gov.uk/water-quality/sampling-point/TH-RSN0018/sample/1376852/observation/6987,TH-RSN0018,RSN0018 RIVER THAMES AT MAGNA CARTA,-0.562,51.4448,Thames,THAMES - WEST THAMES,Multiple Values,OPEN,FRESHWATER - RIVERS,2022-04-13T11:50:00,MONITORING  (NATIONAL AGENCY POLICY),RIVER / RUNNING SURFACE WATER,6987,Propoxur,<0.005,MICROGRAM PER LITRE
https://environment.data.gov.uk/water-quality/sampling-point/TH-RSN0018/sample/1376852/observation/7053,TH-RSN0018,RSN0018 RIVER THAMES AT MAGNA CARTA,-0.562,51.4448,Thames,THAMES - WEST THAMES,Multiple Values,OPEN,FRESHWATER - RIVERS,2022-04-13T11:50:00,MONITORING  (NATIONAL AGENCY POLICY),RIVER / RUNNING SURFACE WATER,7053,Methabenzthiazuron,<0.01,MICROGRAM PER LITRE
https://environment.data.gov.uk/water-quality/sampling-point/TH-RSN0018/sample/1376852/observation/7125,TH-RSN0018,RSN0018 RIVER THAMES AT MAGNA CARTA,-0.562,51.4448,Thames,THAMES - WEST THAMES,Multiple Values,OPEN,FRESHWATER - RIVERS,2022-04-13T11:50:00,MONITORING  (NATIONAL AGENCY POLICY),RIVER / RUNNING SURFACE WATER,7125,Aminomethylphosphonic acid,0.3,MICROGRAM PER LITRE
https://environment.data.gov.uk/water-quality/sampling-point/TH-RSN0018/sample/1376852/observation/7859,TH-RSN0018,RSN0018 RIVER THAMES AT MAGNA CARTA,-0.562,51.4448,Thames,THAMES - WEST THAMES,Multiple Values,OPEN,FRESHWATER - RIVERS,2022-04-13T11:50:00,MONITORING  (NATIONAL AGENCY POLICY),RIVER / RUNNING SURFACE WATER,7859,"Sulphate, Dissolved as SO4",45,MILLIGRAM PER LITRE
https://environment.data.gov.uk/water-quality/sampling-point/TH-RSN0018/sample/1376852/observation/8806,TH-RSN0018,RSN0018 RIVER THAMES AT MAGNA CARTA,-0.562,51.4448,Thames,THAMES - WEST THAMES,Multiple Values,OPEN,FRESHWATER - RIVERS,2022-04-13T11:50:00,MONITORING  (NATIONAL AGENCY POLICY),RIVER / RUNNING SURFACE WATER,8806,Aldicarb sulfoxide,<0.005,MICROGRAM PER LITRE
https://environment.data.gov.uk/water-quality/sampling-point/TH-RSN0018/sample/1376852/observation/8944,TH-RSN0018,RSN0018 RIVER THAMES AT MAGNA CARTA,-0.562,51.4448,Thames,THAMES - WEST THAMES,Multiple Values,OPEN,FRESHWATER - RIVERS,2022-04-13T11:50:00,MONITORING  (NATIONAL AGENCY POLICY),RIVER / RUNNING SURFACE WATER,8944,Tributyl Tin as Cation,0.00023,MICROGRAM PER LITRE
https://environment.data.gov.uk/water-quality/sampling-point/TH-RSN0018/sample/1376852/observation/9073,TH-RSN0018,RSN0018 RIVER THAMES AT MAGNA CARTA,-0.562,51.4448,Thames,THAMES - WEST THAMES,Multiple Values,OPEN,FRESHWATER - RIVERS,2022-04-13T11:50:00,MONITORING  (NATIONAL AGENCY POLICY),RIVER / RUNNING SURFACE WATER,9073,Carbetamide,<0.01,MICROGRAM PER LITRE
https://environment.data.gov.uk/water-quality/sampling-point/TH-RSN0018/sample/1376852/observation/9190,TH-RSN0018,RSN0018 RIVER THAMES AT MAGNA CARTA,-0.562,51.4448,Thames,THAMES - WEST THAMES,Multiple Values,OPEN,FRESHWATER - RIVERS,2022-04-13T11:50:00,MONITORING  (NATIONAL AGENCY POLICY),RIVER / RUNNING SURFACE WATER,9190,4-Nonylphenol Branched,<0.04,MICROGRAM PER LITRE
https://environment.data.gov.uk/water-quality/sampling-point/TH-RSN0018/sample/1376852/observation/9267,TH-RSN0018,RSN0018 RIVER THAMES AT MAGNA CARTA,-0.562,51.4448,Thames,THAMES - WEST THAMES,Multiple Values,OPEN,FRESHWATER - RIVERS,2022-04-13T11:50:00,MONITORING  (NATIONAL AGENCY POLICY),RIVER / RUNNING SURFACE WATER,9267,4-tert-Octylphenol :- {p-tert-Octylphenol},<0.01,MICROGRAM PER LITRE
https://environment.data.gov.uk/water-quality/sampling-point/TH-RSN0018/sample/1376852/observation/9274,TH-RSN0018,RSN0018 RIVER THAMES AT MAGNA CARTA,-0.562,51.4448,Thames,THAMES - WEST THAMES,Multiple Values,OPEN,FRESHWATER - RIVERS,2022-04-13T11:50:00,MONITORING  (NATIONAL AGENCY POLICY),RIVER / RUNNING SURFACE WATER,9274,Perfluorooctanoate anion,0.0018,MICROGRAM PER LITRE
https://environment.data.gov.uk/water-quality/sampling-point/TH-RSN0018/sample/1376852/observation/9276,TH-RSN0018,RSN0018 RIVER THAMES AT MAGNA CARTA,-0.562,51.4448,Thames,THAMES - WEST THAMES,Multiple Values,OPEN,FRESHWATER - RIVERS,2022-04-13T11:50:00,MONITORING  (NATIONAL AGENCY POLICY),RIVER / RUNNING SURFACE WATER,9276,Perfluorooctylsulphonate anion,0.0042,MICROGRAM PER LITRE
https://environment.data.gov.uk/water-quality/sampling-point/TH-RSN0018/sample/1376852/observation/9339,TH-RSN0018,RSN0018 RIVER THAMES AT MAGNA CARTA,-0.562,51.4448,Thames,THAMES - WEST THAMES,Multiple Values,OPEN,FRESHWATER - RIVERS,2022-04-13T11:50:00,MONITORING  (NATIONAL AGENCY POLICY),RIVER / RUNNING SURFACE WATER,9339,Fenuron,<0.01,MICROGRAM PER LITRE
https://environment.data.gov.uk/water-quality/sampling-point/TH-RSN0018/sample/1376852/observation/9341,TH-RSN0018,RSN0018 RIVER THAMES AT MAGNA CARTA,-0.562,51.4448,Thames,THAMES - WEST THAMES,Multiple Values,OPEN,FRESHWATER - RIVERS,2022-04-13T11:50:00,MONITORING  (NATIONAL AGENCY POLICY),RIVER / RUNNING SURFACE WATER,9341,cis-Permethrin,<0.0001,MICROGRAM PER LITRE
https://environment.data.gov.uk/water-quality/sampling-point/TH-RSN0018/sample/1376852/observation/9342,TH-RSN0018,RSN0018 RIVER THAMES AT MAGNA CARTA,-0.562,51.4448,Thames,THAMES - WEST THAMES,Multiple Values,OPEN,FRESHWATER - RIVERS,2022-04-13T11:50:00,MONITORING  (NATIONAL AGENCY POLICY),RIVER / RUNNING SURFACE WATER,9342,trans-Permethrin,<0.0001,MICROGRAM PER LITRE
https://environment.data.gov.uk/water-quality/sampling-point/TH-RSN0018/sample/1376852/observation/9343,TH-RSN0018,RSN0018 RIVER THAMES AT MAGNA CARTA,-0.562,51.4448,Thames,THAMES - WEST THAMES,Multiple Values,OPEN,FRESHWATER - RIVERS,2022-04-13T11:50:00,MONITORING  (NATIONAL AGENCY POLICY),RIVER / RUNNING SURFACE WATER,9343,Carbaryl,<0.01,MICROGRAM PER LITRE
https://environment.data.gov.uk/water-quality/sampling-point/TH-RSN0018/sample/1376852/observation/9344,TH-RSN0018,RSN0018 RIVER THAMES AT MAGNA CARTA,-0.562,51.4448,Thames,THAMES - WEST THAMES,Multiple Values,OPEN,FRESHWATER - RIVERS,2022-04-13T11:50:00,MONITORING  (NATIONAL AGENCY POLICY),RIVER / RUNNING SURFACE WATER,9344,Aldicarb,<0.005,MICROGRAM PER LITRE
https://environment.data.gov.uk/water-quality/sampling-point/TH-RSN0018/sample/1376852/observation/9345,TH-RSN0018,RSN0018 RIVER THAMES AT MAGNA CARTA,-0.562,51.4448,Thames,THAMES - WEST THAMES,Multiple Values,OPEN,FRESHWATER - RIVERS,2022-04-13T11:50:00,MONITORING  (NATIONAL AGENCY POLICY),RIVER / RUNNING SURFACE WATER,9345,Diflurobenzuron,<0.01,MICROGRAM PER LITRE
https://environment.data.gov.uk/water-quality/sampling-point/TH-RSN0018/sample/1376852/observation/9348,TH-RSN0018,RSN0018 RIVER THAMES AT MAGNA CARTA,-0.562,51.4448,Thames,THAMES - WEST THAMES,Multiple Values,OPEN,FRESHWATER - RIVERS,2022-04-13T11:50:00,MONITORING  (NATIONAL AGENCY POLICY),RIVER / RUNNING SURFACE WATER,9348,Chlorotoluron,<0.01,MICROGRAM PER LITRE
https://environment.data.gov.uk/water-quality/sampling-point/TH-RSN0018/sample/1376852/observation/9446,TH-RSN0018,RSN0018 RIVER THAMES AT MAGNA CARTA,-0.562,51.4448,Thames,THAMES - WEST THAMES,Multiple Values,OPEN,FRESHWATER - RIVERS,2022-04-13T11:50:00,MONITORING  (NATIONAL AGENCY POLICY),RIVER / RUNNING SURFACE WATER,9446,"Barium, Dissolved",17,MICROGRAM PER LITRE
https://environment.data.gov.uk/water-quality/sampling-point/TH-RSN0018/sample/1376852/observation/9447,TH-RSN0018,RSN0018 RIVER THAMES AT MAGNA CARTA,-0.562,51.4448,Thames,THAMES - WEST THAMES,Multiple Values,OPEN,FRESHWATER - RIVERS,2022-04-13T11:50:00,MONITORING  (NATIONAL AGENCY POLICY),RIVER / RUNNING SURFACE WATER,9447,"Boron, Dissolved",<100,MICROGRAM PER LITRE
https://environment.data.gov.uk/water-quality/sampling-point/TH-RSN0018/sample/1376852/observation/9686,TH-RSN0018,RSN0018 RIVER THAMES AT MAGNA CARTA,-0.562,51.4448,Thames,THAMES - WEST THAMES,Multiple Values,OPEN,FRESHWATER - RIVERS,2022-04-13T11:50:00,MONITORING  (NATIONAL AGENCY POLICY),RIVER / RUNNING SURFACE WATER,9686,"Nitrogen, Total as N",7.8,MILLIGRAM PER LITRE
https://environment.data.gov.uk/water-quality/sampling-point/TH-RSN0018/sample/1376852/observation/9756,TH-RSN0018,RSN0018 RIVER THAMES AT MAGNA CARTA,-0.562,51.4448,Thames,THAMES - WEST THAMES,Multiple Values,OPEN,FRESHWATER - RIVERS,2022-04-13T11:50:00,MONITORING  (NATIONAL AGENCY POLICY),RIVER / RUNNING SURFACE WATER,9756,Neburon,<0.01,MICROGRAM PER LITRE
https://environment.data.gov.uk/water-quality/sampling-point/TH-RSN0018/sample/1376852/observation/9861,TH-RSN0018,RSN0018 RIVER THAMES AT MAGNA CARTA,-0.562,51.4448,Thames,THAMES - WEST THAMES,Multiple Values,OPEN,FRESHWATER - RIVERS,2022-04-13T11:50:00,MONITORING  (NATIONAL AGENCY POLICY),RIVER / RUNNING SURFACE WATER,9861,Metsulfuron-methyl,<0.01,MICROGRAM PER LITRE
https://environment.data.gov.uk/water-quality/sampling-point/TH-RSN0018/sample/1376852/observation/9889,TH-RSN0018,RSN0018 RIVER THAMES AT MAGNA CARTA,-0.562,51.4448,Thames,THAMES - WEST THAMES,Multiple Values,OPEN,FRESHWATER - RIVERS,2022-04-13T11:50:00,MONITORING  (NATIONAL AGENCY POLICY),RIVER / RUNNING SURFACE WATER,9889,Oestrone :- {E1},0.45,NANOGRAM PER LITRE
https://environment.data.gov.uk/water-quality/sampling-point/TH-RSN0018/sample/1376852/observation/9898,TH-RSN0018,RSN0018 RIVER THAMES AT MAGNA CARTA,-0.562,51.4448,Thames,THAMES - WEST THAMES,Multiple Values,OPEN,FRESHWATER - RIVERS,2022-04-13T11:50:00,MONITORING  (NATIONAL AGENCY POLICY),RIVER / RUNNING SURFACE WATER,9898,17beta oestradiol :- {E2},0.064,NANOGRAM PER LITRE
https://environment.data.gov.uk/water-quality/sampling-point/TH-RSN0018/sample/1376852/observation/9899,TH-RSN0018,RSN0018 RIVER THAMES AT MAGNA CARTA,-0.562,51.4448,Thames,THAMES - WEST THAMES,Multiple Values,OPEN,FRESHWATER - RIVERS,2022-04-13T11:50:00,MONITORING  (NATIONAL AGENCY POLICY),RIVER / RUNNING SURFACE WATER,9899,17alpha ethynyloestradiol :- {EE2},0.28,NANOGRAM PER LITRE
https://environment.data.gov.uk/water-quality/sampling-point/TH-RSN0018/sample/1376852/observation/9901,TH-RSN0018,RSN0018 RIVER THAMES AT MAGNA CARTA,-0.562,51.4448,Thames,THAMES - WEST THAMES,Multiple Values,OPEN,FRESHWATER - RIVERS,2022-04-13T11:50:00,MONITORING  (NATIONAL AGENCY POLICY),RIVER / RUNNING SURFACE WATER,9901,"Oxygen, Dissolved, % Saturation",107.5,PERCENTAGE
https://environment.data.gov.uk/water-quality/sampling-point/TH-RSN0018/sample/1376852/observation/9924,TH-RSN0018,RSN0018 RIVER THAMES AT MAGNA CARTA,-0.562,51.4448,Thames,THAMES - WEST THAMES,Multiple Values,OPEN,FRESHWATER - RIVERS,2022-04-13T11:50:00,MONITORING  (NATIONAL AGENCY POLICY),RIVER / RUNNING SURFACE WATER,9924,"Oxygen, Dissolved as O2",11.6,MILLIGRAM PER LITRE
https://environment.data.gov.uk/water-quality/sampling-point/TH-RSN0018/sample/1377645/observation/0052,TH-RSN0018,RSN0018 RIVER THAMES AT MAGNA CARTA,-0.562,51.4448,Thames,THAMES - WEST THAMES,Multiple Values,OPEN,FRESHWATER - RIVERS,2022-05-03T12:10:00,MONITORING  (NATIONAL AGENCY POLICY),RIVER / RUNNING SURFACE WATER,0052,"Lead, Dissolved",<0.1,MICROGRAM PER LITRE
https://environment.data.gov.uk/water-quality/sampling-point/TH-RSN0018/sample/1377645/observation/0061,TH-RSN0018,RSN0018 RIVER THAMES AT MAGNA CARTA,-0.562,51.4448,Thames,THAMES - WEST THAMES,Multiple Values,OPEN,FRESHWATER - RIVERS,2022-05-03T12:10:00,MONITORING  (NATIONAL AGENCY POLICY),RIVER / RUNNING SURFACE WATER,0061,pH,8.33,PH UNITS
https://environment.data.gov.uk/water-quality/sampling-point/TH-RSN0018/sample/1377645/observation/0073,TH-RSN0018,RSN0018 RIVER THAMES AT MAGNA CARTA,-0.562,51.4448,Thames,THAMES - WEST THAMES,Multiple Values,OPEN,FRESHWATER - RIVERS,2022-05-03T12:10:00,MONITORING  (NATIONAL AGENCY POLICY),RIVER / RUNNING SURFACE WATER,0073,Cypermethrin,<0.00001,MICROGRAM PER LITRE
https://environment.data.gov.uk/water-quality/sampling-point/TH-RSN0018/sample/1377645/observation/0076,TH-RSN0018,RSN0018 RIVER THAMES AT MAGNA CARTA,-0.562,51.4448,Thames,THAMES - WEST THAMES,Multiple Values,OPEN,FRESHWATER - RIVERS,2022-05-03T12:10:00,MONITORING  (NATIONAL AGENCY POLICY),RIVER / RUNNING SURFACE WATER,0076,Temperature of Water,13.5,CELSIUS
https://environment.data.gov.uk/water-quality/sampling-point/TH-RSN0018/sample/1377645/observation/0077,TH-RSN0018,RSN0018 RIVER THAMES AT MAGNA CARTA,-0.562,51.4448,Thames,THAMES - WEST THAMES,Multiple Values,OPEN,FRESHWATER - RIVERS,2022-05-03T12:10:00,MONITORING  (NATIONAL AGENCY POLICY),RIVER / RUNNING SURFACE WATER,0077,Conductivity at 25 C,586,MICROSIEMENS PER CENTIMETRE
https://environment.data.gov.uk/water-quality/sampling-point/TH-RSN0018/sample/1377645/observation/0106,TH-RSN0018,RSN0018 RIVER THAMES AT MAGNA CARTA,-0.562,51.4448,Thames,THAMES - WEST THAMES,Multiple Values,OPEN,FRESHWATER - RIVERS,2022-05-03T12:10:00,MONITORING  (NATIONAL AGENCY POLICY),RIVER / RUNNING SURFACE WATER,0106,"Cadmium, Dissolved",<0.01,MICROGRAM PER LITRE
https://environment.data.gov.uk/water-quality/sampling-point/TH-RSN0018/sample/1377645/observation/0111,TH-RSN0018,RSN0018 RIVER THAMES AT MAGNA CARTA,-0.562,51.4448,Thames,THAMES - WEST THAMES,Multiple Values,OPEN,FRESHWATER - RIVERS,2022-05-03T12:10:00,MONITORING  (NATIONAL AGENCY POLICY),RIVER / RUNNING SURFACE WATER,0111,Ammoniacal Nitrogen as N,<0.03,MILLIGRAM PER LITRE
https://environment.data.gov.uk/water-quality/sampling-point/TH-RSN0018/sample/1377645/observation/0116,TH-RSN0018,RSN0018 RIVER THAMES AT MAGNA CARTA,-0.562,51.4448,Thames,THAMES - WEST THAMES,Multiple Values,OPEN,FRESHWATER - RIVERS,2022-05-03T12:10:00,MONITORING  (NATIONAL AGENCY POLICY),RIVER / RUNNING SURFACE WATER,0116,"Nitrogen, Total Oxidised as N",6.3,MILLIGRAM PER LITRE
https://environment.data.gov.uk/water-quality/sampling-point/TH-RSN0018/sample/1377645/observation/0117,TH-RSN0018,RSN0018 RIVER THAMES AT MAGNA CARTA,-0.562,51.4448,Thames,THAMES - WEST THAMES,Multiple Values,OPEN,FRESHWATER - RIVERS,2022-05-03T12:10:00,MONITORING  (NATIONAL AGENCY POLICY),RIVER / RUNNING SURFACE WATER,0117,Nitrate as N,6.28,MILLIGRAM PER LITRE
https://environment.data.gov.uk/water-quality/sampling-point/TH-RSN0018/sample/1377645/observation/0118,TH-RSN0018,RSN0018 RIVER THAMES AT MAGNA CARTA,-0.562,51.4448,Thames,THAMES - WEST THAMES,Multiple Values,OPEN,FRESHWATER - RIVERS,2022-05-03T12:10:00,MONITORING  (NATIONAL AGENCY POLICY),RIVER / RUNNING SURFACE WATER,0118,Nitrite as N,0.019,MILLIGRAM PER LITRE
https://environment.data.gov.uk/water-quality/sampling-point/TH-RSN0018/sample/1377645/observation/0119,TH-RSN0018,RSN0018 RIVER THAMES AT MAGNA CARTA,-0.562,51.4448,Thames,THAMES - WEST THAMES,Multiple Values,OPEN,FRESHWATER - RIVERS,2022-05-03T12:10:00,MONITORING  (NATIONAL AGENCY POLICY),RIVER / RUNNING SURFACE WATER,0119,Ammonia un-ionised as N,<0.00071,MILLIGRAM PER LITRE
https://environment.data.gov.uk/water-quality/sampling-point/TH-RSN0018/sample/1377645/observation/0158,TH-RSN0018,RSN0018 RIVER THAMES AT MAGNA CARTA,-0.562,51.4448,Thames,THAMES - WEST THAMES,Multiple Values,OPEN,FRESHWATER - RIVERS,2022-05-03T12:10:00,MONITORING  (NATIONAL AGENCY POLICY),RIVER / RUNNING SURFACE WATER,0158,"Hardness, Total as CaCO3",222,MILLIGRAM PER LITRE
https://environment.data.gov.uk/water-quality/sampling-point/TH-RSN0018/sample/1377645/observation/0162,TH-RSN0018,RSN0018 RIVER THAMES AT MAGNA CARTA,-0.562,51.4448,Thames,THAMES - WEST THAMES,Multiple Values,OPEN,FRESHWATER - RIVERS,2022-05-03T12:10:00,MONITORING  (NATIONAL AGENCY POLICY),RIVER / RUNNING SURFACE WATER,0162,Alkalinity to pH 4.5 as CaCO3,170,MILLIGRAM PER LITRE
https://environment.data.gov.uk/water-quality/sampling-point/TH-RSN0018/sample/1377645/observation/0163,TH-RSN0018,RSN0018 RIVER THAMES AT MAGNA CARTA,-0.562,51.4448,Thames,THAMES - WEST THAMES,Multiple Values,OPEN,FRESHWATER - RIVERS,2022-05-03T12:10:00,MONITORING  (NATIONAL AGENCY POLICY),RIVER / RUNNING SURFACE WATER,0163,"Hardness, Calcium",205,MILLIGRAM PER LITRE
https://environment.data.gov.uk/water-quality/sampling-point/TH-RSN0018/sample/1377645/observation/0172,TH-RSN0018,RSN0018 RIVER THAMES AT MAGNA CARTA,-0.562,51.4448,Thames,THAMES - WEST THAMES,Multiple Values,OPEN,FRESHWATER - RIVERS,2022-05-03T12:10:00,MONITORING  (NATIONAL AGENCY POLICY),RIVER / RUNNING SURFACE WATER,0172,Chloride,44,MILLIGRAM PER LITRE
https://environment.data.gov.uk/water-quality/sampling-point/TH-RSN0018/sample/1377645/observation/0180,TH-RSN0018,RSN0018 RIVER THAMES AT MAGNA CARTA,-0.562,51.4448,Thames,THAMES - WEST THAMES,Multiple Values,OPEN,FRESHWATER - RIVERS,2022-05-03T12:10:00,MONITORING  (NATIONAL AGENCY POLICY),RIVER / RUNNING SURFACE WATER,0180,"Orthophosphate, reactive as P",<0.01,MILLIGRAM PER LITRE
https://environment.data.gov.uk/water-quality/sampling-point/TH-RSN0018/sample/1377645/observation/0182,TH-RSN0018,RSN0018 RIVER THAMES AT MAGNA CARTA,-0.562,51.4448,Thames,THAMES - WEST THAMES,Multiple Values,OPEN,FRESHWATER - RIVERS,2022-05-03T12:10:00,MONITORING  (NATIONAL AGENCY POLICY),RIVER / RUNNING SURFACE WATER,0182,"Silica, reactive as SiO2",1.3,MILLIGRAM PER LITRE
https://environment.data.gov.uk/water-quality/sampling-point/TH-RSN0018/sample/1377645/observation/0205,TH-RSN0018,RSN0018 RIVER THAMES AT MAGNA CARTA,-0.562,51.4448,Thames,THAMES - WEST THAMES,Multiple Values,OPEN,FRESHWATER - RIVERS,2022-05-03T12:10:00,MONITORING  (NATIONAL AGENCY POLICY),RIVER / RUNNING SURFACE WATER,0205,"Sodium, Dissolved",29,MILLIGRAM PER LITRE
https://environment.data.gov.uk/water-quality/sampling-point/TH-RSN0018/sample/1377645/observation/0209,TH-RSN0018,RSN0018 RIVER THAMES AT MAGNA CARTA,-0.562,51.4448,Thames,THAMES - WEST THAMES,Multiple Values,OPEN,FRESHWATER - RIVERS,2022-05-03T12:10:00,MONITORING  (NATIONAL AGENCY POLICY),RIVER / RUNNING SURFACE WATER,0209,"Potassium, Dissolved",5.3,MILLIGRAM PER LITRE
https://environment.data.gov.uk/water-quality/sampling-point/TH-RSN0018/sample/1377645/observation/0235,TH-RSN0018,RSN0018 RIVER THAMES AT MAGNA CARTA,-0.562,51.4448,Thames,THAMES - WEST THAMES,Multiple Values,OPEN,FRESHWATER - RIVERS,2022-05-03T12:10:00,MONITORING  (NATIONAL AGENCY POLICY),RIVER / RUNNING SURFACE WATER,0235,"Magnesium, Dissolved",4.3,MILLIGRAM PER LITRE
https://environment.data.gov.uk/water-quality/sampling-point/TH-RSN0018/sample/1377645/observation/0239,TH-RSN0018,RSN0018 RIVER THAMES AT MAGNA CARTA,-0.562,51.4448,Thames,THAMES - WEST THAMES,Multiple Values,OPEN,FRESHWATER - RIVERS,2022-05-03T12:10:00,MONITORING  (NATIONAL AGENCY POLICY),RIVER / RUNNING SURFACE WATER,0239,"Calcium, Dissolved",82,MILLIGRAM PER LITRE
https://environment.data.gov.uk/water-quality/sampling-point/TH-RSN0018/sample/1377645/observation/0301,TH-RSN0018,RSN0018 RIVER THAMES AT MAGNA CARTA,-0.562,51.4448,Thames,THAMES - WEST THAMES,Multiple Values,OPEN,FRESHWATER - RIVERS,2022-05-03T12:10:00,MONITORING  (NATIONAL AGENCY POLICY),RIVER / RUNNING SURFACE WATER,0301,"Carbon, Organic, Dissolved as C :- {DOC}",3.4,MILLIGRAM PER LITRE
https://environment.data.gov.uk/water-quality/sampling-point/TH-RSN0018/sample/1377645/observation/0348,TH-RSN0018,RSN0018 RIVER THAMES AT MAGNA CARTA,-0.562,51.4448,Thames,THAMES - WEST THAMES,Multiple Values,OPEN,FRESHWATER - RIVERS,2022-05-03T12:10:00,MONITORING  (NATIONAL AGENCY POLICY),RIVER / RUNNING SURFACE WATER,0348,"Phosphorus, Total as P",0.14,MILLIGRAM PER LITRE
https://environment.data.gov.uk/water-quality/sampling-point/TH-RSN0018/sample/1377645/observation/0714,TH-RSN0018,RSN0018 RIVER THAMES AT MAGNA CARTA,-0.562,51.4448,Thames,THAMES - WEST THAMES,Multiple Values,OPEN,FRESHWATER - RIVERS,2022-05-03T12:10:00,MONITORING  (NATIONAL AGENCY POLICY),RIVER / RUNNING SURFACE WATER,0714,"Benzo(g,h,i)Perylene",<0.01,MICROGRAM PER LITRE
https://environment.data.gov.uk/water-quality/sampling-point/TH-RSN0018/sample/1377645/observation/0731,TH-RSN0018,RSN0018 RIVER THAMES AT MAGNA CARTA,-0.562,51.4448,Thames,THAMES - WEST THAMES,Multiple Values,OPEN,FRESHWATER - RIVERS,2022-05-03T12:10:00,MONITORING  (NATIONAL AGENCY POLICY),RIVER / RUNNING SURFACE WATER,0731,Benzo(b)Fluoranthene,<0.01,MICROGRAM PER LITRE
https://environment.data.gov.uk/water-quality/sampling-point/TH-RSN0018/sample/1377645/observation/0733,TH-RSN0018,RSN0018 RIVER THAMES AT MAGNA CARTA,-0.562,51.4448,Thames,THAMES - WEST THAMES,Multiple Values,OPEN,FRESHWATER - RIVERS,2022-05-03T12:10:00,MONITORING  (NATIONAL AGENCY POLICY),RIVER / RUNNING SURFACE WATER,0733,Benzo(k)Fluoranthene,<0.01,MICROGRAM PER LITRE
https://environment.data.gov.uk/water-quality/sampling-point/TH-RSN0018/sample/1377645/observation/0736,TH-RSN0018,RSN0018 RIVER THAMES AT MAGNA CARTA,-0.562,51.4448,Thames,THAMES - WEST THAMES,Multiple Values,OPEN,FRESHWATER - RIVERS,2022-05-03T12:10:00,MONITORING  (NATIONAL AGENCY POLICY),RIVER / RUNNING SURFACE WATER,0736,Fluoranthene,<0.01,MICROGRAM PER LITRE
https://environment.data.gov.uk/water-quality/sampling-point/TH-RSN0018/sample/1377645/observation/0746,TH-RSN0018,RSN0018 RIVER THAMES AT MAGNA CARTA,-0.562,51.4448,Thames,THAMES - WEST THAMES,Multiple Values,OPEN,FRESHWATER - RIVERS,2022-05-03T12:10:00,MONITORING  (NATIONAL AGENCY POLICY),RIVER / RUNNING SURFACE WATER,0746,"Indeno(1,2,3-cd)pyrene",<0.01,MICROGRAM PER LITRE
https://environment.data.gov.uk/water-quality/sampling-point/TH-RSN0018/sample/1377645/observation/3004,TH-RSN0018,RSN0018 RIVER THAMES AT MAGNA CARTA,-0.562,51.4448,Thames,THAMES - WEST THAMES,Multiple Values,OPEN,FRESHWATER - RIVERS,2022-05-03T12:10:00,MONITORING  (NATIONAL AGENCY POLICY),RIVER / RUNNING SURFACE WATER,3004,Asulam,<0.02,MICROGRAM PER LITRE
https://environment.data.gov.uk/water-quality/sampling-point/TH-RSN0018/sample/1377645/observation/3007,TH-RSN0018,RSN0018 RIVER THAMES AT MAGNA CARTA,-0.562,51.4448,Thames,THAMES - WEST THAMES,Multiple Values,OPEN,FRESHWATER - RIVERS,2022-05-03T12:10:00,MONITORING  (NATIONAL AGENCY POLICY),RIVER / RUNNING SURFACE WATER,3007,Glyphosate,<0.2,MICROGRAM PER LITRE
https://environment.data.gov.uk/water-quality/sampling-point/TH-RSN0018/sample/1377645/observation/3086,TH-RSN0018,RSN0018 RIVER THAMES AT MAGNA CARTA,-0.562,51.4448,Thames,THAMES - WEST THAMES,Multiple Values,OPEN,FRESHWATER - RIVERS,2022-05-03T12:10:00,MONITORING  (NATIONAL AGENCY POLICY),RIVER / RUNNING SURFACE WATER,3086,Carbofuran,<0.005,MICROGRAM PER LITRE
https://environment.data.gov.uk/water-quality/sampling-point/TH-RSN0018/sample/1377645/observation/3117,TH-RSN0018,RSN0018 RIVER THAMES AT MAGNA CARTA,-0.562,51.4448,Thames,THAMES - WEST THAMES,Multiple Values,OPEN,FRESHWATER - RIVERS,2022-05-03T12:10:00,MONITORING  (NATIONAL AGENCY POLICY),RIVER / RUNNING SURFACE WATER,3117,Isoproturon,<0.01,MICROGRAM PER LITRE
https://environment.data.gov.uk/water-quality/sampling-point/TH-RSN0018/sample/1377645/observation/3118,TH-RSN0018,RSN0018 RIVER THAMES AT MAGNA CARTA,-0.562,51.4448,Thames,THAMES - WEST THAMES,Multiple Values,OPEN,FRESHWATER - RIVERS,2022-05-03T12:10:00,MONITORING  (NATIONAL AGENCY POLICY),RIVER / RUNNING SURFACE WATER,3118,Linuron,<0.01,MICROGRAM PER LITRE
https://environment.data.gov.uk/water-quality/sampling-point/TH-RSN0018/sample/1377645/observation/3130,TH-RSN0018,RSN0018 RIVER THAMES AT MAGNA CARTA,-0.562,51.4448,Thames,THAMES - WEST THAMES,Multiple Values,OPEN,FRESHWATER - RIVERS,2022-05-03T12:10:00,MONITORING  (NATIONAL AGENCY POLICY),RIVER / RUNNING SURFACE WATER,3130,Metoxuron,<0.01,MICROGRAM PER LITRE
https://environment.data.gov.uk/water-quality/sampling-point/TH-RSN0018/sample/1377645/observation/3341,TH-RSN0018,RSN0018 RIVER THAMES AT MAGNA CARTA,-0.562,51.4448,Thames,THAMES - WEST THAMES,Multiple Values,OPEN,FRESHWATER - RIVERS,2022-05-03T12:10:00,MONITORING  (NATIONAL AGENCY POLICY),RIVER / RUNNING SURFACE WATER,3341,4-Chloro-2-methylphenol :- {p-Chloro-o-cresol},<0.05,MICROGRAM PER LITRE
https://environment.data.gov.uk/water-quality/sampling-point/TH-RSN0018/sample/1377645/observation/3377,TH-RSN0018,RSN0018 RIVER THAMES AT MAGNA CARTA,-0.562,51.4448,Thames,THAMES - WEST THAMES,Multiple Values,OPEN,FRESHWATER - RIVERS,2022-05-03T12:10:00,MONITORING  (NATIONAL AGENCY POLICY),RIVER / RUNNING SURFACE WATER,3377,Lead : BLM Bioavailable,0.01,MICROGRAM PER LITRE
https://environment.data.gov.uk/water-quality/sampling-point/TH-RSN0018/sample/1377645/observation/3399,TH-RSN0018,RSN0018 RIVER THAMES AT MAGNA CARTA,-0.562,51.4448,Thames,THAMES - WEST THAMES,Multiple Values,OPEN,FRESHWATER - RIVERS,2022-05-03T12:10:00,MONITORING  (NATIONAL AGENCY POLICY),RIVER / RUNNING SURFACE WATER,3399,Chloroxuron,<0.01,MICROGRAM PER LITRE
https://environment.data.gov.uk/water-quality/sampling-point/TH-RSN0018/sample/1377645/observation/3400,TH-RSN0018,RSN0018 RIVER THAMES AT MAGNA CARTA,-0.562,51.4448,Thames,THAMES - WEST THAMES,Multiple Values,OPEN,FRESHWATER - RIVERS,2022-05-03T12:10:00,MONITORING  (NATIONAL AGENCY POLICY),RIVER / RUNNING SURFACE WATER,3400,Monuron,<0.01,MICROGRAM PER LITRE
https://environment.data.gov.uk/water-quality/sampling-point/TH-RSN0018/sample/1377645/observation/3408,TH-RSN0018,RSN0018 RIVER THAMES AT MAGNA CARTA,-0.562,51.4448,Thames,THAMES - WEST THAMES,Multiple Values,OPEN,FRESHWATER - RIVERS,2022-05-03T12:10:00,MONITORING  (NATIONAL AGENCY POLICY),RIVER / RUNNING SURFACE WATER,3408,"Zinc, Dissolved",2,MICROGRAM PER LITRE
https://environment.data.gov.uk/water-quality/sampling-point/TH-RSN0018/sample/1377645/observation/3409,TH-RSN0018,RSN0018 RIVER THAMES AT MAGNA CARTA,-0.562,51.4448,Thames,THAMES - WEST THAMES,Multiple Values,OPEN,FRESHWATER - RIVERS,2022-05-03T12:10:00,MONITORING  (NATIONAL AGENCY POLICY),RIVER / RUNNING SURFACE WATER,3409,"Chromium, Dissolved",<0.5,MICROGRAM PER LITRE
https://environment.data.gov.uk/water-quality/sampling-point/TH-RSN0018/sample/1377645/observation/3410,TH-RSN0018,RSN0018 RIVER THAMES AT MAGNA CARTA,-0.562,51.4448,Thames,THAMES - WEST THAMES,Multiple Values,OPEN,FRESHWATER - RIVERS,2022-05-03T12:10:00,MONITORING  (NATIONAL AGENCY POLICY),RIVER / RUNNING SURFACE WATER,3410,"Nickel, Dissolved",1.4,MICROGRAM PER LITRE
https://environment.data.gov.uk/water-quality/sampling-point/TH-RSN0018/sample/1377645/observation/3475,TH-RSN0018,RSN0018 RIVER THAMES AT MAGNA CARTA,-0.562,51.4448,Thames,THAMES - WEST THAMES,Multiple Values,OPEN,FRESHWATER - RIVERS,2022-05-03T12:10:00,MONITORING  (NATIONAL AGENCY POLICY),RIVER / RUNNING SURFACE WATER,3475,Carbendazim,<0.01,MICROGRAM PER LITRE
https://environment.data.gov.uk/water-quality/sampling-point/TH-RSN0018/sample/1377645/observation/3545,TH-RSN0018,RSN0018 RIVER THAMES AT MAGNA CARTA,-0.562,51.4448,Thames,THAMES - WEST THAMES,Multiple Values,OPEN,FRESHWATER - RIVERS,2022-05-03T12:10:00,MONITORING  (NATIONAL AGENCY POLICY),RIVER / RUNNING SURFACE WATER,3545,"2,4-D :- {2,4-Dichlorophenoxyacetic acid}",0.016,MICROGRAM PER LITRE
https://environment.data.gov.uk/water-quality/sampling-point/TH-RSN0018/sample/1377645/observation/3546,TH-RSN0018,RSN0018 RIVER THAMES AT MAGNA CARTA,-0.562,51.4448,Thames,THAMES - WEST THAMES,Multiple Values,OPEN,FRESHWATER - RIVERS,2022-05-03T12:10:00,MONITORING  (NATIONAL AGENCY POLICY),RIVER / RUNNING SURFACE WATER,3546,"2,4,5-T :- {2,4,5-Trichlorophenoxyacetic acid}",<0.005,MICROGRAM PER LITRE
https://environment.data.gov.uk/water-quality/sampling-point/TH-RSN0018/sample/1377645/observation/3547,TH-RSN0018,RSN0018 RIVER THAMES AT MAGNA CARTA,-0.562,51.4448,Thames,THAMES - WEST THAMES,Multiple Values,OPEN,FRESHWATER - RIVERS,2022-05-03T12:10:00,MONITORING  (NATIONAL AGENCY POLICY),RIVER / RUNNING SURFACE WATER,3547,4-Chlorophenoxyacetic acid,<0.005,MICROGRAM PER LITRE
https://environment.data.gov.uk/water-quality/sampling-point/TH-RSN0018/sample/1377645/observation/3548,TH-RSN0018,RSN0018 RIVER THAMES AT MAGNA CARTA,-0.562,51.4448,Thames,THAMES - WEST THAMES,Multiple Values,OPEN,FRESHWATER - RIVERS,2022-05-03T12:10:00,MONITORING  (NATIONAL AGENCY POLICY),RIVER / RUNNING SURFACE WATER,3548,MCPA :- {4-Chloro-2-methylphenoxyacetic acid} ,0.0056,MICROGRAM PER LITRE
https://environment.data.gov.uk/water-quality/sampling-point/TH-RSN0018/sample/1377645/observation/3549,TH-RSN0018,RSN0018 RIVER THAMES AT MAGNA CARTA,-0.562,51.4448,Thames,THAMES - WEST THAMES,Multiple Values,OPEN,FRESHWATER - RIVERS,2022-05-03T12:10:00,MONITORING  (NATIONAL AGENCY POLICY),RIVER / RUNNING SURFACE WATER,3549,Mecoprop,<0.005,MICROGRAM PER LITRE
https://environment.data.gov.uk/water-quality/sampling-point/TH-RSN0018/sample/1377645/observation/3550,TH-RSN0018,RSN0018 RIVER THAMES AT MAGNA CARTA,-0.562,51.4448,Thames,THAMES - WEST THAMES,Multiple Values,OPEN,FRESHWATER - RIVERS,2022-05-03T12:10:00,MONITORING  (NATIONAL AGENCY POLICY),RIVER / RUNNING SURFACE WATER,3550,Dicamba,<0.01,MICROGRAM PER LITRE
https://environment.data.gov.uk/water-quality/sampling-point/TH-RSN0018/sample/1377645/observation/3551,TH-RSN0018,RSN0018 RIVER THAMES AT MAGNA CARTA,-0.562,51.4448,Thames,THAMES - WEST THAMES,Multiple Values,OPEN,FRESHWATER - RIVERS,2022-05-03T12:10:00,MONITORING  (NATIONAL AGENCY POLICY),RIVER / RUNNING SURFACE WATER,3551,"Dichlorprop :- {2,4-DP}",<0.005,MICROGRAM PER LITRE
https://environment.data.gov.uk/water-quality/sampling-point/TH-RSN0018/sample/1377645/observation/3552,TH-RSN0018,RSN0018 RIVER THAMES AT MAGNA CARTA,-0.562,51.4448,Thames,THAMES - WEST THAMES,Multiple Values,OPEN,FRESHWATER - RIVERS,2022-05-03T12:10:00,MONITORING  (NATIONAL AGENCY POLICY),RIVER / RUNNING SURFACE WATER,3552,Fenoprop,<0.005,MICROGRAM PER LITRE
https://environment.data.gov.uk/water-quality/sampling-point/TH-RSN0018/sample/1377645/observation/3555,TH-RSN0018,RSN0018 RIVER THAMES AT MAGNA CARTA,-0.562,51.4448,Thames,THAMES - WEST THAMES,Multiple Values,OPEN,FRESHWATER - RIVERS,2022-05-03T12:10:00,MONITORING  (NATIONAL AGENCY POLICY),RIVER / RUNNING SURFACE WATER,3555,Triclopyr,<0.005,MICROGRAM PER LITRE
https://environment.data.gov.uk/water-quality/sampling-point/TH-RSN0018/sample/1377645/observation/3790,TH-RSN0018,RSN0018 RIVER THAMES AT MAGNA CARTA,-0.562,51.4448,Thames,THAMES - WEST THAMES,Multiple Values,OPEN,FRESHWATER - RIVERS,2022-05-03T12:10:00,MONITORING  (NATIONAL AGENCY POLICY),RIVER / RUNNING SURFACE WATER,3790,MCPB :- {4-Chloro-2-methylphenoxybutyric acid},<0.005,MICROGRAM PER LITRE
https://environment.data.gov.uk/water-quality/sampling-point/TH-RSN0018/sample/1377645/observation/3791,TH-RSN0018,RSN0018 RIVER THAMES AT MAGNA CARTA,-0.562,51.4448,Thames,THAMES - WEST THAMES,Multiple Values,OPEN,FRESHWATER - RIVERS,2022-05-03T12:10:00,MONITORING  (NATIONAL AGENCY POLICY),RIVER / RUNNING SURFACE WATER,3791,"2,4-DB :- {4-(2,4-dichlorophenoxy)butyric acid}",<0.005,MICROGRAM PER LITRE
https://environment.data.gov.uk/water-quality/sampling-point/TH-RSN0018/sample/1377645/observation/3792,TH-RSN0018,RSN0018 RIVER THAMES AT MAGNA CARTA,-0.562,51.4448,Thames,THAMES - WEST THAMES,Multiple Values,OPEN,FRESHWATER - RIVERS,2022-05-03T12:10:00,MONITORING  (NATIONAL AGENCY POLICY),RIVER / RUNNING SURFACE WATER,3792,Benazolin,<0.005,MICROGRAM PER LITRE
https://environment.data.gov.uk/water-quality/sampling-point/TH-RSN0018/sample/1377645/observation/3811,TH-RSN0018,RSN0018 RIVER THAMES AT MAGNA CARTA,-0.562,51.4448,Thames,THAMES - WEST THAMES,Multiple Values,OPEN,FRESHWATER - RIVERS,2022-05-03T12:10:00,MONITORING  (NATIONAL AGENCY POLICY),RIVER / RUNNING SURFACE WATER,3811,Diuron,<0.01,MICROGRAM PER LITRE
https://environment.data.gov.uk/water-quality/sampling-point/TH-RSN0018/sample/1377645/observation/3878,TH-RSN0018,RSN0018 RIVER THAMES AT MAGNA CARTA,-0.562,51.4448,Thames,THAMES - WEST THAMES,Multiple Values,OPEN,FRESHWATER - RIVERS,2022-05-03T12:10:00,MONITORING  (NATIONAL AGENCY POLICY),RIVER / RUNNING SURFACE WATER,3878,Nickel : BLM Bioavailable,1.2,MICROGRAM PER LITRE
https://environment.data.gov.uk/water-quality/sampling-point/TH-RSN0018/sample/1377645/observation/4064,TH-RSN0018,RSN0018 RIVER THAMES AT MAGNA CARTA,-0.562,51.4448,Thames,THAMES - WEST THAMES,Multiple Values,OPEN,FRESHWATER - RIVERS,2022-05-03T12:10:00,MONITORING  (NATIONAL AGENCY POLICY),RIVER / RUNNING SURFACE WATER,4064,Fluroxypyr,<0.005,MICROGRAM PER LITRE
https://environment.data.gov.uk/water-quality/sampling-point/TH-RSN0018/sample/1377645/observation/4065,TH-RSN0018,RSN0018 RIVER THAMES AT MAGNA CARTA,-0.562,51.4448,Thames,THAMES - WEST THAMES,Multiple Values,OPEN,FRESHWATER - RIVERS,2022-05-03T12:10:00,MONITORING  (NATIONAL AGENCY POLICY),RIVER / RUNNING SURFACE WATER,4065,Bentazone,<0.003,MICROGRAM PER LITRE
https://environment.data.gov.uk/water-quality/sampling-point/TH-RSN0018/sample/1377645/observation/4201,TH-RSN0018,RSN0018 RIVER THAMES AT MAGNA CARTA,-0.562,51.4448,Thames,THAMES - WEST THAMES,Multiple Values,OPEN,FRESHWATER - RIVERS,2022-05-03T12:10:00,MONITORING  (NATIONAL AGENCY POLICY),RIVER / RUNNING SURFACE WATER,4201,"Lithium, Dissolved",<100,MICROGRAM PER LITRE
https://environment.data.gov.uk/water-quality/sampling-point/TH-RSN0018/sample/1377645/observation/4820,TH-RSN0018,RSN0018 RIVER THAMES AT MAGNA CARTA,-0.562,51.4448,Thames,THAMES - WEST THAMES,Multiple Values,OPEN,FRESHWATER - RIVERS,2022-05-03T12:10:00,MONITORING  (NATIONAL AGENCY POLICY),RIVER / RUNNING SURFACE WATER,4820,Manganese : BLM Bioavailable,5,MICROGRAM PER LITRE
https://environment.data.gov.uk/water-quality/sampling-point/TH-RSN0018/sample/1377645/observation/4821,TH-RSN0018,RSN0018 RIVER THAMES AT MAGNA CARTA,-0.562,51.4448,Thames,THAMES - WEST THAMES,Multiple Values,OPEN,FRESHWATER - RIVERS,2022-05-03T12:10:00,MONITORING  (NATIONAL AGENCY POLICY),RIVER / RUNNING SURFACE WATER,4821,Copper : BLM Bioavailable,0.37,MICROGRAM PER LITRE
https://environment.data.gov.uk/water-quality/sampling-point/TH-RSN0018/sample/1377645/observation/4822,TH-RSN0018,RSN0018 RIVER THAMES AT MAGNA CARTA,-0.562,51.4448,Thames,THAMES - WEST THAMES,Multiple Values,OPEN,FRESHWATER - RIVERS,2022-05-03T12:10:00,MONITORING  (NATIONAL AGENCY POLICY),RIVER / RUNNING SURFACE WATER,4822,Zinc : BLM Bioavailable,0.93,MICROGRAM PER LITRE
https://environment.data.gov.uk/water-quality/sampling-point/TH-RSN0018/sample/1377645/observation/4994,TH-RSN0018,RSN0018 RIVER THAMES AT MAGNA CARTA,-0.562,51.4448,Thames,THAMES - WEST THAMES,Multiple Values,OPEN,FRESHWATER - RIVERS,2022-05-03T12:10:00,MONITORING  (NATIONAL AGENCY POLICY),RIVER / RUNNING SURFACE WATER,4994,GCMS Screen : Target Based multi-residue screening : Semi Quantitative,1,Text Result
https://environment.data.gov.uk/water-quality/sampling-point/TH-RSN0018/sample/1377645/observation/5042,TH-RSN0018,RSN0018 RIVER THAMES AT MAGNA CARTA,-0.562,51.4448,Thames,THAMES - WEST THAMES,Multiple Values,OPEN,FRESHWATER - RIVERS,2022-05-03T12:10:00,MONITORING  (NATIONAL AGENCY POLICY),RIVER / RUNNING SURFACE WATER,5042,Sulcotrione,<0.1,MICROGRAM PER LITRE
https://environment.data.gov.uk/water-quality/sampling-point/TH-RSN0018/sample/1377645/observation/5047,TH-RSN0018,RSN0018 RIVER THAMES AT MAGNA CARTA,-0.562,51.4448,Thames,THAMES - WEST THAMES,Multiple Values,OPEN,FRESHWATER - RIVERS,2022-05-03T12:10:00,MONITORING  (NATIONAL AGENCY POLICY),RIVER / RUNNING SURFACE WATER,5047,Ethirimol,<0.05,MICROGRAM PER LITRE
https://environment.data.gov.uk/water-quality/sampling-point/TH-RSN0018/sample/1377645/observation/5050,TH-RSN0018,RSN0018 RIVER THAMES AT MAGNA CARTA,-0.562,51.4448,Thames,THAMES - WEST THAMES,Multiple Values,OPEN,FRESHWATER - RIVERS,2022-05-03T12:10:00,MONITORING  (NATIONAL AGENCY POLICY),RIVER / RUNNING SURFACE WATER,5050,Azoxystrobin,<0.02,MICROGRAM PER LITRE
https://environment.data.gov.uk/water-quality/sampling-point/TH-RSN0018/sample/1377645/observation/5446,TH-RSN0018,RSN0018 RIVER THAMES AT MAGNA CARTA,-0.562,51.4448,Thames,THAMES - WEST THAMES,Multiple Values,OPEN,FRESHWATER - RIVERS,2022-05-03T12:10:00,MONITORING  (NATIONAL AGENCY POLICY),RIVER / RUNNING SURFACE WATER,5446,Cypermethrin Identification,1,Text Result
https://environment.data.gov.uk/water-quality/sampling-point/TH-RSN0018/sample/1377645/observation/5732,TH-RSN0018,RSN0018 RIVER THAMES AT MAGNA CARTA,-0.562,51.4448,Thames,THAMES - WEST THAMES,Multiple Values,OPEN,FRESHWATER - RIVERS,2022-05-03T12:10:00,MONITORING  (NATIONAL AGENCY POLICY),RIVER / RUNNING SURFACE WATER,5732,Triphenyl Tin as Cation,<0.0002,MICROGRAM PER LITRE
https://environment.data.gov.uk/water-quality/sampling-point/TH-RSN0018/sample/1377645/observation/5889,TH-RSN0018,RSN0018 RIVER THAMES AT MAGNA CARTA,-0.562,51.4448,Thames,THAMES - WEST THAMES,Multiple Values,OPEN,FRESHWATER - RIVERS,2022-05-03T12:10:00,MONITORING  (NATIONAL AGENCY POLICY),RIVER / RUNNING SURFACE WATER,5889,Triclosan,<0.01,MICROGRAM PER LITRE
https://environment.data.gov.uk/water-quality/sampling-point/TH-RSN0018/sample/1377645/observation/6037,TH-RSN0018,RSN0018 RIVER THAMES AT MAGNA CARTA,-0.562,51.4448,Thames,THAMES - WEST THAMES,Multiple Values,OPEN,FRESHWATER - RIVERS,2022-05-03T12:10:00,MONITORING  (NATIONAL AGENCY POLICY),RIVER / RUNNING SURFACE WATER,6037,"Aluminium, Dissolved",<10,MICROGRAM PER LITRE
https://environment.data.gov.uk/water-quality/sampling-point/TH-RSN0018/sample/1377645/observation/6399,TH-RSN0018,RSN0018 RIVER THAMES AT MAGNA CARTA,-0.562,51.4448,Thames,THAMES - WEST THAMES,Multiple Values,OPEN,FRESHWATER - RIVERS,2022-05-03T12:10:00,MONITORING  (NATIONAL AGENCY POLICY),RIVER / RUNNING SURFACE WATER,6399,Benzo(a)Pyrene,<0.01,MICROGRAM PER LITRE
https://environment.data.gov.uk/water-quality/sampling-point/TH-RSN0018/sample/1377645/observation/6449,TH-RSN0018,RSN0018 RIVER THAMES AT MAGNA CARTA,-0.562,51.4448,Thames,THAMES - WEST THAMES,Multiple Values,OPEN,FRESHWATER - RIVERS,2022-05-03T12:10:00,MONITORING  (NATIONAL AGENCY POLICY),RIVER / RUNNING SURFACE WATER,6449,Bromoxynil,<0.005,MICROGRAM PER LITRE
https://environment.data.gov.uk/water-quality/sampling-point/TH-RSN0018/sample/1377645/observation/6450,TH-RSN0018,RSN0018 RIVER THAMES AT MAGNA CARTA,-0.562,51.4448,Thames,THAMES - WEST THAMES,Multiple Values,OPEN,FRESHWATER - RIVERS,2022-05-03T12:10:00,MONITORING  (NATIONAL AGENCY POLICY),RIVER / RUNNING SURFACE WATER,6450,"Copper, Dissolved",1.7,MICROGRAM PER LITRE
https://environment.data.gov.uk/water-quality/sampling-point/TH-RSN0018/sample/1377645/observation/6458,TH-RSN0018,RSN0018 RIVER THAMES AT MAGNA CARTA,-0.562,51.4448,Thames,THAMES - WEST THAMES,Multiple Values,OPEN,FRESHWATER - RIVERS,2022-05-03T12:10:00,MONITORING  (NATIONAL AGENCY POLICY),RIVER / RUNNING SURFACE WATER,6458,"Manganese, Dissolved",<10,MICROGRAM PER LITRE
https://environment.data.gov.uk/water-quality/sampling-point/TH-RSN0018/sample/1377645/observation/6460,TH-RSN0018,RSN0018 RIVER THAMES AT MAGNA CARTA,-0.562,51.4448,Thames,THAMES - WEST THAMES,Multiple Values,OPEN,FRESHWATER - RIVERS,2022-05-03T12:10:00,MONITORING  (NATIONAL AGENCY POLICY),RIVER / RUNNING SURFACE WATER,6460,"Iron, Dissolved",<30,MICROGRAM PER LITRE
https://environment.data.gov.uk/water-quality/sampling-point/TH-RSN0018/sample/1377645/observation/6620,TH-RSN0018,RSN0018 RIVER THAMES AT MAGNA CARTA,-0.562,51.4448,Thames,THAMES - WEST THAMES,Multiple Values,OPEN,FRESHWATER - RIVERS,2022-05-03T12:10:00,MONITORING  (NATIONAL AGENCY POLICY),RIVER / RUNNING SURFACE WATER,6620,Clopyralid,<0.005,MICROGRAM PER LITRE
https://environment.data.gov.uk/water-quality/sampling-point/TH-RSN0018/sample/1377645/observation/6671,TH-RSN0018,RSN0018 RIVER THAMES AT MAGNA CARTA,-0.562,51.4448,Thames,THAMES - WEST THAMES,Multiple Values,OPEN,FRESHWATER - RIVERS,2022-05-03T12:10:00,MONITORING  (NATIONAL AGENCY POLICY),RIVER / RUNNING SURFACE WATER,6671,Phenoxyacetic acid :- {PAA},0.024,MICROGRAM PER LITRE
https://environment.data.gov.uk/water-quality/sampling-point/TH-RSN0018/sample/1377645/observation/6672,TH-RSN0018,RSN0018 RIVER THAMES AT MAGNA CARTA,-0.562,51.4448,Thames,THAMES - WEST THAMES,Multiple Values,OPEN,FRESHWATER - RIVERS,2022-05-03T12:10:00,MONITORING  (NATIONAL AGENCY POLICY),RIVER / RUNNING SURFACE WATER,6672,4-Phenoxybutyric acid :- {PBA},<0.005,MICROGRAM PER LITRE
https://environment.data.gov.uk/water-quality/sampling-point/TH-RSN0018/sample/1377645/observation/6673,TH-RSN0018,RSN0018 RIVER THAMES AT MAGNA CARTA,-0.562,51.4448,Thames,THAMES - WEST THAMES,Multiple Values,OPEN,FRESHWATER - RIVERS,2022-05-03T12:10:00,MONITORING  (NATIONAL AGENCY POLICY),RIVER / RUNNING SURFACE WATER,6673,2-Phenoxypropionic acid :- {PPA},0.011,MICROGRAM PER LITRE
https://environment.data.gov.uk/water-quality/sampling-point/TH-RSN0018/sample/1377645/observation/6693,TH-RSN0018,RSN0018 RIVER THAMES AT MAGNA CARTA,-0.562,51.4448,Thames,THAMES - WEST THAMES,Multiple Values,OPEN,FRESHWATER - RIVERS,2022-05-03T12:10:00,MONITORING  (NATIONAL AGENCY POLICY),RIVER / RUNNING SURFACE WATER,6693,"Strontium, Filtered",320,MICROGRAM PER LITRE
https://environment.data.gov.uk/water-quality/sampling-point/TH-RSN0018/sample/1377645/observation/6724,TH-RSN0018,RSN0018 RIVER THAMES AT MAGNA CARTA,-0.562,51.4448,Thames,THAMES - WEST THAMES,Multiple Values,OPEN,FRESHWATER - RIVERS,2022-05-03T12:10:00,MONITORING  (NATIONAL AGENCY POLICY),RIVER / RUNNING SURFACE WATER,6724,Di(2-ethylhexyl) phthalate :- {DEHP},<0.2,MICROGRAM PER LITRE
https://environment.data.gov.uk/water-quality/sampling-point/TH-RSN0018/sample/1377645/observation/6760,TH-RSN0018,RSN0018 RIVER THAMES AT MAGNA CARTA,-0.562,51.4448,Thames,THAMES - WEST THAMES,Multiple Values,OPEN,FRESHWATER - RIVERS,2022-05-03T12:10:00,MONITORING  (NATIONAL AGENCY POLICY),RIVER / RUNNING SURFACE WATER,6760,Chloridazon,<0.01,MICROGRAM PER LITRE
https://environment.data.gov.uk/water-quality/sampling-point/TH-RSN0018/sample/1377645/observation/6955,TH-RSN0018,RSN0018 RIVER THAMES AT MAGNA CARTA,-0.562,51.4448,Thames,THAMES - WEST THAMES,Multiple Values,OPEN,FRESHWATER - RIVERS,2022-05-03T12:10:00,MONITORING  (NATIONAL AGENCY POLICY),RIVER / RUNNING SURFACE WATER,6955,Ethiofencarb,<0.005,MICROGRAM PER LITRE
https://environment.data.gov.uk/water-quality/sampling-point/TH-RSN0018/sample/1377645/observation/6971,TH-RSN0018,RSN0018 RIVER THAMES AT MAGNA CARTA,-0.562,51.4448,Thames,THAMES - WEST THAMES,Multiple Values,OPEN,FRESHWATER - RIVERS,2022-05-03T12:10:00,MONITORING  (NATIONAL AGENCY POLICY),RIVER / RUNNING SURFACE WATER,6971,Methiocarb,<0.001,MICROGRAM PER LITRE
https://environment.data.gov.uk/water-quality/sampling-point/TH-RSN0018/sample/1377645/observation/6972,TH-RSN0018,RSN0018 RIVER THAMES AT MAGNA CARTA,-0.562,51.4448,Thames,THAMES - WEST THAMES,Multiple Values,OPEN,FRESHWATER - RIVERS,2022-05-03T12:10:00,MONITORING  (NATIONAL AGENCY POLICY),RIVER / RUNNING SURFACE WATER,6972,Methomyl,<0.005,MICROGRAM PER LITRE
https://environment.data.gov.uk/water-quality/sampling-point/TH-RSN0018/sample/1377645/observation/6980,TH-RSN0018,RSN0018 RIVER THAMES AT MAGNA CARTA,-0.562,51.4448,Thames,THAMES - WEST THAMES,Multiple Values,OPEN,FRESHWATER - RIVERS,2022-05-03T12:10:00,MONITORING  (NATIONAL AGENCY POLICY),RIVER / RUNNING SURFACE WATER,6980,Oxamyl,<0.005,MICROGRAM PER LITRE
https://environment.data.gov.uk/water-quality/sampling-point/TH-RSN0018/sample/1377645/observation/6987,TH-RSN0018,RSN0018 RIVER THAMES AT MAGNA CARTA,-0.562,51.4448,Thames,THAMES - WEST THAMES,Multiple Values,OPEN,FRESHWATER - RIVERS,2022-05-03T12:10:00,MONITORING  (NATIONAL AGENCY POLICY),RIVER / RUNNING SURFACE WATER,6987,Propoxur,<0.005,MICROGRAM PER LITRE
https://environment.data.gov.uk/water-quality/sampling-point/TH-RSN0018/sample/1377645/observation/7025,TH-RSN0018,RSN0018 RIVER THAMES AT MAGNA CARTA,-0.562,51.4448,Thames,THAMES - WEST THAMES,Multiple Values,OPEN,FRESHWATER - RIVERS,2022-05-03T12:10:00,MONITORING  (NATIONAL AGENCY POLICY),RIVER / RUNNING SURFACE WATER,7025,Imazapyr,<0.005,MICROGRAM PER LITRE
https://environment.data.gov.uk/water-quality/sampling-point/TH-RSN0018/sample/1377645/observation/7053,TH-RSN0018,RSN0018 RIVER THAMES AT MAGNA CARTA,-0.562,51.4448,Thames,THAMES - WEST THAMES,Multiple Values,OPEN,FRESHWATER - RIVERS,2022-05-03T12:10:00,MONITORING  (NATIONAL AGENCY POLICY),RIVER / RUNNING SURFACE WATER,7053,Methabenzthiazuron,<0.01,MICROGRAM PER LITRE
https://environment.data.gov.uk/water-quality/sampling-point/TH-RSN0018/sample/1377645/observation/7125,TH-RSN0018,RSN0018 RIVER THAMES AT MAGNA CARTA,-0.562,51.4448,Thames,THAMES - WEST THAMES,Multiple Values,OPEN,FRESHWATER - RIVERS,2022-05-03T12:10:00,MONITORING  (NATIONAL AGENCY POLICY),RIVER / RUNNING SURFACE WATER,7125,Aminomethylphosphonic acid,0.26,MICROGRAM PER LITRE
https://environment.data.gov.uk/water-quality/sampling-point/TH-RSN0018/sample/1377645/observation/7726,TH-RSN0018,RSN0018 RIVER THAMES AT MAGNA CARTA,-0.562,51.4448,Thames,THAMES - WEST THAMES,Multiple Values,OPEN,FRESHWATER - RIVERS,2022-05-03T12:10:00,MONITORING  (NATIONAL AGENCY POLICY),RIVER / RUNNING SURFACE WATER,7726,"2,3,6-TBA :- {2,3,6-Trichlorobenzoic acid}",<0.02,MICROGRAM PER LITRE
https://environment.data.gov.uk/water-quality/sampling-point/TH-RSN0018/sample/1377645/observation/7859,TH-RSN0018,RSN0018 RIVER THAMES AT MAGNA CARTA,-0.562,51.4448,Thames,THAMES - WEST THAMES,Multiple Values,OPEN,FRESHWATER - RIVERS,2022-05-03T12:10:00,MONITORING  (NATIONAL AGENCY POLICY),RIVER / RUNNING SURFACE WATER,7859,"Sulphate, Dissolved as SO4",45,MILLIGRAM PER LITRE
https://environment.data.gov.uk/water-quality/sampling-point/TH-RSN0018/sample/1377645/observation/8806,TH-RSN0018,RSN0018 RIVER THAMES AT MAGNA CARTA,-0.562,51.4448,Thames,THAMES - WEST THAMES,Multiple Values,OPEN,FRESHWATER - RIVERS,2022-05-03T12:10:00,MONITORING  (NATIONAL AGENCY POLICY),RIVER / RUNNING SURFACE WATER,8806,Aldicarb sulfoxide,<0.005,MICROGRAM PER LITRE
https://environment.data.gov.uk/water-quality/sampling-point/TH-RSN0018/sample/1377645/observation/8807,TH-RSN0018,RSN0018 RIVER THAMES AT MAGNA CARTA,-0.562,51.4448,Thames,THAMES - WEST THAMES,Multiple Values,OPEN,FRESHWATER - RIVERS,2022-05-03T12:10:00,MONITORING  (NATIONAL AGENCY POLICY),RIVER / RUNNING SURFACE WATER,8807,Aldoxycarb :- {Aldicarb Sulfone},<0.005,MICROGRAM PER LITRE
https://environment.data.gov.uk/water-quality/sampling-point/TH-RSN0018/sample/1377645/observation/8944,TH-RSN0018,RSN0018 RIVER THAMES AT MAGNA CARTA,-0.562,51.4448,Thames,THAMES - WEST THAMES,Multiple Values,OPEN,FRESHWATER - RIVERS,2022-05-03T12:10:00,MONITORING  (NATIONAL AGENCY POLICY),RIVER / RUNNING SURFACE WATER,8944,Tributyl Tin as Cation,<0.0002,MICROGRAM PER LITRE
https://environment.data.gov.uk/water-quality/sampling-point/TH-RSN0018/sample/1377645/observation/9068,TH-RSN0018,RSN0018 RIVER THAMES AT MAGNA CARTA,-0.562,51.4448,Thames,THAMES - WEST THAMES,Multiple Values,OPEN,FRESHWATER - RIVERS,2022-05-03T12:10:00,MONITORING  (NATIONAL AGENCY POLICY),RIVER / RUNNING SURFACE WATER,9068,Ioxynil,<0.005,MICROGRAM PER LITRE
https://environment.data.gov.uk/water-quality/sampling-point/TH-RSN0018/sample/1377645/observation/9073,TH-RSN0018,RSN0018 RIVER THAMES AT MAGNA CARTA,-0.562,51.4448,Thames,THAMES - WEST THAMES,Multiple Values,OPEN,FRESHWATER - RIVERS,2022-05-03T12:10:00,MONITORING  (NATIONAL AGENCY POLICY),RIVER / RUNNING SURFACE WATER,9073,Carbetamide,<0.01,MICROGRAM PER LITRE
https://environment.data.gov.uk/water-quality/sampling-point/TH-RSN0018/sample/1377645/observation/9190,TH-RSN0018,RSN0018 RIVER THAMES AT MAGNA CARTA,-0.562,51.4448,Thames,THAMES - WEST THAMES,Multiple Values,OPEN,FRESHWATER - RIVERS,2022-05-03T12:10:00,MONITORING  (NATIONAL AGENCY POLICY),RIVER / RUNNING SURFACE WATER,9190,4-Nonylphenol Branched,<0.04,MICROGRAM PER LITRE
https://environment.data.gov.uk/water-quality/sampling-point/TH-RSN0018/sample/1377645/observation/9267,TH-RSN0018,RSN0018 RIVER THAMES AT MAGNA CARTA,-0.562,51.4448,Thames,THAMES - WEST THAMES,Multiple Values,OPEN,FRESHWATER - RIVERS,2022-05-03T12:10:00,MONITORING  (NATIONAL AGENCY POLICY),RIVER / RUNNING SURFACE WATER,9267,4-tert-Octylphenol :- {p-tert-Octylphenol},<0.01,MICROGRAM PER LITRE
https://environment.data.gov.uk/water-quality/sampling-point/TH-RSN0018/sample/1377645/observation/9274,TH-RSN0018,RSN0018 RIVER THAMES AT MAGNA CARTA,-0.562,51.4448,Thames,THAMES - WEST THAMES,Multiple Values,OPEN,FRESHWATER - RIVERS,2022-05-03T12:10:00,MONITORING  (NATIONAL AGENCY POLICY),RIVER / RUNNING SURFACE WATER,9274,Perfluorooctanoate anion,0.0021,MICROGRAM PER LITRE
https://environment.data.gov.uk/water-quality/sampling-point/TH-RSN0018/sample/1377645/observation/9276,TH-RSN0018,RSN0018 RIVER THAMES AT MAGNA CARTA,-0.562,51.4448,Thames,THAMES - WEST THAMES,Multiple Values,OPEN,FRESHWATER - RIVERS,2022-05-03T12:10:00,MONITORING  (NATIONAL AGENCY POLICY),RIVER / RUNNING SURFACE WATER,9276,Perfluorooctylsulphonate anion,0.0041,MICROGRAM PER LITRE
https://environment.data.gov.uk/water-quality/sampling-point/TH-RSN0018/sample/1377645/observation/9339,TH-RSN0018,RSN0018 RIVER THAMES AT MAGNA CARTA,-0.562,51.4448,Thames,THAMES - WEST THAMES,Multiple Values,OPEN,FRESHWATER - RIVERS,2022-05-03T12:10:00,MONITORING  (NATIONAL AGENCY POLICY),RIVER / RUNNING SURFACE WATER,9339,Fenuron,<0.01,MICROGRAM PER LITRE
https://environment.data.gov.uk/water-quality/sampling-point/TH-RSN0018/sample/1377645/observation/9341,TH-RSN0018,RSN0018 RIVER THAMES AT MAGNA CARTA,-0.562,51.4448,Thames,THAMES - WEST THAMES,Multiple Values,OPEN,FRESHWATER - RIVERS,2022-05-03T12:10:00,MONITORING  (NATIONAL AGENCY POLICY),RIVER / RUNNING SURFACE WATER,9341,cis-Permethrin,<0.0001,MICROGRAM PER LITRE
https://environment.data.gov.uk/water-quality/sampling-point/TH-RSN0018/sample/1377645/observation/9342,TH-RSN0018,RSN0018 RIVER THAMES AT MAGNA CARTA,-0.562,51.4448,Thames,THAMES - WEST THAMES,Multiple Values,OPEN,FRESHWATER - RIVERS,2022-05-03T12:10:00,MONITORING  (NATIONAL AGENCY POLICY),RIVER / RUNNING SURFACE WATER,9342,trans-Permethrin,<0.0001,MICROGRAM PER LITRE
https://environment.data.gov.uk/water-quality/sampling-point/TH-RSN0018/sample/1377645/observation/9343,TH-RSN0018,RSN0018 RIVER THAMES AT MAGNA CARTA,-0.562,51.4448,Thames,THAMES - WEST THAMES,Multiple Values,OPEN,FRESHWATER - RIVERS,2022-05-03T12:10:00,MONITORING  (NATIONAL AGENCY POLICY),RIVER / RUNNING SURFACE WATER,9343,Carbaryl,<0.01,MICROGRAM PER LITRE
https://environment.data.gov.uk/water-quality/sampling-point/TH-RSN0018/sample/1377645/observation/9344,TH-RSN0018,RSN0018 RIVER THAMES AT MAGNA CARTA,-0.562,51.4448,Thames,THAMES - WEST THAMES,Multiple Values,OPEN,FRESHWATER - RIVERS,2022-05-03T12:10:00,MONITORING  (NATIONAL AGENCY POLICY),RIVER / RUNNING SURFACE WATER,9344,Aldicarb,<0.005,MICROGRAM PER LITRE
https://environment.data.gov.uk/water-quality/sampling-point/TH-RSN0018/sample/1377645/observation/9345,TH-RSN0018,RSN0018 RIVER THAMES AT MAGNA CARTA,-0.562,51.4448,Thames,THAMES - WEST THAMES,Multiple Values,OPEN,FRESHWATER - RIVERS,2022-05-03T12:10:00,MONITORING  (NATIONAL AGENCY POLICY),RIVER / RUNNING SURFACE WATER,9345,Diflurobenzuron,<0.01,MICROGRAM PER LITRE
https://environment.data.gov.uk/water-quality/sampling-point/TH-RSN0018/sample/1377645/observation/9348,TH-RSN0018,RSN0018 RIVER THAMES AT MAGNA CARTA,-0.562,51.4448,Thames,THAMES - WEST THAMES,Multiple Values,OPEN,FRESHWATER - RIVERS,2022-05-03T12:10:00,MONITORING  (NATIONAL AGENCY POLICY),RIVER / RUNNING SURFACE WATER,9348,Chlorotoluron,<0.01,MICROGRAM PER LITRE
https://environment.data.gov.uk/water-quality/sampling-point/TH-RSN0018/sample/1377645/observation/9446,TH-RSN0018,RSN0018 RIVER THAMES AT MAGNA CARTA,-0.562,51.4448,Thames,THAMES - WEST THAMES,Multiple Values,OPEN,FRESHWATER - RIVERS,2022-05-03T12:10:00,MONITORING  (NATIONAL AGENCY POLICY),RIVER / RUNNING SURFACE WATER,9446,"Barium, Dissolved",16,MICROGRAM PER LITRE
https://environment.data.gov.uk/water-quality/sampling-point/TH-RSN0018/sample/1377645/observation/9447,TH-RSN0018,RSN0018 RIVER THAMES AT MAGNA CARTA,-0.562,51.4448,Thames,THAMES - WEST THAMES,Multiple Values,OPEN,FRESHWATER - RIVERS,2022-05-03T12:10:00,MONITORING  (NATIONAL AGENCY POLICY),RIVER / RUNNING SURFACE WATER,9447,"Boron, Dissolved",<100,MICROGRAM PER LITRE
https://environment.data.gov.uk/water-quality/sampling-point/TH-RSN0018/sample/1377645/observation/9686,TH-RSN0018,RSN0018 RIVER THAMES AT MAGNA CARTA,-0.562,51.4448,Thames,THAMES - WEST THAMES,Multiple Values,OPEN,FRESHWATER - RIVERS,2022-05-03T12:10:00,MONITORING  (NATIONAL AGENCY POLICY),RIVER / RUNNING SURFACE WATER,9686,"Nitrogen, Total as N",7.8,MILLIGRAM PER LITRE
https://environment.data.gov.uk/water-quality/sampling-point/TH-RSN0018/sample/1377645/observation/9756,TH-RSN0018,RSN0018 RIVER THAMES AT MAGNA CARTA,-0.562,51.4448,Thames,THAMES - WEST THAMES,Multiple Values,OPEN,FRESHWATER - RIVERS,2022-05-03T12:10:00,MONITORING  (NATIONAL AGENCY POLICY),RIVER / RUNNING SURFACE WATER,9756,Neburon,<0.01,MICROGRAM PER LITRE
https://environment.data.gov.uk/water-quality/sampling-point/TH-RSN0018/sample/1377645/observation/9861,TH-RSN0018,RSN0018 RIVER THAMES AT MAGNA CARTA,-0.562,51.4448,Thames,THAMES - WEST THAMES,Multiple Values,OPEN,FRESHWATER - RIVERS,2022-05-03T12:10:00,MONITORING  (NATIONAL AGENCY POLICY),RIVER / RUNNING SURFACE WATER,9861,Metsulfuron-methyl,<0.01,MICROGRAM PER LITRE
https://environment.data.gov.uk/water-quality/sampling-point/TH-RSN0018/sample/1377645/observation/9883,TH-RSN0018,RSN0018 RIVER THAMES AT MAGNA CARTA,-0.562,51.4448,Thames,THAMES - WEST THAMES,Multiple Values,OPEN,FRESHWATER - RIVERS,2022-05-03T12:10:00,MONITORING  (NATIONAL AGENCY POLICY),RIVER / RUNNING SURFACE WATER,9883,Picloram,<0.005,MICROGRAM PER LITRE
https://environment.data.gov.uk/water-quality/sampling-point/TH-RSN0018/sample/1377645/observation/9889,TH-RSN0018,RSN0018 RIVER THAMES AT MAGNA CARTA,-0.562,51.4448,Thames,THAMES - WEST THAMES,Multiple Values,OPEN,FRESHWATER - RIVERS,2022-05-03T12:10:00,MONITORING  (NATIONAL AGENCY POLICY),RIVER / RUNNING SURFACE WATER,9889,Oestrone :- {E1},0.41,NANOGRAM PER LITRE
https://environment.data.gov.uk/water-quality/sampling-point/TH-RSN0018/sample/1377645/observation/9898,TH-RSN0018,RSN0018 RIVER THAMES AT MAGNA CARTA,-0.562,51.4448,Thames,THAMES - WEST THAMES,Multiple Values,OPEN,FRESHWATER - RIVERS,2022-05-03T12:10:00,MONITORING  (NATIONAL AGENCY POLICY),RIVER / RUNNING SURFACE WATER,9898,17beta oestradiol :- {E2},0.094,NANOGRAM PER LITRE
https://environment.data.gov.uk/water-quality/sampling-point/TH-RSN0018/sample/1377645/observation/9899,TH-RSN0018,RSN0018 RIVER THAMES AT MAGNA CARTA,-0.562,51.4448,Thames,THAMES - WEST THAMES,Multiple Values,OPEN,FRESHWATER - RIVERS,2022-05-03T12:10:00,MONITORING  (NATIONAL AGENCY POLICY),RIVER / RUNNING SURFACE WATER,9899,17alpha ethynyloestradiol :- {EE2},0.11,NANOGRAM PER LITRE
https://environment.data.gov.uk/water-quality/sampling-point/TH-RSN0018/sample/1377645/observation/9901,TH-RSN0018,RSN0018 RIVER THAMES AT MAGNA CARTA,-0.562,51.4448,Thames,THAMES - WEST THAMES,Multiple Values,OPEN,FRESHWATER - RIVERS,2022-05-03T12:10:00,MONITORING  (NATIONAL AGENCY POLICY),RIVER / RUNNING SURFACE WATER,9901,"Oxygen, Dissolved, % Saturation",138.8,PERCENTAGE
https://environment.data.gov.uk/water-quality/sampling-point/TH-RSN0018/sample/1377645/observation/9924,TH-RSN0018,RSN0018 RIVER THAMES AT MAGNA CARTA,-0.562,51.4448,Thames,THAMES - WEST THAMES,Multiple Values,OPEN,FRESHWATER - RIVERS,2022-05-03T12:10:00,MONITORING  (NATIONAL AGENCY POLICY),RIVER / RUNNING SURFACE WATER,9924,"Oxygen, Dissolved as O2",14.4,MILLIGRAM PER LITRE
https://environment.data.gov.uk/water-quality/sampling-point/TH-RSN0018/sample/1379538/observation/0052,TH-RSN0018,RSN0018 RIVER THAMES AT MAGNA CARTA,-0.562,51.4448,Thames,THAMES - WEST THAMES,Multiple Values,OPEN,FRESHWATER - RIVERS,2022-06-08T15:15:00,MONITORING  (NATIONAL AGENCY POLICY),RIVER / RUNNING SURFACE WATER,0052,"Lead, Dissolved",<0.1,MICROGRAM PER LITRE
https://environment.data.gov.uk/water-quality/sampling-point/TH-RSN0018/sample/1379538/observation/0061,TH-RSN0018,RSN0018 RIVER THAMES AT MAGNA CARTA,-0.562,51.4448,Thames,THAMES - WEST THAMES,Multiple Values,OPEN,FRESHWATER - RIVERS,2022-06-08T15:15:00,MONITORING  (NATIONAL AGENCY POLICY),RIVER / RUNNING SURFACE WATER,0061,pH,7.98,PH UNITS
https://environment.data.gov.uk/water-quality/sampling-point/TH-RSN0018/sample/1379538/observation/0073,TH-RSN0018,RSN0018 RIVER THAMES AT MAGNA CARTA,-0.562,51.4448,Thames,THAMES - WEST THAMES,Multiple Values,OPEN,FRESHWATER - RIVERS,2022-06-08T15:15:00,MONITORING  (NATIONAL AGENCY POLICY),RIVER / RUNNING SURFACE WATER,0073,Cypermethrin,<0.00001,MICROGRAM PER LITRE
https://environment.data.gov.uk/water-quality/sampling-point/TH-RSN0018/sample/1379538/observation/0076,TH-RSN0018,RSN0018 RIVER THAMES AT MAGNA CARTA,-0.562,51.4448,Thames,THAMES - WEST THAMES,Multiple Values,OPEN,FRESHWATER - RIVERS,2022-06-08T15:15:00,MONITORING  (NATIONAL AGENCY POLICY),RIVER / RUNNING SURFACE WATER,0076,Temperature of Water,17.9,CELSIUS
https://environment.data.gov.uk/water-quality/sampling-point/TH-RSN0018/sample/1379538/observation/0077,TH-RSN0018,RSN0018 RIVER THAMES AT MAGNA CARTA,-0.562,51.4448,Thames,THAMES - WEST THAMES,Multiple Values,OPEN,FRESHWATER - RIVERS,2022-06-08T15:15:00,MONITORING  (NATIONAL AGENCY POLICY),RIVER / RUNNING SURFACE WATER,0077,Conductivity at 25 C,678,MICROSIEMENS PER CENTIMETRE
https://environment.data.gov.uk/water-quality/sampling-point/TH-RSN0018/sample/1379538/observation/0106,TH-RSN0018,RSN0018 RIVER THAMES AT MAGNA CARTA,-0.562,51.4448,Thames,THAMES - WEST THAMES,Multiple Values,OPEN,FRESHWATER - RIVERS,2022-06-08T15:15:00,MONITORING  (NATIONAL AGENCY POLICY),RIVER / RUNNING SURFACE WATER,0106,"Cadmium, Dissolved",0.012,MICROGRAM PER LITRE
https://environment.data.gov.uk/water-quality/sampling-point/TH-RSN0018/sample/1379538/observation/0111,TH-RSN0018,RSN0018 RIVER THAMES AT MAGNA CARTA,-0.562,51.4448,Thames,THAMES - WEST THAMES,Multiple Values,OPEN,FRESHWATER - RIVERS,2022-06-08T15:15:00,MONITORING  (NATIONAL AGENCY POLICY),RIVER / RUNNING SURFACE WATER,0111,Ammoniacal Nitrogen as N,0.04,MILLIGRAM PER LITRE
https://environment.data.gov.uk/water-quality/sampling-point/TH-RSN0018/sample/1379538/observation/0116,TH-RSN0018,RSN0018 RIVER THAMES AT MAGNA CARTA,-0.562,51.4448,Thames,THAMES - WEST THAMES,Multiple Values,OPEN,FRESHWATER - RIVERS,2022-06-08T15:15:00,MONITORING  (NATIONAL AGENCY POLICY),RIVER / RUNNING SURFACE WATER,0116,"Nitrogen, Total Oxidised as N",7,MILLIGRAM PER LITRE
https://environment.data.gov.uk/water-quality/sampling-point/TH-RSN0018/sample/1379538/observation/0117,TH-RSN0018,RSN0018 RIVER THAMES AT MAGNA CARTA,-0.562,51.4448,Thames,THAMES - WEST THAMES,Multiple Values,OPEN,FRESHWATER - RIVERS,2022-06-08T15:15:00,MONITORING  (NATIONAL AGENCY POLICY),RIVER / RUNNING SURFACE WATER,0117,Nitrate as N,6.98,MILLIGRAM PER LITRE
https://environment.data.gov.uk/water-quality/sampling-point/TH-RSN0018/sample/1379538/observation/0118,TH-RSN0018,RSN0018 RIVER THAMES AT MAGNA CARTA,-0.562,51.4448,Thames,THAMES - WEST THAMES,Multiple Values,OPEN,FRESHWATER - RIVERS,2022-06-08T15:15:00,MONITORING  (NATIONAL AGENCY POLICY),RIVER / RUNNING SURFACE WATER,0118,Nitrite as N,0.022,MILLIGRAM PER LITRE
https://environment.data.gov.uk/water-quality/sampling-point/TH-RSN0018/sample/1379538/observation/0119,TH-RSN0018,RSN0018 RIVER THAMES AT MAGNA CARTA,-0.562,51.4448,Thames,THAMES - WEST THAMES,Multiple Values,OPEN,FRESHWATER - RIVERS,2022-06-08T15:15:00,MONITORING  (NATIONAL AGENCY POLICY),RIVER / RUNNING SURFACE WATER,0119,Ammonia un-ionised as N,0.00124,MILLIGRAM PER LITRE
https://environment.data.gov.uk/water-quality/sampling-point/TH-RSN0018/sample/1379538/observation/0158,TH-RSN0018,RSN0018 RIVER THAMES AT MAGNA CARTA,-0.562,51.4448,Thames,THAMES - WEST THAMES,Multiple Values,OPEN,FRESHWATER - RIVERS,2022-06-08T15:15:00,MONITORING  (NATIONAL AGENCY POLICY),RIVER / RUNNING SURFACE WATER,0158,"Hardness, Total as CaCO3",267,MILLIGRAM PER LITRE
https://environment.data.gov.uk/water-quality/sampling-point/TH-RSN0018/sample/1379538/observation/0162,TH-RSN0018,RSN0018 RIVER THAMES AT MAGNA CARTA,-0.562,51.4448,Thames,THAMES - WEST THAMES,Multiple Values,OPEN,FRESHWATER - RIVERS,2022-06-08T15:15:00,MONITORING  (NATIONAL AGENCY POLICY),RIVER / RUNNING SURFACE WATER,0162,Alkalinity to pH 4.5 as CaCO3,210,MILLIGRAM PER LITRE
https://environment.data.gov.uk/water-quality/sampling-point/TH-RSN0018/sample/1379538/observation/0163,TH-RSN0018,RSN0018 RIVER THAMES AT MAGNA CARTA,-0.562,51.4448,Thames,THAMES - WEST THAMES,Multiple Values,OPEN,FRESHWATER - RIVERS,2022-06-08T15:15:00,MONITORING  (NATIONAL AGENCY POLICY),RIVER / RUNNING SURFACE WATER,0163,"Hardness, Calcium",250,MILLIGRAM PER LITRE
https://environment.data.gov.uk/water-quality/sampling-point/TH-RSN0018/sample/1379538/observation/0172,TH-RSN0018,RSN0018 RIVER THAMES AT MAGNA CARTA,-0.562,51.4448,Thames,THAMES - WEST THAMES,Multiple Values,OPEN,FRESHWATER - RIVERS,2022-06-08T15:15:00,MONITORING  (NATIONAL AGENCY POLICY),RIVER / RUNNING SURFACE WATER,0172,Chloride,46,MILLIGRAM PER LITRE
https://environment.data.gov.uk/water-quality/sampling-point/TH-RSN0018/sample/1379538/observation/0180,TH-RSN0018,RSN0018 RIVER THAMES AT MAGNA CARTA,-0.562,51.4448,Thames,THAMES - WEST THAMES,Multiple Values,OPEN,FRESHWATER - RIVERS,2022-06-08T15:15:00,MONITORING  (NATIONAL AGENCY POLICY),RIVER / RUNNING SURFACE WATER,0180,"Orthophosphate, reactive as P",0.2,MILLIGRAM PER LITRE
https://environment.data.gov.uk/water-quality/sampling-point/TH-RSN0018/sample/1379538/observation/0182,TH-RSN0018,RSN0018 RIVER THAMES AT MAGNA CARTA,-0.562,51.4448,Thames,THAMES - WEST THAMES,Multiple Values,OPEN,FRESHWATER - RIVERS,2022-06-08T15:15:00,MONITORING  (NATIONAL AGENCY POLICY),RIVER / RUNNING SURFACE WATER,0182,"Silica, reactive as SiO2",13,MILLIGRAM PER LITRE
https://environment.data.gov.uk/water-quality/sampling-point/TH-RSN0018/sample/1379538/observation/0205,TH-RSN0018,RSN0018 RIVER THAMES AT MAGNA CARTA,-0.562,51.4448,Thames,THAMES - WEST THAMES,Multiple Values,OPEN,FRESHWATER - RIVERS,2022-06-08T15:15:00,MONITORING  (NATIONAL AGENCY POLICY),RIVER / RUNNING SURFACE WATER,0205,"Sodium, Dissolved",33,MILLIGRAM PER LITRE
https://environment.data.gov.uk/water-quality/sampling-point/TH-RSN0018/sample/1379538/observation/0209,TH-RSN0018,RSN0018 RIVER THAMES AT MAGNA CARTA,-0.562,51.4448,Thames,THAMES - WEST THAMES,Multiple Values,OPEN,FRESHWATER - RIVERS,2022-06-08T15:15:00,MONITORING  (NATIONAL AGENCY POLICY),RIVER / RUNNING SURFACE WATER,0209,"Potassium, Dissolved",5.9,MILLIGRAM PER LITRE
https://environment.data.gov.uk/water-quality/sampling-point/TH-RSN0018/sample/1379538/observation/0235,TH-RSN0018,RSN0018 RIVER THAMES AT MAGNA CARTA,-0.562,51.4448,Thames,THAMES - WEST THAMES,Multiple Values,OPEN,FRESHWATER - RIVERS,2022-06-08T15:15:00,MONITORING  (NATIONAL AGENCY POLICY),RIVER / RUNNING SURFACE WATER,0235,"Magnesium, Dissolved",4.2,MILLIGRAM PER LITRE
https://environment.data.gov.uk/water-quality/sampling-point/TH-RSN0018/sample/1379538/observation/0239,TH-RSN0018,RSN0018 RIVER THAMES AT MAGNA CARTA,-0.562,51.4448,Thames,THAMES - WEST THAMES,Multiple Values,OPEN,FRESHWATER - RIVERS,2022-06-08T15:15:00,MONITORING  (NATIONAL AGENCY POLICY),RIVER / RUNNING SURFACE WATER,0239,"Calcium, Dissolved",100,MILLIGRAM PER LITRE
https://environment.data.gov.uk/water-quality/sampling-point/TH-RSN0018/sample/1379538/observation/0301,TH-RSN0018,RSN0018 RIVER THAMES AT MAGNA CARTA,-0.562,51.4448,Thames,THAMES - WEST THAMES,Multiple Values,OPEN,FRESHWATER - RIVERS,2022-06-08T15:15:00,MONITORING  (NATIONAL AGENCY POLICY),RIVER / RUNNING SURFACE WATER,0301,"Carbon, Organic, Dissolved as C :- {DOC}",3.4,MILLIGRAM PER LITRE
https://environment.data.gov.uk/water-quality/sampling-point/TH-RSN0018/sample/1379538/observation/0348,TH-RSN0018,RSN0018 RIVER THAMES AT MAGNA CARTA,-0.562,51.4448,Thames,THAMES - WEST THAMES,Multiple Values,OPEN,FRESHWATER - RIVERS,2022-06-08T15:15:00,MONITORING  (NATIONAL AGENCY POLICY),RIVER / RUNNING SURFACE WATER,0348,"Phosphorus, Total as P",0.26,MILLIGRAM PER LITRE
https://environment.data.gov.uk/water-quality/sampling-point/TH-RSN0018/sample/1379538/observation/0714,TH-RSN0018,RSN0018 RIVER THAMES AT MAGNA CARTA,-0.562,51.4448,Thames,THAMES - WEST THAMES,Multiple Values,OPEN,FRESHWATER - RIVERS,2022-06-08T15:15:00,MONITORING  (NATIONAL AGENCY POLICY),RIVER / RUNNING SURFACE WATER,0714,"Benzo(g,h,i)Perylene",<0.01,MICROGRAM PER LITRE
https://environment.data.gov.uk/water-quality/sampling-point/TH-RSN0018/sample/1379538/observation/0731,TH-RSN0018,RSN0018 RIVER THAMES AT MAGNA CARTA,-0.562,51.4448,Thames,THAMES - WEST THAMES,Multiple Values,OPEN,FRESHWATER - RIVERS,2022-06-08T15:15:00,MONITORING  (NATIONAL AGENCY POLICY),RIVER / RUNNING SURFACE WATER,0731,Benzo(b)Fluoranthene,<0.01,MICROGRAM PER LITRE
https://environment.data.gov.uk/water-quality/sampling-point/TH-RSN0018/sample/1379538/observation/0733,TH-RSN0018,RSN0018 RIVER THAMES AT MAGNA CARTA,-0.562,51.4448,Thames,THAMES - WEST THAMES,Multiple Values,OPEN,FRESHWATER - RIVERS,2022-06-08T15:15:00,MONITORING  (NATIONAL AGENCY POLICY),RIVER / RUNNING SURFACE WATER,0733,Benzo(k)Fluoranthene,<0.01,MICROGRAM PER LITRE
https://environment.data.gov.uk/water-quality/sampling-point/TH-RSN0018/sample/1379538/observation/0736,TH-RSN0018,RSN0018 RIVER THAMES AT MAGNA CARTA,-0.562,51.4448,Thames,THAMES - WEST THAMES,Multiple Values,OPEN,FRESHWATER - RIVERS,2022-06-08T15:15:00,MONITORING  (NATIONAL AGENCY POLICY),RIVER / RUNNING SURFACE WATER,0736,Fluoranthene,<0.01,MICROGRAM PER LITRE
https://environment.data.gov.uk/water-quality/sampling-point/TH-RSN0018/sample/1379538/observation/0746,TH-RSN0018,RSN0018 RIVER THAMES AT MAGNA CARTA,-0.562,51.4448,Thames,THAMES - WEST THAMES,Multiple Values,OPEN,FRESHWATER - RIVERS,2022-06-08T15:15:00,MONITORING  (NATIONAL AGENCY POLICY),RIVER / RUNNING SURFACE WATER,0746,"Indeno(1,2,3-cd)pyrene",<0.01,MICROGRAM PER LITRE
https://environment.data.gov.uk/water-quality/sampling-point/TH-RSN0018/sample/1379538/observation/3004,TH-RSN0018,RSN0018 RIVER THAMES AT MAGNA CARTA,-0.562,51.4448,Thames,THAMES - WEST THAMES,Multiple Values,OPEN,FRESHWATER - RIVERS,2022-06-08T15:15:00,MONITORING  (NATIONAL AGENCY POLICY),RIVER / RUNNING SURFACE WATER,3004,Asulam,<0.02,MICROGRAM PER LITRE
https://environment.data.gov.uk/water-quality/sampling-point/TH-RSN0018/sample/1379538/observation/3007,TH-RSN0018,RSN0018 RIVER THAMES AT MAGNA CARTA,-0.562,51.4448,Thames,THAMES - WEST THAMES,Multiple Values,OPEN,FRESHWATER - RIVERS,2022-06-08T15:15:00,MONITORING  (NATIONAL AGENCY POLICY),RIVER / RUNNING SURFACE WATER,3007,Glyphosate,<0.3,MICROGRAM PER LITRE
https://environment.data.gov.uk/water-quality/sampling-point/TH-RSN0018/sample/1379538/observation/3086,TH-RSN0018,RSN0018 RIVER THAMES AT MAGNA CARTA,-0.562,51.4448,Thames,THAMES - WEST THAMES,Multiple Values,OPEN,FRESHWATER - RIVERS,2022-06-08T15:15:00,MONITORING  (NATIONAL AGENCY POLICY),RIVER / RUNNING SURFACE WATER,3086,Carbofuran,<0.005,MICROGRAM PER LITRE
https://environment.data.gov.uk/water-quality/sampling-point/TH-RSN0018/sample/1379538/observation/3117,TH-RSN0018,RSN0018 RIVER THAMES AT MAGNA CARTA,-0.562,51.4448,Thames,THAMES - WEST THAMES,Multiple Values,OPEN,FRESHWATER - RIVERS,2022-06-08T15:15:00,MONITORING  (NATIONAL AGENCY POLICY),RIVER / RUNNING SURFACE WATER,3117,Isoproturon,<0.01,MICROGRAM PER LITRE
https://environment.data.gov.uk/water-quality/sampling-point/TH-RSN0018/sample/1379538/observation/3118,TH-RSN0018,RSN0018 RIVER THAMES AT MAGNA CARTA,-0.562,51.4448,Thames,THAMES - WEST THAMES,Multiple Values,OPEN,FRESHWATER - RIVERS,2022-06-08T15:15:00,MONITORING  (NATIONAL AGENCY POLICY),RIVER / RUNNING SURFACE WATER,3118,Linuron,<0.01,MICROGRAM PER LITRE
https://environment.data.gov.uk/water-quality/sampling-point/TH-RSN0018/sample/1379538/observation/3130,TH-RSN0018,RSN0018 RIVER THAMES AT MAGNA CARTA,-0.562,51.4448,Thames,THAMES - WEST THAMES,Multiple Values,OPEN,FRESHWATER - RIVERS,2022-06-08T15:15:00,MONITORING  (NATIONAL AGENCY POLICY),RIVER / RUNNING SURFACE WATER,3130,Metoxuron,<0.01,MICROGRAM PER LITRE
https://environment.data.gov.uk/water-quality/sampling-point/TH-RSN0018/sample/1379538/observation/3341,TH-RSN0018,RSN0018 RIVER THAMES AT MAGNA CARTA,-0.562,51.4448,Thames,THAMES - WEST THAMES,Multiple Values,OPEN,FRESHWATER - RIVERS,2022-06-08T15:15:00,MONITORING  (NATIONAL AGENCY POLICY),RIVER / RUNNING SURFACE WATER,3341,4-Chloro-2-methylphenol :- {p-Chloro-o-cresol},<0.05,MICROGRAM PER LITRE
https://environment.data.gov.uk/water-quality/sampling-point/TH-RSN0018/sample/1379538/observation/3377,TH-RSN0018,RSN0018 RIVER THAMES AT MAGNA CARTA,-0.562,51.4448,Thames,THAMES - WEST THAMES,Multiple Values,OPEN,FRESHWATER - RIVERS,2022-06-08T15:15:00,MONITORING  (NATIONAL AGENCY POLICY),RIVER / RUNNING SURFACE WATER,3377,Lead : BLM Bioavailable,0.01,MICROGRAM PER LITRE
https://environment.data.gov.uk/water-quality/sampling-point/TH-RSN0018/sample/1379538/observation/3399,TH-RSN0018,RSN0018 RIVER THAMES AT MAGNA CARTA,-0.562,51.4448,Thames,THAMES - WEST THAMES,Multiple Values,OPEN,FRESHWATER - RIVERS,2022-06-08T15:15:00,MONITORING  (NATIONAL AGENCY POLICY),RIVER / RUNNING SURFACE WATER,3399,Chloroxuron,<0.01,MICROGRAM PER LITRE
https://environment.data.gov.uk/water-quality/sampling-point/TH-RSN0018/sample/1379538/observation/3400,TH-RSN0018,RSN0018 RIVER THAMES AT MAGNA CARTA,-0.562,51.4448,Thames,THAMES - WEST THAMES,Multiple Values,OPEN,FRESHWATER - RIVERS,2022-06-08T15:15:00,MONITORING  (NATIONAL AGENCY POLICY),RIVER / RUNNING SURFACE WATER,3400,Monuron,<0.01,MICROGRAM PER LITRE
https://environment.data.gov.uk/water-quality/sampling-point/TH-RSN0018/sample/1379538/observation/3408,TH-RSN0018,RSN0018 RIVER THAMES AT MAGNA CARTA,-0.562,51.4448,Thames,THAMES - WEST THAMES,Multiple Values,OPEN,FRESHWATER - RIVERS,2022-06-08T15:15:00,MONITORING  (NATIONAL AGENCY POLICY),RIVER / RUNNING SURFACE WATER,3408,"Zinc, Dissolved",4.1,MICROGRAM PER LITRE
https://environment.data.gov.uk/water-quality/sampling-point/TH-RSN0018/sample/1379538/observation/3409,TH-RSN0018,RSN0018 RIVER THAMES AT MAGNA CARTA,-0.562,51.4448,Thames,THAMES - WEST THAMES,Multiple Values,OPEN,FRESHWATER - RIVERS,2022-06-08T15:15:00,MONITORING  (NATIONAL AGENCY POLICY),RIVER / RUNNING SURFACE WATER,3409,"Chromium, Dissolved",<0.5,MICROGRAM PER LITRE
https://environment.data.gov.uk/water-quality/sampling-point/TH-RSN0018/sample/1379538/observation/3410,TH-RSN0018,RSN0018 RIVER THAMES AT MAGNA CARTA,-0.562,51.4448,Thames,THAMES - WEST THAMES,Multiple Values,OPEN,FRESHWATER - RIVERS,2022-06-08T15:15:00,MONITORING  (NATIONAL AGENCY POLICY),RIVER / RUNNING SURFACE WATER,3410,"Nickel, Dissolved",1.7,MICROGRAM PER LITRE
https://environment.data.gov.uk/water-quality/sampling-point/TH-RSN0018/sample/1379538/observation/3475,TH-RSN0018,RSN0018 RIVER THAMES AT MAGNA CARTA,-0.562,51.4448,Thames,THAMES - WEST THAMES,Multiple Values,OPEN,FRESHWATER - RIVERS,2022-06-08T15:15:00,MONITORING  (NATIONAL AGENCY POLICY),RIVER / RUNNING SURFACE WATER,3475,Carbendazim,<0.01,MICROGRAM PER LITRE
https://environment.data.gov.uk/water-quality/sampling-point/TH-RSN0018/sample/1379538/observation/3545,TH-RSN0018,RSN0018 RIVER THAMES AT MAGNA CARTA,-0.562,51.4448,Thames,THAMES - WEST THAMES,Multiple Values,OPEN,FRESHWATER - RIVERS,2022-06-08T15:15:00,MONITORING  (NATIONAL AGENCY POLICY),RIVER / RUNNING SURFACE WATER,3545,"2,4-D :- {2,4-Dichlorophenoxyacetic acid}",0.014,MICROGRAM PER LITRE
https://environment.data.gov.uk/water-quality/sampling-point/TH-RSN0018/sample/1379538/observation/3546,TH-RSN0018,RSN0018 RIVER THAMES AT MAGNA CARTA,-0.562,51.4448,Thames,THAMES - WEST THAMES,Multiple Values,OPEN,FRESHWATER - RIVERS,2022-06-08T15:15:00,MONITORING  (NATIONAL AGENCY POLICY),RIVER / RUNNING SURFACE WATER,3546,"2,4,5-T :- {2,4,5-Trichlorophenoxyacetic acid}",<0.005,MICROGRAM PER LITRE
https://environment.data.gov.uk/water-quality/sampling-point/TH-RSN0018/sample/1379538/observation/3547,TH-RSN0018,RSN0018 RIVER THAMES AT MAGNA CARTA,-0.562,51.4448,Thames,THAMES - WEST THAMES,Multiple Values,OPEN,FRESHWATER - RIVERS,2022-06-08T15:15:00,MONITORING  (NATIONAL AGENCY POLICY),RIVER / RUNNING SURFACE WATER,3547,4-Chlorophenoxyacetic acid,<0.005,MICROGRAM PER LITRE
https://environment.data.gov.uk/water-quality/sampling-point/TH-RSN0018/sample/1379538/observation/3548,TH-RSN0018,RSN0018 RIVER THAMES AT MAGNA CARTA,-0.562,51.4448,Thames,THAMES - WEST THAMES,Multiple Values,OPEN,FRESHWATER - RIVERS,2022-06-08T15:15:00,MONITORING  (NATIONAL AGENCY POLICY),RIVER / RUNNING SURFACE WATER,3548,MCPA :- {4-Chloro-2-methylphenoxyacetic acid} ,0.011,MICROGRAM PER LITRE
https://environment.data.gov.uk/water-quality/sampling-point/TH-RSN0018/sample/1379538/observation/3549,TH-RSN0018,RSN0018 RIVER THAMES AT MAGNA CARTA,-0.562,51.4448,Thames,THAMES - WEST THAMES,Multiple Values,OPEN,FRESHWATER - RIVERS,2022-06-08T15:15:00,MONITORING  (NATIONAL AGENCY POLICY),RIVER / RUNNING SURFACE WATER,3549,Mecoprop,0.0098,MICROGRAM PER LITRE
https://environment.data.gov.uk/water-quality/sampling-point/TH-RSN0018/sample/1379538/observation/3550,TH-RSN0018,RSN0018 RIVER THAMES AT MAGNA CARTA,-0.562,51.4448,Thames,THAMES - WEST THAMES,Multiple Values,OPEN,FRESHWATER - RIVERS,2022-06-08T15:15:00,MONITORING  (NATIONAL AGENCY POLICY),RIVER / RUNNING SURFACE WATER,3550,Dicamba,<0.01,MICROGRAM PER LITRE
https://environment.data.gov.uk/water-quality/sampling-point/TH-RSN0018/sample/1379538/observation/3551,TH-RSN0018,RSN0018 RIVER THAMES AT MAGNA CARTA,-0.562,51.4448,Thames,THAMES - WEST THAMES,Multiple Values,OPEN,FRESHWATER - RIVERS,2022-06-08T15:15:00,MONITORING  (NATIONAL AGENCY POLICY),RIVER / RUNNING SURFACE WATER,3551,"Dichlorprop :- {2,4-DP}",<0.005,MICROGRAM PER LITRE
https://environment.data.gov.uk/water-quality/sampling-point/TH-RSN0018/sample/1379538/observation/3552,TH-RSN0018,RSN0018 RIVER THAMES AT MAGNA CARTA,-0.562,51.4448,Thames,THAMES - WEST THAMES,Multiple Values,OPEN,FRESHWATER - RIVERS,2022-06-08T15:15:00,MONITORING  (NATIONAL AGENCY POLICY),RIVER / RUNNING SURFACE WATER,3552,Fenoprop,<0.005,MICROGRAM PER LITRE
https://environment.data.gov.uk/water-quality/sampling-point/TH-RSN0018/sample/1379538/observation/3555,TH-RSN0018,RSN0018 RIVER THAMES AT MAGNA CARTA,-0.562,51.4448,Thames,THAMES - WEST THAMES,Multiple Values,OPEN,FRESHWATER - RIVERS,2022-06-08T15:15:00,MONITORING  (NATIONAL AGENCY POLICY),RIVER / RUNNING SURFACE WATER,3555,Triclopyr,0.0056,MICROGRAM PER LITRE
https://environment.data.gov.uk/water-quality/sampling-point/TH-RSN0018/sample/1379538/observation/3790,TH-RSN0018,RSN0018 RIVER THAMES AT MAGNA CARTA,-0.562,51.4448,Thames,THAMES - WEST THAMES,Multiple Values,OPEN,FRESHWATER - RIVERS,2022-06-08T15:15:00,MONITORING  (NATIONAL AGENCY POLICY),RIVER / RUNNING SURFACE WATER,3790,MCPB :- {4-Chloro-2-methylphenoxybutyric acid},<0.005,MICROGRAM PER LITRE
https://environment.data.gov.uk/water-quality/sampling-point/TH-RSN0018/sample/1379538/observation/3791,TH-RSN0018,RSN0018 RIVER THAMES AT MAGNA CARTA,-0.562,51.4448,Thames,THAMES - WEST THAMES,Multiple Values,OPEN,FRESHWATER - RIVERS,2022-06-08T15:15:00,MONITORING  (NATIONAL AGENCY POLICY),RIVER / RUNNING SURFACE WATER,3791,"2,4-DB :- {4-(2,4-dichlorophenoxy)butyric acid}",<0.005,MICROGRAM PER LITRE
https://environment.data.gov.uk/water-quality/sampling-point/TH-RSN0018/sample/1379538/observation/3792,TH-RSN0018,RSN0018 RIVER THAMES AT MAGNA CARTA,-0.562,51.4448,Thames,THAMES - WEST THAMES,Multiple Values,OPEN,FRESHWATER - RIVERS,2022-06-08T15:15:00,MONITORING  (NATIONAL AGENCY POLICY),RIVER / RUNNING SURFACE WATER,3792,Benazolin,<0.005,MICROGRAM PER LITRE
https://environment.data.gov.uk/water-quality/sampling-point/TH-RSN0018/sample/1379538/observation/3811,TH-RSN0018,RSN0018 RIVER THAMES AT MAGNA CARTA,-0.562,51.4448,Thames,THAMES - WEST THAMES,Multiple Values,OPEN,FRESHWATER - RIVERS,2022-06-08T15:15:00,MONITORING  (NATIONAL AGENCY POLICY),RIVER / RUNNING SURFACE WATER,3811,Diuron,<0.01,MICROGRAM PER LITRE
https://environment.data.gov.uk/water-quality/sampling-point/TH-RSN0018/sample/1379538/observation/3878,TH-RSN0018,RSN0018 RIVER THAMES AT MAGNA CARTA,-0.562,51.4448,Thames,THAMES - WEST THAMES,Multiple Values,OPEN,FRESHWATER - RIVERS,2022-06-08T15:15:00,MONITORING  (NATIONAL AGENCY POLICY),RIVER / RUNNING SURFACE WATER,3878,Nickel : BLM Bioavailable,0.78,MICROGRAM PER LITRE
https://environment.data.gov.uk/water-quality/sampling-point/TH-RSN0018/sample/1379538/observation/4064,TH-RSN0018,RSN0018 RIVER THAMES AT MAGNA CARTA,-0.562,51.4448,Thames,THAMES - WEST THAMES,Multiple Values,OPEN,FRESHWATER - RIVERS,2022-06-08T15:15:00,MONITORING  (NATIONAL AGENCY POLICY),RIVER / RUNNING SURFACE WATER,4064,Fluroxypyr,0.0076,MICROGRAM PER LITRE
https://environment.data.gov.uk/water-quality/sampling-point/TH-RSN0018/sample/1379538/observation/4065,TH-RSN0018,RSN0018 RIVER THAMES AT MAGNA CARTA,-0.562,51.4448,Thames,THAMES - WEST THAMES,Multiple Values,OPEN,FRESHWATER - RIVERS,2022-06-08T15:15:00,MONITORING  (NATIONAL AGENCY POLICY),RIVER / RUNNING SURFACE WATER,4065,Bentazone,0.016,MICROGRAM PER LITRE
https://environment.data.gov.uk/water-quality/sampling-point/TH-RSN0018/sample/1379538/observation/4201,TH-RSN0018,RSN0018 RIVER THAMES AT MAGNA CARTA,-0.562,51.4448,Thames,THAMES - WEST THAMES,Multiple Values,OPEN,FRESHWATER - RIVERS,2022-06-08T15:15:00,MONITORING  (NATIONAL AGENCY POLICY),RIVER / RUNNING SURFACE WATER,4201,"Lithium, Dissolved",<100,MICROGRAM PER LITRE
https://environment.data.gov.uk/water-quality/sampling-point/TH-RSN0018/sample/1379538/observation/4820,TH-RSN0018,RSN0018 RIVER THAMES AT MAGNA CARTA,-0.562,51.4448,Thames,THAMES - WEST THAMES,Multiple Values,OPEN,FRESHWATER - RIVERS,2022-06-08T15:15:00,MONITORING  (NATIONAL AGENCY POLICY),RIVER / RUNNING SURFACE WATER,4820,Manganese : BLM Bioavailable,2.8,MICROGRAM PER LITRE
https://environment.data.gov.uk/water-quality/sampling-point/TH-RSN0018/sample/1379538/observation/4821,TH-RSN0018,RSN0018 RIVER THAMES AT MAGNA CARTA,-0.562,51.4448,Thames,THAMES - WEST THAMES,Multiple Values,OPEN,FRESHWATER - RIVERS,2022-06-08T15:15:00,MONITORING  (NATIONAL AGENCY POLICY),RIVER / RUNNING SURFACE WATER,4821,Copper : BLM Bioavailable,0.27,MICROGRAM PER LITRE
https://environment.data.gov.uk/water-quality/sampling-point/TH-RSN0018/sample/1379538/observation/4822,TH-RSN0018,RSN0018 RIVER THAMES AT MAGNA CARTA,-0.562,51.4448,Thames,THAMES - WEST THAMES,Multiple Values,OPEN,FRESHWATER - RIVERS,2022-06-08T15:15:00,MONITORING  (NATIONAL AGENCY POLICY),RIVER / RUNNING SURFACE WATER,4822,Zinc : BLM Bioavailable,1.9,MICROGRAM PER LITRE
https://environment.data.gov.uk/water-quality/sampling-point/TH-RSN0018/sample/1379538/observation/4994,TH-RSN0018,RSN0018 RIVER THAMES AT MAGNA CARTA,-0.562,51.4448,Thames,THAMES - WEST THAMES,Multiple Values,OPEN,FRESHWATER - RIVERS,2022-06-08T15:15:00,MONITORING  (NATIONAL AGENCY POLICY),RIVER / RUNNING SURFACE WATER,4994,GCMS Screen : Target Based multi-residue screening : Semi Quantitative,1,Text Result
https://environment.data.gov.uk/water-quality/sampling-point/TH-RSN0018/sample/1379538/observation/5042,TH-RSN0018,RSN0018 RIVER THAMES AT MAGNA CARTA,-0.562,51.4448,Thames,THAMES - WEST THAMES,Multiple Values,OPEN,FRESHWATER - RIVERS,2022-06-08T15:15:00,MONITORING  (NATIONAL AGENCY POLICY),RIVER / RUNNING SURFACE WATER,5042,Sulcotrione,<0.1,MICROGRAM PER LITRE
https://environment.data.gov.uk/water-quality/sampling-point/TH-RSN0018/sample/1379538/observation/5047,TH-RSN0018,RSN0018 RIVER THAMES AT MAGNA CARTA,-0.562,51.4448,Thames,THAMES - WEST THAMES,Multiple Values,OPEN,FRESHWATER - RIVERS,2022-06-08T15:15:00,MONITORING  (NATIONAL AGENCY POLICY),RIVER / RUNNING SURFACE WATER,5047,Ethirimol,<0.05,MICROGRAM PER LITRE
https://environment.data.gov.uk/water-quality/sampling-point/TH-RSN0018/sample/1379538/observation/5050,TH-RSN0018,RSN0018 RIVER THAMES AT MAGNA CARTA,-0.562,51.4448,Thames,THAMES - WEST THAMES,Multiple Values,OPEN,FRESHWATER - RIVERS,2022-06-08T15:15:00,MONITORING  (NATIONAL AGENCY POLICY),RIVER / RUNNING SURFACE WATER,5050,Azoxystrobin,<0.02,MICROGRAM PER LITRE
https://environment.data.gov.uk/water-quality/sampling-point/TH-RSN0018/sample/1379538/observation/5446,TH-RSN0018,RSN0018 RIVER THAMES AT MAGNA CARTA,-0.562,51.4448,Thames,THAMES - WEST THAMES,Multiple Values,OPEN,FRESHWATER - RIVERS,2022-06-08T15:15:00,MONITORING  (NATIONAL AGENCY POLICY),RIVER / RUNNING SURFACE WATER,5446,Cypermethrin Identification,1,Text Result
https://environment.data.gov.uk/water-quality/sampling-point/TH-RSN0018/sample/1379538/observation/5732,TH-RSN0018,RSN0018 RIVER THAMES AT MAGNA CARTA,-0.562,51.4448,Thames,THAMES - WEST THAMES,Multiple Values,OPEN,FRESHWATER - RIVERS,2022-06-08T15:15:00,MONITORING  (NATIONAL AGENCY POLICY),RIVER / RUNNING SURFACE WATER,5732,Triphenyl Tin as Cation,<0.0002,MICROGRAM PER LITRE
https://environment.data.gov.uk/water-quality/sampling-point/TH-RSN0018/sample/1379538/observation/5889,TH-RSN0018,RSN0018 RIVER THAMES AT MAGNA CARTA,-0.562,51.4448,Thames,THAMES - WEST THAMES,Multiple Values,OPEN,FRESHWATER - RIVERS,2022-06-08T15:15:00,MONITORING  (NATIONAL AGENCY POLICY),RIVER / RUNNING SURFACE WATER,5889,Triclosan,<0.01,MICROGRAM PER LITRE
https://environment.data.gov.uk/water-quality/sampling-point/TH-RSN0018/sample/1379538/observation/6037,TH-RSN0018,RSN0018 RIVER THAMES AT MAGNA CARTA,-0.562,51.4448,Thames,THAMES - WEST THAMES,Multiple Values,OPEN,FRESHWATER - RIVERS,2022-06-08T15:15:00,MONITORING  (NATIONAL AGENCY POLICY),RIVER / RUNNING SURFACE WATER,6037,"Aluminium, Dissolved",13,MICROGRAM PER LITRE
https://environment.data.gov.uk/water-quality/sampling-point/TH-RSN0018/sample/1379538/observation/6399,TH-RSN0018,RSN0018 RIVER THAMES AT MAGNA CARTA,-0.562,51.4448,Thames,THAMES - WEST THAMES,Multiple Values,OPEN,FRESHWATER - RIVERS,2022-06-08T15:15:00,MONITORING  (NATIONAL AGENCY POLICY),RIVER / RUNNING SURFACE WATER,6399,Benzo(a)Pyrene,<0.01,MICROGRAM PER LITRE
https://environment.data.gov.uk/water-quality/sampling-point/TH-RSN0018/sample/1379538/observation/6449,TH-RSN0018,RSN0018 RIVER THAMES AT MAGNA CARTA,-0.562,51.4448,Thames,THAMES - WEST THAMES,Multiple Values,OPEN,FRESHWATER - RIVERS,2022-06-08T15:15:00,MONITORING  (NATIONAL AGENCY POLICY),RIVER / RUNNING SURFACE WATER,6449,Bromoxynil,<0.005,MICROGRAM PER LITRE
https://environment.data.gov.uk/water-quality/sampling-point/TH-RSN0018/sample/1379538/observation/6450,TH-RSN0018,RSN0018 RIVER THAMES AT MAGNA CARTA,-0.562,51.4448,Thames,THAMES - WEST THAMES,Multiple Values,OPEN,FRESHWATER - RIVERS,2022-06-08T15:15:00,MONITORING  (NATIONAL AGENCY POLICY),RIVER / RUNNING SURFACE WATER,6450,"Copper, Dissolved",2.6,MICROGRAM PER LITRE
https://environment.data.gov.uk/water-quality/sampling-point/TH-RSN0018/sample/1379538/observation/6458,TH-RSN0018,RSN0018 RIVER THAMES AT MAGNA CARTA,-0.562,51.4448,Thames,THAMES - WEST THAMES,Multiple Values,OPEN,FRESHWATER - RIVERS,2022-06-08T15:15:00,MONITORING  (NATIONAL AGENCY POLICY),RIVER / RUNNING SURFACE WATER,6458,"Manganese, Dissolved",<10,MICROGRAM PER LITRE
https://environment.data.gov.uk/water-quality/sampling-point/TH-RSN0018/sample/1379538/observation/6460,TH-RSN0018,RSN0018 RIVER THAMES AT MAGNA CARTA,-0.562,51.4448,Thames,THAMES - WEST THAMES,Multiple Values,OPEN,FRESHWATER - RIVERS,2022-06-08T15:15:00,MONITORING  (NATIONAL AGENCY POLICY),RIVER / RUNNING SURFACE WATER,6460,"Iron, Dissolved",<30,MICROGRAM PER LITRE
https://environment.data.gov.uk/water-quality/sampling-point/TH-RSN0018/sample/1379538/observation/6620,TH-RSN0018,RSN0018 RIVER THAMES AT MAGNA CARTA,-0.562,51.4448,Thames,THAMES - WEST THAMES,Multiple Values,OPEN,FRESHWATER - RIVERS,2022-06-08T15:15:00,MONITORING  (NATIONAL AGENCY POLICY),RIVER / RUNNING SURFACE WATER,6620,Clopyralid,<0.005,MICROGRAM PER LITRE
https://environment.data.gov.uk/water-quality/sampling-point/TH-RSN0018/sample/1379538/observation/6671,TH-RSN0018,RSN0018 RIVER THAMES AT MAGNA CARTA,-0.562,51.4448,Thames,THAMES - WEST THAMES,Multiple Values,OPEN,FRESHWATER - RIVERS,2022-06-08T15:15:00,MONITORING  (NATIONAL AGENCY POLICY),RIVER / RUNNING SURFACE WATER,6671,Phenoxyacetic acid :- {PAA},0.014,MICROGRAM PER LITRE
https://environment.data.gov.uk/water-quality/sampling-point/TH-RSN0018/sample/1379538/observation/6672,TH-RSN0018,RSN0018 RIVER THAMES AT MAGNA CARTA,-0.562,51.4448,Thames,THAMES - WEST THAMES,Multiple Values,OPEN,FRESHWATER - RIVERS,2022-06-08T15:15:00,MONITORING  (NATIONAL AGENCY POLICY),RIVER / RUNNING SURFACE WATER,6672,4-Phenoxybutyric acid :- {PBA},<0.005,MICROGRAM PER LITRE
https://environment.data.gov.uk/water-quality/sampling-point/TH-RSN0018/sample/1379538/observation/6673,TH-RSN0018,RSN0018 RIVER THAMES AT MAGNA CARTA,-0.562,51.4448,Thames,THAMES - WEST THAMES,Multiple Values,OPEN,FRESHWATER - RIVERS,2022-06-08T15:15:00,MONITORING  (NATIONAL AGENCY POLICY),RIVER / RUNNING SURFACE WATER,6673,2-Phenoxypropionic acid :- {PPA},<0.005,MICROGRAM PER LITRE
https://environment.data.gov.uk/water-quality/sampling-point/TH-RSN0018/sample/1379538/observation/6693,TH-RSN0018,RSN0018 RIVER THAMES AT MAGNA CARTA,-0.562,51.4448,Thames,THAMES - WEST THAMES,Multiple Values,OPEN,FRESHWATER - RIVERS,2022-06-08T15:15:00,MONITORING  (NATIONAL AGENCY POLICY),RIVER / RUNNING SURFACE WATER,6693,"Strontium, Filtered",330,MICROGRAM PER LITRE
https://environment.data.gov.uk/water-quality/sampling-point/TH-RSN0018/sample/1379538/observation/6724,TH-RSN0018,RSN0018 RIVER THAMES AT MAGNA CARTA,-0.562,51.4448,Thames,THAMES - WEST THAMES,Multiple Values,OPEN,FRESHWATER - RIVERS,2022-06-08T15:15:00,MONITORING  (NATIONAL AGENCY POLICY),RIVER / RUNNING SURFACE WATER,6724,Di(2-ethylhexyl) phthalate :- {DEHP},<0.2,MICROGRAM PER LITRE
https://environment.data.gov.uk/water-quality/sampling-point/TH-RSN0018/sample/1379538/observation/6760,TH-RSN0018,RSN0018 RIVER THAMES AT MAGNA CARTA,-0.562,51.4448,Thames,THAMES - WEST THAMES,Multiple Values,OPEN,FRESHWATER - RIVERS,2022-06-08T15:15:00,MONITORING  (NATIONAL AGENCY POLICY),RIVER / RUNNING SURFACE WATER,6760,Chloridazon,<0.01,MICROGRAM PER LITRE
https://environment.data.gov.uk/water-quality/sampling-point/TH-RSN0018/sample/1379538/observation/6955,TH-RSN0018,RSN0018 RIVER THAMES AT MAGNA CARTA,-0.562,51.4448,Thames,THAMES - WEST THAMES,Multiple Values,OPEN,FRESHWATER - RIVERS,2022-06-08T15:15:00,MONITORING  (NATIONAL AGENCY POLICY),RIVER / RUNNING SURFACE WATER,6955,Ethiofencarb,<0.005,MICROGRAM PER LITRE
https://environment.data.gov.uk/water-quality/sampling-point/TH-RSN0018/sample/1379538/observation/6971,TH-RSN0018,RSN0018 RIVER THAMES AT MAGNA CARTA,-0.562,51.4448,Thames,THAMES - WEST THAMES,Multiple Values,OPEN,FRESHWATER - RIVERS,2022-06-08T15:15:00,MONITORING  (NATIONAL AGENCY POLICY),RIVER / RUNNING SURFACE WATER,6971,Methiocarb,<0.001,MICROGRAM PER LITRE
https://environment.data.gov.uk/water-quality/sampling-point/TH-RSN0018/sample/1379538/observation/6972,TH-RSN0018,RSN0018 RIVER THAMES AT MAGNA CARTA,-0.562,51.4448,Thames,THAMES - WEST THAMES,Multiple Values,OPEN,FRESHWATER - RIVERS,2022-06-08T15:15:00,MONITORING  (NATIONAL AGENCY POLICY),RIVER / RUNNING SURFACE WATER,6972,Methomyl,<0.005,MICROGRAM PER LITRE
https://environment.data.gov.uk/water-quality/sampling-point/TH-RSN0018/sample/1379538/observation/6980,TH-RSN0018,RSN0018 RIVER THAMES AT MAGNA CARTA,-0.562,51.4448,Thames,THAMES - WEST THAMES,Multiple Values,OPEN,FRESHWATER - RIVERS,2022-06-08T15:15:00,MONITORING  (NATIONAL AGENCY POLICY),RIVER / RUNNING SURFACE WATER,6980,Oxamyl,<0.005,MICROGRAM PER LITRE
https://environment.data.gov.uk/water-quality/sampling-point/TH-RSN0018/sample/1379538/observation/6987,TH-RSN0018,RSN0018 RIVER THAMES AT MAGNA CARTA,-0.562,51.4448,Thames,THAMES - WEST THAMES,Multiple Values,OPEN,FRESHWATER - RIVERS,2022-06-08T15:15:00,MONITORING  (NATIONAL AGENCY POLICY),RIVER / RUNNING SURFACE WATER,6987,Propoxur,<0.005,MICROGRAM PER LITRE
https://environment.data.gov.uk/water-quality/sampling-point/TH-RSN0018/sample/1379538/observation/7025,TH-RSN0018,RSN0018 RIVER THAMES AT MAGNA CARTA,-0.562,51.4448,Thames,THAMES - WEST THAMES,Multiple Values,OPEN,FRESHWATER - RIVERS,2022-06-08T15:15:00,MONITORING  (NATIONAL AGENCY POLICY),RIVER / RUNNING SURFACE WATER,7025,Imazapyr,<0.005,MICROGRAM PER LITRE
https://environment.data.gov.uk/water-quality/sampling-point/TH-RSN0018/sample/1379538/observation/7053,TH-RSN0018,RSN0018 RIVER THAMES AT MAGNA CARTA,-0.562,51.4448,Thames,THAMES - WEST THAMES,Multiple Values,OPEN,FRESHWATER - RIVERS,2022-06-08T15:15:00,MONITORING  (NATIONAL AGENCY POLICY),RIVER / RUNNING SURFACE WATER,7053,Methabenzthiazuron,<0.01,MICROGRAM PER LITRE
https://environment.data.gov.uk/water-quality/sampling-point/TH-RSN0018/sample/1379538/observation/7125,TH-RSN0018,RSN0018 RIVER THAMES AT MAGNA CARTA,-0.562,51.4448,Thames,THAMES - WEST THAMES,Multiple Values,OPEN,FRESHWATER - RIVERS,2022-06-08T15:15:00,MONITORING  (NATIONAL AGENCY POLICY),RIVER / RUNNING SURFACE WATER,7125,Aminomethylphosphonic acid,0.5,MICROGRAM PER LITRE
https://environment.data.gov.uk/water-quality/sampling-point/TH-RSN0018/sample/1379538/observation/7726,TH-RSN0018,RSN0018 RIVER THAMES AT MAGNA CARTA,-0.562,51.4448,Thames,THAMES - WEST THAMES,Multiple Values,OPEN,FRESHWATER - RIVERS,2022-06-08T15:15:00,MONITORING  (NATIONAL AGENCY POLICY),RIVER / RUNNING SURFACE WATER,7726,"2,3,6-TBA :- {2,3,6-Trichlorobenzoic acid}",<0.02,MICROGRAM PER LITRE
https://environment.data.gov.uk/water-quality/sampling-point/TH-RSN0018/sample/1379538/observation/7859,TH-RSN0018,RSN0018 RIVER THAMES AT MAGNA CARTA,-0.562,51.4448,Thames,THAMES - WEST THAMES,Multiple Values,OPEN,FRESHWATER - RIVERS,2022-06-08T15:15:00,MONITORING  (NATIONAL AGENCY POLICY),RIVER / RUNNING SURFACE WATER,7859,"Sulphate, Dissolved as SO4",44,MILLIGRAM PER LITRE
https://environment.data.gov.uk/water-quality/sampling-point/TH-RSN0018/sample/1379538/observation/8806,TH-RSN0018,RSN0018 RIVER THAMES AT MAGNA CARTA,-0.562,51.4448,Thames,THAMES - WEST THAMES,Multiple Values,OPEN,FRESHWATER - RIVERS,2022-06-08T15:15:00,MONITORING  (NATIONAL AGENCY POLICY),RIVER / RUNNING SURFACE WATER,8806,Aldicarb sulfoxide,<0.005,MICROGRAM PER LITRE
https://environment.data.gov.uk/water-quality/sampling-point/TH-RSN0018/sample/1379538/observation/8807,TH-RSN0018,RSN0018 RIVER THAMES AT MAGNA CARTA,-0.562,51.4448,Thames,THAMES - WEST THAMES,Multiple Values,OPEN,FRESHWATER - RIVERS,2022-06-08T15:15:00,MONITORING  (NATIONAL AGENCY POLICY),RIVER / RUNNING SURFACE WATER,8807,Aldoxycarb :- {Aldicarb Sulfone},<0.005,MICROGRAM PER LITRE
https://environment.data.gov.uk/water-quality/sampling-point/TH-RSN0018/sample/1379538/observation/8944,TH-RSN0018,RSN0018 RIVER THAMES AT MAGNA CARTA,-0.562,51.4448,Thames,THAMES - WEST THAMES,Multiple Values,OPEN,FRESHWATER - RIVERS,2022-06-08T15:15:00,MONITORING  (NATIONAL AGENCY POLICY),RIVER / RUNNING SURFACE WATER,8944,Tributyl Tin as Cation,<0.0002,MICROGRAM PER LITRE
https://environment.data.gov.uk/water-quality/sampling-point/TH-RSN0018/sample/1379538/observation/9068,TH-RSN0018,RSN0018 RIVER THAMES AT MAGNA CARTA,-0.562,51.4448,Thames,THAMES - WEST THAMES,Multiple Values,OPEN,FRESHWATER - RIVERS,2022-06-08T15:15:00,MONITORING  (NATIONAL AGENCY POLICY),RIVER / RUNNING SURFACE WATER,9068,Ioxynil,<0.005,MICROGRAM PER LITRE
https://environment.data.gov.uk/water-quality/sampling-point/TH-RSN0018/sample/1379538/observation/9073,TH-RSN0018,RSN0018 RIVER THAMES AT MAGNA CARTA,-0.562,51.4448,Thames,THAMES - WEST THAMES,Multiple Values,OPEN,FRESHWATER - RIVERS,2022-06-08T15:15:00,MONITORING  (NATIONAL AGENCY POLICY),RIVER / RUNNING SURFACE WATER,9073,Carbetamide,<0.01,MICROGRAM PER LITRE
https://environment.data.gov.uk/water-quality/sampling-point/TH-RSN0018/sample/1379538/observation/9190,TH-RSN0018,RSN0018 RIVER THAMES AT MAGNA CARTA,-0.562,51.4448,Thames,THAMES - WEST THAMES,Multiple Values,OPEN,FRESHWATER - RIVERS,2022-06-08T15:15:00,MONITORING  (NATIONAL AGENCY POLICY),RIVER / RUNNING SURFACE WATER,9190,4-Nonylphenol Branched,<0.04,MICROGRAM PER LITRE
https://environment.data.gov.uk/water-quality/sampling-point/TH-RSN0018/sample/1379538/observation/9267,TH-RSN0018,RSN0018 RIVER THAMES AT MAGNA CARTA,-0.562,51.4448,Thames,THAMES - WEST THAMES,Multiple Values,OPEN,FRESHWATER - RIVERS,2022-06-08T15:15:00,MONITORING  (NATIONAL AGENCY POLICY),RIVER / RUNNING SURFACE WATER,9267,4-tert-Octylphenol :- {p-tert-Octylphenol},<0.01,MICROGRAM PER LITRE
https://environment.data.gov.uk/water-quality/sampling-point/TH-RSN0018/sample/1379538/observation/9274,TH-RSN0018,RSN0018 RIVER THAMES AT MAGNA CARTA,-0.562,51.4448,Thames,THAMES - WEST THAMES,Multiple Values,OPEN,FRESHWATER - RIVERS,2022-06-08T15:15:00,MONITORING  (NATIONAL AGENCY POLICY),RIVER / RUNNING SURFACE WATER,9274,Perfluorooctanoate anion,0.0028,MICROGRAM PER LITRE
https://environment.data.gov.uk/water-quality/sampling-point/TH-RSN0018/sample/1379538/observation/9276,TH-RSN0018,RSN0018 RIVER THAMES AT MAGNA CARTA,-0.562,51.4448,Thames,THAMES - WEST THAMES,Multiple Values,OPEN,FRESHWATER - RIVERS,2022-06-08T15:15:00,MONITORING  (NATIONAL AGENCY POLICY),RIVER / RUNNING SURFACE WATER,9276,Perfluorooctylsulphonate anion,0.005,MICROGRAM PER LITRE
https://environment.data.gov.uk/water-quality/sampling-point/TH-RSN0018/sample/1379538/observation/9339,TH-RSN0018,RSN0018 RIVER THAMES AT MAGNA CARTA,-0.562,51.4448,Thames,THAMES - WEST THAMES,Multiple Values,OPEN,FRESHWATER - RIVERS,2022-06-08T15:15:00,MONITORING  (NATIONAL AGENCY POLICY),RIVER / RUNNING SURFACE WATER,9339,Fenuron,<0.01,MICROGRAM PER LITRE
https://environment.data.gov.uk/water-quality/sampling-point/TH-RSN0018/sample/1379538/observation/9341,TH-RSN0018,RSN0018 RIVER THAMES AT MAGNA CARTA,-0.562,51.4448,Thames,THAMES - WEST THAMES,Multiple Values,OPEN,FRESHWATER - RIVERS,2022-06-08T15:15:00,MONITORING  (NATIONAL AGENCY POLICY),RIVER / RUNNING SURFACE WATER,9341,cis-Permethrin,<0.0001,MICROGRAM PER LITRE
https://environment.data.gov.uk/water-quality/sampling-point/TH-RSN0018/sample/1379538/observation/9342,TH-RSN0018,RSN0018 RIVER THAMES AT MAGNA CARTA,-0.562,51.4448,Thames,THAMES - WEST THAMES,Multiple Values,OPEN,FRESHWATER - RIVERS,2022-06-08T15:15:00,MONITORING  (NATIONAL AGENCY POLICY),RIVER / RUNNING SURFACE WATER,9342,trans-Permethrin,<0.0001,MICROGRAM PER LITRE
https://environment.data.gov.uk/water-quality/sampling-point/TH-RSN0018/sample/1379538/observation/9343,TH-RSN0018,RSN0018 RIVER THAMES AT MAGNA CARTA,-0.562,51.4448,Thames,THAMES - WEST THAMES,Multiple Values,OPEN,FRESHWATER - RIVERS,2022-06-08T15:15:00,MONITORING  (NATIONAL AGENCY POLICY),RIVER / RUNNING SURFACE WATER,9343,Carbaryl,<0.01,MICROGRAM PER LITRE
https://environment.data.gov.uk/water-quality/sampling-point/TH-RSN0018/sample/1379538/observation/9344,TH-RSN0018,RSN0018 RIVER THAMES AT MAGNA CARTA,-0.562,51.4448,Thames,THAMES - WEST THAMES,Multiple Values,OPEN,FRESHWATER - RIVERS,2022-06-08T15:15:00,MONITORING  (NATIONAL AGENCY POLICY),RIVER / RUNNING SURFACE WATER,9344,Aldicarb,<0.005,MICROGRAM PER LITRE
https://environment.data.gov.uk/water-quality/sampling-point/TH-RSN0018/sample/1379538/observation/9345,TH-RSN0018,RSN0018 RIVER THAMES AT MAGNA CARTA,-0.562,51.4448,Thames,THAMES - WEST THAMES,Multiple Values,OPEN,FRESHWATER - RIVERS,2022-06-08T15:15:00,MONITORING  (NATIONAL AGENCY POLICY),RIVER / RUNNING SURFACE WATER,9345,Diflurobenzuron,<0.01,MICROGRAM PER LITRE
https://environment.data.gov.uk/water-quality/sampling-point/TH-RSN0018/sample/1379538/observation/9348,TH-RSN0018,RSN0018 RIVER THAMES AT MAGNA CARTA,-0.562,51.4448,Thames,THAMES - WEST THAMES,Multiple Values,OPEN,FRESHWATER - RIVERS,2022-06-08T15:15:00,MONITORING  (NATIONAL AGENCY POLICY),RIVER / RUNNING SURFACE WATER,9348,Chlorotoluron,<0.01,MICROGRAM PER LITRE
https://environment.data.gov.uk/water-quality/sampling-point/TH-RSN0018/sample/1379538/observation/9446,TH-RSN0018,RSN0018 RIVER THAMES AT MAGNA CARTA,-0.562,51.4448,Thames,THAMES - WEST THAMES,Multiple Values,OPEN,FRESHWATER - RIVERS,2022-06-08T15:15:00,MONITORING  (NATIONAL AGENCY POLICY),RIVER / RUNNING SURFACE WATER,9446,"Barium, Dissolved",18,MICROGRAM PER LITRE
https://environment.data.gov.uk/water-quality/sampling-point/TH-RSN0018/sample/1379538/observation/9447,TH-RSN0018,RSN0018 RIVER THAMES AT MAGNA CARTA,-0.562,51.4448,Thames,THAMES - WEST THAMES,Multiple Values,OPEN,FRESHWATER - RIVERS,2022-06-08T15:15:00,MONITORING  (NATIONAL AGENCY POLICY),RIVER / RUNNING SURFACE WATER,9447,"Boron, Dissolved",<100,MICROGRAM PER LITRE
https://environment.data.gov.uk/water-quality/sampling-point/TH-RSN0018/sample/1379538/observation/9686,TH-RSN0018,RSN0018 RIVER THAMES AT MAGNA CARTA,-0.562,51.4448,Thames,THAMES - WEST THAMES,Multiple Values,OPEN,FRESHWATER - RIVERS,2022-06-08T15:15:00,MONITORING  (NATIONAL AGENCY POLICY),RIVER / RUNNING SURFACE WATER,9686,"Nitrogen, Total as N",8,MILLIGRAM PER LITRE
https://environment.data.gov.uk/water-quality/sampling-point/TH-RSN0018/sample/1379538/observation/9756,TH-RSN0018,RSN0018 RIVER THAMES AT MAGNA CARTA,-0.562,51.4448,Thames,THAMES - WEST THAMES,Multiple Values,OPEN,FRESHWATER - RIVERS,2022-06-08T15:15:00,MONITORING  (NATIONAL AGENCY POLICY),RIVER / RUNNING SURFACE WATER,9756,Neburon,<0.01,MICROGRAM PER LITRE
https://environment.data.gov.uk/water-quality/sampling-point/TH-RSN0018/sample/1379538/observation/9861,TH-RSN0018,RSN0018 RIVER THAMES AT MAGNA CARTA,-0.562,51.4448,Thames,THAMES - WEST THAMES,Multiple Values,OPEN,FRESHWATER - RIVERS,2022-06-08T15:15:00,MONITORING  (NATIONAL AGENCY POLICY),RIVER / RUNNING SURFACE WATER,9861,Metsulfuron-methyl,<0.01,MICROGRAM PER LITRE
https://environment.data.gov.uk/water-quality/sampling-point/TH-RSN0018/sample/1379538/observation/9883,TH-RSN0018,RSN0018 RIVER THAMES AT MAGNA CARTA,-0.562,51.4448,Thames,THAMES - WEST THAMES,Multiple Values,OPEN,FRESHWATER - RIVERS,2022-06-08T15:15:00,MONITORING  (NATIONAL AGENCY POLICY),RIVER / RUNNING SURFACE WATER,9883,Picloram,<0.005,MICROGRAM PER LITRE
https://environment.data.gov.uk/water-quality/sampling-point/TH-RSN0018/sample/1379538/observation/9889,TH-RSN0018,RSN0018 RIVER THAMES AT MAGNA CARTA,-0.562,51.4448,Thames,THAMES - WEST THAMES,Multiple Values,OPEN,FRESHWATER - RIVERS,2022-06-08T15:15:00,MONITORING  (NATIONAL AGENCY POLICY),RIVER / RUNNING SURFACE WATER,9889,Oestrone :- {E1},0.71,NANOGRAM PER LITRE
https://environment.data.gov.uk/water-quality/sampling-point/TH-RSN0018/sample/1379538/observation/9898,TH-RSN0018,RSN0018 RIVER THAMES AT MAGNA CARTA,-0.562,51.4448,Thames,THAMES - WEST THAMES,Multiple Values,OPEN,FRESHWATER - RIVERS,2022-06-08T15:15:00,MONITORING  (NATIONAL AGENCY POLICY),RIVER / RUNNING SURFACE WATER,9898,17beta oestradiol :- {E2},0.037,NANOGRAM PER LITRE
https://environment.data.gov.uk/water-quality/sampling-point/TH-RSN0018/sample/1379538/observation/9899,TH-RSN0018,RSN0018 RIVER THAMES AT MAGNA CARTA,-0.562,51.4448,Thames,THAMES - WEST THAMES,Multiple Values,OPEN,FRESHWATER - RIVERS,2022-06-08T15:15:00,MONITORING  (NATIONAL AGENCY POLICY),RIVER / RUNNING SURFACE WATER,9899,17alpha ethynyloestradiol :- {EE2},0.25,NANOGRAM PER LITRE
https://environment.data.gov.uk/water-quality/sampling-point/TH-RSN0018/sample/1379538/observation/9901,TH-RSN0018,RSN0018 RIVER THAMES AT MAGNA CARTA,-0.562,51.4448,Thames,THAMES - WEST THAMES,Multiple Values,OPEN,FRESHWATER - RIVERS,2022-06-08T15:15:00,MONITORING  (NATIONAL AGENCY POLICY),RIVER / RUNNING SURFACE WATER,9901,"Oxygen, Dissolved, % Saturation",93.4,PERCENTAGE
https://environment.data.gov.uk/water-quality/sampling-point/TH-RSN0018/sample/1379538/observation/9924,TH-RSN0018,RSN0018 RIVER THAMES AT MAGNA CARTA,-0.562,51.4448,Thames,THAMES - WEST THAMES,Multiple Values,OPEN,FRESHWATER - RIVERS,2022-06-08T15:15:00,MONITORING  (NATIONAL AGENCY POLICY),RIVER / RUNNING SURFACE WATER,9924,"Oxygen, Dissolved as O2",8.83,MILLIGRAM PER LITRE
https://environment.data.gov.uk/water-quality/sampling-point/TH-RSN0018/sample/1381600/observation/0052,TH-RSN0018,RSN0018 RIVER THAMES AT MAGNA CARTA,-0.562,51.4448,Thames,THAMES - WEST THAMES,Multiple Values,OPEN,FRESHWATER - RIVERS,2022-07-28T10:00:00,MONITORING  (NATIONAL AGENCY POLICY),RIVER / RUNNING SURFACE WATER,0052,"Lead, Dissolved",0.13,MICROGRAM PER LITRE
https://environment.data.gov.uk/water-quality/sampling-point/TH-RSN0018/sample/1381600/observation/0061,TH-RSN0018,RSN0018 RIVER THAMES AT MAGNA CARTA,-0.562,51.4448,Thames,THAMES - WEST THAMES,Multiple Values,OPEN,FRESHWATER - RIVERS,2022-07-28T10:00:00,MONITORING  (NATIONAL AGENCY POLICY),RIVER / RUNNING SURFACE WATER,0061,pH,7.86,PH UNITS
https://environment.data.gov.uk/water-quality/sampling-point/TH-RSN0018/sample/1381600/observation/0073,TH-RSN0018,RSN0018 RIVER THAMES AT MAGNA CARTA,-0.562,51.4448,Thames,THAMES - WEST THAMES,Multiple Values,OPEN,FRESHWATER - RIVERS,2022-07-28T10:00:00,MONITORING  (NATIONAL AGENCY POLICY),RIVER / RUNNING SURFACE WATER,0073,Cypermethrin,<0.00001,MICROGRAM PER LITRE
https://environment.data.gov.uk/water-quality/sampling-point/TH-RSN0018/sample/1381600/observation/0076,TH-RSN0018,RSN0018 RIVER THAMES AT MAGNA CARTA,-0.562,51.4448,Thames,THAMES - WEST THAMES,Multiple Values,OPEN,FRESHWATER - RIVERS,2022-07-28T10:00:00,MONITORING  (NATIONAL AGENCY POLICY),RIVER / RUNNING SURFACE WATER,0076,Temperature of Water,20.2,CELSIUS
https://environment.data.gov.uk/water-quality/sampling-point/TH-RSN0018/sample/1381600/observation/0077,TH-RSN0018,RSN0018 RIVER THAMES AT MAGNA CARTA,-0.562,51.4448,Thames,THAMES - WEST THAMES,Multiple Values,OPEN,FRESHWATER - RIVERS,2022-07-28T10:00:00,MONITORING  (NATIONAL AGENCY POLICY),RIVER / RUNNING SURFACE WATER,0077,Conductivity at 25 C,766,MICROSIEMENS PER CENTIMETRE
https://environment.data.gov.uk/water-quality/sampling-point/TH-RSN0018/sample/1381600/observation/0106,TH-RSN0018,RSN0018 RIVER THAMES AT MAGNA CARTA,-0.562,51.4448,Thames,THAMES - WEST THAMES,Multiple Values,OPEN,FRESHWATER - RIVERS,2022-07-28T10:00:00,MONITORING  (NATIONAL AGENCY POLICY),RIVER / RUNNING SURFACE WATER,0106,"Cadmium, Dissolved",0.016,MICROGRAM PER LITRE
https://environment.data.gov.uk/water-quality/sampling-point/TH-RSN0018/sample/1381600/observation/0111,TH-RSN0018,RSN0018 RIVER THAMES AT MAGNA CARTA,-0.562,51.4448,Thames,THAMES - WEST THAMES,Multiple Values,OPEN,FRESHWATER - RIVERS,2022-07-28T10:00:00,MONITORING  (NATIONAL AGENCY POLICY),RIVER / RUNNING SURFACE WATER,0111,Ammoniacal Nitrogen as N,0.13,MILLIGRAM PER LITRE
https://environment.data.gov.uk/water-quality/sampling-point/TH-RSN0018/sample/1381600/observation/0116,TH-RSN0018,RSN0018 RIVER THAMES AT MAGNA CARTA,-0.562,51.4448,Thames,THAMES - WEST THAMES,Multiple Values,OPEN,FRESHWATER - RIVERS,2022-07-28T10:00:00,MONITORING  (NATIONAL AGENCY POLICY),RIVER / RUNNING SURFACE WATER,0116,"Nitrogen, Total Oxidised as N",8.1,MILLIGRAM PER LITRE
https://environment.data.gov.uk/water-quality/sampling-point/TH-RSN0018/sample/1381600/observation/0117,TH-RSN0018,RSN0018 RIVER THAMES AT MAGNA CARTA,-0.562,51.4448,Thames,THAMES - WEST THAMES,Multiple Values,OPEN,FRESHWATER - RIVERS,2022-07-28T10:00:00,MONITORING  (NATIONAL AGENCY POLICY),RIVER / RUNNING SURFACE WATER,0117,Nitrate as N,8.04,MILLIGRAM PER LITRE
https://environment.data.gov.uk/water-quality/sampling-point/TH-RSN0018/sample/1381600/observation/0118,TH-RSN0018,RSN0018 RIVER THAMES AT MAGNA CARTA,-0.562,51.4448,Thames,THAMES - WEST THAMES,Multiple Values,OPEN,FRESHWATER - RIVERS,2022-07-28T10:00:00,MONITORING  (NATIONAL AGENCY POLICY),RIVER / RUNNING SURFACE WATER,0118,Nitrite as N,0.056,MILLIGRAM PER LITRE
https://environment.data.gov.uk/water-quality/sampling-point/TH-RSN0018/sample/1381600/observation/0119,TH-RSN0018,RSN0018 RIVER THAMES AT MAGNA CARTA,-0.562,51.4448,Thames,THAMES - WEST THAMES,Multiple Values,OPEN,FRESHWATER - RIVERS,2022-07-28T10:00:00,MONITORING  (NATIONAL AGENCY POLICY),RIVER / RUNNING SURFACE WATER,0119,Ammonia un-ionised as N,0.00364,MILLIGRAM PER LITRE
https://environment.data.gov.uk/water-quality/sampling-point/TH-RSN0018/sample/1381600/observation/0158,TH-RSN0018,RSN0018 RIVER THAMES AT MAGNA CARTA,-0.562,51.4448,Thames,THAMES - WEST THAMES,Multiple Values,OPEN,FRESHWATER - RIVERS,2022-07-28T10:00:00,MONITORING  (NATIONAL AGENCY POLICY),RIVER / RUNNING SURFACE WATER,0158,"Hardness, Total as CaCO3",268,MILLIGRAM PER LITRE
https://environment.data.gov.uk/water-quality/sampling-point/TH-RSN0018/sample/1381600/observation/0162,TH-RSN0018,RSN0018 RIVER THAMES AT MAGNA CARTA,-0.562,51.4448,Thames,THAMES - WEST THAMES,Multiple Values,OPEN,FRESHWATER - RIVERS,2022-07-28T10:00:00,MONITORING  (NATIONAL AGENCY POLICY),RIVER / RUNNING SURFACE WATER,0162,Alkalinity to pH 4.5 as CaCO3,220,MILLIGRAM PER LITRE
https://environment.data.gov.uk/water-quality/sampling-point/TH-RSN0018/sample/1381600/observation/0163,TH-RSN0018,RSN0018 RIVER THAMES AT MAGNA CARTA,-0.562,51.4448,Thames,THAMES - WEST THAMES,Multiple Values,OPEN,FRESHWATER - RIVERS,2022-07-28T10:00:00,MONITORING  (NATIONAL AGENCY POLICY),RIVER / RUNNING SURFACE WATER,0163,"Hardness, Calcium",250,MILLIGRAM PER LITRE
https://environment.data.gov.uk/water-quality/sampling-point/TH-RSN0018/sample/1381600/observation/0172,TH-RSN0018,RSN0018 RIVER THAMES AT MAGNA CARTA,-0.562,51.4448,Thames,THAMES - WEST THAMES,Multiple Values,OPEN,FRESHWATER - RIVERS,2022-07-28T10:00:00,MONITORING  (NATIONAL AGENCY POLICY),RIVER / RUNNING SURFACE WATER,0172,Chloride,63,MILLIGRAM PER LITRE
https://environment.data.gov.uk/water-quality/sampling-point/TH-RSN0018/sample/1381600/observation/0180,TH-RSN0018,RSN0018 RIVER THAMES AT MAGNA CARTA,-0.562,51.4448,Thames,THAMES - WEST THAMES,Multiple Values,OPEN,FRESHWATER - RIVERS,2022-07-28T10:00:00,MONITORING  (NATIONAL AGENCY POLICY),RIVER / RUNNING SURFACE WATER,0180,"Orthophosphate, reactive as P",0.19,MILLIGRAM PER LITRE
https://environment.data.gov.uk/water-quality/sampling-point/TH-RSN0018/sample/1381600/observation/0182,TH-RSN0018,RSN0018 RIVER THAMES AT MAGNA CARTA,-0.562,51.4448,Thames,THAMES - WEST THAMES,Multiple Values,OPEN,FRESHWATER - RIVERS,2022-07-28T10:00:00,MONITORING  (NATIONAL AGENCY POLICY),RIVER / RUNNING SURFACE WATER,0182,"Silica, reactive as SiO2",14,MILLIGRAM PER LITRE
https://environment.data.gov.uk/water-quality/sampling-point/TH-RSN0018/sample/1381600/observation/0205,TH-RSN0018,RSN0018 RIVER THAMES AT MAGNA CARTA,-0.562,51.4448,Thames,THAMES - WEST THAMES,Multiple Values,OPEN,FRESHWATER - RIVERS,2022-07-28T10:00:00,MONITORING  (NATIONAL AGENCY POLICY),RIVER / RUNNING SURFACE WATER,0205,"Sodium, Dissolved",45,MILLIGRAM PER LITRE
https://environment.data.gov.uk/water-quality/sampling-point/TH-RSN0018/sample/1381600/observation/0209,TH-RSN0018,RSN0018 RIVER THAMES AT MAGNA CARTA,-0.562,51.4448,Thames,THAMES - WEST THAMES,Multiple Values,OPEN,FRESHWATER - RIVERS,2022-07-28T10:00:00,MONITORING  (NATIONAL AGENCY POLICY),RIVER / RUNNING SURFACE WATER,0209,"Potassium, Dissolved",8,MILLIGRAM PER LITRE
https://environment.data.gov.uk/water-quality/sampling-point/TH-RSN0018/sample/1381600/observation/0235,TH-RSN0018,RSN0018 RIVER THAMES AT MAGNA CARTA,-0.562,51.4448,Thames,THAMES - WEST THAMES,Multiple Values,OPEN,FRESHWATER - RIVERS,2022-07-28T10:00:00,MONITORING  (NATIONAL AGENCY POLICY),RIVER / RUNNING SURFACE WATER,0235,"Magnesium, Dissolved",4.4,MILLIGRAM PER LITRE
https://environment.data.gov.uk/water-quality/sampling-point/TH-RSN0018/sample/1381600/observation/0239,TH-RSN0018,RSN0018 RIVER THAMES AT MAGNA CARTA,-0.562,51.4448,Thames,THAMES - WEST THAMES,Multiple Values,OPEN,FRESHWATER - RIVERS,2022-07-28T10:00:00,MONITORING  (NATIONAL AGENCY POLICY),RIVER / RUNNING SURFACE WATER,0239,"Calcium, Dissolved",100,MILLIGRAM PER LITRE
https://environment.data.gov.uk/water-quality/sampling-point/TH-RSN0018/sample/1381600/observation/0301,TH-RSN0018,RSN0018 RIVER THAMES AT MAGNA CARTA,-0.562,51.4448,Thames,THAMES - WEST THAMES,Multiple Values,OPEN,FRESHWATER - RIVERS,2022-07-28T10:00:00,MONITORING  (NATIONAL AGENCY POLICY),RIVER / RUNNING SURFACE WATER,0301,"Carbon, Organic, Dissolved as C :- {DOC}",3.9,MILLIGRAM PER LITRE
https://environment.data.gov.uk/water-quality/sampling-point/TH-RSN0018/sample/1381600/observation/0348,TH-RSN0018,RSN0018 RIVER THAMES AT MAGNA CARTA,-0.562,51.4448,Thames,THAMES - WEST THAMES,Multiple Values,OPEN,FRESHWATER - RIVERS,2022-07-28T10:00:00,MONITORING  (NATIONAL AGENCY POLICY),RIVER / RUNNING SURFACE WATER,0348,"Phosphorus, Total as P",0.22,MILLIGRAM PER LITRE
https://environment.data.gov.uk/water-quality/sampling-point/TH-RSN0018/sample/1381600/observation/0714,TH-RSN0018,RSN0018 RIVER THAMES AT MAGNA CARTA,-0.562,51.4448,Thames,THAMES - WEST THAMES,Multiple Values,OPEN,FRESHWATER - RIVERS,2022-07-28T10:00:00,MONITORING  (NATIONAL AGENCY POLICY),RIVER / RUNNING SURFACE WATER,0714,"Benzo(g,h,i)Perylene",<0.01,MICROGRAM PER LITRE
https://environment.data.gov.uk/water-quality/sampling-point/TH-RSN0018/sample/1381600/observation/0731,TH-RSN0018,RSN0018 RIVER THAMES AT MAGNA CARTA,-0.562,51.4448,Thames,THAMES - WEST THAMES,Multiple Values,OPEN,FRESHWATER - RIVERS,2022-07-28T10:00:00,MONITORING  (NATIONAL AGENCY POLICY),RIVER / RUNNING SURFACE WATER,0731,Benzo(b)Fluoranthene,<0.01,MICROGRAM PER LITRE
https://environment.data.gov.uk/water-quality/sampling-point/TH-RSN0018/sample/1381600/observation/0733,TH-RSN0018,RSN0018 RIVER THAMES AT MAGNA CARTA,-0.562,51.4448,Thames,THAMES - WEST THAMES,Multiple Values,OPEN,FRESHWATER - RIVERS,2022-07-28T10:00:00,MONITORING  (NATIONAL AGENCY POLICY),RIVER / RUNNING SURFACE WATER,0733,Benzo(k)Fluoranthene,<0.01,MICROGRAM PER LITRE
https://environment.data.gov.uk/water-quality/sampling-point/TH-RSN0018/sample/1381600/observation/0736,TH-RSN0018,RSN0018 RIVER THAMES AT MAGNA CARTA,-0.562,51.4448,Thames,THAMES - WEST THAMES,Multiple Values,OPEN,FRESHWATER - RIVERS,2022-07-28T10:00:00,MONITORING  (NATIONAL AGENCY POLICY),RIVER / RUNNING SURFACE WATER,0736,Fluoranthene,<0.01,MICROGRAM PER LITRE
https://environment.data.gov.uk/water-quality/sampling-point/TH-RSN0018/sample/1381600/observation/0746,TH-RSN0018,RSN0018 RIVER THAMES AT MAGNA CARTA,-0.562,51.4448,Thames,THAMES - WEST THAMES,Multiple Values,OPEN,FRESHWATER - RIVERS,2022-07-28T10:00:00,MONITORING  (NATIONAL AGENCY POLICY),RIVER / RUNNING SURFACE WATER,0746,"Indeno(1,2,3-cd)pyrene",<0.01,MICROGRAM PER LITRE
https://environment.data.gov.uk/water-quality/sampling-point/TH-RSN0018/sample/1381600/observation/3004,TH-RSN0018,RSN0018 RIVER THAMES AT MAGNA CARTA,-0.562,51.4448,Thames,THAMES - WEST THAMES,Multiple Values,OPEN,FRESHWATER - RIVERS,2022-07-28T10:00:00,MONITORING  (NATIONAL AGENCY POLICY),RIVER / RUNNING SURFACE WATER,3004,Asulam,<0.02,MICROGRAM PER LITRE
https://environment.data.gov.uk/water-quality/sampling-point/TH-RSN0018/sample/1381600/observation/3007,TH-RSN0018,RSN0018 RIVER THAMES AT MAGNA CARTA,-0.562,51.4448,Thames,THAMES - WEST THAMES,Multiple Values,OPEN,FRESHWATER - RIVERS,2022-07-28T10:00:00,MONITORING  (NATIONAL AGENCY POLICY),RIVER / RUNNING SURFACE WATER,3007,Glyphosate,0.15,MICROGRAM PER LITRE
https://environment.data.gov.uk/water-quality/sampling-point/TH-RSN0018/sample/1381600/observation/3086,TH-RSN0018,RSN0018 RIVER THAMES AT MAGNA CARTA,-0.562,51.4448,Thames,THAMES - WEST THAMES,Multiple Values,OPEN,FRESHWATER - RIVERS,2022-07-28T10:00:00,MONITORING  (NATIONAL AGENCY POLICY),RIVER / RUNNING SURFACE WATER,3086,Carbofuran,<0.005,MICROGRAM PER LITRE
https://environment.data.gov.uk/water-quality/sampling-point/TH-RSN0018/sample/1381600/observation/3117,TH-RSN0018,RSN0018 RIVER THAMES AT MAGNA CARTA,-0.562,51.4448,Thames,THAMES - WEST THAMES,Multiple Values,OPEN,FRESHWATER - RIVERS,2022-07-28T10:00:00,MONITORING  (NATIONAL AGENCY POLICY),RIVER / RUNNING SURFACE WATER,3117,Isoproturon,<0.01,MICROGRAM PER LITRE
https://environment.data.gov.uk/water-quality/sampling-point/TH-RSN0018/sample/1381600/observation/3118,TH-RSN0018,RSN0018 RIVER THAMES AT MAGNA CARTA,-0.562,51.4448,Thames,THAMES - WEST THAMES,Multiple Values,OPEN,FRESHWATER - RIVERS,2022-07-28T10:00:00,MONITORING  (NATIONAL AGENCY POLICY),RIVER / RUNNING SURFACE WATER,3118,Linuron,<0.01,MICROGRAM PER LITRE
https://environment.data.gov.uk/water-quality/sampling-point/TH-RSN0018/sample/1381600/observation/3130,TH-RSN0018,RSN0018 RIVER THAMES AT MAGNA CARTA,-0.562,51.4448,Thames,THAMES - WEST THAMES,Multiple Values,OPEN,FRESHWATER - RIVERS,2022-07-28T10:00:00,MONITORING  (NATIONAL AGENCY POLICY),RIVER / RUNNING SURFACE WATER,3130,Metoxuron,<0.01,MICROGRAM PER LITRE
https://environment.data.gov.uk/water-quality/sampling-point/TH-RSN0018/sample/1381600/observation/3341,TH-RSN0018,RSN0018 RIVER THAMES AT MAGNA CARTA,-0.562,51.4448,Thames,THAMES - WEST THAMES,Multiple Values,OPEN,FRESHWATER - RIVERS,2022-07-28T10:00:00,MONITORING  (NATIONAL AGENCY POLICY),RIVER / RUNNING SURFACE WATER,3341,4-Chloro-2-methylphenol :- {p-Chloro-o-cresol},<0.05,MICROGRAM PER LITRE
https://environment.data.gov.uk/water-quality/sampling-point/TH-RSN0018/sample/1381600/observation/3377,TH-RSN0018,RSN0018 RIVER THAMES AT MAGNA CARTA,-0.562,51.4448,Thames,THAMES - WEST THAMES,Multiple Values,OPEN,FRESHWATER - RIVERS,2022-07-28T10:00:00,MONITORING  (NATIONAL AGENCY POLICY),RIVER / RUNNING SURFACE WATER,3377,Lead : BLM Bioavailable,0.03,MICROGRAM PER LITRE
https://environment.data.gov.uk/water-quality/sampling-point/TH-RSN0018/sample/1381600/observation/3399,TH-RSN0018,RSN0018 RIVER THAMES AT MAGNA CARTA,-0.562,51.4448,Thames,THAMES - WEST THAMES,Multiple Values,OPEN,FRESHWATER - RIVERS,2022-07-28T10:00:00,MONITORING  (NATIONAL AGENCY POLICY),RIVER / RUNNING SURFACE WATER,3399,Chloroxuron,<0.01,MICROGRAM PER LITRE
https://environment.data.gov.uk/water-quality/sampling-point/TH-RSN0018/sample/1381600/observation/3400,TH-RSN0018,RSN0018 RIVER THAMES AT MAGNA CARTA,-0.562,51.4448,Thames,THAMES - WEST THAMES,Multiple Values,OPEN,FRESHWATER - RIVERS,2022-07-28T10:00:00,MONITORING  (NATIONAL AGENCY POLICY),RIVER / RUNNING SURFACE WATER,3400,Monuron,<0.01,MICROGRAM PER LITRE
https://environment.data.gov.uk/water-quality/sampling-point/TH-RSN0018/sample/1381600/observation/3408,TH-RSN0018,RSN0018 RIVER THAMES AT MAGNA CARTA,-0.562,51.4448,Thames,THAMES - WEST THAMES,Multiple Values,OPEN,FRESHWATER - RIVERS,2022-07-28T10:00:00,MONITORING  (NATIONAL AGENCY POLICY),RIVER / RUNNING SURFACE WATER,3408,"Zinc, Dissolved",6.5,MICROGRAM PER LITRE
https://environment.data.gov.uk/water-quality/sampling-point/TH-RSN0018/sample/1381600/observation/3409,TH-RSN0018,RSN0018 RIVER THAMES AT MAGNA CARTA,-0.562,51.4448,Thames,THAMES - WEST THAMES,Multiple Values,OPEN,FRESHWATER - RIVERS,2022-07-28T10:00:00,MONITORING  (NATIONAL AGENCY POLICY),RIVER / RUNNING SURFACE WATER,3409,"Chromium, Dissolved",<0.5,MICROGRAM PER LITRE
https://environment.data.gov.uk/water-quality/sampling-point/TH-RSN0018/sample/1381600/observation/3410,TH-RSN0018,RSN0018 RIVER THAMES AT MAGNA CARTA,-0.562,51.4448,Thames,THAMES - WEST THAMES,Multiple Values,OPEN,FRESHWATER - RIVERS,2022-07-28T10:00:00,MONITORING  (NATIONAL AGENCY POLICY),RIVER / RUNNING SURFACE WATER,3410,"Nickel, Dissolved",2.2,MICROGRAM PER LITRE
https://environment.data.gov.uk/water-quality/sampling-point/TH-RSN0018/sample/1381600/observation/3475,TH-RSN0018,RSN0018 RIVER THAMES AT MAGNA CARTA,-0.562,51.4448,Thames,THAMES - WEST THAMES,Multiple Values,OPEN,FRESHWATER - RIVERS,2022-07-28T10:00:00,MONITORING  (NATIONAL AGENCY POLICY),RIVER / RUNNING SURFACE WATER,3475,Carbendazim,<0.01,MICROGRAM PER LITRE
https://environment.data.gov.uk/water-quality/sampling-point/TH-RSN0018/sample/1381600/observation/3545,TH-RSN0018,RSN0018 RIVER THAMES AT MAGNA CARTA,-0.562,51.4448,Thames,THAMES - WEST THAMES,Multiple Values,OPEN,FRESHWATER - RIVERS,2022-07-28T10:00:00,MONITORING  (NATIONAL AGENCY POLICY),RIVER / RUNNING SURFACE WATER,3545,"2,4-D :- {2,4-Dichlorophenoxyacetic acid}",<0.005,MICROGRAM PER LITRE
https://environment.data.gov.uk/water-quality/sampling-point/TH-RSN0018/sample/1381600/observation/3546,TH-RSN0018,RSN0018 RIVER THAMES AT MAGNA CARTA,-0.562,51.4448,Thames,THAMES - WEST THAMES,Multiple Values,OPEN,FRESHWATER - RIVERS,2022-07-28T10:00:00,MONITORING  (NATIONAL AGENCY POLICY),RIVER / RUNNING SURFACE WATER,3546,"2,4,5-T :- {2,4,5-Trichlorophenoxyacetic acid}",<0.005,MICROGRAM PER LITRE
https://environment.data.gov.uk/water-quality/sampling-point/TH-RSN0018/sample/1381600/observation/3547,TH-RSN0018,RSN0018 RIVER THAMES AT MAGNA CARTA,-0.562,51.4448,Thames,THAMES - WEST THAMES,Multiple Values,OPEN,FRESHWATER - RIVERS,2022-07-28T10:00:00,MONITORING  (NATIONAL AGENCY POLICY),RIVER / RUNNING SURFACE WATER,3547,4-Chlorophenoxyacetic acid,<0.005,MICROGRAM PER LITRE
https://environment.data.gov.uk/water-quality/sampling-point/TH-RSN0018/sample/1381600/observation/3548,TH-RSN0018,RSN0018 RIVER THAMES AT MAGNA CARTA,-0.562,51.4448,Thames,THAMES - WEST THAMES,Multiple Values,OPEN,FRESHWATER - RIVERS,2022-07-28T10:00:00,MONITORING  (NATIONAL AGENCY POLICY),RIVER / RUNNING SURFACE WATER,3548,MCPA :- {4-Chloro-2-methylphenoxyacetic acid} ,<0.005,MICROGRAM PER LITRE
https://environment.data.gov.uk/water-quality/sampling-point/TH-RSN0018/sample/1381600/observation/3549,TH-RSN0018,RSN0018 RIVER THAMES AT MAGNA CARTA,-0.562,51.4448,Thames,THAMES - WEST THAMES,Multiple Values,OPEN,FRESHWATER - RIVERS,2022-07-28T10:00:00,MONITORING  (NATIONAL AGENCY POLICY),RIVER / RUNNING SURFACE WATER,3549,Mecoprop,<0.005,MICROGRAM PER LITRE
https://environment.data.gov.uk/water-quality/sampling-point/TH-RSN0018/sample/1381600/observation/3550,TH-RSN0018,RSN0018 RIVER THAMES AT MAGNA CARTA,-0.562,51.4448,Thames,THAMES - WEST THAMES,Multiple Values,OPEN,FRESHWATER - RIVERS,2022-07-28T10:00:00,MONITORING  (NATIONAL AGENCY POLICY),RIVER / RUNNING SURFACE WATER,3550,Dicamba,<0.01,MICROGRAM PER LITRE
https://environment.data.gov.uk/water-quality/sampling-point/TH-RSN0018/sample/1381600/observation/3551,TH-RSN0018,RSN0018 RIVER THAMES AT MAGNA CARTA,-0.562,51.4448,Thames,THAMES - WEST THAMES,Multiple Values,OPEN,FRESHWATER - RIVERS,2022-07-28T10:00:00,MONITORING  (NATIONAL AGENCY POLICY),RIVER / RUNNING SURFACE WATER,3551,"Dichlorprop :- {2,4-DP}",<0.005,MICROGRAM PER LITRE
https://environment.data.gov.uk/water-quality/sampling-point/TH-RSN0018/sample/1381600/observation/3552,TH-RSN0018,RSN0018 RIVER THAMES AT MAGNA CARTA,-0.562,51.4448,Thames,THAMES - WEST THAMES,Multiple Values,OPEN,FRESHWATER - RIVERS,2022-07-28T10:00:00,MONITORING  (NATIONAL AGENCY POLICY),RIVER / RUNNING SURFACE WATER,3552,Fenoprop,<0.005,MICROGRAM PER LITRE
https://environment.data.gov.uk/water-quality/sampling-point/TH-RSN0018/sample/1381600/observation/3555,TH-RSN0018,RSN0018 RIVER THAMES AT MAGNA CARTA,-0.562,51.4448,Thames,THAMES - WEST THAMES,Multiple Values,OPEN,FRESHWATER - RIVERS,2022-07-28T10:00:00,MONITORING  (NATIONAL AGENCY POLICY),RIVER / RUNNING SURFACE WATER,3555,Triclopyr,<0.005,MICROGRAM PER LITRE
https://environment.data.gov.uk/water-quality/sampling-point/TH-RSN0018/sample/1381600/observation/3790,TH-RSN0018,RSN0018 RIVER THAMES AT MAGNA CARTA,-0.562,51.4448,Thames,THAMES - WEST THAMES,Multiple Values,OPEN,FRESHWATER - RIVERS,2022-07-28T10:00:00,MONITORING  (NATIONAL AGENCY POLICY),RIVER / RUNNING SURFACE WATER,3790,MCPB :- {4-Chloro-2-methylphenoxybutyric acid},<0.005,MICROGRAM PER LITRE
https://environment.data.gov.uk/water-quality/sampling-point/TH-RSN0018/sample/1381600/observation/3791,TH-RSN0018,RSN0018 RIVER THAMES AT MAGNA CARTA,-0.562,51.4448,Thames,THAMES - WEST THAMES,Multiple Values,OPEN,FRESHWATER - RIVERS,2022-07-28T10:00:00,MONITORING  (NATIONAL AGENCY POLICY),RIVER / RUNNING SURFACE WATER,3791,"2,4-DB :- {4-(2,4-dichlorophenoxy)butyric acid}",<0.005,MICROGRAM PER LITRE
https://environment.data.gov.uk/water-quality/sampling-point/TH-RSN0018/sample/1381600/observation/3792,TH-RSN0018,RSN0018 RIVER THAMES AT MAGNA CARTA,-0.562,51.4448,Thames,THAMES - WEST THAMES,Multiple Values,OPEN,FRESHWATER - RIVERS,2022-07-28T10:00:00,MONITORING  (NATIONAL AGENCY POLICY),RIVER / RUNNING SURFACE WATER,3792,Benazolin,<0.005,MICROGRAM PER LITRE
https://environment.data.gov.uk/water-quality/sampling-point/TH-RSN0018/sample/1381600/observation/3811,TH-RSN0018,RSN0018 RIVER THAMES AT MAGNA CARTA,-0.562,51.4448,Thames,THAMES - WEST THAMES,Multiple Values,OPEN,FRESHWATER - RIVERS,2022-07-28T10:00:00,MONITORING  (NATIONAL AGENCY POLICY),RIVER / RUNNING SURFACE WATER,3811,Diuron,<0.01,MICROGRAM PER LITRE
https://environment.data.gov.uk/water-quality/sampling-point/TH-RSN0018/sample/1381600/observation/3878,TH-RSN0018,RSN0018 RIVER THAMES AT MAGNA CARTA,-0.562,51.4448,Thames,THAMES - WEST THAMES,Multiple Values,OPEN,FRESHWATER - RIVERS,2022-07-28T10:00:00,MONITORING  (NATIONAL AGENCY POLICY),RIVER / RUNNING SURFACE WATER,3878,Nickel : BLM Bioavailable,1.7,MICROGRAM PER LITRE
https://environment.data.gov.uk/water-quality/sampling-point/TH-RSN0018/sample/1381600/observation/4064,TH-RSN0018,RSN0018 RIVER THAMES AT MAGNA CARTA,-0.562,51.4448,Thames,THAMES - WEST THAMES,Multiple Values,OPEN,FRESHWATER - RIVERS,2022-07-28T10:00:00,MONITORING  (NATIONAL AGENCY POLICY),RIVER / RUNNING SURFACE WATER,4064,Fluroxypyr,<0.005,MICROGRAM PER LITRE
https://environment.data.gov.uk/water-quality/sampling-point/TH-RSN0018/sample/1381600/observation/4065,TH-RSN0018,RSN0018 RIVER THAMES AT MAGNA CARTA,-0.562,51.4448,Thames,THAMES - WEST THAMES,Multiple Values,OPEN,FRESHWATER - RIVERS,2022-07-28T10:00:00,MONITORING  (NATIONAL AGENCY POLICY),RIVER / RUNNING SURFACE WATER,4065,Bentazone,<0.003,MICROGRAM PER LITRE
https://environment.data.gov.uk/water-quality/sampling-point/TH-RSN0018/sample/1381600/observation/4201,TH-RSN0018,RSN0018 RIVER THAMES AT MAGNA CARTA,-0.562,51.4448,Thames,THAMES - WEST THAMES,Multiple Values,OPEN,FRESHWATER - RIVERS,2022-07-28T10:00:00,MONITORING  (NATIONAL AGENCY POLICY),RIVER / RUNNING SURFACE WATER,4201,"Lithium, Dissolved",<100,MICROGRAM PER LITRE
https://environment.data.gov.uk/water-quality/sampling-point/TH-RSN0018/sample/1381600/observation/4820,TH-RSN0018,RSN0018 RIVER THAMES AT MAGNA CARTA,-0.562,51.4448,Thames,THAMES - WEST THAMES,Multiple Values,OPEN,FRESHWATER - RIVERS,2022-07-28T10:00:00,MONITORING  (NATIONAL AGENCY POLICY),RIVER / RUNNING SURFACE WATER,4820,Manganese : BLM Bioavailable,5,MICROGRAM PER LITRE
https://environment.data.gov.uk/water-quality/sampling-point/TH-RSN0018/sample/1381600/observation/4821,TH-RSN0018,RSN0018 RIVER THAMES AT MAGNA CARTA,-0.562,51.4448,Thames,THAMES - WEST THAMES,Multiple Values,OPEN,FRESHWATER - RIVERS,2022-07-28T10:00:00,MONITORING  (NATIONAL AGENCY POLICY),RIVER / RUNNING SURFACE WATER,4821,Copper : BLM Bioavailable,0.53,MICROGRAM PER LITRE
https://environment.data.gov.uk/water-quality/sampling-point/TH-RSN0018/sample/1381600/observation/4822,TH-RSN0018,RSN0018 RIVER THAMES AT MAGNA CARTA,-0.562,51.4448,Thames,THAMES - WEST THAMES,Multiple Values,OPEN,FRESHWATER - RIVERS,2022-07-28T10:00:00,MONITORING  (NATIONAL AGENCY POLICY),RIVER / RUNNING SURFACE WATER,4822,Zinc : BLM Bioavailable,2.8,MICROGRAM PER LITRE
https://environment.data.gov.uk/water-quality/sampling-point/TH-RSN0018/sample/1381600/observation/4994,TH-RSN0018,RSN0018 RIVER THAMES AT MAGNA CARTA,-0.562,51.4448,Thames,THAMES - WEST THAMES,Multiple Values,OPEN,FRESHWATER - RIVERS,2022-07-28T10:00:00,MONITORING  (NATIONAL AGENCY POLICY),RIVER / RUNNING SURFACE WATER,4994,GCMS Screen : Target Based multi-residue screening : Semi Quantitative,1,Text Result
https://environment.data.gov.uk/water-quality/sampling-point/TH-RSN0018/sample/1381600/observation/5042,TH-RSN0018,RSN0018 RIVER THAMES AT MAGNA CARTA,-0.562,51.4448,Thames,THAMES - WEST THAMES,Multiple Values,OPEN,FRESHWATER - RIVERS,2022-07-28T10:00:00,MONITORING  (NATIONAL AGENCY POLICY),RIVER / RUNNING SURFACE WATER,5042,Sulcotrione,<0.1,MICROGRAM PER LITRE
https://environment.data.gov.uk/water-quality/sampling-point/TH-RSN0018/sample/1381600/observation/5047,TH-RSN0018,RSN0018 RIVER THAMES AT MAGNA CARTA,-0.562,51.4448,Thames,THAMES - WEST THAMES,Multiple Values,OPEN,FRESHWATER - RIVERS,2022-07-28T10:00:00,MONITORING  (NATIONAL AGENCY POLICY),RIVER / RUNNING SURFACE WATER,5047,Ethirimol,<0.05,MICROGRAM PER LITRE
https://environment.data.gov.uk/water-quality/sampling-point/TH-RSN0018/sample/1381600/observation/5050,TH-RSN0018,RSN0018 RIVER THAMES AT MAGNA CARTA,-0.562,51.4448,Thames,THAMES - WEST THAMES,Multiple Values,OPEN,FRESHWATER - RIVERS,2022-07-28T10:00:00,MONITORING  (NATIONAL AGENCY POLICY),RIVER / RUNNING SURFACE WATER,5050,Azoxystrobin,<0.02,MICROGRAM PER LITRE
https://environment.data.gov.uk/water-quality/sampling-point/TH-RSN0018/sample/1381600/observation/5446,TH-RSN0018,RSN0018 RIVER THAMES AT MAGNA CARTA,-0.562,51.4448,Thames,THAMES - WEST THAMES,Multiple Values,OPEN,FRESHWATER - RIVERS,2022-07-28T10:00:00,MONITORING  (NATIONAL AGENCY POLICY),RIVER / RUNNING SURFACE WATER,5446,Cypermethrin Identification,1,Text Result
https://environment.data.gov.uk/water-quality/sampling-point/TH-RSN0018/sample/1381600/observation/5732,TH-RSN0018,RSN0018 RIVER THAMES AT MAGNA CARTA,-0.562,51.4448,Thames,THAMES - WEST THAMES,Multiple Values,OPEN,FRESHWATER - RIVERS,2022-07-28T10:00:00,MONITORING  (NATIONAL AGENCY POLICY),RIVER / RUNNING SURFACE WATER,5732,Triphenyl Tin as Cation,<0.0002,MICROGRAM PER LITRE
https://environment.data.gov.uk/water-quality/sampling-point/TH-RSN0018/sample/1381600/observation/5889,TH-RSN0018,RSN0018 RIVER THAMES AT MAGNA CARTA,-0.562,51.4448,Thames,THAMES - WEST THAMES,Multiple Values,OPEN,FRESHWATER - RIVERS,2022-07-28T10:00:00,MONITORING  (NATIONAL AGENCY POLICY),RIVER / RUNNING SURFACE WATER,5889,Triclosan,<0.01,MICROGRAM PER LITRE
https://environment.data.gov.uk/water-quality/sampling-point/TH-RSN0018/sample/1381600/observation/6037,TH-RSN0018,RSN0018 RIVER THAMES AT MAGNA CARTA,-0.562,51.4448,Thames,THAMES - WEST THAMES,Multiple Values,OPEN,FRESHWATER - RIVERS,2022-07-28T10:00:00,MONITORING  (NATIONAL AGENCY POLICY),RIVER / RUNNING SURFACE WATER,6037,"Aluminium, Dissolved",19,MICROGRAM PER LITRE
https://environment.data.gov.uk/water-quality/sampling-point/TH-RSN0018/sample/1381600/observation/6399,TH-RSN0018,RSN0018 RIVER THAMES AT MAGNA CARTA,-0.562,51.4448,Thames,THAMES - WEST THAMES,Multiple Values,OPEN,FRESHWATER - RIVERS,2022-07-28T10:00:00,MONITORING  (NATIONAL AGENCY POLICY),RIVER / RUNNING SURFACE WATER,6399,Benzo(a)Pyrene,<0.01,MICROGRAM PER LITRE
https://environment.data.gov.uk/water-quality/sampling-point/TH-RSN0018/sample/1381600/observation/6449,TH-RSN0018,RSN0018 RIVER THAMES AT MAGNA CARTA,-0.562,51.4448,Thames,THAMES - WEST THAMES,Multiple Values,OPEN,FRESHWATER - RIVERS,2022-07-28T10:00:00,MONITORING  (NATIONAL AGENCY POLICY),RIVER / RUNNING SURFACE WATER,6449,Bromoxynil,<0.005,MICROGRAM PER LITRE
https://environment.data.gov.uk/water-quality/sampling-point/TH-RSN0018/sample/1381600/observation/6450,TH-RSN0018,RSN0018 RIVER THAMES AT MAGNA CARTA,-0.562,51.4448,Thames,THAMES - WEST THAMES,Multiple Values,OPEN,FRESHWATER - RIVERS,2022-07-28T10:00:00,MONITORING  (NATIONAL AGENCY POLICY),RIVER / RUNNING SURFACE WATER,6450,"Copper, Dissolved",3.3,MICROGRAM PER LITRE
https://environment.data.gov.uk/water-quality/sampling-point/TH-RSN0018/sample/1381600/observation/6458,TH-RSN0018,RSN0018 RIVER THAMES AT MAGNA CARTA,-0.562,51.4448,Thames,THAMES - WEST THAMES,Multiple Values,OPEN,FRESHWATER - RIVERS,2022-07-28T10:00:00,MONITORING  (NATIONAL AGENCY POLICY),RIVER / RUNNING SURFACE WATER,6458,"Manganese, Dissolved",<10,MICROGRAM PER LITRE
https://environment.data.gov.uk/water-quality/sampling-point/TH-RSN0018/sample/1381600/observation/6460,TH-RSN0018,RSN0018 RIVER THAMES AT MAGNA CARTA,-0.562,51.4448,Thames,THAMES - WEST THAMES,Multiple Values,OPEN,FRESHWATER - RIVERS,2022-07-28T10:00:00,MONITORING  (NATIONAL AGENCY POLICY),RIVER / RUNNING SURFACE WATER,6460,"Iron, Dissolved",<30,MICROGRAM PER LITRE
https://environment.data.gov.uk/water-quality/sampling-point/TH-RSN0018/sample/1381600/observation/6620,TH-RSN0018,RSN0018 RIVER THAMES AT MAGNA CARTA,-0.562,51.4448,Thames,THAMES - WEST THAMES,Multiple Values,OPEN,FRESHWATER - RIVERS,2022-07-28T10:00:00,MONITORING  (NATIONAL AGENCY POLICY),RIVER / RUNNING SURFACE WATER,6620,Clopyralid,<0.005,MICROGRAM PER LITRE
https://environment.data.gov.uk/water-quality/sampling-point/TH-RSN0018/sample/1381600/observation/6671,TH-RSN0018,RSN0018 RIVER THAMES AT MAGNA CARTA,-0.562,51.4448,Thames,THAMES - WEST THAMES,Multiple Values,OPEN,FRESHWATER - RIVERS,2022-07-28T10:00:00,MONITORING  (NATIONAL AGENCY POLICY),RIVER / RUNNING SURFACE WATER,6671,Phenoxyacetic acid :- {PAA},0.028,MICROGRAM PER LITRE
https://environment.data.gov.uk/water-quality/sampling-point/TH-RSN0018/sample/1381600/observation/6672,TH-RSN0018,RSN0018 RIVER THAMES AT MAGNA CARTA,-0.562,51.4448,Thames,THAMES - WEST THAMES,Multiple Values,OPEN,FRESHWATER - RIVERS,2022-07-28T10:00:00,MONITORING  (NATIONAL AGENCY POLICY),RIVER / RUNNING SURFACE WATER,6672,4-Phenoxybutyric acid :- {PBA},<0.005,MICROGRAM PER LITRE
https://environment.data.gov.uk/water-quality/sampling-point/TH-RSN0018/sample/1381600/observation/6673,TH-RSN0018,RSN0018 RIVER THAMES AT MAGNA CARTA,-0.562,51.4448,Thames,THAMES - WEST THAMES,Multiple Values,OPEN,FRESHWATER - RIVERS,2022-07-28T10:00:00,MONITORING  (NATIONAL AGENCY POLICY),RIVER / RUNNING SURFACE WATER,6673,2-Phenoxypropionic acid :- {PPA},<0.005,MICROGRAM PER LITRE
https://environment.data.gov.uk/water-quality/sampling-point/TH-RSN0018/sample/1381600/observation/6693,TH-RSN0018,RSN0018 RIVER THAMES AT MAGNA CARTA,-0.562,51.4448,Thames,THAMES - WEST THAMES,Multiple Values,OPEN,FRESHWATER - RIVERS,2022-07-28T10:00:00,MONITORING  (NATIONAL AGENCY POLICY),RIVER / RUNNING SURFACE WATER,6693,"Strontium, Filtered",360,MICROGRAM PER LITRE
https://environment.data.gov.uk/water-quality/sampling-point/TH-RSN0018/sample/1381600/observation/6724,TH-RSN0018,RSN0018 RIVER THAMES AT MAGNA CARTA,-0.562,51.4448,Thames,THAMES - WEST THAMES,Multiple Values,OPEN,FRESHWATER - RIVERS,2022-07-28T10:00:00,MONITORING  (NATIONAL AGENCY POLICY),RIVER / RUNNING SURFACE WATER,6724,Di(2-ethylhexyl) phthalate :- {DEHP},<0.2,MICROGRAM PER LITRE
https://environment.data.gov.uk/water-quality/sampling-point/TH-RSN0018/sample/1381600/observation/6760,TH-RSN0018,RSN0018 RIVER THAMES AT MAGNA CARTA,-0.562,51.4448,Thames,THAMES - WEST THAMES,Multiple Values,OPEN,FRESHWATER - RIVERS,2022-07-28T10:00:00,MONITORING  (NATIONAL AGENCY POLICY),RIVER / RUNNING SURFACE WATER,6760,Chloridazon,<0.01,MICROGRAM PER LITRE
https://environment.data.gov.uk/water-quality/sampling-point/TH-RSN0018/sample/1381600/observation/6955,TH-RSN0018,RSN0018 RIVER THAMES AT MAGNA CARTA,-0.562,51.4448,Thames,THAMES - WEST THAMES,Multiple Values,OPEN,FRESHWATER - RIVERS,2022-07-28T10:00:00,MONITORING  (NATIONAL AGENCY POLICY),RIVER / RUNNING SURFACE WATER,6955,Ethiofencarb,<0.005,MICROGRAM PER LITRE
https://environment.data.gov.uk/water-quality/sampling-point/TH-RSN0018/sample/1381600/observation/6971,TH-RSN0018,RSN0018 RIVER THAMES AT MAGNA CARTA,-0.562,51.4448,Thames,THAMES - WEST THAMES,Multiple Values,OPEN,FRESHWATER - RIVERS,2022-07-28T10:00:00,MONITORING  (NATIONAL AGENCY POLICY),RIVER / RUNNING SURFACE WATER,6971,Methiocarb,<0.001,MICROGRAM PER LITRE
https://environment.data.gov.uk/water-quality/sampling-point/TH-RSN0018/sample/1381600/observation/6972,TH-RSN0018,RSN0018 RIVER THAMES AT MAGNA CARTA,-0.562,51.4448,Thames,THAMES - WEST THAMES,Multiple Values,OPEN,FRESHWATER - RIVERS,2022-07-28T10:00:00,MONITORING  (NATIONAL AGENCY POLICY),RIVER / RUNNING SURFACE WATER,6972,Methomyl,<0.005,MICROGRAM PER LITRE
https://environment.data.gov.uk/water-quality/sampling-point/TH-RSN0018/sample/1381600/observation/6980,TH-RSN0018,RSN0018 RIVER THAMES AT MAGNA CARTA,-0.562,51.4448,Thames,THAMES - WEST THAMES,Multiple Values,OPEN,FRESHWATER - RIVERS,2022-07-28T10:00:00,MONITORING  (NATIONAL AGENCY POLICY),RIVER / RUNNING SURFACE WATER,6980,Oxamyl,<0.005,MICROGRAM PER LITRE
https://environment.data.gov.uk/water-quality/sampling-point/TH-RSN0018/sample/1381600/observation/6987,TH-RSN0018,RSN0018 RIVER THAMES AT MAGNA CARTA,-0.562,51.4448,Thames,THAMES - WEST THAMES,Multiple Values,OPEN,FRESHWATER - RIVERS,2022-07-28T10:00:00,MONITORING  (NATIONAL AGENCY POLICY),RIVER / RUNNING SURFACE WATER,6987,Propoxur,<0.005,MICROGRAM PER LITRE
https://environment.data.gov.uk/water-quality/sampling-point/TH-RSN0018/sample/1381600/observation/7025,TH-RSN0018,RSN0018 RIVER THAMES AT MAGNA CARTA,-0.562,51.4448,Thames,THAMES - WEST THAMES,Multiple Values,OPEN,FRESHWATER - RIVERS,2022-07-28T10:00:00,MONITORING  (NATIONAL AGENCY POLICY),RIVER / RUNNING SURFACE WATER,7025,Imazapyr,<0.005,MICROGRAM PER LITRE
https://environment.data.gov.uk/water-quality/sampling-point/TH-RSN0018/sample/1381600/observation/7053,TH-RSN0018,RSN0018 RIVER THAMES AT MAGNA CARTA,-0.562,51.4448,Thames,THAMES - WEST THAMES,Multiple Values,OPEN,FRESHWATER - RIVERS,2022-07-28T10:00:00,MONITORING  (NATIONAL AGENCY POLICY),RIVER / RUNNING SURFACE WATER,7053,Methabenzthiazuron,<0.01,MICROGRAM PER LITRE
https://environment.data.gov.uk/water-quality/sampling-point/TH-RSN0018/sample/1381600/observation/7125,TH-RSN0018,RSN0018 RIVER THAMES AT MAGNA CARTA,-0.562,51.4448,Thames,THAMES - WEST THAMES,Multiple Values,OPEN,FRESHWATER - RIVERS,2022-07-28T10:00:00,MONITORING  (NATIONAL AGENCY POLICY),RIVER / RUNNING SURFACE WATER,7125,Aminomethylphosphonic acid,0.79,MICROGRAM PER LITRE
https://environment.data.gov.uk/water-quality/sampling-point/TH-RSN0018/sample/1381600/observation/7726,TH-RSN0018,RSN0018 RIVER THAMES AT MAGNA CARTA,-0.562,51.4448,Thames,THAMES - WEST THAMES,Multiple Values,OPEN,FRESHWATER - RIVERS,2022-07-28T10:00:00,MONITORING  (NATIONAL AGENCY POLICY),RIVER / RUNNING SURFACE WATER,7726,"2,3,6-TBA :- {2,3,6-Trichlorobenzoic acid}",<0.02,MICROGRAM PER LITRE
https://environment.data.gov.uk/water-quality/sampling-point/TH-RSN0018/sample/1381600/observation/7859,TH-RSN0018,RSN0018 RIVER THAMES AT MAGNA CARTA,-0.562,51.4448,Thames,THAMES - WEST THAMES,Multiple Values,OPEN,FRESHWATER - RIVERS,2022-07-28T10:00:00,MONITORING  (NATIONAL AGENCY POLICY),RIVER / RUNNING SURFACE WATER,7859,"Sulphate, Dissolved as SO4",51,MILLIGRAM PER LITRE
https://environment.data.gov.uk/water-quality/sampling-point/TH-RSN0018/sample/1381600/observation/8806,TH-RSN0018,RSN0018 RIVER THAMES AT MAGNA CARTA,-0.562,51.4448,Thames,THAMES - WEST THAMES,Multiple Values,OPEN,FRESHWATER - RIVERS,2022-07-28T10:00:00,MONITORING  (NATIONAL AGENCY POLICY),RIVER / RUNNING SURFACE WATER,8806,Aldicarb sulfoxide,<0.005,MICROGRAM PER LITRE
https://environment.data.gov.uk/water-quality/sampling-point/TH-RSN0018/sample/1381600/observation/8807,TH-RSN0018,RSN0018 RIVER THAMES AT MAGNA CARTA,-0.562,51.4448,Thames,THAMES - WEST THAMES,Multiple Values,OPEN,FRESHWATER - RIVERS,2022-07-28T10:00:00,MONITORING  (NATIONAL AGENCY POLICY),RIVER / RUNNING SURFACE WATER,8807,Aldoxycarb :- {Aldicarb Sulfone},<0.005,MICROGRAM PER LITRE
https://environment.data.gov.uk/water-quality/sampling-point/TH-RSN0018/sample/1381600/observation/8944,TH-RSN0018,RSN0018 RIVER THAMES AT MAGNA CARTA,-0.562,51.4448,Thames,THAMES - WEST THAMES,Multiple Values,OPEN,FRESHWATER - RIVERS,2022-07-28T10:00:00,MONITORING  (NATIONAL AGENCY POLICY),RIVER / RUNNING SURFACE WATER,8944,Tributyl Tin as Cation,<0.0002,MICROGRAM PER LITRE
https://environment.data.gov.uk/water-quality/sampling-point/TH-RSN0018/sample/1381600/observation/9068,TH-RSN0018,RSN0018 RIVER THAMES AT MAGNA CARTA,-0.562,51.4448,Thames,THAMES - WEST THAMES,Multiple Values,OPEN,FRESHWATER - RIVERS,2022-07-28T10:00:00,MONITORING  (NATIONAL AGENCY POLICY),RIVER / RUNNING SURFACE WATER,9068,Ioxynil,<0.005,MICROGRAM PER LITRE
https://environment.data.gov.uk/water-quality/sampling-point/TH-RSN0018/sample/1381600/observation/9073,TH-RSN0018,RSN0018 RIVER THAMES AT MAGNA CARTA,-0.562,51.4448,Thames,THAMES - WEST THAMES,Multiple Values,OPEN,FRESHWATER - RIVERS,2022-07-28T10:00:00,MONITORING  (NATIONAL AGENCY POLICY),RIVER / RUNNING SURFACE WATER,9073,Carbetamide,<0.01,MICROGRAM PER LITRE
https://environment.data.gov.uk/water-quality/sampling-point/TH-RSN0018/sample/1381600/observation/9190,TH-RSN0018,RSN0018 RIVER THAMES AT MAGNA CARTA,-0.562,51.4448,Thames,THAMES - WEST THAMES,Multiple Values,OPEN,FRESHWATER - RIVERS,2022-07-28T10:00:00,MONITORING  (NATIONAL AGENCY POLICY),RIVER / RUNNING SURFACE WATER,9190,4-Nonylphenol Branched,<0.04,MICROGRAM PER LITRE
https://environment.data.gov.uk/water-quality/sampling-point/TH-RSN0018/sample/1381600/observation/9267,TH-RSN0018,RSN0018 RIVER THAMES AT MAGNA CARTA,-0.562,51.4448,Thames,THAMES - WEST THAMES,Multiple Values,OPEN,FRESHWATER - RIVERS,2022-07-28T10:00:00,MONITORING  (NATIONAL AGENCY POLICY),RIVER / RUNNING SURFACE WATER,9267,4-tert-Octylphenol :- {p-tert-Octylphenol},<0.01,MICROGRAM PER LITRE
https://environment.data.gov.uk/water-quality/sampling-point/TH-RSN0018/sample/1381600/observation/9274,TH-RSN0018,RSN0018 RIVER THAMES AT MAGNA CARTA,-0.562,51.4448,Thames,THAMES - WEST THAMES,Multiple Values,OPEN,FRESHWATER - RIVERS,2022-07-28T10:00:00,MONITORING  (NATIONAL AGENCY POLICY),RIVER / RUNNING SURFACE WATER,9274,Perfluorooctanoate anion,0.0035,MICROGRAM PER LITRE
https://environment.data.gov.uk/water-quality/sampling-point/TH-RSN0018/sample/1381600/observation/9276,TH-RSN0018,RSN0018 RIVER THAMES AT MAGNA CARTA,-0.562,51.4448,Thames,THAMES - WEST THAMES,Multiple Values,OPEN,FRESHWATER - RIVERS,2022-07-28T10:00:00,MONITORING  (NATIONAL AGENCY POLICY),RIVER / RUNNING SURFACE WATER,9276,Perfluorooctylsulphonate anion,0.0045,MICROGRAM PER LITRE
https://environment.data.gov.uk/water-quality/sampling-point/TH-RSN0018/sample/1381600/observation/9339,TH-RSN0018,RSN0018 RIVER THAMES AT MAGNA CARTA,-0.562,51.4448,Thames,THAMES - WEST THAMES,Multiple Values,OPEN,FRESHWATER - RIVERS,2022-07-28T10:00:00,MONITORING  (NATIONAL AGENCY POLICY),RIVER / RUNNING SURFACE WATER,9339,Fenuron,<0.01,MICROGRAM PER LITRE
https://environment.data.gov.uk/water-quality/sampling-point/TH-RSN0018/sample/1381600/observation/9341,TH-RSN0018,RSN0018 RIVER THAMES AT MAGNA CARTA,-0.562,51.4448,Thames,THAMES - WEST THAMES,Multiple Values,OPEN,FRESHWATER - RIVERS,2022-07-28T10:00:00,MONITORING  (NATIONAL AGENCY POLICY),RIVER / RUNNING SURFACE WATER,9341,cis-Permethrin,<0.0001,MICROGRAM PER LITRE
https://environment.data.gov.uk/water-quality/sampling-point/TH-RSN0018/sample/1381600/observation/9342,TH-RSN0018,RSN0018 RIVER THAMES AT MAGNA CARTA,-0.562,51.4448,Thames,THAMES - WEST THAMES,Multiple Values,OPEN,FRESHWATER - RIVERS,2022-07-28T10:00:00,MONITORING  (NATIONAL AGENCY POLICY),RIVER / RUNNING SURFACE WATER,9342,trans-Permethrin,<0.0001,MICROGRAM PER LITRE
https://environment.data.gov.uk/water-quality/sampling-point/TH-RSN0018/sample/1381600/observation/9343,TH-RSN0018,RSN0018 RIVER THAMES AT MAGNA CARTA,-0.562,51.4448,Thames,THAMES - WEST THAMES,Multiple Values,OPEN,FRESHWATER - RIVERS,2022-07-28T10:00:00,MONITORING  (NATIONAL AGENCY POLICY),RIVER / RUNNING SURFACE WATER,9343,Carbaryl,<0.01,MICROGRAM PER LITRE
https://environment.data.gov.uk/water-quality/sampling-point/TH-RSN0018/sample/1381600/observation/9344,TH-RSN0018,RSN0018 RIVER THAMES AT MAGNA CARTA,-0.562,51.4448,Thames,THAMES - WEST THAMES,Multiple Values,OPEN,FRESHWATER - RIVERS,2022-07-28T10:00:00,MONITORING  (NATIONAL AGENCY POLICY),RIVER / RUNNING SURFACE WATER,9344,Aldicarb,<0.005,MICROGRAM PER LITRE
https://environment.data.gov.uk/water-quality/sampling-point/TH-RSN0018/sample/1381600/observation/9345,TH-RSN0018,RSN0018 RIVER THAMES AT MAGNA CARTA,-0.562,51.4448,Thames,THAMES - WEST THAMES,Multiple Values,OPEN,FRESHWATER - RIVERS,2022-07-28T10:00:00,MONITORING  (NATIONAL AGENCY POLICY),RIVER / RUNNING SURFACE WATER,9345,Diflurobenzuron,<0.01,MICROGRAM PER LITRE
https://environment.data.gov.uk/water-quality/sampling-point/TH-RSN0018/sample/1381600/observation/9348,TH-RSN0018,RSN0018 RIVER THAMES AT MAGNA CARTA,-0.562,51.4448,Thames,THAMES - WEST THAMES,Multiple Values,OPEN,FRESHWATER - RIVERS,2022-07-28T10:00:00,MONITORING  (NATIONAL AGENCY POLICY),RIVER / RUNNING SURFACE WATER,9348,Chlorotoluron,<0.01,MICROGRAM PER LITRE
https://environment.data.gov.uk/water-quality/sampling-point/TH-RSN0018/sample/1381600/observation/9446,TH-RSN0018,RSN0018 RIVER THAMES AT MAGNA CARTA,-0.562,51.4448,Thames,THAMES - WEST THAMES,Multiple Values,OPEN,FRESHWATER - RIVERS,2022-07-28T10:00:00,MONITORING  (NATIONAL AGENCY POLICY),RIVER / RUNNING SURFACE WATER,9446,"Barium, Dissolved",21,MICROGRAM PER LITRE
https://environment.data.gov.uk/water-quality/sampling-point/TH-RSN0018/sample/1381600/observation/9447,TH-RSN0018,RSN0018 RIVER THAMES AT MAGNA CARTA,-0.562,51.4448,Thames,THAMES - WEST THAMES,Multiple Values,OPEN,FRESHWATER - RIVERS,2022-07-28T10:00:00,MONITORING  (NATIONAL AGENCY POLICY),RIVER / RUNNING SURFACE WATER,9447,"Boron, Dissolved",<100,MICROGRAM PER LITRE
https://environment.data.gov.uk/water-quality/sampling-point/TH-RSN0018/sample/1381600/observation/9686,TH-RSN0018,RSN0018 RIVER THAMES AT MAGNA CARTA,-0.562,51.4448,Thames,THAMES - WEST THAMES,Multiple Values,OPEN,FRESHWATER - RIVERS,2022-07-28T10:00:00,MONITORING  (NATIONAL AGENCY POLICY),RIVER / RUNNING SURFACE WATER,9686,"Nitrogen, Total as N",8.7,MILLIGRAM PER LITRE
https://environment.data.gov.uk/water-quality/sampling-point/TH-RSN0018/sample/1381600/observation/9756,TH-RSN0018,RSN0018 RIVER THAMES AT MAGNA CARTA,-0.562,51.4448,Thames,THAMES - WEST THAMES,Multiple Values,OPEN,FRESHWATER - RIVERS,2022-07-28T10:00:00,MONITORING  (NATIONAL AGENCY POLICY),RIVER / RUNNING SURFACE WATER,9756,Neburon,<0.01,MICROGRAM PER LITRE
https://environment.data.gov.uk/water-quality/sampling-point/TH-RSN0018/sample/1381600/observation/9861,TH-RSN0018,RSN0018 RIVER THAMES AT MAGNA CARTA,-0.562,51.4448,Thames,THAMES - WEST THAMES,Multiple Values,OPEN,FRESHWATER - RIVERS,2022-07-28T10:00:00,MONITORING  (NATIONAL AGENCY POLICY),RIVER / RUNNING SURFACE WATER,9861,Metsulfuron-methyl,<0.01,MICROGRAM PER LITRE
https://environment.data.gov.uk/water-quality/sampling-point/TH-RSN0018/sample/1381600/observation/9883,TH-RSN0018,RSN0018 RIVER THAMES AT MAGNA CARTA,-0.562,51.4448,Thames,THAMES - WEST THAMES,Multiple Values,OPEN,FRESHWATER - RIVERS,2022-07-28T10:00:00,MONITORING  (NATIONAL AGENCY POLICY),RIVER / RUNNING SURFACE WATER,9883,Picloram,<0.005,MICROGRAM PER LITRE
https://environment.data.gov.uk/water-quality/sampling-point/TH-RSN0018/sample/1381600/observation/9889,TH-RSN0018,RSN0018 RIVER THAMES AT MAGNA CARTA,-0.562,51.4448,Thames,THAMES - WEST THAMES,Multiple Values,OPEN,FRESHWATER - RIVERS,2022-07-28T10:00:00,MONITORING  (NATIONAL AGENCY POLICY),RIVER / RUNNING SURFACE WATER,9889,Oestrone :- {E1},1.3,NANOGRAM PER LITRE
https://environment.data.gov.uk/water-quality/sampling-point/TH-RSN0018/sample/1381600/observation/9898,TH-RSN0018,RSN0018 RIVER THAMES AT MAGNA CARTA,-0.562,51.4448,Thames,THAMES - WEST THAMES,Multiple Values,OPEN,FRESHWATER - RIVERS,2022-07-28T10:00:00,MONITORING  (NATIONAL AGENCY POLICY),RIVER / RUNNING SURFACE WATER,9898,17beta oestradiol :- {E2},0.1,NANOGRAM PER LITRE
https://environment.data.gov.uk/water-quality/sampling-point/TH-RSN0018/sample/1381600/observation/9899,TH-RSN0018,RSN0018 RIVER THAMES AT MAGNA CARTA,-0.562,51.4448,Thames,THAMES - WEST THAMES,Multiple Values,OPEN,FRESHWATER - RIVERS,2022-07-28T10:00:00,MONITORING  (NATIONAL AGENCY POLICY),RIVER / RUNNING SURFACE WATER,9899,17alpha ethynyloestradiol :- {EE2},<0.03,NANOGRAM PER LITRE
https://environment.data.gov.uk/water-quality/sampling-point/TH-RSN0018/sample/1381600/observation/9901,TH-RSN0018,RSN0018 RIVER THAMES AT MAGNA CARTA,-0.562,51.4448,Thames,THAMES - WEST THAMES,Multiple Values,OPEN,FRESHWATER - RIVERS,2022-07-28T10:00:00,MONITORING  (NATIONAL AGENCY POLICY),RIVER / RUNNING SURFACE WATER,9901,"Oxygen, Dissolved, % Saturation",91.2,PERCENTAGE
https://environment.data.gov.uk/water-quality/sampling-point/TH-RSN0018/sample/1381600/observation/9924,TH-RSN0018,RSN0018 RIVER THAMES AT MAGNA CARTA,-0.562,51.4448,Thames,THAMES - WEST THAMES,Multiple Values,OPEN,FRESHWATER - RIVERS,2022-07-28T10:00:00,MONITORING  (NATIONAL AGENCY POLICY),RIVER / RUNNING SURFACE WATER,9924,"Oxygen, Dissolved as O2",8.23,MILLIGRAM PER LITRE
https://environment.data.gov.uk/water-quality/sampling-point/TH-RSN0018/sample/1385152/observation/0052,TH-RSN0018,RSN0018 RIVER THAMES AT MAGNA CARTA,-0.562,51.4448,Thames,THAMES - WEST THAMES,Multiple Values,OPEN,FRESHWATER - RIVERS,2022-11-08T14:23:00,MONITORING  (NATIONAL AGENCY POLICY),RIVER / RUNNING SURFACE WATER,0052,"Lead, Dissolved",0.12,MICROGRAM PER LITRE
https://environment.data.gov.uk/water-quality/sampling-point/TH-RSN0018/sample/1385152/observation/0061,TH-RSN0018,RSN0018 RIVER THAMES AT MAGNA CARTA,-0.562,51.4448,Thames,THAMES - WEST THAMES,Multiple Values,OPEN,FRESHWATER - RIVERS,2022-11-08T14:23:00,MONITORING  (NATIONAL AGENCY POLICY),RIVER / RUNNING SURFACE WATER,0061,pH,7.89,PH UNITS
https://environment.data.gov.uk/water-quality/sampling-point/TH-RSN0018/sample/1385152/observation/0073,TH-RSN0018,RSN0018 RIVER THAMES AT MAGNA CARTA,-0.562,51.4448,Thames,THAMES - WEST THAMES,Multiple Values,OPEN,FRESHWATER - RIVERS,2022-11-08T14:23:00,MONITORING  (NATIONAL AGENCY POLICY),RIVER / RUNNING SURFACE WATER,0073,Cypermethrin,0.00002,MICROGRAM PER LITRE
https://environment.data.gov.uk/water-quality/sampling-point/TH-RSN0018/sample/1385152/observation/0076,TH-RSN0018,RSN0018 RIVER THAMES AT MAGNA CARTA,-0.562,51.4448,Thames,THAMES - WEST THAMES,Multiple Values,OPEN,FRESHWATER - RIVERS,2022-11-08T14:23:00,MONITORING  (NATIONAL AGENCY POLICY),RIVER / RUNNING SURFACE WATER,0076,Temperature of Water,11.6,CELSIUS
https://environment.data.gov.uk/water-quality/sampling-point/TH-RSN0018/sample/1385152/observation/0077,TH-RSN0018,RSN0018 RIVER THAMES AT MAGNA CARTA,-0.562,51.4448,Thames,THAMES - WEST THAMES,Multiple Values,OPEN,FRESHWATER - RIVERS,2022-11-08T14:23:00,MONITORING  (NATIONAL AGENCY POLICY),RIVER / RUNNING SURFACE WATER,0077,Conductivity at 25 C,624,MICROSIEMENS PER CENTIMETRE
https://environment.data.gov.uk/water-quality/sampling-point/TH-RSN0018/sample/1385152/observation/0106,TH-RSN0018,RSN0018 RIVER THAMES AT MAGNA CARTA,-0.562,51.4448,Thames,THAMES - WEST THAMES,Multiple Values,OPEN,FRESHWATER - RIVERS,2022-11-08T14:23:00,MONITORING  (NATIONAL AGENCY POLICY),RIVER / RUNNING SURFACE WATER,0106,"Cadmium, Dissolved",0.015,MICROGRAM PER LITRE
https://environment.data.gov.uk/water-quality/sampling-point/TH-RSN0018/sample/1385152/observation/0111,TH-RSN0018,RSN0018 RIVER THAMES AT MAGNA CARTA,-0.562,51.4448,Thames,THAMES - WEST THAMES,Multiple Values,OPEN,FRESHWATER - RIVERS,2022-11-08T14:23:00,MONITORING  (NATIONAL AGENCY POLICY),RIVER / RUNNING SURFACE WATER,0111,Ammoniacal Nitrogen as N,0.042,MILLIGRAM PER LITRE
https://environment.data.gov.uk/water-quality/sampling-point/TH-RSN0018/sample/1385152/observation/0116,TH-RSN0018,RSN0018 RIVER THAMES AT MAGNA CARTA,-0.562,51.4448,Thames,THAMES - WEST THAMES,Multiple Values,OPEN,FRESHWATER - RIVERS,2022-11-08T14:23:00,MONITORING  (NATIONAL AGENCY POLICY),RIVER / RUNNING SURFACE WATER,0116,"Nitrogen, Total Oxidised as N",6.1,MILLIGRAM PER LITRE
https://environment.data.gov.uk/water-quality/sampling-point/TH-RSN0018/sample/1385152/observation/0117,TH-RSN0018,RSN0018 RIVER THAMES AT MAGNA CARTA,-0.562,51.4448,Thames,THAMES - WEST THAMES,Multiple Values,OPEN,FRESHWATER - RIVERS,2022-11-08T14:23:00,MONITORING  (NATIONAL AGENCY POLICY),RIVER / RUNNING SURFACE WATER,0117,Nitrate as N,6.07,MILLIGRAM PER LITRE
https://environment.data.gov.uk/water-quality/sampling-point/TH-RSN0018/sample/1385152/observation/0118,TH-RSN0018,RSN0018 RIVER THAMES AT MAGNA CARTA,-0.562,51.4448,Thames,THAMES - WEST THAMES,Multiple Values,OPEN,FRESHWATER - RIVERS,2022-11-08T14:23:00,MONITORING  (NATIONAL AGENCY POLICY),RIVER / RUNNING SURFACE WATER,0118,Nitrite as N,0.031,MILLIGRAM PER LITRE
https://environment.data.gov.uk/water-quality/sampling-point/TH-RSN0018/sample/1385152/observation/0119,TH-RSN0018,RSN0018 RIVER THAMES AT MAGNA CARTA,-0.562,51.4448,Thames,THAMES - WEST THAMES,Multiple Values,OPEN,FRESHWATER - RIVERS,2022-11-08T14:23:00,MONITORING  (NATIONAL AGENCY POLICY),RIVER / RUNNING SURFACE WATER,0119,Ammonia un-ionised as N,0.00067,MILLIGRAM PER LITRE
https://environment.data.gov.uk/water-quality/sampling-point/TH-RSN0018/sample/1385152/observation/0158,TH-RSN0018,RSN0018 RIVER THAMES AT MAGNA CARTA,-0.562,51.4448,Thames,THAMES - WEST THAMES,Multiple Values,OPEN,FRESHWATER - RIVERS,2022-11-08T14:23:00,MONITORING  (NATIONAL AGENCY POLICY),RIVER / RUNNING SURFACE WATER,0158,"Hardness, Total as CaCO3",237,MILLIGRAM PER LITRE
https://environment.data.gov.uk/water-quality/sampling-point/TH-RSN0018/sample/1385152/observation/0162,TH-RSN0018,RSN0018 RIVER THAMES AT MAGNA CARTA,-0.562,51.4448,Thames,THAMES - WEST THAMES,Multiple Values,OPEN,FRESHWATER - RIVERS,2022-11-08T14:23:00,MONITORING  (NATIONAL AGENCY POLICY),RIVER / RUNNING SURFACE WATER,0162,Alkalinity to pH 4.5 as CaCO3,170,MILLIGRAM PER LITRE
https://environment.data.gov.uk/water-quality/sampling-point/TH-RSN0018/sample/1385152/observation/0163,TH-RSN0018,RSN0018 RIVER THAMES AT MAGNA CARTA,-0.562,51.4448,Thames,THAMES - WEST THAMES,Multiple Values,OPEN,FRESHWATER - RIVERS,2022-11-08T14:23:00,MONITORING  (NATIONAL AGENCY POLICY),RIVER / RUNNING SURFACE WATER,0163,"Hardness, Calcium",215,MILLIGRAM PER LITRE
https://environment.data.gov.uk/water-quality/sampling-point/TH-RSN0018/sample/1385152/observation/0172,TH-RSN0018,RSN0018 RIVER THAMES AT MAGNA CARTA,-0.562,51.4448,Thames,THAMES - WEST THAMES,Multiple Values,OPEN,FRESHWATER - RIVERS,2022-11-08T14:23:00,MONITORING  (NATIONAL AGENCY POLICY),RIVER / RUNNING SURFACE WATER,0172,Chloride,46,MILLIGRAM PER LITRE
https://environment.data.gov.uk/water-quality/sampling-point/TH-RSN0018/sample/1385152/observation/0180,TH-RSN0018,RSN0018 RIVER THAMES AT MAGNA CARTA,-0.562,51.4448,Thames,THAMES - WEST THAMES,Multiple Values,OPEN,FRESHWATER - RIVERS,2022-11-08T14:23:00,MONITORING  (NATIONAL AGENCY POLICY),RIVER / RUNNING SURFACE WATER,0180,"Orthophosphate, reactive as P",0.22,MILLIGRAM PER LITRE
https://environment.data.gov.uk/water-quality/sampling-point/TH-RSN0018/sample/1385152/observation/0182,TH-RSN0018,RSN0018 RIVER THAMES AT MAGNA CARTA,-0.562,51.4448,Thames,THAMES - WEST THAMES,Multiple Values,OPEN,FRESHWATER - RIVERS,2022-11-08T14:23:00,MONITORING  (NATIONAL AGENCY POLICY),RIVER / RUNNING SURFACE WATER,0182,"Silica, reactive as SiO2",14,MILLIGRAM PER LITRE
https://environment.data.gov.uk/water-quality/sampling-point/TH-RSN0018/sample/1385152/observation/0205,TH-RSN0018,RSN0018 RIVER THAMES AT MAGNA CARTA,-0.562,51.4448,Thames,THAMES - WEST THAMES,Multiple Values,OPEN,FRESHWATER - RIVERS,2022-11-08T14:23:00,MONITORING  (NATIONAL AGENCY POLICY),RIVER / RUNNING SURFACE WATER,0205,"Sodium, Dissolved",33,MILLIGRAM PER LITRE
https://environment.data.gov.uk/water-quality/sampling-point/TH-RSN0018/sample/1385152/observation/0209,TH-RSN0018,RSN0018 RIVER THAMES AT MAGNA CARTA,-0.562,51.4448,Thames,THAMES - WEST THAMES,Multiple Values,OPEN,FRESHWATER - RIVERS,2022-11-08T14:23:00,MONITORING  (NATIONAL AGENCY POLICY),RIVER / RUNNING SURFACE WATER,0209,"Potassium, Dissolved",7.4,MILLIGRAM PER LITRE
https://environment.data.gov.uk/water-quality/sampling-point/TH-RSN0018/sample/1385152/observation/0235,TH-RSN0018,RSN0018 RIVER THAMES AT MAGNA CARTA,-0.562,51.4448,Thames,THAMES - WEST THAMES,Multiple Values,OPEN,FRESHWATER - RIVERS,2022-11-08T14:23:00,MONITORING  (NATIONAL AGENCY POLICY),RIVER / RUNNING SURFACE WATER,0235,"Magnesium, Dissolved",5.3,MILLIGRAM PER LITRE
https://environment.data.gov.uk/water-quality/sampling-point/TH-RSN0018/sample/1385152/observation/0239,TH-RSN0018,RSN0018 RIVER THAMES AT MAGNA CARTA,-0.562,51.4448,Thames,THAMES - WEST THAMES,Multiple Values,OPEN,FRESHWATER - RIVERS,2022-11-08T14:23:00,MONITORING  (NATIONAL AGENCY POLICY),RIVER / RUNNING SURFACE WATER,0239,"Calcium, Dissolved",86,MILLIGRAM PER LITRE
https://environment.data.gov.uk/water-quality/sampling-point/TH-RSN0018/sample/1385152/observation/0301,TH-RSN0018,RSN0018 RIVER THAMES AT MAGNA CARTA,-0.562,51.4448,Thames,THAMES - WEST THAMES,Multiple Values,OPEN,FRESHWATER - RIVERS,2022-11-08T14:23:00,MONITORING  (NATIONAL AGENCY POLICY),RIVER / RUNNING SURFACE WATER,0301,"Carbon, Organic, Dissolved as C :- {DOC}",6,MILLIGRAM PER LITRE
https://environment.data.gov.uk/water-quality/sampling-point/TH-RSN0018/sample/1385152/observation/0348,TH-RSN0018,RSN0018 RIVER THAMES AT MAGNA CARTA,-0.562,51.4448,Thames,THAMES - WEST THAMES,Multiple Values,OPEN,FRESHWATER - RIVERS,2022-11-08T14:23:00,MONITORING  (NATIONAL AGENCY POLICY),RIVER / RUNNING SURFACE WATER,0348,"Phosphorus, Total as P",0.26,MILLIGRAM PER LITRE
https://environment.data.gov.uk/water-quality/sampling-point/TH-RSN0018/sample/1385152/observation/0714,TH-RSN0018,RSN0018 RIVER THAMES AT MAGNA CARTA,-0.562,51.4448,Thames,THAMES - WEST THAMES,Multiple Values,OPEN,FRESHWATER - RIVERS,2022-11-08T14:23:00,MONITORING  (NATIONAL AGENCY POLICY),RIVER / RUNNING SURFACE WATER,0714,"Benzo(g,h,i)Perylene",0.0018,MICROGRAM PER LITRE
https://environment.data.gov.uk/water-quality/sampling-point/TH-RSN0018/sample/1385152/observation/0731,TH-RSN0018,RSN0018 RIVER THAMES AT MAGNA CARTA,-0.562,51.4448,Thames,THAMES - WEST THAMES,Multiple Values,OPEN,FRESHWATER - RIVERS,2022-11-08T14:23:00,MONITORING  (NATIONAL AGENCY POLICY),RIVER / RUNNING SURFACE WATER,0731,Benzo(b)Fluoranthene,0.0011,MICROGRAM PER LITRE
https://environment.data.gov.uk/water-quality/sampling-point/TH-RSN0018/sample/1385152/observation/0733,TH-RSN0018,RSN0018 RIVER THAMES AT MAGNA CARTA,-0.562,51.4448,Thames,THAMES - WEST THAMES,Multiple Values,OPEN,FRESHWATER - RIVERS,2022-11-08T14:23:00,MONITORING  (NATIONAL AGENCY POLICY),RIVER / RUNNING SURFACE WATER,0733,Benzo(k)Fluoranthene,0.00047,MICROGRAM PER LITRE
https://environment.data.gov.uk/water-quality/sampling-point/TH-RSN0018/sample/1385152/observation/0736,TH-RSN0018,RSN0018 RIVER THAMES AT MAGNA CARTA,-0.562,51.4448,Thames,THAMES - WEST THAMES,Multiple Values,OPEN,FRESHWATER - RIVERS,2022-11-08T14:23:00,MONITORING  (NATIONAL AGENCY POLICY),RIVER / RUNNING SURFACE WATER,0736,Fluoranthene,0.0024,MICROGRAM PER LITRE
https://environment.data.gov.uk/water-quality/sampling-point/TH-RSN0018/sample/1385152/observation/0746,TH-RSN0018,RSN0018 RIVER THAMES AT MAGNA CARTA,-0.562,51.4448,Thames,THAMES - WEST THAMES,Multiple Values,OPEN,FRESHWATER - RIVERS,2022-11-08T14:23:00,MONITORING  (NATIONAL AGENCY POLICY),RIVER / RUNNING SURFACE WATER,0746,"Indeno(1,2,3-cd)pyrene",0.0015,MICROGRAM PER LITRE
https://environment.data.gov.uk/water-quality/sampling-point/TH-RSN0018/sample/1385152/observation/3004,TH-RSN0018,RSN0018 RIVER THAMES AT MAGNA CARTA,-0.562,51.4448,Thames,THAMES - WEST THAMES,Multiple Values,OPEN,FRESHWATER - RIVERS,2022-11-08T14:23:00,MONITORING  (NATIONAL AGENCY POLICY),RIVER / RUNNING SURFACE WATER,3004,Asulam,<0.02,MICROGRAM PER LITRE
https://environment.data.gov.uk/water-quality/sampling-point/TH-RSN0018/sample/1385152/observation/3007,TH-RSN0018,RSN0018 RIVER THAMES AT MAGNA CARTA,-0.562,51.4448,Thames,THAMES - WEST THAMES,Multiple Values,OPEN,FRESHWATER - RIVERS,2022-11-08T14:23:00,MONITORING  (NATIONAL AGENCY POLICY),RIVER / RUNNING SURFACE WATER,3007,Glyphosate,0.19,MICROGRAM PER LITRE
https://environment.data.gov.uk/water-quality/sampling-point/TH-RSN0018/sample/1385152/observation/3086,TH-RSN0018,RSN0018 RIVER THAMES AT MAGNA CARTA,-0.562,51.4448,Thames,THAMES - WEST THAMES,Multiple Values,OPEN,FRESHWATER - RIVERS,2022-11-08T14:23:00,MONITORING  (NATIONAL AGENCY POLICY),RIVER / RUNNING SURFACE WATER,3086,Carbofuran,<0.005,MICROGRAM PER LITRE
https://environment.data.gov.uk/water-quality/sampling-point/TH-RSN0018/sample/1385152/observation/3117,TH-RSN0018,RSN0018 RIVER THAMES AT MAGNA CARTA,-0.562,51.4448,Thames,THAMES - WEST THAMES,Multiple Values,OPEN,FRESHWATER - RIVERS,2022-11-08T14:23:00,MONITORING  (NATIONAL AGENCY POLICY),RIVER / RUNNING SURFACE WATER,3117,Isoproturon,<0.01,MICROGRAM PER LITRE
https://environment.data.gov.uk/water-quality/sampling-point/TH-RSN0018/sample/1385152/observation/3118,TH-RSN0018,RSN0018 RIVER THAMES AT MAGNA CARTA,-0.562,51.4448,Thames,THAMES - WEST THAMES,Multiple Values,OPEN,FRESHWATER - RIVERS,2022-11-08T14:23:00,MONITORING  (NATIONAL AGENCY POLICY),RIVER / RUNNING SURFACE WATER,3118,Linuron,<0.01,MICROGRAM PER LITRE
https://environment.data.gov.uk/water-quality/sampling-point/TH-RSN0018/sample/1385152/observation/3130,TH-RSN0018,RSN0018 RIVER THAMES AT MAGNA CARTA,-0.562,51.4448,Thames,THAMES - WEST THAMES,Multiple Values,OPEN,FRESHWATER - RIVERS,2022-11-08T14:23:00,MONITORING  (NATIONAL AGENCY POLICY),RIVER / RUNNING SURFACE WATER,3130,Metoxuron,<0.01,MICROGRAM PER LITRE
https://environment.data.gov.uk/water-quality/sampling-point/TH-RSN0018/sample/1385152/observation/3341,TH-RSN0018,RSN0018 RIVER THAMES AT MAGNA CARTA,-0.562,51.4448,Thames,THAMES - WEST THAMES,Multiple Values,OPEN,FRESHWATER - RIVERS,2022-11-08T14:23:00,MONITORING  (NATIONAL AGENCY POLICY),RIVER / RUNNING SURFACE WATER,3341,4-Chloro-2-methylphenol :- {p-Chloro-o-cresol},<0.05,MICROGRAM PER LITRE
https://environment.data.gov.uk/water-quality/sampling-point/TH-RSN0018/sample/1385152/observation/3377,TH-RSN0018,RSN0018 RIVER THAMES AT MAGNA CARTA,-0.562,51.4448,Thames,THAMES - WEST THAMES,Multiple Values,OPEN,FRESHWATER - RIVERS,2022-11-08T14:23:00,MONITORING  (NATIONAL AGENCY POLICY),RIVER / RUNNING SURFACE WATER,3377,Lead : BLM Bioavailable,0.02,MICROGRAM PER LITRE
https://environment.data.gov.uk/water-quality/sampling-point/TH-RSN0018/sample/1385152/observation/3399,TH-RSN0018,RSN0018 RIVER THAMES AT MAGNA CARTA,-0.562,51.4448,Thames,THAMES - WEST THAMES,Multiple Values,OPEN,FRESHWATER - RIVERS,2022-11-08T14:23:00,MONITORING  (NATIONAL AGENCY POLICY),RIVER / RUNNING SURFACE WATER,3399,Chloroxuron,<0.01,MICROGRAM PER LITRE
https://environment.data.gov.uk/water-quality/sampling-point/TH-RSN0018/sample/1385152/observation/3400,TH-RSN0018,RSN0018 RIVER THAMES AT MAGNA CARTA,-0.562,51.4448,Thames,THAMES - WEST THAMES,Multiple Values,OPEN,FRESHWATER - RIVERS,2022-11-08T14:23:00,MONITORING  (NATIONAL AGENCY POLICY),RIVER / RUNNING SURFACE WATER,3400,Monuron,<0.01,MICROGRAM PER LITRE
https://environment.data.gov.uk/water-quality/sampling-point/TH-RSN0018/sample/1385152/observation/3408,TH-RSN0018,RSN0018 RIVER THAMES AT MAGNA CARTA,-0.562,51.4448,Thames,THAMES - WEST THAMES,Multiple Values,OPEN,FRESHWATER - RIVERS,2022-11-08T14:23:00,MONITORING  (NATIONAL AGENCY POLICY),RIVER / RUNNING SURFACE WATER,3408,"Zinc, Dissolved",5.1,MICROGRAM PER LITRE
https://environment.data.gov.uk/water-quality/sampling-point/TH-RSN0018/sample/1385152/observation/3409,TH-RSN0018,RSN0018 RIVER THAMES AT MAGNA CARTA,-0.562,51.4448,Thames,THAMES - WEST THAMES,Multiple Values,OPEN,FRESHWATER - RIVERS,2022-11-08T14:23:00,MONITORING  (NATIONAL AGENCY POLICY),RIVER / RUNNING SURFACE WATER,3409,"Chromium, Dissolved",<0.5,MICROGRAM PER LITRE
https://environment.data.gov.uk/water-quality/sampling-point/TH-RSN0018/sample/1385152/observation/3410,TH-RSN0018,RSN0018 RIVER THAMES AT MAGNA CARTA,-0.562,51.4448,Thames,THAMES - WEST THAMES,Multiple Values,OPEN,FRESHWATER - RIVERS,2022-11-08T14:23:00,MONITORING  (NATIONAL AGENCY POLICY),RIVER / RUNNING SURFACE WATER,3410,"Nickel, Dissolved",2.4,MICROGRAM PER LITRE
https://environment.data.gov.uk/water-quality/sampling-point/TH-RSN0018/sample/1385152/observation/3475,TH-RSN0018,RSN0018 RIVER THAMES AT MAGNA CARTA,-0.562,51.4448,Thames,THAMES - WEST THAMES,Multiple Values,OPEN,FRESHWATER - RIVERS,2022-11-08T14:23:00,MONITORING  (NATIONAL AGENCY POLICY),RIVER / RUNNING SURFACE WATER,3475,Carbendazim,<0.01,MICROGRAM PER LITRE
https://environment.data.gov.uk/water-quality/sampling-point/TH-RSN0018/sample/1385152/observation/3545,TH-RSN0018,RSN0018 RIVER THAMES AT MAGNA CARTA,-0.562,51.4448,Thames,THAMES - WEST THAMES,Multiple Values,OPEN,FRESHWATER - RIVERS,2022-11-08T14:23:00,MONITORING  (NATIONAL AGENCY POLICY),RIVER / RUNNING SURFACE WATER,3545,"2,4-D :- {2,4-Dichlorophenoxyacetic acid}",0.0082,MICROGRAM PER LITRE
https://environment.data.gov.uk/water-quality/sampling-point/TH-RSN0018/sample/1385152/observation/3546,TH-RSN0018,RSN0018 RIVER THAMES AT MAGNA CARTA,-0.562,51.4448,Thames,THAMES - WEST THAMES,Multiple Values,OPEN,FRESHWATER - RIVERS,2022-11-08T14:23:00,MONITORING  (NATIONAL AGENCY POLICY),RIVER / RUNNING SURFACE WATER,3546,"2,4,5-T :- {2,4,5-Trichlorophenoxyacetic acid}",<0.005,MICROGRAM PER LITRE
https://environment.data.gov.uk/water-quality/sampling-point/TH-RSN0018/sample/1385152/observation/3547,TH-RSN0018,RSN0018 RIVER THAMES AT MAGNA CARTA,-0.562,51.4448,Thames,THAMES - WEST THAMES,Multiple Values,OPEN,FRESHWATER - RIVERS,2022-11-08T14:23:00,MONITORING  (NATIONAL AGENCY POLICY),RIVER / RUNNING SURFACE WATER,3547,4-Chlorophenoxyacetic acid,<0.005,MICROGRAM PER LITRE
https://environment.data.gov.uk/water-quality/sampling-point/TH-RSN0018/sample/1385152/observation/3548,TH-RSN0018,RSN0018 RIVER THAMES AT MAGNA CARTA,-0.562,51.4448,Thames,THAMES - WEST THAMES,Multiple Values,OPEN,FRESHWATER - RIVERS,2022-11-08T14:23:00,MONITORING  (NATIONAL AGENCY POLICY),RIVER / RUNNING SURFACE WATER,3548,MCPA :- {4-Chloro-2-methylphenoxyacetic acid} ,<0.005,MICROGRAM PER LITRE
https://environment.data.gov.uk/water-quality/sampling-point/TH-RSN0018/sample/1385152/observation/3549,TH-RSN0018,RSN0018 RIVER THAMES AT MAGNA CARTA,-0.562,51.4448,Thames,THAMES - WEST THAMES,Multiple Values,OPEN,FRESHWATER - RIVERS,2022-11-08T14:23:00,MONITORING  (NATIONAL AGENCY POLICY),RIVER / RUNNING SURFACE WATER,3549,Mecoprop,0.0056,MICROGRAM PER LITRE
https://environment.data.gov.uk/water-quality/sampling-point/TH-RSN0018/sample/1385152/observation/3550,TH-RSN0018,RSN0018 RIVER THAMES AT MAGNA CARTA,-0.562,51.4448,Thames,THAMES - WEST THAMES,Multiple Values,OPEN,FRESHWATER - RIVERS,2022-11-08T14:23:00,MONITORING  (NATIONAL AGENCY POLICY),RIVER / RUNNING SURFACE WATER,3550,Dicamba,<0.01,MICROGRAM PER LITRE
https://environment.data.gov.uk/water-quality/sampling-point/TH-RSN0018/sample/1385152/observation/3551,TH-RSN0018,RSN0018 RIVER THAMES AT MAGNA CARTA,-0.562,51.4448,Thames,THAMES - WEST THAMES,Multiple Values,OPEN,FRESHWATER - RIVERS,2022-11-08T14:23:00,MONITORING  (NATIONAL AGENCY POLICY),RIVER / RUNNING SURFACE WATER,3551,"Dichlorprop :- {2,4-DP}",<0.005,MICROGRAM PER LITRE
https://environment.data.gov.uk/water-quality/sampling-point/TH-RSN0018/sample/1385152/observation/3552,TH-RSN0018,RSN0018 RIVER THAMES AT MAGNA CARTA,-0.562,51.4448,Thames,THAMES - WEST THAMES,Multiple Values,OPEN,FRESHWATER - RIVERS,2022-11-08T14:23:00,MONITORING  (NATIONAL AGENCY POLICY),RIVER / RUNNING SURFACE WATER,3552,Fenoprop,<0.005,MICROGRAM PER LITRE
https://environment.data.gov.uk/water-quality/sampling-point/TH-RSN0018/sample/1385152/observation/3555,TH-RSN0018,RSN0018 RIVER THAMES AT MAGNA CARTA,-0.562,51.4448,Thames,THAMES - WEST THAMES,Multiple Values,OPEN,FRESHWATER - RIVERS,2022-11-08T14:23:00,MONITORING  (NATIONAL AGENCY POLICY),RIVER / RUNNING SURFACE WATER,3555,Triclopyr,0.0082,MICROGRAM PER LITRE
https://environment.data.gov.uk/water-quality/sampling-point/TH-RSN0018/sample/1385152/observation/3790,TH-RSN0018,RSN0018 RIVER THAMES AT MAGNA CARTA,-0.562,51.4448,Thames,THAMES - WEST THAMES,Multiple Values,OPEN,FRESHWATER - RIVERS,2022-11-08T14:23:00,MONITORING  (NATIONAL AGENCY POLICY),RIVER / RUNNING SURFACE WATER,3790,MCPB :- {4-Chloro-2-methylphenoxybutyric acid},<0.005,MICROGRAM PER LITRE
https://environment.data.gov.uk/water-quality/sampling-point/TH-RSN0018/sample/1385152/observation/3791,TH-RSN0018,RSN0018 RIVER THAMES AT MAGNA CARTA,-0.562,51.4448,Thames,THAMES - WEST THAMES,Multiple Values,OPEN,FRESHWATER - RIVERS,2022-11-08T14:23:00,MONITORING  (NATIONAL AGENCY POLICY),RIVER / RUNNING SURFACE WATER,3791,"2,4-DB :- {4-(2,4-dichlorophenoxy)butyric acid}",<0.005,MICROGRAM PER LITRE
https://environment.data.gov.uk/water-quality/sampling-point/TH-RSN0018/sample/1385152/observation/3792,TH-RSN0018,RSN0018 RIVER THAMES AT MAGNA CARTA,-0.562,51.4448,Thames,THAMES - WEST THAMES,Multiple Values,OPEN,FRESHWATER - RIVERS,2022-11-08T14:23:00,MONITORING  (NATIONAL AGENCY POLICY),RIVER / RUNNING SURFACE WATER,3792,Benazolin,<0.005,MICROGRAM PER LITRE
https://environment.data.gov.uk/water-quality/sampling-point/TH-RSN0018/sample/1385152/observation/3811,TH-RSN0018,RSN0018 RIVER THAMES AT MAGNA CARTA,-0.562,51.4448,Thames,THAMES - WEST THAMES,Multiple Values,OPEN,FRESHWATER - RIVERS,2022-11-08T14:23:00,MONITORING  (NATIONAL AGENCY POLICY),RIVER / RUNNING SURFACE WATER,3811,Diuron,<0.01,MICROGRAM PER LITRE
https://environment.data.gov.uk/water-quality/sampling-point/TH-RSN0018/sample/1385152/observation/3878,TH-RSN0018,RSN0018 RIVER THAMES AT MAGNA CARTA,-0.562,51.4448,Thames,THAMES - WEST THAMES,Multiple Values,OPEN,FRESHWATER - RIVERS,2022-11-08T14:23:00,MONITORING  (NATIONAL AGENCY POLICY),RIVER / RUNNING SURFACE WATER,3878,Nickel : BLM Bioavailable,0.72,MICROGRAM PER LITRE
https://environment.data.gov.uk/water-quality/sampling-point/TH-RSN0018/sample/1385152/observation/4064,TH-RSN0018,RSN0018 RIVER THAMES AT MAGNA CARTA,-0.562,51.4448,Thames,THAMES - WEST THAMES,Multiple Values,OPEN,FRESHWATER - RIVERS,2022-11-08T14:23:00,MONITORING  (NATIONAL AGENCY POLICY),RIVER / RUNNING SURFACE WATER,4064,Fluroxypyr,<0.005,MICROGRAM PER LITRE
https://environment.data.gov.uk/water-quality/sampling-point/TH-RSN0018/sample/1385152/observation/4065,TH-RSN0018,RSN0018 RIVER THAMES AT MAGNA CARTA,-0.562,51.4448,Thames,THAMES - WEST THAMES,Multiple Values,OPEN,FRESHWATER - RIVERS,2022-11-08T14:23:00,MONITORING  (NATIONAL AGENCY POLICY),RIVER / RUNNING SURFACE WATER,4065,Bentazone,<0.003,MICROGRAM PER LITRE
https://environment.data.gov.uk/water-quality/sampling-point/TH-RSN0018/sample/1385152/observation/4201,TH-RSN0018,RSN0018 RIVER THAMES AT MAGNA CARTA,-0.562,51.4448,Thames,THAMES - WEST THAMES,Multiple Values,OPEN,FRESHWATER - RIVERS,2022-11-08T14:23:00,MONITORING  (NATIONAL AGENCY POLICY),RIVER / RUNNING SURFACE WATER,4201,"Lithium, Dissolved",<100,MICROGRAM PER LITRE
https://environment.data.gov.uk/water-quality/sampling-point/TH-RSN0018/sample/1385152/observation/4820,TH-RSN0018,RSN0018 RIVER THAMES AT MAGNA CARTA,-0.562,51.4448,Thames,THAMES - WEST THAMES,Multiple Values,OPEN,FRESHWATER - RIVERS,2022-11-08T14:23:00,MONITORING  (NATIONAL AGENCY POLICY),RIVER / RUNNING SURFACE WATER,4820,Manganese : BLM Bioavailable,2.3,MICROGRAM PER LITRE
https://environment.data.gov.uk/water-quality/sampling-point/TH-RSN0018/sample/1385152/observation/4821,TH-RSN0018,RSN0018 RIVER THAMES AT MAGNA CARTA,-0.562,51.4448,Thames,THAMES - WEST THAMES,Multiple Values,OPEN,FRESHWATER - RIVERS,2022-11-08T14:23:00,MONITORING  (NATIONAL AGENCY POLICY),RIVER / RUNNING SURFACE WATER,4821,Copper : BLM Bioavailable,0.14,MICROGRAM PER LITRE
https://environment.data.gov.uk/water-quality/sampling-point/TH-RSN0018/sample/1385152/observation/4822,TH-RSN0018,RSN0018 RIVER THAMES AT MAGNA CARTA,-0.562,51.4448,Thames,THAMES - WEST THAMES,Multiple Values,OPEN,FRESHWATER - RIVERS,2022-11-08T14:23:00,MONITORING  (NATIONAL AGENCY POLICY),RIVER / RUNNING SURFACE WATER,4822,Zinc : BLM Bioavailable,1.7,MICROGRAM PER LITRE
https://environment.data.gov.uk/water-quality/sampling-point/TH-RSN0018/sample/1385152/observation/4994,TH-RSN0018,RSN0018 RIVER THAMES AT MAGNA CARTA,-0.562,51.4448,Thames,THAMES - WEST THAMES,Multiple Values,OPEN,FRESHWATER - RIVERS,2022-11-08T14:23:00,MONITORING  (NATIONAL AGENCY POLICY),RIVER / RUNNING SURFACE WATER,4994,GCMS Screen : Target Based multi-residue screening : Semi Quantitative,1,Text Result
https://environment.data.gov.uk/water-quality/sampling-point/TH-RSN0018/sample/1385152/observation/5042,TH-RSN0018,RSN0018 RIVER THAMES AT MAGNA CARTA,-0.562,51.4448,Thames,THAMES - WEST THAMES,Multiple Values,OPEN,FRESHWATER - RIVERS,2022-11-08T14:23:00,MONITORING  (NATIONAL AGENCY POLICY),RIVER / RUNNING SURFACE WATER,5042,Sulcotrione,<0.1,MICROGRAM PER LITRE
https://environment.data.gov.uk/water-quality/sampling-point/TH-RSN0018/sample/1385152/observation/5047,TH-RSN0018,RSN0018 RIVER THAMES AT MAGNA CARTA,-0.562,51.4448,Thames,THAMES - WEST THAMES,Multiple Values,OPEN,FRESHWATER - RIVERS,2022-11-08T14:23:00,MONITORING  (NATIONAL AGENCY POLICY),RIVER / RUNNING SURFACE WATER,5047,Ethirimol,<0.05,MICROGRAM PER LITRE
https://environment.data.gov.uk/water-quality/sampling-point/TH-RSN0018/sample/1385152/observation/5050,TH-RSN0018,RSN0018 RIVER THAMES AT MAGNA CARTA,-0.562,51.4448,Thames,THAMES - WEST THAMES,Multiple Values,OPEN,FRESHWATER - RIVERS,2022-11-08T14:23:00,MONITORING  (NATIONAL AGENCY POLICY),RIVER / RUNNING SURFACE WATER,5050,Azoxystrobin,<0.02,MICROGRAM PER LITRE
https://environment.data.gov.uk/water-quality/sampling-point/TH-RSN0018/sample/1385152/observation/5446,TH-RSN0018,RSN0018 RIVER THAMES AT MAGNA CARTA,-0.562,51.4448,Thames,THAMES - WEST THAMES,Multiple Values,OPEN,FRESHWATER - RIVERS,2022-11-08T14:23:00,MONITORING  (NATIONAL AGENCY POLICY),RIVER / RUNNING SURFACE WATER,5446,Cypermethrin Identification,1,Text Result
https://environment.data.gov.uk/water-quality/sampling-point/TH-RSN0018/sample/1385152/observation/5732,TH-RSN0018,RSN0018 RIVER THAMES AT MAGNA CARTA,-0.562,51.4448,Thames,THAMES - WEST THAMES,Multiple Values,OPEN,FRESHWATER - RIVERS,2022-11-08T14:23:00,MONITORING  (NATIONAL AGENCY POLICY),RIVER / RUNNING SURFACE WATER,5732,Triphenyl Tin as Cation,<0.0002,MICROGRAM PER LITRE
https://environment.data.gov.uk/water-quality/sampling-point/TH-RSN0018/sample/1385152/observation/5889,TH-RSN0018,RSN0018 RIVER THAMES AT MAGNA CARTA,-0.562,51.4448,Thames,THAMES - WEST THAMES,Multiple Values,OPEN,FRESHWATER - RIVERS,2022-11-08T14:23:00,MONITORING  (NATIONAL AGENCY POLICY),RIVER / RUNNING SURFACE WATER,5889,Triclosan,<0.01,MICROGRAM PER LITRE
https://environment.data.gov.uk/water-quality/sampling-point/TH-RSN0018/sample/1385152/observation/6037,TH-RSN0018,RSN0018 RIVER THAMES AT MAGNA CARTA,-0.562,51.4448,Thames,THAMES - WEST THAMES,Multiple Values,OPEN,FRESHWATER - RIVERS,2022-11-08T14:23:00,MONITORING  (NATIONAL AGENCY POLICY),RIVER / RUNNING SURFACE WATER,6037,"Aluminium, Dissolved",12,MICROGRAM PER LITRE
https://environment.data.gov.uk/water-quality/sampling-point/TH-RSN0018/sample/1385152/observation/6399,TH-RSN0018,RSN0018 RIVER THAMES AT MAGNA CARTA,-0.562,51.4448,Thames,THAMES - WEST THAMES,Multiple Values,OPEN,FRESHWATER - RIVERS,2022-11-08T14:23:00,MONITORING  (NATIONAL AGENCY POLICY),RIVER / RUNNING SURFACE WATER,6399,Benzo(a)Pyrene,0.0011,MICROGRAM PER LITRE
https://environment.data.gov.uk/water-quality/sampling-point/TH-RSN0018/sample/1385152/observation/6449,TH-RSN0018,RSN0018 RIVER THAMES AT MAGNA CARTA,-0.562,51.4448,Thames,THAMES - WEST THAMES,Multiple Values,OPEN,FRESHWATER - RIVERS,2022-11-08T14:23:00,MONITORING  (NATIONAL AGENCY POLICY),RIVER / RUNNING SURFACE WATER,6449,Bromoxynil,<0.005,MICROGRAM PER LITRE
https://environment.data.gov.uk/water-quality/sampling-point/TH-RSN0018/sample/1385152/observation/6450,TH-RSN0018,RSN0018 RIVER THAMES AT MAGNA CARTA,-0.562,51.4448,Thames,THAMES - WEST THAMES,Multiple Values,OPEN,FRESHWATER - RIVERS,2022-11-08T14:23:00,MONITORING  (NATIONAL AGENCY POLICY),RIVER / RUNNING SURFACE WATER,6450,"Copper, Dissolved",3.1,MICROGRAM PER LITRE
https://environment.data.gov.uk/water-quality/sampling-point/TH-RSN0018/sample/1385152/observation/6458,TH-RSN0018,RSN0018 RIVER THAMES AT MAGNA CARTA,-0.562,51.4448,Thames,THAMES - WEST THAMES,Multiple Values,OPEN,FRESHWATER - RIVERS,2022-11-08T14:23:00,MONITORING  (NATIONAL AGENCY POLICY),RIVER / RUNNING SURFACE WATER,6458,"Manganese, Dissolved",<10,MICROGRAM PER LITRE
https://environment.data.gov.uk/water-quality/sampling-point/TH-RSN0018/sample/1385152/observation/6460,TH-RSN0018,RSN0018 RIVER THAMES AT MAGNA CARTA,-0.562,51.4448,Thames,THAMES - WEST THAMES,Multiple Values,OPEN,FRESHWATER - RIVERS,2022-11-08T14:23:00,MONITORING  (NATIONAL AGENCY POLICY),RIVER / RUNNING SURFACE WATER,6460,"Iron, Dissolved",54,MICROGRAM PER LITRE
https://environment.data.gov.uk/water-quality/sampling-point/TH-RSN0018/sample/1385152/observation/6620,TH-RSN0018,RSN0018 RIVER THAMES AT MAGNA CARTA,-0.562,51.4448,Thames,THAMES - WEST THAMES,Multiple Values,OPEN,FRESHWATER - RIVERS,2022-11-08T14:23:00,MONITORING  (NATIONAL AGENCY POLICY),RIVER / RUNNING SURFACE WATER,6620,Clopyralid,<0.005,MICROGRAM PER LITRE
https://environment.data.gov.uk/water-quality/sampling-point/TH-RSN0018/sample/1385152/observation/6671,TH-RSN0018,RSN0018 RIVER THAMES AT MAGNA CARTA,-0.562,51.4448,Thames,THAMES - WEST THAMES,Multiple Values,OPEN,FRESHWATER - RIVERS,2022-11-08T14:23:00,MONITORING  (NATIONAL AGENCY POLICY),RIVER / RUNNING SURFACE WATER,6671,Phenoxyacetic acid :- {PAA},0.078,MICROGRAM PER LITRE
https://environment.data.gov.uk/water-quality/sampling-point/TH-RSN0018/sample/1385152/observation/6672,TH-RSN0018,RSN0018 RIVER THAMES AT MAGNA CARTA,-0.562,51.4448,Thames,THAMES - WEST THAMES,Multiple Values,OPEN,FRESHWATER - RIVERS,2022-11-08T14:23:00,MONITORING  (NATIONAL AGENCY POLICY),RIVER / RUNNING SURFACE WATER,6672,4-Phenoxybutyric acid :- {PBA},<0.005,MICROGRAM PER LITRE
https://environment.data.gov.uk/water-quality/sampling-point/TH-RSN0018/sample/1385152/observation/6673,TH-RSN0018,RSN0018 RIVER THAMES AT MAGNA CARTA,-0.562,51.4448,Thames,THAMES - WEST THAMES,Multiple Values,OPEN,FRESHWATER - RIVERS,2022-11-08T14:23:00,MONITORING  (NATIONAL AGENCY POLICY),RIVER / RUNNING SURFACE WATER,6673,2-Phenoxypropionic acid :- {PPA},<0.005,MICROGRAM PER LITRE
https://environment.data.gov.uk/water-quality/sampling-point/TH-RSN0018/sample/1385152/observation/6693,TH-RSN0018,RSN0018 RIVER THAMES AT MAGNA CARTA,-0.562,51.4448,Thames,THAMES - WEST THAMES,Multiple Values,OPEN,FRESHWATER - RIVERS,2022-11-08T14:23:00,MONITORING  (NATIONAL AGENCY POLICY),RIVER / RUNNING SURFACE WATER,6693,"Strontium, Filtered",330,MICROGRAM PER LITRE
https://environment.data.gov.uk/water-quality/sampling-point/TH-RSN0018/sample/1385152/observation/6724,TH-RSN0018,RSN0018 RIVER THAMES AT MAGNA CARTA,-0.562,51.4448,Thames,THAMES - WEST THAMES,Multiple Values,OPEN,FRESHWATER - RIVERS,2022-11-08T14:23:00,MONITORING  (NATIONAL AGENCY POLICY),RIVER / RUNNING SURFACE WATER,6724,Di(2-ethylhexyl) phthalate :- {DEHP},0.27,MICROGRAM PER LITRE
https://environment.data.gov.uk/water-quality/sampling-point/TH-RSN0018/sample/1385152/observation/6760,TH-RSN0018,RSN0018 RIVER THAMES AT MAGNA CARTA,-0.562,51.4448,Thames,THAMES - WEST THAMES,Multiple Values,OPEN,FRESHWATER - RIVERS,2022-11-08T14:23:00,MONITORING  (NATIONAL AGENCY POLICY),RIVER / RUNNING SURFACE WATER,6760,Chloridazon,<0.01,MICROGRAM PER LITRE
https://environment.data.gov.uk/water-quality/sampling-point/TH-RSN0018/sample/1385152/observation/6955,TH-RSN0018,RSN0018 RIVER THAMES AT MAGNA CARTA,-0.562,51.4448,Thames,THAMES - WEST THAMES,Multiple Values,OPEN,FRESHWATER - RIVERS,2022-11-08T14:23:00,MONITORING  (NATIONAL AGENCY POLICY),RIVER / RUNNING SURFACE WATER,6955,Ethiofencarb,<0.005,MICROGRAM PER LITRE
https://environment.data.gov.uk/water-quality/sampling-point/TH-RSN0018/sample/1385152/observation/6971,TH-RSN0018,RSN0018 RIVER THAMES AT MAGNA CARTA,-0.562,51.4448,Thames,THAMES - WEST THAMES,Multiple Values,OPEN,FRESHWATER - RIVERS,2022-11-08T14:23:00,MONITORING  (NATIONAL AGENCY POLICY),RIVER / RUNNING SURFACE WATER,6971,Methiocarb,<0.001,MICROGRAM PER LITRE
https://environment.data.gov.uk/water-quality/sampling-point/TH-RSN0018/sample/1385152/observation/6972,TH-RSN0018,RSN0018 RIVER THAMES AT MAGNA CARTA,-0.562,51.4448,Thames,THAMES - WEST THAMES,Multiple Values,OPEN,FRESHWATER - RIVERS,2022-11-08T14:23:00,MONITORING  (NATIONAL AGENCY POLICY),RIVER / RUNNING SURFACE WATER,6972,Methomyl,<0.005,MICROGRAM PER LITRE
https://environment.data.gov.uk/water-quality/sampling-point/TH-RSN0018/sample/1385152/observation/6980,TH-RSN0018,RSN0018 RIVER THAMES AT MAGNA CARTA,-0.562,51.4448,Thames,THAMES - WEST THAMES,Multiple Values,OPEN,FRESHWATER - RIVERS,2022-11-08T14:23:00,MONITORING  (NATIONAL AGENCY POLICY),RIVER / RUNNING SURFACE WATER,6980,Oxamyl,<0.005,MICROGRAM PER LITRE
https://environment.data.gov.uk/water-quality/sampling-point/TH-RSN0018/sample/1385152/observation/6987,TH-RSN0018,RSN0018 RIVER THAMES AT MAGNA CARTA,-0.562,51.4448,Thames,THAMES - WEST THAMES,Multiple Values,OPEN,FRESHWATER - RIVERS,2022-11-08T14:23:00,MONITORING  (NATIONAL AGENCY POLICY),RIVER / RUNNING SURFACE WATER,6987,Propoxur,<0.005,MICROGRAM PER LITRE
https://environment.data.gov.uk/water-quality/sampling-point/TH-RSN0018/sample/1385152/observation/7025,TH-RSN0018,RSN0018 RIVER THAMES AT MAGNA CARTA,-0.562,51.4448,Thames,THAMES - WEST THAMES,Multiple Values,OPEN,FRESHWATER - RIVERS,2022-11-08T14:23:00,MONITORING  (NATIONAL AGENCY POLICY),RIVER / RUNNING SURFACE WATER,7025,Imazapyr,<0.005,MICROGRAM PER LITRE
https://environment.data.gov.uk/water-quality/sampling-point/TH-RSN0018/sample/1385152/observation/7053,TH-RSN0018,RSN0018 RIVER THAMES AT MAGNA CARTA,-0.562,51.4448,Thames,THAMES - WEST THAMES,Multiple Values,OPEN,FRESHWATER - RIVERS,2022-11-08T14:23:00,MONITORING  (NATIONAL AGENCY POLICY),RIVER / RUNNING SURFACE WATER,7053,Methabenzthiazuron,<0.01,MICROGRAM PER LITRE
https://environment.data.gov.uk/water-quality/sampling-point/TH-RSN0018/sample/1385152/observation/7125,TH-RSN0018,RSN0018 RIVER THAMES AT MAGNA CARTA,-0.562,51.4448,Thames,THAMES - WEST THAMES,Multiple Values,OPEN,FRESHWATER - RIVERS,2022-11-08T14:23:00,MONITORING  (NATIONAL AGENCY POLICY),RIVER / RUNNING SURFACE WATER,7125,Aminomethylphosphonic acid,0.43,MICROGRAM PER LITRE
https://environment.data.gov.uk/water-quality/sampling-point/TH-RSN0018/sample/1385152/observation/7726,TH-RSN0018,RSN0018 RIVER THAMES AT MAGNA CARTA,-0.562,51.4448,Thames,THAMES - WEST THAMES,Multiple Values,OPEN,FRESHWATER - RIVERS,2022-11-08T14:23:00,MONITORING  (NATIONAL AGENCY POLICY),RIVER / RUNNING SURFACE WATER,7726,"2,3,6-TBA :- {2,3,6-Trichlorobenzoic acid}",<0.08,MICROGRAM PER LITRE
https://environment.data.gov.uk/water-quality/sampling-point/TH-RSN0018/sample/1385152/observation/7859,TH-RSN0018,RSN0018 RIVER THAMES AT MAGNA CARTA,-0.562,51.4448,Thames,THAMES - WEST THAMES,Multiple Values,OPEN,FRESHWATER - RIVERS,2022-11-08T14:23:00,MONITORING  (NATIONAL AGENCY POLICY),RIVER / RUNNING SURFACE WATER,7859,"Sulphate, Dissolved as SO4",62,MILLIGRAM PER LITRE
https://environment.data.gov.uk/water-quality/sampling-point/TH-RSN0018/sample/1385152/observation/8806,TH-RSN0018,RSN0018 RIVER THAMES AT MAGNA CARTA,-0.562,51.4448,Thames,THAMES - WEST THAMES,Multiple Values,OPEN,FRESHWATER - RIVERS,2022-11-08T14:23:00,MONITORING  (NATIONAL AGENCY POLICY),RIVER / RUNNING SURFACE WATER,8806,Aldicarb sulfoxide,<0.005,MICROGRAM PER LITRE
https://environment.data.gov.uk/water-quality/sampling-point/TH-RSN0018/sample/1385152/observation/8807,TH-RSN0018,RSN0018 RIVER THAMES AT MAGNA CARTA,-0.562,51.4448,Thames,THAMES - WEST THAMES,Multiple Values,OPEN,FRESHWATER - RIVERS,2022-11-08T14:23:00,MONITORING  (NATIONAL AGENCY POLICY),RIVER / RUNNING SURFACE WATER,8807,Aldoxycarb :- {Aldicarb Sulfone},<0.005,MICROGRAM PER LITRE
https://environment.data.gov.uk/water-quality/sampling-point/TH-RSN0018/sample/1385152/observation/8944,TH-RSN0018,RSN0018 RIVER THAMES AT MAGNA CARTA,-0.562,51.4448,Thames,THAMES - WEST THAMES,Multiple Values,OPEN,FRESHWATER - RIVERS,2022-11-08T14:23:00,MONITORING  (NATIONAL AGENCY POLICY),RIVER / RUNNING SURFACE WATER,8944,Tributyl Tin as Cation,<0.0002,MICROGRAM PER LITRE
https://environment.data.gov.uk/water-quality/sampling-point/TH-RSN0018/sample/1385152/observation/9068,TH-RSN0018,RSN0018 RIVER THAMES AT MAGNA CARTA,-0.562,51.4448,Thames,THAMES - WEST THAMES,Multiple Values,OPEN,FRESHWATER - RIVERS,2022-11-08T14:23:00,MONITORING  (NATIONAL AGENCY POLICY),RIVER / RUNNING SURFACE WATER,9068,Ioxynil,<0.005,MICROGRAM PER LITRE
https://environment.data.gov.uk/water-quality/sampling-point/TH-RSN0018/sample/1385152/observation/9073,TH-RSN0018,RSN0018 RIVER THAMES AT MAGNA CARTA,-0.562,51.4448,Thames,THAMES - WEST THAMES,Multiple Values,OPEN,FRESHWATER - RIVERS,2022-11-08T14:23:00,MONITORING  (NATIONAL AGENCY POLICY),RIVER / RUNNING SURFACE WATER,9073,Carbetamide,<0.01,MICROGRAM PER LITRE
https://environment.data.gov.uk/water-quality/sampling-point/TH-RSN0018/sample/1385152/observation/9190,TH-RSN0018,RSN0018 RIVER THAMES AT MAGNA CARTA,-0.562,51.4448,Thames,THAMES - WEST THAMES,Multiple Values,OPEN,FRESHWATER - RIVERS,2022-11-08T14:23:00,MONITORING  (NATIONAL AGENCY POLICY),RIVER / RUNNING SURFACE WATER,9190,4-Nonylphenol Branched,<0.04,MICROGRAM PER LITRE
https://environment.data.gov.uk/water-quality/sampling-point/TH-RSN0018/sample/1385152/observation/9267,TH-RSN0018,RSN0018 RIVER THAMES AT MAGNA CARTA,-0.562,51.4448,Thames,THAMES - WEST THAMES,Multiple Values,OPEN,FRESHWATER - RIVERS,2022-11-08T14:23:00,MONITORING  (NATIONAL AGENCY POLICY),RIVER / RUNNING SURFACE WATER,9267,4-tert-Octylphenol :- {p-tert-Octylphenol},<0.01,MICROGRAM PER LITRE
https://environment.data.gov.uk/water-quality/sampling-point/TH-RSN0018/sample/1385152/observation/9274,TH-RSN0018,RSN0018 RIVER THAMES AT MAGNA CARTA,-0.562,51.4448,Thames,THAMES - WEST THAMES,Multiple Values,OPEN,FRESHWATER - RIVERS,2022-11-08T14:23:00,MONITORING  (NATIONAL AGENCY POLICY),RIVER / RUNNING SURFACE WATER,9274,Perfluorooctanoate anion,0.0036,MICROGRAM PER LITRE
https://environment.data.gov.uk/water-quality/sampling-point/TH-RSN0018/sample/1385152/observation/9276,TH-RSN0018,RSN0018 RIVER THAMES AT MAGNA CARTA,-0.562,51.4448,Thames,THAMES - WEST THAMES,Multiple Values,OPEN,FRESHWATER - RIVERS,2022-11-08T14:23:00,MONITORING  (NATIONAL AGENCY POLICY),RIVER / RUNNING SURFACE WATER,9276,Perfluorooctylsulphonate anion,0.006,MICROGRAM PER LITRE
https://environment.data.gov.uk/water-quality/sampling-point/TH-RSN0018/sample/1385152/observation/9339,TH-RSN0018,RSN0018 RIVER THAMES AT MAGNA CARTA,-0.562,51.4448,Thames,THAMES - WEST THAMES,Multiple Values,OPEN,FRESHWATER - RIVERS,2022-11-08T14:23:00,MONITORING  (NATIONAL AGENCY POLICY),RIVER / RUNNING SURFACE WATER,9339,Fenuron,<0.01,MICROGRAM PER LITRE
https://environment.data.gov.uk/water-quality/sampling-point/TH-RSN0018/sample/1385152/observation/9341,TH-RSN0018,RSN0018 RIVER THAMES AT MAGNA CARTA,-0.562,51.4448,Thames,THAMES - WEST THAMES,Multiple Values,OPEN,FRESHWATER - RIVERS,2022-11-08T14:23:00,MONITORING  (NATIONAL AGENCY POLICY),RIVER / RUNNING SURFACE WATER,9341,cis-Permethrin,<0.0001,MICROGRAM PER LITRE
https://environment.data.gov.uk/water-quality/sampling-point/TH-RSN0018/sample/1385152/observation/9342,TH-RSN0018,RSN0018 RIVER THAMES AT MAGNA CARTA,-0.562,51.4448,Thames,THAMES - WEST THAMES,Multiple Values,OPEN,FRESHWATER - RIVERS,2022-11-08T14:23:00,MONITORING  (NATIONAL AGENCY POLICY),RIVER / RUNNING SURFACE WATER,9342,trans-Permethrin,<0.0001,MICROGRAM PER LITRE
https://environment.data.gov.uk/water-quality/sampling-point/TH-RSN0018/sample/1385152/observation/9343,TH-RSN0018,RSN0018 RIVER THAMES AT MAGNA CARTA,-0.562,51.4448,Thames,THAMES - WEST THAMES,Multiple Values,OPEN,FRESHWATER - RIVERS,2022-11-08T14:23:00,MONITORING  (NATIONAL AGENCY POLICY),RIVER / RUNNING SURFACE WATER,9343,Carbaryl,<0.01,MICROGRAM PER LITRE
https://environment.data.gov.uk/water-quality/sampling-point/TH-RSN0018/sample/1385152/observation/9344,TH-RSN0018,RSN0018 RIVER THAMES AT MAGNA CARTA,-0.562,51.4448,Thames,THAMES - WEST THAMES,Multiple Values,OPEN,FRESHWATER - RIVERS,2022-11-08T14:23:00,MONITORING  (NATIONAL AGENCY POLICY),RIVER / RUNNING SURFACE WATER,9344,Aldicarb,<0.005,MICROGRAM PER LITRE
https://environment.data.gov.uk/water-quality/sampling-point/TH-RSN0018/sample/1385152/observation/9345,TH-RSN0018,RSN0018 RIVER THAMES AT MAGNA CARTA,-0.562,51.4448,Thames,THAMES - WEST THAMES,Multiple Values,OPEN,FRESHWATER - RIVERS,2022-11-08T14:23:00,MONITORING  (NATIONAL AGENCY POLICY),RIVER / RUNNING SURFACE WATER,9345,Diflurobenzuron,<0.01,MICROGRAM PER LITRE
https://environment.data.gov.uk/water-quality/sampling-point/TH-RSN0018/sample/1385152/observation/9348,TH-RSN0018,RSN0018 RIVER THAMES AT MAGNA CARTA,-0.562,51.4448,Thames,THAMES - WEST THAMES,Multiple Values,OPEN,FRESHWATER - RIVERS,2022-11-08T14:23:00,MONITORING  (NATIONAL AGENCY POLICY),RIVER / RUNNING SURFACE WATER,9348,Chlorotoluron,<0.01,MICROGRAM PER LITRE
https://environment.data.gov.uk/water-quality/sampling-point/TH-RSN0018/sample/1385152/observation/9446,TH-RSN0018,RSN0018 RIVER THAMES AT MAGNA CARTA,-0.562,51.4448,Thames,THAMES - WEST THAMES,Multiple Values,OPEN,FRESHWATER - RIVERS,2022-11-08T14:23:00,MONITORING  (NATIONAL AGENCY POLICY),RIVER / RUNNING SURFACE WATER,9446,"Barium, Dissolved",20,MICROGRAM PER LITRE
https://environment.data.gov.uk/water-quality/sampling-point/TH-RSN0018/sample/1385152/observation/9447,TH-RSN0018,RSN0018 RIVER THAMES AT MAGNA CARTA,-0.562,51.4448,Thames,THAMES - WEST THAMES,Multiple Values,OPEN,FRESHWATER - RIVERS,2022-11-08T14:23:00,MONITORING  (NATIONAL AGENCY POLICY),RIVER / RUNNING SURFACE WATER,9447,"Boron, Dissolved",<100,MICROGRAM PER LITRE
https://environment.data.gov.uk/water-quality/sampling-point/TH-RSN0018/sample/1385152/observation/9686,TH-RSN0018,RSN0018 RIVER THAMES AT MAGNA CARTA,-0.562,51.4448,Thames,THAMES - WEST THAMES,Multiple Values,OPEN,FRESHWATER - RIVERS,2022-11-08T14:23:00,MONITORING  (NATIONAL AGENCY POLICY),RIVER / RUNNING SURFACE WATER,9686,"Nitrogen, Total as N",6.7,MILLIGRAM PER LITRE
https://environment.data.gov.uk/water-quality/sampling-point/TH-RSN0018/sample/1385152/observation/9756,TH-RSN0018,RSN0018 RIVER THAMES AT MAGNA CARTA,-0.562,51.4448,Thames,THAMES - WEST THAMES,Multiple Values,OPEN,FRESHWATER - RIVERS,2022-11-08T14:23:00,MONITORING  (NATIONAL AGENCY POLICY),RIVER / RUNNING SURFACE WATER,9756,Neburon,<0.01,MICROGRAM PER LITRE
https://environment.data.gov.uk/water-quality/sampling-point/TH-RSN0018/sample/1385152/observation/9861,TH-RSN0018,RSN0018 RIVER THAMES AT MAGNA CARTA,-0.562,51.4448,Thames,THAMES - WEST THAMES,Multiple Values,OPEN,FRESHWATER - RIVERS,2022-11-08T14:23:00,MONITORING  (NATIONAL AGENCY POLICY),RIVER / RUNNING SURFACE WATER,9861,Metsulfuron-methyl,<0.01,MICROGRAM PER LITRE
https://environment.data.gov.uk/water-quality/sampling-point/TH-RSN0018/sample/1385152/observation/9883,TH-RSN0018,RSN0018 RIVER THAMES AT MAGNA CARTA,-0.562,51.4448,Thames,THAMES - WEST THAMES,Multiple Values,OPEN,FRESHWATER - RIVERS,2022-11-08T14:23:00,MONITORING  (NATIONAL AGENCY POLICY),RIVER / RUNNING SURFACE WATER,9883,Picloram,<0.005,MICROGRAM PER LITRE
https://environment.data.gov.uk/water-quality/sampling-point/TH-RSN0018/sample/1385152/observation/9889,TH-RSN0018,RSN0018 RIVER THAMES AT MAGNA CARTA,-0.562,51.4448,Thames,THAMES - WEST THAMES,Multiple Values,OPEN,FRESHWATER - RIVERS,2022-11-08T14:23:00,MONITORING  (NATIONAL AGENCY POLICY),RIVER / RUNNING SURFACE WATER,9889,Oestrone :- {E1},1.8,NANOGRAM PER LITRE
https://environment.data.gov.uk/water-quality/sampling-point/TH-RSN0018/sample/1385152/observation/9898,TH-RSN0018,RSN0018 RIVER THAMES AT MAGNA CARTA,-0.562,51.4448,Thames,THAMES - WEST THAMES,Multiple Values,OPEN,FRESHWATER - RIVERS,2022-11-08T14:23:00,MONITORING  (NATIONAL AGENCY POLICY),RIVER / RUNNING SURFACE WATER,9898,17beta oestradiol :- {E2},0.11,NANOGRAM PER LITRE
https://environment.data.gov.uk/water-quality/sampling-point/TH-RSN0018/sample/1385152/observation/9899,TH-RSN0018,RSN0018 RIVER THAMES AT MAGNA CARTA,-0.562,51.4448,Thames,THAMES - WEST THAMES,Multiple Values,OPEN,FRESHWATER - RIVERS,2022-11-08T14:23:00,MONITORING  (NATIONAL AGENCY POLICY),RIVER / RUNNING SURFACE WATER,9899,17alpha ethynyloestradiol :- {EE2},0.33,NANOGRAM PER LITRE
https://environment.data.gov.uk/water-quality/sampling-point/TH-RSN0018/sample/1385152/observation/9901,TH-RSN0018,RSN0018 RIVER THAMES AT MAGNA CARTA,-0.562,51.4448,Thames,THAMES - WEST THAMES,Multiple Values,OPEN,FRESHWATER - RIVERS,2022-11-08T14:23:00,MONITORING  (NATIONAL AGENCY POLICY),RIVER / RUNNING SURFACE WATER,9901,"Oxygen, Dissolved, % Saturation",89.9,PERCENTAGE
https://environment.data.gov.uk/water-quality/sampling-point/TH-RSN0018/sample/1385152/observation/9924,TH-RSN0018,RSN0018 RIVER THAMES AT MAGNA CARTA,-0.562,51.4448,Thames,THAMES - WEST THAMES,Multiple Values,OPEN,FRESHWATER - RIVERS,2022-11-08T14:23:00,MONITORING  (NATIONAL AGENCY POLICY),RIVER / RUNNING SURFACE WATER,9924,"Oxygen, Dissolved as O2",9.75,MILLIGRAM PER LITRE
https://environment.data.gov.uk/water-quality/sampling-point/TH-RSN0018/sample/1387114/observation/0052,TH-RSN0018,RSN0018 RIVER THAMES AT MAGNA CARTA,-0.562,51.4448,Thames,THAMES - WEST THAMES,Multiple Values,OPEN,FRESHWATER - RIVERS,2022-12-19T12:17:00,MONITORING  (NATIONAL AGENCY POLICY),RIVER / RUNNING SURFACE WATER,0052,"Lead, Dissolved",<0.1,MICROGRAM PER LITRE
https://environment.data.gov.uk/water-quality/sampling-point/TH-RSN0018/sample/1387114/observation/0061,TH-RSN0018,RSN0018 RIVER THAMES AT MAGNA CARTA,-0.562,51.4448,Thames,THAMES - WEST THAMES,Multiple Values,OPEN,FRESHWATER - RIVERS,2022-12-19T12:17:00,MONITORING  (NATIONAL AGENCY POLICY),RIVER / RUNNING SURFACE WATER,0061,pH,8.13,PH UNITS
https://environment.data.gov.uk/water-quality/sampling-point/TH-RSN0018/sample/1387114/observation/0076,TH-RSN0018,RSN0018 RIVER THAMES AT MAGNA CARTA,-0.562,51.4448,Thames,THAMES - WEST THAMES,Multiple Values,OPEN,FRESHWATER - RIVERS,2022-12-19T12:17:00,MONITORING  (NATIONAL AGENCY POLICY),RIVER / RUNNING SURFACE WATER,0076,Temperature of Water,4.4,CELSIUS
https://environment.data.gov.uk/water-quality/sampling-point/TH-RSN0018/sample/1387114/observation/0077,TH-RSN0018,RSN0018 RIVER THAMES AT MAGNA CARTA,-0.562,51.4448,Thames,THAMES - WEST THAMES,Multiple Values,OPEN,FRESHWATER - RIVERS,2022-12-19T12:17:00,MONITORING  (NATIONAL AGENCY POLICY),RIVER / RUNNING SURFACE WATER,0077,Conductivity at 25 C,733,MICROSIEMENS PER CENTIMETRE
https://environment.data.gov.uk/water-quality/sampling-point/TH-RSN0018/sample/1387114/observation/0106,TH-RSN0018,RSN0018 RIVER THAMES AT MAGNA CARTA,-0.562,51.4448,Thames,THAMES - WEST THAMES,Multiple Values,OPEN,FRESHWATER - RIVERS,2022-12-19T12:17:00,MONITORING  (NATIONAL AGENCY POLICY),RIVER / RUNNING SURFACE WATER,0106,"Cadmium, Dissolved",<0.01,MICROGRAM PER LITRE
https://environment.data.gov.uk/water-quality/sampling-point/TH-RSN0018/sample/1387114/observation/0111,TH-RSN0018,RSN0018 RIVER THAMES AT MAGNA CARTA,-0.562,51.4448,Thames,THAMES - WEST THAMES,Multiple Values,OPEN,FRESHWATER - RIVERS,2022-12-19T12:17:00,MONITORING  (NATIONAL AGENCY POLICY),RIVER / RUNNING SURFACE WATER,0111,Ammoniacal Nitrogen as N,0.19,MILLIGRAM PER LITRE
https://environment.data.gov.uk/water-quality/sampling-point/TH-RSN0018/sample/1387114/observation/0116,TH-RSN0018,RSN0018 RIVER THAMES AT MAGNA CARTA,-0.562,51.4448,Thames,THAMES - WEST THAMES,Multiple Values,OPEN,FRESHWATER - RIVERS,2022-12-19T12:17:00,MONITORING  (NATIONAL AGENCY POLICY),RIVER / RUNNING SURFACE WATER,0116,"Nitrogen, Total Oxidised as N",8.7,MILLIGRAM PER LITRE
https://environment.data.gov.uk/water-quality/sampling-point/TH-RSN0018/sample/1387114/observation/0117,TH-RSN0018,RSN0018 RIVER THAMES AT MAGNA CARTA,-0.562,51.4448,Thames,THAMES - WEST THAMES,Multiple Values,OPEN,FRESHWATER - RIVERS,2022-12-19T12:17:00,MONITORING  (NATIONAL AGENCY POLICY),RIVER / RUNNING SURFACE WATER,0117,Nitrate as N,8.66,MILLIGRAM PER LITRE
https://environment.data.gov.uk/water-quality/sampling-point/TH-RSN0018/sample/1387114/observation/0118,TH-RSN0018,RSN0018 RIVER THAMES AT MAGNA CARTA,-0.562,51.4448,Thames,THAMES - WEST THAMES,Multiple Values,OPEN,FRESHWATER - RIVERS,2022-12-19T12:17:00,MONITORING  (NATIONAL AGENCY POLICY),RIVER / RUNNING SURFACE WATER,0118,Nitrite as N,0.044,MILLIGRAM PER LITRE
https://environment.data.gov.uk/water-quality/sampling-point/TH-RSN0018/sample/1387114/observation/0119,TH-RSN0018,RSN0018 RIVER THAMES AT MAGNA CARTA,-0.562,51.4448,Thames,THAMES - WEST THAMES,Multiple Values,OPEN,FRESHWATER - RIVERS,2022-12-19T12:17:00,MONITORING  (NATIONAL AGENCY POLICY),RIVER / RUNNING SURFACE WATER,0119,Ammonia un-ionised as N,0.0023,MILLIGRAM PER LITRE
https://environment.data.gov.uk/water-quality/sampling-point/TH-RSN0018/sample/1387114/observation/0158,TH-RSN0018,RSN0018 RIVER THAMES AT MAGNA CARTA,-0.562,51.4448,Thames,THAMES - WEST THAMES,Multiple Values,OPEN,FRESHWATER - RIVERS,2022-12-19T12:17:00,MONITORING  (NATIONAL AGENCY POLICY),RIVER / RUNNING SURFACE WATER,0158,"Hardness, Total as CaCO3",295,MILLIGRAM PER LITRE
https://environment.data.gov.uk/water-quality/sampling-point/TH-RSN0018/sample/1387114/observation/0162,TH-RSN0018,RSN0018 RIVER THAMES AT MAGNA CARTA,-0.562,51.4448,Thames,THAMES - WEST THAMES,Multiple Values,OPEN,FRESHWATER - RIVERS,2022-12-19T12:17:00,MONITORING  (NATIONAL AGENCY POLICY),RIVER / RUNNING SURFACE WATER,0162,Alkalinity to pH 4.5 as CaCO3,230,MILLIGRAM PER LITRE
https://environment.data.gov.uk/water-quality/sampling-point/TH-RSN0018/sample/1387114/observation/0163,TH-RSN0018,RSN0018 RIVER THAMES AT MAGNA CARTA,-0.562,51.4448,Thames,THAMES - WEST THAMES,Multiple Values,OPEN,FRESHWATER - RIVERS,2022-12-19T12:17:00,MONITORING  (NATIONAL AGENCY POLICY),RIVER / RUNNING SURFACE WATER,0163,"Hardness, Calcium",275,MILLIGRAM PER LITRE
https://environment.data.gov.uk/water-quality/sampling-point/TH-RSN0018/sample/1387114/observation/0172,TH-RSN0018,RSN0018 RIVER THAMES AT MAGNA CARTA,-0.562,51.4448,Thames,THAMES - WEST THAMES,Multiple Values,OPEN,FRESHWATER - RIVERS,2022-12-19T12:17:00,MONITORING  (NATIONAL AGENCY POLICY),RIVER / RUNNING SURFACE WATER,0172,Chloride,45,MILLIGRAM PER LITRE
https://environment.data.gov.uk/water-quality/sampling-point/TH-RSN0018/sample/1387114/observation/0180,TH-RSN0018,RSN0018 RIVER THAMES AT MAGNA CARTA,-0.562,51.4448,Thames,THAMES - WEST THAMES,Multiple Values,OPEN,FRESHWATER - RIVERS,2022-12-19T12:17:00,MONITORING  (NATIONAL AGENCY POLICY),RIVER / RUNNING SURFACE WATER,0180,"Orthophosphate, reactive as P",0.14,MILLIGRAM PER LITRE
https://environment.data.gov.uk/water-quality/sampling-point/TH-RSN0018/sample/1387114/observation/0182,TH-RSN0018,RSN0018 RIVER THAMES AT MAGNA CARTA,-0.562,51.4448,Thames,THAMES - WEST THAMES,Multiple Values,OPEN,FRESHWATER - RIVERS,2022-12-19T12:17:00,MONITORING  (NATIONAL AGENCY POLICY),RIVER / RUNNING SURFACE WATER,0182,"Silica, reactive as SiO2",13,MILLIGRAM PER LITRE
https://environment.data.gov.uk/water-quality/sampling-point/TH-RSN0018/sample/1387114/observation/0205,TH-RSN0018,RSN0018 RIVER THAMES AT MAGNA CARTA,-0.562,51.4448,Thames,THAMES - WEST THAMES,Multiple Values,OPEN,FRESHWATER - RIVERS,2022-12-19T12:17:00,MONITORING  (NATIONAL AGENCY POLICY),RIVER / RUNNING SURFACE WATER,0205,"Sodium, Dissolved",32,MILLIGRAM PER LITRE
https://environment.data.gov.uk/water-quality/sampling-point/TH-RSN0018/sample/1387114/observation/0209,TH-RSN0018,RSN0018 RIVER THAMES AT MAGNA CARTA,-0.562,51.4448,Thames,THAMES - WEST THAMES,Multiple Values,OPEN,FRESHWATER - RIVERS,2022-12-19T12:17:00,MONITORING  (NATIONAL AGENCY POLICY),RIVER / RUNNING SURFACE WATER,0209,"Potassium, Dissolved",5.6,MILLIGRAM PER LITRE
https://environment.data.gov.uk/water-quality/sampling-point/TH-RSN0018/sample/1387114/observation/0235,TH-RSN0018,RSN0018 RIVER THAMES AT MAGNA CARTA,-0.562,51.4448,Thames,THAMES - WEST THAMES,Multiple Values,OPEN,FRESHWATER - RIVERS,2022-12-19T12:17:00,MONITORING  (NATIONAL AGENCY POLICY),RIVER / RUNNING SURFACE WATER,0235,"Magnesium, Dissolved",4.9,MILLIGRAM PER LITRE
https://environment.data.gov.uk/water-quality/sampling-point/TH-RSN0018/sample/1387114/observation/0239,TH-RSN0018,RSN0018 RIVER THAMES AT MAGNA CARTA,-0.562,51.4448,Thames,THAMES - WEST THAMES,Multiple Values,OPEN,FRESHWATER - RIVERS,2022-12-19T12:17:00,MONITORING  (NATIONAL AGENCY POLICY),RIVER / RUNNING SURFACE WATER,0239,"Calcium, Dissolved",110,MILLIGRAM PER LITRE
https://environment.data.gov.uk/water-quality/sampling-point/TH-RSN0018/sample/1387114/observation/0301,TH-RSN0018,RSN0018 RIVER THAMES AT MAGNA CARTA,-0.562,51.4448,Thames,THAMES - WEST THAMES,Multiple Values,OPEN,FRESHWATER - RIVERS,2022-12-19T12:17:00,MONITORING  (NATIONAL AGENCY POLICY),RIVER / RUNNING SURFACE WATER,0301,"Carbon, Organic, Dissolved as C :- {DOC}",3.2,MILLIGRAM PER LITRE
https://environment.data.gov.uk/water-quality/sampling-point/TH-RSN0018/sample/1387114/observation/0348,TH-RSN0018,RSN0018 RIVER THAMES AT MAGNA CARTA,-0.562,51.4448,Thames,THAMES - WEST THAMES,Multiple Values,OPEN,FRESHWATER - RIVERS,2022-12-19T12:17:00,MONITORING  (NATIONAL AGENCY POLICY),RIVER / RUNNING SURFACE WATER,0348,"Phosphorus, Total as P",0.16,MILLIGRAM PER LITRE
https://environment.data.gov.uk/water-quality/sampling-point/TH-RSN0018/sample/1387114/observation/0714,TH-RSN0018,RSN0018 RIVER THAMES AT MAGNA CARTA,-0.562,51.4448,Thames,THAMES - WEST THAMES,Multiple Values,OPEN,FRESHWATER - RIVERS,2022-12-19T12:17:00,MONITORING  (NATIONAL AGENCY POLICY),RIVER / RUNNING SURFACE WATER,0714,"Benzo(g,h,i)Perylene",0.0048,MICROGRAM PER LITRE
https://environment.data.gov.uk/water-quality/sampling-point/TH-RSN0018/sample/1387114/observation/0731,TH-RSN0018,RSN0018 RIVER THAMES AT MAGNA CARTA,-0.562,51.4448,Thames,THAMES - WEST THAMES,Multiple Values,OPEN,FRESHWATER - RIVERS,2022-12-19T12:17:00,MONITORING  (NATIONAL AGENCY POLICY),RIVER / RUNNING SURFACE WATER,0731,Benzo(b)Fluoranthene,0.0033,MICROGRAM PER LITRE
https://environment.data.gov.uk/water-quality/sampling-point/TH-RSN0018/sample/1387114/observation/0733,TH-RSN0018,RSN0018 RIVER THAMES AT MAGNA CARTA,-0.562,51.4448,Thames,THAMES - WEST THAMES,Multiple Values,OPEN,FRESHWATER - RIVERS,2022-12-19T12:17:00,MONITORING  (NATIONAL AGENCY POLICY),RIVER / RUNNING SURFACE WATER,0733,Benzo(k)Fluoranthene,0.0018,MICROGRAM PER LITRE
https://environment.data.gov.uk/water-quality/sampling-point/TH-RSN0018/sample/1387114/observation/0736,TH-RSN0018,RSN0018 RIVER THAMES AT MAGNA CARTA,-0.562,51.4448,Thames,THAMES - WEST THAMES,Multiple Values,OPEN,FRESHWATER - RIVERS,2022-12-19T12:17:00,MONITORING  (NATIONAL AGENCY POLICY),RIVER / RUNNING SURFACE WATER,0736,Fluoranthene,0.0055,MICROGRAM PER LITRE
https://environment.data.gov.uk/water-quality/sampling-point/TH-RSN0018/sample/1387114/observation/0746,TH-RSN0018,RSN0018 RIVER THAMES AT MAGNA CARTA,-0.562,51.4448,Thames,THAMES - WEST THAMES,Multiple Values,OPEN,FRESHWATER - RIVERS,2022-12-19T12:17:00,MONITORING  (NATIONAL AGENCY POLICY),RIVER / RUNNING SURFACE WATER,0746,"Indeno(1,2,3-cd)pyrene",0.0047,MICROGRAM PER LITRE
https://environment.data.gov.uk/water-quality/sampling-point/TH-RSN0018/sample/1387114/observation/3004,TH-RSN0018,RSN0018 RIVER THAMES AT MAGNA CARTA,-0.562,51.4448,Thames,THAMES - WEST THAMES,Multiple Values,OPEN,FRESHWATER - RIVERS,2022-12-19T12:17:00,MONITORING  (NATIONAL AGENCY POLICY),RIVER / RUNNING SURFACE WATER,3004,Asulam,<0.02,MICROGRAM PER LITRE
https://environment.data.gov.uk/water-quality/sampling-point/TH-RSN0018/sample/1387114/observation/3007,TH-RSN0018,RSN0018 RIVER THAMES AT MAGNA CARTA,-0.562,51.4448,Thames,THAMES - WEST THAMES,Multiple Values,OPEN,FRESHWATER - RIVERS,2022-12-19T12:17:00,MONITORING  (NATIONAL AGENCY POLICY),RIVER / RUNNING SURFACE WATER,3007,Glyphosate,<0.1,MICROGRAM PER LITRE
https://environment.data.gov.uk/water-quality/sampling-point/TH-RSN0018/sample/1387114/observation/3086,TH-RSN0018,RSN0018 RIVER THAMES AT MAGNA CARTA,-0.562,51.4448,Thames,THAMES - WEST THAMES,Multiple Values,OPEN,FRESHWATER - RIVERS,2022-12-19T12:17:00,MONITORING  (NATIONAL AGENCY POLICY),RIVER / RUNNING SURFACE WATER,3086,Carbofuran,<0.005,MICROGRAM PER LITRE
https://environment.data.gov.uk/water-quality/sampling-point/TH-RSN0018/sample/1387114/observation/3117,TH-RSN0018,RSN0018 RIVER THAMES AT MAGNA CARTA,-0.562,51.4448,Thames,THAMES - WEST THAMES,Multiple Values,OPEN,FRESHWATER - RIVERS,2022-12-19T12:17:00,MONITORING  (NATIONAL AGENCY POLICY),RIVER / RUNNING SURFACE WATER,3117,Isoproturon,<0.01,MICROGRAM PER LITRE
https://environment.data.gov.uk/water-quality/sampling-point/TH-RSN0018/sample/1387114/observation/3118,TH-RSN0018,RSN0018 RIVER THAMES AT MAGNA CARTA,-0.562,51.4448,Thames,THAMES - WEST THAMES,Multiple Values,OPEN,FRESHWATER - RIVERS,2022-12-19T12:17:00,MONITORING  (NATIONAL AGENCY POLICY),RIVER / RUNNING SURFACE WATER,3118,Linuron,<0.01,MICROGRAM PER LITRE
https://environment.data.gov.uk/water-quality/sampling-point/TH-RSN0018/sample/1387114/observation/3130,TH-RSN0018,RSN0018 RIVER THAMES AT MAGNA CARTA,-0.562,51.4448,Thames,THAMES - WEST THAMES,Multiple Values,OPEN,FRESHWATER - RIVERS,2022-12-19T12:17:00,MONITORING  (NATIONAL AGENCY POLICY),RIVER / RUNNING SURFACE WATER,3130,Metoxuron,<0.01,MICROGRAM PER LITRE
https://environment.data.gov.uk/water-quality/sampling-point/TH-RSN0018/sample/1387114/observation/3341,TH-RSN0018,RSN0018 RIVER THAMES AT MAGNA CARTA,-0.562,51.4448,Thames,THAMES - WEST THAMES,Multiple Values,OPEN,FRESHWATER - RIVERS,2022-12-19T12:17:00,MONITORING  (NATIONAL AGENCY POLICY),RIVER / RUNNING SURFACE WATER,3341,4-Chloro-2-methylphenol :- {p-Chloro-o-cresol},<0.05,MICROGRAM PER LITRE
https://environment.data.gov.uk/water-quality/sampling-point/TH-RSN0018/sample/1387114/observation/3377,TH-RSN0018,RSN0018 RIVER THAMES AT MAGNA CARTA,-0.562,51.4448,Thames,THAMES - WEST THAMES,Multiple Values,OPEN,FRESHWATER - RIVERS,2022-12-19T12:17:00,MONITORING  (NATIONAL AGENCY POLICY),RIVER / RUNNING SURFACE WATER,3377,Lead : BLM Bioavailable,0.02,MICROGRAM PER LITRE
https://environment.data.gov.uk/water-quality/sampling-point/TH-RSN0018/sample/1387114/observation/3399,TH-RSN0018,RSN0018 RIVER THAMES AT MAGNA CARTA,-0.562,51.4448,Thames,THAMES - WEST THAMES,Multiple Values,OPEN,FRESHWATER - RIVERS,2022-12-19T12:17:00,MONITORING  (NATIONAL AGENCY POLICY),RIVER / RUNNING SURFACE WATER,3399,Chloroxuron,<0.01,MICROGRAM PER LITRE
https://environment.data.gov.uk/water-quality/sampling-point/TH-RSN0018/sample/1387114/observation/3400,TH-RSN0018,RSN0018 RIVER THAMES AT MAGNA CARTA,-0.562,51.4448,Thames,THAMES - WEST THAMES,Multiple Values,OPEN,FRESHWATER - RIVERS,2022-12-19T12:17:00,MONITORING  (NATIONAL AGENCY POLICY),RIVER / RUNNING SURFACE WATER,3400,Monuron,<0.01,MICROGRAM PER LITRE
https://environment.data.gov.uk/water-quality/sampling-point/TH-RSN0018/sample/1387114/observation/3408,TH-RSN0018,RSN0018 RIVER THAMES AT MAGNA CARTA,-0.562,51.4448,Thames,THAMES - WEST THAMES,Multiple Values,OPEN,FRESHWATER - RIVERS,2022-12-19T12:17:00,MONITORING  (NATIONAL AGENCY POLICY),RIVER / RUNNING SURFACE WATER,3408,"Zinc, Dissolved",13,MICROGRAM PER LITRE
https://environment.data.gov.uk/water-quality/sampling-point/TH-RSN0018/sample/1387114/observation/3409,TH-RSN0018,RSN0018 RIVER THAMES AT MAGNA CARTA,-0.562,51.4448,Thames,THAMES - WEST THAMES,Multiple Values,OPEN,FRESHWATER - RIVERS,2022-12-19T12:17:00,MONITORING  (NATIONAL AGENCY POLICY),RIVER / RUNNING SURFACE WATER,3409,"Chromium, Dissolved",<0.5,MICROGRAM PER LITRE
https://environment.data.gov.uk/water-quality/sampling-point/TH-RSN0018/sample/1387114/observation/3410,TH-RSN0018,RSN0018 RIVER THAMES AT MAGNA CARTA,-0.562,51.4448,Thames,THAMES - WEST THAMES,Multiple Values,OPEN,FRESHWATER - RIVERS,2022-12-19T12:17:00,MONITORING  (NATIONAL AGENCY POLICY),RIVER / RUNNING SURFACE WATER,3410,"Nickel, Dissolved",1.6,MICROGRAM PER LITRE
https://environment.data.gov.uk/water-quality/sampling-point/TH-RSN0018/sample/1387114/observation/3475,TH-RSN0018,RSN0018 RIVER THAMES AT MAGNA CARTA,-0.562,51.4448,Thames,THAMES - WEST THAMES,Multiple Values,OPEN,FRESHWATER - RIVERS,2022-12-19T12:17:00,MONITORING  (NATIONAL AGENCY POLICY),RIVER / RUNNING SURFACE WATER,3475,Carbendazim,<0.01,MICROGRAM PER LITRE
https://environment.data.gov.uk/water-quality/sampling-point/TH-RSN0018/sample/1387114/observation/3545,TH-RSN0018,RSN0018 RIVER THAMES AT MAGNA CARTA,-0.562,51.4448,Thames,THAMES - WEST THAMES,Multiple Values,OPEN,FRESHWATER - RIVERS,2022-12-19T12:17:00,MONITORING  (NATIONAL AGENCY POLICY),RIVER / RUNNING SURFACE WATER,3545,"2,4-D :- {2,4-Dichlorophenoxyacetic acid}",<0.005,MICROGRAM PER LITRE
https://environment.data.gov.uk/water-quality/sampling-point/TH-RSN0018/sample/1387114/observation/3546,TH-RSN0018,RSN0018 RIVER THAMES AT MAGNA CARTA,-0.562,51.4448,Thames,THAMES - WEST THAMES,Multiple Values,OPEN,FRESHWATER - RIVERS,2022-12-19T12:17:00,MONITORING  (NATIONAL AGENCY POLICY),RIVER / RUNNING SURFACE WATER,3546,"2,4,5-T :- {2,4,5-Trichlorophenoxyacetic acid}",<0.005,MICROGRAM PER LITRE
https://environment.data.gov.uk/water-quality/sampling-point/TH-RSN0018/sample/1387114/observation/3547,TH-RSN0018,RSN0018 RIVER THAMES AT MAGNA CARTA,-0.562,51.4448,Thames,THAMES - WEST THAMES,Multiple Values,OPEN,FRESHWATER - RIVERS,2022-12-19T12:17:00,MONITORING  (NATIONAL AGENCY POLICY),RIVER / RUNNING SURFACE WATER,3547,4-Chlorophenoxyacetic acid,<0.005,MICROGRAM PER LITRE
https://environment.data.gov.uk/water-quality/sampling-point/TH-RSN0018/sample/1387114/observation/3548,TH-RSN0018,RSN0018 RIVER THAMES AT MAGNA CARTA,-0.562,51.4448,Thames,THAMES - WEST THAMES,Multiple Values,OPEN,FRESHWATER - RIVERS,2022-12-19T12:17:00,MONITORING  (NATIONAL AGENCY POLICY),RIVER / RUNNING SURFACE WATER,3548,MCPA :- {4-Chloro-2-methylphenoxyacetic acid} ,<0.005,MICROGRAM PER LITRE
https://environment.data.gov.uk/water-quality/sampling-point/TH-RSN0018/sample/1387114/observation/3549,TH-RSN0018,RSN0018 RIVER THAMES AT MAGNA CARTA,-0.562,51.4448,Thames,THAMES - WEST THAMES,Multiple Values,OPEN,FRESHWATER - RIVERS,2022-12-19T12:17:00,MONITORING  (NATIONAL AGENCY POLICY),RIVER / RUNNING SURFACE WATER,3549,Mecoprop,<0.005,MICROGRAM PER LITRE
https://environment.data.gov.uk/water-quality/sampling-point/TH-RSN0018/sample/1387114/observation/3550,TH-RSN0018,RSN0018 RIVER THAMES AT MAGNA CARTA,-0.562,51.4448,Thames,THAMES - WEST THAMES,Multiple Values,OPEN,FRESHWATER - RIVERS,2022-12-19T12:17:00,MONITORING  (NATIONAL AGENCY POLICY),RIVER / RUNNING SURFACE WATER,3550,Dicamba,<0.01,MICROGRAM PER LITRE
https://environment.data.gov.uk/water-quality/sampling-point/TH-RSN0018/sample/1387114/observation/3551,TH-RSN0018,RSN0018 RIVER THAMES AT MAGNA CARTA,-0.562,51.4448,Thames,THAMES - WEST THAMES,Multiple Values,OPEN,FRESHWATER - RIVERS,2022-12-19T12:17:00,MONITORING  (NATIONAL AGENCY POLICY),RIVER / RUNNING SURFACE WATER,3551,"Dichlorprop :- {2,4-DP}",<0.005,MICROGRAM PER LITRE
https://environment.data.gov.uk/water-quality/sampling-point/TH-RSN0018/sample/1387114/observation/3552,TH-RSN0018,RSN0018 RIVER THAMES AT MAGNA CARTA,-0.562,51.4448,Thames,THAMES - WEST THAMES,Multiple Values,OPEN,FRESHWATER - RIVERS,2022-12-19T12:17:00,MONITORING  (NATIONAL AGENCY POLICY),RIVER / RUNNING SURFACE WATER,3552,Fenoprop,<0.005,MICROGRAM PER LITRE
https://environment.data.gov.uk/water-quality/sampling-point/TH-RSN0018/sample/1387114/observation/3555,TH-RSN0018,RSN0018 RIVER THAMES AT MAGNA CARTA,-0.562,51.4448,Thames,THAMES - WEST THAMES,Multiple Values,OPEN,FRESHWATER - RIVERS,2022-12-19T12:17:00,MONITORING  (NATIONAL AGENCY POLICY),RIVER / RUNNING SURFACE WATER,3555,Triclopyr,<0.005,MICROGRAM PER LITRE
https://environment.data.gov.uk/water-quality/sampling-point/TH-RSN0018/sample/1387114/observation/3790,TH-RSN0018,RSN0018 RIVER THAMES AT MAGNA CARTA,-0.562,51.4448,Thames,THAMES - WEST THAMES,Multiple Values,OPEN,FRESHWATER - RIVERS,2022-12-19T12:17:00,MONITORING  (NATIONAL AGENCY POLICY),RIVER / RUNNING SURFACE WATER,3790,MCPB :- {4-Chloro-2-methylphenoxybutyric acid},<0.005,MICROGRAM PER LITRE
https://environment.data.gov.uk/water-quality/sampling-point/TH-RSN0018/sample/1387114/observation/3791,TH-RSN0018,RSN0018 RIVER THAMES AT MAGNA CARTA,-0.562,51.4448,Thames,THAMES - WEST THAMES,Multiple Values,OPEN,FRESHWATER - RIVERS,2022-12-19T12:17:00,MONITORING  (NATIONAL AGENCY POLICY),RIVER / RUNNING SURFACE WATER,3791,"2,4-DB :- {4-(2,4-dichlorophenoxy)butyric acid}",<0.005,MICROGRAM PER LITRE
https://environment.data.gov.uk/water-quality/sampling-point/TH-RSN0018/sample/1387114/observation/3792,TH-RSN0018,RSN0018 RIVER THAMES AT MAGNA CARTA,-0.562,51.4448,Thames,THAMES - WEST THAMES,Multiple Values,OPEN,FRESHWATER - RIVERS,2022-12-19T12:17:00,MONITORING  (NATIONAL AGENCY POLICY),RIVER / RUNNING SURFACE WATER,3792,Benazolin,<0.005,MICROGRAM PER LITRE
https://environment.data.gov.uk/water-quality/sampling-point/TH-RSN0018/sample/1387114/observation/3811,TH-RSN0018,RSN0018 RIVER THAMES AT MAGNA CARTA,-0.562,51.4448,Thames,THAMES - WEST THAMES,Multiple Values,OPEN,FRESHWATER - RIVERS,2022-12-19T12:17:00,MONITORING  (NATIONAL AGENCY POLICY),RIVER / RUNNING SURFACE WATER,3811,Diuron,<0.01,MICROGRAM PER LITRE
https://environment.data.gov.uk/water-quality/sampling-point/TH-RSN0018/sample/1387114/observation/3878,TH-RSN0018,RSN0018 RIVER THAMES AT MAGNA CARTA,-0.562,51.4448,Thames,THAMES - WEST THAMES,Multiple Values,OPEN,FRESHWATER - RIVERS,2022-12-19T12:17:00,MONITORING  (NATIONAL AGENCY POLICY),RIVER / RUNNING SURFACE WATER,3878,Nickel : BLM Bioavailable,0.96,MICROGRAM PER LITRE
https://environment.data.gov.uk/water-quality/sampling-point/TH-RSN0018/sample/1387114/observation/3925,TH-RSN0018,RSN0018 RIVER THAMES AT MAGNA CARTA,-0.562,51.4448,Thames,THAMES - WEST THAMES,Multiple Values,OPEN,FRESHWATER - RIVERS,2022-12-19T12:17:00,MONITORING  (NATIONAL AGENCY POLICY),RIVER / RUNNING SURFACE WATER,3925,Monolinuron,<0.01,MICROGRAM PER LITRE
https://environment.data.gov.uk/water-quality/sampling-point/TH-RSN0018/sample/1387114/observation/4064,TH-RSN0018,RSN0018 RIVER THAMES AT MAGNA CARTA,-0.562,51.4448,Thames,THAMES - WEST THAMES,Multiple Values,OPEN,FRESHWATER - RIVERS,2022-12-19T12:17:00,MONITORING  (NATIONAL AGENCY POLICY),RIVER / RUNNING SURFACE WATER,4064,Fluroxypyr,<0.005,MICROGRAM PER LITRE
https://environment.data.gov.uk/water-quality/sampling-point/TH-RSN0018/sample/1387114/observation/4065,TH-RSN0018,RSN0018 RIVER THAMES AT MAGNA CARTA,-0.562,51.4448,Thames,THAMES - WEST THAMES,Multiple Values,OPEN,FRESHWATER - RIVERS,2022-12-19T12:17:00,MONITORING  (NATIONAL AGENCY POLICY),RIVER / RUNNING SURFACE WATER,4065,Bentazone,0.0037,MICROGRAM PER LITRE
https://environment.data.gov.uk/water-quality/sampling-point/TH-RSN0018/sample/1387114/observation/4201,TH-RSN0018,RSN0018 RIVER THAMES AT MAGNA CARTA,-0.562,51.4448,Thames,THAMES - WEST THAMES,Multiple Values,OPEN,FRESHWATER - RIVERS,2022-12-19T12:17:00,MONITORING  (NATIONAL AGENCY POLICY),RIVER / RUNNING SURFACE WATER,4201,"Lithium, Dissolved",<100,MICROGRAM PER LITRE
https://environment.data.gov.uk/water-quality/sampling-point/TH-RSN0018/sample/1387114/observation/4820,TH-RSN0018,RSN0018 RIVER THAMES AT MAGNA CARTA,-0.562,51.4448,Thames,THAMES - WEST THAMES,Multiple Values,OPEN,FRESHWATER - RIVERS,2022-12-19T12:17:00,MONITORING  (NATIONAL AGENCY POLICY),RIVER / RUNNING SURFACE WATER,4820,Manganese : BLM Bioavailable,4.1,MICROGRAM PER LITRE
https://environment.data.gov.uk/water-quality/sampling-point/TH-RSN0018/sample/1387114/observation/4821,TH-RSN0018,RSN0018 RIVER THAMES AT MAGNA CARTA,-0.562,51.4448,Thames,THAMES - WEST THAMES,Multiple Values,OPEN,FRESHWATER - RIVERS,2022-12-19T12:17:00,MONITORING  (NATIONAL AGENCY POLICY),RIVER / RUNNING SURFACE WATER,4821,Copper : BLM Bioavailable,0.31,MICROGRAM PER LITRE
https://environment.data.gov.uk/water-quality/sampling-point/TH-RSN0018/sample/1387114/observation/4822,TH-RSN0018,RSN0018 RIVER THAMES AT MAGNA CARTA,-0.562,51.4448,Thames,THAMES - WEST THAMES,Multiple Values,OPEN,FRESHWATER - RIVERS,2022-12-19T12:17:00,MONITORING  (NATIONAL AGENCY POLICY),RIVER / RUNNING SURFACE WATER,4822,Zinc : BLM Bioavailable,6.1,MICROGRAM PER LITRE
https://environment.data.gov.uk/water-quality/sampling-point/TH-RSN0018/sample/1387114/observation/4994,TH-RSN0018,RSN0018 RIVER THAMES AT MAGNA CARTA,-0.562,51.4448,Thames,THAMES - WEST THAMES,Multiple Values,OPEN,FRESHWATER - RIVERS,2022-12-19T12:17:00,MONITORING  (NATIONAL AGENCY POLICY),RIVER / RUNNING SURFACE WATER,4994,GCMS Screen : Target Based multi-residue screening : Semi Quantitative,1,Text Result
https://environment.data.gov.uk/water-quality/sampling-point/TH-RSN0018/sample/1387114/observation/5042,TH-RSN0018,RSN0018 RIVER THAMES AT MAGNA CARTA,-0.562,51.4448,Thames,THAMES - WEST THAMES,Multiple Values,OPEN,FRESHWATER - RIVERS,2022-12-19T12:17:00,MONITORING  (NATIONAL AGENCY POLICY),RIVER / RUNNING SURFACE WATER,5042,Sulcotrione,<0.1,MICROGRAM PER LITRE
https://environment.data.gov.uk/water-quality/sampling-point/TH-RSN0018/sample/1387114/observation/5047,TH-RSN0018,RSN0018 RIVER THAMES AT MAGNA CARTA,-0.562,51.4448,Thames,THAMES - WEST THAMES,Multiple Values,OPEN,FRESHWATER - RIVERS,2022-12-19T12:17:00,MONITORING  (NATIONAL AGENCY POLICY),RIVER / RUNNING SURFACE WATER,5047,Ethirimol,<0.05,MICROGRAM PER LITRE
https://environment.data.gov.uk/water-quality/sampling-point/TH-RSN0018/sample/1387114/observation/5050,TH-RSN0018,RSN0018 RIVER THAMES AT MAGNA CARTA,-0.562,51.4448,Thames,THAMES - WEST THAMES,Multiple Values,OPEN,FRESHWATER - RIVERS,2022-12-19T12:17:00,MONITORING  (NATIONAL AGENCY POLICY),RIVER / RUNNING SURFACE WATER,5050,Azoxystrobin,<0.02,MICROGRAM PER LITRE
https://environment.data.gov.uk/water-quality/sampling-point/TH-RSN0018/sample/1387114/observation/5732,TH-RSN0018,RSN0018 RIVER THAMES AT MAGNA CARTA,-0.562,51.4448,Thames,THAMES - WEST THAMES,Multiple Values,OPEN,FRESHWATER - RIVERS,2022-12-19T12:17:00,MONITORING  (NATIONAL AGENCY POLICY),RIVER / RUNNING SURFACE WATER,5732,Triphenyl Tin as Cation,<0.0002,MICROGRAM PER LITRE
https://environment.data.gov.uk/water-quality/sampling-point/TH-RSN0018/sample/1387114/observation/5889,TH-RSN0018,RSN0018 RIVER THAMES AT MAGNA CARTA,-0.562,51.4448,Thames,THAMES - WEST THAMES,Multiple Values,OPEN,FRESHWATER - RIVERS,2022-12-19T12:17:00,MONITORING  (NATIONAL AGENCY POLICY),RIVER / RUNNING SURFACE WATER,5889,Triclosan,<0.01,MICROGRAM PER LITRE
https://environment.data.gov.uk/water-quality/sampling-point/TH-RSN0018/sample/1387114/observation/6037,TH-RSN0018,RSN0018 RIVER THAMES AT MAGNA CARTA,-0.562,51.4448,Thames,THAMES - WEST THAMES,Multiple Values,OPEN,FRESHWATER - RIVERS,2022-12-19T12:17:00,MONITORING  (NATIONAL AGENCY POLICY),RIVER / RUNNING SURFACE WATER,6037,"Aluminium, Dissolved",12,MICROGRAM PER LITRE
https://environment.data.gov.uk/water-quality/sampling-point/TH-RSN0018/sample/1387114/observation/6399,TH-RSN0018,RSN0018 RIVER THAMES AT MAGNA CARTA,-0.562,51.4448,Thames,THAMES - WEST THAMES,Multiple Values,OPEN,FRESHWATER - RIVERS,2022-12-19T12:17:00,MONITORING  (NATIONAL AGENCY POLICY),RIVER / RUNNING SURFACE WATER,6399,Benzo(a)Pyrene,0.0037,MICROGRAM PER LITRE
https://environment.data.gov.uk/water-quality/sampling-point/TH-RSN0018/sample/1387114/observation/6449,TH-RSN0018,RSN0018 RIVER THAMES AT MAGNA CARTA,-0.562,51.4448,Thames,THAMES - WEST THAMES,Multiple Values,OPEN,FRESHWATER - RIVERS,2022-12-19T12:17:00,MONITORING  (NATIONAL AGENCY POLICY),RIVER / RUNNING SURFACE WATER,6449,Bromoxynil,<0.005,MICROGRAM PER LITRE
https://environment.data.gov.uk/water-quality/sampling-point/TH-RSN0018/sample/1387114/observation/6450,TH-RSN0018,RSN0018 RIVER THAMES AT MAGNA CARTA,-0.562,51.4448,Thames,THAMES - WEST THAMES,Multiple Values,OPEN,FRESHWATER - RIVERS,2022-12-19T12:17:00,MONITORING  (NATIONAL AGENCY POLICY),RIVER / RUNNING SURFACE WATER,6450,"Copper, Dissolved",2,MICROGRAM PER LITRE
https://environment.data.gov.uk/water-quality/sampling-point/TH-RSN0018/sample/1387114/observation/6458,TH-RSN0018,RSN0018 RIVER THAMES AT MAGNA CARTA,-0.562,51.4448,Thames,THAMES - WEST THAMES,Multiple Values,OPEN,FRESHWATER - RIVERS,2022-12-19T12:17:00,MONITORING  (NATIONAL AGENCY POLICY),RIVER / RUNNING SURFACE WATER,6458,"Manganese, Dissolved",<10,MICROGRAM PER LITRE
https://environment.data.gov.uk/water-quality/sampling-point/TH-RSN0018/sample/1387114/observation/6460,TH-RSN0018,RSN0018 RIVER THAMES AT MAGNA CARTA,-0.562,51.4448,Thames,THAMES - WEST THAMES,Multiple Values,OPEN,FRESHWATER - RIVERS,2022-12-19T12:17:00,MONITORING  (NATIONAL AGENCY POLICY),RIVER / RUNNING SURFACE WATER,6460,"Iron, Dissolved",<30,MICROGRAM PER LITRE
https://environment.data.gov.uk/water-quality/sampling-point/TH-RSN0018/sample/1387114/observation/6620,TH-RSN0018,RSN0018 RIVER THAMES AT MAGNA CARTA,-0.562,51.4448,Thames,THAMES - WEST THAMES,Multiple Values,OPEN,FRESHWATER - RIVERS,2022-12-19T12:17:00,MONITORING  (NATIONAL AGENCY POLICY),RIVER / RUNNING SURFACE WATER,6620,Clopyralid,<0.005,MICROGRAM PER LITRE
https://environment.data.gov.uk/water-quality/sampling-point/TH-RSN0018/sample/1387114/observation/6671,TH-RSN0018,RSN0018 RIVER THAMES AT MAGNA CARTA,-0.562,51.4448,Thames,THAMES - WEST THAMES,Multiple Values,OPEN,FRESHWATER - RIVERS,2022-12-19T12:17:00,MONITORING  (NATIONAL AGENCY POLICY),RIVER / RUNNING SURFACE WATER,6671,Phenoxyacetic acid :- {PAA},0.075,MICROGRAM PER LITRE
https://environment.data.gov.uk/water-quality/sampling-point/TH-RSN0018/sample/1387114/observation/6672,TH-RSN0018,RSN0018 RIVER THAMES AT MAGNA CARTA,-0.562,51.4448,Thames,THAMES - WEST THAMES,Multiple Values,OPEN,FRESHWATER - RIVERS,2022-12-19T12:17:00,MONITORING  (NATIONAL AGENCY POLICY),RIVER / RUNNING SURFACE WATER,6672,4-Phenoxybutyric acid :- {PBA},<0.005,MICROGRAM PER LITRE
https://environment.data.gov.uk/water-quality/sampling-point/TH-RSN0018/sample/1387114/observation/6673,TH-RSN0018,RSN0018 RIVER THAMES AT MAGNA CARTA,-0.562,51.4448,Thames,THAMES - WEST THAMES,Multiple Values,OPEN,FRESHWATER - RIVERS,2022-12-19T12:17:00,MONITORING  (NATIONAL AGENCY POLICY),RIVER / RUNNING SURFACE WATER,6673,2-Phenoxypropionic acid :- {PPA},<0.005,MICROGRAM PER LITRE
https://environment.data.gov.uk/water-quality/sampling-point/TH-RSN0018/sample/1387114/observation/6693,TH-RSN0018,RSN0018 RIVER THAMES AT MAGNA CARTA,-0.562,51.4448,Thames,THAMES - WEST THAMES,Multiple Values,OPEN,FRESHWATER - RIVERS,2022-12-19T12:17:00,MONITORING  (NATIONAL AGENCY POLICY),RIVER / RUNNING SURFACE WATER,6693,"Strontium, Filtered",330,MICROGRAM PER LITRE
https://environment.data.gov.uk/water-quality/sampling-point/TH-RSN0018/sample/1387114/observation/6724,TH-RSN0018,RSN0018 RIVER THAMES AT MAGNA CARTA,-0.562,51.4448,Thames,THAMES - WEST THAMES,Multiple Values,OPEN,FRESHWATER - RIVERS,2022-12-19T12:17:00,MONITORING  (NATIONAL AGENCY POLICY),RIVER / RUNNING SURFACE WATER,6724,Di(2-ethylhexyl) phthalate :- {DEHP},<0.2,MICROGRAM PER LITRE
https://environment.data.gov.uk/water-quality/sampling-point/TH-RSN0018/sample/1387114/observation/6760,TH-RSN0018,RSN0018 RIVER THAMES AT MAGNA CARTA,-0.562,51.4448,Thames,THAMES - WEST THAMES,Multiple Values,OPEN,FRESHWATER - RIVERS,2022-12-19T12:17:00,MONITORING  (NATIONAL AGENCY POLICY),RIVER / RUNNING SURFACE WATER,6760,Chloridazon,<0.01,MICROGRAM PER LITRE
https://environment.data.gov.uk/water-quality/sampling-point/TH-RSN0018/sample/1387114/observation/6955,TH-RSN0018,RSN0018 RIVER THAMES AT MAGNA CARTA,-0.562,51.4448,Thames,THAMES - WEST THAMES,Multiple Values,OPEN,FRESHWATER - RIVERS,2022-12-19T12:17:00,MONITORING  (NATIONAL AGENCY POLICY),RIVER / RUNNING SURFACE WATER,6955,Ethiofencarb,<0.005,MICROGRAM PER LITRE
https://environment.data.gov.uk/water-quality/sampling-point/TH-RSN0018/sample/1387114/observation/6971,TH-RSN0018,RSN0018 RIVER THAMES AT MAGNA CARTA,-0.562,51.4448,Thames,THAMES - WEST THAMES,Multiple Values,OPEN,FRESHWATER - RIVERS,2022-12-19T12:17:00,MONITORING  (NATIONAL AGENCY POLICY),RIVER / RUNNING SURFACE WATER,6971,Methiocarb,<0.001,MICROGRAM PER LITRE
https://environment.data.gov.uk/water-quality/sampling-point/TH-RSN0018/sample/1387114/observation/6972,TH-RSN0018,RSN0018 RIVER THAMES AT MAGNA CARTA,-0.562,51.4448,Thames,THAMES - WEST THAMES,Multiple Values,OPEN,FRESHWATER - RIVERS,2022-12-19T12:17:00,MONITORING  (NATIONAL AGENCY POLICY),RIVER / RUNNING SURFACE WATER,6972,Methomyl,<0.005,MICROGRAM PER LITRE
https://environment.data.gov.uk/water-quality/sampling-point/TH-RSN0018/sample/1387114/observation/6980,TH-RSN0018,RSN0018 RIVER THAMES AT MAGNA CARTA,-0.562,51.4448,Thames,THAMES - WEST THAMES,Multiple Values,OPEN,FRESHWATER - RIVERS,2022-12-19T12:17:00,MONITORING  (NATIONAL AGENCY POLICY),RIVER / RUNNING SURFACE WATER,6980,Oxamyl,<0.005,MICROGRAM PER LITRE
https://environment.data.gov.uk/water-quality/sampling-point/TH-RSN0018/sample/1387114/observation/6987,TH-RSN0018,RSN0018 RIVER THAMES AT MAGNA CARTA,-0.562,51.4448,Thames,THAMES - WEST THAMES,Multiple Values,OPEN,FRESHWATER - RIVERS,2022-12-19T12:17:00,MONITORING  (NATIONAL AGENCY POLICY),RIVER / RUNNING SURFACE WATER,6987,Propoxur,<0.005,MICROGRAM PER LITRE
https://environment.data.gov.uk/water-quality/sampling-point/TH-RSN0018/sample/1387114/observation/7025,TH-RSN0018,RSN0018 RIVER THAMES AT MAGNA CARTA,-0.562,51.4448,Thames,THAMES - WEST THAMES,Multiple Values,OPEN,FRESHWATER - RIVERS,2022-12-19T12:17:00,MONITORING  (NATIONAL AGENCY POLICY),RIVER / RUNNING SURFACE WATER,7025,Imazapyr,<0.005,MICROGRAM PER LITRE
https://environment.data.gov.uk/water-quality/sampling-point/TH-RSN0018/sample/1387114/observation/7053,TH-RSN0018,RSN0018 RIVER THAMES AT MAGNA CARTA,-0.562,51.4448,Thames,THAMES - WEST THAMES,Multiple Values,OPEN,FRESHWATER - RIVERS,2022-12-19T12:17:00,MONITORING  (NATIONAL AGENCY POLICY),RIVER / RUNNING SURFACE WATER,7053,Methabenzthiazuron,<0.01,MICROGRAM PER LITRE
https://environment.data.gov.uk/water-quality/sampling-point/TH-RSN0018/sample/1387114/observation/7125,TH-RSN0018,RSN0018 RIVER THAMES AT MAGNA CARTA,-0.562,51.4448,Thames,THAMES - WEST THAMES,Multiple Values,OPEN,FRESHWATER - RIVERS,2022-12-19T12:17:00,MONITORING  (NATIONAL AGENCY POLICY),RIVER / RUNNING SURFACE WATER,7125,Aminomethylphosphonic acid,0.21,MICROGRAM PER LITRE
https://environment.data.gov.uk/water-quality/sampling-point/TH-RSN0018/sample/1387114/observation/7726,TH-RSN0018,RSN0018 RIVER THAMES AT MAGNA CARTA,-0.562,51.4448,Thames,THAMES - WEST THAMES,Multiple Values,OPEN,FRESHWATER - RIVERS,2022-12-19T12:17:00,MONITORING  (NATIONAL AGENCY POLICY),RIVER / RUNNING SURFACE WATER,7726,"2,3,6-TBA :- {2,3,6-Trichlorobenzoic acid}",<0.02,MICROGRAM PER LITRE
https://environment.data.gov.uk/water-quality/sampling-point/TH-RSN0018/sample/1387114/observation/7859,TH-RSN0018,RSN0018 RIVER THAMES AT MAGNA CARTA,-0.562,51.4448,Thames,THAMES - WEST THAMES,Multiple Values,OPEN,FRESHWATER - RIVERS,2022-12-19T12:17:00,MONITORING  (NATIONAL AGENCY POLICY),RIVER / RUNNING SURFACE WATER,7859,"Sulphate, Dissolved as SO4",55,MILLIGRAM PER LITRE
https://environment.data.gov.uk/water-quality/sampling-point/TH-RSN0018/sample/1387114/observation/8806,TH-RSN0018,RSN0018 RIVER THAMES AT MAGNA CARTA,-0.562,51.4448,Thames,THAMES - WEST THAMES,Multiple Values,OPEN,FRESHWATER - RIVERS,2022-12-19T12:17:00,MONITORING  (NATIONAL AGENCY POLICY),RIVER / RUNNING SURFACE WATER,8806,Aldicarb sulfoxide,<0.005,MICROGRAM PER LITRE
https://environment.data.gov.uk/water-quality/sampling-point/TH-RSN0018/sample/1387114/observation/8807,TH-RSN0018,RSN0018 RIVER THAMES AT MAGNA CARTA,-0.562,51.4448,Thames,THAMES - WEST THAMES,Multiple Values,OPEN,FRESHWATER - RIVERS,2022-12-19T12:17:00,MONITORING  (NATIONAL AGENCY POLICY),RIVER / RUNNING SURFACE WATER,8807,Aldoxycarb :- {Aldicarb Sulfone},<0.005,MICROGRAM PER LITRE
https://environment.data.gov.uk/water-quality/sampling-point/TH-RSN0018/sample/1387114/observation/8944,TH-RSN0018,RSN0018 RIVER THAMES AT MAGNA CARTA,-0.562,51.4448,Thames,THAMES - WEST THAMES,Multiple Values,OPEN,FRESHWATER - RIVERS,2022-12-19T12:17:00,MONITORING  (NATIONAL AGENCY POLICY),RIVER / RUNNING SURFACE WATER,8944,Tributyl Tin as Cation,<0.0002,MICROGRAM PER LITRE
https://environment.data.gov.uk/water-quality/sampling-point/TH-RSN0018/sample/1387114/observation/9068,TH-RSN0018,RSN0018 RIVER THAMES AT MAGNA CARTA,-0.562,51.4448,Thames,THAMES - WEST THAMES,Multiple Values,OPEN,FRESHWATER - RIVERS,2022-12-19T12:17:00,MONITORING  (NATIONAL AGENCY POLICY),RIVER / RUNNING SURFACE WATER,9068,Ioxynil,<0.005,MICROGRAM PER LITRE
https://environment.data.gov.uk/water-quality/sampling-point/TH-RSN0018/sample/1387114/observation/9073,TH-RSN0018,RSN0018 RIVER THAMES AT MAGNA CARTA,-0.562,51.4448,Thames,THAMES - WEST THAMES,Multiple Values,OPEN,FRESHWATER - RIVERS,2022-12-19T12:17:00,MONITORING  (NATIONAL AGENCY POLICY),RIVER / RUNNING SURFACE WATER,9073,Carbetamide,<0.01,MICROGRAM PER LITRE
https://environment.data.gov.uk/water-quality/sampling-point/TH-RSN0018/sample/1387114/observation/9190,TH-RSN0018,RSN0018 RIVER THAMES AT MAGNA CARTA,-0.562,51.4448,Thames,THAMES - WEST THAMES,Multiple Values,OPEN,FRESHWATER - RIVERS,2022-12-19T12:17:00,MONITORING  (NATIONAL AGENCY POLICY),RIVER / RUNNING SURFACE WATER,9190,4-Nonylphenol Branched,<0.04,MICROGRAM PER LITRE
https://environment.data.gov.uk/water-quality/sampling-point/TH-RSN0018/sample/1387114/observation/9267,TH-RSN0018,RSN0018 RIVER THAMES AT MAGNA CARTA,-0.562,51.4448,Thames,THAMES - WEST THAMES,Multiple Values,OPEN,FRESHWATER - RIVERS,2022-12-19T12:17:00,MONITORING  (NATIONAL AGENCY POLICY),RIVER / RUNNING SURFACE WATER,9267,4-tert-Octylphenol :- {p-tert-Octylphenol},<0.01,MICROGRAM PER LITRE
https://environment.data.gov.uk/water-quality/sampling-point/TH-RSN0018/sample/1387114/observation/9274,TH-RSN0018,RSN0018 RIVER THAMES AT MAGNA CARTA,-0.562,51.4448,Thames,THAMES - WEST THAMES,Multiple Values,OPEN,FRESHWATER - RIVERS,2022-12-19T12:17:00,MONITORING  (NATIONAL AGENCY POLICY),RIVER / RUNNING SURFACE WATER,9274,Perfluorooctanoate anion,0.0024,MICROGRAM PER LITRE
https://environment.data.gov.uk/water-quality/sampling-point/TH-RSN0018/sample/1387114/observation/9276,TH-RSN0018,RSN0018 RIVER THAMES AT MAGNA CARTA,-0.562,51.4448,Thames,THAMES - WEST THAMES,Multiple Values,OPEN,FRESHWATER - RIVERS,2022-12-19T12:17:00,MONITORING  (NATIONAL AGENCY POLICY),RIVER / RUNNING SURFACE WATER,9276,Perfluorooctylsulphonate anion,0.006,MICROGRAM PER LITRE
https://environment.data.gov.uk/water-quality/sampling-point/TH-RSN0018/sample/1387114/observation/9339,TH-RSN0018,RSN0018 RIVER THAMES AT MAGNA CARTA,-0.562,51.4448,Thames,THAMES - WEST THAMES,Multiple Values,OPEN,FRESHWATER - RIVERS,2022-12-19T12:17:00,MONITORING  (NATIONAL AGENCY POLICY),RIVER / RUNNING SURFACE WATER,9339,Fenuron,<0.01,MICROGRAM PER LITRE
https://environment.data.gov.uk/water-quality/sampling-point/TH-RSN0018/sample/1387114/observation/9343,TH-RSN0018,RSN0018 RIVER THAMES AT MAGNA CARTA,-0.562,51.4448,Thames,THAMES - WEST THAMES,Multiple Values,OPEN,FRESHWATER - RIVERS,2022-12-19T12:17:00,MONITORING  (NATIONAL AGENCY POLICY),RIVER / RUNNING SURFACE WATER,9343,Carbaryl,<0.01,MICROGRAM PER LITRE
https://environment.data.gov.uk/water-quality/sampling-point/TH-RSN0018/sample/1387114/observation/9344,TH-RSN0018,RSN0018 RIVER THAMES AT MAGNA CARTA,-0.562,51.4448,Thames,THAMES - WEST THAMES,Multiple Values,OPEN,FRESHWATER - RIVERS,2022-12-19T12:17:00,MONITORING  (NATIONAL AGENCY POLICY),RIVER / RUNNING SURFACE WATER,9344,Aldicarb,<0.005,MICROGRAM PER LITRE
https://environment.data.gov.uk/water-quality/sampling-point/TH-RSN0018/sample/1387114/observation/9345,TH-RSN0018,RSN0018 RIVER THAMES AT MAGNA CARTA,-0.562,51.4448,Thames,THAMES - WEST THAMES,Multiple Values,OPEN,FRESHWATER - RIVERS,2022-12-19T12:17:00,MONITORING  (NATIONAL AGENCY POLICY),RIVER / RUNNING SURFACE WATER,9345,Diflurobenzuron,<0.01,MICROGRAM PER LITRE
https://environment.data.gov.uk/water-quality/sampling-point/TH-RSN0018/sample/1387114/observation/9348,TH-RSN0018,RSN0018 RIVER THAMES AT MAGNA CARTA,-0.562,51.4448,Thames,THAMES - WEST THAMES,Multiple Values,OPEN,FRESHWATER - RIVERS,2022-12-19T12:17:00,MONITORING  (NATIONAL AGENCY POLICY),RIVER / RUNNING SURFACE WATER,9348,Chlorotoluron,<0.01,MICROGRAM PER LITRE
https://environment.data.gov.uk/water-quality/sampling-point/TH-RSN0018/sample/1387114/observation/9446,TH-RSN0018,RSN0018 RIVER THAMES AT MAGNA CARTA,-0.562,51.4448,Thames,THAMES - WEST THAMES,Multiple Values,OPEN,FRESHWATER - RIVERS,2022-12-19T12:17:00,MONITORING  (NATIONAL AGENCY POLICY),RIVER / RUNNING SURFACE WATER,9446,"Barium, Dissolved",17,MICROGRAM PER LITRE
https://environment.data.gov.uk/water-quality/sampling-point/TH-RSN0018/sample/1387114/observation/9447,TH-RSN0018,RSN0018 RIVER THAMES AT MAGNA CARTA,-0.562,51.4448,Thames,THAMES - WEST THAMES,Multiple Values,OPEN,FRESHWATER - RIVERS,2022-12-19T12:17:00,MONITORING  (NATIONAL AGENCY POLICY),RIVER / RUNNING SURFACE WATER,9447,"Boron, Dissolved",<100,MICROGRAM PER LITRE
https://environment.data.gov.uk/water-quality/sampling-point/TH-RSN0018/sample/1387114/observation/9686,TH-RSN0018,RSN0018 RIVER THAMES AT MAGNA CARTA,-0.562,51.4448,Thames,THAMES - WEST THAMES,Multiple Values,OPEN,FRESHWATER - RIVERS,2022-12-19T12:17:00,MONITORING  (NATIONAL AGENCY POLICY),RIVER / RUNNING SURFACE WATER,9686,"Nitrogen, Total as N",9.3,MILLIGRAM PER LITRE
https://environment.data.gov.uk/water-quality/sampling-point/TH-RSN0018/sample/1387114/observation/9756,TH-RSN0018,RSN0018 RIVER THAMES AT MAGNA CARTA,-0.562,51.4448,Thames,THAMES - WEST THAMES,Multiple Values,OPEN,FRESHWATER - RIVERS,2022-12-19T12:17:00,MONITORING  (NATIONAL AGENCY POLICY),RIVER / RUNNING SURFACE WATER,9756,Neburon,<0.01,MICROGRAM PER LITRE
https://environment.data.gov.uk/water-quality/sampling-point/TH-RSN0018/sample/1387114/observation/9861,TH-RSN0018,RSN0018 RIVER THAMES AT MAGNA CARTA,-0.562,51.4448,Thames,THAMES - WEST THAMES,Multiple Values,OPEN,FRESHWATER - RIVERS,2022-12-19T12:17:00,MONITORING  (NATIONAL AGENCY POLICY),RIVER / RUNNING SURFACE WATER,9861,Metsulfuron-methyl,<0.01,MICROGRAM PER LITRE
https://environment.data.gov.uk/water-quality/sampling-point/TH-RSN0018/sample/1387114/observation/9883,TH-RSN0018,RSN0018 RIVER THAMES AT MAGNA CARTA,-0.562,51.4448,Thames,THAMES - WEST THAMES,Multiple Values,OPEN,FRESHWATER - RIVERS,2022-12-19T12:17:00,MONITORING  (NATIONAL AGENCY POLICY),RIVER / RUNNING SURFACE WATER,9883,Picloram,<0.005,MICROGRAM PER LITRE
https://environment.data.gov.uk/water-quality/sampling-point/TH-RSN0018/sample/1387114/observation/9889,TH-RSN0018,RSN0018 RIVER THAMES AT MAGNA CARTA,-0.562,51.4448,Thames,THAMES - WEST THAMES,Multiple Values,OPEN,FRESHWATER - RIVERS,2022-12-19T12:17:00,MONITORING  (NATIONAL AGENCY POLICY),RIVER / RUNNING SURFACE WATER,9889,Oestrone :- {E1},1.2,NANOGRAM PER LITRE
https://environment.data.gov.uk/water-quality/sampling-point/TH-RSN0018/sample/1387114/observation/9898,TH-RSN0018,RSN0018 RIVER THAMES AT MAGNA CARTA,-0.562,51.4448,Thames,THAMES - WEST THAMES,Multiple Values,OPEN,FRESHWATER - RIVERS,2022-12-19T12:17:00,MONITORING  (NATIONAL AGENCY POLICY),RIVER / RUNNING SURFACE WATER,9898,17beta oestradiol :- {E2},0.12,NANOGRAM PER LITRE
https://environment.data.gov.uk/water-quality/sampling-point/TH-RSN0018/sample/1387114/observation/9899,TH-RSN0018,RSN0018 RIVER THAMES AT MAGNA CARTA,-0.562,51.4448,Thames,THAMES - WEST THAMES,Multiple Values,OPEN,FRESHWATER - RIVERS,2022-12-19T12:17:00,MONITORING  (NATIONAL AGENCY POLICY),RIVER / RUNNING SURFACE WATER,9899,17alpha ethynyloestradiol :- {EE2},<0.03,NANOGRAM PER LITRE
https://environment.data.gov.uk/water-quality/sampling-point/TH-RSN0018/sample/1387114/observation/9901,TH-RSN0018,RSN0018 RIVER THAMES AT MAGNA CARTA,-0.562,51.4448,Thames,THAMES - WEST THAMES,Multiple Values,OPEN,FRESHWATER - RIVERS,2022-12-19T12:17:00,MONITORING  (NATIONAL AGENCY POLICY),RIVER / RUNNING SURFACE WATER,9901,"Oxygen, Dissolved, % Saturation",106.5,PERCENTAGE
https://environment.data.gov.uk/water-quality/sampling-point/TH-RSN0018/sample/1387114/observation/9924,TH-RSN0018,RSN0018 RIVER THAMES AT MAGNA CARTA,-0.562,51.4448,Thames,THAMES - WEST THAMES,Multiple Values,OPEN,FRESHWATER - RIVERS,2022-12-19T12:17:00,MONITORING  (NATIONAL AGENCY POLICY),RIVER / RUNNING SURFACE WATER,9924,"Oxygen, Dissolved as O2",13.8,MILLIGRAM PER LITRE
