id,samplingPoint.notation,samplingPoint.prefLabel,samplingPoint.longitude,samplingPoint.latitude,samplingPoint.region,samplingPoint.area,samplingPoint.subArea,samplingPoint.samplingPointStatus,samplingPoint.samplingPointType,phenomenonTime,samplingPurpose,sampleMaterialType,determinand.notation,determinand.prefLabel,result,unit
https://environment.data.gov.uk/water-quality/sampling-point/TH-PRTS0001/sample/1341852/observation/0061,TH-PRTS0001,THAMES - DOWNSTREAM OF CS1 INTAKE,-0.5846,51.4711,Thames,THAMES - WEST THAMES,Multiple Values,OPEN,FRESHWATER - RIVERS,2021-01-28T10:03:00,PLANNED INVESTIGATION (NATIONAL AGENCY POLICY),RIVER / RUNNING SURFACE WATER,0061,pH,7.96,PH UNITS
https://environment.data.gov.uk/water-quality/sampling-point/TH-PRTS0001/sample/1341852/observation/0076,TH-PRTS0001,THAMES - DOWNSTREAM OF CS1 INTAKE,-0.5846,51.4711,Thames,THAMES - WEST THAMES,Multiple Values,OPEN,FRESHWATER - RIVERS,2021-01-28T10:03:00,PLANNED INVESTIGATION (NATIONAL AGENCY POLICY),RIVER / RUNNING SURFACE WATER,0076,Temperature of Water,6.1,CELSIUS
https://environment.data.gov.uk/water-quality/sampling-point/TH-PRTS0001/sample/1341852/observation/7608,TH-PRTS0001,THAMES - DOWNSTREAM OF CS1 INTAKE,-0.5846,51.4711,Thames,THAMES - WEST THAMES,Multiple Values,OPEN,FRESHWATER - RIVERS,2021-01-28T10:03:00,PLANNED INVESTIGATION (NATIONAL AGENCY POLICY),RIVER / RUNNING SURFACE WATER,7608,Salinity : In Situ,0.29,Parts per thousand
https://environment.data.gov.uk/water-quality/sampling-point/TH-PRTS0001/sample/1341852/observation/9901,TH-PRTS0001,THAMES - DOWNSTREAM OF CS1 INTAKE,-0.5846,51.4711,Thames,THAMES - WEST THAMES,Multiple Values,OPEN,FRESHWATER - RIVERS,2021-01-28T10:03:00,PLANNED INVESTIGATION (NATIONAL AGENCY POLICY),RIVER / RUNNING SURFACE WATER,9901,"Oxygen, Dissolved, % Saturation",90.1,PERCENTAGE
https://environment.data.gov.uk/water-quality/sampling-point/TH-PRTS0001/sample/1341852/observation/9924,TH-PRTS0001,THAMES - DOWNSTREAM OF CS1 INTAKE,-0.5846,51.4711,Thames,THAMES - WEST THAMES,Multiple Values,OPEN,FRESHWATER - RIVERS,2021-01-28T10:03:00,PLANNED INVESTIGATION (NATIONAL AGENCY POLICY),RIVER / RUNNING SURFACE WATER,9924,"Oxygen, Dissolved as O2",11.2,MILLIGRAM PER LITRE
https://environment.data.gov.uk/water-quality/sampling-point/TH-PRTS0001/sample/1342425/observation/0061,TH-PRTS0001,THAMES - DOWNSTREAM OF CS1 INTAKE,-0.5846,51.4711,Thames,THAMES - WEST THAMES,Multiple Values,OPEN,FRESHWATER - RIVERS,2021-02-23T09:29:00,PLANNED INVESTIGATION (NATIONAL AGENCY POLICY),RIVER / RUNNING SURFACE WATER,0061,pH,8.18,PH UNITS
https://environment.data.gov.uk/water-quality/sampling-point/TH-PRTS0001/sample/1342425/observation/0076,TH-PRTS0001,THAMES - DOWNSTREAM OF CS1 INTAKE,-0.5846,51.4711,Thames,THAMES - WEST THAMES,Multiple Values,OPEN,FRESHWATER - RIVERS,2021-02-23T09:29:00,PLANNED INVESTIGATION (NATIONAL AGENCY POLICY),RIVER / RUNNING SURFACE WATER,0076,Temperature of Water,8.6,CELSIUS
https://environment.data.gov.uk/water-quality/sampling-point/TH-PRTS0001/sample/1342425/observation/7608,TH-PRTS0001,THAMES - DOWNSTREAM OF CS1 INTAKE,-0.5846,51.4711,Thames,THAMES - WEST THAMES,Multiple Values,OPEN,FRESHWATER - RIVERS,2021-02-23T09:29:00,PLANNED INVESTIGATION (NATIONAL AGENCY POLICY),RIVER / RUNNING SURFACE WATER,7608,Salinity : In Situ,0.3,Parts per thousand
https://environment.data.gov.uk/water-quality/sampling-point/TH-PRTS0001/sample/1342425/observation/9901,TH-PRTS0001,THAMES - DOWNSTREAM OF CS1 INTAKE,-0.5846,51.4711,Thames,THAMES - WEST THAMES,Multiple Values,OPEN,FRESHWATER - RIVERS,2021-02-23T09:29:00,PLANNED INVESTIGATION (NATIONAL AGENCY POLICY),RIVER / RUNNING SURFACE WATER,9901,"Oxygen, Dissolved, % Saturation",102.1,PERCENTAGE
https://environment.data.gov.uk/water-quality/sampling-point/TH-PRTS0001/sample/1342425/observation/9924,TH-PRTS0001,THAMES - DOWNSTREAM OF CS1 INTAKE,-0.5846,51.4711,Thames,THAMES - WEST THAMES,Multiple Values,OPEN,FRESHWATER - RIVERS,2021-02-23T09:29:00,PLANNED INVESTIGATION (NATIONAL AGENCY POLICY),RIVER / RUNNING SURFACE WATER,9924,"Oxygen, Dissolved as O2",11.9,MILLIGRAM PER LITRE
https://environment.data.gov.uk/water-quality/sampling-point/TH-PRTS0001/sample/1345413/observation/0061,TH-PRTS0001,THAMES - DOWNSTREAM OF CS1 INTAKE,-0.5846,51.4711,Thames,THAMES - WEST THAMES,Multiple Values,OPEN,FRESHWATER - RIVERS,2021-03-23T11:41:00,PLANNED INVESTIGATION (NATIONAL AGENCY POLICY),RIVER / RUNNING SURFACE WATER,0061,pH,8.22,PH UNITS
https://environment.data.gov.uk/water-quality/sampling-point/TH-PRTS0001/sample/1345413/observation/0076,TH-PRTS0001,THAMES - DOWNSTREAM OF CS1 INTAKE,-0.5846,51.4711,Thames,THAMES - WEST THAMES,Multiple Values,OPEN,FRESHWATER - RIVERS,2021-03-23T11:41:00,PLANNED INVESTIGATION (NATIONAL AGENCY POLICY),RIVER / RUNNING SURFACE WATER,0076,Temperature of Water,9.8,CELSIUS
https://environment.data.gov.uk/water-quality/sampling-point/TH-PRTS0001/sample/1345413/observation/7608,TH-PRTS0001,THAMES - DOWNSTREAM OF CS1 INTAKE,-0.5846,51.4711,Thames,THAMES - WEST THAMES,Multiple Values,OPEN,FRESHWATER - RIVERS,2021-03-23T11:41:00,PLANNED INVESTIGATION (NATIONAL AGENCY POLICY),RIVER / RUNNING SURFACE WATER,7608,Salinity : In Situ,0.33,Parts per thousand
https://environment.data.gov.uk/water-quality/sampling-point/TH-PRTS0001/sample/1345413/observation/9901,TH-PRTS0001,THAMES - DOWNSTREAM OF CS1 INTAKE,-0.5846,51.4711,Thames,THAMES - WEST THAMES,Multiple Values,OPEN,FRESHWATER - RIVERS,2021-03-23T11:41:00,PLANNED INVESTIGATION (NATIONAL AGENCY POLICY),RIVER / RUNNING SURFACE WATER,9901,"Oxygen, Dissolved, % Saturation",100.3,PERCENTAGE
https://environment.data.gov.uk/water-quality/sampling-point/TH-PRTS0001/sample/1345413/observation/9924,TH-PRTS0001,THAMES - DOWNSTREAM OF CS1 INTAKE,-0.5846,51.4711,Thames,THAMES - WEST THAMES,Multiple Values,OPEN,FRESHWATER - RIVERS,2021-03-23T11:41:00,PLANNED INVESTIGATION (NATIONAL AGENCY POLICY),RIVER / RUNNING SURFACE WATER,9924,"Oxygen, Dissolved as O2",11.3,MILLIGRAM PER LITRE
https://environment.data.gov.uk/water-quality/sampling-point/TH-PRTS0001/sample/1349169/observation/0061,TH-PRTS0001,THAMES - DOWNSTREAM OF CS1 INTAKE,-0.5846,51.4711,Thames,THAMES - WEST THAMES,Multiple Values,OPEN,FRESHWATER - RIVERS,2021-04-29T09:37:00,PLANNED INVESTIGATION (NATIONAL AGENCY POLICY),RIVER / RUNNING SURFACE WATER,0061,pH,8.27,PH UNITS
https://environment.data.gov.uk/water-quality/sampling-point/TH-PRTS0001/sample/1349169/observation/0076,TH-PRTS0001,THAMES - DOWNSTREAM OF CS1 INTAKE,-0.5846,51.4711,Thames,THAMES - WEST THAMES,Multiple Values,OPEN,FRESHWATER - RIVERS,2021-04-29T09:37:00,PLANNED INVESTIGATION (NATIONAL AGENCY POLICY),RIVER / RUNNING SURFACE WATER,0076,Temperature of Water,11.9,CELSIUS
https://environment.data.gov.uk/water-quality/sampling-point/TH-PRTS0001/sample/1349169/observation/7608,TH-PRTS0001,THAMES - DOWNSTREAM OF CS1 INTAKE,-0.5846,51.4711,Thames,THAMES - WEST THAMES,Multiple Values,OPEN,FRESHWATER - RIVERS,2021-04-29T09:37:00,PLANNED INVESTIGATION (NATIONAL AGENCY POLICY),RIVER / RUNNING SURFACE WATER,7608,Salinity : In Situ,0.3,Parts per thousand
https://environment.data.gov.uk/water-quality/sampling-point/TH-PRTS0001/sample/1349169/observation/9901,TH-PRTS0001,THAMES - DOWNSTREAM OF CS1 INTAKE,-0.5846,51.4711,Thames,THAMES - WEST THAMES,Multiple Values,OPEN,FRESHWATER - RIVERS,2021-04-29T09:37:00,PLANNED INVESTIGATION (NATIONAL AGENCY POLICY),RIVER / RUNNING SURFACE WATER,9901,"Oxygen, Dissolved, % Saturation",117.6,PERCENTAGE
https://environment.data.gov.uk/water-quality/sampling-point/TH-PRTS0001/sample/1349169/observation/9924,TH-PRTS0001,THAMES - DOWNSTREAM OF CS1 INTAKE,-0.5846,51.4711,Thames,THAMES - WEST THAMES,Multiple Values,OPEN,FRESHWATER - RIVERS,2021-04-29T09:37:00,PLANNED INVESTIGATION (NATIONAL AGENCY POLICY),RIVER / RUNNING SURFACE WATER,9924,"Oxygen, Dissolved as O2",12.7,MILLIGRAM PER LITRE
https://environment.data.gov.uk/water-quality/sampling-point/TH-PRTS0001/sample/1349523/observation/0061,TH-PRTS0001,THAMES - DOWNSTREAM OF CS1 INTAKE,-0.5846,51.4711,Thames,THAMES - WEST THAMES,Multiple Values,OPEN,FRESHWATER - RIVERS,2021-05-17T10:39:00,ENVIRONMENTAL MONITORING STATUTORY (EU DIRECTIVES),RIVER / RUNNING SURFACE WATER,0061,pH,8.26,PH UNITS
https://environment.data.gov.uk/water-quality/sampling-point/TH-PRTS0001/sample/1349523/observation/0076,TH-PRTS0001,THAMES - DOWNSTREAM OF CS1 INTAKE,-0.5846,51.4711,Thames,THAMES - WEST THAMES,Multiple Values,OPEN,FRESHWATER - RIVERS,2021-05-17T10:39:00,ENVIRONMENTAL MONITORING STATUTORY (EU DIRECTIVES),RIVER / RUNNING SURFACE WATER,0076,Temperature of Water,13.5,CELSIUS
https://environment.data.gov.uk/water-quality/sampling-point/TH-PRTS0001/sample/1349523/observation/0077,TH-PRTS0001,THAMES - DOWNSTREAM OF CS1 INTAKE,-0.5846,51.4711,Thames,THAMES - WEST THAMES,Multiple Values,OPEN,FRESHWATER - RIVERS,2021-05-17T10:39:00,ENVIRONMENTAL MONITORING STATUTORY (EU DIRECTIVES),RIVER / RUNNING SURFACE WATER,0077,Conductivity at 25 C,666,MICROSIEMENS PER CENTIMETRE
https://environment.data.gov.uk/water-quality/sampling-point/TH-PRTS0001/sample/1349523/observation/0111,TH-PRTS0001,THAMES - DOWNSTREAM OF CS1 INTAKE,-0.5846,51.4711,Thames,THAMES - WEST THAMES,Multiple Values,OPEN,FRESHWATER - RIVERS,2021-05-17T10:39:00,ENVIRONMENTAL MONITORING STATUTORY (EU DIRECTIVES),RIVER / RUNNING SURFACE WATER,0111,Ammoniacal Nitrogen as N,<0.5,MILLIGRAM PER LITRE
https://environment.data.gov.uk/water-quality/sampling-point/TH-PRTS0001/sample/1349523/observation/0119,TH-PRTS0001,THAMES - DOWNSTREAM OF CS1 INTAKE,-0.5846,51.4711,Thames,THAMES - WEST THAMES,Multiple Values,OPEN,FRESHWATER - RIVERS,2021-05-17T10:39:00,ENVIRONMENTAL MONITORING STATUTORY (EU DIRECTIVES),RIVER / RUNNING SURFACE WATER,0119,Ammonia un-ionised as N,<0.0118,MILLIGRAM PER LITRE
https://environment.data.gov.uk/water-quality/sampling-point/TH-PRTS0001/sample/1349523/observation/0135,TH-PRTS0001,THAMES - DOWNSTREAM OF CS1 INTAKE,-0.5846,51.4711,Thames,THAMES - WEST THAMES,Multiple Values,OPEN,FRESHWATER - RIVERS,2021-05-17T10:39:00,ENVIRONMENTAL MONITORING STATUTORY (EU DIRECTIVES),RIVER / RUNNING SURFACE WATER,0135,"Solids, Suspended at 105 C",20,MILLIGRAM PER LITRE
https://environment.data.gov.uk/water-quality/sampling-point/TH-PRTS0001/sample/1349523/observation/0180,TH-PRTS0001,THAMES - DOWNSTREAM OF CS1 INTAKE,-0.5846,51.4711,Thames,THAMES - WEST THAMES,Multiple Values,OPEN,FRESHWATER - RIVERS,2021-05-17T10:39:00,ENVIRONMENTAL MONITORING STATUTORY (EU DIRECTIVES),RIVER / RUNNING SURFACE WATER,0180,"Orthophosphate, reactive as P",0.12,MILLIGRAM PER LITRE
https://environment.data.gov.uk/water-quality/sampling-point/TH-PRTS0001/sample/1349523/observation/7608,TH-PRTS0001,THAMES - DOWNSTREAM OF CS1 INTAKE,-0.5846,51.4711,Thames,THAMES - WEST THAMES,Multiple Values,OPEN,FRESHWATER - RIVERS,2021-05-17T10:39:00,ENVIRONMENTAL MONITORING STATUTORY (EU DIRECTIVES),RIVER / RUNNING SURFACE WATER,7608,Salinity : In Situ,0.33,Parts per thousand
https://environment.data.gov.uk/water-quality/sampling-point/TH-PRTS0001/sample/1349523/observation/9901,TH-PRTS0001,THAMES - DOWNSTREAM OF CS1 INTAKE,-0.5846,51.4711,Thames,THAMES - WEST THAMES,Multiple Values,OPEN,FRESHWATER - RIVERS,2021-05-17T10:39:00,ENVIRONMENTAL MONITORING STATUTORY (EU DIRECTIVES),RIVER / RUNNING SURFACE WATER,9901,"Oxygen, Dissolved, % Saturation",97.7,PERCENTAGE
https://environment.data.gov.uk/water-quality/sampling-point/TH-PRTS0001/sample/1349523/observation/9924,TH-PRTS0001,THAMES - DOWNSTREAM OF CS1 INTAKE,-0.5846,51.4711,Thames,THAMES - WEST THAMES,Multiple Values,OPEN,FRESHWATER - RIVERS,2021-05-17T10:39:00,ENVIRONMENTAL MONITORING STATUTORY (EU DIRECTIVES),RIVER / RUNNING SURFACE WATER,9924,"Oxygen, Dissolved as O2",10.1,MILLIGRAM PER LITRE
https://environment.data.gov.uk/water-quality/sampling-point/TH-PRTS0001/sample/1359628/observation/0061,TH-PRTS0001,THAMES - DOWNSTREAM OF CS1 INTAKE,-0.5846,51.4711,Thames,THAMES - WEST THAMES,Multiple Values,OPEN,FRESHWATER - RIVERS,2021-06-24T09:37:00,ENVIRONMENTAL MONITORING STATUTORY (EU DIRECTIVES),RIVER / RUNNING SURFACE WATER,0061,pH,7.81,PH UNITS
https://environment.data.gov.uk/water-quality/sampling-point/TH-PRTS0001/sample/1359628/observation/0076,TH-PRTS0001,THAMES - DOWNSTREAM OF CS1 INTAKE,-0.5846,51.4711,Thames,THAMES - WEST THAMES,Multiple Values,OPEN,FRESHWATER - RIVERS,2021-06-24T09:37:00,ENVIRONMENTAL MONITORING STATUTORY (EU DIRECTIVES),RIVER / RUNNING SURFACE WATER,0076,Temperature of Water,16.4,CELSIUS
https://environment.data.gov.uk/water-quality/sampling-point/TH-PRTS0001/sample/1359628/observation/0111,TH-PRTS0001,THAMES - DOWNSTREAM OF CS1 INTAKE,-0.5846,51.4711,Thames,THAMES - WEST THAMES,Multiple Values,OPEN,FRESHWATER - RIVERS,2021-06-24T09:37:00,ENVIRONMENTAL MONITORING STATUTORY (EU DIRECTIVES),RIVER / RUNNING SURFACE WATER,0111,Ammoniacal Nitrogen as N,<0.5,MILLIGRAM PER LITRE
https://environment.data.gov.uk/water-quality/sampling-point/TH-PRTS0001/sample/1359628/observation/0119,TH-PRTS0001,THAMES - DOWNSTREAM OF CS1 INTAKE,-0.5846,51.4711,Thames,THAMES - WEST THAMES,Multiple Values,OPEN,FRESHWATER - RIVERS,2021-06-24T09:37:00,ENVIRONMENTAL MONITORING STATUTORY (EU DIRECTIVES),RIVER / RUNNING SURFACE WATER,0119,Ammonia un-ionised as N,<0.00948,MILLIGRAM PER LITRE
https://environment.data.gov.uk/water-quality/sampling-point/TH-PRTS0001/sample/1359628/observation/0135,TH-PRTS0001,THAMES - DOWNSTREAM OF CS1 INTAKE,-0.5846,51.4711,Thames,THAMES - WEST THAMES,Multiple Values,OPEN,FRESHWATER - RIVERS,2021-06-24T09:37:00,ENVIRONMENTAL MONITORING STATUTORY (EU DIRECTIVES),RIVER / RUNNING SURFACE WATER,0135,"Solids, Suspended at 105 C",8.1,MILLIGRAM PER LITRE
https://environment.data.gov.uk/water-quality/sampling-point/TH-PRTS0001/sample/1359628/observation/0180,TH-PRTS0001,THAMES - DOWNSTREAM OF CS1 INTAKE,-0.5846,51.4711,Thames,THAMES - WEST THAMES,Multiple Values,OPEN,FRESHWATER - RIVERS,2021-06-24T09:37:00,ENVIRONMENTAL MONITORING STATUTORY (EU DIRECTIVES),RIVER / RUNNING SURFACE WATER,0180,"Orthophosphate, reactive as P",0.21,MILLIGRAM PER LITRE
https://environment.data.gov.uk/water-quality/sampling-point/TH-PRTS0001/sample/1359628/observation/7608,TH-PRTS0001,THAMES - DOWNSTREAM OF CS1 INTAKE,-0.5846,51.4711,Thames,THAMES - WEST THAMES,Multiple Values,OPEN,FRESHWATER - RIVERS,2021-06-24T09:37:00,ENVIRONMENTAL MONITORING STATUTORY (EU DIRECTIVES),RIVER / RUNNING SURFACE WATER,7608,Salinity : In Situ,0.29,Parts per thousand
https://environment.data.gov.uk/water-quality/sampling-point/TH-PRTS0001/sample/1359628/observation/9274,TH-PRTS0001,THAMES - DOWNSTREAM OF CS1 INTAKE,-0.5846,51.4711,Thames,THAMES - WEST THAMES,Multiple Values,OPEN,FRESHWATER - RIVERS,2021-06-24T09:37:00,ENVIRONMENTAL MONITORING STATUTORY (EU DIRECTIVES),RIVER / RUNNING SURFACE WATER,9274,Perfluorooctanoate anion,0.0041,MICROGRAM PER LITRE
https://environment.data.gov.uk/water-quality/sampling-point/TH-PRTS0001/sample/1359628/observation/9276,TH-PRTS0001,THAMES - DOWNSTREAM OF CS1 INTAKE,-0.5846,51.4711,Thames,THAMES - WEST THAMES,Multiple Values,OPEN,FRESHWATER - RIVERS,2021-06-24T09:37:00,ENVIRONMENTAL MONITORING STATUTORY (EU DIRECTIVES),RIVER / RUNNING SURFACE WATER,9276,Perfluorooctylsulphonate anion,0.0064,MICROGRAM PER LITRE
https://environment.data.gov.uk/water-quality/sampling-point/TH-PRTS0001/sample/1359628/observation/9901,TH-PRTS0001,THAMES - DOWNSTREAM OF CS1 INTAKE,-0.5846,51.4711,Thames,THAMES - WEST THAMES,Multiple Values,OPEN,FRESHWATER - RIVERS,2021-06-24T09:37:00,ENVIRONMENTAL MONITORING STATUTORY (EU DIRECTIVES),RIVER / RUNNING SURFACE WATER,9901,"Oxygen, Dissolved, % Saturation",91.6,PERCENTAGE
https://environment.data.gov.uk/water-quality/sampling-point/TH-PRTS0001/sample/1359628/observation/9924,TH-PRTS0001,THAMES - DOWNSTREAM OF CS1 INTAKE,-0.5846,51.4711,Thames,THAMES - WEST THAMES,Multiple Values,OPEN,FRESHWATER - RIVERS,2021-06-24T09:37:00,ENVIRONMENTAL MONITORING STATUTORY (EU DIRECTIVES),RIVER / RUNNING SURFACE WATER,9924,"Oxygen, Dissolved as O2",8.93,MILLIGRAM PER LITRE
https://environment.data.gov.uk/water-quality/sampling-point/TH-PRTS0001/sample/1360342/observation/0061,TH-PRTS0001,THAMES - DOWNSTREAM OF CS1 INTAKE,-0.5846,51.4711,Thames,THAMES - WEST THAMES,Multiple Values,OPEN,FRESHWATER - RIVERS,2021-07-20T10:11:00,ENVIRONMENTAL MONITORING STATUTORY (EU DIRECTIVES),RIVER / RUNNING SURFACE WATER,0061,pH,8.09,PH UNITS
https://environment.data.gov.uk/water-quality/sampling-point/TH-PRTS0001/sample/1360342/observation/0076,TH-PRTS0001,THAMES - DOWNSTREAM OF CS1 INTAKE,-0.5846,51.4711,Thames,THAMES - WEST THAMES,Multiple Values,OPEN,FRESHWATER - RIVERS,2021-07-20T10:11:00,ENVIRONMENTAL MONITORING STATUTORY (EU DIRECTIVES),RIVER / RUNNING SURFACE WATER,0076,Temperature of Water,22.1,CELSIUS
https://environment.data.gov.uk/water-quality/sampling-point/TH-PRTS0001/sample/1360342/observation/0111,TH-PRTS0001,THAMES - DOWNSTREAM OF CS1 INTAKE,-0.5846,51.4711,Thames,THAMES - WEST THAMES,Multiple Values,OPEN,FRESHWATER - RIVERS,2021-07-20T10:11:00,ENVIRONMENTAL MONITORING STATUTORY (EU DIRECTIVES),RIVER / RUNNING SURFACE WATER,0111,Ammoniacal Nitrogen as N,<0.03,MILLIGRAM PER LITRE
https://environment.data.gov.uk/water-quality/sampling-point/TH-PRTS0001/sample/1360342/observation/0119,TH-PRTS0001,THAMES - DOWNSTREAM OF CS1 INTAKE,-0.5846,51.4711,Thames,THAMES - WEST THAMES,Multiple Values,OPEN,FRESHWATER - RIVERS,2021-07-20T10:11:00,ENVIRONMENTAL MONITORING STATUTORY (EU DIRECTIVES),RIVER / RUNNING SURFACE WATER,0119,Ammonia un-ionised as N,<0.00131,MILLIGRAM PER LITRE
https://environment.data.gov.uk/water-quality/sampling-point/TH-PRTS0001/sample/1360342/observation/0135,TH-PRTS0001,THAMES - DOWNSTREAM OF CS1 INTAKE,-0.5846,51.4711,Thames,THAMES - WEST THAMES,Multiple Values,OPEN,FRESHWATER - RIVERS,2021-07-20T10:11:00,ENVIRONMENTAL MONITORING STATUTORY (EU DIRECTIVES),RIVER / RUNNING SURFACE WATER,0135,"Solids, Suspended at 105 C",5.9,MILLIGRAM PER LITRE
https://environment.data.gov.uk/water-quality/sampling-point/TH-PRTS0001/sample/1360342/observation/0180,TH-PRTS0001,THAMES - DOWNSTREAM OF CS1 INTAKE,-0.5846,51.4711,Thames,THAMES - WEST THAMES,Multiple Values,OPEN,FRESHWATER - RIVERS,2021-07-20T10:11:00,ENVIRONMENTAL MONITORING STATUTORY (EU DIRECTIVES),RIVER / RUNNING SURFACE WATER,0180,"Orthophosphate, reactive as P",0.16,MILLIGRAM PER LITRE
https://environment.data.gov.uk/water-quality/sampling-point/TH-PRTS0001/sample/1360342/observation/2958,TH-PRTS0001,THAMES - DOWNSTREAM OF CS1 INTAKE,-0.5846,51.4711,Thames,THAMES - WEST THAMES,Multiple Values,OPEN,FRESHWATER - RIVERS,2021-07-20T10:11:00,ENVIRONMENTAL MONITORING STATUTORY (EU DIRECTIVES),RIVER / RUNNING SURFACE WATER,2958,Perfluorooctanesulfonic acid (total),0.0073,MICROGRAM PER LITRE
https://environment.data.gov.uk/water-quality/sampling-point/TH-PRTS0001/sample/1360342/observation/2959,TH-PRTS0001,THAMES - DOWNSTREAM OF CS1 INTAKE,-0.5846,51.4711,Thames,THAMES - WEST THAMES,Multiple Values,OPEN,FRESHWATER - RIVERS,2021-07-20T10:11:00,ENVIRONMENTAL MONITORING STATUTORY (EU DIRECTIVES),RIVER / RUNNING SURFACE WATER,2959,Perfluorooctanesulfonic acid (linear),0.0042,MICROGRAM PER LITRE
https://environment.data.gov.uk/water-quality/sampling-point/TH-PRTS0001/sample/1360342/observation/2960,TH-PRTS0001,THAMES - DOWNSTREAM OF CS1 INTAKE,-0.5846,51.4711,Thames,THAMES - WEST THAMES,Multiple Values,OPEN,FRESHWATER - RIVERS,2021-07-20T10:11:00,ENVIRONMENTAL MONITORING STATUTORY (EU DIRECTIVES),RIVER / RUNNING SURFACE WATER,2960,Perfluorooctanesulfonic acid (branched),0.0032,MICROGRAM PER LITRE
https://environment.data.gov.uk/water-quality/sampling-point/TH-PRTS0001/sample/1360342/observation/7608,TH-PRTS0001,THAMES - DOWNSTREAM OF CS1 INTAKE,-0.5846,51.4711,Thames,THAMES - WEST THAMES,Multiple Values,OPEN,FRESHWATER - RIVERS,2021-07-20T10:11:00,ENVIRONMENTAL MONITORING STATUTORY (EU DIRECTIVES),RIVER / RUNNING SURFACE WATER,7608,Salinity : In Situ,0.33,Parts per thousand
https://environment.data.gov.uk/water-quality/sampling-point/TH-PRTS0001/sample/1360342/observation/9274,TH-PRTS0001,THAMES - DOWNSTREAM OF CS1 INTAKE,-0.5846,51.4711,Thames,THAMES - WEST THAMES,Multiple Values,OPEN,FRESHWATER - RIVERS,2021-07-20T10:11:00,ENVIRONMENTAL MONITORING STATUTORY (EU DIRECTIVES),RIVER / RUNNING SURFACE WATER,9274,Perfluorooctanoate anion,0.0036,MICROGRAM PER LITRE
https://environment.data.gov.uk/water-quality/sampling-point/TH-PRTS0001/sample/1360342/observation/9901,TH-PRTS0001,THAMES - DOWNSTREAM OF CS1 INTAKE,-0.5846,51.4711,Thames,THAMES - WEST THAMES,Multiple Values,OPEN,FRESHWATER - RIVERS,2021-07-20T10:11:00,ENVIRONMENTAL MONITORING STATUTORY (EU DIRECTIVES),RIVER / RUNNING SURFACE WATER,9901,"Oxygen, Dissolved, % Saturation",99.3,PERCENTAGE
https://environment.data.gov.uk/water-quality/sampling-point/TH-PRTS0001/sample/1360342/observation/9924,TH-PRTS0001,THAMES - DOWNSTREAM OF CS1 INTAKE,-0.5846,51.4711,Thames,THAMES - WEST THAMES,Multiple Values,OPEN,FRESHWATER - RIVERS,2021-07-20T10:11:00,ENVIRONMENTAL MONITORING STATUTORY (EU DIRECTIVES),RIVER / RUNNING SURFACE WATER,9924,"Oxygen, Dissolved as O2",8.63,MILLIGRAM PER LITRE
https://environment.data.gov.uk/water-quality/sampling-point/TH-PRTS0001/sample/1362251/observation/0061,TH-PRTS0001,THAMES - DOWNSTREAM OF CS1 INTAKE,-0.5846,51.4711,Thames,THAMES - WEST THAMES,Multiple Values,OPEN,FRESHWATER - RIVERS,2021-08-26T09:49:00,ENVIRONMENTAL MONITORING STATUTORY (EU DIRECTIVES),RIVER / RUNNING SURFACE WATER,0061,pH,8.2,PH UNITS
https://environment.data.gov.uk/water-quality/sampling-point/TH-PRTS0001/sample/1362251/observation/0076,TH-PRTS0001,THAMES - DOWNSTREAM OF CS1 INTAKE,-0.5846,51.4711,Thames,THAMES - WEST THAMES,Multiple Values,OPEN,FRESHWATER - RIVERS,2021-08-26T09:49:00,ENVIRONMENTAL MONITORING STATUTORY (EU DIRECTIVES),RIVER / RUNNING SURFACE WATER,0076,Temperature of Water,18.5,CELSIUS
https://environment.data.gov.uk/water-quality/sampling-point/TH-PRTS0001/sample/1362251/observation/0111,TH-PRTS0001,THAMES - DOWNSTREAM OF CS1 INTAKE,-0.5846,51.4711,Thames,THAMES - WEST THAMES,Multiple Values,OPEN,FRESHWATER - RIVERS,2021-08-26T09:49:00,ENVIRONMENTAL MONITORING STATUTORY (EU DIRECTIVES),RIVER / RUNNING SURFACE WATER,0111,Ammoniacal Nitrogen as N,<0.03,MILLIGRAM PER LITRE
https://environment.data.gov.uk/water-quality/sampling-point/TH-PRTS0001/sample/1362251/observation/0119,TH-PRTS0001,THAMES - DOWNSTREAM OF CS1 INTAKE,-0.5846,51.4711,Thames,THAMES - WEST THAMES,Multiple Values,OPEN,FRESHWATER - RIVERS,2021-08-26T09:49:00,ENVIRONMENTAL MONITORING STATUTORY (EU DIRECTIVES),RIVER / RUNNING SURFACE WATER,0119,Ammonia un-ionised as N,<0.00102,MILLIGRAM PER LITRE
https://environment.data.gov.uk/water-quality/sampling-point/TH-PRTS0001/sample/1362251/observation/0135,TH-PRTS0001,THAMES - DOWNSTREAM OF CS1 INTAKE,-0.5846,51.4711,Thames,THAMES - WEST THAMES,Multiple Values,OPEN,FRESHWATER - RIVERS,2021-08-26T09:49:00,ENVIRONMENTAL MONITORING STATUTORY (EU DIRECTIVES),RIVER / RUNNING SURFACE WATER,0135,"Solids, Suspended at 105 C",7.2,MILLIGRAM PER LITRE
https://environment.data.gov.uk/water-quality/sampling-point/TH-PRTS0001/sample/1362251/observation/0180,TH-PRTS0001,THAMES - DOWNSTREAM OF CS1 INTAKE,-0.5846,51.4711,Thames,THAMES - WEST THAMES,Multiple Values,OPEN,FRESHWATER - RIVERS,2021-08-26T09:49:00,ENVIRONMENTAL MONITORING STATUTORY (EU DIRECTIVES),RIVER / RUNNING SURFACE WATER,0180,"Orthophosphate, reactive as P",0.18,MILLIGRAM PER LITRE
https://environment.data.gov.uk/water-quality/sampling-point/TH-PRTS0001/sample/1362251/observation/2958,TH-PRTS0001,THAMES - DOWNSTREAM OF CS1 INTAKE,-0.5846,51.4711,Thames,THAMES - WEST THAMES,Multiple Values,OPEN,FRESHWATER - RIVERS,2021-08-26T09:49:00,ENVIRONMENTAL MONITORING STATUTORY (EU DIRECTIVES),RIVER / RUNNING SURFACE WATER,2958,Perfluorooctanesulfonic acid (total),0.0077,MICROGRAM PER LITRE
https://environment.data.gov.uk/water-quality/sampling-point/TH-PRTS0001/sample/1362251/observation/2959,TH-PRTS0001,THAMES - DOWNSTREAM OF CS1 INTAKE,-0.5846,51.4711,Thames,THAMES - WEST THAMES,Multiple Values,OPEN,FRESHWATER - RIVERS,2021-08-26T09:49:00,ENVIRONMENTAL MONITORING STATUTORY (EU DIRECTIVES),RIVER / RUNNING SURFACE WATER,2959,Perfluorooctanesulfonic acid (linear),0.0041,MICROGRAM PER LITRE
https://environment.data.gov.uk/water-quality/sampling-point/TH-PRTS0001/sample/1362251/observation/2960,TH-PRTS0001,THAMES - DOWNSTREAM OF CS1 INTAKE,-0.5846,51.4711,Thames,THAMES - WEST THAMES,Multiple Values,OPEN,FRESHWATER - RIVERS,2021-08-26T09:49:00,ENVIRONMENTAL MONITORING STATUTORY (EU DIRECTIVES),RIVER / RUNNING SURFACE WATER,2960,Perfluorooctanesulfonic acid (branched),0.0037,MICROGRAM PER LITRE
https://environment.data.gov.uk/water-quality/sampling-point/TH-PRTS0001/sample/1362251/observation/7608,TH-PRTS0001,THAMES - DOWNSTREAM OF CS1 INTAKE,-0.5846,51.4711,Thames,THAMES - WEST THAMES,Multiple Values,OPEN,FRESHWATER - RIVERS,2021-08-26T09:49:00,ENVIRONMENTAL MONITORING STATUTORY (EU DIRECTIVES),RIVER / RUNNING SURFACE WATER,7608,Salinity : In Situ,0.34,Parts per thousand
https://environment.data.gov.uk/water-quality/sampling-point/TH-PRTS0001/sample/1362251/observation/9274,TH-PRTS0001,THAMES - DOWNSTREAM OF CS1 INTAKE,-0.5846,51.4711,Thames,THAMES - WEST THAMES,Multiple Values,OPEN,FRESHWATER - RIVERS,2021-08-26T09:49:00,ENVIRONMENTAL MONITORING STATUTORY (EU DIRECTIVES),RIVER / RUNNING SURFACE WATER,9274,Perfluorooctanoate anion,0.0032,MICROGRAM PER LITRE
https://environment.data.gov.uk/water-quality/sampling-point/TH-PRTS0001/sample/1362251/observation/9276,TH-PRTS0001,THAMES - DOWNSTREAM OF CS1 INTAKE,-0.5846,51.4711,Thames,THAMES - WEST THAMES,Multiple Values,OPEN,FRESHWATER - RIVERS,2021-08-26T09:49:00,ENVIRONMENTAL MONITORING STATUTORY (EU DIRECTIVES),RIVER / RUNNING SURFACE WATER,9276,Perfluorooctylsulphonate anion,0.0057,MICROGRAM PER LITRE
https://environment.data.gov.uk/water-quality/sampling-point/TH-PRTS0001/sample/1362251/observation/9901,TH-PRTS0001,THAMES - DOWNSTREAM OF CS1 INTAKE,-0.5846,51.4711,Thames,THAMES - WEST THAMES,Multiple Values,OPEN,FRESHWATER - RIVERS,2021-08-26T09:49:00,ENVIRONMENTAL MONITORING STATUTORY (EU DIRECTIVES),RIVER / RUNNING SURFACE WATER,9901,"Oxygen, Dissolved, % Saturation",87.4,PERCENTAGE
https://environment.data.gov.uk/water-quality/sampling-point/TH-PRTS0001/sample/1362251/observation/9924,TH-PRTS0001,THAMES - DOWNSTREAM OF CS1 INTAKE,-0.5846,51.4711,Thames,THAMES - WEST THAMES,Multiple Values,OPEN,FRESHWATER - RIVERS,2021-08-26T09:49:00,ENVIRONMENTAL MONITORING STATUTORY (EU DIRECTIVES),RIVER / RUNNING SURFACE WATER,9924,"Oxygen, Dissolved as O2",8.15,MILLIGRAM PER LITRE
https://environment.data.gov.uk/water-quality/sampling-point/TH-PRTS0001/sample/1366076/observation/0061,TH-PRTS0001,THAMES - DOWNSTREAM OF CS1 INTAKE,-0.5846,51.4711,Thames,THAMES - WEST THAMES,Multiple Values,OPEN,FRESHWATER - RIVERS,2021-09-24T10:31:00,ENVIRONMENTAL MONITORING STATUTORY (EU DIRECTIVES),RIVER / RUNNING SURFACE WATER,0061,pH,8.1,PH UNITS
https://environment.data.gov.uk/water-quality/sampling-point/TH-PRTS0001/sample/1366076/observation/0076,TH-PRTS0001,THAMES - DOWNSTREAM OF CS1 INTAKE,-0.5846,51.4711,Thames,THAMES - WEST THAMES,Multiple Values,OPEN,FRESHWATER - RIVERS,2021-09-24T10:31:00,ENVIRONMENTAL MONITORING STATUTORY (EU DIRECTIVES),RIVER / RUNNING SURFACE WATER,0076,Temperature of Water,16.6,CELSIUS
https://environment.data.gov.uk/water-quality/sampling-point/TH-PRTS0001/sample/1366076/observation/0111,TH-PRTS0001,THAMES - DOWNSTREAM OF CS1 INTAKE,-0.5846,51.4711,Thames,THAMES - WEST THAMES,Multiple Values,OPEN,FRESHWATER - RIVERS,2021-09-24T10:31:00,ENVIRONMENTAL MONITORING STATUTORY (EU DIRECTIVES),RIVER / RUNNING SURFACE WATER,0111,Ammoniacal Nitrogen as N,<0.03,MILLIGRAM PER LITRE
https://environment.data.gov.uk/water-quality/sampling-point/TH-PRTS0001/sample/1366076/observation/0119,TH-PRTS0001,THAMES - DOWNSTREAM OF CS1 INTAKE,-0.5846,51.4711,Thames,THAMES - WEST THAMES,Multiple Values,OPEN,FRESHWATER - RIVERS,2021-09-24T10:31:00,ENVIRONMENTAL MONITORING STATUTORY (EU DIRECTIVES),RIVER / RUNNING SURFACE WATER,0119,Ammonia un-ionised as N,<0.00089,MILLIGRAM PER LITRE
https://environment.data.gov.uk/water-quality/sampling-point/TH-PRTS0001/sample/1366076/observation/0135,TH-PRTS0001,THAMES - DOWNSTREAM OF CS1 INTAKE,-0.5846,51.4711,Thames,THAMES - WEST THAMES,Multiple Values,OPEN,FRESHWATER - RIVERS,2021-09-24T10:31:00,ENVIRONMENTAL MONITORING STATUTORY (EU DIRECTIVES),RIVER / RUNNING SURFACE WATER,0135,"Solids, Suspended at 105 C",<3,MILLIGRAM PER LITRE
https://environment.data.gov.uk/water-quality/sampling-point/TH-PRTS0001/sample/1366076/observation/0180,TH-PRTS0001,THAMES - DOWNSTREAM OF CS1 INTAKE,-0.5846,51.4711,Thames,THAMES - WEST THAMES,Multiple Values,OPEN,FRESHWATER - RIVERS,2021-09-24T10:31:00,ENVIRONMENTAL MONITORING STATUTORY (EU DIRECTIVES),RIVER / RUNNING SURFACE WATER,0180,"Orthophosphate, reactive as P",0.22,MILLIGRAM PER LITRE
https://environment.data.gov.uk/water-quality/sampling-point/TH-PRTS0001/sample/1366076/observation/2958,TH-PRTS0001,THAMES - DOWNSTREAM OF CS1 INTAKE,-0.5846,51.4711,Thames,THAMES - WEST THAMES,Multiple Values,OPEN,FRESHWATER - RIVERS,2021-09-24T10:31:00,ENVIRONMENTAL MONITORING STATUTORY (EU DIRECTIVES),RIVER / RUNNING SURFACE WATER,2958,Perfluorooctanesulfonic acid (total),0.0058,MICROGRAM PER LITRE
https://environment.data.gov.uk/water-quality/sampling-point/TH-PRTS0001/sample/1366076/observation/2959,TH-PRTS0001,THAMES - DOWNSTREAM OF CS1 INTAKE,-0.5846,51.4711,Thames,THAMES - WEST THAMES,Multiple Values,OPEN,FRESHWATER - RIVERS,2021-09-24T10:31:00,ENVIRONMENTAL MONITORING STATUTORY (EU DIRECTIVES),RIVER / RUNNING SURFACE WATER,2959,Perfluorooctanesulfonic acid (linear),0.0031,MICROGRAM PER LITRE
https://environment.data.gov.uk/water-quality/sampling-point/TH-PRTS0001/sample/1366076/observation/2960,TH-PRTS0001,THAMES - DOWNSTREAM OF CS1 INTAKE,-0.5846,51.4711,Thames,THAMES - WEST THAMES,Multiple Values,OPEN,FRESHWATER - RIVERS,2021-09-24T10:31:00,ENVIRONMENTAL MONITORING STATUTORY (EU DIRECTIVES),RIVER / RUNNING SURFACE WATER,2960,Perfluorooctanesulfonic acid (branched),0.0027,MICROGRAM PER LITRE
https://environment.data.gov.uk/water-quality/sampling-point/TH-PRTS0001/sample/1366076/observation/7608,TH-PRTS0001,THAMES - DOWNSTREAM OF CS1 INTAKE,-0.5846,51.4711,Thames,THAMES - WEST THAMES,Multiple Values,OPEN,FRESHWATER - RIVERS,2021-09-24T10:31:00,ENVIRONMENTAL MONITORING STATUTORY (EU DIRECTIVES),RIVER / RUNNING SURFACE WATER,7608,Salinity : In Situ,0.36,Parts per thousand
https://environment.data.gov.uk/water-quality/sampling-point/TH-PRTS0001/sample/1366076/observation/9274,TH-PRTS0001,THAMES - DOWNSTREAM OF CS1 INTAKE,-0.5846,51.4711,Thames,THAMES - WEST THAMES,Multiple Values,OPEN,FRESHWATER - RIVERS,2021-09-24T10:31:00,ENVIRONMENTAL MONITORING STATUTORY (EU DIRECTIVES),RIVER / RUNNING SURFACE WATER,9274,Perfluorooctanoate anion,0.0031,MICROGRAM PER LITRE
https://environment.data.gov.uk/water-quality/sampling-point/TH-PRTS0001/sample/1366076/observation/9901,TH-PRTS0001,THAMES - DOWNSTREAM OF CS1 INTAKE,-0.5846,51.4711,Thames,THAMES - WEST THAMES,Multiple Values,OPEN,FRESHWATER - RIVERS,2021-09-24T10:31:00,ENVIRONMENTAL MONITORING STATUTORY (EU DIRECTIVES),RIVER / RUNNING SURFACE WATER,9901,"Oxygen, Dissolved, % Saturation",80.4,PERCENTAGE
https://environment.data.gov.uk/water-quality/sampling-point/TH-PRTS0001/sample/1366076/observation/9924,TH-PRTS0001,THAMES - DOWNSTREAM OF CS1 INTAKE,-0.5846,51.4711,Thames,THAMES - WEST THAMES,Multiple Values,OPEN,FRESHWATER - RIVERS,2021-09-24T10:31:00,ENVIRONMENTAL MONITORING STATUTORY (EU DIRECTIVES),RIVER / RUNNING SURFACE WATER,9924,"Oxygen, Dissolved as O2",7.8,MILLIGRAM PER LITRE
https://environment.data.gov.uk/water-quality/sampling-point/TH-PRTS0001/sample/1367956/observation/0061,TH-PRTS0001,THAMES - DOWNSTREAM OF CS1 INTAKE,-0.5846,51.4711,Thames,THAMES - WEST THAMES,Multiple Values,OPEN,FRESHWATER - RIVERS,2021-10-26T10:32:00,ENVIRONMENTAL MONITORING STATUTORY (EU DIRECTIVES),RIVER / RUNNING SURFACE WATER,0061,pH,7.97,PH UNITS
https://environment.data.gov.uk/water-quality/sampling-point/TH-PRTS0001/sample/1367956/observation/0076,TH-PRTS0001,THAMES - DOWNSTREAM OF CS1 INTAKE,-0.5846,51.4711,Thames,THAMES - WEST THAMES,Multiple Values,OPEN,FRESHWATER - RIVERS,2021-10-26T10:32:00,ENVIRONMENTAL MONITORING STATUTORY (EU DIRECTIVES),RIVER / RUNNING SURFACE WATER,0076,Temperature of Water,12.1,CELSIUS
https://environment.data.gov.uk/water-quality/sampling-point/TH-PRTS0001/sample/1367956/observation/0111,TH-PRTS0001,THAMES - DOWNSTREAM OF CS1 INTAKE,-0.5846,51.4711,Thames,THAMES - WEST THAMES,Multiple Values,OPEN,FRESHWATER - RIVERS,2021-10-26T10:32:00,ENVIRONMENTAL MONITORING STATUTORY (EU DIRECTIVES),RIVER / RUNNING SURFACE WATER,0111,Ammoniacal Nitrogen as N,0.042,MILLIGRAM PER LITRE
https://environment.data.gov.uk/water-quality/sampling-point/TH-PRTS0001/sample/1367956/observation/0119,TH-PRTS0001,THAMES - DOWNSTREAM OF CS1 INTAKE,-0.5846,51.4711,Thames,THAMES - WEST THAMES,Multiple Values,OPEN,FRESHWATER - RIVERS,2021-10-26T10:32:00,ENVIRONMENTAL MONITORING STATUTORY (EU DIRECTIVES),RIVER / RUNNING SURFACE WATER,0119,Ammonia un-ionised as N,0.00083,MILLIGRAM PER LITRE
https://environment.data.gov.uk/water-quality/sampling-point/TH-PRTS0001/sample/1367956/observation/0135,TH-PRTS0001,THAMES - DOWNSTREAM OF CS1 INTAKE,-0.5846,51.4711,Thames,THAMES - WEST THAMES,Multiple Values,OPEN,FRESHWATER - RIVERS,2021-10-26T10:32:00,ENVIRONMENTAL MONITORING STATUTORY (EU DIRECTIVES),RIVER / RUNNING SURFACE WATER,0135,"Solids, Suspended at 105 C",10,MILLIGRAM PER LITRE
https://environment.data.gov.uk/water-quality/sampling-point/TH-PRTS0001/sample/1367956/observation/0180,TH-PRTS0001,THAMES - DOWNSTREAM OF CS1 INTAKE,-0.5846,51.4711,Thames,THAMES - WEST THAMES,Multiple Values,OPEN,FRESHWATER - RIVERS,2021-10-26T10:32:00,ENVIRONMENTAL MONITORING STATUTORY (EU DIRECTIVES),RIVER / RUNNING SURFACE WATER,0180,"Orthophosphate, reactive as P",0.23,MILLIGRAM PER LITRE
https://environment.data.gov.uk/water-quality/sampling-point/TH-PRTS0001/sample/1367956/observation/7608,TH-PRTS0001,THAMES - DOWNSTREAM OF CS1 INTAKE,-0.5846,51.4711,Thames,THAMES - WEST THAMES,Multiple Values,OPEN,FRESHWATER - RIVERS,2021-10-26T10:32:00,ENVIRONMENTAL MONITORING STATUTORY (EU DIRECTIVES),RIVER / RUNNING SURFACE WATER,7608,Salinity : In Situ,0.31,Parts per thousand
https://environment.data.gov.uk/water-quality/sampling-point/TH-PRTS0001/sample/1367956/observation/9274,TH-PRTS0001,THAMES - DOWNSTREAM OF CS1 INTAKE,-0.5846,51.4711,Thames,THAMES - WEST THAMES,Multiple Values,OPEN,FRESHWATER - RIVERS,2021-10-26T10:32:00,ENVIRONMENTAL MONITORING STATUTORY (EU DIRECTIVES),RIVER / RUNNING SURFACE WATER,9274,Perfluorooctanoate anion,0.0031,MICROGRAM PER LITRE
https://environment.data.gov.uk/water-quality/sampling-point/TH-PRTS0001/sample/1367956/observation/9901,TH-PRTS0001,THAMES - DOWNSTREAM OF CS1 INTAKE,-0.5846,51.4711,Thames,THAMES - WEST THAMES,Multiple Values,OPEN,FRESHWATER - RIVERS,2021-10-26T10:32:00,ENVIRONMENTAL MONITORING STATUTORY (EU DIRECTIVES),RIVER / RUNNING SURFACE WATER,9901,"Oxygen, Dissolved, % Saturation",95.3,PERCENTAGE
https://environment.data.gov.uk/water-quality/sampling-point/TH-PRTS0001/sample/1367956/observation/9924,TH-PRTS0001,THAMES - DOWNSTREAM OF CS1 INTAKE,-0.5846,51.4711,Thames,THAMES - WEST THAMES,Multiple Values,OPEN,FRESHWATER - RIVERS,2021-10-26T10:32:00,ENVIRONMENTAL MONITORING STATUTORY (EU DIRECTIVES),RIVER / RUNNING SURFACE WATER,9924,"Oxygen, Dissolved as O2",10.2,MILLIGRAM PER LITRE
https://environment.data.gov.uk/water-quality/sampling-point/TH-PRTS0001/sample/1368958/observation/0061,TH-PRTS0001,THAMES - DOWNSTREAM OF CS1 INTAKE,-0.5846,51.4711,Thames,THAMES - WEST THAMES,Multiple Values,OPEN,FRESHWATER - RIVERS,2021-11-23T10:00:00,ENVIRONMENTAL MONITORING STATUTORY (EU DIRECTIVES),RIVER / RUNNING SURFACE WATER,0061,pH,8.27,PH UNITS
https://environment.data.gov.uk/water-quality/sampling-point/TH-PRTS0001/sample/1368958/observation/0076,TH-PRTS0001,THAMES - DOWNSTREAM OF CS1 INTAKE,-0.5846,51.4711,Thames,THAMES - WEST THAMES,Multiple Values,OPEN,FRESHWATER - RIVERS,2021-11-23T10:00:00,ENVIRONMENTAL MONITORING STATUTORY (EU DIRECTIVES),RIVER / RUNNING SURFACE WATER,0076,Temperature of Water,6.9,CELSIUS
https://environment.data.gov.uk/water-quality/sampling-point/TH-PRTS0001/sample/1368958/observation/0111,TH-PRTS0001,THAMES - DOWNSTREAM OF CS1 INTAKE,-0.5846,51.4711,Thames,THAMES - WEST THAMES,Multiple Values,OPEN,FRESHWATER - RIVERS,2021-11-23T10:00:00,ENVIRONMENTAL MONITORING STATUTORY (EU DIRECTIVES),RIVER / RUNNING SURFACE WATER,0111,Ammoniacal Nitrogen as N,0.036,MILLIGRAM PER LITRE
https://environment.data.gov.uk/water-quality/sampling-point/TH-PRTS0001/sample/1368958/observation/0119,TH-PRTS0001,THAMES - DOWNSTREAM OF CS1 INTAKE,-0.5846,51.4711,Thames,THAMES - WEST THAMES,Multiple Values,OPEN,FRESHWATER - RIVERS,2021-11-23T10:00:00,ENVIRONMENTAL MONITORING STATUTORY (EU DIRECTIVES),RIVER / RUNNING SURFACE WATER,0119,Ammonia un-ionised as N,0.00052,MILLIGRAM PER LITRE
https://environment.data.gov.uk/water-quality/sampling-point/TH-PRTS0001/sample/1368958/observation/0135,TH-PRTS0001,THAMES - DOWNSTREAM OF CS1 INTAKE,-0.5846,51.4711,Thames,THAMES - WEST THAMES,Multiple Values,OPEN,FRESHWATER - RIVERS,2021-11-23T10:00:00,ENVIRONMENTAL MONITORING STATUTORY (EU DIRECTIVES),RIVER / RUNNING SURFACE WATER,0135,"Solids, Suspended at 105 C",3.1,MILLIGRAM PER LITRE
https://environment.data.gov.uk/water-quality/sampling-point/TH-PRTS0001/sample/1368958/observation/0180,TH-PRTS0001,THAMES - DOWNSTREAM OF CS1 INTAKE,-0.5846,51.4711,Thames,THAMES - WEST THAMES,Multiple Values,OPEN,FRESHWATER - RIVERS,2021-11-23T10:00:00,ENVIRONMENTAL MONITORING STATUTORY (EU DIRECTIVES),RIVER / RUNNING SURFACE WATER,0180,"Orthophosphate, reactive as P",0.18,MILLIGRAM PER LITRE
https://environment.data.gov.uk/water-quality/sampling-point/TH-PRTS0001/sample/1368958/observation/2958,TH-PRTS0001,THAMES - DOWNSTREAM OF CS1 INTAKE,-0.5846,51.4711,Thames,THAMES - WEST THAMES,Multiple Values,OPEN,FRESHWATER - RIVERS,2021-11-23T10:00:00,ENVIRONMENTAL MONITORING STATUTORY (EU DIRECTIVES),RIVER / RUNNING SURFACE WATER,2958,Perfluorooctanesulfonic acid (total),0.0067,MICROGRAM PER LITRE
https://environment.data.gov.uk/water-quality/sampling-point/TH-PRTS0001/sample/1368958/observation/2959,TH-PRTS0001,THAMES - DOWNSTREAM OF CS1 INTAKE,-0.5846,51.4711,Thames,THAMES - WEST THAMES,Multiple Values,OPEN,FRESHWATER - RIVERS,2021-11-23T10:00:00,ENVIRONMENTAL MONITORING STATUTORY (EU DIRECTIVES),RIVER / RUNNING SURFACE WATER,2959,Perfluorooctanesulfonic acid (linear),0.0033,MICROGRAM PER LITRE
https://environment.data.gov.uk/water-quality/sampling-point/TH-PRTS0001/sample/1368958/observation/2960,TH-PRTS0001,THAMES - DOWNSTREAM OF CS1 INTAKE,-0.5846,51.4711,Thames,THAMES - WEST THAMES,Multiple Values,OPEN,FRESHWATER - RIVERS,2021-11-23T10:00:00,ENVIRONMENTAL MONITORING STATUTORY (EU DIRECTIVES),RIVER / RUNNING SURFACE WATER,2960,Perfluorooctanesulfonic acid (branched),0.0034,MICROGRAM PER LITRE
https://environment.data.gov.uk/water-quality/sampling-point/TH-PRTS0001/sample/1368958/observation/7608,TH-PRTS0001,THAMES - DOWNSTREAM OF CS1 INTAKE,-0.5846,51.4711,Thames,THAMES - WEST THAMES,Multiple Values,OPEN,FRESHWATER - RIVERS,2021-11-23T10:00:00,ENVIRONMENTAL MONITORING STATUTORY (EU DIRECTIVES),RIVER / RUNNING SURFACE WATER,7608,Salinity : In Situ,0.35,Parts per thousand
https://environment.data.gov.uk/water-quality/sampling-point/TH-PRTS0001/sample/1368958/observation/9274,TH-PRTS0001,THAMES - DOWNSTREAM OF CS1 INTAKE,-0.5846,51.4711,Thames,THAMES - WEST THAMES,Multiple Values,OPEN,FRESHWATER - RIVERS,2021-11-23T10:00:00,ENVIRONMENTAL MONITORING STATUTORY (EU DIRECTIVES),RIVER / RUNNING SURFACE WATER,9274,Perfluorooctanoate anion,0.0019,MICROGRAM PER LITRE
https://environment.data.gov.uk/water-quality/sampling-point/TH-PRTS0001/sample/1368958/observation/9901,TH-PRTS0001,THAMES - DOWNSTREAM OF CS1 INTAKE,-0.5846,51.4711,Thames,THAMES - WEST THAMES,Multiple Values,OPEN,FRESHWATER - RIVERS,2021-11-23T10:00:00,ENVIRONMENTAL MONITORING STATUTORY (EU DIRECTIVES),RIVER / RUNNING SURFACE WATER,9901,"Oxygen, Dissolved, % Saturation",95.7,PERCENTAGE
https://environment.data.gov.uk/water-quality/sampling-point/TH-PRTS0001/sample/1368958/observation/9924,TH-PRTS0001,THAMES - DOWNSTREAM OF CS1 INTAKE,-0.5846,51.4711,Thames,THAMES - WEST THAMES,Multiple Values,OPEN,FRESHWATER - RIVERS,2021-11-23T10:00:00,ENVIRONMENTAL MONITORING STATUTORY (EU DIRECTIVES),RIVER / RUNNING SURFACE WATER,9924,"Oxygen, Dissolved as O2",11.6,MILLIGRAM PER LITRE
https://environment.data.gov.uk/water-quality/sampling-point/TH-PRTS0001/sample/1369613/observation/0061,TH-PRTS0001,THAMES - DOWNSTREAM OF CS1 INTAKE,-0.5846,51.4711,Thames,THAMES - WEST THAMES,Multiple Values,OPEN,FRESHWATER - RIVERS,2021-12-14T10:51:00,ENVIRONMENTAL MONITORING STATUTORY (EU DIRECTIVES),RIVER / RUNNING SURFACE WATER,0061,pH,8.06,PH UNITS
https://environment.data.gov.uk/water-quality/sampling-point/TH-PRTS0001/sample/1369613/observation/0076,TH-PRTS0001,THAMES - DOWNSTREAM OF CS1 INTAKE,-0.5846,51.4711,Thames,THAMES - WEST THAMES,Multiple Values,OPEN,FRESHWATER - RIVERS,2021-12-14T10:51:00,ENVIRONMENTAL MONITORING STATUTORY (EU DIRECTIVES),RIVER / RUNNING SURFACE WATER,0076,Temperature of Water,7.1,CELSIUS
https://environment.data.gov.uk/water-quality/sampling-point/TH-PRTS0001/sample/1369613/observation/0111,TH-PRTS0001,THAMES - DOWNSTREAM OF CS1 INTAKE,-0.5846,51.4711,Thames,THAMES - WEST THAMES,Multiple Values,OPEN,FRESHWATER - RIVERS,2021-12-14T10:51:00,ENVIRONMENTAL MONITORING STATUTORY (EU DIRECTIVES),RIVER / RUNNING SURFACE WATER,0111,Ammoniacal Nitrogen as N,0.035,MILLIGRAM PER LITRE
https://environment.data.gov.uk/water-quality/sampling-point/TH-PRTS0001/sample/1369613/observation/0119,TH-PRTS0001,THAMES - DOWNSTREAM OF CS1 INTAKE,-0.5846,51.4711,Thames,THAMES - WEST THAMES,Multiple Values,OPEN,FRESHWATER - RIVERS,2021-12-14T10:51:00,ENVIRONMENTAL MONITORING STATUTORY (EU DIRECTIVES),RIVER / RUNNING SURFACE WATER,0119,Ammonia un-ionised as N,0.00052,MILLIGRAM PER LITRE
https://environment.data.gov.uk/water-quality/sampling-point/TH-PRTS0001/sample/1369613/observation/0135,TH-PRTS0001,THAMES - DOWNSTREAM OF CS1 INTAKE,-0.5846,51.4711,Thames,THAMES - WEST THAMES,Multiple Values,OPEN,FRESHWATER - RIVERS,2021-12-14T10:51:00,ENVIRONMENTAL MONITORING STATUTORY (EU DIRECTIVES),RIVER / RUNNING SURFACE WATER,0135,"Solids, Suspended at 105 C",13,MILLIGRAM PER LITRE
https://environment.data.gov.uk/water-quality/sampling-point/TH-PRTS0001/sample/1369613/observation/0180,TH-PRTS0001,THAMES - DOWNSTREAM OF CS1 INTAKE,-0.5846,51.4711,Thames,THAMES - WEST THAMES,Multiple Values,OPEN,FRESHWATER - RIVERS,2021-12-14T10:51:00,ENVIRONMENTAL MONITORING STATUTORY (EU DIRECTIVES),RIVER / RUNNING SURFACE WATER,0180,"Orthophosphate, reactive as P",0.19,MILLIGRAM PER LITRE
https://environment.data.gov.uk/water-quality/sampling-point/TH-PRTS0001/sample/1369613/observation/2958,TH-PRTS0001,THAMES - DOWNSTREAM OF CS1 INTAKE,-0.5846,51.4711,Thames,THAMES - WEST THAMES,Multiple Values,OPEN,FRESHWATER - RIVERS,2021-12-14T10:51:00,ENVIRONMENTAL MONITORING STATUTORY (EU DIRECTIVES),RIVER / RUNNING SURFACE WATER,2958,Perfluorooctanesulfonic acid (total),0.0067,MICROGRAM PER LITRE
https://environment.data.gov.uk/water-quality/sampling-point/TH-PRTS0001/sample/1369613/observation/2959,TH-PRTS0001,THAMES - DOWNSTREAM OF CS1 INTAKE,-0.5846,51.4711,Thames,THAMES - WEST THAMES,Multiple Values,OPEN,FRESHWATER - RIVERS,2021-12-14T10:51:00,ENVIRONMENTAL MONITORING STATUTORY (EU DIRECTIVES),RIVER / RUNNING SURFACE WATER,2959,Perfluorooctanesulfonic acid (linear),0.0037,MICROGRAM PER LITRE
https://environment.data.gov.uk/water-quality/sampling-point/TH-PRTS0001/sample/1369613/observation/2960,TH-PRTS0001,THAMES - DOWNSTREAM OF CS1 INTAKE,-0.5846,51.4711,Thames,THAMES - WEST THAMES,Multiple Values,OPEN,FRESHWATER - RIVERS,2021-12-14T10:51:00,ENVIRONMENTAL MONITORING STATUTORY (EU DIRECTIVES),RIVER / RUNNING SURFACE WATER,2960,Perfluorooctanesulfonic acid (branched),0.003,MICROGRAM PER LITRE
https://environment.data.gov.uk/water-quality/sampling-point/TH-PRTS0001/sample/1369613/observation/7608,TH-PRTS0001,THAMES - DOWNSTREAM OF CS1 INTAKE,-0.5846,51.4711,Thames,THAMES - WEST THAMES,Multiple Values,OPEN,FRESHWATER - RIVERS,2021-12-14T10:51:00,ENVIRONMENTAL MONITORING STATUTORY (EU DIRECTIVES),RIVER / RUNNING SURFACE WATER,7608,Salinity : In Situ,0.35,Parts per thousand
https://environment.data.gov.uk/water-quality/sampling-point/TH-PRTS0001/sample/1369613/observation/9274,TH-PRTS0001,THAMES - DOWNSTREAM OF CS1 INTAKE,-0.5846,51.4711,Thames,THAMES - WEST THAMES,Multiple Values,OPEN,FRESHWATER - RIVERS,2021-12-14T10:51:00,ENVIRONMENTAL MONITORING STATUTORY (EU DIRECTIVES),RIVER / RUNNING SURFACE WATER,9274,Perfluorooctanoate anion,0.002,MICROGRAM PER LITRE
https://environment.data.gov.uk/water-quality/sampling-point/TH-PRTS0001/sample/1369613/observation/9901,TH-PRTS0001,THAMES - DOWNSTREAM OF CS1 INTAKE,-0.5846,51.4711,Thames,THAMES - WEST THAMES,Multiple Values,OPEN,FRESHWATER - RIVERS,2021-12-14T10:51:00,ENVIRONMENTAL MONITORING STATUTORY (EU DIRECTIVES),RIVER / RUNNING SURFACE WATER,9901,"Oxygen, Dissolved, % Saturation",101.6,PERCENTAGE
https://environment.data.gov.uk/water-quality/sampling-point/TH-PRTS0001/sample/1369613/observation/9924,TH-PRTS0001,THAMES - DOWNSTREAM OF CS1 INTAKE,-0.5846,51.4711,Thames,THAMES - WEST THAMES,Multiple Values,OPEN,FRESHWATER - RIVERS,2021-12-14T10:51:00,ENVIRONMENTAL MONITORING STATUTORY (EU DIRECTIVES),RIVER / RUNNING SURFACE WATER,9924,"Oxygen, Dissolved as O2",12.3,MILLIGRAM PER LITRE
https://environment.data.gov.uk/water-quality/sampling-point/TH-PRTS0002/sample/1355087/observation/0111,TH-PRTS0002,THAMES - UPSTREAM OF CS1 INTAKE,-0.5821,51.4804,Thames,THAMES - WEST THAMES,Multiple Values,OPEN,FRESHWATER - RIVERS,2021-06-08T12:07:00,ENVIRONMENTAL MONITORING STATUTORY (EU DIRECTIVES),RIVER / RUNNING SURFACE WATER,0111,Ammoniacal Nitrogen as N,<0.5,MILLIGRAM PER LITRE
https://environment.data.gov.uk/water-quality/sampling-point/TH-PRTS0002/sample/1355087/observation/2348,TH-PRTS0002,THAMES - UPSTREAM OF CS1 INTAKE,-0.5821,51.4804,Thames,THAMES - WEST THAMES,Multiple Values,OPEN,FRESHWATER - RIVERS,2021-06-08T12:07:00,ENVIRONMENTAL MONITORING STATUTORY (EU DIRECTIVES),RIVER / RUNNING SURFACE WATER,2348,Escherichia coli : Confirmed : MF,230,NUMBER PER HUNDRED MILLILITRES
https://environment.data.gov.uk/water-quality/sampling-point/TH-PRTS0002/sample/1355087/observation/3722,TH-PRTS0002,THAMES - UPSTREAM OF CS1 INTAKE,-0.5821,51.4804,Thames,THAMES - WEST THAMES,Multiple Values,OPEN,FRESHWATER - RIVERS,2021-06-08T12:07:00,ENVIRONMENTAL MONITORING STATUTORY (EU DIRECTIVES),RIVER / RUNNING SURFACE WATER,3722,Enterococci: Intestinal: Presumptive: MF,72,Colony Forming Units / 100ml
https://environment.data.gov.uk/water-quality/sampling-point/TH-PRTS0002/sample/1355087/observation/3723,TH-PRTS0002,THAMES - UPSTREAM OF CS1 INTAKE,-0.5821,51.4804,Thames,THAMES - WEST THAMES,Multiple Values,OPEN,FRESHWATER - RIVERS,2021-06-08T12:07:00,ENVIRONMENTAL MONITORING STATUTORY (EU DIRECTIVES),RIVER / RUNNING SURFACE WATER,3723,Enterococci: Intestinal: Confirmed: MF,72,Colony Forming Units / 100ml
https://environment.data.gov.uk/water-quality/sampling-point/TH-PRTS0002/sample/1359431/observation/0061,TH-PRTS0002,THAMES - UPSTREAM OF CS1 INTAKE,-0.5821,51.4804,Thames,THAMES - WEST THAMES,Multiple Values,OPEN,FRESHWATER - RIVERS,2021-06-17T14:32:00,ENVIRONMENTAL MONITORING STATUTORY (EU DIRECTIVES),RIVER / RUNNING SURFACE WATER,0061,pH,8.13,PH UNITS
https://environment.data.gov.uk/water-quality/sampling-point/TH-PRTS0002/sample/1359431/observation/0062,TH-PRTS0002,THAMES - UPSTREAM OF CS1 INTAKE,-0.5821,51.4804,Thames,THAMES - WEST THAMES,Multiple Values,OPEN,FRESHWATER - RIVERS,2021-06-17T14:32:00,ENVIRONMENTAL MONITORING STATUTORY (EU DIRECTIVES),RIVER / RUNNING SURFACE WATER,0062,Conductivity at 20 C,684,MICROSIEMENS PER CENTIMETRE
https://environment.data.gov.uk/water-quality/sampling-point/TH-PRTS0002/sample/1359431/observation/0076,TH-PRTS0002,THAMES - UPSTREAM OF CS1 INTAKE,-0.5821,51.4804,Thames,THAMES - WEST THAMES,Multiple Values,OPEN,FRESHWATER - RIVERS,2021-06-17T14:32:00,ENVIRONMENTAL MONITORING STATUTORY (EU DIRECTIVES),RIVER / RUNNING SURFACE WATER,0076,Temperature of Water,21.9,CELSIUS
https://environment.data.gov.uk/water-quality/sampling-point/TH-PRTS0002/sample/1359431/observation/0111,TH-PRTS0002,THAMES - UPSTREAM OF CS1 INTAKE,-0.5821,51.4804,Thames,THAMES - WEST THAMES,Multiple Values,OPEN,FRESHWATER - RIVERS,2021-06-17T14:32:00,ENVIRONMENTAL MONITORING STATUTORY (EU DIRECTIVES),RIVER / RUNNING SURFACE WATER,0111,Ammoniacal Nitrogen as N,<0.5,MILLIGRAM PER LITRE
https://environment.data.gov.uk/water-quality/sampling-point/TH-PRTS0002/sample/1359431/observation/0119,TH-PRTS0002,THAMES - UPSTREAM OF CS1 INTAKE,-0.5821,51.4804,Thames,THAMES - WEST THAMES,Multiple Values,OPEN,FRESHWATER - RIVERS,2021-06-17T14:32:00,ENVIRONMENTAL MONITORING STATUTORY (EU DIRECTIVES),RIVER / RUNNING SURFACE WATER,0119,Ammonia un-ionised as N,<0.0216,MILLIGRAM PER LITRE
https://environment.data.gov.uk/water-quality/sampling-point/TH-PRTS0002/sample/1359431/observation/1198,TH-PRTS0002,THAMES - UPSTREAM OF CS1 INTAKE,-0.5821,51.4804,Thames,THAMES - WEST THAMES,Multiple Values,OPEN,FRESHWATER - RIVERS,2021-06-17T14:32:00,ENVIRONMENTAL MONITORING STATUTORY (EU DIRECTIVES),RIVER / RUNNING SURFACE WATER,1198,Salinity,0.33,GRAM PER KILOGRAM
https://environment.data.gov.uk/water-quality/sampling-point/TH-PRTS0002/sample/1359431/observation/2348,TH-PRTS0002,THAMES - UPSTREAM OF CS1 INTAKE,-0.5821,51.4804,Thames,THAMES - WEST THAMES,Multiple Values,OPEN,FRESHWATER - RIVERS,2021-06-17T14:32:00,ENVIRONMENTAL MONITORING STATUTORY (EU DIRECTIVES),RIVER / RUNNING SURFACE WATER,2348,Escherichia coli : Confirmed : MF,1500,NUMBER PER HUNDRED MILLILITRES
https://environment.data.gov.uk/water-quality/sampling-point/TH-PRTS0002/sample/1359431/observation/3722,TH-PRTS0002,THAMES - UPSTREAM OF CS1 INTAKE,-0.5821,51.4804,Thames,THAMES - WEST THAMES,Multiple Values,OPEN,FRESHWATER - RIVERS,2021-06-17T14:32:00,ENVIRONMENTAL MONITORING STATUTORY (EU DIRECTIVES),RIVER / RUNNING SURFACE WATER,3722,Enterococci: Intestinal: Presumptive: MF,320,Colony Forming Units / 100ml
https://environment.data.gov.uk/water-quality/sampling-point/TH-PRTS0002/sample/1359431/observation/3723,TH-PRTS0002,THAMES - UPSTREAM OF CS1 INTAKE,-0.5821,51.4804,Thames,THAMES - WEST THAMES,Multiple Values,OPEN,FRESHWATER - RIVERS,2021-06-17T14:32:00,ENVIRONMENTAL MONITORING STATUTORY (EU DIRECTIVES),RIVER / RUNNING SURFACE WATER,3723,Enterococci: Intestinal: Confirmed: MF,320,Colony Forming Units / 100ml
https://environment.data.gov.uk/water-quality/sampling-point/TH-PRTS0002/sample/1359431/observation/9901,TH-PRTS0002,THAMES - UPSTREAM OF CS1 INTAKE,-0.5821,51.4804,Thames,THAMES - WEST THAMES,Multiple Values,OPEN,FRESHWATER - RIVERS,2021-06-17T14:32:00,ENVIRONMENTAL MONITORING STATUTORY (EU DIRECTIVES),RIVER / RUNNING SURFACE WATER,9901,"Oxygen, Dissolved, % Saturation",87.4,PERCENTAGE
https://environment.data.gov.uk/water-quality/sampling-point/TH-PRTS0002/sample/1359523/observation/0061,TH-PRTS0002,THAMES - UPSTREAM OF CS1 INTAKE,-0.5821,51.4804,Thames,THAMES - WEST THAMES,Multiple Values,OPEN,FRESHWATER - RIVERS,2021-06-21T10:37:00,ENVIRONMENTAL MONITORING STATUTORY (EU DIRECTIVES),RIVER / RUNNING SURFACE WATER,0061,pH,8.22,PH UNITS
https://environment.data.gov.uk/water-quality/sampling-point/TH-PRTS0002/sample/1359523/observation/0062,TH-PRTS0002,THAMES - UPSTREAM OF CS1 INTAKE,-0.5821,51.4804,Thames,THAMES - WEST THAMES,Multiple Values,OPEN,FRESHWATER - RIVERS,2021-06-21T10:37:00,ENVIRONMENTAL MONITORING STATUTORY (EU DIRECTIVES),RIVER / RUNNING SURFACE WATER,0062,Conductivity at 20 C,578,MICROSIEMENS PER CENTIMETRE
https://environment.data.gov.uk/water-quality/sampling-point/TH-PRTS0002/sample/1359523/observation/0076,TH-PRTS0002,THAMES - UPSTREAM OF CS1 INTAKE,-0.5821,51.4804,Thames,THAMES - WEST THAMES,Multiple Values,OPEN,FRESHWATER - RIVERS,2021-06-21T10:37:00,ENVIRONMENTAL MONITORING STATUTORY (EU DIRECTIVES),RIVER / RUNNING SURFACE WATER,0076,Temperature of Water,16.6,CELSIUS
https://environment.data.gov.uk/water-quality/sampling-point/TH-PRTS0002/sample/1359523/observation/0111,TH-PRTS0002,THAMES - UPSTREAM OF CS1 INTAKE,-0.5821,51.4804,Thames,THAMES - WEST THAMES,Multiple Values,OPEN,FRESHWATER - RIVERS,2021-06-21T10:37:00,ENVIRONMENTAL MONITORING STATUTORY (EU DIRECTIVES),RIVER / RUNNING SURFACE WATER,0111,Ammoniacal Nitrogen as N,<0.5,MILLIGRAM PER LITRE
https://environment.data.gov.uk/water-quality/sampling-point/TH-PRTS0002/sample/1359523/observation/0119,TH-PRTS0002,THAMES - UPSTREAM OF CS1 INTAKE,-0.5821,51.4804,Thames,THAMES - WEST THAMES,Multiple Values,OPEN,FRESHWATER - RIVERS,2021-06-21T10:37:00,ENVIRONMENTAL MONITORING STATUTORY (EU DIRECTIVES),RIVER / RUNNING SURFACE WATER,0119,Ammonia un-ionised as N,<0.0148,MILLIGRAM PER LITRE
https://environment.data.gov.uk/water-quality/sampling-point/TH-PRTS0002/sample/1359523/observation/2348,TH-PRTS0002,THAMES - UPSTREAM OF CS1 INTAKE,-0.5821,51.4804,Thames,THAMES - WEST THAMES,Multiple Values,OPEN,FRESHWATER - RIVERS,2021-06-21T10:37:00,ENVIRONMENTAL MONITORING STATUTORY (EU DIRECTIVES),RIVER / RUNNING SURFACE WATER,2348,Escherichia coli : Confirmed : MF,1100,NUMBER PER HUNDRED MILLILITRES
https://environment.data.gov.uk/water-quality/sampling-point/TH-PRTS0002/sample/1359523/observation/3722,TH-PRTS0002,THAMES - UPSTREAM OF CS1 INTAKE,-0.5821,51.4804,Thames,THAMES - WEST THAMES,Multiple Values,OPEN,FRESHWATER - RIVERS,2021-06-21T10:37:00,ENVIRONMENTAL MONITORING STATUTORY (EU DIRECTIVES),RIVER / RUNNING SURFACE WATER,3722,Enterococci: Intestinal: Presumptive: MF,580,Colony Forming Units / 100ml
https://environment.data.gov.uk/water-quality/sampling-point/TH-PRTS0002/sample/1359523/observation/3723,TH-PRTS0002,THAMES - UPSTREAM OF CS1 INTAKE,-0.5821,51.4804,Thames,THAMES - WEST THAMES,Multiple Values,OPEN,FRESHWATER - RIVERS,2021-06-21T10:37:00,ENVIRONMENTAL MONITORING STATUTORY (EU DIRECTIVES),RIVER / RUNNING SURFACE WATER,3723,Enterococci: Intestinal: Confirmed: MF,580,Colony Forming Units / 100ml
https://environment.data.gov.uk/water-quality/sampling-point/TH-PRTS0002/sample/1359523/observation/9901,TH-PRTS0002,THAMES - UPSTREAM OF CS1 INTAKE,-0.5821,51.4804,Thames,THAMES - WEST THAMES,Multiple Values,OPEN,FRESHWATER - RIVERS,2021-06-21T10:37:00,ENVIRONMENTAL MONITORING STATUTORY (EU DIRECTIVES),RIVER / RUNNING SURFACE WATER,9901,"Oxygen, Dissolved, % Saturation",87,PERCENTAGE
https://environment.data.gov.uk/water-quality/sampling-point/TH-PRTS0002/sample/1359689/observation/0061,TH-PRTS0002,THAMES - UPSTREAM OF CS1 INTAKE,-0.5821,51.4804,Thames,THAMES - WEST THAMES,Multiple Values,OPEN,FRESHWATER - RIVERS,2021-06-29T10:14:00,ENVIRONMENTAL MONITORING STATUTORY (EU DIRECTIVES),RIVER / RUNNING SURFACE WATER,0061,pH,7.97,PH UNITS
https://environment.data.gov.uk/water-quality/sampling-point/TH-PRTS0002/sample/1359689/observation/0076,TH-PRTS0002,THAMES - UPSTREAM OF CS1 INTAKE,-0.5821,51.4804,Thames,THAMES - WEST THAMES,Multiple Values,OPEN,FRESHWATER - RIVERS,2021-06-29T10:14:00,ENVIRONMENTAL MONITORING STATUTORY (EU DIRECTIVES),RIVER / RUNNING SURFACE WATER,0076,Temperature of Water,17.2,CELSIUS
https://environment.data.gov.uk/water-quality/sampling-point/TH-PRTS0002/sample/1359689/observation/0111,TH-PRTS0002,THAMES - UPSTREAM OF CS1 INTAKE,-0.5821,51.4804,Thames,THAMES - WEST THAMES,Multiple Values,OPEN,FRESHWATER - RIVERS,2021-06-29T10:14:00,ENVIRONMENTAL MONITORING STATUTORY (EU DIRECTIVES),RIVER / RUNNING SURFACE WATER,0111,Ammoniacal Nitrogen as N,<0.5,MILLIGRAM PER LITRE
https://environment.data.gov.uk/water-quality/sampling-point/TH-PRTS0002/sample/1359689/observation/0119,TH-PRTS0002,THAMES - UPSTREAM OF CS1 INTAKE,-0.5821,51.4804,Thames,THAMES - WEST THAMES,Multiple Values,OPEN,FRESHWATER - RIVERS,2021-06-29T10:14:00,ENVIRONMENTAL MONITORING STATUTORY (EU DIRECTIVES),RIVER / RUNNING SURFACE WATER,0119,Ammonia un-ionised as N,<0.0144,MILLIGRAM PER LITRE
https://environment.data.gov.uk/water-quality/sampling-point/TH-PRTS0002/sample/1359689/observation/2348,TH-PRTS0002,THAMES - UPSTREAM OF CS1 INTAKE,-0.5821,51.4804,Thames,THAMES - WEST THAMES,Multiple Values,OPEN,FRESHWATER - RIVERS,2021-06-29T10:14:00,ENVIRONMENTAL MONITORING STATUTORY (EU DIRECTIVES),RIVER / RUNNING SURFACE WATER,2348,Escherichia coli : Confirmed : MF,3600,NUMBER PER HUNDRED MILLILITRES
https://environment.data.gov.uk/water-quality/sampling-point/TH-PRTS0002/sample/1359689/observation/3170,TH-PRTS0002,THAMES - UPSTREAM OF CS1 INTAKE,-0.5821,51.4804,Thames,THAMES - WEST THAMES,Multiple Values,OPEN,FRESHWATER - RIVERS,2021-06-29T10:14:00,ENVIRONMENTAL MONITORING STATUTORY (EU DIRECTIVES),RIVER / RUNNING SURFACE WATER,3170,Conductivity : In Situ,647,MICROSIEMENS PER CENTIMETRE
https://environment.data.gov.uk/water-quality/sampling-point/TH-PRTS0002/sample/1359689/observation/3722,TH-PRTS0002,THAMES - UPSTREAM OF CS1 INTAKE,-0.5821,51.4804,Thames,THAMES - WEST THAMES,Multiple Values,OPEN,FRESHWATER - RIVERS,2021-06-29T10:14:00,ENVIRONMENTAL MONITORING STATUTORY (EU DIRECTIVES),RIVER / RUNNING SURFACE WATER,3722,Enterococci: Intestinal: Presumptive: MF,1800,Colony Forming Units / 100ml
https://environment.data.gov.uk/water-quality/sampling-point/TH-PRTS0002/sample/1359689/observation/3723,TH-PRTS0002,THAMES - UPSTREAM OF CS1 INTAKE,-0.5821,51.4804,Thames,THAMES - WEST THAMES,Multiple Values,OPEN,FRESHWATER - RIVERS,2021-06-29T10:14:00,ENVIRONMENTAL MONITORING STATUTORY (EU DIRECTIVES),RIVER / RUNNING SURFACE WATER,3723,Enterococci: Intestinal: Confirmed: MF,1800,Colony Forming Units / 100ml
https://environment.data.gov.uk/water-quality/sampling-point/TH-PRTS0002/sample/1359689/observation/9901,TH-PRTS0002,THAMES - UPSTREAM OF CS1 INTAKE,-0.5821,51.4804,Thames,THAMES - WEST THAMES,Multiple Values,OPEN,FRESHWATER - RIVERS,2021-06-29T10:14:00,ENVIRONMENTAL MONITORING STATUTORY (EU DIRECTIVES),RIVER / RUNNING SURFACE WATER,9901,"Oxygen, Dissolved, % Saturation",96,PERCENTAGE
https://environment.data.gov.uk/water-quality/sampling-point/TH-PRTS0002/sample/1359689/observation/9924,TH-PRTS0002,THAMES - UPSTREAM OF CS1 INTAKE,-0.5821,51.4804,Thames,THAMES - WEST THAMES,Multiple Values,OPEN,FRESHWATER - RIVERS,2021-06-29T10:14:00,ENVIRONMENTAL MONITORING STATUTORY (EU DIRECTIVES),RIVER / RUNNING SURFACE WATER,9924,"Oxygen, Dissolved as O2",9.22,MILLIGRAM PER LITRE
https://environment.data.gov.uk/water-quality/sampling-point/TH-PRTS0002/sample/1360006/observation/0061,TH-PRTS0002,THAMES - UPSTREAM OF CS1 INTAKE,-0.5821,51.4804,Thames,THAMES - WEST THAMES,Multiple Values,OPEN,FRESHWATER - RIVERS,2021-07-07T08:52:00,ENVIRONMENTAL MONITORING STATUTORY (EU DIRECTIVES),RIVER / RUNNING SURFACE WATER,0061,pH,7.96,PH UNITS
https://environment.data.gov.uk/water-quality/sampling-point/TH-PRTS0002/sample/1360006/observation/0076,TH-PRTS0002,THAMES - UPSTREAM OF CS1 INTAKE,-0.5821,51.4804,Thames,THAMES - WEST THAMES,Multiple Values,OPEN,FRESHWATER - RIVERS,2021-07-07T08:52:00,ENVIRONMENTAL MONITORING STATUTORY (EU DIRECTIVES),RIVER / RUNNING SURFACE WATER,0076,Temperature of Water,17.6,CELSIUS
https://environment.data.gov.uk/water-quality/sampling-point/TH-PRTS0002/sample/1360006/observation/0111,TH-PRTS0002,THAMES - UPSTREAM OF CS1 INTAKE,-0.5821,51.4804,Thames,THAMES - WEST THAMES,Multiple Values,OPEN,FRESHWATER - RIVERS,2021-07-07T08:52:00,ENVIRONMENTAL MONITORING STATUTORY (EU DIRECTIVES),RIVER / RUNNING SURFACE WATER,0111,Ammoniacal Nitrogen as N,0.034,MILLIGRAM PER LITRE
https://environment.data.gov.uk/water-quality/sampling-point/TH-PRTS0002/sample/1360006/observation/0119,TH-PRTS0002,THAMES - UPSTREAM OF CS1 INTAKE,-0.5821,51.4804,Thames,THAMES - WEST THAMES,Multiple Values,OPEN,FRESHWATER - RIVERS,2021-07-07T08:52:00,ENVIRONMENTAL MONITORING STATUTORY (EU DIRECTIVES),RIVER / RUNNING SURFACE WATER,0119,Ammonia un-ionised as N,0.00099,MILLIGRAM PER LITRE
https://environment.data.gov.uk/water-quality/sampling-point/TH-PRTS0002/sample/1360006/observation/2348,TH-PRTS0002,THAMES - UPSTREAM OF CS1 INTAKE,-0.5821,51.4804,Thames,THAMES - WEST THAMES,Multiple Values,OPEN,FRESHWATER - RIVERS,2021-07-07T08:52:00,ENVIRONMENTAL MONITORING STATUTORY (EU DIRECTIVES),RIVER / RUNNING SURFACE WATER,2348,Escherichia coli : Confirmed : MF,2100,NUMBER PER HUNDRED MILLILITRES
https://environment.data.gov.uk/water-quality/sampling-point/TH-PRTS0002/sample/1360006/observation/3722,TH-PRTS0002,THAMES - UPSTREAM OF CS1 INTAKE,-0.5821,51.4804,Thames,THAMES - WEST THAMES,Multiple Values,OPEN,FRESHWATER - RIVERS,2021-07-07T08:52:00,ENVIRONMENTAL MONITORING STATUTORY (EU DIRECTIVES),RIVER / RUNNING SURFACE WATER,3722,Enterococci: Intestinal: Presumptive: MF,1500,Colony Forming Units / 100ml
https://environment.data.gov.uk/water-quality/sampling-point/TH-PRTS0002/sample/1360006/observation/3723,TH-PRTS0002,THAMES - UPSTREAM OF CS1 INTAKE,-0.5821,51.4804,Thames,THAMES - WEST THAMES,Multiple Values,OPEN,FRESHWATER - RIVERS,2021-07-07T08:52:00,ENVIRONMENTAL MONITORING STATUTORY (EU DIRECTIVES),RIVER / RUNNING SURFACE WATER,3723,Enterococci: Intestinal: Confirmed: MF,1500,Colony Forming Units / 100ml
https://environment.data.gov.uk/water-quality/sampling-point/TH-PRTS0002/sample/1360006/observation/7608,TH-PRTS0002,THAMES - UPSTREAM OF CS1 INTAKE,-0.5821,51.4804,Thames,THAMES - WEST THAMES,Multiple Values,OPEN,FRESHWATER - RIVERS,2021-07-07T08:52:00,ENVIRONMENTAL MONITORING STATUTORY (EU DIRECTIVES),RIVER / RUNNING SURFACE WATER,7608,Salinity : In Situ,0.31,Parts per thousand
https://environment.data.gov.uk/water-quality/sampling-point/TH-PRTS0002/sample/1360006/observation/9901,TH-PRTS0002,THAMES - UPSTREAM OF CS1 INTAKE,-0.5821,51.4804,Thames,THAMES - WEST THAMES,Multiple Values,OPEN,FRESHWATER - RIVERS,2021-07-07T08:52:00,ENVIRONMENTAL MONITORING STATUTORY (EU DIRECTIVES),RIVER / RUNNING SURFACE WATER,9901,"Oxygen, Dissolved, % Saturation",87.1,PERCENTAGE
https://environment.data.gov.uk/water-quality/sampling-point/TH-PRTS0002/sample/1360006/observation/9924,TH-PRTS0002,THAMES - UPSTREAM OF CS1 INTAKE,-0.5821,51.4804,Thames,THAMES - WEST THAMES,Multiple Values,OPEN,FRESHWATER - RIVERS,2021-07-07T08:52:00,ENVIRONMENTAL MONITORING STATUTORY (EU DIRECTIVES),RIVER / RUNNING SURFACE WATER,9924,"Oxygen, Dissolved as O2",8.28,MILLIGRAM PER LITRE
https://environment.data.gov.uk/water-quality/sampling-point/TH-PRTS0002/sample/1360164/observation/0061,TH-PRTS0002,THAMES - UPSTREAM OF CS1 INTAKE,-0.5821,51.4804,Thames,THAMES - WEST THAMES,Multiple Values,OPEN,FRESHWATER - RIVERS,2021-07-13T09:57:00,ENVIRONMENTAL MONITORING STATUTORY (EU DIRECTIVES),RIVER / RUNNING SURFACE WATER,0061,pH,6.78,PH UNITS
https://environment.data.gov.uk/water-quality/sampling-point/TH-PRTS0002/sample/1360164/observation/0076,TH-PRTS0002,THAMES - UPSTREAM OF CS1 INTAKE,-0.5821,51.4804,Thames,THAMES - WEST THAMES,Multiple Values,OPEN,FRESHWATER - RIVERS,2021-07-13T09:57:00,ENVIRONMENTAL MONITORING STATUTORY (EU DIRECTIVES),RIVER / RUNNING SURFACE WATER,0076,Temperature of Water,18.6,CELSIUS
https://environment.data.gov.uk/water-quality/sampling-point/TH-PRTS0002/sample/1360164/observation/0111,TH-PRTS0002,THAMES - UPSTREAM OF CS1 INTAKE,-0.5821,51.4804,Thames,THAMES - WEST THAMES,Multiple Values,OPEN,FRESHWATER - RIVERS,2021-07-13T09:57:00,ENVIRONMENTAL MONITORING STATUTORY (EU DIRECTIVES),RIVER / RUNNING SURFACE WATER,0111,Ammoniacal Nitrogen as N,<0.03,MILLIGRAM PER LITRE
https://environment.data.gov.uk/water-quality/sampling-point/TH-PRTS0002/sample/1360164/observation/0119,TH-PRTS0002,THAMES - UPSTREAM OF CS1 INTAKE,-0.5821,51.4804,Thames,THAMES - WEST THAMES,Multiple Values,OPEN,FRESHWATER - RIVERS,2021-07-13T09:57:00,ENVIRONMENTAL MONITORING STATUTORY (EU DIRECTIVES),RIVER / RUNNING SURFACE WATER,0119,Ammonia un-ionised as N,<0.00006,MILLIGRAM PER LITRE
https://environment.data.gov.uk/water-quality/sampling-point/TH-PRTS0002/sample/1360164/observation/2348,TH-PRTS0002,THAMES - UPSTREAM OF CS1 INTAKE,-0.5821,51.4804,Thames,THAMES - WEST THAMES,Multiple Values,OPEN,FRESHWATER - RIVERS,2021-07-13T09:57:00,ENVIRONMENTAL MONITORING STATUTORY (EU DIRECTIVES),RIVER / RUNNING SURFACE WATER,2348,Escherichia coli : Confirmed : MF,580,NUMBER PER HUNDRED MILLILITRES
https://environment.data.gov.uk/water-quality/sampling-point/TH-PRTS0002/sample/1360164/observation/3722,TH-PRTS0002,THAMES - UPSTREAM OF CS1 INTAKE,-0.5821,51.4804,Thames,THAMES - WEST THAMES,Multiple Values,OPEN,FRESHWATER - RIVERS,2021-07-13T09:57:00,ENVIRONMENTAL MONITORING STATUTORY (EU DIRECTIVES),RIVER / RUNNING SURFACE WATER,3722,Enterococci: Intestinal: Presumptive: MF,200,Colony Forming Units / 100ml
https://environment.data.gov.uk/water-quality/sampling-point/TH-PRTS0002/sample/1360164/observation/3723,TH-PRTS0002,THAMES - UPSTREAM OF CS1 INTAKE,-0.5821,51.4804,Thames,THAMES - WEST THAMES,Multiple Values,OPEN,FRESHWATER - RIVERS,2021-07-13T09:57:00,ENVIRONMENTAL MONITORING STATUTORY (EU DIRECTIVES),RIVER / RUNNING SURFACE WATER,3723,Enterococci: Intestinal: Confirmed: MF,200,Colony Forming Units / 100ml
https://environment.data.gov.uk/water-quality/sampling-point/TH-PRTS0002/sample/1360164/observation/7608,TH-PRTS0002,THAMES - UPSTREAM OF CS1 INTAKE,-0.5821,51.4804,Thames,THAMES - WEST THAMES,Multiple Values,OPEN,FRESHWATER - RIVERS,2021-07-13T09:57:00,ENVIRONMENTAL MONITORING STATUTORY (EU DIRECTIVES),RIVER / RUNNING SURFACE WATER,7608,Salinity : In Situ,0.32,Parts per thousand
https://environment.data.gov.uk/water-quality/sampling-point/TH-PRTS0002/sample/1360164/observation/9901,TH-PRTS0002,THAMES - UPSTREAM OF CS1 INTAKE,-0.5821,51.4804,Thames,THAMES - WEST THAMES,Multiple Values,OPEN,FRESHWATER - RIVERS,2021-07-13T09:57:00,ENVIRONMENTAL MONITORING STATUTORY (EU DIRECTIVES),RIVER / RUNNING SURFACE WATER,9901,"Oxygen, Dissolved, % Saturation",96.2,PERCENTAGE
https://environment.data.gov.uk/water-quality/sampling-point/TH-PRTS0002/sample/1360164/observation/9924,TH-PRTS0002,THAMES - UPSTREAM OF CS1 INTAKE,-0.5821,51.4804,Thames,THAMES - WEST THAMES,Multiple Values,OPEN,FRESHWATER - RIVERS,2021-07-13T09:57:00,ENVIRONMENTAL MONITORING STATUTORY (EU DIRECTIVES),RIVER / RUNNING SURFACE WATER,9924,"Oxygen, Dissolved as O2",8.96,MILLIGRAM PER LITRE
https://environment.data.gov.uk/water-quality/sampling-point/TH-PRTS0002/sample/1361058/observation/0061,TH-PRTS0002,THAMES - UPSTREAM OF CS1 INTAKE,-0.5821,51.4804,Thames,THAMES - WEST THAMES,Multiple Values,OPEN,FRESHWATER - RIVERS,2021-07-29T10:28:00,ENVIRONMENTAL MONITORING STATUTORY (EU DIRECTIVES),RIVER / RUNNING SURFACE WATER,0061,pH,7.68,PH UNITS
https://environment.data.gov.uk/water-quality/sampling-point/TH-PRTS0002/sample/1361058/observation/0076,TH-PRTS0002,THAMES - UPSTREAM OF CS1 INTAKE,-0.5821,51.4804,Thames,THAMES - WEST THAMES,Multiple Values,OPEN,FRESHWATER - RIVERS,2021-07-29T10:28:00,ENVIRONMENTAL MONITORING STATUTORY (EU DIRECTIVES),RIVER / RUNNING SURFACE WATER,0076,Temperature of Water,20,CELSIUS
https://environment.data.gov.uk/water-quality/sampling-point/TH-PRTS0002/sample/1361058/observation/0111,TH-PRTS0002,THAMES - UPSTREAM OF CS1 INTAKE,-0.5821,51.4804,Thames,THAMES - WEST THAMES,Multiple Values,OPEN,FRESHWATER - RIVERS,2021-07-29T10:28:00,ENVIRONMENTAL MONITORING STATUTORY (EU DIRECTIVES),RIVER / RUNNING SURFACE WATER,0111,Ammoniacal Nitrogen as N,<0.03,MILLIGRAM PER LITRE
https://environment.data.gov.uk/water-quality/sampling-point/TH-PRTS0002/sample/1361058/observation/0119,TH-PRTS0002,THAMES - UPSTREAM OF CS1 INTAKE,-0.5821,51.4804,Thames,THAMES - WEST THAMES,Multiple Values,OPEN,FRESHWATER - RIVERS,2021-07-29T10:28:00,ENVIRONMENTAL MONITORING STATUTORY (EU DIRECTIVES),RIVER / RUNNING SURFACE WATER,0119,Ammonia un-ionised as N,<0.00055,MILLIGRAM PER LITRE
https://environment.data.gov.uk/water-quality/sampling-point/TH-PRTS0002/sample/1361058/observation/2348,TH-PRTS0002,THAMES - UPSTREAM OF CS1 INTAKE,-0.5821,51.4804,Thames,THAMES - WEST THAMES,Multiple Values,OPEN,FRESHWATER - RIVERS,2021-07-29T10:28:00,ENVIRONMENTAL MONITORING STATUTORY (EU DIRECTIVES),RIVER / RUNNING SURFACE WATER,2348,Escherichia coli : Confirmed : MF,880,NUMBER PER HUNDRED MILLILITRES
https://environment.data.gov.uk/water-quality/sampling-point/TH-PRTS0002/sample/1361058/observation/3722,TH-PRTS0002,THAMES - UPSTREAM OF CS1 INTAKE,-0.5821,51.4804,Thames,THAMES - WEST THAMES,Multiple Values,OPEN,FRESHWATER - RIVERS,2021-07-29T10:28:00,ENVIRONMENTAL MONITORING STATUTORY (EU DIRECTIVES),RIVER / RUNNING SURFACE WATER,3722,Enterococci: Intestinal: Presumptive: MF,230,Colony Forming Units / 100ml
https://environment.data.gov.uk/water-quality/sampling-point/TH-PRTS0002/sample/1361058/observation/3723,TH-PRTS0002,THAMES - UPSTREAM OF CS1 INTAKE,-0.5821,51.4804,Thames,THAMES - WEST THAMES,Multiple Values,OPEN,FRESHWATER - RIVERS,2021-07-29T10:28:00,ENVIRONMENTAL MONITORING STATUTORY (EU DIRECTIVES),RIVER / RUNNING SURFACE WATER,3723,Enterococci: Intestinal: Confirmed: MF,230,Colony Forming Units / 100ml
https://environment.data.gov.uk/water-quality/sampling-point/TH-PRTS0002/sample/1361058/observation/7608,TH-PRTS0002,THAMES - UPSTREAM OF CS1 INTAKE,-0.5821,51.4804,Thames,THAMES - WEST THAMES,Multiple Values,OPEN,FRESHWATER - RIVERS,2021-07-29T10:28:00,ENVIRONMENTAL MONITORING STATUTORY (EU DIRECTIVES),RIVER / RUNNING SURFACE WATER,7608,Salinity : In Situ,0.34,Parts per thousand
https://environment.data.gov.uk/water-quality/sampling-point/TH-PRTS0002/sample/1361058/observation/9901,TH-PRTS0002,THAMES - UPSTREAM OF CS1 INTAKE,-0.5821,51.4804,Thames,THAMES - WEST THAMES,Multiple Values,OPEN,FRESHWATER - RIVERS,2021-07-29T10:28:00,ENVIRONMENTAL MONITORING STATUTORY (EU DIRECTIVES),RIVER / RUNNING SURFACE WATER,9901,"Oxygen, Dissolved, % Saturation",94.9,PERCENTAGE
https://environment.data.gov.uk/water-quality/sampling-point/TH-PRTS0002/sample/1361058/observation/9924,TH-PRTS0002,THAMES - UPSTREAM OF CS1 INTAKE,-0.5821,51.4804,Thames,THAMES - WEST THAMES,Multiple Values,OPEN,FRESHWATER - RIVERS,2021-07-29T10:28:00,ENVIRONMENTAL MONITORING STATUTORY (EU DIRECTIVES),RIVER / RUNNING SURFACE WATER,9924,"Oxygen, Dissolved as O2",8.59,MILLIGRAM PER LITRE
https://environment.data.gov.uk/water-quality/sampling-point/TH-PRTS0002/sample/1361187/observation/0061,TH-PRTS0002,THAMES - UPSTREAM OF CS1 INTAKE,-0.5821,51.4804,Thames,THAMES - WEST THAMES,Multiple Values,OPEN,FRESHWATER - RIVERS,2021-08-03T08:54:00,ENVIRONMENTAL MONITORING STATUTORY (EU DIRECTIVES),RIVER / RUNNING SURFACE WATER,0061,pH,8.09,PH UNITS
https://environment.data.gov.uk/water-quality/sampling-point/TH-PRTS0002/sample/1361187/observation/0076,TH-PRTS0002,THAMES - UPSTREAM OF CS1 INTAKE,-0.5821,51.4804,Thames,THAMES - WEST THAMES,Multiple Values,OPEN,FRESHWATER - RIVERS,2021-08-03T08:54:00,ENVIRONMENTAL MONITORING STATUTORY (EU DIRECTIVES),RIVER / RUNNING SURFACE WATER,0076,Temperature of Water,18.4,CELSIUS
https://environment.data.gov.uk/water-quality/sampling-point/TH-PRTS0002/sample/1361187/observation/0111,TH-PRTS0002,THAMES - UPSTREAM OF CS1 INTAKE,-0.5821,51.4804,Thames,THAMES - WEST THAMES,Multiple Values,OPEN,FRESHWATER - RIVERS,2021-08-03T08:54:00,ENVIRONMENTAL MONITORING STATUTORY (EU DIRECTIVES),RIVER / RUNNING SURFACE WATER,0111,Ammoniacal Nitrogen as N,<0.03,MILLIGRAM PER LITRE
https://environment.data.gov.uk/water-quality/sampling-point/TH-PRTS0002/sample/1361187/observation/0119,TH-PRTS0002,THAMES - UPSTREAM OF CS1 INTAKE,-0.5821,51.4804,Thames,THAMES - WEST THAMES,Multiple Values,OPEN,FRESHWATER - RIVERS,2021-08-03T08:54:00,ENVIRONMENTAL MONITORING STATUTORY (EU DIRECTIVES),RIVER / RUNNING SURFACE WATER,0119,Ammonia un-ionised as N,<0.00101,MILLIGRAM PER LITRE
https://environment.data.gov.uk/water-quality/sampling-point/TH-PRTS0002/sample/1361187/observation/2348,TH-PRTS0002,THAMES - UPSTREAM OF CS1 INTAKE,-0.5821,51.4804,Thames,THAMES - WEST THAMES,Multiple Values,OPEN,FRESHWATER - RIVERS,2021-08-03T08:54:00,ENVIRONMENTAL MONITORING STATUTORY (EU DIRECTIVES),RIVER / RUNNING SURFACE WATER,2348,Escherichia coli : Confirmed : MF,250,NUMBER PER HUNDRED MILLILITRES
https://environment.data.gov.uk/water-quality/sampling-point/TH-PRTS0002/sample/1361187/observation/3722,TH-PRTS0002,THAMES - UPSTREAM OF CS1 INTAKE,-0.5821,51.4804,Thames,THAMES - WEST THAMES,Multiple Values,OPEN,FRESHWATER - RIVERS,2021-08-03T08:54:00,ENVIRONMENTAL MONITORING STATUTORY (EU DIRECTIVES),RIVER / RUNNING SURFACE WATER,3722,Enterococci: Intestinal: Presumptive: MF,90,Colony Forming Units / 100ml
https://environment.data.gov.uk/water-quality/sampling-point/TH-PRTS0002/sample/1361187/observation/3723,TH-PRTS0002,THAMES - UPSTREAM OF CS1 INTAKE,-0.5821,51.4804,Thames,THAMES - WEST THAMES,Multiple Values,OPEN,FRESHWATER - RIVERS,2021-08-03T08:54:00,ENVIRONMENTAL MONITORING STATUTORY (EU DIRECTIVES),RIVER / RUNNING SURFACE WATER,3723,Enterococci: Intestinal: Confirmed: MF,72,Colony Forming Units / 100ml
https://environment.data.gov.uk/water-quality/sampling-point/TH-PRTS0002/sample/1361187/observation/7608,TH-PRTS0002,THAMES - UPSTREAM OF CS1 INTAKE,-0.5821,51.4804,Thames,THAMES - WEST THAMES,Multiple Values,OPEN,FRESHWATER - RIVERS,2021-08-03T08:54:00,ENVIRONMENTAL MONITORING STATUTORY (EU DIRECTIVES),RIVER / RUNNING SURFACE WATER,7608,Salinity : In Situ,0.33,Parts per thousand
https://environment.data.gov.uk/water-quality/sampling-point/TH-PRTS0002/sample/1361187/observation/9901,TH-PRTS0002,THAMES - UPSTREAM OF CS1 INTAKE,-0.5821,51.4804,Thames,THAMES - WEST THAMES,Multiple Values,OPEN,FRESHWATER - RIVERS,2021-08-03T08:54:00,ENVIRONMENTAL MONITORING STATUTORY (EU DIRECTIVES),RIVER / RUNNING SURFACE WATER,9901,"Oxygen, Dissolved, % Saturation",90.8,PERCENTAGE
https://environment.data.gov.uk/water-quality/sampling-point/TH-PRTS0002/sample/1361187/observation/9924,TH-PRTS0002,THAMES - UPSTREAM OF CS1 INTAKE,-0.5821,51.4804,Thames,THAMES - WEST THAMES,Multiple Values,OPEN,FRESHWATER - RIVERS,2021-08-03T08:54:00,ENVIRONMENTAL MONITORING STATUTORY (EU DIRECTIVES),RIVER / RUNNING SURFACE WATER,9924,"Oxygen, Dissolved as O2",8.49,MILLIGRAM PER LITRE
https://environment.data.gov.uk/water-quality/sampling-point/TH-PRTS0002/sample/1361391/observation/0061,TH-PRTS0002,THAMES - UPSTREAM OF CS1 INTAKE,-0.5821,51.4804,Thames,THAMES - WEST THAMES,Multiple Values,OPEN,FRESHWATER - RIVERS,2021-08-12T09:19:00,ENVIRONMENTAL MONITORING STATUTORY (EU DIRECTIVES),RIVER / RUNNING SURFACE WATER,0061,pH,8.04,PH UNITS
https://environment.data.gov.uk/water-quality/sampling-point/TH-PRTS0002/sample/1361391/observation/0076,TH-PRTS0002,THAMES - UPSTREAM OF CS1 INTAKE,-0.5821,51.4804,Thames,THAMES - WEST THAMES,Multiple Values,OPEN,FRESHWATER - RIVERS,2021-08-12T09:19:00,ENVIRONMENTAL MONITORING STATUTORY (EU DIRECTIVES),RIVER / RUNNING SURFACE WATER,0076,Temperature of Water,18.6,CELSIUS
https://environment.data.gov.uk/water-quality/sampling-point/TH-PRTS0002/sample/1361391/observation/0111,TH-PRTS0002,THAMES - UPSTREAM OF CS1 INTAKE,-0.5821,51.4804,Thames,THAMES - WEST THAMES,Multiple Values,OPEN,FRESHWATER - RIVERS,2021-08-12T09:19:00,ENVIRONMENTAL MONITORING STATUTORY (EU DIRECTIVES),RIVER / RUNNING SURFACE WATER,0111,Ammoniacal Nitrogen as N,<0.03,MILLIGRAM PER LITRE
https://environment.data.gov.uk/water-quality/sampling-point/TH-PRTS0002/sample/1361391/observation/0119,TH-PRTS0002,THAMES - UPSTREAM OF CS1 INTAKE,-0.5821,51.4804,Thames,THAMES - WEST THAMES,Multiple Values,OPEN,FRESHWATER - RIVERS,2021-08-12T09:19:00,ENVIRONMENTAL MONITORING STATUTORY (EU DIRECTIVES),RIVER / RUNNING SURFACE WATER,0119,Ammonia un-ionised as N,<0.00102,MILLIGRAM PER LITRE
https://environment.data.gov.uk/water-quality/sampling-point/TH-PRTS0002/sample/1361391/observation/2348,TH-PRTS0002,THAMES - UPSTREAM OF CS1 INTAKE,-0.5821,51.4804,Thames,THAMES - WEST THAMES,Multiple Values,OPEN,FRESHWATER - RIVERS,2021-08-12T09:19:00,ENVIRONMENTAL MONITORING STATUTORY (EU DIRECTIVES),RIVER / RUNNING SURFACE WATER,2348,Escherichia coli : Confirmed : MF,240,NUMBER PER HUNDRED MILLILITRES
https://environment.data.gov.uk/water-quality/sampling-point/TH-PRTS0002/sample/1361391/observation/3722,TH-PRTS0002,THAMES - UPSTREAM OF CS1 INTAKE,-0.5821,51.4804,Thames,THAMES - WEST THAMES,Multiple Values,OPEN,FRESHWATER - RIVERS,2021-08-12T09:19:00,ENVIRONMENTAL MONITORING STATUTORY (EU DIRECTIVES),RIVER / RUNNING SURFACE WATER,3722,Enterococci: Intestinal: Presumptive: MF,54,Colony Forming Units / 100ml
https://environment.data.gov.uk/water-quality/sampling-point/TH-PRTS0002/sample/1361391/observation/3723,TH-PRTS0002,THAMES - UPSTREAM OF CS1 INTAKE,-0.5821,51.4804,Thames,THAMES - WEST THAMES,Multiple Values,OPEN,FRESHWATER - RIVERS,2021-08-12T09:19:00,ENVIRONMENTAL MONITORING STATUTORY (EU DIRECTIVES),RIVER / RUNNING SURFACE WATER,3723,Enterococci: Intestinal: Confirmed: MF,54,Colony Forming Units / 100ml
https://environment.data.gov.uk/water-quality/sampling-point/TH-PRTS0002/sample/1361391/observation/7608,TH-PRTS0002,THAMES - UPSTREAM OF CS1 INTAKE,-0.5821,51.4804,Thames,THAMES - WEST THAMES,Multiple Values,OPEN,FRESHWATER - RIVERS,2021-08-12T09:19:00,ENVIRONMENTAL MONITORING STATUTORY (EU DIRECTIVES),RIVER / RUNNING SURFACE WATER,7608,Salinity : In Situ,0.33,Parts per thousand
https://environment.data.gov.uk/water-quality/sampling-point/TH-PRTS0002/sample/1361391/observation/9901,TH-PRTS0002,THAMES - UPSTREAM OF CS1 INTAKE,-0.5821,51.4804,Thames,THAMES - WEST THAMES,Multiple Values,OPEN,FRESHWATER - RIVERS,2021-08-12T09:19:00,ENVIRONMENTAL MONITORING STATUTORY (EU DIRECTIVES),RIVER / RUNNING SURFACE WATER,9901,"Oxygen, Dissolved, % Saturation",101.1,PERCENTAGE
https://environment.data.gov.uk/water-quality/sampling-point/TH-PRTS0002/sample/1361391/observation/9924,TH-PRTS0002,THAMES - UPSTREAM OF CS1 INTAKE,-0.5821,51.4804,Thames,THAMES - WEST THAMES,Multiple Values,OPEN,FRESHWATER - RIVERS,2021-08-12T09:19:00,ENVIRONMENTAL MONITORING STATUTORY (EU DIRECTIVES),RIVER / RUNNING SURFACE WATER,9924,"Oxygen, Dissolved as O2",9.41,MILLIGRAM PER LITRE
https://environment.data.gov.uk/water-quality/sampling-point/TH-PRTS0002/sample/1361494/observation/0061,TH-PRTS0002,THAMES - UPSTREAM OF CS1 INTAKE,-0.5821,51.4804,Thames,THAMES - WEST THAMES,Multiple Values,OPEN,FRESHWATER - RIVERS,2021-08-15T10:43:00,ENVIRONMENTAL MONITORING STATUTORY (EU DIRECTIVES),RIVER / RUNNING SURFACE WATER,0061,pH,8.09,PH UNITS
https://environment.data.gov.uk/water-quality/sampling-point/TH-PRTS0002/sample/1361494/observation/0076,TH-PRTS0002,THAMES - UPSTREAM OF CS1 INTAKE,-0.5821,51.4804,Thames,THAMES - WEST THAMES,Multiple Values,OPEN,FRESHWATER - RIVERS,2021-08-15T10:43:00,ENVIRONMENTAL MONITORING STATUTORY (EU DIRECTIVES),RIVER / RUNNING SURFACE WATER,0076,Temperature of Water,18.9,CELSIUS
https://environment.data.gov.uk/water-quality/sampling-point/TH-PRTS0002/sample/1361494/observation/0111,TH-PRTS0002,THAMES - UPSTREAM OF CS1 INTAKE,-0.5821,51.4804,Thames,THAMES - WEST THAMES,Multiple Values,OPEN,FRESHWATER - RIVERS,2021-08-15T10:43:00,ENVIRONMENTAL MONITORING STATUTORY (EU DIRECTIVES),RIVER / RUNNING SURFACE WATER,0111,Ammoniacal Nitrogen as N,<0.03,MILLIGRAM PER LITRE
https://environment.data.gov.uk/water-quality/sampling-point/TH-PRTS0002/sample/1361494/observation/0119,TH-PRTS0002,THAMES - UPSTREAM OF CS1 INTAKE,-0.5821,51.4804,Thames,THAMES - WEST THAMES,Multiple Values,OPEN,FRESHWATER - RIVERS,2021-08-15T10:43:00,ENVIRONMENTAL MONITORING STATUTORY (EU DIRECTIVES),RIVER / RUNNING SURFACE WATER,0119,Ammonia un-ionised as N,<0.00104,MILLIGRAM PER LITRE
https://environment.data.gov.uk/water-quality/sampling-point/TH-PRTS0002/sample/1361494/observation/2348,TH-PRTS0002,THAMES - UPSTREAM OF CS1 INTAKE,-0.5821,51.4804,Thames,THAMES - WEST THAMES,Multiple Values,OPEN,FRESHWATER - RIVERS,2021-08-15T10:43:00,ENVIRONMENTAL MONITORING STATUTORY (EU DIRECTIVES),RIVER / RUNNING SURFACE WATER,2348,Escherichia coli : Confirmed : MF,2700,NUMBER PER HUNDRED MILLILITRES
https://environment.data.gov.uk/water-quality/sampling-point/TH-PRTS0002/sample/1361494/observation/3722,TH-PRTS0002,THAMES - UPSTREAM OF CS1 INTAKE,-0.5821,51.4804,Thames,THAMES - WEST THAMES,Multiple Values,OPEN,FRESHWATER - RIVERS,2021-08-15T10:43:00,ENVIRONMENTAL MONITORING STATUTORY (EU DIRECTIVES),RIVER / RUNNING SURFACE WATER,3722,Enterococci: Intestinal: Presumptive: MF,72,Colony Forming Units / 100ml
https://environment.data.gov.uk/water-quality/sampling-point/TH-PRTS0002/sample/1361494/observation/3723,TH-PRTS0002,THAMES - UPSTREAM OF CS1 INTAKE,-0.5821,51.4804,Thames,THAMES - WEST THAMES,Multiple Values,OPEN,FRESHWATER - RIVERS,2021-08-15T10:43:00,ENVIRONMENTAL MONITORING STATUTORY (EU DIRECTIVES),RIVER / RUNNING SURFACE WATER,3723,Enterococci: Intestinal: Confirmed: MF,54,Colony Forming Units / 100ml
https://environment.data.gov.uk/water-quality/sampling-point/TH-PRTS0002/sample/1361494/observation/7608,TH-PRTS0002,THAMES - UPSTREAM OF CS1 INTAKE,-0.5821,51.4804,Thames,THAMES - WEST THAMES,Multiple Values,OPEN,FRESHWATER - RIVERS,2021-08-15T10:43:00,ENVIRONMENTAL MONITORING STATUTORY (EU DIRECTIVES),RIVER / RUNNING SURFACE WATER,7608,Salinity : In Situ,0.32,Parts per thousand
https://environment.data.gov.uk/water-quality/sampling-point/TH-PRTS0002/sample/1361494/observation/9901,TH-PRTS0002,THAMES - UPSTREAM OF CS1 INTAKE,-0.5821,51.4804,Thames,THAMES - WEST THAMES,Multiple Values,OPEN,FRESHWATER - RIVERS,2021-08-15T10:43:00,ENVIRONMENTAL MONITORING STATUTORY (EU DIRECTIVES),RIVER / RUNNING SURFACE WATER,9901,"Oxygen, Dissolved, % Saturation",101.8,PERCENTAGE
https://environment.data.gov.uk/water-quality/sampling-point/TH-PRTS0002/sample/1361494/observation/9924,TH-PRTS0002,THAMES - UPSTREAM OF CS1 INTAKE,-0.5821,51.4804,Thames,THAMES - WEST THAMES,Multiple Values,OPEN,FRESHWATER - RIVERS,2021-08-15T10:43:00,ENVIRONMENTAL MONITORING STATUTORY (EU DIRECTIVES),RIVER / RUNNING SURFACE WATER,9924,"Oxygen, Dissolved as O2",9.42,MILLIGRAM PER LITRE
https://environment.data.gov.uk/water-quality/sampling-point/TH-PRTS0002/sample/1362099/observation/0061,TH-PRTS0002,THAMES - UPSTREAM OF CS1 INTAKE,-0.5821,51.4804,Thames,THAMES - WEST THAMES,Multiple Values,OPEN,FRESHWATER - RIVERS,2021-08-20T07:29:00,ENVIRONMENTAL MONITORING STATUTORY (EU DIRECTIVES),RIVER / RUNNING SURFACE WATER,0061,pH,8.07,PH UNITS
https://environment.data.gov.uk/water-quality/sampling-point/TH-PRTS0002/sample/1362099/observation/0076,TH-PRTS0002,THAMES - UPSTREAM OF CS1 INTAKE,-0.5821,51.4804,Thames,THAMES - WEST THAMES,Multiple Values,OPEN,FRESHWATER - RIVERS,2021-08-20T07:29:00,ENVIRONMENTAL MONITORING STATUTORY (EU DIRECTIVES),RIVER / RUNNING SURFACE WATER,0076,Temperature of Water,18,CELSIUS
https://environment.data.gov.uk/water-quality/sampling-point/TH-PRTS0002/sample/1362099/observation/0111,TH-PRTS0002,THAMES - UPSTREAM OF CS1 INTAKE,-0.5821,51.4804,Thames,THAMES - WEST THAMES,Multiple Values,OPEN,FRESHWATER - RIVERS,2021-08-20T07:29:00,ENVIRONMENTAL MONITORING STATUTORY (EU DIRECTIVES),RIVER / RUNNING SURFACE WATER,0111,Ammoniacal Nitrogen as N,<0.03,MILLIGRAM PER LITRE
https://environment.data.gov.uk/water-quality/sampling-point/TH-PRTS0002/sample/1362099/observation/0119,TH-PRTS0002,THAMES - UPSTREAM OF CS1 INTAKE,-0.5821,51.4804,Thames,THAMES - WEST THAMES,Multiple Values,OPEN,FRESHWATER - RIVERS,2021-08-20T07:29:00,ENVIRONMENTAL MONITORING STATUTORY (EU DIRECTIVES),RIVER / RUNNING SURFACE WATER,0119,Ammonia un-ionised as N,<0.00098,MILLIGRAM PER LITRE
https://environment.data.gov.uk/water-quality/sampling-point/TH-PRTS0002/sample/1362099/observation/2348,TH-PRTS0002,THAMES - UPSTREAM OF CS1 INTAKE,-0.5821,51.4804,Thames,THAMES - WEST THAMES,Multiple Values,OPEN,FRESHWATER - RIVERS,2021-08-20T07:29:00,ENVIRONMENTAL MONITORING STATUTORY (EU DIRECTIVES),RIVER / RUNNING SURFACE WATER,2348,Escherichia coli : Confirmed : MF,460,NUMBER PER HUNDRED MILLILITRES
https://environment.data.gov.uk/water-quality/sampling-point/TH-PRTS0002/sample/1362099/observation/3722,TH-PRTS0002,THAMES - UPSTREAM OF CS1 INTAKE,-0.5821,51.4804,Thames,THAMES - WEST THAMES,Multiple Values,OPEN,FRESHWATER - RIVERS,2021-08-20T07:29:00,ENVIRONMENTAL MONITORING STATUTORY (EU DIRECTIVES),RIVER / RUNNING SURFACE WATER,3722,Enterococci: Intestinal: Presumptive: MF,200,Colony Forming Units / 100ml
https://environment.data.gov.uk/water-quality/sampling-point/TH-PRTS0002/sample/1362099/observation/3723,TH-PRTS0002,THAMES - UPSTREAM OF CS1 INTAKE,-0.5821,51.4804,Thames,THAMES - WEST THAMES,Multiple Values,OPEN,FRESHWATER - RIVERS,2021-08-20T07:29:00,ENVIRONMENTAL MONITORING STATUTORY (EU DIRECTIVES),RIVER / RUNNING SURFACE WATER,3723,Enterococci: Intestinal: Confirmed: MF,180,Colony Forming Units / 100ml
https://environment.data.gov.uk/water-quality/sampling-point/TH-PRTS0002/sample/1362099/observation/7608,TH-PRTS0002,THAMES - UPSTREAM OF CS1 INTAKE,-0.5821,51.4804,Thames,THAMES - WEST THAMES,Multiple Values,OPEN,FRESHWATER - RIVERS,2021-08-20T07:29:00,ENVIRONMENTAL MONITORING STATUTORY (EU DIRECTIVES),RIVER / RUNNING SURFACE WATER,7608,Salinity : In Situ,0.34,Parts per thousand
https://environment.data.gov.uk/water-quality/sampling-point/TH-PRTS0002/sample/1362099/observation/9901,TH-PRTS0002,THAMES - UPSTREAM OF CS1 INTAKE,-0.5821,51.4804,Thames,THAMES - WEST THAMES,Multiple Values,OPEN,FRESHWATER - RIVERS,2021-08-20T07:29:00,ENVIRONMENTAL MONITORING STATUTORY (EU DIRECTIVES),RIVER / RUNNING SURFACE WATER,9901,"Oxygen, Dissolved, % Saturation",95.9,PERCENTAGE
https://environment.data.gov.uk/water-quality/sampling-point/TH-PRTS0002/sample/1362099/observation/9924,TH-PRTS0002,THAMES - UPSTREAM OF CS1 INTAKE,-0.5821,51.4804,Thames,THAMES - WEST THAMES,Multiple Values,OPEN,FRESHWATER - RIVERS,2021-08-20T07:29:00,ENVIRONMENTAL MONITORING STATUTORY (EU DIRECTIVES),RIVER / RUNNING SURFACE WATER,9924,"Oxygen, Dissolved as O2",9.04,MILLIGRAM PER LITRE
https://environment.data.gov.uk/water-quality/sampling-point/TH-PRTS0002/sample/1362215/observation/0061,TH-PRTS0002,THAMES - UPSTREAM OF CS1 INTAKE,-0.5821,51.4804,Thames,THAMES - WEST THAMES,Multiple Values,OPEN,FRESHWATER - RIVERS,2021-08-25T09:17:00,ENVIRONMENTAL MONITORING STATUTORY (EU DIRECTIVES),RIVER / RUNNING SURFACE WATER,0061,pH,8.2,PH UNITS
https://environment.data.gov.uk/water-quality/sampling-point/TH-PRTS0002/sample/1362215/observation/0076,TH-PRTS0002,THAMES - UPSTREAM OF CS1 INTAKE,-0.5821,51.4804,Thames,THAMES - WEST THAMES,Multiple Values,OPEN,FRESHWATER - RIVERS,2021-08-25T09:17:00,ENVIRONMENTAL MONITORING STATUTORY (EU DIRECTIVES),RIVER / RUNNING SURFACE WATER,0076,Temperature of Water,18.1,CELSIUS
https://environment.data.gov.uk/water-quality/sampling-point/TH-PRTS0002/sample/1362215/observation/0111,TH-PRTS0002,THAMES - UPSTREAM OF CS1 INTAKE,-0.5821,51.4804,Thames,THAMES - WEST THAMES,Multiple Values,OPEN,FRESHWATER - RIVERS,2021-08-25T09:17:00,ENVIRONMENTAL MONITORING STATUTORY (EU DIRECTIVES),RIVER / RUNNING SURFACE WATER,0111,Ammoniacal Nitrogen as N,<0.03,MILLIGRAM PER LITRE
https://environment.data.gov.uk/water-quality/sampling-point/TH-PRTS0002/sample/1362215/observation/0119,TH-PRTS0002,THAMES - UPSTREAM OF CS1 INTAKE,-0.5821,51.4804,Thames,THAMES - WEST THAMES,Multiple Values,OPEN,FRESHWATER - RIVERS,2021-08-25T09:17:00,ENVIRONMENTAL MONITORING STATUTORY (EU DIRECTIVES),RIVER / RUNNING SURFACE WATER,0119,Ammonia un-ionised as N,<0.00099,MILLIGRAM PER LITRE
https://environment.data.gov.uk/water-quality/sampling-point/TH-PRTS0002/sample/1362215/observation/2348,TH-PRTS0002,THAMES - UPSTREAM OF CS1 INTAKE,-0.5821,51.4804,Thames,THAMES - WEST THAMES,Multiple Values,OPEN,FRESHWATER - RIVERS,2021-08-25T09:17:00,ENVIRONMENTAL MONITORING STATUTORY (EU DIRECTIVES),RIVER / RUNNING SURFACE WATER,2348,Escherichia coli : Confirmed : MF,380,NUMBER PER HUNDRED MILLILITRES
https://environment.data.gov.uk/water-quality/sampling-point/TH-PRTS0002/sample/1362215/observation/3722,TH-PRTS0002,THAMES - UPSTREAM OF CS1 INTAKE,-0.5821,51.4804,Thames,THAMES - WEST THAMES,Multiple Values,OPEN,FRESHWATER - RIVERS,2021-08-25T09:17:00,ENVIRONMENTAL MONITORING STATUTORY (EU DIRECTIVES),RIVER / RUNNING SURFACE WATER,3722,Enterococci: Intestinal: Presumptive: MF,120,Colony Forming Units / 100ml
https://environment.data.gov.uk/water-quality/sampling-point/TH-PRTS0002/sample/1362215/observation/3723,TH-PRTS0002,THAMES - UPSTREAM OF CS1 INTAKE,-0.5821,51.4804,Thames,THAMES - WEST THAMES,Multiple Values,OPEN,FRESHWATER - RIVERS,2021-08-25T09:17:00,ENVIRONMENTAL MONITORING STATUTORY (EU DIRECTIVES),RIVER / RUNNING SURFACE WATER,3723,Enterococci: Intestinal: Confirmed: MF,120,Colony Forming Units / 100ml
https://environment.data.gov.uk/water-quality/sampling-point/TH-PRTS0002/sample/1362215/observation/7608,TH-PRTS0002,THAMES - UPSTREAM OF CS1 INTAKE,-0.5821,51.4804,Thames,THAMES - WEST THAMES,Multiple Values,OPEN,FRESHWATER - RIVERS,2021-08-25T09:17:00,ENVIRONMENTAL MONITORING STATUTORY (EU DIRECTIVES),RIVER / RUNNING SURFACE WATER,7608,Salinity : In Situ,0.34,Parts per thousand
https://environment.data.gov.uk/water-quality/sampling-point/TH-PRTS0002/sample/1362215/observation/9901,TH-PRTS0002,THAMES - UPSTREAM OF CS1 INTAKE,-0.5821,51.4804,Thames,THAMES - WEST THAMES,Multiple Values,OPEN,FRESHWATER - RIVERS,2021-08-25T09:17:00,ENVIRONMENTAL MONITORING STATUTORY (EU DIRECTIVES),RIVER / RUNNING SURFACE WATER,9901,"Oxygen, Dissolved, % Saturation",89.1,PERCENTAGE
https://environment.data.gov.uk/water-quality/sampling-point/TH-PRTS0002/sample/1362215/observation/9924,TH-PRTS0002,THAMES - UPSTREAM OF CS1 INTAKE,-0.5821,51.4804,Thames,THAMES - WEST THAMES,Multiple Values,OPEN,FRESHWATER - RIVERS,2021-08-25T09:17:00,ENVIRONMENTAL MONITORING STATUTORY (EU DIRECTIVES),RIVER / RUNNING SURFACE WATER,9924,"Oxygen, Dissolved as O2",8.38,MILLIGRAM PER LITRE
https://environment.data.gov.uk/water-quality/sampling-point/TH-PRTS0002/sample/1362250/observation/0061,TH-PRTS0002,THAMES - UPSTREAM OF CS1 INTAKE,-0.5821,51.4804,Thames,THAMES - WEST THAMES,Multiple Values,OPEN,FRESHWATER - RIVERS,2021-08-26T09:34:00,PLANNED INVESTIGATION (NATIONAL AGENCY POLICY),RIVER / RUNNING SURFACE WATER,0061,pH,8.2,PH UNITS
https://environment.data.gov.uk/water-quality/sampling-point/TH-PRTS0002/sample/1362250/observation/0076,TH-PRTS0002,THAMES - UPSTREAM OF CS1 INTAKE,-0.5821,51.4804,Thames,THAMES - WEST THAMES,Multiple Values,OPEN,FRESHWATER - RIVERS,2021-08-26T09:34:00,PLANNED INVESTIGATION (NATIONAL AGENCY POLICY),RIVER / RUNNING SURFACE WATER,0076,Temperature of Water,18.5,CELSIUS
https://environment.data.gov.uk/water-quality/sampling-point/TH-PRTS0002/sample/1362250/observation/0111,TH-PRTS0002,THAMES - UPSTREAM OF CS1 INTAKE,-0.5821,51.4804,Thames,THAMES - WEST THAMES,Multiple Values,OPEN,FRESHWATER - RIVERS,2021-08-26T09:34:00,PLANNED INVESTIGATION (NATIONAL AGENCY POLICY),RIVER / RUNNING SURFACE WATER,0111,Ammoniacal Nitrogen as N,<0.03,MILLIGRAM PER LITRE
https://environment.data.gov.uk/water-quality/sampling-point/TH-PRTS0002/sample/1362250/observation/0119,TH-PRTS0002,THAMES - UPSTREAM OF CS1 INTAKE,-0.5821,51.4804,Thames,THAMES - WEST THAMES,Multiple Values,OPEN,FRESHWATER - RIVERS,2021-08-26T09:34:00,PLANNED INVESTIGATION (NATIONAL AGENCY POLICY),RIVER / RUNNING SURFACE WATER,0119,Ammonia un-ionised as N,<0.00102,MILLIGRAM PER LITRE
https://environment.data.gov.uk/water-quality/sampling-point/TH-PRTS0002/sample/1362250/observation/0135,TH-PRTS0002,THAMES - UPSTREAM OF CS1 INTAKE,-0.5821,51.4804,Thames,THAMES - WEST THAMES,Multiple Values,OPEN,FRESHWATER - RIVERS,2021-08-26T09:34:00,PLANNED INVESTIGATION (NATIONAL AGENCY POLICY),RIVER / RUNNING SURFACE WATER,0135,"Solids, Suspended at 105 C",9.6,MILLIGRAM PER LITRE
https://environment.data.gov.uk/water-quality/sampling-point/TH-PRTS0002/sample/1362250/observation/0180,TH-PRTS0002,THAMES - UPSTREAM OF CS1 INTAKE,-0.5821,51.4804,Thames,THAMES - WEST THAMES,Multiple Values,OPEN,FRESHWATER - RIVERS,2021-08-26T09:34:00,PLANNED INVESTIGATION (NATIONAL AGENCY POLICY),RIVER / RUNNING SURFACE WATER,0180,"Orthophosphate, reactive as P",0.17,MILLIGRAM PER LITRE
https://environment.data.gov.uk/water-quality/sampling-point/TH-PRTS0002/sample/1362250/observation/7608,TH-PRTS0002,THAMES - UPSTREAM OF CS1 INTAKE,-0.5821,51.4804,Thames,THAMES - WEST THAMES,Multiple Values,OPEN,FRESHWATER - RIVERS,2021-08-26T09:34:00,PLANNED INVESTIGATION (NATIONAL AGENCY POLICY),RIVER / RUNNING SURFACE WATER,7608,Salinity : In Situ,0.34,Parts per thousand
https://environment.data.gov.uk/water-quality/sampling-point/TH-PRTS0002/sample/1362250/observation/9901,TH-PRTS0002,THAMES - UPSTREAM OF CS1 INTAKE,-0.5821,51.4804,Thames,THAMES - WEST THAMES,Multiple Values,OPEN,FRESHWATER - RIVERS,2021-08-26T09:34:00,PLANNED INVESTIGATION (NATIONAL AGENCY POLICY),RIVER / RUNNING SURFACE WATER,9901,"Oxygen, Dissolved, % Saturation",92.3,PERCENTAGE
https://environment.data.gov.uk/water-quality/sampling-point/TH-PRTS0002/sample/1362250/observation/9924,TH-PRTS0002,THAMES - UPSTREAM OF CS1 INTAKE,-0.5821,51.4804,Thames,THAMES - WEST THAMES,Multiple Values,OPEN,FRESHWATER - RIVERS,2021-08-26T09:34:00,PLANNED INVESTIGATION (NATIONAL AGENCY POLICY),RIVER / RUNNING SURFACE WATER,9924,"Oxygen, Dissolved as O2",8.61,MILLIGRAM PER LITRE
https://environment.data.gov.uk/water-quality/sampling-point/TH-PRTS0002/sample/1362289/observation/0061,TH-PRTS0002,THAMES - UPSTREAM OF CS1 INTAKE,-0.5821,51.4804,Thames,THAMES - WEST THAMES,Multiple Values,OPEN,FRESHWATER - RIVERS,2021-08-26T09:10:00,PLANNED INVESTIGATION (LOCAL MONITORING),RIVER / RUNNING SURFACE WATER,0061,pH,8.2,PH UNITS
https://environment.data.gov.uk/water-quality/sampling-point/TH-PRTS0002/sample/1362289/observation/0076,TH-PRTS0002,THAMES - UPSTREAM OF CS1 INTAKE,-0.5821,51.4804,Thames,THAMES - WEST THAMES,Multiple Values,OPEN,FRESHWATER - RIVERS,2021-08-26T09:10:00,PLANNED INVESTIGATION (LOCAL MONITORING),RIVER / RUNNING SURFACE WATER,0076,Temperature of Water,18.5,CELSIUS
https://environment.data.gov.uk/water-quality/sampling-point/TH-PRTS0002/sample/1362289/observation/2958,TH-PRTS0002,THAMES - UPSTREAM OF CS1 INTAKE,-0.5821,51.4804,Thames,THAMES - WEST THAMES,Multiple Values,OPEN,FRESHWATER - RIVERS,2021-08-26T09:10:00,PLANNED INVESTIGATION (LOCAL MONITORING),RIVER / RUNNING SURFACE WATER,2958,Perfluorooctanesulfonic acid (total),0.0057,MICROGRAM PER LITRE
https://environment.data.gov.uk/water-quality/sampling-point/TH-PRTS0002/sample/1362289/observation/2959,TH-PRTS0002,THAMES - UPSTREAM OF CS1 INTAKE,-0.5821,51.4804,Thames,THAMES - WEST THAMES,Multiple Values,OPEN,FRESHWATER - RIVERS,2021-08-26T09:10:00,PLANNED INVESTIGATION (LOCAL MONITORING),RIVER / RUNNING SURFACE WATER,2959,Perfluorooctanesulfonic acid (linear),0.003,MICROGRAM PER LITRE
https://environment.data.gov.uk/water-quality/sampling-point/TH-PRTS0002/sample/1362289/observation/2960,TH-PRTS0002,THAMES - UPSTREAM OF CS1 INTAKE,-0.5821,51.4804,Thames,THAMES - WEST THAMES,Multiple Values,OPEN,FRESHWATER - RIVERS,2021-08-26T09:10:00,PLANNED INVESTIGATION (LOCAL MONITORING),RIVER / RUNNING SURFACE WATER,2960,Perfluorooctanesulfonic acid (branched),0.0027,MICROGRAM PER LITRE
https://environment.data.gov.uk/water-quality/sampling-point/TH-PRTS0002/sample/1362289/observation/7434,TH-PRTS0002,THAMES - UPSTREAM OF CS1 INTAKE,-0.5821,51.4804,Thames,THAMES - WEST THAMES,Multiple Values,OPEN,FRESHWATER - RIVERS,2021-08-26T09:10:00,PLANNED INVESTIGATION (LOCAL MONITORING),RIVER / RUNNING SURFACE WATER,7434,National Grid Reference : Whole : Field report,1,UNITLESS VALUE
https://environment.data.gov.uk/water-quality/sampling-point/TH-PRTS0002/sample/1362289/observation/7608,TH-PRTS0002,THAMES - UPSTREAM OF CS1 INTAKE,-0.5821,51.4804,Thames,THAMES - WEST THAMES,Multiple Values,OPEN,FRESHWATER - RIVERS,2021-08-26T09:10:00,PLANNED INVESTIGATION (LOCAL MONITORING),RIVER / RUNNING SURFACE WATER,7608,Salinity : In Situ,0.34,Parts per thousand
https://environment.data.gov.uk/water-quality/sampling-point/TH-PRTS0002/sample/1362289/observation/9274,TH-PRTS0002,THAMES - UPSTREAM OF CS1 INTAKE,-0.5821,51.4804,Thames,THAMES - WEST THAMES,Multiple Values,OPEN,FRESHWATER - RIVERS,2021-08-26T09:10:00,PLANNED INVESTIGATION (LOCAL MONITORING),RIVER / RUNNING SURFACE WATER,9274,Perfluorooctanoate anion,0.0029,MICROGRAM PER LITRE
https://environment.data.gov.uk/water-quality/sampling-point/TH-PRTS0002/sample/1362289/observation/9276,TH-PRTS0002,THAMES - UPSTREAM OF CS1 INTAKE,-0.5821,51.4804,Thames,THAMES - WEST THAMES,Multiple Values,OPEN,FRESHWATER - RIVERS,2021-08-26T09:10:00,PLANNED INVESTIGATION (LOCAL MONITORING),RIVER / RUNNING SURFACE WATER,9276,Perfluorooctylsulphonate anion,0.0042,MICROGRAM PER LITRE
https://environment.data.gov.uk/water-quality/sampling-point/TH-PRTS0002/sample/1362289/observation/9901,TH-PRTS0002,THAMES - UPSTREAM OF CS1 INTAKE,-0.5821,51.4804,Thames,THAMES - WEST THAMES,Multiple Values,OPEN,FRESHWATER - RIVERS,2021-08-26T09:10:00,PLANNED INVESTIGATION (LOCAL MONITORING),RIVER / RUNNING SURFACE WATER,9901,"Oxygen, Dissolved, % Saturation",92.3,PERCENTAGE
https://environment.data.gov.uk/water-quality/sampling-point/TH-PRTS0002/sample/1362348/observation/0061,TH-PRTS0002,THAMES - UPSTREAM OF CS1 INTAKE,-0.5821,51.4804,Thames,THAMES - WEST THAMES,Multiple Values,OPEN,FRESHWATER - RIVERS,2021-08-31T08:13:00,ENVIRONMENTAL MONITORING STATUTORY (EU DIRECTIVES),RIVER / RUNNING SURFACE WATER,0061,pH,8.05,PH UNITS
https://environment.data.gov.uk/water-quality/sampling-point/TH-PRTS0002/sample/1362348/observation/0076,TH-PRTS0002,THAMES - UPSTREAM OF CS1 INTAKE,-0.5821,51.4804,Thames,THAMES - WEST THAMES,Multiple Values,OPEN,FRESHWATER - RIVERS,2021-08-31T08:13:00,ENVIRONMENTAL MONITORING STATUTORY (EU DIRECTIVES),RIVER / RUNNING SURFACE WATER,0076,Temperature of Water,16.5,CELSIUS
https://environment.data.gov.uk/water-quality/sampling-point/TH-PRTS0002/sample/1362348/observation/0111,TH-PRTS0002,THAMES - UPSTREAM OF CS1 INTAKE,-0.5821,51.4804,Thames,THAMES - WEST THAMES,Multiple Values,OPEN,FRESHWATER - RIVERS,2021-08-31T08:13:00,ENVIRONMENTAL MONITORING STATUTORY (EU DIRECTIVES),RIVER / RUNNING SURFACE WATER,0111,Ammoniacal Nitrogen as N,<0.03,MILLIGRAM PER LITRE
https://environment.data.gov.uk/water-quality/sampling-point/TH-PRTS0002/sample/1362348/observation/0119,TH-PRTS0002,THAMES - UPSTREAM OF CS1 INTAKE,-0.5821,51.4804,Thames,THAMES - WEST THAMES,Multiple Values,OPEN,FRESHWATER - RIVERS,2021-08-31T08:13:00,ENVIRONMENTAL MONITORING STATUTORY (EU DIRECTIVES),RIVER / RUNNING SURFACE WATER,0119,Ammonia un-ionised as N,<0.00088,MILLIGRAM PER LITRE
https://environment.data.gov.uk/water-quality/sampling-point/TH-PRTS0002/sample/1362348/observation/2348,TH-PRTS0002,THAMES - UPSTREAM OF CS1 INTAKE,-0.5821,51.4804,Thames,THAMES - WEST THAMES,Multiple Values,OPEN,FRESHWATER - RIVERS,2021-08-31T08:13:00,ENVIRONMENTAL MONITORING STATUTORY (EU DIRECTIVES),RIVER / RUNNING SURFACE WATER,2348,Escherichia coli : Confirmed : MF,160,NUMBER PER HUNDRED MILLILITRES
https://environment.data.gov.uk/water-quality/sampling-point/TH-PRTS0002/sample/1362348/observation/3722,TH-PRTS0002,THAMES - UPSTREAM OF CS1 INTAKE,-0.5821,51.4804,Thames,THAMES - WEST THAMES,Multiple Values,OPEN,FRESHWATER - RIVERS,2021-08-31T08:13:00,ENVIRONMENTAL MONITORING STATUTORY (EU DIRECTIVES),RIVER / RUNNING SURFACE WATER,3722,Enterococci: Intestinal: Presumptive: MF,90,Colony Forming Units / 100ml
https://environment.data.gov.uk/water-quality/sampling-point/TH-PRTS0002/sample/1362348/observation/3723,TH-PRTS0002,THAMES - UPSTREAM OF CS1 INTAKE,-0.5821,51.4804,Thames,THAMES - WEST THAMES,Multiple Values,OPEN,FRESHWATER - RIVERS,2021-08-31T08:13:00,ENVIRONMENTAL MONITORING STATUTORY (EU DIRECTIVES),RIVER / RUNNING SURFACE WATER,3723,Enterococci: Intestinal: Confirmed: MF,72,Colony Forming Units / 100ml
https://environment.data.gov.uk/water-quality/sampling-point/TH-PRTS0002/sample/1362348/observation/7608,TH-PRTS0002,THAMES - UPSTREAM OF CS1 INTAKE,-0.5821,51.4804,Thames,THAMES - WEST THAMES,Multiple Values,OPEN,FRESHWATER - RIVERS,2021-08-31T08:13:00,ENVIRONMENTAL MONITORING STATUTORY (EU DIRECTIVES),RIVER / RUNNING SURFACE WATER,7608,Salinity : In Situ,0.2,Parts per thousand
https://environment.data.gov.uk/water-quality/sampling-point/TH-PRTS0002/sample/1362348/observation/9901,TH-PRTS0002,THAMES - UPSTREAM OF CS1 INTAKE,-0.5821,51.4804,Thames,THAMES - WEST THAMES,Multiple Values,OPEN,FRESHWATER - RIVERS,2021-08-31T08:13:00,ENVIRONMENTAL MONITORING STATUTORY (EU DIRECTIVES),RIVER / RUNNING SURFACE WATER,9901,"Oxygen, Dissolved, % Saturation",76.3,PERCENTAGE
https://environment.data.gov.uk/water-quality/sampling-point/TH-PRTS0002/sample/1362348/observation/9924,TH-PRTS0002,THAMES - UPSTREAM OF CS1 INTAKE,-0.5821,51.4804,Thames,THAMES - WEST THAMES,Multiple Values,OPEN,FRESHWATER - RIVERS,2021-08-31T08:13:00,ENVIRONMENTAL MONITORING STATUTORY (EU DIRECTIVES),RIVER / RUNNING SURFACE WATER,9924,"Oxygen, Dissolved as O2",7.42,MILLIGRAM PER LITRE
https://environment.data.gov.uk/water-quality/sampling-point/TH-PRTS0002/sample/1362452/observation/0061,TH-PRTS0002,THAMES - UPSTREAM OF CS1 INTAKE,-0.5821,51.4804,Thames,THAMES - WEST THAMES,Multiple Values,OPEN,FRESHWATER - RIVERS,2021-09-06T09:42:00,ENVIRONMENTAL MONITORING STATUTORY (EU DIRECTIVES),RIVER / RUNNING SURFACE WATER,0061,pH,8.08,PH UNITS
https://environment.data.gov.uk/water-quality/sampling-point/TH-PRTS0002/sample/1362452/observation/0076,TH-PRTS0002,THAMES - UPSTREAM OF CS1 INTAKE,-0.5821,51.4804,Thames,THAMES - WEST THAMES,Multiple Values,OPEN,FRESHWATER - RIVERS,2021-09-06T09:42:00,ENVIRONMENTAL MONITORING STATUTORY (EU DIRECTIVES),RIVER / RUNNING SURFACE WATER,0076,Temperature of Water,17.6,CELSIUS
https://environment.data.gov.uk/water-quality/sampling-point/TH-PRTS0002/sample/1362452/observation/0111,TH-PRTS0002,THAMES - UPSTREAM OF CS1 INTAKE,-0.5821,51.4804,Thames,THAMES - WEST THAMES,Multiple Values,OPEN,FRESHWATER - RIVERS,2021-09-06T09:42:00,ENVIRONMENTAL MONITORING STATUTORY (EU DIRECTIVES),RIVER / RUNNING SURFACE WATER,0111,Ammoniacal Nitrogen as N,<0.03,MILLIGRAM PER LITRE
https://environment.data.gov.uk/water-quality/sampling-point/TH-PRTS0002/sample/1362452/observation/0119,TH-PRTS0002,THAMES - UPSTREAM OF CS1 INTAKE,-0.5821,51.4804,Thames,THAMES - WEST THAMES,Multiple Values,OPEN,FRESHWATER - RIVERS,2021-09-06T09:42:00,ENVIRONMENTAL MONITORING STATUTORY (EU DIRECTIVES),RIVER / RUNNING SURFACE WATER,0119,Ammonia un-ionised as N,<0.00095,MILLIGRAM PER LITRE
https://environment.data.gov.uk/water-quality/sampling-point/TH-PRTS0002/sample/1362452/observation/2348,TH-PRTS0002,THAMES - UPSTREAM OF CS1 INTAKE,-0.5821,51.4804,Thames,THAMES - WEST THAMES,Multiple Values,OPEN,FRESHWATER - RIVERS,2021-09-06T09:42:00,ENVIRONMENTAL MONITORING STATUTORY (EU DIRECTIVES),RIVER / RUNNING SURFACE WATER,2348,Escherichia coli : Confirmed : MF,270,NUMBER PER HUNDRED MILLILITRES
https://environment.data.gov.uk/water-quality/sampling-point/TH-PRTS0002/sample/1362452/observation/3722,TH-PRTS0002,THAMES - UPSTREAM OF CS1 INTAKE,-0.5821,51.4804,Thames,THAMES - WEST THAMES,Multiple Values,OPEN,FRESHWATER - RIVERS,2021-09-06T09:42:00,ENVIRONMENTAL MONITORING STATUTORY (EU DIRECTIVES),RIVER / RUNNING SURFACE WATER,3722,Enterococci: Intestinal: Presumptive: MF,380,Colony Forming Units / 100ml
https://environment.data.gov.uk/water-quality/sampling-point/TH-PRTS0002/sample/1362452/observation/3723,TH-PRTS0002,THAMES - UPSTREAM OF CS1 INTAKE,-0.5821,51.4804,Thames,THAMES - WEST THAMES,Multiple Values,OPEN,FRESHWATER - RIVERS,2021-09-06T09:42:00,ENVIRONMENTAL MONITORING STATUTORY (EU DIRECTIVES),RIVER / RUNNING SURFACE WATER,3723,Enterococci: Intestinal: Confirmed: MF,380,Colony Forming Units / 100ml
https://environment.data.gov.uk/water-quality/sampling-point/TH-PRTS0002/sample/1362452/observation/7608,TH-PRTS0002,THAMES - UPSTREAM OF CS1 INTAKE,-0.5821,51.4804,Thames,THAMES - WEST THAMES,Multiple Values,OPEN,FRESHWATER - RIVERS,2021-09-06T09:42:00,ENVIRONMENTAL MONITORING STATUTORY (EU DIRECTIVES),RIVER / RUNNING SURFACE WATER,7608,Salinity : In Situ,0.35,Parts per thousand
https://environment.data.gov.uk/water-quality/sampling-point/TH-PRTS0002/sample/1362452/observation/9901,TH-PRTS0002,THAMES - UPSTREAM OF CS1 INTAKE,-0.5821,51.4804,Thames,THAMES - WEST THAMES,Multiple Values,OPEN,FRESHWATER - RIVERS,2021-09-06T09:42:00,ENVIRONMENTAL MONITORING STATUTORY (EU DIRECTIVES),RIVER / RUNNING SURFACE WATER,9901,"Oxygen, Dissolved, % Saturation",94.8,PERCENTAGE
https://environment.data.gov.uk/water-quality/sampling-point/TH-PRTS0002/sample/1362452/observation/9924,TH-PRTS0002,THAMES - UPSTREAM OF CS1 INTAKE,-0.5821,51.4804,Thames,THAMES - WEST THAMES,Multiple Values,OPEN,FRESHWATER - RIVERS,2021-09-06T09:42:00,ENVIRONMENTAL MONITORING STATUTORY (EU DIRECTIVES),RIVER / RUNNING SURFACE WATER,9924,"Oxygen, Dissolved as O2",9.01,MILLIGRAM PER LITRE
https://environment.data.gov.uk/water-quality/sampling-point/TH-PRTS0002/sample/1362573/observation/0061,TH-PRTS0002,THAMES - UPSTREAM OF CS1 INTAKE,-0.5821,51.4804,Thames,THAMES - WEST THAMES,Multiple Values,OPEN,FRESHWATER - RIVERS,2021-09-12T08:46:00,ENVIRONMENTAL MONITORING STATUTORY (EU DIRECTIVES),RIVER / RUNNING SURFACE WATER,0061,pH,7.85,PH UNITS
https://environment.data.gov.uk/water-quality/sampling-point/TH-PRTS0002/sample/1362573/observation/0076,TH-PRTS0002,THAMES - UPSTREAM OF CS1 INTAKE,-0.5821,51.4804,Thames,THAMES - WEST THAMES,Multiple Values,OPEN,FRESHWATER - RIVERS,2021-09-12T08:46:00,ENVIRONMENTAL MONITORING STATUTORY (EU DIRECTIVES),RIVER / RUNNING SURFACE WATER,0076,Temperature of Water,18.1,CELSIUS
https://environment.data.gov.uk/water-quality/sampling-point/TH-PRTS0002/sample/1362573/observation/0111,TH-PRTS0002,THAMES - UPSTREAM OF CS1 INTAKE,-0.5821,51.4804,Thames,THAMES - WEST THAMES,Multiple Values,OPEN,FRESHWATER - RIVERS,2021-09-12T08:46:00,ENVIRONMENTAL MONITORING STATUTORY (EU DIRECTIVES),RIVER / RUNNING SURFACE WATER,0111,Ammoniacal Nitrogen as N,<0.03,MILLIGRAM PER LITRE
https://environment.data.gov.uk/water-quality/sampling-point/TH-PRTS0002/sample/1362573/observation/0119,TH-PRTS0002,THAMES - UPSTREAM OF CS1 INTAKE,-0.5821,51.4804,Thames,THAMES - WEST THAMES,Multiple Values,OPEN,FRESHWATER - RIVERS,2021-09-12T08:46:00,ENVIRONMENTAL MONITORING STATUTORY (EU DIRECTIVES),RIVER / RUNNING SURFACE WATER,0119,Ammonia un-ionised as N,<0.00071,MILLIGRAM PER LITRE
https://environment.data.gov.uk/water-quality/sampling-point/TH-PRTS0002/sample/1362573/observation/2348,TH-PRTS0002,THAMES - UPSTREAM OF CS1 INTAKE,-0.5821,51.4804,Thames,THAMES - WEST THAMES,Multiple Values,OPEN,FRESHWATER - RIVERS,2021-09-12T08:46:00,ENVIRONMENTAL MONITORING STATUTORY (EU DIRECTIVES),RIVER / RUNNING SURFACE WATER,2348,Escherichia coli : Confirmed : MF,320,NUMBER PER HUNDRED MILLILITRES
https://environment.data.gov.uk/water-quality/sampling-point/TH-PRTS0002/sample/1362573/observation/3722,TH-PRTS0002,THAMES - UPSTREAM OF CS1 INTAKE,-0.5821,51.4804,Thames,THAMES - WEST THAMES,Multiple Values,OPEN,FRESHWATER - RIVERS,2021-09-12T08:46:00,ENVIRONMENTAL MONITORING STATUTORY (EU DIRECTIVES),RIVER / RUNNING SURFACE WATER,3722,Enterococci: Intestinal: Presumptive: MF,240,Colony Forming Units / 100ml
https://environment.data.gov.uk/water-quality/sampling-point/TH-PRTS0002/sample/1362573/observation/3723,TH-PRTS0002,THAMES - UPSTREAM OF CS1 INTAKE,-0.5821,51.4804,Thames,THAMES - WEST THAMES,Multiple Values,OPEN,FRESHWATER - RIVERS,2021-09-12T08:46:00,ENVIRONMENTAL MONITORING STATUTORY (EU DIRECTIVES),RIVER / RUNNING SURFACE WATER,3723,Enterococci: Intestinal: Confirmed: MF,220,Colony Forming Units / 100ml
https://environment.data.gov.uk/water-quality/sampling-point/TH-PRTS0002/sample/1362573/observation/7608,TH-PRTS0002,THAMES - UPSTREAM OF CS1 INTAKE,-0.5821,51.4804,Thames,THAMES - WEST THAMES,Multiple Values,OPEN,FRESHWATER - RIVERS,2021-09-12T08:46:00,ENVIRONMENTAL MONITORING STATUTORY (EU DIRECTIVES),RIVER / RUNNING SURFACE WATER,7608,Salinity : In Situ,0.35,Parts per thousand
https://environment.data.gov.uk/water-quality/sampling-point/TH-PRTS0002/sample/1362573/observation/9901,TH-PRTS0002,THAMES - UPSTREAM OF CS1 INTAKE,-0.5821,51.4804,Thames,THAMES - WEST THAMES,Multiple Values,OPEN,FRESHWATER - RIVERS,2021-09-12T08:46:00,ENVIRONMENTAL MONITORING STATUTORY (EU DIRECTIVES),RIVER / RUNNING SURFACE WATER,9901,"Oxygen, Dissolved, % Saturation",86.3,PERCENTAGE
https://environment.data.gov.uk/water-quality/sampling-point/TH-PRTS0002/sample/1362573/observation/9924,TH-PRTS0002,THAMES - UPSTREAM OF CS1 INTAKE,-0.5821,51.4804,Thames,THAMES - WEST THAMES,Multiple Values,OPEN,FRESHWATER - RIVERS,2021-09-12T08:46:00,ENVIRONMENTAL MONITORING STATUTORY (EU DIRECTIVES),RIVER / RUNNING SURFACE WATER,9924,"Oxygen, Dissolved as O2",8.12,MILLIGRAM PER LITRE
https://environment.data.gov.uk/water-quality/sampling-point/TH-PRTS0002/sample/1362761/observation/0061,TH-PRTS0002,THAMES - UPSTREAM OF CS1 INTAKE,-0.5821,51.4804,Thames,THAMES - WEST THAMES,Multiple Values,OPEN,FRESHWATER - RIVERS,2021-09-17T09:26:00,ENVIRONMENTAL MONITORING STATUTORY (EU DIRECTIVES),RIVER / RUNNING SURFACE WATER,0061,pH,8.03,PH UNITS
https://environment.data.gov.uk/water-quality/sampling-point/TH-PRTS0002/sample/1362761/observation/0076,TH-PRTS0002,THAMES - UPSTREAM OF CS1 INTAKE,-0.5821,51.4804,Thames,THAMES - WEST THAMES,Multiple Values,OPEN,FRESHWATER - RIVERS,2021-09-17T09:26:00,ENVIRONMENTAL MONITORING STATUTORY (EU DIRECTIVES),RIVER / RUNNING SURFACE WATER,0076,Temperature of Water,17.8,CELSIUS
https://environment.data.gov.uk/water-quality/sampling-point/TH-PRTS0002/sample/1362761/observation/0111,TH-PRTS0002,THAMES - UPSTREAM OF CS1 INTAKE,-0.5821,51.4804,Thames,THAMES - WEST THAMES,Multiple Values,OPEN,FRESHWATER - RIVERS,2021-09-17T09:26:00,ENVIRONMENTAL MONITORING STATUTORY (EU DIRECTIVES),RIVER / RUNNING SURFACE WATER,0111,Ammoniacal Nitrogen as N,<0.03,MILLIGRAM PER LITRE
https://environment.data.gov.uk/water-quality/sampling-point/TH-PRTS0002/sample/1362761/observation/0119,TH-PRTS0002,THAMES - UPSTREAM OF CS1 INTAKE,-0.5821,51.4804,Thames,THAMES - WEST THAMES,Multiple Values,OPEN,FRESHWATER - RIVERS,2021-09-17T09:26:00,ENVIRONMENTAL MONITORING STATUTORY (EU DIRECTIVES),RIVER / RUNNING SURFACE WATER,0119,Ammonia un-ionised as N,<0.00097,MILLIGRAM PER LITRE
https://environment.data.gov.uk/water-quality/sampling-point/TH-PRTS0002/sample/1362761/observation/2348,TH-PRTS0002,THAMES - UPSTREAM OF CS1 INTAKE,-0.5821,51.4804,Thames,THAMES - WEST THAMES,Multiple Values,OPEN,FRESHWATER - RIVERS,2021-09-17T09:26:00,ENVIRONMENTAL MONITORING STATUTORY (EU DIRECTIVES),RIVER / RUNNING SURFACE WATER,2348,Escherichia coli : Confirmed : MF,410,NUMBER PER HUNDRED MILLILITRES
https://environment.data.gov.uk/water-quality/sampling-point/TH-PRTS0002/sample/1362761/observation/3722,TH-PRTS0002,THAMES - UPSTREAM OF CS1 INTAKE,-0.5821,51.4804,Thames,THAMES - WEST THAMES,Multiple Values,OPEN,FRESHWATER - RIVERS,2021-09-17T09:26:00,ENVIRONMENTAL MONITORING STATUTORY (EU DIRECTIVES),RIVER / RUNNING SURFACE WATER,3722,Enterococci: Intestinal: Presumptive: MF,320,Colony Forming Units / 100ml
https://environment.data.gov.uk/water-quality/sampling-point/TH-PRTS0002/sample/1362761/observation/3723,TH-PRTS0002,THAMES - UPSTREAM OF CS1 INTAKE,-0.5821,51.4804,Thames,THAMES - WEST THAMES,Multiple Values,OPEN,FRESHWATER - RIVERS,2021-09-17T09:26:00,ENVIRONMENTAL MONITORING STATUTORY (EU DIRECTIVES),RIVER / RUNNING SURFACE WATER,3723,Enterococci: Intestinal: Confirmed: MF,320,Colony Forming Units / 100ml
https://environment.data.gov.uk/water-quality/sampling-point/TH-PRTS0002/sample/1362761/observation/7608,TH-PRTS0002,THAMES - UPSTREAM OF CS1 INTAKE,-0.5821,51.4804,Thames,THAMES - WEST THAMES,Multiple Values,OPEN,FRESHWATER - RIVERS,2021-09-17T09:26:00,ENVIRONMENTAL MONITORING STATUTORY (EU DIRECTIVES),RIVER / RUNNING SURFACE WATER,7608,Salinity : In Situ,0.35,Parts per thousand
https://environment.data.gov.uk/water-quality/sampling-point/TH-PRTS0002/sample/1362761/observation/9901,TH-PRTS0002,THAMES - UPSTREAM OF CS1 INTAKE,-0.5821,51.4804,Thames,THAMES - WEST THAMES,Multiple Values,OPEN,FRESHWATER - RIVERS,2021-09-17T09:26:00,ENVIRONMENTAL MONITORING STATUTORY (EU DIRECTIVES),RIVER / RUNNING SURFACE WATER,9901,"Oxygen, Dissolved, % Saturation",96.3,PERCENTAGE
https://environment.data.gov.uk/water-quality/sampling-point/TH-PRTS0002/sample/1362761/observation/9924,TH-PRTS0002,THAMES - UPSTREAM OF CS1 INTAKE,-0.5821,51.4804,Thames,THAMES - WEST THAMES,Multiple Values,OPEN,FRESHWATER - RIVERS,2021-09-17T09:26:00,ENVIRONMENTAL MONITORING STATUTORY (EU DIRECTIVES),RIVER / RUNNING SURFACE WATER,9924,"Oxygen, Dissolved as O2",9.11,MILLIGRAM PER LITRE
https://environment.data.gov.uk/water-quality/sampling-point/TH-PRTS0002/sample/1363274/observation/0061,TH-PRTS0002,THAMES - UPSTREAM OF CS1 INTAKE,-0.5821,51.4804,Thames,THAMES - WEST THAMES,Multiple Values,OPEN,FRESHWATER - RIVERS,2021-09-22T09:17:00,ENVIRONMENTAL MONITORING STATUTORY (EU DIRECTIVES),RIVER / RUNNING SURFACE WATER,0061,pH,8.07,PH UNITS
https://environment.data.gov.uk/water-quality/sampling-point/TH-PRTS0002/sample/1363274/observation/0076,TH-PRTS0002,THAMES - UPSTREAM OF CS1 INTAKE,-0.5821,51.4804,Thames,THAMES - WEST THAMES,Multiple Values,OPEN,FRESHWATER - RIVERS,2021-09-22T09:17:00,ENVIRONMENTAL MONITORING STATUTORY (EU DIRECTIVES),RIVER / RUNNING SURFACE WATER,0076,Temperature of Water,16.3,CELSIUS
https://environment.data.gov.uk/water-quality/sampling-point/TH-PRTS0002/sample/1363274/observation/0111,TH-PRTS0002,THAMES - UPSTREAM OF CS1 INTAKE,-0.5821,51.4804,Thames,THAMES - WEST THAMES,Multiple Values,OPEN,FRESHWATER - RIVERS,2021-09-22T09:17:00,ENVIRONMENTAL MONITORING STATUTORY (EU DIRECTIVES),RIVER / RUNNING SURFACE WATER,0111,Ammoniacal Nitrogen as N,<0.03,MILLIGRAM PER LITRE
https://environment.data.gov.uk/water-quality/sampling-point/TH-PRTS0002/sample/1363274/observation/0119,TH-PRTS0002,THAMES - UPSTREAM OF CS1 INTAKE,-0.5821,51.4804,Thames,THAMES - WEST THAMES,Multiple Values,OPEN,FRESHWATER - RIVERS,2021-09-22T09:17:00,ENVIRONMENTAL MONITORING STATUTORY (EU DIRECTIVES),RIVER / RUNNING SURFACE WATER,0119,Ammonia un-ionised as N,<0.00087,MILLIGRAM PER LITRE
https://environment.data.gov.uk/water-quality/sampling-point/TH-PRTS0002/sample/1363274/observation/2348,TH-PRTS0002,THAMES - UPSTREAM OF CS1 INTAKE,-0.5821,51.4804,Thames,THAMES - WEST THAMES,Multiple Values,OPEN,FRESHWATER - RIVERS,2021-09-22T09:17:00,ENVIRONMENTAL MONITORING STATUTORY (EU DIRECTIVES),RIVER / RUNNING SURFACE WATER,2348,Escherichia coli : Confirmed : MF,360,NUMBER PER HUNDRED MILLILITRES
https://environment.data.gov.uk/water-quality/sampling-point/TH-PRTS0002/sample/1363274/observation/3722,TH-PRTS0002,THAMES - UPSTREAM OF CS1 INTAKE,-0.5821,51.4804,Thames,THAMES - WEST THAMES,Multiple Values,OPEN,FRESHWATER - RIVERS,2021-09-22T09:17:00,ENVIRONMENTAL MONITORING STATUTORY (EU DIRECTIVES),RIVER / RUNNING SURFACE WATER,3722,Enterococci: Intestinal: Presumptive: MF,210,Colony Forming Units / 100ml
https://environment.data.gov.uk/water-quality/sampling-point/TH-PRTS0002/sample/1363274/observation/3723,TH-PRTS0002,THAMES - UPSTREAM OF CS1 INTAKE,-0.5821,51.4804,Thames,THAMES - WEST THAMES,Multiple Values,OPEN,FRESHWATER - RIVERS,2021-09-22T09:17:00,ENVIRONMENTAL MONITORING STATUTORY (EU DIRECTIVES),RIVER / RUNNING SURFACE WATER,3723,Enterococci: Intestinal: Confirmed: MF,210,Colony Forming Units / 100ml
https://environment.data.gov.uk/water-quality/sampling-point/TH-PRTS0002/sample/1363274/observation/7608,TH-PRTS0002,THAMES - UPSTREAM OF CS1 INTAKE,-0.5821,51.4804,Thames,THAMES - WEST THAMES,Multiple Values,OPEN,FRESHWATER - RIVERS,2021-09-22T09:17:00,ENVIRONMENTAL MONITORING STATUTORY (EU DIRECTIVES),RIVER / RUNNING SURFACE WATER,7608,Salinity : In Situ,0.35,Parts per thousand
https://environment.data.gov.uk/water-quality/sampling-point/TH-PRTS0002/sample/1363274/observation/9901,TH-PRTS0002,THAMES - UPSTREAM OF CS1 INTAKE,-0.5821,51.4804,Thames,THAMES - WEST THAMES,Multiple Values,OPEN,FRESHWATER - RIVERS,2021-09-22T09:17:00,ENVIRONMENTAL MONITORING STATUTORY (EU DIRECTIVES),RIVER / RUNNING SURFACE WATER,9901,"Oxygen, Dissolved, % Saturation",97.1,PERCENTAGE
https://environment.data.gov.uk/water-quality/sampling-point/TH-PRTS0002/sample/1363274/observation/9924,TH-PRTS0002,THAMES - UPSTREAM OF CS1 INTAKE,-0.5821,51.4804,Thames,THAMES - WEST THAMES,Multiple Values,OPEN,FRESHWATER - RIVERS,2021-09-22T09:17:00,ENVIRONMENTAL MONITORING STATUTORY (EU DIRECTIVES),RIVER / RUNNING SURFACE WATER,9924,"Oxygen, Dissolved as O2",9.48,MILLIGRAM PER LITRE
https://environment.data.gov.uk/water-quality/sampling-point/TH-PRTS0002/sample/1366068/observation/0061,TH-PRTS0002,THAMES - UPSTREAM OF CS1 INTAKE,-0.5821,51.4804,Thames,THAMES - WEST THAMES,Multiple Values,OPEN,FRESHWATER - RIVERS,2021-09-24T10:05:00,PLANNED INVESTIGATION (LOCAL MONITORING),RIVER / RUNNING SURFACE WATER,0061,pH,7.99,PH UNITS
https://environment.data.gov.uk/water-quality/sampling-point/TH-PRTS0002/sample/1366068/observation/0076,TH-PRTS0002,THAMES - UPSTREAM OF CS1 INTAKE,-0.5821,51.4804,Thames,THAMES - WEST THAMES,Multiple Values,OPEN,FRESHWATER - RIVERS,2021-09-24T10:05:00,PLANNED INVESTIGATION (LOCAL MONITORING),RIVER / RUNNING SURFACE WATER,0076,Temperature of Water,16.4,CELSIUS
https://environment.data.gov.uk/water-quality/sampling-point/TH-PRTS0002/sample/1366068/observation/0077,TH-PRTS0002,THAMES - UPSTREAM OF CS1 INTAKE,-0.5821,51.4804,Thames,THAMES - WEST THAMES,Multiple Values,OPEN,FRESHWATER - RIVERS,2021-09-24T10:05:00,PLANNED INVESTIGATION (LOCAL MONITORING),RIVER / RUNNING SURFACE WATER,0077,Conductivity at 25 C,728,MICROSIEMENS PER CENTIMETRE
https://environment.data.gov.uk/water-quality/sampling-point/TH-PRTS0002/sample/1366068/observation/0664,TH-PRTS0002,THAMES - UPSTREAM OF CS1 INTAKE,-0.5821,51.4804,Thames,THAMES - WEST THAMES,Multiple Values,OPEN,FRESHWATER - RIVERS,2021-09-24T10:05:00,PLANNED INVESTIGATION (LOCAL MONITORING),RIVER / RUNNING SURFACE WATER,0664,"Visible oil or grease, significant trace: Present/Not found (1/0)",Not found,PRESENT/NOT FOUND
https://environment.data.gov.uk/water-quality/sampling-point/TH-PRTS0002/sample/1366068/observation/2958,TH-PRTS0002,THAMES - UPSTREAM OF CS1 INTAKE,-0.5821,51.4804,Thames,THAMES - WEST THAMES,Multiple Values,OPEN,FRESHWATER - RIVERS,2021-09-24T10:05:00,PLANNED INVESTIGATION (LOCAL MONITORING),RIVER / RUNNING SURFACE WATER,2958,Perfluorooctanesulfonic acid (total),0.0062,MICROGRAM PER LITRE
https://environment.data.gov.uk/water-quality/sampling-point/TH-PRTS0002/sample/1366068/observation/2959,TH-PRTS0002,THAMES - UPSTREAM OF CS1 INTAKE,-0.5821,51.4804,Thames,THAMES - WEST THAMES,Multiple Values,OPEN,FRESHWATER - RIVERS,2021-09-24T10:05:00,PLANNED INVESTIGATION (LOCAL MONITORING),RIVER / RUNNING SURFACE WATER,2959,Perfluorooctanesulfonic acid (linear),0.0034,MICROGRAM PER LITRE
https://environment.data.gov.uk/water-quality/sampling-point/TH-PRTS0002/sample/1366068/observation/2960,TH-PRTS0002,THAMES - UPSTREAM OF CS1 INTAKE,-0.5821,51.4804,Thames,THAMES - WEST THAMES,Multiple Values,OPEN,FRESHWATER - RIVERS,2021-09-24T10:05:00,PLANNED INVESTIGATION (LOCAL MONITORING),RIVER / RUNNING SURFACE WATER,2960,Perfluorooctanesulfonic acid (branched),0.0027,MICROGRAM PER LITRE
https://environment.data.gov.uk/water-quality/sampling-point/TH-PRTS0002/sample/1366068/observation/7608,TH-PRTS0002,THAMES - UPSTREAM OF CS1 INTAKE,-0.5821,51.4804,Thames,THAMES - WEST THAMES,Multiple Values,OPEN,FRESHWATER - RIVERS,2021-09-24T10:05:00,PLANNED INVESTIGATION (LOCAL MONITORING),RIVER / RUNNING SURFACE WATER,7608,Salinity : In Situ,0.36,Parts per thousand
https://environment.data.gov.uk/water-quality/sampling-point/TH-PRTS0002/sample/1366068/observation/9274,TH-PRTS0002,THAMES - UPSTREAM OF CS1 INTAKE,-0.5821,51.4804,Thames,THAMES - WEST THAMES,Multiple Values,OPEN,FRESHWATER - RIVERS,2021-09-24T10:05:00,PLANNED INVESTIGATION (LOCAL MONITORING),RIVER / RUNNING SURFACE WATER,9274,Perfluorooctanoate anion,0.0035,MICROGRAM PER LITRE
https://environment.data.gov.uk/water-quality/sampling-point/TH-PRTS0002/sample/1366068/observation/9276,TH-PRTS0002,THAMES - UPSTREAM OF CS1 INTAKE,-0.5821,51.4804,Thames,THAMES - WEST THAMES,Multiple Values,OPEN,FRESHWATER - RIVERS,2021-09-24T10:05:00,PLANNED INVESTIGATION (LOCAL MONITORING),RIVER / RUNNING SURFACE WATER,9276,Perfluorooctylsulphonate anion,0.007,MICROGRAM PER LITRE
https://environment.data.gov.uk/water-quality/sampling-point/TH-PRTS0002/sample/1366068/observation/9901,TH-PRTS0002,THAMES - UPSTREAM OF CS1 INTAKE,-0.5821,51.4804,Thames,THAMES - WEST THAMES,Multiple Values,OPEN,FRESHWATER - RIVERS,2021-09-24T10:05:00,PLANNED INVESTIGATION (LOCAL MONITORING),RIVER / RUNNING SURFACE WATER,9901,"Oxygen, Dissolved, % Saturation",82.4,PERCENTAGE
https://environment.data.gov.uk/water-quality/sampling-point/TH-PRTS0002/sample/1366075/observation/0061,TH-PRTS0002,THAMES - UPSTREAM OF CS1 INTAKE,-0.5821,51.4804,Thames,THAMES - WEST THAMES,Multiple Values,OPEN,FRESHWATER - RIVERS,2021-09-24T10:11:00,PLANNED INVESTIGATION (NATIONAL AGENCY POLICY),RIVER / RUNNING SURFACE WATER,0061,pH,7.99,PH UNITS
https://environment.data.gov.uk/water-quality/sampling-point/TH-PRTS0002/sample/1366075/observation/0076,TH-PRTS0002,THAMES - UPSTREAM OF CS1 INTAKE,-0.5821,51.4804,Thames,THAMES - WEST THAMES,Multiple Values,OPEN,FRESHWATER - RIVERS,2021-09-24T10:11:00,PLANNED INVESTIGATION (NATIONAL AGENCY POLICY),RIVER / RUNNING SURFACE WATER,0076,Temperature of Water,16.4,CELSIUS
https://environment.data.gov.uk/water-quality/sampling-point/TH-PRTS0002/sample/1366075/observation/0111,TH-PRTS0002,THAMES - UPSTREAM OF CS1 INTAKE,-0.5821,51.4804,Thames,THAMES - WEST THAMES,Multiple Values,OPEN,FRESHWATER - RIVERS,2021-09-24T10:11:00,PLANNED INVESTIGATION (NATIONAL AGENCY POLICY),RIVER / RUNNING SURFACE WATER,0111,Ammoniacal Nitrogen as N,<0.03,MILLIGRAM PER LITRE
https://environment.data.gov.uk/water-quality/sampling-point/TH-PRTS0002/sample/1366075/observation/0119,TH-PRTS0002,THAMES - UPSTREAM OF CS1 INTAKE,-0.5821,51.4804,Thames,THAMES - WEST THAMES,Multiple Values,OPEN,FRESHWATER - RIVERS,2021-09-24T10:11:00,PLANNED INVESTIGATION (NATIONAL AGENCY POLICY),RIVER / RUNNING SURFACE WATER,0119,Ammonia un-ionised as N,<0.00085,MILLIGRAM PER LITRE
https://environment.data.gov.uk/water-quality/sampling-point/TH-PRTS0002/sample/1366075/observation/0135,TH-PRTS0002,THAMES - UPSTREAM OF CS1 INTAKE,-0.5821,51.4804,Thames,THAMES - WEST THAMES,Multiple Values,OPEN,FRESHWATER - RIVERS,2021-09-24T10:11:00,PLANNED INVESTIGATION (NATIONAL AGENCY POLICY),RIVER / RUNNING SURFACE WATER,0135,"Solids, Suspended at 105 C",5.8,MILLIGRAM PER LITRE
https://environment.data.gov.uk/water-quality/sampling-point/TH-PRTS0002/sample/1366075/observation/0180,TH-PRTS0002,THAMES - UPSTREAM OF CS1 INTAKE,-0.5821,51.4804,Thames,THAMES - WEST THAMES,Multiple Values,OPEN,FRESHWATER - RIVERS,2021-09-24T10:11:00,PLANNED INVESTIGATION (NATIONAL AGENCY POLICY),RIVER / RUNNING SURFACE WATER,0180,"Orthophosphate, reactive as P",0.21,MILLIGRAM PER LITRE
https://environment.data.gov.uk/water-quality/sampling-point/TH-PRTS0002/sample/1366075/observation/7608,TH-PRTS0002,THAMES - UPSTREAM OF CS1 INTAKE,-0.5821,51.4804,Thames,THAMES - WEST THAMES,Multiple Values,OPEN,FRESHWATER - RIVERS,2021-09-24T10:11:00,PLANNED INVESTIGATION (NATIONAL AGENCY POLICY),RIVER / RUNNING SURFACE WATER,7608,Salinity : In Situ,0.36,Parts per thousand
https://environment.data.gov.uk/water-quality/sampling-point/TH-PRTS0002/sample/1366075/observation/9901,TH-PRTS0002,THAMES - UPSTREAM OF CS1 INTAKE,-0.5821,51.4804,Thames,THAMES - WEST THAMES,Multiple Values,OPEN,FRESHWATER - RIVERS,2021-09-24T10:11:00,PLANNED INVESTIGATION (NATIONAL AGENCY POLICY),RIVER / RUNNING SURFACE WATER,9901,"Oxygen, Dissolved, % Saturation",82.4,PERCENTAGE
https://environment.data.gov.uk/water-quality/sampling-point/TH-PRTS0002/sample/1366075/observation/9924,TH-PRTS0002,THAMES - UPSTREAM OF CS1 INTAKE,-0.5821,51.4804,Thames,THAMES - WEST THAMES,Multiple Values,OPEN,FRESHWATER - RIVERS,2021-09-24T10:11:00,PLANNED INVESTIGATION (NATIONAL AGENCY POLICY),RIVER / RUNNING SURFACE WATER,9924,"Oxygen, Dissolved as O2",8.03,MILLIGRAM PER LITRE
https://environment.data.gov.uk/water-quality/sampling-point/TH-PRTS0002/sample/1366899/observation/0061,TH-PRTS0002,THAMES - UPSTREAM OF CS1 INTAKE,-0.5821,51.4804,Thames,THAMES - WEST THAMES,Multiple Values,OPEN,FRESHWATER - RIVERS,2021-09-27T10:22:00,ENVIRONMENTAL MONITORING STATUTORY (EU DIRECTIVES),RIVER / RUNNING SURFACE WATER,0061,pH,8.08,PH UNITS
https://environment.data.gov.uk/water-quality/sampling-point/TH-PRTS0002/sample/1366899/observation/0076,TH-PRTS0002,THAMES - UPSTREAM OF CS1 INTAKE,-0.5821,51.4804,Thames,THAMES - WEST THAMES,Multiple Values,OPEN,FRESHWATER - RIVERS,2021-09-27T10:22:00,ENVIRONMENTAL MONITORING STATUTORY (EU DIRECTIVES),RIVER / RUNNING SURFACE WATER,0076,Temperature of Water,17,CELSIUS
https://environment.data.gov.uk/water-quality/sampling-point/TH-PRTS0002/sample/1366899/observation/0111,TH-PRTS0002,THAMES - UPSTREAM OF CS1 INTAKE,-0.5821,51.4804,Thames,THAMES - WEST THAMES,Multiple Values,OPEN,FRESHWATER - RIVERS,2021-09-27T10:22:00,ENVIRONMENTAL MONITORING STATUTORY (EU DIRECTIVES),RIVER / RUNNING SURFACE WATER,0111,Ammoniacal Nitrogen as N,<0.03,MILLIGRAM PER LITRE
https://environment.data.gov.uk/water-quality/sampling-point/TH-PRTS0002/sample/1366899/observation/0119,TH-PRTS0002,THAMES - UPSTREAM OF CS1 INTAKE,-0.5821,51.4804,Thames,THAMES - WEST THAMES,Multiple Values,OPEN,FRESHWATER - RIVERS,2021-09-27T10:22:00,ENVIRONMENTAL MONITORING STATUTORY (EU DIRECTIVES),RIVER / RUNNING SURFACE WATER,0119,Ammonia un-ionised as N,<0.00091,MILLIGRAM PER LITRE
https://environment.data.gov.uk/water-quality/sampling-point/TH-PRTS0002/sample/1366899/observation/2348,TH-PRTS0002,THAMES - UPSTREAM OF CS1 INTAKE,-0.5821,51.4804,Thames,THAMES - WEST THAMES,Multiple Values,OPEN,FRESHWATER - RIVERS,2021-09-27T10:22:00,ENVIRONMENTAL MONITORING STATUTORY (EU DIRECTIVES),RIVER / RUNNING SURFACE WATER,2348,Escherichia coli : Confirmed : MF,550,NUMBER PER HUNDRED MILLILITRES
https://environment.data.gov.uk/water-quality/sampling-point/TH-PRTS0002/sample/1366899/observation/3722,TH-PRTS0002,THAMES - UPSTREAM OF CS1 INTAKE,-0.5821,51.4804,Thames,THAMES - WEST THAMES,Multiple Values,OPEN,FRESHWATER - RIVERS,2021-09-27T10:22:00,ENVIRONMENTAL MONITORING STATUTORY (EU DIRECTIVES),RIVER / RUNNING SURFACE WATER,3722,Enterococci: Intestinal: Presumptive: MF,790,Colony Forming Units / 100ml
https://environment.data.gov.uk/water-quality/sampling-point/TH-PRTS0002/sample/1366899/observation/3723,TH-PRTS0002,THAMES - UPSTREAM OF CS1 INTAKE,-0.5821,51.4804,Thames,THAMES - WEST THAMES,Multiple Values,OPEN,FRESHWATER - RIVERS,2021-09-27T10:22:00,ENVIRONMENTAL MONITORING STATUTORY (EU DIRECTIVES),RIVER / RUNNING SURFACE WATER,3723,Enterococci: Intestinal: Confirmed: MF,790,Colony Forming Units / 100ml
https://environment.data.gov.uk/water-quality/sampling-point/TH-PRTS0002/sample/1366899/observation/7608,TH-PRTS0002,THAMES - UPSTREAM OF CS1 INTAKE,-0.5821,51.4804,Thames,THAMES - WEST THAMES,Multiple Values,OPEN,FRESHWATER - RIVERS,2021-09-27T10:22:00,ENVIRONMENTAL MONITORING STATUTORY (EU DIRECTIVES),RIVER / RUNNING SURFACE WATER,7608,Salinity : In Situ,0.36,Parts per thousand
https://environment.data.gov.uk/water-quality/sampling-point/TH-PRTS0002/sample/1366899/observation/9901,TH-PRTS0002,THAMES - UPSTREAM OF CS1 INTAKE,-0.5821,51.4804,Thames,THAMES - WEST THAMES,Multiple Values,OPEN,FRESHWATER - RIVERS,2021-09-27T10:22:00,ENVIRONMENTAL MONITORING STATUTORY (EU DIRECTIVES),RIVER / RUNNING SURFACE WATER,9901,"Oxygen, Dissolved, % Saturation",92.1,PERCENTAGE
https://environment.data.gov.uk/water-quality/sampling-point/TH-PRTS0002/sample/1366899/observation/9924,TH-PRTS0002,THAMES - UPSTREAM OF CS1 INTAKE,-0.5821,51.4804,Thames,THAMES - WEST THAMES,Multiple Values,OPEN,FRESHWATER - RIVERS,2021-09-27T10:22:00,ENVIRONMENTAL MONITORING STATUTORY (EU DIRECTIVES),RIVER / RUNNING SURFACE WATER,9924,"Oxygen, Dissolved as O2",8.86,MILLIGRAM PER LITRE
https://environment.data.gov.uk/water-quality/sampling-point/TH-PRTS0002/sample/1366993/observation/0061,TH-PRTS0002,THAMES - UPSTREAM OF CS1 INTAKE,-0.5821,51.4804,Thames,THAMES - WEST THAMES,Multiple Values,OPEN,FRESHWATER - RIVERS,2021-10-04T09:58:00,ENVIRONMENTAL MONITORING STATUTORY (EU DIRECTIVES),RIVER / RUNNING SURFACE WATER,0061,pH,8.09,PH UNITS
https://environment.data.gov.uk/water-quality/sampling-point/TH-PRTS0002/sample/1366993/observation/0076,TH-PRTS0002,THAMES - UPSTREAM OF CS1 INTAKE,-0.5821,51.4804,Thames,THAMES - WEST THAMES,Multiple Values,OPEN,FRESHWATER - RIVERS,2021-10-04T09:58:00,ENVIRONMENTAL MONITORING STATUTORY (EU DIRECTIVES),RIVER / RUNNING SURFACE WATER,0076,Temperature of Water,13.9,CELSIUS
https://environment.data.gov.uk/water-quality/sampling-point/TH-PRTS0002/sample/1366993/observation/0111,TH-PRTS0002,THAMES - UPSTREAM OF CS1 INTAKE,-0.5821,51.4804,Thames,THAMES - WEST THAMES,Multiple Values,OPEN,FRESHWATER - RIVERS,2021-10-04T09:58:00,ENVIRONMENTAL MONITORING STATUTORY (EU DIRECTIVES),RIVER / RUNNING SURFACE WATER,0111,Ammoniacal Nitrogen as N,0.073,MILLIGRAM PER LITRE
https://environment.data.gov.uk/water-quality/sampling-point/TH-PRTS0002/sample/1366993/observation/0119,TH-PRTS0002,THAMES - UPSTREAM OF CS1 INTAKE,-0.5821,51.4804,Thames,THAMES - WEST THAMES,Multiple Values,OPEN,FRESHWATER - RIVERS,2021-10-04T09:58:00,ENVIRONMENTAL MONITORING STATUTORY (EU DIRECTIVES),RIVER / RUNNING SURFACE WATER,0119,Ammonia un-ionised as N,0.00177,MILLIGRAM PER LITRE
https://environment.data.gov.uk/water-quality/sampling-point/TH-PRTS0002/sample/1366993/observation/2348,TH-PRTS0002,THAMES - UPSTREAM OF CS1 INTAKE,-0.5821,51.4804,Thames,THAMES - WEST THAMES,Multiple Values,OPEN,FRESHWATER - RIVERS,2021-10-04T09:58:00,ENVIRONMENTAL MONITORING STATUTORY (EU DIRECTIVES),RIVER / RUNNING SURFACE WATER,2348,Escherichia coli : Confirmed : MF,1500,NUMBER PER HUNDRED MILLILITRES
https://environment.data.gov.uk/water-quality/sampling-point/TH-PRTS0002/sample/1366993/observation/3722,TH-PRTS0002,THAMES - UPSTREAM OF CS1 INTAKE,-0.5821,51.4804,Thames,THAMES - WEST THAMES,Multiple Values,OPEN,FRESHWATER - RIVERS,2021-10-04T09:58:00,ENVIRONMENTAL MONITORING STATUTORY (EU DIRECTIVES),RIVER / RUNNING SURFACE WATER,3722,Enterococci: Intestinal: Presumptive: MF,2600,Colony Forming Units / 100ml
https://environment.data.gov.uk/water-quality/sampling-point/TH-PRTS0002/sample/1366993/observation/3723,TH-PRTS0002,THAMES - UPSTREAM OF CS1 INTAKE,-0.5821,51.4804,Thames,THAMES - WEST THAMES,Multiple Values,OPEN,FRESHWATER - RIVERS,2021-10-04T09:58:00,ENVIRONMENTAL MONITORING STATUTORY (EU DIRECTIVES),RIVER / RUNNING SURFACE WATER,3723,Enterococci: Intestinal: Confirmed: MF,2600,Colony Forming Units / 100ml
https://environment.data.gov.uk/water-quality/sampling-point/TH-PRTS0002/sample/1366993/observation/7608,TH-PRTS0002,THAMES - UPSTREAM OF CS1 INTAKE,-0.5821,51.4804,Thames,THAMES - WEST THAMES,Multiple Values,OPEN,FRESHWATER - RIVERS,2021-10-04T09:58:00,ENVIRONMENTAL MONITORING STATUTORY (EU DIRECTIVES),RIVER / RUNNING SURFACE WATER,7608,Salinity : In Situ,0.33,Parts per thousand
https://environment.data.gov.uk/water-quality/sampling-point/TH-PRTS0002/sample/1366993/observation/9901,TH-PRTS0002,THAMES - UPSTREAM OF CS1 INTAKE,-0.5821,51.4804,Thames,THAMES - WEST THAMES,Multiple Values,OPEN,FRESHWATER - RIVERS,2021-10-04T09:58:00,ENVIRONMENTAL MONITORING STATUTORY (EU DIRECTIVES),RIVER / RUNNING SURFACE WATER,9901,"Oxygen, Dissolved, % Saturation",93.5,PERCENTAGE
https://environment.data.gov.uk/water-quality/sampling-point/TH-PRTS0002/sample/1366993/observation/9924,TH-PRTS0002,THAMES - UPSTREAM OF CS1 INTAKE,-0.5821,51.4804,Thames,THAMES - WEST THAMES,Multiple Values,OPEN,FRESHWATER - RIVERS,2021-10-04T09:58:00,ENVIRONMENTAL MONITORING STATUTORY (EU DIRECTIVES),RIVER / RUNNING SURFACE WATER,9924,"Oxygen, Dissolved as O2",9.62,MILLIGRAM PER LITRE
https://environment.data.gov.uk/water-quality/sampling-point/TH-PRTS0002/sample/1367996/observation/0111,TH-PRTS0002,THAMES - UPSTREAM OF CS1 INTAKE,-0.5821,51.4804,Thames,THAMES - WEST THAMES,Multiple Values,OPEN,FRESHWATER - RIVERS,2021-10-26T10:53:00,ENVIRONMENTAL MONITORING STATUTORY (EU DIRECTIVES),RIVER / RUNNING SURFACE WATER,0111,Ammoniacal Nitrogen as N,<0.5,MILLIGRAM PER LITRE
https://environment.data.gov.uk/water-quality/sampling-point/TH-PRTS0002/sample/1367996/observation/0135,TH-PRTS0002,THAMES - UPSTREAM OF CS1 INTAKE,-0.5821,51.4804,Thames,THAMES - WEST THAMES,Multiple Values,OPEN,FRESHWATER - RIVERS,2021-10-26T10:53:00,ENVIRONMENTAL MONITORING STATUTORY (EU DIRECTIVES),RIVER / RUNNING SURFACE WATER,0135,"Solids, Suspended at 105 C",7.4,MILLIGRAM PER LITRE
https://environment.data.gov.uk/water-quality/sampling-point/TH-PRTS0002/sample/1367996/observation/0180,TH-PRTS0002,THAMES - UPSTREAM OF CS1 INTAKE,-0.5821,51.4804,Thames,THAMES - WEST THAMES,Multiple Values,OPEN,FRESHWATER - RIVERS,2021-10-26T10:53:00,ENVIRONMENTAL MONITORING STATUTORY (EU DIRECTIVES),RIVER / RUNNING SURFACE WATER,0180,"Orthophosphate, reactive as P",0.23,MILLIGRAM PER LITRE
https://environment.data.gov.uk/water-quality/sampling-point/TH-PRTS0002/sample/1367996/observation/2958,TH-PRTS0002,THAMES - UPSTREAM OF CS1 INTAKE,-0.5821,51.4804,Thames,THAMES - WEST THAMES,Multiple Values,OPEN,FRESHWATER - RIVERS,2021-10-26T10:53:00,ENVIRONMENTAL MONITORING STATUTORY (EU DIRECTIVES),RIVER / RUNNING SURFACE WATER,2958,Perfluorooctanesulfonic acid (total),0.0097,MICROGRAM PER LITRE
https://environment.data.gov.uk/water-quality/sampling-point/TH-PRTS0002/sample/1367996/observation/2959,TH-PRTS0002,THAMES - UPSTREAM OF CS1 INTAKE,-0.5821,51.4804,Thames,THAMES - WEST THAMES,Multiple Values,OPEN,FRESHWATER - RIVERS,2021-10-26T10:53:00,ENVIRONMENTAL MONITORING STATUTORY (EU DIRECTIVES),RIVER / RUNNING SURFACE WATER,2959,Perfluorooctanesulfonic acid (linear),0.005,MICROGRAM PER LITRE
https://environment.data.gov.uk/water-quality/sampling-point/TH-PRTS0002/sample/1367996/observation/2960,TH-PRTS0002,THAMES - UPSTREAM OF CS1 INTAKE,-0.5821,51.4804,Thames,THAMES - WEST THAMES,Multiple Values,OPEN,FRESHWATER - RIVERS,2021-10-26T10:53:00,ENVIRONMENTAL MONITORING STATUTORY (EU DIRECTIVES),RIVER / RUNNING SURFACE WATER,2960,Perfluorooctanesulfonic acid (branched),0.0047,MICROGRAM PER LITRE
https://environment.data.gov.uk/water-quality/sampling-point/TH-PRTS0002/sample/1367996/observation/9274,TH-PRTS0002,THAMES - UPSTREAM OF CS1 INTAKE,-0.5821,51.4804,Thames,THAMES - WEST THAMES,Multiple Values,OPEN,FRESHWATER - RIVERS,2021-10-26T10:53:00,ENVIRONMENTAL MONITORING STATUTORY (EU DIRECTIVES),RIVER / RUNNING SURFACE WATER,9274,Perfluorooctanoate anion,0.0034,MICROGRAM PER LITRE
https://environment.data.gov.uk/water-quality/sampling-point/TH-PRTS0002/sample/1368957/observation/0061,TH-PRTS0002,THAMES - UPSTREAM OF CS1 INTAKE,-0.5821,51.4804,Thames,THAMES - WEST THAMES,Multiple Values,OPEN,FRESHWATER - RIVERS,2021-11-23T10:14:00,PLANNED INVESTIGATION (NATIONAL AGENCY POLICY),RIVER / RUNNING SURFACE WATER,0061,pH,8.24,PH UNITS
https://environment.data.gov.uk/water-quality/sampling-point/TH-PRTS0002/sample/1368957/observation/0076,TH-PRTS0002,THAMES - UPSTREAM OF CS1 INTAKE,-0.5821,51.4804,Thames,THAMES - WEST THAMES,Multiple Values,OPEN,FRESHWATER - RIVERS,2021-11-23T10:14:00,PLANNED INVESTIGATION (NATIONAL AGENCY POLICY),RIVER / RUNNING SURFACE WATER,0076,Temperature of Water,8.1,CELSIUS
https://environment.data.gov.uk/water-quality/sampling-point/TH-PRTS0002/sample/1368957/observation/0111,TH-PRTS0002,THAMES - UPSTREAM OF CS1 INTAKE,-0.5821,51.4804,Thames,THAMES - WEST THAMES,Multiple Values,OPEN,FRESHWATER - RIVERS,2021-11-23T10:14:00,PLANNED INVESTIGATION (NATIONAL AGENCY POLICY),RIVER / RUNNING SURFACE WATER,0111,Ammoniacal Nitrogen as N,0.07,MILLIGRAM PER LITRE
https://environment.data.gov.uk/water-quality/sampling-point/TH-PRTS0002/sample/1368957/observation/0119,TH-PRTS0002,THAMES - UPSTREAM OF CS1 INTAKE,-0.5821,51.4804,Thames,THAMES - WEST THAMES,Multiple Values,OPEN,FRESHWATER - RIVERS,2021-11-23T10:14:00,PLANNED INVESTIGATION (NATIONAL AGENCY POLICY),RIVER / RUNNING SURFACE WATER,0119,Ammonia un-ionised as N,0.00111,MILLIGRAM PER LITRE
https://environment.data.gov.uk/water-quality/sampling-point/TH-PRTS0002/sample/1368957/observation/0135,TH-PRTS0002,THAMES - UPSTREAM OF CS1 INTAKE,-0.5821,51.4804,Thames,THAMES - WEST THAMES,Multiple Values,OPEN,FRESHWATER - RIVERS,2021-11-23T10:14:00,PLANNED INVESTIGATION (NATIONAL AGENCY POLICY),RIVER / RUNNING SURFACE WATER,0135,"Solids, Suspended at 105 C",4.4,MILLIGRAM PER LITRE
https://environment.data.gov.uk/water-quality/sampling-point/TH-PRTS0002/sample/1368957/observation/0180,TH-PRTS0002,THAMES - UPSTREAM OF CS1 INTAKE,-0.5821,51.4804,Thames,THAMES - WEST THAMES,Multiple Values,OPEN,FRESHWATER - RIVERS,2021-11-23T10:14:00,PLANNED INVESTIGATION (NATIONAL AGENCY POLICY),RIVER / RUNNING SURFACE WATER,0180,"Orthophosphate, reactive as P",0.18,MILLIGRAM PER LITRE
https://environment.data.gov.uk/water-quality/sampling-point/TH-PRTS0002/sample/1368957/observation/7608,TH-PRTS0002,THAMES - UPSTREAM OF CS1 INTAKE,-0.5821,51.4804,Thames,THAMES - WEST THAMES,Multiple Values,OPEN,FRESHWATER - RIVERS,2021-11-23T10:14:00,PLANNED INVESTIGATION (NATIONAL AGENCY POLICY),RIVER / RUNNING SURFACE WATER,7608,Salinity : In Situ,0.34,Parts per thousand
https://environment.data.gov.uk/water-quality/sampling-point/TH-PRTS0002/sample/1368957/observation/9901,TH-PRTS0002,THAMES - UPSTREAM OF CS1 INTAKE,-0.5821,51.4804,Thames,THAMES - WEST THAMES,Multiple Values,OPEN,FRESHWATER - RIVERS,2021-11-23T10:14:00,PLANNED INVESTIGATION (NATIONAL AGENCY POLICY),RIVER / RUNNING SURFACE WATER,9901,"Oxygen, Dissolved, % Saturation",95.5,PERCENTAGE
https://environment.data.gov.uk/water-quality/sampling-point/TH-PRTS0002/sample/1368957/observation/9924,TH-PRTS0002,THAMES - UPSTREAM OF CS1 INTAKE,-0.5821,51.4804,Thames,THAMES - WEST THAMES,Multiple Values,OPEN,FRESHWATER - RIVERS,2021-11-23T10:14:00,PLANNED INVESTIGATION (NATIONAL AGENCY POLICY),RIVER / RUNNING SURFACE WATER,9924,"Oxygen, Dissolved as O2",11.2,MILLIGRAM PER LITRE
https://environment.data.gov.uk/water-quality/sampling-point/TH-PRTS0002/sample/1369002/observation/0111,TH-PRTS0002,THAMES - UPSTREAM OF CS1 INTAKE,-0.5821,51.4804,Thames,THAMES - WEST THAMES,Multiple Values,OPEN,FRESHWATER - RIVERS,2021-11-23T10:16:00,ENVIRONMENTAL MONITORING STATUTORY (EU DIRECTIVES),RIVER / RUNNING SURFACE WATER,0111,Ammoniacal Nitrogen as N,<0.5,MILLIGRAM PER LITRE
https://environment.data.gov.uk/water-quality/sampling-point/TH-PRTS0002/sample/1369002/observation/0135,TH-PRTS0002,THAMES - UPSTREAM OF CS1 INTAKE,-0.5821,51.4804,Thames,THAMES - WEST THAMES,Multiple Values,OPEN,FRESHWATER - RIVERS,2021-11-23T10:16:00,ENVIRONMENTAL MONITORING STATUTORY (EU DIRECTIVES),RIVER / RUNNING SURFACE WATER,0135,"Solids, Suspended at 105 C",4.4,MILLIGRAM PER LITRE
https://environment.data.gov.uk/water-quality/sampling-point/TH-PRTS0002/sample/1369002/observation/0180,TH-PRTS0002,THAMES - UPSTREAM OF CS1 INTAKE,-0.5821,51.4804,Thames,THAMES - WEST THAMES,Multiple Values,OPEN,FRESHWATER - RIVERS,2021-11-23T10:16:00,ENVIRONMENTAL MONITORING STATUTORY (EU DIRECTIVES),RIVER / RUNNING SURFACE WATER,0180,"Orthophosphate, reactive as P",0.17,MILLIGRAM PER LITRE
https://environment.data.gov.uk/water-quality/sampling-point/TH-PRTS0002/sample/1369002/observation/2958,TH-PRTS0002,THAMES - UPSTREAM OF CS1 INTAKE,-0.5821,51.4804,Thames,THAMES - WEST THAMES,Multiple Values,OPEN,FRESHWATER - RIVERS,2021-11-23T10:16:00,ENVIRONMENTAL MONITORING STATUTORY (EU DIRECTIVES),RIVER / RUNNING SURFACE WATER,2958,Perfluorooctanesulfonic acid (total),0.0064,MICROGRAM PER LITRE
https://environment.data.gov.uk/water-quality/sampling-point/TH-PRTS0002/sample/1369002/observation/2959,TH-PRTS0002,THAMES - UPSTREAM OF CS1 INTAKE,-0.5821,51.4804,Thames,THAMES - WEST THAMES,Multiple Values,OPEN,FRESHWATER - RIVERS,2021-11-23T10:16:00,ENVIRONMENTAL MONITORING STATUTORY (EU DIRECTIVES),RIVER / RUNNING SURFACE WATER,2959,Perfluorooctanesulfonic acid (linear),0.003,MICROGRAM PER LITRE
https://environment.data.gov.uk/water-quality/sampling-point/TH-PRTS0002/sample/1369002/observation/2960,TH-PRTS0002,THAMES - UPSTREAM OF CS1 INTAKE,-0.5821,51.4804,Thames,THAMES - WEST THAMES,Multiple Values,OPEN,FRESHWATER - RIVERS,2021-11-23T10:16:00,ENVIRONMENTAL MONITORING STATUTORY (EU DIRECTIVES),RIVER / RUNNING SURFACE WATER,2960,Perfluorooctanesulfonic acid (branched),0.0034,MICROGRAM PER LITRE
https://environment.data.gov.uk/water-quality/sampling-point/TH-PRTS0002/sample/1369002/observation/9274,TH-PRTS0002,THAMES - UPSTREAM OF CS1 INTAKE,-0.5821,51.4804,Thames,THAMES - WEST THAMES,Multiple Values,OPEN,FRESHWATER - RIVERS,2021-11-23T10:16:00,ENVIRONMENTAL MONITORING STATUTORY (EU DIRECTIVES),RIVER / RUNNING SURFACE WATER,9274,Perfluorooctanoate anion,0.0024,MICROGRAM PER LITRE
https://environment.data.gov.uk/water-quality/sampling-point/TH-PRTS0002/sample/1369612/observation/0061,TH-PRTS0002,THAMES - UPSTREAM OF CS1 INTAKE,-0.5821,51.4804,Thames,THAMES - WEST THAMES,Multiple Values,OPEN,FRESHWATER - RIVERS,2021-12-14T10:29:00,PLANNED INVESTIGATION (NATIONAL AGENCY POLICY),RIVER / RUNNING SURFACE WATER,0061,pH,8.06,PH UNITS
https://environment.data.gov.uk/water-quality/sampling-point/TH-PRTS0002/sample/1369612/observation/0076,TH-PRTS0002,THAMES - UPSTREAM OF CS1 INTAKE,-0.5821,51.4804,Thames,THAMES - WEST THAMES,Multiple Values,OPEN,FRESHWATER - RIVERS,2021-12-14T10:29:00,PLANNED INVESTIGATION (NATIONAL AGENCY POLICY),RIVER / RUNNING SURFACE WATER,0076,Temperature of Water,7.1,CELSIUS
https://environment.data.gov.uk/water-quality/sampling-point/TH-PRTS0002/sample/1369612/observation/0111,TH-PRTS0002,THAMES - UPSTREAM OF CS1 INTAKE,-0.5821,51.4804,Thames,THAMES - WEST THAMES,Multiple Values,OPEN,FRESHWATER - RIVERS,2021-12-14T10:29:00,PLANNED INVESTIGATION (NATIONAL AGENCY POLICY),RIVER / RUNNING SURFACE WATER,0111,Ammoniacal Nitrogen as N,0.03,MILLIGRAM PER LITRE
https://environment.data.gov.uk/water-quality/sampling-point/TH-PRTS0002/sample/1369612/observation/0119,TH-PRTS0002,THAMES - UPSTREAM OF CS1 INTAKE,-0.5821,51.4804,Thames,THAMES - WEST THAMES,Multiple Values,OPEN,FRESHWATER - RIVERS,2021-12-14T10:29:00,PLANNED INVESTIGATION (NATIONAL AGENCY POLICY),RIVER / RUNNING SURFACE WATER,0119,Ammonia un-ionised as N,0.00044,MILLIGRAM PER LITRE
https://environment.data.gov.uk/water-quality/sampling-point/TH-PRTS0002/sample/1369612/observation/0135,TH-PRTS0002,THAMES - UPSTREAM OF CS1 INTAKE,-0.5821,51.4804,Thames,THAMES - WEST THAMES,Multiple Values,OPEN,FRESHWATER - RIVERS,2021-12-14T10:29:00,PLANNED INVESTIGATION (NATIONAL AGENCY POLICY),RIVER / RUNNING SURFACE WATER,0135,"Solids, Suspended at 105 C",10,MILLIGRAM PER LITRE
https://environment.data.gov.uk/water-quality/sampling-point/TH-PRTS0002/sample/1369612/observation/0180,TH-PRTS0002,THAMES - UPSTREAM OF CS1 INTAKE,-0.5821,51.4804,Thames,THAMES - WEST THAMES,Multiple Values,OPEN,FRESHWATER - RIVERS,2021-12-14T10:29:00,PLANNED INVESTIGATION (NATIONAL AGENCY POLICY),RIVER / RUNNING SURFACE WATER,0180,"Orthophosphate, reactive as P",0.18,MILLIGRAM PER LITRE
https://environment.data.gov.uk/water-quality/sampling-point/TH-PRTS0002/sample/1369612/observation/7608,TH-PRTS0002,THAMES - UPSTREAM OF CS1 INTAKE,-0.5821,51.4804,Thames,THAMES - WEST THAMES,Multiple Values,OPEN,FRESHWATER - RIVERS,2021-12-14T10:29:00,PLANNED INVESTIGATION (NATIONAL AGENCY POLICY),RIVER / RUNNING SURFACE WATER,7608,Salinity : In Situ,0.35,Parts per thousand
https://environment.data.gov.uk/water-quality/sampling-point/TH-PRTS0002/sample/1369612/observation/9901,TH-PRTS0002,THAMES - UPSTREAM OF CS1 INTAKE,-0.5821,51.4804,Thames,THAMES - WEST THAMES,Multiple Values,OPEN,FRESHWATER - RIVERS,2021-12-14T10:29:00,PLANNED INVESTIGATION (NATIONAL AGENCY POLICY),RIVER / RUNNING SURFACE WATER,9901,"Oxygen, Dissolved, % Saturation",101.1,PERCENTAGE
https://environment.data.gov.uk/water-quality/sampling-point/TH-PRTS0002/sample/1369612/observation/9924,TH-PRTS0002,THAMES - UPSTREAM OF CS1 INTAKE,-0.5821,51.4804,Thames,THAMES - WEST THAMES,Multiple Values,OPEN,FRESHWATER - RIVERS,2021-12-14T10:29:00,PLANNED INVESTIGATION (NATIONAL AGENCY POLICY),RIVER / RUNNING SURFACE WATER,9924,"Oxygen, Dissolved as O2",12.2,MILLIGRAM PER LITRE
https://environment.data.gov.uk/water-quality/sampling-point/TH-PRTS0002/sample/1369668/observation/0111,TH-PRTS0002,THAMES - UPSTREAM OF CS1 INTAKE,-0.5821,51.4804,Thames,THAMES - WEST THAMES,Multiple Values,OPEN,FRESHWATER - RIVERS,2021-12-14T10:25:00,ENVIRONMENTAL MONITORING STATUTORY (EU DIRECTIVES),RIVER / RUNNING SURFACE WATER,0111,Ammoniacal Nitrogen as N,<0.5,MILLIGRAM PER LITRE
https://environment.data.gov.uk/water-quality/sampling-point/TH-PRTS0002/sample/1369668/observation/0135,TH-PRTS0002,THAMES - UPSTREAM OF CS1 INTAKE,-0.5821,51.4804,Thames,THAMES - WEST THAMES,Multiple Values,OPEN,FRESHWATER - RIVERS,2021-12-14T10:25:00,ENVIRONMENTAL MONITORING STATUTORY (EU DIRECTIVES),RIVER / RUNNING SURFACE WATER,0135,"Solids, Suspended at 105 C",9.1,MILLIGRAM PER LITRE
https://environment.data.gov.uk/water-quality/sampling-point/TH-PRTS0002/sample/1369668/observation/0180,TH-PRTS0002,THAMES - UPSTREAM OF CS1 INTAKE,-0.5821,51.4804,Thames,THAMES - WEST THAMES,Multiple Values,OPEN,FRESHWATER - RIVERS,2021-12-14T10:25:00,ENVIRONMENTAL MONITORING STATUTORY (EU DIRECTIVES),RIVER / RUNNING SURFACE WATER,0180,"Orthophosphate, reactive as P",0.088,MILLIGRAM PER LITRE
https://environment.data.gov.uk/water-quality/sampling-point/TH-PRTS0002/sample/1369668/observation/2958,TH-PRTS0002,THAMES - UPSTREAM OF CS1 INTAKE,-0.5821,51.4804,Thames,THAMES - WEST THAMES,Multiple Values,OPEN,FRESHWATER - RIVERS,2021-12-14T10:25:00,ENVIRONMENTAL MONITORING STATUTORY (EU DIRECTIVES),RIVER / RUNNING SURFACE WATER,2958,Perfluorooctanesulfonic acid (total),0.0087,MICROGRAM PER LITRE
https://environment.data.gov.uk/water-quality/sampling-point/TH-PRTS0002/sample/1369668/observation/2959,TH-PRTS0002,THAMES - UPSTREAM OF CS1 INTAKE,-0.5821,51.4804,Thames,THAMES - WEST THAMES,Multiple Values,OPEN,FRESHWATER - RIVERS,2021-12-14T10:25:00,ENVIRONMENTAL MONITORING STATUTORY (EU DIRECTIVES),RIVER / RUNNING SURFACE WATER,2959,Perfluorooctanesulfonic acid (linear),0.0051,MICROGRAM PER LITRE
https://environment.data.gov.uk/water-quality/sampling-point/TH-PRTS0002/sample/1369668/observation/2960,TH-PRTS0002,THAMES - UPSTREAM OF CS1 INTAKE,-0.5821,51.4804,Thames,THAMES - WEST THAMES,Multiple Values,OPEN,FRESHWATER - RIVERS,2021-12-14T10:25:00,ENVIRONMENTAL MONITORING STATUTORY (EU DIRECTIVES),RIVER / RUNNING SURFACE WATER,2960,Perfluorooctanesulfonic acid (branched),0.0036,MICROGRAM PER LITRE
https://environment.data.gov.uk/water-quality/sampling-point/TH-PRTS0002/sample/1369668/observation/9274,TH-PRTS0002,THAMES - UPSTREAM OF CS1 INTAKE,-0.5821,51.4804,Thames,THAMES - WEST THAMES,Multiple Values,OPEN,FRESHWATER - RIVERS,2021-12-14T10:25:00,ENVIRONMENTAL MONITORING STATUTORY (EU DIRECTIVES),RIVER / RUNNING SURFACE WATER,9274,Perfluorooctanoate anion,0.002,MICROGRAM PER LITRE
https://environment.data.gov.uk/water-quality/sampling-point/TH-PRTS0003/sample/1341853/observation/0061,TH-PRTS0003,THAMES - UPSTREAM OF CS1 OUTFALL,-0.5828,51.4827,Thames,THAMES - WEST THAMES,Multiple Values,OPEN,FRESHWATER - RIVERS,2021-01-28T10:27:00,PLANNED INVESTIGATION (NATIONAL AGENCY POLICY),RIVER / RUNNING SURFACE WATER,0061,pH,8.07,PH UNITS
https://environment.data.gov.uk/water-quality/sampling-point/TH-PRTS0003/sample/1341853/observation/0076,TH-PRTS0003,THAMES - UPSTREAM OF CS1 OUTFALL,-0.5828,51.4827,Thames,THAMES - WEST THAMES,Multiple Values,OPEN,FRESHWATER - RIVERS,2021-01-28T10:27:00,PLANNED INVESTIGATION (NATIONAL AGENCY POLICY),RIVER / RUNNING SURFACE WATER,0076,Temperature of Water,5.5,CELSIUS
https://environment.data.gov.uk/water-quality/sampling-point/TH-PRTS0003/sample/1341853/observation/7608,TH-PRTS0003,THAMES - UPSTREAM OF CS1 OUTFALL,-0.5828,51.4827,Thames,THAMES - WEST THAMES,Multiple Values,OPEN,FRESHWATER - RIVERS,2021-01-28T10:27:00,PLANNED INVESTIGATION (NATIONAL AGENCY POLICY),RIVER / RUNNING SURFACE WATER,7608,Salinity : In Situ,0.3,Parts per thousand
https://environment.data.gov.uk/water-quality/sampling-point/TH-PRTS0003/sample/1341853/observation/9901,TH-PRTS0003,THAMES - UPSTREAM OF CS1 OUTFALL,-0.5828,51.4827,Thames,THAMES - WEST THAMES,Multiple Values,OPEN,FRESHWATER - RIVERS,2021-01-28T10:27:00,PLANNED INVESTIGATION (NATIONAL AGENCY POLICY),RIVER / RUNNING SURFACE WATER,9901,"Oxygen, Dissolved, % Saturation",96.1,PERCENTAGE
https://environment.data.gov.uk/water-quality/sampling-point/TH-PRTS0003/sample/1341853/observation/9924,TH-PRTS0003,THAMES - UPSTREAM OF CS1 OUTFALL,-0.5828,51.4827,Thames,THAMES - WEST THAMES,Multiple Values,OPEN,FRESHWATER - RIVERS,2021-01-28T10:27:00,PLANNED INVESTIGATION (NATIONAL AGENCY POLICY),RIVER / RUNNING SURFACE WATER,9924,"Oxygen, Dissolved as O2",12.1,MILLIGRAM PER LITRE
https://environment.data.gov.uk/water-quality/sampling-point/TH-PRTS0003/sample/1342426/observation/0061,TH-PRTS0003,THAMES - UPSTREAM OF CS1 OUTFALL,-0.5828,51.4827,Thames,THAMES - WEST THAMES,Multiple Values,OPEN,FRESHWATER - RIVERS,2021-02-23T09:43:00,PLANNED INVESTIGATION (NATIONAL AGENCY POLICY),RIVER / RUNNING SURFACE WATER,0061,pH,8.21,PH UNITS
https://environment.data.gov.uk/water-quality/sampling-point/TH-PRTS0003/sample/1342426/observation/0076,TH-PRTS0003,THAMES - UPSTREAM OF CS1 OUTFALL,-0.5828,51.4827,Thames,THAMES - WEST THAMES,Multiple Values,OPEN,FRESHWATER - RIVERS,2021-02-23T09:43:00,PLANNED INVESTIGATION (NATIONAL AGENCY POLICY),RIVER / RUNNING SURFACE WATER,0076,Temperature of Water,8.6,CELSIUS
https://environment.data.gov.uk/water-quality/sampling-point/TH-PRTS0003/sample/1342426/observation/7608,TH-PRTS0003,THAMES - UPSTREAM OF CS1 OUTFALL,-0.5828,51.4827,Thames,THAMES - WEST THAMES,Multiple Values,OPEN,FRESHWATER - RIVERS,2021-02-23T09:43:00,PLANNED INVESTIGATION (NATIONAL AGENCY POLICY),RIVER / RUNNING SURFACE WATER,7608,Salinity : In Situ,0.3,Parts per thousand
https://environment.data.gov.uk/water-quality/sampling-point/TH-PRTS0003/sample/1342426/observation/9901,TH-PRTS0003,THAMES - UPSTREAM OF CS1 OUTFALL,-0.5828,51.4827,Thames,THAMES - WEST THAMES,Multiple Values,OPEN,FRESHWATER - RIVERS,2021-02-23T09:43:00,PLANNED INVESTIGATION (NATIONAL AGENCY POLICY),RIVER / RUNNING SURFACE WATER,9901,"Oxygen, Dissolved, % Saturation",104.3,PERCENTAGE
https://environment.data.gov.uk/water-quality/sampling-point/TH-PRTS0003/sample/1342426/observation/9924,TH-PRTS0003,THAMES - UPSTREAM OF CS1 OUTFALL,-0.5828,51.4827,Thames,THAMES - WEST THAMES,Multiple Values,OPEN,FRESHWATER - RIVERS,2021-02-23T09:43:00,PLANNED INVESTIGATION (NATIONAL AGENCY POLICY),RIVER / RUNNING SURFACE WATER,9924,"Oxygen, Dissolved as O2",12.1,MILLIGRAM PER LITRE
https://environment.data.gov.uk/water-quality/sampling-point/TH-PRTS0003/sample/1345414/observation/0061,TH-PRTS0003,THAMES - UPSTREAM OF CS1 OUTFALL,-0.5828,51.4827,Thames,THAMES - WEST THAMES,Multiple Values,OPEN,FRESHWATER - RIVERS,2021-03-23T11:22:00,PLANNED INVESTIGATION (NATIONAL AGENCY POLICY),RIVER / RUNNING SURFACE WATER,0061,pH,8.19,PH UNITS
https://environment.data.gov.uk/water-quality/sampling-point/TH-PRTS0003/sample/1345414/observation/0076,TH-PRTS0003,THAMES - UPSTREAM OF CS1 OUTFALL,-0.5828,51.4827,Thames,THAMES - WEST THAMES,Multiple Values,OPEN,FRESHWATER - RIVERS,2021-03-23T11:22:00,PLANNED INVESTIGATION (NATIONAL AGENCY POLICY),RIVER / RUNNING SURFACE WATER,0076,Temperature of Water,9.6,CELSIUS
https://environment.data.gov.uk/water-quality/sampling-point/TH-PRTS0003/sample/1345414/observation/7608,TH-PRTS0003,THAMES - UPSTREAM OF CS1 OUTFALL,-0.5828,51.4827,Thames,THAMES - WEST THAMES,Multiple Values,OPEN,FRESHWATER - RIVERS,2021-03-23T11:22:00,PLANNED INVESTIGATION (NATIONAL AGENCY POLICY),RIVER / RUNNING SURFACE WATER,7608,Salinity : In Situ,0.33,Parts per thousand
https://environment.data.gov.uk/water-quality/sampling-point/TH-PRTS0003/sample/1345414/observation/9901,TH-PRTS0003,THAMES - UPSTREAM OF CS1 OUTFALL,-0.5828,51.4827,Thames,THAMES - WEST THAMES,Multiple Values,OPEN,FRESHWATER - RIVERS,2021-03-23T11:22:00,PLANNED INVESTIGATION (NATIONAL AGENCY POLICY),RIVER / RUNNING SURFACE WATER,9901,"Oxygen, Dissolved, % Saturation",101.6,PERCENTAGE
https://environment.data.gov.uk/water-quality/sampling-point/TH-PRTS0003/sample/1345414/observation/9924,TH-PRTS0003,THAMES - UPSTREAM OF CS1 OUTFALL,-0.5828,51.4827,Thames,THAMES - WEST THAMES,Multiple Values,OPEN,FRESHWATER - RIVERS,2021-03-23T11:22:00,PLANNED INVESTIGATION (NATIONAL AGENCY POLICY),RIVER / RUNNING SURFACE WATER,9924,"Oxygen, Dissolved as O2",11.5,MILLIGRAM PER LITRE
https://environment.data.gov.uk/water-quality/sampling-point/TH-PRTS0003/sample/1349170/observation/0061,TH-PRTS0003,THAMES - UPSTREAM OF CS1 OUTFALL,-0.5828,51.4827,Thames,THAMES - WEST THAMES,Multiple Values,OPEN,FRESHWATER - RIVERS,2021-04-29T09:54:00,PLANNED INVESTIGATION (NATIONAL AGENCY POLICY),RIVER / RUNNING SURFACE WATER,0061,pH,8.21,PH UNITS
https://environment.data.gov.uk/water-quality/sampling-point/TH-PRTS0003/sample/1349170/observation/0076,TH-PRTS0003,THAMES - UPSTREAM OF CS1 OUTFALL,-0.5828,51.4827,Thames,THAMES - WEST THAMES,Multiple Values,OPEN,FRESHWATER - RIVERS,2021-04-29T09:54:00,PLANNED INVESTIGATION (NATIONAL AGENCY POLICY),RIVER / RUNNING SURFACE WATER,0076,Temperature of Water,11.9,CELSIUS
https://environment.data.gov.uk/water-quality/sampling-point/TH-PRTS0003/sample/1349170/observation/7608,TH-PRTS0003,THAMES - UPSTREAM OF CS1 OUTFALL,-0.5828,51.4827,Thames,THAMES - WEST THAMES,Multiple Values,OPEN,FRESHWATER - RIVERS,2021-04-29T09:54:00,PLANNED INVESTIGATION (NATIONAL AGENCY POLICY),RIVER / RUNNING SURFACE WATER,7608,Salinity : In Situ,0.3,Parts per thousand
https://environment.data.gov.uk/water-quality/sampling-point/TH-PRTS0003/sample/1349170/observation/9901,TH-PRTS0003,THAMES - UPSTREAM OF CS1 OUTFALL,-0.5828,51.4827,Thames,THAMES - WEST THAMES,Multiple Values,OPEN,FRESHWATER - RIVERS,2021-04-29T09:54:00,PLANNED INVESTIGATION (NATIONAL AGENCY POLICY),RIVER / RUNNING SURFACE WATER,9901,"Oxygen, Dissolved, % Saturation",118,PERCENTAGE
https://environment.data.gov.uk/water-quality/sampling-point/TH-PRTS0003/sample/1349170/observation/9924,TH-PRTS0003,THAMES - UPSTREAM OF CS1 OUTFALL,-0.5828,51.4827,Thames,THAMES - WEST THAMES,Multiple Values,OPEN,FRESHWATER - RIVERS,2021-04-29T09:54:00,PLANNED INVESTIGATION (NATIONAL AGENCY POLICY),RIVER / RUNNING SURFACE WATER,9924,"Oxygen, Dissolved as O2",12.7,MILLIGRAM PER LITRE
https://environment.data.gov.uk/water-quality/sampling-point/TH-PRTS0003/sample/1349524/observation/0061,TH-PRTS0003,THAMES - UPSTREAM OF CS1 OUTFALL,-0.5828,51.4827,Thames,THAMES - WEST THAMES,Multiple Values,OPEN,FRESHWATER - RIVERS,2021-05-17T10:50:00,ENVIRONMENTAL MONITORING STATUTORY (EU DIRECTIVES),RIVER / RUNNING SURFACE WATER,0061,pH,8.26,PH UNITS
https://environment.data.gov.uk/water-quality/sampling-point/TH-PRTS0003/sample/1349524/observation/0076,TH-PRTS0003,THAMES - UPSTREAM OF CS1 OUTFALL,-0.5828,51.4827,Thames,THAMES - WEST THAMES,Multiple Values,OPEN,FRESHWATER - RIVERS,2021-05-17T10:50:00,ENVIRONMENTAL MONITORING STATUTORY (EU DIRECTIVES),RIVER / RUNNING SURFACE WATER,0076,Temperature of Water,13.6,CELSIUS
https://environment.data.gov.uk/water-quality/sampling-point/TH-PRTS0003/sample/1349524/observation/0077,TH-PRTS0003,THAMES - UPSTREAM OF CS1 OUTFALL,-0.5828,51.4827,Thames,THAMES - WEST THAMES,Multiple Values,OPEN,FRESHWATER - RIVERS,2021-05-17T10:50:00,ENVIRONMENTAL MONITORING STATUTORY (EU DIRECTIVES),RIVER / RUNNING SURFACE WATER,0077,Conductivity at 25 C,665,MICROSIEMENS PER CENTIMETRE
https://environment.data.gov.uk/water-quality/sampling-point/TH-PRTS0003/sample/1349524/observation/0111,TH-PRTS0003,THAMES - UPSTREAM OF CS1 OUTFALL,-0.5828,51.4827,Thames,THAMES - WEST THAMES,Multiple Values,OPEN,FRESHWATER - RIVERS,2021-05-17T10:50:00,ENVIRONMENTAL MONITORING STATUTORY (EU DIRECTIVES),RIVER / RUNNING SURFACE WATER,0111,Ammoniacal Nitrogen as N,<0.5,MILLIGRAM PER LITRE
https://environment.data.gov.uk/water-quality/sampling-point/TH-PRTS0003/sample/1349524/observation/0119,TH-PRTS0003,THAMES - UPSTREAM OF CS1 OUTFALL,-0.5828,51.4827,Thames,THAMES - WEST THAMES,Multiple Values,OPEN,FRESHWATER - RIVERS,2021-05-17T10:50:00,ENVIRONMENTAL MONITORING STATUTORY (EU DIRECTIVES),RIVER / RUNNING SURFACE WATER,0119,Ammonia un-ionised as N,<0.0119,MILLIGRAM PER LITRE
https://environment.data.gov.uk/water-quality/sampling-point/TH-PRTS0003/sample/1349524/observation/0135,TH-PRTS0003,THAMES - UPSTREAM OF CS1 OUTFALL,-0.5828,51.4827,Thames,THAMES - WEST THAMES,Multiple Values,OPEN,FRESHWATER - RIVERS,2021-05-17T10:50:00,ENVIRONMENTAL MONITORING STATUTORY (EU DIRECTIVES),RIVER / RUNNING SURFACE WATER,0135,"Solids, Suspended at 105 C",21,MILLIGRAM PER LITRE
https://environment.data.gov.uk/water-quality/sampling-point/TH-PRTS0003/sample/1349524/observation/0180,TH-PRTS0003,THAMES - UPSTREAM OF CS1 OUTFALL,-0.5828,51.4827,Thames,THAMES - WEST THAMES,Multiple Values,OPEN,FRESHWATER - RIVERS,2021-05-17T10:50:00,ENVIRONMENTAL MONITORING STATUTORY (EU DIRECTIVES),RIVER / RUNNING SURFACE WATER,0180,"Orthophosphate, reactive as P",0.13,MILLIGRAM PER LITRE
https://environment.data.gov.uk/water-quality/sampling-point/TH-PRTS0003/sample/1349524/observation/7608,TH-PRTS0003,THAMES - UPSTREAM OF CS1 OUTFALL,-0.5828,51.4827,Thames,THAMES - WEST THAMES,Multiple Values,OPEN,FRESHWATER - RIVERS,2021-05-17T10:50:00,ENVIRONMENTAL MONITORING STATUTORY (EU DIRECTIVES),RIVER / RUNNING SURFACE WATER,7608,Salinity : In Situ,0.33,Parts per thousand
https://environment.data.gov.uk/water-quality/sampling-point/TH-PRTS0003/sample/1349524/observation/9901,TH-PRTS0003,THAMES - UPSTREAM OF CS1 OUTFALL,-0.5828,51.4827,Thames,THAMES - WEST THAMES,Multiple Values,OPEN,FRESHWATER - RIVERS,2021-05-17T10:50:00,ENVIRONMENTAL MONITORING STATUTORY (EU DIRECTIVES),RIVER / RUNNING SURFACE WATER,9901,"Oxygen, Dissolved, % Saturation",95.7,PERCENTAGE
https://environment.data.gov.uk/water-quality/sampling-point/TH-PRTS0003/sample/1349524/observation/9924,TH-PRTS0003,THAMES - UPSTREAM OF CS1 OUTFALL,-0.5828,51.4827,Thames,THAMES - WEST THAMES,Multiple Values,OPEN,FRESHWATER - RIVERS,2021-05-17T10:50:00,ENVIRONMENTAL MONITORING STATUTORY (EU DIRECTIVES),RIVER / RUNNING SURFACE WATER,9924,"Oxygen, Dissolved as O2",9.91,MILLIGRAM PER LITRE
https://environment.data.gov.uk/water-quality/sampling-point/TH-PRTS0003/sample/1359629/observation/0061,TH-PRTS0003,THAMES - UPSTREAM OF CS1 OUTFALL,-0.5828,51.4827,Thames,THAMES - WEST THAMES,Multiple Values,OPEN,FRESHWATER - RIVERS,2021-06-24T09:50:00,ENVIRONMENTAL MONITORING STATUTORY (EU DIRECTIVES),RIVER / RUNNING SURFACE WATER,0061,pH,7.95,PH UNITS
https://environment.data.gov.uk/water-quality/sampling-point/TH-PRTS0003/sample/1359629/observation/0076,TH-PRTS0003,THAMES - UPSTREAM OF CS1 OUTFALL,-0.5828,51.4827,Thames,THAMES - WEST THAMES,Multiple Values,OPEN,FRESHWATER - RIVERS,2021-06-24T09:50:00,ENVIRONMENTAL MONITORING STATUTORY (EU DIRECTIVES),RIVER / RUNNING SURFACE WATER,0076,Temperature of Water,16.5,CELSIUS
https://environment.data.gov.uk/water-quality/sampling-point/TH-PRTS0003/sample/1359629/observation/0111,TH-PRTS0003,THAMES - UPSTREAM OF CS1 OUTFALL,-0.5828,51.4827,Thames,THAMES - WEST THAMES,Multiple Values,OPEN,FRESHWATER - RIVERS,2021-06-24T09:50:00,ENVIRONMENTAL MONITORING STATUTORY (EU DIRECTIVES),RIVER / RUNNING SURFACE WATER,0111,Ammoniacal Nitrogen as N,<0.5,MILLIGRAM PER LITRE
https://environment.data.gov.uk/water-quality/sampling-point/TH-PRTS0003/sample/1359629/observation/0119,TH-PRTS0003,THAMES - UPSTREAM OF CS1 OUTFALL,-0.5828,51.4827,Thames,THAMES - WEST THAMES,Multiple Values,OPEN,FRESHWATER - RIVERS,2021-06-24T09:50:00,ENVIRONMENTAL MONITORING STATUTORY (EU DIRECTIVES),RIVER / RUNNING SURFACE WATER,0119,Ammonia un-ionised as N,<0.0131,MILLIGRAM PER LITRE
https://environment.data.gov.uk/water-quality/sampling-point/TH-PRTS0003/sample/1359629/observation/0135,TH-PRTS0003,THAMES - UPSTREAM OF CS1 OUTFALL,-0.5828,51.4827,Thames,THAMES - WEST THAMES,Multiple Values,OPEN,FRESHWATER - RIVERS,2021-06-24T09:50:00,ENVIRONMENTAL MONITORING STATUTORY (EU DIRECTIVES),RIVER / RUNNING SURFACE WATER,0135,"Solids, Suspended at 105 C",8.2,MILLIGRAM PER LITRE
https://environment.data.gov.uk/water-quality/sampling-point/TH-PRTS0003/sample/1359629/observation/0180,TH-PRTS0003,THAMES - UPSTREAM OF CS1 OUTFALL,-0.5828,51.4827,Thames,THAMES - WEST THAMES,Multiple Values,OPEN,FRESHWATER - RIVERS,2021-06-24T09:50:00,ENVIRONMENTAL MONITORING STATUTORY (EU DIRECTIVES),RIVER / RUNNING SURFACE WATER,0180,"Orthophosphate, reactive as P",0.19,MILLIGRAM PER LITRE
https://environment.data.gov.uk/water-quality/sampling-point/TH-PRTS0003/sample/1359629/observation/7608,TH-PRTS0003,THAMES - UPSTREAM OF CS1 OUTFALL,-0.5828,51.4827,Thames,THAMES - WEST THAMES,Multiple Values,OPEN,FRESHWATER - RIVERS,2021-06-24T09:50:00,ENVIRONMENTAL MONITORING STATUTORY (EU DIRECTIVES),RIVER / RUNNING SURFACE WATER,7608,Salinity : In Situ,0.29,Parts per thousand
https://environment.data.gov.uk/water-quality/sampling-point/TH-PRTS0003/sample/1359629/observation/9274,TH-PRTS0003,THAMES - UPSTREAM OF CS1 OUTFALL,-0.5828,51.4827,Thames,THAMES - WEST THAMES,Multiple Values,OPEN,FRESHWATER - RIVERS,2021-06-24T09:50:00,ENVIRONMENTAL MONITORING STATUTORY (EU DIRECTIVES),RIVER / RUNNING SURFACE WATER,9274,Perfluorooctanoate anion,0.0039,MICROGRAM PER LITRE
https://environment.data.gov.uk/water-quality/sampling-point/TH-PRTS0003/sample/1359629/observation/9276,TH-PRTS0003,THAMES - UPSTREAM OF CS1 OUTFALL,-0.5828,51.4827,Thames,THAMES - WEST THAMES,Multiple Values,OPEN,FRESHWATER - RIVERS,2021-06-24T09:50:00,ENVIRONMENTAL MONITORING STATUTORY (EU DIRECTIVES),RIVER / RUNNING SURFACE WATER,9276,Perfluorooctylsulphonate anion,0.006,MICROGRAM PER LITRE
https://environment.data.gov.uk/water-quality/sampling-point/TH-PRTS0003/sample/1359629/observation/9901,TH-PRTS0003,THAMES - UPSTREAM OF CS1 OUTFALL,-0.5828,51.4827,Thames,THAMES - WEST THAMES,Multiple Values,OPEN,FRESHWATER - RIVERS,2021-06-24T09:50:00,ENVIRONMENTAL MONITORING STATUTORY (EU DIRECTIVES),RIVER / RUNNING SURFACE WATER,9901,"Oxygen, Dissolved, % Saturation",94,PERCENTAGE
https://environment.data.gov.uk/water-quality/sampling-point/TH-PRTS0003/sample/1359629/observation/9924,TH-PRTS0003,THAMES - UPSTREAM OF CS1 OUTFALL,-0.5828,51.4827,Thames,THAMES - WEST THAMES,Multiple Values,OPEN,FRESHWATER - RIVERS,2021-06-24T09:50:00,ENVIRONMENTAL MONITORING STATUTORY (EU DIRECTIVES),RIVER / RUNNING SURFACE WATER,9924,"Oxygen, Dissolved as O2",9.14,MILLIGRAM PER LITRE
https://environment.data.gov.uk/water-quality/sampling-point/TH-PRTS0003/sample/1360350/observation/0061,TH-PRTS0003,THAMES - UPSTREAM OF CS1 OUTFALL,-0.5828,51.4827,Thames,THAMES - WEST THAMES,Multiple Values,OPEN,FRESHWATER - RIVERS,2021-07-20T09:59:00,ENVIRONMENTAL MONITORING STATUTORY (EU DIRECTIVES),RIVER / RUNNING SURFACE WATER,0061,pH,8.05,PH UNITS
https://environment.data.gov.uk/water-quality/sampling-point/TH-PRTS0003/sample/1360350/observation/0076,TH-PRTS0003,THAMES - UPSTREAM OF CS1 OUTFALL,-0.5828,51.4827,Thames,THAMES - WEST THAMES,Multiple Values,OPEN,FRESHWATER - RIVERS,2021-07-20T09:59:00,ENVIRONMENTAL MONITORING STATUTORY (EU DIRECTIVES),RIVER / RUNNING SURFACE WATER,0076,Temperature of Water,21.9,CELSIUS
https://environment.data.gov.uk/water-quality/sampling-point/TH-PRTS0003/sample/1360350/observation/0111,TH-PRTS0003,THAMES - UPSTREAM OF CS1 OUTFALL,-0.5828,51.4827,Thames,THAMES - WEST THAMES,Multiple Values,OPEN,FRESHWATER - RIVERS,2021-07-20T09:59:00,ENVIRONMENTAL MONITORING STATUTORY (EU DIRECTIVES),RIVER / RUNNING SURFACE WATER,0111,Ammoniacal Nitrogen as N,0.038,MILLIGRAM PER LITRE
https://environment.data.gov.uk/water-quality/sampling-point/TH-PRTS0003/sample/1360350/observation/0119,TH-PRTS0003,THAMES - UPSTREAM OF CS1 OUTFALL,-0.5828,51.4827,Thames,THAMES - WEST THAMES,Multiple Values,OPEN,FRESHWATER - RIVERS,2021-07-20T09:59:00,ENVIRONMENTAL MONITORING STATUTORY (EU DIRECTIVES),RIVER / RUNNING SURFACE WATER,0119,Ammonia un-ionised as N,0.00164,MILLIGRAM PER LITRE
https://environment.data.gov.uk/water-quality/sampling-point/TH-PRTS0003/sample/1360350/observation/0135,TH-PRTS0003,THAMES - UPSTREAM OF CS1 OUTFALL,-0.5828,51.4827,Thames,THAMES - WEST THAMES,Multiple Values,OPEN,FRESHWATER - RIVERS,2021-07-20T09:59:00,ENVIRONMENTAL MONITORING STATUTORY (EU DIRECTIVES),RIVER / RUNNING SURFACE WATER,0135,"Solids, Suspended at 105 C",6.7,MILLIGRAM PER LITRE
https://environment.data.gov.uk/water-quality/sampling-point/TH-PRTS0003/sample/1360350/observation/0180,TH-PRTS0003,THAMES - UPSTREAM OF CS1 OUTFALL,-0.5828,51.4827,Thames,THAMES - WEST THAMES,Multiple Values,OPEN,FRESHWATER - RIVERS,2021-07-20T09:59:00,ENVIRONMENTAL MONITORING STATUTORY (EU DIRECTIVES),RIVER / RUNNING SURFACE WATER,0180,"Orthophosphate, reactive as P",0.15,MILLIGRAM PER LITRE
https://environment.data.gov.uk/water-quality/sampling-point/TH-PRTS0003/sample/1360350/observation/2958,TH-PRTS0003,THAMES - UPSTREAM OF CS1 OUTFALL,-0.5828,51.4827,Thames,THAMES - WEST THAMES,Multiple Values,OPEN,FRESHWATER - RIVERS,2021-07-20T09:59:00,ENVIRONMENTAL MONITORING STATUTORY (EU DIRECTIVES),RIVER / RUNNING SURFACE WATER,2958,Perfluorooctanesulfonic acid (total),0.0083,MICROGRAM PER LITRE
https://environment.data.gov.uk/water-quality/sampling-point/TH-PRTS0003/sample/1360350/observation/2959,TH-PRTS0003,THAMES - UPSTREAM OF CS1 OUTFALL,-0.5828,51.4827,Thames,THAMES - WEST THAMES,Multiple Values,OPEN,FRESHWATER - RIVERS,2021-07-20T09:59:00,ENVIRONMENTAL MONITORING STATUTORY (EU DIRECTIVES),RIVER / RUNNING SURFACE WATER,2959,Perfluorooctanesulfonic acid (linear),0.0049,MICROGRAM PER LITRE
https://environment.data.gov.uk/water-quality/sampling-point/TH-PRTS0003/sample/1360350/observation/2960,TH-PRTS0003,THAMES - UPSTREAM OF CS1 OUTFALL,-0.5828,51.4827,Thames,THAMES - WEST THAMES,Multiple Values,OPEN,FRESHWATER - RIVERS,2021-07-20T09:59:00,ENVIRONMENTAL MONITORING STATUTORY (EU DIRECTIVES),RIVER / RUNNING SURFACE WATER,2960,Perfluorooctanesulfonic acid (branched),0.0034,MICROGRAM PER LITRE
https://environment.data.gov.uk/water-quality/sampling-point/TH-PRTS0003/sample/1360350/observation/7608,TH-PRTS0003,THAMES - UPSTREAM OF CS1 OUTFALL,-0.5828,51.4827,Thames,THAMES - WEST THAMES,Multiple Values,OPEN,FRESHWATER - RIVERS,2021-07-20T09:59:00,ENVIRONMENTAL MONITORING STATUTORY (EU DIRECTIVES),RIVER / RUNNING SURFACE WATER,7608,Salinity : In Situ,0.32,Parts per thousand
https://environment.data.gov.uk/water-quality/sampling-point/TH-PRTS0003/sample/1360350/observation/9274,TH-PRTS0003,THAMES - UPSTREAM OF CS1 OUTFALL,-0.5828,51.4827,Thames,THAMES - WEST THAMES,Multiple Values,OPEN,FRESHWATER - RIVERS,2021-07-20T09:59:00,ENVIRONMENTAL MONITORING STATUTORY (EU DIRECTIVES),RIVER / RUNNING SURFACE WATER,9274,Perfluorooctanoate anion,0.0035,MICROGRAM PER LITRE
https://environment.data.gov.uk/water-quality/sampling-point/TH-PRTS0003/sample/1360350/observation/9901,TH-PRTS0003,THAMES - UPSTREAM OF CS1 OUTFALL,-0.5828,51.4827,Thames,THAMES - WEST THAMES,Multiple Values,OPEN,FRESHWATER - RIVERS,2021-07-20T09:59:00,ENVIRONMENTAL MONITORING STATUTORY (EU DIRECTIVES),RIVER / RUNNING SURFACE WATER,9901,"Oxygen, Dissolved, % Saturation",98.4,PERCENTAGE
https://environment.data.gov.uk/water-quality/sampling-point/TH-PRTS0003/sample/1360350/observation/9924,TH-PRTS0003,THAMES - UPSTREAM OF CS1 OUTFALL,-0.5828,51.4827,Thames,THAMES - WEST THAMES,Multiple Values,OPEN,FRESHWATER - RIVERS,2021-07-20T09:59:00,ENVIRONMENTAL MONITORING STATUTORY (EU DIRECTIVES),RIVER / RUNNING SURFACE WATER,9924,"Oxygen, Dissolved as O2",8.59,MILLIGRAM PER LITRE
https://environment.data.gov.uk/water-quality/sampling-point/TH-PRTS0003/sample/1369611/observation/0061,TH-PRTS0003,THAMES - UPSTREAM OF CS1 OUTFALL,-0.5828,51.4827,Thames,THAMES - WEST THAMES,Multiple Values,OPEN,FRESHWATER - RIVERS,2021-12-14T10:31:00,ENVIRONMENTAL MONITORING STATUTORY (EU DIRECTIVES),RIVER / RUNNING SURFACE WATER,0061,pH,8.06,PH UNITS
https://environment.data.gov.uk/water-quality/sampling-point/TH-PRTS0003/sample/1369611/observation/0076,TH-PRTS0003,THAMES - UPSTREAM OF CS1 OUTFALL,-0.5828,51.4827,Thames,THAMES - WEST THAMES,Multiple Values,OPEN,FRESHWATER - RIVERS,2021-12-14T10:31:00,ENVIRONMENTAL MONITORING STATUTORY (EU DIRECTIVES),RIVER / RUNNING SURFACE WATER,0076,Temperature of Water,7.1,CELSIUS
https://environment.data.gov.uk/water-quality/sampling-point/TH-PRTS0003/sample/1369611/observation/0111,TH-PRTS0003,THAMES - UPSTREAM OF CS1 OUTFALL,-0.5828,51.4827,Thames,THAMES - WEST THAMES,Multiple Values,OPEN,FRESHWATER - RIVERS,2021-12-14T10:31:00,ENVIRONMENTAL MONITORING STATUTORY (EU DIRECTIVES),RIVER / RUNNING SURFACE WATER,0111,Ammoniacal Nitrogen as N,0.032,MILLIGRAM PER LITRE
https://environment.data.gov.uk/water-quality/sampling-point/TH-PRTS0003/sample/1369611/observation/0119,TH-PRTS0003,THAMES - UPSTREAM OF CS1 OUTFALL,-0.5828,51.4827,Thames,THAMES - WEST THAMES,Multiple Values,OPEN,FRESHWATER - RIVERS,2021-12-14T10:31:00,ENVIRONMENTAL MONITORING STATUTORY (EU DIRECTIVES),RIVER / RUNNING SURFACE WATER,0119,Ammonia un-ionised as N,0.00047,MILLIGRAM PER LITRE
https://environment.data.gov.uk/water-quality/sampling-point/TH-PRTS0003/sample/1369611/observation/0135,TH-PRTS0003,THAMES - UPSTREAM OF CS1 OUTFALL,-0.5828,51.4827,Thames,THAMES - WEST THAMES,Multiple Values,OPEN,FRESHWATER - RIVERS,2021-12-14T10:31:00,ENVIRONMENTAL MONITORING STATUTORY (EU DIRECTIVES),RIVER / RUNNING SURFACE WATER,0135,"Solids, Suspended at 105 C",6.9,MILLIGRAM PER LITRE
https://environment.data.gov.uk/water-quality/sampling-point/TH-PRTS0003/sample/1369611/observation/0180,TH-PRTS0003,THAMES - UPSTREAM OF CS1 OUTFALL,-0.5828,51.4827,Thames,THAMES - WEST THAMES,Multiple Values,OPEN,FRESHWATER - RIVERS,2021-12-14T10:31:00,ENVIRONMENTAL MONITORING STATUTORY (EU DIRECTIVES),RIVER / RUNNING SURFACE WATER,0180,"Orthophosphate, reactive as P",0.19,MILLIGRAM PER LITRE
https://environment.data.gov.uk/water-quality/sampling-point/TH-PRTS0003/sample/1369611/observation/2958,TH-PRTS0003,THAMES - UPSTREAM OF CS1 OUTFALL,-0.5828,51.4827,Thames,THAMES - WEST THAMES,Multiple Values,OPEN,FRESHWATER - RIVERS,2021-12-14T10:31:00,ENVIRONMENTAL MONITORING STATUTORY (EU DIRECTIVES),RIVER / RUNNING SURFACE WATER,2958,Perfluorooctanesulfonic acid (total),0.0064,MICROGRAM PER LITRE
https://environment.data.gov.uk/water-quality/sampling-point/TH-PRTS0003/sample/1369611/observation/2959,TH-PRTS0003,THAMES - UPSTREAM OF CS1 OUTFALL,-0.5828,51.4827,Thames,THAMES - WEST THAMES,Multiple Values,OPEN,FRESHWATER - RIVERS,2021-12-14T10:31:00,ENVIRONMENTAL MONITORING STATUTORY (EU DIRECTIVES),RIVER / RUNNING SURFACE WATER,2959,Perfluorooctanesulfonic acid (linear),0.003,MICROGRAM PER LITRE
https://environment.data.gov.uk/water-quality/sampling-point/TH-PRTS0003/sample/1369611/observation/2960,TH-PRTS0003,THAMES - UPSTREAM OF CS1 OUTFALL,-0.5828,51.4827,Thames,THAMES - WEST THAMES,Multiple Values,OPEN,FRESHWATER - RIVERS,2021-12-14T10:31:00,ENVIRONMENTAL MONITORING STATUTORY (EU DIRECTIVES),RIVER / RUNNING SURFACE WATER,2960,Perfluorooctanesulfonic acid (branched),0.0033,MICROGRAM PER LITRE
https://environment.data.gov.uk/water-quality/sampling-point/TH-PRTS0003/sample/1369611/observation/7608,TH-PRTS0003,THAMES - UPSTREAM OF CS1 OUTFALL,-0.5828,51.4827,Thames,THAMES - WEST THAMES,Multiple Values,OPEN,FRESHWATER - RIVERS,2021-12-14T10:31:00,ENVIRONMENTAL MONITORING STATUTORY (EU DIRECTIVES),RIVER / RUNNING SURFACE WATER,7608,Salinity : In Situ,0.35,Parts per thousand
https://environment.data.gov.uk/water-quality/sampling-point/TH-PRTS0003/sample/1369611/observation/9274,TH-PRTS0003,THAMES - UPSTREAM OF CS1 OUTFALL,-0.5828,51.4827,Thames,THAMES - WEST THAMES,Multiple Values,OPEN,FRESHWATER - RIVERS,2021-12-14T10:31:00,ENVIRONMENTAL MONITORING STATUTORY (EU DIRECTIVES),RIVER / RUNNING SURFACE WATER,9274,Perfluorooctanoate anion,0.0024,MICROGRAM PER LITRE
https://environment.data.gov.uk/water-quality/sampling-point/TH-PRTS0003/sample/1369611/observation/9901,TH-PRTS0003,THAMES - UPSTREAM OF CS1 OUTFALL,-0.5828,51.4827,Thames,THAMES - WEST THAMES,Multiple Values,OPEN,FRESHWATER - RIVERS,2021-12-14T10:31:00,ENVIRONMENTAL MONITORING STATUTORY (EU DIRECTIVES),RIVER / RUNNING SURFACE WATER,9901,"Oxygen, Dissolved, % Saturation",101.1,PERCENTAGE
https://environment.data.gov.uk/water-quality/sampling-point/TH-PRTS0003/sample/1369611/observation/9924,TH-PRTS0003,THAMES - UPSTREAM OF CS1 OUTFALL,-0.5828,51.4827,Thames,THAMES - WEST THAMES,Multiple Values,OPEN,FRESHWATER - RIVERS,2021-12-14T10:31:00,ENVIRONMENTAL MONITORING STATUTORY (EU DIRECTIVES),RIVER / RUNNING SURFACE WATER,9924,"Oxygen, Dissolved as O2",12.2,MILLIGRAM PER LITRE
https://environment.data.gov.uk/water-quality/sampling-point/TH-PRTS0013/sample/1341855/observation/0061,TH-PRTS0013,WRAYSBURY STREAM - UPSTREAM OF INTERSECTION,-0.5543,51.4492,Thames,THAMES - WEST THAMES,Multiple Values,OPEN,FRESHWATER - RIVERS,2021-01-28T12:56:00,PLANNED INVESTIGATION (NATIONAL AGENCY POLICY),RIVER / RUNNING SURFACE WATER,0061,pH,7.44,PH UNITS
https://environment.data.gov.uk/water-quality/sampling-point/TH-PRTS0013/sample/1341855/observation/0076,TH-PRTS0013,WRAYSBURY STREAM - UPSTREAM OF INTERSECTION,-0.5543,51.4492,Thames,THAMES - WEST THAMES,Multiple Values,OPEN,FRESHWATER - RIVERS,2021-01-28T12:56:00,PLANNED INVESTIGATION (NATIONAL AGENCY POLICY),RIVER / RUNNING SURFACE WATER,0076,Temperature of Water,8.4,CELSIUS
https://environment.data.gov.uk/water-quality/sampling-point/TH-PRTS0013/sample/1341855/observation/7608,TH-PRTS0013,WRAYSBURY STREAM - UPSTREAM OF INTERSECTION,-0.5543,51.4492,Thames,THAMES - WEST THAMES,Multiple Values,OPEN,FRESHWATER - RIVERS,2021-01-28T12:56:00,PLANNED INVESTIGATION (NATIONAL AGENCY POLICY),RIVER / RUNNING SURFACE WATER,7608,Salinity : In Situ,0.49,Parts per thousand
https://environment.data.gov.uk/water-quality/sampling-point/TH-PRTS0013/sample/1341855/observation/9901,TH-PRTS0013,WRAYSBURY STREAM - UPSTREAM OF INTERSECTION,-0.5543,51.4492,Thames,THAMES - WEST THAMES,Multiple Values,OPEN,FRESHWATER - RIVERS,2021-01-28T12:56:00,PLANNED INVESTIGATION (NATIONAL AGENCY POLICY),RIVER / RUNNING SURFACE WATER,9901,"Oxygen, Dissolved, % Saturation",46.9,PERCENTAGE
https://environment.data.gov.uk/water-quality/sampling-point/TH-PRTS0013/sample/1341855/observation/9924,TH-PRTS0013,WRAYSBURY STREAM - UPSTREAM OF INTERSECTION,-0.5543,51.4492,Thames,THAMES - WEST THAMES,Multiple Values,OPEN,FRESHWATER - RIVERS,2021-01-28T12:56:00,PLANNED INVESTIGATION (NATIONAL AGENCY POLICY),RIVER / RUNNING SURFACE WATER,9924,"Oxygen, Dissolved as O2",5.48,MILLIGRAM PER LITRE
https://environment.data.gov.uk/water-quality/sampling-point/TH-PRTS0013/sample/1342429/observation/0061,TH-PRTS0013,WRAYSBURY STREAM - UPSTREAM OF INTERSECTION,-0.5543,51.4492,Thames,THAMES - WEST THAMES,Multiple Values,OPEN,FRESHWATER - RIVERS,2021-02-23T11:19:00,PLANNED INVESTIGATION (NATIONAL AGENCY POLICY),RIVER / RUNNING SURFACE WATER,0061,pH,7.46,PH UNITS
https://environment.data.gov.uk/water-quality/sampling-point/TH-PRTS0013/sample/1342429/observation/0076,TH-PRTS0013,WRAYSBURY STREAM - UPSTREAM OF INTERSECTION,-0.5543,51.4492,Thames,THAMES - WEST THAMES,Multiple Values,OPEN,FRESHWATER - RIVERS,2021-02-23T11:19:00,PLANNED INVESTIGATION (NATIONAL AGENCY POLICY),RIVER / RUNNING SURFACE WATER,0076,Temperature of Water,7.9,CELSIUS
https://environment.data.gov.uk/water-quality/sampling-point/TH-PRTS0013/sample/1342429/observation/7608,TH-PRTS0013,WRAYSBURY STREAM - UPSTREAM OF INTERSECTION,-0.5543,51.4492,Thames,THAMES - WEST THAMES,Multiple Values,OPEN,FRESHWATER - RIVERS,2021-02-23T11:19:00,PLANNED INVESTIGATION (NATIONAL AGENCY POLICY),RIVER / RUNNING SURFACE WATER,7608,Salinity : In Situ,0.51,Parts per thousand
https://environment.data.gov.uk/water-quality/sampling-point/TH-PRTS0013/sample/1342429/observation/9901,TH-PRTS0013,WRAYSBURY STREAM - UPSTREAM OF INTERSECTION,-0.5543,51.4492,Thames,THAMES - WEST THAMES,Multiple Values,OPEN,FRESHWATER - RIVERS,2021-02-23T11:19:00,PLANNED INVESTIGATION (NATIONAL AGENCY POLICY),RIVER / RUNNING SURFACE WATER,9901,"Oxygen, Dissolved, % Saturation",27.9,PERCENTAGE
https://environment.data.gov.uk/water-quality/sampling-point/TH-PRTS0013/sample/1342429/observation/9924,TH-PRTS0013,WRAYSBURY STREAM - UPSTREAM OF INTERSECTION,-0.5543,51.4492,Thames,THAMES - WEST THAMES,Multiple Values,OPEN,FRESHWATER - RIVERS,2021-02-23T11:19:00,PLANNED INVESTIGATION (NATIONAL AGENCY POLICY),RIVER / RUNNING SURFACE WATER,9924,"Oxygen, Dissolved as O2",3.3,MILLIGRAM PER LITRE
https://environment.data.gov.uk/water-quality/sampling-point/TH-PRTS0013/sample/1345417/observation/0061,TH-PRTS0013,WRAYSBURY STREAM - UPSTREAM OF INTERSECTION,-0.5543,51.4492,Thames,THAMES - WEST THAMES,Multiple Values,OPEN,FRESHWATER - RIVERS,2021-03-23T13:04:00,PLANNED INVESTIGATION (NATIONAL AGENCY POLICY),RIVER / RUNNING SURFACE WATER,0061,pH,7.42,PH UNITS
https://environment.data.gov.uk/water-quality/sampling-point/TH-PRTS0013/sample/1345417/observation/0076,TH-PRTS0013,WRAYSBURY STREAM - UPSTREAM OF INTERSECTION,-0.5543,51.4492,Thames,THAMES - WEST THAMES,Multiple Values,OPEN,FRESHWATER - RIVERS,2021-03-23T13:04:00,PLANNED INVESTIGATION (NATIONAL AGENCY POLICY),RIVER / RUNNING SURFACE WATER,0076,Temperature of Water,8.3,CELSIUS
https://environment.data.gov.uk/water-quality/sampling-point/TH-PRTS0013/sample/1345417/observation/7608,TH-PRTS0013,WRAYSBURY STREAM - UPSTREAM OF INTERSECTION,-0.5543,51.4492,Thames,THAMES - WEST THAMES,Multiple Values,OPEN,FRESHWATER - RIVERS,2021-03-23T13:04:00,PLANNED INVESTIGATION (NATIONAL AGENCY POLICY),RIVER / RUNNING SURFACE WATER,7608,Salinity : In Situ,0.6,Parts per thousand
https://environment.data.gov.uk/water-quality/sampling-point/TH-PRTS0013/sample/1345417/observation/9901,TH-PRTS0013,WRAYSBURY STREAM - UPSTREAM OF INTERSECTION,-0.5543,51.4492,Thames,THAMES - WEST THAMES,Multiple Values,OPEN,FRESHWATER - RIVERS,2021-03-23T13:04:00,PLANNED INVESTIGATION (NATIONAL AGENCY POLICY),RIVER / RUNNING SURFACE WATER,9901,"Oxygen, Dissolved, % Saturation",40.6,PERCENTAGE
https://environment.data.gov.uk/water-quality/sampling-point/TH-PRTS0013/sample/1345417/observation/9924,TH-PRTS0013,WRAYSBURY STREAM - UPSTREAM OF INTERSECTION,-0.5543,51.4492,Thames,THAMES - WEST THAMES,Multiple Values,OPEN,FRESHWATER - RIVERS,2021-03-23T13:04:00,PLANNED INVESTIGATION (NATIONAL AGENCY POLICY),RIVER / RUNNING SURFACE WATER,9924,"Oxygen, Dissolved as O2",4.75,MILLIGRAM PER LITRE
https://environment.data.gov.uk/water-quality/sampling-point/TH-PRTS0013/sample/1349173/observation/0061,TH-PRTS0013,WRAYSBURY STREAM - UPSTREAM OF INTERSECTION,-0.5543,51.4492,Thames,THAMES - WEST THAMES,Multiple Values,OPEN,FRESHWATER - RIVERS,2021-04-29T11:06:00,PLANNED INVESTIGATION (NATIONAL AGENCY POLICY),RIVER / RUNNING SURFACE WATER,0061,pH,7.6,PH UNITS
https://environment.data.gov.uk/water-quality/sampling-point/TH-PRTS0013/sample/1349173/observation/0076,TH-PRTS0013,WRAYSBURY STREAM - UPSTREAM OF INTERSECTION,-0.5543,51.4492,Thames,THAMES - WEST THAMES,Multiple Values,OPEN,FRESHWATER - RIVERS,2021-04-29T11:06:00,PLANNED INVESTIGATION (NATIONAL AGENCY POLICY),RIVER / RUNNING SURFACE WATER,0076,Temperature of Water,8.2,CELSIUS
https://environment.data.gov.uk/water-quality/sampling-point/TH-PRTS0013/sample/1349173/observation/7608,TH-PRTS0013,WRAYSBURY STREAM - UPSTREAM OF INTERSECTION,-0.5543,51.4492,Thames,THAMES - WEST THAMES,Multiple Values,OPEN,FRESHWATER - RIVERS,2021-04-29T11:06:00,PLANNED INVESTIGATION (NATIONAL AGENCY POLICY),RIVER / RUNNING SURFACE WATER,7608,Salinity : In Situ,0.62,Parts per thousand
https://environment.data.gov.uk/water-quality/sampling-point/TH-PRTS0013/sample/1349173/observation/9901,TH-PRTS0013,WRAYSBURY STREAM - UPSTREAM OF INTERSECTION,-0.5543,51.4492,Thames,THAMES - WEST THAMES,Multiple Values,OPEN,FRESHWATER - RIVERS,2021-04-29T11:06:00,PLANNED INVESTIGATION (NATIONAL AGENCY POLICY),RIVER / RUNNING SURFACE WATER,9901,"Oxygen, Dissolved, % Saturation",39.6,PERCENTAGE
https://environment.data.gov.uk/water-quality/sampling-point/TH-PRTS0013/sample/1349173/observation/9924,TH-PRTS0013,WRAYSBURY STREAM - UPSTREAM OF INTERSECTION,-0.5543,51.4492,Thames,THAMES - WEST THAMES,Multiple Values,OPEN,FRESHWATER - RIVERS,2021-04-29T11:06:00,PLANNED INVESTIGATION (NATIONAL AGENCY POLICY),RIVER / RUNNING SURFACE WATER,9924,"Oxygen, Dissolved as O2",4.64,MILLIGRAM PER LITRE
https://environment.data.gov.uk/water-quality/sampling-point/TH-PRTS0013/sample/1349527/observation/0061,TH-PRTS0013,WRAYSBURY STREAM - UPSTREAM OF INTERSECTION,-0.5543,51.4492,Thames,THAMES - WEST THAMES,Multiple Values,OPEN,FRESHWATER - RIVERS,2021-05-17T13:17:00,ENVIRONMENTAL MONITORING STATUTORY (EU DIRECTIVES),RIVER / RUNNING SURFACE WATER,0061,pH,7.6,PH UNITS
https://environment.data.gov.uk/water-quality/sampling-point/TH-PRTS0013/sample/1349527/observation/0076,TH-PRTS0013,WRAYSBURY STREAM - UPSTREAM OF INTERSECTION,-0.5543,51.4492,Thames,THAMES - WEST THAMES,Multiple Values,OPEN,FRESHWATER - RIVERS,2021-05-17T13:17:00,ENVIRONMENTAL MONITORING STATUTORY (EU DIRECTIVES),RIVER / RUNNING SURFACE WATER,0076,Temperature of Water,11.9,CELSIUS
https://environment.data.gov.uk/water-quality/sampling-point/TH-PRTS0013/sample/1349527/observation/0077,TH-PRTS0013,WRAYSBURY STREAM - UPSTREAM OF INTERSECTION,-0.5543,51.4492,Thames,THAMES - WEST THAMES,Multiple Values,OPEN,FRESHWATER - RIVERS,2021-05-17T13:17:00,ENVIRONMENTAL MONITORING STATUTORY (EU DIRECTIVES),RIVER / RUNNING SURFACE WATER,0077,Conductivity at 25 C,971,MICROSIEMENS PER CENTIMETRE
https://environment.data.gov.uk/water-quality/sampling-point/TH-PRTS0013/sample/1349527/observation/0111,TH-PRTS0013,WRAYSBURY STREAM - UPSTREAM OF INTERSECTION,-0.5543,51.4492,Thames,THAMES - WEST THAMES,Multiple Values,OPEN,FRESHWATER - RIVERS,2021-05-17T13:17:00,ENVIRONMENTAL MONITORING STATUTORY (EU DIRECTIVES),RIVER / RUNNING SURFACE WATER,0111,Ammoniacal Nitrogen as N,1.6,MILLIGRAM PER LITRE
https://environment.data.gov.uk/water-quality/sampling-point/TH-PRTS0013/sample/1349527/observation/0119,TH-PRTS0013,WRAYSBURY STREAM - UPSTREAM OF INTERSECTION,-0.5543,51.4492,Thames,THAMES - WEST THAMES,Multiple Values,OPEN,FRESHWATER - RIVERS,2021-05-17T13:17:00,ENVIRONMENTAL MONITORING STATUTORY (EU DIRECTIVES),RIVER / RUNNING SURFACE WATER,0119,Ammonia un-ionised as N,0.0135,MILLIGRAM PER LITRE
https://environment.data.gov.uk/water-quality/sampling-point/TH-PRTS0013/sample/1349527/observation/0135,TH-PRTS0013,WRAYSBURY STREAM - UPSTREAM OF INTERSECTION,-0.5543,51.4492,Thames,THAMES - WEST THAMES,Multiple Values,OPEN,FRESHWATER - RIVERS,2021-05-17T13:17:00,ENVIRONMENTAL MONITORING STATUTORY (EU DIRECTIVES),RIVER / RUNNING SURFACE WATER,0135,"Solids, Suspended at 105 C",10,MILLIGRAM PER LITRE
https://environment.data.gov.uk/water-quality/sampling-point/TH-PRTS0013/sample/1349527/observation/0180,TH-PRTS0013,WRAYSBURY STREAM - UPSTREAM OF INTERSECTION,-0.5543,51.4492,Thames,THAMES - WEST THAMES,Multiple Values,OPEN,FRESHWATER - RIVERS,2021-05-17T13:17:00,ENVIRONMENTAL MONITORING STATUTORY (EU DIRECTIVES),RIVER / RUNNING SURFACE WATER,0180,"Orthophosphate, reactive as P",1.9,MILLIGRAM PER LITRE
https://environment.data.gov.uk/water-quality/sampling-point/TH-PRTS0013/sample/1349527/observation/7608,TH-PRTS0013,WRAYSBURY STREAM - UPSTREAM OF INTERSECTION,-0.5543,51.4492,Thames,THAMES - WEST THAMES,Multiple Values,OPEN,FRESHWATER - RIVERS,2021-05-17T13:17:00,ENVIRONMENTAL MONITORING STATUTORY (EU DIRECTIVES),RIVER / RUNNING SURFACE WATER,7608,Salinity : In Situ,0.48,Parts per thousand
https://environment.data.gov.uk/water-quality/sampling-point/TH-PRTS0013/sample/1349527/observation/9901,TH-PRTS0013,WRAYSBURY STREAM - UPSTREAM OF INTERSECTION,-0.5543,51.4492,Thames,THAMES - WEST THAMES,Multiple Values,OPEN,FRESHWATER - RIVERS,2021-05-17T13:17:00,ENVIRONMENTAL MONITORING STATUTORY (EU DIRECTIVES),RIVER / RUNNING SURFACE WATER,9901,"Oxygen, Dissolved, % Saturation",16.7,PERCENTAGE
https://environment.data.gov.uk/water-quality/sampling-point/TH-PRTS0013/sample/1349527/observation/9924,TH-PRTS0013,WRAYSBURY STREAM - UPSTREAM OF INTERSECTION,-0.5543,51.4492,Thames,THAMES - WEST THAMES,Multiple Values,OPEN,FRESHWATER - RIVERS,2021-05-17T13:17:00,ENVIRONMENTAL MONITORING STATUTORY (EU DIRECTIVES),RIVER / RUNNING SURFACE WATER,9924,"Oxygen, Dissolved as O2",1.8,MILLIGRAM PER LITRE
https://environment.data.gov.uk/water-quality/sampling-point/TH-PRTS0013/sample/1359632/observation/0061,TH-PRTS0013,WRAYSBURY STREAM - UPSTREAM OF INTERSECTION,-0.5543,51.4492,Thames,THAMES - WEST THAMES,Multiple Values,OPEN,FRESHWATER - RIVERS,2021-06-24T11:55:00,ENVIRONMENTAL MONITORING STATUTORY (EU DIRECTIVES),RIVER / RUNNING SURFACE WATER,0061,pH,7.33,PH UNITS
https://environment.data.gov.uk/water-quality/sampling-point/TH-PRTS0013/sample/1359632/observation/0076,TH-PRTS0013,WRAYSBURY STREAM - UPSTREAM OF INTERSECTION,-0.5543,51.4492,Thames,THAMES - WEST THAMES,Multiple Values,OPEN,FRESHWATER - RIVERS,2021-06-24T11:55:00,ENVIRONMENTAL MONITORING STATUTORY (EU DIRECTIVES),RIVER / RUNNING SURFACE WATER,0076,Temperature of Water,13.5,CELSIUS
https://environment.data.gov.uk/water-quality/sampling-point/TH-PRTS0013/sample/1359632/observation/0111,TH-PRTS0013,WRAYSBURY STREAM - UPSTREAM OF INTERSECTION,-0.5543,51.4492,Thames,THAMES - WEST THAMES,Multiple Values,OPEN,FRESHWATER - RIVERS,2021-06-24T11:55:00,ENVIRONMENTAL MONITORING STATUTORY (EU DIRECTIVES),RIVER / RUNNING SURFACE WATER,0111,Ammoniacal Nitrogen as N,6.9,MILLIGRAM PER LITRE
https://environment.data.gov.uk/water-quality/sampling-point/TH-PRTS0013/sample/1359632/observation/0119,TH-PRTS0013,WRAYSBURY STREAM - UPSTREAM OF INTERSECTION,-0.5543,51.4492,Thames,THAMES - WEST THAMES,Multiple Values,OPEN,FRESHWATER - RIVERS,2021-06-24T11:55:00,ENVIRONMENTAL MONITORING STATUTORY (EU DIRECTIVES),RIVER / RUNNING SURFACE WATER,0119,Ammonia un-ionised as N,0.0354,MILLIGRAM PER LITRE
https://environment.data.gov.uk/water-quality/sampling-point/TH-PRTS0013/sample/1359632/observation/0135,TH-PRTS0013,WRAYSBURY STREAM - UPSTREAM OF INTERSECTION,-0.5543,51.4492,Thames,THAMES - WEST THAMES,Multiple Values,OPEN,FRESHWATER - RIVERS,2021-06-24T11:55:00,ENVIRONMENTAL MONITORING STATUTORY (EU DIRECTIVES),RIVER / RUNNING SURFACE WATER,0135,"Solids, Suspended at 105 C",24,MILLIGRAM PER LITRE
https://environment.data.gov.uk/water-quality/sampling-point/TH-PRTS0013/sample/1359632/observation/0180,TH-PRTS0013,WRAYSBURY STREAM - UPSTREAM OF INTERSECTION,-0.5543,51.4492,Thames,THAMES - WEST THAMES,Multiple Values,OPEN,FRESHWATER - RIVERS,2021-06-24T11:55:00,ENVIRONMENTAL MONITORING STATUTORY (EU DIRECTIVES),RIVER / RUNNING SURFACE WATER,0180,"Orthophosphate, reactive as P",2,MILLIGRAM PER LITRE
https://environment.data.gov.uk/water-quality/sampling-point/TH-PRTS0013/sample/1359632/observation/7608,TH-PRTS0013,WRAYSBURY STREAM - UPSTREAM OF INTERSECTION,-0.5543,51.4492,Thames,THAMES - WEST THAMES,Multiple Values,OPEN,FRESHWATER - RIVERS,2021-06-24T11:55:00,ENVIRONMENTAL MONITORING STATUTORY (EU DIRECTIVES),RIVER / RUNNING SURFACE WATER,7608,Salinity : In Situ,0.59,Parts per thousand
https://environment.data.gov.uk/water-quality/sampling-point/TH-PRTS0013/sample/1359632/observation/9274,TH-PRTS0013,WRAYSBURY STREAM - UPSTREAM OF INTERSECTION,-0.5543,51.4492,Thames,THAMES - WEST THAMES,Multiple Values,OPEN,FRESHWATER - RIVERS,2021-06-24T11:55:00,ENVIRONMENTAL MONITORING STATUTORY (EU DIRECTIVES),RIVER / RUNNING SURFACE WATER,9274,Perfluorooctanoate anion,0.022,MICROGRAM PER LITRE
https://environment.data.gov.uk/water-quality/sampling-point/TH-PRTS0013/sample/1359632/observation/9276,TH-PRTS0013,WRAYSBURY STREAM - UPSTREAM OF INTERSECTION,-0.5543,51.4492,Thames,THAMES - WEST THAMES,Multiple Values,OPEN,FRESHWATER - RIVERS,2021-06-24T11:55:00,ENVIRONMENTAL MONITORING STATUTORY (EU DIRECTIVES),RIVER / RUNNING SURFACE WATER,9276,Perfluorooctylsulphonate anion,0.0092,MICROGRAM PER LITRE
https://environment.data.gov.uk/water-quality/sampling-point/TH-PRTS0013/sample/1359632/observation/9901,TH-PRTS0013,WRAYSBURY STREAM - UPSTREAM OF INTERSECTION,-0.5543,51.4492,Thames,THAMES - WEST THAMES,Multiple Values,OPEN,FRESHWATER - RIVERS,2021-06-24T11:55:00,ENVIRONMENTAL MONITORING STATUTORY (EU DIRECTIVES),RIVER / RUNNING SURFACE WATER,9901,"Oxygen, Dissolved, % Saturation",16.1,PERCENTAGE
https://environment.data.gov.uk/water-quality/sampling-point/TH-PRTS0013/sample/1359632/observation/9924,TH-PRTS0013,WRAYSBURY STREAM - UPSTREAM OF INTERSECTION,-0.5543,51.4492,Thames,THAMES - WEST THAMES,Multiple Values,OPEN,FRESHWATER - RIVERS,2021-06-24T11:55:00,ENVIRONMENTAL MONITORING STATUTORY (EU DIRECTIVES),RIVER / RUNNING SURFACE WATER,9924,"Oxygen, Dissolved as O2",1.67,MILLIGRAM PER LITRE
https://environment.data.gov.uk/water-quality/sampling-point/TH-PRTS0013/sample/1360345/observation/7668,TH-PRTS0013,WRAYSBURY STREAM - UPSTREAM OF INTERSECTION,-0.5543,51.4492,Thames,THAMES - WEST THAMES,Multiple Values,OPEN,FRESHWATER - RIVERS,2021-07-20T12:39:00,ENVIRONMENTAL MONITORING STATUTORY (EU DIRECTIVES),RIVER / RUNNING SURFACE WATER,7668,No flow /No sample,No flow/discharge at sampling point,Coded Result
https://environment.data.gov.uk/water-quality/sampling-point/TH-PRTS0013/sample/1362255/observation/7668,TH-PRTS0013,WRAYSBURY STREAM - UPSTREAM OF INTERSECTION,-0.5543,51.4492,Thames,THAMES - WEST THAMES,Multiple Values,OPEN,FRESHWATER - RIVERS,2021-08-26T11:16:00,ENVIRONMENTAL MONITORING STATUTORY (EU DIRECTIVES),RIVER / RUNNING SURFACE WATER,7668,No flow /No sample,No flow/discharge at sampling point,Coded Result
https://environment.data.gov.uk/water-quality/sampling-point/TH-PRTS0013/sample/1366080/observation/7668,TH-PRTS0013,WRAYSBURY STREAM - UPSTREAM OF INTERSECTION,-0.5543,51.4492,Thames,THAMES - WEST THAMES,Multiple Values,OPEN,FRESHWATER - RIVERS,2021-09-24T12:19:00,ENVIRONMENTAL MONITORING STATUTORY (EU DIRECTIVES),RIVER / RUNNING SURFACE WATER,7668,No flow /No sample,No flow/discharge at sampling point,Coded Result
https://environment.data.gov.uk/water-quality/sampling-point/TH-PRTS0013/sample/1367960/observation/7668,TH-PRTS0013,WRAYSBURY STREAM - UPSTREAM OF INTERSECTION,-0.5543,51.4492,Thames,THAMES - WEST THAMES,Multiple Values,OPEN,FRESHWATER - RIVERS,2021-10-26T13:02:00,ENVIRONMENTAL MONITORING STATUTORY (EU DIRECTIVES),RIVER / RUNNING SURFACE WATER,7668,No flow /No sample,No flow/discharge at sampling point,Coded Result
https://environment.data.gov.uk/water-quality/sampling-point/TH-PRTS0013/sample/1368962/observation/7668,TH-PRTS0013,WRAYSBURY STREAM - UPSTREAM OF INTERSECTION,-0.5543,51.4492,Thames,THAMES - WEST THAMES,Multiple Values,OPEN,FRESHWATER - RIVERS,2021-11-23T12:35:00,ENVIRONMENTAL MONITORING STATUTORY (EU DIRECTIVES),RIVER / RUNNING SURFACE WATER,7668,No flow /No sample,No flow/discharge at sampling point,Coded Result
https://environment.data.gov.uk/water-quality/sampling-point/TH-PRTS0013/sample/1369617/observation/7668,TH-PRTS0013,WRAYSBURY STREAM - UPSTREAM OF INTERSECTION,-0.5543,51.4492,Thames,THAMES - WEST THAMES,Multiple Values,OPEN,FRESHWATER - RIVERS,2021-12-14T11:49:00,ENVIRONMENTAL MONITORING STATUTORY (EU DIRECTIVES),RIVER / RUNNING SURFACE WATER,7668,No flow /No sample,No flow/discharge at sampling point,Coded Result
https://environment.data.gov.uk/water-quality/sampling-point/TH-PRTS0017/sample/1341856/observation/0061,TH-PRTS0017,RIVER THAMES - UPSTREAM CS1 OUTFALL (A),-0.5532,51.4418,Thames,THAMES - WEST THAMES,Multiple Values,OPEN,FRESHWATER - RIVERS,2021-01-28T14:11:00,PLANNED INVESTIGATION (NATIONAL AGENCY POLICY),RIVER / RUNNING SURFACE WATER,0061,pH,8.08,PH UNITS
https://environment.data.gov.uk/water-quality/sampling-point/TH-PRTS0017/sample/1341856/observation/0076,TH-PRTS0017,RIVER THAMES - UPSTREAM CS1 OUTFALL (A),-0.5532,51.4418,Thames,THAMES - WEST THAMES,Multiple Values,OPEN,FRESHWATER - RIVERS,2021-01-28T14:11:00,PLANNED INVESTIGATION (NATIONAL AGENCY POLICY),RIVER / RUNNING SURFACE WATER,0076,Temperature of Water,6.2,CELSIUS
https://environment.data.gov.uk/water-quality/sampling-point/TH-PRTS0017/sample/1341856/observation/7608,TH-PRTS0017,RIVER THAMES - UPSTREAM CS1 OUTFALL (A),-0.5532,51.4418,Thames,THAMES - WEST THAMES,Multiple Values,OPEN,FRESHWATER - RIVERS,2021-01-28T14:11:00,PLANNED INVESTIGATION (NATIONAL AGENCY POLICY),RIVER / RUNNING SURFACE WATER,7608,Salinity : In Situ,0.3,Parts per thousand
https://environment.data.gov.uk/water-quality/sampling-point/TH-PRTS0017/sample/1341856/observation/9901,TH-PRTS0017,RIVER THAMES - UPSTREAM CS1 OUTFALL (A),-0.5532,51.4418,Thames,THAMES - WEST THAMES,Multiple Values,OPEN,FRESHWATER - RIVERS,2021-01-28T14:11:00,PLANNED INVESTIGATION (NATIONAL AGENCY POLICY),RIVER / RUNNING SURFACE WATER,9901,"Oxygen, Dissolved, % Saturation",94.3,PERCENTAGE
https://environment.data.gov.uk/water-quality/sampling-point/TH-PRTS0017/sample/1341856/observation/9924,TH-PRTS0017,RIVER THAMES - UPSTREAM CS1 OUTFALL (A),-0.5532,51.4418,Thames,THAMES - WEST THAMES,Multiple Values,OPEN,FRESHWATER - RIVERS,2021-01-28T14:11:00,PLANNED INVESTIGATION (NATIONAL AGENCY POLICY),RIVER / RUNNING SURFACE WATER,9924,"Oxygen, Dissolved as O2",11.6,MILLIGRAM PER LITRE
https://environment.data.gov.uk/water-quality/sampling-point/TH-PRTS0017/sample/1342433/observation/0061,TH-PRTS0017,RIVER THAMES - UPSTREAM CS1 OUTFALL (A),-0.5532,51.4418,Thames,THAMES - WEST THAMES,Multiple Values,OPEN,FRESHWATER - RIVERS,2021-02-23T11:37:00,PLANNED INVESTIGATION (NATIONAL AGENCY POLICY),RIVER / RUNNING SURFACE WATER,0061,pH,8.21,PH UNITS
https://environment.data.gov.uk/water-quality/sampling-point/TH-PRTS0017/sample/1342433/observation/0076,TH-PRTS0017,RIVER THAMES - UPSTREAM CS1 OUTFALL (A),-0.5532,51.4418,Thames,THAMES - WEST THAMES,Multiple Values,OPEN,FRESHWATER - RIVERS,2021-02-23T11:37:00,PLANNED INVESTIGATION (NATIONAL AGENCY POLICY),RIVER / RUNNING SURFACE WATER,0076,Temperature of Water,8.7,CELSIUS
https://environment.data.gov.uk/water-quality/sampling-point/TH-PRTS0017/sample/1342433/observation/7608,TH-PRTS0017,RIVER THAMES - UPSTREAM CS1 OUTFALL (A),-0.5532,51.4418,Thames,THAMES - WEST THAMES,Multiple Values,OPEN,FRESHWATER - RIVERS,2021-02-23T11:37:00,PLANNED INVESTIGATION (NATIONAL AGENCY POLICY),RIVER / RUNNING SURFACE WATER,7608,Salinity : In Situ,0.3,Parts per thousand
https://environment.data.gov.uk/water-quality/sampling-point/TH-PRTS0017/sample/1342433/observation/9901,TH-PRTS0017,RIVER THAMES - UPSTREAM CS1 OUTFALL (A),-0.5532,51.4418,Thames,THAMES - WEST THAMES,Multiple Values,OPEN,FRESHWATER - RIVERS,2021-02-23T11:37:00,PLANNED INVESTIGATION (NATIONAL AGENCY POLICY),RIVER / RUNNING SURFACE WATER,9901,"Oxygen, Dissolved, % Saturation",104.9,PERCENTAGE
https://environment.data.gov.uk/water-quality/sampling-point/TH-PRTS0017/sample/1342433/observation/9924,TH-PRTS0017,RIVER THAMES - UPSTREAM CS1 OUTFALL (A),-0.5532,51.4418,Thames,THAMES - WEST THAMES,Multiple Values,OPEN,FRESHWATER - RIVERS,2021-02-23T11:37:00,PLANNED INVESTIGATION (NATIONAL AGENCY POLICY),RIVER / RUNNING SURFACE WATER,9924,"Oxygen, Dissolved as O2",12.2,MILLIGRAM PER LITRE
https://environment.data.gov.uk/water-quality/sampling-point/TH-PRTS0017/sample/1345421/observation/0061,TH-PRTS0017,RIVER THAMES - UPSTREAM CS1 OUTFALL (A),-0.5532,51.4418,Thames,THAMES - WEST THAMES,Multiple Values,OPEN,FRESHWATER - RIVERS,2021-03-23T13:03:00,PLANNED INVESTIGATION (NATIONAL AGENCY POLICY),RIVER / RUNNING SURFACE WATER,0061,pH,8.19,PH UNITS
https://environment.data.gov.uk/water-quality/sampling-point/TH-PRTS0017/sample/1345421/observation/0076,TH-PRTS0017,RIVER THAMES - UPSTREAM CS1 OUTFALL (A),-0.5532,51.4418,Thames,THAMES - WEST THAMES,Multiple Values,OPEN,FRESHWATER - RIVERS,2021-03-23T13:03:00,PLANNED INVESTIGATION (NATIONAL AGENCY POLICY),RIVER / RUNNING SURFACE WATER,0076,Temperature of Water,9.7,CELSIUS
https://environment.data.gov.uk/water-quality/sampling-point/TH-PRTS0017/sample/1345421/observation/7608,TH-PRTS0017,RIVER THAMES - UPSTREAM CS1 OUTFALL (A),-0.5532,51.4418,Thames,THAMES - WEST THAMES,Multiple Values,OPEN,FRESHWATER - RIVERS,2021-03-23T13:03:00,PLANNED INVESTIGATION (NATIONAL AGENCY POLICY),RIVER / RUNNING SURFACE WATER,7608,Salinity : In Situ,0.33,Parts per thousand
https://environment.data.gov.uk/water-quality/sampling-point/TH-PRTS0017/sample/1345421/observation/9901,TH-PRTS0017,RIVER THAMES - UPSTREAM CS1 OUTFALL (A),-0.5532,51.4418,Thames,THAMES - WEST THAMES,Multiple Values,OPEN,FRESHWATER - RIVERS,2021-03-23T13:03:00,PLANNED INVESTIGATION (NATIONAL AGENCY POLICY),RIVER / RUNNING SURFACE WATER,9901,"Oxygen, Dissolved, % Saturation",105.8,PERCENTAGE
https://environment.data.gov.uk/water-quality/sampling-point/TH-PRTS0017/sample/1345421/observation/9924,TH-PRTS0017,RIVER THAMES - UPSTREAM CS1 OUTFALL (A),-0.5532,51.4418,Thames,THAMES - WEST THAMES,Multiple Values,OPEN,FRESHWATER - RIVERS,2021-03-23T13:03:00,PLANNED INVESTIGATION (NATIONAL AGENCY POLICY),RIVER / RUNNING SURFACE WATER,9924,"Oxygen, Dissolved as O2",12,MILLIGRAM PER LITRE
https://environment.data.gov.uk/water-quality/sampling-point/TH-PRTS0017/sample/1349177/observation/0061,TH-PRTS0017,RIVER THAMES - UPSTREAM CS1 OUTFALL (A),-0.5532,51.4418,Thames,THAMES - WEST THAMES,Multiple Values,OPEN,FRESHWATER - RIVERS,2021-04-29T15:40:00,PLANNED INVESTIGATION (NATIONAL AGENCY POLICY),RIVER / RUNNING SURFACE WATER,0061,pH,8.48,PH UNITS
https://environment.data.gov.uk/water-quality/sampling-point/TH-PRTS0017/sample/1349177/observation/0076,TH-PRTS0017,RIVER THAMES - UPSTREAM CS1 OUTFALL (A),-0.5532,51.4418,Thames,THAMES - WEST THAMES,Multiple Values,OPEN,FRESHWATER - RIVERS,2021-04-29T15:40:00,PLANNED INVESTIGATION (NATIONAL AGENCY POLICY),RIVER / RUNNING SURFACE WATER,0076,Temperature of Water,12.2,CELSIUS
https://environment.data.gov.uk/water-quality/sampling-point/TH-PRTS0017/sample/1349177/observation/7608,TH-PRTS0017,RIVER THAMES - UPSTREAM CS1 OUTFALL (A),-0.5532,51.4418,Thames,THAMES - WEST THAMES,Multiple Values,OPEN,FRESHWATER - RIVERS,2021-04-29T15:40:00,PLANNED INVESTIGATION (NATIONAL AGENCY POLICY),RIVER / RUNNING SURFACE WATER,7608,Salinity : In Situ,0.3,Parts per thousand
https://environment.data.gov.uk/water-quality/sampling-point/TH-PRTS0017/sample/1349177/observation/9901,TH-PRTS0017,RIVER THAMES - UPSTREAM CS1 OUTFALL (A),-0.5532,51.4418,Thames,THAMES - WEST THAMES,Multiple Values,OPEN,FRESHWATER - RIVERS,2021-04-29T15:40:00,PLANNED INVESTIGATION (NATIONAL AGENCY POLICY),RIVER / RUNNING SURFACE WATER,9901,"Oxygen, Dissolved, % Saturation",136.4,PERCENTAGE
https://environment.data.gov.uk/water-quality/sampling-point/TH-PRTS0017/sample/1349177/observation/9924,TH-PRTS0017,RIVER THAMES - UPSTREAM CS1 OUTFALL (A),-0.5532,51.4418,Thames,THAMES - WEST THAMES,Multiple Values,OPEN,FRESHWATER - RIVERS,2021-04-29T15:40:00,PLANNED INVESTIGATION (NATIONAL AGENCY POLICY),RIVER / RUNNING SURFACE WATER,9924,"Oxygen, Dissolved as O2",14.6,MILLIGRAM PER LITRE
https://environment.data.gov.uk/water-quality/sampling-point/TH-PRTS0017/sample/1349531/observation/0061,TH-PRTS0017,RIVER THAMES - UPSTREAM CS1 OUTFALL (A),-0.5532,51.4418,Thames,THAMES - WEST THAMES,Multiple Values,OPEN,FRESHWATER - RIVERS,2021-05-17T14:37:00,ENVIRONMENTAL MONITORING STATUTORY (EU DIRECTIVES),RIVER / RUNNING SURFACE WATER,0061,pH,8.31,PH UNITS
https://environment.data.gov.uk/water-quality/sampling-point/TH-PRTS0017/sample/1349531/observation/0076,TH-PRTS0017,RIVER THAMES - UPSTREAM CS1 OUTFALL (A),-0.5532,51.4418,Thames,THAMES - WEST THAMES,Multiple Values,OPEN,FRESHWATER - RIVERS,2021-05-17T14:37:00,ENVIRONMENTAL MONITORING STATUTORY (EU DIRECTIVES),RIVER / RUNNING SURFACE WATER,0076,Temperature of Water,14,CELSIUS
https://environment.data.gov.uk/water-quality/sampling-point/TH-PRTS0017/sample/1349531/observation/0077,TH-PRTS0017,RIVER THAMES - UPSTREAM CS1 OUTFALL (A),-0.5532,51.4418,Thames,THAMES - WEST THAMES,Multiple Values,OPEN,FRESHWATER - RIVERS,2021-05-17T14:37:00,ENVIRONMENTAL MONITORING STATUTORY (EU DIRECTIVES),RIVER / RUNNING SURFACE WATER,0077,Conductivity at 25 C,662,MICROSIEMENS PER CENTIMETRE
https://environment.data.gov.uk/water-quality/sampling-point/TH-PRTS0017/sample/1349531/observation/0111,TH-PRTS0017,RIVER THAMES - UPSTREAM CS1 OUTFALL (A),-0.5532,51.4418,Thames,THAMES - WEST THAMES,Multiple Values,OPEN,FRESHWATER - RIVERS,2021-05-17T14:37:00,ENVIRONMENTAL MONITORING STATUTORY (EU DIRECTIVES),RIVER / RUNNING SURFACE WATER,0111,Ammoniacal Nitrogen as N,<0.5,MILLIGRAM PER LITRE
https://environment.data.gov.uk/water-quality/sampling-point/TH-PRTS0017/sample/1349531/observation/0119,TH-PRTS0017,RIVER THAMES - UPSTREAM CS1 OUTFALL (A),-0.5532,51.4418,Thames,THAMES - WEST THAMES,Multiple Values,OPEN,FRESHWATER - RIVERS,2021-05-17T14:37:00,ENVIRONMENTAL MONITORING STATUTORY (EU DIRECTIVES),RIVER / RUNNING SURFACE WATER,0119,Ammonia un-ionised as N,<0.0122,MILLIGRAM PER LITRE
https://environment.data.gov.uk/water-quality/sampling-point/TH-PRTS0017/sample/1349531/observation/0135,TH-PRTS0017,RIVER THAMES - UPSTREAM CS1 OUTFALL (A),-0.5532,51.4418,Thames,THAMES - WEST THAMES,Multiple Values,OPEN,FRESHWATER - RIVERS,2021-05-17T14:37:00,ENVIRONMENTAL MONITORING STATUTORY (EU DIRECTIVES),RIVER / RUNNING SURFACE WATER,0135,"Solids, Suspended at 105 C",20,MILLIGRAM PER LITRE
https://environment.data.gov.uk/water-quality/sampling-point/TH-PRTS0017/sample/1349531/observation/0180,TH-PRTS0017,RIVER THAMES - UPSTREAM CS1 OUTFALL (A),-0.5532,51.4418,Thames,THAMES - WEST THAMES,Multiple Values,OPEN,FRESHWATER - RIVERS,2021-05-17T14:37:00,ENVIRONMENTAL MONITORING STATUTORY (EU DIRECTIVES),RIVER / RUNNING SURFACE WATER,0180,"Orthophosphate, reactive as P",0.13,MILLIGRAM PER LITRE
https://environment.data.gov.uk/water-quality/sampling-point/TH-PRTS0017/sample/1349531/observation/7608,TH-PRTS0017,RIVER THAMES - UPSTREAM CS1 OUTFALL (A),-0.5532,51.4418,Thames,THAMES - WEST THAMES,Multiple Values,OPEN,FRESHWATER - RIVERS,2021-05-17T14:37:00,ENVIRONMENTAL MONITORING STATUTORY (EU DIRECTIVES),RIVER / RUNNING SURFACE WATER,7608,Salinity : In Situ,0.32,Parts per thousand
https://environment.data.gov.uk/water-quality/sampling-point/TH-PRTS0017/sample/1349531/observation/9901,TH-PRTS0017,RIVER THAMES - UPSTREAM CS1 OUTFALL (A),-0.5532,51.4418,Thames,THAMES - WEST THAMES,Multiple Values,OPEN,FRESHWATER - RIVERS,2021-05-17T14:37:00,ENVIRONMENTAL MONITORING STATUTORY (EU DIRECTIVES),RIVER / RUNNING SURFACE WATER,9901,"Oxygen, Dissolved, % Saturation",99.7,PERCENTAGE
https://environment.data.gov.uk/water-quality/sampling-point/TH-PRTS0017/sample/1349531/observation/9924,TH-PRTS0017,RIVER THAMES - UPSTREAM CS1 OUTFALL (A),-0.5532,51.4418,Thames,THAMES - WEST THAMES,Multiple Values,OPEN,FRESHWATER - RIVERS,2021-05-17T14:37:00,ENVIRONMENTAL MONITORING STATUTORY (EU DIRECTIVES),RIVER / RUNNING SURFACE WATER,9924,"Oxygen, Dissolved as O2",10.2,MILLIGRAM PER LITRE
https://environment.data.gov.uk/water-quality/sampling-point/TH-PRTS0017/sample/1359636/observation/0061,TH-PRTS0017,RIVER THAMES - UPSTREAM CS1 OUTFALL (A),-0.5532,51.4418,Thames,THAMES - WEST THAMES,Multiple Values,OPEN,FRESHWATER - RIVERS,2021-06-24T14:31:00,ENVIRONMENTAL MONITORING STATUTORY (EU DIRECTIVES),RIVER / RUNNING SURFACE WATER,0061,pH,7.96,PH UNITS
https://environment.data.gov.uk/water-quality/sampling-point/TH-PRTS0017/sample/1359636/observation/0076,TH-PRTS0017,RIVER THAMES - UPSTREAM CS1 OUTFALL (A),-0.5532,51.4418,Thames,THAMES - WEST THAMES,Multiple Values,OPEN,FRESHWATER - RIVERS,2021-06-24T14:31:00,ENVIRONMENTAL MONITORING STATUTORY (EU DIRECTIVES),RIVER / RUNNING SURFACE WATER,0076,Temperature of Water,16.8,CELSIUS
https://environment.data.gov.uk/water-quality/sampling-point/TH-PRTS0017/sample/1359636/observation/0111,TH-PRTS0017,RIVER THAMES - UPSTREAM CS1 OUTFALL (A),-0.5532,51.4418,Thames,THAMES - WEST THAMES,Multiple Values,OPEN,FRESHWATER - RIVERS,2021-06-24T14:31:00,ENVIRONMENTAL MONITORING STATUTORY (EU DIRECTIVES),RIVER / RUNNING SURFACE WATER,0111,Ammoniacal Nitrogen as N,<0.5,MILLIGRAM PER LITRE
https://environment.data.gov.uk/water-quality/sampling-point/TH-PRTS0017/sample/1359636/observation/0119,TH-PRTS0017,RIVER THAMES - UPSTREAM CS1 OUTFALL (A),-0.5532,51.4418,Thames,THAMES - WEST THAMES,Multiple Values,OPEN,FRESHWATER - RIVERS,2021-06-24T14:31:00,ENVIRONMENTAL MONITORING STATUTORY (EU DIRECTIVES),RIVER / RUNNING SURFACE WATER,0119,Ammonia un-ionised as N,<0.0137,MILLIGRAM PER LITRE
https://environment.data.gov.uk/water-quality/sampling-point/TH-PRTS0017/sample/1359636/observation/0135,TH-PRTS0017,RIVER THAMES - UPSTREAM CS1 OUTFALL (A),-0.5532,51.4418,Thames,THAMES - WEST THAMES,Multiple Values,OPEN,FRESHWATER - RIVERS,2021-06-24T14:31:00,ENVIRONMENTAL MONITORING STATUTORY (EU DIRECTIVES),RIVER / RUNNING SURFACE WATER,0135,"Solids, Suspended at 105 C",8.4,MILLIGRAM PER LITRE
https://environment.data.gov.uk/water-quality/sampling-point/TH-PRTS0017/sample/1359636/observation/0180,TH-PRTS0017,RIVER THAMES - UPSTREAM CS1 OUTFALL (A),-0.5532,51.4418,Thames,THAMES - WEST THAMES,Multiple Values,OPEN,FRESHWATER - RIVERS,2021-06-24T14:31:00,ENVIRONMENTAL MONITORING STATUTORY (EU DIRECTIVES),RIVER / RUNNING SURFACE WATER,0180,"Orthophosphate, reactive as P",0.18,MILLIGRAM PER LITRE
https://environment.data.gov.uk/water-quality/sampling-point/TH-PRTS0017/sample/1359636/observation/7608,TH-PRTS0017,RIVER THAMES - UPSTREAM CS1 OUTFALL (A),-0.5532,51.4418,Thames,THAMES - WEST THAMES,Multiple Values,OPEN,FRESHWATER - RIVERS,2021-06-24T14:31:00,ENVIRONMENTAL MONITORING STATUTORY (EU DIRECTIVES),RIVER / RUNNING SURFACE WATER,7608,Salinity : In Situ,0.29,Parts per thousand
https://environment.data.gov.uk/water-quality/sampling-point/TH-PRTS0017/sample/1359636/observation/9274,TH-PRTS0017,RIVER THAMES - UPSTREAM CS1 OUTFALL (A),-0.5532,51.4418,Thames,THAMES - WEST THAMES,Multiple Values,OPEN,FRESHWATER - RIVERS,2021-06-24T14:31:00,ENVIRONMENTAL MONITORING STATUTORY (EU DIRECTIVES),RIVER / RUNNING SURFACE WATER,9274,Perfluorooctanoate anion,0.0041,MICROGRAM PER LITRE
https://environment.data.gov.uk/water-quality/sampling-point/TH-PRTS0017/sample/1359636/observation/9276,TH-PRTS0017,RIVER THAMES - UPSTREAM CS1 OUTFALL (A),-0.5532,51.4418,Thames,THAMES - WEST THAMES,Multiple Values,OPEN,FRESHWATER - RIVERS,2021-06-24T14:31:00,ENVIRONMENTAL MONITORING STATUTORY (EU DIRECTIVES),RIVER / RUNNING SURFACE WATER,9276,Perfluorooctylsulphonate anion,0.0065,MICROGRAM PER LITRE
https://environment.data.gov.uk/water-quality/sampling-point/TH-PRTS0017/sample/1359636/observation/9901,TH-PRTS0017,RIVER THAMES - UPSTREAM CS1 OUTFALL (A),-0.5532,51.4418,Thames,THAMES - WEST THAMES,Multiple Values,OPEN,FRESHWATER - RIVERS,2021-06-24T14:31:00,ENVIRONMENTAL MONITORING STATUTORY (EU DIRECTIVES),RIVER / RUNNING SURFACE WATER,9901,"Oxygen, Dissolved, % Saturation",92.8,PERCENTAGE
https://environment.data.gov.uk/water-quality/sampling-point/TH-PRTS0017/sample/1359636/observation/9924,TH-PRTS0017,RIVER THAMES - UPSTREAM CS1 OUTFALL (A),-0.5532,51.4418,Thames,THAMES - WEST THAMES,Multiple Values,OPEN,FRESHWATER - RIVERS,2021-06-24T14:31:00,ENVIRONMENTAL MONITORING STATUTORY (EU DIRECTIVES),RIVER / RUNNING SURFACE WATER,9924,"Oxygen, Dissolved as O2",8.97,MILLIGRAM PER LITRE
https://environment.data.gov.uk/water-quality/sampling-point/TH-PRTS0017/sample/1360349/observation/0061,TH-PRTS0017,RIVER THAMES - UPSTREAM CS1 OUTFALL (A),-0.5532,51.4418,Thames,THAMES - WEST THAMES,Multiple Values,OPEN,FRESHWATER - RIVERS,2021-07-20T12:01:00,ENVIRONMENTAL MONITORING STATUTORY (EU DIRECTIVES),RIVER / RUNNING SURFACE WATER,0061,pH,8.17,PH UNITS
https://environment.data.gov.uk/water-quality/sampling-point/TH-PRTS0017/sample/1360349/observation/0076,TH-PRTS0017,RIVER THAMES - UPSTREAM CS1 OUTFALL (A),-0.5532,51.4418,Thames,THAMES - WEST THAMES,Multiple Values,OPEN,FRESHWATER - RIVERS,2021-07-20T12:01:00,ENVIRONMENTAL MONITORING STATUTORY (EU DIRECTIVES),RIVER / RUNNING SURFACE WATER,0076,Temperature of Water,22.5,CELSIUS
https://environment.data.gov.uk/water-quality/sampling-point/TH-PRTS0017/sample/1360349/observation/0111,TH-PRTS0017,RIVER THAMES - UPSTREAM CS1 OUTFALL (A),-0.5532,51.4418,Thames,THAMES - WEST THAMES,Multiple Values,OPEN,FRESHWATER - RIVERS,2021-07-20T12:01:00,ENVIRONMENTAL MONITORING STATUTORY (EU DIRECTIVES),RIVER / RUNNING SURFACE WATER,0111,Ammoniacal Nitrogen as N,0.03,MILLIGRAM PER LITRE
https://environment.data.gov.uk/water-quality/sampling-point/TH-PRTS0017/sample/1360349/observation/0119,TH-PRTS0017,RIVER THAMES - UPSTREAM CS1 OUTFALL (A),-0.5532,51.4418,Thames,THAMES - WEST THAMES,Multiple Values,OPEN,FRESHWATER - RIVERS,2021-07-20T12:01:00,ENVIRONMENTAL MONITORING STATUTORY (EU DIRECTIVES),RIVER / RUNNING SURFACE WATER,0119,Ammonia un-ionised as N,0.00135,MILLIGRAM PER LITRE
https://environment.data.gov.uk/water-quality/sampling-point/TH-PRTS0017/sample/1360349/observation/0135,TH-PRTS0017,RIVER THAMES - UPSTREAM CS1 OUTFALL (A),-0.5532,51.4418,Thames,THAMES - WEST THAMES,Multiple Values,OPEN,FRESHWATER - RIVERS,2021-07-20T12:01:00,ENVIRONMENTAL MONITORING STATUTORY (EU DIRECTIVES),RIVER / RUNNING SURFACE WATER,0135,"Solids, Suspended at 105 C",6.8,MILLIGRAM PER LITRE
https://environment.data.gov.uk/water-quality/sampling-point/TH-PRTS0017/sample/1360349/observation/0180,TH-PRTS0017,RIVER THAMES - UPSTREAM CS1 OUTFALL (A),-0.5532,51.4418,Thames,THAMES - WEST THAMES,Multiple Values,OPEN,FRESHWATER - RIVERS,2021-07-20T12:01:00,ENVIRONMENTAL MONITORING STATUTORY (EU DIRECTIVES),RIVER / RUNNING SURFACE WATER,0180,"Orthophosphate, reactive as P",0.15,MILLIGRAM PER LITRE
https://environment.data.gov.uk/water-quality/sampling-point/TH-PRTS0017/sample/1360349/observation/2958,TH-PRTS0017,RIVER THAMES - UPSTREAM CS1 OUTFALL (A),-0.5532,51.4418,Thames,THAMES - WEST THAMES,Multiple Values,OPEN,FRESHWATER - RIVERS,2021-07-20T12:01:00,ENVIRONMENTAL MONITORING STATUTORY (EU DIRECTIVES),RIVER / RUNNING SURFACE WATER,2958,Perfluorooctanesulfonic acid (total),0.0083,MICROGRAM PER LITRE
https://environment.data.gov.uk/water-quality/sampling-point/TH-PRTS0017/sample/1360349/observation/2959,TH-PRTS0017,RIVER THAMES - UPSTREAM CS1 OUTFALL (A),-0.5532,51.4418,Thames,THAMES - WEST THAMES,Multiple Values,OPEN,FRESHWATER - RIVERS,2021-07-20T12:01:00,ENVIRONMENTAL MONITORING STATUTORY (EU DIRECTIVES),RIVER / RUNNING SURFACE WATER,2959,Perfluorooctanesulfonic acid (linear),0.0049,MICROGRAM PER LITRE
https://environment.data.gov.uk/water-quality/sampling-point/TH-PRTS0017/sample/1360349/observation/2960,TH-PRTS0017,RIVER THAMES - UPSTREAM CS1 OUTFALL (A),-0.5532,51.4418,Thames,THAMES - WEST THAMES,Multiple Values,OPEN,FRESHWATER - RIVERS,2021-07-20T12:01:00,ENVIRONMENTAL MONITORING STATUTORY (EU DIRECTIVES),RIVER / RUNNING SURFACE WATER,2960,Perfluorooctanesulfonic acid (branched),0.0035,MICROGRAM PER LITRE
https://environment.data.gov.uk/water-quality/sampling-point/TH-PRTS0017/sample/1360349/observation/7608,TH-PRTS0017,RIVER THAMES - UPSTREAM CS1 OUTFALL (A),-0.5532,51.4418,Thames,THAMES - WEST THAMES,Multiple Values,OPEN,FRESHWATER - RIVERS,2021-07-20T12:01:00,ENVIRONMENTAL MONITORING STATUTORY (EU DIRECTIVES),RIVER / RUNNING SURFACE WATER,7608,Salinity : In Situ,0.33,Parts per thousand
https://environment.data.gov.uk/water-quality/sampling-point/TH-PRTS0017/sample/1360349/observation/9274,TH-PRTS0017,RIVER THAMES - UPSTREAM CS1 OUTFALL (A),-0.5532,51.4418,Thames,THAMES - WEST THAMES,Multiple Values,OPEN,FRESHWATER - RIVERS,2021-07-20T12:01:00,ENVIRONMENTAL MONITORING STATUTORY (EU DIRECTIVES),RIVER / RUNNING SURFACE WATER,9274,Perfluorooctanoate anion,0.0037,MICROGRAM PER LITRE
https://environment.data.gov.uk/water-quality/sampling-point/TH-PRTS0017/sample/1360349/observation/9901,TH-PRTS0017,RIVER THAMES - UPSTREAM CS1 OUTFALL (A),-0.5532,51.4418,Thames,THAMES - WEST THAMES,Multiple Values,OPEN,FRESHWATER - RIVERS,2021-07-20T12:01:00,ENVIRONMENTAL MONITORING STATUTORY (EU DIRECTIVES),RIVER / RUNNING SURFACE WATER,9901,"Oxygen, Dissolved, % Saturation",98.4,PERCENTAGE
https://environment.data.gov.uk/water-quality/sampling-point/TH-PRTS0017/sample/1360349/observation/9924,TH-PRTS0017,RIVER THAMES - UPSTREAM CS1 OUTFALL (A),-0.5532,51.4418,Thames,THAMES - WEST THAMES,Multiple Values,OPEN,FRESHWATER - RIVERS,2021-07-20T12:01:00,ENVIRONMENTAL MONITORING STATUTORY (EU DIRECTIVES),RIVER / RUNNING SURFACE WATER,9924,"Oxygen, Dissolved as O2",8.49,MILLIGRAM PER LITRE
https://environment.data.gov.uk/water-quality/sampling-point/TH-PRTS0017/sample/1362260/observation/0061,TH-PRTS0017,RIVER THAMES - UPSTREAM CS1 OUTFALL (A),-0.5532,51.4418,Thames,THAMES - WEST THAMES,Multiple Values,OPEN,FRESHWATER - RIVERS,2021-08-26T10:09:00,ENVIRONMENTAL MONITORING STATUTORY (EU DIRECTIVES),RIVER / RUNNING SURFACE WATER,0061,pH,8.28,PH UNITS
https://environment.data.gov.uk/water-quality/sampling-point/TH-PRTS0017/sample/1362260/observation/0076,TH-PRTS0017,RIVER THAMES - UPSTREAM CS1 OUTFALL (A),-0.5532,51.4418,Thames,THAMES - WEST THAMES,Multiple Values,OPEN,FRESHWATER - RIVERS,2021-08-26T10:09:00,ENVIRONMENTAL MONITORING STATUTORY (EU DIRECTIVES),RIVER / RUNNING SURFACE WATER,0076,Temperature of Water,18.6,CELSIUS
https://environment.data.gov.uk/water-quality/sampling-point/TH-PRTS0017/sample/1362260/observation/0111,TH-PRTS0017,RIVER THAMES - UPSTREAM CS1 OUTFALL (A),-0.5532,51.4418,Thames,THAMES - WEST THAMES,Multiple Values,OPEN,FRESHWATER - RIVERS,2021-08-26T10:09:00,ENVIRONMENTAL MONITORING STATUTORY (EU DIRECTIVES),RIVER / RUNNING SURFACE WATER,0111,Ammoniacal Nitrogen as N,<0.03,MILLIGRAM PER LITRE
https://environment.data.gov.uk/water-quality/sampling-point/TH-PRTS0017/sample/1362260/observation/0119,TH-PRTS0017,RIVER THAMES - UPSTREAM CS1 OUTFALL (A),-0.5532,51.4418,Thames,THAMES - WEST THAMES,Multiple Values,OPEN,FRESHWATER - RIVERS,2021-08-26T10:09:00,ENVIRONMENTAL MONITORING STATUTORY (EU DIRECTIVES),RIVER / RUNNING SURFACE WATER,0119,Ammonia un-ionised as N,<0.00102,MILLIGRAM PER LITRE
https://environment.data.gov.uk/water-quality/sampling-point/TH-PRTS0017/sample/1362260/observation/0135,TH-PRTS0017,RIVER THAMES - UPSTREAM CS1 OUTFALL (A),-0.5532,51.4418,Thames,THAMES - WEST THAMES,Multiple Values,OPEN,FRESHWATER - RIVERS,2021-08-26T10:09:00,ENVIRONMENTAL MONITORING STATUTORY (EU DIRECTIVES),RIVER / RUNNING SURFACE WATER,0135,"Solids, Suspended at 105 C",8.3,MILLIGRAM PER LITRE
https://environment.data.gov.uk/water-quality/sampling-point/TH-PRTS0017/sample/1362260/observation/0180,TH-PRTS0017,RIVER THAMES - UPSTREAM CS1 OUTFALL (A),-0.5532,51.4418,Thames,THAMES - WEST THAMES,Multiple Values,OPEN,FRESHWATER - RIVERS,2021-08-26T10:09:00,ENVIRONMENTAL MONITORING STATUTORY (EU DIRECTIVES),RIVER / RUNNING SURFACE WATER,0180,"Orthophosphate, reactive as P",0.15,MILLIGRAM PER LITRE
https://environment.data.gov.uk/water-quality/sampling-point/TH-PRTS0017/sample/1362260/observation/2958,TH-PRTS0017,RIVER THAMES - UPSTREAM CS1 OUTFALL (A),-0.5532,51.4418,Thames,THAMES - WEST THAMES,Multiple Values,OPEN,FRESHWATER - RIVERS,2021-08-26T10:09:00,ENVIRONMENTAL MONITORING STATUTORY (EU DIRECTIVES),RIVER / RUNNING SURFACE WATER,2958,Perfluorooctanesulfonic acid (total),0.0075,MICROGRAM PER LITRE
https://environment.data.gov.uk/water-quality/sampling-point/TH-PRTS0017/sample/1362260/observation/2959,TH-PRTS0017,RIVER THAMES - UPSTREAM CS1 OUTFALL (A),-0.5532,51.4418,Thames,THAMES - WEST THAMES,Multiple Values,OPEN,FRESHWATER - RIVERS,2021-08-26T10:09:00,ENVIRONMENTAL MONITORING STATUTORY (EU DIRECTIVES),RIVER / RUNNING SURFACE WATER,2959,Perfluorooctanesulfonic acid (linear),0.0043,MICROGRAM PER LITRE
https://environment.data.gov.uk/water-quality/sampling-point/TH-PRTS0017/sample/1362260/observation/2960,TH-PRTS0017,RIVER THAMES - UPSTREAM CS1 OUTFALL (A),-0.5532,51.4418,Thames,THAMES - WEST THAMES,Multiple Values,OPEN,FRESHWATER - RIVERS,2021-08-26T10:09:00,ENVIRONMENTAL MONITORING STATUTORY (EU DIRECTIVES),RIVER / RUNNING SURFACE WATER,2960,Perfluorooctanesulfonic acid (branched),0.0032,MICROGRAM PER LITRE
https://environment.data.gov.uk/water-quality/sampling-point/TH-PRTS0017/sample/1362260/observation/7608,TH-PRTS0017,RIVER THAMES - UPSTREAM CS1 OUTFALL (A),-0.5532,51.4418,Thames,THAMES - WEST THAMES,Multiple Values,OPEN,FRESHWATER - RIVERS,2021-08-26T10:09:00,ENVIRONMENTAL MONITORING STATUTORY (EU DIRECTIVES),RIVER / RUNNING SURFACE WATER,7608,Salinity : In Situ,0.35,Parts per thousand
https://environment.data.gov.uk/water-quality/sampling-point/TH-PRTS0017/sample/1362260/observation/9274,TH-PRTS0017,RIVER THAMES - UPSTREAM CS1 OUTFALL (A),-0.5532,51.4418,Thames,THAMES - WEST THAMES,Multiple Values,OPEN,FRESHWATER - RIVERS,2021-08-26T10:09:00,ENVIRONMENTAL MONITORING STATUTORY (EU DIRECTIVES),RIVER / RUNNING SURFACE WATER,9274,Perfluorooctanoate anion,0.0031,MICROGRAM PER LITRE
https://environment.data.gov.uk/water-quality/sampling-point/TH-PRTS0017/sample/1362260/observation/9276,TH-PRTS0017,RIVER THAMES - UPSTREAM CS1 OUTFALL (A),-0.5532,51.4418,Thames,THAMES - WEST THAMES,Multiple Values,OPEN,FRESHWATER - RIVERS,2021-08-26T10:09:00,ENVIRONMENTAL MONITORING STATUTORY (EU DIRECTIVES),RIVER / RUNNING SURFACE WATER,9276,Perfluorooctylsulphonate anion,0.0046,MICROGRAM PER LITRE
https://environment.data.gov.uk/water-quality/sampling-point/TH-PRTS0017/sample/1362260/observation/9901,TH-PRTS0017,RIVER THAMES - UPSTREAM CS1 OUTFALL (A),-0.5532,51.4418,Thames,THAMES - WEST THAMES,Multiple Values,OPEN,FRESHWATER - RIVERS,2021-08-26T10:09:00,ENVIRONMENTAL MONITORING STATUTORY (EU DIRECTIVES),RIVER / RUNNING SURFACE WATER,9901,"Oxygen, Dissolved, % Saturation",91.8,PERCENTAGE
https://environment.data.gov.uk/water-quality/sampling-point/TH-PRTS0017/sample/1362260/observation/9924,TH-PRTS0017,RIVER THAMES - UPSTREAM CS1 OUTFALL (A),-0.5532,51.4418,Thames,THAMES - WEST THAMES,Multiple Values,OPEN,FRESHWATER - RIVERS,2021-08-26T10:09:00,ENVIRONMENTAL MONITORING STATUTORY (EU DIRECTIVES),RIVER / RUNNING SURFACE WATER,9924,"Oxygen, Dissolved as O2",8.55,MILLIGRAM PER LITRE
https://environment.data.gov.uk/water-quality/sampling-point/TH-PRTS0017/sample/1366085/observation/0061,TH-PRTS0017,RIVER THAMES - UPSTREAM CS1 OUTFALL (A),-0.5532,51.4418,Thames,THAMES - WEST THAMES,Multiple Values,OPEN,FRESHWATER - RIVERS,2021-09-24T13:20:00,ENVIRONMENTAL MONITORING STATUTORY (EU DIRECTIVES),RIVER / RUNNING SURFACE WATER,0061,pH,8.2,PH UNITS
https://environment.data.gov.uk/water-quality/sampling-point/TH-PRTS0017/sample/1366085/observation/0076,TH-PRTS0017,RIVER THAMES - UPSTREAM CS1 OUTFALL (A),-0.5532,51.4418,Thames,THAMES - WEST THAMES,Multiple Values,OPEN,FRESHWATER - RIVERS,2021-09-24T13:20:00,ENVIRONMENTAL MONITORING STATUTORY (EU DIRECTIVES),RIVER / RUNNING SURFACE WATER,0076,Temperature of Water,17.6,CELSIUS
https://environment.data.gov.uk/water-quality/sampling-point/TH-PRTS0017/sample/1366085/observation/0111,TH-PRTS0017,RIVER THAMES - UPSTREAM CS1 OUTFALL (A),-0.5532,51.4418,Thames,THAMES - WEST THAMES,Multiple Values,OPEN,FRESHWATER - RIVERS,2021-09-24T13:20:00,ENVIRONMENTAL MONITORING STATUTORY (EU DIRECTIVES),RIVER / RUNNING SURFACE WATER,0111,Ammoniacal Nitrogen as N,<0.03,MILLIGRAM PER LITRE
https://environment.data.gov.uk/water-quality/sampling-point/TH-PRTS0017/sample/1366085/observation/0119,TH-PRTS0017,RIVER THAMES - UPSTREAM CS1 OUTFALL (A),-0.5532,51.4418,Thames,THAMES - WEST THAMES,Multiple Values,OPEN,FRESHWATER - RIVERS,2021-09-24T13:20:00,ENVIRONMENTAL MONITORING STATUTORY (EU DIRECTIVES),RIVER / RUNNING SURFACE WATER,0119,Ammonia un-ionised as N,<0.00095,MILLIGRAM PER LITRE
https://environment.data.gov.uk/water-quality/sampling-point/TH-PRTS0017/sample/1366085/observation/0135,TH-PRTS0017,RIVER THAMES - UPSTREAM CS1 OUTFALL (A),-0.5532,51.4418,Thames,THAMES - WEST THAMES,Multiple Values,OPEN,FRESHWATER - RIVERS,2021-09-24T13:20:00,ENVIRONMENTAL MONITORING STATUTORY (EU DIRECTIVES),RIVER / RUNNING SURFACE WATER,0135,"Solids, Suspended at 105 C",4.9,MILLIGRAM PER LITRE
https://environment.data.gov.uk/water-quality/sampling-point/TH-PRTS0017/sample/1366085/observation/0180,TH-PRTS0017,RIVER THAMES - UPSTREAM CS1 OUTFALL (A),-0.5532,51.4418,Thames,THAMES - WEST THAMES,Multiple Values,OPEN,FRESHWATER - RIVERS,2021-09-24T13:20:00,ENVIRONMENTAL MONITORING STATUTORY (EU DIRECTIVES),RIVER / RUNNING SURFACE WATER,0180,"Orthophosphate, reactive as P",0.22,MILLIGRAM PER LITRE
https://environment.data.gov.uk/water-quality/sampling-point/TH-PRTS0017/sample/1366085/observation/2958,TH-PRTS0017,RIVER THAMES - UPSTREAM CS1 OUTFALL (A),-0.5532,51.4418,Thames,THAMES - WEST THAMES,Multiple Values,OPEN,FRESHWATER - RIVERS,2021-09-24T13:20:00,ENVIRONMENTAL MONITORING STATUTORY (EU DIRECTIVES),RIVER / RUNNING SURFACE WATER,2958,Perfluorooctanesulfonic acid (total),0.0064,MICROGRAM PER LITRE
https://environment.data.gov.uk/water-quality/sampling-point/TH-PRTS0017/sample/1366085/observation/2959,TH-PRTS0017,RIVER THAMES - UPSTREAM CS1 OUTFALL (A),-0.5532,51.4418,Thames,THAMES - WEST THAMES,Multiple Values,OPEN,FRESHWATER - RIVERS,2021-09-24T13:20:00,ENVIRONMENTAL MONITORING STATUTORY (EU DIRECTIVES),RIVER / RUNNING SURFACE WATER,2959,Perfluorooctanesulfonic acid (linear),0.0034,MICROGRAM PER LITRE
https://environment.data.gov.uk/water-quality/sampling-point/TH-PRTS0017/sample/1366085/observation/2960,TH-PRTS0017,RIVER THAMES - UPSTREAM CS1 OUTFALL (A),-0.5532,51.4418,Thames,THAMES - WEST THAMES,Multiple Values,OPEN,FRESHWATER - RIVERS,2021-09-24T13:20:00,ENVIRONMENTAL MONITORING STATUTORY (EU DIRECTIVES),RIVER / RUNNING SURFACE WATER,2960,Perfluorooctanesulfonic acid (branched),0.003,MICROGRAM PER LITRE
https://environment.data.gov.uk/water-quality/sampling-point/TH-PRTS0017/sample/1366085/observation/7608,TH-PRTS0017,RIVER THAMES - UPSTREAM CS1 OUTFALL (A),-0.5532,51.4418,Thames,THAMES - WEST THAMES,Multiple Values,OPEN,FRESHWATER - RIVERS,2021-09-24T13:20:00,ENVIRONMENTAL MONITORING STATUTORY (EU DIRECTIVES),RIVER / RUNNING SURFACE WATER,7608,Salinity : In Situ,0.36,Parts per thousand
https://environment.data.gov.uk/water-quality/sampling-point/TH-PRTS0017/sample/1366085/observation/9274,TH-PRTS0017,RIVER THAMES - UPSTREAM CS1 OUTFALL (A),-0.5532,51.4418,Thames,THAMES - WEST THAMES,Multiple Values,OPEN,FRESHWATER - RIVERS,2021-09-24T13:20:00,ENVIRONMENTAL MONITORING STATUTORY (EU DIRECTIVES),RIVER / RUNNING SURFACE WATER,9274,Perfluorooctanoate anion,0.0032,MICROGRAM PER LITRE
https://environment.data.gov.uk/water-quality/sampling-point/TH-PRTS0017/sample/1366085/observation/9901,TH-PRTS0017,RIVER THAMES - UPSTREAM CS1 OUTFALL (A),-0.5532,51.4418,Thames,THAMES - WEST THAMES,Multiple Values,OPEN,FRESHWATER - RIVERS,2021-09-24T13:20:00,ENVIRONMENTAL MONITORING STATUTORY (EU DIRECTIVES),RIVER / RUNNING SURFACE WATER,9901,"Oxygen, Dissolved, % Saturation",86.4,PERCENTAGE
https://environment.data.gov.uk/water-quality/sampling-point/TH-PRTS0017/sample/1366085/observation/9924,TH-PRTS0017,RIVER THAMES - UPSTREAM CS1 OUTFALL (A),-0.5532,51.4418,Thames,THAMES - WEST THAMES,Multiple Values,OPEN,FRESHWATER - RIVERS,2021-09-24T13:20:00,ENVIRONMENTAL MONITORING STATUTORY (EU DIRECTIVES),RIVER / RUNNING SURFACE WATER,9924,"Oxygen, Dissolved as O2",8.21,MILLIGRAM PER LITRE
https://environment.data.gov.uk/water-quality/sampling-point/TH-PRTS0017/sample/1367965/observation/0061,TH-PRTS0017,RIVER THAMES - UPSTREAM CS1 OUTFALL (A),-0.5532,51.4418,Thames,THAMES - WEST THAMES,Multiple Values,OPEN,FRESHWATER - RIVERS,2021-10-26T14:28:00,ENVIRONMENTAL MONITORING STATUTORY (EU DIRECTIVES),RIVER / RUNNING SURFACE WATER,0061,pH,8.03,PH UNITS
https://environment.data.gov.uk/water-quality/sampling-point/TH-PRTS0017/sample/1367965/observation/0076,TH-PRTS0017,RIVER THAMES - UPSTREAM CS1 OUTFALL (A),-0.5532,51.4418,Thames,THAMES - WEST THAMES,Multiple Values,OPEN,FRESHWATER - RIVERS,2021-10-26T14:28:00,ENVIRONMENTAL MONITORING STATUTORY (EU DIRECTIVES),RIVER / RUNNING SURFACE WATER,0076,Temperature of Water,12.3,CELSIUS
https://environment.data.gov.uk/water-quality/sampling-point/TH-PRTS0017/sample/1367965/observation/0111,TH-PRTS0017,RIVER THAMES - UPSTREAM CS1 OUTFALL (A),-0.5532,51.4418,Thames,THAMES - WEST THAMES,Multiple Values,OPEN,FRESHWATER - RIVERS,2021-10-26T14:28:00,ENVIRONMENTAL MONITORING STATUTORY (EU DIRECTIVES),RIVER / RUNNING SURFACE WATER,0111,Ammoniacal Nitrogen as N,0.045,MILLIGRAM PER LITRE
https://environment.data.gov.uk/water-quality/sampling-point/TH-PRTS0017/sample/1367965/observation/0119,TH-PRTS0017,RIVER THAMES - UPSTREAM CS1 OUTFALL (A),-0.5532,51.4418,Thames,THAMES - WEST THAMES,Multiple Values,OPEN,FRESHWATER - RIVERS,2021-10-26T14:28:00,ENVIRONMENTAL MONITORING STATUTORY (EU DIRECTIVES),RIVER / RUNNING SURFACE WATER,0119,Ammonia un-ionised as N,0.00097,MILLIGRAM PER LITRE
https://environment.data.gov.uk/water-quality/sampling-point/TH-PRTS0017/sample/1367965/observation/0135,TH-PRTS0017,RIVER THAMES - UPSTREAM CS1 OUTFALL (A),-0.5532,51.4418,Thames,THAMES - WEST THAMES,Multiple Values,OPEN,FRESHWATER - RIVERS,2021-10-26T14:28:00,ENVIRONMENTAL MONITORING STATUTORY (EU DIRECTIVES),RIVER / RUNNING SURFACE WATER,0135,"Solids, Suspended at 105 C",8.9,MILLIGRAM PER LITRE
https://environment.data.gov.uk/water-quality/sampling-point/TH-PRTS0017/sample/1367965/observation/0180,TH-PRTS0017,RIVER THAMES - UPSTREAM CS1 OUTFALL (A),-0.5532,51.4418,Thames,THAMES - WEST THAMES,Multiple Values,OPEN,FRESHWATER - RIVERS,2021-10-26T14:28:00,ENVIRONMENTAL MONITORING STATUTORY (EU DIRECTIVES),RIVER / RUNNING SURFACE WATER,0180,"Orthophosphate, reactive as P",0.22,MILLIGRAM PER LITRE
https://environment.data.gov.uk/water-quality/sampling-point/TH-PRTS0017/sample/1367965/observation/2958,TH-PRTS0017,RIVER THAMES - UPSTREAM CS1 OUTFALL (A),-0.5532,51.4418,Thames,THAMES - WEST THAMES,Multiple Values,OPEN,FRESHWATER - RIVERS,2021-10-26T14:28:00,ENVIRONMENTAL MONITORING STATUTORY (EU DIRECTIVES),RIVER / RUNNING SURFACE WATER,2958,Perfluorooctanesulfonic acid (total),0.0074,MICROGRAM PER LITRE
https://environment.data.gov.uk/water-quality/sampling-point/TH-PRTS0017/sample/1367965/observation/2959,TH-PRTS0017,RIVER THAMES - UPSTREAM CS1 OUTFALL (A),-0.5532,51.4418,Thames,THAMES - WEST THAMES,Multiple Values,OPEN,FRESHWATER - RIVERS,2021-10-26T14:28:00,ENVIRONMENTAL MONITORING STATUTORY (EU DIRECTIVES),RIVER / RUNNING SURFACE WATER,2959,Perfluorooctanesulfonic acid (linear),0.0042,MICROGRAM PER LITRE
https://environment.data.gov.uk/water-quality/sampling-point/TH-PRTS0017/sample/1367965/observation/2960,TH-PRTS0017,RIVER THAMES - UPSTREAM CS1 OUTFALL (A),-0.5532,51.4418,Thames,THAMES - WEST THAMES,Multiple Values,OPEN,FRESHWATER - RIVERS,2021-10-26T14:28:00,ENVIRONMENTAL MONITORING STATUTORY (EU DIRECTIVES),RIVER / RUNNING SURFACE WATER,2960,Perfluorooctanesulfonic acid (branched),0.0032,MICROGRAM PER LITRE
https://environment.data.gov.uk/water-quality/sampling-point/TH-PRTS0017/sample/1367965/observation/7608,TH-PRTS0017,RIVER THAMES - UPSTREAM CS1 OUTFALL (A),-0.5532,51.4418,Thames,THAMES - WEST THAMES,Multiple Values,OPEN,FRESHWATER - RIVERS,2021-10-26T14:28:00,ENVIRONMENTAL MONITORING STATUTORY (EU DIRECTIVES),RIVER / RUNNING SURFACE WATER,7608,Salinity : In Situ,0.31,Parts per thousand
https://environment.data.gov.uk/water-quality/sampling-point/TH-PRTS0017/sample/1367965/observation/9274,TH-PRTS0017,RIVER THAMES - UPSTREAM CS1 OUTFALL (A),-0.5532,51.4418,Thames,THAMES - WEST THAMES,Multiple Values,OPEN,FRESHWATER - RIVERS,2021-10-26T14:28:00,ENVIRONMENTAL MONITORING STATUTORY (EU DIRECTIVES),RIVER / RUNNING SURFACE WATER,9274,Perfluorooctanoate anion,0.0035,MICROGRAM PER LITRE
https://environment.data.gov.uk/water-quality/sampling-point/TH-PRTS0017/sample/1367965/observation/9901,TH-PRTS0017,RIVER THAMES - UPSTREAM CS1 OUTFALL (A),-0.5532,51.4418,Thames,THAMES - WEST THAMES,Multiple Values,OPEN,FRESHWATER - RIVERS,2021-10-26T14:28:00,ENVIRONMENTAL MONITORING STATUTORY (EU DIRECTIVES),RIVER / RUNNING SURFACE WATER,9901,"Oxygen, Dissolved, % Saturation",96.4,PERCENTAGE
https://environment.data.gov.uk/water-quality/sampling-point/TH-PRTS0017/sample/1367965/observation/9924,TH-PRTS0017,RIVER THAMES - UPSTREAM CS1 OUTFALL (A),-0.5532,51.4418,Thames,THAMES - WEST THAMES,Multiple Values,OPEN,FRESHWATER - RIVERS,2021-10-26T14:28:00,ENVIRONMENTAL MONITORING STATUTORY (EU DIRECTIVES),RIVER / RUNNING SURFACE WATER,9924,"Oxygen, Dissolved as O2",10.3,MILLIGRAM PER LITRE
https://environment.data.gov.uk/water-quality/sampling-point/TH-PRTS0017/sample/1368967/observation/0061,TH-PRTS0017,RIVER THAMES - UPSTREAM CS1 OUTFALL (A),-0.5532,51.4418,Thames,THAMES - WEST THAMES,Multiple Values,OPEN,FRESHWATER - RIVERS,2021-11-23T13:52:00,ENVIRONMENTAL MONITORING STATUTORY (EU DIRECTIVES),RIVER / RUNNING SURFACE WATER,0061,pH,8.2,PH UNITS
https://environment.data.gov.uk/water-quality/sampling-point/TH-PRTS0017/sample/1368967/observation/0076,TH-PRTS0017,RIVER THAMES - UPSTREAM CS1 OUTFALL (A),-0.5532,51.4418,Thames,THAMES - WEST THAMES,Multiple Values,OPEN,FRESHWATER - RIVERS,2021-11-23T13:52:00,ENVIRONMENTAL MONITORING STATUTORY (EU DIRECTIVES),RIVER / RUNNING SURFACE WATER,0076,Temperature of Water,8.5,CELSIUS
https://environment.data.gov.uk/water-quality/sampling-point/TH-PRTS0017/sample/1368967/observation/0111,TH-PRTS0017,RIVER THAMES - UPSTREAM CS1 OUTFALL (A),-0.5532,51.4418,Thames,THAMES - WEST THAMES,Multiple Values,OPEN,FRESHWATER - RIVERS,2021-11-23T13:52:00,ENVIRONMENTAL MONITORING STATUTORY (EU DIRECTIVES),RIVER / RUNNING SURFACE WATER,0111,Ammoniacal Nitrogen as N,0.042,MILLIGRAM PER LITRE
https://environment.data.gov.uk/water-quality/sampling-point/TH-PRTS0017/sample/1368967/observation/0119,TH-PRTS0017,RIVER THAMES - UPSTREAM CS1 OUTFALL (A),-0.5532,51.4418,Thames,THAMES - WEST THAMES,Multiple Values,OPEN,FRESHWATER - RIVERS,2021-11-23T13:52:00,ENVIRONMENTAL MONITORING STATUTORY (EU DIRECTIVES),RIVER / RUNNING SURFACE WATER,0119,Ammonia un-ionised as N,0.00069,MILLIGRAM PER LITRE
https://environment.data.gov.uk/water-quality/sampling-point/TH-PRTS0017/sample/1368967/observation/0135,TH-PRTS0017,RIVER THAMES - UPSTREAM CS1 OUTFALL (A),-0.5532,51.4418,Thames,THAMES - WEST THAMES,Multiple Values,OPEN,FRESHWATER - RIVERS,2021-11-23T13:52:00,ENVIRONMENTAL MONITORING STATUTORY (EU DIRECTIVES),RIVER / RUNNING SURFACE WATER,0135,"Solids, Suspended at 105 C",4.3,MILLIGRAM PER LITRE
https://environment.data.gov.uk/water-quality/sampling-point/TH-PRTS0017/sample/1368967/observation/0180,TH-PRTS0017,RIVER THAMES - UPSTREAM CS1 OUTFALL (A),-0.5532,51.4418,Thames,THAMES - WEST THAMES,Multiple Values,OPEN,FRESHWATER - RIVERS,2021-11-23T13:52:00,ENVIRONMENTAL MONITORING STATUTORY (EU DIRECTIVES),RIVER / RUNNING SURFACE WATER,0180,"Orthophosphate, reactive as P",0.18,MILLIGRAM PER LITRE
https://environment.data.gov.uk/water-quality/sampling-point/TH-PRTS0017/sample/1368967/observation/2958,TH-PRTS0017,RIVER THAMES - UPSTREAM CS1 OUTFALL (A),-0.5532,51.4418,Thames,THAMES - WEST THAMES,Multiple Values,OPEN,FRESHWATER - RIVERS,2021-11-23T13:52:00,ENVIRONMENTAL MONITORING STATUTORY (EU DIRECTIVES),RIVER / RUNNING SURFACE WATER,2958,Perfluorooctanesulfonic acid (total),0.0079,MICROGRAM PER LITRE
https://environment.data.gov.uk/water-quality/sampling-point/TH-PRTS0017/sample/1368967/observation/2959,TH-PRTS0017,RIVER THAMES - UPSTREAM CS1 OUTFALL (A),-0.5532,51.4418,Thames,THAMES - WEST THAMES,Multiple Values,OPEN,FRESHWATER - RIVERS,2021-11-23T13:52:00,ENVIRONMENTAL MONITORING STATUTORY (EU DIRECTIVES),RIVER / RUNNING SURFACE WATER,2959,Perfluorooctanesulfonic acid (linear),0.0037,MICROGRAM PER LITRE
https://environment.data.gov.uk/water-quality/sampling-point/TH-PRTS0017/sample/1368967/observation/2960,TH-PRTS0017,RIVER THAMES - UPSTREAM CS1 OUTFALL (A),-0.5532,51.4418,Thames,THAMES - WEST THAMES,Multiple Values,OPEN,FRESHWATER - RIVERS,2021-11-23T13:52:00,ENVIRONMENTAL MONITORING STATUTORY (EU DIRECTIVES),RIVER / RUNNING SURFACE WATER,2960,Perfluorooctanesulfonic acid (branched),0.0042,MICROGRAM PER LITRE
https://environment.data.gov.uk/water-quality/sampling-point/TH-PRTS0017/sample/1368967/observation/7608,TH-PRTS0017,RIVER THAMES - UPSTREAM CS1 OUTFALL (A),-0.5532,51.4418,Thames,THAMES - WEST THAMES,Multiple Values,OPEN,FRESHWATER - RIVERS,2021-11-23T13:52:00,ENVIRONMENTAL MONITORING STATUTORY (EU DIRECTIVES),RIVER / RUNNING SURFACE WATER,7608,Salinity : In Situ,0.35,Parts per thousand
https://environment.data.gov.uk/water-quality/sampling-point/TH-PRTS0017/sample/1368967/observation/9274,TH-PRTS0017,RIVER THAMES - UPSTREAM CS1 OUTFALL (A),-0.5532,51.4418,Thames,THAMES - WEST THAMES,Multiple Values,OPEN,FRESHWATER - RIVERS,2021-11-23T13:52:00,ENVIRONMENTAL MONITORING STATUTORY (EU DIRECTIVES),RIVER / RUNNING SURFACE WATER,9274,Perfluorooctanoate anion,0.0026,MICROGRAM PER LITRE
https://environment.data.gov.uk/water-quality/sampling-point/TH-PRTS0017/sample/1368967/observation/9901,TH-PRTS0017,RIVER THAMES - UPSTREAM CS1 OUTFALL (A),-0.5532,51.4418,Thames,THAMES - WEST THAMES,Multiple Values,OPEN,FRESHWATER - RIVERS,2021-11-23T13:52:00,ENVIRONMENTAL MONITORING STATUTORY (EU DIRECTIVES),RIVER / RUNNING SURFACE WATER,9901,"Oxygen, Dissolved, % Saturation",95.6,PERCENTAGE
https://environment.data.gov.uk/water-quality/sampling-point/TH-PRTS0017/sample/1368967/observation/9924,TH-PRTS0017,RIVER THAMES - UPSTREAM CS1 OUTFALL (A),-0.5532,51.4418,Thames,THAMES - WEST THAMES,Multiple Values,OPEN,FRESHWATER - RIVERS,2021-11-23T13:52:00,ENVIRONMENTAL MONITORING STATUTORY (EU DIRECTIVES),RIVER / RUNNING SURFACE WATER,9924,"Oxygen, Dissolved as O2",11.1,MILLIGRAM PER LITRE
https://environment.data.gov.uk/water-quality/sampling-point/TH-PRTS0017/sample/1369622/observation/0061,TH-PRTS0017,RIVER THAMES - UPSTREAM CS1 OUTFALL (A),-0.5532,51.4418,Thames,THAMES - WEST THAMES,Multiple Values,OPEN,FRESHWATER - RIVERS,2021-12-14T12:52:00,ENVIRONMENTAL MONITORING STATUTORY (EU DIRECTIVES),RIVER / RUNNING SURFACE WATER,0061,pH,8.17,PH UNITS
https://environment.data.gov.uk/water-quality/sampling-point/TH-PRTS0017/sample/1369622/observation/0076,TH-PRTS0017,RIVER THAMES - UPSTREAM CS1 OUTFALL (A),-0.5532,51.4418,Thames,THAMES - WEST THAMES,Multiple Values,OPEN,FRESHWATER - RIVERS,2021-12-14T12:52:00,ENVIRONMENTAL MONITORING STATUTORY (EU DIRECTIVES),RIVER / RUNNING SURFACE WATER,0076,Temperature of Water,7.7,CELSIUS
https://environment.data.gov.uk/water-quality/sampling-point/TH-PRTS0017/sample/1369622/observation/0111,TH-PRTS0017,RIVER THAMES - UPSTREAM CS1 OUTFALL (A),-0.5532,51.4418,Thames,THAMES - WEST THAMES,Multiple Values,OPEN,FRESHWATER - RIVERS,2021-12-14T12:52:00,ENVIRONMENTAL MONITORING STATUTORY (EU DIRECTIVES),RIVER / RUNNING SURFACE WATER,0111,Ammoniacal Nitrogen as N,0.035,MILLIGRAM PER LITRE
https://environment.data.gov.uk/water-quality/sampling-point/TH-PRTS0017/sample/1369622/observation/0119,TH-PRTS0017,RIVER THAMES - UPSTREAM CS1 OUTFALL (A),-0.5532,51.4418,Thames,THAMES - WEST THAMES,Multiple Values,OPEN,FRESHWATER - RIVERS,2021-12-14T12:52:00,ENVIRONMENTAL MONITORING STATUTORY (EU DIRECTIVES),RIVER / RUNNING SURFACE WATER,0119,Ammonia un-ionised as N,0.00054,MILLIGRAM PER LITRE
https://environment.data.gov.uk/water-quality/sampling-point/TH-PRTS0017/sample/1369622/observation/0135,TH-PRTS0017,RIVER THAMES - UPSTREAM CS1 OUTFALL (A),-0.5532,51.4418,Thames,THAMES - WEST THAMES,Multiple Values,OPEN,FRESHWATER - RIVERS,2021-12-14T12:52:00,ENVIRONMENTAL MONITORING STATUTORY (EU DIRECTIVES),RIVER / RUNNING SURFACE WATER,0135,"Solids, Suspended at 105 C",12,MILLIGRAM PER LITRE
https://environment.data.gov.uk/water-quality/sampling-point/TH-PRTS0017/sample/1369622/observation/0180,TH-PRTS0017,RIVER THAMES - UPSTREAM CS1 OUTFALL (A),-0.5532,51.4418,Thames,THAMES - WEST THAMES,Multiple Values,OPEN,FRESHWATER - RIVERS,2021-12-14T12:52:00,ENVIRONMENTAL MONITORING STATUTORY (EU DIRECTIVES),RIVER / RUNNING SURFACE WATER,0180,"Orthophosphate, reactive as P",0.19,MILLIGRAM PER LITRE
https://environment.data.gov.uk/water-quality/sampling-point/TH-PRTS0017/sample/1369622/observation/2958,TH-PRTS0017,RIVER THAMES - UPSTREAM CS1 OUTFALL (A),-0.5532,51.4418,Thames,THAMES - WEST THAMES,Multiple Values,OPEN,FRESHWATER - RIVERS,2021-12-14T12:52:00,ENVIRONMENTAL MONITORING STATUTORY (EU DIRECTIVES),RIVER / RUNNING SURFACE WATER,2958,Perfluorooctanesulfonic acid (total),0.0056,MICROGRAM PER LITRE
https://environment.data.gov.uk/water-quality/sampling-point/TH-PRTS0017/sample/1369622/observation/2959,TH-PRTS0017,RIVER THAMES - UPSTREAM CS1 OUTFALL (A),-0.5532,51.4418,Thames,THAMES - WEST THAMES,Multiple Values,OPEN,FRESHWATER - RIVERS,2021-12-14T12:52:00,ENVIRONMENTAL MONITORING STATUTORY (EU DIRECTIVES),RIVER / RUNNING SURFACE WATER,2959,Perfluorooctanesulfonic acid (linear),0.003,MICROGRAM PER LITRE
https://environment.data.gov.uk/water-quality/sampling-point/TH-PRTS0017/sample/1369622/observation/2960,TH-PRTS0017,RIVER THAMES - UPSTREAM CS1 OUTFALL (A),-0.5532,51.4418,Thames,THAMES - WEST THAMES,Multiple Values,OPEN,FRESHWATER - RIVERS,2021-12-14T12:52:00,ENVIRONMENTAL MONITORING STATUTORY (EU DIRECTIVES),RIVER / RUNNING SURFACE WATER,2960,Perfluorooctanesulfonic acid (branched),0.0026,MICROGRAM PER LITRE
https://environment.data.gov.uk/water-quality/sampling-point/TH-PRTS0017/sample/1369622/observation/7608,TH-PRTS0017,RIVER THAMES - UPSTREAM CS1 OUTFALL (A),-0.5532,51.4418,Thames,THAMES - WEST THAMES,Multiple Values,OPEN,FRESHWATER - RIVERS,2021-12-14T12:52:00,ENVIRONMENTAL MONITORING STATUTORY (EU DIRECTIVES),RIVER / RUNNING SURFACE WATER,7608,Salinity : In Situ,0.35,Parts per thousand
https://environment.data.gov.uk/water-quality/sampling-point/TH-PRTS0017/sample/1369622/observation/9274,TH-PRTS0017,RIVER THAMES - UPSTREAM CS1 OUTFALL (A),-0.5532,51.4418,Thames,THAMES - WEST THAMES,Multiple Values,OPEN,FRESHWATER - RIVERS,2021-12-14T12:52:00,ENVIRONMENTAL MONITORING STATUTORY (EU DIRECTIVES),RIVER / RUNNING SURFACE WATER,9274,Perfluorooctanoate anion,0.0023,MICROGRAM PER LITRE
https://environment.data.gov.uk/water-quality/sampling-point/TH-PRTS0017/sample/1369622/observation/9901,TH-PRTS0017,RIVER THAMES - UPSTREAM CS1 OUTFALL (A),-0.5532,51.4418,Thames,THAMES - WEST THAMES,Multiple Values,OPEN,FRESHWATER - RIVERS,2021-12-14T12:52:00,ENVIRONMENTAL MONITORING STATUTORY (EU DIRECTIVES),RIVER / RUNNING SURFACE WATER,9901,"Oxygen, Dissolved, % Saturation",101.5,PERCENTAGE
https://environment.data.gov.uk/water-quality/sampling-point/TH-PRTS0017/sample/1369622/observation/9924,TH-PRTS0017,RIVER THAMES - UPSTREAM CS1 OUTFALL (A),-0.5532,51.4418,Thames,THAMES - WEST THAMES,Multiple Values,OPEN,FRESHWATER - RIVERS,2021-12-14T12:52:00,ENVIRONMENTAL MONITORING STATUTORY (EU DIRECTIVES),RIVER / RUNNING SURFACE WATER,9924,"Oxygen, Dissolved as O2",12.1,MILLIGRAM PER LITRE
https://environment.data.gov.uk/water-quality/sampling-point/TH-PRTS0024/sample/1341858/observation/0061,TH-PRTS0024,THAMES UPSTREAM CS1 OUTFALL (B),-0.5461,51.4411,Thames,THAMES - WEST THAMES,Multiple Values,OPEN,FRESHWATER - RIVERS,2021-01-28T13:57:00,PLANNED INVESTIGATION (NATIONAL AGENCY POLICY),RIVER / RUNNING SURFACE WATER,0061,pH,8.07,PH UNITS
https://environment.data.gov.uk/water-quality/sampling-point/TH-PRTS0024/sample/1341858/observation/0076,TH-PRTS0024,THAMES UPSTREAM CS1 OUTFALL (B),-0.5461,51.4411,Thames,THAMES - WEST THAMES,Multiple Values,OPEN,FRESHWATER - RIVERS,2021-01-28T13:57:00,PLANNED INVESTIGATION (NATIONAL AGENCY POLICY),RIVER / RUNNING SURFACE WATER,0076,Temperature of Water,6.1,CELSIUS
https://environment.data.gov.uk/water-quality/sampling-point/TH-PRTS0024/sample/1341858/observation/7608,TH-PRTS0024,THAMES UPSTREAM CS1 OUTFALL (B),-0.5461,51.4411,Thames,THAMES - WEST THAMES,Multiple Values,OPEN,FRESHWATER - RIVERS,2021-01-28T13:57:00,PLANNED INVESTIGATION (NATIONAL AGENCY POLICY),RIVER / RUNNING SURFACE WATER,7608,Salinity : In Situ,0.3,Parts per thousand
https://environment.data.gov.uk/water-quality/sampling-point/TH-PRTS0024/sample/1341858/observation/9901,TH-PRTS0024,THAMES UPSTREAM CS1 OUTFALL (B),-0.5461,51.4411,Thames,THAMES - WEST THAMES,Multiple Values,OPEN,FRESHWATER - RIVERS,2021-01-28T13:57:00,PLANNED INVESTIGATION (NATIONAL AGENCY POLICY),RIVER / RUNNING SURFACE WATER,9901,"Oxygen, Dissolved, % Saturation",95.2,PERCENTAGE
https://environment.data.gov.uk/water-quality/sampling-point/TH-PRTS0024/sample/1341858/observation/9924,TH-PRTS0024,THAMES UPSTREAM CS1 OUTFALL (B),-0.5461,51.4411,Thames,THAMES - WEST THAMES,Multiple Values,OPEN,FRESHWATER - RIVERS,2021-01-28T13:57:00,PLANNED INVESTIGATION (NATIONAL AGENCY POLICY),RIVER / RUNNING SURFACE WATER,9924,"Oxygen, Dissolved as O2",11.8,MILLIGRAM PER LITRE
https://environment.data.gov.uk/water-quality/sampling-point/TH-PRTS0024/sample/1342432/observation/0061,TH-PRTS0024,THAMES UPSTREAM CS1 OUTFALL (B),-0.5461,51.4411,Thames,THAMES - WEST THAMES,Multiple Values,OPEN,FRESHWATER - RIVERS,2021-02-23T12:08:00,PLANNED INVESTIGATION (NATIONAL AGENCY POLICY),RIVER / RUNNING SURFACE WATER,0061,pH,8.22,PH UNITS
https://environment.data.gov.uk/water-quality/sampling-point/TH-PRTS0024/sample/1342432/observation/0076,TH-PRTS0024,THAMES UPSTREAM CS1 OUTFALL (B),-0.5461,51.4411,Thames,THAMES - WEST THAMES,Multiple Values,OPEN,FRESHWATER - RIVERS,2021-02-23T12:08:00,PLANNED INVESTIGATION (NATIONAL AGENCY POLICY),RIVER / RUNNING SURFACE WATER,0076,Temperature of Water,8.7,CELSIUS
https://environment.data.gov.uk/water-quality/sampling-point/TH-PRTS0024/sample/1342432/observation/7608,TH-PRTS0024,THAMES UPSTREAM CS1 OUTFALL (B),-0.5461,51.4411,Thames,THAMES - WEST THAMES,Multiple Values,OPEN,FRESHWATER - RIVERS,2021-02-23T12:08:00,PLANNED INVESTIGATION (NATIONAL AGENCY POLICY),RIVER / RUNNING SURFACE WATER,7608,Salinity : In Situ,0.3,Parts per thousand
https://environment.data.gov.uk/water-quality/sampling-point/TH-PRTS0024/sample/1342432/observation/9901,TH-PRTS0024,THAMES UPSTREAM CS1 OUTFALL (B),-0.5461,51.4411,Thames,THAMES - WEST THAMES,Multiple Values,OPEN,FRESHWATER - RIVERS,2021-02-23T12:08:00,PLANNED INVESTIGATION (NATIONAL AGENCY POLICY),RIVER / RUNNING SURFACE WATER,9901,"Oxygen, Dissolved, % Saturation",104.3,PERCENTAGE
https://environment.data.gov.uk/water-quality/sampling-point/TH-PRTS0024/sample/1342432/observation/9924,TH-PRTS0024,THAMES UPSTREAM CS1 OUTFALL (B),-0.5461,51.4411,Thames,THAMES - WEST THAMES,Multiple Values,OPEN,FRESHWATER - RIVERS,2021-02-23T12:08:00,PLANNED INVESTIGATION (NATIONAL AGENCY POLICY),RIVER / RUNNING SURFACE WATER,9924,"Oxygen, Dissolved as O2",12.1,MILLIGRAM PER LITRE
https://environment.data.gov.uk/water-quality/sampling-point/TH-PRTS0024/sample/1345420/observation/0061,TH-PRTS0024,THAMES UPSTREAM CS1 OUTFALL (B),-0.5461,51.4411,Thames,THAMES - WEST THAMES,Multiple Values,OPEN,FRESHWATER - RIVERS,2021-03-23T12:51:00,PLANNED INVESTIGATION (NATIONAL AGENCY POLICY),RIVER / RUNNING SURFACE WATER,0061,pH,8.29,PH UNITS
https://environment.data.gov.uk/water-quality/sampling-point/TH-PRTS0024/sample/1345420/observation/0076,TH-PRTS0024,THAMES UPSTREAM CS1 OUTFALL (B),-0.5461,51.4411,Thames,THAMES - WEST THAMES,Multiple Values,OPEN,FRESHWATER - RIVERS,2021-03-23T12:51:00,PLANNED INVESTIGATION (NATIONAL AGENCY POLICY),RIVER / RUNNING SURFACE WATER,0076,Temperature of Water,9.7,CELSIUS
https://environment.data.gov.uk/water-quality/sampling-point/TH-PRTS0024/sample/1345420/observation/7608,TH-PRTS0024,THAMES UPSTREAM CS1 OUTFALL (B),-0.5461,51.4411,Thames,THAMES - WEST THAMES,Multiple Values,OPEN,FRESHWATER - RIVERS,2021-03-23T12:51:00,PLANNED INVESTIGATION (NATIONAL AGENCY POLICY),RIVER / RUNNING SURFACE WATER,7608,Salinity : In Situ,0.33,Parts per thousand
https://environment.data.gov.uk/water-quality/sampling-point/TH-PRTS0024/sample/1345420/observation/9901,TH-PRTS0024,THAMES UPSTREAM CS1 OUTFALL (B),-0.5461,51.4411,Thames,THAMES - WEST THAMES,Multiple Values,OPEN,FRESHWATER - RIVERS,2021-03-23T12:51:00,PLANNED INVESTIGATION (NATIONAL AGENCY POLICY),RIVER / RUNNING SURFACE WATER,9901,"Oxygen, Dissolved, % Saturation",105.3,PERCENTAGE
https://environment.data.gov.uk/water-quality/sampling-point/TH-PRTS0024/sample/1345420/observation/9924,TH-PRTS0024,THAMES UPSTREAM CS1 OUTFALL (B),-0.5461,51.4411,Thames,THAMES - WEST THAMES,Multiple Values,OPEN,FRESHWATER - RIVERS,2021-03-23T12:51:00,PLANNED INVESTIGATION (NATIONAL AGENCY POLICY),RIVER / RUNNING SURFACE WATER,9924,"Oxygen, Dissolved as O2",11.9,MILLIGRAM PER LITRE
https://environment.data.gov.uk/water-quality/sampling-point/TH-PRTS0024/sample/1349176/observation/0061,TH-PRTS0024,THAMES UPSTREAM CS1 OUTFALL (B),-0.5461,51.4411,Thames,THAMES - WEST THAMES,Multiple Values,OPEN,FRESHWATER - RIVERS,2021-04-29T15:30:00,PLANNED INVESTIGATION (NATIONAL AGENCY POLICY),RIVER / RUNNING SURFACE WATER,0061,pH,8.47,PH UNITS
https://environment.data.gov.uk/water-quality/sampling-point/TH-PRTS0024/sample/1349176/observation/0076,TH-PRTS0024,THAMES UPSTREAM CS1 OUTFALL (B),-0.5461,51.4411,Thames,THAMES - WEST THAMES,Multiple Values,OPEN,FRESHWATER - RIVERS,2021-04-29T15:30:00,PLANNED INVESTIGATION (NATIONAL AGENCY POLICY),RIVER / RUNNING SURFACE WATER,0076,Temperature of Water,12.2,CELSIUS
https://environment.data.gov.uk/water-quality/sampling-point/TH-PRTS0024/sample/1349176/observation/7608,TH-PRTS0024,THAMES UPSTREAM CS1 OUTFALL (B),-0.5461,51.4411,Thames,THAMES - WEST THAMES,Multiple Values,OPEN,FRESHWATER - RIVERS,2021-04-29T15:30:00,PLANNED INVESTIGATION (NATIONAL AGENCY POLICY),RIVER / RUNNING SURFACE WATER,7608,Salinity : In Situ,0.3,Parts per thousand
https://environment.data.gov.uk/water-quality/sampling-point/TH-PRTS0024/sample/1349176/observation/9901,TH-PRTS0024,THAMES UPSTREAM CS1 OUTFALL (B),-0.5461,51.4411,Thames,THAMES - WEST THAMES,Multiple Values,OPEN,FRESHWATER - RIVERS,2021-04-29T15:30:00,PLANNED INVESTIGATION (NATIONAL AGENCY POLICY),RIVER / RUNNING SURFACE WATER,9901,"Oxygen, Dissolved, % Saturation",136.2,PERCENTAGE
https://environment.data.gov.uk/water-quality/sampling-point/TH-PRTS0024/sample/1349176/observation/9924,TH-PRTS0024,THAMES UPSTREAM CS1 OUTFALL (B),-0.5461,51.4411,Thames,THAMES - WEST THAMES,Multiple Values,OPEN,FRESHWATER - RIVERS,2021-04-29T15:30:00,PLANNED INVESTIGATION (NATIONAL AGENCY POLICY),RIVER / RUNNING SURFACE WATER,9924,"Oxygen, Dissolved as O2",14.6,MILLIGRAM PER LITRE
https://environment.data.gov.uk/water-quality/sampling-point/TH-PRTS0024/sample/1349530/observation/0061,TH-PRTS0024,THAMES UPSTREAM CS1 OUTFALL (B),-0.5461,51.4411,Thames,THAMES - WEST THAMES,Multiple Values,OPEN,FRESHWATER - RIVERS,2021-05-17T14:21:00,ENVIRONMENTAL MONITORING STATUTORY (EU DIRECTIVES),RIVER / RUNNING SURFACE WATER,0061,pH,8.3,PH UNITS
https://environment.data.gov.uk/water-quality/sampling-point/TH-PRTS0024/sample/1349530/observation/0076,TH-PRTS0024,THAMES UPSTREAM CS1 OUTFALL (B),-0.5461,51.4411,Thames,THAMES - WEST THAMES,Multiple Values,OPEN,FRESHWATER - RIVERS,2021-05-17T14:21:00,ENVIRONMENTAL MONITORING STATUTORY (EU DIRECTIVES),RIVER / RUNNING SURFACE WATER,0076,Temperature of Water,13.9,CELSIUS
https://environment.data.gov.uk/water-quality/sampling-point/TH-PRTS0024/sample/1349530/observation/0077,TH-PRTS0024,THAMES UPSTREAM CS1 OUTFALL (B),-0.5461,51.4411,Thames,THAMES - WEST THAMES,Multiple Values,OPEN,FRESHWATER - RIVERS,2021-05-17T14:21:00,ENVIRONMENTAL MONITORING STATUTORY (EU DIRECTIVES),RIVER / RUNNING SURFACE WATER,0077,Conductivity at 25 C,666,MICROSIEMENS PER CENTIMETRE
https://environment.data.gov.uk/water-quality/sampling-point/TH-PRTS0024/sample/1349530/observation/0111,TH-PRTS0024,THAMES UPSTREAM CS1 OUTFALL (B),-0.5461,51.4411,Thames,THAMES - WEST THAMES,Multiple Values,OPEN,FRESHWATER - RIVERS,2021-05-17T14:21:00,ENVIRONMENTAL MONITORING STATUTORY (EU DIRECTIVES),RIVER / RUNNING SURFACE WATER,0111,Ammoniacal Nitrogen as N,<0.5,MILLIGRAM PER LITRE
https://environment.data.gov.uk/water-quality/sampling-point/TH-PRTS0024/sample/1349530/observation/0119,TH-PRTS0024,THAMES UPSTREAM CS1 OUTFALL (B),-0.5461,51.4411,Thames,THAMES - WEST THAMES,Multiple Values,OPEN,FRESHWATER - RIVERS,2021-05-17T14:21:00,ENVIRONMENTAL MONITORING STATUTORY (EU DIRECTIVES),RIVER / RUNNING SURFACE WATER,0119,Ammonia un-ionised as N,<0.0121,MILLIGRAM PER LITRE
https://environment.data.gov.uk/water-quality/sampling-point/TH-PRTS0024/sample/1349530/observation/0135,TH-PRTS0024,THAMES UPSTREAM CS1 OUTFALL (B),-0.5461,51.4411,Thames,THAMES - WEST THAMES,Multiple Values,OPEN,FRESHWATER - RIVERS,2021-05-17T14:21:00,ENVIRONMENTAL MONITORING STATUTORY (EU DIRECTIVES),RIVER / RUNNING SURFACE WATER,0135,"Solids, Suspended at 105 C",22,MILLIGRAM PER LITRE
https://environment.data.gov.uk/water-quality/sampling-point/TH-PRTS0024/sample/1349530/observation/0180,TH-PRTS0024,THAMES UPSTREAM CS1 OUTFALL (B),-0.5461,51.4411,Thames,THAMES - WEST THAMES,Multiple Values,OPEN,FRESHWATER - RIVERS,2021-05-17T14:21:00,ENVIRONMENTAL MONITORING STATUTORY (EU DIRECTIVES),RIVER / RUNNING SURFACE WATER,0180,"Orthophosphate, reactive as P",0.13,MILLIGRAM PER LITRE
https://environment.data.gov.uk/water-quality/sampling-point/TH-PRTS0024/sample/1349530/observation/7608,TH-PRTS0024,THAMES UPSTREAM CS1 OUTFALL (B),-0.5461,51.4411,Thames,THAMES - WEST THAMES,Multiple Values,OPEN,FRESHWATER - RIVERS,2021-05-17T14:21:00,ENVIRONMENTAL MONITORING STATUTORY (EU DIRECTIVES),RIVER / RUNNING SURFACE WATER,7608,Salinity : In Situ,0.33,Parts per thousand
https://environment.data.gov.uk/water-quality/sampling-point/TH-PRTS0024/sample/1349530/observation/9901,TH-PRTS0024,THAMES UPSTREAM CS1 OUTFALL (B),-0.5461,51.4411,Thames,THAMES - WEST THAMES,Multiple Values,OPEN,FRESHWATER - RIVERS,2021-05-17T14:21:00,ENVIRONMENTAL MONITORING STATUTORY (EU DIRECTIVES),RIVER / RUNNING SURFACE WATER,9901,"Oxygen, Dissolved, % Saturation",98.5,PERCENTAGE
https://environment.data.gov.uk/water-quality/sampling-point/TH-PRTS0024/sample/1349530/observation/9924,TH-PRTS0024,THAMES UPSTREAM CS1 OUTFALL (B),-0.5461,51.4411,Thames,THAMES - WEST THAMES,Multiple Values,OPEN,FRESHWATER - RIVERS,2021-05-17T14:21:00,ENVIRONMENTAL MONITORING STATUTORY (EU DIRECTIVES),RIVER / RUNNING SURFACE WATER,9924,"Oxygen, Dissolved as O2",10.1,MILLIGRAM PER LITRE
https://environment.data.gov.uk/water-quality/sampling-point/TH-PRTS0024/sample/1359635/observation/0061,TH-PRTS0024,THAMES UPSTREAM CS1 OUTFALL (B),-0.5461,51.4411,Thames,THAMES - WEST THAMES,Multiple Values,OPEN,FRESHWATER - RIVERS,2021-06-24T14:43:00,ENVIRONMENTAL MONITORING STATUTORY (EU DIRECTIVES),RIVER / RUNNING SURFACE WATER,0061,pH,7.98,PH UNITS
https://environment.data.gov.uk/water-quality/sampling-point/TH-PRTS0024/sample/1359635/observation/0076,TH-PRTS0024,THAMES UPSTREAM CS1 OUTFALL (B),-0.5461,51.4411,Thames,THAMES - WEST THAMES,Multiple Values,OPEN,FRESHWATER - RIVERS,2021-06-24T14:43:00,ENVIRONMENTAL MONITORING STATUTORY (EU DIRECTIVES),RIVER / RUNNING SURFACE WATER,0076,Temperature of Water,16.8,CELSIUS
https://environment.data.gov.uk/water-quality/sampling-point/TH-PRTS0024/sample/1359635/observation/0111,TH-PRTS0024,THAMES UPSTREAM CS1 OUTFALL (B),-0.5461,51.4411,Thames,THAMES - WEST THAMES,Multiple Values,OPEN,FRESHWATER - RIVERS,2021-06-24T14:43:00,ENVIRONMENTAL MONITORING STATUTORY (EU DIRECTIVES),RIVER / RUNNING SURFACE WATER,0111,Ammoniacal Nitrogen as N,<0.5,MILLIGRAM PER LITRE
https://environment.data.gov.uk/water-quality/sampling-point/TH-PRTS0024/sample/1359635/observation/0119,TH-PRTS0024,THAMES UPSTREAM CS1 OUTFALL (B),-0.5461,51.4411,Thames,THAMES - WEST THAMES,Multiple Values,OPEN,FRESHWATER - RIVERS,2021-06-24T14:43:00,ENVIRONMENTAL MONITORING STATUTORY (EU DIRECTIVES),RIVER / RUNNING SURFACE WATER,0119,Ammonia un-ionised as N,<0.0143,MILLIGRAM PER LITRE
https://environment.data.gov.uk/water-quality/sampling-point/TH-PRTS0024/sample/1359635/observation/0135,TH-PRTS0024,THAMES UPSTREAM CS1 OUTFALL (B),-0.5461,51.4411,Thames,THAMES - WEST THAMES,Multiple Values,OPEN,FRESHWATER - RIVERS,2021-06-24T14:43:00,ENVIRONMENTAL MONITORING STATUTORY (EU DIRECTIVES),RIVER / RUNNING SURFACE WATER,0135,"Solids, Suspended at 105 C",7.4,MILLIGRAM PER LITRE
https://environment.data.gov.uk/water-quality/sampling-point/TH-PRTS0024/sample/1359635/observation/0180,TH-PRTS0024,THAMES UPSTREAM CS1 OUTFALL (B),-0.5461,51.4411,Thames,THAMES - WEST THAMES,Multiple Values,OPEN,FRESHWATER - RIVERS,2021-06-24T14:43:00,ENVIRONMENTAL MONITORING STATUTORY (EU DIRECTIVES),RIVER / RUNNING SURFACE WATER,0180,"Orthophosphate, reactive as P",0.19,MILLIGRAM PER LITRE
https://environment.data.gov.uk/water-quality/sampling-point/TH-PRTS0024/sample/1359635/observation/7608,TH-PRTS0024,THAMES UPSTREAM CS1 OUTFALL (B),-0.5461,51.4411,Thames,THAMES - WEST THAMES,Multiple Values,OPEN,FRESHWATER - RIVERS,2021-06-24T14:43:00,ENVIRONMENTAL MONITORING STATUTORY (EU DIRECTIVES),RIVER / RUNNING SURFACE WATER,7608,Salinity : In Situ,0.29,Parts per thousand
https://environment.data.gov.uk/water-quality/sampling-point/TH-PRTS0024/sample/1359635/observation/9274,TH-PRTS0024,THAMES UPSTREAM CS1 OUTFALL (B),-0.5461,51.4411,Thames,THAMES - WEST THAMES,Multiple Values,OPEN,FRESHWATER - RIVERS,2021-06-24T14:43:00,ENVIRONMENTAL MONITORING STATUTORY (EU DIRECTIVES),RIVER / RUNNING SURFACE WATER,9274,Perfluorooctanoate anion,0.0041,MICROGRAM PER LITRE
https://environment.data.gov.uk/water-quality/sampling-point/TH-PRTS0024/sample/1359635/observation/9276,TH-PRTS0024,THAMES UPSTREAM CS1 OUTFALL (B),-0.5461,51.4411,Thames,THAMES - WEST THAMES,Multiple Values,OPEN,FRESHWATER - RIVERS,2021-06-24T14:43:00,ENVIRONMENTAL MONITORING STATUTORY (EU DIRECTIVES),RIVER / RUNNING SURFACE WATER,9276,Perfluorooctylsulphonate anion,0.0073,MICROGRAM PER LITRE
https://environment.data.gov.uk/water-quality/sampling-point/TH-PRTS0024/sample/1359635/observation/9901,TH-PRTS0024,THAMES UPSTREAM CS1 OUTFALL (B),-0.5461,51.4411,Thames,THAMES - WEST THAMES,Multiple Values,OPEN,FRESHWATER - RIVERS,2021-06-24T14:43:00,ENVIRONMENTAL MONITORING STATUTORY (EU DIRECTIVES),RIVER / RUNNING SURFACE WATER,9901,"Oxygen, Dissolved, % Saturation",93.4,PERCENTAGE
https://environment.data.gov.uk/water-quality/sampling-point/TH-PRTS0024/sample/1359635/observation/9924,TH-PRTS0024,THAMES UPSTREAM CS1 OUTFALL (B),-0.5461,51.4411,Thames,THAMES - WEST THAMES,Multiple Values,OPEN,FRESHWATER - RIVERS,2021-06-24T14:43:00,ENVIRONMENTAL MONITORING STATUTORY (EU DIRECTIVES),RIVER / RUNNING SURFACE WATER,9924,"Oxygen, Dissolved as O2",9.03,MILLIGRAM PER LITRE
https://environment.data.gov.uk/water-quality/sampling-point/TH-PRTS0024/sample/1360348/observation/0061,TH-PRTS0024,THAMES UPSTREAM CS1 OUTFALL (B),-0.5461,51.4411,Thames,THAMES - WEST THAMES,Multiple Values,OPEN,FRESHWATER - RIVERS,2021-07-20T12:10:00,ENVIRONMENTAL MONITORING STATUTORY (EU DIRECTIVES),RIVER / RUNNING SURFACE WATER,0061,pH,8.18,PH UNITS
https://environment.data.gov.uk/water-quality/sampling-point/TH-PRTS0024/sample/1360348/observation/0076,TH-PRTS0024,THAMES UPSTREAM CS1 OUTFALL (B),-0.5461,51.4411,Thames,THAMES - WEST THAMES,Multiple Values,OPEN,FRESHWATER - RIVERS,2021-07-20T12:10:00,ENVIRONMENTAL MONITORING STATUTORY (EU DIRECTIVES),RIVER / RUNNING SURFACE WATER,0076,Temperature of Water,22.7,CELSIUS
https://environment.data.gov.uk/water-quality/sampling-point/TH-PRTS0024/sample/1360348/observation/0111,TH-PRTS0024,THAMES UPSTREAM CS1 OUTFALL (B),-0.5461,51.4411,Thames,THAMES - WEST THAMES,Multiple Values,OPEN,FRESHWATER - RIVERS,2021-07-20T12:10:00,ENVIRONMENTAL MONITORING STATUTORY (EU DIRECTIVES),RIVER / RUNNING SURFACE WATER,0111,Ammoniacal Nitrogen as N,<0.03,MILLIGRAM PER LITRE
https://environment.data.gov.uk/water-quality/sampling-point/TH-PRTS0024/sample/1360348/observation/0119,TH-PRTS0024,THAMES UPSTREAM CS1 OUTFALL (B),-0.5461,51.4411,Thames,THAMES - WEST THAMES,Multiple Values,OPEN,FRESHWATER - RIVERS,2021-07-20T12:10:00,ENVIRONMENTAL MONITORING STATUTORY (EU DIRECTIVES),RIVER / RUNNING SURFACE WATER,0119,Ammonia un-ionised as N,<0.00137,MILLIGRAM PER LITRE
https://environment.data.gov.uk/water-quality/sampling-point/TH-PRTS0024/sample/1360348/observation/0135,TH-PRTS0024,THAMES UPSTREAM CS1 OUTFALL (B),-0.5461,51.4411,Thames,THAMES - WEST THAMES,Multiple Values,OPEN,FRESHWATER - RIVERS,2021-07-20T12:10:00,ENVIRONMENTAL MONITORING STATUTORY (EU DIRECTIVES),RIVER / RUNNING SURFACE WATER,0135,"Solids, Suspended at 105 C",5.3,MILLIGRAM PER LITRE
https://environment.data.gov.uk/water-quality/sampling-point/TH-PRTS0024/sample/1360348/observation/0180,TH-PRTS0024,THAMES UPSTREAM CS1 OUTFALL (B),-0.5461,51.4411,Thames,THAMES - WEST THAMES,Multiple Values,OPEN,FRESHWATER - RIVERS,2021-07-20T12:10:00,ENVIRONMENTAL MONITORING STATUTORY (EU DIRECTIVES),RIVER / RUNNING SURFACE WATER,0180,"Orthophosphate, reactive as P",0.15,MILLIGRAM PER LITRE
https://environment.data.gov.uk/water-quality/sampling-point/TH-PRTS0024/sample/1360348/observation/2958,TH-PRTS0024,THAMES UPSTREAM CS1 OUTFALL (B),-0.5461,51.4411,Thames,THAMES - WEST THAMES,Multiple Values,OPEN,FRESHWATER - RIVERS,2021-07-20T12:10:00,ENVIRONMENTAL MONITORING STATUTORY (EU DIRECTIVES),RIVER / RUNNING SURFACE WATER,2958,Perfluorooctanesulfonic acid (total),0.0085,MICROGRAM PER LITRE
https://environment.data.gov.uk/water-quality/sampling-point/TH-PRTS0024/sample/1360348/observation/2959,TH-PRTS0024,THAMES UPSTREAM CS1 OUTFALL (B),-0.5461,51.4411,Thames,THAMES - WEST THAMES,Multiple Values,OPEN,FRESHWATER - RIVERS,2021-07-20T12:10:00,ENVIRONMENTAL MONITORING STATUTORY (EU DIRECTIVES),RIVER / RUNNING SURFACE WATER,2959,Perfluorooctanesulfonic acid (linear),0.005,MICROGRAM PER LITRE
https://environment.data.gov.uk/water-quality/sampling-point/TH-PRTS0024/sample/1360348/observation/2960,TH-PRTS0024,THAMES UPSTREAM CS1 OUTFALL (B),-0.5461,51.4411,Thames,THAMES - WEST THAMES,Multiple Values,OPEN,FRESHWATER - RIVERS,2021-07-20T12:10:00,ENVIRONMENTAL MONITORING STATUTORY (EU DIRECTIVES),RIVER / RUNNING SURFACE WATER,2960,Perfluorooctanesulfonic acid (branched),0.0035,MICROGRAM PER LITRE
https://environment.data.gov.uk/water-quality/sampling-point/TH-PRTS0024/sample/1360348/observation/7608,TH-PRTS0024,THAMES UPSTREAM CS1 OUTFALL (B),-0.5461,51.4411,Thames,THAMES - WEST THAMES,Multiple Values,OPEN,FRESHWATER - RIVERS,2021-07-20T12:10:00,ENVIRONMENTAL MONITORING STATUTORY (EU DIRECTIVES),RIVER / RUNNING SURFACE WATER,7608,Salinity : In Situ,0.33,Parts per thousand
https://environment.data.gov.uk/water-quality/sampling-point/TH-PRTS0024/sample/1360348/observation/9274,TH-PRTS0024,THAMES UPSTREAM CS1 OUTFALL (B),-0.5461,51.4411,Thames,THAMES - WEST THAMES,Multiple Values,OPEN,FRESHWATER - RIVERS,2021-07-20T12:10:00,ENVIRONMENTAL MONITORING STATUTORY (EU DIRECTIVES),RIVER / RUNNING SURFACE WATER,9274,Perfluorooctanoate anion,0.004,MICROGRAM PER LITRE
https://environment.data.gov.uk/water-quality/sampling-point/TH-PRTS0024/sample/1360348/observation/9901,TH-PRTS0024,THAMES UPSTREAM CS1 OUTFALL (B),-0.5461,51.4411,Thames,THAMES - WEST THAMES,Multiple Values,OPEN,FRESHWATER - RIVERS,2021-07-20T12:10:00,ENVIRONMENTAL MONITORING STATUTORY (EU DIRECTIVES),RIVER / RUNNING SURFACE WATER,9901,"Oxygen, Dissolved, % Saturation",97.4,PERCENTAGE
https://environment.data.gov.uk/water-quality/sampling-point/TH-PRTS0024/sample/1360348/observation/9924,TH-PRTS0024,THAMES UPSTREAM CS1 OUTFALL (B),-0.5461,51.4411,Thames,THAMES - WEST THAMES,Multiple Values,OPEN,FRESHWATER - RIVERS,2021-07-20T12:10:00,ENVIRONMENTAL MONITORING STATUTORY (EU DIRECTIVES),RIVER / RUNNING SURFACE WATER,9924,"Oxygen, Dissolved as O2",8.37,MILLIGRAM PER LITRE
https://environment.data.gov.uk/water-quality/sampling-point/TH-PRTS0024/sample/1362261/observation/0061,TH-PRTS0024,THAMES UPSTREAM CS1 OUTFALL (B),-0.5461,51.4411,Thames,THAMES - WEST THAMES,Multiple Values,OPEN,FRESHWATER - RIVERS,2021-08-26T10:18:00,ENVIRONMENTAL MONITORING STATUTORY (EU DIRECTIVES),RIVER / RUNNING SURFACE WATER,0061,pH,8.3,PH UNITS
https://environment.data.gov.uk/water-quality/sampling-point/TH-PRTS0024/sample/1362261/observation/0076,TH-PRTS0024,THAMES UPSTREAM CS1 OUTFALL (B),-0.5461,51.4411,Thames,THAMES - WEST THAMES,Multiple Values,OPEN,FRESHWATER - RIVERS,2021-08-26T10:18:00,ENVIRONMENTAL MONITORING STATUTORY (EU DIRECTIVES),RIVER / RUNNING SURFACE WATER,0076,Temperature of Water,18.6,CELSIUS
https://environment.data.gov.uk/water-quality/sampling-point/TH-PRTS0024/sample/1362261/observation/0111,TH-PRTS0024,THAMES UPSTREAM CS1 OUTFALL (B),-0.5461,51.4411,Thames,THAMES - WEST THAMES,Multiple Values,OPEN,FRESHWATER - RIVERS,2021-08-26T10:18:00,ENVIRONMENTAL MONITORING STATUTORY (EU DIRECTIVES),RIVER / RUNNING SURFACE WATER,0111,Ammoniacal Nitrogen as N,<0.03,MILLIGRAM PER LITRE
https://environment.data.gov.uk/water-quality/sampling-point/TH-PRTS0024/sample/1362261/observation/0119,TH-PRTS0024,THAMES UPSTREAM CS1 OUTFALL (B),-0.5461,51.4411,Thames,THAMES - WEST THAMES,Multiple Values,OPEN,FRESHWATER - RIVERS,2021-08-26T10:18:00,ENVIRONMENTAL MONITORING STATUTORY (EU DIRECTIVES),RIVER / RUNNING SURFACE WATER,0119,Ammonia un-ionised as N,<0.00102,MILLIGRAM PER LITRE
https://environment.data.gov.uk/water-quality/sampling-point/TH-PRTS0024/sample/1362261/observation/0135,TH-PRTS0024,THAMES UPSTREAM CS1 OUTFALL (B),-0.5461,51.4411,Thames,THAMES - WEST THAMES,Multiple Values,OPEN,FRESHWATER - RIVERS,2021-08-26T10:18:00,ENVIRONMENTAL MONITORING STATUTORY (EU DIRECTIVES),RIVER / RUNNING SURFACE WATER,0135,"Solids, Suspended at 105 C",11,MILLIGRAM PER LITRE
https://environment.data.gov.uk/water-quality/sampling-point/TH-PRTS0024/sample/1362261/observation/0180,TH-PRTS0024,THAMES UPSTREAM CS1 OUTFALL (B),-0.5461,51.4411,Thames,THAMES - WEST THAMES,Multiple Values,OPEN,FRESHWATER - RIVERS,2021-08-26T10:18:00,ENVIRONMENTAL MONITORING STATUTORY (EU DIRECTIVES),RIVER / RUNNING SURFACE WATER,0180,"Orthophosphate, reactive as P",0.15,MILLIGRAM PER LITRE
https://environment.data.gov.uk/water-quality/sampling-point/TH-PRTS0024/sample/1362261/observation/2958,TH-PRTS0024,THAMES UPSTREAM CS1 OUTFALL (B),-0.5461,51.4411,Thames,THAMES - WEST THAMES,Multiple Values,OPEN,FRESHWATER - RIVERS,2021-08-26T10:18:00,ENVIRONMENTAL MONITORING STATUTORY (EU DIRECTIVES),RIVER / RUNNING SURFACE WATER,2958,Perfluorooctanesulfonic acid (total),0.0072,MICROGRAM PER LITRE
https://environment.data.gov.uk/water-quality/sampling-point/TH-PRTS0024/sample/1362261/observation/2959,TH-PRTS0024,THAMES UPSTREAM CS1 OUTFALL (B),-0.5461,51.4411,Thames,THAMES - WEST THAMES,Multiple Values,OPEN,FRESHWATER - RIVERS,2021-08-26T10:18:00,ENVIRONMENTAL MONITORING STATUTORY (EU DIRECTIVES),RIVER / RUNNING SURFACE WATER,2959,Perfluorooctanesulfonic acid (linear),0.0042,MICROGRAM PER LITRE
https://environment.data.gov.uk/water-quality/sampling-point/TH-PRTS0024/sample/1362261/observation/2960,TH-PRTS0024,THAMES UPSTREAM CS1 OUTFALL (B),-0.5461,51.4411,Thames,THAMES - WEST THAMES,Multiple Values,OPEN,FRESHWATER - RIVERS,2021-08-26T10:18:00,ENVIRONMENTAL MONITORING STATUTORY (EU DIRECTIVES),RIVER / RUNNING SURFACE WATER,2960,Perfluorooctanesulfonic acid (branched),0.0031,MICROGRAM PER LITRE
https://environment.data.gov.uk/water-quality/sampling-point/TH-PRTS0024/sample/1362261/observation/7608,TH-PRTS0024,THAMES UPSTREAM CS1 OUTFALL (B),-0.5461,51.4411,Thames,THAMES - WEST THAMES,Multiple Values,OPEN,FRESHWATER - RIVERS,2021-08-26T10:18:00,ENVIRONMENTAL MONITORING STATUTORY (EU DIRECTIVES),RIVER / RUNNING SURFACE WATER,7608,Salinity : In Situ,0.35,Parts per thousand
https://environment.data.gov.uk/water-quality/sampling-point/TH-PRTS0024/sample/1362261/observation/9274,TH-PRTS0024,THAMES UPSTREAM CS1 OUTFALL (B),-0.5461,51.4411,Thames,THAMES - WEST THAMES,Multiple Values,OPEN,FRESHWATER - RIVERS,2021-08-26T10:18:00,ENVIRONMENTAL MONITORING STATUTORY (EU DIRECTIVES),RIVER / RUNNING SURFACE WATER,9274,Perfluorooctanoate anion,0.0031,MICROGRAM PER LITRE
https://environment.data.gov.uk/water-quality/sampling-point/TH-PRTS0024/sample/1362261/observation/9276,TH-PRTS0024,THAMES UPSTREAM CS1 OUTFALL (B),-0.5461,51.4411,Thames,THAMES - WEST THAMES,Multiple Values,OPEN,FRESHWATER - RIVERS,2021-08-26T10:18:00,ENVIRONMENTAL MONITORING STATUTORY (EU DIRECTIVES),RIVER / RUNNING SURFACE WATER,9276,Perfluorooctylsulphonate anion,0.0047,MICROGRAM PER LITRE
https://environment.data.gov.uk/water-quality/sampling-point/TH-PRTS0024/sample/1362261/observation/9901,TH-PRTS0024,THAMES UPSTREAM CS1 OUTFALL (B),-0.5461,51.4411,Thames,THAMES - WEST THAMES,Multiple Values,OPEN,FRESHWATER - RIVERS,2021-08-26T10:18:00,ENVIRONMENTAL MONITORING STATUTORY (EU DIRECTIVES),RIVER / RUNNING SURFACE WATER,9901,"Oxygen, Dissolved, % Saturation",88,PERCENTAGE
https://environment.data.gov.uk/water-quality/sampling-point/TH-PRTS0024/sample/1362261/observation/9924,TH-PRTS0024,THAMES UPSTREAM CS1 OUTFALL (B),-0.5461,51.4411,Thames,THAMES - WEST THAMES,Multiple Values,OPEN,FRESHWATER - RIVERS,2021-08-26T10:18:00,ENVIRONMENTAL MONITORING STATUTORY (EU DIRECTIVES),RIVER / RUNNING SURFACE WATER,9924,"Oxygen, Dissolved as O2",8.19,MILLIGRAM PER LITRE
https://environment.data.gov.uk/water-quality/sampling-point/TH-PRTS0024/sample/1366086/observation/0061,TH-PRTS0024,THAMES UPSTREAM CS1 OUTFALL (B),-0.5461,51.4411,Thames,THAMES - WEST THAMES,Multiple Values,OPEN,FRESHWATER - RIVERS,2021-09-24T13:38:00,ENVIRONMENTAL MONITORING STATUTORY (EU DIRECTIVES),RIVER / RUNNING SURFACE WATER,0061,pH,8.21,PH UNITS
https://environment.data.gov.uk/water-quality/sampling-point/TH-PRTS0024/sample/1366086/observation/0076,TH-PRTS0024,THAMES UPSTREAM CS1 OUTFALL (B),-0.5461,51.4411,Thames,THAMES - WEST THAMES,Multiple Values,OPEN,FRESHWATER - RIVERS,2021-09-24T13:38:00,ENVIRONMENTAL MONITORING STATUTORY (EU DIRECTIVES),RIVER / RUNNING SURFACE WATER,0076,Temperature of Water,17.4,CELSIUS
https://environment.data.gov.uk/water-quality/sampling-point/TH-PRTS0024/sample/1366086/observation/0111,TH-PRTS0024,THAMES UPSTREAM CS1 OUTFALL (B),-0.5461,51.4411,Thames,THAMES - WEST THAMES,Multiple Values,OPEN,FRESHWATER - RIVERS,2021-09-24T13:38:00,ENVIRONMENTAL MONITORING STATUTORY (EU DIRECTIVES),RIVER / RUNNING SURFACE WATER,0111,Ammoniacal Nitrogen as N,<0.03,MILLIGRAM PER LITRE
https://environment.data.gov.uk/water-quality/sampling-point/TH-PRTS0024/sample/1366086/observation/0119,TH-PRTS0024,THAMES UPSTREAM CS1 OUTFALL (B),-0.5461,51.4411,Thames,THAMES - WEST THAMES,Multiple Values,OPEN,FRESHWATER - RIVERS,2021-09-24T13:38:00,ENVIRONMENTAL MONITORING STATUTORY (EU DIRECTIVES),RIVER / RUNNING SURFACE WATER,0119,Ammonia un-ionised as N,<0.00094,MILLIGRAM PER LITRE
https://environment.data.gov.uk/water-quality/sampling-point/TH-PRTS0024/sample/1366086/observation/0135,TH-PRTS0024,THAMES UPSTREAM CS1 OUTFALL (B),-0.5461,51.4411,Thames,THAMES - WEST THAMES,Multiple Values,OPEN,FRESHWATER - RIVERS,2021-09-24T13:38:00,ENVIRONMENTAL MONITORING STATUTORY (EU DIRECTIVES),RIVER / RUNNING SURFACE WATER,0135,"Solids, Suspended at 105 C",4.2,MILLIGRAM PER LITRE
https://environment.data.gov.uk/water-quality/sampling-point/TH-PRTS0024/sample/1366086/observation/0180,TH-PRTS0024,THAMES UPSTREAM CS1 OUTFALL (B),-0.5461,51.4411,Thames,THAMES - WEST THAMES,Multiple Values,OPEN,FRESHWATER - RIVERS,2021-09-24T13:38:00,ENVIRONMENTAL MONITORING STATUTORY (EU DIRECTIVES),RIVER / RUNNING SURFACE WATER,0180,"Orthophosphate, reactive as P",0.22,MILLIGRAM PER LITRE
https://environment.data.gov.uk/water-quality/sampling-point/TH-PRTS0024/sample/1366086/observation/2958,TH-PRTS0024,THAMES UPSTREAM CS1 OUTFALL (B),-0.5461,51.4411,Thames,THAMES - WEST THAMES,Multiple Values,OPEN,FRESHWATER - RIVERS,2021-09-24T13:38:00,ENVIRONMENTAL MONITORING STATUTORY (EU DIRECTIVES),RIVER / RUNNING SURFACE WATER,2958,Perfluorooctanesulfonic acid (total),0.0053,MICROGRAM PER LITRE
https://environment.data.gov.uk/water-quality/sampling-point/TH-PRTS0024/sample/1366086/observation/2959,TH-PRTS0024,THAMES UPSTREAM CS1 OUTFALL (B),-0.5461,51.4411,Thames,THAMES - WEST THAMES,Multiple Values,OPEN,FRESHWATER - RIVERS,2021-09-24T13:38:00,ENVIRONMENTAL MONITORING STATUTORY (EU DIRECTIVES),RIVER / RUNNING SURFACE WATER,2959,Perfluorooctanesulfonic acid (linear),0.003,MICROGRAM PER LITRE
https://environment.data.gov.uk/water-quality/sampling-point/TH-PRTS0024/sample/1366086/observation/2960,TH-PRTS0024,THAMES UPSTREAM CS1 OUTFALL (B),-0.5461,51.4411,Thames,THAMES - WEST THAMES,Multiple Values,OPEN,FRESHWATER - RIVERS,2021-09-24T13:38:00,ENVIRONMENTAL MONITORING STATUTORY (EU DIRECTIVES),RIVER / RUNNING SURFACE WATER,2960,Perfluorooctanesulfonic acid (branched),0.0022,MICROGRAM PER LITRE
https://environment.data.gov.uk/water-quality/sampling-point/TH-PRTS0024/sample/1366086/observation/7608,TH-PRTS0024,THAMES UPSTREAM CS1 OUTFALL (B),-0.5461,51.4411,Thames,THAMES - WEST THAMES,Multiple Values,OPEN,FRESHWATER - RIVERS,2021-09-24T13:38:00,ENVIRONMENTAL MONITORING STATUTORY (EU DIRECTIVES),RIVER / RUNNING SURFACE WATER,7608,Salinity : In Situ,0.36,Parts per thousand
https://environment.data.gov.uk/water-quality/sampling-point/TH-PRTS0024/sample/1366086/observation/9274,TH-PRTS0024,THAMES UPSTREAM CS1 OUTFALL (B),-0.5461,51.4411,Thames,THAMES - WEST THAMES,Multiple Values,OPEN,FRESHWATER - RIVERS,2021-09-24T13:38:00,ENVIRONMENTAL MONITORING STATUTORY (EU DIRECTIVES),RIVER / RUNNING SURFACE WATER,9274,Perfluorooctanoate anion,0.0031,MICROGRAM PER LITRE
https://environment.data.gov.uk/water-quality/sampling-point/TH-PRTS0024/sample/1366086/observation/9901,TH-PRTS0024,THAMES UPSTREAM CS1 OUTFALL (B),-0.5461,51.4411,Thames,THAMES - WEST THAMES,Multiple Values,OPEN,FRESHWATER - RIVERS,2021-09-24T13:38:00,ENVIRONMENTAL MONITORING STATUTORY (EU DIRECTIVES),RIVER / RUNNING SURFACE WATER,9901,"Oxygen, Dissolved, % Saturation",80.3,PERCENTAGE
https://environment.data.gov.uk/water-quality/sampling-point/TH-PRTS0024/sample/1366086/observation/9924,TH-PRTS0024,THAMES UPSTREAM CS1 OUTFALL (B),-0.5461,51.4411,Thames,THAMES - WEST THAMES,Multiple Values,OPEN,FRESHWATER - RIVERS,2021-09-24T13:38:00,ENVIRONMENTAL MONITORING STATUTORY (EU DIRECTIVES),RIVER / RUNNING SURFACE WATER,9924,"Oxygen, Dissolved as O2",7.66,MILLIGRAM PER LITRE
https://environment.data.gov.uk/water-quality/sampling-point/TH-PRTS0024/sample/1367966/observation/0061,TH-PRTS0024,THAMES UPSTREAM CS1 OUTFALL (B),-0.5461,51.4411,Thames,THAMES - WEST THAMES,Multiple Values,OPEN,FRESHWATER - RIVERS,2021-10-26T14:37:00,ENVIRONMENTAL MONITORING STATUTORY (EU DIRECTIVES),RIVER / RUNNING SURFACE WATER,0061,pH,8,PH UNITS
https://environment.data.gov.uk/water-quality/sampling-point/TH-PRTS0024/sample/1367966/observation/0076,TH-PRTS0024,THAMES UPSTREAM CS1 OUTFALL (B),-0.5461,51.4411,Thames,THAMES - WEST THAMES,Multiple Values,OPEN,FRESHWATER - RIVERS,2021-10-26T14:37:00,ENVIRONMENTAL MONITORING STATUTORY (EU DIRECTIVES),RIVER / RUNNING SURFACE WATER,0076,Temperature of Water,12.3,CELSIUS
https://environment.data.gov.uk/water-quality/sampling-point/TH-PRTS0024/sample/1367966/observation/0111,TH-PRTS0024,THAMES UPSTREAM CS1 OUTFALL (B),-0.5461,51.4411,Thames,THAMES - WEST THAMES,Multiple Values,OPEN,FRESHWATER - RIVERS,2021-10-26T14:37:00,ENVIRONMENTAL MONITORING STATUTORY (EU DIRECTIVES),RIVER / RUNNING SURFACE WATER,0111,Ammoniacal Nitrogen as N,0.043,MILLIGRAM PER LITRE
https://environment.data.gov.uk/water-quality/sampling-point/TH-PRTS0024/sample/1367966/observation/0119,TH-PRTS0024,THAMES UPSTREAM CS1 OUTFALL (B),-0.5461,51.4411,Thames,THAMES - WEST THAMES,Multiple Values,OPEN,FRESHWATER - RIVERS,2021-10-26T14:37:00,ENVIRONMENTAL MONITORING STATUTORY (EU DIRECTIVES),RIVER / RUNNING SURFACE WATER,0119,Ammonia un-ionised as N,0.00093,MILLIGRAM PER LITRE
https://environment.data.gov.uk/water-quality/sampling-point/TH-PRTS0024/sample/1367966/observation/0135,TH-PRTS0024,THAMES UPSTREAM CS1 OUTFALL (B),-0.5461,51.4411,Thames,THAMES - WEST THAMES,Multiple Values,OPEN,FRESHWATER - RIVERS,2021-10-26T14:37:00,ENVIRONMENTAL MONITORING STATUTORY (EU DIRECTIVES),RIVER / RUNNING SURFACE WATER,0135,"Solids, Suspended at 105 C",9.9,MILLIGRAM PER LITRE
https://environment.data.gov.uk/water-quality/sampling-point/TH-PRTS0024/sample/1367966/observation/0180,TH-PRTS0024,THAMES UPSTREAM CS1 OUTFALL (B),-0.5461,51.4411,Thames,THAMES - WEST THAMES,Multiple Values,OPEN,FRESHWATER - RIVERS,2021-10-26T14:37:00,ENVIRONMENTAL MONITORING STATUTORY (EU DIRECTIVES),RIVER / RUNNING SURFACE WATER,0180,"Orthophosphate, reactive as P",0.22,MILLIGRAM PER LITRE
https://environment.data.gov.uk/water-quality/sampling-point/TH-PRTS0024/sample/1367966/observation/2958,TH-PRTS0024,THAMES UPSTREAM CS1 OUTFALL (B),-0.5461,51.4411,Thames,THAMES - WEST THAMES,Multiple Values,OPEN,FRESHWATER - RIVERS,2021-10-26T14:37:00,ENVIRONMENTAL MONITORING STATUTORY (EU DIRECTIVES),RIVER / RUNNING SURFACE WATER,2958,Perfluorooctanesulfonic acid (total),0.0064,MICROGRAM PER LITRE
https://environment.data.gov.uk/water-quality/sampling-point/TH-PRTS0024/sample/1367966/observation/2959,TH-PRTS0024,THAMES UPSTREAM CS1 OUTFALL (B),-0.5461,51.4411,Thames,THAMES - WEST THAMES,Multiple Values,OPEN,FRESHWATER - RIVERS,2021-10-26T14:37:00,ENVIRONMENTAL MONITORING STATUTORY (EU DIRECTIVES),RIVER / RUNNING SURFACE WATER,2959,Perfluorooctanesulfonic acid (linear),0.0035,MICROGRAM PER LITRE
https://environment.data.gov.uk/water-quality/sampling-point/TH-PRTS0024/sample/1367966/observation/2960,TH-PRTS0024,THAMES UPSTREAM CS1 OUTFALL (B),-0.5461,51.4411,Thames,THAMES - WEST THAMES,Multiple Values,OPEN,FRESHWATER - RIVERS,2021-10-26T14:37:00,ENVIRONMENTAL MONITORING STATUTORY (EU DIRECTIVES),RIVER / RUNNING SURFACE WATER,2960,Perfluorooctanesulfonic acid (branched),0.0029,MICROGRAM PER LITRE
https://environment.data.gov.uk/water-quality/sampling-point/TH-PRTS0024/sample/1367966/observation/7608,TH-PRTS0024,THAMES UPSTREAM CS1 OUTFALL (B),-0.5461,51.4411,Thames,THAMES - WEST THAMES,Multiple Values,OPEN,FRESHWATER - RIVERS,2021-10-26T14:37:00,ENVIRONMENTAL MONITORING STATUTORY (EU DIRECTIVES),RIVER / RUNNING SURFACE WATER,7608,Salinity : In Situ,0.31,Parts per thousand
https://environment.data.gov.uk/water-quality/sampling-point/TH-PRTS0024/sample/1367966/observation/9274,TH-PRTS0024,THAMES UPSTREAM CS1 OUTFALL (B),-0.5461,51.4411,Thames,THAMES - WEST THAMES,Multiple Values,OPEN,FRESHWATER - RIVERS,2021-10-26T14:37:00,ENVIRONMENTAL MONITORING STATUTORY (EU DIRECTIVES),RIVER / RUNNING SURFACE WATER,9274,Perfluorooctanoate anion,0.0034,MICROGRAM PER LITRE
https://environment.data.gov.uk/water-quality/sampling-point/TH-PRTS0024/sample/1367966/observation/9901,TH-PRTS0024,THAMES UPSTREAM CS1 OUTFALL (B),-0.5461,51.4411,Thames,THAMES - WEST THAMES,Multiple Values,OPEN,FRESHWATER - RIVERS,2021-10-26T14:37:00,ENVIRONMENTAL MONITORING STATUTORY (EU DIRECTIVES),RIVER / RUNNING SURFACE WATER,9901,"Oxygen, Dissolved, % Saturation",94.7,PERCENTAGE
https://environment.data.gov.uk/water-quality/sampling-point/TH-PRTS0024/sample/1367966/observation/9924,TH-PRTS0024,THAMES UPSTREAM CS1 OUTFALL (B),-0.5461,51.4411,Thames,THAMES - WEST THAMES,Multiple Values,OPEN,FRESHWATER - RIVERS,2021-10-26T14:37:00,ENVIRONMENTAL MONITORING STATUTORY (EU DIRECTIVES),RIVER / RUNNING SURFACE WATER,9924,"Oxygen, Dissolved as O2",10.1,MILLIGRAM PER LITRE
https://environment.data.gov.uk/water-quality/sampling-point/TH-PRTS0024/sample/1368968/observation/0061,TH-PRTS0024,THAMES UPSTREAM CS1 OUTFALL (B),-0.5461,51.4411,Thames,THAMES - WEST THAMES,Multiple Values,OPEN,FRESHWATER - RIVERS,2021-11-23T14:02:00,ENVIRONMENTAL MONITORING STATUTORY (EU DIRECTIVES),RIVER / RUNNING SURFACE WATER,0061,pH,8.19,PH UNITS
https://environment.data.gov.uk/water-quality/sampling-point/TH-PRTS0024/sample/1368968/observation/0076,TH-PRTS0024,THAMES UPSTREAM CS1 OUTFALL (B),-0.5461,51.4411,Thames,THAMES - WEST THAMES,Multiple Values,OPEN,FRESHWATER - RIVERS,2021-11-23T14:02:00,ENVIRONMENTAL MONITORING STATUTORY (EU DIRECTIVES),RIVER / RUNNING SURFACE WATER,0076,Temperature of Water,8.5,CELSIUS
https://environment.data.gov.uk/water-quality/sampling-point/TH-PRTS0024/sample/1368968/observation/0111,TH-PRTS0024,THAMES UPSTREAM CS1 OUTFALL (B),-0.5461,51.4411,Thames,THAMES - WEST THAMES,Multiple Values,OPEN,FRESHWATER - RIVERS,2021-11-23T14:02:00,ENVIRONMENTAL MONITORING STATUTORY (EU DIRECTIVES),RIVER / RUNNING SURFACE WATER,0111,Ammoniacal Nitrogen as N,0.045,MILLIGRAM PER LITRE
https://environment.data.gov.uk/water-quality/sampling-point/TH-PRTS0024/sample/1368968/observation/0119,TH-PRTS0024,THAMES UPSTREAM CS1 OUTFALL (B),-0.5461,51.4411,Thames,THAMES - WEST THAMES,Multiple Values,OPEN,FRESHWATER - RIVERS,2021-11-23T14:02:00,ENVIRONMENTAL MONITORING STATUTORY (EU DIRECTIVES),RIVER / RUNNING SURFACE WATER,0119,Ammonia un-ionised as N,0.00074,MILLIGRAM PER LITRE
https://environment.data.gov.uk/water-quality/sampling-point/TH-PRTS0024/sample/1368968/observation/0135,TH-PRTS0024,THAMES UPSTREAM CS1 OUTFALL (B),-0.5461,51.4411,Thames,THAMES - WEST THAMES,Multiple Values,OPEN,FRESHWATER - RIVERS,2021-11-23T14:02:00,ENVIRONMENTAL MONITORING STATUTORY (EU DIRECTIVES),RIVER / RUNNING SURFACE WATER,0135,"Solids, Suspended at 105 C",4.1,MILLIGRAM PER LITRE
https://environment.data.gov.uk/water-quality/sampling-point/TH-PRTS0024/sample/1368968/observation/0180,TH-PRTS0024,THAMES UPSTREAM CS1 OUTFALL (B),-0.5461,51.4411,Thames,THAMES - WEST THAMES,Multiple Values,OPEN,FRESHWATER - RIVERS,2021-11-23T14:02:00,ENVIRONMENTAL MONITORING STATUTORY (EU DIRECTIVES),RIVER / RUNNING SURFACE WATER,0180,"Orthophosphate, reactive as P",0.18,MILLIGRAM PER LITRE
https://environment.data.gov.uk/water-quality/sampling-point/TH-PRTS0024/sample/1368968/observation/2958,TH-PRTS0024,THAMES UPSTREAM CS1 OUTFALL (B),-0.5461,51.4411,Thames,THAMES - WEST THAMES,Multiple Values,OPEN,FRESHWATER - RIVERS,2021-11-23T14:02:00,ENVIRONMENTAL MONITORING STATUTORY (EU DIRECTIVES),RIVER / RUNNING SURFACE WATER,2958,Perfluorooctanesulfonic acid (total),0.0078,MICROGRAM PER LITRE
https://environment.data.gov.uk/water-quality/sampling-point/TH-PRTS0024/sample/1368968/observation/2959,TH-PRTS0024,THAMES UPSTREAM CS1 OUTFALL (B),-0.5461,51.4411,Thames,THAMES - WEST THAMES,Multiple Values,OPEN,FRESHWATER - RIVERS,2021-11-23T14:02:00,ENVIRONMENTAL MONITORING STATUTORY (EU DIRECTIVES),RIVER / RUNNING SURFACE WATER,2959,Perfluorooctanesulfonic acid (linear),0.0037,MICROGRAM PER LITRE
https://environment.data.gov.uk/water-quality/sampling-point/TH-PRTS0024/sample/1368968/observation/2960,TH-PRTS0024,THAMES UPSTREAM CS1 OUTFALL (B),-0.5461,51.4411,Thames,THAMES - WEST THAMES,Multiple Values,OPEN,FRESHWATER - RIVERS,2021-11-23T14:02:00,ENVIRONMENTAL MONITORING STATUTORY (EU DIRECTIVES),RIVER / RUNNING SURFACE WATER,2960,Perfluorooctanesulfonic acid (branched),0.0041,MICROGRAM PER LITRE
https://environment.data.gov.uk/water-quality/sampling-point/TH-PRTS0024/sample/1368968/observation/7608,TH-PRTS0024,THAMES UPSTREAM CS1 OUTFALL (B),-0.5461,51.4411,Thames,THAMES - WEST THAMES,Multiple Values,OPEN,FRESHWATER - RIVERS,2021-11-23T14:02:00,ENVIRONMENTAL MONITORING STATUTORY (EU DIRECTIVES),RIVER / RUNNING SURFACE WATER,7608,Salinity : In Situ,0.35,Parts per thousand
https://environment.data.gov.uk/water-quality/sampling-point/TH-PRTS0024/sample/1368968/observation/9274,TH-PRTS0024,THAMES UPSTREAM CS1 OUTFALL (B),-0.5461,51.4411,Thames,THAMES - WEST THAMES,Multiple Values,OPEN,FRESHWATER - RIVERS,2021-11-23T14:02:00,ENVIRONMENTAL MONITORING STATUTORY (EU DIRECTIVES),RIVER / RUNNING SURFACE WATER,9274,Perfluorooctanoate anion,0.0019,MICROGRAM PER LITRE
https://environment.data.gov.uk/water-quality/sampling-point/TH-PRTS0024/sample/1368968/observation/9901,TH-PRTS0024,THAMES UPSTREAM CS1 OUTFALL (B),-0.5461,51.4411,Thames,THAMES - WEST THAMES,Multiple Values,OPEN,FRESHWATER - RIVERS,2021-11-23T14:02:00,ENVIRONMENTAL MONITORING STATUTORY (EU DIRECTIVES),RIVER / RUNNING SURFACE WATER,9901,"Oxygen, Dissolved, % Saturation",95.4,PERCENTAGE
https://environment.data.gov.uk/water-quality/sampling-point/TH-PRTS0024/sample/1368968/observation/9924,TH-PRTS0024,THAMES UPSTREAM CS1 OUTFALL (B),-0.5461,51.4411,Thames,THAMES - WEST THAMES,Multiple Values,OPEN,FRESHWATER - RIVERS,2021-11-23T14:02:00,ENVIRONMENTAL MONITORING STATUTORY (EU DIRECTIVES),RIVER / RUNNING SURFACE WATER,9924,"Oxygen, Dissolved as O2",11.1,MILLIGRAM PER LITRE
https://environment.data.gov.uk/water-quality/sampling-point/TH-PRTS0024/sample/1369623/observation/0061,TH-PRTS0024,THAMES UPSTREAM CS1 OUTFALL (B),-0.5461,51.4411,Thames,THAMES - WEST THAMES,Multiple Values,OPEN,FRESHWATER - RIVERS,2021-12-14T13:04:00,ENVIRONMENTAL MONITORING STATUTORY (EU DIRECTIVES),RIVER / RUNNING SURFACE WATER,0061,pH,8.18,PH UNITS
https://environment.data.gov.uk/water-quality/sampling-point/TH-PRTS0024/sample/1369623/observation/0076,TH-PRTS0024,THAMES UPSTREAM CS1 OUTFALL (B),-0.5461,51.4411,Thames,THAMES - WEST THAMES,Multiple Values,OPEN,FRESHWATER - RIVERS,2021-12-14T13:04:00,ENVIRONMENTAL MONITORING STATUTORY (EU DIRECTIVES),RIVER / RUNNING SURFACE WATER,0076,Temperature of Water,7.7,CELSIUS
https://environment.data.gov.uk/water-quality/sampling-point/TH-PRTS0024/sample/1369623/observation/0111,TH-PRTS0024,THAMES UPSTREAM CS1 OUTFALL (B),-0.5461,51.4411,Thames,THAMES - WEST THAMES,Multiple Values,OPEN,FRESHWATER - RIVERS,2021-12-14T13:04:00,ENVIRONMENTAL MONITORING STATUTORY (EU DIRECTIVES),RIVER / RUNNING SURFACE WATER,0111,Ammoniacal Nitrogen as N,0.034,MILLIGRAM PER LITRE
https://environment.data.gov.uk/water-quality/sampling-point/TH-PRTS0024/sample/1369623/observation/0119,TH-PRTS0024,THAMES UPSTREAM CS1 OUTFALL (B),-0.5461,51.4411,Thames,THAMES - WEST THAMES,Multiple Values,OPEN,FRESHWATER - RIVERS,2021-12-14T13:04:00,ENVIRONMENTAL MONITORING STATUTORY (EU DIRECTIVES),RIVER / RUNNING SURFACE WATER,0119,Ammonia un-ionised as N,0.00052,MILLIGRAM PER LITRE
https://environment.data.gov.uk/water-quality/sampling-point/TH-PRTS0024/sample/1369623/observation/0135,TH-PRTS0024,THAMES UPSTREAM CS1 OUTFALL (B),-0.5461,51.4411,Thames,THAMES - WEST THAMES,Multiple Values,OPEN,FRESHWATER - RIVERS,2021-12-14T13:04:00,ENVIRONMENTAL MONITORING STATUTORY (EU DIRECTIVES),RIVER / RUNNING SURFACE WATER,0135,"Solids, Suspended at 105 C",10,MILLIGRAM PER LITRE
https://environment.data.gov.uk/water-quality/sampling-point/TH-PRTS0024/sample/1369623/observation/0180,TH-PRTS0024,THAMES UPSTREAM CS1 OUTFALL (B),-0.5461,51.4411,Thames,THAMES - WEST THAMES,Multiple Values,OPEN,FRESHWATER - RIVERS,2021-12-14T13:04:00,ENVIRONMENTAL MONITORING STATUTORY (EU DIRECTIVES),RIVER / RUNNING SURFACE WATER,0180,"Orthophosphate, reactive as P",0.2,MILLIGRAM PER LITRE
https://environment.data.gov.uk/water-quality/sampling-point/TH-PRTS0024/sample/1369623/observation/2958,TH-PRTS0024,THAMES UPSTREAM CS1 OUTFALL (B),-0.5461,51.4411,Thames,THAMES - WEST THAMES,Multiple Values,OPEN,FRESHWATER - RIVERS,2021-12-14T13:04:00,ENVIRONMENTAL MONITORING STATUTORY (EU DIRECTIVES),RIVER / RUNNING SURFACE WATER,2958,Perfluorooctanesulfonic acid (total),0.0069,MICROGRAM PER LITRE
https://environment.data.gov.uk/water-quality/sampling-point/TH-PRTS0024/sample/1369623/observation/2959,TH-PRTS0024,THAMES UPSTREAM CS1 OUTFALL (B),-0.5461,51.4411,Thames,THAMES - WEST THAMES,Multiple Values,OPEN,FRESHWATER - RIVERS,2021-12-14T13:04:00,ENVIRONMENTAL MONITORING STATUTORY (EU DIRECTIVES),RIVER / RUNNING SURFACE WATER,2959,Perfluorooctanesulfonic acid (linear),0.0034,MICROGRAM PER LITRE
https://environment.data.gov.uk/water-quality/sampling-point/TH-PRTS0024/sample/1369623/observation/2960,TH-PRTS0024,THAMES UPSTREAM CS1 OUTFALL (B),-0.5461,51.4411,Thames,THAMES - WEST THAMES,Multiple Values,OPEN,FRESHWATER - RIVERS,2021-12-14T13:04:00,ENVIRONMENTAL MONITORING STATUTORY (EU DIRECTIVES),RIVER / RUNNING SURFACE WATER,2960,Perfluorooctanesulfonic acid (branched),0.0034,MICROGRAM PER LITRE
https://environment.data.gov.uk/water-quality/sampling-point/TH-PRTS0024/sample/1369623/observation/7608,TH-PRTS0024,THAMES UPSTREAM CS1 OUTFALL (B),-0.5461,51.4411,Thames,THAMES - WEST THAMES,Multiple Values,OPEN,FRESHWATER - RIVERS,2021-12-14T13:04:00,ENVIRONMENTAL MONITORING STATUTORY (EU DIRECTIVES),RIVER / RUNNING SURFACE WATER,7608,Salinity : In Situ,0.35,Parts per thousand
https://environment.data.gov.uk/water-quality/sampling-point/TH-PRTS0024/sample/1369623/observation/9274,TH-PRTS0024,THAMES UPSTREAM CS1 OUTFALL (B),-0.5461,51.4411,Thames,THAMES - WEST THAMES,Multiple Values,OPEN,FRESHWATER - RIVERS,2021-12-14T13:04:00,ENVIRONMENTAL MONITORING STATUTORY (EU DIRECTIVES),RIVER / RUNNING SURFACE WATER,9274,Perfluorooctanoate anion,0.0022,MICROGRAM PER LITRE
https://environment.data.gov.uk/water-quality/sampling-point/TH-PRTS0024/sample/1369623/observation/9901,TH-PRTS0024,THAMES UPSTREAM CS1 OUTFALL (B),-0.5461,51.4411,Thames,THAMES - WEST THAMES,Multiple Values,OPEN,FRESHWATER - RIVERS,2021-12-14T13:04:00,ENVIRONMENTAL MONITORING STATUTORY (EU DIRECTIVES),RIVER / RUNNING SURFACE WATER,9901,"Oxygen, Dissolved, % Saturation",101.1,PERCENTAGE
https://environment.data.gov.uk/water-quality/sampling-point/TH-PRTS0024/sample/1369623/observation/9924,TH-PRTS0024,THAMES UPSTREAM CS1 OUTFALL (B),-0.5461,51.4411,Thames,THAMES - WEST THAMES,Multiple Values,OPEN,FRESHWATER - RIVERS,2021-12-14T13:04:00,ENVIRONMENTAL MONITORING STATUTORY (EU DIRECTIVES),RIVER / RUNNING SURFACE WATER,9924,"Oxygen, Dissolved as O2",12,MILLIGRAM PER LITRE
https://environment.data.gov.uk/water-quality/sampling-point/TH-PRTS0033/sample/1341861/observation/0061,TH-PRTS0033,THAMES DOWNSTREAM OF CS1 OUTFALL,-0.5356,51.4374,Thames,THAMES - WEST THAMES,Multiple Values,OPEN,FRESHWATER - RIVERS,2021-01-28T13:39:00,PLANNED INVESTIGATION (NATIONAL AGENCY POLICY),RIVER / RUNNING SURFACE WATER,0061,pH,8.09,PH UNITS
https://environment.data.gov.uk/water-quality/sampling-point/TH-PRTS0033/sample/1341861/observation/0076,TH-PRTS0033,THAMES DOWNSTREAM OF CS1 OUTFALL,-0.5356,51.4374,Thames,THAMES - WEST THAMES,Multiple Values,OPEN,FRESHWATER - RIVERS,2021-01-28T13:39:00,PLANNED INVESTIGATION (NATIONAL AGENCY POLICY),RIVER / RUNNING SURFACE WATER,0076,Temperature of Water,6.3,CELSIUS
https://environment.data.gov.uk/water-quality/sampling-point/TH-PRTS0033/sample/1341861/observation/7608,TH-PRTS0033,THAMES DOWNSTREAM OF CS1 OUTFALL,-0.5356,51.4374,Thames,THAMES - WEST THAMES,Multiple Values,OPEN,FRESHWATER - RIVERS,2021-01-28T13:39:00,PLANNED INVESTIGATION (NATIONAL AGENCY POLICY),RIVER / RUNNING SURFACE WATER,7608,Salinity : In Situ,0.3,Parts per thousand
https://environment.data.gov.uk/water-quality/sampling-point/TH-PRTS0033/sample/1341861/observation/9901,TH-PRTS0033,THAMES DOWNSTREAM OF CS1 OUTFALL,-0.5356,51.4374,Thames,THAMES - WEST THAMES,Multiple Values,OPEN,FRESHWATER - RIVERS,2021-01-28T13:39:00,PLANNED INVESTIGATION (NATIONAL AGENCY POLICY),RIVER / RUNNING SURFACE WATER,9901,"Oxygen, Dissolved, % Saturation",98.6,PERCENTAGE
https://environment.data.gov.uk/water-quality/sampling-point/TH-PRTS0033/sample/1341861/observation/9924,TH-PRTS0033,THAMES DOWNSTREAM OF CS1 OUTFALL,-0.5356,51.4374,Thames,THAMES - WEST THAMES,Multiple Values,OPEN,FRESHWATER - RIVERS,2021-01-28T13:39:00,PLANNED INVESTIGATION (NATIONAL AGENCY POLICY),RIVER / RUNNING SURFACE WATER,9924,"Oxygen, Dissolved as O2",12.1,MILLIGRAM PER LITRE
https://environment.data.gov.uk/water-quality/sampling-point/TH-PRTS0033/sample/1342431/observation/0061,TH-PRTS0033,THAMES DOWNSTREAM OF CS1 OUTFALL,-0.5356,51.4374,Thames,THAMES - WEST THAMES,Multiple Values,OPEN,FRESHWATER - RIVERS,2021-02-23T12:24:00,PLANNED INVESTIGATION (NATIONAL AGENCY POLICY),RIVER / RUNNING SURFACE WATER,0061,pH,8.23,PH UNITS
https://environment.data.gov.uk/water-quality/sampling-point/TH-PRTS0033/sample/1342431/observation/0076,TH-PRTS0033,THAMES DOWNSTREAM OF CS1 OUTFALL,-0.5356,51.4374,Thames,THAMES - WEST THAMES,Multiple Values,OPEN,FRESHWATER - RIVERS,2021-02-23T12:24:00,PLANNED INVESTIGATION (NATIONAL AGENCY POLICY),RIVER / RUNNING SURFACE WATER,0076,Temperature of Water,8.8,CELSIUS
https://environment.data.gov.uk/water-quality/sampling-point/TH-PRTS0033/sample/1342431/observation/7608,TH-PRTS0033,THAMES DOWNSTREAM OF CS1 OUTFALL,-0.5356,51.4374,Thames,THAMES - WEST THAMES,Multiple Values,OPEN,FRESHWATER - RIVERS,2021-02-23T12:24:00,PLANNED INVESTIGATION (NATIONAL AGENCY POLICY),RIVER / RUNNING SURFACE WATER,7608,Salinity : In Situ,0.3,Parts per thousand
https://environment.data.gov.uk/water-quality/sampling-point/TH-PRTS0033/sample/1342431/observation/9901,TH-PRTS0033,THAMES DOWNSTREAM OF CS1 OUTFALL,-0.5356,51.4374,Thames,THAMES - WEST THAMES,Multiple Values,OPEN,FRESHWATER - RIVERS,2021-02-23T12:24:00,PLANNED INVESTIGATION (NATIONAL AGENCY POLICY),RIVER / RUNNING SURFACE WATER,9901,"Oxygen, Dissolved, % Saturation",104.9,PERCENTAGE
https://environment.data.gov.uk/water-quality/sampling-point/TH-PRTS0033/sample/1342431/observation/9924,TH-PRTS0033,THAMES DOWNSTREAM OF CS1 OUTFALL,-0.5356,51.4374,Thames,THAMES - WEST THAMES,Multiple Values,OPEN,FRESHWATER - RIVERS,2021-02-23T12:24:00,PLANNED INVESTIGATION (NATIONAL AGENCY POLICY),RIVER / RUNNING SURFACE WATER,9924,"Oxygen, Dissolved as O2",12.1,MILLIGRAM PER LITRE
https://environment.data.gov.uk/water-quality/sampling-point/TH-PRTS0033/sample/1345419/observation/0061,TH-PRTS0033,THAMES DOWNSTREAM OF CS1 OUTFALL,-0.5356,51.4374,Thames,THAMES - WEST THAMES,Multiple Values,OPEN,FRESHWATER - RIVERS,2021-03-23T14:04:00,PLANNED INVESTIGATION (NATIONAL AGENCY POLICY),RIVER / RUNNING SURFACE WATER,0061,pH,8.28,PH UNITS
https://environment.data.gov.uk/water-quality/sampling-point/TH-PRTS0033/sample/1345419/observation/0076,TH-PRTS0033,THAMES DOWNSTREAM OF CS1 OUTFALL,-0.5356,51.4374,Thames,THAMES - WEST THAMES,Multiple Values,OPEN,FRESHWATER - RIVERS,2021-03-23T14:04:00,PLANNED INVESTIGATION (NATIONAL AGENCY POLICY),RIVER / RUNNING SURFACE WATER,0076,Temperature of Water,10.1,CELSIUS
https://environment.data.gov.uk/water-quality/sampling-point/TH-PRTS0033/sample/1345419/observation/7608,TH-PRTS0033,THAMES DOWNSTREAM OF CS1 OUTFALL,-0.5356,51.4374,Thames,THAMES - WEST THAMES,Multiple Values,OPEN,FRESHWATER - RIVERS,2021-03-23T14:04:00,PLANNED INVESTIGATION (NATIONAL AGENCY POLICY),RIVER / RUNNING SURFACE WATER,7608,Salinity : In Situ,0.33,Parts per thousand
https://environment.data.gov.uk/water-quality/sampling-point/TH-PRTS0033/sample/1345419/observation/9901,TH-PRTS0033,THAMES DOWNSTREAM OF CS1 OUTFALL,-0.5356,51.4374,Thames,THAMES - WEST THAMES,Multiple Values,OPEN,FRESHWATER - RIVERS,2021-03-23T14:04:00,PLANNED INVESTIGATION (NATIONAL AGENCY POLICY),RIVER / RUNNING SURFACE WATER,9901,"Oxygen, Dissolved, % Saturation",100.3,PERCENTAGE
https://environment.data.gov.uk/water-quality/sampling-point/TH-PRTS0033/sample/1345419/observation/9924,TH-PRTS0033,THAMES DOWNSTREAM OF CS1 OUTFALL,-0.5356,51.4374,Thames,THAMES - WEST THAMES,Multiple Values,OPEN,FRESHWATER - RIVERS,2021-03-23T14:04:00,PLANNED INVESTIGATION (NATIONAL AGENCY POLICY),RIVER / RUNNING SURFACE WATER,9924,"Oxygen, Dissolved as O2",11.3,MILLIGRAM PER LITRE
https://environment.data.gov.uk/water-quality/sampling-point/TH-PRTS0033/sample/1349175/observation/0061,TH-PRTS0033,THAMES DOWNSTREAM OF CS1 OUTFALL,-0.5356,51.4374,Thames,THAMES - WEST THAMES,Multiple Values,OPEN,FRESHWATER - RIVERS,2021-04-29T15:09:00,PLANNED INVESTIGATION (NATIONAL AGENCY POLICY),RIVER / RUNNING SURFACE WATER,0061,pH,8.46,PH UNITS
https://environment.data.gov.uk/water-quality/sampling-point/TH-PRTS0033/sample/1349175/observation/0076,TH-PRTS0033,THAMES DOWNSTREAM OF CS1 OUTFALL,-0.5356,51.4374,Thames,THAMES - WEST THAMES,Multiple Values,OPEN,FRESHWATER - RIVERS,2021-04-29T15:09:00,PLANNED INVESTIGATION (NATIONAL AGENCY POLICY),RIVER / RUNNING SURFACE WATER,0076,Temperature of Water,12.2,CELSIUS
https://environment.data.gov.uk/water-quality/sampling-point/TH-PRTS0033/sample/1349175/observation/7608,TH-PRTS0033,THAMES DOWNSTREAM OF CS1 OUTFALL,-0.5356,51.4374,Thames,THAMES - WEST THAMES,Multiple Values,OPEN,FRESHWATER - RIVERS,2021-04-29T15:09:00,PLANNED INVESTIGATION (NATIONAL AGENCY POLICY),RIVER / RUNNING SURFACE WATER,7608,Salinity : In Situ,0.3,Parts per thousand
https://environment.data.gov.uk/water-quality/sampling-point/TH-PRTS0033/sample/1349175/observation/9901,TH-PRTS0033,THAMES DOWNSTREAM OF CS1 OUTFALL,-0.5356,51.4374,Thames,THAMES - WEST THAMES,Multiple Values,OPEN,FRESHWATER - RIVERS,2021-04-29T15:09:00,PLANNED INVESTIGATION (NATIONAL AGENCY POLICY),RIVER / RUNNING SURFACE WATER,9901,"Oxygen, Dissolved, % Saturation",129.9,PERCENTAGE
https://environment.data.gov.uk/water-quality/sampling-point/TH-PRTS0033/sample/1349175/observation/9924,TH-PRTS0033,THAMES DOWNSTREAM OF CS1 OUTFALL,-0.5356,51.4374,Thames,THAMES - WEST THAMES,Multiple Values,OPEN,FRESHWATER - RIVERS,2021-04-29T15:09:00,PLANNED INVESTIGATION (NATIONAL AGENCY POLICY),RIVER / RUNNING SURFACE WATER,9924,"Oxygen, Dissolved as O2",13.9,MILLIGRAM PER LITRE
https://environment.data.gov.uk/water-quality/sampling-point/TH-PRTS0033/sample/1349529/observation/0061,TH-PRTS0033,THAMES DOWNSTREAM OF CS1 OUTFALL,-0.5356,51.4374,Thames,THAMES - WEST THAMES,Multiple Values,OPEN,FRESHWATER - RIVERS,2021-05-17T14:07:00,ENVIRONMENTAL MONITORING STATUTORY (EU DIRECTIVES),RIVER / RUNNING SURFACE WATER,0061,pH,8.3,PH UNITS
https://environment.data.gov.uk/water-quality/sampling-point/TH-PRTS0033/sample/1349529/observation/0076,TH-PRTS0033,THAMES DOWNSTREAM OF CS1 OUTFALL,-0.5356,51.4374,Thames,THAMES - WEST THAMES,Multiple Values,OPEN,FRESHWATER - RIVERS,2021-05-17T14:07:00,ENVIRONMENTAL MONITORING STATUTORY (EU DIRECTIVES),RIVER / RUNNING SURFACE WATER,0076,Temperature of Water,13.8,CELSIUS
https://environment.data.gov.uk/water-quality/sampling-point/TH-PRTS0033/sample/1349529/observation/0077,TH-PRTS0033,THAMES DOWNSTREAM OF CS1 OUTFALL,-0.5356,51.4374,Thames,THAMES - WEST THAMES,Multiple Values,OPEN,FRESHWATER - RIVERS,2021-05-17T14:07:00,ENVIRONMENTAL MONITORING STATUTORY (EU DIRECTIVES),RIVER / RUNNING SURFACE WATER,0077,Conductivity at 25 C,665,MICROSIEMENS PER CENTIMETRE
https://environment.data.gov.uk/water-quality/sampling-point/TH-PRTS0033/sample/1349529/observation/0111,TH-PRTS0033,THAMES DOWNSTREAM OF CS1 OUTFALL,-0.5356,51.4374,Thames,THAMES - WEST THAMES,Multiple Values,OPEN,FRESHWATER - RIVERS,2021-05-17T14:07:00,ENVIRONMENTAL MONITORING STATUTORY (EU DIRECTIVES),RIVER / RUNNING SURFACE WATER,0111,Ammoniacal Nitrogen as N,<0.5,MILLIGRAM PER LITRE
https://environment.data.gov.uk/water-quality/sampling-point/TH-PRTS0033/sample/1349529/observation/0119,TH-PRTS0033,THAMES DOWNSTREAM OF CS1 OUTFALL,-0.5356,51.4374,Thames,THAMES - WEST THAMES,Multiple Values,OPEN,FRESHWATER - RIVERS,2021-05-17T14:07:00,ENVIRONMENTAL MONITORING STATUTORY (EU DIRECTIVES),RIVER / RUNNING SURFACE WATER,0119,Ammonia un-ionised as N,<0.012,MILLIGRAM PER LITRE
https://environment.data.gov.uk/water-quality/sampling-point/TH-PRTS0033/sample/1349529/observation/0135,TH-PRTS0033,THAMES DOWNSTREAM OF CS1 OUTFALL,-0.5356,51.4374,Thames,THAMES - WEST THAMES,Multiple Values,OPEN,FRESHWATER - RIVERS,2021-05-17T14:07:00,ENVIRONMENTAL MONITORING STATUTORY (EU DIRECTIVES),RIVER / RUNNING SURFACE WATER,0135,"Solids, Suspended at 105 C",23,MILLIGRAM PER LITRE
https://environment.data.gov.uk/water-quality/sampling-point/TH-PRTS0033/sample/1349529/observation/0180,TH-PRTS0033,THAMES DOWNSTREAM OF CS1 OUTFALL,-0.5356,51.4374,Thames,THAMES - WEST THAMES,Multiple Values,OPEN,FRESHWATER - RIVERS,2021-05-17T14:07:00,ENVIRONMENTAL MONITORING STATUTORY (EU DIRECTIVES),RIVER / RUNNING SURFACE WATER,0180,"Orthophosphate, reactive as P",0.13,MILLIGRAM PER LITRE
https://environment.data.gov.uk/water-quality/sampling-point/TH-PRTS0033/sample/1349529/observation/7608,TH-PRTS0033,THAMES DOWNSTREAM OF CS1 OUTFALL,-0.5356,51.4374,Thames,THAMES - WEST THAMES,Multiple Values,OPEN,FRESHWATER - RIVERS,2021-05-17T14:07:00,ENVIRONMENTAL MONITORING STATUTORY (EU DIRECTIVES),RIVER / RUNNING SURFACE WATER,7608,Salinity : In Situ,0.33,Parts per thousand
https://environment.data.gov.uk/water-quality/sampling-point/TH-PRTS0033/sample/1349529/observation/9901,TH-PRTS0033,THAMES DOWNSTREAM OF CS1 OUTFALL,-0.5356,51.4374,Thames,THAMES - WEST THAMES,Multiple Values,OPEN,FRESHWATER - RIVERS,2021-05-17T14:07:00,ENVIRONMENTAL MONITORING STATUTORY (EU DIRECTIVES),RIVER / RUNNING SURFACE WATER,9901,"Oxygen, Dissolved, % Saturation",100,PERCENTAGE
https://environment.data.gov.uk/water-quality/sampling-point/TH-PRTS0033/sample/1349529/observation/9924,TH-PRTS0033,THAMES DOWNSTREAM OF CS1 OUTFALL,-0.5356,51.4374,Thames,THAMES - WEST THAMES,Multiple Values,OPEN,FRESHWATER - RIVERS,2021-05-17T14:07:00,ENVIRONMENTAL MONITORING STATUTORY (EU DIRECTIVES),RIVER / RUNNING SURFACE WATER,9924,"Oxygen, Dissolved as O2",10.3,MILLIGRAM PER LITRE
https://environment.data.gov.uk/water-quality/sampling-point/TH-PRTS0033/sample/1359634/observation/0061,TH-PRTS0033,THAMES DOWNSTREAM OF CS1 OUTFALL,-0.5356,51.4374,Thames,THAMES - WEST THAMES,Multiple Values,OPEN,FRESHWATER - RIVERS,2021-06-24T14:55:00,ENVIRONMENTAL MONITORING STATUTORY (EU DIRECTIVES),RIVER / RUNNING SURFACE WATER,0061,pH,7.97,PH UNITS
https://environment.data.gov.uk/water-quality/sampling-point/TH-PRTS0033/sample/1359634/observation/0076,TH-PRTS0033,THAMES DOWNSTREAM OF CS1 OUTFALL,-0.5356,51.4374,Thames,THAMES - WEST THAMES,Multiple Values,OPEN,FRESHWATER - RIVERS,2021-06-24T14:55:00,ENVIRONMENTAL MONITORING STATUTORY (EU DIRECTIVES),RIVER / RUNNING SURFACE WATER,0076,Temperature of Water,16.9,CELSIUS
https://environment.data.gov.uk/water-quality/sampling-point/TH-PRTS0033/sample/1359634/observation/0111,TH-PRTS0033,THAMES DOWNSTREAM OF CS1 OUTFALL,-0.5356,51.4374,Thames,THAMES - WEST THAMES,Multiple Values,OPEN,FRESHWATER - RIVERS,2021-06-24T14:55:00,ENVIRONMENTAL MONITORING STATUTORY (EU DIRECTIVES),RIVER / RUNNING SURFACE WATER,0111,Ammoniacal Nitrogen as N,<0.5,MILLIGRAM PER LITRE
https://environment.data.gov.uk/water-quality/sampling-point/TH-PRTS0033/sample/1359634/observation/0119,TH-PRTS0033,THAMES DOWNSTREAM OF CS1 OUTFALL,-0.5356,51.4374,Thames,THAMES - WEST THAMES,Multiple Values,OPEN,FRESHWATER - RIVERS,2021-06-24T14:55:00,ENVIRONMENTAL MONITORING STATUTORY (EU DIRECTIVES),RIVER / RUNNING SURFACE WATER,0119,Ammonia un-ionised as N,<0.0141,MILLIGRAM PER LITRE
https://environment.data.gov.uk/water-quality/sampling-point/TH-PRTS0033/sample/1359634/observation/0135,TH-PRTS0033,THAMES DOWNSTREAM OF CS1 OUTFALL,-0.5356,51.4374,Thames,THAMES - WEST THAMES,Multiple Values,OPEN,FRESHWATER - RIVERS,2021-06-24T14:55:00,ENVIRONMENTAL MONITORING STATUTORY (EU DIRECTIVES),RIVER / RUNNING SURFACE WATER,0135,"Solids, Suspended at 105 C",7.9,MILLIGRAM PER LITRE
https://environment.data.gov.uk/water-quality/sampling-point/TH-PRTS0033/sample/1359634/observation/0180,TH-PRTS0033,THAMES DOWNSTREAM OF CS1 OUTFALL,-0.5356,51.4374,Thames,THAMES - WEST THAMES,Multiple Values,OPEN,FRESHWATER - RIVERS,2021-06-24T14:55:00,ENVIRONMENTAL MONITORING STATUTORY (EU DIRECTIVES),RIVER / RUNNING SURFACE WATER,0180,"Orthophosphate, reactive as P",0.19,MILLIGRAM PER LITRE
https://environment.data.gov.uk/water-quality/sampling-point/TH-PRTS0033/sample/1359634/observation/7608,TH-PRTS0033,THAMES DOWNSTREAM OF CS1 OUTFALL,-0.5356,51.4374,Thames,THAMES - WEST THAMES,Multiple Values,OPEN,FRESHWATER - RIVERS,2021-06-24T14:55:00,ENVIRONMENTAL MONITORING STATUTORY (EU DIRECTIVES),RIVER / RUNNING SURFACE WATER,7608,Salinity : In Situ,0.29,Parts per thousand
https://environment.data.gov.uk/water-quality/sampling-point/TH-PRTS0033/sample/1359634/observation/9274,TH-PRTS0033,THAMES DOWNSTREAM OF CS1 OUTFALL,-0.5356,51.4374,Thames,THAMES - WEST THAMES,Multiple Values,OPEN,FRESHWATER - RIVERS,2021-06-24T14:55:00,ENVIRONMENTAL MONITORING STATUTORY (EU DIRECTIVES),RIVER / RUNNING SURFACE WATER,9274,Perfluorooctanoate anion,0.0041,MICROGRAM PER LITRE
https://environment.data.gov.uk/water-quality/sampling-point/TH-PRTS0033/sample/1359634/observation/9276,TH-PRTS0033,THAMES DOWNSTREAM OF CS1 OUTFALL,-0.5356,51.4374,Thames,THAMES - WEST THAMES,Multiple Values,OPEN,FRESHWATER - RIVERS,2021-06-24T14:55:00,ENVIRONMENTAL MONITORING STATUTORY (EU DIRECTIVES),RIVER / RUNNING SURFACE WATER,9276,Perfluorooctylsulphonate anion,0.007,MICROGRAM PER LITRE
https://environment.data.gov.uk/water-quality/sampling-point/TH-PRTS0033/sample/1359634/observation/9901,TH-PRTS0033,THAMES DOWNSTREAM OF CS1 OUTFALL,-0.5356,51.4374,Thames,THAMES - WEST THAMES,Multiple Values,OPEN,FRESHWATER - RIVERS,2021-06-24T14:55:00,ENVIRONMENTAL MONITORING STATUTORY (EU DIRECTIVES),RIVER / RUNNING SURFACE WATER,9901,"Oxygen, Dissolved, % Saturation",92.8,PERCENTAGE
https://environment.data.gov.uk/water-quality/sampling-point/TH-PRTS0033/sample/1359634/observation/9924,TH-PRTS0033,THAMES DOWNSTREAM OF CS1 OUTFALL,-0.5356,51.4374,Thames,THAMES - WEST THAMES,Multiple Values,OPEN,FRESHWATER - RIVERS,2021-06-24T14:55:00,ENVIRONMENTAL MONITORING STATUTORY (EU DIRECTIVES),RIVER / RUNNING SURFACE WATER,9924,"Oxygen, Dissolved as O2",8.95,MILLIGRAM PER LITRE
https://environment.data.gov.uk/water-quality/sampling-point/TH-PRTS0033/sample/1360347/observation/0061,TH-PRTS0033,THAMES DOWNSTREAM OF CS1 OUTFALL,-0.5356,51.4374,Thames,THAMES - WEST THAMES,Multiple Values,OPEN,FRESHWATER - RIVERS,2021-07-20T12:24:00,ENVIRONMENTAL MONITORING STATUTORY (EU DIRECTIVES),RIVER / RUNNING SURFACE WATER,0061,pH,8.21,PH UNITS
https://environment.data.gov.uk/water-quality/sampling-point/TH-PRTS0033/sample/1360347/observation/0076,TH-PRTS0033,THAMES DOWNSTREAM OF CS1 OUTFALL,-0.5356,51.4374,Thames,THAMES - WEST THAMES,Multiple Values,OPEN,FRESHWATER - RIVERS,2021-07-20T12:24:00,ENVIRONMENTAL MONITORING STATUTORY (EU DIRECTIVES),RIVER / RUNNING SURFACE WATER,0076,Temperature of Water,23.1,CELSIUS
https://environment.data.gov.uk/water-quality/sampling-point/TH-PRTS0033/sample/1360347/observation/0111,TH-PRTS0033,THAMES DOWNSTREAM OF CS1 OUTFALL,-0.5356,51.4374,Thames,THAMES - WEST THAMES,Multiple Values,OPEN,FRESHWATER - RIVERS,2021-07-20T12:24:00,ENVIRONMENTAL MONITORING STATUTORY (EU DIRECTIVES),RIVER / RUNNING SURFACE WATER,0111,Ammoniacal Nitrogen as N,<0.03,MILLIGRAM PER LITRE
https://environment.data.gov.uk/water-quality/sampling-point/TH-PRTS0033/sample/1360347/observation/0119,TH-PRTS0033,THAMES DOWNSTREAM OF CS1 OUTFALL,-0.5356,51.4374,Thames,THAMES - WEST THAMES,Multiple Values,OPEN,FRESHWATER - RIVERS,2021-07-20T12:24:00,ENVIRONMENTAL MONITORING STATUTORY (EU DIRECTIVES),RIVER / RUNNING SURFACE WATER,0119,Ammonia un-ionised as N,<0.00141,MILLIGRAM PER LITRE
https://environment.data.gov.uk/water-quality/sampling-point/TH-PRTS0033/sample/1360347/observation/0135,TH-PRTS0033,THAMES DOWNSTREAM OF CS1 OUTFALL,-0.5356,51.4374,Thames,THAMES - WEST THAMES,Multiple Values,OPEN,FRESHWATER - RIVERS,2021-07-20T12:24:00,ENVIRONMENTAL MONITORING STATUTORY (EU DIRECTIVES),RIVER / RUNNING SURFACE WATER,0135,"Solids, Suspended at 105 C",<3,MILLIGRAM PER LITRE
https://environment.data.gov.uk/water-quality/sampling-point/TH-PRTS0033/sample/1360347/observation/0180,TH-PRTS0033,THAMES DOWNSTREAM OF CS1 OUTFALL,-0.5356,51.4374,Thames,THAMES - WEST THAMES,Multiple Values,OPEN,FRESHWATER - RIVERS,2021-07-20T12:24:00,ENVIRONMENTAL MONITORING STATUTORY (EU DIRECTIVES),RIVER / RUNNING SURFACE WATER,0180,"Orthophosphate, reactive as P",0.15,MILLIGRAM PER LITRE
https://environment.data.gov.uk/water-quality/sampling-point/TH-PRTS0033/sample/1360347/observation/2958,TH-PRTS0033,THAMES DOWNSTREAM OF CS1 OUTFALL,-0.5356,51.4374,Thames,THAMES - WEST THAMES,Multiple Values,OPEN,FRESHWATER - RIVERS,2021-07-20T12:24:00,ENVIRONMENTAL MONITORING STATUTORY (EU DIRECTIVES),RIVER / RUNNING SURFACE WATER,2958,Perfluorooctanesulfonic acid (total),0.008,MICROGRAM PER LITRE
https://environment.data.gov.uk/water-quality/sampling-point/TH-PRTS0033/sample/1360347/observation/2959,TH-PRTS0033,THAMES DOWNSTREAM OF CS1 OUTFALL,-0.5356,51.4374,Thames,THAMES - WEST THAMES,Multiple Values,OPEN,FRESHWATER - RIVERS,2021-07-20T12:24:00,ENVIRONMENTAL MONITORING STATUTORY (EU DIRECTIVES),RIVER / RUNNING SURFACE WATER,2959,Perfluorooctanesulfonic acid (linear),0.0044,MICROGRAM PER LITRE
https://environment.data.gov.uk/water-quality/sampling-point/TH-PRTS0033/sample/1360347/observation/2960,TH-PRTS0033,THAMES DOWNSTREAM OF CS1 OUTFALL,-0.5356,51.4374,Thames,THAMES - WEST THAMES,Multiple Values,OPEN,FRESHWATER - RIVERS,2021-07-20T12:24:00,ENVIRONMENTAL MONITORING STATUTORY (EU DIRECTIVES),RIVER / RUNNING SURFACE WATER,2960,Perfluorooctanesulfonic acid (branched),0.0036,MICROGRAM PER LITRE
https://environment.data.gov.uk/water-quality/sampling-point/TH-PRTS0033/sample/1360347/observation/7608,TH-PRTS0033,THAMES DOWNSTREAM OF CS1 OUTFALL,-0.5356,51.4374,Thames,THAMES - WEST THAMES,Multiple Values,OPEN,FRESHWATER - RIVERS,2021-07-20T12:24:00,ENVIRONMENTAL MONITORING STATUTORY (EU DIRECTIVES),RIVER / RUNNING SURFACE WATER,7608,Salinity : In Situ,0.33,Parts per thousand
https://environment.data.gov.uk/water-quality/sampling-point/TH-PRTS0033/sample/1360347/observation/9274,TH-PRTS0033,THAMES DOWNSTREAM OF CS1 OUTFALL,-0.5356,51.4374,Thames,THAMES - WEST THAMES,Multiple Values,OPEN,FRESHWATER - RIVERS,2021-07-20T12:24:00,ENVIRONMENTAL MONITORING STATUTORY (EU DIRECTIVES),RIVER / RUNNING SURFACE WATER,9274,Perfluorooctanoate anion,0.004,MICROGRAM PER LITRE
https://environment.data.gov.uk/water-quality/sampling-point/TH-PRTS0033/sample/1360347/observation/9901,TH-PRTS0033,THAMES DOWNSTREAM OF CS1 OUTFALL,-0.5356,51.4374,Thames,THAMES - WEST THAMES,Multiple Values,OPEN,FRESHWATER - RIVERS,2021-07-20T12:24:00,ENVIRONMENTAL MONITORING STATUTORY (EU DIRECTIVES),RIVER / RUNNING SURFACE WATER,9901,"Oxygen, Dissolved, % Saturation",105.6,PERCENTAGE
https://environment.data.gov.uk/water-quality/sampling-point/TH-PRTS0033/sample/1360347/observation/9924,TH-PRTS0033,THAMES DOWNSTREAM OF CS1 OUTFALL,-0.5356,51.4374,Thames,THAMES - WEST THAMES,Multiple Values,OPEN,FRESHWATER - RIVERS,2021-07-20T12:24:00,ENVIRONMENTAL MONITORING STATUTORY (EU DIRECTIVES),RIVER / RUNNING SURFACE WATER,9924,"Oxygen, Dissolved as O2",9.01,MILLIGRAM PER LITRE
https://environment.data.gov.uk/water-quality/sampling-point/TH-PRTS0033/sample/1362262/observation/0061,TH-PRTS0033,THAMES DOWNSTREAM OF CS1 OUTFALL,-0.5356,51.4374,Thames,THAMES - WEST THAMES,Multiple Values,OPEN,FRESHWATER - RIVERS,2021-08-26T10:30:00,ENVIRONMENTAL MONITORING STATUTORY (EU DIRECTIVES),RIVER / RUNNING SURFACE WATER,0061,pH,8.36,PH UNITS
https://environment.data.gov.uk/water-quality/sampling-point/TH-PRTS0033/sample/1362262/observation/0076,TH-PRTS0033,THAMES DOWNSTREAM OF CS1 OUTFALL,-0.5356,51.4374,Thames,THAMES - WEST THAMES,Multiple Values,OPEN,FRESHWATER - RIVERS,2021-08-26T10:30:00,ENVIRONMENTAL MONITORING STATUTORY (EU DIRECTIVES),RIVER / RUNNING SURFACE WATER,0076,Temperature of Water,18.7,CELSIUS
https://environment.data.gov.uk/water-quality/sampling-point/TH-PRTS0033/sample/1362262/observation/0111,TH-PRTS0033,THAMES DOWNSTREAM OF CS1 OUTFALL,-0.5356,51.4374,Thames,THAMES - WEST THAMES,Multiple Values,OPEN,FRESHWATER - RIVERS,2021-08-26T10:30:00,ENVIRONMENTAL MONITORING STATUTORY (EU DIRECTIVES),RIVER / RUNNING SURFACE WATER,0111,Ammoniacal Nitrogen as N,<0.03,MILLIGRAM PER LITRE
https://environment.data.gov.uk/water-quality/sampling-point/TH-PRTS0033/sample/1362262/observation/0119,TH-PRTS0033,THAMES DOWNSTREAM OF CS1 OUTFALL,-0.5356,51.4374,Thames,THAMES - WEST THAMES,Multiple Values,OPEN,FRESHWATER - RIVERS,2021-08-26T10:30:00,ENVIRONMENTAL MONITORING STATUTORY (EU DIRECTIVES),RIVER / RUNNING SURFACE WATER,0119,Ammonia un-ionised as N,<0.00103,MILLIGRAM PER LITRE
https://environment.data.gov.uk/water-quality/sampling-point/TH-PRTS0033/sample/1362262/observation/0135,TH-PRTS0033,THAMES DOWNSTREAM OF CS1 OUTFALL,-0.5356,51.4374,Thames,THAMES - WEST THAMES,Multiple Values,OPEN,FRESHWATER - RIVERS,2021-08-26T10:30:00,ENVIRONMENTAL MONITORING STATUTORY (EU DIRECTIVES),RIVER / RUNNING SURFACE WATER,0135,"Solids, Suspended at 105 C",8.9,MILLIGRAM PER LITRE
https://environment.data.gov.uk/water-quality/sampling-point/TH-PRTS0033/sample/1362262/observation/0180,TH-PRTS0033,THAMES DOWNSTREAM OF CS1 OUTFALL,-0.5356,51.4374,Thames,THAMES - WEST THAMES,Multiple Values,OPEN,FRESHWATER - RIVERS,2021-08-26T10:30:00,ENVIRONMENTAL MONITORING STATUTORY (EU DIRECTIVES),RIVER / RUNNING SURFACE WATER,0180,"Orthophosphate, reactive as P",0.13,MILLIGRAM PER LITRE
https://environment.data.gov.uk/water-quality/sampling-point/TH-PRTS0033/sample/1362262/observation/2958,TH-PRTS0033,THAMES DOWNSTREAM OF CS1 OUTFALL,-0.5356,51.4374,Thames,THAMES - WEST THAMES,Multiple Values,OPEN,FRESHWATER - RIVERS,2021-08-26T10:30:00,ENVIRONMENTAL MONITORING STATUTORY (EU DIRECTIVES),RIVER / RUNNING SURFACE WATER,2958,Perfluorooctanesulfonic acid (total),0.0065,MICROGRAM PER LITRE
https://environment.data.gov.uk/water-quality/sampling-point/TH-PRTS0033/sample/1362262/observation/2959,TH-PRTS0033,THAMES DOWNSTREAM OF CS1 OUTFALL,-0.5356,51.4374,Thames,THAMES - WEST THAMES,Multiple Values,OPEN,FRESHWATER - RIVERS,2021-08-26T10:30:00,ENVIRONMENTAL MONITORING STATUTORY (EU DIRECTIVES),RIVER / RUNNING SURFACE WATER,2959,Perfluorooctanesulfonic acid (linear),0.0035,MICROGRAM PER LITRE
https://environment.data.gov.uk/water-quality/sampling-point/TH-PRTS0033/sample/1362262/observation/2960,TH-PRTS0033,THAMES DOWNSTREAM OF CS1 OUTFALL,-0.5356,51.4374,Thames,THAMES - WEST THAMES,Multiple Values,OPEN,FRESHWATER - RIVERS,2021-08-26T10:30:00,ENVIRONMENTAL MONITORING STATUTORY (EU DIRECTIVES),RIVER / RUNNING SURFACE WATER,2960,Perfluorooctanesulfonic acid (branched),0.003,MICROGRAM PER LITRE
https://environment.data.gov.uk/water-quality/sampling-point/TH-PRTS0033/sample/1362262/observation/7608,TH-PRTS0033,THAMES DOWNSTREAM OF CS1 OUTFALL,-0.5356,51.4374,Thames,THAMES - WEST THAMES,Multiple Values,OPEN,FRESHWATER - RIVERS,2021-08-26T10:30:00,ENVIRONMENTAL MONITORING STATUTORY (EU DIRECTIVES),RIVER / RUNNING SURFACE WATER,7608,Salinity : In Situ,0.35,Parts per thousand
https://environment.data.gov.uk/water-quality/sampling-point/TH-PRTS0033/sample/1362262/observation/9274,TH-PRTS0033,THAMES DOWNSTREAM OF CS1 OUTFALL,-0.5356,51.4374,Thames,THAMES - WEST THAMES,Multiple Values,OPEN,FRESHWATER - RIVERS,2021-08-26T10:30:00,ENVIRONMENTAL MONITORING STATUTORY (EU DIRECTIVES),RIVER / RUNNING SURFACE WATER,9274,Perfluorooctanoate anion,0.0031,MICROGRAM PER LITRE
https://environment.data.gov.uk/water-quality/sampling-point/TH-PRTS0033/sample/1362262/observation/9276,TH-PRTS0033,THAMES DOWNSTREAM OF CS1 OUTFALL,-0.5356,51.4374,Thames,THAMES - WEST THAMES,Multiple Values,OPEN,FRESHWATER - RIVERS,2021-08-26T10:30:00,ENVIRONMENTAL MONITORING STATUTORY (EU DIRECTIVES),RIVER / RUNNING SURFACE WATER,9276,Perfluorooctylsulphonate anion,0.0043,MICROGRAM PER LITRE
https://environment.data.gov.uk/water-quality/sampling-point/TH-PRTS0033/sample/1362262/observation/9901,TH-PRTS0033,THAMES DOWNSTREAM OF CS1 OUTFALL,-0.5356,51.4374,Thames,THAMES - WEST THAMES,Multiple Values,OPEN,FRESHWATER - RIVERS,2021-08-26T10:30:00,ENVIRONMENTAL MONITORING STATUTORY (EU DIRECTIVES),RIVER / RUNNING SURFACE WATER,9901,"Oxygen, Dissolved, % Saturation",76.5,PERCENTAGE
https://environment.data.gov.uk/water-quality/sampling-point/TH-PRTS0033/sample/1362262/observation/9924,TH-PRTS0033,THAMES DOWNSTREAM OF CS1 OUTFALL,-0.5356,51.4374,Thames,THAMES - WEST THAMES,Multiple Values,OPEN,FRESHWATER - RIVERS,2021-08-26T10:30:00,ENVIRONMENTAL MONITORING STATUTORY (EU DIRECTIVES),RIVER / RUNNING SURFACE WATER,9924,"Oxygen, Dissolved as O2",7.11,MILLIGRAM PER LITRE
https://environment.data.gov.uk/water-quality/sampling-point/TH-PRTS0033/sample/1366087/observation/0061,TH-PRTS0033,THAMES DOWNSTREAM OF CS1 OUTFALL,-0.5356,51.4374,Thames,THAMES - WEST THAMES,Multiple Values,OPEN,FRESHWATER - RIVERS,2021-09-24T13:41:00,ENVIRONMENTAL MONITORING STATUTORY (EU DIRECTIVES),RIVER / RUNNING SURFACE WATER,0061,pH,8.19,PH UNITS
https://environment.data.gov.uk/water-quality/sampling-point/TH-PRTS0033/sample/1366087/observation/0076,TH-PRTS0033,THAMES DOWNSTREAM OF CS1 OUTFALL,-0.5356,51.4374,Thames,THAMES - WEST THAMES,Multiple Values,OPEN,FRESHWATER - RIVERS,2021-09-24T13:41:00,ENVIRONMENTAL MONITORING STATUTORY (EU DIRECTIVES),RIVER / RUNNING SURFACE WATER,0076,Temperature of Water,17.6,CELSIUS
https://environment.data.gov.uk/water-quality/sampling-point/TH-PRTS0033/sample/1366087/observation/0111,TH-PRTS0033,THAMES DOWNSTREAM OF CS1 OUTFALL,-0.5356,51.4374,Thames,THAMES - WEST THAMES,Multiple Values,OPEN,FRESHWATER - RIVERS,2021-09-24T13:41:00,ENVIRONMENTAL MONITORING STATUTORY (EU DIRECTIVES),RIVER / RUNNING SURFACE WATER,0111,Ammoniacal Nitrogen as N,<0.03,MILLIGRAM PER LITRE
https://environment.data.gov.uk/water-quality/sampling-point/TH-PRTS0033/sample/1366087/observation/0119,TH-PRTS0033,THAMES DOWNSTREAM OF CS1 OUTFALL,-0.5356,51.4374,Thames,THAMES - WEST THAMES,Multiple Values,OPEN,FRESHWATER - RIVERS,2021-09-24T13:41:00,ENVIRONMENTAL MONITORING STATUTORY (EU DIRECTIVES),RIVER / RUNNING SURFACE WATER,0119,Ammonia un-ionised as N,<0.00095,MILLIGRAM PER LITRE
https://environment.data.gov.uk/water-quality/sampling-point/TH-PRTS0033/sample/1366087/observation/0135,TH-PRTS0033,THAMES DOWNSTREAM OF CS1 OUTFALL,-0.5356,51.4374,Thames,THAMES - WEST THAMES,Multiple Values,OPEN,FRESHWATER - RIVERS,2021-09-24T13:41:00,ENVIRONMENTAL MONITORING STATUTORY (EU DIRECTIVES),RIVER / RUNNING SURFACE WATER,0135,"Solids, Suspended at 105 C",8.4,MILLIGRAM PER LITRE
https://environment.data.gov.uk/water-quality/sampling-point/TH-PRTS0033/sample/1366087/observation/0180,TH-PRTS0033,THAMES DOWNSTREAM OF CS1 OUTFALL,-0.5356,51.4374,Thames,THAMES - WEST THAMES,Multiple Values,OPEN,FRESHWATER - RIVERS,2021-09-24T13:41:00,ENVIRONMENTAL MONITORING STATUTORY (EU DIRECTIVES),RIVER / RUNNING SURFACE WATER,0180,"Orthophosphate, reactive as P",0.22,MILLIGRAM PER LITRE
https://environment.data.gov.uk/water-quality/sampling-point/TH-PRTS0033/sample/1366087/observation/2958,TH-PRTS0033,THAMES DOWNSTREAM OF CS1 OUTFALL,-0.5356,51.4374,Thames,THAMES - WEST THAMES,Multiple Values,OPEN,FRESHWATER - RIVERS,2021-09-24T13:41:00,ENVIRONMENTAL MONITORING STATUTORY (EU DIRECTIVES),RIVER / RUNNING SURFACE WATER,2958,Perfluorooctanesulfonic acid (total),0.0051,MICROGRAM PER LITRE
https://environment.data.gov.uk/water-quality/sampling-point/TH-PRTS0033/sample/1366087/observation/2959,TH-PRTS0033,THAMES DOWNSTREAM OF CS1 OUTFALL,-0.5356,51.4374,Thames,THAMES - WEST THAMES,Multiple Values,OPEN,FRESHWATER - RIVERS,2021-09-24T13:41:00,ENVIRONMENTAL MONITORING STATUTORY (EU DIRECTIVES),RIVER / RUNNING SURFACE WATER,2959,Perfluorooctanesulfonic acid (linear),0.0027,MICROGRAM PER LITRE
https://environment.data.gov.uk/water-quality/sampling-point/TH-PRTS0033/sample/1366087/observation/2960,TH-PRTS0033,THAMES DOWNSTREAM OF CS1 OUTFALL,-0.5356,51.4374,Thames,THAMES - WEST THAMES,Multiple Values,OPEN,FRESHWATER - RIVERS,2021-09-24T13:41:00,ENVIRONMENTAL MONITORING STATUTORY (EU DIRECTIVES),RIVER / RUNNING SURFACE WATER,2960,Perfluorooctanesulfonic acid (branched),0.0023,MICROGRAM PER LITRE
https://environment.data.gov.uk/water-quality/sampling-point/TH-PRTS0033/sample/1366087/observation/7608,TH-PRTS0033,THAMES DOWNSTREAM OF CS1 OUTFALL,-0.5356,51.4374,Thames,THAMES - WEST THAMES,Multiple Values,OPEN,FRESHWATER - RIVERS,2021-09-24T13:41:00,ENVIRONMENTAL MONITORING STATUTORY (EU DIRECTIVES),RIVER / RUNNING SURFACE WATER,7608,Salinity : In Situ,0.36,Parts per thousand
https://environment.data.gov.uk/water-quality/sampling-point/TH-PRTS0033/sample/1366087/observation/9274,TH-PRTS0033,THAMES DOWNSTREAM OF CS1 OUTFALL,-0.5356,51.4374,Thames,THAMES - WEST THAMES,Multiple Values,OPEN,FRESHWATER - RIVERS,2021-09-24T13:41:00,ENVIRONMENTAL MONITORING STATUTORY (EU DIRECTIVES),RIVER / RUNNING SURFACE WATER,9274,Perfluorooctanoate anion,0.0034,MICROGRAM PER LITRE
https://environment.data.gov.uk/water-quality/sampling-point/TH-PRTS0033/sample/1366087/observation/9901,TH-PRTS0033,THAMES DOWNSTREAM OF CS1 OUTFALL,-0.5356,51.4374,Thames,THAMES - WEST THAMES,Multiple Values,OPEN,FRESHWATER - RIVERS,2021-09-24T13:41:00,ENVIRONMENTAL MONITORING STATUTORY (EU DIRECTIVES),RIVER / RUNNING SURFACE WATER,9901,"Oxygen, Dissolved, % Saturation",89.4,PERCENTAGE
https://environment.data.gov.uk/water-quality/sampling-point/TH-PRTS0033/sample/1366087/observation/9924,TH-PRTS0033,THAMES DOWNSTREAM OF CS1 OUTFALL,-0.5356,51.4374,Thames,THAMES - WEST THAMES,Multiple Values,OPEN,FRESHWATER - RIVERS,2021-09-24T13:41:00,ENVIRONMENTAL MONITORING STATUTORY (EU DIRECTIVES),RIVER / RUNNING SURFACE WATER,9924,"Oxygen, Dissolved as O2",8.49,MILLIGRAM PER LITRE
https://environment.data.gov.uk/water-quality/sampling-point/TH-PRTS0033/sample/1367967/observation/0061,TH-PRTS0033,THAMES DOWNSTREAM OF CS1 OUTFALL,-0.5356,51.4374,Thames,THAMES - WEST THAMES,Multiple Values,OPEN,FRESHWATER - RIVERS,2021-10-26T14:54:00,ENVIRONMENTAL MONITORING STATUTORY (EU DIRECTIVES),RIVER / RUNNING SURFACE WATER,0061,pH,8,PH UNITS
https://environment.data.gov.uk/water-quality/sampling-point/TH-PRTS0033/sample/1367967/observation/0076,TH-PRTS0033,THAMES DOWNSTREAM OF CS1 OUTFALL,-0.5356,51.4374,Thames,THAMES - WEST THAMES,Multiple Values,OPEN,FRESHWATER - RIVERS,2021-10-26T14:54:00,ENVIRONMENTAL MONITORING STATUTORY (EU DIRECTIVES),RIVER / RUNNING SURFACE WATER,0076,Temperature of Water,12.3,CELSIUS
https://environment.data.gov.uk/water-quality/sampling-point/TH-PRTS0033/sample/1367967/observation/0111,TH-PRTS0033,THAMES DOWNSTREAM OF CS1 OUTFALL,-0.5356,51.4374,Thames,THAMES - WEST THAMES,Multiple Values,OPEN,FRESHWATER - RIVERS,2021-10-26T14:54:00,ENVIRONMENTAL MONITORING STATUTORY (EU DIRECTIVES),RIVER / RUNNING SURFACE WATER,0111,Ammoniacal Nitrogen as N,0.044,MILLIGRAM PER LITRE
https://environment.data.gov.uk/water-quality/sampling-point/TH-PRTS0033/sample/1367967/observation/0119,TH-PRTS0033,THAMES DOWNSTREAM OF CS1 OUTFALL,-0.5356,51.4374,Thames,THAMES - WEST THAMES,Multiple Values,OPEN,FRESHWATER - RIVERS,2021-10-26T14:54:00,ENVIRONMENTAL MONITORING STATUTORY (EU DIRECTIVES),RIVER / RUNNING SURFACE WATER,0119,Ammonia un-ionised as N,0.00095,MILLIGRAM PER LITRE
https://environment.data.gov.uk/water-quality/sampling-point/TH-PRTS0033/sample/1367967/observation/0135,TH-PRTS0033,THAMES DOWNSTREAM OF CS1 OUTFALL,-0.5356,51.4374,Thames,THAMES - WEST THAMES,Multiple Values,OPEN,FRESHWATER - RIVERS,2021-10-26T14:54:00,ENVIRONMENTAL MONITORING STATUTORY (EU DIRECTIVES),RIVER / RUNNING SURFACE WATER,0135,"Solids, Suspended at 105 C",9.7,MILLIGRAM PER LITRE
https://environment.data.gov.uk/water-quality/sampling-point/TH-PRTS0033/sample/1367967/observation/0180,TH-PRTS0033,THAMES DOWNSTREAM OF CS1 OUTFALL,-0.5356,51.4374,Thames,THAMES - WEST THAMES,Multiple Values,OPEN,FRESHWATER - RIVERS,2021-10-26T14:54:00,ENVIRONMENTAL MONITORING STATUTORY (EU DIRECTIVES),RIVER / RUNNING SURFACE WATER,0180,"Orthophosphate, reactive as P",0.22,MILLIGRAM PER LITRE
https://environment.data.gov.uk/water-quality/sampling-point/TH-PRTS0033/sample/1367967/observation/2958,TH-PRTS0033,THAMES DOWNSTREAM OF CS1 OUTFALL,-0.5356,51.4374,Thames,THAMES - WEST THAMES,Multiple Values,OPEN,FRESHWATER - RIVERS,2021-10-26T14:54:00,ENVIRONMENTAL MONITORING STATUTORY (EU DIRECTIVES),RIVER / RUNNING SURFACE WATER,2958,Perfluorooctanesulfonic acid (total),0.008,MICROGRAM PER LITRE
https://environment.data.gov.uk/water-quality/sampling-point/TH-PRTS0033/sample/1367967/observation/2959,TH-PRTS0033,THAMES DOWNSTREAM OF CS1 OUTFALL,-0.5356,51.4374,Thames,THAMES - WEST THAMES,Multiple Values,OPEN,FRESHWATER - RIVERS,2021-10-26T14:54:00,ENVIRONMENTAL MONITORING STATUTORY (EU DIRECTIVES),RIVER / RUNNING SURFACE WATER,2959,Perfluorooctanesulfonic acid (linear),0.0045,MICROGRAM PER LITRE
https://environment.data.gov.uk/water-quality/sampling-point/TH-PRTS0033/sample/1367967/observation/2960,TH-PRTS0033,THAMES DOWNSTREAM OF CS1 OUTFALL,-0.5356,51.4374,Thames,THAMES - WEST THAMES,Multiple Values,OPEN,FRESHWATER - RIVERS,2021-10-26T14:54:00,ENVIRONMENTAL MONITORING STATUTORY (EU DIRECTIVES),RIVER / RUNNING SURFACE WATER,2960,Perfluorooctanesulfonic acid (branched),0.0035,MICROGRAM PER LITRE
https://environment.data.gov.uk/water-quality/sampling-point/TH-PRTS0033/sample/1367967/observation/7608,TH-PRTS0033,THAMES DOWNSTREAM OF CS1 OUTFALL,-0.5356,51.4374,Thames,THAMES - WEST THAMES,Multiple Values,OPEN,FRESHWATER - RIVERS,2021-10-26T14:54:00,ENVIRONMENTAL MONITORING STATUTORY (EU DIRECTIVES),RIVER / RUNNING SURFACE WATER,7608,Salinity : In Situ,0.31,Parts per thousand
https://environment.data.gov.uk/water-quality/sampling-point/TH-PRTS0033/sample/1367967/observation/9274,TH-PRTS0033,THAMES DOWNSTREAM OF CS1 OUTFALL,-0.5356,51.4374,Thames,THAMES - WEST THAMES,Multiple Values,OPEN,FRESHWATER - RIVERS,2021-10-26T14:54:00,ENVIRONMENTAL MONITORING STATUTORY (EU DIRECTIVES),RIVER / RUNNING SURFACE WATER,9274,Perfluorooctanoate anion,0.0038,MICROGRAM PER LITRE
https://environment.data.gov.uk/water-quality/sampling-point/TH-PRTS0033/sample/1367967/observation/9901,TH-PRTS0033,THAMES DOWNSTREAM OF CS1 OUTFALL,-0.5356,51.4374,Thames,THAMES - WEST THAMES,Multiple Values,OPEN,FRESHWATER - RIVERS,2021-10-26T14:54:00,ENVIRONMENTAL MONITORING STATUTORY (EU DIRECTIVES),RIVER / RUNNING SURFACE WATER,9901,"Oxygen, Dissolved, % Saturation",93.4,PERCENTAGE
https://environment.data.gov.uk/water-quality/sampling-point/TH-PRTS0033/sample/1367967/observation/9924,TH-PRTS0033,THAMES DOWNSTREAM OF CS1 OUTFALL,-0.5356,51.4374,Thames,THAMES - WEST THAMES,Multiple Values,OPEN,FRESHWATER - RIVERS,2021-10-26T14:54:00,ENVIRONMENTAL MONITORING STATUTORY (EU DIRECTIVES),RIVER / RUNNING SURFACE WATER,9924,"Oxygen, Dissolved as O2",9.96,MILLIGRAM PER LITRE
https://environment.data.gov.uk/water-quality/sampling-point/TH-PRTS0033/sample/1368969/observation/0061,TH-PRTS0033,THAMES DOWNSTREAM OF CS1 OUTFALL,-0.5356,51.4374,Thames,THAMES - WEST THAMES,Multiple Values,OPEN,FRESHWATER - RIVERS,2021-11-23T14:16:00,ENVIRONMENTAL MONITORING STATUTORY (EU DIRECTIVES),RIVER / RUNNING SURFACE WATER,0061,pH,8.2,PH UNITS
https://environment.data.gov.uk/water-quality/sampling-point/TH-PRTS0033/sample/1368969/observation/0076,TH-PRTS0033,THAMES DOWNSTREAM OF CS1 OUTFALL,-0.5356,51.4374,Thames,THAMES - WEST THAMES,Multiple Values,OPEN,FRESHWATER - RIVERS,2021-11-23T14:16:00,ENVIRONMENTAL MONITORING STATUTORY (EU DIRECTIVES),RIVER / RUNNING SURFACE WATER,0076,Temperature of Water,8.5,CELSIUS
https://environment.data.gov.uk/water-quality/sampling-point/TH-PRTS0033/sample/1368969/observation/0111,TH-PRTS0033,THAMES DOWNSTREAM OF CS1 OUTFALL,-0.5356,51.4374,Thames,THAMES - WEST THAMES,Multiple Values,OPEN,FRESHWATER - RIVERS,2021-11-23T14:16:00,ENVIRONMENTAL MONITORING STATUTORY (EU DIRECTIVES),RIVER / RUNNING SURFACE WATER,0111,Ammoniacal Nitrogen as N,0.053,MILLIGRAM PER LITRE
https://environment.data.gov.uk/water-quality/sampling-point/TH-PRTS0033/sample/1368969/observation/0119,TH-PRTS0033,THAMES DOWNSTREAM OF CS1 OUTFALL,-0.5356,51.4374,Thames,THAMES - WEST THAMES,Multiple Values,OPEN,FRESHWATER - RIVERS,2021-11-23T14:16:00,ENVIRONMENTAL MONITORING STATUTORY (EU DIRECTIVES),RIVER / RUNNING SURFACE WATER,0119,Ammonia un-ionised as N,0.00087,MILLIGRAM PER LITRE
https://environment.data.gov.uk/water-quality/sampling-point/TH-PRTS0033/sample/1368969/observation/0135,TH-PRTS0033,THAMES DOWNSTREAM OF CS1 OUTFALL,-0.5356,51.4374,Thames,THAMES - WEST THAMES,Multiple Values,OPEN,FRESHWATER - RIVERS,2021-11-23T14:16:00,ENVIRONMENTAL MONITORING STATUTORY (EU DIRECTIVES),RIVER / RUNNING SURFACE WATER,0135,"Solids, Suspended at 105 C",4.8,MILLIGRAM PER LITRE
https://environment.data.gov.uk/water-quality/sampling-point/TH-PRTS0033/sample/1368969/observation/0180,TH-PRTS0033,THAMES DOWNSTREAM OF CS1 OUTFALL,-0.5356,51.4374,Thames,THAMES - WEST THAMES,Multiple Values,OPEN,FRESHWATER - RIVERS,2021-11-23T14:16:00,ENVIRONMENTAL MONITORING STATUTORY (EU DIRECTIVES),RIVER / RUNNING SURFACE WATER,0180,"Orthophosphate, reactive as P",0.18,MILLIGRAM PER LITRE
https://environment.data.gov.uk/water-quality/sampling-point/TH-PRTS0033/sample/1368969/observation/2958,TH-PRTS0033,THAMES DOWNSTREAM OF CS1 OUTFALL,-0.5356,51.4374,Thames,THAMES - WEST THAMES,Multiple Values,OPEN,FRESHWATER - RIVERS,2021-11-23T14:16:00,ENVIRONMENTAL MONITORING STATUTORY (EU DIRECTIVES),RIVER / RUNNING SURFACE WATER,2958,Perfluorooctanesulfonic acid (total),0.0075,MICROGRAM PER LITRE
https://environment.data.gov.uk/water-quality/sampling-point/TH-PRTS0033/sample/1368969/observation/2959,TH-PRTS0033,THAMES DOWNSTREAM OF CS1 OUTFALL,-0.5356,51.4374,Thames,THAMES - WEST THAMES,Multiple Values,OPEN,FRESHWATER - RIVERS,2021-11-23T14:16:00,ENVIRONMENTAL MONITORING STATUTORY (EU DIRECTIVES),RIVER / RUNNING SURFACE WATER,2959,Perfluorooctanesulfonic acid (linear),0.0033,MICROGRAM PER LITRE
https://environment.data.gov.uk/water-quality/sampling-point/TH-PRTS0033/sample/1368969/observation/2960,TH-PRTS0033,THAMES DOWNSTREAM OF CS1 OUTFALL,-0.5356,51.4374,Thames,THAMES - WEST THAMES,Multiple Values,OPEN,FRESHWATER - RIVERS,2021-11-23T14:16:00,ENVIRONMENTAL MONITORING STATUTORY (EU DIRECTIVES),RIVER / RUNNING SURFACE WATER,2960,Perfluorooctanesulfonic acid (branched),0.0041,MICROGRAM PER LITRE
https://environment.data.gov.uk/water-quality/sampling-point/TH-PRTS0033/sample/1368969/observation/7608,TH-PRTS0033,THAMES DOWNSTREAM OF CS1 OUTFALL,-0.5356,51.4374,Thames,THAMES - WEST THAMES,Multiple Values,OPEN,FRESHWATER - RIVERS,2021-11-23T14:16:00,ENVIRONMENTAL MONITORING STATUTORY (EU DIRECTIVES),RIVER / RUNNING SURFACE WATER,7608,Salinity : In Situ,0.35,Parts per thousand
https://environment.data.gov.uk/water-quality/sampling-point/TH-PRTS0033/sample/1368969/observation/9274,TH-PRTS0033,THAMES DOWNSTREAM OF CS1 OUTFALL,-0.5356,51.4374,Thames,THAMES - WEST THAMES,Multiple Values,OPEN,FRESHWATER - RIVERS,2021-11-23T14:16:00,ENVIRONMENTAL MONITORING STATUTORY (EU DIRECTIVES),RIVER / RUNNING SURFACE WATER,9274,Perfluorooctanoate anion,0.0023,MICROGRAM PER LITRE
https://environment.data.gov.uk/water-quality/sampling-point/TH-PRTS0033/sample/1368969/observation/9901,TH-PRTS0033,THAMES DOWNSTREAM OF CS1 OUTFALL,-0.5356,51.4374,Thames,THAMES - WEST THAMES,Multiple Values,OPEN,FRESHWATER - RIVERS,2021-11-23T14:16:00,ENVIRONMENTAL MONITORING STATUTORY (EU DIRECTIVES),RIVER / RUNNING SURFACE WATER,9901,"Oxygen, Dissolved, % Saturation",96.9,PERCENTAGE
https://environment.data.gov.uk/water-quality/sampling-point/TH-PRTS0033/sample/1368969/observation/9924,TH-PRTS0033,THAMES DOWNSTREAM OF CS1 OUTFALL,-0.5356,51.4374,Thames,THAMES - WEST THAMES,Multiple Values,OPEN,FRESHWATER - RIVERS,2021-11-23T14:16:00,ENVIRONMENTAL MONITORING STATUTORY (EU DIRECTIVES),RIVER / RUNNING SURFACE WATER,9924,"Oxygen, Dissolved as O2",11.3,MILLIGRAM PER LITRE
https://environment.data.gov.uk/water-quality/sampling-point/TH-PRTS0033/sample/1369624/observation/0061,TH-PRTS0033,THAMES DOWNSTREAM OF CS1 OUTFALL,-0.5356,51.4374,Thames,THAMES - WEST THAMES,Multiple Values,OPEN,FRESHWATER - RIVERS,2021-12-14T13:17:00,ENVIRONMENTAL MONITORING STATUTORY (EU DIRECTIVES),RIVER / RUNNING SURFACE WATER,0061,pH,8.18,PH UNITS
https://environment.data.gov.uk/water-quality/sampling-point/TH-PRTS0033/sample/1369624/observation/0076,TH-PRTS0033,THAMES DOWNSTREAM OF CS1 OUTFALL,-0.5356,51.4374,Thames,THAMES - WEST THAMES,Multiple Values,OPEN,FRESHWATER - RIVERS,2021-12-14T13:17:00,ENVIRONMENTAL MONITORING STATUTORY (EU DIRECTIVES),RIVER / RUNNING SURFACE WATER,0076,Temperature of Water,7.9,CELSIUS
https://environment.data.gov.uk/water-quality/sampling-point/TH-PRTS0033/sample/1369624/observation/0111,TH-PRTS0033,THAMES DOWNSTREAM OF CS1 OUTFALL,-0.5356,51.4374,Thames,THAMES - WEST THAMES,Multiple Values,OPEN,FRESHWATER - RIVERS,2021-12-14T13:17:00,ENVIRONMENTAL MONITORING STATUTORY (EU DIRECTIVES),RIVER / RUNNING SURFACE WATER,0111,Ammoniacal Nitrogen as N,0.031,MILLIGRAM PER LITRE
https://environment.data.gov.uk/water-quality/sampling-point/TH-PRTS0033/sample/1369624/observation/0119,TH-PRTS0033,THAMES DOWNSTREAM OF CS1 OUTFALL,-0.5356,51.4374,Thames,THAMES - WEST THAMES,Multiple Values,OPEN,FRESHWATER - RIVERS,2021-12-14T13:17:00,ENVIRONMENTAL MONITORING STATUTORY (EU DIRECTIVES),RIVER / RUNNING SURFACE WATER,0119,Ammonia un-ionised as N,0.00048,MILLIGRAM PER LITRE
https://environment.data.gov.uk/water-quality/sampling-point/TH-PRTS0033/sample/1369624/observation/0135,TH-PRTS0033,THAMES DOWNSTREAM OF CS1 OUTFALL,-0.5356,51.4374,Thames,THAMES - WEST THAMES,Multiple Values,OPEN,FRESHWATER - RIVERS,2021-12-14T13:17:00,ENVIRONMENTAL MONITORING STATUTORY (EU DIRECTIVES),RIVER / RUNNING SURFACE WATER,0135,"Solids, Suspended at 105 C",11,MILLIGRAM PER LITRE
https://environment.data.gov.uk/water-quality/sampling-point/TH-PRTS0033/sample/1369624/observation/0180,TH-PRTS0033,THAMES DOWNSTREAM OF CS1 OUTFALL,-0.5356,51.4374,Thames,THAMES - WEST THAMES,Multiple Values,OPEN,FRESHWATER - RIVERS,2021-12-14T13:17:00,ENVIRONMENTAL MONITORING STATUTORY (EU DIRECTIVES),RIVER / RUNNING SURFACE WATER,0180,"Orthophosphate, reactive as P",0.19,MILLIGRAM PER LITRE
https://environment.data.gov.uk/water-quality/sampling-point/TH-PRTS0033/sample/1369624/observation/2958,TH-PRTS0033,THAMES DOWNSTREAM OF CS1 OUTFALL,-0.5356,51.4374,Thames,THAMES - WEST THAMES,Multiple Values,OPEN,FRESHWATER - RIVERS,2021-12-14T13:17:00,ENVIRONMENTAL MONITORING STATUTORY (EU DIRECTIVES),RIVER / RUNNING SURFACE WATER,2958,Perfluorooctanesulfonic acid (total),0.0089,MICROGRAM PER LITRE
https://environment.data.gov.uk/water-quality/sampling-point/TH-PRTS0033/sample/1369624/observation/2959,TH-PRTS0033,THAMES DOWNSTREAM OF CS1 OUTFALL,-0.5356,51.4374,Thames,THAMES - WEST THAMES,Multiple Values,OPEN,FRESHWATER - RIVERS,2021-12-14T13:17:00,ENVIRONMENTAL MONITORING STATUTORY (EU DIRECTIVES),RIVER / RUNNING SURFACE WATER,2959,Perfluorooctanesulfonic acid (linear),0.005,MICROGRAM PER LITRE
https://environment.data.gov.uk/water-quality/sampling-point/TH-PRTS0033/sample/1369624/observation/2960,TH-PRTS0033,THAMES DOWNSTREAM OF CS1 OUTFALL,-0.5356,51.4374,Thames,THAMES - WEST THAMES,Multiple Values,OPEN,FRESHWATER - RIVERS,2021-12-14T13:17:00,ENVIRONMENTAL MONITORING STATUTORY (EU DIRECTIVES),RIVER / RUNNING SURFACE WATER,2960,Perfluorooctanesulfonic acid (branched),0.004,MICROGRAM PER LITRE
https://environment.data.gov.uk/water-quality/sampling-point/TH-PRTS0033/sample/1369624/observation/7608,TH-PRTS0033,THAMES DOWNSTREAM OF CS1 OUTFALL,-0.5356,51.4374,Thames,THAMES - WEST THAMES,Multiple Values,OPEN,FRESHWATER - RIVERS,2021-12-14T13:17:00,ENVIRONMENTAL MONITORING STATUTORY (EU DIRECTIVES),RIVER / RUNNING SURFACE WATER,7608,Salinity : In Situ,0.35,Parts per thousand
https://environment.data.gov.uk/water-quality/sampling-point/TH-PRTS0033/sample/1369624/observation/9274,TH-PRTS0033,THAMES DOWNSTREAM OF CS1 OUTFALL,-0.5356,51.4374,Thames,THAMES - WEST THAMES,Multiple Values,OPEN,FRESHWATER - RIVERS,2021-12-14T13:17:00,ENVIRONMENTAL MONITORING STATUTORY (EU DIRECTIVES),RIVER / RUNNING SURFACE WATER,9274,Perfluorooctanoate anion,0.0024,MICROGRAM PER LITRE
https://environment.data.gov.uk/water-quality/sampling-point/TH-PRTS0033/sample/1369624/observation/9901,TH-PRTS0033,THAMES DOWNSTREAM OF CS1 OUTFALL,-0.5356,51.4374,Thames,THAMES - WEST THAMES,Multiple Values,OPEN,FRESHWATER - RIVERS,2021-12-14T13:17:00,ENVIRONMENTAL MONITORING STATUTORY (EU DIRECTIVES),RIVER / RUNNING SURFACE WATER,9901,"Oxygen, Dissolved, % Saturation",102.5,PERCENTAGE
https://environment.data.gov.uk/water-quality/sampling-point/TH-PRTS0033/sample/1369624/observation/9924,TH-PRTS0033,THAMES DOWNSTREAM OF CS1 OUTFALL,-0.5356,51.4374,Thames,THAMES - WEST THAMES,Multiple Values,OPEN,FRESHWATER - RIVERS,2021-12-14T13:17:00,ENVIRONMENTAL MONITORING STATUTORY (EU DIRECTIVES),RIVER / RUNNING SURFACE WATER,9924,"Oxygen, Dissolved as O2",12.1,MILLIGRAM PER LITRE
https://environment.data.gov.uk/water-quality/sampling-point/TH-PTHR0065/sample/1349448/observation/0061,TH-PTHR0065,THAMES AT WINDSOR LEISURE CENTRE,-0.6226,51.4866,Thames,THAMES - WEST THAMES,Multiple Values,OPEN,FRESHWATER - RIVERS,2021-05-11T12:02:00,STATUTORY FAILURES (FOLLOW UPS AT NON-DESIGNATED POINTS),RIVER / RUNNING SURFACE WATER,0061,pH,8.41,PH UNITS
https://environment.data.gov.uk/water-quality/sampling-point/TH-PTHR0065/sample/1349448/observation/0076,TH-PTHR0065,THAMES AT WINDSOR LEISURE CENTRE,-0.6226,51.4866,Thames,THAMES - WEST THAMES,Multiple Values,OPEN,FRESHWATER - RIVERS,2021-05-11T12:02:00,STATUTORY FAILURES (FOLLOW UPS AT NON-DESIGNATED POINTS),RIVER / RUNNING SURFACE WATER,0076,Temperature of Water,12.9,CELSIUS
https://environment.data.gov.uk/water-quality/sampling-point/TH-PTHR0065/sample/1349448/observation/0077,TH-PTHR0065,THAMES AT WINDSOR LEISURE CENTRE,-0.6226,51.4866,Thames,THAMES - WEST THAMES,Multiple Values,OPEN,FRESHWATER - RIVERS,2021-05-11T12:02:00,STATUTORY FAILURES (FOLLOW UPS AT NON-DESIGNATED POINTS),RIVER / RUNNING SURFACE WATER,0077,Conductivity at 25 C,670,MICROSIEMENS PER CENTIMETRE
https://environment.data.gov.uk/water-quality/sampling-point/TH-PTHR0065/sample/1349448/observation/0111,TH-PTHR0065,THAMES AT WINDSOR LEISURE CENTRE,-0.6226,51.4866,Thames,THAMES - WEST THAMES,Multiple Values,OPEN,FRESHWATER - RIVERS,2021-05-11T12:02:00,STATUTORY FAILURES (FOLLOW UPS AT NON-DESIGNATED POINTS),RIVER / RUNNING SURFACE WATER,0111,Ammoniacal Nitrogen as N,<0.03,MILLIGRAM PER LITRE
https://environment.data.gov.uk/water-quality/sampling-point/TH-PTHR0065/sample/1349448/observation/0116,TH-PTHR0065,THAMES AT WINDSOR LEISURE CENTRE,-0.6226,51.4866,Thames,THAMES - WEST THAMES,Multiple Values,OPEN,FRESHWATER - RIVERS,2021-05-11T12:02:00,STATUTORY FAILURES (FOLLOW UPS AT NON-DESIGNATED POINTS),RIVER / RUNNING SURFACE WATER,0116,"Nitrogen, Total Oxidised as N",7,MILLIGRAM PER LITRE
https://environment.data.gov.uk/water-quality/sampling-point/TH-PTHR0065/sample/1349448/observation/0117,TH-PTHR0065,THAMES AT WINDSOR LEISURE CENTRE,-0.6226,51.4866,Thames,THAMES - WEST THAMES,Multiple Values,OPEN,FRESHWATER - RIVERS,2021-05-11T12:02:00,STATUTORY FAILURES (FOLLOW UPS AT NON-DESIGNATED POINTS),RIVER / RUNNING SURFACE WATER,0117,Nitrate as N,6.98,MILLIGRAM PER LITRE
https://environment.data.gov.uk/water-quality/sampling-point/TH-PTHR0065/sample/1349448/observation/0118,TH-PTHR0065,THAMES AT WINDSOR LEISURE CENTRE,-0.6226,51.4866,Thames,THAMES - WEST THAMES,Multiple Values,OPEN,FRESHWATER - RIVERS,2021-05-11T12:02:00,STATUTORY FAILURES (FOLLOW UPS AT NON-DESIGNATED POINTS),RIVER / RUNNING SURFACE WATER,0118,Nitrite as N,0.024,MILLIGRAM PER LITRE
https://environment.data.gov.uk/water-quality/sampling-point/TH-PTHR0065/sample/1349448/observation/0119,TH-PTHR0065,THAMES AT WINDSOR LEISURE CENTRE,-0.6226,51.4866,Thames,THAMES - WEST THAMES,Multiple Values,OPEN,FRESHWATER - RIVERS,2021-05-11T12:02:00,STATUTORY FAILURES (FOLLOW UPS AT NON-DESIGNATED POINTS),RIVER / RUNNING SURFACE WATER,0119,Ammonia un-ionised as N,<0.00068,MILLIGRAM PER LITRE
https://environment.data.gov.uk/water-quality/sampling-point/TH-PTHR0065/sample/1349448/observation/0162,TH-PTHR0065,THAMES AT WINDSOR LEISURE CENTRE,-0.6226,51.4866,Thames,THAMES - WEST THAMES,Multiple Values,OPEN,FRESHWATER - RIVERS,2021-05-11T12:02:00,STATUTORY FAILURES (FOLLOW UPS AT NON-DESIGNATED POINTS),RIVER / RUNNING SURFACE WATER,0162,Alkalinity to pH 4.5 as CaCO3,210,MILLIGRAM PER LITRE
https://environment.data.gov.uk/water-quality/sampling-point/TH-PTHR0065/sample/1349448/observation/0180,TH-PTHR0065,THAMES AT WINDSOR LEISURE CENTRE,-0.6226,51.4866,Thames,THAMES - WEST THAMES,Multiple Values,OPEN,FRESHWATER - RIVERS,2021-05-11T12:02:00,STATUTORY FAILURES (FOLLOW UPS AT NON-DESIGNATED POINTS),RIVER / RUNNING SURFACE WATER,0180,"Orthophosphate, reactive as P",0.093,MILLIGRAM PER LITRE
https://environment.data.gov.uk/water-quality/sampling-point/TH-PTHR0065/sample/1349448/observation/9901,TH-PTHR0065,THAMES AT WINDSOR LEISURE CENTRE,-0.6226,51.4866,Thames,THAMES - WEST THAMES,Multiple Values,OPEN,FRESHWATER - RIVERS,2021-05-11T12:02:00,STATUTORY FAILURES (FOLLOW UPS AT NON-DESIGNATED POINTS),RIVER / RUNNING SURFACE WATER,9901,"Oxygen, Dissolved, % Saturation",101.3,PERCENTAGE
https://environment.data.gov.uk/water-quality/sampling-point/TH-PTHR0065/sample/1349448/observation/9924,TH-PTHR0065,THAMES AT WINDSOR LEISURE CENTRE,-0.6226,51.4866,Thames,THAMES - WEST THAMES,Multiple Values,OPEN,FRESHWATER - RIVERS,2021-05-11T12:02:00,STATUTORY FAILURES (FOLLOW UPS AT NON-DESIGNATED POINTS),RIVER / RUNNING SURFACE WATER,9924,"Oxygen, Dissolved as O2",10.7,MILLIGRAM PER LITRE
https://environment.data.gov.uk/water-quality/sampling-point/TH-PTHR0065/sample/1354910/observation/0061,TH-PTHR0065,THAMES AT WINDSOR LEISURE CENTRE,-0.6226,51.4866,Thames,THAMES - WEST THAMES,Multiple Values,OPEN,FRESHWATER - RIVERS,2021-06-01T10:21:00,STATUTORY FAILURES (FOLLOW UPS AT NON-DESIGNATED POINTS),RIVER / RUNNING SURFACE WATER,0061,pH,8.06,PH UNITS
https://environment.data.gov.uk/water-quality/sampling-point/TH-PTHR0065/sample/1354910/observation/0076,TH-PTHR0065,THAMES AT WINDSOR LEISURE CENTRE,-0.6226,51.4866,Thames,THAMES - WEST THAMES,Multiple Values,OPEN,FRESHWATER - RIVERS,2021-06-01T10:21:00,STATUTORY FAILURES (FOLLOW UPS AT NON-DESIGNATED POINTS),RIVER / RUNNING SURFACE WATER,0076,Temperature of Water,16.1,CELSIUS
https://environment.data.gov.uk/water-quality/sampling-point/TH-PTHR0065/sample/1354910/observation/0077,TH-PTHR0065,THAMES AT WINDSOR LEISURE CENTRE,-0.6226,51.4866,Thames,THAMES - WEST THAMES,Multiple Values,OPEN,FRESHWATER - RIVERS,2021-06-01T10:21:00,STATUTORY FAILURES (FOLLOW UPS AT NON-DESIGNATED POINTS),RIVER / RUNNING SURFACE WATER,0077,Conductivity at 25 C,652,MICROSIEMENS PER CENTIMETRE
https://environment.data.gov.uk/water-quality/sampling-point/TH-PTHR0065/sample/1354910/observation/0111,TH-PTHR0065,THAMES AT WINDSOR LEISURE CENTRE,-0.6226,51.4866,Thames,THAMES - WEST THAMES,Multiple Values,OPEN,FRESHWATER - RIVERS,2021-06-01T10:21:00,STATUTORY FAILURES (FOLLOW UPS AT NON-DESIGNATED POINTS),RIVER / RUNNING SURFACE WATER,0111,Ammoniacal Nitrogen as N,0.043,MILLIGRAM PER LITRE
https://environment.data.gov.uk/water-quality/sampling-point/TH-PTHR0065/sample/1354910/observation/0116,TH-PTHR0065,THAMES AT WINDSOR LEISURE CENTRE,-0.6226,51.4866,Thames,THAMES - WEST THAMES,Multiple Values,OPEN,FRESHWATER - RIVERS,2021-06-01T10:21:00,STATUTORY FAILURES (FOLLOW UPS AT NON-DESIGNATED POINTS),RIVER / RUNNING SURFACE WATER,0116,"Nitrogen, Total Oxidised as N",6.6,MILLIGRAM PER LITRE
https://environment.data.gov.uk/water-quality/sampling-point/TH-PTHR0065/sample/1354910/observation/0117,TH-PTHR0065,THAMES AT WINDSOR LEISURE CENTRE,-0.6226,51.4866,Thames,THAMES - WEST THAMES,Multiple Values,OPEN,FRESHWATER - RIVERS,2021-06-01T10:21:00,STATUTORY FAILURES (FOLLOW UPS AT NON-DESIGNATED POINTS),RIVER / RUNNING SURFACE WATER,0117,Nitrate as N,6.58,MILLIGRAM PER LITRE
https://environment.data.gov.uk/water-quality/sampling-point/TH-PTHR0065/sample/1354910/observation/0118,TH-PTHR0065,THAMES AT WINDSOR LEISURE CENTRE,-0.6226,51.4866,Thames,THAMES - WEST THAMES,Multiple Values,OPEN,FRESHWATER - RIVERS,2021-06-01T10:21:00,STATUTORY FAILURES (FOLLOW UPS AT NON-DESIGNATED POINTS),RIVER / RUNNING SURFACE WATER,0118,Nitrite as N,0.025,MILLIGRAM PER LITRE
https://environment.data.gov.uk/water-quality/sampling-point/TH-PTHR0065/sample/1354910/observation/0119,TH-PTHR0065,THAMES AT WINDSOR LEISURE CENTRE,-0.6226,51.4866,Thames,THAMES - WEST THAMES,Multiple Values,OPEN,FRESHWATER - RIVERS,2021-06-01T10:21:00,STATUTORY FAILURES (FOLLOW UPS AT NON-DESIGNATED POINTS),RIVER / RUNNING SURFACE WATER,0119,Ammonia un-ionised as N,0.00122,MILLIGRAM PER LITRE
https://environment.data.gov.uk/water-quality/sampling-point/TH-PTHR0065/sample/1354910/observation/0162,TH-PTHR0065,THAMES AT WINDSOR LEISURE CENTRE,-0.6226,51.4866,Thames,THAMES - WEST THAMES,Multiple Values,OPEN,FRESHWATER - RIVERS,2021-06-01T10:21:00,STATUTORY FAILURES (FOLLOW UPS AT NON-DESIGNATED POINTS),RIVER / RUNNING SURFACE WATER,0162,Alkalinity to pH 4.5 as CaCO3,220,MILLIGRAM PER LITRE
https://environment.data.gov.uk/water-quality/sampling-point/TH-PTHR0065/sample/1354910/observation/0180,TH-PTHR0065,THAMES AT WINDSOR LEISURE CENTRE,-0.6226,51.4866,Thames,THAMES - WEST THAMES,Multiple Values,OPEN,FRESHWATER - RIVERS,2021-06-01T10:21:00,STATUTORY FAILURES (FOLLOW UPS AT NON-DESIGNATED POINTS),RIVER / RUNNING SURFACE WATER,0180,"Orthophosphate, reactive as P",0.11,MILLIGRAM PER LITRE
https://environment.data.gov.uk/water-quality/sampling-point/TH-PTHR0065/sample/1354910/observation/9901,TH-PTHR0065,THAMES AT WINDSOR LEISURE CENTRE,-0.6226,51.4866,Thames,THAMES - WEST THAMES,Multiple Values,OPEN,FRESHWATER - RIVERS,2021-06-01T10:21:00,STATUTORY FAILURES (FOLLOW UPS AT NON-DESIGNATED POINTS),RIVER / RUNNING SURFACE WATER,9901,"Oxygen, Dissolved, % Saturation",100.9,PERCENTAGE
https://environment.data.gov.uk/water-quality/sampling-point/TH-PTHR0065/sample/1354910/observation/9924,TH-PTHR0065,THAMES AT WINDSOR LEISURE CENTRE,-0.6226,51.4866,Thames,THAMES - WEST THAMES,Multiple Values,OPEN,FRESHWATER - RIVERS,2021-06-01T10:21:00,STATUTORY FAILURES (FOLLOW UPS AT NON-DESIGNATED POINTS),RIVER / RUNNING SURFACE WATER,9924,"Oxygen, Dissolved as O2",9.91,MILLIGRAM PER LITRE
https://environment.data.gov.uk/water-quality/sampling-point/TH-PTHR0065/sample/1359909/observation/0061,TH-PTHR0065,THAMES AT WINDSOR LEISURE CENTRE,-0.6226,51.4866,Thames,THAMES - WEST THAMES,Multiple Values,OPEN,FRESHWATER - RIVERS,2021-07-05T14:30:00,STATUTORY FAILURES (FOLLOW UPS AT NON-DESIGNATED POINTS),RIVER / RUNNING SURFACE WATER,0061,pH,8.15,PH UNITS
https://environment.data.gov.uk/water-quality/sampling-point/TH-PTHR0065/sample/1359909/observation/0076,TH-PTHR0065,THAMES AT WINDSOR LEISURE CENTRE,-0.6226,51.4866,Thames,THAMES - WEST THAMES,Multiple Values,OPEN,FRESHWATER - RIVERS,2021-07-05T14:30:00,STATUTORY FAILURES (FOLLOW UPS AT NON-DESIGNATED POINTS),RIVER / RUNNING SURFACE WATER,0076,Temperature of Water,18.6,CELSIUS
https://environment.data.gov.uk/water-quality/sampling-point/TH-PTHR0065/sample/1359909/observation/0077,TH-PTHR0065,THAMES AT WINDSOR LEISURE CENTRE,-0.6226,51.4866,Thames,THAMES - WEST THAMES,Multiple Values,OPEN,FRESHWATER - RIVERS,2021-07-05T14:30:00,STATUTORY FAILURES (FOLLOW UPS AT NON-DESIGNATED POINTS),RIVER / RUNNING SURFACE WATER,0077,Conductivity at 25 C,662,MICROSIEMENS PER CENTIMETRE
https://environment.data.gov.uk/water-quality/sampling-point/TH-PTHR0065/sample/1359909/observation/0111,TH-PTHR0065,THAMES AT WINDSOR LEISURE CENTRE,-0.6226,51.4866,Thames,THAMES - WEST THAMES,Multiple Values,OPEN,FRESHWATER - RIVERS,2021-07-05T14:30:00,STATUTORY FAILURES (FOLLOW UPS AT NON-DESIGNATED POINTS),RIVER / RUNNING SURFACE WATER,0111,Ammoniacal Nitrogen as N,<0.03,MILLIGRAM PER LITRE
https://environment.data.gov.uk/water-quality/sampling-point/TH-PTHR0065/sample/1359909/observation/0116,TH-PTHR0065,THAMES AT WINDSOR LEISURE CENTRE,-0.6226,51.4866,Thames,THAMES - WEST THAMES,Multiple Values,OPEN,FRESHWATER - RIVERS,2021-07-05T14:30:00,STATUTORY FAILURES (FOLLOW UPS AT NON-DESIGNATED POINTS),RIVER / RUNNING SURFACE WATER,0116,"Nitrogen, Total Oxidised as N",6.6,MILLIGRAM PER LITRE
https://environment.data.gov.uk/water-quality/sampling-point/TH-PTHR0065/sample/1359909/observation/0117,TH-PTHR0065,THAMES AT WINDSOR LEISURE CENTRE,-0.6226,51.4866,Thames,THAMES - WEST THAMES,Multiple Values,OPEN,FRESHWATER - RIVERS,2021-07-05T14:30:00,STATUTORY FAILURES (FOLLOW UPS AT NON-DESIGNATED POINTS),RIVER / RUNNING SURFACE WATER,0117,Nitrate as N,6.58,MILLIGRAM PER LITRE
https://environment.data.gov.uk/water-quality/sampling-point/TH-PTHR0065/sample/1359909/observation/0118,TH-PTHR0065,THAMES AT WINDSOR LEISURE CENTRE,-0.6226,51.4866,Thames,THAMES - WEST THAMES,Multiple Values,OPEN,FRESHWATER - RIVERS,2021-07-05T14:30:00,STATUTORY FAILURES (FOLLOW UPS AT NON-DESIGNATED POINTS),RIVER / RUNNING SURFACE WATER,0118,Nitrite as N,0.024,MILLIGRAM PER LITRE
https://environment.data.gov.uk/water-quality/sampling-point/TH-PTHR0065/sample/1359909/observation/0119,TH-PTHR0065,THAMES AT WINDSOR LEISURE CENTRE,-0.6226,51.4866,Thames,THAMES - WEST THAMES,Multiple Values,OPEN,FRESHWATER - RIVERS,2021-07-05T14:30:00,STATUTORY FAILURES (FOLLOW UPS AT NON-DESIGNATED POINTS),RIVER / RUNNING SURFACE WATER,0119,Ammonia un-ionised as N,<0.00102,MILLIGRAM PER LITRE
https://environment.data.gov.uk/water-quality/sampling-point/TH-PTHR0065/sample/1359909/observation/0162,TH-PTHR0065,THAMES AT WINDSOR LEISURE CENTRE,-0.6226,51.4866,Thames,THAMES - WEST THAMES,Multiple Values,OPEN,FRESHWATER - RIVERS,2021-07-05T14:30:00,STATUTORY FAILURES (FOLLOW UPS AT NON-DESIGNATED POINTS),RIVER / RUNNING SURFACE WATER,0162,Alkalinity to pH 4.5 as CaCO3,220,MILLIGRAM PER LITRE
https://environment.data.gov.uk/water-quality/sampling-point/TH-PTHR0065/sample/1359909/observation/0180,TH-PTHR0065,THAMES AT WINDSOR LEISURE CENTRE,-0.6226,51.4866,Thames,THAMES - WEST THAMES,Multiple Values,OPEN,FRESHWATER - RIVERS,2021-07-05T14:30:00,STATUTORY FAILURES (FOLLOW UPS AT NON-DESIGNATED POINTS),RIVER / RUNNING SURFACE WATER,0180,"Orthophosphate, reactive as P",0.18,MILLIGRAM PER LITRE
https://environment.data.gov.uk/water-quality/sampling-point/TH-PTHR0065/sample/1359909/observation/9901,TH-PTHR0065,THAMES AT WINDSOR LEISURE CENTRE,-0.6226,51.4866,Thames,THAMES - WEST THAMES,Multiple Values,OPEN,FRESHWATER - RIVERS,2021-07-05T14:30:00,STATUTORY FAILURES (FOLLOW UPS AT NON-DESIGNATED POINTS),RIVER / RUNNING SURFACE WATER,9901,"Oxygen, Dissolved, % Saturation",102.1,PERCENTAGE
https://environment.data.gov.uk/water-quality/sampling-point/TH-PTHR0065/sample/1359909/observation/9924,TH-PTHR0065,THAMES AT WINDSOR LEISURE CENTRE,-0.6226,51.4866,Thames,THAMES - WEST THAMES,Multiple Values,OPEN,FRESHWATER - RIVERS,2021-07-05T14:30:00,STATUTORY FAILURES (FOLLOW UPS AT NON-DESIGNATED POINTS),RIVER / RUNNING SURFACE WATER,9924,"Oxygen, Dissolved as O2",9.52,MILLIGRAM PER LITRE
https://environment.data.gov.uk/water-quality/sampling-point/TH-PTHR0065/sample/1361129/observation/0061,TH-PTHR0065,THAMES AT WINDSOR LEISURE CENTRE,-0.6226,51.4866,Thames,THAMES - WEST THAMES,Multiple Values,OPEN,FRESHWATER - RIVERS,2021-08-02T12:29:00,STATUTORY FAILURES (FOLLOW UPS AT NON-DESIGNATED POINTS),RIVER / RUNNING SURFACE WATER,0061,pH,8.09,PH UNITS
https://environment.data.gov.uk/water-quality/sampling-point/TH-PTHR0065/sample/1361129/observation/0076,TH-PTHR0065,THAMES AT WINDSOR LEISURE CENTRE,-0.6226,51.4866,Thames,THAMES - WEST THAMES,Multiple Values,OPEN,FRESHWATER - RIVERS,2021-08-02T12:29:00,STATUTORY FAILURES (FOLLOW UPS AT NON-DESIGNATED POINTS),RIVER / RUNNING SURFACE WATER,0076,Temperature of Water,18.6,CELSIUS
https://environment.data.gov.uk/water-quality/sampling-point/TH-PTHR0065/sample/1361129/observation/0077,TH-PTHR0065,THAMES AT WINDSOR LEISURE CENTRE,-0.6226,51.4866,Thames,THAMES - WEST THAMES,Multiple Values,OPEN,FRESHWATER - RIVERS,2021-08-02T12:29:00,STATUTORY FAILURES (FOLLOW UPS AT NON-DESIGNATED POINTS),RIVER / RUNNING SURFACE WATER,0077,Conductivity at 25 C,682,MICROSIEMENS PER CENTIMETRE
https://environment.data.gov.uk/water-quality/sampling-point/TH-PTHR0065/sample/1361129/observation/0111,TH-PTHR0065,THAMES AT WINDSOR LEISURE CENTRE,-0.6226,51.4866,Thames,THAMES - WEST THAMES,Multiple Values,OPEN,FRESHWATER - RIVERS,2021-08-02T12:29:00,STATUTORY FAILURES (FOLLOW UPS AT NON-DESIGNATED POINTS),RIVER / RUNNING SURFACE WATER,0111,Ammoniacal Nitrogen as N,<0.03,MILLIGRAM PER LITRE
https://environment.data.gov.uk/water-quality/sampling-point/TH-PTHR0065/sample/1361129/observation/0116,TH-PTHR0065,THAMES AT WINDSOR LEISURE CENTRE,-0.6226,51.4866,Thames,THAMES - WEST THAMES,Multiple Values,OPEN,FRESHWATER - RIVERS,2021-08-02T12:29:00,STATUTORY FAILURES (FOLLOW UPS AT NON-DESIGNATED POINTS),RIVER / RUNNING SURFACE WATER,0116,"Nitrogen, Total Oxidised as N",7,MILLIGRAM PER LITRE
https://environment.data.gov.uk/water-quality/sampling-point/TH-PTHR0065/sample/1361129/observation/0117,TH-PTHR0065,THAMES AT WINDSOR LEISURE CENTRE,-0.6226,51.4866,Thames,THAMES - WEST THAMES,Multiple Values,OPEN,FRESHWATER - RIVERS,2021-08-02T12:29:00,STATUTORY FAILURES (FOLLOW UPS AT NON-DESIGNATED POINTS),RIVER / RUNNING SURFACE WATER,0117,Nitrate as N,6.98,MILLIGRAM PER LITRE
https://environment.data.gov.uk/water-quality/sampling-point/TH-PTHR0065/sample/1361129/observation/0118,TH-PTHR0065,THAMES AT WINDSOR LEISURE CENTRE,-0.6226,51.4866,Thames,THAMES - WEST THAMES,Multiple Values,OPEN,FRESHWATER - RIVERS,2021-08-02T12:29:00,STATUTORY FAILURES (FOLLOW UPS AT NON-DESIGNATED POINTS),RIVER / RUNNING SURFACE WATER,0118,Nitrite as N,0.019,MILLIGRAM PER LITRE
https://environment.data.gov.uk/water-quality/sampling-point/TH-PTHR0065/sample/1361129/observation/0119,TH-PTHR0065,THAMES AT WINDSOR LEISURE CENTRE,-0.6226,51.4866,Thames,THAMES - WEST THAMES,Multiple Values,OPEN,FRESHWATER - RIVERS,2021-08-02T12:29:00,STATUTORY FAILURES (FOLLOW UPS AT NON-DESIGNATED POINTS),RIVER / RUNNING SURFACE WATER,0119,Ammonia un-ionised as N,<0.00102,MILLIGRAM PER LITRE
https://environment.data.gov.uk/water-quality/sampling-point/TH-PTHR0065/sample/1361129/observation/0162,TH-PTHR0065,THAMES AT WINDSOR LEISURE CENTRE,-0.6226,51.4866,Thames,THAMES - WEST THAMES,Multiple Values,OPEN,FRESHWATER - RIVERS,2021-08-02T12:29:00,STATUTORY FAILURES (FOLLOW UPS AT NON-DESIGNATED POINTS),RIVER / RUNNING SURFACE WATER,0162,Alkalinity to pH 4.5 as CaCO3,220,MILLIGRAM PER LITRE
https://environment.data.gov.uk/water-quality/sampling-point/TH-PTHR0065/sample/1361129/observation/0180,TH-PTHR0065,THAMES AT WINDSOR LEISURE CENTRE,-0.6226,51.4866,Thames,THAMES - WEST THAMES,Multiple Values,OPEN,FRESHWATER - RIVERS,2021-08-02T12:29:00,STATUTORY FAILURES (FOLLOW UPS AT NON-DESIGNATED POINTS),RIVER / RUNNING SURFACE WATER,0180,"Orthophosphate, reactive as P",0.18,MILLIGRAM PER LITRE
https://environment.data.gov.uk/water-quality/sampling-point/TH-PTHR0065/sample/1361129/observation/9901,TH-PTHR0065,THAMES AT WINDSOR LEISURE CENTRE,-0.6226,51.4866,Thames,THAMES - WEST THAMES,Multiple Values,OPEN,FRESHWATER - RIVERS,2021-08-02T12:29:00,STATUTORY FAILURES (FOLLOW UPS AT NON-DESIGNATED POINTS),RIVER / RUNNING SURFACE WATER,9901,"Oxygen, Dissolved, % Saturation",92.5,PERCENTAGE
https://environment.data.gov.uk/water-quality/sampling-point/TH-PTHR0065/sample/1361129/observation/9924,TH-PTHR0065,THAMES AT WINDSOR LEISURE CENTRE,-0.6226,51.4866,Thames,THAMES - WEST THAMES,Multiple Values,OPEN,FRESHWATER - RIVERS,2021-08-02T12:29:00,STATUTORY FAILURES (FOLLOW UPS AT NON-DESIGNATED POINTS),RIVER / RUNNING SURFACE WATER,9924,"Oxygen, Dissolved as O2",8.63,MILLIGRAM PER LITRE
https://environment.data.gov.uk/water-quality/sampling-point/TH-RSN0018/sample/1341784/observation/0052,TH-RSN0018,RSN0018 RIVER THAMES AT MAGNA CARTA,-0.562,51.4448,Thames,THAMES - WEST THAMES,Multiple Values,OPEN,FRESHWATER - RIVERS,2021-01-19T11:45:00,MONITORING  (NATIONAL AGENCY POLICY),RIVER / RUNNING SURFACE WATER,0052,"Lead, Dissolved",0.16,MICROGRAM PER LITRE
https://environment.data.gov.uk/water-quality/sampling-point/TH-RSN0018/sample/1341784/observation/0061,TH-RSN0018,RSN0018 RIVER THAMES AT MAGNA CARTA,-0.562,51.4448,Thames,THAMES - WEST THAMES,Multiple Values,OPEN,FRESHWATER - RIVERS,2021-01-19T11:45:00,MONITORING  (NATIONAL AGENCY POLICY),RIVER / RUNNING SURFACE WATER,0061,pH,8.14,PH UNITS
https://environment.data.gov.uk/water-quality/sampling-point/TH-RSN0018/sample/1341784/observation/0062,TH-RSN0018,RSN0018 RIVER THAMES AT MAGNA CARTA,-0.562,51.4448,Thames,THAMES - WEST THAMES,Multiple Values,OPEN,FRESHWATER - RIVERS,2021-01-19T11:45:00,MONITORING  (NATIONAL AGENCY POLICY),RIVER / RUNNING SURFACE WATER,0062,Conductivity at 20 C,550,MICROSIEMENS PER CENTIMETRE
https://environment.data.gov.uk/water-quality/sampling-point/TH-RSN0018/sample/1341784/observation/0073,TH-RSN0018,RSN0018 RIVER THAMES AT MAGNA CARTA,-0.562,51.4448,Thames,THAMES - WEST THAMES,Multiple Values,OPEN,FRESHWATER - RIVERS,2021-01-19T11:45:00,MONITORING  (NATIONAL AGENCY POLICY),RIVER / RUNNING SURFACE WATER,0073,Cypermethrin,<0.00001,MICROGRAM PER LITRE
https://environment.data.gov.uk/water-quality/sampling-point/TH-RSN0018/sample/1341784/observation/0076,TH-RSN0018,RSN0018 RIVER THAMES AT MAGNA CARTA,-0.562,51.4448,Thames,THAMES - WEST THAMES,Multiple Values,OPEN,FRESHWATER - RIVERS,2021-01-19T11:45:00,MONITORING  (NATIONAL AGENCY POLICY),RIVER / RUNNING SURFACE WATER,0076,Temperature of Water,6.2,CELSIUS
https://environment.data.gov.uk/water-quality/sampling-point/TH-RSN0018/sample/1341784/observation/0077,TH-RSN0018,RSN0018 RIVER THAMES AT MAGNA CARTA,-0.562,51.4448,Thames,THAMES - WEST THAMES,Multiple Values,OPEN,FRESHWATER - RIVERS,2021-01-19T11:45:00,MONITORING  (NATIONAL AGENCY POLICY),RIVER / RUNNING SURFACE WATER,0077,Conductivity at 25 C,601,MICROSIEMENS PER CENTIMETRE
https://environment.data.gov.uk/water-quality/sampling-point/TH-RSN0018/sample/1341784/observation/0106,TH-RSN0018,RSN0018 RIVER THAMES AT MAGNA CARTA,-0.562,51.4448,Thames,THAMES - WEST THAMES,Multiple Values,OPEN,FRESHWATER - RIVERS,2021-01-19T11:45:00,MONITORING  (NATIONAL AGENCY POLICY),RIVER / RUNNING SURFACE WATER,0106,"Cadmium, Dissolved",0.011,MICROGRAM PER LITRE
https://environment.data.gov.uk/water-quality/sampling-point/TH-RSN0018/sample/1341784/observation/0111,TH-RSN0018,RSN0018 RIVER THAMES AT MAGNA CARTA,-0.562,51.4448,Thames,THAMES - WEST THAMES,Multiple Values,OPEN,FRESHWATER - RIVERS,2021-01-19T11:45:00,MONITORING  (NATIONAL AGENCY POLICY),RIVER / RUNNING SURFACE WATER,0111,Ammoniacal Nitrogen as N,0.043,MILLIGRAM PER LITRE
https://environment.data.gov.uk/water-quality/sampling-point/TH-RSN0018/sample/1341784/observation/0116,TH-RSN0018,RSN0018 RIVER THAMES AT MAGNA CARTA,-0.562,51.4448,Thames,THAMES - WEST THAMES,Multiple Values,OPEN,FRESHWATER - RIVERS,2021-01-19T11:45:00,MONITORING  (NATIONAL AGENCY POLICY),RIVER / RUNNING SURFACE WATER,0116,"Nitrogen, Total Oxidised as N",6.4,MILLIGRAM PER LITRE
https://environment.data.gov.uk/water-quality/sampling-point/TH-RSN0018/sample/1341784/observation/0117,TH-RSN0018,RSN0018 RIVER THAMES AT MAGNA CARTA,-0.562,51.4448,Thames,THAMES - WEST THAMES,Multiple Values,OPEN,FRESHWATER - RIVERS,2021-01-19T11:45:00,MONITORING  (NATIONAL AGENCY POLICY),RIVER / RUNNING SURFACE WATER,0117,Nitrate as N,6.37,MILLIGRAM PER LITRE
https://environment.data.gov.uk/water-quality/sampling-point/TH-RSN0018/sample/1341784/observation/0118,TH-RSN0018,RSN0018 RIVER THAMES AT MAGNA CARTA,-0.562,51.4448,Thames,THAMES - WEST THAMES,Multiple Values,OPEN,FRESHWATER - RIVERS,2021-01-19T11:45:00,MONITORING  (NATIONAL AGENCY POLICY),RIVER / RUNNING SURFACE WATER,0118,Nitrite as N,0.026,MILLIGRAM PER LITRE
https://environment.data.gov.uk/water-quality/sampling-point/TH-RSN0018/sample/1341784/observation/0119,TH-RSN0018,RSN0018 RIVER THAMES AT MAGNA CARTA,-0.562,51.4448,Thames,THAMES - WEST THAMES,Multiple Values,OPEN,FRESHWATER - RIVERS,2021-01-19T11:45:00,MONITORING  (NATIONAL AGENCY POLICY),RIVER / RUNNING SURFACE WATER,0119,Ammonia un-ionised as N,0.00059,MILLIGRAM PER LITRE
https://environment.data.gov.uk/water-quality/sampling-point/TH-RSN0018/sample/1341784/observation/0158,TH-RSN0018,RSN0018 RIVER THAMES AT MAGNA CARTA,-0.562,51.4448,Thames,THAMES - WEST THAMES,Multiple Values,OPEN,FRESHWATER - RIVERS,2021-01-19T11:45:00,MONITORING  (NATIONAL AGENCY POLICY),RIVER / RUNNING SURFACE WATER,0158,"Hardness, Total as CaCO3",259,MILLIGRAM PER LITRE
https://environment.data.gov.uk/water-quality/sampling-point/TH-RSN0018/sample/1341784/observation/0162,TH-RSN0018,RSN0018 RIVER THAMES AT MAGNA CARTA,-0.562,51.4448,Thames,THAMES - WEST THAMES,Multiple Values,OPEN,FRESHWATER - RIVERS,2021-01-19T11:45:00,MONITORING  (NATIONAL AGENCY POLICY),RIVER / RUNNING SURFACE WATER,0162,Alkalinity to pH 4.5 as CaCO3,200,MILLIGRAM PER LITRE
https://environment.data.gov.uk/water-quality/sampling-point/TH-RSN0018/sample/1341784/observation/0163,TH-RSN0018,RSN0018 RIVER THAMES AT MAGNA CARTA,-0.562,51.4448,Thames,THAMES - WEST THAMES,Multiple Values,OPEN,FRESHWATER - RIVERS,2021-01-19T11:45:00,MONITORING  (NATIONAL AGENCY POLICY),RIVER / RUNNING SURFACE WATER,0163,"Hardness, Calcium",240,MILLIGRAM PER LITRE
https://environment.data.gov.uk/water-quality/sampling-point/TH-RSN0018/sample/1341784/observation/0172,TH-RSN0018,RSN0018 RIVER THAMES AT MAGNA CARTA,-0.562,51.4448,Thames,THAMES - WEST THAMES,Multiple Values,OPEN,FRESHWATER - RIVERS,2021-01-19T11:45:00,MONITORING  (NATIONAL AGENCY POLICY),RIVER / RUNNING SURFACE WATER,0172,Chloride,34,MILLIGRAM PER LITRE
https://environment.data.gov.uk/water-quality/sampling-point/TH-RSN0018/sample/1341784/observation/0180,TH-RSN0018,RSN0018 RIVER THAMES AT MAGNA CARTA,-0.562,51.4448,Thames,THAMES - WEST THAMES,Multiple Values,OPEN,FRESHWATER - RIVERS,2021-01-19T11:45:00,MONITORING  (NATIONAL AGENCY POLICY),RIVER / RUNNING SURFACE WATER,0180,"Orthophosphate, reactive as P",0.14,MILLIGRAM PER LITRE
https://environment.data.gov.uk/water-quality/sampling-point/TH-RSN0018/sample/1341784/observation/0182,TH-RSN0018,RSN0018 RIVER THAMES AT MAGNA CARTA,-0.562,51.4448,Thames,THAMES - WEST THAMES,Multiple Values,OPEN,FRESHWATER - RIVERS,2021-01-19T11:45:00,MONITORING  (NATIONAL AGENCY POLICY),RIVER / RUNNING SURFACE WATER,0182,"Silica, reactive as SiO2",11,MILLIGRAM PER LITRE
https://environment.data.gov.uk/water-quality/sampling-point/TH-RSN0018/sample/1341784/observation/0205,TH-RSN0018,RSN0018 RIVER THAMES AT MAGNA CARTA,-0.562,51.4448,Thames,THAMES - WEST THAMES,Multiple Values,OPEN,FRESHWATER - RIVERS,2021-01-19T11:45:00,MONITORING  (NATIONAL AGENCY POLICY),RIVER / RUNNING SURFACE WATER,0205,"Sodium, Dissolved",22,MILLIGRAM PER LITRE
https://environment.data.gov.uk/water-quality/sampling-point/TH-RSN0018/sample/1341784/observation/0209,TH-RSN0018,RSN0018 RIVER THAMES AT MAGNA CARTA,-0.562,51.4448,Thames,THAMES - WEST THAMES,Multiple Values,OPEN,FRESHWATER - RIVERS,2021-01-19T11:45:00,MONITORING  (NATIONAL AGENCY POLICY),RIVER / RUNNING SURFACE WATER,0209,"Potassium, Dissolved",4.2,MILLIGRAM PER LITRE
https://environment.data.gov.uk/water-quality/sampling-point/TH-RSN0018/sample/1341784/observation/0235,TH-RSN0018,RSN0018 RIVER THAMES AT MAGNA CARTA,-0.562,51.4448,Thames,THAMES - WEST THAMES,Multiple Values,OPEN,FRESHWATER - RIVERS,2021-01-19T11:45:00,MONITORING  (NATIONAL AGENCY POLICY),RIVER / RUNNING SURFACE WATER,0235,"Magnesium, Dissolved",4.6,MILLIGRAM PER LITRE
https://environment.data.gov.uk/water-quality/sampling-point/TH-RSN0018/sample/1341784/observation/0239,TH-RSN0018,RSN0018 RIVER THAMES AT MAGNA CARTA,-0.562,51.4448,Thames,THAMES - WEST THAMES,Multiple Values,OPEN,FRESHWATER - RIVERS,2021-01-19T11:45:00,MONITORING  (NATIONAL AGENCY POLICY),RIVER / RUNNING SURFACE WATER,0239,"Calcium, Dissolved",96,MILLIGRAM PER LITRE
https://environment.data.gov.uk/water-quality/sampling-point/TH-RSN0018/sample/1341784/observation/0301,TH-RSN0018,RSN0018 RIVER THAMES AT MAGNA CARTA,-0.562,51.4448,Thames,THAMES - WEST THAMES,Multiple Values,OPEN,FRESHWATER - RIVERS,2021-01-19T11:45:00,MONITORING  (NATIONAL AGENCY POLICY),RIVER / RUNNING SURFACE WATER,0301,"Carbon, Organic, Dissolved as C :- {DOC}",5.2,MILLIGRAM PER LITRE
https://environment.data.gov.uk/water-quality/sampling-point/TH-RSN0018/sample/1341784/observation/0348,TH-RSN0018,RSN0018 RIVER THAMES AT MAGNA CARTA,-0.562,51.4448,Thames,THAMES - WEST THAMES,Multiple Values,OPEN,FRESHWATER - RIVERS,2021-01-19T11:45:00,MONITORING  (NATIONAL AGENCY POLICY),RIVER / RUNNING SURFACE WATER,0348,"Phosphorus, Total as P",0.18,MILLIGRAM PER LITRE
https://environment.data.gov.uk/water-quality/sampling-point/TH-RSN0018/sample/1341784/observation/0714,TH-RSN0018,RSN0018 RIVER THAMES AT MAGNA CARTA,-0.562,51.4448,Thames,THAMES - WEST THAMES,Multiple Values,OPEN,FRESHWATER - RIVERS,2021-01-19T11:45:00,MONITORING  (NATIONAL AGENCY POLICY),RIVER / RUNNING SURFACE WATER,0714,"Benzo(g,h,i)Perylene",<0.01,MICROGRAM PER LITRE
https://environment.data.gov.uk/water-quality/sampling-point/TH-RSN0018/sample/1341784/observation/0731,TH-RSN0018,RSN0018 RIVER THAMES AT MAGNA CARTA,-0.562,51.4448,Thames,THAMES - WEST THAMES,Multiple Values,OPEN,FRESHWATER - RIVERS,2021-01-19T11:45:00,MONITORING  (NATIONAL AGENCY POLICY),RIVER / RUNNING SURFACE WATER,0731,Benzo(b)Fluoranthene,<0.01,MICROGRAM PER LITRE
https://environment.data.gov.uk/water-quality/sampling-point/TH-RSN0018/sample/1341784/observation/0733,TH-RSN0018,RSN0018 RIVER THAMES AT MAGNA CARTA,-0.562,51.4448,Thames,THAMES - WEST THAMES,Multiple Values,OPEN,FRESHWATER - RIVERS,2021-01-19T11:45:00,MONITORING  (NATIONAL AGENCY POLICY),RIVER / RUNNING SURFACE WATER,0733,Benzo(k)Fluoranthene,<0.01,MICROGRAM PER LITRE
https://environment.data.gov.uk/water-quality/sampling-point/TH-RSN0018/sample/1341784/observation/0736,TH-RSN0018,RSN0018 RIVER THAMES AT MAGNA CARTA,-0.562,51.4448,Thames,THAMES - WEST THAMES,Multiple Values,OPEN,FRESHWATER - RIVERS,2021-01-19T11:45:00,MONITORING  (NATIONAL AGENCY POLICY),RIVER / RUNNING SURFACE WATER,0736,Fluoranthene,<0.01,MICROGRAM PER LITRE
https://environment.data.gov.uk/water-quality/sampling-point/TH-RSN0018/sample/1341784/observation/0746,TH-RSN0018,RSN0018 RIVER THAMES AT MAGNA CARTA,-0.562,51.4448,Thames,THAMES - WEST THAMES,Multiple Values,OPEN,FRESHWATER - RIVERS,2021-01-19T11:45:00,MONITORING  (NATIONAL AGENCY POLICY),RIVER / RUNNING SURFACE WATER,0746,"Indeno(1,2,3-cd)pyrene",<0.01,MICROGRAM PER LITRE
https://environment.data.gov.uk/water-quality/sampling-point/TH-RSN0018/sample/1341784/observation/3004,TH-RSN0018,RSN0018 RIVER THAMES AT MAGNA CARTA,-0.562,51.4448,Thames,THAMES - WEST THAMES,Multiple Values,OPEN,FRESHWATER - RIVERS,2021-01-19T11:45:00,MONITORING  (NATIONAL AGENCY POLICY),RIVER / RUNNING SURFACE WATER,3004,Asulam,<0.02,MICROGRAM PER LITRE
https://environment.data.gov.uk/water-quality/sampling-point/TH-RSN0018/sample/1341784/observation/3007,TH-RSN0018,RSN0018 RIVER THAMES AT MAGNA CARTA,-0.562,51.4448,Thames,THAMES - WEST THAMES,Multiple Values,OPEN,FRESHWATER - RIVERS,2021-01-19T11:45:00,MONITORING  (NATIONAL AGENCY POLICY),RIVER / RUNNING SURFACE WATER,3007,Glyphosate,<0.1,MICROGRAM PER LITRE
https://environment.data.gov.uk/water-quality/sampling-point/TH-RSN0018/sample/1341784/observation/3086,TH-RSN0018,RSN0018 RIVER THAMES AT MAGNA CARTA,-0.562,51.4448,Thames,THAMES - WEST THAMES,Multiple Values,OPEN,FRESHWATER - RIVERS,2021-01-19T11:45:00,MONITORING  (NATIONAL AGENCY POLICY),RIVER / RUNNING SURFACE WATER,3086,Carbofuran,<0.005,MICROGRAM PER LITRE
https://environment.data.gov.uk/water-quality/sampling-point/TH-RSN0018/sample/1341784/observation/3117,TH-RSN0018,RSN0018 RIVER THAMES AT MAGNA CARTA,-0.562,51.4448,Thames,THAMES - WEST THAMES,Multiple Values,OPEN,FRESHWATER - RIVERS,2021-01-19T11:45:00,MONITORING  (NATIONAL AGENCY POLICY),RIVER / RUNNING SURFACE WATER,3117,Isoproturon,<0.01,MICROGRAM PER LITRE
https://environment.data.gov.uk/water-quality/sampling-point/TH-RSN0018/sample/1341784/observation/3118,TH-RSN0018,RSN0018 RIVER THAMES AT MAGNA CARTA,-0.562,51.4448,Thames,THAMES - WEST THAMES,Multiple Values,OPEN,FRESHWATER - RIVERS,2021-01-19T11:45:00,MONITORING  (NATIONAL AGENCY POLICY),RIVER / RUNNING SURFACE WATER,3118,Linuron,<0.01,MICROGRAM PER LITRE
https://environment.data.gov.uk/water-quality/sampling-point/TH-RSN0018/sample/1341784/observation/3130,TH-RSN0018,RSN0018 RIVER THAMES AT MAGNA CARTA,-0.562,51.4448,Thames,THAMES - WEST THAMES,Multiple Values,OPEN,FRESHWATER - RIVERS,2021-01-19T11:45:00,MONITORING  (NATIONAL AGENCY POLICY),RIVER / RUNNING SURFACE WATER,3130,Metoxuron,<0.01,MICROGRAM PER LITRE
https://environment.data.gov.uk/water-quality/sampling-point/TH-RSN0018/sample/1341784/observation/3341,TH-RSN0018,RSN0018 RIVER THAMES AT MAGNA CARTA,-0.562,51.4448,Thames,THAMES - WEST THAMES,Multiple Values,OPEN,FRESHWATER - RIVERS,2021-01-19T11:45:00,MONITORING  (NATIONAL AGENCY POLICY),RIVER / RUNNING SURFACE WATER,3341,4-Chloro-2-methylphenol :- {p-Chloro-o-cresol},<0.05,MICROGRAM PER LITRE
https://environment.data.gov.uk/water-quality/sampling-point/TH-RSN0018/sample/1341784/observation/3377,TH-RSN0018,RSN0018 RIVER THAMES AT MAGNA CARTA,-0.562,51.4448,Thames,THAMES - WEST THAMES,Multiple Values,OPEN,FRESHWATER - RIVERS,2021-01-19T11:45:00,MONITORING  (NATIONAL AGENCY POLICY),RIVER / RUNNING SURFACE WATER,3377,Lead : BLM Bioavailable,0.03,MICROGRAM PER LITRE
https://environment.data.gov.uk/water-quality/sampling-point/TH-RSN0018/sample/1341784/observation/3399,TH-RSN0018,RSN0018 RIVER THAMES AT MAGNA CARTA,-0.562,51.4448,Thames,THAMES - WEST THAMES,Multiple Values,OPEN,FRESHWATER - RIVERS,2021-01-19T11:45:00,MONITORING  (NATIONAL AGENCY POLICY),RIVER / RUNNING SURFACE WATER,3399,Chloroxuron,<0.01,MICROGRAM PER LITRE
https://environment.data.gov.uk/water-quality/sampling-point/TH-RSN0018/sample/1341784/observation/3400,TH-RSN0018,RSN0018 RIVER THAMES AT MAGNA CARTA,-0.562,51.4448,Thames,THAMES - WEST THAMES,Multiple Values,OPEN,FRESHWATER - RIVERS,2021-01-19T11:45:00,MONITORING  (NATIONAL AGENCY POLICY),RIVER / RUNNING SURFACE WATER,3400,Monuron,<0.01,MICROGRAM PER LITRE
https://environment.data.gov.uk/water-quality/sampling-point/TH-RSN0018/sample/1341784/observation/3408,TH-RSN0018,RSN0018 RIVER THAMES AT MAGNA CARTA,-0.562,51.4448,Thames,THAMES - WEST THAMES,Multiple Values,OPEN,FRESHWATER - RIVERS,2021-01-19T11:45:00,MONITORING  (NATIONAL AGENCY POLICY),RIVER / RUNNING SURFACE WATER,3408,"Zinc, Dissolved",3.3,MICROGRAM PER LITRE
https://environment.data.gov.uk/water-quality/sampling-point/TH-RSN0018/sample/1341784/observation/3409,TH-RSN0018,RSN0018 RIVER THAMES AT MAGNA CARTA,-0.562,51.4448,Thames,THAMES - WEST THAMES,Multiple Values,OPEN,FRESHWATER - RIVERS,2021-01-19T11:45:00,MONITORING  (NATIONAL AGENCY POLICY),RIVER / RUNNING SURFACE WATER,3409,"Chromium, Dissolved",<0.5,MICROGRAM PER LITRE
https://environment.data.gov.uk/water-quality/sampling-point/TH-RSN0018/sample/1341784/observation/3410,TH-RSN0018,RSN0018 RIVER THAMES AT MAGNA CARTA,-0.562,51.4448,Thames,THAMES - WEST THAMES,Multiple Values,OPEN,FRESHWATER - RIVERS,2021-01-19T11:45:00,MONITORING  (NATIONAL AGENCY POLICY),RIVER / RUNNING SURFACE WATER,3410,"Nickel, Dissolved",1.4,MICROGRAM PER LITRE
https://environment.data.gov.uk/water-quality/sampling-point/TH-RSN0018/sample/1341784/observation/3475,TH-RSN0018,RSN0018 RIVER THAMES AT MAGNA CARTA,-0.562,51.4448,Thames,THAMES - WEST THAMES,Multiple Values,OPEN,FRESHWATER - RIVERS,2021-01-19T11:45:00,MONITORING  (NATIONAL AGENCY POLICY),RIVER / RUNNING SURFACE WATER,3475,Carbendazim,<0.01,MICROGRAM PER LITRE
https://environment.data.gov.uk/water-quality/sampling-point/TH-RSN0018/sample/1341784/observation/3545,TH-RSN0018,RSN0018 RIVER THAMES AT MAGNA CARTA,-0.562,51.4448,Thames,THAMES - WEST THAMES,Multiple Values,OPEN,FRESHWATER - RIVERS,2021-01-19T11:45:00,MONITORING  (NATIONAL AGENCY POLICY),RIVER / RUNNING SURFACE WATER,3545,"2,4-D :- {2,4-Dichlorophenoxyacetic acid}",<0.005,MICROGRAM PER LITRE
https://environment.data.gov.uk/water-quality/sampling-point/TH-RSN0018/sample/1341784/observation/3546,TH-RSN0018,RSN0018 RIVER THAMES AT MAGNA CARTA,-0.562,51.4448,Thames,THAMES - WEST THAMES,Multiple Values,OPEN,FRESHWATER - RIVERS,2021-01-19T11:45:00,MONITORING  (NATIONAL AGENCY POLICY),RIVER / RUNNING SURFACE WATER,3546,"2,4,5-T :- {2,4,5-Trichlorophenoxyacetic acid}",<0.005,MICROGRAM PER LITRE
https://environment.data.gov.uk/water-quality/sampling-point/TH-RSN0018/sample/1341784/observation/3547,TH-RSN0018,RSN0018 RIVER THAMES AT MAGNA CARTA,-0.562,51.4448,Thames,THAMES - WEST THAMES,Multiple Values,OPEN,FRESHWATER - RIVERS,2021-01-19T11:45:00,MONITORING  (NATIONAL AGENCY POLICY),RIVER / RUNNING SURFACE WATER,3547,4-Chlorophenoxyacetic acid,<0.005,MICROGRAM PER LITRE
https://environment.data.gov.uk/water-quality/sampling-point/TH-RSN0018/sample/1341784/observation/3548,TH-RSN0018,RSN0018 RIVER THAMES AT MAGNA CARTA,-0.562,51.4448,Thames,THAMES - WEST THAMES,Multiple Values,OPEN,FRESHWATER - RIVERS,2021-01-19T11:45:00,MONITORING  (NATIONAL AGENCY POLICY),RIVER / RUNNING SURFACE WATER,3548,MCPA :- {4-Chloro-2-methylphenoxyacetic acid} ,<0.005,MICROGRAM PER LITRE
https://environment.data.gov.uk/water-quality/sampling-point/TH-RSN0018/sample/1341784/observation/3549,TH-RSN0018,RSN0018 RIVER THAMES AT MAGNA CARTA,-0.562,51.4448,Thames,THAMES - WEST THAMES,Multiple Values,OPEN,FRESHWATER - RIVERS,2021-01-19T11:45:00,MONITORING  (NATIONAL AGENCY POLICY),RIVER / RUNNING SURFACE WATER,3549,Mecoprop,<0.005,MICROGRAM PER LITRE
https://environment.data.gov.uk/water-quality/sampling-point/TH-RSN0018/sample/1341784/observation/3550,TH-RSN0018,RSN0018 RIVER THAMES AT MAGNA CARTA,-0.562,51.4448,Thames,THAMES - WEST THAMES,Multiple Values,OPEN,FRESHWATER - RIVERS,2021-01-19T11:45:00,MONITORING  (NATIONAL AGENCY POLICY),RIVER / RUNNING SURFACE WATER,3550,Dicamba,<0.01,MICROGRAM PER LITRE
https://environment.data.gov.uk/water-quality/sampling-point/TH-RSN0018/sample/1341784/observation/3551,TH-RSN0018,RSN0018 RIVER THAMES AT MAGNA CARTA,-0.562,51.4448,Thames,THAMES - WEST THAMES,Multiple Values,OPEN,FRESHWATER - RIVERS,2021-01-19T11:45:00,MONITORING  (NATIONAL AGENCY POLICY),RIVER / RUNNING SURFACE WATER,3551,"Dichlorprop :- {2,4-DP}",<0.005,MICROGRAM PER LITRE
https://environment.data.gov.uk/water-quality/sampling-point/TH-RSN0018/sample/1341784/observation/3552,TH-RSN0018,RSN0018 RIVER THAMES AT MAGNA CARTA,-0.562,51.4448,Thames,THAMES - WEST THAMES,Multiple Values,OPEN,FRESHWATER - RIVERS,2021-01-19T11:45:00,MONITORING  (NATIONAL AGENCY POLICY),RIVER / RUNNING SURFACE WATER,3552,Fenoprop,<0.005,MICROGRAM PER LITRE
https://environment.data.gov.uk/water-quality/sampling-point/TH-RSN0018/sample/1341784/observation/3555,TH-RSN0018,RSN0018 RIVER THAMES AT MAGNA CARTA,-0.562,51.4448,Thames,THAMES - WEST THAMES,Multiple Values,OPEN,FRESHWATER - RIVERS,2021-01-19T11:45:00,MONITORING  (NATIONAL AGENCY POLICY),RIVER / RUNNING SURFACE WATER,3555,Triclopyr,<0.005,MICROGRAM PER LITRE
https://environment.data.gov.uk/water-quality/sampling-point/TH-RSN0018/sample/1341784/observation/3790,TH-RSN0018,RSN0018 RIVER THAMES AT MAGNA CARTA,-0.562,51.4448,Thames,THAMES - WEST THAMES,Multiple Values,OPEN,FRESHWATER - RIVERS,2021-01-19T11:45:00,MONITORING  (NATIONAL AGENCY POLICY),RIVER / RUNNING SURFACE WATER,3790,MCPB :- {4-Chloro-2-methylphenoxybutyric acid},<0.005,MICROGRAM PER LITRE
https://environment.data.gov.uk/water-quality/sampling-point/TH-RSN0018/sample/1341784/observation/3791,TH-RSN0018,RSN0018 RIVER THAMES AT MAGNA CARTA,-0.562,51.4448,Thames,THAMES - WEST THAMES,Multiple Values,OPEN,FRESHWATER - RIVERS,2021-01-19T11:45:00,MONITORING  (NATIONAL AGENCY POLICY),RIVER / RUNNING SURFACE WATER,3791,"2,4-DB :- {4-(2,4-dichlorophenoxy)butyric acid}",<0.005,MICROGRAM PER LITRE
https://environment.data.gov.uk/water-quality/sampling-point/TH-RSN0018/sample/1341784/observation/3792,TH-RSN0018,RSN0018 RIVER THAMES AT MAGNA CARTA,-0.562,51.4448,Thames,THAMES - WEST THAMES,Multiple Values,OPEN,FRESHWATER - RIVERS,2021-01-19T11:45:00,MONITORING  (NATIONAL AGENCY POLICY),RIVER / RUNNING SURFACE WATER,3792,Benazolin,<0.005,MICROGRAM PER LITRE
https://environment.data.gov.uk/water-quality/sampling-point/TH-RSN0018/sample/1341784/observation/3811,TH-RSN0018,RSN0018 RIVER THAMES AT MAGNA CARTA,-0.562,51.4448,Thames,THAMES - WEST THAMES,Multiple Values,OPEN,FRESHWATER - RIVERS,2021-01-19T11:45:00,MONITORING  (NATIONAL AGENCY POLICY),RIVER / RUNNING SURFACE WATER,3811,Diuron,<0.01,MICROGRAM PER LITRE
https://environment.data.gov.uk/water-quality/sampling-point/TH-RSN0018/sample/1341784/observation/3878,TH-RSN0018,RSN0018 RIVER THAMES AT MAGNA CARTA,-0.562,51.4448,Thames,THAMES - WEST THAMES,Multiple Values,OPEN,FRESHWATER - RIVERS,2021-01-19T11:45:00,MONITORING  (NATIONAL AGENCY POLICY),RIVER / RUNNING SURFACE WATER,3878,Nickel : BLM Bioavailable,0.6,MICROGRAM PER LITRE
https://environment.data.gov.uk/water-quality/sampling-point/TH-RSN0018/sample/1341784/observation/3925,TH-RSN0018,RSN0018 RIVER THAMES AT MAGNA CARTA,-0.562,51.4448,Thames,THAMES - WEST THAMES,Multiple Values,OPEN,FRESHWATER - RIVERS,2021-01-19T11:45:00,MONITORING  (NATIONAL AGENCY POLICY),RIVER / RUNNING SURFACE WATER,3925,Monolinuron,<0.01,MICROGRAM PER LITRE
https://environment.data.gov.uk/water-quality/sampling-point/TH-RSN0018/sample/1341784/observation/4064,TH-RSN0018,RSN0018 RIVER THAMES AT MAGNA CARTA,-0.562,51.4448,Thames,THAMES - WEST THAMES,Multiple Values,OPEN,FRESHWATER - RIVERS,2021-01-19T11:45:00,MONITORING  (NATIONAL AGENCY POLICY),RIVER / RUNNING SURFACE WATER,4064,Fluroxypyr,<0.005,MICROGRAM PER LITRE
https://environment.data.gov.uk/water-quality/sampling-point/TH-RSN0018/sample/1341784/observation/4065,TH-RSN0018,RSN0018 RIVER THAMES AT MAGNA CARTA,-0.562,51.4448,Thames,THAMES - WEST THAMES,Multiple Values,OPEN,FRESHWATER - RIVERS,2021-01-19T11:45:00,MONITORING  (NATIONAL AGENCY POLICY),RIVER / RUNNING SURFACE WATER,4065,Bentazone,0.0046,MICROGRAM PER LITRE
https://environment.data.gov.uk/water-quality/sampling-point/TH-RSN0018/sample/1341784/observation/4201,TH-RSN0018,RSN0018 RIVER THAMES AT MAGNA CARTA,-0.562,51.4448,Thames,THAMES - WEST THAMES,Multiple Values,OPEN,FRESHWATER - RIVERS,2021-01-19T11:45:00,MONITORING  (NATIONAL AGENCY POLICY),RIVER / RUNNING SURFACE WATER,4201,"Lithium, Dissolved",<100,MICROGRAM PER LITRE
https://environment.data.gov.uk/water-quality/sampling-point/TH-RSN0018/sample/1341784/observation/4820,TH-RSN0018,RSN0018 RIVER THAMES AT MAGNA CARTA,-0.562,51.4448,Thames,THAMES - WEST THAMES,Multiple Values,OPEN,FRESHWATER - RIVERS,2021-01-19T11:45:00,MONITORING  (NATIONAL AGENCY POLICY),RIVER / RUNNING SURFACE WATER,4820,Manganese : BLM Bioavailable,3.7,MICROGRAM PER LITRE
https://environment.data.gov.uk/water-quality/sampling-point/TH-RSN0018/sample/1341784/observation/4821,TH-RSN0018,RSN0018 RIVER THAMES AT MAGNA CARTA,-0.562,51.4448,Thames,THAMES - WEST THAMES,Multiple Values,OPEN,FRESHWATER - RIVERS,2021-01-19T11:45:00,MONITORING  (NATIONAL AGENCY POLICY),RIVER / RUNNING SURFACE WATER,4821,Copper : BLM Bioavailable,0.14,MICROGRAM PER LITRE
https://environment.data.gov.uk/water-quality/sampling-point/TH-RSN0018/sample/1341784/observation/4822,TH-RSN0018,RSN0018 RIVER THAMES AT MAGNA CARTA,-0.562,51.4448,Thames,THAMES - WEST THAMES,Multiple Values,OPEN,FRESHWATER - RIVERS,2021-01-19T11:45:00,MONITORING  (NATIONAL AGENCY POLICY),RIVER / RUNNING SURFACE WATER,4822,Zinc : BLM Bioavailable,1.2,MICROGRAM PER LITRE
https://environment.data.gov.uk/water-quality/sampling-point/TH-RSN0018/sample/1341784/observation/4994,TH-RSN0018,RSN0018 RIVER THAMES AT MAGNA CARTA,-0.562,51.4448,Thames,THAMES - WEST THAMES,Multiple Values,OPEN,FRESHWATER - RIVERS,2021-01-19T11:45:00,MONITORING  (NATIONAL AGENCY POLICY),RIVER / RUNNING SURFACE WATER,4994,GCMS Screen : Target Based multi-residue screening : Semi Quantitative,1,Text Result
https://environment.data.gov.uk/water-quality/sampling-point/TH-RSN0018/sample/1341784/observation/5042,TH-RSN0018,RSN0018 RIVER THAMES AT MAGNA CARTA,-0.562,51.4448,Thames,THAMES - WEST THAMES,Multiple Values,OPEN,FRESHWATER - RIVERS,2021-01-19T11:45:00,MONITORING  (NATIONAL AGENCY POLICY),RIVER / RUNNING SURFACE WATER,5042,Sulcotrione,<0.1,MICROGRAM PER LITRE
https://environment.data.gov.uk/water-quality/sampling-point/TH-RSN0018/sample/1341784/observation/5047,TH-RSN0018,RSN0018 RIVER THAMES AT MAGNA CARTA,-0.562,51.4448,Thames,THAMES - WEST THAMES,Multiple Values,OPEN,FRESHWATER - RIVERS,2021-01-19T11:45:00,MONITORING  (NATIONAL AGENCY POLICY),RIVER / RUNNING SURFACE WATER,5047,Ethirimol,<0.05,MICROGRAM PER LITRE
https://environment.data.gov.uk/water-quality/sampling-point/TH-RSN0018/sample/1341784/observation/5050,TH-RSN0018,RSN0018 RIVER THAMES AT MAGNA CARTA,-0.562,51.4448,Thames,THAMES - WEST THAMES,Multiple Values,OPEN,FRESHWATER - RIVERS,2021-01-19T11:45:00,MONITORING  (NATIONAL AGENCY POLICY),RIVER / RUNNING SURFACE WATER,5050,Azoxystrobin,<0.02,MICROGRAM PER LITRE
https://environment.data.gov.uk/water-quality/sampling-point/TH-RSN0018/sample/1341784/observation/5446,TH-RSN0018,RSN0018 RIVER THAMES AT MAGNA CARTA,-0.562,51.4448,Thames,THAMES - WEST THAMES,Multiple Values,OPEN,FRESHWATER - RIVERS,2021-01-19T11:45:00,MONITORING  (NATIONAL AGENCY POLICY),RIVER / RUNNING SURFACE WATER,5446,Cypermethrin Identification,1,Text Result
https://environment.data.gov.uk/water-quality/sampling-point/TH-RSN0018/sample/1341784/observation/5732,TH-RSN0018,RSN0018 RIVER THAMES AT MAGNA CARTA,-0.562,51.4448,Thames,THAMES - WEST THAMES,Multiple Values,OPEN,FRESHWATER - RIVERS,2021-01-19T11:45:00,MONITORING  (NATIONAL AGENCY POLICY),RIVER / RUNNING SURFACE WATER,5732,Triphenyl Tin as Cation,<0.0002,MICROGRAM PER LITRE
https://environment.data.gov.uk/water-quality/sampling-point/TH-RSN0018/sample/1341784/observation/5889,TH-RSN0018,RSN0018 RIVER THAMES AT MAGNA CARTA,-0.562,51.4448,Thames,THAMES - WEST THAMES,Multiple Values,OPEN,FRESHWATER - RIVERS,2021-01-19T11:45:00,MONITORING  (NATIONAL AGENCY POLICY),RIVER / RUNNING SURFACE WATER,5889,Triclosan,<0.01,MICROGRAM PER LITRE
https://environment.data.gov.uk/water-quality/sampling-point/TH-RSN0018/sample/1341784/observation/6037,TH-RSN0018,RSN0018 RIVER THAMES AT MAGNA CARTA,-0.562,51.4448,Thames,THAMES - WEST THAMES,Multiple Values,OPEN,FRESHWATER - RIVERS,2021-01-19T11:45:00,MONITORING  (NATIONAL AGENCY POLICY),RIVER / RUNNING SURFACE WATER,6037,"Aluminium, Dissolved",16,MICROGRAM PER LITRE
https://environment.data.gov.uk/water-quality/sampling-point/TH-RSN0018/sample/1341784/observation/6399,TH-RSN0018,RSN0018 RIVER THAMES AT MAGNA CARTA,-0.562,51.4448,Thames,THAMES - WEST THAMES,Multiple Values,OPEN,FRESHWATER - RIVERS,2021-01-19T11:45:00,MONITORING  (NATIONAL AGENCY POLICY),RIVER / RUNNING SURFACE WATER,6399,Benzo(a)Pyrene,<0.01,MICROGRAM PER LITRE
https://environment.data.gov.uk/water-quality/sampling-point/TH-RSN0018/sample/1341784/observation/6449,TH-RSN0018,RSN0018 RIVER THAMES AT MAGNA CARTA,-0.562,51.4448,Thames,THAMES - WEST THAMES,Multiple Values,OPEN,FRESHWATER - RIVERS,2021-01-19T11:45:00,MONITORING  (NATIONAL AGENCY POLICY),RIVER / RUNNING SURFACE WATER,6449,Bromoxynil,<0.005,MICROGRAM PER LITRE
https://environment.data.gov.uk/water-quality/sampling-point/TH-RSN0018/sample/1341784/observation/6450,TH-RSN0018,RSN0018 RIVER THAMES AT MAGNA CARTA,-0.562,51.4448,Thames,THAMES - WEST THAMES,Multiple Values,OPEN,FRESHWATER - RIVERS,2021-01-19T11:45:00,MONITORING  (NATIONAL AGENCY POLICY),RIVER / RUNNING SURFACE WATER,6450,"Copper, Dissolved",1.9,MICROGRAM PER LITRE
https://environment.data.gov.uk/water-quality/sampling-point/TH-RSN0018/sample/1341784/observation/6458,TH-RSN0018,RSN0018 RIVER THAMES AT MAGNA CARTA,-0.562,51.4448,Thames,THAMES - WEST THAMES,Multiple Values,OPEN,FRESHWATER - RIVERS,2021-01-19T11:45:00,MONITORING  (NATIONAL AGENCY POLICY),RIVER / RUNNING SURFACE WATER,6458,"Manganese, Dissolved",<10,MICROGRAM PER LITRE
https://environment.data.gov.uk/water-quality/sampling-point/TH-RSN0018/sample/1341784/observation/6460,TH-RSN0018,RSN0018 RIVER THAMES AT MAGNA CARTA,-0.562,51.4448,Thames,THAMES - WEST THAMES,Multiple Values,OPEN,FRESHWATER - RIVERS,2021-01-19T11:45:00,MONITORING  (NATIONAL AGENCY POLICY),RIVER / RUNNING SURFACE WATER,6460,"Iron, Dissolved",47,MICROGRAM PER LITRE
https://environment.data.gov.uk/water-quality/sampling-point/TH-RSN0018/sample/1341784/observation/6620,TH-RSN0018,RSN0018 RIVER THAMES AT MAGNA CARTA,-0.562,51.4448,Thames,THAMES - WEST THAMES,Multiple Values,OPEN,FRESHWATER - RIVERS,2021-01-19T11:45:00,MONITORING  (NATIONAL AGENCY POLICY),RIVER / RUNNING SURFACE WATER,6620,Clopyralid,<0.005,MICROGRAM PER LITRE
https://environment.data.gov.uk/water-quality/sampling-point/TH-RSN0018/sample/1341784/observation/6671,TH-RSN0018,RSN0018 RIVER THAMES AT MAGNA CARTA,-0.562,51.4448,Thames,THAMES - WEST THAMES,Multiple Values,OPEN,FRESHWATER - RIVERS,2021-01-19T11:45:00,MONITORING  (NATIONAL AGENCY POLICY),RIVER / RUNNING SURFACE WATER,6671,Phenoxyacetic acid :- {PAA},0.093,MICROGRAM PER LITRE
https://environment.data.gov.uk/water-quality/sampling-point/TH-RSN0018/sample/1341784/observation/6672,TH-RSN0018,RSN0018 RIVER THAMES AT MAGNA CARTA,-0.562,51.4448,Thames,THAMES - WEST THAMES,Multiple Values,OPEN,FRESHWATER - RIVERS,2021-01-19T11:45:00,MONITORING  (NATIONAL AGENCY POLICY),RIVER / RUNNING SURFACE WATER,6672,4-Phenoxybutyric acid :- {PBA},<0.005,MICROGRAM PER LITRE
https://environment.data.gov.uk/water-quality/sampling-point/TH-RSN0018/sample/1341784/observation/6673,TH-RSN0018,RSN0018 RIVER THAMES AT MAGNA CARTA,-0.562,51.4448,Thames,THAMES - WEST THAMES,Multiple Values,OPEN,FRESHWATER - RIVERS,2021-01-19T11:45:00,MONITORING  (NATIONAL AGENCY POLICY),RIVER / RUNNING SURFACE WATER,6673,2-Phenoxypropionic acid :- {PPA},<0.005,MICROGRAM PER LITRE
https://environment.data.gov.uk/water-quality/sampling-point/TH-RSN0018/sample/1341784/observation/6693,TH-RSN0018,RSN0018 RIVER THAMES AT MAGNA CARTA,-0.562,51.4448,Thames,THAMES - WEST THAMES,Multiple Values,OPEN,FRESHWATER - RIVERS,2021-01-19T11:45:00,MONITORING  (NATIONAL AGENCY POLICY),RIVER / RUNNING SURFACE WATER,6693,"Strontium, Filtered",310,MICROGRAM PER LITRE
https://environment.data.gov.uk/water-quality/sampling-point/TH-RSN0018/sample/1341784/observation/6724,TH-RSN0018,RSN0018 RIVER THAMES AT MAGNA CARTA,-0.562,51.4448,Thames,THAMES - WEST THAMES,Multiple Values,OPEN,FRESHWATER - RIVERS,2021-01-19T11:45:00,MONITORING  (NATIONAL AGENCY POLICY),RIVER / RUNNING SURFACE WATER,6724,Di(2-ethylhexyl) phthalate :- {DEHP},0.25,MICROGRAM PER LITRE
https://environment.data.gov.uk/water-quality/sampling-point/TH-RSN0018/sample/1341784/observation/6760,TH-RSN0018,RSN0018 RIVER THAMES AT MAGNA CARTA,-0.562,51.4448,Thames,THAMES - WEST THAMES,Multiple Values,OPEN,FRESHWATER - RIVERS,2021-01-19T11:45:00,MONITORING  (NATIONAL AGENCY POLICY),RIVER / RUNNING SURFACE WATER,6760,Chloridazon,<0.01,MICROGRAM PER LITRE
https://environment.data.gov.uk/water-quality/sampling-point/TH-RSN0018/sample/1341784/observation/6955,TH-RSN0018,RSN0018 RIVER THAMES AT MAGNA CARTA,-0.562,51.4448,Thames,THAMES - WEST THAMES,Multiple Values,OPEN,FRESHWATER - RIVERS,2021-01-19T11:45:00,MONITORING  (NATIONAL AGENCY POLICY),RIVER / RUNNING SURFACE WATER,6955,Ethiofencarb,<0.005,MICROGRAM PER LITRE
https://environment.data.gov.uk/water-quality/sampling-point/TH-RSN0018/sample/1341784/observation/6971,TH-RSN0018,RSN0018 RIVER THAMES AT MAGNA CARTA,-0.562,51.4448,Thames,THAMES - WEST THAMES,Multiple Values,OPEN,FRESHWATER - RIVERS,2021-01-19T11:45:00,MONITORING  (NATIONAL AGENCY POLICY),RIVER / RUNNING SURFACE WATER,6971,Methiocarb,<0.001,MICROGRAM PER LITRE
https://environment.data.gov.uk/water-quality/sampling-point/TH-RSN0018/sample/1341784/observation/6972,TH-RSN0018,RSN0018 RIVER THAMES AT MAGNA CARTA,-0.562,51.4448,Thames,THAMES - WEST THAMES,Multiple Values,OPEN,FRESHWATER - RIVERS,2021-01-19T11:45:00,MONITORING  (NATIONAL AGENCY POLICY),RIVER / RUNNING SURFACE WATER,6972,Methomyl,<0.005,MICROGRAM PER LITRE
https://environment.data.gov.uk/water-quality/sampling-point/TH-RSN0018/sample/1341784/observation/6980,TH-RSN0018,RSN0018 RIVER THAMES AT MAGNA CARTA,-0.562,51.4448,Thames,THAMES - WEST THAMES,Multiple Values,OPEN,FRESHWATER - RIVERS,2021-01-19T11:45:00,MONITORING  (NATIONAL AGENCY POLICY),RIVER / RUNNING SURFACE WATER,6980,Oxamyl,<0.005,MICROGRAM PER LITRE
https://environment.data.gov.uk/water-quality/sampling-point/TH-RSN0018/sample/1341784/observation/6987,TH-RSN0018,RSN0018 RIVER THAMES AT MAGNA CARTA,-0.562,51.4448,Thames,THAMES - WEST THAMES,Multiple Values,OPEN,FRESHWATER - RIVERS,2021-01-19T11:45:00,MONITORING  (NATIONAL AGENCY POLICY),RIVER / RUNNING SURFACE WATER,6987,Propoxur,<0.005,MICROGRAM PER LITRE
https://environment.data.gov.uk/water-quality/sampling-point/TH-RSN0018/sample/1341784/observation/7025,TH-RSN0018,RSN0018 RIVER THAMES AT MAGNA CARTA,-0.562,51.4448,Thames,THAMES - WEST THAMES,Multiple Values,OPEN,FRESHWATER - RIVERS,2021-01-19T11:45:00,MONITORING  (NATIONAL AGENCY POLICY),RIVER / RUNNING SURFACE WATER,7025,Imazapyr,<0.005,MICROGRAM PER LITRE
https://environment.data.gov.uk/water-quality/sampling-point/TH-RSN0018/sample/1341784/observation/7053,TH-RSN0018,RSN0018 RIVER THAMES AT MAGNA CARTA,-0.562,51.4448,Thames,THAMES - WEST THAMES,Multiple Values,OPEN,FRESHWATER - RIVERS,2021-01-19T11:45:00,MONITORING  (NATIONAL AGENCY POLICY),RIVER / RUNNING SURFACE WATER,7053,Methabenzthiazuron,<0.01,MICROGRAM PER LITRE
https://environment.data.gov.uk/water-quality/sampling-point/TH-RSN0018/sample/1341784/observation/7125,TH-RSN0018,RSN0018 RIVER THAMES AT MAGNA CARTA,-0.562,51.4448,Thames,THAMES - WEST THAMES,Multiple Values,OPEN,FRESHWATER - RIVERS,2021-01-19T11:45:00,MONITORING  (NATIONAL AGENCY POLICY),RIVER / RUNNING SURFACE WATER,7125,Aminomethylphosphonic acid,0.22,MICROGRAM PER LITRE
https://environment.data.gov.uk/water-quality/sampling-point/TH-RSN0018/sample/1341784/observation/7726,TH-RSN0018,RSN0018 RIVER THAMES AT MAGNA CARTA,-0.562,51.4448,Thames,THAMES - WEST THAMES,Multiple Values,OPEN,FRESHWATER - RIVERS,2021-01-19T11:45:00,MONITORING  (NATIONAL AGENCY POLICY),RIVER / RUNNING SURFACE WATER,7726,"2,3,6-TBA :- {2,3,6-Trichlorobenzoic acid}",<0.02,MICROGRAM PER LITRE
https://environment.data.gov.uk/water-quality/sampling-point/TH-RSN0018/sample/1341784/observation/7859,TH-RSN0018,RSN0018 RIVER THAMES AT MAGNA CARTA,-0.562,51.4448,Thames,THAMES - WEST THAMES,Multiple Values,OPEN,FRESHWATER - RIVERS,2021-01-19T11:45:00,MONITORING  (NATIONAL AGENCY POLICY),RIVER / RUNNING SURFACE WATER,7859,"Sulphate, Dissolved as SO4",42,MILLIGRAM PER LITRE
https://environment.data.gov.uk/water-quality/sampling-point/TH-RSN0018/sample/1341784/observation/8806,TH-RSN0018,RSN0018 RIVER THAMES AT MAGNA CARTA,-0.562,51.4448,Thames,THAMES - WEST THAMES,Multiple Values,OPEN,FRESHWATER - RIVERS,2021-01-19T11:45:00,MONITORING  (NATIONAL AGENCY POLICY),RIVER / RUNNING SURFACE WATER,8806,Aldicarb sulfoxide,<0.005,MICROGRAM PER LITRE
https://environment.data.gov.uk/water-quality/sampling-point/TH-RSN0018/sample/1341784/observation/8807,TH-RSN0018,RSN0018 RIVER THAMES AT MAGNA CARTA,-0.562,51.4448,Thames,THAMES - WEST THAMES,Multiple Values,OPEN,FRESHWATER - RIVERS,2021-01-19T11:45:00,MONITORING  (NATIONAL AGENCY POLICY),RIVER / RUNNING SURFACE WATER,8807,Aldoxycarb :- {Aldicarb Sulfone},<0.005,MICROGRAM PER LITRE
https://environment.data.gov.uk/water-quality/sampling-point/TH-RSN0018/sample/1341784/observation/8944,TH-RSN0018,RSN0018 RIVER THAMES AT MAGNA CARTA,-0.562,51.4448,Thames,THAMES - WEST THAMES,Multiple Values,OPEN,FRESHWATER - RIVERS,2021-01-19T11:45:00,MONITORING  (NATIONAL AGENCY POLICY),RIVER / RUNNING SURFACE WATER,8944,Tributyl Tin as Cation,<0.0002,MICROGRAM PER LITRE
https://environment.data.gov.uk/water-quality/sampling-point/TH-RSN0018/sample/1341784/observation/9068,TH-RSN0018,RSN0018 RIVER THAMES AT MAGNA CARTA,-0.562,51.4448,Thames,THAMES - WEST THAMES,Multiple Values,OPEN,FRESHWATER - RIVERS,2021-01-19T11:45:00,MONITORING  (NATIONAL AGENCY POLICY),RIVER / RUNNING SURFACE WATER,9068,Ioxynil,<0.005,MICROGRAM PER LITRE
https://environment.data.gov.uk/water-quality/sampling-point/TH-RSN0018/sample/1341784/observation/9073,TH-RSN0018,RSN0018 RIVER THAMES AT MAGNA CARTA,-0.562,51.4448,Thames,THAMES - WEST THAMES,Multiple Values,OPEN,FRESHWATER - RIVERS,2021-01-19T11:45:00,MONITORING  (NATIONAL AGENCY POLICY),RIVER / RUNNING SURFACE WATER,9073,Carbetamide,0.023,MICROGRAM PER LITRE
https://environment.data.gov.uk/water-quality/sampling-point/TH-RSN0018/sample/1341784/observation/9190,TH-RSN0018,RSN0018 RIVER THAMES AT MAGNA CARTA,-0.562,51.4448,Thames,THAMES - WEST THAMES,Multiple Values,OPEN,FRESHWATER - RIVERS,2021-01-19T11:45:00,MONITORING  (NATIONAL AGENCY POLICY),RIVER / RUNNING SURFACE WATER,9190,4-Nonylphenol Branched,<0.04,MICROGRAM PER LITRE
https://environment.data.gov.uk/water-quality/sampling-point/TH-RSN0018/sample/1341784/observation/9267,TH-RSN0018,RSN0018 RIVER THAMES AT MAGNA CARTA,-0.562,51.4448,Thames,THAMES - WEST THAMES,Multiple Values,OPEN,FRESHWATER - RIVERS,2021-01-19T11:45:00,MONITORING  (NATIONAL AGENCY POLICY),RIVER / RUNNING SURFACE WATER,9267,4-tert-Octylphenol :- {p-tert-Octylphenol},<0.01,MICROGRAM PER LITRE
https://environment.data.gov.uk/water-quality/sampling-point/TH-RSN0018/sample/1341784/observation/9274,TH-RSN0018,RSN0018 RIVER THAMES AT MAGNA CARTA,-0.562,51.4448,Thames,THAMES - WEST THAMES,Multiple Values,OPEN,FRESHWATER - RIVERS,2021-01-19T11:45:00,MONITORING  (NATIONAL AGENCY POLICY),RIVER / RUNNING SURFACE WATER,9274,Perfluorooctanoate anion,0.0022,MICROGRAM PER LITRE
https://environment.data.gov.uk/water-quality/sampling-point/TH-RSN0018/sample/1341784/observation/9276,TH-RSN0018,RSN0018 RIVER THAMES AT MAGNA CARTA,-0.562,51.4448,Thames,THAMES - WEST THAMES,Multiple Values,OPEN,FRESHWATER - RIVERS,2021-01-19T11:45:00,MONITORING  (NATIONAL AGENCY POLICY),RIVER / RUNNING SURFACE WATER,9276,Perfluorooctylsulphonate anion,0.004,MICROGRAM PER LITRE
https://environment.data.gov.uk/water-quality/sampling-point/TH-RSN0018/sample/1341784/observation/9339,TH-RSN0018,RSN0018 RIVER THAMES AT MAGNA CARTA,-0.562,51.4448,Thames,THAMES - WEST THAMES,Multiple Values,OPEN,FRESHWATER - RIVERS,2021-01-19T11:45:00,MONITORING  (NATIONAL AGENCY POLICY),RIVER / RUNNING SURFACE WATER,9339,Fenuron,<0.01,MICROGRAM PER LITRE
https://environment.data.gov.uk/water-quality/sampling-point/TH-RSN0018/sample/1341784/observation/9341,TH-RSN0018,RSN0018 RIVER THAMES AT MAGNA CARTA,-0.562,51.4448,Thames,THAMES - WEST THAMES,Multiple Values,OPEN,FRESHWATER - RIVERS,2021-01-19T11:45:00,MONITORING  (NATIONAL AGENCY POLICY),RIVER / RUNNING SURFACE WATER,9341,cis-Permethrin,<0.0001,MICROGRAM PER LITRE
https://environment.data.gov.uk/water-quality/sampling-point/TH-RSN0018/sample/1341784/observation/9342,TH-RSN0018,RSN0018 RIVER THAMES AT MAGNA CARTA,-0.562,51.4448,Thames,THAMES - WEST THAMES,Multiple Values,OPEN,FRESHWATER - RIVERS,2021-01-19T11:45:00,MONITORING  (NATIONAL AGENCY POLICY),RIVER / RUNNING SURFACE WATER,9342,trans-Permethrin,<0.0001,MICROGRAM PER LITRE
https://environment.data.gov.uk/water-quality/sampling-point/TH-RSN0018/sample/1341784/observation/9343,TH-RSN0018,RSN0018 RIVER THAMES AT MAGNA CARTA,-0.562,51.4448,Thames,THAMES - WEST THAMES,Multiple Values,OPEN,FRESHWATER - RIVERS,2021-01-19T11:45:00,MONITORING  (NATIONAL AGENCY POLICY),RIVER / RUNNING SURFACE WATER,9343,Carbaryl,<0.01,MICROGRAM PER LITRE
https://environment.data.gov.uk/water-quality/sampling-point/TH-RSN0018/sample/1341784/observation/9344,TH-RSN0018,RSN0018 RIVER THAMES AT MAGNA CARTA,-0.562,51.4448,Thames,THAMES - WEST THAMES,Multiple Values,OPEN,FRESHWATER - RIVERS,2021-01-19T11:45:00,MONITORING  (NATIONAL AGENCY POLICY),RIVER / RUNNING SURFACE WATER,9344,Aldicarb,<0.005,MICROGRAM PER LITRE
https://environment.data.gov.uk/water-quality/sampling-point/TH-RSN0018/sample/1341784/observation/9345,TH-RSN0018,RSN0018 RIVER THAMES AT MAGNA CARTA,-0.562,51.4448,Thames,THAMES - WEST THAMES,Multiple Values,OPEN,FRESHWATER - RIVERS,2021-01-19T11:45:00,MONITORING  (NATIONAL AGENCY POLICY),RIVER / RUNNING SURFACE WATER,9345,Diflurobenzuron,<0.01,MICROGRAM PER LITRE
https://environment.data.gov.uk/water-quality/sampling-point/TH-RSN0018/sample/1341784/observation/9348,TH-RSN0018,RSN0018 RIVER THAMES AT MAGNA CARTA,-0.562,51.4448,Thames,THAMES - WEST THAMES,Multiple Values,OPEN,FRESHWATER - RIVERS,2021-01-19T11:45:00,MONITORING  (NATIONAL AGENCY POLICY),RIVER / RUNNING SURFACE WATER,9348,Chlorotoluron,<0.01,MICROGRAM PER LITRE
https://environment.data.gov.uk/water-quality/sampling-point/TH-RSN0018/sample/1341784/observation/9446,TH-RSN0018,RSN0018 RIVER THAMES AT MAGNA CARTA,-0.562,51.4448,Thames,THAMES - WEST THAMES,Multiple Values,OPEN,FRESHWATER - RIVERS,2021-01-19T11:45:00,MONITORING  (NATIONAL AGENCY POLICY),RIVER / RUNNING SURFACE WATER,9446,"Barium, Dissolved",17,MICROGRAM PER LITRE
https://environment.data.gov.uk/water-quality/sampling-point/TH-RSN0018/sample/1341784/observation/9447,TH-RSN0018,RSN0018 RIVER THAMES AT MAGNA CARTA,-0.562,51.4448,Thames,THAMES - WEST THAMES,Multiple Values,OPEN,FRESHWATER - RIVERS,2021-01-19T11:45:00,MONITORING  (NATIONAL AGENCY POLICY),RIVER / RUNNING SURFACE WATER,9447,"Boron, Dissolved",<100,MICROGRAM PER LITRE
https://environment.data.gov.uk/water-quality/sampling-point/TH-RSN0018/sample/1341784/observation/9686,TH-RSN0018,RSN0018 RIVER THAMES AT MAGNA CARTA,-0.562,51.4448,Thames,THAMES - WEST THAMES,Multiple Values,OPEN,FRESHWATER - RIVERS,2021-01-19T11:45:00,MONITORING  (NATIONAL AGENCY POLICY),RIVER / RUNNING SURFACE WATER,9686,"Nitrogen, Total as N",6.7,MILLIGRAM PER LITRE
https://environment.data.gov.uk/water-quality/sampling-point/TH-RSN0018/sample/1341784/observation/9756,TH-RSN0018,RSN0018 RIVER THAMES AT MAGNA CARTA,-0.562,51.4448,Thames,THAMES - WEST THAMES,Multiple Values,OPEN,FRESHWATER - RIVERS,2021-01-19T11:45:00,MONITORING  (NATIONAL AGENCY POLICY),RIVER / RUNNING SURFACE WATER,9756,Neburon,<0.01,MICROGRAM PER LITRE
https://environment.data.gov.uk/water-quality/sampling-point/TH-RSN0018/sample/1341784/observation/9861,TH-RSN0018,RSN0018 RIVER THAMES AT MAGNA CARTA,-0.562,51.4448,Thames,THAMES - WEST THAMES,Multiple Values,OPEN,FRESHWATER - RIVERS,2021-01-19T11:45:00,MONITORING  (NATIONAL AGENCY POLICY),RIVER / RUNNING SURFACE WATER,9861,Metsulfuron-methyl,<0.01,MICROGRAM PER LITRE
https://environment.data.gov.uk/water-quality/sampling-point/TH-RSN0018/sample/1341784/observation/9883,TH-RSN0018,RSN0018 RIVER THAMES AT MAGNA CARTA,-0.562,51.4448,Thames,THAMES - WEST THAMES,Multiple Values,OPEN,FRESHWATER - RIVERS,2021-01-19T11:45:00,MONITORING  (NATIONAL AGENCY POLICY),RIVER / RUNNING SURFACE WATER,9883,Picloram,<0.005,MICROGRAM PER LITRE
https://environment.data.gov.uk/water-quality/sampling-point/TH-RSN0018/sample/1341784/observation/9889,TH-RSN0018,RSN0018 RIVER THAMES AT MAGNA CARTA,-0.562,51.4448,Thames,THAMES - WEST THAMES,Multiple Values,OPEN,FRESHWATER - RIVERS,2021-01-19T11:45:00,MONITORING  (NATIONAL AGENCY POLICY),RIVER / RUNNING SURFACE WATER,9889,Oestrone :- {E1},0.42,NANOGRAM PER LITRE
https://environment.data.gov.uk/water-quality/sampling-point/TH-RSN0018/sample/1341784/observation/9898,TH-RSN0018,RSN0018 RIVER THAMES AT MAGNA CARTA,-0.562,51.4448,Thames,THAMES - WEST THAMES,Multiple Values,OPEN,FRESHWATER - RIVERS,2021-01-19T11:45:00,MONITORING  (NATIONAL AGENCY POLICY),RIVER / RUNNING SURFACE WATER,9898,17beta oestradiol :- {E2},0.041,NANOGRAM PER LITRE
https://environment.data.gov.uk/water-quality/sampling-point/TH-RSN0018/sample/1341784/observation/9899,TH-RSN0018,RSN0018 RIVER THAMES AT MAGNA CARTA,-0.562,51.4448,Thames,THAMES - WEST THAMES,Multiple Values,OPEN,FRESHWATER - RIVERS,2021-01-19T11:45:00,MONITORING  (NATIONAL AGENCY POLICY),RIVER / RUNNING SURFACE WATER,9899,17alpha ethynyloestradiol :- {EE2},0.072,NANOGRAM PER LITRE
https://environment.data.gov.uk/water-quality/sampling-point/TH-RSN0018/sample/1341784/observation/9901,TH-RSN0018,RSN0018 RIVER THAMES AT MAGNA CARTA,-0.562,51.4448,Thames,THAMES - WEST THAMES,Multiple Values,OPEN,FRESHWATER - RIVERS,2021-01-19T11:45:00,MONITORING  (NATIONAL AGENCY POLICY),RIVER / RUNNING SURFACE WATER,9901,"Oxygen, Dissolved, % Saturation",101.1,PERCENTAGE
https://environment.data.gov.uk/water-quality/sampling-point/TH-RSN0018/sample/1341784/observation/9924,TH-RSN0018,RSN0018 RIVER THAMES AT MAGNA CARTA,-0.562,51.4448,Thames,THAMES - WEST THAMES,Multiple Values,OPEN,FRESHWATER - RIVERS,2021-01-19T11:45:00,MONITORING  (NATIONAL AGENCY POLICY),RIVER / RUNNING SURFACE WATER,9924,"Oxygen, Dissolved as O2",12.5,MILLIGRAM PER LITRE
https://environment.data.gov.uk/water-quality/sampling-point/TH-RSN0018/sample/1342973/observation/0052,TH-RSN0018,RSN0018 RIVER THAMES AT MAGNA CARTA,-0.562,51.4448,Thames,THAMES - WEST THAMES,Multiple Values,OPEN,FRESHWATER - RIVERS,2021-02-25T11:01:00,MONITORING  (NATIONAL AGENCY POLICY),RIVER / RUNNING SURFACE WATER,0052,"Lead, Dissolved",<0.1,MICROGRAM PER LITRE
https://environment.data.gov.uk/water-quality/sampling-point/TH-RSN0018/sample/1342973/observation/0061,TH-RSN0018,RSN0018 RIVER THAMES AT MAGNA CARTA,-0.562,51.4448,Thames,THAMES - WEST THAMES,Multiple Values,OPEN,FRESHWATER - RIVERS,2021-02-25T11:01:00,MONITORING  (NATIONAL AGENCY POLICY),RIVER / RUNNING SURFACE WATER,0061,pH,8.12,PH UNITS
https://environment.data.gov.uk/water-quality/sampling-point/TH-RSN0018/sample/1342973/observation/0073,TH-RSN0018,RSN0018 RIVER THAMES AT MAGNA CARTA,-0.562,51.4448,Thames,THAMES - WEST THAMES,Multiple Values,OPEN,FRESHWATER - RIVERS,2021-02-25T11:01:00,MONITORING  (NATIONAL AGENCY POLICY),RIVER / RUNNING SURFACE WATER,0073,Cypermethrin,<0.00001,MICROGRAM PER LITRE
https://environment.data.gov.uk/water-quality/sampling-point/TH-RSN0018/sample/1342973/observation/0076,TH-RSN0018,RSN0018 RIVER THAMES AT MAGNA CARTA,-0.562,51.4448,Thames,THAMES - WEST THAMES,Multiple Values,OPEN,FRESHWATER - RIVERS,2021-02-25T11:01:00,MONITORING  (NATIONAL AGENCY POLICY),RIVER / RUNNING SURFACE WATER,0076,Temperature of Water,9.5,CELSIUS
https://environment.data.gov.uk/water-quality/sampling-point/TH-RSN0018/sample/1342973/observation/0077,TH-RSN0018,RSN0018 RIVER THAMES AT MAGNA CARTA,-0.562,51.4448,Thames,THAMES - WEST THAMES,Multiple Values,OPEN,FRESHWATER - RIVERS,2021-02-25T11:01:00,MONITORING  (NATIONAL AGENCY POLICY),RIVER / RUNNING SURFACE WATER,0077,Conductivity at 25 C,641,MICROSIEMENS PER CENTIMETRE
https://environment.data.gov.uk/water-quality/sampling-point/TH-RSN0018/sample/1342973/observation/0106,TH-RSN0018,RSN0018 RIVER THAMES AT MAGNA CARTA,-0.562,51.4448,Thames,THAMES - WEST THAMES,Multiple Values,OPEN,FRESHWATER - RIVERS,2021-02-25T11:01:00,MONITORING  (NATIONAL AGENCY POLICY),RIVER / RUNNING SURFACE WATER,0106,"Cadmium, Dissolved",<0.01,MICROGRAM PER LITRE
https://environment.data.gov.uk/water-quality/sampling-point/TH-RSN0018/sample/1342973/observation/0111,TH-RSN0018,RSN0018 RIVER THAMES AT MAGNA CARTA,-0.562,51.4448,Thames,THAMES - WEST THAMES,Multiple Values,OPEN,FRESHWATER - RIVERS,2021-02-25T11:01:00,MONITORING  (NATIONAL AGENCY POLICY),RIVER / RUNNING SURFACE WATER,0111,Ammoniacal Nitrogen as N,0.053,MILLIGRAM PER LITRE
https://environment.data.gov.uk/water-quality/sampling-point/TH-RSN0018/sample/1342973/observation/0116,TH-RSN0018,RSN0018 RIVER THAMES AT MAGNA CARTA,-0.562,51.4448,Thames,THAMES - WEST THAMES,Multiple Values,OPEN,FRESHWATER - RIVERS,2021-02-25T11:01:00,MONITORING  (NATIONAL AGENCY POLICY),RIVER / RUNNING SURFACE WATER,0116,"Nitrogen, Total Oxidised as N",6.7,MILLIGRAM PER LITRE
https://environment.data.gov.uk/water-quality/sampling-point/TH-RSN0018/sample/1342973/observation/0117,TH-RSN0018,RSN0018 RIVER THAMES AT MAGNA CARTA,-0.562,51.4448,Thames,THAMES - WEST THAMES,Multiple Values,OPEN,FRESHWATER - RIVERS,2021-02-25T11:01:00,MONITORING  (NATIONAL AGENCY POLICY),RIVER / RUNNING SURFACE WATER,0117,Nitrate as N,6.67,MILLIGRAM PER LITRE
https://environment.data.gov.uk/water-quality/sampling-point/TH-RSN0018/sample/1342973/observation/0118,TH-RSN0018,RSN0018 RIVER THAMES AT MAGNA CARTA,-0.562,51.4448,Thames,THAMES - WEST THAMES,Multiple Values,OPEN,FRESHWATER - RIVERS,2021-02-25T11:01:00,MONITORING  (NATIONAL AGENCY POLICY),RIVER / RUNNING SURFACE WATER,0118,Nitrite as N,0.026,MILLIGRAM PER LITRE
https://environment.data.gov.uk/water-quality/sampling-point/TH-RSN0018/sample/1342973/observation/0119,TH-RSN0018,RSN0018 RIVER THAMES AT MAGNA CARTA,-0.562,51.4448,Thames,THAMES - WEST THAMES,Multiple Values,OPEN,FRESHWATER - RIVERS,2021-02-25T11:01:00,MONITORING  (NATIONAL AGENCY POLICY),RIVER / RUNNING SURFACE WATER,0119,Ammonia un-ionised as N,0.00093,MILLIGRAM PER LITRE
https://environment.data.gov.uk/water-quality/sampling-point/TH-RSN0018/sample/1342973/observation/0158,TH-RSN0018,RSN0018 RIVER THAMES AT MAGNA CARTA,-0.562,51.4448,Thames,THAMES - WEST THAMES,Multiple Values,OPEN,FRESHWATER - RIVERS,2021-02-25T11:01:00,MONITORING  (NATIONAL AGENCY POLICY),RIVER / RUNNING SURFACE WATER,0158,"Hardness, Total as CaCO3",293,MILLIGRAM PER LITRE
https://environment.data.gov.uk/water-quality/sampling-point/TH-RSN0018/sample/1342973/observation/0162,TH-RSN0018,RSN0018 RIVER THAMES AT MAGNA CARTA,-0.562,51.4448,Thames,THAMES - WEST THAMES,Multiple Values,OPEN,FRESHWATER - RIVERS,2021-02-25T11:01:00,MONITORING  (NATIONAL AGENCY POLICY),RIVER / RUNNING SURFACE WATER,0162,Alkalinity to pH 4.5 as CaCO3,230,MILLIGRAM PER LITRE
https://environment.data.gov.uk/water-quality/sampling-point/TH-RSN0018/sample/1342973/observation/0163,TH-RSN0018,RSN0018 RIVER THAMES AT MAGNA CARTA,-0.562,51.4448,Thames,THAMES - WEST THAMES,Multiple Values,OPEN,FRESHWATER - RIVERS,2021-02-25T11:01:00,MONITORING  (NATIONAL AGENCY POLICY),RIVER / RUNNING SURFACE WATER,0163,"Hardness, Calcium",275,MILLIGRAM PER LITRE
https://environment.data.gov.uk/water-quality/sampling-point/TH-RSN0018/sample/1342973/observation/0172,TH-RSN0018,RSN0018 RIVER THAMES AT MAGNA CARTA,-0.562,51.4448,Thames,THAMES - WEST THAMES,Multiple Values,OPEN,FRESHWATER - RIVERS,2021-02-25T11:01:00,MONITORING  (NATIONAL AGENCY POLICY),RIVER / RUNNING SURFACE WATER,0172,Chloride,30,MILLIGRAM PER LITRE
https://environment.data.gov.uk/water-quality/sampling-point/TH-RSN0018/sample/1342973/observation/0180,TH-RSN0018,RSN0018 RIVER THAMES AT MAGNA CARTA,-0.562,51.4448,Thames,THAMES - WEST THAMES,Multiple Values,OPEN,FRESHWATER - RIVERS,2021-02-25T11:01:00,MONITORING  (NATIONAL AGENCY POLICY),RIVER / RUNNING SURFACE WATER,0180,"Orthophosphate, reactive as P",0.093,MILLIGRAM PER LITRE
https://environment.data.gov.uk/water-quality/sampling-point/TH-RSN0018/sample/1342973/observation/0182,TH-RSN0018,RSN0018 RIVER THAMES AT MAGNA CARTA,-0.562,51.4448,Thames,THAMES - WEST THAMES,Multiple Values,OPEN,FRESHWATER - RIVERS,2021-02-25T11:01:00,MONITORING  (NATIONAL AGENCY POLICY),RIVER / RUNNING SURFACE WATER,0182,"Silica, reactive as SiO2",9.5,MILLIGRAM PER LITRE
https://environment.data.gov.uk/water-quality/sampling-point/TH-RSN0018/sample/1342973/observation/0205,TH-RSN0018,RSN0018 RIVER THAMES AT MAGNA CARTA,-0.562,51.4448,Thames,THAMES - WEST THAMES,Multiple Values,OPEN,FRESHWATER - RIVERS,2021-02-25T11:01:00,MONITORING  (NATIONAL AGENCY POLICY),RIVER / RUNNING SURFACE WATER,0205,"Sodium, Dissolved",20,MILLIGRAM PER LITRE
https://environment.data.gov.uk/water-quality/sampling-point/TH-RSN0018/sample/1342973/observation/0209,TH-RSN0018,RSN0018 RIVER THAMES AT MAGNA CARTA,-0.562,51.4448,Thames,THAMES - WEST THAMES,Multiple Values,OPEN,FRESHWATER - RIVERS,2021-02-25T11:01:00,MONITORING  (NATIONAL AGENCY POLICY),RIVER / RUNNING SURFACE WATER,0209,"Potassium, Dissolved",3.8,MILLIGRAM PER LITRE
https://environment.data.gov.uk/water-quality/sampling-point/TH-RSN0018/sample/1342973/observation/0235,TH-RSN0018,RSN0018 RIVER THAMES AT MAGNA CARTA,-0.562,51.4448,Thames,THAMES - WEST THAMES,Multiple Values,OPEN,FRESHWATER - RIVERS,2021-02-25T11:01:00,MONITORING  (NATIONAL AGENCY POLICY),RIVER / RUNNING SURFACE WATER,0235,"Magnesium, Dissolved",4.4,MILLIGRAM PER LITRE
https://environment.data.gov.uk/water-quality/sampling-point/TH-RSN0018/sample/1342973/observation/0239,TH-RSN0018,RSN0018 RIVER THAMES AT MAGNA CARTA,-0.562,51.4448,Thames,THAMES - WEST THAMES,Multiple Values,OPEN,FRESHWATER - RIVERS,2021-02-25T11:01:00,MONITORING  (NATIONAL AGENCY POLICY),RIVER / RUNNING SURFACE WATER,0239,"Calcium, Dissolved",110,MILLIGRAM PER LITRE
https://environment.data.gov.uk/water-quality/sampling-point/TH-RSN0018/sample/1342973/observation/0301,TH-RSN0018,RSN0018 RIVER THAMES AT MAGNA CARTA,-0.562,51.4448,Thames,THAMES - WEST THAMES,Multiple Values,OPEN,FRESHWATER - RIVERS,2021-02-25T11:01:00,MONITORING  (NATIONAL AGENCY POLICY),RIVER / RUNNING SURFACE WATER,0301,"Carbon, Organic, Dissolved as C :- {DOC}",3.8,MILLIGRAM PER LITRE
https://environment.data.gov.uk/water-quality/sampling-point/TH-RSN0018/sample/1342973/observation/0348,TH-RSN0018,RSN0018 RIVER THAMES AT MAGNA CARTA,-0.562,51.4448,Thames,THAMES - WEST THAMES,Multiple Values,OPEN,FRESHWATER - RIVERS,2021-02-25T11:01:00,MONITORING  (NATIONAL AGENCY POLICY),RIVER / RUNNING SURFACE WATER,0348,"Phosphorus, Total as P",0.11,MILLIGRAM PER LITRE
https://environment.data.gov.uk/water-quality/sampling-point/TH-RSN0018/sample/1342973/observation/0714,TH-RSN0018,RSN0018 RIVER THAMES AT MAGNA CARTA,-0.562,51.4448,Thames,THAMES - WEST THAMES,Multiple Values,OPEN,FRESHWATER - RIVERS,2021-02-25T11:01:00,MONITORING  (NATIONAL AGENCY POLICY),RIVER / RUNNING SURFACE WATER,0714,"Benzo(g,h,i)Perylene",<0.01,MICROGRAM PER LITRE
https://environment.data.gov.uk/water-quality/sampling-point/TH-RSN0018/sample/1342973/observation/0731,TH-RSN0018,RSN0018 RIVER THAMES AT MAGNA CARTA,-0.562,51.4448,Thames,THAMES - WEST THAMES,Multiple Values,OPEN,FRESHWATER - RIVERS,2021-02-25T11:01:00,MONITORING  (NATIONAL AGENCY POLICY),RIVER / RUNNING SURFACE WATER,0731,Benzo(b)Fluoranthene,<0.01,MICROGRAM PER LITRE
https://environment.data.gov.uk/water-quality/sampling-point/TH-RSN0018/sample/1342973/observation/0733,TH-RSN0018,RSN0018 RIVER THAMES AT MAGNA CARTA,-0.562,51.4448,Thames,THAMES - WEST THAMES,Multiple Values,OPEN,FRESHWATER - RIVERS,2021-02-25T11:01:00,MONITORING  (NATIONAL AGENCY POLICY),RIVER / RUNNING SURFACE WATER,0733,Benzo(k)Fluoranthene,<0.01,MICROGRAM PER LITRE
https://environment.data.gov.uk/water-quality/sampling-point/TH-RSN0018/sample/1342973/observation/0736,TH-RSN0018,RSN0018 RIVER THAMES AT MAGNA CARTA,-0.562,51.4448,Thames,THAMES - WEST THAMES,Multiple Values,OPEN,FRESHWATER - RIVERS,2021-02-25T11:01:00,MONITORING  (NATIONAL AGENCY POLICY),RIVER / RUNNING SURFACE WATER,0736,Fluoranthene,<0.01,MICROGRAM PER LITRE
https://environment.data.gov.uk/water-quality/sampling-point/TH-RSN0018/sample/1342973/observation/0746,TH-RSN0018,RSN0018 RIVER THAMES AT MAGNA CARTA,-0.562,51.4448,Thames,THAMES - WEST THAMES,Multiple Values,OPEN,FRESHWATER - RIVERS,2021-02-25T11:01:00,MONITORING  (NATIONAL AGENCY POLICY),RIVER / RUNNING SURFACE WATER,0746,"Indeno(1,2,3-cd)pyrene",<0.01,MICROGRAM PER LITRE
https://environment.data.gov.uk/water-quality/sampling-point/TH-RSN0018/sample/1342973/observation/3004,TH-RSN0018,RSN0018 RIVER THAMES AT MAGNA CARTA,-0.562,51.4448,Thames,THAMES - WEST THAMES,Multiple Values,OPEN,FRESHWATER - RIVERS,2021-02-25T11:01:00,MONITORING  (NATIONAL AGENCY POLICY),RIVER / RUNNING SURFACE WATER,3004,Asulam,<0.02,MICROGRAM PER LITRE
https://environment.data.gov.uk/water-quality/sampling-point/TH-RSN0018/sample/1342973/observation/3007,TH-RSN0018,RSN0018 RIVER THAMES AT MAGNA CARTA,-0.562,51.4448,Thames,THAMES - WEST THAMES,Multiple Values,OPEN,FRESHWATER - RIVERS,2021-02-25T11:01:00,MONITORING  (NATIONAL AGENCY POLICY),RIVER / RUNNING SURFACE WATER,3007,Glyphosate,<0.1,MICROGRAM PER LITRE
https://environment.data.gov.uk/water-quality/sampling-point/TH-RSN0018/sample/1342973/observation/3086,TH-RSN0018,RSN0018 RIVER THAMES AT MAGNA CARTA,-0.562,51.4448,Thames,THAMES - WEST THAMES,Multiple Values,OPEN,FRESHWATER - RIVERS,2021-02-25T11:01:00,MONITORING  (NATIONAL AGENCY POLICY),RIVER / RUNNING SURFACE WATER,3086,Carbofuran,<0.005,MICROGRAM PER LITRE
https://environment.data.gov.uk/water-quality/sampling-point/TH-RSN0018/sample/1342973/observation/3117,TH-RSN0018,RSN0018 RIVER THAMES AT MAGNA CARTA,-0.562,51.4448,Thames,THAMES - WEST THAMES,Multiple Values,OPEN,FRESHWATER - RIVERS,2021-02-25T11:01:00,MONITORING  (NATIONAL AGENCY POLICY),RIVER / RUNNING SURFACE WATER,3117,Isoproturon,<0.01,MICROGRAM PER LITRE
https://environment.data.gov.uk/water-quality/sampling-point/TH-RSN0018/sample/1342973/observation/3118,TH-RSN0018,RSN0018 RIVER THAMES AT MAGNA CARTA,-0.562,51.4448,Thames,THAMES - WEST THAMES,Multiple Values,OPEN,FRESHWATER - RIVERS,2021-02-25T11:01:00,MONITORING  (NATIONAL AGENCY POLICY),RIVER / RUNNING SURFACE WATER,3118,Linuron,<0.01,MICROGRAM PER LITRE
https://environment.data.gov.uk/water-quality/sampling-point/TH-RSN0018/sample/1342973/observation/3130,TH-RSN0018,RSN0018 RIVER THAMES AT MAGNA CARTA,-0.562,51.4448,Thames,THAMES - WEST THAMES,Multiple Values,OPEN,FRESHWATER - RIVERS,2021-02-25T11:01:00,MONITORING  (NATIONAL AGENCY POLICY),RIVER / RUNNING SURFACE WATER,3130,Metoxuron,<0.01,MICROGRAM PER LITRE
https://environment.data.gov.uk/water-quality/sampling-point/TH-RSN0018/sample/1342973/observation/3341,TH-RSN0018,RSN0018 RIVER THAMES AT MAGNA CARTA,-0.562,51.4448,Thames,THAMES - WEST THAMES,Multiple Values,OPEN,FRESHWATER - RIVERS,2021-02-25T11:01:00,MONITORING  (NATIONAL AGENCY POLICY),RIVER / RUNNING SURFACE WATER,3341,4-Chloro-2-methylphenol :- {p-Chloro-o-cresol},<0.05,MICROGRAM PER LITRE
https://environment.data.gov.uk/water-quality/sampling-point/TH-RSN0018/sample/1342973/observation/3377,TH-RSN0018,RSN0018 RIVER THAMES AT MAGNA CARTA,-0.562,51.4448,Thames,THAMES - WEST THAMES,Multiple Values,OPEN,FRESHWATER - RIVERS,2021-02-25T11:01:00,MONITORING  (NATIONAL AGENCY POLICY),RIVER / RUNNING SURFACE WATER,3377,Lead : BLM Bioavailable,0.01,MICROGRAM PER LITRE
https://environment.data.gov.uk/water-quality/sampling-point/TH-RSN0018/sample/1342973/observation/3399,TH-RSN0018,RSN0018 RIVER THAMES AT MAGNA CARTA,-0.562,51.4448,Thames,THAMES - WEST THAMES,Multiple Values,OPEN,FRESHWATER - RIVERS,2021-02-25T11:01:00,MONITORING  (NATIONAL AGENCY POLICY),RIVER / RUNNING SURFACE WATER,3399,Chloroxuron,<0.01,MICROGRAM PER LITRE
https://environment.data.gov.uk/water-quality/sampling-point/TH-RSN0018/sample/1342973/observation/3400,TH-RSN0018,RSN0018 RIVER THAMES AT MAGNA CARTA,-0.562,51.4448,Thames,THAMES - WEST THAMES,Multiple Values,OPEN,FRESHWATER - RIVERS,2021-02-25T11:01:00,MONITORING  (NATIONAL AGENCY POLICY),RIVER / RUNNING SURFACE WATER,3400,Monuron,<0.01,MICROGRAM PER LITRE
https://environment.data.gov.uk/water-quality/sampling-point/TH-RSN0018/sample/1342973/observation/3408,TH-RSN0018,RSN0018 RIVER THAMES AT MAGNA CARTA,-0.562,51.4448,Thames,THAMES - WEST THAMES,Multiple Values,OPEN,FRESHWATER - RIVERS,2021-02-25T11:01:00,MONITORING  (NATIONAL AGENCY POLICY),RIVER / RUNNING SURFACE WATER,3408,"Zinc, Dissolved",2.2,MICROGRAM PER LITRE
https://environment.data.gov.uk/water-quality/sampling-point/TH-RSN0018/sample/1342973/observation/3409,TH-RSN0018,RSN0018 RIVER THAMES AT MAGNA CARTA,-0.562,51.4448,Thames,THAMES - WEST THAMES,Multiple Values,OPEN,FRESHWATER - RIVERS,2021-02-25T11:01:00,MONITORING  (NATIONAL AGENCY POLICY),RIVER / RUNNING SURFACE WATER,3409,"Chromium, Dissolved",<0.5,MICROGRAM PER LITRE
https://environment.data.gov.uk/water-quality/sampling-point/TH-RSN0018/sample/1342973/observation/3410,TH-RSN0018,RSN0018 RIVER THAMES AT MAGNA CARTA,-0.562,51.4448,Thames,THAMES - WEST THAMES,Multiple Values,OPEN,FRESHWATER - RIVERS,2021-02-25T11:01:00,MONITORING  (NATIONAL AGENCY POLICY),RIVER / RUNNING SURFACE WATER,3410,"Nickel, Dissolved",0.96,MICROGRAM PER LITRE
https://environment.data.gov.uk/water-quality/sampling-point/TH-RSN0018/sample/1342973/observation/3475,TH-RSN0018,RSN0018 RIVER THAMES AT MAGNA CARTA,-0.562,51.4448,Thames,THAMES - WEST THAMES,Multiple Values,OPEN,FRESHWATER - RIVERS,2021-02-25T11:01:00,MONITORING  (NATIONAL AGENCY POLICY),RIVER / RUNNING SURFACE WATER,3475,Carbendazim,<0.01,MICROGRAM PER LITRE
https://environment.data.gov.uk/water-quality/sampling-point/TH-RSN0018/sample/1342973/observation/3545,TH-RSN0018,RSN0018 RIVER THAMES AT MAGNA CARTA,-0.562,51.4448,Thames,THAMES - WEST THAMES,Multiple Values,OPEN,FRESHWATER - RIVERS,2021-02-25T11:01:00,MONITORING  (NATIONAL AGENCY POLICY),RIVER / RUNNING SURFACE WATER,3545,"2,4-D :- {2,4-Dichlorophenoxyacetic acid}",<0.005,MICROGRAM PER LITRE
https://environment.data.gov.uk/water-quality/sampling-point/TH-RSN0018/sample/1342973/observation/3546,TH-RSN0018,RSN0018 RIVER THAMES AT MAGNA CARTA,-0.562,51.4448,Thames,THAMES - WEST THAMES,Multiple Values,OPEN,FRESHWATER - RIVERS,2021-02-25T11:01:00,MONITORING  (NATIONAL AGENCY POLICY),RIVER / RUNNING SURFACE WATER,3546,"2,4,5-T :- {2,4,5-Trichlorophenoxyacetic acid}",<0.005,MICROGRAM PER LITRE
https://environment.data.gov.uk/water-quality/sampling-point/TH-RSN0018/sample/1342973/observation/3547,TH-RSN0018,RSN0018 RIVER THAMES AT MAGNA CARTA,-0.562,51.4448,Thames,THAMES - WEST THAMES,Multiple Values,OPEN,FRESHWATER - RIVERS,2021-02-25T11:01:00,MONITORING  (NATIONAL AGENCY POLICY),RIVER / RUNNING SURFACE WATER,3547,4-Chlorophenoxyacetic acid,<0.005,MICROGRAM PER LITRE
https://environment.data.gov.uk/water-quality/sampling-point/TH-RSN0018/sample/1342973/observation/3548,TH-RSN0018,RSN0018 RIVER THAMES AT MAGNA CARTA,-0.562,51.4448,Thames,THAMES - WEST THAMES,Multiple Values,OPEN,FRESHWATER - RIVERS,2021-02-25T11:01:00,MONITORING  (NATIONAL AGENCY POLICY),RIVER / RUNNING SURFACE WATER,3548,MCPA :- {4-Chloro-2-methylphenoxyacetic acid} ,<0.005,MICROGRAM PER LITRE
https://environment.data.gov.uk/water-quality/sampling-point/TH-RSN0018/sample/1342973/observation/3549,TH-RSN0018,RSN0018 RIVER THAMES AT MAGNA CARTA,-0.562,51.4448,Thames,THAMES - WEST THAMES,Multiple Values,OPEN,FRESHWATER - RIVERS,2021-02-25T11:01:00,MONITORING  (NATIONAL AGENCY POLICY),RIVER / RUNNING SURFACE WATER,3549,Mecoprop,<0.005,MICROGRAM PER LITRE
https://environment.data.gov.uk/water-quality/sampling-point/TH-RSN0018/sample/1342973/observation/3550,TH-RSN0018,RSN0018 RIVER THAMES AT MAGNA CARTA,-0.562,51.4448,Thames,THAMES - WEST THAMES,Multiple Values,OPEN,FRESHWATER - RIVERS,2021-02-25T11:01:00,MONITORING  (NATIONAL AGENCY POLICY),RIVER / RUNNING SURFACE WATER,3550,Dicamba,<0.01,MICROGRAM PER LITRE
https://environment.data.gov.uk/water-quality/sampling-point/TH-RSN0018/sample/1342973/observation/3551,TH-RSN0018,RSN0018 RIVER THAMES AT MAGNA CARTA,-0.562,51.4448,Thames,THAMES - WEST THAMES,Multiple Values,OPEN,FRESHWATER - RIVERS,2021-02-25T11:01:00,MONITORING  (NATIONAL AGENCY POLICY),RIVER / RUNNING SURFACE WATER,3551,"Dichlorprop :- {2,4-DP}",<0.005,MICROGRAM PER LITRE
https://environment.data.gov.uk/water-quality/sampling-point/TH-RSN0018/sample/1342973/observation/3552,TH-RSN0018,RSN0018 RIVER THAMES AT MAGNA CARTA,-0.562,51.4448,Thames,THAMES - WEST THAMES,Multiple Values,OPEN,FRESHWATER - RIVERS,2021-02-25T11:01:00,MONITORING  (NATIONAL AGENCY POLICY),RIVER / RUNNING SURFACE WATER,3552,Fenoprop,<0.005,MICROGRAM PER LITRE
https://environment.data.gov.uk/water-quality/sampling-point/TH-RSN0018/sample/1342973/observation/3555,TH-RSN0018,RSN0018 RIVER THAMES AT MAGNA CARTA,-0.562,51.4448,Thames,THAMES - WEST THAMES,Multiple Values,OPEN,FRESHWATER - RIVERS,2021-02-25T11:01:00,MONITORING  (NATIONAL AGENCY POLICY),RIVER / RUNNING SURFACE WATER,3555,Triclopyr,<0.005,MICROGRAM PER LITRE
https://environment.data.gov.uk/water-quality/sampling-point/TH-RSN0018/sample/1342973/observation/3790,TH-RSN0018,RSN0018 RIVER THAMES AT MAGNA CARTA,-0.562,51.4448,Thames,THAMES - WEST THAMES,Multiple Values,OPEN,FRESHWATER - RIVERS,2021-02-25T11:01:00,MONITORING  (NATIONAL AGENCY POLICY),RIVER / RUNNING SURFACE WATER,3790,MCPB :- {4-Chloro-2-methylphenoxybutyric acid},<0.005,MICROGRAM PER LITRE
https://environment.data.gov.uk/water-quality/sampling-point/TH-RSN0018/sample/1342973/observation/3791,TH-RSN0018,RSN0018 RIVER THAMES AT MAGNA CARTA,-0.562,51.4448,Thames,THAMES - WEST THAMES,Multiple Values,OPEN,FRESHWATER - RIVERS,2021-02-25T11:01:00,MONITORING  (NATIONAL AGENCY POLICY),RIVER / RUNNING SURFACE WATER,3791,"2,4-DB :- {4-(2,4-dichlorophenoxy)butyric acid}",<0.005,MICROGRAM PER LITRE
https://environment.data.gov.uk/water-quality/sampling-point/TH-RSN0018/sample/1342973/observation/3792,TH-RSN0018,RSN0018 RIVER THAMES AT MAGNA CARTA,-0.562,51.4448,Thames,THAMES - WEST THAMES,Multiple Values,OPEN,FRESHWATER - RIVERS,2021-02-25T11:01:00,MONITORING  (NATIONAL AGENCY POLICY),RIVER / RUNNING SURFACE WATER,3792,Benazolin,<0.005,MICROGRAM PER LITRE
https://environment.data.gov.uk/water-quality/sampling-point/TH-RSN0018/sample/1342973/observation/3811,TH-RSN0018,RSN0018 RIVER THAMES AT MAGNA CARTA,-0.562,51.4448,Thames,THAMES - WEST THAMES,Multiple Values,OPEN,FRESHWATER - RIVERS,2021-02-25T11:01:00,MONITORING  (NATIONAL AGENCY POLICY),RIVER / RUNNING SURFACE WATER,3811,Diuron,<0.01,MICROGRAM PER LITRE
https://environment.data.gov.uk/water-quality/sampling-point/TH-RSN0018/sample/1342973/observation/3878,TH-RSN0018,RSN0018 RIVER THAMES AT MAGNA CARTA,-0.562,51.4448,Thames,THAMES - WEST THAMES,Multiple Values,OPEN,FRESHWATER - RIVERS,2021-02-25T11:01:00,MONITORING  (NATIONAL AGENCY POLICY),RIVER / RUNNING SURFACE WATER,3878,Nickel : BLM Bioavailable,0.48,MICROGRAM PER LITRE
https://environment.data.gov.uk/water-quality/sampling-point/TH-RSN0018/sample/1342973/observation/3925,TH-RSN0018,RSN0018 RIVER THAMES AT MAGNA CARTA,-0.562,51.4448,Thames,THAMES - WEST THAMES,Multiple Values,OPEN,FRESHWATER - RIVERS,2021-02-25T11:01:00,MONITORING  (NATIONAL AGENCY POLICY),RIVER / RUNNING SURFACE WATER,3925,Monolinuron,<0.01,MICROGRAM PER LITRE
https://environment.data.gov.uk/water-quality/sampling-point/TH-RSN0018/sample/1342973/observation/4064,TH-RSN0018,RSN0018 RIVER THAMES AT MAGNA CARTA,-0.562,51.4448,Thames,THAMES - WEST THAMES,Multiple Values,OPEN,FRESHWATER - RIVERS,2021-02-25T11:01:00,MONITORING  (NATIONAL AGENCY POLICY),RIVER / RUNNING SURFACE WATER,4064,Fluroxypyr,<0.005,MICROGRAM PER LITRE
https://environment.data.gov.uk/water-quality/sampling-point/TH-RSN0018/sample/1342973/observation/4065,TH-RSN0018,RSN0018 RIVER THAMES AT MAGNA CARTA,-0.562,51.4448,Thames,THAMES - WEST THAMES,Multiple Values,OPEN,FRESHWATER - RIVERS,2021-02-25T11:01:00,MONITORING  (NATIONAL AGENCY POLICY),RIVER / RUNNING SURFACE WATER,4065,Bentazone,0.0038,MICROGRAM PER LITRE
https://environment.data.gov.uk/water-quality/sampling-point/TH-RSN0018/sample/1342973/observation/4201,TH-RSN0018,RSN0018 RIVER THAMES AT MAGNA CARTA,-0.562,51.4448,Thames,THAMES - WEST THAMES,Multiple Values,OPEN,FRESHWATER - RIVERS,2021-02-25T11:01:00,MONITORING  (NATIONAL AGENCY POLICY),RIVER / RUNNING SURFACE WATER,4201,"Lithium, Dissolved",<100,MICROGRAM PER LITRE
https://environment.data.gov.uk/water-quality/sampling-point/TH-RSN0018/sample/1342973/observation/4820,TH-RSN0018,RSN0018 RIVER THAMES AT MAGNA CARTA,-0.562,51.4448,Thames,THAMES - WEST THAMES,Multiple Values,OPEN,FRESHWATER - RIVERS,2021-02-25T11:01:00,MONITORING  (NATIONAL AGENCY POLICY),RIVER / RUNNING SURFACE WATER,4820,Manganese : BLM Bioavailable,3.5,MICROGRAM PER LITRE
https://environment.data.gov.uk/water-quality/sampling-point/TH-RSN0018/sample/1342973/observation/4821,TH-RSN0018,RSN0018 RIVER THAMES AT MAGNA CARTA,-0.562,51.4448,Thames,THAMES - WEST THAMES,Multiple Values,OPEN,FRESHWATER - RIVERS,2021-02-25T11:01:00,MONITORING  (NATIONAL AGENCY POLICY),RIVER / RUNNING SURFACE WATER,4821,Copper : BLM Bioavailable,0.16,MICROGRAM PER LITRE
https://environment.data.gov.uk/water-quality/sampling-point/TH-RSN0018/sample/1342973/observation/4822,TH-RSN0018,RSN0018 RIVER THAMES AT MAGNA CARTA,-0.562,51.4448,Thames,THAMES - WEST THAMES,Multiple Values,OPEN,FRESHWATER - RIVERS,2021-02-25T11:01:00,MONITORING  (NATIONAL AGENCY POLICY),RIVER / RUNNING SURFACE WATER,4822,Zinc : BLM Bioavailable,0.95,MICROGRAM PER LITRE
https://environment.data.gov.uk/water-quality/sampling-point/TH-RSN0018/sample/1342973/observation/4994,TH-RSN0018,RSN0018 RIVER THAMES AT MAGNA CARTA,-0.562,51.4448,Thames,THAMES - WEST THAMES,Multiple Values,OPEN,FRESHWATER - RIVERS,2021-02-25T11:01:00,MONITORING  (NATIONAL AGENCY POLICY),RIVER / RUNNING SURFACE WATER,4994,GCMS Screen : Target Based multi-residue screening : Semi Quantitative,1,Text Result
https://environment.data.gov.uk/water-quality/sampling-point/TH-RSN0018/sample/1342973/observation/5042,TH-RSN0018,RSN0018 RIVER THAMES AT MAGNA CARTA,-0.562,51.4448,Thames,THAMES - WEST THAMES,Multiple Values,OPEN,FRESHWATER - RIVERS,2021-02-25T11:01:00,MONITORING  (NATIONAL AGENCY POLICY),RIVER / RUNNING SURFACE WATER,5042,Sulcotrione,<0.1,MICROGRAM PER LITRE
https://environment.data.gov.uk/water-quality/sampling-point/TH-RSN0018/sample/1342973/observation/5047,TH-RSN0018,RSN0018 RIVER THAMES AT MAGNA CARTA,-0.562,51.4448,Thames,THAMES - WEST THAMES,Multiple Values,OPEN,FRESHWATER - RIVERS,2021-02-25T11:01:00,MONITORING  (NATIONAL AGENCY POLICY),RIVER / RUNNING SURFACE WATER,5047,Ethirimol,<0.05,MICROGRAM PER LITRE
https://environment.data.gov.uk/water-quality/sampling-point/TH-RSN0018/sample/1342973/observation/5050,TH-RSN0018,RSN0018 RIVER THAMES AT MAGNA CARTA,-0.562,51.4448,Thames,THAMES - WEST THAMES,Multiple Values,OPEN,FRESHWATER - RIVERS,2021-02-25T11:01:00,MONITORING  (NATIONAL AGENCY POLICY),RIVER / RUNNING SURFACE WATER,5050,Azoxystrobin,<0.02,MICROGRAM PER LITRE
https://environment.data.gov.uk/water-quality/sampling-point/TH-RSN0018/sample/1342973/observation/5446,TH-RSN0018,RSN0018 RIVER THAMES AT MAGNA CARTA,-0.562,51.4448,Thames,THAMES - WEST THAMES,Multiple Values,OPEN,FRESHWATER - RIVERS,2021-02-25T11:01:00,MONITORING  (NATIONAL AGENCY POLICY),RIVER / RUNNING SURFACE WATER,5446,Cypermethrin Identification,1,Text Result
https://environment.data.gov.uk/water-quality/sampling-point/TH-RSN0018/sample/1342973/observation/5732,TH-RSN0018,RSN0018 RIVER THAMES AT MAGNA CARTA,-0.562,51.4448,Thames,THAMES - WEST THAMES,Multiple Values,OPEN,FRESHWATER - RIVERS,2021-02-25T11:01:00,MONITORING  (NATIONAL AGENCY POLICY),RIVER / RUNNING SURFACE WATER,5732,Triphenyl Tin as Cation,<0.0002,MICROGRAM PER LITRE
https://environment.data.gov.uk/water-quality/sampling-point/TH-RSN0018/sample/1342973/observation/5889,TH-RSN0018,RSN0018 RIVER THAMES AT MAGNA CARTA,-0.562,51.4448,Thames,THAMES - WEST THAMES,Multiple Values,OPEN,FRESHWATER - RIVERS,2021-02-25T11:01:00,MONITORING  (NATIONAL AGENCY POLICY),RIVER / RUNNING SURFACE WATER,5889,Triclosan,<0.01,MICROGRAM PER LITRE
https://environment.data.gov.uk/water-quality/sampling-point/TH-RSN0018/sample/1342973/observation/6037,TH-RSN0018,RSN0018 RIVER THAMES AT MAGNA CARTA,-0.562,51.4448,Thames,THAMES - WEST THAMES,Multiple Values,OPEN,FRESHWATER - RIVERS,2021-02-25T11:01:00,MONITORING  (NATIONAL AGENCY POLICY),RIVER / RUNNING SURFACE WATER,6037,"Aluminium, Dissolved",<10,MICROGRAM PER LITRE
https://environment.data.gov.uk/water-quality/sampling-point/TH-RSN0018/sample/1342973/observation/6399,TH-RSN0018,RSN0018 RIVER THAMES AT MAGNA CARTA,-0.562,51.4448,Thames,THAMES - WEST THAMES,Multiple Values,OPEN,FRESHWATER - RIVERS,2021-02-25T11:01:00,MONITORING  (NATIONAL AGENCY POLICY),RIVER / RUNNING SURFACE WATER,6399,Benzo(a)Pyrene,<0.01,MICROGRAM PER LITRE
https://environment.data.gov.uk/water-quality/sampling-point/TH-RSN0018/sample/1342973/observation/6449,TH-RSN0018,RSN0018 RIVER THAMES AT MAGNA CARTA,-0.562,51.4448,Thames,THAMES - WEST THAMES,Multiple Values,OPEN,FRESHWATER - RIVERS,2021-02-25T11:01:00,MONITORING  (NATIONAL AGENCY POLICY),RIVER / RUNNING SURFACE WATER,6449,Bromoxynil,<0.005,MICROGRAM PER LITRE
https://environment.data.gov.uk/water-quality/sampling-point/TH-RSN0018/sample/1342973/observation/6450,TH-RSN0018,RSN0018 RIVER THAMES AT MAGNA CARTA,-0.562,51.4448,Thames,THAMES - WEST THAMES,Multiple Values,OPEN,FRESHWATER - RIVERS,2021-02-25T11:01:00,MONITORING  (NATIONAL AGENCY POLICY),RIVER / RUNNING SURFACE WATER,6450,"Copper, Dissolved",1.5,MICROGRAM PER LITRE
https://environment.data.gov.uk/water-quality/sampling-point/TH-RSN0018/sample/1342973/observation/6458,TH-RSN0018,RSN0018 RIVER THAMES AT MAGNA CARTA,-0.562,51.4448,Thames,THAMES - WEST THAMES,Multiple Values,OPEN,FRESHWATER - RIVERS,2021-02-25T11:01:00,MONITORING  (NATIONAL AGENCY POLICY),RIVER / RUNNING SURFACE WATER,6458,"Manganese, Dissolved",<10,MICROGRAM PER LITRE
https://environment.data.gov.uk/water-quality/sampling-point/TH-RSN0018/sample/1342973/observation/6460,TH-RSN0018,RSN0018 RIVER THAMES AT MAGNA CARTA,-0.562,51.4448,Thames,THAMES - WEST THAMES,Multiple Values,OPEN,FRESHWATER - RIVERS,2021-02-25T11:01:00,MONITORING  (NATIONAL AGENCY POLICY),RIVER / RUNNING SURFACE WATER,6460,"Iron, Dissolved",<30,MICROGRAM PER LITRE
https://environment.data.gov.uk/water-quality/sampling-point/TH-RSN0018/sample/1342973/observation/6620,TH-RSN0018,RSN0018 RIVER THAMES AT MAGNA CARTA,-0.562,51.4448,Thames,THAMES - WEST THAMES,Multiple Values,OPEN,FRESHWATER - RIVERS,2021-02-25T11:01:00,MONITORING  (NATIONAL AGENCY POLICY),RIVER / RUNNING SURFACE WATER,6620,Clopyralid,<0.005,MICROGRAM PER LITRE
https://environment.data.gov.uk/water-quality/sampling-point/TH-RSN0018/sample/1342973/observation/6671,TH-RSN0018,RSN0018 RIVER THAMES AT MAGNA CARTA,-0.562,51.4448,Thames,THAMES - WEST THAMES,Multiple Values,OPEN,FRESHWATER - RIVERS,2021-02-25T11:01:00,MONITORING  (NATIONAL AGENCY POLICY),RIVER / RUNNING SURFACE WATER,6671,Phenoxyacetic acid :- {PAA},0.052,MICROGRAM PER LITRE
https://environment.data.gov.uk/water-quality/sampling-point/TH-RSN0018/sample/1342973/observation/6672,TH-RSN0018,RSN0018 RIVER THAMES AT MAGNA CARTA,-0.562,51.4448,Thames,THAMES - WEST THAMES,Multiple Values,OPEN,FRESHWATER - RIVERS,2021-02-25T11:01:00,MONITORING  (NATIONAL AGENCY POLICY),RIVER / RUNNING SURFACE WATER,6672,4-Phenoxybutyric acid :- {PBA},<0.005,MICROGRAM PER LITRE
https://environment.data.gov.uk/water-quality/sampling-point/TH-RSN0018/sample/1342973/observation/6673,TH-RSN0018,RSN0018 RIVER THAMES AT MAGNA CARTA,-0.562,51.4448,Thames,THAMES - WEST THAMES,Multiple Values,OPEN,FRESHWATER - RIVERS,2021-02-25T11:01:00,MONITORING  (NATIONAL AGENCY POLICY),RIVER / RUNNING SURFACE WATER,6673,2-Phenoxypropionic acid :- {PPA},<0.005,MICROGRAM PER LITRE
https://environment.data.gov.uk/water-quality/sampling-point/TH-RSN0018/sample/1342973/observation/6693,TH-RSN0018,RSN0018 RIVER THAMES AT MAGNA CARTA,-0.562,51.4448,Thames,THAMES - WEST THAMES,Multiple Values,OPEN,FRESHWATER - RIVERS,2021-02-25T11:01:00,MONITORING  (NATIONAL AGENCY POLICY),RIVER / RUNNING SURFACE WATER,6693,"Strontium, Filtered",320,MICROGRAM PER LITRE
https://environment.data.gov.uk/water-quality/sampling-point/TH-RSN0018/sample/1342973/observation/6724,TH-RSN0018,RSN0018 RIVER THAMES AT MAGNA CARTA,-0.562,51.4448,Thames,THAMES - WEST THAMES,Multiple Values,OPEN,FRESHWATER - RIVERS,2021-02-25T11:01:00,MONITORING  (NATIONAL AGENCY POLICY),RIVER / RUNNING SURFACE WATER,6724,Di(2-ethylhexyl) phthalate :- {DEHP},<0.2,MICROGRAM PER LITRE
https://environment.data.gov.uk/water-quality/sampling-point/TH-RSN0018/sample/1342973/observation/6760,TH-RSN0018,RSN0018 RIVER THAMES AT MAGNA CARTA,-0.562,51.4448,Thames,THAMES - WEST THAMES,Multiple Values,OPEN,FRESHWATER - RIVERS,2021-02-25T11:01:00,MONITORING  (NATIONAL AGENCY POLICY),RIVER / RUNNING SURFACE WATER,6760,Chloridazon,<0.01,MICROGRAM PER LITRE
https://environment.data.gov.uk/water-quality/sampling-point/TH-RSN0018/sample/1342973/observation/6955,TH-RSN0018,RSN0018 RIVER THAMES AT MAGNA CARTA,-0.562,51.4448,Thames,THAMES - WEST THAMES,Multiple Values,OPEN,FRESHWATER - RIVERS,2021-02-25T11:01:00,MONITORING  (NATIONAL AGENCY POLICY),RIVER / RUNNING SURFACE WATER,6955,Ethiofencarb,<0.005,MICROGRAM PER LITRE
https://environment.data.gov.uk/water-quality/sampling-point/TH-RSN0018/sample/1342973/observation/6971,TH-RSN0018,RSN0018 RIVER THAMES AT MAGNA CARTA,-0.562,51.4448,Thames,THAMES - WEST THAMES,Multiple Values,OPEN,FRESHWATER - RIVERS,2021-02-25T11:01:00,MONITORING  (NATIONAL AGENCY POLICY),RIVER / RUNNING SURFACE WATER,6971,Methiocarb,<0.001,MICROGRAM PER LITRE
https://environment.data.gov.uk/water-quality/sampling-point/TH-RSN0018/sample/1342973/observation/6972,TH-RSN0018,RSN0018 RIVER THAMES AT MAGNA CARTA,-0.562,51.4448,Thames,THAMES - WEST THAMES,Multiple Values,OPEN,FRESHWATER - RIVERS,2021-02-25T11:01:00,MONITORING  (NATIONAL AGENCY POLICY),RIVER / RUNNING SURFACE WATER,6972,Methomyl,<0.005,MICROGRAM PER LITRE
https://environment.data.gov.uk/water-quality/sampling-point/TH-RSN0018/sample/1342973/observation/6980,TH-RSN0018,RSN0018 RIVER THAMES AT MAGNA CARTA,-0.562,51.4448,Thames,THAMES - WEST THAMES,Multiple Values,OPEN,FRESHWATER - RIVERS,2021-02-25T11:01:00,MONITORING  (NATIONAL AGENCY POLICY),RIVER / RUNNING SURFACE WATER,6980,Oxamyl,<0.005,MICROGRAM PER LITRE
https://environment.data.gov.uk/water-quality/sampling-point/TH-RSN0018/sample/1342973/observation/6987,TH-RSN0018,RSN0018 RIVER THAMES AT MAGNA CARTA,-0.562,51.4448,Thames,THAMES - WEST THAMES,Multiple Values,OPEN,FRESHWATER - RIVERS,2021-02-25T11:01:00,MONITORING  (NATIONAL AGENCY POLICY),RIVER / RUNNING SURFACE WATER,6987,Propoxur,<0.005,MICROGRAM PER LITRE
https://environment.data.gov.uk/water-quality/sampling-point/TH-RSN0018/sample/1342973/observation/7025,TH-RSN0018,RSN0018 RIVER THAMES AT MAGNA CARTA,-0.562,51.4448,Thames,THAMES - WEST THAMES,Multiple Values,OPEN,FRESHWATER - RIVERS,2021-02-25T11:01:00,MONITORING  (NATIONAL AGENCY POLICY),RIVER / RUNNING SURFACE WATER,7025,Imazapyr,<0.005,MICROGRAM PER LITRE
https://environment.data.gov.uk/water-quality/sampling-point/TH-RSN0018/sample/1342973/observation/7053,TH-RSN0018,RSN0018 RIVER THAMES AT MAGNA CARTA,-0.562,51.4448,Thames,THAMES - WEST THAMES,Multiple Values,OPEN,FRESHWATER - RIVERS,2021-02-25T11:01:00,MONITORING  (NATIONAL AGENCY POLICY),RIVER / RUNNING SURFACE WATER,7053,Methabenzthiazuron,<0.01,MICROGRAM PER LITRE
https://environment.data.gov.uk/water-quality/sampling-point/TH-RSN0018/sample/1342973/observation/7125,TH-RSN0018,RSN0018 RIVER THAMES AT MAGNA CARTA,-0.562,51.4448,Thames,THAMES - WEST THAMES,Multiple Values,OPEN,FRESHWATER - RIVERS,2021-02-25T11:01:00,MONITORING  (NATIONAL AGENCY POLICY),RIVER / RUNNING SURFACE WATER,7125,Aminomethylphosphonic acid,0.11,MICROGRAM PER LITRE
https://environment.data.gov.uk/water-quality/sampling-point/TH-RSN0018/sample/1342973/observation/7726,TH-RSN0018,RSN0018 RIVER THAMES AT MAGNA CARTA,-0.562,51.4448,Thames,THAMES - WEST THAMES,Multiple Values,OPEN,FRESHWATER - RIVERS,2021-02-25T11:01:00,MONITORING  (NATIONAL AGENCY POLICY),RIVER / RUNNING SURFACE WATER,7726,"2,3,6-TBA :- {2,3,6-Trichlorobenzoic acid}",<0.02,MICROGRAM PER LITRE
https://environment.data.gov.uk/water-quality/sampling-point/TH-RSN0018/sample/1342973/observation/7859,TH-RSN0018,RSN0018 RIVER THAMES AT MAGNA CARTA,-0.562,51.4448,Thames,THAMES - WEST THAMES,Multiple Values,OPEN,FRESHWATER - RIVERS,2021-02-25T11:01:00,MONITORING  (NATIONAL AGENCY POLICY),RIVER / RUNNING SURFACE WATER,7859,"Sulphate, Dissolved as SO4",41,MILLIGRAM PER LITRE
https://environment.data.gov.uk/water-quality/sampling-point/TH-RSN0018/sample/1342973/observation/8806,TH-RSN0018,RSN0018 RIVER THAMES AT MAGNA CARTA,-0.562,51.4448,Thames,THAMES - WEST THAMES,Multiple Values,OPEN,FRESHWATER - RIVERS,2021-02-25T11:01:00,MONITORING  (NATIONAL AGENCY POLICY),RIVER / RUNNING SURFACE WATER,8806,Aldicarb sulfoxide,<0.005,MICROGRAM PER LITRE
https://environment.data.gov.uk/water-quality/sampling-point/TH-RSN0018/sample/1342973/observation/8807,TH-RSN0018,RSN0018 RIVER THAMES AT MAGNA CARTA,-0.562,51.4448,Thames,THAMES - WEST THAMES,Multiple Values,OPEN,FRESHWATER - RIVERS,2021-02-25T11:01:00,MONITORING  (NATIONAL AGENCY POLICY),RIVER / RUNNING SURFACE WATER,8807,Aldoxycarb :- {Aldicarb Sulfone},<0.005,MICROGRAM PER LITRE
https://environment.data.gov.uk/water-quality/sampling-point/TH-RSN0018/sample/1342973/observation/8944,TH-RSN0018,RSN0018 RIVER THAMES AT MAGNA CARTA,-0.562,51.4448,Thames,THAMES - WEST THAMES,Multiple Values,OPEN,FRESHWATER - RIVERS,2021-02-25T11:01:00,MONITORING  (NATIONAL AGENCY POLICY),RIVER / RUNNING SURFACE WATER,8944,Tributyl Tin as Cation,<0.0002,MICROGRAM PER LITRE
https://environment.data.gov.uk/water-quality/sampling-point/TH-RSN0018/sample/1342973/observation/9068,TH-RSN0018,RSN0018 RIVER THAMES AT MAGNA CARTA,-0.562,51.4448,Thames,THAMES - WEST THAMES,Multiple Values,OPEN,FRESHWATER - RIVERS,2021-02-25T11:01:00,MONITORING  (NATIONAL AGENCY POLICY),RIVER / RUNNING SURFACE WATER,9068,Ioxynil,<0.005,MICROGRAM PER LITRE
https://environment.data.gov.uk/water-quality/sampling-point/TH-RSN0018/sample/1342973/observation/9073,TH-RSN0018,RSN0018 RIVER THAMES AT MAGNA CARTA,-0.562,51.4448,Thames,THAMES - WEST THAMES,Multiple Values,OPEN,FRESHWATER - RIVERS,2021-02-25T11:01:00,MONITORING  (NATIONAL AGENCY POLICY),RIVER / RUNNING SURFACE WATER,9073,Carbetamide,<0.01,MICROGRAM PER LITRE
https://environment.data.gov.uk/water-quality/sampling-point/TH-RSN0018/sample/1342973/observation/9190,TH-RSN0018,RSN0018 RIVER THAMES AT MAGNA CARTA,-0.562,51.4448,Thames,THAMES - WEST THAMES,Multiple Values,OPEN,FRESHWATER - RIVERS,2021-02-25T11:01:00,MONITORING  (NATIONAL AGENCY POLICY),RIVER / RUNNING SURFACE WATER,9190,4-Nonylphenol Branched,<0.04,MICROGRAM PER LITRE
https://environment.data.gov.uk/water-quality/sampling-point/TH-RSN0018/sample/1342973/observation/9267,TH-RSN0018,RSN0018 RIVER THAMES AT MAGNA CARTA,-0.562,51.4448,Thames,THAMES - WEST THAMES,Multiple Values,OPEN,FRESHWATER - RIVERS,2021-02-25T11:01:00,MONITORING  (NATIONAL AGENCY POLICY),RIVER / RUNNING SURFACE WATER,9267,4-tert-Octylphenol :- {p-tert-Octylphenol},<0.01,MICROGRAM PER LITRE
https://environment.data.gov.uk/water-quality/sampling-point/TH-RSN0018/sample/1342973/observation/9274,TH-RSN0018,RSN0018 RIVER THAMES AT MAGNA CARTA,-0.562,51.4448,Thames,THAMES - WEST THAMES,Multiple Values,OPEN,FRESHWATER - RIVERS,2021-02-25T11:01:00,MONITORING  (NATIONAL AGENCY POLICY),RIVER / RUNNING SURFACE WATER,9274,Perfluorooctanoate anion,0.0016,MICROGRAM PER LITRE
https://environment.data.gov.uk/water-quality/sampling-point/TH-RSN0018/sample/1342973/observation/9276,TH-RSN0018,RSN0018 RIVER THAMES AT MAGNA CARTA,-0.562,51.4448,Thames,THAMES - WEST THAMES,Multiple Values,OPEN,FRESHWATER - RIVERS,2021-02-25T11:01:00,MONITORING  (NATIONAL AGENCY POLICY),RIVER / RUNNING SURFACE WATER,9276,Perfluorooctylsulphonate anion,0.0043,MICROGRAM PER LITRE
https://environment.data.gov.uk/water-quality/sampling-point/TH-RSN0018/sample/1342973/observation/9339,TH-RSN0018,RSN0018 RIVER THAMES AT MAGNA CARTA,-0.562,51.4448,Thames,THAMES - WEST THAMES,Multiple Values,OPEN,FRESHWATER - RIVERS,2021-02-25T11:01:00,MONITORING  (NATIONAL AGENCY POLICY),RIVER / RUNNING SURFACE WATER,9339,Fenuron,<0.01,MICROGRAM PER LITRE
https://environment.data.gov.uk/water-quality/sampling-point/TH-RSN0018/sample/1342973/observation/9341,TH-RSN0018,RSN0018 RIVER THAMES AT MAGNA CARTA,-0.562,51.4448,Thames,THAMES - WEST THAMES,Multiple Values,OPEN,FRESHWATER - RIVERS,2021-02-25T11:01:00,MONITORING  (NATIONAL AGENCY POLICY),RIVER / RUNNING SURFACE WATER,9341,cis-Permethrin,<0.0001,MICROGRAM PER LITRE
https://environment.data.gov.uk/water-quality/sampling-point/TH-RSN0018/sample/1342973/observation/9342,TH-RSN0018,RSN0018 RIVER THAMES AT MAGNA CARTA,-0.562,51.4448,Thames,THAMES - WEST THAMES,Multiple Values,OPEN,FRESHWATER - RIVERS,2021-02-25T11:01:00,MONITORING  (NATIONAL AGENCY POLICY),RIVER / RUNNING SURFACE WATER,9342,trans-Permethrin,<0.0001,MICROGRAM PER LITRE
https://environment.data.gov.uk/water-quality/sampling-point/TH-RSN0018/sample/1342973/observation/9343,TH-RSN0018,RSN0018 RIVER THAMES AT MAGNA CARTA,-0.562,51.4448,Thames,THAMES - WEST THAMES,Multiple Values,OPEN,FRESHWATER - RIVERS,2021-02-25T11:01:00,MONITORING  (NATIONAL AGENCY POLICY),RIVER / RUNNING SURFACE WATER,9343,Carbaryl,<0.01,MICROGRAM PER LITRE
https://environment.data.gov.uk/water-quality/sampling-point/TH-RSN0018/sample/1342973/observation/9344,TH-RSN0018,RSN0018 RIVER THAMES AT MAGNA CARTA,-0.562,51.4448,Thames,THAMES - WEST THAMES,Multiple Values,OPEN,FRESHWATER - RIVERS,2021-02-25T11:01:00,MONITORING  (NATIONAL AGENCY POLICY),RIVER / RUNNING SURFACE WATER,9344,Aldicarb,<0.005,MICROGRAM PER LITRE
https://environment.data.gov.uk/water-quality/sampling-point/TH-RSN0018/sample/1342973/observation/9345,TH-RSN0018,RSN0018 RIVER THAMES AT MAGNA CARTA,-0.562,51.4448,Thames,THAMES - WEST THAMES,Multiple Values,OPEN,FRESHWATER - RIVERS,2021-02-25T11:01:00,MONITORING  (NATIONAL AGENCY POLICY),RIVER / RUNNING SURFACE WATER,9345,Diflurobenzuron,<0.01,MICROGRAM PER LITRE
https://environment.data.gov.uk/water-quality/sampling-point/TH-RSN0018/sample/1342973/observation/9348,TH-RSN0018,RSN0018 RIVER THAMES AT MAGNA CARTA,-0.562,51.4448,Thames,THAMES - WEST THAMES,Multiple Values,OPEN,FRESHWATER - RIVERS,2021-02-25T11:01:00,MONITORING  (NATIONAL AGENCY POLICY),RIVER / RUNNING SURFACE WATER,9348,Chlorotoluron,<0.01,MICROGRAM PER LITRE
https://environment.data.gov.uk/water-quality/sampling-point/TH-RSN0018/sample/1342973/observation/9446,TH-RSN0018,RSN0018 RIVER THAMES AT MAGNA CARTA,-0.562,51.4448,Thames,THAMES - WEST THAMES,Multiple Values,OPEN,FRESHWATER - RIVERS,2021-02-25T11:01:00,MONITORING  (NATIONAL AGENCY POLICY),RIVER / RUNNING SURFACE WATER,9446,"Barium, Dissolved",17,MICROGRAM PER LITRE
https://environment.data.gov.uk/water-quality/sampling-point/TH-RSN0018/sample/1342973/observation/9447,TH-RSN0018,RSN0018 RIVER THAMES AT MAGNA CARTA,-0.562,51.4448,Thames,THAMES - WEST THAMES,Multiple Values,OPEN,FRESHWATER - RIVERS,2021-02-25T11:01:00,MONITORING  (NATIONAL AGENCY POLICY),RIVER / RUNNING SURFACE WATER,9447,"Boron, Dissolved",<100,MICROGRAM PER LITRE
https://environment.data.gov.uk/water-quality/sampling-point/TH-RSN0018/sample/1342973/observation/9686,TH-RSN0018,RSN0018 RIVER THAMES AT MAGNA CARTA,-0.562,51.4448,Thames,THAMES - WEST THAMES,Multiple Values,OPEN,FRESHWATER - RIVERS,2021-02-25T11:01:00,MONITORING  (NATIONAL AGENCY POLICY),RIVER / RUNNING SURFACE WATER,9686,"Nitrogen, Total as N",7.2,MILLIGRAM PER LITRE
https://environment.data.gov.uk/water-quality/sampling-point/TH-RSN0018/sample/1342973/observation/9756,TH-RSN0018,RSN0018 RIVER THAMES AT MAGNA CARTA,-0.562,51.4448,Thames,THAMES - WEST THAMES,Multiple Values,OPEN,FRESHWATER - RIVERS,2021-02-25T11:01:00,MONITORING  (NATIONAL AGENCY POLICY),RIVER / RUNNING SURFACE WATER,9756,Neburon,<0.01,MICROGRAM PER LITRE
https://environment.data.gov.uk/water-quality/sampling-point/TH-RSN0018/sample/1342973/observation/9861,TH-RSN0018,RSN0018 RIVER THAMES AT MAGNA CARTA,-0.562,51.4448,Thames,THAMES - WEST THAMES,Multiple Values,OPEN,FRESHWATER - RIVERS,2021-02-25T11:01:00,MONITORING  (NATIONAL AGENCY POLICY),RIVER / RUNNING SURFACE WATER,9861,Metsulfuron-methyl,<0.01,MICROGRAM PER LITRE
https://environment.data.gov.uk/water-quality/sampling-point/TH-RSN0018/sample/1342973/observation/9883,TH-RSN0018,RSN0018 RIVER THAMES AT MAGNA CARTA,-0.562,51.4448,Thames,THAMES - WEST THAMES,Multiple Values,OPEN,FRESHWATER - RIVERS,2021-02-25T11:01:00,MONITORING  (NATIONAL AGENCY POLICY),RIVER / RUNNING SURFACE WATER,9883,Picloram,<0.005,MICROGRAM PER LITRE
https://environment.data.gov.uk/water-quality/sampling-point/TH-RSN0018/sample/1342973/observation/9889,TH-RSN0018,RSN0018 RIVER THAMES AT MAGNA CARTA,-0.562,51.4448,Thames,THAMES - WEST THAMES,Multiple Values,OPEN,FRESHWATER - RIVERS,2021-02-25T11:01:00,MONITORING  (NATIONAL AGENCY POLICY),RIVER / RUNNING SURFACE WATER,9889,Oestrone :- {E1},0.48,NANOGRAM PER LITRE
https://environment.data.gov.uk/water-quality/sampling-point/TH-RSN0018/sample/1342973/observation/9898,TH-RSN0018,RSN0018 RIVER THAMES AT MAGNA CARTA,-0.562,51.4448,Thames,THAMES - WEST THAMES,Multiple Values,OPEN,FRESHWATER - RIVERS,2021-02-25T11:01:00,MONITORING  (NATIONAL AGENCY POLICY),RIVER / RUNNING SURFACE WATER,9898,17beta oestradiol :- {E2},0.054,NANOGRAM PER LITRE
https://environment.data.gov.uk/water-quality/sampling-point/TH-RSN0018/sample/1342973/observation/9899,TH-RSN0018,RSN0018 RIVER THAMES AT MAGNA CARTA,-0.562,51.4448,Thames,THAMES - WEST THAMES,Multiple Values,OPEN,FRESHWATER - RIVERS,2021-02-25T11:01:00,MONITORING  (NATIONAL AGENCY POLICY),RIVER / RUNNING SURFACE WATER,9899,17alpha ethynyloestradiol :- {EE2},0.052,NANOGRAM PER LITRE
https://environment.data.gov.uk/water-quality/sampling-point/TH-RSN0018/sample/1342973/observation/9901,TH-RSN0018,RSN0018 RIVER THAMES AT MAGNA CARTA,-0.562,51.4448,Thames,THAMES - WEST THAMES,Multiple Values,OPEN,FRESHWATER - RIVERS,2021-02-25T11:01:00,MONITORING  (NATIONAL AGENCY POLICY),RIVER / RUNNING SURFACE WATER,9901,"Oxygen, Dissolved, % Saturation",99.6,PERCENTAGE
https://environment.data.gov.uk/water-quality/sampling-point/TH-RSN0018/sample/1342973/observation/9924,TH-RSN0018,RSN0018 RIVER THAMES AT MAGNA CARTA,-0.562,51.4448,Thames,THAMES - WEST THAMES,Multiple Values,OPEN,FRESHWATER - RIVERS,2021-02-25T11:01:00,MONITORING  (NATIONAL AGENCY POLICY),RIVER / RUNNING SURFACE WATER,9924,"Oxygen, Dissolved as O2",11.4,MILLIGRAM PER LITRE
https://environment.data.gov.uk/water-quality/sampling-point/TH-RSN0018/sample/1343108/observation/0052,TH-RSN0018,RSN0018 RIVER THAMES AT MAGNA CARTA,-0.562,51.4448,Thames,THAMES - WEST THAMES,Multiple Values,OPEN,FRESHWATER - RIVERS,2021-03-10T10:42:00,MONITORING  (NATIONAL AGENCY POLICY),RIVER / RUNNING SURFACE WATER,0052,"Lead, Dissolved",0.12,MICROGRAM PER LITRE
https://environment.data.gov.uk/water-quality/sampling-point/TH-RSN0018/sample/1343108/observation/0061,TH-RSN0018,RSN0018 RIVER THAMES AT MAGNA CARTA,-0.562,51.4448,Thames,THAMES - WEST THAMES,Multiple Values,OPEN,FRESHWATER - RIVERS,2021-03-10T10:42:00,MONITORING  (NATIONAL AGENCY POLICY),RIVER / RUNNING SURFACE WATER,0061,pH,8.1,PH UNITS
https://environment.data.gov.uk/water-quality/sampling-point/TH-RSN0018/sample/1343108/observation/0073,TH-RSN0018,RSN0018 RIVER THAMES AT MAGNA CARTA,-0.562,51.4448,Thames,THAMES - WEST THAMES,Multiple Values,OPEN,FRESHWATER - RIVERS,2021-03-10T10:42:00,MONITORING  (NATIONAL AGENCY POLICY),RIVER / RUNNING SURFACE WATER,0073,Cypermethrin,<0.00001,MICROGRAM PER LITRE
https://environment.data.gov.uk/water-quality/sampling-point/TH-RSN0018/sample/1343108/observation/0076,TH-RSN0018,RSN0018 RIVER THAMES AT MAGNA CARTA,-0.562,51.4448,Thames,THAMES - WEST THAMES,Multiple Values,OPEN,FRESHWATER - RIVERS,2021-03-10T10:42:00,MONITORING  (NATIONAL AGENCY POLICY),RIVER / RUNNING SURFACE WATER,0076,Temperature of Water,7.5,CELSIUS
https://environment.data.gov.uk/water-quality/sampling-point/TH-RSN0018/sample/1343108/observation/0077,TH-RSN0018,RSN0018 RIVER THAMES AT MAGNA CARTA,-0.562,51.4448,Thames,THAMES - WEST THAMES,Multiple Values,OPEN,FRESHWATER - RIVERS,2021-03-10T10:42:00,MONITORING  (NATIONAL AGENCY POLICY),RIVER / RUNNING SURFACE WATER,0077,Conductivity at 25 C,674,MICROSIEMENS PER CENTIMETRE
https://environment.data.gov.uk/water-quality/sampling-point/TH-RSN0018/sample/1343108/observation/0106,TH-RSN0018,RSN0018 RIVER THAMES AT MAGNA CARTA,-0.562,51.4448,Thames,THAMES - WEST THAMES,Multiple Values,OPEN,FRESHWATER - RIVERS,2021-03-10T10:42:00,MONITORING  (NATIONAL AGENCY POLICY),RIVER / RUNNING SURFACE WATER,0106,"Cadmium, Dissolved",<0.01,MICROGRAM PER LITRE
https://environment.data.gov.uk/water-quality/sampling-point/TH-RSN0018/sample/1343108/observation/0111,TH-RSN0018,RSN0018 RIVER THAMES AT MAGNA CARTA,-0.562,51.4448,Thames,THAMES - WEST THAMES,Multiple Values,OPEN,FRESHWATER - RIVERS,2021-03-10T10:42:00,MONITORING  (NATIONAL AGENCY POLICY),RIVER / RUNNING SURFACE WATER,0111,Ammoniacal Nitrogen as N,0.038,MILLIGRAM PER LITRE
https://environment.data.gov.uk/water-quality/sampling-point/TH-RSN0018/sample/1343108/observation/0116,TH-RSN0018,RSN0018 RIVER THAMES AT MAGNA CARTA,-0.562,51.4448,Thames,THAMES - WEST THAMES,Multiple Values,OPEN,FRESHWATER - RIVERS,2021-03-10T10:42:00,MONITORING  (NATIONAL AGENCY POLICY),RIVER / RUNNING SURFACE WATER,0116,"Nitrogen, Total Oxidised as N",7.5,MILLIGRAM PER LITRE
https://environment.data.gov.uk/water-quality/sampling-point/TH-RSN0018/sample/1343108/observation/0117,TH-RSN0018,RSN0018 RIVER THAMES AT MAGNA CARTA,-0.562,51.4448,Thames,THAMES - WEST THAMES,Multiple Values,OPEN,FRESHWATER - RIVERS,2021-03-10T10:42:00,MONITORING  (NATIONAL AGENCY POLICY),RIVER / RUNNING SURFACE WATER,0117,Nitrate as N,7.48,MILLIGRAM PER LITRE
https://environment.data.gov.uk/water-quality/sampling-point/TH-RSN0018/sample/1343108/observation/0118,TH-RSN0018,RSN0018 RIVER THAMES AT MAGNA CARTA,-0.562,51.4448,Thames,THAMES - WEST THAMES,Multiple Values,OPEN,FRESHWATER - RIVERS,2021-03-10T10:42:00,MONITORING  (NATIONAL AGENCY POLICY),RIVER / RUNNING SURFACE WATER,0118,Nitrite as N,0.024,MILLIGRAM PER LITRE
https://environment.data.gov.uk/water-quality/sampling-point/TH-RSN0018/sample/1343108/observation/0119,TH-RSN0018,RSN0018 RIVER THAMES AT MAGNA CARTA,-0.562,51.4448,Thames,THAMES - WEST THAMES,Multiple Values,OPEN,FRESHWATER - RIVERS,2021-03-10T10:42:00,MONITORING  (NATIONAL AGENCY POLICY),RIVER / RUNNING SURFACE WATER,0119,Ammonia un-ionised as N,0.00058,MILLIGRAM PER LITRE
https://environment.data.gov.uk/water-quality/sampling-point/TH-RSN0018/sample/1343108/observation/0158,TH-RSN0018,RSN0018 RIVER THAMES AT MAGNA CARTA,-0.562,51.4448,Thames,THAMES - WEST THAMES,Multiple Values,OPEN,FRESHWATER - RIVERS,2021-03-10T10:42:00,MONITORING  (NATIONAL AGENCY POLICY),RIVER / RUNNING SURFACE WATER,0158,"Hardness, Total as CaCO3",292,MILLIGRAM PER LITRE
https://environment.data.gov.uk/water-quality/sampling-point/TH-RSN0018/sample/1343108/observation/0162,TH-RSN0018,RSN0018 RIVER THAMES AT MAGNA CARTA,-0.562,51.4448,Thames,THAMES - WEST THAMES,Multiple Values,OPEN,FRESHWATER - RIVERS,2021-03-10T10:42:00,MONITORING  (NATIONAL AGENCY POLICY),RIVER / RUNNING SURFACE WATER,0162,Alkalinity to pH 4.5 as CaCO3,230,MILLIGRAM PER LITRE
https://environment.data.gov.uk/water-quality/sampling-point/TH-RSN0018/sample/1343108/observation/0163,TH-RSN0018,RSN0018 RIVER THAMES AT MAGNA CARTA,-0.562,51.4448,Thames,THAMES - WEST THAMES,Multiple Values,OPEN,FRESHWATER - RIVERS,2021-03-10T10:42:00,MONITORING  (NATIONAL AGENCY POLICY),RIVER / RUNNING SURFACE WATER,0163,"Hardness, Calcium",275,MILLIGRAM PER LITRE
https://environment.data.gov.uk/water-quality/sampling-point/TH-RSN0018/sample/1343108/observation/0172,TH-RSN0018,RSN0018 RIVER THAMES AT MAGNA CARTA,-0.562,51.4448,Thames,THAMES - WEST THAMES,Multiple Values,OPEN,FRESHWATER - RIVERS,2021-03-10T10:42:00,MONITORING  (NATIONAL AGENCY POLICY),RIVER / RUNNING SURFACE WATER,0172,Chloride,33,MILLIGRAM PER LITRE
https://environment.data.gov.uk/water-quality/sampling-point/TH-RSN0018/sample/1343108/observation/0180,TH-RSN0018,RSN0018 RIVER THAMES AT MAGNA CARTA,-0.562,51.4448,Thames,THAMES - WEST THAMES,Multiple Values,OPEN,FRESHWATER - RIVERS,2021-03-10T10:42:00,MONITORING  (NATIONAL AGENCY POLICY),RIVER / RUNNING SURFACE WATER,0180,"Orthophosphate, reactive as P",0.11,MILLIGRAM PER LITRE
https://environment.data.gov.uk/water-quality/sampling-point/TH-RSN0018/sample/1343108/observation/0182,TH-RSN0018,RSN0018 RIVER THAMES AT MAGNA CARTA,-0.562,51.4448,Thames,THAMES - WEST THAMES,Multiple Values,OPEN,FRESHWATER - RIVERS,2021-03-10T10:42:00,MONITORING  (NATIONAL AGENCY POLICY),RIVER / RUNNING SURFACE WATER,0182,"Silica, reactive as SiO2",10,MILLIGRAM PER LITRE
https://environment.data.gov.uk/water-quality/sampling-point/TH-RSN0018/sample/1343108/observation/0205,TH-RSN0018,RSN0018 RIVER THAMES AT MAGNA CARTA,-0.562,51.4448,Thames,THAMES - WEST THAMES,Multiple Values,OPEN,FRESHWATER - RIVERS,2021-03-10T10:42:00,MONITORING  (NATIONAL AGENCY POLICY),RIVER / RUNNING SURFACE WATER,0205,"Sodium, Dissolved",21,MILLIGRAM PER LITRE
https://environment.data.gov.uk/water-quality/sampling-point/TH-RSN0018/sample/1343108/observation/0209,TH-RSN0018,RSN0018 RIVER THAMES AT MAGNA CARTA,-0.562,51.4448,Thames,THAMES - WEST THAMES,Multiple Values,OPEN,FRESHWATER - RIVERS,2021-03-10T10:42:00,MONITORING  (NATIONAL AGENCY POLICY),RIVER / RUNNING SURFACE WATER,0209,"Potassium, Dissolved",3.9,MILLIGRAM PER LITRE
https://environment.data.gov.uk/water-quality/sampling-point/TH-RSN0018/sample/1343108/observation/0235,TH-RSN0018,RSN0018 RIVER THAMES AT MAGNA CARTA,-0.562,51.4448,Thames,THAMES - WEST THAMES,Multiple Values,OPEN,FRESHWATER - RIVERS,2021-03-10T10:42:00,MONITORING  (NATIONAL AGENCY POLICY),RIVER / RUNNING SURFACE WATER,0235,"Magnesium, Dissolved",4.3,MILLIGRAM PER LITRE
https://environment.data.gov.uk/water-quality/sampling-point/TH-RSN0018/sample/1343108/observation/0239,TH-RSN0018,RSN0018 RIVER THAMES AT MAGNA CARTA,-0.562,51.4448,Thames,THAMES - WEST THAMES,Multiple Values,OPEN,FRESHWATER - RIVERS,2021-03-10T10:42:00,MONITORING  (NATIONAL AGENCY POLICY),RIVER / RUNNING SURFACE WATER,0239,"Calcium, Dissolved",110,MILLIGRAM PER LITRE
https://environment.data.gov.uk/water-quality/sampling-point/TH-RSN0018/sample/1343108/observation/0301,TH-RSN0018,RSN0018 RIVER THAMES AT MAGNA CARTA,-0.562,51.4448,Thames,THAMES - WEST THAMES,Multiple Values,OPEN,FRESHWATER - RIVERS,2021-03-10T10:42:00,MONITORING  (NATIONAL AGENCY POLICY),RIVER / RUNNING SURFACE WATER,0301,"Carbon, Organic, Dissolved as C :- {DOC}",3,MILLIGRAM PER LITRE
https://environment.data.gov.uk/water-quality/sampling-point/TH-RSN0018/sample/1343108/observation/0348,TH-RSN0018,RSN0018 RIVER THAMES AT MAGNA CARTA,-0.562,51.4448,Thames,THAMES - WEST THAMES,Multiple Values,OPEN,FRESHWATER - RIVERS,2021-03-10T10:42:00,MONITORING  (NATIONAL AGENCY POLICY),RIVER / RUNNING SURFACE WATER,0348,"Phosphorus, Total as P",0.13,MILLIGRAM PER LITRE
https://environment.data.gov.uk/water-quality/sampling-point/TH-RSN0018/sample/1343108/observation/0714,TH-RSN0018,RSN0018 RIVER THAMES AT MAGNA CARTA,-0.562,51.4448,Thames,THAMES - WEST THAMES,Multiple Values,OPEN,FRESHWATER - RIVERS,2021-03-10T10:42:00,MONITORING  (NATIONAL AGENCY POLICY),RIVER / RUNNING SURFACE WATER,0714,"Benzo(g,h,i)Perylene",<0.01,MICROGRAM PER LITRE
https://environment.data.gov.uk/water-quality/sampling-point/TH-RSN0018/sample/1343108/observation/0731,TH-RSN0018,RSN0018 RIVER THAMES AT MAGNA CARTA,-0.562,51.4448,Thames,THAMES - WEST THAMES,Multiple Values,OPEN,FRESHWATER - RIVERS,2021-03-10T10:42:00,MONITORING  (NATIONAL AGENCY POLICY),RIVER / RUNNING SURFACE WATER,0731,Benzo(b)Fluoranthene,<0.01,MICROGRAM PER LITRE
https://environment.data.gov.uk/water-quality/sampling-point/TH-RSN0018/sample/1343108/observation/0733,TH-RSN0018,RSN0018 RIVER THAMES AT MAGNA CARTA,-0.562,51.4448,Thames,THAMES - WEST THAMES,Multiple Values,OPEN,FRESHWATER - RIVERS,2021-03-10T10:42:00,MONITORING  (NATIONAL AGENCY POLICY),RIVER / RUNNING SURFACE WATER,0733,Benzo(k)Fluoranthene,<0.01,MICROGRAM PER LITRE
https://environment.data.gov.uk/water-quality/sampling-point/TH-RSN0018/sample/1343108/observation/0736,TH-RSN0018,RSN0018 RIVER THAMES AT MAGNA CARTA,-0.562,51.4448,Thames,THAMES - WEST THAMES,Multiple Values,OPEN,FRESHWATER - RIVERS,2021-03-10T10:42:00,MONITORING  (NATIONAL AGENCY POLICY),RIVER / RUNNING SURFACE WATER,0736,Fluoranthene,<0.01,MICROGRAM PER LITRE
https://environment.data.gov.uk/water-quality/sampling-point/TH-RSN0018/sample/1343108/observation/0746,TH-RSN0018,RSN0018 RIVER THAMES AT MAGNA CARTA,-0.562,51.4448,Thames,THAMES - WEST THAMES,Multiple Values,OPEN,FRESHWATER - RIVERS,2021-03-10T10:42:00,MONITORING  (NATIONAL AGENCY POLICY),RIVER / RUNNING SURFACE WATER,0746,"Indeno(1,2,3-cd)pyrene",<0.01,MICROGRAM PER LITRE
https://environment.data.gov.uk/water-quality/sampling-point/TH-RSN0018/sample/1343108/observation/3004,TH-RSN0018,RSN0018 RIVER THAMES AT MAGNA CARTA,-0.562,51.4448,Thames,THAMES - WEST THAMES,Multiple Values,OPEN,FRESHWATER - RIVERS,2021-03-10T10:42:00,MONITORING  (NATIONAL AGENCY POLICY),RIVER / RUNNING SURFACE WATER,3004,Asulam,<0.02,MICROGRAM PER LITRE
https://environment.data.gov.uk/water-quality/sampling-point/TH-RSN0018/sample/1343108/observation/3007,TH-RSN0018,RSN0018 RIVER THAMES AT MAGNA CARTA,-0.562,51.4448,Thames,THAMES - WEST THAMES,Multiple Values,OPEN,FRESHWATER - RIVERS,2021-03-10T10:42:00,MONITORING  (NATIONAL AGENCY POLICY),RIVER / RUNNING SURFACE WATER,3007,Glyphosate,<0.1,MICROGRAM PER LITRE
https://environment.data.gov.uk/water-quality/sampling-point/TH-RSN0018/sample/1343108/observation/3086,TH-RSN0018,RSN0018 RIVER THAMES AT MAGNA CARTA,-0.562,51.4448,Thames,THAMES - WEST THAMES,Multiple Values,OPEN,FRESHWATER - RIVERS,2021-03-10T10:42:00,MONITORING  (NATIONAL AGENCY POLICY),RIVER / RUNNING SURFACE WATER,3086,Carbofuran,<0.005,MICROGRAM PER LITRE
https://environment.data.gov.uk/water-quality/sampling-point/TH-RSN0018/sample/1343108/observation/3117,TH-RSN0018,RSN0018 RIVER THAMES AT MAGNA CARTA,-0.562,51.4448,Thames,THAMES - WEST THAMES,Multiple Values,OPEN,FRESHWATER - RIVERS,2021-03-10T10:42:00,MONITORING  (NATIONAL AGENCY POLICY),RIVER / RUNNING SURFACE WATER,3117,Isoproturon,<0.01,MICROGRAM PER LITRE
https://environment.data.gov.uk/water-quality/sampling-point/TH-RSN0018/sample/1343108/observation/3118,TH-RSN0018,RSN0018 RIVER THAMES AT MAGNA CARTA,-0.562,51.4448,Thames,THAMES - WEST THAMES,Multiple Values,OPEN,FRESHWATER - RIVERS,2021-03-10T10:42:00,MONITORING  (NATIONAL AGENCY POLICY),RIVER / RUNNING SURFACE WATER,3118,Linuron,<0.01,MICROGRAM PER LITRE
https://environment.data.gov.uk/water-quality/sampling-point/TH-RSN0018/sample/1343108/observation/3130,TH-RSN0018,RSN0018 RIVER THAMES AT MAGNA CARTA,-0.562,51.4448,Thames,THAMES - WEST THAMES,Multiple Values,OPEN,FRESHWATER - RIVERS,2021-03-10T10:42:00,MONITORING  (NATIONAL AGENCY POLICY),RIVER / RUNNING SURFACE WATER,3130,Metoxuron,<0.01,MICROGRAM PER LITRE
https://environment.data.gov.uk/water-quality/sampling-point/TH-RSN0018/sample/1343108/observation/3341,TH-RSN0018,RSN0018 RIVER THAMES AT MAGNA CARTA,-0.562,51.4448,Thames,THAMES - WEST THAMES,Multiple Values,OPEN,FRESHWATER - RIVERS,2021-03-10T10:42:00,MONITORING  (NATIONAL AGENCY POLICY),RIVER / RUNNING SURFACE WATER,3341,4-Chloro-2-methylphenol :- {p-Chloro-o-cresol},<0.05,MICROGRAM PER LITRE
https://environment.data.gov.uk/water-quality/sampling-point/TH-RSN0018/sample/1343108/observation/3377,TH-RSN0018,RSN0018 RIVER THAMES AT MAGNA CARTA,-0.562,51.4448,Thames,THAMES - WEST THAMES,Multiple Values,OPEN,FRESHWATER - RIVERS,2021-03-10T10:42:00,MONITORING  (NATIONAL AGENCY POLICY),RIVER / RUNNING SURFACE WATER,3377,Lead : BLM Bioavailable,0.04,MICROGRAM PER LITRE
https://environment.data.gov.uk/water-quality/sampling-point/TH-RSN0018/sample/1343108/observation/3399,TH-RSN0018,RSN0018 RIVER THAMES AT MAGNA CARTA,-0.562,51.4448,Thames,THAMES - WEST THAMES,Multiple Values,OPEN,FRESHWATER - RIVERS,2021-03-10T10:42:00,MONITORING  (NATIONAL AGENCY POLICY),RIVER / RUNNING SURFACE WATER,3399,Chloroxuron,<0.01,MICROGRAM PER LITRE
https://environment.data.gov.uk/water-quality/sampling-point/TH-RSN0018/sample/1343108/observation/3400,TH-RSN0018,RSN0018 RIVER THAMES AT MAGNA CARTA,-0.562,51.4448,Thames,THAMES - WEST THAMES,Multiple Values,OPEN,FRESHWATER - RIVERS,2021-03-10T10:42:00,MONITORING  (NATIONAL AGENCY POLICY),RIVER / RUNNING SURFACE WATER,3400,Monuron,<0.01,MICROGRAM PER LITRE
https://environment.data.gov.uk/water-quality/sampling-point/TH-RSN0018/sample/1343108/observation/3408,TH-RSN0018,RSN0018 RIVER THAMES AT MAGNA CARTA,-0.562,51.4448,Thames,THAMES - WEST THAMES,Multiple Values,OPEN,FRESHWATER - RIVERS,2021-03-10T10:42:00,MONITORING  (NATIONAL AGENCY POLICY),RIVER / RUNNING SURFACE WATER,3408,"Zinc, Dissolved",2.8,MICROGRAM PER LITRE
https://environment.data.gov.uk/water-quality/sampling-point/TH-RSN0018/sample/1343108/observation/3409,TH-RSN0018,RSN0018 RIVER THAMES AT MAGNA CARTA,-0.562,51.4448,Thames,THAMES - WEST THAMES,Multiple Values,OPEN,FRESHWATER - RIVERS,2021-03-10T10:42:00,MONITORING  (NATIONAL AGENCY POLICY),RIVER / RUNNING SURFACE WATER,3409,"Chromium, Dissolved",<0.5,MICROGRAM PER LITRE
https://environment.data.gov.uk/water-quality/sampling-point/TH-RSN0018/sample/1343108/observation/3410,TH-RSN0018,RSN0018 RIVER THAMES AT MAGNA CARTA,-0.562,51.4448,Thames,THAMES - WEST THAMES,Multiple Values,OPEN,FRESHWATER - RIVERS,2021-03-10T10:42:00,MONITORING  (NATIONAL AGENCY POLICY),RIVER / RUNNING SURFACE WATER,3410,"Nickel, Dissolved",0.99,MICROGRAM PER LITRE
https://environment.data.gov.uk/water-quality/sampling-point/TH-RSN0018/sample/1343108/observation/3475,TH-RSN0018,RSN0018 RIVER THAMES AT MAGNA CARTA,-0.562,51.4448,Thames,THAMES - WEST THAMES,Multiple Values,OPEN,FRESHWATER - RIVERS,2021-03-10T10:42:00,MONITORING  (NATIONAL AGENCY POLICY),RIVER / RUNNING SURFACE WATER,3475,Carbendazim,<0.01,MICROGRAM PER LITRE
https://environment.data.gov.uk/water-quality/sampling-point/TH-RSN0018/sample/1343108/observation/3545,TH-RSN0018,RSN0018 RIVER THAMES AT MAGNA CARTA,-0.562,51.4448,Thames,THAMES - WEST THAMES,Multiple Values,OPEN,FRESHWATER - RIVERS,2021-03-10T10:42:00,MONITORING  (NATIONAL AGENCY POLICY),RIVER / RUNNING SURFACE WATER,3545,"2,4-D :- {2,4-Dichlorophenoxyacetic acid}",<0.005,MICROGRAM PER LITRE
https://environment.data.gov.uk/water-quality/sampling-point/TH-RSN0018/sample/1343108/observation/3546,TH-RSN0018,RSN0018 RIVER THAMES AT MAGNA CARTA,-0.562,51.4448,Thames,THAMES - WEST THAMES,Multiple Values,OPEN,FRESHWATER - RIVERS,2021-03-10T10:42:00,MONITORING  (NATIONAL AGENCY POLICY),RIVER / RUNNING SURFACE WATER,3546,"2,4,5-T :- {2,4,5-Trichlorophenoxyacetic acid}",<0.005,MICROGRAM PER LITRE
https://environment.data.gov.uk/water-quality/sampling-point/TH-RSN0018/sample/1343108/observation/3547,TH-RSN0018,RSN0018 RIVER THAMES AT MAGNA CARTA,-0.562,51.4448,Thames,THAMES - WEST THAMES,Multiple Values,OPEN,FRESHWATER - RIVERS,2021-03-10T10:42:00,MONITORING  (NATIONAL AGENCY POLICY),RIVER / RUNNING SURFACE WATER,3547,4-Chlorophenoxyacetic acid,<0.005,MICROGRAM PER LITRE
https://environment.data.gov.uk/water-quality/sampling-point/TH-RSN0018/sample/1343108/observation/3548,TH-RSN0018,RSN0018 RIVER THAMES AT MAGNA CARTA,-0.562,51.4448,Thames,THAMES - WEST THAMES,Multiple Values,OPEN,FRESHWATER - RIVERS,2021-03-10T10:42:00,MONITORING  (NATIONAL AGENCY POLICY),RIVER / RUNNING SURFACE WATER,3548,MCPA :- {4-Chloro-2-methylphenoxyacetic acid} ,<0.005,MICROGRAM PER LITRE
https://environment.data.gov.uk/water-quality/sampling-point/TH-RSN0018/sample/1343108/observation/3549,TH-RSN0018,RSN0018 RIVER THAMES AT MAGNA CARTA,-0.562,51.4448,Thames,THAMES - WEST THAMES,Multiple Values,OPEN,FRESHWATER - RIVERS,2021-03-10T10:42:00,MONITORING  (NATIONAL AGENCY POLICY),RIVER / RUNNING SURFACE WATER,3549,Mecoprop,<0.005,MICROGRAM PER LITRE
https://environment.data.gov.uk/water-quality/sampling-point/TH-RSN0018/sample/1343108/observation/3550,TH-RSN0018,RSN0018 RIVER THAMES AT MAGNA CARTA,-0.562,51.4448,Thames,THAMES - WEST THAMES,Multiple Values,OPEN,FRESHWATER - RIVERS,2021-03-10T10:42:00,MONITORING  (NATIONAL AGENCY POLICY),RIVER / RUNNING SURFACE WATER,3550,Dicamba,<0.01,MICROGRAM PER LITRE
https://environment.data.gov.uk/water-quality/sampling-point/TH-RSN0018/sample/1343108/observation/3551,TH-RSN0018,RSN0018 RIVER THAMES AT MAGNA CARTA,-0.562,51.4448,Thames,THAMES - WEST THAMES,Multiple Values,OPEN,FRESHWATER - RIVERS,2021-03-10T10:42:00,MONITORING  (NATIONAL AGENCY POLICY),RIVER / RUNNING SURFACE WATER,3551,"Dichlorprop :- {2,4-DP}",<0.005,MICROGRAM PER LITRE
https://environment.data.gov.uk/water-quality/sampling-point/TH-RSN0018/sample/1343108/observation/3552,TH-RSN0018,RSN0018 RIVER THAMES AT MAGNA CARTA,-0.562,51.4448,Thames,THAMES - WEST THAMES,Multiple Values,OPEN,FRESHWATER - RIVERS,2021-03-10T10:42:00,MONITORING  (NATIONAL AGENCY POLICY),RIVER / RUNNING SURFACE WATER,3552,Fenoprop,<0.005,MICROGRAM PER LITRE
https://environment.data.gov.uk/water-quality/sampling-point/TH-RSN0018/sample/1343108/observation/3555,TH-RSN0018,RSN0018 RIVER THAMES AT MAGNA CARTA,-0.562,51.4448,Thames,THAMES - WEST THAMES,Multiple Values,OPEN,FRESHWATER - RIVERS,2021-03-10T10:42:00,MONITORING  (NATIONAL AGENCY POLICY),RIVER / RUNNING SURFACE WATER,3555,Triclopyr,<0.005,MICROGRAM PER LITRE
https://environment.data.gov.uk/water-quality/sampling-point/TH-RSN0018/sample/1343108/observation/3790,TH-RSN0018,RSN0018 RIVER THAMES AT MAGNA CARTA,-0.562,51.4448,Thames,THAMES - WEST THAMES,Multiple Values,OPEN,FRESHWATER - RIVERS,2021-03-10T10:42:00,MONITORING  (NATIONAL AGENCY POLICY),RIVER / RUNNING SURFACE WATER,3790,MCPB :- {4-Chloro-2-methylphenoxybutyric acid},<0.005,MICROGRAM PER LITRE
https://environment.data.gov.uk/water-quality/sampling-point/TH-RSN0018/sample/1343108/observation/3791,TH-RSN0018,RSN0018 RIVER THAMES AT MAGNA CARTA,-0.562,51.4448,Thames,THAMES - WEST THAMES,Multiple Values,OPEN,FRESHWATER - RIVERS,2021-03-10T10:42:00,MONITORING  (NATIONAL AGENCY POLICY),RIVER / RUNNING SURFACE WATER,3791,"2,4-DB :- {4-(2,4-dichlorophenoxy)butyric acid}",<0.005,MICROGRAM PER LITRE
https://environment.data.gov.uk/water-quality/sampling-point/TH-RSN0018/sample/1343108/observation/3792,TH-RSN0018,RSN0018 RIVER THAMES AT MAGNA CARTA,-0.562,51.4448,Thames,THAMES - WEST THAMES,Multiple Values,OPEN,FRESHWATER - RIVERS,2021-03-10T10:42:00,MONITORING  (NATIONAL AGENCY POLICY),RIVER / RUNNING SURFACE WATER,3792,Benazolin,<0.005,MICROGRAM PER LITRE
https://environment.data.gov.uk/water-quality/sampling-point/TH-RSN0018/sample/1343108/observation/3811,TH-RSN0018,RSN0018 RIVER THAMES AT MAGNA CARTA,-0.562,51.4448,Thames,THAMES - WEST THAMES,Multiple Values,OPEN,FRESHWATER - RIVERS,2021-03-10T10:42:00,MONITORING  (NATIONAL AGENCY POLICY),RIVER / RUNNING SURFACE WATER,3811,Diuron,<0.01,MICROGRAM PER LITRE
https://environment.data.gov.uk/water-quality/sampling-point/TH-RSN0018/sample/1343108/observation/3878,TH-RSN0018,RSN0018 RIVER THAMES AT MAGNA CARTA,-0.562,51.4448,Thames,THAMES - WEST THAMES,Multiple Values,OPEN,FRESHWATER - RIVERS,2021-03-10T10:42:00,MONITORING  (NATIONAL AGENCY POLICY),RIVER / RUNNING SURFACE WATER,3878,Nickel : BLM Bioavailable,0.61,MICROGRAM PER LITRE
https://environment.data.gov.uk/water-quality/sampling-point/TH-RSN0018/sample/1343108/observation/3925,TH-RSN0018,RSN0018 RIVER THAMES AT MAGNA CARTA,-0.562,51.4448,Thames,THAMES - WEST THAMES,Multiple Values,OPEN,FRESHWATER - RIVERS,2021-03-10T10:42:00,MONITORING  (NATIONAL AGENCY POLICY),RIVER / RUNNING SURFACE WATER,3925,Monolinuron,<0.01,MICROGRAM PER LITRE
https://environment.data.gov.uk/water-quality/sampling-point/TH-RSN0018/sample/1343108/observation/4064,TH-RSN0018,RSN0018 RIVER THAMES AT MAGNA CARTA,-0.562,51.4448,Thames,THAMES - WEST THAMES,Multiple Values,OPEN,FRESHWATER - RIVERS,2021-03-10T10:42:00,MONITORING  (NATIONAL AGENCY POLICY),RIVER / RUNNING SURFACE WATER,4064,Fluroxypyr,<0.005,MICROGRAM PER LITRE
https://environment.data.gov.uk/water-quality/sampling-point/TH-RSN0018/sample/1343108/observation/4065,TH-RSN0018,RSN0018 RIVER THAMES AT MAGNA CARTA,-0.562,51.4448,Thames,THAMES - WEST THAMES,Multiple Values,OPEN,FRESHWATER - RIVERS,2021-03-10T10:42:00,MONITORING  (NATIONAL AGENCY POLICY),RIVER / RUNNING SURFACE WATER,4065,Bentazone,0.0034,MICROGRAM PER LITRE
https://environment.data.gov.uk/water-quality/sampling-point/TH-RSN0018/sample/1343108/observation/4201,TH-RSN0018,RSN0018 RIVER THAMES AT MAGNA CARTA,-0.562,51.4448,Thames,THAMES - WEST THAMES,Multiple Values,OPEN,FRESHWATER - RIVERS,2021-03-10T10:42:00,MONITORING  (NATIONAL AGENCY POLICY),RIVER / RUNNING SURFACE WATER,4201,"Lithium, Dissolved",<100,MICROGRAM PER LITRE
https://environment.data.gov.uk/water-quality/sampling-point/TH-RSN0018/sample/1343108/observation/4820,TH-RSN0018,RSN0018 RIVER THAMES AT MAGNA CARTA,-0.562,51.4448,Thames,THAMES - WEST THAMES,Multiple Values,OPEN,FRESHWATER - RIVERS,2021-03-10T10:42:00,MONITORING  (NATIONAL AGENCY POLICY),RIVER / RUNNING SURFACE WATER,4820,Manganese : BLM Bioavailable,4.1,MICROGRAM PER LITRE
https://environment.data.gov.uk/water-quality/sampling-point/TH-RSN0018/sample/1343108/observation/4821,TH-RSN0018,RSN0018 RIVER THAMES AT MAGNA CARTA,-0.562,51.4448,Thames,THAMES - WEST THAMES,Multiple Values,OPEN,FRESHWATER - RIVERS,2021-03-10T10:42:00,MONITORING  (NATIONAL AGENCY POLICY),RIVER / RUNNING SURFACE WATER,4821,Copper : BLM Bioavailable,0.24,MICROGRAM PER LITRE
https://environment.data.gov.uk/water-quality/sampling-point/TH-RSN0018/sample/1343108/observation/4822,TH-RSN0018,RSN0018 RIVER THAMES AT MAGNA CARTA,-0.562,51.4448,Thames,THAMES - WEST THAMES,Multiple Values,OPEN,FRESHWATER - RIVERS,2021-03-10T10:42:00,MONITORING  (NATIONAL AGENCY POLICY),RIVER / RUNNING SURFACE WATER,4822,Zinc : BLM Bioavailable,1.4,MICROGRAM PER LITRE
https://environment.data.gov.uk/water-quality/sampling-point/TH-RSN0018/sample/1343108/observation/4994,TH-RSN0018,RSN0018 RIVER THAMES AT MAGNA CARTA,-0.562,51.4448,Thames,THAMES - WEST THAMES,Multiple Values,OPEN,FRESHWATER - RIVERS,2021-03-10T10:42:00,MONITORING  (NATIONAL AGENCY POLICY),RIVER / RUNNING SURFACE WATER,4994,GCMS Screen : Target Based multi-residue screening : Semi Quantitative,1,Text Result
https://environment.data.gov.uk/water-quality/sampling-point/TH-RSN0018/sample/1343108/observation/5042,TH-RSN0018,RSN0018 RIVER THAMES AT MAGNA CARTA,-0.562,51.4448,Thames,THAMES - WEST THAMES,Multiple Values,OPEN,FRESHWATER - RIVERS,2021-03-10T10:42:00,MONITORING  (NATIONAL AGENCY POLICY),RIVER / RUNNING SURFACE WATER,5042,Sulcotrione,<0.1,MICROGRAM PER LITRE
https://environment.data.gov.uk/water-quality/sampling-point/TH-RSN0018/sample/1343108/observation/5047,TH-RSN0018,RSN0018 RIVER THAMES AT MAGNA CARTA,-0.562,51.4448,Thames,THAMES - WEST THAMES,Multiple Values,OPEN,FRESHWATER - RIVERS,2021-03-10T10:42:00,MONITORING  (NATIONAL AGENCY POLICY),RIVER / RUNNING SURFACE WATER,5047,Ethirimol,<0.05,MICROGRAM PER LITRE
https://environment.data.gov.uk/water-quality/sampling-point/TH-RSN0018/sample/1343108/observation/5050,TH-RSN0018,RSN0018 RIVER THAMES AT MAGNA CARTA,-0.562,51.4448,Thames,THAMES - WEST THAMES,Multiple Values,OPEN,FRESHWATER - RIVERS,2021-03-10T10:42:00,MONITORING  (NATIONAL AGENCY POLICY),RIVER / RUNNING SURFACE WATER,5050,Azoxystrobin,<0.02,MICROGRAM PER LITRE
https://environment.data.gov.uk/water-quality/sampling-point/TH-RSN0018/sample/1343108/observation/5446,TH-RSN0018,RSN0018 RIVER THAMES AT MAGNA CARTA,-0.562,51.4448,Thames,THAMES - WEST THAMES,Multiple Values,OPEN,FRESHWATER - RIVERS,2021-03-10T10:42:00,MONITORING  (NATIONAL AGENCY POLICY),RIVER / RUNNING SURFACE WATER,5446,Cypermethrin Identification,1,Text Result
https://environment.data.gov.uk/water-quality/sampling-point/TH-RSN0018/sample/1343108/observation/5732,TH-RSN0018,RSN0018 RIVER THAMES AT MAGNA CARTA,-0.562,51.4448,Thames,THAMES - WEST THAMES,Multiple Values,OPEN,FRESHWATER - RIVERS,2021-03-10T10:42:00,MONITORING  (NATIONAL AGENCY POLICY),RIVER / RUNNING SURFACE WATER,5732,Triphenyl Tin as Cation,<0.0002,MICROGRAM PER LITRE
https://environment.data.gov.uk/water-quality/sampling-point/TH-RSN0018/sample/1343108/observation/5889,TH-RSN0018,RSN0018 RIVER THAMES AT MAGNA CARTA,-0.562,51.4448,Thames,THAMES - WEST THAMES,Multiple Values,OPEN,FRESHWATER - RIVERS,2021-03-10T10:42:00,MONITORING  (NATIONAL AGENCY POLICY),RIVER / RUNNING SURFACE WATER,5889,Triclosan,<0.01,MICROGRAM PER LITRE
https://environment.data.gov.uk/water-quality/sampling-point/TH-RSN0018/sample/1343108/observation/6037,TH-RSN0018,RSN0018 RIVER THAMES AT MAGNA CARTA,-0.562,51.4448,Thames,THAMES - WEST THAMES,Multiple Values,OPEN,FRESHWATER - RIVERS,2021-03-10T10:42:00,MONITORING  (NATIONAL AGENCY POLICY),RIVER / RUNNING SURFACE WATER,6037,"Aluminium, Dissolved",<10,MICROGRAM PER LITRE
https://environment.data.gov.uk/water-quality/sampling-point/TH-RSN0018/sample/1343108/observation/6399,TH-RSN0018,RSN0018 RIVER THAMES AT MAGNA CARTA,-0.562,51.4448,Thames,THAMES - WEST THAMES,Multiple Values,OPEN,FRESHWATER - RIVERS,2021-03-10T10:42:00,MONITORING  (NATIONAL AGENCY POLICY),RIVER / RUNNING SURFACE WATER,6399,Benzo(a)Pyrene,<0.01,MICROGRAM PER LITRE
https://environment.data.gov.uk/water-quality/sampling-point/TH-RSN0018/sample/1343108/observation/6449,TH-RSN0018,RSN0018 RIVER THAMES AT MAGNA CARTA,-0.562,51.4448,Thames,THAMES - WEST THAMES,Multiple Values,OPEN,FRESHWATER - RIVERS,2021-03-10T10:42:00,MONITORING  (NATIONAL AGENCY POLICY),RIVER / RUNNING SURFACE WATER,6449,Bromoxynil,<0.005,MICROGRAM PER LITRE
https://environment.data.gov.uk/water-quality/sampling-point/TH-RSN0018/sample/1343108/observation/6450,TH-RSN0018,RSN0018 RIVER THAMES AT MAGNA CARTA,-0.562,51.4448,Thames,THAMES - WEST THAMES,Multiple Values,OPEN,FRESHWATER - RIVERS,2021-03-10T10:42:00,MONITORING  (NATIONAL AGENCY POLICY),RIVER / RUNNING SURFACE WATER,6450,"Copper, Dissolved",1.4,MICROGRAM PER LITRE
https://environment.data.gov.uk/water-quality/sampling-point/TH-RSN0018/sample/1343108/observation/6458,TH-RSN0018,RSN0018 RIVER THAMES AT MAGNA CARTA,-0.562,51.4448,Thames,THAMES - WEST THAMES,Multiple Values,OPEN,FRESHWATER - RIVERS,2021-03-10T10:42:00,MONITORING  (NATIONAL AGENCY POLICY),RIVER / RUNNING SURFACE WATER,6458,"Manganese, Dissolved",<10,MICROGRAM PER LITRE
https://environment.data.gov.uk/water-quality/sampling-point/TH-RSN0018/sample/1343108/observation/6460,TH-RSN0018,RSN0018 RIVER THAMES AT MAGNA CARTA,-0.562,51.4448,Thames,THAMES - WEST THAMES,Multiple Values,OPEN,FRESHWATER - RIVERS,2021-03-10T10:42:00,MONITORING  (NATIONAL AGENCY POLICY),RIVER / RUNNING SURFACE WATER,6460,"Iron, Dissolved",<30,MICROGRAM PER LITRE
https://environment.data.gov.uk/water-quality/sampling-point/TH-RSN0018/sample/1343108/observation/6620,TH-RSN0018,RSN0018 RIVER THAMES AT MAGNA CARTA,-0.562,51.4448,Thames,THAMES - WEST THAMES,Multiple Values,OPEN,FRESHWATER - RIVERS,2021-03-10T10:42:00,MONITORING  (NATIONAL AGENCY POLICY),RIVER / RUNNING SURFACE WATER,6620,Clopyralid,<0.005,MICROGRAM PER LITRE
https://environment.data.gov.uk/water-quality/sampling-point/TH-RSN0018/sample/1343108/observation/6671,TH-RSN0018,RSN0018 RIVER THAMES AT MAGNA CARTA,-0.562,51.4448,Thames,THAMES - WEST THAMES,Multiple Values,OPEN,FRESHWATER - RIVERS,2021-03-10T10:42:00,MONITORING  (NATIONAL AGENCY POLICY),RIVER / RUNNING SURFACE WATER,6671,Phenoxyacetic acid :- {PAA},0.06,MICROGRAM PER LITRE
https://environment.data.gov.uk/water-quality/sampling-point/TH-RSN0018/sample/1343108/observation/6672,TH-RSN0018,RSN0018 RIVER THAMES AT MAGNA CARTA,-0.562,51.4448,Thames,THAMES - WEST THAMES,Multiple Values,OPEN,FRESHWATER - RIVERS,2021-03-10T10:42:00,MONITORING  (NATIONAL AGENCY POLICY),RIVER / RUNNING SURFACE WATER,6672,4-Phenoxybutyric acid :- {PBA},<0.005,MICROGRAM PER LITRE
https://environment.data.gov.uk/water-quality/sampling-point/TH-RSN0018/sample/1343108/observation/6673,TH-RSN0018,RSN0018 RIVER THAMES AT MAGNA CARTA,-0.562,51.4448,Thames,THAMES - WEST THAMES,Multiple Values,OPEN,FRESHWATER - RIVERS,2021-03-10T10:42:00,MONITORING  (NATIONAL AGENCY POLICY),RIVER / RUNNING SURFACE WATER,6673,2-Phenoxypropionic acid :- {PPA},<0.005,MICROGRAM PER LITRE
https://environment.data.gov.uk/water-quality/sampling-point/TH-RSN0018/sample/1343108/observation/6693,TH-RSN0018,RSN0018 RIVER THAMES AT MAGNA CARTA,-0.562,51.4448,Thames,THAMES - WEST THAMES,Multiple Values,OPEN,FRESHWATER - RIVERS,2021-03-10T10:42:00,MONITORING  (NATIONAL AGENCY POLICY),RIVER / RUNNING SURFACE WATER,6693,"Strontium, Filtered",330,MICROGRAM PER LITRE
https://environment.data.gov.uk/water-quality/sampling-point/TH-RSN0018/sample/1343108/observation/6724,TH-RSN0018,RSN0018 RIVER THAMES AT MAGNA CARTA,-0.562,51.4448,Thames,THAMES - WEST THAMES,Multiple Values,OPEN,FRESHWATER - RIVERS,2021-03-10T10:42:00,MONITORING  (NATIONAL AGENCY POLICY),RIVER / RUNNING SURFACE WATER,6724,Di(2-ethylhexyl) phthalate :- {DEHP},<0.2,MICROGRAM PER LITRE
https://environment.data.gov.uk/water-quality/sampling-point/TH-RSN0018/sample/1343108/observation/6760,TH-RSN0018,RSN0018 RIVER THAMES AT MAGNA CARTA,-0.562,51.4448,Thames,THAMES - WEST THAMES,Multiple Values,OPEN,FRESHWATER - RIVERS,2021-03-10T10:42:00,MONITORING  (NATIONAL AGENCY POLICY),RIVER / RUNNING SURFACE WATER,6760,Chloridazon,<0.01,MICROGRAM PER LITRE
https://environment.data.gov.uk/water-quality/sampling-point/TH-RSN0018/sample/1343108/observation/6955,TH-RSN0018,RSN0018 RIVER THAMES AT MAGNA CARTA,-0.562,51.4448,Thames,THAMES - WEST THAMES,Multiple Values,OPEN,FRESHWATER - RIVERS,2021-03-10T10:42:00,MONITORING  (NATIONAL AGENCY POLICY),RIVER / RUNNING SURFACE WATER,6955,Ethiofencarb,<0.005,MICROGRAM PER LITRE
https://environment.data.gov.uk/water-quality/sampling-point/TH-RSN0018/sample/1343108/observation/6971,TH-RSN0018,RSN0018 RIVER THAMES AT MAGNA CARTA,-0.562,51.4448,Thames,THAMES - WEST THAMES,Multiple Values,OPEN,FRESHWATER - RIVERS,2021-03-10T10:42:00,MONITORING  (NATIONAL AGENCY POLICY),RIVER / RUNNING SURFACE WATER,6971,Methiocarb,<0.001,MICROGRAM PER LITRE
https://environment.data.gov.uk/water-quality/sampling-point/TH-RSN0018/sample/1343108/observation/6972,TH-RSN0018,RSN0018 RIVER THAMES AT MAGNA CARTA,-0.562,51.4448,Thames,THAMES - WEST THAMES,Multiple Values,OPEN,FRESHWATER - RIVERS,2021-03-10T10:42:00,MONITORING  (NATIONAL AGENCY POLICY),RIVER / RUNNING SURFACE WATER,6972,Methomyl,<0.005,MICROGRAM PER LITRE
https://environment.data.gov.uk/water-quality/sampling-point/TH-RSN0018/sample/1343108/observation/6980,TH-RSN0018,RSN0018 RIVER THAMES AT MAGNA CARTA,-0.562,51.4448,Thames,THAMES - WEST THAMES,Multiple Values,OPEN,FRESHWATER - RIVERS,2021-03-10T10:42:00,MONITORING  (NATIONAL AGENCY POLICY),RIVER / RUNNING SURFACE WATER,6980,Oxamyl,<0.005,MICROGRAM PER LITRE
https://environment.data.gov.uk/water-quality/sampling-point/TH-RSN0018/sample/1343108/observation/6987,TH-RSN0018,RSN0018 RIVER THAMES AT MAGNA CARTA,-0.562,51.4448,Thames,THAMES - WEST THAMES,Multiple Values,OPEN,FRESHWATER - RIVERS,2021-03-10T10:42:00,MONITORING  (NATIONAL AGENCY POLICY),RIVER / RUNNING SURFACE WATER,6987,Propoxur,<0.005,MICROGRAM PER LITRE
https://environment.data.gov.uk/water-quality/sampling-point/TH-RSN0018/sample/1343108/observation/7025,TH-RSN0018,RSN0018 RIVER THAMES AT MAGNA CARTA,-0.562,51.4448,Thames,THAMES - WEST THAMES,Multiple Values,OPEN,FRESHWATER - RIVERS,2021-03-10T10:42:00,MONITORING  (NATIONAL AGENCY POLICY),RIVER / RUNNING SURFACE WATER,7025,Imazapyr,<0.005,MICROGRAM PER LITRE
https://environment.data.gov.uk/water-quality/sampling-point/TH-RSN0018/sample/1343108/observation/7053,TH-RSN0018,RSN0018 RIVER THAMES AT MAGNA CARTA,-0.562,51.4448,Thames,THAMES - WEST THAMES,Multiple Values,OPEN,FRESHWATER - RIVERS,2021-03-10T10:42:00,MONITORING  (NATIONAL AGENCY POLICY),RIVER / RUNNING SURFACE WATER,7053,Methabenzthiazuron,<0.01,MICROGRAM PER LITRE
https://environment.data.gov.uk/water-quality/sampling-point/TH-RSN0018/sample/1343108/observation/7125,TH-RSN0018,RSN0018 RIVER THAMES AT MAGNA CARTA,-0.562,51.4448,Thames,THAMES - WEST THAMES,Multiple Values,OPEN,FRESHWATER - RIVERS,2021-03-10T10:42:00,MONITORING  (NATIONAL AGENCY POLICY),RIVER / RUNNING SURFACE WATER,7125,Aminomethylphosphonic acid,0.17,MICROGRAM PER LITRE
https://environment.data.gov.uk/water-quality/sampling-point/TH-RSN0018/sample/1343108/observation/7726,TH-RSN0018,RSN0018 RIVER THAMES AT MAGNA CARTA,-0.562,51.4448,Thames,THAMES - WEST THAMES,Multiple Values,OPEN,FRESHWATER - RIVERS,2021-03-10T10:42:00,MONITORING  (NATIONAL AGENCY POLICY),RIVER / RUNNING SURFACE WATER,7726,"2,3,6-TBA :- {2,3,6-Trichlorobenzoic acid}",<0.02,MICROGRAM PER LITRE
https://environment.data.gov.uk/water-quality/sampling-point/TH-RSN0018/sample/1343108/observation/7859,TH-RSN0018,RSN0018 RIVER THAMES AT MAGNA CARTA,-0.562,51.4448,Thames,THAMES - WEST THAMES,Multiple Values,OPEN,FRESHWATER - RIVERS,2021-03-10T10:42:00,MONITORING  (NATIONAL AGENCY POLICY),RIVER / RUNNING SURFACE WATER,7859,"Sulphate, Dissolved as SO4",43,MILLIGRAM PER LITRE
https://environment.data.gov.uk/water-quality/sampling-point/TH-RSN0018/sample/1343108/observation/8806,TH-RSN0018,RSN0018 RIVER THAMES AT MAGNA CARTA,-0.562,51.4448,Thames,THAMES - WEST THAMES,Multiple Values,OPEN,FRESHWATER - RIVERS,2021-03-10T10:42:00,MONITORING  (NATIONAL AGENCY POLICY),RIVER / RUNNING SURFACE WATER,8806,Aldicarb sulfoxide,<0.005,MICROGRAM PER LITRE
https://environment.data.gov.uk/water-quality/sampling-point/TH-RSN0018/sample/1343108/observation/8807,TH-RSN0018,RSN0018 RIVER THAMES AT MAGNA CARTA,-0.562,51.4448,Thames,THAMES - WEST THAMES,Multiple Values,OPEN,FRESHWATER - RIVERS,2021-03-10T10:42:00,MONITORING  (NATIONAL AGENCY POLICY),RIVER / RUNNING SURFACE WATER,8807,Aldoxycarb :- {Aldicarb Sulfone},<0.005,MICROGRAM PER LITRE
https://environment.data.gov.uk/water-quality/sampling-point/TH-RSN0018/sample/1343108/observation/8944,TH-RSN0018,RSN0018 RIVER THAMES AT MAGNA CARTA,-0.562,51.4448,Thames,THAMES - WEST THAMES,Multiple Values,OPEN,FRESHWATER - RIVERS,2021-03-10T10:42:00,MONITORING  (NATIONAL AGENCY POLICY),RIVER / RUNNING SURFACE WATER,8944,Tributyl Tin as Cation,<0.0002,MICROGRAM PER LITRE
https://environment.data.gov.uk/water-quality/sampling-point/TH-RSN0018/sample/1343108/observation/9068,TH-RSN0018,RSN0018 RIVER THAMES AT MAGNA CARTA,-0.562,51.4448,Thames,THAMES - WEST THAMES,Multiple Values,OPEN,FRESHWATER - RIVERS,2021-03-10T10:42:00,MONITORING  (NATIONAL AGENCY POLICY),RIVER / RUNNING SURFACE WATER,9068,Ioxynil,<0.005,MICROGRAM PER LITRE
https://environment.data.gov.uk/water-quality/sampling-point/TH-RSN0018/sample/1343108/observation/9073,TH-RSN0018,RSN0018 RIVER THAMES AT MAGNA CARTA,-0.562,51.4448,Thames,THAMES - WEST THAMES,Multiple Values,OPEN,FRESHWATER - RIVERS,2021-03-10T10:42:00,MONITORING  (NATIONAL AGENCY POLICY),RIVER / RUNNING SURFACE WATER,9073,Carbetamide,0.072,MICROGRAM PER LITRE
https://environment.data.gov.uk/water-quality/sampling-point/TH-RSN0018/sample/1343108/observation/9190,TH-RSN0018,RSN0018 RIVER THAMES AT MAGNA CARTA,-0.562,51.4448,Thames,THAMES - WEST THAMES,Multiple Values,OPEN,FRESHWATER - RIVERS,2021-03-10T10:42:00,MONITORING  (NATIONAL AGENCY POLICY),RIVER / RUNNING SURFACE WATER,9190,4-Nonylphenol Branched,<0.04,MICROGRAM PER LITRE
https://environment.data.gov.uk/water-quality/sampling-point/TH-RSN0018/sample/1343108/observation/9267,TH-RSN0018,RSN0018 RIVER THAMES AT MAGNA CARTA,-0.562,51.4448,Thames,THAMES - WEST THAMES,Multiple Values,OPEN,FRESHWATER - RIVERS,2021-03-10T10:42:00,MONITORING  (NATIONAL AGENCY POLICY),RIVER / RUNNING SURFACE WATER,9267,4-tert-Octylphenol :- {p-tert-Octylphenol},<0.01,MICROGRAM PER LITRE
https://environment.data.gov.uk/water-quality/sampling-point/TH-RSN0018/sample/1343108/observation/9274,TH-RSN0018,RSN0018 RIVER THAMES AT MAGNA CARTA,-0.562,51.4448,Thames,THAMES - WEST THAMES,Multiple Values,OPEN,FRESHWATER - RIVERS,2021-03-10T10:42:00,MONITORING  (NATIONAL AGENCY POLICY),RIVER / RUNNING SURFACE WATER,9274,Perfluorooctanoate anion,0.0017,MICROGRAM PER LITRE
https://environment.data.gov.uk/water-quality/sampling-point/TH-RSN0018/sample/1343108/observation/9276,TH-RSN0018,RSN0018 RIVER THAMES AT MAGNA CARTA,-0.562,51.4448,Thames,THAMES - WEST THAMES,Multiple Values,OPEN,FRESHWATER - RIVERS,2021-03-10T10:42:00,MONITORING  (NATIONAL AGENCY POLICY),RIVER / RUNNING SURFACE WATER,9276,Perfluorooctylsulphonate anion,0.0038,MICROGRAM PER LITRE
https://environment.data.gov.uk/water-quality/sampling-point/TH-RSN0018/sample/1343108/observation/9339,TH-RSN0018,RSN0018 RIVER THAMES AT MAGNA CARTA,-0.562,51.4448,Thames,THAMES - WEST THAMES,Multiple Values,OPEN,FRESHWATER - RIVERS,2021-03-10T10:42:00,MONITORING  (NATIONAL AGENCY POLICY),RIVER / RUNNING SURFACE WATER,9339,Fenuron,<0.01,MICROGRAM PER LITRE
https://environment.data.gov.uk/water-quality/sampling-point/TH-RSN0018/sample/1343108/observation/9341,TH-RSN0018,RSN0018 RIVER THAMES AT MAGNA CARTA,-0.562,51.4448,Thames,THAMES - WEST THAMES,Multiple Values,OPEN,FRESHWATER - RIVERS,2021-03-10T10:42:00,MONITORING  (NATIONAL AGENCY POLICY),RIVER / RUNNING SURFACE WATER,9341,cis-Permethrin,<0.0001,MICROGRAM PER LITRE
https://environment.data.gov.uk/water-quality/sampling-point/TH-RSN0018/sample/1343108/observation/9342,TH-RSN0018,RSN0018 RIVER THAMES AT MAGNA CARTA,-0.562,51.4448,Thames,THAMES - WEST THAMES,Multiple Values,OPEN,FRESHWATER - RIVERS,2021-03-10T10:42:00,MONITORING  (NATIONAL AGENCY POLICY),RIVER / RUNNING SURFACE WATER,9342,trans-Permethrin,<0.0001,MICROGRAM PER LITRE
https://environment.data.gov.uk/water-quality/sampling-point/TH-RSN0018/sample/1343108/observation/9343,TH-RSN0018,RSN0018 RIVER THAMES AT MAGNA CARTA,-0.562,51.4448,Thames,THAMES - WEST THAMES,Multiple Values,OPEN,FRESHWATER - RIVERS,2021-03-10T10:42:00,MONITORING  (NATIONAL AGENCY POLICY),RIVER / RUNNING SURFACE WATER,9343,Carbaryl,<0.01,MICROGRAM PER LITRE
https://environment.data.gov.uk/water-quality/sampling-point/TH-RSN0018/sample/1343108/observation/9344,TH-RSN0018,RSN0018 RIVER THAMES AT MAGNA CARTA,-0.562,51.4448,Thames,THAMES - WEST THAMES,Multiple Values,OPEN,FRESHWATER - RIVERS,2021-03-10T10:42:00,MONITORING  (NATIONAL AGENCY POLICY),RIVER / RUNNING SURFACE WATER,9344,Aldicarb,<0.005,MICROGRAM PER LITRE
https://environment.data.gov.uk/water-quality/sampling-point/TH-RSN0018/sample/1343108/observation/9345,TH-RSN0018,RSN0018 RIVER THAMES AT MAGNA CARTA,-0.562,51.4448,Thames,THAMES - WEST THAMES,Multiple Values,OPEN,FRESHWATER - RIVERS,2021-03-10T10:42:00,MONITORING  (NATIONAL AGENCY POLICY),RIVER / RUNNING SURFACE WATER,9345,Diflurobenzuron,<0.01,MICROGRAM PER LITRE
https://environment.data.gov.uk/water-quality/sampling-point/TH-RSN0018/sample/1343108/observation/9348,TH-RSN0018,RSN0018 RIVER THAMES AT MAGNA CARTA,-0.562,51.4448,Thames,THAMES - WEST THAMES,Multiple Values,OPEN,FRESHWATER - RIVERS,2021-03-10T10:42:00,MONITORING  (NATIONAL AGENCY POLICY),RIVER / RUNNING SURFACE WATER,9348,Chlorotoluron,<0.01,MICROGRAM PER LITRE
https://environment.data.gov.uk/water-quality/sampling-point/TH-RSN0018/sample/1343108/observation/9446,TH-RSN0018,RSN0018 RIVER THAMES AT MAGNA CARTA,-0.562,51.4448,Thames,THAMES - WEST THAMES,Multiple Values,OPEN,FRESHWATER - RIVERS,2021-03-10T10:42:00,MONITORING  (NATIONAL AGENCY POLICY),RIVER / RUNNING SURFACE WATER,9446,"Barium, Dissolved",17,MICROGRAM PER LITRE
https://environment.data.gov.uk/water-quality/sampling-point/TH-RSN0018/sample/1343108/observation/9447,TH-RSN0018,RSN0018 RIVER THAMES AT MAGNA CARTA,-0.562,51.4448,Thames,THAMES - WEST THAMES,Multiple Values,OPEN,FRESHWATER - RIVERS,2021-03-10T10:42:00,MONITORING  (NATIONAL AGENCY POLICY),RIVER / RUNNING SURFACE WATER,9447,"Boron, Dissolved",<100,MICROGRAM PER LITRE
https://environment.data.gov.uk/water-quality/sampling-point/TH-RSN0018/sample/1343108/observation/9686,TH-RSN0018,RSN0018 RIVER THAMES AT MAGNA CARTA,-0.562,51.4448,Thames,THAMES - WEST THAMES,Multiple Values,OPEN,FRESHWATER - RIVERS,2021-03-10T10:42:00,MONITORING  (NATIONAL AGENCY POLICY),RIVER / RUNNING SURFACE WATER,9686,"Nitrogen, Total as N",7.9,MILLIGRAM PER LITRE
https://environment.data.gov.uk/water-quality/sampling-point/TH-RSN0018/sample/1343108/observation/9756,TH-RSN0018,RSN0018 RIVER THAMES AT MAGNA CARTA,-0.562,51.4448,Thames,THAMES - WEST THAMES,Multiple Values,OPEN,FRESHWATER - RIVERS,2021-03-10T10:42:00,MONITORING  (NATIONAL AGENCY POLICY),RIVER / RUNNING SURFACE WATER,9756,Neburon,<0.01,MICROGRAM PER LITRE
https://environment.data.gov.uk/water-quality/sampling-point/TH-RSN0018/sample/1343108/observation/9861,TH-RSN0018,RSN0018 RIVER THAMES AT MAGNA CARTA,-0.562,51.4448,Thames,THAMES - WEST THAMES,Multiple Values,OPEN,FRESHWATER - RIVERS,2021-03-10T10:42:00,MONITORING  (NATIONAL AGENCY POLICY),RIVER / RUNNING SURFACE WATER,9861,Metsulfuron-methyl,<0.01,MICROGRAM PER LITRE
https://environment.data.gov.uk/water-quality/sampling-point/TH-RSN0018/sample/1343108/observation/9883,TH-RSN0018,RSN0018 RIVER THAMES AT MAGNA CARTA,-0.562,51.4448,Thames,THAMES - WEST THAMES,Multiple Values,OPEN,FRESHWATER - RIVERS,2021-03-10T10:42:00,MONITORING  (NATIONAL AGENCY POLICY),RIVER / RUNNING SURFACE WATER,9883,Picloram,<0.005,MICROGRAM PER LITRE
https://environment.data.gov.uk/water-quality/sampling-point/TH-RSN0018/sample/1343108/observation/9889,TH-RSN0018,RSN0018 RIVER THAMES AT MAGNA CARTA,-0.562,51.4448,Thames,THAMES - WEST THAMES,Multiple Values,OPEN,FRESHWATER - RIVERS,2021-03-10T10:42:00,MONITORING  (NATIONAL AGENCY POLICY),RIVER / RUNNING SURFACE WATER,9889,Oestrone :- {E1},0.47,NANOGRAM PER LITRE
https://environment.data.gov.uk/water-quality/sampling-point/TH-RSN0018/sample/1343108/observation/9898,TH-RSN0018,RSN0018 RIVER THAMES AT MAGNA CARTA,-0.562,51.4448,Thames,THAMES - WEST THAMES,Multiple Values,OPEN,FRESHWATER - RIVERS,2021-03-10T10:42:00,MONITORING  (NATIONAL AGENCY POLICY),RIVER / RUNNING SURFACE WATER,9898,17beta oestradiol :- {E2},0.061,NANOGRAM PER LITRE
https://environment.data.gov.uk/water-quality/sampling-point/TH-RSN0018/sample/1343108/observation/9899,TH-RSN0018,RSN0018 RIVER THAMES AT MAGNA CARTA,-0.562,51.4448,Thames,THAMES - WEST THAMES,Multiple Values,OPEN,FRESHWATER - RIVERS,2021-03-10T10:42:00,MONITORING  (NATIONAL AGENCY POLICY),RIVER / RUNNING SURFACE WATER,9899,17alpha ethynyloestradiol :- {EE2},0.091,NANOGRAM PER LITRE
https://environment.data.gov.uk/water-quality/sampling-point/TH-RSN0018/sample/1343108/observation/9901,TH-RSN0018,RSN0018 RIVER THAMES AT MAGNA CARTA,-0.562,51.4448,Thames,THAMES - WEST THAMES,Multiple Values,OPEN,FRESHWATER - RIVERS,2021-03-10T10:42:00,MONITORING  (NATIONAL AGENCY POLICY),RIVER / RUNNING SURFACE WATER,9901,"Oxygen, Dissolved, % Saturation",103,PERCENTAGE
https://environment.data.gov.uk/water-quality/sampling-point/TH-RSN0018/sample/1343108/observation/9924,TH-RSN0018,RSN0018 RIVER THAMES AT MAGNA CARTA,-0.562,51.4448,Thames,THAMES - WEST THAMES,Multiple Values,OPEN,FRESHWATER - RIVERS,2021-03-10T10:42:00,MONITORING  (NATIONAL AGENCY POLICY),RIVER / RUNNING SURFACE WATER,9924,"Oxygen, Dissolved as O2",12.3,MILLIGRAM PER LITRE
https://environment.data.gov.uk/water-quality/sampling-point/TH-RSN0018/sample/1348491/observation/0052,TH-RSN0018,RSN0018 RIVER THAMES AT MAGNA CARTA,-0.562,51.4448,Thames,THAMES - WEST THAMES,Multiple Values,OPEN,FRESHWATER - RIVERS,2021-04-19T11:03:00,MONITORING  (NATIONAL AGENCY POLICY),RIVER / RUNNING SURFACE WATER,0052,"Lead, Dissolved",0.42,MICROGRAM PER LITRE
https://environment.data.gov.uk/water-quality/sampling-point/TH-RSN0018/sample/1348491/observation/0073,TH-RSN0018,RSN0018 RIVER THAMES AT MAGNA CARTA,-0.562,51.4448,Thames,THAMES - WEST THAMES,Multiple Values,OPEN,FRESHWATER - RIVERS,2021-04-19T11:03:00,MONITORING  (NATIONAL AGENCY POLICY),RIVER / RUNNING SURFACE WATER,0073,Cypermethrin,<0.00001,MICROGRAM PER LITRE
https://environment.data.gov.uk/water-quality/sampling-point/TH-RSN0018/sample/1348491/observation/0076,TH-RSN0018,RSN0018 RIVER THAMES AT MAGNA CARTA,-0.562,51.4448,Thames,THAMES - WEST THAMES,Multiple Values,OPEN,FRESHWATER - RIVERS,2021-04-19T11:03:00,MONITORING  (NATIONAL AGENCY POLICY),RIVER / RUNNING SURFACE WATER,0076,Temperature of Water,10.8,CELSIUS
https://environment.data.gov.uk/water-quality/sampling-point/TH-RSN0018/sample/1348491/observation/0106,TH-RSN0018,RSN0018 RIVER THAMES AT MAGNA CARTA,-0.562,51.4448,Thames,THAMES - WEST THAMES,Multiple Values,OPEN,FRESHWATER - RIVERS,2021-04-19T11:03:00,MONITORING  (NATIONAL AGENCY POLICY),RIVER / RUNNING SURFACE WATER,0106,"Cadmium, Dissolved",0.011,MICROGRAM PER LITRE
https://environment.data.gov.uk/water-quality/sampling-point/TH-RSN0018/sample/1348491/observation/0111,TH-RSN0018,RSN0018 RIVER THAMES AT MAGNA CARTA,-0.562,51.4448,Thames,THAMES - WEST THAMES,Multiple Values,OPEN,FRESHWATER - RIVERS,2021-04-19T11:03:00,MONITORING  (NATIONAL AGENCY POLICY),RIVER / RUNNING SURFACE WATER,0111,Ammoniacal Nitrogen as N,<0.03,MILLIGRAM PER LITRE
https://environment.data.gov.uk/water-quality/sampling-point/TH-RSN0018/sample/1348491/observation/0116,TH-RSN0018,RSN0018 RIVER THAMES AT MAGNA CARTA,-0.562,51.4448,Thames,THAMES - WEST THAMES,Multiple Values,OPEN,FRESHWATER - RIVERS,2021-04-19T11:03:00,MONITORING  (NATIONAL AGENCY POLICY),RIVER / RUNNING SURFACE WATER,0116,"Nitrogen, Total Oxidised as N",7.4,MILLIGRAM PER LITRE
https://environment.data.gov.uk/water-quality/sampling-point/TH-RSN0018/sample/1348491/observation/0117,TH-RSN0018,RSN0018 RIVER THAMES AT MAGNA CARTA,-0.562,51.4448,Thames,THAMES - WEST THAMES,Multiple Values,OPEN,FRESHWATER - RIVERS,2021-04-19T11:03:00,MONITORING  (NATIONAL AGENCY POLICY),RIVER / RUNNING SURFACE WATER,0117,Nitrate as N,7.38,MILLIGRAM PER LITRE
https://environment.data.gov.uk/water-quality/sampling-point/TH-RSN0018/sample/1348491/observation/0118,TH-RSN0018,RSN0018 RIVER THAMES AT MAGNA CARTA,-0.562,51.4448,Thames,THAMES - WEST THAMES,Multiple Values,OPEN,FRESHWATER - RIVERS,2021-04-19T11:03:00,MONITORING  (NATIONAL AGENCY POLICY),RIVER / RUNNING SURFACE WATER,0118,Nitrite as N,0.021,MILLIGRAM PER LITRE
https://environment.data.gov.uk/water-quality/sampling-point/TH-RSN0018/sample/1348491/observation/0158,TH-RSN0018,RSN0018 RIVER THAMES AT MAGNA CARTA,-0.562,51.4448,Thames,THAMES - WEST THAMES,Multiple Values,OPEN,FRESHWATER - RIVERS,2021-04-19T11:03:00,MONITORING  (NATIONAL AGENCY POLICY),RIVER / RUNNING SURFACE WATER,0158,"Hardness, Total as CaCO3",292,MILLIGRAM PER LITRE
https://environment.data.gov.uk/water-quality/sampling-point/TH-RSN0018/sample/1348491/observation/0162,TH-RSN0018,RSN0018 RIVER THAMES AT MAGNA CARTA,-0.562,51.4448,Thames,THAMES - WEST THAMES,Multiple Values,OPEN,FRESHWATER - RIVERS,2021-04-19T11:03:00,MONITORING  (NATIONAL AGENCY POLICY),RIVER / RUNNING SURFACE WATER,0162,Alkalinity to pH 4.5 as CaCO3,230,MILLIGRAM PER LITRE
https://environment.data.gov.uk/water-quality/sampling-point/TH-RSN0018/sample/1348491/observation/0163,TH-RSN0018,RSN0018 RIVER THAMES AT MAGNA CARTA,-0.562,51.4448,Thames,THAMES - WEST THAMES,Multiple Values,OPEN,FRESHWATER - RIVERS,2021-04-19T11:03:00,MONITORING  (NATIONAL AGENCY POLICY),RIVER / RUNNING SURFACE WATER,0163,"Hardness, Calcium",275,MILLIGRAM PER LITRE
https://environment.data.gov.uk/water-quality/sampling-point/TH-RSN0018/sample/1348491/observation/0172,TH-RSN0018,RSN0018 RIVER THAMES AT MAGNA CARTA,-0.562,51.4448,Thames,THAMES - WEST THAMES,Multiple Values,OPEN,FRESHWATER - RIVERS,2021-04-19T11:03:00,MONITORING  (NATIONAL AGENCY POLICY),RIVER / RUNNING SURFACE WATER,0172,Chloride,39,MILLIGRAM PER LITRE
https://environment.data.gov.uk/water-quality/sampling-point/TH-RSN0018/sample/1348491/observation/0180,TH-RSN0018,RSN0018 RIVER THAMES AT MAGNA CARTA,-0.562,51.4448,Thames,THAMES - WEST THAMES,Multiple Values,OPEN,FRESHWATER - RIVERS,2021-04-19T11:03:00,MONITORING  (NATIONAL AGENCY POLICY),RIVER / RUNNING SURFACE WATER,0180,"Orthophosphate, reactive as P",<0.01,MILLIGRAM PER LITRE
https://environment.data.gov.uk/water-quality/sampling-point/TH-RSN0018/sample/1348491/observation/0182,TH-RSN0018,RSN0018 RIVER THAMES AT MAGNA CARTA,-0.562,51.4448,Thames,THAMES - WEST THAMES,Multiple Values,OPEN,FRESHWATER - RIVERS,2021-04-19T11:03:00,MONITORING  (NATIONAL AGENCY POLICY),RIVER / RUNNING SURFACE WATER,0182,"Silica, reactive as SiO2",4,MILLIGRAM PER LITRE
https://environment.data.gov.uk/water-quality/sampling-point/TH-RSN0018/sample/1348491/observation/0205,TH-RSN0018,RSN0018 RIVER THAMES AT MAGNA CARTA,-0.562,51.4448,Thames,THAMES - WEST THAMES,Multiple Values,OPEN,FRESHWATER - RIVERS,2021-04-19T11:03:00,MONITORING  (NATIONAL AGENCY POLICY),RIVER / RUNNING SURFACE WATER,0205,"Sodium, Dissolved",24,MILLIGRAM PER LITRE
https://environment.data.gov.uk/water-quality/sampling-point/TH-RSN0018/sample/1348491/observation/0209,TH-RSN0018,RSN0018 RIVER THAMES AT MAGNA CARTA,-0.562,51.4448,Thames,THAMES - WEST THAMES,Multiple Values,OPEN,FRESHWATER - RIVERS,2021-04-19T11:03:00,MONITORING  (NATIONAL AGENCY POLICY),RIVER / RUNNING SURFACE WATER,0209,"Potassium, Dissolved",4.7,MILLIGRAM PER LITRE
https://environment.data.gov.uk/water-quality/sampling-point/TH-RSN0018/sample/1348491/observation/0235,TH-RSN0018,RSN0018 RIVER THAMES AT MAGNA CARTA,-0.562,51.4448,Thames,THAMES - WEST THAMES,Multiple Values,OPEN,FRESHWATER - RIVERS,2021-04-19T11:03:00,MONITORING  (NATIONAL AGENCY POLICY),RIVER / RUNNING SURFACE WATER,0235,"Magnesium, Dissolved",4.2,MILLIGRAM PER LITRE
https://environment.data.gov.uk/water-quality/sampling-point/TH-RSN0018/sample/1348491/observation/0239,TH-RSN0018,RSN0018 RIVER THAMES AT MAGNA CARTA,-0.562,51.4448,Thames,THAMES - WEST THAMES,Multiple Values,OPEN,FRESHWATER - RIVERS,2021-04-19T11:03:00,MONITORING  (NATIONAL AGENCY POLICY),RIVER / RUNNING SURFACE WATER,0239,"Calcium, Dissolved",110,MILLIGRAM PER LITRE
https://environment.data.gov.uk/water-quality/sampling-point/TH-RSN0018/sample/1348491/observation/0301,TH-RSN0018,RSN0018 RIVER THAMES AT MAGNA CARTA,-0.562,51.4448,Thames,THAMES - WEST THAMES,Multiple Values,OPEN,FRESHWATER - RIVERS,2021-04-19T11:03:00,MONITORING  (NATIONAL AGENCY POLICY),RIVER / RUNNING SURFACE WATER,0301,"Carbon, Organic, Dissolved as C :- {DOC}",2.7,MILLIGRAM PER LITRE
https://environment.data.gov.uk/water-quality/sampling-point/TH-RSN0018/sample/1348491/observation/0348,TH-RSN0018,RSN0018 RIVER THAMES AT MAGNA CARTA,-0.562,51.4448,Thames,THAMES - WEST THAMES,Multiple Values,OPEN,FRESHWATER - RIVERS,2021-04-19T11:03:00,MONITORING  (NATIONAL AGENCY POLICY),RIVER / RUNNING SURFACE WATER,0348,"Phosphorus, Total as P",0.088,MILLIGRAM PER LITRE
https://environment.data.gov.uk/water-quality/sampling-point/TH-RSN0018/sample/1348491/observation/0714,TH-RSN0018,RSN0018 RIVER THAMES AT MAGNA CARTA,-0.562,51.4448,Thames,THAMES - WEST THAMES,Multiple Values,OPEN,FRESHWATER - RIVERS,2021-04-19T11:03:00,MONITORING  (NATIONAL AGENCY POLICY),RIVER / RUNNING SURFACE WATER,0714,"Benzo(g,h,i)Perylene",<0.01,MICROGRAM PER LITRE
https://environment.data.gov.uk/water-quality/sampling-point/TH-RSN0018/sample/1348491/observation/0731,TH-RSN0018,RSN0018 RIVER THAMES AT MAGNA CARTA,-0.562,51.4448,Thames,THAMES - WEST THAMES,Multiple Values,OPEN,FRESHWATER - RIVERS,2021-04-19T11:03:00,MONITORING  (NATIONAL AGENCY POLICY),RIVER / RUNNING SURFACE WATER,0731,Benzo(b)Fluoranthene,<0.01,MICROGRAM PER LITRE
https://environment.data.gov.uk/water-quality/sampling-point/TH-RSN0018/sample/1348491/observation/0733,TH-RSN0018,RSN0018 RIVER THAMES AT MAGNA CARTA,-0.562,51.4448,Thames,THAMES - WEST THAMES,Multiple Values,OPEN,FRESHWATER - RIVERS,2021-04-19T11:03:00,MONITORING  (NATIONAL AGENCY POLICY),RIVER / RUNNING SURFACE WATER,0733,Benzo(k)Fluoranthene,<0.01,MICROGRAM PER LITRE
https://environment.data.gov.uk/water-quality/sampling-point/TH-RSN0018/sample/1348491/observation/0736,TH-RSN0018,RSN0018 RIVER THAMES AT MAGNA CARTA,-0.562,51.4448,Thames,THAMES - WEST THAMES,Multiple Values,OPEN,FRESHWATER - RIVERS,2021-04-19T11:03:00,MONITORING  (NATIONAL AGENCY POLICY),RIVER / RUNNING SURFACE WATER,0736,Fluoranthene,<0.01,MICROGRAM PER LITRE
https://environment.data.gov.uk/water-quality/sampling-point/TH-RSN0018/sample/1348491/observation/0746,TH-RSN0018,RSN0018 RIVER THAMES AT MAGNA CARTA,-0.562,51.4448,Thames,THAMES - WEST THAMES,Multiple Values,OPEN,FRESHWATER - RIVERS,2021-04-19T11:03:00,MONITORING  (NATIONAL AGENCY POLICY),RIVER / RUNNING SURFACE WATER,0746,"Indeno(1,2,3-cd)pyrene",<0.01,MICROGRAM PER LITRE
https://environment.data.gov.uk/water-quality/sampling-point/TH-RSN0018/sample/1348491/observation/3004,TH-RSN0018,RSN0018 RIVER THAMES AT MAGNA CARTA,-0.562,51.4448,Thames,THAMES - WEST THAMES,Multiple Values,OPEN,FRESHWATER - RIVERS,2021-04-19T11:03:00,MONITORING  (NATIONAL AGENCY POLICY),RIVER / RUNNING SURFACE WATER,3004,Asulam,<0.02,MICROGRAM PER LITRE
https://environment.data.gov.uk/water-quality/sampling-point/TH-RSN0018/sample/1348491/observation/3007,TH-RSN0018,RSN0018 RIVER THAMES AT MAGNA CARTA,-0.562,51.4448,Thames,THAMES - WEST THAMES,Multiple Values,OPEN,FRESHWATER - RIVERS,2021-04-19T11:03:00,MONITORING  (NATIONAL AGENCY POLICY),RIVER / RUNNING SURFACE WATER,3007,Glyphosate,<0.1,MICROGRAM PER LITRE
https://environment.data.gov.uk/water-quality/sampling-point/TH-RSN0018/sample/1348491/observation/3086,TH-RSN0018,RSN0018 RIVER THAMES AT MAGNA CARTA,-0.562,51.4448,Thames,THAMES - WEST THAMES,Multiple Values,OPEN,FRESHWATER - RIVERS,2021-04-19T11:03:00,MONITORING  (NATIONAL AGENCY POLICY),RIVER / RUNNING SURFACE WATER,3086,Carbofuran,<0.005,MICROGRAM PER LITRE
https://environment.data.gov.uk/water-quality/sampling-point/TH-RSN0018/sample/1348491/observation/3117,TH-RSN0018,RSN0018 RIVER THAMES AT MAGNA CARTA,-0.562,51.4448,Thames,THAMES - WEST THAMES,Multiple Values,OPEN,FRESHWATER - RIVERS,2021-04-19T11:03:00,MONITORING  (NATIONAL AGENCY POLICY),RIVER / RUNNING SURFACE WATER,3117,Isoproturon,<0.01,MICROGRAM PER LITRE
https://environment.data.gov.uk/water-quality/sampling-point/TH-RSN0018/sample/1348491/observation/3118,TH-RSN0018,RSN0018 RIVER THAMES AT MAGNA CARTA,-0.562,51.4448,Thames,THAMES - WEST THAMES,Multiple Values,OPEN,FRESHWATER - RIVERS,2021-04-19T11:03:00,MONITORING  (NATIONAL AGENCY POLICY),RIVER / RUNNING SURFACE WATER,3118,Linuron,<0.01,MICROGRAM PER LITRE
https://environment.data.gov.uk/water-quality/sampling-point/TH-RSN0018/sample/1348491/observation/3130,TH-RSN0018,RSN0018 RIVER THAMES AT MAGNA CARTA,-0.562,51.4448,Thames,THAMES - WEST THAMES,Multiple Values,OPEN,FRESHWATER - RIVERS,2021-04-19T11:03:00,MONITORING  (NATIONAL AGENCY POLICY),RIVER / RUNNING SURFACE WATER,3130,Metoxuron,<0.01,MICROGRAM PER LITRE
https://environment.data.gov.uk/water-quality/sampling-point/TH-RSN0018/sample/1348491/observation/3341,TH-RSN0018,RSN0018 RIVER THAMES AT MAGNA CARTA,-0.562,51.4448,Thames,THAMES - WEST THAMES,Multiple Values,OPEN,FRESHWATER - RIVERS,2021-04-19T11:03:00,MONITORING  (NATIONAL AGENCY POLICY),RIVER / RUNNING SURFACE WATER,3341,4-Chloro-2-methylphenol :- {p-Chloro-o-cresol},<0.05,MICROGRAM PER LITRE
https://environment.data.gov.uk/water-quality/sampling-point/TH-RSN0018/sample/1348491/observation/3377,TH-RSN0018,RSN0018 RIVER THAMES AT MAGNA CARTA,-0.562,51.4448,Thames,THAMES - WEST THAMES,Multiple Values,OPEN,FRESHWATER - RIVERS,2021-04-19T11:03:00,MONITORING  (NATIONAL AGENCY POLICY),RIVER / RUNNING SURFACE WATER,3377,Lead : BLM Bioavailable,0.16,MICROGRAM PER LITRE
https://environment.data.gov.uk/water-quality/sampling-point/TH-RSN0018/sample/1348491/observation/3399,TH-RSN0018,RSN0018 RIVER THAMES AT MAGNA CARTA,-0.562,51.4448,Thames,THAMES - WEST THAMES,Multiple Values,OPEN,FRESHWATER - RIVERS,2021-04-19T11:03:00,MONITORING  (NATIONAL AGENCY POLICY),RIVER / RUNNING SURFACE WATER,3399,Chloroxuron,<0.01,MICROGRAM PER LITRE
https://environment.data.gov.uk/water-quality/sampling-point/TH-RSN0018/sample/1348491/observation/3400,TH-RSN0018,RSN0018 RIVER THAMES AT MAGNA CARTA,-0.562,51.4448,Thames,THAMES - WEST THAMES,Multiple Values,OPEN,FRESHWATER - RIVERS,2021-04-19T11:03:00,MONITORING  (NATIONAL AGENCY POLICY),RIVER / RUNNING SURFACE WATER,3400,Monuron,<0.01,MICROGRAM PER LITRE
https://environment.data.gov.uk/water-quality/sampling-point/TH-RSN0018/sample/1348491/observation/3408,TH-RSN0018,RSN0018 RIVER THAMES AT MAGNA CARTA,-0.562,51.4448,Thames,THAMES - WEST THAMES,Multiple Values,OPEN,FRESHWATER - RIVERS,2021-04-19T11:03:00,MONITORING  (NATIONAL AGENCY POLICY),RIVER / RUNNING SURFACE WATER,3408,"Zinc, Dissolved",4,MICROGRAM PER LITRE
https://environment.data.gov.uk/water-quality/sampling-point/TH-RSN0018/sample/1348491/observation/3409,TH-RSN0018,RSN0018 RIVER THAMES AT MAGNA CARTA,-0.562,51.4448,Thames,THAMES - WEST THAMES,Multiple Values,OPEN,FRESHWATER - RIVERS,2021-04-19T11:03:00,MONITORING  (NATIONAL AGENCY POLICY),RIVER / RUNNING SURFACE WATER,3409,"Chromium, Dissolved",<0.5,MICROGRAM PER LITRE
https://environment.data.gov.uk/water-quality/sampling-point/TH-RSN0018/sample/1348491/observation/3410,TH-RSN0018,RSN0018 RIVER THAMES AT MAGNA CARTA,-0.562,51.4448,Thames,THAMES - WEST THAMES,Multiple Values,OPEN,FRESHWATER - RIVERS,2021-04-19T11:03:00,MONITORING  (NATIONAL AGENCY POLICY),RIVER / RUNNING SURFACE WATER,3410,"Nickel, Dissolved",1.3,MICROGRAM PER LITRE
https://environment.data.gov.uk/water-quality/sampling-point/TH-RSN0018/sample/1348491/observation/3475,TH-RSN0018,RSN0018 RIVER THAMES AT MAGNA CARTA,-0.562,51.4448,Thames,THAMES - WEST THAMES,Multiple Values,OPEN,FRESHWATER - RIVERS,2021-04-19T11:03:00,MONITORING  (NATIONAL AGENCY POLICY),RIVER / RUNNING SURFACE WATER,3475,Carbendazim,<0.01,MICROGRAM PER LITRE
https://environment.data.gov.uk/water-quality/sampling-point/TH-RSN0018/sample/1348491/observation/3545,TH-RSN0018,RSN0018 RIVER THAMES AT MAGNA CARTA,-0.562,51.4448,Thames,THAMES - WEST THAMES,Multiple Values,OPEN,FRESHWATER - RIVERS,2021-04-19T11:03:00,MONITORING  (NATIONAL AGENCY POLICY),RIVER / RUNNING SURFACE WATER,3545,"2,4-D :- {2,4-Dichlorophenoxyacetic acid}",<0.005,MICROGRAM PER LITRE
https://environment.data.gov.uk/water-quality/sampling-point/TH-RSN0018/sample/1348491/observation/3546,TH-RSN0018,RSN0018 RIVER THAMES AT MAGNA CARTA,-0.562,51.4448,Thames,THAMES - WEST THAMES,Multiple Values,OPEN,FRESHWATER - RIVERS,2021-04-19T11:03:00,MONITORING  (NATIONAL AGENCY POLICY),RIVER / RUNNING SURFACE WATER,3546,"2,4,5-T :- {2,4,5-Trichlorophenoxyacetic acid}",<0.005,MICROGRAM PER LITRE
https://environment.data.gov.uk/water-quality/sampling-point/TH-RSN0018/sample/1348491/observation/3547,TH-RSN0018,RSN0018 RIVER THAMES AT MAGNA CARTA,-0.562,51.4448,Thames,THAMES - WEST THAMES,Multiple Values,OPEN,FRESHWATER - RIVERS,2021-04-19T11:03:00,MONITORING  (NATIONAL AGENCY POLICY),RIVER / RUNNING SURFACE WATER,3547,4-Chlorophenoxyacetic acid,<0.005,MICROGRAM PER LITRE
https://environment.data.gov.uk/water-quality/sampling-point/TH-RSN0018/sample/1348491/observation/3548,TH-RSN0018,RSN0018 RIVER THAMES AT MAGNA CARTA,-0.562,51.4448,Thames,THAMES - WEST THAMES,Multiple Values,OPEN,FRESHWATER - RIVERS,2021-04-19T11:03:00,MONITORING  (NATIONAL AGENCY POLICY),RIVER / RUNNING SURFACE WATER,3548,MCPA :- {4-Chloro-2-methylphenoxyacetic acid} ,<0.005,MICROGRAM PER LITRE
https://environment.data.gov.uk/water-quality/sampling-point/TH-RSN0018/sample/1348491/observation/3549,TH-RSN0018,RSN0018 RIVER THAMES AT MAGNA CARTA,-0.562,51.4448,Thames,THAMES - WEST THAMES,Multiple Values,OPEN,FRESHWATER - RIVERS,2021-04-19T11:03:00,MONITORING  (NATIONAL AGENCY POLICY),RIVER / RUNNING SURFACE WATER,3549,Mecoprop,<0.005,MICROGRAM PER LITRE
https://environment.data.gov.uk/water-quality/sampling-point/TH-RSN0018/sample/1348491/observation/3550,TH-RSN0018,RSN0018 RIVER THAMES AT MAGNA CARTA,-0.562,51.4448,Thames,THAMES - WEST THAMES,Multiple Values,OPEN,FRESHWATER - RIVERS,2021-04-19T11:03:00,MONITORING  (NATIONAL AGENCY POLICY),RIVER / RUNNING SURFACE WATER,3550,Dicamba,<0.01,MICROGRAM PER LITRE
https://environment.data.gov.uk/water-quality/sampling-point/TH-RSN0018/sample/1348491/observation/3551,TH-RSN0018,RSN0018 RIVER THAMES AT MAGNA CARTA,-0.562,51.4448,Thames,THAMES - WEST THAMES,Multiple Values,OPEN,FRESHWATER - RIVERS,2021-04-19T11:03:00,MONITORING  (NATIONAL AGENCY POLICY),RIVER / RUNNING SURFACE WATER,3551,"Dichlorprop :- {2,4-DP}",<0.005,MICROGRAM PER LITRE
https://environment.data.gov.uk/water-quality/sampling-point/TH-RSN0018/sample/1348491/observation/3552,TH-RSN0018,RSN0018 RIVER THAMES AT MAGNA CARTA,-0.562,51.4448,Thames,THAMES - WEST THAMES,Multiple Values,OPEN,FRESHWATER - RIVERS,2021-04-19T11:03:00,MONITORING  (NATIONAL AGENCY POLICY),RIVER / RUNNING SURFACE WATER,3552,Fenoprop,<0.005,MICROGRAM PER LITRE
https://environment.data.gov.uk/water-quality/sampling-point/TH-RSN0018/sample/1348491/observation/3555,TH-RSN0018,RSN0018 RIVER THAMES AT MAGNA CARTA,-0.562,51.4448,Thames,THAMES - WEST THAMES,Multiple Values,OPEN,FRESHWATER - RIVERS,2021-04-19T11:03:00,MONITORING  (NATIONAL AGENCY POLICY),RIVER / RUNNING SURFACE WATER,3555,Triclopyr,<0.005,MICROGRAM PER LITRE
https://environment.data.gov.uk/water-quality/sampling-point/TH-RSN0018/sample/1348491/observation/3790,TH-RSN0018,RSN0018 RIVER THAMES AT MAGNA CARTA,-0.562,51.4448,Thames,THAMES - WEST THAMES,Multiple Values,OPEN,FRESHWATER - RIVERS,2021-04-19T11:03:00,MONITORING  (NATIONAL AGENCY POLICY),RIVER / RUNNING SURFACE WATER,3790,MCPB :- {4-Chloro-2-methylphenoxybutyric acid},<0.005,MICROGRAM PER LITRE
https://environment.data.gov.uk/water-quality/sampling-point/TH-RSN0018/sample/1348491/observation/3791,TH-RSN0018,RSN0018 RIVER THAMES AT MAGNA CARTA,-0.562,51.4448,Thames,THAMES - WEST THAMES,Multiple Values,OPEN,FRESHWATER - RIVERS,2021-04-19T11:03:00,MONITORING  (NATIONAL AGENCY POLICY),RIVER / RUNNING SURFACE WATER,3791,"2,4-DB :- {4-(2,4-dichlorophenoxy)butyric acid}",<0.005,MICROGRAM PER LITRE
https://environment.data.gov.uk/water-quality/sampling-point/TH-RSN0018/sample/1348491/observation/3792,TH-RSN0018,RSN0018 RIVER THAMES AT MAGNA CARTA,-0.562,51.4448,Thames,THAMES - WEST THAMES,Multiple Values,OPEN,FRESHWATER - RIVERS,2021-04-19T11:03:00,MONITORING  (NATIONAL AGENCY POLICY),RIVER / RUNNING SURFACE WATER,3792,Benazolin,<0.005,MICROGRAM PER LITRE
https://environment.data.gov.uk/water-quality/sampling-point/TH-RSN0018/sample/1348491/observation/3811,TH-RSN0018,RSN0018 RIVER THAMES AT MAGNA CARTA,-0.562,51.4448,Thames,THAMES - WEST THAMES,Multiple Values,OPEN,FRESHWATER - RIVERS,2021-04-19T11:03:00,MONITORING  (NATIONAL AGENCY POLICY),RIVER / RUNNING SURFACE WATER,3811,Diuron,<0.01,MICROGRAM PER LITRE
https://environment.data.gov.uk/water-quality/sampling-point/TH-RSN0018/sample/1348491/observation/3878,TH-RSN0018,RSN0018 RIVER THAMES AT MAGNA CARTA,-0.562,51.4448,Thames,THAMES - WEST THAMES,Multiple Values,OPEN,FRESHWATER - RIVERS,2021-04-19T11:03:00,MONITORING  (NATIONAL AGENCY POLICY),RIVER / RUNNING SURFACE WATER,3878,Nickel : BLM Bioavailable,1.3,MICROGRAM PER LITRE
https://environment.data.gov.uk/water-quality/sampling-point/TH-RSN0018/sample/1348491/observation/3925,TH-RSN0018,RSN0018 RIVER THAMES AT MAGNA CARTA,-0.562,51.4448,Thames,THAMES - WEST THAMES,Multiple Values,OPEN,FRESHWATER - RIVERS,2021-04-19T11:03:00,MONITORING  (NATIONAL AGENCY POLICY),RIVER / RUNNING SURFACE WATER,3925,Monolinuron,<0.01,MICROGRAM PER LITRE
https://environment.data.gov.uk/water-quality/sampling-point/TH-RSN0018/sample/1348491/observation/4064,TH-RSN0018,RSN0018 RIVER THAMES AT MAGNA CARTA,-0.562,51.4448,Thames,THAMES - WEST THAMES,Multiple Values,OPEN,FRESHWATER - RIVERS,2021-04-19T11:03:00,MONITORING  (NATIONAL AGENCY POLICY),RIVER / RUNNING SURFACE WATER,4064,Fluroxypyr,<0.005,MICROGRAM PER LITRE
https://environment.data.gov.uk/water-quality/sampling-point/TH-RSN0018/sample/1348491/observation/4065,TH-RSN0018,RSN0018 RIVER THAMES AT MAGNA CARTA,-0.562,51.4448,Thames,THAMES - WEST THAMES,Multiple Values,OPEN,FRESHWATER - RIVERS,2021-04-19T11:03:00,MONITORING  (NATIONAL AGENCY POLICY),RIVER / RUNNING SURFACE WATER,4065,Bentazone,<0.003,MICROGRAM PER LITRE
https://environment.data.gov.uk/water-quality/sampling-point/TH-RSN0018/sample/1348491/observation/4201,TH-RSN0018,RSN0018 RIVER THAMES AT MAGNA CARTA,-0.562,51.4448,Thames,THAMES - WEST THAMES,Multiple Values,OPEN,FRESHWATER - RIVERS,2021-04-19T11:03:00,MONITORING  (NATIONAL AGENCY POLICY),RIVER / RUNNING SURFACE WATER,4201,"Lithium, Dissolved",<100,MICROGRAM PER LITRE
https://environment.data.gov.uk/water-quality/sampling-point/TH-RSN0018/sample/1348491/observation/4820,TH-RSN0018,RSN0018 RIVER THAMES AT MAGNA CARTA,-0.562,51.4448,Thames,THAMES - WEST THAMES,Multiple Values,OPEN,FRESHWATER - RIVERS,2021-04-19T11:03:00,MONITORING  (NATIONAL AGENCY POLICY),RIVER / RUNNING SURFACE WATER,4820,Manganese : BLM Bioavailable,5,MICROGRAM PER LITRE
https://environment.data.gov.uk/water-quality/sampling-point/TH-RSN0018/sample/1348491/observation/4821,TH-RSN0018,RSN0018 RIVER THAMES AT MAGNA CARTA,-0.562,51.4448,Thames,THAMES - WEST THAMES,Multiple Values,OPEN,FRESHWATER - RIVERS,2021-04-19T11:03:00,MONITORING  (NATIONAL AGENCY POLICY),RIVER / RUNNING SURFACE WATER,4821,Copper : BLM Bioavailable,0.63,MICROGRAM PER LITRE
https://environment.data.gov.uk/water-quality/sampling-point/TH-RSN0018/sample/1348491/observation/4822,TH-RSN0018,RSN0018 RIVER THAMES AT MAGNA CARTA,-0.562,51.4448,Thames,THAMES - WEST THAMES,Multiple Values,OPEN,FRESHWATER - RIVERS,2021-04-19T11:03:00,MONITORING  (NATIONAL AGENCY POLICY),RIVER / RUNNING SURFACE WATER,4822,Zinc : BLM Bioavailable,2,MICROGRAM PER LITRE
https://environment.data.gov.uk/water-quality/sampling-point/TH-RSN0018/sample/1348491/observation/4994,TH-RSN0018,RSN0018 RIVER THAMES AT MAGNA CARTA,-0.562,51.4448,Thames,THAMES - WEST THAMES,Multiple Values,OPEN,FRESHWATER - RIVERS,2021-04-19T11:03:00,MONITORING  (NATIONAL AGENCY POLICY),RIVER / RUNNING SURFACE WATER,4994,GCMS Screen : Target Based multi-residue screening : Semi Quantitative,1,Text Result
https://environment.data.gov.uk/water-quality/sampling-point/TH-RSN0018/sample/1348491/observation/5042,TH-RSN0018,RSN0018 RIVER THAMES AT MAGNA CARTA,-0.562,51.4448,Thames,THAMES - WEST THAMES,Multiple Values,OPEN,FRESHWATER - RIVERS,2021-04-19T11:03:00,MONITORING  (NATIONAL AGENCY POLICY),RIVER / RUNNING SURFACE WATER,5042,Sulcotrione,<0.1,MICROGRAM PER LITRE
https://environment.data.gov.uk/water-quality/sampling-point/TH-RSN0018/sample/1348491/observation/5047,TH-RSN0018,RSN0018 RIVER THAMES AT MAGNA CARTA,-0.562,51.4448,Thames,THAMES - WEST THAMES,Multiple Values,OPEN,FRESHWATER - RIVERS,2021-04-19T11:03:00,MONITORING  (NATIONAL AGENCY POLICY),RIVER / RUNNING SURFACE WATER,5047,Ethirimol,<0.05,MICROGRAM PER LITRE
https://environment.data.gov.uk/water-quality/sampling-point/TH-RSN0018/sample/1348491/observation/5050,TH-RSN0018,RSN0018 RIVER THAMES AT MAGNA CARTA,-0.562,51.4448,Thames,THAMES - WEST THAMES,Multiple Values,OPEN,FRESHWATER - RIVERS,2021-04-19T11:03:00,MONITORING  (NATIONAL AGENCY POLICY),RIVER / RUNNING SURFACE WATER,5050,Azoxystrobin,<0.02,MICROGRAM PER LITRE
https://environment.data.gov.uk/water-quality/sampling-point/TH-RSN0018/sample/1348491/observation/5446,TH-RSN0018,RSN0018 RIVER THAMES AT MAGNA CARTA,-0.562,51.4448,Thames,THAMES - WEST THAMES,Multiple Values,OPEN,FRESHWATER - RIVERS,2021-04-19T11:03:00,MONITORING  (NATIONAL AGENCY POLICY),RIVER / RUNNING SURFACE WATER,5446,Cypermethrin Identification,1,Text Result
https://environment.data.gov.uk/water-quality/sampling-point/TH-RSN0018/sample/1348491/observation/5732,TH-RSN0018,RSN0018 RIVER THAMES AT MAGNA CARTA,-0.562,51.4448,Thames,THAMES - WEST THAMES,Multiple Values,OPEN,FRESHWATER - RIVERS,2021-04-19T11:03:00,MONITORING  (NATIONAL AGENCY POLICY),RIVER / RUNNING SURFACE WATER,5732,Triphenyl Tin as Cation,<0.0002,MICROGRAM PER LITRE
https://environment.data.gov.uk/water-quality/sampling-point/TH-RSN0018/sample/1348491/observation/5889,TH-RSN0018,RSN0018 RIVER THAMES AT MAGNA CARTA,-0.562,51.4448,Thames,THAMES - WEST THAMES,Multiple Values,OPEN,FRESHWATER - RIVERS,2021-04-19T11:03:00,MONITORING  (NATIONAL AGENCY POLICY),RIVER / RUNNING SURFACE WATER,5889,Triclosan,<0.01,MICROGRAM PER LITRE
https://environment.data.gov.uk/water-quality/sampling-point/TH-RSN0018/sample/1348491/observation/6037,TH-RSN0018,RSN0018 RIVER THAMES AT MAGNA CARTA,-0.562,51.4448,Thames,THAMES - WEST THAMES,Multiple Values,OPEN,FRESHWATER - RIVERS,2021-04-19T11:03:00,MONITORING  (NATIONAL AGENCY POLICY),RIVER / RUNNING SURFACE WATER,6037,"Aluminium, Dissolved",52,MICROGRAM PER LITRE
https://environment.data.gov.uk/water-quality/sampling-point/TH-RSN0018/sample/1348491/observation/6399,TH-RSN0018,RSN0018 RIVER THAMES AT MAGNA CARTA,-0.562,51.4448,Thames,THAMES - WEST THAMES,Multiple Values,OPEN,FRESHWATER - RIVERS,2021-04-19T11:03:00,MONITORING  (NATIONAL AGENCY POLICY),RIVER / RUNNING SURFACE WATER,6399,Benzo(a)Pyrene,<0.01,MICROGRAM PER LITRE
https://environment.data.gov.uk/water-quality/sampling-point/TH-RSN0018/sample/1348491/observation/6449,TH-RSN0018,RSN0018 RIVER THAMES AT MAGNA CARTA,-0.562,51.4448,Thames,THAMES - WEST THAMES,Multiple Values,OPEN,FRESHWATER - RIVERS,2021-04-19T11:03:00,MONITORING  (NATIONAL AGENCY POLICY),RIVER / RUNNING SURFACE WATER,6449,Bromoxynil,<0.005,MICROGRAM PER LITRE
https://environment.data.gov.uk/water-quality/sampling-point/TH-RSN0018/sample/1348491/observation/6450,TH-RSN0018,RSN0018 RIVER THAMES AT MAGNA CARTA,-0.562,51.4448,Thames,THAMES - WEST THAMES,Multiple Values,OPEN,FRESHWATER - RIVERS,2021-04-19T11:03:00,MONITORING  (NATIONAL AGENCY POLICY),RIVER / RUNNING SURFACE WATER,6450,"Copper, Dissolved",2,MICROGRAM PER LITRE
https://environment.data.gov.uk/water-quality/sampling-point/TH-RSN0018/sample/1348491/observation/6458,TH-RSN0018,RSN0018 RIVER THAMES AT MAGNA CARTA,-0.562,51.4448,Thames,THAMES - WEST THAMES,Multiple Values,OPEN,FRESHWATER - RIVERS,2021-04-19T11:03:00,MONITORING  (NATIONAL AGENCY POLICY),RIVER / RUNNING SURFACE WATER,6458,"Manganese, Dissolved",<10,MICROGRAM PER LITRE
https://environment.data.gov.uk/water-quality/sampling-point/TH-RSN0018/sample/1348491/observation/6460,TH-RSN0018,RSN0018 RIVER THAMES AT MAGNA CARTA,-0.562,51.4448,Thames,THAMES - WEST THAMES,Multiple Values,OPEN,FRESHWATER - RIVERS,2021-04-19T11:03:00,MONITORING  (NATIONAL AGENCY POLICY),RIVER / RUNNING SURFACE WATER,6460,"Iron, Dissolved",120,MICROGRAM PER LITRE
https://environment.data.gov.uk/water-quality/sampling-point/TH-RSN0018/sample/1348491/observation/6620,TH-RSN0018,RSN0018 RIVER THAMES AT MAGNA CARTA,-0.562,51.4448,Thames,THAMES - WEST THAMES,Multiple Values,OPEN,FRESHWATER - RIVERS,2021-04-19T11:03:00,MONITORING  (NATIONAL AGENCY POLICY),RIVER / RUNNING SURFACE WATER,6620,Clopyralid,<0.005,MICROGRAM PER LITRE
https://environment.data.gov.uk/water-quality/sampling-point/TH-RSN0018/sample/1348491/observation/6671,TH-RSN0018,RSN0018 RIVER THAMES AT MAGNA CARTA,-0.562,51.4448,Thames,THAMES - WEST THAMES,Multiple Values,OPEN,FRESHWATER - RIVERS,2021-04-19T11:03:00,MONITORING  (NATIONAL AGENCY POLICY),RIVER / RUNNING SURFACE WATER,6671,Phenoxyacetic acid :- {PAA},0.069,MICROGRAM PER LITRE
https://environment.data.gov.uk/water-quality/sampling-point/TH-RSN0018/sample/1348491/observation/6672,TH-RSN0018,RSN0018 RIVER THAMES AT MAGNA CARTA,-0.562,51.4448,Thames,THAMES - WEST THAMES,Multiple Values,OPEN,FRESHWATER - RIVERS,2021-04-19T11:03:00,MONITORING  (NATIONAL AGENCY POLICY),RIVER / RUNNING SURFACE WATER,6672,4-Phenoxybutyric acid :- {PBA},<0.005,MICROGRAM PER LITRE
https://environment.data.gov.uk/water-quality/sampling-point/TH-RSN0018/sample/1348491/observation/6673,TH-RSN0018,RSN0018 RIVER THAMES AT MAGNA CARTA,-0.562,51.4448,Thames,THAMES - WEST THAMES,Multiple Values,OPEN,FRESHWATER - RIVERS,2021-04-19T11:03:00,MONITORING  (NATIONAL AGENCY POLICY),RIVER / RUNNING SURFACE WATER,6673,2-Phenoxypropionic acid :- {PPA},<0.005,MICROGRAM PER LITRE
https://environment.data.gov.uk/water-quality/sampling-point/TH-RSN0018/sample/1348491/observation/6693,TH-RSN0018,RSN0018 RIVER THAMES AT MAGNA CARTA,-0.562,51.4448,Thames,THAMES - WEST THAMES,Multiple Values,OPEN,FRESHWATER - RIVERS,2021-04-19T11:03:00,MONITORING  (NATIONAL AGENCY POLICY),RIVER / RUNNING SURFACE WATER,6693,"Strontium, Filtered",340,MICROGRAM PER LITRE
https://environment.data.gov.uk/water-quality/sampling-point/TH-RSN0018/sample/1348491/observation/6724,TH-RSN0018,RSN0018 RIVER THAMES AT MAGNA CARTA,-0.562,51.4448,Thames,THAMES - WEST THAMES,Multiple Values,OPEN,FRESHWATER - RIVERS,2021-04-19T11:03:00,MONITORING  (NATIONAL AGENCY POLICY),RIVER / RUNNING SURFACE WATER,6724,Di(2-ethylhexyl) phthalate :- {DEHP},<0.2,MICROGRAM PER LITRE
https://environment.data.gov.uk/water-quality/sampling-point/TH-RSN0018/sample/1348491/observation/6760,TH-RSN0018,RSN0018 RIVER THAMES AT MAGNA CARTA,-0.562,51.4448,Thames,THAMES - WEST THAMES,Multiple Values,OPEN,FRESHWATER - RIVERS,2021-04-19T11:03:00,MONITORING  (NATIONAL AGENCY POLICY),RIVER / RUNNING SURFACE WATER,6760,Chloridazon,<0.01,MICROGRAM PER LITRE
https://environment.data.gov.uk/water-quality/sampling-point/TH-RSN0018/sample/1348491/observation/6955,TH-RSN0018,RSN0018 RIVER THAMES AT MAGNA CARTA,-0.562,51.4448,Thames,THAMES - WEST THAMES,Multiple Values,OPEN,FRESHWATER - RIVERS,2021-04-19T11:03:00,MONITORING  (NATIONAL AGENCY POLICY),RIVER / RUNNING SURFACE WATER,6955,Ethiofencarb,<0.005,MICROGRAM PER LITRE
https://environment.data.gov.uk/water-quality/sampling-point/TH-RSN0018/sample/1348491/observation/6971,TH-RSN0018,RSN0018 RIVER THAMES AT MAGNA CARTA,-0.562,51.4448,Thames,THAMES - WEST THAMES,Multiple Values,OPEN,FRESHWATER - RIVERS,2021-04-19T11:03:00,MONITORING  (NATIONAL AGENCY POLICY),RIVER / RUNNING SURFACE WATER,6971,Methiocarb,<0.001,MICROGRAM PER LITRE
https://environment.data.gov.uk/water-quality/sampling-point/TH-RSN0018/sample/1348491/observation/6972,TH-RSN0018,RSN0018 RIVER THAMES AT MAGNA CARTA,-0.562,51.4448,Thames,THAMES - WEST THAMES,Multiple Values,OPEN,FRESHWATER - RIVERS,2021-04-19T11:03:00,MONITORING  (NATIONAL AGENCY POLICY),RIVER / RUNNING SURFACE WATER,6972,Methomyl,<0.005,MICROGRAM PER LITRE
https://environment.data.gov.uk/water-quality/sampling-point/TH-RSN0018/sample/1348491/observation/6980,TH-RSN0018,RSN0018 RIVER THAMES AT MAGNA CARTA,-0.562,51.4448,Thames,THAMES - WEST THAMES,Multiple Values,OPEN,FRESHWATER - RIVERS,2021-04-19T11:03:00,MONITORING  (NATIONAL AGENCY POLICY),RIVER / RUNNING SURFACE WATER,6980,Oxamyl,<0.005,MICROGRAM PER LITRE
https://environment.data.gov.uk/water-quality/sampling-point/TH-RSN0018/sample/1348491/observation/6987,TH-RSN0018,RSN0018 RIVER THAMES AT MAGNA CARTA,-0.562,51.4448,Thames,THAMES - WEST THAMES,Multiple Values,OPEN,FRESHWATER - RIVERS,2021-04-19T11:03:00,MONITORING  (NATIONAL AGENCY POLICY),RIVER / RUNNING SURFACE WATER,6987,Propoxur,<0.005,MICROGRAM PER LITRE
https://environment.data.gov.uk/water-quality/sampling-point/TH-RSN0018/sample/1348491/observation/7025,TH-RSN0018,RSN0018 RIVER THAMES AT MAGNA CARTA,-0.562,51.4448,Thames,THAMES - WEST THAMES,Multiple Values,OPEN,FRESHWATER - RIVERS,2021-04-19T11:03:00,MONITORING  (NATIONAL AGENCY POLICY),RIVER / RUNNING SURFACE WATER,7025,Imazapyr,<0.005,MICROGRAM PER LITRE
https://environment.data.gov.uk/water-quality/sampling-point/TH-RSN0018/sample/1348491/observation/7053,TH-RSN0018,RSN0018 RIVER THAMES AT MAGNA CARTA,-0.562,51.4448,Thames,THAMES - WEST THAMES,Multiple Values,OPEN,FRESHWATER - RIVERS,2021-04-19T11:03:00,MONITORING  (NATIONAL AGENCY POLICY),RIVER / RUNNING SURFACE WATER,7053,Methabenzthiazuron,<0.01,MICROGRAM PER LITRE
https://environment.data.gov.uk/water-quality/sampling-point/TH-RSN0018/sample/1348491/observation/7125,TH-RSN0018,RSN0018 RIVER THAMES AT MAGNA CARTA,-0.562,51.4448,Thames,THAMES - WEST THAMES,Multiple Values,OPEN,FRESHWATER - RIVERS,2021-04-19T11:03:00,MONITORING  (NATIONAL AGENCY POLICY),RIVER / RUNNING SURFACE WATER,7125,Aminomethylphosphonic acid,0.22,MICROGRAM PER LITRE
https://environment.data.gov.uk/water-quality/sampling-point/TH-RSN0018/sample/1348491/observation/7726,TH-RSN0018,RSN0018 RIVER THAMES AT MAGNA CARTA,-0.562,51.4448,Thames,THAMES - WEST THAMES,Multiple Values,OPEN,FRESHWATER - RIVERS,2021-04-19T11:03:00,MONITORING  (NATIONAL AGENCY POLICY),RIVER / RUNNING SURFACE WATER,7726,"2,3,6-TBA :- {2,3,6-Trichlorobenzoic acid}",<0.02,MICROGRAM PER LITRE
https://environment.data.gov.uk/water-quality/sampling-point/TH-RSN0018/sample/1348491/observation/7859,TH-RSN0018,RSN0018 RIVER THAMES AT MAGNA CARTA,-0.562,51.4448,Thames,THAMES - WEST THAMES,Multiple Values,OPEN,FRESHWATER - RIVERS,2021-04-19T11:03:00,MONITORING  (NATIONAL AGENCY POLICY),RIVER / RUNNING SURFACE WATER,7859,"Sulphate, Dissolved as SO4",44,MILLIGRAM PER LITRE
https://environment.data.gov.uk/water-quality/sampling-point/TH-RSN0018/sample/1348491/observation/8806,TH-RSN0018,RSN0018 RIVER THAMES AT MAGNA CARTA,-0.562,51.4448,Thames,THAMES - WEST THAMES,Multiple Values,OPEN,FRESHWATER - RIVERS,2021-04-19T11:03:00,MONITORING  (NATIONAL AGENCY POLICY),RIVER / RUNNING SURFACE WATER,8806,Aldicarb sulfoxide,<0.005,MICROGRAM PER LITRE
https://environment.data.gov.uk/water-quality/sampling-point/TH-RSN0018/sample/1348491/observation/8807,TH-RSN0018,RSN0018 RIVER THAMES AT MAGNA CARTA,-0.562,51.4448,Thames,THAMES - WEST THAMES,Multiple Values,OPEN,FRESHWATER - RIVERS,2021-04-19T11:03:00,MONITORING  (NATIONAL AGENCY POLICY),RIVER / RUNNING SURFACE WATER,8807,Aldoxycarb :- {Aldicarb Sulfone},<0.005,MICROGRAM PER LITRE
https://environment.data.gov.uk/water-quality/sampling-point/TH-RSN0018/sample/1348491/observation/8944,TH-RSN0018,RSN0018 RIVER THAMES AT MAGNA CARTA,-0.562,51.4448,Thames,THAMES - WEST THAMES,Multiple Values,OPEN,FRESHWATER - RIVERS,2021-04-19T11:03:00,MONITORING  (NATIONAL AGENCY POLICY),RIVER / RUNNING SURFACE WATER,8944,Tributyl Tin as Cation,<0.0002,MICROGRAM PER LITRE
https://environment.data.gov.uk/water-quality/sampling-point/TH-RSN0018/sample/1348491/observation/9068,TH-RSN0018,RSN0018 RIVER THAMES AT MAGNA CARTA,-0.562,51.4448,Thames,THAMES - WEST THAMES,Multiple Values,OPEN,FRESHWATER - RIVERS,2021-04-19T11:03:00,MONITORING  (NATIONAL AGENCY POLICY),RIVER / RUNNING SURFACE WATER,9068,Ioxynil,<0.005,MICROGRAM PER LITRE
https://environment.data.gov.uk/water-quality/sampling-point/TH-RSN0018/sample/1348491/observation/9073,TH-RSN0018,RSN0018 RIVER THAMES AT MAGNA CARTA,-0.562,51.4448,Thames,THAMES - WEST THAMES,Multiple Values,OPEN,FRESHWATER - RIVERS,2021-04-19T11:03:00,MONITORING  (NATIONAL AGENCY POLICY),RIVER / RUNNING SURFACE WATER,9073,Carbetamide,<0.01,MICROGRAM PER LITRE
https://environment.data.gov.uk/water-quality/sampling-point/TH-RSN0018/sample/1348491/observation/9190,TH-RSN0018,RSN0018 RIVER THAMES AT MAGNA CARTA,-0.562,51.4448,Thames,THAMES - WEST THAMES,Multiple Values,OPEN,FRESHWATER - RIVERS,2021-04-19T11:03:00,MONITORING  (NATIONAL AGENCY POLICY),RIVER / RUNNING SURFACE WATER,9190,4-Nonylphenol Branched,<0.04,MICROGRAM PER LITRE
https://environment.data.gov.uk/water-quality/sampling-point/TH-RSN0018/sample/1348491/observation/9267,TH-RSN0018,RSN0018 RIVER THAMES AT MAGNA CARTA,-0.562,51.4448,Thames,THAMES - WEST THAMES,Multiple Values,OPEN,FRESHWATER - RIVERS,2021-04-19T11:03:00,MONITORING  (NATIONAL AGENCY POLICY),RIVER / RUNNING SURFACE WATER,9267,4-tert-Octylphenol :- {p-tert-Octylphenol},<0.01,MICROGRAM PER LITRE
https://environment.data.gov.uk/water-quality/sampling-point/TH-RSN0018/sample/1348491/observation/9274,TH-RSN0018,RSN0018 RIVER THAMES AT MAGNA CARTA,-0.562,51.4448,Thames,THAMES - WEST THAMES,Multiple Values,OPEN,FRESHWATER - RIVERS,2021-04-19T11:03:00,MONITORING  (NATIONAL AGENCY POLICY),RIVER / RUNNING SURFACE WATER,9274,Perfluorooctanoate anion,0.0023,MICROGRAM PER LITRE
https://environment.data.gov.uk/water-quality/sampling-point/TH-RSN0018/sample/1348491/observation/9276,TH-RSN0018,RSN0018 RIVER THAMES AT MAGNA CARTA,-0.562,51.4448,Thames,THAMES - WEST THAMES,Multiple Values,OPEN,FRESHWATER - RIVERS,2021-04-19T11:03:00,MONITORING  (NATIONAL AGENCY POLICY),RIVER / RUNNING SURFACE WATER,9276,Perfluorooctylsulphonate anion,0.004,MICROGRAM PER LITRE
https://environment.data.gov.uk/water-quality/sampling-point/TH-RSN0018/sample/1348491/observation/9339,TH-RSN0018,RSN0018 RIVER THAMES AT MAGNA CARTA,-0.562,51.4448,Thames,THAMES - WEST THAMES,Multiple Values,OPEN,FRESHWATER - RIVERS,2021-04-19T11:03:00,MONITORING  (NATIONAL AGENCY POLICY),RIVER / RUNNING SURFACE WATER,9339,Fenuron,<0.01,MICROGRAM PER LITRE
https://environment.data.gov.uk/water-quality/sampling-point/TH-RSN0018/sample/1348491/observation/9341,TH-RSN0018,RSN0018 RIVER THAMES AT MAGNA CARTA,-0.562,51.4448,Thames,THAMES - WEST THAMES,Multiple Values,OPEN,FRESHWATER - RIVERS,2021-04-19T11:03:00,MONITORING  (NATIONAL AGENCY POLICY),RIVER / RUNNING SURFACE WATER,9341,cis-Permethrin,<0.0001,MICROGRAM PER LITRE
https://environment.data.gov.uk/water-quality/sampling-point/TH-RSN0018/sample/1348491/observation/9342,TH-RSN0018,RSN0018 RIVER THAMES AT MAGNA CARTA,-0.562,51.4448,Thames,THAMES - WEST THAMES,Multiple Values,OPEN,FRESHWATER - RIVERS,2021-04-19T11:03:00,MONITORING  (NATIONAL AGENCY POLICY),RIVER / RUNNING SURFACE WATER,9342,trans-Permethrin,<0.0001,MICROGRAM PER LITRE
https://environment.data.gov.uk/water-quality/sampling-point/TH-RSN0018/sample/1348491/observation/9343,TH-RSN0018,RSN0018 RIVER THAMES AT MAGNA CARTA,-0.562,51.4448,Thames,THAMES - WEST THAMES,Multiple Values,OPEN,FRESHWATER - RIVERS,2021-04-19T11:03:00,MONITORING  (NATIONAL AGENCY POLICY),RIVER / RUNNING SURFACE WATER,9343,Carbaryl,<0.01,MICROGRAM PER LITRE
https://environment.data.gov.uk/water-quality/sampling-point/TH-RSN0018/sample/1348491/observation/9344,TH-RSN0018,RSN0018 RIVER THAMES AT MAGNA CARTA,-0.562,51.4448,Thames,THAMES - WEST THAMES,Multiple Values,OPEN,FRESHWATER - RIVERS,2021-04-19T11:03:00,MONITORING  (NATIONAL AGENCY POLICY),RIVER / RUNNING SURFACE WATER,9344,Aldicarb,<0.005,MICROGRAM PER LITRE
https://environment.data.gov.uk/water-quality/sampling-point/TH-RSN0018/sample/1348491/observation/9345,TH-RSN0018,RSN0018 RIVER THAMES AT MAGNA CARTA,-0.562,51.4448,Thames,THAMES - WEST THAMES,Multiple Values,OPEN,FRESHWATER - RIVERS,2021-04-19T11:03:00,MONITORING  (NATIONAL AGENCY POLICY),RIVER / RUNNING SURFACE WATER,9345,Diflurobenzuron,<0.01,MICROGRAM PER LITRE
https://environment.data.gov.uk/water-quality/sampling-point/TH-RSN0018/sample/1348491/observation/9348,TH-RSN0018,RSN0018 RIVER THAMES AT MAGNA CARTA,-0.562,51.4448,Thames,THAMES - WEST THAMES,Multiple Values,OPEN,FRESHWATER - RIVERS,2021-04-19T11:03:00,MONITORING  (NATIONAL AGENCY POLICY),RIVER / RUNNING SURFACE WATER,9348,Chlorotoluron,<0.01,MICROGRAM PER LITRE
https://environment.data.gov.uk/water-quality/sampling-point/TH-RSN0018/sample/1348491/observation/9446,TH-RSN0018,RSN0018 RIVER THAMES AT MAGNA CARTA,-0.562,51.4448,Thames,THAMES - WEST THAMES,Multiple Values,OPEN,FRESHWATER - RIVERS,2021-04-19T11:03:00,MONITORING  (NATIONAL AGENCY POLICY),RIVER / RUNNING SURFACE WATER,9446,"Barium, Dissolved",18,MICROGRAM PER LITRE
https://environment.data.gov.uk/water-quality/sampling-point/TH-RSN0018/sample/1348491/observation/9447,TH-RSN0018,RSN0018 RIVER THAMES AT MAGNA CARTA,-0.562,51.4448,Thames,THAMES - WEST THAMES,Multiple Values,OPEN,FRESHWATER - RIVERS,2021-04-19T11:03:00,MONITORING  (NATIONAL AGENCY POLICY),RIVER / RUNNING SURFACE WATER,9447,"Boron, Dissolved",<100,MICROGRAM PER LITRE
https://environment.data.gov.uk/water-quality/sampling-point/TH-RSN0018/sample/1348491/observation/9686,TH-RSN0018,RSN0018 RIVER THAMES AT MAGNA CARTA,-0.562,51.4448,Thames,THAMES - WEST THAMES,Multiple Values,OPEN,FRESHWATER - RIVERS,2021-04-19T11:03:00,MONITORING  (NATIONAL AGENCY POLICY),RIVER / RUNNING SURFACE WATER,9686,"Nitrogen, Total as N",7.9,MILLIGRAM PER LITRE
https://environment.data.gov.uk/water-quality/sampling-point/TH-RSN0018/sample/1348491/observation/9756,TH-RSN0018,RSN0018 RIVER THAMES AT MAGNA CARTA,-0.562,51.4448,Thames,THAMES - WEST THAMES,Multiple Values,OPEN,FRESHWATER - RIVERS,2021-04-19T11:03:00,MONITORING  (NATIONAL AGENCY POLICY),RIVER / RUNNING SURFACE WATER,9756,Neburon,<0.01,MICROGRAM PER LITRE
https://environment.data.gov.uk/water-quality/sampling-point/TH-RSN0018/sample/1348491/observation/9861,TH-RSN0018,RSN0018 RIVER THAMES AT MAGNA CARTA,-0.562,51.4448,Thames,THAMES - WEST THAMES,Multiple Values,OPEN,FRESHWATER - RIVERS,2021-04-19T11:03:00,MONITORING  (NATIONAL AGENCY POLICY),RIVER / RUNNING SURFACE WATER,9861,Metsulfuron-methyl,<0.01,MICROGRAM PER LITRE
https://environment.data.gov.uk/water-quality/sampling-point/TH-RSN0018/sample/1348491/observation/9883,TH-RSN0018,RSN0018 RIVER THAMES AT MAGNA CARTA,-0.562,51.4448,Thames,THAMES - WEST THAMES,Multiple Values,OPEN,FRESHWATER - RIVERS,2021-04-19T11:03:00,MONITORING  (NATIONAL AGENCY POLICY),RIVER / RUNNING SURFACE WATER,9883,Picloram,<0.005,MICROGRAM PER LITRE
https://environment.data.gov.uk/water-quality/sampling-point/TH-RSN0018/sample/1348491/observation/9889,TH-RSN0018,RSN0018 RIVER THAMES AT MAGNA CARTA,-0.562,51.4448,Thames,THAMES - WEST THAMES,Multiple Values,OPEN,FRESHWATER - RIVERS,2021-04-19T11:03:00,MONITORING  (NATIONAL AGENCY POLICY),RIVER / RUNNING SURFACE WATER,9889,Oestrone :- {E1},0.41,NANOGRAM PER LITRE
https://environment.data.gov.uk/water-quality/sampling-point/TH-RSN0018/sample/1348491/observation/9898,TH-RSN0018,RSN0018 RIVER THAMES AT MAGNA CARTA,-0.562,51.4448,Thames,THAMES - WEST THAMES,Multiple Values,OPEN,FRESHWATER - RIVERS,2021-04-19T11:03:00,MONITORING  (NATIONAL AGENCY POLICY),RIVER / RUNNING SURFACE WATER,9898,17beta oestradiol :- {E2},0.059,NANOGRAM PER LITRE
https://environment.data.gov.uk/water-quality/sampling-point/TH-RSN0018/sample/1348491/observation/9899,TH-RSN0018,RSN0018 RIVER THAMES AT MAGNA CARTA,-0.562,51.4448,Thames,THAMES - WEST THAMES,Multiple Values,OPEN,FRESHWATER - RIVERS,2021-04-19T11:03:00,MONITORING  (NATIONAL AGENCY POLICY),RIVER / RUNNING SURFACE WATER,9899,17alpha ethynyloestradiol :- {EE2},0.043,NANOGRAM PER LITRE
https://environment.data.gov.uk/water-quality/sampling-point/TH-RSN0018/sample/1348491/observation/9901,TH-RSN0018,RSN0018 RIVER THAMES AT MAGNA CARTA,-0.562,51.4448,Thames,THAMES - WEST THAMES,Multiple Values,OPEN,FRESHWATER - RIVERS,2021-04-19T11:03:00,MONITORING  (NATIONAL AGENCY POLICY),RIVER / RUNNING SURFACE WATER,9901,"Oxygen, Dissolved, % Saturation",112.1,PERCENTAGE
https://environment.data.gov.uk/water-quality/sampling-point/TH-RSN0018/sample/1348491/observation/9924,TH-RSN0018,RSN0018 RIVER THAMES AT MAGNA CARTA,-0.562,51.4448,Thames,THAMES - WEST THAMES,Multiple Values,OPEN,FRESHWATER - RIVERS,2021-04-19T11:03:00,MONITORING  (NATIONAL AGENCY POLICY),RIVER / RUNNING SURFACE WATER,9924,"Oxygen, Dissolved as O2",12.4,MILLIGRAM PER LITRE
https://environment.data.gov.uk/water-quality/sampling-point/TH-RSN0018/sample/1349453/observation/0052,TH-RSN0018,RSN0018 RIVER THAMES AT MAGNA CARTA,-0.562,51.4448,Thames,THAMES - WEST THAMES,Multiple Values,OPEN,FRESHWATER - RIVERS,2021-05-11T12:48:00,MONITORING  (NATIONAL AGENCY POLICY),RIVER / RUNNING SURFACE WATER,0052,"Lead, Dissolved",<0.1,MICROGRAM PER LITRE
https://environment.data.gov.uk/water-quality/sampling-point/TH-RSN0018/sample/1349453/observation/0061,TH-RSN0018,RSN0018 RIVER THAMES AT MAGNA CARTA,-0.562,51.4448,Thames,THAMES - WEST THAMES,Multiple Values,OPEN,FRESHWATER - RIVERS,2021-05-11T12:48:00,MONITORING  (NATIONAL AGENCY POLICY),RIVER / RUNNING SURFACE WATER,0061,pH,8.49,PH UNITS
https://environment.data.gov.uk/water-quality/sampling-point/TH-RSN0018/sample/1349453/observation/0073,TH-RSN0018,RSN0018 RIVER THAMES AT MAGNA CARTA,-0.562,51.4448,Thames,THAMES - WEST THAMES,Multiple Values,OPEN,FRESHWATER - RIVERS,2021-05-11T12:48:00,MONITORING  (NATIONAL AGENCY POLICY),RIVER / RUNNING SURFACE WATER,0073,Cypermethrin,<0.00001,MICROGRAM PER LITRE
https://environment.data.gov.uk/water-quality/sampling-point/TH-RSN0018/sample/1349453/observation/0076,TH-RSN0018,RSN0018 RIVER THAMES AT MAGNA CARTA,-0.562,51.4448,Thames,THAMES - WEST THAMES,Multiple Values,OPEN,FRESHWATER - RIVERS,2021-05-11T12:48:00,MONITORING  (NATIONAL AGENCY POLICY),RIVER / RUNNING SURFACE WATER,0076,Temperature of Water,13,CELSIUS
https://environment.data.gov.uk/water-quality/sampling-point/TH-RSN0018/sample/1349453/observation/0077,TH-RSN0018,RSN0018 RIVER THAMES AT MAGNA CARTA,-0.562,51.4448,Thames,THAMES - WEST THAMES,Multiple Values,OPEN,FRESHWATER - RIVERS,2021-05-11T12:48:00,MONITORING  (NATIONAL AGENCY POLICY),RIVER / RUNNING SURFACE WATER,0077,Conductivity at 25 C,660,MICROSIEMENS PER CENTIMETRE
https://environment.data.gov.uk/water-quality/sampling-point/TH-RSN0018/sample/1349453/observation/0106,TH-RSN0018,RSN0018 RIVER THAMES AT MAGNA CARTA,-0.562,51.4448,Thames,THAMES - WEST THAMES,Multiple Values,OPEN,FRESHWATER - RIVERS,2021-05-11T12:48:00,MONITORING  (NATIONAL AGENCY POLICY),RIVER / RUNNING SURFACE WATER,0106,"Cadmium, Dissolved",0.012,MICROGRAM PER LITRE
https://environment.data.gov.uk/water-quality/sampling-point/TH-RSN0018/sample/1349453/observation/0111,TH-RSN0018,RSN0018 RIVER THAMES AT MAGNA CARTA,-0.562,51.4448,Thames,THAMES - WEST THAMES,Multiple Values,OPEN,FRESHWATER - RIVERS,2021-05-11T12:48:00,MONITORING  (NATIONAL AGENCY POLICY),RIVER / RUNNING SURFACE WATER,0111,Ammoniacal Nitrogen as N,<0.03,MILLIGRAM PER LITRE
https://environment.data.gov.uk/water-quality/sampling-point/TH-RSN0018/sample/1349453/observation/0116,TH-RSN0018,RSN0018 RIVER THAMES AT MAGNA CARTA,-0.562,51.4448,Thames,THAMES - WEST THAMES,Multiple Values,OPEN,FRESHWATER - RIVERS,2021-05-11T12:48:00,MONITORING  (NATIONAL AGENCY POLICY),RIVER / RUNNING SURFACE WATER,0116,"Nitrogen, Total Oxidised as N",7.2,MILLIGRAM PER LITRE
https://environment.data.gov.uk/water-quality/sampling-point/TH-RSN0018/sample/1349453/observation/0117,TH-RSN0018,RSN0018 RIVER THAMES AT MAGNA CARTA,-0.562,51.4448,Thames,THAMES - WEST THAMES,Multiple Values,OPEN,FRESHWATER - RIVERS,2021-05-11T12:48:00,MONITORING  (NATIONAL AGENCY POLICY),RIVER / RUNNING SURFACE WATER,0117,Nitrate as N,7.18,MILLIGRAM PER LITRE
https://environment.data.gov.uk/water-quality/sampling-point/TH-RSN0018/sample/1349453/observation/0118,TH-RSN0018,RSN0018 RIVER THAMES AT MAGNA CARTA,-0.562,51.4448,Thames,THAMES - WEST THAMES,Multiple Values,OPEN,FRESHWATER - RIVERS,2021-05-11T12:48:00,MONITORING  (NATIONAL AGENCY POLICY),RIVER / RUNNING SURFACE WATER,0118,Nitrite as N,0.022,MILLIGRAM PER LITRE
https://environment.data.gov.uk/water-quality/sampling-point/TH-RSN0018/sample/1349453/observation/0119,TH-RSN0018,RSN0018 RIVER THAMES AT MAGNA CARTA,-0.562,51.4448,Thames,THAMES - WEST THAMES,Multiple Values,OPEN,FRESHWATER - RIVERS,2021-05-11T12:48:00,MONITORING  (NATIONAL AGENCY POLICY),RIVER / RUNNING SURFACE WATER,0119,Ammonia un-ionised as N,<0.00068,MILLIGRAM PER LITRE
https://environment.data.gov.uk/water-quality/sampling-point/TH-RSN0018/sample/1349453/observation/0158,TH-RSN0018,RSN0018 RIVER THAMES AT MAGNA CARTA,-0.562,51.4448,Thames,THAMES - WEST THAMES,Multiple Values,OPEN,FRESHWATER - RIVERS,2021-05-11T12:48:00,MONITORING  (NATIONAL AGENCY POLICY),RIVER / RUNNING SURFACE WATER,0158,"Hardness, Total as CaCO3",292,MILLIGRAM PER LITRE
https://environment.data.gov.uk/water-quality/sampling-point/TH-RSN0018/sample/1349453/observation/0162,TH-RSN0018,RSN0018 RIVER THAMES AT MAGNA CARTA,-0.562,51.4448,Thames,THAMES - WEST THAMES,Multiple Values,OPEN,FRESHWATER - RIVERS,2021-05-11T12:48:00,MONITORING  (NATIONAL AGENCY POLICY),RIVER / RUNNING SURFACE WATER,0162,Alkalinity to pH 4.5 as CaCO3,210,MILLIGRAM PER LITRE
https://environment.data.gov.uk/water-quality/sampling-point/TH-RSN0018/sample/1349453/observation/0163,TH-RSN0018,RSN0018 RIVER THAMES AT MAGNA CARTA,-0.562,51.4448,Thames,THAMES - WEST THAMES,Multiple Values,OPEN,FRESHWATER - RIVERS,2021-05-11T12:48:00,MONITORING  (NATIONAL AGENCY POLICY),RIVER / RUNNING SURFACE WATER,0163,"Hardness, Calcium",275,MILLIGRAM PER LITRE
https://environment.data.gov.uk/water-quality/sampling-point/TH-RSN0018/sample/1349453/observation/0172,TH-RSN0018,RSN0018 RIVER THAMES AT MAGNA CARTA,-0.562,51.4448,Thames,THAMES - WEST THAMES,Multiple Values,OPEN,FRESHWATER - RIVERS,2021-05-11T12:48:00,MONITORING  (NATIONAL AGENCY POLICY),RIVER / RUNNING SURFACE WATER,0172,Chloride,41,MILLIGRAM PER LITRE
https://environment.data.gov.uk/water-quality/sampling-point/TH-RSN0018/sample/1349453/observation/0180,TH-RSN0018,RSN0018 RIVER THAMES AT MAGNA CARTA,-0.562,51.4448,Thames,THAMES - WEST THAMES,Multiple Values,OPEN,FRESHWATER - RIVERS,2021-05-11T12:48:00,MONITORING  (NATIONAL AGENCY POLICY),RIVER / RUNNING SURFACE WATER,0180,"Orthophosphate, reactive as P",0.068,MILLIGRAM PER LITRE
https://environment.data.gov.uk/water-quality/sampling-point/TH-RSN0018/sample/1349453/observation/0182,TH-RSN0018,RSN0018 RIVER THAMES AT MAGNA CARTA,-0.562,51.4448,Thames,THAMES - WEST THAMES,Multiple Values,OPEN,FRESHWATER - RIVERS,2021-05-11T12:48:00,MONITORING  (NATIONAL AGENCY POLICY),RIVER / RUNNING SURFACE WATER,0182,"Silica, reactive as SiO2",5.9,MILLIGRAM PER LITRE
https://environment.data.gov.uk/water-quality/sampling-point/TH-RSN0018/sample/1349453/observation/0205,TH-RSN0018,RSN0018 RIVER THAMES AT MAGNA CARTA,-0.562,51.4448,Thames,THAMES - WEST THAMES,Multiple Values,OPEN,FRESHWATER - RIVERS,2021-05-11T12:48:00,MONITORING  (NATIONAL AGENCY POLICY),RIVER / RUNNING SURFACE WATER,0205,"Sodium, Dissolved",28,MILLIGRAM PER LITRE
https://environment.data.gov.uk/water-quality/sampling-point/TH-RSN0018/sample/1349453/observation/0209,TH-RSN0018,RSN0018 RIVER THAMES AT MAGNA CARTA,-0.562,51.4448,Thames,THAMES - WEST THAMES,Multiple Values,OPEN,FRESHWATER - RIVERS,2021-05-11T12:48:00,MONITORING  (NATIONAL AGENCY POLICY),RIVER / RUNNING SURFACE WATER,0209,"Potassium, Dissolved",5.1,MILLIGRAM PER LITRE
https://environment.data.gov.uk/water-quality/sampling-point/TH-RSN0018/sample/1349453/observation/0235,TH-RSN0018,RSN0018 RIVER THAMES AT MAGNA CARTA,-0.562,51.4448,Thames,THAMES - WEST THAMES,Multiple Values,OPEN,FRESHWATER - RIVERS,2021-05-11T12:48:00,MONITORING  (NATIONAL AGENCY POLICY),RIVER / RUNNING SURFACE WATER,0235,"Magnesium, Dissolved",4.3,MILLIGRAM PER LITRE
https://environment.data.gov.uk/water-quality/sampling-point/TH-RSN0018/sample/1349453/observation/0239,TH-RSN0018,RSN0018 RIVER THAMES AT MAGNA CARTA,-0.562,51.4448,Thames,THAMES - WEST THAMES,Multiple Values,OPEN,FRESHWATER - RIVERS,2021-05-11T12:48:00,MONITORING  (NATIONAL AGENCY POLICY),RIVER / RUNNING SURFACE WATER,0239,"Calcium, Dissolved",110,MILLIGRAM PER LITRE
https://environment.data.gov.uk/water-quality/sampling-point/TH-RSN0018/sample/1349453/observation/0301,TH-RSN0018,RSN0018 RIVER THAMES AT MAGNA CARTA,-0.562,51.4448,Thames,THAMES - WEST THAMES,Multiple Values,OPEN,FRESHWATER - RIVERS,2021-05-11T12:48:00,MONITORING  (NATIONAL AGENCY POLICY),RIVER / RUNNING SURFACE WATER,0301,"Carbon, Organic, Dissolved as C :- {DOC}",3.3,MILLIGRAM PER LITRE
https://environment.data.gov.uk/water-quality/sampling-point/TH-RSN0018/sample/1349453/observation/0348,TH-RSN0018,RSN0018 RIVER THAMES AT MAGNA CARTA,-0.562,51.4448,Thames,THAMES - WEST THAMES,Multiple Values,OPEN,FRESHWATER - RIVERS,2021-05-11T12:48:00,MONITORING  (NATIONAL AGENCY POLICY),RIVER / RUNNING SURFACE WATER,0348,"Phosphorus, Total as P",0.16,MILLIGRAM PER LITRE
https://environment.data.gov.uk/water-quality/sampling-point/TH-RSN0018/sample/1349453/observation/0714,TH-RSN0018,RSN0018 RIVER THAMES AT MAGNA CARTA,-0.562,51.4448,Thames,THAMES - WEST THAMES,Multiple Values,OPEN,FRESHWATER - RIVERS,2021-05-11T12:48:00,MONITORING  (NATIONAL AGENCY POLICY),RIVER / RUNNING SURFACE WATER,0714,"Benzo(g,h,i)Perylene",<0.01,MICROGRAM PER LITRE
https://environment.data.gov.uk/water-quality/sampling-point/TH-RSN0018/sample/1349453/observation/0731,TH-RSN0018,RSN0018 RIVER THAMES AT MAGNA CARTA,-0.562,51.4448,Thames,THAMES - WEST THAMES,Multiple Values,OPEN,FRESHWATER - RIVERS,2021-05-11T12:48:00,MONITORING  (NATIONAL AGENCY POLICY),RIVER / RUNNING SURFACE WATER,0731,Benzo(b)Fluoranthene,<0.01,MICROGRAM PER LITRE
https://environment.data.gov.uk/water-quality/sampling-point/TH-RSN0018/sample/1349453/observation/0733,TH-RSN0018,RSN0018 RIVER THAMES AT MAGNA CARTA,-0.562,51.4448,Thames,THAMES - WEST THAMES,Multiple Values,OPEN,FRESHWATER - RIVERS,2021-05-11T12:48:00,MONITORING  (NATIONAL AGENCY POLICY),RIVER / RUNNING SURFACE WATER,0733,Benzo(k)Fluoranthene,<0.01,MICROGRAM PER LITRE
https://environment.data.gov.uk/water-quality/sampling-point/TH-RSN0018/sample/1349453/observation/0736,TH-RSN0018,RSN0018 RIVER THAMES AT MAGNA CARTA,-0.562,51.4448,Thames,THAMES - WEST THAMES,Multiple Values,OPEN,FRESHWATER - RIVERS,2021-05-11T12:48:00,MONITORING  (NATIONAL AGENCY POLICY),RIVER / RUNNING SURFACE WATER,0736,Fluoranthene,<0.01,MICROGRAM PER LITRE
https://environment.data.gov.uk/water-quality/sampling-point/TH-RSN0018/sample/1349453/observation/0746,TH-RSN0018,RSN0018 RIVER THAMES AT MAGNA CARTA,-0.562,51.4448,Thames,THAMES - WEST THAMES,Multiple Values,OPEN,FRESHWATER - RIVERS,2021-05-11T12:48:00,MONITORING  (NATIONAL AGENCY POLICY),RIVER / RUNNING SURFACE WATER,0746,"Indeno(1,2,3-cd)pyrene",<0.01,MICROGRAM PER LITRE
https://environment.data.gov.uk/water-quality/sampling-point/TH-RSN0018/sample/1349453/observation/3004,TH-RSN0018,RSN0018 RIVER THAMES AT MAGNA CARTA,-0.562,51.4448,Thames,THAMES - WEST THAMES,Multiple Values,OPEN,FRESHWATER - RIVERS,2021-05-11T12:48:00,MONITORING  (NATIONAL AGENCY POLICY),RIVER / RUNNING SURFACE WATER,3004,Asulam,<0.02,MICROGRAM PER LITRE
https://environment.data.gov.uk/water-quality/sampling-point/TH-RSN0018/sample/1349453/observation/3007,TH-RSN0018,RSN0018 RIVER THAMES AT MAGNA CARTA,-0.562,51.4448,Thames,THAMES - WEST THAMES,Multiple Values,OPEN,FRESHWATER - RIVERS,2021-05-11T12:48:00,MONITORING  (NATIONAL AGENCY POLICY),RIVER / RUNNING SURFACE WATER,3007,Glyphosate,0.18,MICROGRAM PER LITRE
https://environment.data.gov.uk/water-quality/sampling-point/TH-RSN0018/sample/1349453/observation/3086,TH-RSN0018,RSN0018 RIVER THAMES AT MAGNA CARTA,-0.562,51.4448,Thames,THAMES - WEST THAMES,Multiple Values,OPEN,FRESHWATER - RIVERS,2021-05-11T12:48:00,MONITORING  (NATIONAL AGENCY POLICY),RIVER / RUNNING SURFACE WATER,3086,Carbofuran,<0.005,MICROGRAM PER LITRE
https://environment.data.gov.uk/water-quality/sampling-point/TH-RSN0018/sample/1349453/observation/3117,TH-RSN0018,RSN0018 RIVER THAMES AT MAGNA CARTA,-0.562,51.4448,Thames,THAMES - WEST THAMES,Multiple Values,OPEN,FRESHWATER - RIVERS,2021-05-11T12:48:00,MONITORING  (NATIONAL AGENCY POLICY),RIVER / RUNNING SURFACE WATER,3117,Isoproturon,<0.01,MICROGRAM PER LITRE
https://environment.data.gov.uk/water-quality/sampling-point/TH-RSN0018/sample/1349453/observation/3118,TH-RSN0018,RSN0018 RIVER THAMES AT MAGNA CARTA,-0.562,51.4448,Thames,THAMES - WEST THAMES,Multiple Values,OPEN,FRESHWATER - RIVERS,2021-05-11T12:48:00,MONITORING  (NATIONAL AGENCY POLICY),RIVER / RUNNING SURFACE WATER,3118,Linuron,<0.01,MICROGRAM PER LITRE
https://environment.data.gov.uk/water-quality/sampling-point/TH-RSN0018/sample/1349453/observation/3130,TH-RSN0018,RSN0018 RIVER THAMES AT MAGNA CARTA,-0.562,51.4448,Thames,THAMES - WEST THAMES,Multiple Values,OPEN,FRESHWATER - RIVERS,2021-05-11T12:48:00,MONITORING  (NATIONAL AGENCY POLICY),RIVER / RUNNING SURFACE WATER,3130,Metoxuron,<0.01,MICROGRAM PER LITRE
https://environment.data.gov.uk/water-quality/sampling-point/TH-RSN0018/sample/1349453/observation/3341,TH-RSN0018,RSN0018 RIVER THAMES AT MAGNA CARTA,-0.562,51.4448,Thames,THAMES - WEST THAMES,Multiple Values,OPEN,FRESHWATER - RIVERS,2021-05-11T12:48:00,MONITORING  (NATIONAL AGENCY POLICY),RIVER / RUNNING SURFACE WATER,3341,4-Chloro-2-methylphenol :- {p-Chloro-o-cresol},<0.05,MICROGRAM PER LITRE
https://environment.data.gov.uk/water-quality/sampling-point/TH-RSN0018/sample/1349453/observation/3377,TH-RSN0018,RSN0018 RIVER THAMES AT MAGNA CARTA,-0.562,51.4448,Thames,THAMES - WEST THAMES,Multiple Values,OPEN,FRESHWATER - RIVERS,2021-05-11T12:48:00,MONITORING  (NATIONAL AGENCY POLICY),RIVER / RUNNING SURFACE WATER,3377,Lead : BLM Bioavailable,0.02,MICROGRAM PER LITRE
https://environment.data.gov.uk/water-quality/sampling-point/TH-RSN0018/sample/1349453/observation/3399,TH-RSN0018,RSN0018 RIVER THAMES AT MAGNA CARTA,-0.562,51.4448,Thames,THAMES - WEST THAMES,Multiple Values,OPEN,FRESHWATER - RIVERS,2021-05-11T12:48:00,MONITORING  (NATIONAL AGENCY POLICY),RIVER / RUNNING SURFACE WATER,3399,Chloroxuron,<0.01,MICROGRAM PER LITRE
https://environment.data.gov.uk/water-quality/sampling-point/TH-RSN0018/sample/1349453/observation/3400,TH-RSN0018,RSN0018 RIVER THAMES AT MAGNA CARTA,-0.562,51.4448,Thames,THAMES - WEST THAMES,Multiple Values,OPEN,FRESHWATER - RIVERS,2021-05-11T12:48:00,MONITORING  (NATIONAL AGENCY POLICY),RIVER / RUNNING SURFACE WATER,3400,Monuron,<0.01,MICROGRAM PER LITRE
https://environment.data.gov.uk/water-quality/sampling-point/TH-RSN0018/sample/1349453/observation/3408,TH-RSN0018,RSN0018 RIVER THAMES AT MAGNA CARTA,-0.562,51.4448,Thames,THAMES - WEST THAMES,Multiple Values,OPEN,FRESHWATER - RIVERS,2021-05-11T12:48:00,MONITORING  (NATIONAL AGENCY POLICY),RIVER / RUNNING SURFACE WATER,3408,"Zinc, Dissolved",2.7,MICROGRAM PER LITRE
https://environment.data.gov.uk/water-quality/sampling-point/TH-RSN0018/sample/1349453/observation/3409,TH-RSN0018,RSN0018 RIVER THAMES AT MAGNA CARTA,-0.562,51.4448,Thames,THAMES - WEST THAMES,Multiple Values,OPEN,FRESHWATER - RIVERS,2021-05-11T12:48:00,MONITORING  (NATIONAL AGENCY POLICY),RIVER / RUNNING SURFACE WATER,3409,"Chromium, Dissolved",<0.5,MICROGRAM PER LITRE
https://environment.data.gov.uk/water-quality/sampling-point/TH-RSN0018/sample/1349453/observation/3410,TH-RSN0018,RSN0018 RIVER THAMES AT MAGNA CARTA,-0.562,51.4448,Thames,THAMES - WEST THAMES,Multiple Values,OPEN,FRESHWATER - RIVERS,2021-05-11T12:48:00,MONITORING  (NATIONAL AGENCY POLICY),RIVER / RUNNING SURFACE WATER,3410,"Nickel, Dissolved",1.4,MICROGRAM PER LITRE
https://environment.data.gov.uk/water-quality/sampling-point/TH-RSN0018/sample/1349453/observation/3475,TH-RSN0018,RSN0018 RIVER THAMES AT MAGNA CARTA,-0.562,51.4448,Thames,THAMES - WEST THAMES,Multiple Values,OPEN,FRESHWATER - RIVERS,2021-05-11T12:48:00,MONITORING  (NATIONAL AGENCY POLICY),RIVER / RUNNING SURFACE WATER,3475,Carbendazim,<0.01,MICROGRAM PER LITRE
https://environment.data.gov.uk/water-quality/sampling-point/TH-RSN0018/sample/1349453/observation/3545,TH-RSN0018,RSN0018 RIVER THAMES AT MAGNA CARTA,-0.562,51.4448,Thames,THAMES - WEST THAMES,Multiple Values,OPEN,FRESHWATER - RIVERS,2021-05-11T12:48:00,MONITORING  (NATIONAL AGENCY POLICY),RIVER / RUNNING SURFACE WATER,3545,"2,4-D :- {2,4-Dichlorophenoxyacetic acid}",0.039,MICROGRAM PER LITRE
https://environment.data.gov.uk/water-quality/sampling-point/TH-RSN0018/sample/1349453/observation/3546,TH-RSN0018,RSN0018 RIVER THAMES AT MAGNA CARTA,-0.562,51.4448,Thames,THAMES - WEST THAMES,Multiple Values,OPEN,FRESHWATER - RIVERS,2021-05-11T12:48:00,MONITORING  (NATIONAL AGENCY POLICY),RIVER / RUNNING SURFACE WATER,3546,"2,4,5-T :- {2,4,5-Trichlorophenoxyacetic acid}",<0.005,MICROGRAM PER LITRE
https://environment.data.gov.uk/water-quality/sampling-point/TH-RSN0018/sample/1349453/observation/3547,TH-RSN0018,RSN0018 RIVER THAMES AT MAGNA CARTA,-0.562,51.4448,Thames,THAMES - WEST THAMES,Multiple Values,OPEN,FRESHWATER - RIVERS,2021-05-11T12:48:00,MONITORING  (NATIONAL AGENCY POLICY),RIVER / RUNNING SURFACE WATER,3547,4-Chlorophenoxyacetic acid,<0.005,MICROGRAM PER LITRE
https://environment.data.gov.uk/water-quality/sampling-point/TH-RSN0018/sample/1349453/observation/3548,TH-RSN0018,RSN0018 RIVER THAMES AT MAGNA CARTA,-0.562,51.4448,Thames,THAMES - WEST THAMES,Multiple Values,OPEN,FRESHWATER - RIVERS,2021-05-11T12:48:00,MONITORING  (NATIONAL AGENCY POLICY),RIVER / RUNNING SURFACE WATER,3548,MCPA :- {4-Chloro-2-methylphenoxyacetic acid} ,0.01,MICROGRAM PER LITRE
https://environment.data.gov.uk/water-quality/sampling-point/TH-RSN0018/sample/1349453/observation/3549,TH-RSN0018,RSN0018 RIVER THAMES AT MAGNA CARTA,-0.562,51.4448,Thames,THAMES - WEST THAMES,Multiple Values,OPEN,FRESHWATER - RIVERS,2021-05-11T12:48:00,MONITORING  (NATIONAL AGENCY POLICY),RIVER / RUNNING SURFACE WATER,3549,Mecoprop,0.0084,MICROGRAM PER LITRE
https://environment.data.gov.uk/water-quality/sampling-point/TH-RSN0018/sample/1349453/observation/3550,TH-RSN0018,RSN0018 RIVER THAMES AT MAGNA CARTA,-0.562,51.4448,Thames,THAMES - WEST THAMES,Multiple Values,OPEN,FRESHWATER - RIVERS,2021-05-11T12:48:00,MONITORING  (NATIONAL AGENCY POLICY),RIVER / RUNNING SURFACE WATER,3550,Dicamba,0.012,MICROGRAM PER LITRE
https://environment.data.gov.uk/water-quality/sampling-point/TH-RSN0018/sample/1349453/observation/3551,TH-RSN0018,RSN0018 RIVER THAMES AT MAGNA CARTA,-0.562,51.4448,Thames,THAMES - WEST THAMES,Multiple Values,OPEN,FRESHWATER - RIVERS,2021-05-11T12:48:00,MONITORING  (NATIONAL AGENCY POLICY),RIVER / RUNNING SURFACE WATER,3551,"Dichlorprop :- {2,4-DP}",<0.005,MICROGRAM PER LITRE
https://environment.data.gov.uk/water-quality/sampling-point/TH-RSN0018/sample/1349453/observation/3552,TH-RSN0018,RSN0018 RIVER THAMES AT MAGNA CARTA,-0.562,51.4448,Thames,THAMES - WEST THAMES,Multiple Values,OPEN,FRESHWATER - RIVERS,2021-05-11T12:48:00,MONITORING  (NATIONAL AGENCY POLICY),RIVER / RUNNING SURFACE WATER,3552,Fenoprop,<0.005,MICROGRAM PER LITRE
https://environment.data.gov.uk/water-quality/sampling-point/TH-RSN0018/sample/1349453/observation/3555,TH-RSN0018,RSN0018 RIVER THAMES AT MAGNA CARTA,-0.562,51.4448,Thames,THAMES - WEST THAMES,Multiple Values,OPEN,FRESHWATER - RIVERS,2021-05-11T12:48:00,MONITORING  (NATIONAL AGENCY POLICY),RIVER / RUNNING SURFACE WATER,3555,Triclopyr,0.0069,MICROGRAM PER LITRE
https://environment.data.gov.uk/water-quality/sampling-point/TH-RSN0018/sample/1349453/observation/3790,TH-RSN0018,RSN0018 RIVER THAMES AT MAGNA CARTA,-0.562,51.4448,Thames,THAMES - WEST THAMES,Multiple Values,OPEN,FRESHWATER - RIVERS,2021-05-11T12:48:00,MONITORING  (NATIONAL AGENCY POLICY),RIVER / RUNNING SURFACE WATER,3790,MCPB :- {4-Chloro-2-methylphenoxybutyric acid},<0.005,MICROGRAM PER LITRE
https://environment.data.gov.uk/water-quality/sampling-point/TH-RSN0018/sample/1349453/observation/3791,TH-RSN0018,RSN0018 RIVER THAMES AT MAGNA CARTA,-0.562,51.4448,Thames,THAMES - WEST THAMES,Multiple Values,OPEN,FRESHWATER - RIVERS,2021-05-11T12:48:00,MONITORING  (NATIONAL AGENCY POLICY),RIVER / RUNNING SURFACE WATER,3791,"2,4-DB :- {4-(2,4-dichlorophenoxy)butyric acid}",<0.005,MICROGRAM PER LITRE
https://environment.data.gov.uk/water-quality/sampling-point/TH-RSN0018/sample/1349453/observation/3792,TH-RSN0018,RSN0018 RIVER THAMES AT MAGNA CARTA,-0.562,51.4448,Thames,THAMES - WEST THAMES,Multiple Values,OPEN,FRESHWATER - RIVERS,2021-05-11T12:48:00,MONITORING  (NATIONAL AGENCY POLICY),RIVER / RUNNING SURFACE WATER,3792,Benazolin,<0.005,MICROGRAM PER LITRE
https://environment.data.gov.uk/water-quality/sampling-point/TH-RSN0018/sample/1349453/observation/3811,TH-RSN0018,RSN0018 RIVER THAMES AT MAGNA CARTA,-0.562,51.4448,Thames,THAMES - WEST THAMES,Multiple Values,OPEN,FRESHWATER - RIVERS,2021-05-11T12:48:00,MONITORING  (NATIONAL AGENCY POLICY),RIVER / RUNNING SURFACE WATER,3811,Diuron,<0.01,MICROGRAM PER LITRE
https://environment.data.gov.uk/water-quality/sampling-point/TH-RSN0018/sample/1349453/observation/3878,TH-RSN0018,RSN0018 RIVER THAMES AT MAGNA CARTA,-0.562,51.4448,Thames,THAMES - WEST THAMES,Multiple Values,OPEN,FRESHWATER - RIVERS,2021-05-11T12:48:00,MONITORING  (NATIONAL AGENCY POLICY),RIVER / RUNNING SURFACE WATER,3878,Nickel : BLM Bioavailable,1.4,MICROGRAM PER LITRE
https://environment.data.gov.uk/water-quality/sampling-point/TH-RSN0018/sample/1349453/observation/3925,TH-RSN0018,RSN0018 RIVER THAMES AT MAGNA CARTA,-0.562,51.4448,Thames,THAMES - WEST THAMES,Multiple Values,OPEN,FRESHWATER - RIVERS,2021-05-11T12:48:00,MONITORING  (NATIONAL AGENCY POLICY),RIVER / RUNNING SURFACE WATER,3925,Monolinuron,<0.01,MICROGRAM PER LITRE
https://environment.data.gov.uk/water-quality/sampling-point/TH-RSN0018/sample/1349453/observation/4064,TH-RSN0018,RSN0018 RIVER THAMES AT MAGNA CARTA,-0.562,51.4448,Thames,THAMES - WEST THAMES,Multiple Values,OPEN,FRESHWATER - RIVERS,2021-05-11T12:48:00,MONITORING  (NATIONAL AGENCY POLICY),RIVER / RUNNING SURFACE WATER,4064,Fluroxypyr,<0.005,MICROGRAM PER LITRE
https://environment.data.gov.uk/water-quality/sampling-point/TH-RSN0018/sample/1349453/observation/4065,TH-RSN0018,RSN0018 RIVER THAMES AT MAGNA CARTA,-0.562,51.4448,Thames,THAMES - WEST THAMES,Multiple Values,OPEN,FRESHWATER - RIVERS,2021-05-11T12:48:00,MONITORING  (NATIONAL AGENCY POLICY),RIVER / RUNNING SURFACE WATER,4065,Bentazone,0.0031,MICROGRAM PER LITRE
https://environment.data.gov.uk/water-quality/sampling-point/TH-RSN0018/sample/1349453/observation/4201,TH-RSN0018,RSN0018 RIVER THAMES AT MAGNA CARTA,-0.562,51.4448,Thames,THAMES - WEST THAMES,Multiple Values,OPEN,FRESHWATER - RIVERS,2021-05-11T12:48:00,MONITORING  (NATIONAL AGENCY POLICY),RIVER / RUNNING SURFACE WATER,4201,"Lithium, Dissolved",<100,MICROGRAM PER LITRE
https://environment.data.gov.uk/water-quality/sampling-point/TH-RSN0018/sample/1349453/observation/4820,TH-RSN0018,RSN0018 RIVER THAMES AT MAGNA CARTA,-0.562,51.4448,Thames,THAMES - WEST THAMES,Multiple Values,OPEN,FRESHWATER - RIVERS,2021-05-11T12:48:00,MONITORING  (NATIONAL AGENCY POLICY),RIVER / RUNNING SURFACE WATER,4820,Manganese : BLM Bioavailable,5,MICROGRAM PER LITRE
https://environment.data.gov.uk/water-quality/sampling-point/TH-RSN0018/sample/1349453/observation/4821,TH-RSN0018,RSN0018 RIVER THAMES AT MAGNA CARTA,-0.562,51.4448,Thames,THAMES - WEST THAMES,Multiple Values,OPEN,FRESHWATER - RIVERS,2021-05-11T12:48:00,MONITORING  (NATIONAL AGENCY POLICY),RIVER / RUNNING SURFACE WATER,4821,Copper : BLM Bioavailable,0.74,MICROGRAM PER LITRE
https://environment.data.gov.uk/water-quality/sampling-point/TH-RSN0018/sample/1349453/observation/4822,TH-RSN0018,RSN0018 RIVER THAMES AT MAGNA CARTA,-0.562,51.4448,Thames,THAMES - WEST THAMES,Multiple Values,OPEN,FRESHWATER - RIVERS,2021-05-11T12:48:00,MONITORING  (NATIONAL AGENCY POLICY),RIVER / RUNNING SURFACE WATER,4822,Zinc : BLM Bioavailable,1.3,MICROGRAM PER LITRE
https://environment.data.gov.uk/water-quality/sampling-point/TH-RSN0018/sample/1349453/observation/4994,TH-RSN0018,RSN0018 RIVER THAMES AT MAGNA CARTA,-0.562,51.4448,Thames,THAMES - WEST THAMES,Multiple Values,OPEN,FRESHWATER - RIVERS,2021-05-11T12:48:00,MONITORING  (NATIONAL AGENCY POLICY),RIVER / RUNNING SURFACE WATER,4994,GCMS Screen : Target Based multi-residue screening : Semi Quantitative,1,Text Result
https://environment.data.gov.uk/water-quality/sampling-point/TH-RSN0018/sample/1349453/observation/5042,TH-RSN0018,RSN0018 RIVER THAMES AT MAGNA CARTA,-0.562,51.4448,Thames,THAMES - WEST THAMES,Multiple Values,OPEN,FRESHWATER - RIVERS,2021-05-11T12:48:00,MONITORING  (NATIONAL AGENCY POLICY),RIVER / RUNNING SURFACE WATER,5042,Sulcotrione,<0.1,MICROGRAM PER LITRE
https://environment.data.gov.uk/water-quality/sampling-point/TH-RSN0018/sample/1349453/observation/5047,TH-RSN0018,RSN0018 RIVER THAMES AT MAGNA CARTA,-0.562,51.4448,Thames,THAMES - WEST THAMES,Multiple Values,OPEN,FRESHWATER - RIVERS,2021-05-11T12:48:00,MONITORING  (NATIONAL AGENCY POLICY),RIVER / RUNNING SURFACE WATER,5047,Ethirimol,<0.05,MICROGRAM PER LITRE
https://environment.data.gov.uk/water-quality/sampling-point/TH-RSN0018/sample/1349453/observation/5050,TH-RSN0018,RSN0018 RIVER THAMES AT MAGNA CARTA,-0.562,51.4448,Thames,THAMES - WEST THAMES,Multiple Values,OPEN,FRESHWATER - RIVERS,2021-05-11T12:48:00,MONITORING  (NATIONAL AGENCY POLICY),RIVER / RUNNING SURFACE WATER,5050,Azoxystrobin,<0.02,MICROGRAM PER LITRE
https://environment.data.gov.uk/water-quality/sampling-point/TH-RSN0018/sample/1349453/observation/5446,TH-RSN0018,RSN0018 RIVER THAMES AT MAGNA CARTA,-0.562,51.4448,Thames,THAMES - WEST THAMES,Multiple Values,OPEN,FRESHWATER - RIVERS,2021-05-11T12:48:00,MONITORING  (NATIONAL AGENCY POLICY),RIVER / RUNNING SURFACE WATER,5446,Cypermethrin Identification,1,Text Result
https://environment.data.gov.uk/water-quality/sampling-point/TH-RSN0018/sample/1349453/observation/5732,TH-RSN0018,RSN0018 RIVER THAMES AT MAGNA CARTA,-0.562,51.4448,Thames,THAMES - WEST THAMES,Multiple Values,OPEN,FRESHWATER - RIVERS,2021-05-11T12:48:00,MONITORING  (NATIONAL AGENCY POLICY),RIVER / RUNNING SURFACE WATER,5732,Triphenyl Tin as Cation,<0.0002,MICROGRAM PER LITRE
https://environment.data.gov.uk/water-quality/sampling-point/TH-RSN0018/sample/1349453/observation/5889,TH-RSN0018,RSN0018 RIVER THAMES AT MAGNA CARTA,-0.562,51.4448,Thames,THAMES - WEST THAMES,Multiple Values,OPEN,FRESHWATER - RIVERS,2021-05-11T12:48:00,MONITORING  (NATIONAL AGENCY POLICY),RIVER / RUNNING SURFACE WATER,5889,Triclosan,<0.01,MICROGRAM PER LITRE
https://environment.data.gov.uk/water-quality/sampling-point/TH-RSN0018/sample/1349453/observation/6037,TH-RSN0018,RSN0018 RIVER THAMES AT MAGNA CARTA,-0.562,51.4448,Thames,THAMES - WEST THAMES,Multiple Values,OPEN,FRESHWATER - RIVERS,2021-05-11T12:48:00,MONITORING  (NATIONAL AGENCY POLICY),RIVER / RUNNING SURFACE WATER,6037,"Aluminium, Dissolved",<10,MICROGRAM PER LITRE
https://environment.data.gov.uk/water-quality/sampling-point/TH-RSN0018/sample/1349453/observation/6399,TH-RSN0018,RSN0018 RIVER THAMES AT MAGNA CARTA,-0.562,51.4448,Thames,THAMES - WEST THAMES,Multiple Values,OPEN,FRESHWATER - RIVERS,2021-05-11T12:48:00,MONITORING  (NATIONAL AGENCY POLICY),RIVER / RUNNING SURFACE WATER,6399,Benzo(a)Pyrene,<0.01,MICROGRAM PER LITRE
https://environment.data.gov.uk/water-quality/sampling-point/TH-RSN0018/sample/1349453/observation/6449,TH-RSN0018,RSN0018 RIVER THAMES AT MAGNA CARTA,-0.562,51.4448,Thames,THAMES - WEST THAMES,Multiple Values,OPEN,FRESHWATER - RIVERS,2021-05-11T12:48:00,MONITORING  (NATIONAL AGENCY POLICY),RIVER / RUNNING SURFACE WATER,6449,Bromoxynil,<0.005,MICROGRAM PER LITRE
https://environment.data.gov.uk/water-quality/sampling-point/TH-RSN0018/sample/1349453/observation/6450,TH-RSN0018,RSN0018 RIVER THAMES AT MAGNA CARTA,-0.562,51.4448,Thames,THAMES - WEST THAMES,Multiple Values,OPEN,FRESHWATER - RIVERS,2021-05-11T12:48:00,MONITORING  (NATIONAL AGENCY POLICY),RIVER / RUNNING SURFACE WATER,6450,"Copper, Dissolved",3.2,MICROGRAM PER LITRE
https://environment.data.gov.uk/water-quality/sampling-point/TH-RSN0018/sample/1349453/observation/6458,TH-RSN0018,RSN0018 RIVER THAMES AT MAGNA CARTA,-0.562,51.4448,Thames,THAMES - WEST THAMES,Multiple Values,OPEN,FRESHWATER - RIVERS,2021-05-11T12:48:00,MONITORING  (NATIONAL AGENCY POLICY),RIVER / RUNNING SURFACE WATER,6458,"Manganese, Dissolved",<10,MICROGRAM PER LITRE
https://environment.data.gov.uk/water-quality/sampling-point/TH-RSN0018/sample/1349453/observation/6460,TH-RSN0018,RSN0018 RIVER THAMES AT MAGNA CARTA,-0.562,51.4448,Thames,THAMES - WEST THAMES,Multiple Values,OPEN,FRESHWATER - RIVERS,2021-05-11T12:48:00,MONITORING  (NATIONAL AGENCY POLICY),RIVER / RUNNING SURFACE WATER,6460,"Iron, Dissolved",<30,MICROGRAM PER LITRE
https://environment.data.gov.uk/water-quality/sampling-point/TH-RSN0018/sample/1349453/observation/6620,TH-RSN0018,RSN0018 RIVER THAMES AT MAGNA CARTA,-0.562,51.4448,Thames,THAMES - WEST THAMES,Multiple Values,OPEN,FRESHWATER - RIVERS,2021-05-11T12:48:00,MONITORING  (NATIONAL AGENCY POLICY),RIVER / RUNNING SURFACE WATER,6620,Clopyralid,<0.005,MICROGRAM PER LITRE
https://environment.data.gov.uk/water-quality/sampling-point/TH-RSN0018/sample/1349453/observation/6671,TH-RSN0018,RSN0018 RIVER THAMES AT MAGNA CARTA,-0.562,51.4448,Thames,THAMES - WEST THAMES,Multiple Values,OPEN,FRESHWATER - RIVERS,2021-05-11T12:48:00,MONITORING  (NATIONAL AGENCY POLICY),RIVER / RUNNING SURFACE WATER,6671,Phenoxyacetic acid :- {PAA},0.037,MICROGRAM PER LITRE
https://environment.data.gov.uk/water-quality/sampling-point/TH-RSN0018/sample/1349453/observation/6672,TH-RSN0018,RSN0018 RIVER THAMES AT MAGNA CARTA,-0.562,51.4448,Thames,THAMES - WEST THAMES,Multiple Values,OPEN,FRESHWATER - RIVERS,2021-05-11T12:48:00,MONITORING  (NATIONAL AGENCY POLICY),RIVER / RUNNING SURFACE WATER,6672,4-Phenoxybutyric acid :- {PBA},<0.005,MICROGRAM PER LITRE
https://environment.data.gov.uk/water-quality/sampling-point/TH-RSN0018/sample/1349453/observation/6673,TH-RSN0018,RSN0018 RIVER THAMES AT MAGNA CARTA,-0.562,51.4448,Thames,THAMES - WEST THAMES,Multiple Values,OPEN,FRESHWATER - RIVERS,2021-05-11T12:48:00,MONITORING  (NATIONAL AGENCY POLICY),RIVER / RUNNING SURFACE WATER,6673,2-Phenoxypropionic acid :- {PPA},<0.005,MICROGRAM PER LITRE
https://environment.data.gov.uk/water-quality/sampling-point/TH-RSN0018/sample/1349453/observation/6693,TH-RSN0018,RSN0018 RIVER THAMES AT MAGNA CARTA,-0.562,51.4448,Thames,THAMES - WEST THAMES,Multiple Values,OPEN,FRESHWATER - RIVERS,2021-05-11T12:48:00,MONITORING  (NATIONAL AGENCY POLICY),RIVER / RUNNING SURFACE WATER,6693,"Strontium, Filtered",330,MICROGRAM PER LITRE
https://environment.data.gov.uk/water-quality/sampling-point/TH-RSN0018/sample/1349453/observation/6724,TH-RSN0018,RSN0018 RIVER THAMES AT MAGNA CARTA,-0.562,51.4448,Thames,THAMES - WEST THAMES,Multiple Values,OPEN,FRESHWATER - RIVERS,2021-05-11T12:48:00,MONITORING  (NATIONAL AGENCY POLICY),RIVER / RUNNING SURFACE WATER,6724,Di(2-ethylhexyl) phthalate :- {DEHP},<0.2,MICROGRAM PER LITRE
https://environment.data.gov.uk/water-quality/sampling-point/TH-RSN0018/sample/1349453/observation/6760,TH-RSN0018,RSN0018 RIVER THAMES AT MAGNA CARTA,-0.562,51.4448,Thames,THAMES - WEST THAMES,Multiple Values,OPEN,FRESHWATER - RIVERS,2021-05-11T12:48:00,MONITORING  (NATIONAL AGENCY POLICY),RIVER / RUNNING SURFACE WATER,6760,Chloridazon,<0.01,MICROGRAM PER LITRE
https://environment.data.gov.uk/water-quality/sampling-point/TH-RSN0018/sample/1349453/observation/6955,TH-RSN0018,RSN0018 RIVER THAMES AT MAGNA CARTA,-0.562,51.4448,Thames,THAMES - WEST THAMES,Multiple Values,OPEN,FRESHWATER - RIVERS,2021-05-11T12:48:00,MONITORING  (NATIONAL AGENCY POLICY),RIVER / RUNNING SURFACE WATER,6955,Ethiofencarb,<0.005,MICROGRAM PER LITRE
https://environment.data.gov.uk/water-quality/sampling-point/TH-RSN0018/sample/1349453/observation/6971,TH-RSN0018,RSN0018 RIVER THAMES AT MAGNA CARTA,-0.562,51.4448,Thames,THAMES - WEST THAMES,Multiple Values,OPEN,FRESHWATER - RIVERS,2021-05-11T12:48:00,MONITORING  (NATIONAL AGENCY POLICY),RIVER / RUNNING SURFACE WATER,6971,Methiocarb,<0.001,MICROGRAM PER LITRE
https://environment.data.gov.uk/water-quality/sampling-point/TH-RSN0018/sample/1349453/observation/6972,TH-RSN0018,RSN0018 RIVER THAMES AT MAGNA CARTA,-0.562,51.4448,Thames,THAMES - WEST THAMES,Multiple Values,OPEN,FRESHWATER - RIVERS,2021-05-11T12:48:00,MONITORING  (NATIONAL AGENCY POLICY),RIVER / RUNNING SURFACE WATER,6972,Methomyl,<0.005,MICROGRAM PER LITRE
https://environment.data.gov.uk/water-quality/sampling-point/TH-RSN0018/sample/1349453/observation/6980,TH-RSN0018,RSN0018 RIVER THAMES AT MAGNA CARTA,-0.562,51.4448,Thames,THAMES - WEST THAMES,Multiple Values,OPEN,FRESHWATER - RIVERS,2021-05-11T12:48:00,MONITORING  (NATIONAL AGENCY POLICY),RIVER / RUNNING SURFACE WATER,6980,Oxamyl,<0.005,MICROGRAM PER LITRE
https://environment.data.gov.uk/water-quality/sampling-point/TH-RSN0018/sample/1349453/observation/6987,TH-RSN0018,RSN0018 RIVER THAMES AT MAGNA CARTA,-0.562,51.4448,Thames,THAMES - WEST THAMES,Multiple Values,OPEN,FRESHWATER - RIVERS,2021-05-11T12:48:00,MONITORING  (NATIONAL AGENCY POLICY),RIVER / RUNNING SURFACE WATER,6987,Propoxur,<0.005,MICROGRAM PER LITRE
https://environment.data.gov.uk/water-quality/sampling-point/TH-RSN0018/sample/1349453/observation/7025,TH-RSN0018,RSN0018 RIVER THAMES AT MAGNA CARTA,-0.562,51.4448,Thames,THAMES - WEST THAMES,Multiple Values,OPEN,FRESHWATER - RIVERS,2021-05-11T12:48:00,MONITORING  (NATIONAL AGENCY POLICY),RIVER / RUNNING SURFACE WATER,7025,Imazapyr,<0.005,MICROGRAM PER LITRE
https://environment.data.gov.uk/water-quality/sampling-point/TH-RSN0018/sample/1349453/observation/7053,TH-RSN0018,RSN0018 RIVER THAMES AT MAGNA CARTA,-0.562,51.4448,Thames,THAMES - WEST THAMES,Multiple Values,OPEN,FRESHWATER - RIVERS,2021-05-11T12:48:00,MONITORING  (NATIONAL AGENCY POLICY),RIVER / RUNNING SURFACE WATER,7053,Methabenzthiazuron,<0.01,MICROGRAM PER LITRE
https://environment.data.gov.uk/water-quality/sampling-point/TH-RSN0018/sample/1349453/observation/7125,TH-RSN0018,RSN0018 RIVER THAMES AT MAGNA CARTA,-0.562,51.4448,Thames,THAMES - WEST THAMES,Multiple Values,OPEN,FRESHWATER - RIVERS,2021-05-11T12:48:00,MONITORING  (NATIONAL AGENCY POLICY),RIVER / RUNNING SURFACE WATER,7125,Aminomethylphosphonic acid,0.35,MICROGRAM PER LITRE
https://environment.data.gov.uk/water-quality/sampling-point/TH-RSN0018/sample/1349453/observation/7726,TH-RSN0018,RSN0018 RIVER THAMES AT MAGNA CARTA,-0.562,51.4448,Thames,THAMES - WEST THAMES,Multiple Values,OPEN,FRESHWATER - RIVERS,2021-05-11T12:48:00,MONITORING  (NATIONAL AGENCY POLICY),RIVER / RUNNING SURFACE WATER,7726,"2,3,6-TBA :- {2,3,6-Trichlorobenzoic acid}",<0.02,MICROGRAM PER LITRE
https://environment.data.gov.uk/water-quality/sampling-point/TH-RSN0018/sample/1349453/observation/7859,TH-RSN0018,RSN0018 RIVER THAMES AT MAGNA CARTA,-0.562,51.4448,Thames,THAMES - WEST THAMES,Multiple Values,OPEN,FRESHWATER - RIVERS,2021-05-11T12:48:00,MONITORING  (NATIONAL AGENCY POLICY),RIVER / RUNNING SURFACE WATER,7859,"Sulphate, Dissolved as SO4",47,MILLIGRAM PER LITRE
https://environment.data.gov.uk/water-quality/sampling-point/TH-RSN0018/sample/1349453/observation/8806,TH-RSN0018,RSN0018 RIVER THAMES AT MAGNA CARTA,-0.562,51.4448,Thames,THAMES - WEST THAMES,Multiple Values,OPEN,FRESHWATER - RIVERS,2021-05-11T12:48:00,MONITORING  (NATIONAL AGENCY POLICY),RIVER / RUNNING SURFACE WATER,8806,Aldicarb sulfoxide,<0.005,MICROGRAM PER LITRE
https://environment.data.gov.uk/water-quality/sampling-point/TH-RSN0018/sample/1349453/observation/8807,TH-RSN0018,RSN0018 RIVER THAMES AT MAGNA CARTA,-0.562,51.4448,Thames,THAMES - WEST THAMES,Multiple Values,OPEN,FRESHWATER - RIVERS,2021-05-11T12:48:00,MONITORING  (NATIONAL AGENCY POLICY),RIVER / RUNNING SURFACE WATER,8807,Aldoxycarb :- {Aldicarb Sulfone},<0.005,MICROGRAM PER LITRE
https://environment.data.gov.uk/water-quality/sampling-point/TH-RSN0018/sample/1349453/observation/8944,TH-RSN0018,RSN0018 RIVER THAMES AT MAGNA CARTA,-0.562,51.4448,Thames,THAMES - WEST THAMES,Multiple Values,OPEN,FRESHWATER - RIVERS,2021-05-11T12:48:00,MONITORING  (NATIONAL AGENCY POLICY),RIVER / RUNNING SURFACE WATER,8944,Tributyl Tin as Cation,<0.0002,MICROGRAM PER LITRE
https://environment.data.gov.uk/water-quality/sampling-point/TH-RSN0018/sample/1349453/observation/9068,TH-RSN0018,RSN0018 RIVER THAMES AT MAGNA CARTA,-0.562,51.4448,Thames,THAMES - WEST THAMES,Multiple Values,OPEN,FRESHWATER - RIVERS,2021-05-11T12:48:00,MONITORING  (NATIONAL AGENCY POLICY),RIVER / RUNNING SURFACE WATER,9068,Ioxynil,<0.005,MICROGRAM PER LITRE
https://environment.data.gov.uk/water-quality/sampling-point/TH-RSN0018/sample/1349453/observation/9073,TH-RSN0018,RSN0018 RIVER THAMES AT MAGNA CARTA,-0.562,51.4448,Thames,THAMES - WEST THAMES,Multiple Values,OPEN,FRESHWATER - RIVERS,2021-05-11T12:48:00,MONITORING  (NATIONAL AGENCY POLICY),RIVER / RUNNING SURFACE WATER,9073,Carbetamide,<0.01,MICROGRAM PER LITRE
https://environment.data.gov.uk/water-quality/sampling-point/TH-RSN0018/sample/1349453/observation/9190,TH-RSN0018,RSN0018 RIVER THAMES AT MAGNA CARTA,-0.562,51.4448,Thames,THAMES - WEST THAMES,Multiple Values,OPEN,FRESHWATER - RIVERS,2021-05-11T12:48:00,MONITORING  (NATIONAL AGENCY POLICY),RIVER / RUNNING SURFACE WATER,9190,4-Nonylphenol Branched,<0.04,MICROGRAM PER LITRE
https://environment.data.gov.uk/water-quality/sampling-point/TH-RSN0018/sample/1349453/observation/9267,TH-RSN0018,RSN0018 RIVER THAMES AT MAGNA CARTA,-0.562,51.4448,Thames,THAMES - WEST THAMES,Multiple Values,OPEN,FRESHWATER - RIVERS,2021-05-11T12:48:00,MONITORING  (NATIONAL AGENCY POLICY),RIVER / RUNNING SURFACE WATER,9267,4-tert-Octylphenol :- {p-tert-Octylphenol},<0.01,MICROGRAM PER LITRE
https://environment.data.gov.uk/water-quality/sampling-point/TH-RSN0018/sample/1349453/observation/9274,TH-RSN0018,RSN0018 RIVER THAMES AT MAGNA CARTA,-0.562,51.4448,Thames,THAMES - WEST THAMES,Multiple Values,OPEN,FRESHWATER - RIVERS,2021-05-11T12:48:00,MONITORING  (NATIONAL AGENCY POLICY),RIVER / RUNNING SURFACE WATER,9274,Perfluorooctanoate anion,0.0024,MICROGRAM PER LITRE
https://environment.data.gov.uk/water-quality/sampling-point/TH-RSN0018/sample/1349453/observation/9276,TH-RSN0018,RSN0018 RIVER THAMES AT MAGNA CARTA,-0.562,51.4448,Thames,THAMES - WEST THAMES,Multiple Values,OPEN,FRESHWATER - RIVERS,2021-05-11T12:48:00,MONITORING  (NATIONAL AGENCY POLICY),RIVER / RUNNING SURFACE WATER,9276,Perfluorooctylsulphonate anion,0.0038,MICROGRAM PER LITRE
https://environment.data.gov.uk/water-quality/sampling-point/TH-RSN0018/sample/1349453/observation/9339,TH-RSN0018,RSN0018 RIVER THAMES AT MAGNA CARTA,-0.562,51.4448,Thames,THAMES - WEST THAMES,Multiple Values,OPEN,FRESHWATER - RIVERS,2021-05-11T12:48:00,MONITORING  (NATIONAL AGENCY POLICY),RIVER / RUNNING SURFACE WATER,9339,Fenuron,<0.01,MICROGRAM PER LITRE
https://environment.data.gov.uk/water-quality/sampling-point/TH-RSN0018/sample/1349453/observation/9341,TH-RSN0018,RSN0018 RIVER THAMES AT MAGNA CARTA,-0.562,51.4448,Thames,THAMES - WEST THAMES,Multiple Values,OPEN,FRESHWATER - RIVERS,2021-05-11T12:48:00,MONITORING  (NATIONAL AGENCY POLICY),RIVER / RUNNING SURFACE WATER,9341,cis-Permethrin,<0.0002,MICROGRAM PER LITRE
https://environment.data.gov.uk/water-quality/sampling-point/TH-RSN0018/sample/1349453/observation/9342,TH-RSN0018,RSN0018 RIVER THAMES AT MAGNA CARTA,-0.562,51.4448,Thames,THAMES - WEST THAMES,Multiple Values,OPEN,FRESHWATER - RIVERS,2021-05-11T12:48:00,MONITORING  (NATIONAL AGENCY POLICY),RIVER / RUNNING SURFACE WATER,9342,trans-Permethrin,<0.0001,MICROGRAM PER LITRE
https://environment.data.gov.uk/water-quality/sampling-point/TH-RSN0018/sample/1349453/observation/9343,TH-RSN0018,RSN0018 RIVER THAMES AT MAGNA CARTA,-0.562,51.4448,Thames,THAMES - WEST THAMES,Multiple Values,OPEN,FRESHWATER - RIVERS,2021-05-11T12:48:00,MONITORING  (NATIONAL AGENCY POLICY),RIVER / RUNNING SURFACE WATER,9343,Carbaryl,<0.01,MICROGRAM PER LITRE
https://environment.data.gov.uk/water-quality/sampling-point/TH-RSN0018/sample/1349453/observation/9344,TH-RSN0018,RSN0018 RIVER THAMES AT MAGNA CARTA,-0.562,51.4448,Thames,THAMES - WEST THAMES,Multiple Values,OPEN,FRESHWATER - RIVERS,2021-05-11T12:48:00,MONITORING  (NATIONAL AGENCY POLICY),RIVER / RUNNING SURFACE WATER,9344,Aldicarb,<0.005,MICROGRAM PER LITRE
https://environment.data.gov.uk/water-quality/sampling-point/TH-RSN0018/sample/1349453/observation/9345,TH-RSN0018,RSN0018 RIVER THAMES AT MAGNA CARTA,-0.562,51.4448,Thames,THAMES - WEST THAMES,Multiple Values,OPEN,FRESHWATER - RIVERS,2021-05-11T12:48:00,MONITORING  (NATIONAL AGENCY POLICY),RIVER / RUNNING SURFACE WATER,9345,Diflurobenzuron,<0.01,MICROGRAM PER LITRE
https://environment.data.gov.uk/water-quality/sampling-point/TH-RSN0018/sample/1349453/observation/9348,TH-RSN0018,RSN0018 RIVER THAMES AT MAGNA CARTA,-0.562,51.4448,Thames,THAMES - WEST THAMES,Multiple Values,OPEN,FRESHWATER - RIVERS,2021-05-11T12:48:00,MONITORING  (NATIONAL AGENCY POLICY),RIVER / RUNNING SURFACE WATER,9348,Chlorotoluron,<0.01,MICROGRAM PER LITRE
https://environment.data.gov.uk/water-quality/sampling-point/TH-RSN0018/sample/1349453/observation/9446,TH-RSN0018,RSN0018 RIVER THAMES AT MAGNA CARTA,-0.562,51.4448,Thames,THAMES - WEST THAMES,Multiple Values,OPEN,FRESHWATER - RIVERS,2021-05-11T12:48:00,MONITORING  (NATIONAL AGENCY POLICY),RIVER / RUNNING SURFACE WATER,9446,"Barium, Dissolved",16,MICROGRAM PER LITRE
https://environment.data.gov.uk/water-quality/sampling-point/TH-RSN0018/sample/1349453/observation/9447,TH-RSN0018,RSN0018 RIVER THAMES AT MAGNA CARTA,-0.562,51.4448,Thames,THAMES - WEST THAMES,Multiple Values,OPEN,FRESHWATER - RIVERS,2021-05-11T12:48:00,MONITORING  (NATIONAL AGENCY POLICY),RIVER / RUNNING SURFACE WATER,9447,"Boron, Dissolved",<100,MICROGRAM PER LITRE
https://environment.data.gov.uk/water-quality/sampling-point/TH-RSN0018/sample/1349453/observation/9686,TH-RSN0018,RSN0018 RIVER THAMES AT MAGNA CARTA,-0.562,51.4448,Thames,THAMES - WEST THAMES,Multiple Values,OPEN,FRESHWATER - RIVERS,2021-05-11T12:48:00,MONITORING  (NATIONAL AGENCY POLICY),RIVER / RUNNING SURFACE WATER,9686,"Nitrogen, Total as N",7.9,MILLIGRAM PER LITRE
https://environment.data.gov.uk/water-quality/sampling-point/TH-RSN0018/sample/1349453/observation/9756,TH-RSN0018,RSN0018 RIVER THAMES AT MAGNA CARTA,-0.562,51.4448,Thames,THAMES - WEST THAMES,Multiple Values,OPEN,FRESHWATER - RIVERS,2021-05-11T12:48:00,MONITORING  (NATIONAL AGENCY POLICY),RIVER / RUNNING SURFACE WATER,9756,Neburon,<0.01,MICROGRAM PER LITRE
https://environment.data.gov.uk/water-quality/sampling-point/TH-RSN0018/sample/1349453/observation/9861,TH-RSN0018,RSN0018 RIVER THAMES AT MAGNA CARTA,-0.562,51.4448,Thames,THAMES - WEST THAMES,Multiple Values,OPEN,FRESHWATER - RIVERS,2021-05-11T12:48:00,MONITORING  (NATIONAL AGENCY POLICY),RIVER / RUNNING SURFACE WATER,9861,Metsulfuron-methyl,<0.01,MICROGRAM PER LITRE
https://environment.data.gov.uk/water-quality/sampling-point/TH-RSN0018/sample/1349453/observation/9883,TH-RSN0018,RSN0018 RIVER THAMES AT MAGNA CARTA,-0.562,51.4448,Thames,THAMES - WEST THAMES,Multiple Values,OPEN,FRESHWATER - RIVERS,2021-05-11T12:48:00,MONITORING  (NATIONAL AGENCY POLICY),RIVER / RUNNING SURFACE WATER,9883,Picloram,<0.005,MICROGRAM PER LITRE
https://environment.data.gov.uk/water-quality/sampling-point/TH-RSN0018/sample/1349453/observation/9889,TH-RSN0018,RSN0018 RIVER THAMES AT MAGNA CARTA,-0.562,51.4448,Thames,THAMES - WEST THAMES,Multiple Values,OPEN,FRESHWATER - RIVERS,2021-05-11T12:48:00,MONITORING  (NATIONAL AGENCY POLICY),RIVER / RUNNING SURFACE WATER,9889,Oestrone :- {E1},0.37,NANOGRAM PER LITRE
https://environment.data.gov.uk/water-quality/sampling-point/TH-RSN0018/sample/1349453/observation/9898,TH-RSN0018,RSN0018 RIVER THAMES AT MAGNA CARTA,-0.562,51.4448,Thames,THAMES - WEST THAMES,Multiple Values,OPEN,FRESHWATER - RIVERS,2021-05-11T12:48:00,MONITORING  (NATIONAL AGENCY POLICY),RIVER / RUNNING SURFACE WATER,9898,17beta oestradiol :- {E2},0.07,NANOGRAM PER LITRE
https://environment.data.gov.uk/water-quality/sampling-point/TH-RSN0018/sample/1349453/observation/9899,TH-RSN0018,RSN0018 RIVER THAMES AT MAGNA CARTA,-0.562,51.4448,Thames,THAMES - WEST THAMES,Multiple Values,OPEN,FRESHWATER - RIVERS,2021-05-11T12:48:00,MONITORING  (NATIONAL AGENCY POLICY),RIVER / RUNNING SURFACE WATER,9899,17alpha ethynyloestradiol :- {EE2},0.12,NANOGRAM PER LITRE
https://environment.data.gov.uk/water-quality/sampling-point/TH-RSN0018/sample/1349453/observation/9901,TH-RSN0018,RSN0018 RIVER THAMES AT MAGNA CARTA,-0.562,51.4448,Thames,THAMES - WEST THAMES,Multiple Values,OPEN,FRESHWATER - RIVERS,2021-05-11T12:48:00,MONITORING  (NATIONAL AGENCY POLICY),RIVER / RUNNING SURFACE WATER,9901,"Oxygen, Dissolved, % Saturation",104.4,PERCENTAGE
https://environment.data.gov.uk/water-quality/sampling-point/TH-RSN0018/sample/1349453/observation/9924,TH-RSN0018,RSN0018 RIVER THAMES AT MAGNA CARTA,-0.562,51.4448,Thames,THAMES - WEST THAMES,Multiple Values,OPEN,FRESHWATER - RIVERS,2021-05-11T12:48:00,MONITORING  (NATIONAL AGENCY POLICY),RIVER / RUNNING SURFACE WATER,9924,"Oxygen, Dissolved as O2",11,MILLIGRAM PER LITRE
https://environment.data.gov.uk/water-quality/sampling-point/TH-RSN0018/sample/1356686/observation/0052,TH-RSN0018,RSN0018 RIVER THAMES AT MAGNA CARTA,-0.562,51.4448,Thames,THAMES - WEST THAMES,Multiple Values,OPEN,FRESHWATER - RIVERS,2021-06-11T11:40:00,MONITORING  (NATIONAL AGENCY POLICY),RIVER / RUNNING SURFACE WATER,0052,"Lead, Dissolved",<0.1,MICROGRAM PER LITRE
https://environment.data.gov.uk/water-quality/sampling-point/TH-RSN0018/sample/1356686/observation/0061,TH-RSN0018,RSN0018 RIVER THAMES AT MAGNA CARTA,-0.562,51.4448,Thames,THAMES - WEST THAMES,Multiple Values,OPEN,FRESHWATER - RIVERS,2021-06-11T11:40:00,MONITORING  (NATIONAL AGENCY POLICY),RIVER / RUNNING SURFACE WATER,0061,pH,8.33,PH UNITS
https://environment.data.gov.uk/water-quality/sampling-point/TH-RSN0018/sample/1356686/observation/0073,TH-RSN0018,RSN0018 RIVER THAMES AT MAGNA CARTA,-0.562,51.4448,Thames,THAMES - WEST THAMES,Multiple Values,OPEN,FRESHWATER - RIVERS,2021-06-11T11:40:00,MONITORING  (NATIONAL AGENCY POLICY),RIVER / RUNNING SURFACE WATER,0073,Cypermethrin,<0.00001,MICROGRAM PER LITRE
https://environment.data.gov.uk/water-quality/sampling-point/TH-RSN0018/sample/1356686/observation/0076,TH-RSN0018,RSN0018 RIVER THAMES AT MAGNA CARTA,-0.562,51.4448,Thames,THAMES - WEST THAMES,Multiple Values,OPEN,FRESHWATER - RIVERS,2021-06-11T11:40:00,MONITORING  (NATIONAL AGENCY POLICY),RIVER / RUNNING SURFACE WATER,0076,Temperature of Water,19.9,CELSIUS
https://environment.data.gov.uk/water-quality/sampling-point/TH-RSN0018/sample/1356686/observation/0077,TH-RSN0018,RSN0018 RIVER THAMES AT MAGNA CARTA,-0.562,51.4448,Thames,THAMES - WEST THAMES,Multiple Values,OPEN,FRESHWATER - RIVERS,2021-06-11T11:40:00,MONITORING  (NATIONAL AGENCY POLICY),RIVER / RUNNING SURFACE WATER,0077,Conductivity at 25 C,675,MICROSIEMENS PER CENTIMETRE
https://environment.data.gov.uk/water-quality/sampling-point/TH-RSN0018/sample/1356686/observation/0106,TH-RSN0018,RSN0018 RIVER THAMES AT MAGNA CARTA,-0.562,51.4448,Thames,THAMES - WEST THAMES,Multiple Values,OPEN,FRESHWATER - RIVERS,2021-06-11T11:40:00,MONITORING  (NATIONAL AGENCY POLICY),RIVER / RUNNING SURFACE WATER,0106,"Cadmium, Dissolved",0.011,MICROGRAM PER LITRE
https://environment.data.gov.uk/water-quality/sampling-point/TH-RSN0018/sample/1356686/observation/0111,TH-RSN0018,RSN0018 RIVER THAMES AT MAGNA CARTA,-0.562,51.4448,Thames,THAMES - WEST THAMES,Multiple Values,OPEN,FRESHWATER - RIVERS,2021-06-11T11:40:00,MONITORING  (NATIONAL AGENCY POLICY),RIVER / RUNNING SURFACE WATER,0111,Ammoniacal Nitrogen as N,0.032,MILLIGRAM PER LITRE
https://environment.data.gov.uk/water-quality/sampling-point/TH-RSN0018/sample/1356686/observation/0116,TH-RSN0018,RSN0018 RIVER THAMES AT MAGNA CARTA,-0.562,51.4448,Thames,THAMES - WEST THAMES,Multiple Values,OPEN,FRESHWATER - RIVERS,2021-06-11T11:40:00,MONITORING  (NATIONAL AGENCY POLICY),RIVER / RUNNING SURFACE WATER,0116,"Nitrogen, Total Oxidised as N",6.7,MILLIGRAM PER LITRE
https://environment.data.gov.uk/water-quality/sampling-point/TH-RSN0018/sample/1356686/observation/0117,TH-RSN0018,RSN0018 RIVER THAMES AT MAGNA CARTA,-0.562,51.4448,Thames,THAMES - WEST THAMES,Multiple Values,OPEN,FRESHWATER - RIVERS,2021-06-11T11:40:00,MONITORING  (NATIONAL AGENCY POLICY),RIVER / RUNNING SURFACE WATER,0117,Nitrate as N,6.68,MILLIGRAM PER LITRE
https://environment.data.gov.uk/water-quality/sampling-point/TH-RSN0018/sample/1356686/observation/0118,TH-RSN0018,RSN0018 RIVER THAMES AT MAGNA CARTA,-0.562,51.4448,Thames,THAMES - WEST THAMES,Multiple Values,OPEN,FRESHWATER - RIVERS,2021-06-11T11:40:00,MONITORING  (NATIONAL AGENCY POLICY),RIVER / RUNNING SURFACE WATER,0118,Nitrite as N,0.019,MILLIGRAM PER LITRE
https://environment.data.gov.uk/water-quality/sampling-point/TH-RSN0018/sample/1356686/observation/0119,TH-RSN0018,RSN0018 RIVER THAMES AT MAGNA CARTA,-0.562,51.4448,Thames,THAMES - WEST THAMES,Multiple Values,OPEN,FRESHWATER - RIVERS,2021-06-11T11:40:00,MONITORING  (NATIONAL AGENCY POLICY),RIVER / RUNNING SURFACE WATER,0119,Ammonia un-ionised as N,0.0012,MILLIGRAM PER LITRE
https://environment.data.gov.uk/water-quality/sampling-point/TH-RSN0018/sample/1356686/observation/0158,TH-RSN0018,RSN0018 RIVER THAMES AT MAGNA CARTA,-0.562,51.4448,Thames,THAMES - WEST THAMES,Multiple Values,OPEN,FRESHWATER - RIVERS,2021-06-11T11:40:00,MONITORING  (NATIONAL AGENCY POLICY),RIVER / RUNNING SURFACE WATER,0158,"Hardness, Total as CaCO3",293,MILLIGRAM PER LITRE
https://environment.data.gov.uk/water-quality/sampling-point/TH-RSN0018/sample/1356686/observation/0162,TH-RSN0018,RSN0018 RIVER THAMES AT MAGNA CARTA,-0.562,51.4448,Thames,THAMES - WEST THAMES,Multiple Values,OPEN,FRESHWATER - RIVERS,2021-06-11T11:40:00,MONITORING  (NATIONAL AGENCY POLICY),RIVER / RUNNING SURFACE WATER,0162,Alkalinity to pH 4.5 as CaCO3,230,MILLIGRAM PER LITRE
https://environment.data.gov.uk/water-quality/sampling-point/TH-RSN0018/sample/1356686/observation/0163,TH-RSN0018,RSN0018 RIVER THAMES AT MAGNA CARTA,-0.562,51.4448,Thames,THAMES - WEST THAMES,Multiple Values,OPEN,FRESHWATER - RIVERS,2021-06-11T11:40:00,MONITORING  (NATIONAL AGENCY POLICY),RIVER / RUNNING SURFACE WATER,0163,"Hardness, Calcium",275,MILLIGRAM PER LITRE
https://environment.data.gov.uk/water-quality/sampling-point/TH-RSN0018/sample/1356686/observation/0172,TH-RSN0018,RSN0018 RIVER THAMES AT MAGNA CARTA,-0.562,51.4448,Thames,THAMES - WEST THAMES,Multiple Values,OPEN,FRESHWATER - RIVERS,2021-06-11T11:40:00,MONITORING  (NATIONAL AGENCY POLICY),RIVER / RUNNING SURFACE WATER,0172,Chloride,39,MILLIGRAM PER LITRE
https://environment.data.gov.uk/water-quality/sampling-point/TH-RSN0018/sample/1356686/observation/0180,TH-RSN0018,RSN0018 RIVER THAMES AT MAGNA CARTA,-0.562,51.4448,Thames,THAMES - WEST THAMES,Multiple Values,OPEN,FRESHWATER - RIVERS,2021-06-11T11:40:00,MONITORING  (NATIONAL AGENCY POLICY),RIVER / RUNNING SURFACE WATER,0180,"Orthophosphate, reactive as P",0.099,MILLIGRAM PER LITRE
https://environment.data.gov.uk/water-quality/sampling-point/TH-RSN0018/sample/1356686/observation/0182,TH-RSN0018,RSN0018 RIVER THAMES AT MAGNA CARTA,-0.562,51.4448,Thames,THAMES - WEST THAMES,Multiple Values,OPEN,FRESHWATER - RIVERS,2021-06-11T11:40:00,MONITORING  (NATIONAL AGENCY POLICY),RIVER / RUNNING SURFACE WATER,0182,"Silica, reactive as SiO2",10,MILLIGRAM PER LITRE
https://environment.data.gov.uk/water-quality/sampling-point/TH-RSN0018/sample/1356686/observation/0205,TH-RSN0018,RSN0018 RIVER THAMES AT MAGNA CARTA,-0.562,51.4448,Thames,THAMES - WEST THAMES,Multiple Values,OPEN,FRESHWATER - RIVERS,2021-06-11T11:40:00,MONITORING  (NATIONAL AGENCY POLICY),RIVER / RUNNING SURFACE WATER,0205,"Sodium, Dissolved",26,MILLIGRAM PER LITRE
https://environment.data.gov.uk/water-quality/sampling-point/TH-RSN0018/sample/1356686/observation/0209,TH-RSN0018,RSN0018 RIVER THAMES AT MAGNA CARTA,-0.562,51.4448,Thames,THAMES - WEST THAMES,Multiple Values,OPEN,FRESHWATER - RIVERS,2021-06-11T11:40:00,MONITORING  (NATIONAL AGENCY POLICY),RIVER / RUNNING SURFACE WATER,0209,"Potassium, Dissolved",4.8,MILLIGRAM PER LITRE
https://environment.data.gov.uk/water-quality/sampling-point/TH-RSN0018/sample/1356686/observation/0235,TH-RSN0018,RSN0018 RIVER THAMES AT MAGNA CARTA,-0.562,51.4448,Thames,THAMES - WEST THAMES,Multiple Values,OPEN,FRESHWATER - RIVERS,2021-06-11T11:40:00,MONITORING  (NATIONAL AGENCY POLICY),RIVER / RUNNING SURFACE WATER,0235,"Magnesium, Dissolved",4.4,MILLIGRAM PER LITRE
https://environment.data.gov.uk/water-quality/sampling-point/TH-RSN0018/sample/1356686/observation/0239,TH-RSN0018,RSN0018 RIVER THAMES AT MAGNA CARTA,-0.562,51.4448,Thames,THAMES - WEST THAMES,Multiple Values,OPEN,FRESHWATER - RIVERS,2021-06-11T11:40:00,MONITORING  (NATIONAL AGENCY POLICY),RIVER / RUNNING SURFACE WATER,0239,"Calcium, Dissolved",110,MILLIGRAM PER LITRE
https://environment.data.gov.uk/water-quality/sampling-point/TH-RSN0018/sample/1356686/observation/0301,TH-RSN0018,RSN0018 RIVER THAMES AT MAGNA CARTA,-0.562,51.4448,Thames,THAMES - WEST THAMES,Multiple Values,OPEN,FRESHWATER - RIVERS,2021-06-11T11:40:00,MONITORING  (NATIONAL AGENCY POLICY),RIVER / RUNNING SURFACE WATER,0301,"Carbon, Organic, Dissolved as C :- {DOC}",3.3,MILLIGRAM PER LITRE
https://environment.data.gov.uk/water-quality/sampling-point/TH-RSN0018/sample/1356686/observation/0348,TH-RSN0018,RSN0018 RIVER THAMES AT MAGNA CARTA,-0.562,51.4448,Thames,THAMES - WEST THAMES,Multiple Values,OPEN,FRESHWATER - RIVERS,2021-06-11T11:40:00,MONITORING  (NATIONAL AGENCY POLICY),RIVER / RUNNING SURFACE WATER,0348,"Phosphorus, Total as P",0.15,MILLIGRAM PER LITRE
https://environment.data.gov.uk/water-quality/sampling-point/TH-RSN0018/sample/1356686/observation/0714,TH-RSN0018,RSN0018 RIVER THAMES AT MAGNA CARTA,-0.562,51.4448,Thames,THAMES - WEST THAMES,Multiple Values,OPEN,FRESHWATER - RIVERS,2021-06-11T11:40:00,MONITORING  (NATIONAL AGENCY POLICY),RIVER / RUNNING SURFACE WATER,0714,"Benzo(g,h,i)Perylene",<0.01,MICROGRAM PER LITRE
https://environment.data.gov.uk/water-quality/sampling-point/TH-RSN0018/sample/1356686/observation/0731,TH-RSN0018,RSN0018 RIVER THAMES AT MAGNA CARTA,-0.562,51.4448,Thames,THAMES - WEST THAMES,Multiple Values,OPEN,FRESHWATER - RIVERS,2021-06-11T11:40:00,MONITORING  (NATIONAL AGENCY POLICY),RIVER / RUNNING SURFACE WATER,0731,Benzo(b)Fluoranthene,<0.01,MICROGRAM PER LITRE
https://environment.data.gov.uk/water-quality/sampling-point/TH-RSN0018/sample/1356686/observation/0733,TH-RSN0018,RSN0018 RIVER THAMES AT MAGNA CARTA,-0.562,51.4448,Thames,THAMES - WEST THAMES,Multiple Values,OPEN,FRESHWATER - RIVERS,2021-06-11T11:40:00,MONITORING  (NATIONAL AGENCY POLICY),RIVER / RUNNING SURFACE WATER,0733,Benzo(k)Fluoranthene,<0.01,MICROGRAM PER LITRE
https://environment.data.gov.uk/water-quality/sampling-point/TH-RSN0018/sample/1356686/observation/0736,TH-RSN0018,RSN0018 RIVER THAMES AT MAGNA CARTA,-0.562,51.4448,Thames,THAMES - WEST THAMES,Multiple Values,OPEN,FRESHWATER - RIVERS,2021-06-11T11:40:00,MONITORING  (NATIONAL AGENCY POLICY),RIVER / RUNNING SURFACE WATER,0736,Fluoranthene,<0.01,MICROGRAM PER LITRE
https://environment.data.gov.uk/water-quality/sampling-point/TH-RSN0018/sample/1356686/observation/0746,TH-RSN0018,RSN0018 RIVER THAMES AT MAGNA CARTA,-0.562,51.4448,Thames,THAMES - WEST THAMES,Multiple Values,OPEN,FRESHWATER - RIVERS,2021-06-11T11:40:00,MONITORING  (NATIONAL AGENCY POLICY),RIVER / RUNNING SURFACE WATER,0746,"Indeno(1,2,3-cd)pyrene",<0.01,MICROGRAM PER LITRE
https://environment.data.gov.uk/water-quality/sampling-point/TH-RSN0018/sample/1356686/observation/3004,TH-RSN0018,RSN0018 RIVER THAMES AT MAGNA CARTA,-0.562,51.4448,Thames,THAMES - WEST THAMES,Multiple Values,OPEN,FRESHWATER - RIVERS,2021-06-11T11:40:00,MONITORING  (NATIONAL AGENCY POLICY),RIVER / RUNNING SURFACE WATER,3004,Asulam,<0.02,MICROGRAM PER LITRE
https://environment.data.gov.uk/water-quality/sampling-point/TH-RSN0018/sample/1356686/observation/3007,TH-RSN0018,RSN0018 RIVER THAMES AT MAGNA CARTA,-0.562,51.4448,Thames,THAMES - WEST THAMES,Multiple Values,OPEN,FRESHWATER - RIVERS,2021-06-11T11:40:00,MONITORING  (NATIONAL AGENCY POLICY),RIVER / RUNNING SURFACE WATER,3007,Glyphosate,<0.1,MICROGRAM PER LITRE
https://environment.data.gov.uk/water-quality/sampling-point/TH-RSN0018/sample/1356686/observation/3086,TH-RSN0018,RSN0018 RIVER THAMES AT MAGNA CARTA,-0.562,51.4448,Thames,THAMES - WEST THAMES,Multiple Values,OPEN,FRESHWATER - RIVERS,2021-06-11T11:40:00,MONITORING  (NATIONAL AGENCY POLICY),RIVER / RUNNING SURFACE WATER,3086,Carbofuran,<0.005,MICROGRAM PER LITRE
https://environment.data.gov.uk/water-quality/sampling-point/TH-RSN0018/sample/1356686/observation/3117,TH-RSN0018,RSN0018 RIVER THAMES AT MAGNA CARTA,-0.562,51.4448,Thames,THAMES - WEST THAMES,Multiple Values,OPEN,FRESHWATER - RIVERS,2021-06-11T11:40:00,MONITORING  (NATIONAL AGENCY POLICY),RIVER / RUNNING SURFACE WATER,3117,Isoproturon,<0.01,MICROGRAM PER LITRE
https://environment.data.gov.uk/water-quality/sampling-point/TH-RSN0018/sample/1356686/observation/3118,TH-RSN0018,RSN0018 RIVER THAMES AT MAGNA CARTA,-0.562,51.4448,Thames,THAMES - WEST THAMES,Multiple Values,OPEN,FRESHWATER - RIVERS,2021-06-11T11:40:00,MONITORING  (NATIONAL AGENCY POLICY),RIVER / RUNNING SURFACE WATER,3118,Linuron,<0.01,MICROGRAM PER LITRE
https://environment.data.gov.uk/water-quality/sampling-point/TH-RSN0018/sample/1356686/observation/3130,TH-RSN0018,RSN0018 RIVER THAMES AT MAGNA CARTA,-0.562,51.4448,Thames,THAMES - WEST THAMES,Multiple Values,OPEN,FRESHWATER - RIVERS,2021-06-11T11:40:00,MONITORING  (NATIONAL AGENCY POLICY),RIVER / RUNNING SURFACE WATER,3130,Metoxuron,<0.01,MICROGRAM PER LITRE
https://environment.data.gov.uk/water-quality/sampling-point/TH-RSN0018/sample/1356686/observation/3341,TH-RSN0018,RSN0018 RIVER THAMES AT MAGNA CARTA,-0.562,51.4448,Thames,THAMES - WEST THAMES,Multiple Values,OPEN,FRESHWATER - RIVERS,2021-06-11T11:40:00,MONITORING  (NATIONAL AGENCY POLICY),RIVER / RUNNING SURFACE WATER,3341,4-Chloro-2-methylphenol :- {p-Chloro-o-cresol},<0.05,MICROGRAM PER LITRE
https://environment.data.gov.uk/water-quality/sampling-point/TH-RSN0018/sample/1356686/observation/3377,TH-RSN0018,RSN0018 RIVER THAMES AT MAGNA CARTA,-0.562,51.4448,Thames,THAMES - WEST THAMES,Multiple Values,OPEN,FRESHWATER - RIVERS,2021-06-11T11:40:00,MONITORING  (NATIONAL AGENCY POLICY),RIVER / RUNNING SURFACE WATER,3377,Lead : BLM Bioavailable,0.02,MICROGRAM PER LITRE
https://environment.data.gov.uk/water-quality/sampling-point/TH-RSN0018/sample/1356686/observation/3399,TH-RSN0018,RSN0018 RIVER THAMES AT MAGNA CARTA,-0.562,51.4448,Thames,THAMES - WEST THAMES,Multiple Values,OPEN,FRESHWATER - RIVERS,2021-06-11T11:40:00,MONITORING  (NATIONAL AGENCY POLICY),RIVER / RUNNING SURFACE WATER,3399,Chloroxuron,<0.01,MICROGRAM PER LITRE
https://environment.data.gov.uk/water-quality/sampling-point/TH-RSN0018/sample/1356686/observation/3400,TH-RSN0018,RSN0018 RIVER THAMES AT MAGNA CARTA,-0.562,51.4448,Thames,THAMES - WEST THAMES,Multiple Values,OPEN,FRESHWATER - RIVERS,2021-06-11T11:40:00,MONITORING  (NATIONAL AGENCY POLICY),RIVER / RUNNING SURFACE WATER,3400,Monuron,<0.01,MICROGRAM PER LITRE
https://environment.data.gov.uk/water-quality/sampling-point/TH-RSN0018/sample/1356686/observation/3408,TH-RSN0018,RSN0018 RIVER THAMES AT MAGNA CARTA,-0.562,51.4448,Thames,THAMES - WEST THAMES,Multiple Values,OPEN,FRESHWATER - RIVERS,2021-06-11T11:40:00,MONITORING  (NATIONAL AGENCY POLICY),RIVER / RUNNING SURFACE WATER,3408,"Zinc, Dissolved",2.6,MICROGRAM PER LITRE
https://environment.data.gov.uk/water-quality/sampling-point/TH-RSN0018/sample/1356686/observation/3409,TH-RSN0018,RSN0018 RIVER THAMES AT MAGNA CARTA,-0.562,51.4448,Thames,THAMES - WEST THAMES,Multiple Values,OPEN,FRESHWATER - RIVERS,2021-06-11T11:40:00,MONITORING  (NATIONAL AGENCY POLICY),RIVER / RUNNING SURFACE WATER,3409,"Chromium, Dissolved",<0.5,MICROGRAM PER LITRE
https://environment.data.gov.uk/water-quality/sampling-point/TH-RSN0018/sample/1356686/observation/3410,TH-RSN0018,RSN0018 RIVER THAMES AT MAGNA CARTA,-0.562,51.4448,Thames,THAMES - WEST THAMES,Multiple Values,OPEN,FRESHWATER - RIVERS,2021-06-11T11:40:00,MONITORING  (NATIONAL AGENCY POLICY),RIVER / RUNNING SURFACE WATER,3410,"Nickel, Dissolved",1.6,MICROGRAM PER LITRE
https://environment.data.gov.uk/water-quality/sampling-point/TH-RSN0018/sample/1356686/observation/3475,TH-RSN0018,RSN0018 RIVER THAMES AT MAGNA CARTA,-0.562,51.4448,Thames,THAMES - WEST THAMES,Multiple Values,OPEN,FRESHWATER - RIVERS,2021-06-11T11:40:00,MONITORING  (NATIONAL AGENCY POLICY),RIVER / RUNNING SURFACE WATER,3475,Carbendazim,<0.01,MICROGRAM PER LITRE
https://environment.data.gov.uk/water-quality/sampling-point/TH-RSN0018/sample/1356686/observation/3545,TH-RSN0018,RSN0018 RIVER THAMES AT MAGNA CARTA,-0.562,51.4448,Thames,THAMES - WEST THAMES,Multiple Values,OPEN,FRESHWATER - RIVERS,2021-06-11T11:40:00,MONITORING  (NATIONAL AGENCY POLICY),RIVER / RUNNING SURFACE WATER,3545,"2,4-D :- {2,4-Dichlorophenoxyacetic acid}",0.0069,MICROGRAM PER LITRE
https://environment.data.gov.uk/water-quality/sampling-point/TH-RSN0018/sample/1356686/observation/3546,TH-RSN0018,RSN0018 RIVER THAMES AT MAGNA CARTA,-0.562,51.4448,Thames,THAMES - WEST THAMES,Multiple Values,OPEN,FRESHWATER - RIVERS,2021-06-11T11:40:00,MONITORING  (NATIONAL AGENCY POLICY),RIVER / RUNNING SURFACE WATER,3546,"2,4,5-T :- {2,4,5-Trichlorophenoxyacetic acid}",<0.005,MICROGRAM PER LITRE
https://environment.data.gov.uk/water-quality/sampling-point/TH-RSN0018/sample/1356686/observation/3547,TH-RSN0018,RSN0018 RIVER THAMES AT MAGNA CARTA,-0.562,51.4448,Thames,THAMES - WEST THAMES,Multiple Values,OPEN,FRESHWATER - RIVERS,2021-06-11T11:40:00,MONITORING  (NATIONAL AGENCY POLICY),RIVER / RUNNING SURFACE WATER,3547,4-Chlorophenoxyacetic acid,<0.005,MICROGRAM PER LITRE
https://environment.data.gov.uk/water-quality/sampling-point/TH-RSN0018/sample/1356686/observation/3548,TH-RSN0018,RSN0018 RIVER THAMES AT MAGNA CARTA,-0.562,51.4448,Thames,THAMES - WEST THAMES,Multiple Values,OPEN,FRESHWATER - RIVERS,2021-06-11T11:40:00,MONITORING  (NATIONAL AGENCY POLICY),RIVER / RUNNING SURFACE WATER,3548,MCPA :- {4-Chloro-2-methylphenoxyacetic acid} ,0.0062,MICROGRAM PER LITRE
https://environment.data.gov.uk/water-quality/sampling-point/TH-RSN0018/sample/1356686/observation/3549,TH-RSN0018,RSN0018 RIVER THAMES AT MAGNA CARTA,-0.562,51.4448,Thames,THAMES - WEST THAMES,Multiple Values,OPEN,FRESHWATER - RIVERS,2021-06-11T11:40:00,MONITORING  (NATIONAL AGENCY POLICY),RIVER / RUNNING SURFACE WATER,3549,Mecoprop,0.0075,MICROGRAM PER LITRE
https://environment.data.gov.uk/water-quality/sampling-point/TH-RSN0018/sample/1356686/observation/3550,TH-RSN0018,RSN0018 RIVER THAMES AT MAGNA CARTA,-0.562,51.4448,Thames,THAMES - WEST THAMES,Multiple Values,OPEN,FRESHWATER - RIVERS,2021-06-11T11:40:00,MONITORING  (NATIONAL AGENCY POLICY),RIVER / RUNNING SURFACE WATER,3550,Dicamba,<0.01,MICROGRAM PER LITRE
https://environment.data.gov.uk/water-quality/sampling-point/TH-RSN0018/sample/1356686/observation/3551,TH-RSN0018,RSN0018 RIVER THAMES AT MAGNA CARTA,-0.562,51.4448,Thames,THAMES - WEST THAMES,Multiple Values,OPEN,FRESHWATER - RIVERS,2021-06-11T11:40:00,MONITORING  (NATIONAL AGENCY POLICY),RIVER / RUNNING SURFACE WATER,3551,"Dichlorprop :- {2,4-DP}",<0.005,MICROGRAM PER LITRE
https://environment.data.gov.uk/water-quality/sampling-point/TH-RSN0018/sample/1356686/observation/3552,TH-RSN0018,RSN0018 RIVER THAMES AT MAGNA CARTA,-0.562,51.4448,Thames,THAMES - WEST THAMES,Multiple Values,OPEN,FRESHWATER - RIVERS,2021-06-11T11:40:00,MONITORING  (NATIONAL AGENCY POLICY),RIVER / RUNNING SURFACE WATER,3552,Fenoprop,<0.005,MICROGRAM PER LITRE
https://environment.data.gov.uk/water-quality/sampling-point/TH-RSN0018/sample/1356686/observation/3555,TH-RSN0018,RSN0018 RIVER THAMES AT MAGNA CARTA,-0.562,51.4448,Thames,THAMES - WEST THAMES,Multiple Values,OPEN,FRESHWATER - RIVERS,2021-06-11T11:40:00,MONITORING  (NATIONAL AGENCY POLICY),RIVER / RUNNING SURFACE WATER,3555,Triclopyr,<0.005,MICROGRAM PER LITRE
https://environment.data.gov.uk/water-quality/sampling-point/TH-RSN0018/sample/1356686/observation/3790,TH-RSN0018,RSN0018 RIVER THAMES AT MAGNA CARTA,-0.562,51.4448,Thames,THAMES - WEST THAMES,Multiple Values,OPEN,FRESHWATER - RIVERS,2021-06-11T11:40:00,MONITORING  (NATIONAL AGENCY POLICY),RIVER / RUNNING SURFACE WATER,3790,MCPB :- {4-Chloro-2-methylphenoxybutyric acid},<0.005,MICROGRAM PER LITRE
https://environment.data.gov.uk/water-quality/sampling-point/TH-RSN0018/sample/1356686/observation/3791,TH-RSN0018,RSN0018 RIVER THAMES AT MAGNA CARTA,-0.562,51.4448,Thames,THAMES - WEST THAMES,Multiple Values,OPEN,FRESHWATER - RIVERS,2021-06-11T11:40:00,MONITORING  (NATIONAL AGENCY POLICY),RIVER / RUNNING SURFACE WATER,3791,"2,4-DB :- {4-(2,4-dichlorophenoxy)butyric acid}",<0.005,MICROGRAM PER LITRE
https://environment.data.gov.uk/water-quality/sampling-point/TH-RSN0018/sample/1356686/observation/3792,TH-RSN0018,RSN0018 RIVER THAMES AT MAGNA CARTA,-0.562,51.4448,Thames,THAMES - WEST THAMES,Multiple Values,OPEN,FRESHWATER - RIVERS,2021-06-11T11:40:00,MONITORING  (NATIONAL AGENCY POLICY),RIVER / RUNNING SURFACE WATER,3792,Benazolin,<0.005,MICROGRAM PER LITRE
https://environment.data.gov.uk/water-quality/sampling-point/TH-RSN0018/sample/1356686/observation/3811,TH-RSN0018,RSN0018 RIVER THAMES AT MAGNA CARTA,-0.562,51.4448,Thames,THAMES - WEST THAMES,Multiple Values,OPEN,FRESHWATER - RIVERS,2021-06-11T11:40:00,MONITORING  (NATIONAL AGENCY POLICY),RIVER / RUNNING SURFACE WATER,3811,Diuron,<0.01,MICROGRAM PER LITRE
https://environment.data.gov.uk/water-quality/sampling-point/TH-RSN0018/sample/1356686/observation/3878,TH-RSN0018,RSN0018 RIVER THAMES AT MAGNA CARTA,-0.562,51.4448,Thames,THAMES - WEST THAMES,Multiple Values,OPEN,FRESHWATER - RIVERS,2021-06-11T11:40:00,MONITORING  (NATIONAL AGENCY POLICY),RIVER / RUNNING SURFACE WATER,3878,Nickel : BLM Bioavailable,1.2,MICROGRAM PER LITRE
https://environment.data.gov.uk/water-quality/sampling-point/TH-RSN0018/sample/1356686/observation/3925,TH-RSN0018,RSN0018 RIVER THAMES AT MAGNA CARTA,-0.562,51.4448,Thames,THAMES - WEST THAMES,Multiple Values,OPEN,FRESHWATER - RIVERS,2021-06-11T11:40:00,MONITORING  (NATIONAL AGENCY POLICY),RIVER / RUNNING SURFACE WATER,3925,Monolinuron,<0.01,MICROGRAM PER LITRE
https://environment.data.gov.uk/water-quality/sampling-point/TH-RSN0018/sample/1356686/observation/4064,TH-RSN0018,RSN0018 RIVER THAMES AT MAGNA CARTA,-0.562,51.4448,Thames,THAMES - WEST THAMES,Multiple Values,OPEN,FRESHWATER - RIVERS,2021-06-11T11:40:00,MONITORING  (NATIONAL AGENCY POLICY),RIVER / RUNNING SURFACE WATER,4064,Fluroxypyr,<0.005,MICROGRAM PER LITRE
https://environment.data.gov.uk/water-quality/sampling-point/TH-RSN0018/sample/1356686/observation/4065,TH-RSN0018,RSN0018 RIVER THAMES AT MAGNA CARTA,-0.562,51.4448,Thames,THAMES - WEST THAMES,Multiple Values,OPEN,FRESHWATER - RIVERS,2021-06-11T11:40:00,MONITORING  (NATIONAL AGENCY POLICY),RIVER / RUNNING SURFACE WATER,4065,Bentazone,0.013,MICROGRAM PER LITRE
https://environment.data.gov.uk/water-quality/sampling-point/TH-RSN0018/sample/1356686/observation/4201,TH-RSN0018,RSN0018 RIVER THAMES AT MAGNA CARTA,-0.562,51.4448,Thames,THAMES - WEST THAMES,Multiple Values,OPEN,FRESHWATER - RIVERS,2021-06-11T11:40:00,MONITORING  (NATIONAL AGENCY POLICY),RIVER / RUNNING SURFACE WATER,4201,"Lithium, Dissolved",<100,MICROGRAM PER LITRE
https://environment.data.gov.uk/water-quality/sampling-point/TH-RSN0018/sample/1356686/observation/4820,TH-RSN0018,RSN0018 RIVER THAMES AT MAGNA CARTA,-0.562,51.4448,Thames,THAMES - WEST THAMES,Multiple Values,OPEN,FRESHWATER - RIVERS,2021-06-11T11:40:00,MONITORING  (NATIONAL AGENCY POLICY),RIVER / RUNNING SURFACE WATER,4820,Manganese : BLM Bioavailable,5,MICROGRAM PER LITRE
https://environment.data.gov.uk/water-quality/sampling-point/TH-RSN0018/sample/1356686/observation/4821,TH-RSN0018,RSN0018 RIVER THAMES AT MAGNA CARTA,-0.562,51.4448,Thames,THAMES - WEST THAMES,Multiple Values,OPEN,FRESHWATER - RIVERS,2021-06-11T11:40:00,MONITORING  (NATIONAL AGENCY POLICY),RIVER / RUNNING SURFACE WATER,4821,Copper : BLM Bioavailable,0.43,MICROGRAM PER LITRE
https://environment.data.gov.uk/water-quality/sampling-point/TH-RSN0018/sample/1356686/observation/4822,TH-RSN0018,RSN0018 RIVER THAMES AT MAGNA CARTA,-0.562,51.4448,Thames,THAMES - WEST THAMES,Multiple Values,OPEN,FRESHWATER - RIVERS,2021-06-11T11:40:00,MONITORING  (NATIONAL AGENCY POLICY),RIVER / RUNNING SURFACE WATER,4822,Zinc : BLM Bioavailable,1.2,MICROGRAM PER LITRE
https://environment.data.gov.uk/water-quality/sampling-point/TH-RSN0018/sample/1356686/observation/4994,TH-RSN0018,RSN0018 RIVER THAMES AT MAGNA CARTA,-0.562,51.4448,Thames,THAMES - WEST THAMES,Multiple Values,OPEN,FRESHWATER - RIVERS,2021-06-11T11:40:00,MONITORING  (NATIONAL AGENCY POLICY),RIVER / RUNNING SURFACE WATER,4994,GCMS Screen : Target Based multi-residue screening : Semi Quantitative,1,Text Result
https://environment.data.gov.uk/water-quality/sampling-point/TH-RSN0018/sample/1356686/observation/5042,TH-RSN0018,RSN0018 RIVER THAMES AT MAGNA CARTA,-0.562,51.4448,Thames,THAMES - WEST THAMES,Multiple Values,OPEN,FRESHWATER - RIVERS,2021-06-11T11:40:00,MONITORING  (NATIONAL AGENCY POLICY),RIVER / RUNNING SURFACE WATER,5042,Sulcotrione,<0.1,MICROGRAM PER LITRE
https://environment.data.gov.uk/water-quality/sampling-point/TH-RSN0018/sample/1356686/observation/5047,TH-RSN0018,RSN0018 RIVER THAMES AT MAGNA CARTA,-0.562,51.4448,Thames,THAMES - WEST THAMES,Multiple Values,OPEN,FRESHWATER - RIVERS,2021-06-11T11:40:00,MONITORING  (NATIONAL AGENCY POLICY),RIVER / RUNNING SURFACE WATER,5047,Ethirimol,<0.05,MICROGRAM PER LITRE
https://environment.data.gov.uk/water-quality/sampling-point/TH-RSN0018/sample/1356686/observation/5050,TH-RSN0018,RSN0018 RIVER THAMES AT MAGNA CARTA,-0.562,51.4448,Thames,THAMES - WEST THAMES,Multiple Values,OPEN,FRESHWATER - RIVERS,2021-06-11T11:40:00,MONITORING  (NATIONAL AGENCY POLICY),RIVER / RUNNING SURFACE WATER,5050,Azoxystrobin,<0.02,MICROGRAM PER LITRE
https://environment.data.gov.uk/water-quality/sampling-point/TH-RSN0018/sample/1356686/observation/5446,TH-RSN0018,RSN0018 RIVER THAMES AT MAGNA CARTA,-0.562,51.4448,Thames,THAMES - WEST THAMES,Multiple Values,OPEN,FRESHWATER - RIVERS,2021-06-11T11:40:00,MONITORING  (NATIONAL AGENCY POLICY),RIVER / RUNNING SURFACE WATER,5446,Cypermethrin Identification,1,Text Result
https://environment.data.gov.uk/water-quality/sampling-point/TH-RSN0018/sample/1356686/observation/5732,TH-RSN0018,RSN0018 RIVER THAMES AT MAGNA CARTA,-0.562,51.4448,Thames,THAMES - WEST THAMES,Multiple Values,OPEN,FRESHWATER - RIVERS,2021-06-11T11:40:00,MONITORING  (NATIONAL AGENCY POLICY),RIVER / RUNNING SURFACE WATER,5732,Triphenyl Tin as Cation,<0.0002,MICROGRAM PER LITRE
https://environment.data.gov.uk/water-quality/sampling-point/TH-RSN0018/sample/1356686/observation/5889,TH-RSN0018,RSN0018 RIVER THAMES AT MAGNA CARTA,-0.562,51.4448,Thames,THAMES - WEST THAMES,Multiple Values,OPEN,FRESHWATER - RIVERS,2021-06-11T11:40:00,MONITORING  (NATIONAL AGENCY POLICY),RIVER / RUNNING SURFACE WATER,5889,Triclosan,<0.01,MICROGRAM PER LITRE
https://environment.data.gov.uk/water-quality/sampling-point/TH-RSN0018/sample/1356686/observation/6037,TH-RSN0018,RSN0018 RIVER THAMES AT MAGNA CARTA,-0.562,51.4448,Thames,THAMES - WEST THAMES,Multiple Values,OPEN,FRESHWATER - RIVERS,2021-06-11T11:40:00,MONITORING  (NATIONAL AGENCY POLICY),RIVER / RUNNING SURFACE WATER,6037,"Aluminium, Dissolved",<10,MICROGRAM PER LITRE
https://environment.data.gov.uk/water-quality/sampling-point/TH-RSN0018/sample/1356686/observation/6399,TH-RSN0018,RSN0018 RIVER THAMES AT MAGNA CARTA,-0.562,51.4448,Thames,THAMES - WEST THAMES,Multiple Values,OPEN,FRESHWATER - RIVERS,2021-06-11T11:40:00,MONITORING  (NATIONAL AGENCY POLICY),RIVER / RUNNING SURFACE WATER,6399,Benzo(a)Pyrene,<0.01,MICROGRAM PER LITRE
https://environment.data.gov.uk/water-quality/sampling-point/TH-RSN0018/sample/1356686/observation/6449,TH-RSN0018,RSN0018 RIVER THAMES AT MAGNA CARTA,-0.562,51.4448,Thames,THAMES - WEST THAMES,Multiple Values,OPEN,FRESHWATER - RIVERS,2021-06-11T11:40:00,MONITORING  (NATIONAL AGENCY POLICY),RIVER / RUNNING SURFACE WATER,6449,Bromoxynil,<0.005,MICROGRAM PER LITRE
https://environment.data.gov.uk/water-quality/sampling-point/TH-RSN0018/sample/1356686/observation/6450,TH-RSN0018,RSN0018 RIVER THAMES AT MAGNA CARTA,-0.562,51.4448,Thames,THAMES - WEST THAMES,Multiple Values,OPEN,FRESHWATER - RIVERS,2021-06-11T11:40:00,MONITORING  (NATIONAL AGENCY POLICY),RIVER / RUNNING SURFACE WATER,6450,"Copper, Dissolved",2.3,MICROGRAM PER LITRE
https://environment.data.gov.uk/water-quality/sampling-point/TH-RSN0018/sample/1356686/observation/6458,TH-RSN0018,RSN0018 RIVER THAMES AT MAGNA CARTA,-0.562,51.4448,Thames,THAMES - WEST THAMES,Multiple Values,OPEN,FRESHWATER - RIVERS,2021-06-11T11:40:00,MONITORING  (NATIONAL AGENCY POLICY),RIVER / RUNNING SURFACE WATER,6458,"Manganese, Dissolved",<10,MICROGRAM PER LITRE
https://environment.data.gov.uk/water-quality/sampling-point/TH-RSN0018/sample/1356686/observation/6460,TH-RSN0018,RSN0018 RIVER THAMES AT MAGNA CARTA,-0.562,51.4448,Thames,THAMES - WEST THAMES,Multiple Values,OPEN,FRESHWATER - RIVERS,2021-06-11T11:40:00,MONITORING  (NATIONAL AGENCY POLICY),RIVER / RUNNING SURFACE WATER,6460,"Iron, Dissolved",<30,MICROGRAM PER LITRE
https://environment.data.gov.uk/water-quality/sampling-point/TH-RSN0018/sample/1356686/observation/6620,TH-RSN0018,RSN0018 RIVER THAMES AT MAGNA CARTA,-0.562,51.4448,Thames,THAMES - WEST THAMES,Multiple Values,OPEN,FRESHWATER - RIVERS,2021-06-11T11:40:00,MONITORING  (NATIONAL AGENCY POLICY),RIVER / RUNNING SURFACE WATER,6620,Clopyralid,<0.005,MICROGRAM PER LITRE
https://environment.data.gov.uk/water-quality/sampling-point/TH-RSN0018/sample/1356686/observation/6671,TH-RSN0018,RSN0018 RIVER THAMES AT MAGNA CARTA,-0.562,51.4448,Thames,THAMES - WEST THAMES,Multiple Values,OPEN,FRESHWATER - RIVERS,2021-06-11T11:40:00,MONITORING  (NATIONAL AGENCY POLICY),RIVER / RUNNING SURFACE WATER,6671,Phenoxyacetic acid :- {PAA},0.025,MICROGRAM PER LITRE
https://environment.data.gov.uk/water-quality/sampling-point/TH-RSN0018/sample/1356686/observation/6672,TH-RSN0018,RSN0018 RIVER THAMES AT MAGNA CARTA,-0.562,51.4448,Thames,THAMES - WEST THAMES,Multiple Values,OPEN,FRESHWATER - RIVERS,2021-06-11T11:40:00,MONITORING  (NATIONAL AGENCY POLICY),RIVER / RUNNING SURFACE WATER,6672,4-Phenoxybutyric acid :- {PBA},<0.005,MICROGRAM PER LITRE
https://environment.data.gov.uk/water-quality/sampling-point/TH-RSN0018/sample/1356686/observation/6673,TH-RSN0018,RSN0018 RIVER THAMES AT MAGNA CARTA,-0.562,51.4448,Thames,THAMES - WEST THAMES,Multiple Values,OPEN,FRESHWATER - RIVERS,2021-06-11T11:40:00,MONITORING  (NATIONAL AGENCY POLICY),RIVER / RUNNING SURFACE WATER,6673,2-Phenoxypropionic acid :- {PPA},<0.005,MICROGRAM PER LITRE
https://environment.data.gov.uk/water-quality/sampling-point/TH-RSN0018/sample/1356686/observation/6693,TH-RSN0018,RSN0018 RIVER THAMES AT MAGNA CARTA,-0.562,51.4448,Thames,THAMES - WEST THAMES,Multiple Values,OPEN,FRESHWATER - RIVERS,2021-06-11T11:40:00,MONITORING  (NATIONAL AGENCY POLICY),RIVER / RUNNING SURFACE WATER,6693,"Strontium, Filtered",340,MICROGRAM PER LITRE
https://environment.data.gov.uk/water-quality/sampling-point/TH-RSN0018/sample/1356686/observation/6724,TH-RSN0018,RSN0018 RIVER THAMES AT MAGNA CARTA,-0.562,51.4448,Thames,THAMES - WEST THAMES,Multiple Values,OPEN,FRESHWATER - RIVERS,2021-06-11T11:40:00,MONITORING  (NATIONAL AGENCY POLICY),RIVER / RUNNING SURFACE WATER,6724,Di(2-ethylhexyl) phthalate :- {DEHP},<0.2,MICROGRAM PER LITRE
https://environment.data.gov.uk/water-quality/sampling-point/TH-RSN0018/sample/1356686/observation/6760,TH-RSN0018,RSN0018 RIVER THAMES AT MAGNA CARTA,-0.562,51.4448,Thames,THAMES - WEST THAMES,Multiple Values,OPEN,FRESHWATER - RIVERS,2021-06-11T11:40:00,MONITORING  (NATIONAL AGENCY POLICY),RIVER / RUNNING SURFACE WATER,6760,Chloridazon,<0.01,MICROGRAM PER LITRE
https://environment.data.gov.uk/water-quality/sampling-point/TH-RSN0018/sample/1356686/observation/6955,TH-RSN0018,RSN0018 RIVER THAMES AT MAGNA CARTA,-0.562,51.4448,Thames,THAMES - WEST THAMES,Multiple Values,OPEN,FRESHWATER - RIVERS,2021-06-11T11:40:00,MONITORING  (NATIONAL AGENCY POLICY),RIVER / RUNNING SURFACE WATER,6955,Ethiofencarb,<0.005,MICROGRAM PER LITRE
https://environment.data.gov.uk/water-quality/sampling-point/TH-RSN0018/sample/1356686/observation/6971,TH-RSN0018,RSN0018 RIVER THAMES AT MAGNA CARTA,-0.562,51.4448,Thames,THAMES - WEST THAMES,Multiple Values,OPEN,FRESHWATER - RIVERS,2021-06-11T11:40:00,MONITORING  (NATIONAL AGENCY POLICY),RIVER / RUNNING SURFACE WATER,6971,Methiocarb,<0.001,MICROGRAM PER LITRE
https://environment.data.gov.uk/water-quality/sampling-point/TH-RSN0018/sample/1356686/observation/6972,TH-RSN0018,RSN0018 RIVER THAMES AT MAGNA CARTA,-0.562,51.4448,Thames,THAMES - WEST THAMES,Multiple Values,OPEN,FRESHWATER - RIVERS,2021-06-11T11:40:00,MONITORING  (NATIONAL AGENCY POLICY),RIVER / RUNNING SURFACE WATER,6972,Methomyl,<0.005,MICROGRAM PER LITRE
https://environment.data.gov.uk/water-quality/sampling-point/TH-RSN0018/sample/1356686/observation/6980,TH-RSN0018,RSN0018 RIVER THAMES AT MAGNA CARTA,-0.562,51.4448,Thames,THAMES - WEST THAMES,Multiple Values,OPEN,FRESHWATER - RIVERS,2021-06-11T11:40:00,MONITORING  (NATIONAL AGENCY POLICY),RIVER / RUNNING SURFACE WATER,6980,Oxamyl,<0.005,MICROGRAM PER LITRE
https://environment.data.gov.uk/water-quality/sampling-point/TH-RSN0018/sample/1356686/observation/6987,TH-RSN0018,RSN0018 RIVER THAMES AT MAGNA CARTA,-0.562,51.4448,Thames,THAMES - WEST THAMES,Multiple Values,OPEN,FRESHWATER - RIVERS,2021-06-11T11:40:00,MONITORING  (NATIONAL AGENCY POLICY),RIVER / RUNNING SURFACE WATER,6987,Propoxur,<0.005,MICROGRAM PER LITRE
https://environment.data.gov.uk/water-quality/sampling-point/TH-RSN0018/sample/1356686/observation/7025,TH-RSN0018,RSN0018 RIVER THAMES AT MAGNA CARTA,-0.562,51.4448,Thames,THAMES - WEST THAMES,Multiple Values,OPEN,FRESHWATER - RIVERS,2021-06-11T11:40:00,MONITORING  (NATIONAL AGENCY POLICY),RIVER / RUNNING SURFACE WATER,7025,Imazapyr,<0.005,MICROGRAM PER LITRE
https://environment.data.gov.uk/water-quality/sampling-point/TH-RSN0018/sample/1356686/observation/7053,TH-RSN0018,RSN0018 RIVER THAMES AT MAGNA CARTA,-0.562,51.4448,Thames,THAMES - WEST THAMES,Multiple Values,OPEN,FRESHWATER - RIVERS,2021-06-11T11:40:00,MONITORING  (NATIONAL AGENCY POLICY),RIVER / RUNNING SURFACE WATER,7053,Methabenzthiazuron,<0.01,MICROGRAM PER LITRE
https://environment.data.gov.uk/water-quality/sampling-point/TH-RSN0018/sample/1356686/observation/7125,TH-RSN0018,RSN0018 RIVER THAMES AT MAGNA CARTA,-0.562,51.4448,Thames,THAMES - WEST THAMES,Multiple Values,OPEN,FRESHWATER - RIVERS,2021-06-11T11:40:00,MONITORING  (NATIONAL AGENCY POLICY),RIVER / RUNNING SURFACE WATER,7125,Aminomethylphosphonic acid,0.32,MICROGRAM PER LITRE
https://environment.data.gov.uk/water-quality/sampling-point/TH-RSN0018/sample/1356686/observation/7726,TH-RSN0018,RSN0018 RIVER THAMES AT MAGNA CARTA,-0.562,51.4448,Thames,THAMES - WEST THAMES,Multiple Values,OPEN,FRESHWATER - RIVERS,2021-06-11T11:40:00,MONITORING  (NATIONAL AGENCY POLICY),RIVER / RUNNING SURFACE WATER,7726,"2,3,6-TBA :- {2,3,6-Trichlorobenzoic acid}",<0.02,MICROGRAM PER LITRE
https://environment.data.gov.uk/water-quality/sampling-point/TH-RSN0018/sample/1356686/observation/7859,TH-RSN0018,RSN0018 RIVER THAMES AT MAGNA CARTA,-0.562,51.4448,Thames,THAMES - WEST THAMES,Multiple Values,OPEN,FRESHWATER - RIVERS,2021-06-11T11:40:00,MONITORING  (NATIONAL AGENCY POLICY),RIVER / RUNNING SURFACE WATER,7859,"Sulphate, Dissolved as SO4",46,MILLIGRAM PER LITRE
https://environment.data.gov.uk/water-quality/sampling-point/TH-RSN0018/sample/1356686/observation/8806,TH-RSN0018,RSN0018 RIVER THAMES AT MAGNA CARTA,-0.562,51.4448,Thames,THAMES - WEST THAMES,Multiple Values,OPEN,FRESHWATER - RIVERS,2021-06-11T11:40:00,MONITORING  (NATIONAL AGENCY POLICY),RIVER / RUNNING SURFACE WATER,8806,Aldicarb sulfoxide,<0.005,MICROGRAM PER LITRE
https://environment.data.gov.uk/water-quality/sampling-point/TH-RSN0018/sample/1356686/observation/8807,TH-RSN0018,RSN0018 RIVER THAMES AT MAGNA CARTA,-0.562,51.4448,Thames,THAMES - WEST THAMES,Multiple Values,OPEN,FRESHWATER - RIVERS,2021-06-11T11:40:00,MONITORING  (NATIONAL AGENCY POLICY),RIVER / RUNNING SURFACE WATER,8807,Aldoxycarb :- {Aldicarb Sulfone},<0.005,MICROGRAM PER LITRE
https://environment.data.gov.uk/water-quality/sampling-point/TH-RSN0018/sample/1356686/observation/8944,TH-RSN0018,RSN0018 RIVER THAMES AT MAGNA CARTA,-0.562,51.4448,Thames,THAMES - WEST THAMES,Multiple Values,OPEN,FRESHWATER - RIVERS,2021-06-11T11:40:00,MONITORING  (NATIONAL AGENCY POLICY),RIVER / RUNNING SURFACE WATER,8944,Tributyl Tin as Cation,<0.0002,MICROGRAM PER LITRE
https://environment.data.gov.uk/water-quality/sampling-point/TH-RSN0018/sample/1356686/observation/9068,TH-RSN0018,RSN0018 RIVER THAMES AT MAGNA CARTA,-0.562,51.4448,Thames,THAMES - WEST THAMES,Multiple Values,OPEN,FRESHWATER - RIVERS,2021-06-11T11:40:00,MONITORING  (NATIONAL AGENCY POLICY),RIVER / RUNNING SURFACE WATER,9068,Ioxynil,<0.005,MICROGRAM PER LITRE
https://environment.data.gov.uk/water-quality/sampling-point/TH-RSN0018/sample/1356686/observation/9073,TH-RSN0018,RSN0018 RIVER THAMES AT MAGNA CARTA,-0.562,51.4448,Thames,THAMES - WEST THAMES,Multiple Values,OPEN,FRESHWATER - RIVERS,2021-06-11T11:40:00,MONITORING  (NATIONAL AGENCY POLICY),RIVER / RUNNING SURFACE WATER,9073,Carbetamide,<0.01,MICROGRAM PER LITRE
https://environment.data.gov.uk/water-quality/sampling-point/TH-RSN0018/sample/1356686/observation/9190,TH-RSN0018,RSN0018 RIVER THAMES AT MAGNA CARTA,-0.562,51.4448,Thames,THAMES - WEST THAMES,Multiple Values,OPEN,FRESHWATER - RIVERS,2021-06-11T11:40:00,MONITORING  (NATIONAL AGENCY POLICY),RIVER / RUNNING SURFACE WATER,9190,4-Nonylphenol Branched,<0.04,MICROGRAM PER LITRE
https://environment.data.gov.uk/water-quality/sampling-point/TH-RSN0018/sample/1356686/observation/9267,TH-RSN0018,RSN0018 RIVER THAMES AT MAGNA CARTA,-0.562,51.4448,Thames,THAMES - WEST THAMES,Multiple Values,OPEN,FRESHWATER - RIVERS,2021-06-11T11:40:00,MONITORING  (NATIONAL AGENCY POLICY),RIVER / RUNNING SURFACE WATER,9267,4-tert-Octylphenol :- {p-tert-Octylphenol},<0.01,MICROGRAM PER LITRE
https://environment.data.gov.uk/water-quality/sampling-point/TH-RSN0018/sample/1356686/observation/9274,TH-RSN0018,RSN0018 RIVER THAMES AT MAGNA CARTA,-0.562,51.4448,Thames,THAMES - WEST THAMES,Multiple Values,OPEN,FRESHWATER - RIVERS,2021-06-11T11:40:00,MONITORING  (NATIONAL AGENCY POLICY),RIVER / RUNNING SURFACE WATER,9274,Perfluorooctanoate anion,0.0025,MICROGRAM PER LITRE
https://environment.data.gov.uk/water-quality/sampling-point/TH-RSN0018/sample/1356686/observation/9276,TH-RSN0018,RSN0018 RIVER THAMES AT MAGNA CARTA,-0.562,51.4448,Thames,THAMES - WEST THAMES,Multiple Values,OPEN,FRESHWATER - RIVERS,2021-06-11T11:40:00,MONITORING  (NATIONAL AGENCY POLICY),RIVER / RUNNING SURFACE WATER,9276,Perfluorooctylsulphonate anion,0.0058,MICROGRAM PER LITRE
https://environment.data.gov.uk/water-quality/sampling-point/TH-RSN0018/sample/1356686/observation/9339,TH-RSN0018,RSN0018 RIVER THAMES AT MAGNA CARTA,-0.562,51.4448,Thames,THAMES - WEST THAMES,Multiple Values,OPEN,FRESHWATER - RIVERS,2021-06-11T11:40:00,MONITORING  (NATIONAL AGENCY POLICY),RIVER / RUNNING SURFACE WATER,9339,Fenuron,<0.01,MICROGRAM PER LITRE
https://environment.data.gov.uk/water-quality/sampling-point/TH-RSN0018/sample/1356686/observation/9341,TH-RSN0018,RSN0018 RIVER THAMES AT MAGNA CARTA,-0.562,51.4448,Thames,THAMES - WEST THAMES,Multiple Values,OPEN,FRESHWATER - RIVERS,2021-06-11T11:40:00,MONITORING  (NATIONAL AGENCY POLICY),RIVER / RUNNING SURFACE WATER,9341,cis-Permethrin,<0.0001,MICROGRAM PER LITRE
https://environment.data.gov.uk/water-quality/sampling-point/TH-RSN0018/sample/1356686/observation/9342,TH-RSN0018,RSN0018 RIVER THAMES AT MAGNA CARTA,-0.562,51.4448,Thames,THAMES - WEST THAMES,Multiple Values,OPEN,FRESHWATER - RIVERS,2021-06-11T11:40:00,MONITORING  (NATIONAL AGENCY POLICY),RIVER / RUNNING SURFACE WATER,9342,trans-Permethrin,<0.0001,MICROGRAM PER LITRE
https://environment.data.gov.uk/water-quality/sampling-point/TH-RSN0018/sample/1356686/observation/9343,TH-RSN0018,RSN0018 RIVER THAMES AT MAGNA CARTA,-0.562,51.4448,Thames,THAMES - WEST THAMES,Multiple Values,OPEN,FRESHWATER - RIVERS,2021-06-11T11:40:00,MONITORING  (NATIONAL AGENCY POLICY),RIVER / RUNNING SURFACE WATER,9343,Carbaryl,<0.01,MICROGRAM PER LITRE
https://environment.data.gov.uk/water-quality/sampling-point/TH-RSN0018/sample/1356686/observation/9344,TH-RSN0018,RSN0018 RIVER THAMES AT MAGNA CARTA,-0.562,51.4448,Thames,THAMES - WEST THAMES,Multiple Values,OPEN,FRESHWATER - RIVERS,2021-06-11T11:40:00,MONITORING  (NATIONAL AGENCY POLICY),RIVER / RUNNING SURFACE WATER,9344,Aldicarb,<0.005,MICROGRAM PER LITRE
https://environment.data.gov.uk/water-quality/sampling-point/TH-RSN0018/sample/1356686/observation/9345,TH-RSN0018,RSN0018 RIVER THAMES AT MAGNA CARTA,-0.562,51.4448,Thames,THAMES - WEST THAMES,Multiple Values,OPEN,FRESHWATER - RIVERS,2021-06-11T11:40:00,MONITORING  (NATIONAL AGENCY POLICY),RIVER / RUNNING SURFACE WATER,9345,Diflurobenzuron,<0.01,MICROGRAM PER LITRE
https://environment.data.gov.uk/water-quality/sampling-point/TH-RSN0018/sample/1356686/observation/9348,TH-RSN0018,RSN0018 RIVER THAMES AT MAGNA CARTA,-0.562,51.4448,Thames,THAMES - WEST THAMES,Multiple Values,OPEN,FRESHWATER - RIVERS,2021-06-11T11:40:00,MONITORING  (NATIONAL AGENCY POLICY),RIVER / RUNNING SURFACE WATER,9348,Chlorotoluron,<0.01,MICROGRAM PER LITRE
https://environment.data.gov.uk/water-quality/sampling-point/TH-RSN0018/sample/1356686/observation/9446,TH-RSN0018,RSN0018 RIVER THAMES AT MAGNA CARTA,-0.562,51.4448,Thames,THAMES - WEST THAMES,Multiple Values,OPEN,FRESHWATER - RIVERS,2021-06-11T11:40:00,MONITORING  (NATIONAL AGENCY POLICY),RIVER / RUNNING SURFACE WATER,9446,"Barium, Dissolved",18,MICROGRAM PER LITRE
https://environment.data.gov.uk/water-quality/sampling-point/TH-RSN0018/sample/1356686/observation/9447,TH-RSN0018,RSN0018 RIVER THAMES AT MAGNA CARTA,-0.562,51.4448,Thames,THAMES - WEST THAMES,Multiple Values,OPEN,FRESHWATER - RIVERS,2021-06-11T11:40:00,MONITORING  (NATIONAL AGENCY POLICY),RIVER / RUNNING SURFACE WATER,9447,"Boron, Dissolved",<100,MICROGRAM PER LITRE
https://environment.data.gov.uk/water-quality/sampling-point/TH-RSN0018/sample/1356686/observation/9686,TH-RSN0018,RSN0018 RIVER THAMES AT MAGNA CARTA,-0.562,51.4448,Thames,THAMES - WEST THAMES,Multiple Values,OPEN,FRESHWATER - RIVERS,2021-06-11T11:40:00,MONITORING  (NATIONAL AGENCY POLICY),RIVER / RUNNING SURFACE WATER,9686,"Nitrogen, Total as N",7.1,MILLIGRAM PER LITRE
https://environment.data.gov.uk/water-quality/sampling-point/TH-RSN0018/sample/1356686/observation/9756,TH-RSN0018,RSN0018 RIVER THAMES AT MAGNA CARTA,-0.562,51.4448,Thames,THAMES - WEST THAMES,Multiple Values,OPEN,FRESHWATER - RIVERS,2021-06-11T11:40:00,MONITORING  (NATIONAL AGENCY POLICY),RIVER / RUNNING SURFACE WATER,9756,Neburon,<0.01,MICROGRAM PER LITRE
https://environment.data.gov.uk/water-quality/sampling-point/TH-RSN0018/sample/1356686/observation/9861,TH-RSN0018,RSN0018 RIVER THAMES AT MAGNA CARTA,-0.562,51.4448,Thames,THAMES - WEST THAMES,Multiple Values,OPEN,FRESHWATER - RIVERS,2021-06-11T11:40:00,MONITORING  (NATIONAL AGENCY POLICY),RIVER / RUNNING SURFACE WATER,9861,Metsulfuron-methyl,<0.01,MICROGRAM PER LITRE
https://environment.data.gov.uk/water-quality/sampling-point/TH-RSN0018/sample/1356686/observation/9883,TH-RSN0018,RSN0018 RIVER THAMES AT MAGNA CARTA,-0.562,51.4448,Thames,THAMES - WEST THAMES,Multiple Values,OPEN,FRESHWATER - RIVERS,2021-06-11T11:40:00,MONITORING  (NATIONAL AGENCY POLICY),RIVER / RUNNING SURFACE WATER,9883,Picloram,<0.005,MICROGRAM PER LITRE
https://environment.data.gov.uk/water-quality/sampling-point/TH-RSN0018/sample/1356686/observation/9889,TH-RSN0018,RSN0018 RIVER THAMES AT MAGNA CARTA,-0.562,51.4448,Thames,THAMES - WEST THAMES,Multiple Values,OPEN,FRESHWATER - RIVERS,2021-06-11T11:40:00,MONITORING  (NATIONAL AGENCY POLICY),RIVER / RUNNING SURFACE WATER,9889,Oestrone :- {E1},0.51,NANOGRAM PER LITRE
https://environment.data.gov.uk/water-quality/sampling-point/TH-RSN0018/sample/1356686/observation/9898,TH-RSN0018,RSN0018 RIVER THAMES AT MAGNA CARTA,-0.562,51.4448,Thames,THAMES - WEST THAMES,Multiple Values,OPEN,FRESHWATER - RIVERS,2021-06-11T11:40:00,MONITORING  (NATIONAL AGENCY POLICY),RIVER / RUNNING SURFACE WATER,9898,17beta oestradiol :- {E2},0.081,NANOGRAM PER LITRE
https://environment.data.gov.uk/water-quality/sampling-point/TH-RSN0018/sample/1356686/observation/9899,TH-RSN0018,RSN0018 RIVER THAMES AT MAGNA CARTA,-0.562,51.4448,Thames,THAMES - WEST THAMES,Multiple Values,OPEN,FRESHWATER - RIVERS,2021-06-11T11:40:00,MONITORING  (NATIONAL AGENCY POLICY),RIVER / RUNNING SURFACE WATER,9899,17alpha ethynyloestradiol :- {EE2},0.22,NANOGRAM PER LITRE
https://environment.data.gov.uk/water-quality/sampling-point/TH-RSN0018/sample/1356686/observation/9901,TH-RSN0018,RSN0018 RIVER THAMES AT MAGNA CARTA,-0.562,51.4448,Thames,THAMES - WEST THAMES,Multiple Values,OPEN,FRESHWATER - RIVERS,2021-06-11T11:40:00,MONITORING  (NATIONAL AGENCY POLICY),RIVER / RUNNING SURFACE WATER,9901,"Oxygen, Dissolved, % Saturation",98,PERCENTAGE
https://environment.data.gov.uk/water-quality/sampling-point/TH-RSN0018/sample/1356686/observation/9924,TH-RSN0018,RSN0018 RIVER THAMES AT MAGNA CARTA,-0.562,51.4448,Thames,THAMES - WEST THAMES,Multiple Values,OPEN,FRESHWATER - RIVERS,2021-06-11T11:40:00,MONITORING  (NATIONAL AGENCY POLICY),RIVER / RUNNING SURFACE WATER,9924,"Oxygen, Dissolved as O2",8.9,MILLIGRAM PER LITRE
https://environment.data.gov.uk/water-quality/sampling-point/TH-RSN0018/sample/1359928/observation/0052,TH-RSN0018,RSN0018 RIVER THAMES AT MAGNA CARTA,-0.562,51.4448,Thames,THAMES - WEST THAMES,Multiple Values,OPEN,FRESHWATER - RIVERS,2021-07-05T13:56:00,MONITORING  (NATIONAL AGENCY POLICY),RIVER / RUNNING SURFACE WATER,0052,"Lead, Dissolved",<0.1,MICROGRAM PER LITRE
https://environment.data.gov.uk/water-quality/sampling-point/TH-RSN0018/sample/1359928/observation/0061,TH-RSN0018,RSN0018 RIVER THAMES AT MAGNA CARTA,-0.562,51.4448,Thames,THAMES - WEST THAMES,Multiple Values,OPEN,FRESHWATER - RIVERS,2021-07-05T13:56:00,MONITORING  (NATIONAL AGENCY POLICY),RIVER / RUNNING SURFACE WATER,0061,pH,8.14,PH UNITS
https://environment.data.gov.uk/water-quality/sampling-point/TH-RSN0018/sample/1359928/observation/0073,TH-RSN0018,RSN0018 RIVER THAMES AT MAGNA CARTA,-0.562,51.4448,Thames,THAMES - WEST THAMES,Multiple Values,OPEN,FRESHWATER - RIVERS,2021-07-05T13:56:00,MONITORING  (NATIONAL AGENCY POLICY),RIVER / RUNNING SURFACE WATER,0073,Cypermethrin,<0.00001,MICROGRAM PER LITRE
https://environment.data.gov.uk/water-quality/sampling-point/TH-RSN0018/sample/1359928/observation/0076,TH-RSN0018,RSN0018 RIVER THAMES AT MAGNA CARTA,-0.562,51.4448,Thames,THAMES - WEST THAMES,Multiple Values,OPEN,FRESHWATER - RIVERS,2021-07-05T13:56:00,MONITORING  (NATIONAL AGENCY POLICY),RIVER / RUNNING SURFACE WATER,0076,Temperature of Water,18.8,CELSIUS
https://environment.data.gov.uk/water-quality/sampling-point/TH-RSN0018/sample/1359928/observation/0077,TH-RSN0018,RSN0018 RIVER THAMES AT MAGNA CARTA,-0.562,51.4448,Thames,THAMES - WEST THAMES,Multiple Values,OPEN,FRESHWATER - RIVERS,2021-07-05T13:56:00,MONITORING  (NATIONAL AGENCY POLICY),RIVER / RUNNING SURFACE WATER,0077,Conductivity at 25 C,661,MICROSIEMENS PER CENTIMETRE
https://environment.data.gov.uk/water-quality/sampling-point/TH-RSN0018/sample/1359928/observation/0106,TH-RSN0018,RSN0018 RIVER THAMES AT MAGNA CARTA,-0.562,51.4448,Thames,THAMES - WEST THAMES,Multiple Values,OPEN,FRESHWATER - RIVERS,2021-07-05T13:56:00,MONITORING  (NATIONAL AGENCY POLICY),RIVER / RUNNING SURFACE WATER,0106,"Cadmium, Dissolved",0.01,MICROGRAM PER LITRE
https://environment.data.gov.uk/water-quality/sampling-point/TH-RSN0018/sample/1359928/observation/0111,TH-RSN0018,RSN0018 RIVER THAMES AT MAGNA CARTA,-0.562,51.4448,Thames,THAMES - WEST THAMES,Multiple Values,OPEN,FRESHWATER - RIVERS,2021-07-05T13:56:00,MONITORING  (NATIONAL AGENCY POLICY),RIVER / RUNNING SURFACE WATER,0111,Ammoniacal Nitrogen as N,<0.03,MILLIGRAM PER LITRE
https://environment.data.gov.uk/water-quality/sampling-point/TH-RSN0018/sample/1359928/observation/0116,TH-RSN0018,RSN0018 RIVER THAMES AT MAGNA CARTA,-0.562,51.4448,Thames,THAMES - WEST THAMES,Multiple Values,OPEN,FRESHWATER - RIVERS,2021-07-05T13:56:00,MONITORING  (NATIONAL AGENCY POLICY),RIVER / RUNNING SURFACE WATER,0116,"Nitrogen, Total Oxidised as N",6.3,MILLIGRAM PER LITRE
https://environment.data.gov.uk/water-quality/sampling-point/TH-RSN0018/sample/1359928/observation/0117,TH-RSN0018,RSN0018 RIVER THAMES AT MAGNA CARTA,-0.562,51.4448,Thames,THAMES - WEST THAMES,Multiple Values,OPEN,FRESHWATER - RIVERS,2021-07-05T13:56:00,MONITORING  (NATIONAL AGENCY POLICY),RIVER / RUNNING SURFACE WATER,0117,Nitrate as N,6.28,MILLIGRAM PER LITRE
https://environment.data.gov.uk/water-quality/sampling-point/TH-RSN0018/sample/1359928/observation/0118,TH-RSN0018,RSN0018 RIVER THAMES AT MAGNA CARTA,-0.562,51.4448,Thames,THAMES - WEST THAMES,Multiple Values,OPEN,FRESHWATER - RIVERS,2021-07-05T13:56:00,MONITORING  (NATIONAL AGENCY POLICY),RIVER / RUNNING SURFACE WATER,0118,Nitrite as N,0.019,MILLIGRAM PER LITRE
https://environment.data.gov.uk/water-quality/sampling-point/TH-RSN0018/sample/1359928/observation/0119,TH-RSN0018,RSN0018 RIVER THAMES AT MAGNA CARTA,-0.562,51.4448,Thames,THAMES - WEST THAMES,Multiple Values,OPEN,FRESHWATER - RIVERS,2021-07-05T13:56:00,MONITORING  (NATIONAL AGENCY POLICY),RIVER / RUNNING SURFACE WATER,0119,Ammonia un-ionised as N,<0.00104,MILLIGRAM PER LITRE
https://environment.data.gov.uk/water-quality/sampling-point/TH-RSN0018/sample/1359928/observation/0158,TH-RSN0018,RSN0018 RIVER THAMES AT MAGNA CARTA,-0.562,51.4448,Thames,THAMES - WEST THAMES,Multiple Values,OPEN,FRESHWATER - RIVERS,2021-07-05T13:56:00,MONITORING  (NATIONAL AGENCY POLICY),RIVER / RUNNING SURFACE WATER,0158,"Hardness, Total as CaCO3",269,MILLIGRAM PER LITRE
https://environment.data.gov.uk/water-quality/sampling-point/TH-RSN0018/sample/1359928/observation/0162,TH-RSN0018,RSN0018 RIVER THAMES AT MAGNA CARTA,-0.562,51.4448,Thames,THAMES - WEST THAMES,Multiple Values,OPEN,FRESHWATER - RIVERS,2021-07-05T13:56:00,MONITORING  (NATIONAL AGENCY POLICY),RIVER / RUNNING SURFACE WATER,0162,Alkalinity to pH 4.5 as CaCO3,220,MILLIGRAM PER LITRE
https://environment.data.gov.uk/water-quality/sampling-point/TH-RSN0018/sample/1359928/observation/0163,TH-RSN0018,RSN0018 RIVER THAMES AT MAGNA CARTA,-0.562,51.4448,Thames,THAMES - WEST THAMES,Multiple Values,OPEN,FRESHWATER - RIVERS,2021-07-05T13:56:00,MONITORING  (NATIONAL AGENCY POLICY),RIVER / RUNNING SURFACE WATER,0163,"Hardness, Calcium",250,MILLIGRAM PER LITRE
https://environment.data.gov.uk/water-quality/sampling-point/TH-RSN0018/sample/1359928/observation/0172,TH-RSN0018,RSN0018 RIVER THAMES AT MAGNA CARTA,-0.562,51.4448,Thames,THAMES - WEST THAMES,Multiple Values,OPEN,FRESHWATER - RIVERS,2021-07-05T13:56:00,MONITORING  (NATIONAL AGENCY POLICY),RIVER / RUNNING SURFACE WATER,0172,Chloride,40,MILLIGRAM PER LITRE
https://environment.data.gov.uk/water-quality/sampling-point/TH-RSN0018/sample/1359928/observation/0180,TH-RSN0018,RSN0018 RIVER THAMES AT MAGNA CARTA,-0.562,51.4448,Thames,THAMES - WEST THAMES,Multiple Values,OPEN,FRESHWATER - RIVERS,2021-07-05T13:56:00,MONITORING  (NATIONAL AGENCY POLICY),RIVER / RUNNING SURFACE WATER,0180,"Orthophosphate, reactive as P",0.17,MILLIGRAM PER LITRE
https://environment.data.gov.uk/water-quality/sampling-point/TH-RSN0018/sample/1359928/observation/0182,TH-RSN0018,RSN0018 RIVER THAMES AT MAGNA CARTA,-0.562,51.4448,Thames,THAMES - WEST THAMES,Multiple Values,OPEN,FRESHWATER - RIVERS,2021-07-05T13:56:00,MONITORING  (NATIONAL AGENCY POLICY),RIVER / RUNNING SURFACE WATER,0182,"Silica, reactive as SiO2",13,MILLIGRAM PER LITRE
https://environment.data.gov.uk/water-quality/sampling-point/TH-RSN0018/sample/1359928/observation/0205,TH-RSN0018,RSN0018 RIVER THAMES AT MAGNA CARTA,-0.562,51.4448,Thames,THAMES - WEST THAMES,Multiple Values,OPEN,FRESHWATER - RIVERS,2021-07-05T13:56:00,MONITORING  (NATIONAL AGENCY POLICY),RIVER / RUNNING SURFACE WATER,0205,"Sodium, Dissolved",27,MILLIGRAM PER LITRE
https://environment.data.gov.uk/water-quality/sampling-point/TH-RSN0018/sample/1359928/observation/0209,TH-RSN0018,RSN0018 RIVER THAMES AT MAGNA CARTA,-0.562,51.4448,Thames,THAMES - WEST THAMES,Multiple Values,OPEN,FRESHWATER - RIVERS,2021-07-05T13:56:00,MONITORING  (NATIONAL AGENCY POLICY),RIVER / RUNNING SURFACE WATER,0209,"Potassium, Dissolved",5.5,MILLIGRAM PER LITRE
https://environment.data.gov.uk/water-quality/sampling-point/TH-RSN0018/sample/1359928/observation/0235,TH-RSN0018,RSN0018 RIVER THAMES AT MAGNA CARTA,-0.562,51.4448,Thames,THAMES - WEST THAMES,Multiple Values,OPEN,FRESHWATER - RIVERS,2021-07-05T13:56:00,MONITORING  (NATIONAL AGENCY POLICY),RIVER / RUNNING SURFACE WATER,0235,"Magnesium, Dissolved",4.6,MILLIGRAM PER LITRE
https://environment.data.gov.uk/water-quality/sampling-point/TH-RSN0018/sample/1359928/observation/0239,TH-RSN0018,RSN0018 RIVER THAMES AT MAGNA CARTA,-0.562,51.4448,Thames,THAMES - WEST THAMES,Multiple Values,OPEN,FRESHWATER - RIVERS,2021-07-05T13:56:00,MONITORING  (NATIONAL AGENCY POLICY),RIVER / RUNNING SURFACE WATER,0239,"Calcium, Dissolved",100,MILLIGRAM PER LITRE
https://environment.data.gov.uk/water-quality/sampling-point/TH-RSN0018/sample/1359928/observation/0301,TH-RSN0018,RSN0018 RIVER THAMES AT MAGNA CARTA,-0.562,51.4448,Thames,THAMES - WEST THAMES,Multiple Values,OPEN,FRESHWATER - RIVERS,2021-07-05T13:56:00,MONITORING  (NATIONAL AGENCY POLICY),RIVER / RUNNING SURFACE WATER,0301,"Carbon, Organic, Dissolved as C :- {DOC}",4,MILLIGRAM PER LITRE
https://environment.data.gov.uk/water-quality/sampling-point/TH-RSN0018/sample/1359928/observation/0348,TH-RSN0018,RSN0018 RIVER THAMES AT MAGNA CARTA,-0.562,51.4448,Thames,THAMES - WEST THAMES,Multiple Values,OPEN,FRESHWATER - RIVERS,2021-07-05T13:56:00,MONITORING  (NATIONAL AGENCY POLICY),RIVER / RUNNING SURFACE WATER,0348,"Phosphorus, Total as P",0.2,MILLIGRAM PER LITRE
https://environment.data.gov.uk/water-quality/sampling-point/TH-RSN0018/sample/1359928/observation/0714,TH-RSN0018,RSN0018 RIVER THAMES AT MAGNA CARTA,-0.562,51.4448,Thames,THAMES - WEST THAMES,Multiple Values,OPEN,FRESHWATER - RIVERS,2021-07-05T13:56:00,MONITORING  (NATIONAL AGENCY POLICY),RIVER / RUNNING SURFACE WATER,0714,"Benzo(g,h,i)Perylene",<0.01,MICROGRAM PER LITRE
https://environment.data.gov.uk/water-quality/sampling-point/TH-RSN0018/sample/1359928/observation/0731,TH-RSN0018,RSN0018 RIVER THAMES AT MAGNA CARTA,-0.562,51.4448,Thames,THAMES - WEST THAMES,Multiple Values,OPEN,FRESHWATER - RIVERS,2021-07-05T13:56:00,MONITORING  (NATIONAL AGENCY POLICY),RIVER / RUNNING SURFACE WATER,0731,Benzo(b)Fluoranthene,<0.01,MICROGRAM PER LITRE
https://environment.data.gov.uk/water-quality/sampling-point/TH-RSN0018/sample/1359928/observation/0733,TH-RSN0018,RSN0018 RIVER THAMES AT MAGNA CARTA,-0.562,51.4448,Thames,THAMES - WEST THAMES,Multiple Values,OPEN,FRESHWATER - RIVERS,2021-07-05T13:56:00,MONITORING  (NATIONAL AGENCY POLICY),RIVER / RUNNING SURFACE WATER,0733,Benzo(k)Fluoranthene,<0.01,MICROGRAM PER LITRE
https://environment.data.gov.uk/water-quality/sampling-point/TH-RSN0018/sample/1359928/observation/0736,TH-RSN0018,RSN0018 RIVER THAMES AT MAGNA CARTA,-0.562,51.4448,Thames,THAMES - WEST THAMES,Multiple Values,OPEN,FRESHWATER - RIVERS,2021-07-05T13:56:00,MONITORING  (NATIONAL AGENCY POLICY),RIVER / RUNNING SURFACE WATER,0736,Fluoranthene,<0.01,MICROGRAM PER LITRE
https://environment.data.gov.uk/water-quality/sampling-point/TH-RSN0018/sample/1359928/observation/0746,TH-RSN0018,RSN0018 RIVER THAMES AT MAGNA CARTA,-0.562,51.4448,Thames,THAMES - WEST THAMES,Multiple Values,OPEN,FRESHWATER - RIVERS,2021-07-05T13:56:00,MONITORING  (NATIONAL AGENCY POLICY),RIVER / RUNNING SURFACE WATER,0746,"Indeno(1,2,3-cd)pyrene",<0.01,MICROGRAM PER LITRE
https://environment.data.gov.uk/water-quality/sampling-point/TH-RSN0018/sample/1359928/observation/3004,TH-RSN0018,RSN0018 RIVER THAMES AT MAGNA CARTA,-0.562,51.4448,Thames,THAMES - WEST THAMES,Multiple Values,OPEN,FRESHWATER - RIVERS,2021-07-05T13:56:00,MONITORING  (NATIONAL AGENCY POLICY),RIVER / RUNNING SURFACE WATER,3004,Asulam,<0.02,MICROGRAM PER LITRE
https://environment.data.gov.uk/water-quality/sampling-point/TH-RSN0018/sample/1359928/observation/3007,TH-RSN0018,RSN0018 RIVER THAMES AT MAGNA CARTA,-0.562,51.4448,Thames,THAMES - WEST THAMES,Multiple Values,OPEN,FRESHWATER - RIVERS,2021-07-05T13:56:00,MONITORING  (NATIONAL AGENCY POLICY),RIVER / RUNNING SURFACE WATER,3007,Glyphosate,0.19,MICROGRAM PER LITRE
https://environment.data.gov.uk/water-quality/sampling-point/TH-RSN0018/sample/1359928/observation/3086,TH-RSN0018,RSN0018 RIVER THAMES AT MAGNA CARTA,-0.562,51.4448,Thames,THAMES - WEST THAMES,Multiple Values,OPEN,FRESHWATER - RIVERS,2021-07-05T13:56:00,MONITORING  (NATIONAL AGENCY POLICY),RIVER / RUNNING SURFACE WATER,3086,Carbofuran,<0.005,MICROGRAM PER LITRE
https://environment.data.gov.uk/water-quality/sampling-point/TH-RSN0018/sample/1359928/observation/3117,TH-RSN0018,RSN0018 RIVER THAMES AT MAGNA CARTA,-0.562,51.4448,Thames,THAMES - WEST THAMES,Multiple Values,OPEN,FRESHWATER - RIVERS,2021-07-05T13:56:00,MONITORING  (NATIONAL AGENCY POLICY),RIVER / RUNNING SURFACE WATER,3117,Isoproturon,<0.01,MICROGRAM PER LITRE
https://environment.data.gov.uk/water-quality/sampling-point/TH-RSN0018/sample/1359928/observation/3118,TH-RSN0018,RSN0018 RIVER THAMES AT MAGNA CARTA,-0.562,51.4448,Thames,THAMES - WEST THAMES,Multiple Values,OPEN,FRESHWATER - RIVERS,2021-07-05T13:56:00,MONITORING  (NATIONAL AGENCY POLICY),RIVER / RUNNING SURFACE WATER,3118,Linuron,<0.01,MICROGRAM PER LITRE
https://environment.data.gov.uk/water-quality/sampling-point/TH-RSN0018/sample/1359928/observation/3130,TH-RSN0018,RSN0018 RIVER THAMES AT MAGNA CARTA,-0.562,51.4448,Thames,THAMES - WEST THAMES,Multiple Values,OPEN,FRESHWATER - RIVERS,2021-07-05T13:56:00,MONITORING  (NATIONAL AGENCY POLICY),RIVER / RUNNING SURFACE WATER,3130,Metoxuron,<0.01,MICROGRAM PER LITRE
https://environment.data.gov.uk/water-quality/sampling-point/TH-RSN0018/sample/1359928/observation/3341,TH-RSN0018,RSN0018 RIVER THAMES AT MAGNA CARTA,-0.562,51.4448,Thames,THAMES - WEST THAMES,Multiple Values,OPEN,FRESHWATER - RIVERS,2021-07-05T13:56:00,MONITORING  (NATIONAL AGENCY POLICY),RIVER / RUNNING SURFACE WATER,3341,4-Chloro-2-methylphenol :- {p-Chloro-o-cresol},<0.05,MICROGRAM PER LITRE
https://environment.data.gov.uk/water-quality/sampling-point/TH-RSN0018/sample/1359928/observation/3377,TH-RSN0018,RSN0018 RIVER THAMES AT MAGNA CARTA,-0.562,51.4448,Thames,THAMES - WEST THAMES,Multiple Values,OPEN,FRESHWATER - RIVERS,2021-07-05T13:56:00,MONITORING  (NATIONAL AGENCY POLICY),RIVER / RUNNING SURFACE WATER,3377,Lead : BLM Bioavailable,0.01,MICROGRAM PER LITRE
https://environment.data.gov.uk/water-quality/sampling-point/TH-RSN0018/sample/1359928/observation/3399,TH-RSN0018,RSN0018 RIVER THAMES AT MAGNA CARTA,-0.562,51.4448,Thames,THAMES - WEST THAMES,Multiple Values,OPEN,FRESHWATER - RIVERS,2021-07-05T13:56:00,MONITORING  (NATIONAL AGENCY POLICY),RIVER / RUNNING SURFACE WATER,3399,Chloroxuron,<0.01,MICROGRAM PER LITRE
https://environment.data.gov.uk/water-quality/sampling-point/TH-RSN0018/sample/1359928/observation/3400,TH-RSN0018,RSN0018 RIVER THAMES AT MAGNA CARTA,-0.562,51.4448,Thames,THAMES - WEST THAMES,Multiple Values,OPEN,FRESHWATER - RIVERS,2021-07-05T13:56:00,MONITORING  (NATIONAL AGENCY POLICY),RIVER / RUNNING SURFACE WATER,3400,Monuron,<0.01,MICROGRAM PER LITRE
https://environment.data.gov.uk/water-quality/sampling-point/TH-RSN0018/sample/1359928/observation/3408,TH-RSN0018,RSN0018 RIVER THAMES AT MAGNA CARTA,-0.562,51.4448,Thames,THAMES - WEST THAMES,Multiple Values,OPEN,FRESHWATER - RIVERS,2021-07-05T13:56:00,MONITORING  (NATIONAL AGENCY POLICY),RIVER / RUNNING SURFACE WATER,3408,"Zinc, Dissolved",2.9,MICROGRAM PER LITRE
https://environment.data.gov.uk/water-quality/sampling-point/TH-RSN0018/sample/1359928/observation/3409,TH-RSN0018,RSN0018 RIVER THAMES AT MAGNA CARTA,-0.562,51.4448,Thames,THAMES - WEST THAMES,Multiple Values,OPEN,FRESHWATER - RIVERS,2021-07-05T13:56:00,MONITORING  (NATIONAL AGENCY POLICY),RIVER / RUNNING SURFACE WATER,3409,"Chromium, Dissolved",<0.5,MICROGRAM PER LITRE
https://environment.data.gov.uk/water-quality/sampling-point/TH-RSN0018/sample/1359928/observation/3410,TH-RSN0018,RSN0018 RIVER THAMES AT MAGNA CARTA,-0.562,51.4448,Thames,THAMES - WEST THAMES,Multiple Values,OPEN,FRESHWATER - RIVERS,2021-07-05T13:56:00,MONITORING  (NATIONAL AGENCY POLICY),RIVER / RUNNING SURFACE WATER,3410,"Nickel, Dissolved",1.6,MICROGRAM PER LITRE
https://environment.data.gov.uk/water-quality/sampling-point/TH-RSN0018/sample/1359928/observation/3475,TH-RSN0018,RSN0018 RIVER THAMES AT MAGNA CARTA,-0.562,51.4448,Thames,THAMES - WEST THAMES,Multiple Values,OPEN,FRESHWATER - RIVERS,2021-07-05T13:56:00,MONITORING  (NATIONAL AGENCY POLICY),RIVER / RUNNING SURFACE WATER,3475,Carbendazim,<0.01,MICROGRAM PER LITRE
https://environment.data.gov.uk/water-quality/sampling-point/TH-RSN0018/sample/1359928/observation/3545,TH-RSN0018,RSN0018 RIVER THAMES AT MAGNA CARTA,-0.562,51.4448,Thames,THAMES - WEST THAMES,Multiple Values,OPEN,FRESHWATER - RIVERS,2021-07-05T13:56:00,MONITORING  (NATIONAL AGENCY POLICY),RIVER / RUNNING SURFACE WATER,3545,"2,4-D :- {2,4-Dichlorophenoxyacetic acid}",0.016,MICROGRAM PER LITRE
https://environment.data.gov.uk/water-quality/sampling-point/TH-RSN0018/sample/1359928/observation/3546,TH-RSN0018,RSN0018 RIVER THAMES AT MAGNA CARTA,-0.562,51.4448,Thames,THAMES - WEST THAMES,Multiple Values,OPEN,FRESHWATER - RIVERS,2021-07-05T13:56:00,MONITORING  (NATIONAL AGENCY POLICY),RIVER / RUNNING SURFACE WATER,3546,"2,4,5-T :- {2,4,5-Trichlorophenoxyacetic acid}",<0.005,MICROGRAM PER LITRE
https://environment.data.gov.uk/water-quality/sampling-point/TH-RSN0018/sample/1359928/observation/3547,TH-RSN0018,RSN0018 RIVER THAMES AT MAGNA CARTA,-0.562,51.4448,Thames,THAMES - WEST THAMES,Multiple Values,OPEN,FRESHWATER - RIVERS,2021-07-05T13:56:00,MONITORING  (NATIONAL AGENCY POLICY),RIVER / RUNNING SURFACE WATER,3547,4-Chlorophenoxyacetic acid,<0.005,MICROGRAM PER LITRE
https://environment.data.gov.uk/water-quality/sampling-point/TH-RSN0018/sample/1359928/observation/3548,TH-RSN0018,RSN0018 RIVER THAMES AT MAGNA CARTA,-0.562,51.4448,Thames,THAMES - WEST THAMES,Multiple Values,OPEN,FRESHWATER - RIVERS,2021-07-05T13:56:00,MONITORING  (NATIONAL AGENCY POLICY),RIVER / RUNNING SURFACE WATER,3548,MCPA :- {4-Chloro-2-methylphenoxyacetic acid} ,0.011,MICROGRAM PER LITRE
https://environment.data.gov.uk/water-quality/sampling-point/TH-RSN0018/sample/1359928/observation/3549,TH-RSN0018,RSN0018 RIVER THAMES AT MAGNA CARTA,-0.562,51.4448,Thames,THAMES - WEST THAMES,Multiple Values,OPEN,FRESHWATER - RIVERS,2021-07-05T13:56:00,MONITORING  (NATIONAL AGENCY POLICY),RIVER / RUNNING SURFACE WATER,3549,Mecoprop,0.011,MICROGRAM PER LITRE
https://environment.data.gov.uk/water-quality/sampling-point/TH-RSN0018/sample/1359928/observation/3550,TH-RSN0018,RSN0018 RIVER THAMES AT MAGNA CARTA,-0.562,51.4448,Thames,THAMES - WEST THAMES,Multiple Values,OPEN,FRESHWATER - RIVERS,2021-07-05T13:56:00,MONITORING  (NATIONAL AGENCY POLICY),RIVER / RUNNING SURFACE WATER,3550,Dicamba,<0.01,MICROGRAM PER LITRE
https://environment.data.gov.uk/water-quality/sampling-point/TH-RSN0018/sample/1359928/observation/3551,TH-RSN0018,RSN0018 RIVER THAMES AT MAGNA CARTA,-0.562,51.4448,Thames,THAMES - WEST THAMES,Multiple Values,OPEN,FRESHWATER - RIVERS,2021-07-05T13:56:00,MONITORING  (NATIONAL AGENCY POLICY),RIVER / RUNNING SURFACE WATER,3551,"Dichlorprop :- {2,4-DP}",<0.005,MICROGRAM PER LITRE
https://environment.data.gov.uk/water-quality/sampling-point/TH-RSN0018/sample/1359928/observation/3552,TH-RSN0018,RSN0018 RIVER THAMES AT MAGNA CARTA,-0.562,51.4448,Thames,THAMES - WEST THAMES,Multiple Values,OPEN,FRESHWATER - RIVERS,2021-07-05T13:56:00,MONITORING  (NATIONAL AGENCY POLICY),RIVER / RUNNING SURFACE WATER,3552,Fenoprop,<0.005,MICROGRAM PER LITRE
https://environment.data.gov.uk/water-quality/sampling-point/TH-RSN0018/sample/1359928/observation/3555,TH-RSN0018,RSN0018 RIVER THAMES AT MAGNA CARTA,-0.562,51.4448,Thames,THAMES - WEST THAMES,Multiple Values,OPEN,FRESHWATER - RIVERS,2021-07-05T13:56:00,MONITORING  (NATIONAL AGENCY POLICY),RIVER / RUNNING SURFACE WATER,3555,Triclopyr,0.0068,MICROGRAM PER LITRE
https://environment.data.gov.uk/water-quality/sampling-point/TH-RSN0018/sample/1359928/observation/3790,TH-RSN0018,RSN0018 RIVER THAMES AT MAGNA CARTA,-0.562,51.4448,Thames,THAMES - WEST THAMES,Multiple Values,OPEN,FRESHWATER - RIVERS,2021-07-05T13:56:00,MONITORING  (NATIONAL AGENCY POLICY),RIVER / RUNNING SURFACE WATER,3790,MCPB :- {4-Chloro-2-methylphenoxybutyric acid},<0.005,MICROGRAM PER LITRE
https://environment.data.gov.uk/water-quality/sampling-point/TH-RSN0018/sample/1359928/observation/3791,TH-RSN0018,RSN0018 RIVER THAMES AT MAGNA CARTA,-0.562,51.4448,Thames,THAMES - WEST THAMES,Multiple Values,OPEN,FRESHWATER - RIVERS,2021-07-05T13:56:00,MONITORING  (NATIONAL AGENCY POLICY),RIVER / RUNNING SURFACE WATER,3791,"2,4-DB :- {4-(2,4-dichlorophenoxy)butyric acid}",<0.005,MICROGRAM PER LITRE
https://environment.data.gov.uk/water-quality/sampling-point/TH-RSN0018/sample/1359928/observation/3792,TH-RSN0018,RSN0018 RIVER THAMES AT MAGNA CARTA,-0.562,51.4448,Thames,THAMES - WEST THAMES,Multiple Values,OPEN,FRESHWATER - RIVERS,2021-07-05T13:56:00,MONITORING  (NATIONAL AGENCY POLICY),RIVER / RUNNING SURFACE WATER,3792,Benazolin,<0.005,MICROGRAM PER LITRE
https://environment.data.gov.uk/water-quality/sampling-point/TH-RSN0018/sample/1359928/observation/3811,TH-RSN0018,RSN0018 RIVER THAMES AT MAGNA CARTA,-0.562,51.4448,Thames,THAMES - WEST THAMES,Multiple Values,OPEN,FRESHWATER - RIVERS,2021-07-05T13:56:00,MONITORING  (NATIONAL AGENCY POLICY),RIVER / RUNNING SURFACE WATER,3811,Diuron,<0.01,MICROGRAM PER LITRE
https://environment.data.gov.uk/water-quality/sampling-point/TH-RSN0018/sample/1359928/observation/3878,TH-RSN0018,RSN0018 RIVER THAMES AT MAGNA CARTA,-0.562,51.4448,Thames,THAMES - WEST THAMES,Multiple Values,OPEN,FRESHWATER - RIVERS,2021-07-05T13:56:00,MONITORING  (NATIONAL AGENCY POLICY),RIVER / RUNNING SURFACE WATER,3878,Nickel : BLM Bioavailable,0.79,MICROGRAM PER LITRE
https://environment.data.gov.uk/water-quality/sampling-point/TH-RSN0018/sample/1359928/observation/3925,TH-RSN0018,RSN0018 RIVER THAMES AT MAGNA CARTA,-0.562,51.4448,Thames,THAMES - WEST THAMES,Multiple Values,OPEN,FRESHWATER - RIVERS,2021-07-05T13:56:00,MONITORING  (NATIONAL AGENCY POLICY),RIVER / RUNNING SURFACE WATER,3925,Monolinuron,<0.01,MICROGRAM PER LITRE
https://environment.data.gov.uk/water-quality/sampling-point/TH-RSN0018/sample/1359928/observation/4064,TH-RSN0018,RSN0018 RIVER THAMES AT MAGNA CARTA,-0.562,51.4448,Thames,THAMES - WEST THAMES,Multiple Values,OPEN,FRESHWATER - RIVERS,2021-07-05T13:56:00,MONITORING  (NATIONAL AGENCY POLICY),RIVER / RUNNING SURFACE WATER,4064,Fluroxypyr,0.016,MICROGRAM PER LITRE
https://environment.data.gov.uk/water-quality/sampling-point/TH-RSN0018/sample/1359928/observation/4065,TH-RSN0018,RSN0018 RIVER THAMES AT MAGNA CARTA,-0.562,51.4448,Thames,THAMES - WEST THAMES,Multiple Values,OPEN,FRESHWATER - RIVERS,2021-07-05T13:56:00,MONITORING  (NATIONAL AGENCY POLICY),RIVER / RUNNING SURFACE WATER,4065,Bentazone,0.017,MICROGRAM PER LITRE
https://environment.data.gov.uk/water-quality/sampling-point/TH-RSN0018/sample/1359928/observation/4201,TH-RSN0018,RSN0018 RIVER THAMES AT MAGNA CARTA,-0.562,51.4448,Thames,THAMES - WEST THAMES,Multiple Values,OPEN,FRESHWATER - RIVERS,2021-07-05T13:56:00,MONITORING  (NATIONAL AGENCY POLICY),RIVER / RUNNING SURFACE WATER,4201,"Lithium, Dissolved",<100,MICROGRAM PER LITRE
https://environment.data.gov.uk/water-quality/sampling-point/TH-RSN0018/sample/1359928/observation/4820,TH-RSN0018,RSN0018 RIVER THAMES AT MAGNA CARTA,-0.562,51.4448,Thames,THAMES - WEST THAMES,Multiple Values,OPEN,FRESHWATER - RIVERS,2021-07-05T13:56:00,MONITORING  (NATIONAL AGENCY POLICY),RIVER / RUNNING SURFACE WATER,4820,Manganese : BLM Bioavailable,3.7,MICROGRAM PER LITRE
https://environment.data.gov.uk/water-quality/sampling-point/TH-RSN0018/sample/1359928/observation/4821,TH-RSN0018,RSN0018 RIVER THAMES AT MAGNA CARTA,-0.562,51.4448,Thames,THAMES - WEST THAMES,Multiple Values,OPEN,FRESHWATER - RIVERS,2021-07-05T13:56:00,MONITORING  (NATIONAL AGENCY POLICY),RIVER / RUNNING SURFACE WATER,4821,Copper : BLM Bioavailable,0.25,MICROGRAM PER LITRE
https://environment.data.gov.uk/water-quality/sampling-point/TH-RSN0018/sample/1359928/observation/4822,TH-RSN0018,RSN0018 RIVER THAMES AT MAGNA CARTA,-0.562,51.4448,Thames,THAMES - WEST THAMES,Multiple Values,OPEN,FRESHWATER - RIVERS,2021-07-05T13:56:00,MONITORING  (NATIONAL AGENCY POLICY),RIVER / RUNNING SURFACE WATER,4822,Zinc : BLM Bioavailable,1.2,MICROGRAM PER LITRE
https://environment.data.gov.uk/water-quality/sampling-point/TH-RSN0018/sample/1359928/observation/4994,TH-RSN0018,RSN0018 RIVER THAMES AT MAGNA CARTA,-0.562,51.4448,Thames,THAMES - WEST THAMES,Multiple Values,OPEN,FRESHWATER - RIVERS,2021-07-05T13:56:00,MONITORING  (NATIONAL AGENCY POLICY),RIVER / RUNNING SURFACE WATER,4994,GCMS Screen : Target Based multi-residue screening : Semi Quantitative,1,Text Result
https://environment.data.gov.uk/water-quality/sampling-point/TH-RSN0018/sample/1359928/observation/5042,TH-RSN0018,RSN0018 RIVER THAMES AT MAGNA CARTA,-0.562,51.4448,Thames,THAMES - WEST THAMES,Multiple Values,OPEN,FRESHWATER - RIVERS,2021-07-05T13:56:00,MONITORING  (NATIONAL AGENCY POLICY),RIVER / RUNNING SURFACE WATER,5042,Sulcotrione,<0.1,MICROGRAM PER LITRE
https://environment.data.gov.uk/water-quality/sampling-point/TH-RSN0018/sample/1359928/observation/5047,TH-RSN0018,RSN0018 RIVER THAMES AT MAGNA CARTA,-0.562,51.4448,Thames,THAMES - WEST THAMES,Multiple Values,OPEN,FRESHWATER - RIVERS,2021-07-05T13:56:00,MONITORING  (NATIONAL AGENCY POLICY),RIVER / RUNNING SURFACE WATER,5047,Ethirimol,<0.05,MICROGRAM PER LITRE
https://environment.data.gov.uk/water-quality/sampling-point/TH-RSN0018/sample/1359928/observation/5050,TH-RSN0018,RSN0018 RIVER THAMES AT MAGNA CARTA,-0.562,51.4448,Thames,THAMES - WEST THAMES,Multiple Values,OPEN,FRESHWATER - RIVERS,2021-07-05T13:56:00,MONITORING  (NATIONAL AGENCY POLICY),RIVER / RUNNING SURFACE WATER,5050,Azoxystrobin,<0.02,MICROGRAM PER LITRE
https://environment.data.gov.uk/water-quality/sampling-point/TH-RSN0018/sample/1359928/observation/5446,TH-RSN0018,RSN0018 RIVER THAMES AT MAGNA CARTA,-0.562,51.4448,Thames,THAMES - WEST THAMES,Multiple Values,OPEN,FRESHWATER - RIVERS,2021-07-05T13:56:00,MONITORING  (NATIONAL AGENCY POLICY),RIVER / RUNNING SURFACE WATER,5446,Cypermethrin Identification,1,Text Result
https://environment.data.gov.uk/water-quality/sampling-point/TH-RSN0018/sample/1359928/observation/5732,TH-RSN0018,RSN0018 RIVER THAMES AT MAGNA CARTA,-0.562,51.4448,Thames,THAMES - WEST THAMES,Multiple Values,OPEN,FRESHWATER - RIVERS,2021-07-05T13:56:00,MONITORING  (NATIONAL AGENCY POLICY),RIVER / RUNNING SURFACE WATER,5732,Triphenyl Tin as Cation,<0.0002,MICROGRAM PER LITRE
https://environment.data.gov.uk/water-quality/sampling-point/TH-RSN0018/sample/1359928/observation/5889,TH-RSN0018,RSN0018 RIVER THAMES AT MAGNA CARTA,-0.562,51.4448,Thames,THAMES - WEST THAMES,Multiple Values,OPEN,FRESHWATER - RIVERS,2021-07-05T13:56:00,MONITORING  (NATIONAL AGENCY POLICY),RIVER / RUNNING SURFACE WATER,5889,Triclosan,<0.01,MICROGRAM PER LITRE
https://environment.data.gov.uk/water-quality/sampling-point/TH-RSN0018/sample/1359928/observation/6037,TH-RSN0018,RSN0018 RIVER THAMES AT MAGNA CARTA,-0.562,51.4448,Thames,THAMES - WEST THAMES,Multiple Values,OPEN,FRESHWATER - RIVERS,2021-07-05T13:56:00,MONITORING  (NATIONAL AGENCY POLICY),RIVER / RUNNING SURFACE WATER,6037,"Aluminium, Dissolved",10,MICROGRAM PER LITRE
https://environment.data.gov.uk/water-quality/sampling-point/TH-RSN0018/sample/1359928/observation/6399,TH-RSN0018,RSN0018 RIVER THAMES AT MAGNA CARTA,-0.562,51.4448,Thames,THAMES - WEST THAMES,Multiple Values,OPEN,FRESHWATER - RIVERS,2021-07-05T13:56:00,MONITORING  (NATIONAL AGENCY POLICY),RIVER / RUNNING SURFACE WATER,6399,Benzo(a)Pyrene,<0.01,MICROGRAM PER LITRE
https://environment.data.gov.uk/water-quality/sampling-point/TH-RSN0018/sample/1359928/observation/6449,TH-RSN0018,RSN0018 RIVER THAMES AT MAGNA CARTA,-0.562,51.4448,Thames,THAMES - WEST THAMES,Multiple Values,OPEN,FRESHWATER - RIVERS,2021-07-05T13:56:00,MONITORING  (NATIONAL AGENCY POLICY),RIVER / RUNNING SURFACE WATER,6449,Bromoxynil,<0.005,MICROGRAM PER LITRE
https://environment.data.gov.uk/water-quality/sampling-point/TH-RSN0018/sample/1359928/observation/6450,TH-RSN0018,RSN0018 RIVER THAMES AT MAGNA CARTA,-0.562,51.4448,Thames,THAMES - WEST THAMES,Multiple Values,OPEN,FRESHWATER - RIVERS,2021-07-05T13:56:00,MONITORING  (NATIONAL AGENCY POLICY),RIVER / RUNNING SURFACE WATER,6450,"Copper, Dissolved",2.4,MICROGRAM PER LITRE
https://environment.data.gov.uk/water-quality/sampling-point/TH-RSN0018/sample/1359928/observation/6458,TH-RSN0018,RSN0018 RIVER THAMES AT MAGNA CARTA,-0.562,51.4448,Thames,THAMES - WEST THAMES,Multiple Values,OPEN,FRESHWATER - RIVERS,2021-07-05T13:56:00,MONITORING  (NATIONAL AGENCY POLICY),RIVER / RUNNING SURFACE WATER,6458,"Manganese, Dissolved",<10,MICROGRAM PER LITRE
https://environment.data.gov.uk/water-quality/sampling-point/TH-RSN0018/sample/1359928/observation/6460,TH-RSN0018,RSN0018 RIVER THAMES AT MAGNA CARTA,-0.562,51.4448,Thames,THAMES - WEST THAMES,Multiple Values,OPEN,FRESHWATER - RIVERS,2021-07-05T13:56:00,MONITORING  (NATIONAL AGENCY POLICY),RIVER / RUNNING SURFACE WATER,6460,"Iron, Dissolved",<30,MICROGRAM PER LITRE
https://environment.data.gov.uk/water-quality/sampling-point/TH-RSN0018/sample/1359928/observation/6620,TH-RSN0018,RSN0018 RIVER THAMES AT MAGNA CARTA,-0.562,51.4448,Thames,THAMES - WEST THAMES,Multiple Values,OPEN,FRESHWATER - RIVERS,2021-07-05T13:56:00,MONITORING  (NATIONAL AGENCY POLICY),RIVER / RUNNING SURFACE WATER,6620,Clopyralid,<0.005,MICROGRAM PER LITRE
https://environment.data.gov.uk/water-quality/sampling-point/TH-RSN0018/sample/1359928/observation/6671,TH-RSN0018,RSN0018 RIVER THAMES AT MAGNA CARTA,-0.562,51.4448,Thames,THAMES - WEST THAMES,Multiple Values,OPEN,FRESHWATER - RIVERS,2021-07-05T13:56:00,MONITORING  (NATIONAL AGENCY POLICY),RIVER / RUNNING SURFACE WATER,6671,Phenoxyacetic acid :- {PAA},0.045,MICROGRAM PER LITRE
https://environment.data.gov.uk/water-quality/sampling-point/TH-RSN0018/sample/1359928/observation/6672,TH-RSN0018,RSN0018 RIVER THAMES AT MAGNA CARTA,-0.562,51.4448,Thames,THAMES - WEST THAMES,Multiple Values,OPEN,FRESHWATER - RIVERS,2021-07-05T13:56:00,MONITORING  (NATIONAL AGENCY POLICY),RIVER / RUNNING SURFACE WATER,6672,4-Phenoxybutyric acid :- {PBA},<0.005,MICROGRAM PER LITRE
https://environment.data.gov.uk/water-quality/sampling-point/TH-RSN0018/sample/1359928/observation/6673,TH-RSN0018,RSN0018 RIVER THAMES AT MAGNA CARTA,-0.562,51.4448,Thames,THAMES - WEST THAMES,Multiple Values,OPEN,FRESHWATER - RIVERS,2021-07-05T13:56:00,MONITORING  (NATIONAL AGENCY POLICY),RIVER / RUNNING SURFACE WATER,6673,2-Phenoxypropionic acid :- {PPA},<0.005,MICROGRAM PER LITRE
https://environment.data.gov.uk/water-quality/sampling-point/TH-RSN0018/sample/1359928/observation/6693,TH-RSN0018,RSN0018 RIVER THAMES AT MAGNA CARTA,-0.562,51.4448,Thames,THAMES - WEST THAMES,Multiple Values,OPEN,FRESHWATER - RIVERS,2021-07-05T13:56:00,MONITORING  (NATIONAL AGENCY POLICY),RIVER / RUNNING SURFACE WATER,6693,"Strontium, Filtered",340,MICROGRAM PER LITRE
https://environment.data.gov.uk/water-quality/sampling-point/TH-RSN0018/sample/1359928/observation/6724,TH-RSN0018,RSN0018 RIVER THAMES AT MAGNA CARTA,-0.562,51.4448,Thames,THAMES - WEST THAMES,Multiple Values,OPEN,FRESHWATER - RIVERS,2021-07-05T13:56:00,MONITORING  (NATIONAL AGENCY POLICY),RIVER / RUNNING SURFACE WATER,6724,Di(2-ethylhexyl) phthalate :- {DEHP},<0.2,MICROGRAM PER LITRE
https://environment.data.gov.uk/water-quality/sampling-point/TH-RSN0018/sample/1359928/observation/6760,TH-RSN0018,RSN0018 RIVER THAMES AT MAGNA CARTA,-0.562,51.4448,Thames,THAMES - WEST THAMES,Multiple Values,OPEN,FRESHWATER - RIVERS,2021-07-05T13:56:00,MONITORING  (NATIONAL AGENCY POLICY),RIVER / RUNNING SURFACE WATER,6760,Chloridazon,<0.01,MICROGRAM PER LITRE
https://environment.data.gov.uk/water-quality/sampling-point/TH-RSN0018/sample/1359928/observation/6955,TH-RSN0018,RSN0018 RIVER THAMES AT MAGNA CARTA,-0.562,51.4448,Thames,THAMES - WEST THAMES,Multiple Values,OPEN,FRESHWATER - RIVERS,2021-07-05T13:56:00,MONITORING  (NATIONAL AGENCY POLICY),RIVER / RUNNING SURFACE WATER,6955,Ethiofencarb,<0.005,MICROGRAM PER LITRE
https://environment.data.gov.uk/water-quality/sampling-point/TH-RSN0018/sample/1359928/observation/6971,TH-RSN0018,RSN0018 RIVER THAMES AT MAGNA CARTA,-0.562,51.4448,Thames,THAMES - WEST THAMES,Multiple Values,OPEN,FRESHWATER - RIVERS,2021-07-05T13:56:00,MONITORING  (NATIONAL AGENCY POLICY),RIVER / RUNNING SURFACE WATER,6971,Methiocarb,<0.001,MICROGRAM PER LITRE
https://environment.data.gov.uk/water-quality/sampling-point/TH-RSN0018/sample/1359928/observation/6972,TH-RSN0018,RSN0018 RIVER THAMES AT MAGNA CARTA,-0.562,51.4448,Thames,THAMES - WEST THAMES,Multiple Values,OPEN,FRESHWATER - RIVERS,2021-07-05T13:56:00,MONITORING  (NATIONAL AGENCY POLICY),RIVER / RUNNING SURFACE WATER,6972,Methomyl,<0.005,MICROGRAM PER LITRE
https://environment.data.gov.uk/water-quality/sampling-point/TH-RSN0018/sample/1359928/observation/6980,TH-RSN0018,RSN0018 RIVER THAMES AT MAGNA CARTA,-0.562,51.4448,Thames,THAMES - WEST THAMES,Multiple Values,OPEN,FRESHWATER - RIVERS,2021-07-05T13:56:00,MONITORING  (NATIONAL AGENCY POLICY),RIVER / RUNNING SURFACE WATER,6980,Oxamyl,<0.005,MICROGRAM PER LITRE
https://environment.data.gov.uk/water-quality/sampling-point/TH-RSN0018/sample/1359928/observation/6987,TH-RSN0018,RSN0018 RIVER THAMES AT MAGNA CARTA,-0.562,51.4448,Thames,THAMES - WEST THAMES,Multiple Values,OPEN,FRESHWATER - RIVERS,2021-07-05T13:56:00,MONITORING  (NATIONAL AGENCY POLICY),RIVER / RUNNING SURFACE WATER,6987,Propoxur,<0.005,MICROGRAM PER LITRE
https://environment.data.gov.uk/water-quality/sampling-point/TH-RSN0018/sample/1359928/observation/7025,TH-RSN0018,RSN0018 RIVER THAMES AT MAGNA CARTA,-0.562,51.4448,Thames,THAMES - WEST THAMES,Multiple Values,OPEN,FRESHWATER - RIVERS,2021-07-05T13:56:00,MONITORING  (NATIONAL AGENCY POLICY),RIVER / RUNNING SURFACE WATER,7025,Imazapyr,<0.005,MICROGRAM PER LITRE
https://environment.data.gov.uk/water-quality/sampling-point/TH-RSN0018/sample/1359928/observation/7053,TH-RSN0018,RSN0018 RIVER THAMES AT MAGNA CARTA,-0.562,51.4448,Thames,THAMES - WEST THAMES,Multiple Values,OPEN,FRESHWATER - RIVERS,2021-07-05T13:56:00,MONITORING  (NATIONAL AGENCY POLICY),RIVER / RUNNING SURFACE WATER,7053,Methabenzthiazuron,<0.01,MICROGRAM PER LITRE
https://environment.data.gov.uk/water-quality/sampling-point/TH-RSN0018/sample/1359928/observation/7125,TH-RSN0018,RSN0018 RIVER THAMES AT MAGNA CARTA,-0.562,51.4448,Thames,THAMES - WEST THAMES,Multiple Values,OPEN,FRESHWATER - RIVERS,2021-07-05T13:56:00,MONITORING  (NATIONAL AGENCY POLICY),RIVER / RUNNING SURFACE WATER,7125,Aminomethylphosphonic acid,0.42,MICROGRAM PER LITRE
https://environment.data.gov.uk/water-quality/sampling-point/TH-RSN0018/sample/1359928/observation/7726,TH-RSN0018,RSN0018 RIVER THAMES AT MAGNA CARTA,-0.562,51.4448,Thames,THAMES - WEST THAMES,Multiple Values,OPEN,FRESHWATER - RIVERS,2021-07-05T13:56:00,MONITORING  (NATIONAL AGENCY POLICY),RIVER / RUNNING SURFACE WATER,7726,"2,3,6-TBA :- {2,3,6-Trichlorobenzoic acid}",<0.02,MICROGRAM PER LITRE
https://environment.data.gov.uk/water-quality/sampling-point/TH-RSN0018/sample/1359928/observation/7859,TH-RSN0018,RSN0018 RIVER THAMES AT MAGNA CARTA,-0.562,51.4448,Thames,THAMES - WEST THAMES,Multiple Values,OPEN,FRESHWATER - RIVERS,2021-07-05T13:56:00,MONITORING  (NATIONAL AGENCY POLICY),RIVER / RUNNING SURFACE WATER,7859,"Sulphate, Dissolved as SO4",45,MILLIGRAM PER LITRE
https://environment.data.gov.uk/water-quality/sampling-point/TH-RSN0018/sample/1359928/observation/8806,TH-RSN0018,RSN0018 RIVER THAMES AT MAGNA CARTA,-0.562,51.4448,Thames,THAMES - WEST THAMES,Multiple Values,OPEN,FRESHWATER - RIVERS,2021-07-05T13:56:00,MONITORING  (NATIONAL AGENCY POLICY),RIVER / RUNNING SURFACE WATER,8806,Aldicarb sulfoxide,<0.005,MICROGRAM PER LITRE
https://environment.data.gov.uk/water-quality/sampling-point/TH-RSN0018/sample/1359928/observation/8807,TH-RSN0018,RSN0018 RIVER THAMES AT MAGNA CARTA,-0.562,51.4448,Thames,THAMES - WEST THAMES,Multiple Values,OPEN,FRESHWATER - RIVERS,2021-07-05T13:56:00,MONITORING  (NATIONAL AGENCY POLICY),RIVER / RUNNING SURFACE WATER,8807,Aldoxycarb :- {Aldicarb Sulfone},<0.005,MICROGRAM PER LITRE
https://environment.data.gov.uk/water-quality/sampling-point/TH-RSN0018/sample/1359928/observation/8944,TH-RSN0018,RSN0018 RIVER THAMES AT MAGNA CARTA,-0.562,51.4448,Thames,THAMES - WEST THAMES,Multiple Values,OPEN,FRESHWATER - RIVERS,2021-07-05T13:56:00,MONITORING  (NATIONAL AGENCY POLICY),RIVER / RUNNING SURFACE WATER,8944,Tributyl Tin as Cation,<0.0002,MICROGRAM PER LITRE
https://environment.data.gov.uk/water-quality/sampling-point/TH-RSN0018/sample/1359928/observation/9068,TH-RSN0018,RSN0018 RIVER THAMES AT MAGNA CARTA,-0.562,51.4448,Thames,THAMES - WEST THAMES,Multiple Values,OPEN,FRESHWATER - RIVERS,2021-07-05T13:56:00,MONITORING  (NATIONAL AGENCY POLICY),RIVER / RUNNING SURFACE WATER,9068,Ioxynil,<0.005,MICROGRAM PER LITRE
https://environment.data.gov.uk/water-quality/sampling-point/TH-RSN0018/sample/1359928/observation/9073,TH-RSN0018,RSN0018 RIVER THAMES AT MAGNA CARTA,-0.562,51.4448,Thames,THAMES - WEST THAMES,Multiple Values,OPEN,FRESHWATER - RIVERS,2021-07-05T13:56:00,MONITORING  (NATIONAL AGENCY POLICY),RIVER / RUNNING SURFACE WATER,9073,Carbetamide,<0.01,MICROGRAM PER LITRE
https://environment.data.gov.uk/water-quality/sampling-point/TH-RSN0018/sample/1359928/observation/9190,TH-RSN0018,RSN0018 RIVER THAMES AT MAGNA CARTA,-0.562,51.4448,Thames,THAMES - WEST THAMES,Multiple Values,OPEN,FRESHWATER - RIVERS,2021-07-05T13:56:00,MONITORING  (NATIONAL AGENCY POLICY),RIVER / RUNNING SURFACE WATER,9190,4-Nonylphenol Branched,<0.04,MICROGRAM PER LITRE
https://environment.data.gov.uk/water-quality/sampling-point/TH-RSN0018/sample/1359928/observation/9267,TH-RSN0018,RSN0018 RIVER THAMES AT MAGNA CARTA,-0.562,51.4448,Thames,THAMES - WEST THAMES,Multiple Values,OPEN,FRESHWATER - RIVERS,2021-07-05T13:56:00,MONITORING  (NATIONAL AGENCY POLICY),RIVER / RUNNING SURFACE WATER,9267,4-tert-Octylphenol :- {p-tert-Octylphenol},<0.01,MICROGRAM PER LITRE
https://environment.data.gov.uk/water-quality/sampling-point/TH-RSN0018/sample/1359928/observation/9274,TH-RSN0018,RSN0018 RIVER THAMES AT MAGNA CARTA,-0.562,51.4448,Thames,THAMES - WEST THAMES,Multiple Values,OPEN,FRESHWATER - RIVERS,2021-07-05T13:56:00,MONITORING  (NATIONAL AGENCY POLICY),RIVER / RUNNING SURFACE WATER,9274,Perfluorooctanoate anion,0.0034,MICROGRAM PER LITRE
https://environment.data.gov.uk/water-quality/sampling-point/TH-RSN0018/sample/1359928/observation/9276,TH-RSN0018,RSN0018 RIVER THAMES AT MAGNA CARTA,-0.562,51.4448,Thames,THAMES - WEST THAMES,Multiple Values,OPEN,FRESHWATER - RIVERS,2021-07-05T13:56:00,MONITORING  (NATIONAL AGENCY POLICY),RIVER / RUNNING SURFACE WATER,9276,Perfluorooctylsulphonate anion,0.006,MICROGRAM PER LITRE
https://environment.data.gov.uk/water-quality/sampling-point/TH-RSN0018/sample/1359928/observation/9339,TH-RSN0018,RSN0018 RIVER THAMES AT MAGNA CARTA,-0.562,51.4448,Thames,THAMES - WEST THAMES,Multiple Values,OPEN,FRESHWATER - RIVERS,2021-07-05T13:56:00,MONITORING  (NATIONAL AGENCY POLICY),RIVER / RUNNING SURFACE WATER,9339,Fenuron,<0.01,MICROGRAM PER LITRE
https://environment.data.gov.uk/water-quality/sampling-point/TH-RSN0018/sample/1359928/observation/9341,TH-RSN0018,RSN0018 RIVER THAMES AT MAGNA CARTA,-0.562,51.4448,Thames,THAMES - WEST THAMES,Multiple Values,OPEN,FRESHWATER - RIVERS,2021-07-05T13:56:00,MONITORING  (NATIONAL AGENCY POLICY),RIVER / RUNNING SURFACE WATER,9341,cis-Permethrin,<0.0001,MICROGRAM PER LITRE
https://environment.data.gov.uk/water-quality/sampling-point/TH-RSN0018/sample/1359928/observation/9342,TH-RSN0018,RSN0018 RIVER THAMES AT MAGNA CARTA,-0.562,51.4448,Thames,THAMES - WEST THAMES,Multiple Values,OPEN,FRESHWATER - RIVERS,2021-07-05T13:56:00,MONITORING  (NATIONAL AGENCY POLICY),RIVER / RUNNING SURFACE WATER,9342,trans-Permethrin,<0.0001,MICROGRAM PER LITRE
https://environment.data.gov.uk/water-quality/sampling-point/TH-RSN0018/sample/1359928/observation/9343,TH-RSN0018,RSN0018 RIVER THAMES AT MAGNA CARTA,-0.562,51.4448,Thames,THAMES - WEST THAMES,Multiple Values,OPEN,FRESHWATER - RIVERS,2021-07-05T13:56:00,MONITORING  (NATIONAL AGENCY POLICY),RIVER / RUNNING SURFACE WATER,9343,Carbaryl,<0.01,MICROGRAM PER LITRE
https://environment.data.gov.uk/water-quality/sampling-point/TH-RSN0018/sample/1359928/observation/9344,TH-RSN0018,RSN0018 RIVER THAMES AT MAGNA CARTA,-0.562,51.4448,Thames,THAMES - WEST THAMES,Multiple Values,OPEN,FRESHWATER - RIVERS,2021-07-05T13:56:00,MONITORING  (NATIONAL AGENCY POLICY),RIVER / RUNNING SURFACE WATER,9344,Aldicarb,<0.005,MICROGRAM PER LITRE
https://environment.data.gov.uk/water-quality/sampling-point/TH-RSN0018/sample/1359928/observation/9345,TH-RSN0018,RSN0018 RIVER THAMES AT MAGNA CARTA,-0.562,51.4448,Thames,THAMES - WEST THAMES,Multiple Values,OPEN,FRESHWATER - RIVERS,2021-07-05T13:56:00,MONITORING  (NATIONAL AGENCY POLICY),RIVER / RUNNING SURFACE WATER,9345,Diflurobenzuron,<0.01,MICROGRAM PER LITRE
https://environment.data.gov.uk/water-quality/sampling-point/TH-RSN0018/sample/1359928/observation/9348,TH-RSN0018,RSN0018 RIVER THAMES AT MAGNA CARTA,-0.562,51.4448,Thames,THAMES - WEST THAMES,Multiple Values,OPEN,FRESHWATER - RIVERS,2021-07-05T13:56:00,MONITORING  (NATIONAL AGENCY POLICY),RIVER / RUNNING SURFACE WATER,9348,Chlorotoluron,<0.01,MICROGRAM PER LITRE
https://environment.data.gov.uk/water-quality/sampling-point/TH-RSN0018/sample/1359928/observation/9446,TH-RSN0018,RSN0018 RIVER THAMES AT MAGNA CARTA,-0.562,51.4448,Thames,THAMES - WEST THAMES,Multiple Values,OPEN,FRESHWATER - RIVERS,2021-07-05T13:56:00,MONITORING  (NATIONAL AGENCY POLICY),RIVER / RUNNING SURFACE WATER,9446,"Barium, Dissolved",19,MICROGRAM PER LITRE
https://environment.data.gov.uk/water-quality/sampling-point/TH-RSN0018/sample/1359928/observation/9447,TH-RSN0018,RSN0018 RIVER THAMES AT MAGNA CARTA,-0.562,51.4448,Thames,THAMES - WEST THAMES,Multiple Values,OPEN,FRESHWATER - RIVERS,2021-07-05T13:56:00,MONITORING  (NATIONAL AGENCY POLICY),RIVER / RUNNING SURFACE WATER,9447,"Boron, Dissolved",<100,MICROGRAM PER LITRE
https://environment.data.gov.uk/water-quality/sampling-point/TH-RSN0018/sample/1359928/observation/9686,TH-RSN0018,RSN0018 RIVER THAMES AT MAGNA CARTA,-0.562,51.4448,Thames,THAMES - WEST THAMES,Multiple Values,OPEN,FRESHWATER - RIVERS,2021-07-05T13:56:00,MONITORING  (NATIONAL AGENCY POLICY),RIVER / RUNNING SURFACE WATER,9686,"Nitrogen, Total as N",6.8,MILLIGRAM PER LITRE
https://environment.data.gov.uk/water-quality/sampling-point/TH-RSN0018/sample/1359928/observation/9756,TH-RSN0018,RSN0018 RIVER THAMES AT MAGNA CARTA,-0.562,51.4448,Thames,THAMES - WEST THAMES,Multiple Values,OPEN,FRESHWATER - RIVERS,2021-07-05T13:56:00,MONITORING  (NATIONAL AGENCY POLICY),RIVER / RUNNING SURFACE WATER,9756,Neburon,<0.01,MICROGRAM PER LITRE
https://environment.data.gov.uk/water-quality/sampling-point/TH-RSN0018/sample/1359928/observation/9861,TH-RSN0018,RSN0018 RIVER THAMES AT MAGNA CARTA,-0.562,51.4448,Thames,THAMES - WEST THAMES,Multiple Values,OPEN,FRESHWATER - RIVERS,2021-07-05T13:56:00,MONITORING  (NATIONAL AGENCY POLICY),RIVER / RUNNING SURFACE WATER,9861,Metsulfuron-methyl,<0.01,MICROGRAM PER LITRE
https://environment.data.gov.uk/water-quality/sampling-point/TH-RSN0018/sample/1359928/observation/9883,TH-RSN0018,RSN0018 RIVER THAMES AT MAGNA CARTA,-0.562,51.4448,Thames,THAMES - WEST THAMES,Multiple Values,OPEN,FRESHWATER - RIVERS,2021-07-05T13:56:00,MONITORING  (NATIONAL AGENCY POLICY),RIVER / RUNNING SURFACE WATER,9883,Picloram,<0.005,MICROGRAM PER LITRE
https://environment.data.gov.uk/water-quality/sampling-point/TH-RSN0018/sample/1359928/observation/9889,TH-RSN0018,RSN0018 RIVER THAMES AT MAGNA CARTA,-0.562,51.4448,Thames,THAMES - WEST THAMES,Multiple Values,OPEN,FRESHWATER - RIVERS,2021-07-05T13:56:00,MONITORING  (NATIONAL AGENCY POLICY),RIVER / RUNNING SURFACE WATER,9889,Oestrone :- {E1},0.35,NANOGRAM PER LITRE
https://environment.data.gov.uk/water-quality/sampling-point/TH-RSN0018/sample/1359928/observation/9898,TH-RSN0018,RSN0018 RIVER THAMES AT MAGNA CARTA,-0.562,51.4448,Thames,THAMES - WEST THAMES,Multiple Values,OPEN,FRESHWATER - RIVERS,2021-07-05T13:56:00,MONITORING  (NATIONAL AGENCY POLICY),RIVER / RUNNING SURFACE WATER,9898,17beta oestradiol :- {E2},0.2,NANOGRAM PER LITRE
https://environment.data.gov.uk/water-quality/sampling-point/TH-RSN0018/sample/1359928/observation/9899,TH-RSN0018,RSN0018 RIVER THAMES AT MAGNA CARTA,-0.562,51.4448,Thames,THAMES - WEST THAMES,Multiple Values,OPEN,FRESHWATER - RIVERS,2021-07-05T13:56:00,MONITORING  (NATIONAL AGENCY POLICY),RIVER / RUNNING SURFACE WATER,9899,17alpha ethynyloestradiol :- {EE2},<0.03,NANOGRAM PER LITRE
https://environment.data.gov.uk/water-quality/sampling-point/TH-RSN0018/sample/1359928/observation/9901,TH-RSN0018,RSN0018 RIVER THAMES AT MAGNA CARTA,-0.562,51.4448,Thames,THAMES - WEST THAMES,Multiple Values,OPEN,FRESHWATER - RIVERS,2021-07-05T13:56:00,MONITORING  (NATIONAL AGENCY POLICY),RIVER / RUNNING SURFACE WATER,9901,"Oxygen, Dissolved, % Saturation",100.2,PERCENTAGE
https://environment.data.gov.uk/water-quality/sampling-point/TH-RSN0018/sample/1359928/observation/9924,TH-RSN0018,RSN0018 RIVER THAMES AT MAGNA CARTA,-0.562,51.4448,Thames,THAMES - WEST THAMES,Multiple Values,OPEN,FRESHWATER - RIVERS,2021-07-05T13:56:00,MONITORING  (NATIONAL AGENCY POLICY),RIVER / RUNNING SURFACE WATER,9924,"Oxygen, Dissolved as O2",9.31,MILLIGRAM PER LITRE
https://environment.data.gov.uk/water-quality/sampling-point/TH-RSN0018/sample/1361141/observation/0052,TH-RSN0018,RSN0018 RIVER THAMES AT MAGNA CARTA,-0.562,51.4448,Thames,THAMES - WEST THAMES,Multiple Values,OPEN,FRESHWATER - RIVERS,2021-08-02T13:17:00,MONITORING  (NATIONAL AGENCY POLICY),RIVER / RUNNING SURFACE WATER,0052,"Lead, Dissolved",0.33,MICROGRAM PER LITRE
https://environment.data.gov.uk/water-quality/sampling-point/TH-RSN0018/sample/1361141/observation/0061,TH-RSN0018,RSN0018 RIVER THAMES AT MAGNA CARTA,-0.562,51.4448,Thames,THAMES - WEST THAMES,Multiple Values,OPEN,FRESHWATER - RIVERS,2021-08-02T13:17:00,MONITORING  (NATIONAL AGENCY POLICY),RIVER / RUNNING SURFACE WATER,0061,pH,8.18,PH UNITS
https://environment.data.gov.uk/water-quality/sampling-point/TH-RSN0018/sample/1361141/observation/0073,TH-RSN0018,RSN0018 RIVER THAMES AT MAGNA CARTA,-0.562,51.4448,Thames,THAMES - WEST THAMES,Multiple Values,OPEN,FRESHWATER - RIVERS,2021-08-02T13:17:00,MONITORING  (NATIONAL AGENCY POLICY),RIVER / RUNNING SURFACE WATER,0073,Cypermethrin,0.00001,MICROGRAM PER LITRE
https://environment.data.gov.uk/water-quality/sampling-point/TH-RSN0018/sample/1361141/observation/0076,TH-RSN0018,RSN0018 RIVER THAMES AT MAGNA CARTA,-0.562,51.4448,Thames,THAMES - WEST THAMES,Multiple Values,OPEN,FRESHWATER - RIVERS,2021-08-02T13:17:00,MONITORING  (NATIONAL AGENCY POLICY),RIVER / RUNNING SURFACE WATER,0076,Temperature of Water,19.1,CELSIUS
https://environment.data.gov.uk/water-quality/sampling-point/TH-RSN0018/sample/1361141/observation/0077,TH-RSN0018,RSN0018 RIVER THAMES AT MAGNA CARTA,-0.562,51.4448,Thames,THAMES - WEST THAMES,Multiple Values,OPEN,FRESHWATER - RIVERS,2021-08-02T13:17:00,MONITORING  (NATIONAL AGENCY POLICY),RIVER / RUNNING SURFACE WATER,0077,Conductivity at 25 C,702,MICROSIEMENS PER CENTIMETRE
https://environment.data.gov.uk/water-quality/sampling-point/TH-RSN0018/sample/1361141/observation/0106,TH-RSN0018,RSN0018 RIVER THAMES AT MAGNA CARTA,-0.562,51.4448,Thames,THAMES - WEST THAMES,Multiple Values,OPEN,FRESHWATER - RIVERS,2021-08-02T13:17:00,MONITORING  (NATIONAL AGENCY POLICY),RIVER / RUNNING SURFACE WATER,0106,"Cadmium, Dissolved",0.013,MICROGRAM PER LITRE
https://environment.data.gov.uk/water-quality/sampling-point/TH-RSN0018/sample/1361141/observation/0111,TH-RSN0018,RSN0018 RIVER THAMES AT MAGNA CARTA,-0.562,51.4448,Thames,THAMES - WEST THAMES,Multiple Values,OPEN,FRESHWATER - RIVERS,2021-08-02T13:17:00,MONITORING  (NATIONAL AGENCY POLICY),RIVER / RUNNING SURFACE WATER,0111,Ammoniacal Nitrogen as N,<0.03,MILLIGRAM PER LITRE
https://environment.data.gov.uk/water-quality/sampling-point/TH-RSN0018/sample/1361141/observation/0116,TH-RSN0018,RSN0018 RIVER THAMES AT MAGNA CARTA,-0.562,51.4448,Thames,THAMES - WEST THAMES,Multiple Values,OPEN,FRESHWATER - RIVERS,2021-08-02T13:17:00,MONITORING  (NATIONAL AGENCY POLICY),RIVER / RUNNING SURFACE WATER,0116,"Nitrogen, Total Oxidised as N",7,MILLIGRAM PER LITRE
https://environment.data.gov.uk/water-quality/sampling-point/TH-RSN0018/sample/1361141/observation/0117,TH-RSN0018,RSN0018 RIVER THAMES AT MAGNA CARTA,-0.562,51.4448,Thames,THAMES - WEST THAMES,Multiple Values,OPEN,FRESHWATER - RIVERS,2021-08-02T13:17:00,MONITORING  (NATIONAL AGENCY POLICY),RIVER / RUNNING SURFACE WATER,0117,Nitrate as N,6.98,MILLIGRAM PER LITRE
https://environment.data.gov.uk/water-quality/sampling-point/TH-RSN0018/sample/1361141/observation/0118,TH-RSN0018,RSN0018 RIVER THAMES AT MAGNA CARTA,-0.562,51.4448,Thames,THAMES - WEST THAMES,Multiple Values,OPEN,FRESHWATER - RIVERS,2021-08-02T13:17:00,MONITORING  (NATIONAL AGENCY POLICY),RIVER / RUNNING SURFACE WATER,0118,Nitrite as N,0.016,MILLIGRAM PER LITRE
https://environment.data.gov.uk/water-quality/sampling-point/TH-RSN0018/sample/1361141/observation/0119,TH-RSN0018,RSN0018 RIVER THAMES AT MAGNA CARTA,-0.562,51.4448,Thames,THAMES - WEST THAMES,Multiple Values,OPEN,FRESHWATER - RIVERS,2021-08-02T13:17:00,MONITORING  (NATIONAL AGENCY POLICY),RIVER / RUNNING SURFACE WATER,0119,Ammonia un-ionised as N,<0.00106,MILLIGRAM PER LITRE
https://environment.data.gov.uk/water-quality/sampling-point/TH-RSN0018/sample/1361141/observation/0158,TH-RSN0018,RSN0018 RIVER THAMES AT MAGNA CARTA,-0.562,51.4448,Thames,THAMES - WEST THAMES,Multiple Values,OPEN,FRESHWATER - RIVERS,2021-08-02T13:17:00,MONITORING  (NATIONAL AGENCY POLICY),RIVER / RUNNING SURFACE WATER,0158,"Hardness, Total as CaCO3",292,MILLIGRAM PER LITRE
https://environment.data.gov.uk/water-quality/sampling-point/TH-RSN0018/sample/1361141/observation/0162,TH-RSN0018,RSN0018 RIVER THAMES AT MAGNA CARTA,-0.562,51.4448,Thames,THAMES - WEST THAMES,Multiple Values,OPEN,FRESHWATER - RIVERS,2021-08-02T13:17:00,MONITORING  (NATIONAL AGENCY POLICY),RIVER / RUNNING SURFACE WATER,0162,Alkalinity to pH 4.5 as CaCO3,220,MILLIGRAM PER LITRE
https://environment.data.gov.uk/water-quality/sampling-point/TH-RSN0018/sample/1361141/observation/0163,TH-RSN0018,RSN0018 RIVER THAMES AT MAGNA CARTA,-0.562,51.4448,Thames,THAMES - WEST THAMES,Multiple Values,OPEN,FRESHWATER - RIVERS,2021-08-02T13:17:00,MONITORING  (NATIONAL AGENCY POLICY),RIVER / RUNNING SURFACE WATER,0163,"Hardness, Calcium",275,MILLIGRAM PER LITRE
https://environment.data.gov.uk/water-quality/sampling-point/TH-RSN0018/sample/1361141/observation/0172,TH-RSN0018,RSN0018 RIVER THAMES AT MAGNA CARTA,-0.562,51.4448,Thames,THAMES - WEST THAMES,Multiple Values,OPEN,FRESHWATER - RIVERS,2021-08-02T13:17:00,MONITORING  (NATIONAL AGENCY POLICY),RIVER / RUNNING SURFACE WATER,0172,Chloride,46,MILLIGRAM PER LITRE
https://environment.data.gov.uk/water-quality/sampling-point/TH-RSN0018/sample/1361141/observation/0180,TH-RSN0018,RSN0018 RIVER THAMES AT MAGNA CARTA,-0.562,51.4448,Thames,THAMES - WEST THAMES,Multiple Values,OPEN,FRESHWATER - RIVERS,2021-08-02T13:17:00,MONITORING  (NATIONAL AGENCY POLICY),RIVER / RUNNING SURFACE WATER,0180,"Orthophosphate, reactive as P",0.18,MILLIGRAM PER LITRE
https://environment.data.gov.uk/water-quality/sampling-point/TH-RSN0018/sample/1361141/observation/0182,TH-RSN0018,RSN0018 RIVER THAMES AT MAGNA CARTA,-0.562,51.4448,Thames,THAMES - WEST THAMES,Multiple Values,OPEN,FRESHWATER - RIVERS,2021-08-02T13:17:00,MONITORING  (NATIONAL AGENCY POLICY),RIVER / RUNNING SURFACE WATER,0182,"Silica, reactive as SiO2",14,MILLIGRAM PER LITRE
https://environment.data.gov.uk/water-quality/sampling-point/TH-RSN0018/sample/1361141/observation/0205,TH-RSN0018,RSN0018 RIVER THAMES AT MAGNA CARTA,-0.562,51.4448,Thames,THAMES - WEST THAMES,Multiple Values,OPEN,FRESHWATER - RIVERS,2021-08-02T13:17:00,MONITORING  (NATIONAL AGENCY POLICY),RIVER / RUNNING SURFACE WATER,0205,"Sodium, Dissolved",32,MILLIGRAM PER LITRE
https://environment.data.gov.uk/water-quality/sampling-point/TH-RSN0018/sample/1361141/observation/0209,TH-RSN0018,RSN0018 RIVER THAMES AT MAGNA CARTA,-0.562,51.4448,Thames,THAMES - WEST THAMES,Multiple Values,OPEN,FRESHWATER - RIVERS,2021-08-02T13:17:00,MONITORING  (NATIONAL AGENCY POLICY),RIVER / RUNNING SURFACE WATER,0209,"Potassium, Dissolved",6.1,MILLIGRAM PER LITRE
https://environment.data.gov.uk/water-quality/sampling-point/TH-RSN0018/sample/1361141/observation/0235,TH-RSN0018,RSN0018 RIVER THAMES AT MAGNA CARTA,-0.562,51.4448,Thames,THAMES - WEST THAMES,Multiple Values,OPEN,FRESHWATER - RIVERS,2021-08-02T13:17:00,MONITORING  (NATIONAL AGENCY POLICY),RIVER / RUNNING SURFACE WATER,0235,"Magnesium, Dissolved",4.3,MILLIGRAM PER LITRE
https://environment.data.gov.uk/water-quality/sampling-point/TH-RSN0018/sample/1361141/observation/0239,TH-RSN0018,RSN0018 RIVER THAMES AT MAGNA CARTA,-0.562,51.4448,Thames,THAMES - WEST THAMES,Multiple Values,OPEN,FRESHWATER - RIVERS,2021-08-02T13:17:00,MONITORING  (NATIONAL AGENCY POLICY),RIVER / RUNNING SURFACE WATER,0239,"Calcium, Dissolved",110,MILLIGRAM PER LITRE
https://environment.data.gov.uk/water-quality/sampling-point/TH-RSN0018/sample/1361141/observation/0301,TH-RSN0018,RSN0018 RIVER THAMES AT MAGNA CARTA,-0.562,51.4448,Thames,THAMES - WEST THAMES,Multiple Values,OPEN,FRESHWATER - RIVERS,2021-08-02T13:17:00,MONITORING  (NATIONAL AGENCY POLICY),RIVER / RUNNING SURFACE WATER,0301,"Carbon, Organic, Dissolved as C :- {DOC}",3.2,MILLIGRAM PER LITRE
https://environment.data.gov.uk/water-quality/sampling-point/TH-RSN0018/sample/1361141/observation/0348,TH-RSN0018,RSN0018 RIVER THAMES AT MAGNA CARTA,-0.562,51.4448,Thames,THAMES - WEST THAMES,Multiple Values,OPEN,FRESHWATER - RIVERS,2021-08-02T13:17:00,MONITORING  (NATIONAL AGENCY POLICY),RIVER / RUNNING SURFACE WATER,0348,"Phosphorus, Total as P",0.2,MILLIGRAM PER LITRE
https://environment.data.gov.uk/water-quality/sampling-point/TH-RSN0018/sample/1361141/observation/0714,TH-RSN0018,RSN0018 RIVER THAMES AT MAGNA CARTA,-0.562,51.4448,Thames,THAMES - WEST THAMES,Multiple Values,OPEN,FRESHWATER - RIVERS,2021-08-02T13:17:00,MONITORING  (NATIONAL AGENCY POLICY),RIVER / RUNNING SURFACE WATER,0714,"Benzo(g,h,i)Perylene",<0.01,MICROGRAM PER LITRE
https://environment.data.gov.uk/water-quality/sampling-point/TH-RSN0018/sample/1361141/observation/0731,TH-RSN0018,RSN0018 RIVER THAMES AT MAGNA CARTA,-0.562,51.4448,Thames,THAMES - WEST THAMES,Multiple Values,OPEN,FRESHWATER - RIVERS,2021-08-02T13:17:00,MONITORING  (NATIONAL AGENCY POLICY),RIVER / RUNNING SURFACE WATER,0731,Benzo(b)Fluoranthene,<0.01,MICROGRAM PER LITRE
https://environment.data.gov.uk/water-quality/sampling-point/TH-RSN0018/sample/1361141/observation/0733,TH-RSN0018,RSN0018 RIVER THAMES AT MAGNA CARTA,-0.562,51.4448,Thames,THAMES - WEST THAMES,Multiple Values,OPEN,FRESHWATER - RIVERS,2021-08-02T13:17:00,MONITORING  (NATIONAL AGENCY POLICY),RIVER / RUNNING SURFACE WATER,0733,Benzo(k)Fluoranthene,<0.01,MICROGRAM PER LITRE
https://environment.data.gov.uk/water-quality/sampling-point/TH-RSN0018/sample/1361141/observation/0736,TH-RSN0018,RSN0018 RIVER THAMES AT MAGNA CARTA,-0.562,51.4448,Thames,THAMES - WEST THAMES,Multiple Values,OPEN,FRESHWATER - RIVERS,2021-08-02T13:17:00,MONITORING  (NATIONAL AGENCY POLICY),RIVER / RUNNING SURFACE WATER,0736,Fluoranthene,<0.01,MICROGRAM PER LITRE
https://environment.data.gov.uk/water-quality/sampling-point/TH-RSN0018/sample/1361141/observation/0746,TH-RSN0018,RSN0018 RIVER THAMES AT MAGNA CARTA,-0.562,51.4448,Thames,THAMES - WEST THAMES,Multiple Values,OPEN,FRESHWATER - RIVERS,2021-08-02T13:17:00,MONITORING  (NATIONAL AGENCY POLICY),RIVER / RUNNING SURFACE WATER,0746,"Indeno(1,2,3-cd)pyrene",<0.01,MICROGRAM PER LITRE
https://environment.data.gov.uk/water-quality/sampling-point/TH-RSN0018/sample/1361141/observation/3004,TH-RSN0018,RSN0018 RIVER THAMES AT MAGNA CARTA,-0.562,51.4448,Thames,THAMES - WEST THAMES,Multiple Values,OPEN,FRESHWATER - RIVERS,2021-08-02T13:17:00,MONITORING  (NATIONAL AGENCY POLICY),RIVER / RUNNING SURFACE WATER,3004,Asulam,<0.02,MICROGRAM PER LITRE
https://environment.data.gov.uk/water-quality/sampling-point/TH-RSN0018/sample/1361141/observation/3007,TH-RSN0018,RSN0018 RIVER THAMES AT MAGNA CARTA,-0.562,51.4448,Thames,THAMES - WEST THAMES,Multiple Values,OPEN,FRESHWATER - RIVERS,2021-08-02T13:17:00,MONITORING  (NATIONAL AGENCY POLICY),RIVER / RUNNING SURFACE WATER,3007,Glyphosate,<0.4,MICROGRAM PER LITRE
https://environment.data.gov.uk/water-quality/sampling-point/TH-RSN0018/sample/1361141/observation/3086,TH-RSN0018,RSN0018 RIVER THAMES AT MAGNA CARTA,-0.562,51.4448,Thames,THAMES - WEST THAMES,Multiple Values,OPEN,FRESHWATER - RIVERS,2021-08-02T13:17:00,MONITORING  (NATIONAL AGENCY POLICY),RIVER / RUNNING SURFACE WATER,3086,Carbofuran,<0.005,MICROGRAM PER LITRE
https://environment.data.gov.uk/water-quality/sampling-point/TH-RSN0018/sample/1361141/observation/3117,TH-RSN0018,RSN0018 RIVER THAMES AT MAGNA CARTA,-0.562,51.4448,Thames,THAMES - WEST THAMES,Multiple Values,OPEN,FRESHWATER - RIVERS,2021-08-02T13:17:00,MONITORING  (NATIONAL AGENCY POLICY),RIVER / RUNNING SURFACE WATER,3117,Isoproturon,<0.01,MICROGRAM PER LITRE
https://environment.data.gov.uk/water-quality/sampling-point/TH-RSN0018/sample/1361141/observation/3118,TH-RSN0018,RSN0018 RIVER THAMES AT MAGNA CARTA,-0.562,51.4448,Thames,THAMES - WEST THAMES,Multiple Values,OPEN,FRESHWATER - RIVERS,2021-08-02T13:17:00,MONITORING  (NATIONAL AGENCY POLICY),RIVER / RUNNING SURFACE WATER,3118,Linuron,<0.01,MICROGRAM PER LITRE
https://environment.data.gov.uk/water-quality/sampling-point/TH-RSN0018/sample/1361141/observation/3130,TH-RSN0018,RSN0018 RIVER THAMES AT MAGNA CARTA,-0.562,51.4448,Thames,THAMES - WEST THAMES,Multiple Values,OPEN,FRESHWATER - RIVERS,2021-08-02T13:17:00,MONITORING  (NATIONAL AGENCY POLICY),RIVER / RUNNING SURFACE WATER,3130,Metoxuron,<0.01,MICROGRAM PER LITRE
https://environment.data.gov.uk/water-quality/sampling-point/TH-RSN0018/sample/1361141/observation/3341,TH-RSN0018,RSN0018 RIVER THAMES AT MAGNA CARTA,-0.562,51.4448,Thames,THAMES - WEST THAMES,Multiple Values,OPEN,FRESHWATER - RIVERS,2021-08-02T13:17:00,MONITORING  (NATIONAL AGENCY POLICY),RIVER / RUNNING SURFACE WATER,3341,4-Chloro-2-methylphenol :- {p-Chloro-o-cresol},<0.05,MICROGRAM PER LITRE
https://environment.data.gov.uk/water-quality/sampling-point/TH-RSN0018/sample/1361141/observation/3377,TH-RSN0018,RSN0018 RIVER THAMES AT MAGNA CARTA,-0.562,51.4448,Thames,THAMES - WEST THAMES,Multiple Values,OPEN,FRESHWATER - RIVERS,2021-08-02T13:17:00,MONITORING  (NATIONAL AGENCY POLICY),RIVER / RUNNING SURFACE WATER,3377,Lead : BLM Bioavailable,0.1,MICROGRAM PER LITRE
https://environment.data.gov.uk/water-quality/sampling-point/TH-RSN0018/sample/1361141/observation/3399,TH-RSN0018,RSN0018 RIVER THAMES AT MAGNA CARTA,-0.562,51.4448,Thames,THAMES - WEST THAMES,Multiple Values,OPEN,FRESHWATER - RIVERS,2021-08-02T13:17:00,MONITORING  (NATIONAL AGENCY POLICY),RIVER / RUNNING SURFACE WATER,3399,Chloroxuron,<0.01,MICROGRAM PER LITRE
https://environment.data.gov.uk/water-quality/sampling-point/TH-RSN0018/sample/1361141/observation/3400,TH-RSN0018,RSN0018 RIVER THAMES AT MAGNA CARTA,-0.562,51.4448,Thames,THAMES - WEST THAMES,Multiple Values,OPEN,FRESHWATER - RIVERS,2021-08-02T13:17:00,MONITORING  (NATIONAL AGENCY POLICY),RIVER / RUNNING SURFACE WATER,3400,Monuron,<0.01,MICROGRAM PER LITRE
https://environment.data.gov.uk/water-quality/sampling-point/TH-RSN0018/sample/1361141/observation/3408,TH-RSN0018,RSN0018 RIVER THAMES AT MAGNA CARTA,-0.562,51.4448,Thames,THAMES - WEST THAMES,Multiple Values,OPEN,FRESHWATER - RIVERS,2021-08-02T13:17:00,MONITORING  (NATIONAL AGENCY POLICY),RIVER / RUNNING SURFACE WATER,3408,"Zinc, Dissolved",3,MICROGRAM PER LITRE
https://environment.data.gov.uk/water-quality/sampling-point/TH-RSN0018/sample/1361141/observation/3409,TH-RSN0018,RSN0018 RIVER THAMES AT MAGNA CARTA,-0.562,51.4448,Thames,THAMES - WEST THAMES,Multiple Values,OPEN,FRESHWATER - RIVERS,2021-08-02T13:17:00,MONITORING  (NATIONAL AGENCY POLICY),RIVER / RUNNING SURFACE WATER,3409,"Chromium, Dissolved",<0.5,MICROGRAM PER LITRE
https://environment.data.gov.uk/water-quality/sampling-point/TH-RSN0018/sample/1361141/observation/3410,TH-RSN0018,RSN0018 RIVER THAMES AT MAGNA CARTA,-0.562,51.4448,Thames,THAMES - WEST THAMES,Multiple Values,OPEN,FRESHWATER - RIVERS,2021-08-02T13:17:00,MONITORING  (NATIONAL AGENCY POLICY),RIVER / RUNNING SURFACE WATER,3410,"Nickel, Dissolved",1.4,MICROGRAM PER LITRE
https://environment.data.gov.uk/water-quality/sampling-point/TH-RSN0018/sample/1361141/observation/3475,TH-RSN0018,RSN0018 RIVER THAMES AT MAGNA CARTA,-0.562,51.4448,Thames,THAMES - WEST THAMES,Multiple Values,OPEN,FRESHWATER - RIVERS,2021-08-02T13:17:00,MONITORING  (NATIONAL AGENCY POLICY),RIVER / RUNNING SURFACE WATER,3475,Carbendazim,<0.01,MICROGRAM PER LITRE
https://environment.data.gov.uk/water-quality/sampling-point/TH-RSN0018/sample/1361141/observation/3545,TH-RSN0018,RSN0018 RIVER THAMES AT MAGNA CARTA,-0.562,51.4448,Thames,THAMES - WEST THAMES,Multiple Values,OPEN,FRESHWATER - RIVERS,2021-08-02T13:17:00,MONITORING  (NATIONAL AGENCY POLICY),RIVER / RUNNING SURFACE WATER,3545,"2,4-D :- {2,4-Dichlorophenoxyacetic acid}",0.009,MICROGRAM PER LITRE
https://environment.data.gov.uk/water-quality/sampling-point/TH-RSN0018/sample/1361141/observation/3546,TH-RSN0018,RSN0018 RIVER THAMES AT MAGNA CARTA,-0.562,51.4448,Thames,THAMES - WEST THAMES,Multiple Values,OPEN,FRESHWATER - RIVERS,2021-08-02T13:17:00,MONITORING  (NATIONAL AGENCY POLICY),RIVER / RUNNING SURFACE WATER,3546,"2,4,5-T :- {2,4,5-Trichlorophenoxyacetic acid}",<0.005,MICROGRAM PER LITRE
https://environment.data.gov.uk/water-quality/sampling-point/TH-RSN0018/sample/1361141/observation/3547,TH-RSN0018,RSN0018 RIVER THAMES AT MAGNA CARTA,-0.562,51.4448,Thames,THAMES - WEST THAMES,Multiple Values,OPEN,FRESHWATER - RIVERS,2021-08-02T13:17:00,MONITORING  (NATIONAL AGENCY POLICY),RIVER / RUNNING SURFACE WATER,3547,4-Chlorophenoxyacetic acid,<0.005,MICROGRAM PER LITRE
https://environment.data.gov.uk/water-quality/sampling-point/TH-RSN0018/sample/1361141/observation/3548,TH-RSN0018,RSN0018 RIVER THAMES AT MAGNA CARTA,-0.562,51.4448,Thames,THAMES - WEST THAMES,Multiple Values,OPEN,FRESHWATER - RIVERS,2021-08-02T13:17:00,MONITORING  (NATIONAL AGENCY POLICY),RIVER / RUNNING SURFACE WATER,3548,MCPA :- {4-Chloro-2-methylphenoxyacetic acid} ,<0.005,MICROGRAM PER LITRE
https://environment.data.gov.uk/water-quality/sampling-point/TH-RSN0018/sample/1361141/observation/3549,TH-RSN0018,RSN0018 RIVER THAMES AT MAGNA CARTA,-0.562,51.4448,Thames,THAMES - WEST THAMES,Multiple Values,OPEN,FRESHWATER - RIVERS,2021-08-02T13:17:00,MONITORING  (NATIONAL AGENCY POLICY),RIVER / RUNNING SURFACE WATER,3549,Mecoprop,0.0081,MICROGRAM PER LITRE
https://environment.data.gov.uk/water-quality/sampling-point/TH-RSN0018/sample/1361141/observation/3550,TH-RSN0018,RSN0018 RIVER THAMES AT MAGNA CARTA,-0.562,51.4448,Thames,THAMES - WEST THAMES,Multiple Values,OPEN,FRESHWATER - RIVERS,2021-08-02T13:17:00,MONITORING  (NATIONAL AGENCY POLICY),RIVER / RUNNING SURFACE WATER,3550,Dicamba,<0.01,MICROGRAM PER LITRE
https://environment.data.gov.uk/water-quality/sampling-point/TH-RSN0018/sample/1361141/observation/3551,TH-RSN0018,RSN0018 RIVER THAMES AT MAGNA CARTA,-0.562,51.4448,Thames,THAMES - WEST THAMES,Multiple Values,OPEN,FRESHWATER - RIVERS,2021-08-02T13:17:00,MONITORING  (NATIONAL AGENCY POLICY),RIVER / RUNNING SURFACE WATER,3551,"Dichlorprop :- {2,4-DP}",<0.005,MICROGRAM PER LITRE
https://environment.data.gov.uk/water-quality/sampling-point/TH-RSN0018/sample/1361141/observation/3552,TH-RSN0018,RSN0018 RIVER THAMES AT MAGNA CARTA,-0.562,51.4448,Thames,THAMES - WEST THAMES,Multiple Values,OPEN,FRESHWATER - RIVERS,2021-08-02T13:17:00,MONITORING  (NATIONAL AGENCY POLICY),RIVER / RUNNING SURFACE WATER,3552,Fenoprop,<0.005,MICROGRAM PER LITRE
https://environment.data.gov.uk/water-quality/sampling-point/TH-RSN0018/sample/1361141/observation/3555,TH-RSN0018,RSN0018 RIVER THAMES AT MAGNA CARTA,-0.562,51.4448,Thames,THAMES - WEST THAMES,Multiple Values,OPEN,FRESHWATER - RIVERS,2021-08-02T13:17:00,MONITORING  (NATIONAL AGENCY POLICY),RIVER / RUNNING SURFACE WATER,3555,Triclopyr,<0.005,MICROGRAM PER LITRE
https://environment.data.gov.uk/water-quality/sampling-point/TH-RSN0018/sample/1361141/observation/3790,TH-RSN0018,RSN0018 RIVER THAMES AT MAGNA CARTA,-0.562,51.4448,Thames,THAMES - WEST THAMES,Multiple Values,OPEN,FRESHWATER - RIVERS,2021-08-02T13:17:00,MONITORING  (NATIONAL AGENCY POLICY),RIVER / RUNNING SURFACE WATER,3790,MCPB :- {4-Chloro-2-methylphenoxybutyric acid},<0.005,MICROGRAM PER LITRE
https://environment.data.gov.uk/water-quality/sampling-point/TH-RSN0018/sample/1361141/observation/3791,TH-RSN0018,RSN0018 RIVER THAMES AT MAGNA CARTA,-0.562,51.4448,Thames,THAMES - WEST THAMES,Multiple Values,OPEN,FRESHWATER - RIVERS,2021-08-02T13:17:00,MONITORING  (NATIONAL AGENCY POLICY),RIVER / RUNNING SURFACE WATER,3791,"2,4-DB :- {4-(2,4-dichlorophenoxy)butyric acid}",<0.005,MICROGRAM PER LITRE
https://environment.data.gov.uk/water-quality/sampling-point/TH-RSN0018/sample/1361141/observation/3792,TH-RSN0018,RSN0018 RIVER THAMES AT MAGNA CARTA,-0.562,51.4448,Thames,THAMES - WEST THAMES,Multiple Values,OPEN,FRESHWATER - RIVERS,2021-08-02T13:17:00,MONITORING  (NATIONAL AGENCY POLICY),RIVER / RUNNING SURFACE WATER,3792,Benazolin,<0.005,MICROGRAM PER LITRE
https://environment.data.gov.uk/water-quality/sampling-point/TH-RSN0018/sample/1361141/observation/3811,TH-RSN0018,RSN0018 RIVER THAMES AT MAGNA CARTA,-0.562,51.4448,Thames,THAMES - WEST THAMES,Multiple Values,OPEN,FRESHWATER - RIVERS,2021-08-02T13:17:00,MONITORING  (NATIONAL AGENCY POLICY),RIVER / RUNNING SURFACE WATER,3811,Diuron,<0.01,MICROGRAM PER LITRE
https://environment.data.gov.uk/water-quality/sampling-point/TH-RSN0018/sample/1361141/observation/3878,TH-RSN0018,RSN0018 RIVER THAMES AT MAGNA CARTA,-0.562,51.4448,Thames,THAMES - WEST THAMES,Multiple Values,OPEN,FRESHWATER - RIVERS,2021-08-02T13:17:00,MONITORING  (NATIONAL AGENCY POLICY),RIVER / RUNNING SURFACE WATER,3878,Nickel : BLM Bioavailable,0.84,MICROGRAM PER LITRE
https://environment.data.gov.uk/water-quality/sampling-point/TH-RSN0018/sample/1361141/observation/4064,TH-RSN0018,RSN0018 RIVER THAMES AT MAGNA CARTA,-0.562,51.4448,Thames,THAMES - WEST THAMES,Multiple Values,OPEN,FRESHWATER - RIVERS,2021-08-02T13:17:00,MONITORING  (NATIONAL AGENCY POLICY),RIVER / RUNNING SURFACE WATER,4064,Fluroxypyr,<0.005,MICROGRAM PER LITRE
https://environment.data.gov.uk/water-quality/sampling-point/TH-RSN0018/sample/1361141/observation/4065,TH-RSN0018,RSN0018 RIVER THAMES AT MAGNA CARTA,-0.562,51.4448,Thames,THAMES - WEST THAMES,Multiple Values,OPEN,FRESHWATER - RIVERS,2021-08-02T13:17:00,MONITORING  (NATIONAL AGENCY POLICY),RIVER / RUNNING SURFACE WATER,4065,Bentazone,0.0057,MICROGRAM PER LITRE
https://environment.data.gov.uk/water-quality/sampling-point/TH-RSN0018/sample/1361141/observation/4201,TH-RSN0018,RSN0018 RIVER THAMES AT MAGNA CARTA,-0.562,51.4448,Thames,THAMES - WEST THAMES,Multiple Values,OPEN,FRESHWATER - RIVERS,2021-08-02T13:17:00,MONITORING  (NATIONAL AGENCY POLICY),RIVER / RUNNING SURFACE WATER,4201,"Lithium, Dissolved",<100,MICROGRAM PER LITRE
https://environment.data.gov.uk/water-quality/sampling-point/TH-RSN0018/sample/1361141/observation/4820,TH-RSN0018,RSN0018 RIVER THAMES AT MAGNA CARTA,-0.562,51.4448,Thames,THAMES - WEST THAMES,Multiple Values,OPEN,FRESHWATER - RIVERS,2021-08-02T13:17:00,MONITORING  (NATIONAL AGENCY POLICY),RIVER / RUNNING SURFACE WATER,4820,Manganese : BLM Bioavailable,4.1,MICROGRAM PER LITRE
https://environment.data.gov.uk/water-quality/sampling-point/TH-RSN0018/sample/1361141/observation/4821,TH-RSN0018,RSN0018 RIVER THAMES AT MAGNA CARTA,-0.562,51.4448,Thames,THAMES - WEST THAMES,Multiple Values,OPEN,FRESHWATER - RIVERS,2021-08-02T13:17:00,MONITORING  (NATIONAL AGENCY POLICY),RIVER / RUNNING SURFACE WATER,4821,Copper : BLM Bioavailable,0.4,MICROGRAM PER LITRE
https://environment.data.gov.uk/water-quality/sampling-point/TH-RSN0018/sample/1361141/observation/4822,TH-RSN0018,RSN0018 RIVER THAMES AT MAGNA CARTA,-0.562,51.4448,Thames,THAMES - WEST THAMES,Multiple Values,OPEN,FRESHWATER - RIVERS,2021-08-02T13:17:00,MONITORING  (NATIONAL AGENCY POLICY),RIVER / RUNNING SURFACE WATER,4822,Zinc : BLM Bioavailable,1.4,MICROGRAM PER LITRE
https://environment.data.gov.uk/water-quality/sampling-point/TH-RSN0018/sample/1361141/observation/4994,TH-RSN0018,RSN0018 RIVER THAMES AT MAGNA CARTA,-0.562,51.4448,Thames,THAMES - WEST THAMES,Multiple Values,OPEN,FRESHWATER - RIVERS,2021-08-02T13:17:00,MONITORING  (NATIONAL AGENCY POLICY),RIVER / RUNNING SURFACE WATER,4994,GCMS Screen : Target Based multi-residue screening : Semi Quantitative,1,Text Result
https://environment.data.gov.uk/water-quality/sampling-point/TH-RSN0018/sample/1361141/observation/5042,TH-RSN0018,RSN0018 RIVER THAMES AT MAGNA CARTA,-0.562,51.4448,Thames,THAMES - WEST THAMES,Multiple Values,OPEN,FRESHWATER - RIVERS,2021-08-02T13:17:00,MONITORING  (NATIONAL AGENCY POLICY),RIVER / RUNNING SURFACE WATER,5042,Sulcotrione,<0.1,MICROGRAM PER LITRE
https://environment.data.gov.uk/water-quality/sampling-point/TH-RSN0018/sample/1361141/observation/5047,TH-RSN0018,RSN0018 RIVER THAMES AT MAGNA CARTA,-0.562,51.4448,Thames,THAMES - WEST THAMES,Multiple Values,OPEN,FRESHWATER - RIVERS,2021-08-02T13:17:00,MONITORING  (NATIONAL AGENCY POLICY),RIVER / RUNNING SURFACE WATER,5047,Ethirimol,<0.05,MICROGRAM PER LITRE
https://environment.data.gov.uk/water-quality/sampling-point/TH-RSN0018/sample/1361141/observation/5050,TH-RSN0018,RSN0018 RIVER THAMES AT MAGNA CARTA,-0.562,51.4448,Thames,THAMES - WEST THAMES,Multiple Values,OPEN,FRESHWATER - RIVERS,2021-08-02T13:17:00,MONITORING  (NATIONAL AGENCY POLICY),RIVER / RUNNING SURFACE WATER,5050,Azoxystrobin,<0.02,MICROGRAM PER LITRE
https://environment.data.gov.uk/water-quality/sampling-point/TH-RSN0018/sample/1361141/observation/5446,TH-RSN0018,RSN0018 RIVER THAMES AT MAGNA CARTA,-0.562,51.4448,Thames,THAMES - WEST THAMES,Multiple Values,OPEN,FRESHWATER - RIVERS,2021-08-02T13:17:00,MONITORING  (NATIONAL AGENCY POLICY),RIVER / RUNNING SURFACE WATER,5446,Cypermethrin Identification,1,Text Result
https://environment.data.gov.uk/water-quality/sampling-point/TH-RSN0018/sample/1361141/observation/5732,TH-RSN0018,RSN0018 RIVER THAMES AT MAGNA CARTA,-0.562,51.4448,Thames,THAMES - WEST THAMES,Multiple Values,OPEN,FRESHWATER - RIVERS,2021-08-02T13:17:00,MONITORING  (NATIONAL AGENCY POLICY),RIVER / RUNNING SURFACE WATER,5732,Triphenyl Tin as Cation,<0.0002,MICROGRAM PER LITRE
https://environment.data.gov.uk/water-quality/sampling-point/TH-RSN0018/sample/1361141/observation/5889,TH-RSN0018,RSN0018 RIVER THAMES AT MAGNA CARTA,-0.562,51.4448,Thames,THAMES - WEST THAMES,Multiple Values,OPEN,FRESHWATER - RIVERS,2021-08-02T13:17:00,MONITORING  (NATIONAL AGENCY POLICY),RIVER / RUNNING SURFACE WATER,5889,Triclosan,<0.01,MICROGRAM PER LITRE
https://environment.data.gov.uk/water-quality/sampling-point/TH-RSN0018/sample/1361141/observation/6037,TH-RSN0018,RSN0018 RIVER THAMES AT MAGNA CARTA,-0.562,51.4448,Thames,THAMES - WEST THAMES,Multiple Values,OPEN,FRESHWATER - RIVERS,2021-08-02T13:17:00,MONITORING  (NATIONAL AGENCY POLICY),RIVER / RUNNING SURFACE WATER,6037,"Aluminium, Dissolved",10,MICROGRAM PER LITRE
https://environment.data.gov.uk/water-quality/sampling-point/TH-RSN0018/sample/1361141/observation/6399,TH-RSN0018,RSN0018 RIVER THAMES AT MAGNA CARTA,-0.562,51.4448,Thames,THAMES - WEST THAMES,Multiple Values,OPEN,FRESHWATER - RIVERS,2021-08-02T13:17:00,MONITORING  (NATIONAL AGENCY POLICY),RIVER / RUNNING SURFACE WATER,6399,Benzo(a)Pyrene,<0.01,MICROGRAM PER LITRE
https://environment.data.gov.uk/water-quality/sampling-point/TH-RSN0018/sample/1361141/observation/6449,TH-RSN0018,RSN0018 RIVER THAMES AT MAGNA CARTA,-0.562,51.4448,Thames,THAMES - WEST THAMES,Multiple Values,OPEN,FRESHWATER - RIVERS,2021-08-02T13:17:00,MONITORING  (NATIONAL AGENCY POLICY),RIVER / RUNNING SURFACE WATER,6449,Bromoxynil,<0.005,MICROGRAM PER LITRE
https://environment.data.gov.uk/water-quality/sampling-point/TH-RSN0018/sample/1361141/observation/6450,TH-RSN0018,RSN0018 RIVER THAMES AT MAGNA CARTA,-0.562,51.4448,Thames,THAMES - WEST THAMES,Multiple Values,OPEN,FRESHWATER - RIVERS,2021-08-02T13:17:00,MONITORING  (NATIONAL AGENCY POLICY),RIVER / RUNNING SURFACE WATER,6450,"Copper, Dissolved",2.6,MICROGRAM PER LITRE
https://environment.data.gov.uk/water-quality/sampling-point/TH-RSN0018/sample/1361141/observation/6458,TH-RSN0018,RSN0018 RIVER THAMES AT MAGNA CARTA,-0.562,51.4448,Thames,THAMES - WEST THAMES,Multiple Values,OPEN,FRESHWATER - RIVERS,2021-08-02T13:17:00,MONITORING  (NATIONAL AGENCY POLICY),RIVER / RUNNING SURFACE WATER,6458,"Manganese, Dissolved",<10,MICROGRAM PER LITRE
https://environment.data.gov.uk/water-quality/sampling-point/TH-RSN0018/sample/1361141/observation/6460,TH-RSN0018,RSN0018 RIVER THAMES AT MAGNA CARTA,-0.562,51.4448,Thames,THAMES - WEST THAMES,Multiple Values,OPEN,FRESHWATER - RIVERS,2021-08-02T13:17:00,MONITORING  (NATIONAL AGENCY POLICY),RIVER / RUNNING SURFACE WATER,6460,"Iron, Dissolved",<30,MICROGRAM PER LITRE
https://environment.data.gov.uk/water-quality/sampling-point/TH-RSN0018/sample/1361141/observation/6620,TH-RSN0018,RSN0018 RIVER THAMES AT MAGNA CARTA,-0.562,51.4448,Thames,THAMES - WEST THAMES,Multiple Values,OPEN,FRESHWATER - RIVERS,2021-08-02T13:17:00,MONITORING  (NATIONAL AGENCY POLICY),RIVER / RUNNING SURFACE WATER,6620,Clopyralid,<0.005,MICROGRAM PER LITRE
https://environment.data.gov.uk/water-quality/sampling-point/TH-RSN0018/sample/1361141/observation/6671,TH-RSN0018,RSN0018 RIVER THAMES AT MAGNA CARTA,-0.562,51.4448,Thames,THAMES - WEST THAMES,Multiple Values,OPEN,FRESHWATER - RIVERS,2021-08-02T13:17:00,MONITORING  (NATIONAL AGENCY POLICY),RIVER / RUNNING SURFACE WATER,6671,Phenoxyacetic acid :- {PAA},0.027,MICROGRAM PER LITRE
https://environment.data.gov.uk/water-quality/sampling-point/TH-RSN0018/sample/1361141/observation/6672,TH-RSN0018,RSN0018 RIVER THAMES AT MAGNA CARTA,-0.562,51.4448,Thames,THAMES - WEST THAMES,Multiple Values,OPEN,FRESHWATER - RIVERS,2021-08-02T13:17:00,MONITORING  (NATIONAL AGENCY POLICY),RIVER / RUNNING SURFACE WATER,6672,4-Phenoxybutyric acid :- {PBA},<0.005,MICROGRAM PER LITRE
https://environment.data.gov.uk/water-quality/sampling-point/TH-RSN0018/sample/1361141/observation/6673,TH-RSN0018,RSN0018 RIVER THAMES AT MAGNA CARTA,-0.562,51.4448,Thames,THAMES - WEST THAMES,Multiple Values,OPEN,FRESHWATER - RIVERS,2021-08-02T13:17:00,MONITORING  (NATIONAL AGENCY POLICY),RIVER / RUNNING SURFACE WATER,6673,2-Phenoxypropionic acid :- {PPA},<0.005,MICROGRAM PER LITRE
https://environment.data.gov.uk/water-quality/sampling-point/TH-RSN0018/sample/1361141/observation/6693,TH-RSN0018,RSN0018 RIVER THAMES AT MAGNA CARTA,-0.562,51.4448,Thames,THAMES - WEST THAMES,Multiple Values,OPEN,FRESHWATER - RIVERS,2021-08-02T13:17:00,MONITORING  (NATIONAL AGENCY POLICY),RIVER / RUNNING SURFACE WATER,6693,"Strontium, Filtered",350,MICROGRAM PER LITRE
https://environment.data.gov.uk/water-quality/sampling-point/TH-RSN0018/sample/1361141/observation/6724,TH-RSN0018,RSN0018 RIVER THAMES AT MAGNA CARTA,-0.562,51.4448,Thames,THAMES - WEST THAMES,Multiple Values,OPEN,FRESHWATER - RIVERS,2021-08-02T13:17:00,MONITORING  (NATIONAL AGENCY POLICY),RIVER / RUNNING SURFACE WATER,6724,Di(2-ethylhexyl) phthalate :- {DEHP},<0.2,MICROGRAM PER LITRE
https://environment.data.gov.uk/water-quality/sampling-point/TH-RSN0018/sample/1361141/observation/6760,TH-RSN0018,RSN0018 RIVER THAMES AT MAGNA CARTA,-0.562,51.4448,Thames,THAMES - WEST THAMES,Multiple Values,OPEN,FRESHWATER - RIVERS,2021-08-02T13:17:00,MONITORING  (NATIONAL AGENCY POLICY),RIVER / RUNNING SURFACE WATER,6760,Chloridazon,<0.01,MICROGRAM PER LITRE
https://environment.data.gov.uk/water-quality/sampling-point/TH-RSN0018/sample/1361141/observation/6955,TH-RSN0018,RSN0018 RIVER THAMES AT MAGNA CARTA,-0.562,51.4448,Thames,THAMES - WEST THAMES,Multiple Values,OPEN,FRESHWATER - RIVERS,2021-08-02T13:17:00,MONITORING  (NATIONAL AGENCY POLICY),RIVER / RUNNING SURFACE WATER,6955,Ethiofencarb,<0.005,MICROGRAM PER LITRE
https://environment.data.gov.uk/water-quality/sampling-point/TH-RSN0018/sample/1361141/observation/6971,TH-RSN0018,RSN0018 RIVER THAMES AT MAGNA CARTA,-0.562,51.4448,Thames,THAMES - WEST THAMES,Multiple Values,OPEN,FRESHWATER - RIVERS,2021-08-02T13:17:00,MONITORING  (NATIONAL AGENCY POLICY),RIVER / RUNNING SURFACE WATER,6971,Methiocarb,<0.001,MICROGRAM PER LITRE
https://environment.data.gov.uk/water-quality/sampling-point/TH-RSN0018/sample/1361141/observation/6972,TH-RSN0018,RSN0018 RIVER THAMES AT MAGNA CARTA,-0.562,51.4448,Thames,THAMES - WEST THAMES,Multiple Values,OPEN,FRESHWATER - RIVERS,2021-08-02T13:17:00,MONITORING  (NATIONAL AGENCY POLICY),RIVER / RUNNING SURFACE WATER,6972,Methomyl,<0.005,MICROGRAM PER LITRE
https://environment.data.gov.uk/water-quality/sampling-point/TH-RSN0018/sample/1361141/observation/6980,TH-RSN0018,RSN0018 RIVER THAMES AT MAGNA CARTA,-0.562,51.4448,Thames,THAMES - WEST THAMES,Multiple Values,OPEN,FRESHWATER - RIVERS,2021-08-02T13:17:00,MONITORING  (NATIONAL AGENCY POLICY),RIVER / RUNNING SURFACE WATER,6980,Oxamyl,<0.005,MICROGRAM PER LITRE
https://environment.data.gov.uk/water-quality/sampling-point/TH-RSN0018/sample/1361141/observation/6987,TH-RSN0018,RSN0018 RIVER THAMES AT MAGNA CARTA,-0.562,51.4448,Thames,THAMES - WEST THAMES,Multiple Values,OPEN,FRESHWATER - RIVERS,2021-08-02T13:17:00,MONITORING  (NATIONAL AGENCY POLICY),RIVER / RUNNING SURFACE WATER,6987,Propoxur,<0.005,MICROGRAM PER LITRE
https://environment.data.gov.uk/water-quality/sampling-point/TH-RSN0018/sample/1361141/observation/7025,TH-RSN0018,RSN0018 RIVER THAMES AT MAGNA CARTA,-0.562,51.4448,Thames,THAMES - WEST THAMES,Multiple Values,OPEN,FRESHWATER - RIVERS,2021-08-02T13:17:00,MONITORING  (NATIONAL AGENCY POLICY),RIVER / RUNNING SURFACE WATER,7025,Imazapyr,<0.005,MICROGRAM PER LITRE
https://environment.data.gov.uk/water-quality/sampling-point/TH-RSN0018/sample/1361141/observation/7053,TH-RSN0018,RSN0018 RIVER THAMES AT MAGNA CARTA,-0.562,51.4448,Thames,THAMES - WEST THAMES,Multiple Values,OPEN,FRESHWATER - RIVERS,2021-08-02T13:17:00,MONITORING  (NATIONAL AGENCY POLICY),RIVER / RUNNING SURFACE WATER,7053,Methabenzthiazuron,<0.01,MICROGRAM PER LITRE
https://environment.data.gov.uk/water-quality/sampling-point/TH-RSN0018/sample/1361141/observation/7125,TH-RSN0018,RSN0018 RIVER THAMES AT MAGNA CARTA,-0.562,51.4448,Thames,THAMES - WEST THAMES,Multiple Values,OPEN,FRESHWATER - RIVERS,2021-08-02T13:17:00,MONITORING  (NATIONAL AGENCY POLICY),RIVER / RUNNING SURFACE WATER,7125,Aminomethylphosphonic acid,0.59,MICROGRAM PER LITRE
https://environment.data.gov.uk/water-quality/sampling-point/TH-RSN0018/sample/1361141/observation/7726,TH-RSN0018,RSN0018 RIVER THAMES AT MAGNA CARTA,-0.562,51.4448,Thames,THAMES - WEST THAMES,Multiple Values,OPEN,FRESHWATER - RIVERS,2021-08-02T13:17:00,MONITORING  (NATIONAL AGENCY POLICY),RIVER / RUNNING SURFACE WATER,7726,"2,3,6-TBA :- {2,3,6-Trichlorobenzoic acid}",<0.02,MICROGRAM PER LITRE
https://environment.data.gov.uk/water-quality/sampling-point/TH-RSN0018/sample/1361141/observation/7859,TH-RSN0018,RSN0018 RIVER THAMES AT MAGNA CARTA,-0.562,51.4448,Thames,THAMES - WEST THAMES,Multiple Values,OPEN,FRESHWATER - RIVERS,2021-08-02T13:17:00,MONITORING  (NATIONAL AGENCY POLICY),RIVER / RUNNING SURFACE WATER,7859,"Sulphate, Dissolved as SO4",45,MILLIGRAM PER LITRE
https://environment.data.gov.uk/water-quality/sampling-point/TH-RSN0018/sample/1361141/observation/8806,TH-RSN0018,RSN0018 RIVER THAMES AT MAGNA CARTA,-0.562,51.4448,Thames,THAMES - WEST THAMES,Multiple Values,OPEN,FRESHWATER - RIVERS,2021-08-02T13:17:00,MONITORING  (NATIONAL AGENCY POLICY),RIVER / RUNNING SURFACE WATER,8806,Aldicarb sulfoxide,<0.005,MICROGRAM PER LITRE
https://environment.data.gov.uk/water-quality/sampling-point/TH-RSN0018/sample/1361141/observation/8807,TH-RSN0018,RSN0018 RIVER THAMES AT MAGNA CARTA,-0.562,51.4448,Thames,THAMES - WEST THAMES,Multiple Values,OPEN,FRESHWATER - RIVERS,2021-08-02T13:17:00,MONITORING  (NATIONAL AGENCY POLICY),RIVER / RUNNING SURFACE WATER,8807,Aldoxycarb :- {Aldicarb Sulfone},<0.005,MICROGRAM PER LITRE
https://environment.data.gov.uk/water-quality/sampling-point/TH-RSN0018/sample/1361141/observation/8944,TH-RSN0018,RSN0018 RIVER THAMES AT MAGNA CARTA,-0.562,51.4448,Thames,THAMES - WEST THAMES,Multiple Values,OPEN,FRESHWATER - RIVERS,2021-08-02T13:17:00,MONITORING  (NATIONAL AGENCY POLICY),RIVER / RUNNING SURFACE WATER,8944,Tributyl Tin as Cation,<0.0002,MICROGRAM PER LITRE
https://environment.data.gov.uk/water-quality/sampling-point/TH-RSN0018/sample/1361141/observation/9068,TH-RSN0018,RSN0018 RIVER THAMES AT MAGNA CARTA,-0.562,51.4448,Thames,THAMES - WEST THAMES,Multiple Values,OPEN,FRESHWATER - RIVERS,2021-08-02T13:17:00,MONITORING  (NATIONAL AGENCY POLICY),RIVER / RUNNING SURFACE WATER,9068,Ioxynil,<0.005,MICROGRAM PER LITRE
https://environment.data.gov.uk/water-quality/sampling-point/TH-RSN0018/sample/1361141/observation/9073,TH-RSN0018,RSN0018 RIVER THAMES AT MAGNA CARTA,-0.562,51.4448,Thames,THAMES - WEST THAMES,Multiple Values,OPEN,FRESHWATER - RIVERS,2021-08-02T13:17:00,MONITORING  (NATIONAL AGENCY POLICY),RIVER / RUNNING SURFACE WATER,9073,Carbetamide,<0.01,MICROGRAM PER LITRE
https://environment.data.gov.uk/water-quality/sampling-point/TH-RSN0018/sample/1361141/observation/9190,TH-RSN0018,RSN0018 RIVER THAMES AT MAGNA CARTA,-0.562,51.4448,Thames,THAMES - WEST THAMES,Multiple Values,OPEN,FRESHWATER - RIVERS,2021-08-02T13:17:00,MONITORING  (NATIONAL AGENCY POLICY),RIVER / RUNNING SURFACE WATER,9190,4-Nonylphenol Branched,<0.04,MICROGRAM PER LITRE
https://environment.data.gov.uk/water-quality/sampling-point/TH-RSN0018/sample/1361141/observation/9267,TH-RSN0018,RSN0018 RIVER THAMES AT MAGNA CARTA,-0.562,51.4448,Thames,THAMES - WEST THAMES,Multiple Values,OPEN,FRESHWATER - RIVERS,2021-08-02T13:17:00,MONITORING  (NATIONAL AGENCY POLICY),RIVER / RUNNING SURFACE WATER,9267,4-tert-Octylphenol :- {p-tert-Octylphenol},<0.01,MICROGRAM PER LITRE
https://environment.data.gov.uk/water-quality/sampling-point/TH-RSN0018/sample/1361141/observation/9274,TH-RSN0018,RSN0018 RIVER THAMES AT MAGNA CARTA,-0.562,51.4448,Thames,THAMES - WEST THAMES,Multiple Values,OPEN,FRESHWATER - RIVERS,2021-08-02T13:17:00,MONITORING  (NATIONAL AGENCY POLICY),RIVER / RUNNING SURFACE WATER,9274,Perfluorooctanoate anion,0.0029,MICROGRAM PER LITRE
https://environment.data.gov.uk/water-quality/sampling-point/TH-RSN0018/sample/1361141/observation/9276,TH-RSN0018,RSN0018 RIVER THAMES AT MAGNA CARTA,-0.562,51.4448,Thames,THAMES - WEST THAMES,Multiple Values,OPEN,FRESHWATER - RIVERS,2021-08-02T13:17:00,MONITORING  (NATIONAL AGENCY POLICY),RIVER / RUNNING SURFACE WATER,9276,Perfluorooctylsulphonate anion,0.0055,MICROGRAM PER LITRE
https://environment.data.gov.uk/water-quality/sampling-point/TH-RSN0018/sample/1361141/observation/9339,TH-RSN0018,RSN0018 RIVER THAMES AT MAGNA CARTA,-0.562,51.4448,Thames,THAMES - WEST THAMES,Multiple Values,OPEN,FRESHWATER - RIVERS,2021-08-02T13:17:00,MONITORING  (NATIONAL AGENCY POLICY),RIVER / RUNNING SURFACE WATER,9339,Fenuron,<0.01,MICROGRAM PER LITRE
https://environment.data.gov.uk/water-quality/sampling-point/TH-RSN0018/sample/1361141/observation/9341,TH-RSN0018,RSN0018 RIVER THAMES AT MAGNA CARTA,-0.562,51.4448,Thames,THAMES - WEST THAMES,Multiple Values,OPEN,FRESHWATER - RIVERS,2021-08-02T13:17:00,MONITORING  (NATIONAL AGENCY POLICY),RIVER / RUNNING SURFACE WATER,9341,cis-Permethrin,<0.0001,MICROGRAM PER LITRE
https://environment.data.gov.uk/water-quality/sampling-point/TH-RSN0018/sample/1361141/observation/9342,TH-RSN0018,RSN0018 RIVER THAMES AT MAGNA CARTA,-0.562,51.4448,Thames,THAMES - WEST THAMES,Multiple Values,OPEN,FRESHWATER - RIVERS,2021-08-02T13:17:00,MONITORING  (NATIONAL AGENCY POLICY),RIVER / RUNNING SURFACE WATER,9342,trans-Permethrin,<0.0001,MICROGRAM PER LITRE
https://environment.data.gov.uk/water-quality/sampling-point/TH-RSN0018/sample/1361141/observation/9343,TH-RSN0018,RSN0018 RIVER THAMES AT MAGNA CARTA,-0.562,51.4448,Thames,THAMES - WEST THAMES,Multiple Values,OPEN,FRESHWATER - RIVERS,2021-08-02T13:17:00,MONITORING  (NATIONAL AGENCY POLICY),RIVER / RUNNING SURFACE WATER,9343,Carbaryl,<0.01,MICROGRAM PER LITRE
https://environment.data.gov.uk/water-quality/sampling-point/TH-RSN0018/sample/1361141/observation/9344,TH-RSN0018,RSN0018 RIVER THAMES AT MAGNA CARTA,-0.562,51.4448,Thames,THAMES - WEST THAMES,Multiple Values,OPEN,FRESHWATER - RIVERS,2021-08-02T13:17:00,MONITORING  (NATIONAL AGENCY POLICY),RIVER / RUNNING SURFACE WATER,9344,Aldicarb,<0.005,MICROGRAM PER LITRE
https://environment.data.gov.uk/water-quality/sampling-point/TH-RSN0018/sample/1361141/observation/9345,TH-RSN0018,RSN0018 RIVER THAMES AT MAGNA CARTA,-0.562,51.4448,Thames,THAMES - WEST THAMES,Multiple Values,OPEN,FRESHWATER - RIVERS,2021-08-02T13:17:00,MONITORING  (NATIONAL AGENCY POLICY),RIVER / RUNNING SURFACE WATER,9345,Diflurobenzuron,<0.01,MICROGRAM PER LITRE
https://environment.data.gov.uk/water-quality/sampling-point/TH-RSN0018/sample/1361141/observation/9348,TH-RSN0018,RSN0018 RIVER THAMES AT MAGNA CARTA,-0.562,51.4448,Thames,THAMES - WEST THAMES,Multiple Values,OPEN,FRESHWATER - RIVERS,2021-08-02T13:17:00,MONITORING  (NATIONAL AGENCY POLICY),RIVER / RUNNING SURFACE WATER,9348,Chlorotoluron,<0.01,MICROGRAM PER LITRE
https://environment.data.gov.uk/water-quality/sampling-point/TH-RSN0018/sample/1361141/observation/9446,TH-RSN0018,RSN0018 RIVER THAMES AT MAGNA CARTA,-0.562,51.4448,Thames,THAMES - WEST THAMES,Multiple Values,OPEN,FRESHWATER - RIVERS,2021-08-02T13:17:00,MONITORING  (NATIONAL AGENCY POLICY),RIVER / RUNNING SURFACE WATER,9446,"Barium, Dissolved",20,MICROGRAM PER LITRE
https://environment.data.gov.uk/water-quality/sampling-point/TH-RSN0018/sample/1361141/observation/9447,TH-RSN0018,RSN0018 RIVER THAMES AT MAGNA CARTA,-0.562,51.4448,Thames,THAMES - WEST THAMES,Multiple Values,OPEN,FRESHWATER - RIVERS,2021-08-02T13:17:00,MONITORING  (NATIONAL AGENCY POLICY),RIVER / RUNNING SURFACE WATER,9447,"Boron, Dissolved",<100,MICROGRAM PER LITRE
https://environment.data.gov.uk/water-quality/sampling-point/TH-RSN0018/sample/1361141/observation/9686,TH-RSN0018,RSN0018 RIVER THAMES AT MAGNA CARTA,-0.562,51.4448,Thames,THAMES - WEST THAMES,Multiple Values,OPEN,FRESHWATER - RIVERS,2021-08-02T13:17:00,MONITORING  (NATIONAL AGENCY POLICY),RIVER / RUNNING SURFACE WATER,9686,"Nitrogen, Total as N",7.2,MILLIGRAM PER LITRE
https://environment.data.gov.uk/water-quality/sampling-point/TH-RSN0018/sample/1361141/observation/9756,TH-RSN0018,RSN0018 RIVER THAMES AT MAGNA CARTA,-0.562,51.4448,Thames,THAMES - WEST THAMES,Multiple Values,OPEN,FRESHWATER - RIVERS,2021-08-02T13:17:00,MONITORING  (NATIONAL AGENCY POLICY),RIVER / RUNNING SURFACE WATER,9756,Neburon,<0.01,MICROGRAM PER LITRE
https://environment.data.gov.uk/water-quality/sampling-point/TH-RSN0018/sample/1361141/observation/9861,TH-RSN0018,RSN0018 RIVER THAMES AT MAGNA CARTA,-0.562,51.4448,Thames,THAMES - WEST THAMES,Multiple Values,OPEN,FRESHWATER - RIVERS,2021-08-02T13:17:00,MONITORING  (NATIONAL AGENCY POLICY),RIVER / RUNNING SURFACE WATER,9861,Metsulfuron-methyl,<0.01,MICROGRAM PER LITRE
https://environment.data.gov.uk/water-quality/sampling-point/TH-RSN0018/sample/1361141/observation/9883,TH-RSN0018,RSN0018 RIVER THAMES AT MAGNA CARTA,-0.562,51.4448,Thames,THAMES - WEST THAMES,Multiple Values,OPEN,FRESHWATER - RIVERS,2021-08-02T13:17:00,MONITORING  (NATIONAL AGENCY POLICY),RIVER / RUNNING SURFACE WATER,9883,Picloram,<0.005,MICROGRAM PER LITRE
https://environment.data.gov.uk/water-quality/sampling-point/TH-RSN0018/sample/1361141/observation/9889,TH-RSN0018,RSN0018 RIVER THAMES AT MAGNA CARTA,-0.562,51.4448,Thames,THAMES - WEST THAMES,Multiple Values,OPEN,FRESHWATER - RIVERS,2021-08-02T13:17:00,MONITORING  (NATIONAL AGENCY POLICY),RIVER / RUNNING SURFACE WATER,9889,Oestrone :- {E1},0.39,NANOGRAM PER LITRE
https://environment.data.gov.uk/water-quality/sampling-point/TH-RSN0018/sample/1361141/observation/9898,TH-RSN0018,RSN0018 RIVER THAMES AT MAGNA CARTA,-0.562,51.4448,Thames,THAMES - WEST THAMES,Multiple Values,OPEN,FRESHWATER - RIVERS,2021-08-02T13:17:00,MONITORING  (NATIONAL AGENCY POLICY),RIVER / RUNNING SURFACE WATER,9898,17beta oestradiol :- {E2},0.1,NANOGRAM PER LITRE
https://environment.data.gov.uk/water-quality/sampling-point/TH-RSN0018/sample/1361141/observation/9899,TH-RSN0018,RSN0018 RIVER THAMES AT MAGNA CARTA,-0.562,51.4448,Thames,THAMES - WEST THAMES,Multiple Values,OPEN,FRESHWATER - RIVERS,2021-08-02T13:17:00,MONITORING  (NATIONAL AGENCY POLICY),RIVER / RUNNING SURFACE WATER,9899,17alpha ethynyloestradiol :- {EE2},0.3,NANOGRAM PER LITRE
https://environment.data.gov.uk/water-quality/sampling-point/TH-RSN0018/sample/1361141/observation/9901,TH-RSN0018,RSN0018 RIVER THAMES AT MAGNA CARTA,-0.562,51.4448,Thames,THAMES - WEST THAMES,Multiple Values,OPEN,FRESHWATER - RIVERS,2021-08-02T13:17:00,MONITORING  (NATIONAL AGENCY POLICY),RIVER / RUNNING SURFACE WATER,9901,"Oxygen, Dissolved, % Saturation",95.3,PERCENTAGE
https://environment.data.gov.uk/water-quality/sampling-point/TH-RSN0018/sample/1361141/observation/9924,TH-RSN0018,RSN0018 RIVER THAMES AT MAGNA CARTA,-0.562,51.4448,Thames,THAMES - WEST THAMES,Multiple Values,OPEN,FRESHWATER - RIVERS,2021-08-02T13:17:00,MONITORING  (NATIONAL AGENCY POLICY),RIVER / RUNNING SURFACE WATER,9924,"Oxygen, Dissolved as O2",8.8,MILLIGRAM PER LITRE
https://environment.data.gov.uk/water-quality/sampling-point/TH-RSN0018/sample/1362704/observation/0052,TH-RSN0018,RSN0018 RIVER THAMES AT MAGNA CARTA,-0.562,51.4448,Thames,THAMES - WEST THAMES,Multiple Values,OPEN,FRESHWATER - RIVERS,2021-09-15T10:28:00,MONITORING  (NATIONAL AGENCY POLICY),RIVER / RUNNING SURFACE WATER,0052,"Lead, Dissolved",0.15,MICROGRAM PER LITRE
https://environment.data.gov.uk/water-quality/sampling-point/TH-RSN0018/sample/1362704/observation/0061,TH-RSN0018,RSN0018 RIVER THAMES AT MAGNA CARTA,-0.562,51.4448,Thames,THAMES - WEST THAMES,Multiple Values,OPEN,FRESHWATER - RIVERS,2021-09-15T10:28:00,MONITORING  (NATIONAL AGENCY POLICY),RIVER / RUNNING SURFACE WATER,0061,pH,8.03,PH UNITS
https://environment.data.gov.uk/water-quality/sampling-point/TH-RSN0018/sample/1362704/observation/0073,TH-RSN0018,RSN0018 RIVER THAMES AT MAGNA CARTA,-0.562,51.4448,Thames,THAMES - WEST THAMES,Multiple Values,OPEN,FRESHWATER - RIVERS,2021-09-15T10:28:00,MONITORING  (NATIONAL AGENCY POLICY),RIVER / RUNNING SURFACE WATER,0073,Cypermethrin,0.00002,MICROGRAM PER LITRE
https://environment.data.gov.uk/water-quality/sampling-point/TH-RSN0018/sample/1362704/observation/0076,TH-RSN0018,RSN0018 RIVER THAMES AT MAGNA CARTA,-0.562,51.4448,Thames,THAMES - WEST THAMES,Multiple Values,OPEN,FRESHWATER - RIVERS,2021-09-15T10:28:00,MONITORING  (NATIONAL AGENCY POLICY),RIVER / RUNNING SURFACE WATER,0076,Temperature of Water,18.1,CELSIUS
https://environment.data.gov.uk/water-quality/sampling-point/TH-RSN0018/sample/1362704/observation/0077,TH-RSN0018,RSN0018 RIVER THAMES AT MAGNA CARTA,-0.562,51.4448,Thames,THAMES - WEST THAMES,Multiple Values,OPEN,FRESHWATER - RIVERS,2021-09-15T10:28:00,MONITORING  (NATIONAL AGENCY POLICY),RIVER / RUNNING SURFACE WATER,0077,Conductivity at 25 C,722,MICROSIEMENS PER CENTIMETRE
https://environment.data.gov.uk/water-quality/sampling-point/TH-RSN0018/sample/1362704/observation/0106,TH-RSN0018,RSN0018 RIVER THAMES AT MAGNA CARTA,-0.562,51.4448,Thames,THAMES - WEST THAMES,Multiple Values,OPEN,FRESHWATER - RIVERS,2021-09-15T10:28:00,MONITORING  (NATIONAL AGENCY POLICY),RIVER / RUNNING SURFACE WATER,0106,"Cadmium, Dissolved",0.015,MICROGRAM PER LITRE
https://environment.data.gov.uk/water-quality/sampling-point/TH-RSN0018/sample/1362704/observation/0111,TH-RSN0018,RSN0018 RIVER THAMES AT MAGNA CARTA,-0.562,51.4448,Thames,THAMES - WEST THAMES,Multiple Values,OPEN,FRESHWATER - RIVERS,2021-09-15T10:28:00,MONITORING  (NATIONAL AGENCY POLICY),RIVER / RUNNING SURFACE WATER,0111,Ammoniacal Nitrogen as N,0.034,MILLIGRAM PER LITRE
https://environment.data.gov.uk/water-quality/sampling-point/TH-RSN0018/sample/1362704/observation/0116,TH-RSN0018,RSN0018 RIVER THAMES AT MAGNA CARTA,-0.562,51.4448,Thames,THAMES - WEST THAMES,Multiple Values,OPEN,FRESHWATER - RIVERS,2021-09-15T10:28:00,MONITORING  (NATIONAL AGENCY POLICY),RIVER / RUNNING SURFACE WATER,0116,"Nitrogen, Total Oxidised as N",7.8,MILLIGRAM PER LITRE
https://environment.data.gov.uk/water-quality/sampling-point/TH-RSN0018/sample/1362704/observation/0117,TH-RSN0018,RSN0018 RIVER THAMES AT MAGNA CARTA,-0.562,51.4448,Thames,THAMES - WEST THAMES,Multiple Values,OPEN,FRESHWATER - RIVERS,2021-09-15T10:28:00,MONITORING  (NATIONAL AGENCY POLICY),RIVER / RUNNING SURFACE WATER,0117,Nitrate as N,7.79,MILLIGRAM PER LITRE
https://environment.data.gov.uk/water-quality/sampling-point/TH-RSN0018/sample/1362704/observation/0118,TH-RSN0018,RSN0018 RIVER THAMES AT MAGNA CARTA,-0.562,51.4448,Thames,THAMES - WEST THAMES,Multiple Values,OPEN,FRESHWATER - RIVERS,2021-09-15T10:28:00,MONITORING  (NATIONAL AGENCY POLICY),RIVER / RUNNING SURFACE WATER,0118,Nitrite as N,0.015,MILLIGRAM PER LITRE
https://environment.data.gov.uk/water-quality/sampling-point/TH-RSN0018/sample/1362704/observation/0119,TH-RSN0018,RSN0018 RIVER THAMES AT MAGNA CARTA,-0.562,51.4448,Thames,THAMES - WEST THAMES,Multiple Values,OPEN,FRESHWATER - RIVERS,2021-09-15T10:28:00,MONITORING  (NATIONAL AGENCY POLICY),RIVER / RUNNING SURFACE WATER,0119,Ammonia un-ionised as N,0.00112,MILLIGRAM PER LITRE
https://environment.data.gov.uk/water-quality/sampling-point/TH-RSN0018/sample/1362704/observation/0158,TH-RSN0018,RSN0018 RIVER THAMES AT MAGNA CARTA,-0.562,51.4448,Thames,THAMES - WEST THAMES,Multiple Values,OPEN,FRESHWATER - RIVERS,2021-09-15T10:28:00,MONITORING  (NATIONAL AGENCY POLICY),RIVER / RUNNING SURFACE WATER,0158,"Hardness, Total as CaCO3",292,MILLIGRAM PER LITRE
https://environment.data.gov.uk/water-quality/sampling-point/TH-RSN0018/sample/1362704/observation/0162,TH-RSN0018,RSN0018 RIVER THAMES AT MAGNA CARTA,-0.562,51.4448,Thames,THAMES - WEST THAMES,Multiple Values,OPEN,FRESHWATER - RIVERS,2021-09-15T10:28:00,MONITORING  (NATIONAL AGENCY POLICY),RIVER / RUNNING SURFACE WATER,0162,Alkalinity to pH 4.5 as CaCO3,230,MILLIGRAM PER LITRE
https://environment.data.gov.uk/water-quality/sampling-point/TH-RSN0018/sample/1362704/observation/0163,TH-RSN0018,RSN0018 RIVER THAMES AT MAGNA CARTA,-0.562,51.4448,Thames,THAMES - WEST THAMES,Multiple Values,OPEN,FRESHWATER - RIVERS,2021-09-15T10:28:00,MONITORING  (NATIONAL AGENCY POLICY),RIVER / RUNNING SURFACE WATER,0163,"Hardness, Calcium",275,MILLIGRAM PER LITRE
https://environment.data.gov.uk/water-quality/sampling-point/TH-RSN0018/sample/1362704/observation/0172,TH-RSN0018,RSN0018 RIVER THAMES AT MAGNA CARTA,-0.562,51.4448,Thames,THAMES - WEST THAMES,Multiple Values,OPEN,FRESHWATER - RIVERS,2021-09-15T10:28:00,MONITORING  (NATIONAL AGENCY POLICY),RIVER / RUNNING SURFACE WATER,0172,Chloride,51,MILLIGRAM PER LITRE
https://environment.data.gov.uk/water-quality/sampling-point/TH-RSN0018/sample/1362704/observation/0180,TH-RSN0018,RSN0018 RIVER THAMES AT MAGNA CARTA,-0.562,51.4448,Thames,THAMES - WEST THAMES,Multiple Values,OPEN,FRESHWATER - RIVERS,2021-09-15T10:28:00,MONITORING  (NATIONAL AGENCY POLICY),RIVER / RUNNING SURFACE WATER,0180,"Orthophosphate, reactive as P",0.27,MILLIGRAM PER LITRE
https://environment.data.gov.uk/water-quality/sampling-point/TH-RSN0018/sample/1362704/observation/0182,TH-RSN0018,RSN0018 RIVER THAMES AT MAGNA CARTA,-0.562,51.4448,Thames,THAMES - WEST THAMES,Multiple Values,OPEN,FRESHWATER - RIVERS,2021-09-15T10:28:00,MONITORING  (NATIONAL AGENCY POLICY),RIVER / RUNNING SURFACE WATER,0182,"Silica, reactive as SiO2",14,MILLIGRAM PER LITRE
https://environment.data.gov.uk/water-quality/sampling-point/TH-RSN0018/sample/1362704/observation/0205,TH-RSN0018,RSN0018 RIVER THAMES AT MAGNA CARTA,-0.562,51.4448,Thames,THAMES - WEST THAMES,Multiple Values,OPEN,FRESHWATER - RIVERS,2021-09-15T10:28:00,MONITORING  (NATIONAL AGENCY POLICY),RIVER / RUNNING SURFACE WATER,0205,"Sodium, Dissolved",36,MILLIGRAM PER LITRE
https://environment.data.gov.uk/water-quality/sampling-point/TH-RSN0018/sample/1362704/observation/0209,TH-RSN0018,RSN0018 RIVER THAMES AT MAGNA CARTA,-0.562,51.4448,Thames,THAMES - WEST THAMES,Multiple Values,OPEN,FRESHWATER - RIVERS,2021-09-15T10:28:00,MONITORING  (NATIONAL AGENCY POLICY),RIVER / RUNNING SURFACE WATER,0209,"Potassium, Dissolved",7,MILLIGRAM PER LITRE
https://environment.data.gov.uk/water-quality/sampling-point/TH-RSN0018/sample/1362704/observation/0235,TH-RSN0018,RSN0018 RIVER THAMES AT MAGNA CARTA,-0.562,51.4448,Thames,THAMES - WEST THAMES,Multiple Values,OPEN,FRESHWATER - RIVERS,2021-09-15T10:28:00,MONITORING  (NATIONAL AGENCY POLICY),RIVER / RUNNING SURFACE WATER,0235,"Magnesium, Dissolved",4.3,MILLIGRAM PER LITRE
https://environment.data.gov.uk/water-quality/sampling-point/TH-RSN0018/sample/1362704/observation/0239,TH-RSN0018,RSN0018 RIVER THAMES AT MAGNA CARTA,-0.562,51.4448,Thames,THAMES - WEST THAMES,Multiple Values,OPEN,FRESHWATER - RIVERS,2021-09-15T10:28:00,MONITORING  (NATIONAL AGENCY POLICY),RIVER / RUNNING SURFACE WATER,0239,"Calcium, Dissolved",110,MILLIGRAM PER LITRE
https://environment.data.gov.uk/water-quality/sampling-point/TH-RSN0018/sample/1362704/observation/0301,TH-RSN0018,RSN0018 RIVER THAMES AT MAGNA CARTA,-0.562,51.4448,Thames,THAMES - WEST THAMES,Multiple Values,OPEN,FRESHWATER - RIVERS,2021-09-15T10:28:00,MONITORING  (NATIONAL AGENCY POLICY),RIVER / RUNNING SURFACE WATER,0301,"Carbon, Organic, Dissolved as C :- {DOC}",3.1,MILLIGRAM PER LITRE
https://environment.data.gov.uk/water-quality/sampling-point/TH-RSN0018/sample/1362704/observation/0348,TH-RSN0018,RSN0018 RIVER THAMES AT MAGNA CARTA,-0.562,51.4448,Thames,THAMES - WEST THAMES,Multiple Values,OPEN,FRESHWATER - RIVERS,2021-09-15T10:28:00,MONITORING  (NATIONAL AGENCY POLICY),RIVER / RUNNING SURFACE WATER,0348,"Phosphorus, Total as P",0.3,MILLIGRAM PER LITRE
https://environment.data.gov.uk/water-quality/sampling-point/TH-RSN0018/sample/1362704/observation/0714,TH-RSN0018,RSN0018 RIVER THAMES AT MAGNA CARTA,-0.562,51.4448,Thames,THAMES - WEST THAMES,Multiple Values,OPEN,FRESHWATER - RIVERS,2021-09-15T10:28:00,MONITORING  (NATIONAL AGENCY POLICY),RIVER / RUNNING SURFACE WATER,0714,"Benzo(g,h,i)Perylene",<0.01,MICROGRAM PER LITRE
https://environment.data.gov.uk/water-quality/sampling-point/TH-RSN0018/sample/1362704/observation/0731,TH-RSN0018,RSN0018 RIVER THAMES AT MAGNA CARTA,-0.562,51.4448,Thames,THAMES - WEST THAMES,Multiple Values,OPEN,FRESHWATER - RIVERS,2021-09-15T10:28:00,MONITORING  (NATIONAL AGENCY POLICY),RIVER / RUNNING SURFACE WATER,0731,Benzo(b)Fluoranthene,<0.01,MICROGRAM PER LITRE
https://environment.data.gov.uk/water-quality/sampling-point/TH-RSN0018/sample/1362704/observation/0733,TH-RSN0018,RSN0018 RIVER THAMES AT MAGNA CARTA,-0.562,51.4448,Thames,THAMES - WEST THAMES,Multiple Values,OPEN,FRESHWATER - RIVERS,2021-09-15T10:28:00,MONITORING  (NATIONAL AGENCY POLICY),RIVER / RUNNING SURFACE WATER,0733,Benzo(k)Fluoranthene,<0.01,MICROGRAM PER LITRE
https://environment.data.gov.uk/water-quality/sampling-point/TH-RSN0018/sample/1362704/observation/0736,TH-RSN0018,RSN0018 RIVER THAMES AT MAGNA CARTA,-0.562,51.4448,Thames,THAMES - WEST THAMES,Multiple Values,OPEN,FRESHWATER - RIVERS,2021-09-15T10:28:00,MONITORING  (NATIONAL AGENCY POLICY),RIVER / RUNNING SURFACE WATER,0736,Fluoranthene,<0.01,MICROGRAM PER LITRE
https://environment.data.gov.uk/water-quality/sampling-point/TH-RSN0018/sample/1362704/observation/0746,TH-RSN0018,RSN0018 RIVER THAMES AT MAGNA CARTA,-0.562,51.4448,Thames,THAMES - WEST THAMES,Multiple Values,OPEN,FRESHWATER - RIVERS,2021-09-15T10:28:00,MONITORING  (NATIONAL AGENCY POLICY),RIVER / RUNNING SURFACE WATER,0746,"Indeno(1,2,3-cd)pyrene",<0.01,MICROGRAM PER LITRE
https://environment.data.gov.uk/water-quality/sampling-point/TH-RSN0018/sample/1362704/observation/3004,TH-RSN0018,RSN0018 RIVER THAMES AT MAGNA CARTA,-0.562,51.4448,Thames,THAMES - WEST THAMES,Multiple Values,OPEN,FRESHWATER - RIVERS,2021-09-15T10:28:00,MONITORING  (NATIONAL AGENCY POLICY),RIVER / RUNNING SURFACE WATER,3004,Asulam,<0.02,MICROGRAM PER LITRE
https://environment.data.gov.uk/water-quality/sampling-point/TH-RSN0018/sample/1362704/observation/3007,TH-RSN0018,RSN0018 RIVER THAMES AT MAGNA CARTA,-0.562,51.4448,Thames,THAMES - WEST THAMES,Multiple Values,OPEN,FRESHWATER - RIVERS,2021-09-15T10:28:00,MONITORING  (NATIONAL AGENCY POLICY),RIVER / RUNNING SURFACE WATER,3007,Glyphosate,0.17,MICROGRAM PER LITRE
https://environment.data.gov.uk/water-quality/sampling-point/TH-RSN0018/sample/1362704/observation/3086,TH-RSN0018,RSN0018 RIVER THAMES AT MAGNA CARTA,-0.562,51.4448,Thames,THAMES - WEST THAMES,Multiple Values,OPEN,FRESHWATER - RIVERS,2021-09-15T10:28:00,MONITORING  (NATIONAL AGENCY POLICY),RIVER / RUNNING SURFACE WATER,3086,Carbofuran,<0.005,MICROGRAM PER LITRE
https://environment.data.gov.uk/water-quality/sampling-point/TH-RSN0018/sample/1362704/observation/3117,TH-RSN0018,RSN0018 RIVER THAMES AT MAGNA CARTA,-0.562,51.4448,Thames,THAMES - WEST THAMES,Multiple Values,OPEN,FRESHWATER - RIVERS,2021-09-15T10:28:00,MONITORING  (NATIONAL AGENCY POLICY),RIVER / RUNNING SURFACE WATER,3117,Isoproturon,<0.01,MICROGRAM PER LITRE
https://environment.data.gov.uk/water-quality/sampling-point/TH-RSN0018/sample/1362704/observation/3118,TH-RSN0018,RSN0018 RIVER THAMES AT MAGNA CARTA,-0.562,51.4448,Thames,THAMES - WEST THAMES,Multiple Values,OPEN,FRESHWATER - RIVERS,2021-09-15T10:28:00,MONITORING  (NATIONAL AGENCY POLICY),RIVER / RUNNING SURFACE WATER,3118,Linuron,<0.01,MICROGRAM PER LITRE
https://environment.data.gov.uk/water-quality/sampling-point/TH-RSN0018/sample/1362704/observation/3130,TH-RSN0018,RSN0018 RIVER THAMES AT MAGNA CARTA,-0.562,51.4448,Thames,THAMES - WEST THAMES,Multiple Values,OPEN,FRESHWATER - RIVERS,2021-09-15T10:28:00,MONITORING  (NATIONAL AGENCY POLICY),RIVER / RUNNING SURFACE WATER,3130,Metoxuron,<0.01,MICROGRAM PER LITRE
https://environment.data.gov.uk/water-quality/sampling-point/TH-RSN0018/sample/1362704/observation/3341,TH-RSN0018,RSN0018 RIVER THAMES AT MAGNA CARTA,-0.562,51.4448,Thames,THAMES - WEST THAMES,Multiple Values,OPEN,FRESHWATER - RIVERS,2021-09-15T10:28:00,MONITORING  (NATIONAL AGENCY POLICY),RIVER / RUNNING SURFACE WATER,3341,4-Chloro-2-methylphenol :- {p-Chloro-o-cresol},<0.05,MICROGRAM PER LITRE
https://environment.data.gov.uk/water-quality/sampling-point/TH-RSN0018/sample/1362704/observation/3377,TH-RSN0018,RSN0018 RIVER THAMES AT MAGNA CARTA,-0.562,51.4448,Thames,THAMES - WEST THAMES,Multiple Values,OPEN,FRESHWATER - RIVERS,2021-09-15T10:28:00,MONITORING  (NATIONAL AGENCY POLICY),RIVER / RUNNING SURFACE WATER,3377,Lead : BLM Bioavailable,0.05,MICROGRAM PER LITRE
https://environment.data.gov.uk/water-quality/sampling-point/TH-RSN0018/sample/1362704/observation/3399,TH-RSN0018,RSN0018 RIVER THAMES AT MAGNA CARTA,-0.562,51.4448,Thames,THAMES - WEST THAMES,Multiple Values,OPEN,FRESHWATER - RIVERS,2021-09-15T10:28:00,MONITORING  (NATIONAL AGENCY POLICY),RIVER / RUNNING SURFACE WATER,3399,Chloroxuron,<0.01,MICROGRAM PER LITRE
https://environment.data.gov.uk/water-quality/sampling-point/TH-RSN0018/sample/1362704/observation/3400,TH-RSN0018,RSN0018 RIVER THAMES AT MAGNA CARTA,-0.562,51.4448,Thames,THAMES - WEST THAMES,Multiple Values,OPEN,FRESHWATER - RIVERS,2021-09-15T10:28:00,MONITORING  (NATIONAL AGENCY POLICY),RIVER / RUNNING SURFACE WATER,3400,Monuron,<0.01,MICROGRAM PER LITRE
https://environment.data.gov.uk/water-quality/sampling-point/TH-RSN0018/sample/1362704/observation/3408,TH-RSN0018,RSN0018 RIVER THAMES AT MAGNA CARTA,-0.562,51.4448,Thames,THAMES - WEST THAMES,Multiple Values,OPEN,FRESHWATER - RIVERS,2021-09-15T10:28:00,MONITORING  (NATIONAL AGENCY POLICY),RIVER / RUNNING SURFACE WATER,3408,"Zinc, Dissolved",5,MICROGRAM PER LITRE
https://environment.data.gov.uk/water-quality/sampling-point/TH-RSN0018/sample/1362704/observation/3409,TH-RSN0018,RSN0018 RIVER THAMES AT MAGNA CARTA,-0.562,51.4448,Thames,THAMES - WEST THAMES,Multiple Values,OPEN,FRESHWATER - RIVERS,2021-09-15T10:28:00,MONITORING  (NATIONAL AGENCY POLICY),RIVER / RUNNING SURFACE WATER,3409,"Chromium, Dissolved",<0.5,MICROGRAM PER LITRE
https://environment.data.gov.uk/water-quality/sampling-point/TH-RSN0018/sample/1362704/observation/3410,TH-RSN0018,RSN0018 RIVER THAMES AT MAGNA CARTA,-0.562,51.4448,Thames,THAMES - WEST THAMES,Multiple Values,OPEN,FRESHWATER - RIVERS,2021-09-15T10:28:00,MONITORING  (NATIONAL AGENCY POLICY),RIVER / RUNNING SURFACE WATER,3410,"Nickel, Dissolved",1.4,MICROGRAM PER LITRE
https://environment.data.gov.uk/water-quality/sampling-point/TH-RSN0018/sample/1362704/observation/3475,TH-RSN0018,RSN0018 RIVER THAMES AT MAGNA CARTA,-0.562,51.4448,Thames,THAMES - WEST THAMES,Multiple Values,OPEN,FRESHWATER - RIVERS,2021-09-15T10:28:00,MONITORING  (NATIONAL AGENCY POLICY),RIVER / RUNNING SURFACE WATER,3475,Carbendazim,<0.01,MICROGRAM PER LITRE
https://environment.data.gov.uk/water-quality/sampling-point/TH-RSN0018/sample/1362704/observation/3545,TH-RSN0018,RSN0018 RIVER THAMES AT MAGNA CARTA,-0.562,51.4448,Thames,THAMES - WEST THAMES,Multiple Values,OPEN,FRESHWATER - RIVERS,2021-09-15T10:28:00,MONITORING  (NATIONAL AGENCY POLICY),RIVER / RUNNING SURFACE WATER,3545,"2,4-D :- {2,4-Dichlorophenoxyacetic acid}",<0.005,MICROGRAM PER LITRE
https://environment.data.gov.uk/water-quality/sampling-point/TH-RSN0018/sample/1362704/observation/3546,TH-RSN0018,RSN0018 RIVER THAMES AT MAGNA CARTA,-0.562,51.4448,Thames,THAMES - WEST THAMES,Multiple Values,OPEN,FRESHWATER - RIVERS,2021-09-15T10:28:00,MONITORING  (NATIONAL AGENCY POLICY),RIVER / RUNNING SURFACE WATER,3546,"2,4,5-T :- {2,4,5-Trichlorophenoxyacetic acid}",<0.005,MICROGRAM PER LITRE
https://environment.data.gov.uk/water-quality/sampling-point/TH-RSN0018/sample/1362704/observation/3547,TH-RSN0018,RSN0018 RIVER THAMES AT MAGNA CARTA,-0.562,51.4448,Thames,THAMES - WEST THAMES,Multiple Values,OPEN,FRESHWATER - RIVERS,2021-09-15T10:28:00,MONITORING  (NATIONAL AGENCY POLICY),RIVER / RUNNING SURFACE WATER,3547,4-Chlorophenoxyacetic acid,<0.005,MICROGRAM PER LITRE
https://environment.data.gov.uk/water-quality/sampling-point/TH-RSN0018/sample/1362704/observation/3548,TH-RSN0018,RSN0018 RIVER THAMES AT MAGNA CARTA,-0.562,51.4448,Thames,THAMES - WEST THAMES,Multiple Values,OPEN,FRESHWATER - RIVERS,2021-09-15T10:28:00,MONITORING  (NATIONAL AGENCY POLICY),RIVER / RUNNING SURFACE WATER,3548,MCPA :- {4-Chloro-2-methylphenoxyacetic acid} ,0.0079,MICROGRAM PER LITRE
https://environment.data.gov.uk/water-quality/sampling-point/TH-RSN0018/sample/1362704/observation/3549,TH-RSN0018,RSN0018 RIVER THAMES AT MAGNA CARTA,-0.562,51.4448,Thames,THAMES - WEST THAMES,Multiple Values,OPEN,FRESHWATER - RIVERS,2021-09-15T10:28:00,MONITORING  (NATIONAL AGENCY POLICY),RIVER / RUNNING SURFACE WATER,3549,Mecoprop,<0.005,MICROGRAM PER LITRE
https://environment.data.gov.uk/water-quality/sampling-point/TH-RSN0018/sample/1362704/observation/3550,TH-RSN0018,RSN0018 RIVER THAMES AT MAGNA CARTA,-0.562,51.4448,Thames,THAMES - WEST THAMES,Multiple Values,OPEN,FRESHWATER - RIVERS,2021-09-15T10:28:00,MONITORING  (NATIONAL AGENCY POLICY),RIVER / RUNNING SURFACE WATER,3550,Dicamba,<0.01,MICROGRAM PER LITRE
https://environment.data.gov.uk/water-quality/sampling-point/TH-RSN0018/sample/1362704/observation/3551,TH-RSN0018,RSN0018 RIVER THAMES AT MAGNA CARTA,-0.562,51.4448,Thames,THAMES - WEST THAMES,Multiple Values,OPEN,FRESHWATER - RIVERS,2021-09-15T10:28:00,MONITORING  (NATIONAL AGENCY POLICY),RIVER / RUNNING SURFACE WATER,3551,"Dichlorprop :- {2,4-DP}",<0.005,MICROGRAM PER LITRE
https://environment.data.gov.uk/water-quality/sampling-point/TH-RSN0018/sample/1362704/observation/3552,TH-RSN0018,RSN0018 RIVER THAMES AT MAGNA CARTA,-0.562,51.4448,Thames,THAMES - WEST THAMES,Multiple Values,OPEN,FRESHWATER - RIVERS,2021-09-15T10:28:00,MONITORING  (NATIONAL AGENCY POLICY),RIVER / RUNNING SURFACE WATER,3552,Fenoprop,<0.005,MICROGRAM PER LITRE
https://environment.data.gov.uk/water-quality/sampling-point/TH-RSN0018/sample/1362704/observation/3555,TH-RSN0018,RSN0018 RIVER THAMES AT MAGNA CARTA,-0.562,51.4448,Thames,THAMES - WEST THAMES,Multiple Values,OPEN,FRESHWATER - RIVERS,2021-09-15T10:28:00,MONITORING  (NATIONAL AGENCY POLICY),RIVER / RUNNING SURFACE WATER,3555,Triclopyr,0.011,MICROGRAM PER LITRE
https://environment.data.gov.uk/water-quality/sampling-point/TH-RSN0018/sample/1362704/observation/3790,TH-RSN0018,RSN0018 RIVER THAMES AT MAGNA CARTA,-0.562,51.4448,Thames,THAMES - WEST THAMES,Multiple Values,OPEN,FRESHWATER - RIVERS,2021-09-15T10:28:00,MONITORING  (NATIONAL AGENCY POLICY),RIVER / RUNNING SURFACE WATER,3790,MCPB :- {4-Chloro-2-methylphenoxybutyric acid},<0.005,MICROGRAM PER LITRE
https://environment.data.gov.uk/water-quality/sampling-point/TH-RSN0018/sample/1362704/observation/3791,TH-RSN0018,RSN0018 RIVER THAMES AT MAGNA CARTA,-0.562,51.4448,Thames,THAMES - WEST THAMES,Multiple Values,OPEN,FRESHWATER - RIVERS,2021-09-15T10:28:00,MONITORING  (NATIONAL AGENCY POLICY),RIVER / RUNNING SURFACE WATER,3791,"2,4-DB :- {4-(2,4-dichlorophenoxy)butyric acid}",<0.005,MICROGRAM PER LITRE
https://environment.data.gov.uk/water-quality/sampling-point/TH-RSN0018/sample/1362704/observation/3792,TH-RSN0018,RSN0018 RIVER THAMES AT MAGNA CARTA,-0.562,51.4448,Thames,THAMES - WEST THAMES,Multiple Values,OPEN,FRESHWATER - RIVERS,2021-09-15T10:28:00,MONITORING  (NATIONAL AGENCY POLICY),RIVER / RUNNING SURFACE WATER,3792,Benazolin,<0.005,MICROGRAM PER LITRE
https://environment.data.gov.uk/water-quality/sampling-point/TH-RSN0018/sample/1362704/observation/3811,TH-RSN0018,RSN0018 RIVER THAMES AT MAGNA CARTA,-0.562,51.4448,Thames,THAMES - WEST THAMES,Multiple Values,OPEN,FRESHWATER - RIVERS,2021-09-15T10:28:00,MONITORING  (NATIONAL AGENCY POLICY),RIVER / RUNNING SURFACE WATER,3811,Diuron,<0.01,MICROGRAM PER LITRE
https://environment.data.gov.uk/water-quality/sampling-point/TH-RSN0018/sample/1362704/observation/3878,TH-RSN0018,RSN0018 RIVER THAMES AT MAGNA CARTA,-0.562,51.4448,Thames,THAMES - WEST THAMES,Multiple Values,OPEN,FRESHWATER - RIVERS,2021-09-15T10:28:00,MONITORING  (NATIONAL AGENCY POLICY),RIVER / RUNNING SURFACE WATER,3878,Nickel : BLM Bioavailable,0.85,MICROGRAM PER LITRE
https://environment.data.gov.uk/water-quality/sampling-point/TH-RSN0018/sample/1362704/observation/4064,TH-RSN0018,RSN0018 RIVER THAMES AT MAGNA CARTA,-0.562,51.4448,Thames,THAMES - WEST THAMES,Multiple Values,OPEN,FRESHWATER - RIVERS,2021-09-15T10:28:00,MONITORING  (NATIONAL AGENCY POLICY),RIVER / RUNNING SURFACE WATER,4064,Fluroxypyr,<0.005,MICROGRAM PER LITRE
https://environment.data.gov.uk/water-quality/sampling-point/TH-RSN0018/sample/1362704/observation/4065,TH-RSN0018,RSN0018 RIVER THAMES AT MAGNA CARTA,-0.562,51.4448,Thames,THAMES - WEST THAMES,Multiple Values,OPEN,FRESHWATER - RIVERS,2021-09-15T10:28:00,MONITORING  (NATIONAL AGENCY POLICY),RIVER / RUNNING SURFACE WATER,4065,Bentazone,0.0033,MICROGRAM PER LITRE
https://environment.data.gov.uk/water-quality/sampling-point/TH-RSN0018/sample/1362704/observation/4201,TH-RSN0018,RSN0018 RIVER THAMES AT MAGNA CARTA,-0.562,51.4448,Thames,THAMES - WEST THAMES,Multiple Values,OPEN,FRESHWATER - RIVERS,2021-09-15T10:28:00,MONITORING  (NATIONAL AGENCY POLICY),RIVER / RUNNING SURFACE WATER,4201,"Lithium, Dissolved",<100,MICROGRAM PER LITRE
https://environment.data.gov.uk/water-quality/sampling-point/TH-RSN0018/sample/1362704/observation/4820,TH-RSN0018,RSN0018 RIVER THAMES AT MAGNA CARTA,-0.562,51.4448,Thames,THAMES - WEST THAMES,Multiple Values,OPEN,FRESHWATER - RIVERS,2021-09-15T10:28:00,MONITORING  (NATIONAL AGENCY POLICY),RIVER / RUNNING SURFACE WATER,4820,Manganese : BLM Bioavailable,4.1,MICROGRAM PER LITRE
https://environment.data.gov.uk/water-quality/sampling-point/TH-RSN0018/sample/1362704/observation/4821,TH-RSN0018,RSN0018 RIVER THAMES AT MAGNA CARTA,-0.562,51.4448,Thames,THAMES - WEST THAMES,Multiple Values,OPEN,FRESHWATER - RIVERS,2021-09-15T10:28:00,MONITORING  (NATIONAL AGENCY POLICY),RIVER / RUNNING SURFACE WATER,4821,Copper : BLM Bioavailable,0.46,MICROGRAM PER LITRE
https://environment.data.gov.uk/water-quality/sampling-point/TH-RSN0018/sample/1362704/observation/4822,TH-RSN0018,RSN0018 RIVER THAMES AT MAGNA CARTA,-0.562,51.4448,Thames,THAMES - WEST THAMES,Multiple Values,OPEN,FRESHWATER - RIVERS,2021-09-15T10:28:00,MONITORING  (NATIONAL AGENCY POLICY),RIVER / RUNNING SURFACE WATER,4822,Zinc : BLM Bioavailable,2.4,MICROGRAM PER LITRE
https://environment.data.gov.uk/water-quality/sampling-point/TH-RSN0018/sample/1362704/observation/4994,TH-RSN0018,RSN0018 RIVER THAMES AT MAGNA CARTA,-0.562,51.4448,Thames,THAMES - WEST THAMES,Multiple Values,OPEN,FRESHWATER - RIVERS,2021-09-15T10:28:00,MONITORING  (NATIONAL AGENCY POLICY),RIVER / RUNNING SURFACE WATER,4994,GCMS Screen : Target Based multi-residue screening : Semi Quantitative,1,Text Result
https://environment.data.gov.uk/water-quality/sampling-point/TH-RSN0018/sample/1362704/observation/5042,TH-RSN0018,RSN0018 RIVER THAMES AT MAGNA CARTA,-0.562,51.4448,Thames,THAMES - WEST THAMES,Multiple Values,OPEN,FRESHWATER - RIVERS,2021-09-15T10:28:00,MONITORING  (NATIONAL AGENCY POLICY),RIVER / RUNNING SURFACE WATER,5042,Sulcotrione,<0.1,MICROGRAM PER LITRE
https://environment.data.gov.uk/water-quality/sampling-point/TH-RSN0018/sample/1362704/observation/5047,TH-RSN0018,RSN0018 RIVER THAMES AT MAGNA CARTA,-0.562,51.4448,Thames,THAMES - WEST THAMES,Multiple Values,OPEN,FRESHWATER - RIVERS,2021-09-15T10:28:00,MONITORING  (NATIONAL AGENCY POLICY),RIVER / RUNNING SURFACE WATER,5047,Ethirimol,<0.05,MICROGRAM PER LITRE
https://environment.data.gov.uk/water-quality/sampling-point/TH-RSN0018/sample/1362704/observation/5050,TH-RSN0018,RSN0018 RIVER THAMES AT MAGNA CARTA,-0.562,51.4448,Thames,THAMES - WEST THAMES,Multiple Values,OPEN,FRESHWATER - RIVERS,2021-09-15T10:28:00,MONITORING  (NATIONAL AGENCY POLICY),RIVER / RUNNING SURFACE WATER,5050,Azoxystrobin,<0.02,MICROGRAM PER LITRE
https://environment.data.gov.uk/water-quality/sampling-point/TH-RSN0018/sample/1362704/observation/5446,TH-RSN0018,RSN0018 RIVER THAMES AT MAGNA CARTA,-0.562,51.4448,Thames,THAMES - WEST THAMES,Multiple Values,OPEN,FRESHWATER - RIVERS,2021-09-15T10:28:00,MONITORING  (NATIONAL AGENCY POLICY),RIVER / RUNNING SURFACE WATER,5446,Cypermethrin Identification,1,Text Result
https://environment.data.gov.uk/water-quality/sampling-point/TH-RSN0018/sample/1362704/observation/5732,TH-RSN0018,RSN0018 RIVER THAMES AT MAGNA CARTA,-0.562,51.4448,Thames,THAMES - WEST THAMES,Multiple Values,OPEN,FRESHWATER - RIVERS,2021-09-15T10:28:00,MONITORING  (NATIONAL AGENCY POLICY),RIVER / RUNNING SURFACE WATER,5732,Triphenyl Tin as Cation,<0.0002,MICROGRAM PER LITRE
https://environment.data.gov.uk/water-quality/sampling-point/TH-RSN0018/sample/1362704/observation/5889,TH-RSN0018,RSN0018 RIVER THAMES AT MAGNA CARTA,-0.562,51.4448,Thames,THAMES - WEST THAMES,Multiple Values,OPEN,FRESHWATER - RIVERS,2021-09-15T10:28:00,MONITORING  (NATIONAL AGENCY POLICY),RIVER / RUNNING SURFACE WATER,5889,Triclosan,<0.01,MICROGRAM PER LITRE
https://environment.data.gov.uk/water-quality/sampling-point/TH-RSN0018/sample/1362704/observation/6037,TH-RSN0018,RSN0018 RIVER THAMES AT MAGNA CARTA,-0.562,51.4448,Thames,THAMES - WEST THAMES,Multiple Values,OPEN,FRESHWATER - RIVERS,2021-09-15T10:28:00,MONITORING  (NATIONAL AGENCY POLICY),RIVER / RUNNING SURFACE WATER,6037,"Aluminium, Dissolved",18,MICROGRAM PER LITRE
https://environment.data.gov.uk/water-quality/sampling-point/TH-RSN0018/sample/1362704/observation/6399,TH-RSN0018,RSN0018 RIVER THAMES AT MAGNA CARTA,-0.562,51.4448,Thames,THAMES - WEST THAMES,Multiple Values,OPEN,FRESHWATER - RIVERS,2021-09-15T10:28:00,MONITORING  (NATIONAL AGENCY POLICY),RIVER / RUNNING SURFACE WATER,6399,Benzo(a)Pyrene,<0.01,MICROGRAM PER LITRE
https://environment.data.gov.uk/water-quality/sampling-point/TH-RSN0018/sample/1362704/observation/6449,TH-RSN0018,RSN0018 RIVER THAMES AT MAGNA CARTA,-0.562,51.4448,Thames,THAMES - WEST THAMES,Multiple Values,OPEN,FRESHWATER - RIVERS,2021-09-15T10:28:00,MONITORING  (NATIONAL AGENCY POLICY),RIVER / RUNNING SURFACE WATER,6449,Bromoxynil,<0.005,MICROGRAM PER LITRE
https://environment.data.gov.uk/water-quality/sampling-point/TH-RSN0018/sample/1362704/observation/6450,TH-RSN0018,RSN0018 RIVER THAMES AT MAGNA CARTA,-0.562,51.4448,Thames,THAMES - WEST THAMES,Multiple Values,OPEN,FRESHWATER - RIVERS,2021-09-15T10:28:00,MONITORING  (NATIONAL AGENCY POLICY),RIVER / RUNNING SURFACE WATER,6450,"Copper, Dissolved",2.8,MICROGRAM PER LITRE
https://environment.data.gov.uk/water-quality/sampling-point/TH-RSN0018/sample/1362704/observation/6458,TH-RSN0018,RSN0018 RIVER THAMES AT MAGNA CARTA,-0.562,51.4448,Thames,THAMES - WEST THAMES,Multiple Values,OPEN,FRESHWATER - RIVERS,2021-09-15T10:28:00,MONITORING  (NATIONAL AGENCY POLICY),RIVER / RUNNING SURFACE WATER,6458,"Manganese, Dissolved",<10,MICROGRAM PER LITRE
https://environment.data.gov.uk/water-quality/sampling-point/TH-RSN0018/sample/1362704/observation/6460,TH-RSN0018,RSN0018 RIVER THAMES AT MAGNA CARTA,-0.562,51.4448,Thames,THAMES - WEST THAMES,Multiple Values,OPEN,FRESHWATER - RIVERS,2021-09-15T10:28:00,MONITORING  (NATIONAL AGENCY POLICY),RIVER / RUNNING SURFACE WATER,6460,"Iron, Dissolved",<30,MICROGRAM PER LITRE
https://environment.data.gov.uk/water-quality/sampling-point/TH-RSN0018/sample/1362704/observation/6620,TH-RSN0018,RSN0018 RIVER THAMES AT MAGNA CARTA,-0.562,51.4448,Thames,THAMES - WEST THAMES,Multiple Values,OPEN,FRESHWATER - RIVERS,2021-09-15T10:28:00,MONITORING  (NATIONAL AGENCY POLICY),RIVER / RUNNING SURFACE WATER,6620,Clopyralid,<0.005,MICROGRAM PER LITRE
https://environment.data.gov.uk/water-quality/sampling-point/TH-RSN0018/sample/1362704/observation/6671,TH-RSN0018,RSN0018 RIVER THAMES AT MAGNA CARTA,-0.562,51.4448,Thames,THAMES - WEST THAMES,Multiple Values,OPEN,FRESHWATER - RIVERS,2021-09-15T10:28:00,MONITORING  (NATIONAL AGENCY POLICY),RIVER / RUNNING SURFACE WATER,6671,Phenoxyacetic acid :- {PAA},0.31,MICROGRAM PER LITRE
https://environment.data.gov.uk/water-quality/sampling-point/TH-RSN0018/sample/1362704/observation/6672,TH-RSN0018,RSN0018 RIVER THAMES AT MAGNA CARTA,-0.562,51.4448,Thames,THAMES - WEST THAMES,Multiple Values,OPEN,FRESHWATER - RIVERS,2021-09-15T10:28:00,MONITORING  (NATIONAL AGENCY POLICY),RIVER / RUNNING SURFACE WATER,6672,4-Phenoxybutyric acid :- {PBA},<0.005,MICROGRAM PER LITRE
https://environment.data.gov.uk/water-quality/sampling-point/TH-RSN0018/sample/1362704/observation/6673,TH-RSN0018,RSN0018 RIVER THAMES AT MAGNA CARTA,-0.562,51.4448,Thames,THAMES - WEST THAMES,Multiple Values,OPEN,FRESHWATER - RIVERS,2021-09-15T10:28:00,MONITORING  (NATIONAL AGENCY POLICY),RIVER / RUNNING SURFACE WATER,6673,2-Phenoxypropionic acid :- {PPA},<0.005,MICROGRAM PER LITRE
https://environment.data.gov.uk/water-quality/sampling-point/TH-RSN0018/sample/1362704/observation/6693,TH-RSN0018,RSN0018 RIVER THAMES AT MAGNA CARTA,-0.562,51.4448,Thames,THAMES - WEST THAMES,Multiple Values,OPEN,FRESHWATER - RIVERS,2021-09-15T10:28:00,MONITORING  (NATIONAL AGENCY POLICY),RIVER / RUNNING SURFACE WATER,6693,"Strontium, Filtered",360,MICROGRAM PER LITRE
https://environment.data.gov.uk/water-quality/sampling-point/TH-RSN0018/sample/1362704/observation/6724,TH-RSN0018,RSN0018 RIVER THAMES AT MAGNA CARTA,-0.562,51.4448,Thames,THAMES - WEST THAMES,Multiple Values,OPEN,FRESHWATER - RIVERS,2021-09-15T10:28:00,MONITORING  (NATIONAL AGENCY POLICY),RIVER / RUNNING SURFACE WATER,6724,Di(2-ethylhexyl) phthalate :- {DEHP},<0.2,MICROGRAM PER LITRE
https://environment.data.gov.uk/water-quality/sampling-point/TH-RSN0018/sample/1362704/observation/6760,TH-RSN0018,RSN0018 RIVER THAMES AT MAGNA CARTA,-0.562,51.4448,Thames,THAMES - WEST THAMES,Multiple Values,OPEN,FRESHWATER - RIVERS,2021-09-15T10:28:00,MONITORING  (NATIONAL AGENCY POLICY),RIVER / RUNNING SURFACE WATER,6760,Chloridazon,<0.01,MICROGRAM PER LITRE
https://environment.data.gov.uk/water-quality/sampling-point/TH-RSN0018/sample/1362704/observation/6955,TH-RSN0018,RSN0018 RIVER THAMES AT MAGNA CARTA,-0.562,51.4448,Thames,THAMES - WEST THAMES,Multiple Values,OPEN,FRESHWATER - RIVERS,2021-09-15T10:28:00,MONITORING  (NATIONAL AGENCY POLICY),RIVER / RUNNING SURFACE WATER,6955,Ethiofencarb,<0.005,MICROGRAM PER LITRE
https://environment.data.gov.uk/water-quality/sampling-point/TH-RSN0018/sample/1362704/observation/6971,TH-RSN0018,RSN0018 RIVER THAMES AT MAGNA CARTA,-0.562,51.4448,Thames,THAMES - WEST THAMES,Multiple Values,OPEN,FRESHWATER - RIVERS,2021-09-15T10:28:00,MONITORING  (NATIONAL AGENCY POLICY),RIVER / RUNNING SURFACE WATER,6971,Methiocarb,<0.001,MICROGRAM PER LITRE
https://environment.data.gov.uk/water-quality/sampling-point/TH-RSN0018/sample/1362704/observation/6972,TH-RSN0018,RSN0018 RIVER THAMES AT MAGNA CARTA,-0.562,51.4448,Thames,THAMES - WEST THAMES,Multiple Values,OPEN,FRESHWATER - RIVERS,2021-09-15T10:28:00,MONITORING  (NATIONAL AGENCY POLICY),RIVER / RUNNING SURFACE WATER,6972,Methomyl,<0.005,MICROGRAM PER LITRE
https://environment.data.gov.uk/water-quality/sampling-point/TH-RSN0018/sample/1362704/observation/6980,TH-RSN0018,RSN0018 RIVER THAMES AT MAGNA CARTA,-0.562,51.4448,Thames,THAMES - WEST THAMES,Multiple Values,OPEN,FRESHWATER - RIVERS,2021-09-15T10:28:00,MONITORING  (NATIONAL AGENCY POLICY),RIVER / RUNNING SURFACE WATER,6980,Oxamyl,<0.005,MICROGRAM PER LITRE
https://environment.data.gov.uk/water-quality/sampling-point/TH-RSN0018/sample/1362704/observation/6987,TH-RSN0018,RSN0018 RIVER THAMES AT MAGNA CARTA,-0.562,51.4448,Thames,THAMES - WEST THAMES,Multiple Values,OPEN,FRESHWATER - RIVERS,2021-09-15T10:28:00,MONITORING  (NATIONAL AGENCY POLICY),RIVER / RUNNING SURFACE WATER,6987,Propoxur,<0.005,MICROGRAM PER LITRE
https://environment.data.gov.uk/water-quality/sampling-point/TH-RSN0018/sample/1362704/observation/7025,TH-RSN0018,RSN0018 RIVER THAMES AT MAGNA CARTA,-0.562,51.4448,Thames,THAMES - WEST THAMES,Multiple Values,OPEN,FRESHWATER - RIVERS,2021-09-15T10:28:00,MONITORING  (NATIONAL AGENCY POLICY),RIVER / RUNNING SURFACE WATER,7025,Imazapyr,<0.005,MICROGRAM PER LITRE
https://environment.data.gov.uk/water-quality/sampling-point/TH-RSN0018/sample/1362704/observation/7053,TH-RSN0018,RSN0018 RIVER THAMES AT MAGNA CARTA,-0.562,51.4448,Thames,THAMES - WEST THAMES,Multiple Values,OPEN,FRESHWATER - RIVERS,2021-09-15T10:28:00,MONITORING  (NATIONAL AGENCY POLICY),RIVER / RUNNING SURFACE WATER,7053,Methabenzthiazuron,<0.01,MICROGRAM PER LITRE
https://environment.data.gov.uk/water-quality/sampling-point/TH-RSN0018/sample/1362704/observation/7125,TH-RSN0018,RSN0018 RIVER THAMES AT MAGNA CARTA,-0.562,51.4448,Thames,THAMES - WEST THAMES,Multiple Values,OPEN,FRESHWATER - RIVERS,2021-09-15T10:28:00,MONITORING  (NATIONAL AGENCY POLICY),RIVER / RUNNING SURFACE WATER,7125,Aminomethylphosphonic acid,0.76,MICROGRAM PER LITRE
https://environment.data.gov.uk/water-quality/sampling-point/TH-RSN0018/sample/1362704/observation/7726,TH-RSN0018,RSN0018 RIVER THAMES AT MAGNA CARTA,-0.562,51.4448,Thames,THAMES - WEST THAMES,Multiple Values,OPEN,FRESHWATER - RIVERS,2021-09-15T10:28:00,MONITORING  (NATIONAL AGENCY POLICY),RIVER / RUNNING SURFACE WATER,7726,"2,3,6-TBA :- {2,3,6-Trichlorobenzoic acid}",<0.02,MICROGRAM PER LITRE
https://environment.data.gov.uk/water-quality/sampling-point/TH-RSN0018/sample/1362704/observation/7859,TH-RSN0018,RSN0018 RIVER THAMES AT MAGNA CARTA,-0.562,51.4448,Thames,THAMES - WEST THAMES,Multiple Values,OPEN,FRESHWATER - RIVERS,2021-09-15T10:28:00,MONITORING  (NATIONAL AGENCY POLICY),RIVER / RUNNING SURFACE WATER,7859,"Sulphate, Dissolved as SO4",48,MILLIGRAM PER LITRE
https://environment.data.gov.uk/water-quality/sampling-point/TH-RSN0018/sample/1362704/observation/8806,TH-RSN0018,RSN0018 RIVER THAMES AT MAGNA CARTA,-0.562,51.4448,Thames,THAMES - WEST THAMES,Multiple Values,OPEN,FRESHWATER - RIVERS,2021-09-15T10:28:00,MONITORING  (NATIONAL AGENCY POLICY),RIVER / RUNNING SURFACE WATER,8806,Aldicarb sulfoxide,<0.005,MICROGRAM PER LITRE
https://environment.data.gov.uk/water-quality/sampling-point/TH-RSN0018/sample/1362704/observation/8807,TH-RSN0018,RSN0018 RIVER THAMES AT MAGNA CARTA,-0.562,51.4448,Thames,THAMES - WEST THAMES,Multiple Values,OPEN,FRESHWATER - RIVERS,2021-09-15T10:28:00,MONITORING  (NATIONAL AGENCY POLICY),RIVER / RUNNING SURFACE WATER,8807,Aldoxycarb :- {Aldicarb Sulfone},<0.005,MICROGRAM PER LITRE
https://environment.data.gov.uk/water-quality/sampling-point/TH-RSN0018/sample/1362704/observation/8944,TH-RSN0018,RSN0018 RIVER THAMES AT MAGNA CARTA,-0.562,51.4448,Thames,THAMES - WEST THAMES,Multiple Values,OPEN,FRESHWATER - RIVERS,2021-09-15T10:28:00,MONITORING  (NATIONAL AGENCY POLICY),RIVER / RUNNING SURFACE WATER,8944,Tributyl Tin as Cation,<0.0002,MICROGRAM PER LITRE
https://environment.data.gov.uk/water-quality/sampling-point/TH-RSN0018/sample/1362704/observation/9068,TH-RSN0018,RSN0018 RIVER THAMES AT MAGNA CARTA,-0.562,51.4448,Thames,THAMES - WEST THAMES,Multiple Values,OPEN,FRESHWATER - RIVERS,2021-09-15T10:28:00,MONITORING  (NATIONAL AGENCY POLICY),RIVER / RUNNING SURFACE WATER,9068,Ioxynil,<0.005,MICROGRAM PER LITRE
https://environment.data.gov.uk/water-quality/sampling-point/TH-RSN0018/sample/1362704/observation/9073,TH-RSN0018,RSN0018 RIVER THAMES AT MAGNA CARTA,-0.562,51.4448,Thames,THAMES - WEST THAMES,Multiple Values,OPEN,FRESHWATER - RIVERS,2021-09-15T10:28:00,MONITORING  (NATIONAL AGENCY POLICY),RIVER / RUNNING SURFACE WATER,9073,Carbetamide,<0.01,MICROGRAM PER LITRE
https://environment.data.gov.uk/water-quality/sampling-point/TH-RSN0018/sample/1362704/observation/9190,TH-RSN0018,RSN0018 RIVER THAMES AT MAGNA CARTA,-0.562,51.4448,Thames,THAMES - WEST THAMES,Multiple Values,OPEN,FRESHWATER - RIVERS,2021-09-15T10:28:00,MONITORING  (NATIONAL AGENCY POLICY),RIVER / RUNNING SURFACE WATER,9190,4-Nonylphenol Branched,<0.04,MICROGRAM PER LITRE
https://environment.data.gov.uk/water-quality/sampling-point/TH-RSN0018/sample/1362704/observation/9267,TH-RSN0018,RSN0018 RIVER THAMES AT MAGNA CARTA,-0.562,51.4448,Thames,THAMES - WEST THAMES,Multiple Values,OPEN,FRESHWATER - RIVERS,2021-09-15T10:28:00,MONITORING  (NATIONAL AGENCY POLICY),RIVER / RUNNING SURFACE WATER,9267,4-tert-Octylphenol :- {p-tert-Octylphenol},<0.01,MICROGRAM PER LITRE
https://environment.data.gov.uk/water-quality/sampling-point/TH-RSN0018/sample/1362704/observation/9274,TH-RSN0018,RSN0018 RIVER THAMES AT MAGNA CARTA,-0.562,51.4448,Thames,THAMES - WEST THAMES,Multiple Values,OPEN,FRESHWATER - RIVERS,2021-09-15T10:28:00,MONITORING  (NATIONAL AGENCY POLICY),RIVER / RUNNING SURFACE WATER,9274,Perfluorooctanoate anion,0.0029,MICROGRAM PER LITRE
https://environment.data.gov.uk/water-quality/sampling-point/TH-RSN0018/sample/1362704/observation/9276,TH-RSN0018,RSN0018 RIVER THAMES AT MAGNA CARTA,-0.562,51.4448,Thames,THAMES - WEST THAMES,Multiple Values,OPEN,FRESHWATER - RIVERS,2021-09-15T10:28:00,MONITORING  (NATIONAL AGENCY POLICY),RIVER / RUNNING SURFACE WATER,9276,Perfluorooctylsulphonate anion,0.0048,MICROGRAM PER LITRE
https://environment.data.gov.uk/water-quality/sampling-point/TH-RSN0018/sample/1362704/observation/9339,TH-RSN0018,RSN0018 RIVER THAMES AT MAGNA CARTA,-0.562,51.4448,Thames,THAMES - WEST THAMES,Multiple Values,OPEN,FRESHWATER - RIVERS,2021-09-15T10:28:00,MONITORING  (NATIONAL AGENCY POLICY),RIVER / RUNNING SURFACE WATER,9339,Fenuron,<0.01,MICROGRAM PER LITRE
https://environment.data.gov.uk/water-quality/sampling-point/TH-RSN0018/sample/1362704/observation/9341,TH-RSN0018,RSN0018 RIVER THAMES AT MAGNA CARTA,-0.562,51.4448,Thames,THAMES - WEST THAMES,Multiple Values,OPEN,FRESHWATER - RIVERS,2021-09-15T10:28:00,MONITORING  (NATIONAL AGENCY POLICY),RIVER / RUNNING SURFACE WATER,9341,cis-Permethrin,<0.0001,MICROGRAM PER LITRE
https://environment.data.gov.uk/water-quality/sampling-point/TH-RSN0018/sample/1362704/observation/9342,TH-RSN0018,RSN0018 RIVER THAMES AT MAGNA CARTA,-0.562,51.4448,Thames,THAMES - WEST THAMES,Multiple Values,OPEN,FRESHWATER - RIVERS,2021-09-15T10:28:00,MONITORING  (NATIONAL AGENCY POLICY),RIVER / RUNNING SURFACE WATER,9342,trans-Permethrin,<0.0001,MICROGRAM PER LITRE
https://environment.data.gov.uk/water-quality/sampling-point/TH-RSN0018/sample/1362704/observation/9343,TH-RSN0018,RSN0018 RIVER THAMES AT MAGNA CARTA,-0.562,51.4448,Thames,THAMES - WEST THAMES,Multiple Values,OPEN,FRESHWATER - RIVERS,2021-09-15T10:28:00,MONITORING  (NATIONAL AGENCY POLICY),RIVER / RUNNING SURFACE WATER,9343,Carbaryl,<0.01,MICROGRAM PER LITRE
https://environment.data.gov.uk/water-quality/sampling-point/TH-RSN0018/sample/1362704/observation/9344,TH-RSN0018,RSN0018 RIVER THAMES AT MAGNA CARTA,-0.562,51.4448,Thames,THAMES - WEST THAMES,Multiple Values,OPEN,FRESHWATER - RIVERS,2021-09-15T10:28:00,MONITORING  (NATIONAL AGENCY POLICY),RIVER / RUNNING SURFACE WATER,9344,Aldicarb,<0.005,MICROGRAM PER LITRE
https://environment.data.gov.uk/water-quality/sampling-point/TH-RSN0018/sample/1362704/observation/9345,TH-RSN0018,RSN0018 RIVER THAMES AT MAGNA CARTA,-0.562,51.4448,Thames,THAMES - WEST THAMES,Multiple Values,OPEN,FRESHWATER - RIVERS,2021-09-15T10:28:00,MONITORING  (NATIONAL AGENCY POLICY),RIVER / RUNNING SURFACE WATER,9345,Diflurobenzuron,<0.01,MICROGRAM PER LITRE
https://environment.data.gov.uk/water-quality/sampling-point/TH-RSN0018/sample/1362704/observation/9348,TH-RSN0018,RSN0018 RIVER THAMES AT MAGNA CARTA,-0.562,51.4448,Thames,THAMES - WEST THAMES,Multiple Values,OPEN,FRESHWATER - RIVERS,2021-09-15T10:28:00,MONITORING  (NATIONAL AGENCY POLICY),RIVER / RUNNING SURFACE WATER,9348,Chlorotoluron,<0.01,MICROGRAM PER LITRE
https://environment.data.gov.uk/water-quality/sampling-point/TH-RSN0018/sample/1362704/observation/9446,TH-RSN0018,RSN0018 RIVER THAMES AT MAGNA CARTA,-0.562,51.4448,Thames,THAMES - WEST THAMES,Multiple Values,OPEN,FRESHWATER - RIVERS,2021-09-15T10:28:00,MONITORING  (NATIONAL AGENCY POLICY),RIVER / RUNNING SURFACE WATER,9446,"Barium, Dissolved",21,MICROGRAM PER LITRE
https://environment.data.gov.uk/water-quality/sampling-point/TH-RSN0018/sample/1362704/observation/9447,TH-RSN0018,RSN0018 RIVER THAMES AT MAGNA CARTA,-0.562,51.4448,Thames,THAMES - WEST THAMES,Multiple Values,OPEN,FRESHWATER - RIVERS,2021-09-15T10:28:00,MONITORING  (NATIONAL AGENCY POLICY),RIVER / RUNNING SURFACE WATER,9447,"Boron, Dissolved",<100,MICROGRAM PER LITRE
https://environment.data.gov.uk/water-quality/sampling-point/TH-RSN0018/sample/1362704/observation/9686,TH-RSN0018,RSN0018 RIVER THAMES AT MAGNA CARTA,-0.562,51.4448,Thames,THAMES - WEST THAMES,Multiple Values,OPEN,FRESHWATER - RIVERS,2021-09-15T10:28:00,MONITORING  (NATIONAL AGENCY POLICY),RIVER / RUNNING SURFACE WATER,9686,"Nitrogen, Total as N",8.5,MILLIGRAM PER LITRE
https://environment.data.gov.uk/water-quality/sampling-point/TH-RSN0018/sample/1362704/observation/9756,TH-RSN0018,RSN0018 RIVER THAMES AT MAGNA CARTA,-0.562,51.4448,Thames,THAMES - WEST THAMES,Multiple Values,OPEN,FRESHWATER - RIVERS,2021-09-15T10:28:00,MONITORING  (NATIONAL AGENCY POLICY),RIVER / RUNNING SURFACE WATER,9756,Neburon,<0.01,MICROGRAM PER LITRE
https://environment.data.gov.uk/water-quality/sampling-point/TH-RSN0018/sample/1362704/observation/9861,TH-RSN0018,RSN0018 RIVER THAMES AT MAGNA CARTA,-0.562,51.4448,Thames,THAMES - WEST THAMES,Multiple Values,OPEN,FRESHWATER - RIVERS,2021-09-15T10:28:00,MONITORING  (NATIONAL AGENCY POLICY),RIVER / RUNNING SURFACE WATER,9861,Metsulfuron-methyl,<0.01,MICROGRAM PER LITRE
https://environment.data.gov.uk/water-quality/sampling-point/TH-RSN0018/sample/1362704/observation/9883,TH-RSN0018,RSN0018 RIVER THAMES AT MAGNA CARTA,-0.562,51.4448,Thames,THAMES - WEST THAMES,Multiple Values,OPEN,FRESHWATER - RIVERS,2021-09-15T10:28:00,MONITORING  (NATIONAL AGENCY POLICY),RIVER / RUNNING SURFACE WATER,9883,Picloram,<0.005,MICROGRAM PER LITRE
https://environment.data.gov.uk/water-quality/sampling-point/TH-RSN0018/sample/1362704/observation/9889,TH-RSN0018,RSN0018 RIVER THAMES AT MAGNA CARTA,-0.562,51.4448,Thames,THAMES - WEST THAMES,Multiple Values,OPEN,FRESHWATER - RIVERS,2021-09-15T10:28:00,MONITORING  (NATIONAL AGENCY POLICY),RIVER / RUNNING SURFACE WATER,9889,Oestrone :- {E1},0.61,NANOGRAM PER LITRE
https://environment.data.gov.uk/water-quality/sampling-point/TH-RSN0018/sample/1362704/observation/9898,TH-RSN0018,RSN0018 RIVER THAMES AT MAGNA CARTA,-0.562,51.4448,Thames,THAMES - WEST THAMES,Multiple Values,OPEN,FRESHWATER - RIVERS,2021-09-15T10:28:00,MONITORING  (NATIONAL AGENCY POLICY),RIVER / RUNNING SURFACE WATER,9898,17beta oestradiol :- {E2},0.1,NANOGRAM PER LITRE
https://environment.data.gov.uk/water-quality/sampling-point/TH-RSN0018/sample/1362704/observation/9899,TH-RSN0018,RSN0018 RIVER THAMES AT MAGNA CARTA,-0.562,51.4448,Thames,THAMES - WEST THAMES,Multiple Values,OPEN,FRESHWATER - RIVERS,2021-09-15T10:28:00,MONITORING  (NATIONAL AGENCY POLICY),RIVER / RUNNING SURFACE WATER,9899,17alpha ethynyloestradiol :- {EE2},0.11,NANOGRAM PER LITRE
https://environment.data.gov.uk/water-quality/sampling-point/TH-RSN0018/sample/1362704/observation/9901,TH-RSN0018,RSN0018 RIVER THAMES AT MAGNA CARTA,-0.562,51.4448,Thames,THAMES - WEST THAMES,Multiple Values,OPEN,FRESHWATER - RIVERS,2021-09-15T10:28:00,MONITORING  (NATIONAL AGENCY POLICY),RIVER / RUNNING SURFACE WATER,9901,"Oxygen, Dissolved, % Saturation",78.2,PERCENTAGE
https://environment.data.gov.uk/water-quality/sampling-point/TH-RSN0018/sample/1362704/observation/9924,TH-RSN0018,RSN0018 RIVER THAMES AT MAGNA CARTA,-0.562,51.4448,Thames,THAMES - WEST THAMES,Multiple Values,OPEN,FRESHWATER - RIVERS,2021-09-15T10:28:00,MONITORING  (NATIONAL AGENCY POLICY),RIVER / RUNNING SURFACE WATER,9924,"Oxygen, Dissolved as O2",7.37,MILLIGRAM PER LITRE
https://environment.data.gov.uk/water-quality/sampling-point/TH-RSN0018/sample/1367105/observation/0052,TH-RSN0018,RSN0018 RIVER THAMES AT MAGNA CARTA,-0.562,51.4448,Thames,THAMES - WEST THAMES,Multiple Values,OPEN,FRESHWATER - RIVERS,2021-10-08T12:06:00,MONITORING  (NATIONAL AGENCY POLICY),RIVER / RUNNING SURFACE WATER,0052,"Lead, Dissolved",0.11,MICROGRAM PER LITRE
https://environment.data.gov.uk/water-quality/sampling-point/TH-RSN0018/sample/1367105/observation/0061,TH-RSN0018,RSN0018 RIVER THAMES AT MAGNA CARTA,-0.562,51.4448,Thames,THAMES - WEST THAMES,Multiple Values,OPEN,FRESHWATER - RIVERS,2021-10-08T12:06:00,MONITORING  (NATIONAL AGENCY POLICY),RIVER / RUNNING SURFACE WATER,0061,pH,8.09,PH UNITS
https://environment.data.gov.uk/water-quality/sampling-point/TH-RSN0018/sample/1367105/observation/0073,TH-RSN0018,RSN0018 RIVER THAMES AT MAGNA CARTA,-0.562,51.4448,Thames,THAMES - WEST THAMES,Multiple Values,OPEN,FRESHWATER - RIVERS,2021-10-08T12:06:00,MONITORING  (NATIONAL AGENCY POLICY),RIVER / RUNNING SURFACE WATER,0073,Cypermethrin,<0.00001,MICROGRAM PER LITRE
https://environment.data.gov.uk/water-quality/sampling-point/TH-RSN0018/sample/1367105/observation/0076,TH-RSN0018,RSN0018 RIVER THAMES AT MAGNA CARTA,-0.562,51.4448,Thames,THAMES - WEST THAMES,Multiple Values,OPEN,FRESHWATER - RIVERS,2021-10-08T12:06:00,MONITORING  (NATIONAL AGENCY POLICY),RIVER / RUNNING SURFACE WATER,0076,Temperature of Water,14,CELSIUS
https://environment.data.gov.uk/water-quality/sampling-point/TH-RSN0018/sample/1367105/observation/0077,TH-RSN0018,RSN0018 RIVER THAMES AT MAGNA CARTA,-0.562,51.4448,Thames,THAMES - WEST THAMES,Multiple Values,OPEN,FRESHWATER - RIVERS,2021-10-08T12:06:00,MONITORING  (NATIONAL AGENCY POLICY),RIVER / RUNNING SURFACE WATER,0077,Conductivity at 25 C,626,MICROSIEMENS PER CENTIMETRE
https://environment.data.gov.uk/water-quality/sampling-point/TH-RSN0018/sample/1367105/observation/0106,TH-RSN0018,RSN0018 RIVER THAMES AT MAGNA CARTA,-0.562,51.4448,Thames,THAMES - WEST THAMES,Multiple Values,OPEN,FRESHWATER - RIVERS,2021-10-08T12:06:00,MONITORING  (NATIONAL AGENCY POLICY),RIVER / RUNNING SURFACE WATER,0106,"Cadmium, Dissolved",0.012,MICROGRAM PER LITRE
https://environment.data.gov.uk/water-quality/sampling-point/TH-RSN0018/sample/1367105/observation/0111,TH-RSN0018,RSN0018 RIVER THAMES AT MAGNA CARTA,-0.562,51.4448,Thames,THAMES - WEST THAMES,Multiple Values,OPEN,FRESHWATER - RIVERS,2021-10-08T12:06:00,MONITORING  (NATIONAL AGENCY POLICY),RIVER / RUNNING SURFACE WATER,0111,Ammoniacal Nitrogen as N,0.05,MILLIGRAM PER LITRE
https://environment.data.gov.uk/water-quality/sampling-point/TH-RSN0018/sample/1367105/observation/0116,TH-RSN0018,RSN0018 RIVER THAMES AT MAGNA CARTA,-0.562,51.4448,Thames,THAMES - WEST THAMES,Multiple Values,OPEN,FRESHWATER - RIVERS,2021-10-08T12:06:00,MONITORING  (NATIONAL AGENCY POLICY),RIVER / RUNNING SURFACE WATER,0116,"Nitrogen, Total Oxidised as N",6.6,MILLIGRAM PER LITRE
https://environment.data.gov.uk/water-quality/sampling-point/TH-RSN0018/sample/1367105/observation/0117,TH-RSN0018,RSN0018 RIVER THAMES AT MAGNA CARTA,-0.562,51.4448,Thames,THAMES - WEST THAMES,Multiple Values,OPEN,FRESHWATER - RIVERS,2021-10-08T12:06:00,MONITORING  (NATIONAL AGENCY POLICY),RIVER / RUNNING SURFACE WATER,0117,Nitrate as N,6.58,MILLIGRAM PER LITRE
https://environment.data.gov.uk/water-quality/sampling-point/TH-RSN0018/sample/1367105/observation/0118,TH-RSN0018,RSN0018 RIVER THAMES AT MAGNA CARTA,-0.562,51.4448,Thames,THAMES - WEST THAMES,Multiple Values,OPEN,FRESHWATER - RIVERS,2021-10-08T12:06:00,MONITORING  (NATIONAL AGENCY POLICY),RIVER / RUNNING SURFACE WATER,0118,Nitrite as N,0.017,MILLIGRAM PER LITRE
https://environment.data.gov.uk/water-quality/sampling-point/TH-RSN0018/sample/1367105/observation/0119,TH-RSN0018,RSN0018 RIVER THAMES AT MAGNA CARTA,-0.562,51.4448,Thames,THAMES - WEST THAMES,Multiple Values,OPEN,FRESHWATER - RIVERS,2021-10-08T12:06:00,MONITORING  (NATIONAL AGENCY POLICY),RIVER / RUNNING SURFACE WATER,0119,Ammonia un-ionised as N,0.00122,MILLIGRAM PER LITRE
https://environment.data.gov.uk/water-quality/sampling-point/TH-RSN0018/sample/1367105/observation/0158,TH-RSN0018,RSN0018 RIVER THAMES AT MAGNA CARTA,-0.562,51.4448,Thames,THAMES - WEST THAMES,Multiple Values,OPEN,FRESHWATER - RIVERS,2021-10-08T12:06:00,MONITORING  (NATIONAL AGENCY POLICY),RIVER / RUNNING SURFACE WATER,0158,"Hardness, Total as CaCO3",248,MILLIGRAM PER LITRE
https://environment.data.gov.uk/water-quality/sampling-point/TH-RSN0018/sample/1367105/observation/0162,TH-RSN0018,RSN0018 RIVER THAMES AT MAGNA CARTA,-0.562,51.4448,Thames,THAMES - WEST THAMES,Multiple Values,OPEN,FRESHWATER - RIVERS,2021-10-08T12:06:00,MONITORING  (NATIONAL AGENCY POLICY),RIVER / RUNNING SURFACE WATER,0162,Alkalinity to pH 4.5 as CaCO3,220,MILLIGRAM PER LITRE
https://environment.data.gov.uk/water-quality/sampling-point/TH-RSN0018/sample/1367105/observation/0163,TH-RSN0018,RSN0018 RIVER THAMES AT MAGNA CARTA,-0.562,51.4448,Thames,THAMES - WEST THAMES,Multiple Values,OPEN,FRESHWATER - RIVERS,2021-10-08T12:06:00,MONITORING  (NATIONAL AGENCY POLICY),RIVER / RUNNING SURFACE WATER,0163,"Hardness, Calcium",230,MILLIGRAM PER LITRE
https://environment.data.gov.uk/water-quality/sampling-point/TH-RSN0018/sample/1367105/observation/0172,TH-RSN0018,RSN0018 RIVER THAMES AT MAGNA CARTA,-0.562,51.4448,Thames,THAMES - WEST THAMES,Multiple Values,OPEN,FRESHWATER - RIVERS,2021-10-08T12:06:00,MONITORING  (NATIONAL AGENCY POLICY),RIVER / RUNNING SURFACE WATER,0172,Chloride,43,MILLIGRAM PER LITRE
https://environment.data.gov.uk/water-quality/sampling-point/TH-RSN0018/sample/1367105/observation/0180,TH-RSN0018,RSN0018 RIVER THAMES AT MAGNA CARTA,-0.562,51.4448,Thames,THAMES - WEST THAMES,Multiple Values,OPEN,FRESHWATER - RIVERS,2021-10-08T12:06:00,MONITORING  (NATIONAL AGENCY POLICY),RIVER / RUNNING SURFACE WATER,0180,"Orthophosphate, reactive as P",0.22,MILLIGRAM PER LITRE
https://environment.data.gov.uk/water-quality/sampling-point/TH-RSN0018/sample/1367105/observation/0182,TH-RSN0018,RSN0018 RIVER THAMES AT MAGNA CARTA,-0.562,51.4448,Thames,THAMES - WEST THAMES,Multiple Values,OPEN,FRESHWATER - RIVERS,2021-10-08T12:06:00,MONITORING  (NATIONAL AGENCY POLICY),RIVER / RUNNING SURFACE WATER,0182,"Silica, reactive as SiO2",13,MILLIGRAM PER LITRE
https://environment.data.gov.uk/water-quality/sampling-point/TH-RSN0018/sample/1367105/observation/0205,TH-RSN0018,RSN0018 RIVER THAMES AT MAGNA CARTA,-0.562,51.4448,Thames,THAMES - WEST THAMES,Multiple Values,OPEN,FRESHWATER - RIVERS,2021-10-08T12:06:00,MONITORING  (NATIONAL AGENCY POLICY),RIVER / RUNNING SURFACE WATER,0205,"Sodium, Dissolved",30,MILLIGRAM PER LITRE
https://environment.data.gov.uk/water-quality/sampling-point/TH-RSN0018/sample/1367105/observation/0209,TH-RSN0018,RSN0018 RIVER THAMES AT MAGNA CARTA,-0.562,51.4448,Thames,THAMES - WEST THAMES,Multiple Values,OPEN,FRESHWATER - RIVERS,2021-10-08T12:06:00,MONITORING  (NATIONAL AGENCY POLICY),RIVER / RUNNING SURFACE WATER,0209,"Potassium, Dissolved",6.5,MILLIGRAM PER LITRE
https://environment.data.gov.uk/water-quality/sampling-point/TH-RSN0018/sample/1367105/observation/0235,TH-RSN0018,RSN0018 RIVER THAMES AT MAGNA CARTA,-0.562,51.4448,Thames,THAMES - WEST THAMES,Multiple Values,OPEN,FRESHWATER - RIVERS,2021-10-08T12:06:00,MONITORING  (NATIONAL AGENCY POLICY),RIVER / RUNNING SURFACE WATER,0235,"Magnesium, Dissolved",4.4,MILLIGRAM PER LITRE
https://environment.data.gov.uk/water-quality/sampling-point/TH-RSN0018/sample/1367105/observation/0239,TH-RSN0018,RSN0018 RIVER THAMES AT MAGNA CARTA,-0.562,51.4448,Thames,THAMES - WEST THAMES,Multiple Values,OPEN,FRESHWATER - RIVERS,2021-10-08T12:06:00,MONITORING  (NATIONAL AGENCY POLICY),RIVER / RUNNING SURFACE WATER,0239,"Calcium, Dissolved",92,MILLIGRAM PER LITRE
https://environment.data.gov.uk/water-quality/sampling-point/TH-RSN0018/sample/1367105/observation/0301,TH-RSN0018,RSN0018 RIVER THAMES AT MAGNA CARTA,-0.562,51.4448,Thames,THAMES - WEST THAMES,Multiple Values,OPEN,FRESHWATER - RIVERS,2021-10-08T12:06:00,MONITORING  (NATIONAL AGENCY POLICY),RIVER / RUNNING SURFACE WATER,0301,"Carbon, Organic, Dissolved as C :- {DOC}",3.8,MILLIGRAM PER LITRE
https://environment.data.gov.uk/water-quality/sampling-point/TH-RSN0018/sample/1367105/observation/0348,TH-RSN0018,RSN0018 RIVER THAMES AT MAGNA CARTA,-0.562,51.4448,Thames,THAMES - WEST THAMES,Multiple Values,OPEN,FRESHWATER - RIVERS,2021-10-08T12:06:00,MONITORING  (NATIONAL AGENCY POLICY),RIVER / RUNNING SURFACE WATER,0348,"Phosphorus, Total as P",0.23,MILLIGRAM PER LITRE
https://environment.data.gov.uk/water-quality/sampling-point/TH-RSN0018/sample/1367105/observation/0714,TH-RSN0018,RSN0018 RIVER THAMES AT MAGNA CARTA,-0.562,51.4448,Thames,THAMES - WEST THAMES,Multiple Values,OPEN,FRESHWATER - RIVERS,2021-10-08T12:06:00,MONITORING  (NATIONAL AGENCY POLICY),RIVER / RUNNING SURFACE WATER,0714,"Benzo(g,h,i)Perylene",<0.01,MICROGRAM PER LITRE
https://environment.data.gov.uk/water-quality/sampling-point/TH-RSN0018/sample/1367105/observation/0731,TH-RSN0018,RSN0018 RIVER THAMES AT MAGNA CARTA,-0.562,51.4448,Thames,THAMES - WEST THAMES,Multiple Values,OPEN,FRESHWATER - RIVERS,2021-10-08T12:06:00,MONITORING  (NATIONAL AGENCY POLICY),RIVER / RUNNING SURFACE WATER,0731,Benzo(b)Fluoranthene,<0.01,MICROGRAM PER LITRE
https://environment.data.gov.uk/water-quality/sampling-point/TH-RSN0018/sample/1367105/observation/0733,TH-RSN0018,RSN0018 RIVER THAMES AT MAGNA CARTA,-0.562,51.4448,Thames,THAMES - WEST THAMES,Multiple Values,OPEN,FRESHWATER - RIVERS,2021-10-08T12:06:00,MONITORING  (NATIONAL AGENCY POLICY),RIVER / RUNNING SURFACE WATER,0733,Benzo(k)Fluoranthene,<0.01,MICROGRAM PER LITRE
https://environment.data.gov.uk/water-quality/sampling-point/TH-RSN0018/sample/1367105/observation/0736,TH-RSN0018,RSN0018 RIVER THAMES AT MAGNA CARTA,-0.562,51.4448,Thames,THAMES - WEST THAMES,Multiple Values,OPEN,FRESHWATER - RIVERS,2021-10-08T12:06:00,MONITORING  (NATIONAL AGENCY POLICY),RIVER / RUNNING SURFACE WATER,0736,Fluoranthene,<0.01,MICROGRAM PER LITRE
https://environment.data.gov.uk/water-quality/sampling-point/TH-RSN0018/sample/1367105/observation/0746,TH-RSN0018,RSN0018 RIVER THAMES AT MAGNA CARTA,-0.562,51.4448,Thames,THAMES - WEST THAMES,Multiple Values,OPEN,FRESHWATER - RIVERS,2021-10-08T12:06:00,MONITORING  (NATIONAL AGENCY POLICY),RIVER / RUNNING SURFACE WATER,0746,"Indeno(1,2,3-cd)pyrene",<0.01,MICROGRAM PER LITRE
https://environment.data.gov.uk/water-quality/sampling-point/TH-RSN0018/sample/1367105/observation/3004,TH-RSN0018,RSN0018 RIVER THAMES AT MAGNA CARTA,-0.562,51.4448,Thames,THAMES - WEST THAMES,Multiple Values,OPEN,FRESHWATER - RIVERS,2021-10-08T12:06:00,MONITORING  (NATIONAL AGENCY POLICY),RIVER / RUNNING SURFACE WATER,3004,Asulam,<0.02,MICROGRAM PER LITRE
https://environment.data.gov.uk/water-quality/sampling-point/TH-RSN0018/sample/1367105/observation/3007,TH-RSN0018,RSN0018 RIVER THAMES AT MAGNA CARTA,-0.562,51.4448,Thames,THAMES - WEST THAMES,Multiple Values,OPEN,FRESHWATER - RIVERS,2021-10-08T12:06:00,MONITORING  (NATIONAL AGENCY POLICY),RIVER / RUNNING SURFACE WATER,3007,Glyphosate,0.24,MICROGRAM PER LITRE
https://environment.data.gov.uk/water-quality/sampling-point/TH-RSN0018/sample/1367105/observation/3086,TH-RSN0018,RSN0018 RIVER THAMES AT MAGNA CARTA,-0.562,51.4448,Thames,THAMES - WEST THAMES,Multiple Values,OPEN,FRESHWATER - RIVERS,2021-10-08T12:06:00,MONITORING  (NATIONAL AGENCY POLICY),RIVER / RUNNING SURFACE WATER,3086,Carbofuran,<0.005,MICROGRAM PER LITRE
https://environment.data.gov.uk/water-quality/sampling-point/TH-RSN0018/sample/1367105/observation/3117,TH-RSN0018,RSN0018 RIVER THAMES AT MAGNA CARTA,-0.562,51.4448,Thames,THAMES - WEST THAMES,Multiple Values,OPEN,FRESHWATER - RIVERS,2021-10-08T12:06:00,MONITORING  (NATIONAL AGENCY POLICY),RIVER / RUNNING SURFACE WATER,3117,Isoproturon,<0.01,MICROGRAM PER LITRE
https://environment.data.gov.uk/water-quality/sampling-point/TH-RSN0018/sample/1367105/observation/3118,TH-RSN0018,RSN0018 RIVER THAMES AT MAGNA CARTA,-0.562,51.4448,Thames,THAMES - WEST THAMES,Multiple Values,OPEN,FRESHWATER - RIVERS,2021-10-08T12:06:00,MONITORING  (NATIONAL AGENCY POLICY),RIVER / RUNNING SURFACE WATER,3118,Linuron,<0.01,MICROGRAM PER LITRE
https://environment.data.gov.uk/water-quality/sampling-point/TH-RSN0018/sample/1367105/observation/3130,TH-RSN0018,RSN0018 RIVER THAMES AT MAGNA CARTA,-0.562,51.4448,Thames,THAMES - WEST THAMES,Multiple Values,OPEN,FRESHWATER - RIVERS,2021-10-08T12:06:00,MONITORING  (NATIONAL AGENCY POLICY),RIVER / RUNNING SURFACE WATER,3130,Metoxuron,<0.01,MICROGRAM PER LITRE
https://environment.data.gov.uk/water-quality/sampling-point/TH-RSN0018/sample/1367105/observation/3341,TH-RSN0018,RSN0018 RIVER THAMES AT MAGNA CARTA,-0.562,51.4448,Thames,THAMES - WEST THAMES,Multiple Values,OPEN,FRESHWATER - RIVERS,2021-10-08T12:06:00,MONITORING  (NATIONAL AGENCY POLICY),RIVER / RUNNING SURFACE WATER,3341,4-Chloro-2-methylphenol :- {p-Chloro-o-cresol},<0.05,MICROGRAM PER LITRE
https://environment.data.gov.uk/water-quality/sampling-point/TH-RSN0018/sample/1367105/observation/3377,TH-RSN0018,RSN0018 RIVER THAMES AT MAGNA CARTA,-0.562,51.4448,Thames,THAMES - WEST THAMES,Multiple Values,OPEN,FRESHWATER - RIVERS,2021-10-08T12:06:00,MONITORING  (NATIONAL AGENCY POLICY),RIVER / RUNNING SURFACE WATER,3377,Lead : BLM Bioavailable,0.03,MICROGRAM PER LITRE
https://environment.data.gov.uk/water-quality/sampling-point/TH-RSN0018/sample/1367105/observation/3399,TH-RSN0018,RSN0018 RIVER THAMES AT MAGNA CARTA,-0.562,51.4448,Thames,THAMES - WEST THAMES,Multiple Values,OPEN,FRESHWATER - RIVERS,2021-10-08T12:06:00,MONITORING  (NATIONAL AGENCY POLICY),RIVER / RUNNING SURFACE WATER,3399,Chloroxuron,<0.01,MICROGRAM PER LITRE
https://environment.data.gov.uk/water-quality/sampling-point/TH-RSN0018/sample/1367105/observation/3400,TH-RSN0018,RSN0018 RIVER THAMES AT MAGNA CARTA,-0.562,51.4448,Thames,THAMES - WEST THAMES,Multiple Values,OPEN,FRESHWATER - RIVERS,2021-10-08T12:06:00,MONITORING  (NATIONAL AGENCY POLICY),RIVER / RUNNING SURFACE WATER,3400,Monuron,<0.01,MICROGRAM PER LITRE
https://environment.data.gov.uk/water-quality/sampling-point/TH-RSN0018/sample/1367105/observation/3408,TH-RSN0018,RSN0018 RIVER THAMES AT MAGNA CARTA,-0.562,51.4448,Thames,THAMES - WEST THAMES,Multiple Values,OPEN,FRESHWATER - RIVERS,2021-10-08T12:06:00,MONITORING  (NATIONAL AGENCY POLICY),RIVER / RUNNING SURFACE WATER,3408,"Zinc, Dissolved",4.4,MICROGRAM PER LITRE
https://environment.data.gov.uk/water-quality/sampling-point/TH-RSN0018/sample/1367105/observation/3409,TH-RSN0018,RSN0018 RIVER THAMES AT MAGNA CARTA,-0.562,51.4448,Thames,THAMES - WEST THAMES,Multiple Values,OPEN,FRESHWATER - RIVERS,2021-10-08T12:06:00,MONITORING  (NATIONAL AGENCY POLICY),RIVER / RUNNING SURFACE WATER,3409,"Chromium, Dissolved",<0.5,MICROGRAM PER LITRE
https://environment.data.gov.uk/water-quality/sampling-point/TH-RSN0018/sample/1367105/observation/3410,TH-RSN0018,RSN0018 RIVER THAMES AT MAGNA CARTA,-0.562,51.4448,Thames,THAMES - WEST THAMES,Multiple Values,OPEN,FRESHWATER - RIVERS,2021-10-08T12:06:00,MONITORING  (NATIONAL AGENCY POLICY),RIVER / RUNNING SURFACE WATER,3410,"Nickel, Dissolved",1.3,MICROGRAM PER LITRE
https://environment.data.gov.uk/water-quality/sampling-point/TH-RSN0018/sample/1367105/observation/3475,TH-RSN0018,RSN0018 RIVER THAMES AT MAGNA CARTA,-0.562,51.4448,Thames,THAMES - WEST THAMES,Multiple Values,OPEN,FRESHWATER - RIVERS,2021-10-08T12:06:00,MONITORING  (NATIONAL AGENCY POLICY),RIVER / RUNNING SURFACE WATER,3475,Carbendazim,<0.01,MICROGRAM PER LITRE
https://environment.data.gov.uk/water-quality/sampling-point/TH-RSN0018/sample/1367105/observation/3545,TH-RSN0018,RSN0018 RIVER THAMES AT MAGNA CARTA,-0.562,51.4448,Thames,THAMES - WEST THAMES,Multiple Values,OPEN,FRESHWATER - RIVERS,2021-10-08T12:06:00,MONITORING  (NATIONAL AGENCY POLICY),RIVER / RUNNING SURFACE WATER,3545,"2,4-D :- {2,4-Dichlorophenoxyacetic acid}",0.01,MICROGRAM PER LITRE
https://environment.data.gov.uk/water-quality/sampling-point/TH-RSN0018/sample/1367105/observation/3546,TH-RSN0018,RSN0018 RIVER THAMES AT MAGNA CARTA,-0.562,51.4448,Thames,THAMES - WEST THAMES,Multiple Values,OPEN,FRESHWATER - RIVERS,2021-10-08T12:06:00,MONITORING  (NATIONAL AGENCY POLICY),RIVER / RUNNING SURFACE WATER,3546,"2,4,5-T :- {2,4,5-Trichlorophenoxyacetic acid}",<0.005,MICROGRAM PER LITRE
https://environment.data.gov.uk/water-quality/sampling-point/TH-RSN0018/sample/1367105/observation/3547,TH-RSN0018,RSN0018 RIVER THAMES AT MAGNA CARTA,-0.562,51.4448,Thames,THAMES - WEST THAMES,Multiple Values,OPEN,FRESHWATER - RIVERS,2021-10-08T12:06:00,MONITORING  (NATIONAL AGENCY POLICY),RIVER / RUNNING SURFACE WATER,3547,4-Chlorophenoxyacetic acid,<0.005,MICROGRAM PER LITRE
https://environment.data.gov.uk/water-quality/sampling-point/TH-RSN0018/sample/1367105/observation/3548,TH-RSN0018,RSN0018 RIVER THAMES AT MAGNA CARTA,-0.562,51.4448,Thames,THAMES - WEST THAMES,Multiple Values,OPEN,FRESHWATER - RIVERS,2021-10-08T12:06:00,MONITORING  (NATIONAL AGENCY POLICY),RIVER / RUNNING SURFACE WATER,3548,MCPA :- {4-Chloro-2-methylphenoxyacetic acid} ,<0.005,MICROGRAM PER LITRE
https://environment.data.gov.uk/water-quality/sampling-point/TH-RSN0018/sample/1367105/observation/3549,TH-RSN0018,RSN0018 RIVER THAMES AT MAGNA CARTA,-0.562,51.4448,Thames,THAMES - WEST THAMES,Multiple Values,OPEN,FRESHWATER - RIVERS,2021-10-08T12:06:00,MONITORING  (NATIONAL AGENCY POLICY),RIVER / RUNNING SURFACE WATER,3549,Mecoprop,0.013,MICROGRAM PER LITRE
https://environment.data.gov.uk/water-quality/sampling-point/TH-RSN0018/sample/1367105/observation/3550,TH-RSN0018,RSN0018 RIVER THAMES AT MAGNA CARTA,-0.562,51.4448,Thames,THAMES - WEST THAMES,Multiple Values,OPEN,FRESHWATER - RIVERS,2021-10-08T12:06:00,MONITORING  (NATIONAL AGENCY POLICY),RIVER / RUNNING SURFACE WATER,3550,Dicamba,<0.01,MICROGRAM PER LITRE
https://environment.data.gov.uk/water-quality/sampling-point/TH-RSN0018/sample/1367105/observation/3551,TH-RSN0018,RSN0018 RIVER THAMES AT MAGNA CARTA,-0.562,51.4448,Thames,THAMES - WEST THAMES,Multiple Values,OPEN,FRESHWATER - RIVERS,2021-10-08T12:06:00,MONITORING  (NATIONAL AGENCY POLICY),RIVER / RUNNING SURFACE WATER,3551,"Dichlorprop :- {2,4-DP}",<0.005,MICROGRAM PER LITRE
https://environment.data.gov.uk/water-quality/sampling-point/TH-RSN0018/sample/1367105/observation/3552,TH-RSN0018,RSN0018 RIVER THAMES AT MAGNA CARTA,-0.562,51.4448,Thames,THAMES - WEST THAMES,Multiple Values,OPEN,FRESHWATER - RIVERS,2021-10-08T12:06:00,MONITORING  (NATIONAL AGENCY POLICY),RIVER / RUNNING SURFACE WATER,3552,Fenoprop,<0.005,MICROGRAM PER LITRE
https://environment.data.gov.uk/water-quality/sampling-point/TH-RSN0018/sample/1367105/observation/3555,TH-RSN0018,RSN0018 RIVER THAMES AT MAGNA CARTA,-0.562,51.4448,Thames,THAMES - WEST THAMES,Multiple Values,OPEN,FRESHWATER - RIVERS,2021-10-08T12:06:00,MONITORING  (NATIONAL AGENCY POLICY),RIVER / RUNNING SURFACE WATER,3555,Triclopyr,0.0075,MICROGRAM PER LITRE
https://environment.data.gov.uk/water-quality/sampling-point/TH-RSN0018/sample/1367105/observation/3790,TH-RSN0018,RSN0018 RIVER THAMES AT MAGNA CARTA,-0.562,51.4448,Thames,THAMES - WEST THAMES,Multiple Values,OPEN,FRESHWATER - RIVERS,2021-10-08T12:06:00,MONITORING  (NATIONAL AGENCY POLICY),RIVER / RUNNING SURFACE WATER,3790,MCPB :- {4-Chloro-2-methylphenoxybutyric acid},<0.005,MICROGRAM PER LITRE
https://environment.data.gov.uk/water-quality/sampling-point/TH-RSN0018/sample/1367105/observation/3791,TH-RSN0018,RSN0018 RIVER THAMES AT MAGNA CARTA,-0.562,51.4448,Thames,THAMES - WEST THAMES,Multiple Values,OPEN,FRESHWATER - RIVERS,2021-10-08T12:06:00,MONITORING  (NATIONAL AGENCY POLICY),RIVER / RUNNING SURFACE WATER,3791,"2,4-DB :- {4-(2,4-dichlorophenoxy)butyric acid}",<0.005,MICROGRAM PER LITRE
https://environment.data.gov.uk/water-quality/sampling-point/TH-RSN0018/sample/1367105/observation/3792,TH-RSN0018,RSN0018 RIVER THAMES AT MAGNA CARTA,-0.562,51.4448,Thames,THAMES - WEST THAMES,Multiple Values,OPEN,FRESHWATER - RIVERS,2021-10-08T12:06:00,MONITORING  (NATIONAL AGENCY POLICY),RIVER / RUNNING SURFACE WATER,3792,Benazolin,<0.005,MICROGRAM PER LITRE
https://environment.data.gov.uk/water-quality/sampling-point/TH-RSN0018/sample/1367105/observation/3811,TH-RSN0018,RSN0018 RIVER THAMES AT MAGNA CARTA,-0.562,51.4448,Thames,THAMES - WEST THAMES,Multiple Values,OPEN,FRESHWATER - RIVERS,2021-10-08T12:06:00,MONITORING  (NATIONAL AGENCY POLICY),RIVER / RUNNING SURFACE WATER,3811,Diuron,<0.01,MICROGRAM PER LITRE
https://environment.data.gov.uk/water-quality/sampling-point/TH-RSN0018/sample/1367105/observation/3878,TH-RSN0018,RSN0018 RIVER THAMES AT MAGNA CARTA,-0.562,51.4448,Thames,THAMES - WEST THAMES,Multiple Values,OPEN,FRESHWATER - RIVERS,2021-10-08T12:06:00,MONITORING  (NATIONAL AGENCY POLICY),RIVER / RUNNING SURFACE WATER,3878,Nickel : BLM Bioavailable,0.63,MICROGRAM PER LITRE
https://environment.data.gov.uk/water-quality/sampling-point/TH-RSN0018/sample/1367105/observation/4064,TH-RSN0018,RSN0018 RIVER THAMES AT MAGNA CARTA,-0.562,51.4448,Thames,THAMES - WEST THAMES,Multiple Values,OPEN,FRESHWATER - RIVERS,2021-10-08T12:06:00,MONITORING  (NATIONAL AGENCY POLICY),RIVER / RUNNING SURFACE WATER,4064,Fluroxypyr,<0.005,MICROGRAM PER LITRE
https://environment.data.gov.uk/water-quality/sampling-point/TH-RSN0018/sample/1367105/observation/4065,TH-RSN0018,RSN0018 RIVER THAMES AT MAGNA CARTA,-0.562,51.4448,Thames,THAMES - WEST THAMES,Multiple Values,OPEN,FRESHWATER - RIVERS,2021-10-08T12:06:00,MONITORING  (NATIONAL AGENCY POLICY),RIVER / RUNNING SURFACE WATER,4065,Bentazone,0.0037,MICROGRAM PER LITRE
https://environment.data.gov.uk/water-quality/sampling-point/TH-RSN0018/sample/1367105/observation/4201,TH-RSN0018,RSN0018 RIVER THAMES AT MAGNA CARTA,-0.562,51.4448,Thames,THAMES - WEST THAMES,Multiple Values,OPEN,FRESHWATER - RIVERS,2021-10-08T12:06:00,MONITORING  (NATIONAL AGENCY POLICY),RIVER / RUNNING SURFACE WATER,4201,"Lithium, Dissolved",<100,MICROGRAM PER LITRE
https://environment.data.gov.uk/water-quality/sampling-point/TH-RSN0018/sample/1367105/observation/4820,TH-RSN0018,RSN0018 RIVER THAMES AT MAGNA CARTA,-0.562,51.4448,Thames,THAMES - WEST THAMES,Multiple Values,OPEN,FRESHWATER - RIVERS,2021-10-08T12:06:00,MONITORING  (NATIONAL AGENCY POLICY),RIVER / RUNNING SURFACE WATER,4820,Manganese : BLM Bioavailable,3.4,MICROGRAM PER LITRE
https://environment.data.gov.uk/water-quality/sampling-point/TH-RSN0018/sample/1367105/observation/4821,TH-RSN0018,RSN0018 RIVER THAMES AT MAGNA CARTA,-0.562,51.4448,Thames,THAMES - WEST THAMES,Multiple Values,OPEN,FRESHWATER - RIVERS,2021-10-08T12:06:00,MONITORING  (NATIONAL AGENCY POLICY),RIVER / RUNNING SURFACE WATER,4821,Copper : BLM Bioavailable,0.26,MICROGRAM PER LITRE
https://environment.data.gov.uk/water-quality/sampling-point/TH-RSN0018/sample/1367105/observation/4822,TH-RSN0018,RSN0018 RIVER THAMES AT MAGNA CARTA,-0.562,51.4448,Thames,THAMES - WEST THAMES,Multiple Values,OPEN,FRESHWATER - RIVERS,2021-10-08T12:06:00,MONITORING  (NATIONAL AGENCY POLICY),RIVER / RUNNING SURFACE WATER,4822,Zinc : BLM Bioavailable,1.9,MICROGRAM PER LITRE
https://environment.data.gov.uk/water-quality/sampling-point/TH-RSN0018/sample/1367105/observation/4994,TH-RSN0018,RSN0018 RIVER THAMES AT MAGNA CARTA,-0.562,51.4448,Thames,THAMES - WEST THAMES,Multiple Values,OPEN,FRESHWATER - RIVERS,2021-10-08T12:06:00,MONITORING  (NATIONAL AGENCY POLICY),RIVER / RUNNING SURFACE WATER,4994,GCMS Screen : Target Based multi-residue screening : Semi Quantitative,1,Text Result
https://environment.data.gov.uk/water-quality/sampling-point/TH-RSN0018/sample/1367105/observation/5042,TH-RSN0018,RSN0018 RIVER THAMES AT MAGNA CARTA,-0.562,51.4448,Thames,THAMES - WEST THAMES,Multiple Values,OPEN,FRESHWATER - RIVERS,2021-10-08T12:06:00,MONITORING  (NATIONAL AGENCY POLICY),RIVER / RUNNING SURFACE WATER,5042,Sulcotrione,<0.1,MICROGRAM PER LITRE
https://environment.data.gov.uk/water-quality/sampling-point/TH-RSN0018/sample/1367105/observation/5047,TH-RSN0018,RSN0018 RIVER THAMES AT MAGNA CARTA,-0.562,51.4448,Thames,THAMES - WEST THAMES,Multiple Values,OPEN,FRESHWATER - RIVERS,2021-10-08T12:06:00,MONITORING  (NATIONAL AGENCY POLICY),RIVER / RUNNING SURFACE WATER,5047,Ethirimol,<0.05,MICROGRAM PER LITRE
https://environment.data.gov.uk/water-quality/sampling-point/TH-RSN0018/sample/1367105/observation/5050,TH-RSN0018,RSN0018 RIVER THAMES AT MAGNA CARTA,-0.562,51.4448,Thames,THAMES - WEST THAMES,Multiple Values,OPEN,FRESHWATER - RIVERS,2021-10-08T12:06:00,MONITORING  (NATIONAL AGENCY POLICY),RIVER / RUNNING SURFACE WATER,5050,Azoxystrobin,<0.02,MICROGRAM PER LITRE
https://environment.data.gov.uk/water-quality/sampling-point/TH-RSN0018/sample/1367105/observation/5446,TH-RSN0018,RSN0018 RIVER THAMES AT MAGNA CARTA,-0.562,51.4448,Thames,THAMES - WEST THAMES,Multiple Values,OPEN,FRESHWATER - RIVERS,2021-10-08T12:06:00,MONITORING  (NATIONAL AGENCY POLICY),RIVER / RUNNING SURFACE WATER,5446,Cypermethrin Identification,1,Text Result
https://environment.data.gov.uk/water-quality/sampling-point/TH-RSN0018/sample/1367105/observation/5732,TH-RSN0018,RSN0018 RIVER THAMES AT MAGNA CARTA,-0.562,51.4448,Thames,THAMES - WEST THAMES,Multiple Values,OPEN,FRESHWATER - RIVERS,2021-10-08T12:06:00,MONITORING  (NATIONAL AGENCY POLICY),RIVER / RUNNING SURFACE WATER,5732,Triphenyl Tin as Cation,<0.0002,MICROGRAM PER LITRE
https://environment.data.gov.uk/water-quality/sampling-point/TH-RSN0018/sample/1367105/observation/5889,TH-RSN0018,RSN0018 RIVER THAMES AT MAGNA CARTA,-0.562,51.4448,Thames,THAMES - WEST THAMES,Multiple Values,OPEN,FRESHWATER - RIVERS,2021-10-08T12:06:00,MONITORING  (NATIONAL AGENCY POLICY),RIVER / RUNNING SURFACE WATER,5889,Triclosan,<0.01,MICROGRAM PER LITRE
https://environment.data.gov.uk/water-quality/sampling-point/TH-RSN0018/sample/1367105/observation/6037,TH-RSN0018,RSN0018 RIVER THAMES AT MAGNA CARTA,-0.562,51.4448,Thames,THAMES - WEST THAMES,Multiple Values,OPEN,FRESHWATER - RIVERS,2021-10-08T12:06:00,MONITORING  (NATIONAL AGENCY POLICY),RIVER / RUNNING SURFACE WATER,6037,"Aluminium, Dissolved",<10,MICROGRAM PER LITRE
https://environment.data.gov.uk/water-quality/sampling-point/TH-RSN0018/sample/1367105/observation/6399,TH-RSN0018,RSN0018 RIVER THAMES AT MAGNA CARTA,-0.562,51.4448,Thames,THAMES - WEST THAMES,Multiple Values,OPEN,FRESHWATER - RIVERS,2021-10-08T12:06:00,MONITORING  (NATIONAL AGENCY POLICY),RIVER / RUNNING SURFACE WATER,6399,Benzo(a)Pyrene,<0.01,MICROGRAM PER LITRE
https://environment.data.gov.uk/water-quality/sampling-point/TH-RSN0018/sample/1367105/observation/6449,TH-RSN0018,RSN0018 RIVER THAMES AT MAGNA CARTA,-0.562,51.4448,Thames,THAMES - WEST THAMES,Multiple Values,OPEN,FRESHWATER - RIVERS,2021-10-08T12:06:00,MONITORING  (NATIONAL AGENCY POLICY),RIVER / RUNNING SURFACE WATER,6449,Bromoxynil,<0.005,MICROGRAM PER LITRE
https://environment.data.gov.uk/water-quality/sampling-point/TH-RSN0018/sample/1367105/observation/6450,TH-RSN0018,RSN0018 RIVER THAMES AT MAGNA CARTA,-0.562,51.4448,Thames,THAMES - WEST THAMES,Multiple Values,OPEN,FRESHWATER - RIVERS,2021-10-08T12:06:00,MONITORING  (NATIONAL AGENCY POLICY),RIVER / RUNNING SURFACE WATER,6450,"Copper, Dissolved",2.5,MICROGRAM PER LITRE
https://environment.data.gov.uk/water-quality/sampling-point/TH-RSN0018/sample/1367105/observation/6458,TH-RSN0018,RSN0018 RIVER THAMES AT MAGNA CARTA,-0.562,51.4448,Thames,THAMES - WEST THAMES,Multiple Values,OPEN,FRESHWATER - RIVERS,2021-10-08T12:06:00,MONITORING  (NATIONAL AGENCY POLICY),RIVER / RUNNING SURFACE WATER,6458,"Manganese, Dissolved",<10,MICROGRAM PER LITRE
https://environment.data.gov.uk/water-quality/sampling-point/TH-RSN0018/sample/1367105/observation/6460,TH-RSN0018,RSN0018 RIVER THAMES AT MAGNA CARTA,-0.562,51.4448,Thames,THAMES - WEST THAMES,Multiple Values,OPEN,FRESHWATER - RIVERS,2021-10-08T12:06:00,MONITORING  (NATIONAL AGENCY POLICY),RIVER / RUNNING SURFACE WATER,6460,"Iron, Dissolved",<30,MICROGRAM PER LITRE
https://environment.data.gov.uk/water-quality/sampling-point/TH-RSN0018/sample/1367105/observation/6620,TH-RSN0018,RSN0018 RIVER THAMES AT MAGNA CARTA,-0.562,51.4448,Thames,THAMES - WEST THAMES,Multiple Values,OPEN,FRESHWATER - RIVERS,2021-10-08T12:06:00,MONITORING  (NATIONAL AGENCY POLICY),RIVER / RUNNING SURFACE WATER,6620,Clopyralid,<0.005,MICROGRAM PER LITRE
https://environment.data.gov.uk/water-quality/sampling-point/TH-RSN0018/sample/1367105/observation/6671,TH-RSN0018,RSN0018 RIVER THAMES AT MAGNA CARTA,-0.562,51.4448,Thames,THAMES - WEST THAMES,Multiple Values,OPEN,FRESHWATER - RIVERS,2021-10-08T12:06:00,MONITORING  (NATIONAL AGENCY POLICY),RIVER / RUNNING SURFACE WATER,6671,Phenoxyacetic acid :- {PAA},0.046,MICROGRAM PER LITRE
https://environment.data.gov.uk/water-quality/sampling-point/TH-RSN0018/sample/1367105/observation/6672,TH-RSN0018,RSN0018 RIVER THAMES AT MAGNA CARTA,-0.562,51.4448,Thames,THAMES - WEST THAMES,Multiple Values,OPEN,FRESHWATER - RIVERS,2021-10-08T12:06:00,MONITORING  (NATIONAL AGENCY POLICY),RIVER / RUNNING SURFACE WATER,6672,4-Phenoxybutyric acid :- {PBA},<0.005,MICROGRAM PER LITRE
https://environment.data.gov.uk/water-quality/sampling-point/TH-RSN0018/sample/1367105/observation/6673,TH-RSN0018,RSN0018 RIVER THAMES AT MAGNA CARTA,-0.562,51.4448,Thames,THAMES - WEST THAMES,Multiple Values,OPEN,FRESHWATER - RIVERS,2021-10-08T12:06:00,MONITORING  (NATIONAL AGENCY POLICY),RIVER / RUNNING SURFACE WATER,6673,2-Phenoxypropionic acid :- {PPA},<0.005,MICROGRAM PER LITRE
https://environment.data.gov.uk/water-quality/sampling-point/TH-RSN0018/sample/1367105/observation/6693,TH-RSN0018,RSN0018 RIVER THAMES AT MAGNA CARTA,-0.562,51.4448,Thames,THAMES - WEST THAMES,Multiple Values,OPEN,FRESHWATER - RIVERS,2021-10-08T12:06:00,MONITORING  (NATIONAL AGENCY POLICY),RIVER / RUNNING SURFACE WATER,6693,"Strontium, Filtered",300,MICROGRAM PER LITRE
https://environment.data.gov.uk/water-quality/sampling-point/TH-RSN0018/sample/1367105/observation/6724,TH-RSN0018,RSN0018 RIVER THAMES AT MAGNA CARTA,-0.562,51.4448,Thames,THAMES - WEST THAMES,Multiple Values,OPEN,FRESHWATER - RIVERS,2021-10-08T12:06:00,MONITORING  (NATIONAL AGENCY POLICY),RIVER / RUNNING SURFACE WATER,6724,Di(2-ethylhexyl) phthalate :- {DEHP},<0.2,MICROGRAM PER LITRE
https://environment.data.gov.uk/water-quality/sampling-point/TH-RSN0018/sample/1367105/observation/6760,TH-RSN0018,RSN0018 RIVER THAMES AT MAGNA CARTA,-0.562,51.4448,Thames,THAMES - WEST THAMES,Multiple Values,OPEN,FRESHWATER - RIVERS,2021-10-08T12:06:00,MONITORING  (NATIONAL AGENCY POLICY),RIVER / RUNNING SURFACE WATER,6760,Chloridazon,<0.01,MICROGRAM PER LITRE
https://environment.data.gov.uk/water-quality/sampling-point/TH-RSN0018/sample/1367105/observation/6955,TH-RSN0018,RSN0018 RIVER THAMES AT MAGNA CARTA,-0.562,51.4448,Thames,THAMES - WEST THAMES,Multiple Values,OPEN,FRESHWATER - RIVERS,2021-10-08T12:06:00,MONITORING  (NATIONAL AGENCY POLICY),RIVER / RUNNING SURFACE WATER,6955,Ethiofencarb,<0.005,MICROGRAM PER LITRE
https://environment.data.gov.uk/water-quality/sampling-point/TH-RSN0018/sample/1367105/observation/6971,TH-RSN0018,RSN0018 RIVER THAMES AT MAGNA CARTA,-0.562,51.4448,Thames,THAMES - WEST THAMES,Multiple Values,OPEN,FRESHWATER - RIVERS,2021-10-08T12:06:00,MONITORING  (NATIONAL AGENCY POLICY),RIVER / RUNNING SURFACE WATER,6971,Methiocarb,<0.001,MICROGRAM PER LITRE
https://environment.data.gov.uk/water-quality/sampling-point/TH-RSN0018/sample/1367105/observation/6972,TH-RSN0018,RSN0018 RIVER THAMES AT MAGNA CARTA,-0.562,51.4448,Thames,THAMES - WEST THAMES,Multiple Values,OPEN,FRESHWATER - RIVERS,2021-10-08T12:06:00,MONITORING  (NATIONAL AGENCY POLICY),RIVER / RUNNING SURFACE WATER,6972,Methomyl,<0.005,MICROGRAM PER LITRE
https://environment.data.gov.uk/water-quality/sampling-point/TH-RSN0018/sample/1367105/observation/6980,TH-RSN0018,RSN0018 RIVER THAMES AT MAGNA CARTA,-0.562,51.4448,Thames,THAMES - WEST THAMES,Multiple Values,OPEN,FRESHWATER - RIVERS,2021-10-08T12:06:00,MONITORING  (NATIONAL AGENCY POLICY),RIVER / RUNNING SURFACE WATER,6980,Oxamyl,<0.005,MICROGRAM PER LITRE
https://environment.data.gov.uk/water-quality/sampling-point/TH-RSN0018/sample/1367105/observation/6987,TH-RSN0018,RSN0018 RIVER THAMES AT MAGNA CARTA,-0.562,51.4448,Thames,THAMES - WEST THAMES,Multiple Values,OPEN,FRESHWATER - RIVERS,2021-10-08T12:06:00,MONITORING  (NATIONAL AGENCY POLICY),RIVER / RUNNING SURFACE WATER,6987,Propoxur,<0.005,MICROGRAM PER LITRE
https://environment.data.gov.uk/water-quality/sampling-point/TH-RSN0018/sample/1367105/observation/7025,TH-RSN0018,RSN0018 RIVER THAMES AT MAGNA CARTA,-0.562,51.4448,Thames,THAMES - WEST THAMES,Multiple Values,OPEN,FRESHWATER - RIVERS,2021-10-08T12:06:00,MONITORING  (NATIONAL AGENCY POLICY),RIVER / RUNNING SURFACE WATER,7025,Imazapyr,<0.005,MICROGRAM PER LITRE
https://environment.data.gov.uk/water-quality/sampling-point/TH-RSN0018/sample/1367105/observation/7053,TH-RSN0018,RSN0018 RIVER THAMES AT MAGNA CARTA,-0.562,51.4448,Thames,THAMES - WEST THAMES,Multiple Values,OPEN,FRESHWATER - RIVERS,2021-10-08T12:06:00,MONITORING  (NATIONAL AGENCY POLICY),RIVER / RUNNING SURFACE WATER,7053,Methabenzthiazuron,<0.01,MICROGRAM PER LITRE
https://environment.data.gov.uk/water-quality/sampling-point/TH-RSN0018/sample/1367105/observation/7125,TH-RSN0018,RSN0018 RIVER THAMES AT MAGNA CARTA,-0.562,51.4448,Thames,THAMES - WEST THAMES,Multiple Values,OPEN,FRESHWATER - RIVERS,2021-10-08T12:06:00,MONITORING  (NATIONAL AGENCY POLICY),RIVER / RUNNING SURFACE WATER,7125,Aminomethylphosphonic acid,0.61,MICROGRAM PER LITRE
https://environment.data.gov.uk/water-quality/sampling-point/TH-RSN0018/sample/1367105/observation/7726,TH-RSN0018,RSN0018 RIVER THAMES AT MAGNA CARTA,-0.562,51.4448,Thames,THAMES - WEST THAMES,Multiple Values,OPEN,FRESHWATER - RIVERS,2021-10-08T12:06:00,MONITORING  (NATIONAL AGENCY POLICY),RIVER / RUNNING SURFACE WATER,7726,"2,3,6-TBA :- {2,3,6-Trichlorobenzoic acid}",<0.02,MICROGRAM PER LITRE
https://environment.data.gov.uk/water-quality/sampling-point/TH-RSN0018/sample/1367105/observation/7859,TH-RSN0018,RSN0018 RIVER THAMES AT MAGNA CARTA,-0.562,51.4448,Thames,THAMES - WEST THAMES,Multiple Values,OPEN,FRESHWATER - RIVERS,2021-10-08T12:06:00,MONITORING  (NATIONAL AGENCY POLICY),RIVER / RUNNING SURFACE WATER,7859,"Sulphate, Dissolved as SO4",46,MILLIGRAM PER LITRE
https://environment.data.gov.uk/water-quality/sampling-point/TH-RSN0018/sample/1367105/observation/8806,TH-RSN0018,RSN0018 RIVER THAMES AT MAGNA CARTA,-0.562,51.4448,Thames,THAMES - WEST THAMES,Multiple Values,OPEN,FRESHWATER - RIVERS,2021-10-08T12:06:00,MONITORING  (NATIONAL AGENCY POLICY),RIVER / RUNNING SURFACE WATER,8806,Aldicarb sulfoxide,<0.005,MICROGRAM PER LITRE
https://environment.data.gov.uk/water-quality/sampling-point/TH-RSN0018/sample/1367105/observation/8807,TH-RSN0018,RSN0018 RIVER THAMES AT MAGNA CARTA,-0.562,51.4448,Thames,THAMES - WEST THAMES,Multiple Values,OPEN,FRESHWATER - RIVERS,2021-10-08T12:06:00,MONITORING  (NATIONAL AGENCY POLICY),RIVER / RUNNING SURFACE WATER,8807,Aldoxycarb :- {Aldicarb Sulfone},<0.005,MICROGRAM PER LITRE
https://environment.data.gov.uk/water-quality/sampling-point/TH-RSN0018/sample/1367105/observation/8944,TH-RSN0018,RSN0018 RIVER THAMES AT MAGNA CARTA,-0.562,51.4448,Thames,THAMES - WEST THAMES,Multiple Values,OPEN,FRESHWATER - RIVERS,2021-10-08T12:06:00,MONITORING  (NATIONAL AGENCY POLICY),RIVER / RUNNING SURFACE WATER,8944,Tributyl Tin as Cation,<0.0002,MICROGRAM PER LITRE
https://environment.data.gov.uk/water-quality/sampling-point/TH-RSN0018/sample/1367105/observation/9068,TH-RSN0018,RSN0018 RIVER THAMES AT MAGNA CARTA,-0.562,51.4448,Thames,THAMES - WEST THAMES,Multiple Values,OPEN,FRESHWATER - RIVERS,2021-10-08T12:06:00,MONITORING  (NATIONAL AGENCY POLICY),RIVER / RUNNING SURFACE WATER,9068,Ioxynil,<0.005,MICROGRAM PER LITRE
https://environment.data.gov.uk/water-quality/sampling-point/TH-RSN0018/sample/1367105/observation/9073,TH-RSN0018,RSN0018 RIVER THAMES AT MAGNA CARTA,-0.562,51.4448,Thames,THAMES - WEST THAMES,Multiple Values,OPEN,FRESHWATER - RIVERS,2021-10-08T12:06:00,MONITORING  (NATIONAL AGENCY POLICY),RIVER / RUNNING SURFACE WATER,9073,Carbetamide,<0.01,MICROGRAM PER LITRE
https://environment.data.gov.uk/water-quality/sampling-point/TH-RSN0018/sample/1367105/observation/9190,TH-RSN0018,RSN0018 RIVER THAMES AT MAGNA CARTA,-0.562,51.4448,Thames,THAMES - WEST THAMES,Multiple Values,OPEN,FRESHWATER - RIVERS,2021-10-08T12:06:00,MONITORING  (NATIONAL AGENCY POLICY),RIVER / RUNNING SURFACE WATER,9190,4-Nonylphenol Branched,<0.04,MICROGRAM PER LITRE
https://environment.data.gov.uk/water-quality/sampling-point/TH-RSN0018/sample/1367105/observation/9267,TH-RSN0018,RSN0018 RIVER THAMES AT MAGNA CARTA,-0.562,51.4448,Thames,THAMES - WEST THAMES,Multiple Values,OPEN,FRESHWATER - RIVERS,2021-10-08T12:06:00,MONITORING  (NATIONAL AGENCY POLICY),RIVER / RUNNING SURFACE WATER,9267,4-tert-Octylphenol :- {p-tert-Octylphenol},<0.01,MICROGRAM PER LITRE
https://environment.data.gov.uk/water-quality/sampling-point/TH-RSN0018/sample/1367105/observation/9274,TH-RSN0018,RSN0018 RIVER THAMES AT MAGNA CARTA,-0.562,51.4448,Thames,THAMES - WEST THAMES,Multiple Values,OPEN,FRESHWATER - RIVERS,2021-10-08T12:06:00,MONITORING  (NATIONAL AGENCY POLICY),RIVER / RUNNING SURFACE WATER,9274,Perfluorooctanoate anion,0.0033,MICROGRAM PER LITRE
https://environment.data.gov.uk/water-quality/sampling-point/TH-RSN0018/sample/1367105/observation/9276,TH-RSN0018,RSN0018 RIVER THAMES AT MAGNA CARTA,-0.562,51.4448,Thames,THAMES - WEST THAMES,Multiple Values,OPEN,FRESHWATER - RIVERS,2021-10-08T12:06:00,MONITORING  (NATIONAL AGENCY POLICY),RIVER / RUNNING SURFACE WATER,9276,Perfluorooctylsulphonate anion,0.0047,MICROGRAM PER LITRE
https://environment.data.gov.uk/water-quality/sampling-point/TH-RSN0018/sample/1367105/observation/9339,TH-RSN0018,RSN0018 RIVER THAMES AT MAGNA CARTA,-0.562,51.4448,Thames,THAMES - WEST THAMES,Multiple Values,OPEN,FRESHWATER - RIVERS,2021-10-08T12:06:00,MONITORING  (NATIONAL AGENCY POLICY),RIVER / RUNNING SURFACE WATER,9339,Fenuron,<0.01,MICROGRAM PER LITRE
https://environment.data.gov.uk/water-quality/sampling-point/TH-RSN0018/sample/1367105/observation/9341,TH-RSN0018,RSN0018 RIVER THAMES AT MAGNA CARTA,-0.562,51.4448,Thames,THAMES - WEST THAMES,Multiple Values,OPEN,FRESHWATER - RIVERS,2021-10-08T12:06:00,MONITORING  (NATIONAL AGENCY POLICY),RIVER / RUNNING SURFACE WATER,9341,cis-Permethrin,<0.0001,MICROGRAM PER LITRE
https://environment.data.gov.uk/water-quality/sampling-point/TH-RSN0018/sample/1367105/observation/9342,TH-RSN0018,RSN0018 RIVER THAMES AT MAGNA CARTA,-0.562,51.4448,Thames,THAMES - WEST THAMES,Multiple Values,OPEN,FRESHWATER - RIVERS,2021-10-08T12:06:00,MONITORING  (NATIONAL AGENCY POLICY),RIVER / RUNNING SURFACE WATER,9342,trans-Permethrin,<0.0001,MICROGRAM PER LITRE
https://environment.data.gov.uk/water-quality/sampling-point/TH-RSN0018/sample/1367105/observation/9343,TH-RSN0018,RSN0018 RIVER THAMES AT MAGNA CARTA,-0.562,51.4448,Thames,THAMES - WEST THAMES,Multiple Values,OPEN,FRESHWATER - RIVERS,2021-10-08T12:06:00,MONITORING  (NATIONAL AGENCY POLICY),RIVER / RUNNING SURFACE WATER,9343,Carbaryl,<0.01,MICROGRAM PER LITRE
https://environment.data.gov.uk/water-quality/sampling-point/TH-RSN0018/sample/1367105/observation/9344,TH-RSN0018,RSN0018 RIVER THAMES AT MAGNA CARTA,-0.562,51.4448,Thames,THAMES - WEST THAMES,Multiple Values,OPEN,FRESHWATER - RIVERS,2021-10-08T12:06:00,MONITORING  (NATIONAL AGENCY POLICY),RIVER / RUNNING SURFACE WATER,9344,Aldicarb,<0.005,MICROGRAM PER LITRE
https://environment.data.gov.uk/water-quality/sampling-point/TH-RSN0018/sample/1367105/observation/9345,TH-RSN0018,RSN0018 RIVER THAMES AT MAGNA CARTA,-0.562,51.4448,Thames,THAMES - WEST THAMES,Multiple Values,OPEN,FRESHWATER - RIVERS,2021-10-08T12:06:00,MONITORING  (NATIONAL AGENCY POLICY),RIVER / RUNNING SURFACE WATER,9345,Diflurobenzuron,<0.01,MICROGRAM PER LITRE
https://environment.data.gov.uk/water-quality/sampling-point/TH-RSN0018/sample/1367105/observation/9348,TH-RSN0018,RSN0018 RIVER THAMES AT MAGNA CARTA,-0.562,51.4448,Thames,THAMES - WEST THAMES,Multiple Values,OPEN,FRESHWATER - RIVERS,2021-10-08T12:06:00,MONITORING  (NATIONAL AGENCY POLICY),RIVER / RUNNING SURFACE WATER,9348,Chlorotoluron,<0.01,MICROGRAM PER LITRE
https://environment.data.gov.uk/water-quality/sampling-point/TH-RSN0018/sample/1367105/observation/9446,TH-RSN0018,RSN0018 RIVER THAMES AT MAGNA CARTA,-0.562,51.4448,Thames,THAMES - WEST THAMES,Multiple Values,OPEN,FRESHWATER - RIVERS,2021-10-08T12:06:00,MONITORING  (NATIONAL AGENCY POLICY),RIVER / RUNNING SURFACE WATER,9446,"Barium, Dissolved",17,MICROGRAM PER LITRE
https://environment.data.gov.uk/water-quality/sampling-point/TH-RSN0018/sample/1367105/observation/9447,TH-RSN0018,RSN0018 RIVER THAMES AT MAGNA CARTA,-0.562,51.4448,Thames,THAMES - WEST THAMES,Multiple Values,OPEN,FRESHWATER - RIVERS,2021-10-08T12:06:00,MONITORING  (NATIONAL AGENCY POLICY),RIVER / RUNNING SURFACE WATER,9447,"Boron, Dissolved",<100,MICROGRAM PER LITRE
https://environment.data.gov.uk/water-quality/sampling-point/TH-RSN0018/sample/1367105/observation/9686,TH-RSN0018,RSN0018 RIVER THAMES AT MAGNA CARTA,-0.562,51.4448,Thames,THAMES - WEST THAMES,Multiple Values,OPEN,FRESHWATER - RIVERS,2021-10-08T12:06:00,MONITORING  (NATIONAL AGENCY POLICY),RIVER / RUNNING SURFACE WATER,9686,"Nitrogen, Total as N",7,MILLIGRAM PER LITRE
https://environment.data.gov.uk/water-quality/sampling-point/TH-RSN0018/sample/1367105/observation/9756,TH-RSN0018,RSN0018 RIVER THAMES AT MAGNA CARTA,-0.562,51.4448,Thames,THAMES - WEST THAMES,Multiple Values,OPEN,FRESHWATER - RIVERS,2021-10-08T12:06:00,MONITORING  (NATIONAL AGENCY POLICY),RIVER / RUNNING SURFACE WATER,9756,Neburon,<0.01,MICROGRAM PER LITRE
https://environment.data.gov.uk/water-quality/sampling-point/TH-RSN0018/sample/1367105/observation/9861,TH-RSN0018,RSN0018 RIVER THAMES AT MAGNA CARTA,-0.562,51.4448,Thames,THAMES - WEST THAMES,Multiple Values,OPEN,FRESHWATER - RIVERS,2021-10-08T12:06:00,MONITORING  (NATIONAL AGENCY POLICY),RIVER / RUNNING SURFACE WATER,9861,Metsulfuron-methyl,<0.01,MICROGRAM PER LITRE
https://environment.data.gov.uk/water-quality/sampling-point/TH-RSN0018/sample/1367105/observation/9883,TH-RSN0018,RSN0018 RIVER THAMES AT MAGNA CARTA,-0.562,51.4448,Thames,THAMES - WEST THAMES,Multiple Values,OPEN,FRESHWATER - RIVERS,2021-10-08T12:06:00,MONITORING  (NATIONAL AGENCY POLICY),RIVER / RUNNING SURFACE WATER,9883,Picloram,<0.005,MICROGRAM PER LITRE
https://environment.data.gov.uk/water-quality/sampling-point/TH-RSN0018/sample/1367105/observation/9889,TH-RSN0018,RSN0018 RIVER THAMES AT MAGNA CARTA,-0.562,51.4448,Thames,THAMES - WEST THAMES,Multiple Values,OPEN,FRESHWATER - RIVERS,2021-10-08T12:06:00,MONITORING  (NATIONAL AGENCY POLICY),RIVER / RUNNING SURFACE WATER,9889,Oestrone :- {E1},0.4,NANOGRAM PER LITRE
https://environment.data.gov.uk/water-quality/sampling-point/TH-RSN0018/sample/1367105/observation/9898,TH-RSN0018,RSN0018 RIVER THAMES AT MAGNA CARTA,-0.562,51.4448,Thames,THAMES - WEST THAMES,Multiple Values,OPEN,FRESHWATER - RIVERS,2021-10-08T12:06:00,MONITORING  (NATIONAL AGENCY POLICY),RIVER / RUNNING SURFACE WATER,9898,17beta oestradiol :- {E2},0.056,NANOGRAM PER LITRE
https://environment.data.gov.uk/water-quality/sampling-point/TH-RSN0018/sample/1367105/observation/9899,TH-RSN0018,RSN0018 RIVER THAMES AT MAGNA CARTA,-0.562,51.4448,Thames,THAMES - WEST THAMES,Multiple Values,OPEN,FRESHWATER - RIVERS,2021-10-08T12:06:00,MONITORING  (NATIONAL AGENCY POLICY),RIVER / RUNNING SURFACE WATER,9899,17alpha ethynyloestradiol :- {EE2},0.27,NANOGRAM PER LITRE
https://environment.data.gov.uk/water-quality/sampling-point/TH-RSN0018/sample/1367105/observation/9901,TH-RSN0018,RSN0018 RIVER THAMES AT MAGNA CARTA,-0.562,51.4448,Thames,THAMES - WEST THAMES,Multiple Values,OPEN,FRESHWATER - RIVERS,2021-10-08T12:06:00,MONITORING  (NATIONAL AGENCY POLICY),RIVER / RUNNING SURFACE WATER,9901,"Oxygen, Dissolved, % Saturation",88.6,PERCENTAGE
https://environment.data.gov.uk/water-quality/sampling-point/TH-RSN0018/sample/1367105/observation/9924,TH-RSN0018,RSN0018 RIVER THAMES AT MAGNA CARTA,-0.562,51.4448,Thames,THAMES - WEST THAMES,Multiple Values,OPEN,FRESHWATER - RIVERS,2021-10-08T12:06:00,MONITORING  (NATIONAL AGENCY POLICY),RIVER / RUNNING SURFACE WATER,9924,"Oxygen, Dissolved as O2",9.1,MILLIGRAM PER LITRE
https://environment.data.gov.uk/water-quality/sampling-point/TH-RSN0018/sample/1368262/observation/0052,TH-RSN0018,RSN0018 RIVER THAMES AT MAGNA CARTA,-0.562,51.4448,Thames,THAMES - WEST THAMES,Multiple Values,OPEN,FRESHWATER - RIVERS,2021-11-10T13:42:00,MONITORING  (NATIONAL AGENCY POLICY),RIVER / RUNNING SURFACE WATER,0052,"Lead, Dissolved",2.1,MICROGRAM PER LITRE
https://environment.data.gov.uk/water-quality/sampling-point/TH-RSN0018/sample/1368262/observation/0061,TH-RSN0018,RSN0018 RIVER THAMES AT MAGNA CARTA,-0.562,51.4448,Thames,THAMES - WEST THAMES,Multiple Values,OPEN,FRESHWATER - RIVERS,2021-11-10T13:42:00,MONITORING  (NATIONAL AGENCY POLICY),RIVER / RUNNING SURFACE WATER,0061,pH,7.97,PH UNITS
https://environment.data.gov.uk/water-quality/sampling-point/TH-RSN0018/sample/1368262/observation/0073,TH-RSN0018,RSN0018 RIVER THAMES AT MAGNA CARTA,-0.562,51.4448,Thames,THAMES - WEST THAMES,Multiple Values,OPEN,FRESHWATER - RIVERS,2021-11-10T13:42:00,MONITORING  (NATIONAL AGENCY POLICY),RIVER / RUNNING SURFACE WATER,0073,Cypermethrin,<0.00001,MICROGRAM PER LITRE
https://environment.data.gov.uk/water-quality/sampling-point/TH-RSN0018/sample/1368262/observation/0076,TH-RSN0018,RSN0018 RIVER THAMES AT MAGNA CARTA,-0.562,51.4448,Thames,THAMES - WEST THAMES,Multiple Values,OPEN,FRESHWATER - RIVERS,2021-11-10T13:42:00,MONITORING  (NATIONAL AGENCY POLICY),RIVER / RUNNING SURFACE WATER,0076,Temperature of Water,11.2,CELSIUS
https://environment.data.gov.uk/water-quality/sampling-point/TH-RSN0018/sample/1368262/observation/0077,TH-RSN0018,RSN0018 RIVER THAMES AT MAGNA CARTA,-0.562,51.4448,Thames,THAMES - WEST THAMES,Multiple Values,OPEN,FRESHWATER - RIVERS,2021-11-10T13:42:00,MONITORING  (NATIONAL AGENCY POLICY),RIVER / RUNNING SURFACE WATER,0077,Conductivity at 25 C,766,MICROSIEMENS PER CENTIMETRE
https://environment.data.gov.uk/water-quality/sampling-point/TH-RSN0018/sample/1368262/observation/0106,TH-RSN0018,RSN0018 RIVER THAMES AT MAGNA CARTA,-0.562,51.4448,Thames,THAMES - WEST THAMES,Multiple Values,OPEN,FRESHWATER - RIVERS,2021-11-10T13:42:00,MONITORING  (NATIONAL AGENCY POLICY),RIVER / RUNNING SURFACE WATER,0106,"Cadmium, Dissolved",0.02,MICROGRAM PER LITRE
https://environment.data.gov.uk/water-quality/sampling-point/TH-RSN0018/sample/1368262/observation/0111,TH-RSN0018,RSN0018 RIVER THAMES AT MAGNA CARTA,-0.562,51.4448,Thames,THAMES - WEST THAMES,Multiple Values,OPEN,FRESHWATER - RIVERS,2021-11-10T13:42:00,MONITORING  (NATIONAL AGENCY POLICY),RIVER / RUNNING SURFACE WATER,0111,Ammoniacal Nitrogen as N,0.04,MILLIGRAM PER LITRE
https://environment.data.gov.uk/water-quality/sampling-point/TH-RSN0018/sample/1368262/observation/0116,TH-RSN0018,RSN0018 RIVER THAMES AT MAGNA CARTA,-0.562,51.4448,Thames,THAMES - WEST THAMES,Multiple Values,OPEN,FRESHWATER - RIVERS,2021-11-10T13:42:00,MONITORING  (NATIONAL AGENCY POLICY),RIVER / RUNNING SURFACE WATER,0116,"Nitrogen, Total Oxidised as N",6.7,MILLIGRAM PER LITRE
https://environment.data.gov.uk/water-quality/sampling-point/TH-RSN0018/sample/1368262/observation/0117,TH-RSN0018,RSN0018 RIVER THAMES AT MAGNA CARTA,-0.562,51.4448,Thames,THAMES - WEST THAMES,Multiple Values,OPEN,FRESHWATER - RIVERS,2021-11-10T13:42:00,MONITORING  (NATIONAL AGENCY POLICY),RIVER / RUNNING SURFACE WATER,0117,Nitrate as N,6.68,MILLIGRAM PER LITRE
https://environment.data.gov.uk/water-quality/sampling-point/TH-RSN0018/sample/1368262/observation/0118,TH-RSN0018,RSN0018 RIVER THAMES AT MAGNA CARTA,-0.562,51.4448,Thames,THAMES - WEST THAMES,Multiple Values,OPEN,FRESHWATER - RIVERS,2021-11-10T13:42:00,MONITORING  (NATIONAL AGENCY POLICY),RIVER / RUNNING SURFACE WATER,0118,Nitrite as N,0.02,MILLIGRAM PER LITRE
https://environment.data.gov.uk/water-quality/sampling-point/TH-RSN0018/sample/1368262/observation/0119,TH-RSN0018,RSN0018 RIVER THAMES AT MAGNA CARTA,-0.562,51.4448,Thames,THAMES - WEST THAMES,Multiple Values,OPEN,FRESHWATER - RIVERS,2021-11-10T13:42:00,MONITORING  (NATIONAL AGENCY POLICY),RIVER / RUNNING SURFACE WATER,0119,Ammonia un-ionised as N,0.00074,MILLIGRAM PER LITRE
https://environment.data.gov.uk/water-quality/sampling-point/TH-RSN0018/sample/1368262/observation/0158,TH-RSN0018,RSN0018 RIVER THAMES AT MAGNA CARTA,-0.562,51.4448,Thames,THAMES - WEST THAMES,Multiple Values,OPEN,FRESHWATER - RIVERS,2021-11-10T13:42:00,MONITORING  (NATIONAL AGENCY POLICY),RIVER / RUNNING SURFACE WATER,0158,"Hardness, Total as CaCO3",269,MILLIGRAM PER LITRE
https://environment.data.gov.uk/water-quality/sampling-point/TH-RSN0018/sample/1368262/observation/0162,TH-RSN0018,RSN0018 RIVER THAMES AT MAGNA CARTA,-0.562,51.4448,Thames,THAMES - WEST THAMES,Multiple Values,OPEN,FRESHWATER - RIVERS,2021-11-10T13:42:00,MONITORING  (NATIONAL AGENCY POLICY),RIVER / RUNNING SURFACE WATER,0162,Alkalinity to pH 4.5 as CaCO3,200,MILLIGRAM PER LITRE
https://environment.data.gov.uk/water-quality/sampling-point/TH-RSN0018/sample/1368262/observation/0163,TH-RSN0018,RSN0018 RIVER THAMES AT MAGNA CARTA,-0.562,51.4448,Thames,THAMES - WEST THAMES,Multiple Values,OPEN,FRESHWATER - RIVERS,2021-11-10T13:42:00,MONITORING  (NATIONAL AGENCY POLICY),RIVER / RUNNING SURFACE WATER,0163,"Hardness, Calcium",250,MILLIGRAM PER LITRE
https://environment.data.gov.uk/water-quality/sampling-point/TH-RSN0018/sample/1368262/observation/0172,TH-RSN0018,RSN0018 RIVER THAMES AT MAGNA CARTA,-0.562,51.4448,Thames,THAMES - WEST THAMES,Multiple Values,OPEN,FRESHWATER - RIVERS,2021-11-10T13:42:00,MONITORING  (NATIONAL AGENCY POLICY),RIVER / RUNNING SURFACE WATER,0172,Chloride,38,MILLIGRAM PER LITRE
https://environment.data.gov.uk/water-quality/sampling-point/TH-RSN0018/sample/1368262/observation/0180,TH-RSN0018,RSN0018 RIVER THAMES AT MAGNA CARTA,-0.562,51.4448,Thames,THAMES - WEST THAMES,Multiple Values,OPEN,FRESHWATER - RIVERS,2021-11-10T13:42:00,MONITORING  (NATIONAL AGENCY POLICY),RIVER / RUNNING SURFACE WATER,0180,"Orthophosphate, reactive as P",0.19,MILLIGRAM PER LITRE
https://environment.data.gov.uk/water-quality/sampling-point/TH-RSN0018/sample/1368262/observation/0182,TH-RSN0018,RSN0018 RIVER THAMES AT MAGNA CARTA,-0.562,51.4448,Thames,THAMES - WEST THAMES,Multiple Values,OPEN,FRESHWATER - RIVERS,2021-11-10T13:42:00,MONITORING  (NATIONAL AGENCY POLICY),RIVER / RUNNING SURFACE WATER,0182,"Silica, reactive as SiO2",14,MILLIGRAM PER LITRE
https://environment.data.gov.uk/water-quality/sampling-point/TH-RSN0018/sample/1368262/observation/0205,TH-RSN0018,RSN0018 RIVER THAMES AT MAGNA CARTA,-0.562,51.4448,Thames,THAMES - WEST THAMES,Multiple Values,OPEN,FRESHWATER - RIVERS,2021-11-10T13:42:00,MONITORING  (NATIONAL AGENCY POLICY),RIVER / RUNNING SURFACE WATER,0205,"Sodium, Dissolved",27,MILLIGRAM PER LITRE
https://environment.data.gov.uk/water-quality/sampling-point/TH-RSN0018/sample/1368262/observation/0209,TH-RSN0018,RSN0018 RIVER THAMES AT MAGNA CARTA,-0.562,51.4448,Thames,THAMES - WEST THAMES,Multiple Values,OPEN,FRESHWATER - RIVERS,2021-11-10T13:42:00,MONITORING  (NATIONAL AGENCY POLICY),RIVER / RUNNING SURFACE WATER,0209,"Potassium, Dissolved",6.3,MILLIGRAM PER LITRE
https://environment.data.gov.uk/water-quality/sampling-point/TH-RSN0018/sample/1368262/observation/0235,TH-RSN0018,RSN0018 RIVER THAMES AT MAGNA CARTA,-0.562,51.4448,Thames,THAMES - WEST THAMES,Multiple Values,OPEN,FRESHWATER - RIVERS,2021-11-10T13:42:00,MONITORING  (NATIONAL AGENCY POLICY),RIVER / RUNNING SURFACE WATER,0235,"Magnesium, Dissolved",4.8,MILLIGRAM PER LITRE
https://environment.data.gov.uk/water-quality/sampling-point/TH-RSN0018/sample/1368262/observation/0239,TH-RSN0018,RSN0018 RIVER THAMES AT MAGNA CARTA,-0.562,51.4448,Thames,THAMES - WEST THAMES,Multiple Values,OPEN,FRESHWATER - RIVERS,2021-11-10T13:42:00,MONITORING  (NATIONAL AGENCY POLICY),RIVER / RUNNING SURFACE WATER,0239,"Calcium, Dissolved",100,MILLIGRAM PER LITRE
https://environment.data.gov.uk/water-quality/sampling-point/TH-RSN0018/sample/1368262/observation/0301,TH-RSN0018,RSN0018 RIVER THAMES AT MAGNA CARTA,-0.562,51.4448,Thames,THAMES - WEST THAMES,Multiple Values,OPEN,FRESHWATER - RIVERS,2021-11-10T13:42:00,MONITORING  (NATIONAL AGENCY POLICY),RIVER / RUNNING SURFACE WATER,0301,"Carbon, Organic, Dissolved as C :- {DOC}",5.8,MILLIGRAM PER LITRE
https://environment.data.gov.uk/water-quality/sampling-point/TH-RSN0018/sample/1368262/observation/0348,TH-RSN0018,RSN0018 RIVER THAMES AT MAGNA CARTA,-0.562,51.4448,Thames,THAMES - WEST THAMES,Multiple Values,OPEN,FRESHWATER - RIVERS,2021-11-10T13:42:00,MONITORING  (NATIONAL AGENCY POLICY),RIVER / RUNNING SURFACE WATER,0348,"Phosphorus, Total as P",0.23,MILLIGRAM PER LITRE
https://environment.data.gov.uk/water-quality/sampling-point/TH-RSN0018/sample/1368262/observation/0714,TH-RSN0018,RSN0018 RIVER THAMES AT MAGNA CARTA,-0.562,51.4448,Thames,THAMES - WEST THAMES,Multiple Values,OPEN,FRESHWATER - RIVERS,2021-11-10T13:42:00,MONITORING  (NATIONAL AGENCY POLICY),RIVER / RUNNING SURFACE WATER,0714,"Benzo(g,h,i)Perylene",<0.01,MICROGRAM PER LITRE
https://environment.data.gov.uk/water-quality/sampling-point/TH-RSN0018/sample/1368262/observation/0731,TH-RSN0018,RSN0018 RIVER THAMES AT MAGNA CARTA,-0.562,51.4448,Thames,THAMES - WEST THAMES,Multiple Values,OPEN,FRESHWATER - RIVERS,2021-11-10T13:42:00,MONITORING  (NATIONAL AGENCY POLICY),RIVER / RUNNING SURFACE WATER,0731,Benzo(b)Fluoranthene,<0.01,MICROGRAM PER LITRE
https://environment.data.gov.uk/water-quality/sampling-point/TH-RSN0018/sample/1368262/observation/0733,TH-RSN0018,RSN0018 RIVER THAMES AT MAGNA CARTA,-0.562,51.4448,Thames,THAMES - WEST THAMES,Multiple Values,OPEN,FRESHWATER - RIVERS,2021-11-10T13:42:00,MONITORING  (NATIONAL AGENCY POLICY),RIVER / RUNNING SURFACE WATER,0733,Benzo(k)Fluoranthene,<0.01,MICROGRAM PER LITRE
https://environment.data.gov.uk/water-quality/sampling-point/TH-RSN0018/sample/1368262/observation/0736,TH-RSN0018,RSN0018 RIVER THAMES AT MAGNA CARTA,-0.562,51.4448,Thames,THAMES - WEST THAMES,Multiple Values,OPEN,FRESHWATER - RIVERS,2021-11-10T13:42:00,MONITORING  (NATIONAL AGENCY POLICY),RIVER / RUNNING SURFACE WATER,0736,Fluoranthene,<0.01,MICROGRAM PER LITRE
https://environment.data.gov.uk/water-quality/sampling-point/TH-RSN0018/sample/1368262/observation/0746,TH-RSN0018,RSN0018 RIVER THAMES AT MAGNA CARTA,-0.562,51.4448,Thames,THAMES - WEST THAMES,Multiple Values,OPEN,FRESHWATER - RIVERS,2021-11-10T13:42:00,MONITORING  (NATIONAL AGENCY POLICY),RIVER / RUNNING SURFACE WATER,0746,"Indeno(1,2,3-cd)pyrene",<0.01,MICROGRAM PER LITRE
https://environment.data.gov.uk/water-quality/sampling-point/TH-RSN0018/sample/1368262/observation/3004,TH-RSN0018,RSN0018 RIVER THAMES AT MAGNA CARTA,-0.562,51.4448,Thames,THAMES - WEST THAMES,Multiple Values,OPEN,FRESHWATER - RIVERS,2021-11-10T13:42:00,MONITORING  (NATIONAL AGENCY POLICY),RIVER / RUNNING SURFACE WATER,3004,Asulam,<0.02,MICROGRAM PER LITRE
https://environment.data.gov.uk/water-quality/sampling-point/TH-RSN0018/sample/1368262/observation/3007,TH-RSN0018,RSN0018 RIVER THAMES AT MAGNA CARTA,-0.562,51.4448,Thames,THAMES - WEST THAMES,Multiple Values,OPEN,FRESHWATER - RIVERS,2021-11-10T13:42:00,MONITORING  (NATIONAL AGENCY POLICY),RIVER / RUNNING SURFACE WATER,3007,Glyphosate,0.18,MICROGRAM PER LITRE
https://environment.data.gov.uk/water-quality/sampling-point/TH-RSN0018/sample/1368262/observation/3086,TH-RSN0018,RSN0018 RIVER THAMES AT MAGNA CARTA,-0.562,51.4448,Thames,THAMES - WEST THAMES,Multiple Values,OPEN,FRESHWATER - RIVERS,2021-11-10T13:42:00,MONITORING  (NATIONAL AGENCY POLICY),RIVER / RUNNING SURFACE WATER,3086,Carbofuran,<0.005,MICROGRAM PER LITRE
https://environment.data.gov.uk/water-quality/sampling-point/TH-RSN0018/sample/1368262/observation/3117,TH-RSN0018,RSN0018 RIVER THAMES AT MAGNA CARTA,-0.562,51.4448,Thames,THAMES - WEST THAMES,Multiple Values,OPEN,FRESHWATER - RIVERS,2021-11-10T13:42:00,MONITORING  (NATIONAL AGENCY POLICY),RIVER / RUNNING SURFACE WATER,3117,Isoproturon,<0.01,MICROGRAM PER LITRE
https://environment.data.gov.uk/water-quality/sampling-point/TH-RSN0018/sample/1368262/observation/3118,TH-RSN0018,RSN0018 RIVER THAMES AT MAGNA CARTA,-0.562,51.4448,Thames,THAMES - WEST THAMES,Multiple Values,OPEN,FRESHWATER - RIVERS,2021-11-10T13:42:00,MONITORING  (NATIONAL AGENCY POLICY),RIVER / RUNNING SURFACE WATER,3118,Linuron,<0.01,MICROGRAM PER LITRE
https://environment.data.gov.uk/water-quality/sampling-point/TH-RSN0018/sample/1368262/observation/3130,TH-RSN0018,RSN0018 RIVER THAMES AT MAGNA CARTA,-0.562,51.4448,Thames,THAMES - WEST THAMES,Multiple Values,OPEN,FRESHWATER - RIVERS,2021-11-10T13:42:00,MONITORING  (NATIONAL AGENCY POLICY),RIVER / RUNNING SURFACE WATER,3130,Metoxuron,<0.01,MICROGRAM PER LITRE
https://environment.data.gov.uk/water-quality/sampling-point/TH-RSN0018/sample/1368262/observation/3341,TH-RSN0018,RSN0018 RIVER THAMES AT MAGNA CARTA,-0.562,51.4448,Thames,THAMES - WEST THAMES,Multiple Values,OPEN,FRESHWATER - RIVERS,2021-11-10T13:42:00,MONITORING  (NATIONAL AGENCY POLICY),RIVER / RUNNING SURFACE WATER,3341,4-Chloro-2-methylphenol :- {p-Chloro-o-cresol},<0.05,MICROGRAM PER LITRE
https://environment.data.gov.uk/water-quality/sampling-point/TH-RSN0018/sample/1368262/observation/3377,TH-RSN0018,RSN0018 RIVER THAMES AT MAGNA CARTA,-0.562,51.4448,Thames,THAMES - WEST THAMES,Multiple Values,OPEN,FRESHWATER - RIVERS,2021-11-10T13:42:00,MONITORING  (NATIONAL AGENCY POLICY),RIVER / RUNNING SURFACE WATER,3377,Lead : BLM Bioavailable,0.36,MICROGRAM PER LITRE
https://environment.data.gov.uk/water-quality/sampling-point/TH-RSN0018/sample/1368262/observation/3399,TH-RSN0018,RSN0018 RIVER THAMES AT MAGNA CARTA,-0.562,51.4448,Thames,THAMES - WEST THAMES,Multiple Values,OPEN,FRESHWATER - RIVERS,2021-11-10T13:42:00,MONITORING  (NATIONAL AGENCY POLICY),RIVER / RUNNING SURFACE WATER,3399,Chloroxuron,<0.01,MICROGRAM PER LITRE
https://environment.data.gov.uk/water-quality/sampling-point/TH-RSN0018/sample/1368262/observation/3400,TH-RSN0018,RSN0018 RIVER THAMES AT MAGNA CARTA,-0.562,51.4448,Thames,THAMES - WEST THAMES,Multiple Values,OPEN,FRESHWATER - RIVERS,2021-11-10T13:42:00,MONITORING  (NATIONAL AGENCY POLICY),RIVER / RUNNING SURFACE WATER,3400,Monuron,<0.01,MICROGRAM PER LITRE
https://environment.data.gov.uk/water-quality/sampling-point/TH-RSN0018/sample/1368262/observation/3408,TH-RSN0018,RSN0018 RIVER THAMES AT MAGNA CARTA,-0.562,51.4448,Thames,THAMES - WEST THAMES,Multiple Values,OPEN,FRESHWATER - RIVERS,2021-11-10T13:42:00,MONITORING  (NATIONAL AGENCY POLICY),RIVER / RUNNING SURFACE WATER,3408,"Zinc, Dissolved",5.8,MICROGRAM PER LITRE
https://environment.data.gov.uk/water-quality/sampling-point/TH-RSN0018/sample/1368262/observation/3409,TH-RSN0018,RSN0018 RIVER THAMES AT MAGNA CARTA,-0.562,51.4448,Thames,THAMES - WEST THAMES,Multiple Values,OPEN,FRESHWATER - RIVERS,2021-11-10T13:42:00,MONITORING  (NATIONAL AGENCY POLICY),RIVER / RUNNING SURFACE WATER,3409,"Chromium, Dissolved",0.72,MICROGRAM PER LITRE
https://environment.data.gov.uk/water-quality/sampling-point/TH-RSN0018/sample/1368262/observation/3410,TH-RSN0018,RSN0018 RIVER THAMES AT MAGNA CARTA,-0.562,51.4448,Thames,THAMES - WEST THAMES,Multiple Values,OPEN,FRESHWATER - RIVERS,2021-11-10T13:42:00,MONITORING  (NATIONAL AGENCY POLICY),RIVER / RUNNING SURFACE WATER,3410,"Nickel, Dissolved",1.7,MICROGRAM PER LITRE
https://environment.data.gov.uk/water-quality/sampling-point/TH-RSN0018/sample/1368262/observation/3475,TH-RSN0018,RSN0018 RIVER THAMES AT MAGNA CARTA,-0.562,51.4448,Thames,THAMES - WEST THAMES,Multiple Values,OPEN,FRESHWATER - RIVERS,2021-11-10T13:42:00,MONITORING  (NATIONAL AGENCY POLICY),RIVER / RUNNING SURFACE WATER,3475,Carbendazim,<0.01,MICROGRAM PER LITRE
https://environment.data.gov.uk/water-quality/sampling-point/TH-RSN0018/sample/1368262/observation/3545,TH-RSN0018,RSN0018 RIVER THAMES AT MAGNA CARTA,-0.562,51.4448,Thames,THAMES - WEST THAMES,Multiple Values,OPEN,FRESHWATER - RIVERS,2021-11-10T13:42:00,MONITORING  (NATIONAL AGENCY POLICY),RIVER / RUNNING SURFACE WATER,3545,"2,4-D :- {2,4-Dichlorophenoxyacetic acid}",0.0071,MICROGRAM PER LITRE
https://environment.data.gov.uk/water-quality/sampling-point/TH-RSN0018/sample/1368262/observation/3546,TH-RSN0018,RSN0018 RIVER THAMES AT MAGNA CARTA,-0.562,51.4448,Thames,THAMES - WEST THAMES,Multiple Values,OPEN,FRESHWATER - RIVERS,2021-11-10T13:42:00,MONITORING  (NATIONAL AGENCY POLICY),RIVER / RUNNING SURFACE WATER,3546,"2,4,5-T :- {2,4,5-Trichlorophenoxyacetic acid}",<0.005,MICROGRAM PER LITRE
https://environment.data.gov.uk/water-quality/sampling-point/TH-RSN0018/sample/1368262/observation/3547,TH-RSN0018,RSN0018 RIVER THAMES AT MAGNA CARTA,-0.562,51.4448,Thames,THAMES - WEST THAMES,Multiple Values,OPEN,FRESHWATER - RIVERS,2021-11-10T13:42:00,MONITORING  (NATIONAL AGENCY POLICY),RIVER / RUNNING SURFACE WATER,3547,4-Chlorophenoxyacetic acid,<0.005,MICROGRAM PER LITRE
https://environment.data.gov.uk/water-quality/sampling-point/TH-RSN0018/sample/1368262/observation/3548,TH-RSN0018,RSN0018 RIVER THAMES AT MAGNA CARTA,-0.562,51.4448,Thames,THAMES - WEST THAMES,Multiple Values,OPEN,FRESHWATER - RIVERS,2021-11-10T13:42:00,MONITORING  (NATIONAL AGENCY POLICY),RIVER / RUNNING SURFACE WATER,3548,MCPA :- {4-Chloro-2-methylphenoxyacetic acid} ,<0.005,MICROGRAM PER LITRE
https://environment.data.gov.uk/water-quality/sampling-point/TH-RSN0018/sample/1368262/observation/3549,TH-RSN0018,RSN0018 RIVER THAMES AT MAGNA CARTA,-0.562,51.4448,Thames,THAMES - WEST THAMES,Multiple Values,OPEN,FRESHWATER - RIVERS,2021-11-10T13:42:00,MONITORING  (NATIONAL AGENCY POLICY),RIVER / RUNNING SURFACE WATER,3549,Mecoprop,<0.005,MICROGRAM PER LITRE
https://environment.data.gov.uk/water-quality/sampling-point/TH-RSN0018/sample/1368262/observation/3550,TH-RSN0018,RSN0018 RIVER THAMES AT MAGNA CARTA,-0.562,51.4448,Thames,THAMES - WEST THAMES,Multiple Values,OPEN,FRESHWATER - RIVERS,2021-11-10T13:42:00,MONITORING  (NATIONAL AGENCY POLICY),RIVER / RUNNING SURFACE WATER,3550,Dicamba,<0.01,MICROGRAM PER LITRE
https://environment.data.gov.uk/water-quality/sampling-point/TH-RSN0018/sample/1368262/observation/3551,TH-RSN0018,RSN0018 RIVER THAMES AT MAGNA CARTA,-0.562,51.4448,Thames,THAMES - WEST THAMES,Multiple Values,OPEN,FRESHWATER - RIVERS,2021-11-10T13:42:00,MONITORING  (NATIONAL AGENCY POLICY),RIVER / RUNNING SURFACE WATER,3551,"Dichlorprop :- {2,4-DP}",<0.005,MICROGRAM PER LITRE
https://environment.data.gov.uk/water-quality/sampling-point/TH-RSN0018/sample/1368262/observation/3552,TH-RSN0018,RSN0018 RIVER THAMES AT MAGNA CARTA,-0.562,51.4448,Thames,THAMES - WEST THAMES,Multiple Values,OPEN,FRESHWATER - RIVERS,2021-11-10T13:42:00,MONITORING  (NATIONAL AGENCY POLICY),RIVER / RUNNING SURFACE WATER,3552,Fenoprop,<0.005,MICROGRAM PER LITRE
https://environment.data.gov.uk/water-quality/sampling-point/TH-RSN0018/sample/1368262/observation/3555,TH-RSN0018,RSN0018 RIVER THAMES AT MAGNA CARTA,-0.562,51.4448,Thames,THAMES - WEST THAMES,Multiple Values,OPEN,FRESHWATER - RIVERS,2021-11-10T13:42:00,MONITORING  (NATIONAL AGENCY POLICY),RIVER / RUNNING SURFACE WATER,3555,Triclopyr,0.006,MICROGRAM PER LITRE
https://environment.data.gov.uk/water-quality/sampling-point/TH-RSN0018/sample/1368262/observation/3790,TH-RSN0018,RSN0018 RIVER THAMES AT MAGNA CARTA,-0.562,51.4448,Thames,THAMES - WEST THAMES,Multiple Values,OPEN,FRESHWATER - RIVERS,2021-11-10T13:42:00,MONITORING  (NATIONAL AGENCY POLICY),RIVER / RUNNING SURFACE WATER,3790,MCPB :- {4-Chloro-2-methylphenoxybutyric acid},<0.005,MICROGRAM PER LITRE
https://environment.data.gov.uk/water-quality/sampling-point/TH-RSN0018/sample/1368262/observation/3791,TH-RSN0018,RSN0018 RIVER THAMES AT MAGNA CARTA,-0.562,51.4448,Thames,THAMES - WEST THAMES,Multiple Values,OPEN,FRESHWATER - RIVERS,2021-11-10T13:42:00,MONITORING  (NATIONAL AGENCY POLICY),RIVER / RUNNING SURFACE WATER,3791,"2,4-DB :- {4-(2,4-dichlorophenoxy)butyric acid}",<0.005,MICROGRAM PER LITRE
https://environment.data.gov.uk/water-quality/sampling-point/TH-RSN0018/sample/1368262/observation/3792,TH-RSN0018,RSN0018 RIVER THAMES AT MAGNA CARTA,-0.562,51.4448,Thames,THAMES - WEST THAMES,Multiple Values,OPEN,FRESHWATER - RIVERS,2021-11-10T13:42:00,MONITORING  (NATIONAL AGENCY POLICY),RIVER / RUNNING SURFACE WATER,3792,Benazolin,<0.005,MICROGRAM PER LITRE
https://environment.data.gov.uk/water-quality/sampling-point/TH-RSN0018/sample/1368262/observation/3811,TH-RSN0018,RSN0018 RIVER THAMES AT MAGNA CARTA,-0.562,51.4448,Thames,THAMES - WEST THAMES,Multiple Values,OPEN,FRESHWATER - RIVERS,2021-11-10T13:42:00,MONITORING  (NATIONAL AGENCY POLICY),RIVER / RUNNING SURFACE WATER,3811,Diuron,<0.01,MICROGRAM PER LITRE
https://environment.data.gov.uk/water-quality/sampling-point/TH-RSN0018/sample/1368262/observation/3878,TH-RSN0018,RSN0018 RIVER THAMES AT MAGNA CARTA,-0.562,51.4448,Thames,THAMES - WEST THAMES,Multiple Values,OPEN,FRESHWATER - RIVERS,2021-11-10T13:42:00,MONITORING  (NATIONAL AGENCY POLICY),RIVER / RUNNING SURFACE WATER,3878,Nickel : BLM Bioavailable,0.65,MICROGRAM PER LITRE
https://environment.data.gov.uk/water-quality/sampling-point/TH-RSN0018/sample/1368262/observation/4064,TH-RSN0018,RSN0018 RIVER THAMES AT MAGNA CARTA,-0.562,51.4448,Thames,THAMES - WEST THAMES,Multiple Values,OPEN,FRESHWATER - RIVERS,2021-11-10T13:42:00,MONITORING  (NATIONAL AGENCY POLICY),RIVER / RUNNING SURFACE WATER,4064,Fluroxypyr,0.0054,MICROGRAM PER LITRE
https://environment.data.gov.uk/water-quality/sampling-point/TH-RSN0018/sample/1368262/observation/4065,TH-RSN0018,RSN0018 RIVER THAMES AT MAGNA CARTA,-0.562,51.4448,Thames,THAMES - WEST THAMES,Multiple Values,OPEN,FRESHWATER - RIVERS,2021-11-10T13:42:00,MONITORING  (NATIONAL AGENCY POLICY),RIVER / RUNNING SURFACE WATER,4065,Bentazone,0.0047,MICROGRAM PER LITRE
https://environment.data.gov.uk/water-quality/sampling-point/TH-RSN0018/sample/1368262/observation/4201,TH-RSN0018,RSN0018 RIVER THAMES AT MAGNA CARTA,-0.562,51.4448,Thames,THAMES - WEST THAMES,Multiple Values,OPEN,FRESHWATER - RIVERS,2021-11-10T13:42:00,MONITORING  (NATIONAL AGENCY POLICY),RIVER / RUNNING SURFACE WATER,4201,"Lithium, Dissolved",<100,MICROGRAM PER LITRE
https://environment.data.gov.uk/water-quality/sampling-point/TH-RSN0018/sample/1368262/observation/4820,TH-RSN0018,RSN0018 RIVER THAMES AT MAGNA CARTA,-0.562,51.4448,Thames,THAMES - WEST THAMES,Multiple Values,OPEN,FRESHWATER - RIVERS,2021-11-10T13:42:00,MONITORING  (NATIONAL AGENCY POLICY),RIVER / RUNNING SURFACE WATER,4820,Manganese : BLM Bioavailable,6.8,MICROGRAM PER LITRE
https://environment.data.gov.uk/water-quality/sampling-point/TH-RSN0018/sample/1368262/observation/4821,TH-RSN0018,RSN0018 RIVER THAMES AT MAGNA CARTA,-0.562,51.4448,Thames,THAMES - WEST THAMES,Multiple Values,OPEN,FRESHWATER - RIVERS,2021-11-10T13:42:00,MONITORING  (NATIONAL AGENCY POLICY),RIVER / RUNNING SURFACE WATER,4821,Copper : BLM Bioavailable,0.19,MICROGRAM PER LITRE
https://environment.data.gov.uk/water-quality/sampling-point/TH-RSN0018/sample/1368262/observation/4822,TH-RSN0018,RSN0018 RIVER THAMES AT MAGNA CARTA,-0.562,51.4448,Thames,THAMES - WEST THAMES,Multiple Values,OPEN,FRESHWATER - RIVERS,2021-11-10T13:42:00,MONITORING  (NATIONAL AGENCY POLICY),RIVER / RUNNING SURFACE WATER,4822,Zinc : BLM Bioavailable,2,MICROGRAM PER LITRE
https://environment.data.gov.uk/water-quality/sampling-point/TH-RSN0018/sample/1368262/observation/4994,TH-RSN0018,RSN0018 RIVER THAMES AT MAGNA CARTA,-0.562,51.4448,Thames,THAMES - WEST THAMES,Multiple Values,OPEN,FRESHWATER - RIVERS,2021-11-10T13:42:00,MONITORING  (NATIONAL AGENCY POLICY),RIVER / RUNNING SURFACE WATER,4994,GCMS Screen : Target Based multi-residue screening : Semi Quantitative,1,Text Result
https://environment.data.gov.uk/water-quality/sampling-point/TH-RSN0018/sample/1368262/observation/5042,TH-RSN0018,RSN0018 RIVER THAMES AT MAGNA CARTA,-0.562,51.4448,Thames,THAMES - WEST THAMES,Multiple Values,OPEN,FRESHWATER - RIVERS,2021-11-10T13:42:00,MONITORING  (NATIONAL AGENCY POLICY),RIVER / RUNNING SURFACE WATER,5042,Sulcotrione,<0.1,MICROGRAM PER LITRE
https://environment.data.gov.uk/water-quality/sampling-point/TH-RSN0018/sample/1368262/observation/5047,TH-RSN0018,RSN0018 RIVER THAMES AT MAGNA CARTA,-0.562,51.4448,Thames,THAMES - WEST THAMES,Multiple Values,OPEN,FRESHWATER - RIVERS,2021-11-10T13:42:00,MONITORING  (NATIONAL AGENCY POLICY),RIVER / RUNNING SURFACE WATER,5047,Ethirimol,<0.05,MICROGRAM PER LITRE
https://environment.data.gov.uk/water-quality/sampling-point/TH-RSN0018/sample/1368262/observation/5050,TH-RSN0018,RSN0018 RIVER THAMES AT MAGNA CARTA,-0.562,51.4448,Thames,THAMES - WEST THAMES,Multiple Values,OPEN,FRESHWATER - RIVERS,2021-11-10T13:42:00,MONITORING  (NATIONAL AGENCY POLICY),RIVER / RUNNING SURFACE WATER,5050,Azoxystrobin,<0.02,MICROGRAM PER LITRE
https://environment.data.gov.uk/water-quality/sampling-point/TH-RSN0018/sample/1368262/observation/5446,TH-RSN0018,RSN0018 RIVER THAMES AT MAGNA CARTA,-0.562,51.4448,Thames,THAMES - WEST THAMES,Multiple Values,OPEN,FRESHWATER - RIVERS,2021-11-10T13:42:00,MONITORING  (NATIONAL AGENCY POLICY),RIVER / RUNNING SURFACE WATER,5446,Cypermethrin Identification,1,Text Result
https://environment.data.gov.uk/water-quality/sampling-point/TH-RSN0018/sample/1368262/observation/5732,TH-RSN0018,RSN0018 RIVER THAMES AT MAGNA CARTA,-0.562,51.4448,Thames,THAMES - WEST THAMES,Multiple Values,OPEN,FRESHWATER - RIVERS,2021-11-10T13:42:00,MONITORING  (NATIONAL AGENCY POLICY),RIVER / RUNNING SURFACE WATER,5732,Triphenyl Tin as Cation,<0.0002,MICROGRAM PER LITRE
https://environment.data.gov.uk/water-quality/sampling-point/TH-RSN0018/sample/1368262/observation/5889,TH-RSN0018,RSN0018 RIVER THAMES AT MAGNA CARTA,-0.562,51.4448,Thames,THAMES - WEST THAMES,Multiple Values,OPEN,FRESHWATER - RIVERS,2021-11-10T13:42:00,MONITORING  (NATIONAL AGENCY POLICY),RIVER / RUNNING SURFACE WATER,5889,Triclosan,0.017,MICROGRAM PER LITRE
https://environment.data.gov.uk/water-quality/sampling-point/TH-RSN0018/sample/1368262/observation/6037,TH-RSN0018,RSN0018 RIVER THAMES AT MAGNA CARTA,-0.562,51.4448,Thames,THAMES - WEST THAMES,Multiple Values,OPEN,FRESHWATER - RIVERS,2021-11-10T13:42:00,MONITORING  (NATIONAL AGENCY POLICY),RIVER / RUNNING SURFACE WATER,6037,"Aluminium, Dissolved",180,MICROGRAM PER LITRE
https://environment.data.gov.uk/water-quality/sampling-point/TH-RSN0018/sample/1368262/observation/6399,TH-RSN0018,RSN0018 RIVER THAMES AT MAGNA CARTA,-0.562,51.4448,Thames,THAMES - WEST THAMES,Multiple Values,OPEN,FRESHWATER - RIVERS,2021-11-10T13:42:00,MONITORING  (NATIONAL AGENCY POLICY),RIVER / RUNNING SURFACE WATER,6399,Benzo(a)Pyrene,<0.01,MICROGRAM PER LITRE
https://environment.data.gov.uk/water-quality/sampling-point/TH-RSN0018/sample/1368262/observation/6449,TH-RSN0018,RSN0018 RIVER THAMES AT MAGNA CARTA,-0.562,51.4448,Thames,THAMES - WEST THAMES,Multiple Values,OPEN,FRESHWATER - RIVERS,2021-11-10T13:42:00,MONITORING  (NATIONAL AGENCY POLICY),RIVER / RUNNING SURFACE WATER,6449,Bromoxynil,<0.005,MICROGRAM PER LITRE
https://environment.data.gov.uk/water-quality/sampling-point/TH-RSN0018/sample/1368262/observation/6450,TH-RSN0018,RSN0018 RIVER THAMES AT MAGNA CARTA,-0.562,51.4448,Thames,THAMES - WEST THAMES,Multiple Values,OPEN,FRESHWATER - RIVERS,2021-11-10T13:42:00,MONITORING  (NATIONAL AGENCY POLICY),RIVER / RUNNING SURFACE WATER,6450,"Copper, Dissolved",3.2,MICROGRAM PER LITRE
https://environment.data.gov.uk/water-quality/sampling-point/TH-RSN0018/sample/1368262/observation/6458,TH-RSN0018,RSN0018 RIVER THAMES AT MAGNA CARTA,-0.562,51.4448,Thames,THAMES - WEST THAMES,Multiple Values,OPEN,FRESHWATER - RIVERS,2021-11-10T13:42:00,MONITORING  (NATIONAL AGENCY POLICY),RIVER / RUNNING SURFACE WATER,6458,"Manganese, Dissolved",10,MICROGRAM PER LITRE
https://environment.data.gov.uk/water-quality/sampling-point/TH-RSN0018/sample/1368262/observation/6460,TH-RSN0018,RSN0018 RIVER THAMES AT MAGNA CARTA,-0.562,51.4448,Thames,THAMES - WEST THAMES,Multiple Values,OPEN,FRESHWATER - RIVERS,2021-11-10T13:42:00,MONITORING  (NATIONAL AGENCY POLICY),RIVER / RUNNING SURFACE WATER,6460,"Iron, Dissolved",350,MICROGRAM PER LITRE
https://environment.data.gov.uk/water-quality/sampling-point/TH-RSN0018/sample/1368262/observation/6620,TH-RSN0018,RSN0018 RIVER THAMES AT MAGNA CARTA,-0.562,51.4448,Thames,THAMES - WEST THAMES,Multiple Values,OPEN,FRESHWATER - RIVERS,2021-11-10T13:42:00,MONITORING  (NATIONAL AGENCY POLICY),RIVER / RUNNING SURFACE WATER,6620,Clopyralid,<0.005,MICROGRAM PER LITRE
https://environment.data.gov.uk/water-quality/sampling-point/TH-RSN0018/sample/1368262/observation/6671,TH-RSN0018,RSN0018 RIVER THAMES AT MAGNA CARTA,-0.562,51.4448,Thames,THAMES - WEST THAMES,Multiple Values,OPEN,FRESHWATER - RIVERS,2021-11-10T13:42:00,MONITORING  (NATIONAL AGENCY POLICY),RIVER / RUNNING SURFACE WATER,6671,Phenoxyacetic acid :- {PAA},0.054,MICROGRAM PER LITRE
https://environment.data.gov.uk/water-quality/sampling-point/TH-RSN0018/sample/1368262/observation/6672,TH-RSN0018,RSN0018 RIVER THAMES AT MAGNA CARTA,-0.562,51.4448,Thames,THAMES - WEST THAMES,Multiple Values,OPEN,FRESHWATER - RIVERS,2021-11-10T13:42:00,MONITORING  (NATIONAL AGENCY POLICY),RIVER / RUNNING SURFACE WATER,6672,4-Phenoxybutyric acid :- {PBA},<0.005,MICROGRAM PER LITRE
https://environment.data.gov.uk/water-quality/sampling-point/TH-RSN0018/sample/1368262/observation/6673,TH-RSN0018,RSN0018 RIVER THAMES AT MAGNA CARTA,-0.562,51.4448,Thames,THAMES - WEST THAMES,Multiple Values,OPEN,FRESHWATER - RIVERS,2021-11-10T13:42:00,MONITORING  (NATIONAL AGENCY POLICY),RIVER / RUNNING SURFACE WATER,6673,2-Phenoxypropionic acid :- {PPA},<0.005,MICROGRAM PER LITRE
https://environment.data.gov.uk/water-quality/sampling-point/TH-RSN0018/sample/1368262/observation/6693,TH-RSN0018,RSN0018 RIVER THAMES AT MAGNA CARTA,-0.562,51.4448,Thames,THAMES - WEST THAMES,Multiple Values,OPEN,FRESHWATER - RIVERS,2021-11-10T13:42:00,MONITORING  (NATIONAL AGENCY POLICY),RIVER / RUNNING SURFACE WATER,6693,"Strontium, Filtered",320,MICROGRAM PER LITRE
https://environment.data.gov.uk/water-quality/sampling-point/TH-RSN0018/sample/1368262/observation/6724,TH-RSN0018,RSN0018 RIVER THAMES AT MAGNA CARTA,-0.562,51.4448,Thames,THAMES - WEST THAMES,Multiple Values,OPEN,FRESHWATER - RIVERS,2021-11-10T13:42:00,MONITORING  (NATIONAL AGENCY POLICY),RIVER / RUNNING SURFACE WATER,6724,Di(2-ethylhexyl) phthalate :- {DEHP},<0.2,MICROGRAM PER LITRE
https://environment.data.gov.uk/water-quality/sampling-point/TH-RSN0018/sample/1368262/observation/6760,TH-RSN0018,RSN0018 RIVER THAMES AT MAGNA CARTA,-0.562,51.4448,Thames,THAMES - WEST THAMES,Multiple Values,OPEN,FRESHWATER - RIVERS,2021-11-10T13:42:00,MONITORING  (NATIONAL AGENCY POLICY),RIVER / RUNNING SURFACE WATER,6760,Chloridazon,<0.01,MICROGRAM PER LITRE
https://environment.data.gov.uk/water-quality/sampling-point/TH-RSN0018/sample/1368262/observation/6955,TH-RSN0018,RSN0018 RIVER THAMES AT MAGNA CARTA,-0.562,51.4448,Thames,THAMES - WEST THAMES,Multiple Values,OPEN,FRESHWATER - RIVERS,2021-11-10T13:42:00,MONITORING  (NATIONAL AGENCY POLICY),RIVER / RUNNING SURFACE WATER,6955,Ethiofencarb,<0.005,MICROGRAM PER LITRE
https://environment.data.gov.uk/water-quality/sampling-point/TH-RSN0018/sample/1368262/observation/6971,TH-RSN0018,RSN0018 RIVER THAMES AT MAGNA CARTA,-0.562,51.4448,Thames,THAMES - WEST THAMES,Multiple Values,OPEN,FRESHWATER - RIVERS,2021-11-10T13:42:00,MONITORING  (NATIONAL AGENCY POLICY),RIVER / RUNNING SURFACE WATER,6971,Methiocarb,<0.001,MICROGRAM PER LITRE
https://environment.data.gov.uk/water-quality/sampling-point/TH-RSN0018/sample/1368262/observation/6972,TH-RSN0018,RSN0018 RIVER THAMES AT MAGNA CARTA,-0.562,51.4448,Thames,THAMES - WEST THAMES,Multiple Values,OPEN,FRESHWATER - RIVERS,2021-11-10T13:42:00,MONITORING  (NATIONAL AGENCY POLICY),RIVER / RUNNING SURFACE WATER,6972,Methomyl,<0.005,MICROGRAM PER LITRE
https://environment.data.gov.uk/water-quality/sampling-point/TH-RSN0018/sample/1368262/observation/6980,TH-RSN0018,RSN0018 RIVER THAMES AT MAGNA CARTA,-0.562,51.4448,Thames,THAMES - WEST THAMES,Multiple Values,OPEN,FRESHWATER - RIVERS,2021-11-10T13:42:00,MONITORING  (NATIONAL AGENCY POLICY),RIVER / RUNNING SURFACE WATER,6980,Oxamyl,<0.005,MICROGRAM PER LITRE
https://environment.data.gov.uk/water-quality/sampling-point/TH-RSN0018/sample/1368262/observation/6987,TH-RSN0018,RSN0018 RIVER THAMES AT MAGNA CARTA,-0.562,51.4448,Thames,THAMES - WEST THAMES,Multiple Values,OPEN,FRESHWATER - RIVERS,2021-11-10T13:42:00,MONITORING  (NATIONAL AGENCY POLICY),RIVER / RUNNING SURFACE WATER,6987,Propoxur,<0.005,MICROGRAM PER LITRE
https://environment.data.gov.uk/water-quality/sampling-point/TH-RSN0018/sample/1368262/observation/7025,TH-RSN0018,RSN0018 RIVER THAMES AT MAGNA CARTA,-0.562,51.4448,Thames,THAMES - WEST THAMES,Multiple Values,OPEN,FRESHWATER - RIVERS,2021-11-10T13:42:00,MONITORING  (NATIONAL AGENCY POLICY),RIVER / RUNNING SURFACE WATER,7025,Imazapyr,<0.005,MICROGRAM PER LITRE
https://environment.data.gov.uk/water-quality/sampling-point/TH-RSN0018/sample/1368262/observation/7053,TH-RSN0018,RSN0018 RIVER THAMES AT MAGNA CARTA,-0.562,51.4448,Thames,THAMES - WEST THAMES,Multiple Values,OPEN,FRESHWATER - RIVERS,2021-11-10T13:42:00,MONITORING  (NATIONAL AGENCY POLICY),RIVER / RUNNING SURFACE WATER,7053,Methabenzthiazuron,<0.01,MICROGRAM PER LITRE
https://environment.data.gov.uk/water-quality/sampling-point/TH-RSN0018/sample/1368262/observation/7125,TH-RSN0018,RSN0018 RIVER THAMES AT MAGNA CARTA,-0.562,51.4448,Thames,THAMES - WEST THAMES,Multiple Values,OPEN,FRESHWATER - RIVERS,2021-11-10T13:42:00,MONITORING  (NATIONAL AGENCY POLICY),RIVER / RUNNING SURFACE WATER,7125,Aminomethylphosphonic acid,0.47,MICROGRAM PER LITRE
https://environment.data.gov.uk/water-quality/sampling-point/TH-RSN0018/sample/1368262/observation/7726,TH-RSN0018,RSN0018 RIVER THAMES AT MAGNA CARTA,-0.562,51.4448,Thames,THAMES - WEST THAMES,Multiple Values,OPEN,FRESHWATER - RIVERS,2021-11-10T13:42:00,MONITORING  (NATIONAL AGENCY POLICY),RIVER / RUNNING SURFACE WATER,7726,"2,3,6-TBA :- {2,3,6-Trichlorobenzoic acid}",<0.02,MICROGRAM PER LITRE
https://environment.data.gov.uk/water-quality/sampling-point/TH-RSN0018/sample/1368262/observation/7859,TH-RSN0018,RSN0018 RIVER THAMES AT MAGNA CARTA,-0.562,51.4448,Thames,THAMES - WEST THAMES,Multiple Values,OPEN,FRESHWATER - RIVERS,2021-11-10T13:42:00,MONITORING  (NATIONAL AGENCY POLICY),RIVER / RUNNING SURFACE WATER,7859,"Sulphate, Dissolved as SO4",48,MILLIGRAM PER LITRE
https://environment.data.gov.uk/water-quality/sampling-point/TH-RSN0018/sample/1368262/observation/8806,TH-RSN0018,RSN0018 RIVER THAMES AT MAGNA CARTA,-0.562,51.4448,Thames,THAMES - WEST THAMES,Multiple Values,OPEN,FRESHWATER - RIVERS,2021-11-10T13:42:00,MONITORING  (NATIONAL AGENCY POLICY),RIVER / RUNNING SURFACE WATER,8806,Aldicarb sulfoxide,<0.005,MICROGRAM PER LITRE
https://environment.data.gov.uk/water-quality/sampling-point/TH-RSN0018/sample/1368262/observation/8807,TH-RSN0018,RSN0018 RIVER THAMES AT MAGNA CARTA,-0.562,51.4448,Thames,THAMES - WEST THAMES,Multiple Values,OPEN,FRESHWATER - RIVERS,2021-11-10T13:42:00,MONITORING  (NATIONAL AGENCY POLICY),RIVER / RUNNING SURFACE WATER,8807,Aldoxycarb :- {Aldicarb Sulfone},<0.005,MICROGRAM PER LITRE
https://environment.data.gov.uk/water-quality/sampling-point/TH-RSN0018/sample/1368262/observation/8944,TH-RSN0018,RSN0018 RIVER THAMES AT MAGNA CARTA,-0.562,51.4448,Thames,THAMES - WEST THAMES,Multiple Values,OPEN,FRESHWATER - RIVERS,2021-11-10T13:42:00,MONITORING  (NATIONAL AGENCY POLICY),RIVER / RUNNING SURFACE WATER,8944,Tributyl Tin as Cation,<0.0002,MICROGRAM PER LITRE
https://environment.data.gov.uk/water-quality/sampling-point/TH-RSN0018/sample/1368262/observation/9068,TH-RSN0018,RSN0018 RIVER THAMES AT MAGNA CARTA,-0.562,51.4448,Thames,THAMES - WEST THAMES,Multiple Values,OPEN,FRESHWATER - RIVERS,2021-11-10T13:42:00,MONITORING  (NATIONAL AGENCY POLICY),RIVER / RUNNING SURFACE WATER,9068,Ioxynil,<0.005,MICROGRAM PER LITRE
https://environment.data.gov.uk/water-quality/sampling-point/TH-RSN0018/sample/1368262/observation/9073,TH-RSN0018,RSN0018 RIVER THAMES AT MAGNA CARTA,-0.562,51.4448,Thames,THAMES - WEST THAMES,Multiple Values,OPEN,FRESHWATER - RIVERS,2021-11-10T13:42:00,MONITORING  (NATIONAL AGENCY POLICY),RIVER / RUNNING SURFACE WATER,9073,Carbetamide,<0.01,MICROGRAM PER LITRE
https://environment.data.gov.uk/water-quality/sampling-point/TH-RSN0018/sample/1368262/observation/9190,TH-RSN0018,RSN0018 RIVER THAMES AT MAGNA CARTA,-0.562,51.4448,Thames,THAMES - WEST THAMES,Multiple Values,OPEN,FRESHWATER - RIVERS,2021-11-10T13:42:00,MONITORING  (NATIONAL AGENCY POLICY),RIVER / RUNNING SURFACE WATER,9190,4-Nonylphenol Branched,<0.04,MICROGRAM PER LITRE
https://environment.data.gov.uk/water-quality/sampling-point/TH-RSN0018/sample/1368262/observation/9267,TH-RSN0018,RSN0018 RIVER THAMES AT MAGNA CARTA,-0.562,51.4448,Thames,THAMES - WEST THAMES,Multiple Values,OPEN,FRESHWATER - RIVERS,2021-11-10T13:42:00,MONITORING  (NATIONAL AGENCY POLICY),RIVER / RUNNING SURFACE WATER,9267,4-tert-Octylphenol :- {p-tert-Octylphenol},<0.01,MICROGRAM PER LITRE
https://environment.data.gov.uk/water-quality/sampling-point/TH-RSN0018/sample/1368262/observation/9274,TH-RSN0018,RSN0018 RIVER THAMES AT MAGNA CARTA,-0.562,51.4448,Thames,THAMES - WEST THAMES,Multiple Values,OPEN,FRESHWATER - RIVERS,2021-11-10T13:42:00,MONITORING  (NATIONAL AGENCY POLICY),RIVER / RUNNING SURFACE WATER,9274,Perfluorooctanoate anion,0.0029,MICROGRAM PER LITRE
https://environment.data.gov.uk/water-quality/sampling-point/TH-RSN0018/sample/1368262/observation/9276,TH-RSN0018,RSN0018 RIVER THAMES AT MAGNA CARTA,-0.562,51.4448,Thames,THAMES - WEST THAMES,Multiple Values,OPEN,FRESHWATER - RIVERS,2021-11-10T13:42:00,MONITORING  (NATIONAL AGENCY POLICY),RIVER / RUNNING SURFACE WATER,9276,Perfluorooctylsulphonate anion,0.006,MICROGRAM PER LITRE
https://environment.data.gov.uk/water-quality/sampling-point/TH-RSN0018/sample/1368262/observation/9339,TH-RSN0018,RSN0018 RIVER THAMES AT MAGNA CARTA,-0.562,51.4448,Thames,THAMES - WEST THAMES,Multiple Values,OPEN,FRESHWATER - RIVERS,2021-11-10T13:42:00,MONITORING  (NATIONAL AGENCY POLICY),RIVER / RUNNING SURFACE WATER,9339,Fenuron,<0.01,MICROGRAM PER LITRE
https://environment.data.gov.uk/water-quality/sampling-point/TH-RSN0018/sample/1368262/observation/9341,TH-RSN0018,RSN0018 RIVER THAMES AT MAGNA CARTA,-0.562,51.4448,Thames,THAMES - WEST THAMES,Multiple Values,OPEN,FRESHWATER - RIVERS,2021-11-10T13:42:00,MONITORING  (NATIONAL AGENCY POLICY),RIVER / RUNNING SURFACE WATER,9341,cis-Permethrin,<0.0001,MICROGRAM PER LITRE
https://environment.data.gov.uk/water-quality/sampling-point/TH-RSN0018/sample/1368262/observation/9342,TH-RSN0018,RSN0018 RIVER THAMES AT MAGNA CARTA,-0.562,51.4448,Thames,THAMES - WEST THAMES,Multiple Values,OPEN,FRESHWATER - RIVERS,2021-11-10T13:42:00,MONITORING  (NATIONAL AGENCY POLICY),RIVER / RUNNING SURFACE WATER,9342,trans-Permethrin,<0.0001,MICROGRAM PER LITRE
https://environment.data.gov.uk/water-quality/sampling-point/TH-RSN0018/sample/1368262/observation/9343,TH-RSN0018,RSN0018 RIVER THAMES AT MAGNA CARTA,-0.562,51.4448,Thames,THAMES - WEST THAMES,Multiple Values,OPEN,FRESHWATER - RIVERS,2021-11-10T13:42:00,MONITORING  (NATIONAL AGENCY POLICY),RIVER / RUNNING SURFACE WATER,9343,Carbaryl,<0.01,MICROGRAM PER LITRE
https://environment.data.gov.uk/water-quality/sampling-point/TH-RSN0018/sample/1368262/observation/9344,TH-RSN0018,RSN0018 RIVER THAMES AT MAGNA CARTA,-0.562,51.4448,Thames,THAMES - WEST THAMES,Multiple Values,OPEN,FRESHWATER - RIVERS,2021-11-10T13:42:00,MONITORING  (NATIONAL AGENCY POLICY),RIVER / RUNNING SURFACE WATER,9344,Aldicarb,<0.005,MICROGRAM PER LITRE
https://environment.data.gov.uk/water-quality/sampling-point/TH-RSN0018/sample/1368262/observation/9345,TH-RSN0018,RSN0018 RIVER THAMES AT MAGNA CARTA,-0.562,51.4448,Thames,THAMES - WEST THAMES,Multiple Values,OPEN,FRESHWATER - RIVERS,2021-11-10T13:42:00,MONITORING  (NATIONAL AGENCY POLICY),RIVER / RUNNING SURFACE WATER,9345,Diflurobenzuron,<0.01,MICROGRAM PER LITRE
https://environment.data.gov.uk/water-quality/sampling-point/TH-RSN0018/sample/1368262/observation/9348,TH-RSN0018,RSN0018 RIVER THAMES AT MAGNA CARTA,-0.562,51.4448,Thames,THAMES - WEST THAMES,Multiple Values,OPEN,FRESHWATER - RIVERS,2021-11-10T13:42:00,MONITORING  (NATIONAL AGENCY POLICY),RIVER / RUNNING SURFACE WATER,9348,Chlorotoluron,<0.01,MICROGRAM PER LITRE
https://environment.data.gov.uk/water-quality/sampling-point/TH-RSN0018/sample/1368262/observation/9446,TH-RSN0018,RSN0018 RIVER THAMES AT MAGNA CARTA,-0.562,51.4448,Thames,THAMES - WEST THAMES,Multiple Values,OPEN,FRESHWATER - RIVERS,2021-11-10T13:42:00,MONITORING  (NATIONAL AGENCY POLICY),RIVER / RUNNING SURFACE WATER,9446,"Barium, Dissolved",19,MICROGRAM PER LITRE
https://environment.data.gov.uk/water-quality/sampling-point/TH-RSN0018/sample/1368262/observation/9447,TH-RSN0018,RSN0018 RIVER THAMES AT MAGNA CARTA,-0.562,51.4448,Thames,THAMES - WEST THAMES,Multiple Values,OPEN,FRESHWATER - RIVERS,2021-11-10T13:42:00,MONITORING  (NATIONAL AGENCY POLICY),RIVER / RUNNING SURFACE WATER,9447,"Boron, Dissolved",<100,MICROGRAM PER LITRE
https://environment.data.gov.uk/water-quality/sampling-point/TH-RSN0018/sample/1368262/observation/9686,TH-RSN0018,RSN0018 RIVER THAMES AT MAGNA CARTA,-0.562,51.4448,Thames,THAMES - WEST THAMES,Multiple Values,OPEN,FRESHWATER - RIVERS,2021-11-10T13:42:00,MONITORING  (NATIONAL AGENCY POLICY),RIVER / RUNNING SURFACE WATER,9686,"Nitrogen, Total as N",7.5,MILLIGRAM PER LITRE
https://environment.data.gov.uk/water-quality/sampling-point/TH-RSN0018/sample/1368262/observation/9756,TH-RSN0018,RSN0018 RIVER THAMES AT MAGNA CARTA,-0.562,51.4448,Thames,THAMES - WEST THAMES,Multiple Values,OPEN,FRESHWATER - RIVERS,2021-11-10T13:42:00,MONITORING  (NATIONAL AGENCY POLICY),RIVER / RUNNING SURFACE WATER,9756,Neburon,<0.01,MICROGRAM PER LITRE
https://environment.data.gov.uk/water-quality/sampling-point/TH-RSN0018/sample/1368262/observation/9861,TH-RSN0018,RSN0018 RIVER THAMES AT MAGNA CARTA,-0.562,51.4448,Thames,THAMES - WEST THAMES,Multiple Values,OPEN,FRESHWATER - RIVERS,2021-11-10T13:42:00,MONITORING  (NATIONAL AGENCY POLICY),RIVER / RUNNING SURFACE WATER,9861,Metsulfuron-methyl,<0.01,MICROGRAM PER LITRE
https://environment.data.gov.uk/water-quality/sampling-point/TH-RSN0018/sample/1368262/observation/9883,TH-RSN0018,RSN0018 RIVER THAMES AT MAGNA CARTA,-0.562,51.4448,Thames,THAMES - WEST THAMES,Multiple Values,OPEN,FRESHWATER - RIVERS,2021-11-10T13:42:00,MONITORING  (NATIONAL AGENCY POLICY),RIVER / RUNNING SURFACE WATER,9883,Picloram,<0.005,MICROGRAM PER LITRE
https://environment.data.gov.uk/water-quality/sampling-point/TH-RSN0018/sample/1368262/observation/9889,TH-RSN0018,RSN0018 RIVER THAMES AT MAGNA CARTA,-0.562,51.4448,Thames,THAMES - WEST THAMES,Multiple Values,OPEN,FRESHWATER - RIVERS,2021-11-10T13:42:00,MONITORING  (NATIONAL AGENCY POLICY),RIVER / RUNNING SURFACE WATER,9889,Oestrone :- {E1},0.48,NANOGRAM PER LITRE
https://environment.data.gov.uk/water-quality/sampling-point/TH-RSN0018/sample/1368262/observation/9898,TH-RSN0018,RSN0018 RIVER THAMES AT MAGNA CARTA,-0.562,51.4448,Thames,THAMES - WEST THAMES,Multiple Values,OPEN,FRESHWATER - RIVERS,2021-11-10T13:42:00,MONITORING  (NATIONAL AGENCY POLICY),RIVER / RUNNING SURFACE WATER,9898,17beta oestradiol :- {E2},0.056,NANOGRAM PER LITRE
https://environment.data.gov.uk/water-quality/sampling-point/TH-RSN0018/sample/1368262/observation/9899,TH-RSN0018,RSN0018 RIVER THAMES AT MAGNA CARTA,-0.562,51.4448,Thames,THAMES - WEST THAMES,Multiple Values,OPEN,FRESHWATER - RIVERS,2021-11-10T13:42:00,MONITORING  (NATIONAL AGENCY POLICY),RIVER / RUNNING SURFACE WATER,9899,17alpha ethynyloestradiol :- {EE2},0.36,NANOGRAM PER LITRE
https://environment.data.gov.uk/water-quality/sampling-point/TH-RSN0018/sample/1368262/observation/9901,TH-RSN0018,RSN0018 RIVER THAMES AT MAGNA CARTA,-0.562,51.4448,Thames,THAMES - WEST THAMES,Multiple Values,OPEN,FRESHWATER - RIVERS,2021-11-10T13:42:00,MONITORING  (NATIONAL AGENCY POLICY),RIVER / RUNNING SURFACE WATER,9901,"Oxygen, Dissolved, % Saturation",97.8,PERCENTAGE
https://environment.data.gov.uk/water-quality/sampling-point/TH-RSN0018/sample/1368262/observation/9924,TH-RSN0018,RSN0018 RIVER THAMES AT MAGNA CARTA,-0.562,51.4448,Thames,THAMES - WEST THAMES,Multiple Values,OPEN,FRESHWATER - RIVERS,2021-11-10T13:42:00,MONITORING  (NATIONAL AGENCY POLICY),RIVER / RUNNING SURFACE WATER,9924,"Oxygen, Dissolved as O2",10.7,MILLIGRAM PER LITRE
https://environment.data.gov.uk/water-quality/sampling-point/TH-RSN0018/sample/1369565/observation/0052,TH-RSN0018,RSN0018 RIVER THAMES AT MAGNA CARTA,-0.562,51.4448,Thames,THAMES - WEST THAMES,Multiple Values,OPEN,FRESHWATER - RIVERS,2021-12-10T12:04:00,MONITORING  (NATIONAL AGENCY POLICY),RIVER / RUNNING SURFACE WATER,0052,"Lead, Dissolved",<0.1,MICROGRAM PER LITRE
https://environment.data.gov.uk/water-quality/sampling-point/TH-RSN0018/sample/1369565/observation/0061,TH-RSN0018,RSN0018 RIVER THAMES AT MAGNA CARTA,-0.562,51.4448,Thames,THAMES - WEST THAMES,Multiple Values,OPEN,FRESHWATER - RIVERS,2021-12-10T12:04:00,MONITORING  (NATIONAL AGENCY POLICY),RIVER / RUNNING SURFACE WATER,0061,pH,8.2,PH UNITS
https://environment.data.gov.uk/water-quality/sampling-point/TH-RSN0018/sample/1369565/observation/0073,TH-RSN0018,RSN0018 RIVER THAMES AT MAGNA CARTA,-0.562,51.4448,Thames,THAMES - WEST THAMES,Multiple Values,OPEN,FRESHWATER - RIVERS,2021-12-10T12:04:00,MONITORING  (NATIONAL AGENCY POLICY),RIVER / RUNNING SURFACE WATER,0073,Cypermethrin,0.00003,MICROGRAM PER LITRE
https://environment.data.gov.uk/water-quality/sampling-point/TH-RSN0018/sample/1369565/observation/0076,TH-RSN0018,RSN0018 RIVER THAMES AT MAGNA CARTA,-0.562,51.4448,Thames,THAMES - WEST THAMES,Multiple Values,OPEN,FRESHWATER - RIVERS,2021-12-10T12:04:00,MONITORING  (NATIONAL AGENCY POLICY),RIVER / RUNNING SURFACE WATER,0076,Temperature of Water,5.6,CELSIUS
https://environment.data.gov.uk/water-quality/sampling-point/TH-RSN0018/sample/1369565/observation/0077,TH-RSN0018,RSN0018 RIVER THAMES AT MAGNA CARTA,-0.562,51.4448,Thames,THAMES - WEST THAMES,Multiple Values,OPEN,FRESHWATER - RIVERS,2021-12-10T12:04:00,MONITORING  (NATIONAL AGENCY POLICY),RIVER / RUNNING SURFACE WATER,0077,Conductivity at 25 C,728,MICROSIEMENS PER CENTIMETRE
https://environment.data.gov.uk/water-quality/sampling-point/TH-RSN0018/sample/1369565/observation/0106,TH-RSN0018,RSN0018 RIVER THAMES AT MAGNA CARTA,-0.562,51.4448,Thames,THAMES - WEST THAMES,Multiple Values,OPEN,FRESHWATER - RIVERS,2021-12-10T12:04:00,MONITORING  (NATIONAL AGENCY POLICY),RIVER / RUNNING SURFACE WATER,0106,"Cadmium, Dissolved",0.012,MICROGRAM PER LITRE
https://environment.data.gov.uk/water-quality/sampling-point/TH-RSN0018/sample/1369565/observation/0111,TH-RSN0018,RSN0018 RIVER THAMES AT MAGNA CARTA,-0.562,51.4448,Thames,THAMES - WEST THAMES,Multiple Values,OPEN,FRESHWATER - RIVERS,2021-12-10T12:04:00,MONITORING  (NATIONAL AGENCY POLICY),RIVER / RUNNING SURFACE WATER,0111,Ammoniacal Nitrogen as N,0.065,MILLIGRAM PER LITRE
https://environment.data.gov.uk/water-quality/sampling-point/TH-RSN0018/sample/1369565/observation/0116,TH-RSN0018,RSN0018 RIVER THAMES AT MAGNA CARTA,-0.562,51.4448,Thames,THAMES - WEST THAMES,Multiple Values,OPEN,FRESHWATER - RIVERS,2021-12-10T12:04:00,MONITORING  (NATIONAL AGENCY POLICY),RIVER / RUNNING SURFACE WATER,0116,"Nitrogen, Total Oxidised as N",8.4,MILLIGRAM PER LITRE
https://environment.data.gov.uk/water-quality/sampling-point/TH-RSN0018/sample/1369565/observation/0117,TH-RSN0018,RSN0018 RIVER THAMES AT MAGNA CARTA,-0.562,51.4448,Thames,THAMES - WEST THAMES,Multiple Values,OPEN,FRESHWATER - RIVERS,2021-12-10T12:04:00,MONITORING  (NATIONAL AGENCY POLICY),RIVER / RUNNING SURFACE WATER,0117,Nitrate as N,8.37,MILLIGRAM PER LITRE
https://environment.data.gov.uk/water-quality/sampling-point/TH-RSN0018/sample/1369565/observation/0118,TH-RSN0018,RSN0018 RIVER THAMES AT MAGNA CARTA,-0.562,51.4448,Thames,THAMES - WEST THAMES,Multiple Values,OPEN,FRESHWATER - RIVERS,2021-12-10T12:04:00,MONITORING  (NATIONAL AGENCY POLICY),RIVER / RUNNING SURFACE WATER,0118,Nitrite as N,0.028,MILLIGRAM PER LITRE
https://environment.data.gov.uk/water-quality/sampling-point/TH-RSN0018/sample/1369565/observation/0119,TH-RSN0018,RSN0018 RIVER THAMES AT MAGNA CARTA,-0.562,51.4448,Thames,THAMES - WEST THAMES,Multiple Values,OPEN,FRESHWATER - RIVERS,2021-12-10T12:04:00,MONITORING  (NATIONAL AGENCY POLICY),RIVER / RUNNING SURFACE WATER,0119,Ammonia un-ionised as N,0.00086,MILLIGRAM PER LITRE
https://environment.data.gov.uk/water-quality/sampling-point/TH-RSN0018/sample/1369565/observation/0158,TH-RSN0018,RSN0018 RIVER THAMES AT MAGNA CARTA,-0.562,51.4448,Thames,THAMES - WEST THAMES,Multiple Values,OPEN,FRESHWATER - RIVERS,2021-12-10T12:04:00,MONITORING  (NATIONAL AGENCY POLICY),RIVER / RUNNING SURFACE WATER,0158,"Hardness, Total as CaCO3",296,MILLIGRAM PER LITRE
https://environment.data.gov.uk/water-quality/sampling-point/TH-RSN0018/sample/1369565/observation/0162,TH-RSN0018,RSN0018 RIVER THAMES AT MAGNA CARTA,-0.562,51.4448,Thames,THAMES - WEST THAMES,Multiple Values,OPEN,FRESHWATER - RIVERS,2021-12-10T12:04:00,MONITORING  (NATIONAL AGENCY POLICY),RIVER / RUNNING SURFACE WATER,0162,Alkalinity to pH 4.5 as CaCO3,220,MILLIGRAM PER LITRE
https://environment.data.gov.uk/water-quality/sampling-point/TH-RSN0018/sample/1369565/observation/0163,TH-RSN0018,RSN0018 RIVER THAMES AT MAGNA CARTA,-0.562,51.4448,Thames,THAMES - WEST THAMES,Multiple Values,OPEN,FRESHWATER - RIVERS,2021-12-10T12:04:00,MONITORING  (NATIONAL AGENCY POLICY),RIVER / RUNNING SURFACE WATER,0163,"Hardness, Calcium",275,MILLIGRAM PER LITRE
https://environment.data.gov.uk/water-quality/sampling-point/TH-RSN0018/sample/1369565/observation/0172,TH-RSN0018,RSN0018 RIVER THAMES AT MAGNA CARTA,-0.562,51.4448,Thames,THAMES - WEST THAMES,Multiple Values,OPEN,FRESHWATER - RIVERS,2021-12-10T12:04:00,MONITORING  (NATIONAL AGENCY POLICY),RIVER / RUNNING SURFACE WATER,0172,Chloride,53,MILLIGRAM PER LITRE
https://environment.data.gov.uk/water-quality/sampling-point/TH-RSN0018/sample/1369565/observation/0180,TH-RSN0018,RSN0018 RIVER THAMES AT MAGNA CARTA,-0.562,51.4448,Thames,THAMES - WEST THAMES,Multiple Values,OPEN,FRESHWATER - RIVERS,2021-12-10T12:04:00,MONITORING  (NATIONAL AGENCY POLICY),RIVER / RUNNING SURFACE WATER,0180,"Orthophosphate, reactive as P",0.19,MILLIGRAM PER LITRE
https://environment.data.gov.uk/water-quality/sampling-point/TH-RSN0018/sample/1369565/observation/0182,TH-RSN0018,RSN0018 RIVER THAMES AT MAGNA CARTA,-0.562,51.4448,Thames,THAMES - WEST THAMES,Multiple Values,OPEN,FRESHWATER - RIVERS,2021-12-10T12:04:00,MONITORING  (NATIONAL AGENCY POLICY),RIVER / RUNNING SURFACE WATER,0182,"Silica, reactive as SiO2",13,MILLIGRAM PER LITRE
https://environment.data.gov.uk/water-quality/sampling-point/TH-RSN0018/sample/1369565/observation/0205,TH-RSN0018,RSN0018 RIVER THAMES AT MAGNA CARTA,-0.562,51.4448,Thames,THAMES - WEST THAMES,Multiple Values,OPEN,FRESHWATER - RIVERS,2021-12-10T12:04:00,MONITORING  (NATIONAL AGENCY POLICY),RIVER / RUNNING SURFACE WATER,0205,"Sodium, Dissolved",35,MILLIGRAM PER LITRE
https://environment.data.gov.uk/water-quality/sampling-point/TH-RSN0018/sample/1369565/observation/0209,TH-RSN0018,RSN0018 RIVER THAMES AT MAGNA CARTA,-0.562,51.4448,Thames,THAMES - WEST THAMES,Multiple Values,OPEN,FRESHWATER - RIVERS,2021-12-10T12:04:00,MONITORING  (NATIONAL AGENCY POLICY),RIVER / RUNNING SURFACE WATER,0209,"Potassium, Dissolved",6.6,MILLIGRAM PER LITRE
https://environment.data.gov.uk/water-quality/sampling-point/TH-RSN0018/sample/1369565/observation/0235,TH-RSN0018,RSN0018 RIVER THAMES AT MAGNA CARTA,-0.562,51.4448,Thames,THAMES - WEST THAMES,Multiple Values,OPEN,FRESHWATER - RIVERS,2021-12-10T12:04:00,MONITORING  (NATIONAL AGENCY POLICY),RIVER / RUNNING SURFACE WATER,0235,"Magnesium, Dissolved",5.3,MILLIGRAM PER LITRE
https://environment.data.gov.uk/water-quality/sampling-point/TH-RSN0018/sample/1369565/observation/0239,TH-RSN0018,RSN0018 RIVER THAMES AT MAGNA CARTA,-0.562,51.4448,Thames,THAMES - WEST THAMES,Multiple Values,OPEN,FRESHWATER - RIVERS,2021-12-10T12:04:00,MONITORING  (NATIONAL AGENCY POLICY),RIVER / RUNNING SURFACE WATER,0239,"Calcium, Dissolved",110,MILLIGRAM PER LITRE
https://environment.data.gov.uk/water-quality/sampling-point/TH-RSN0018/sample/1369565/observation/0301,TH-RSN0018,RSN0018 RIVER THAMES AT MAGNA CARTA,-0.562,51.4448,Thames,THAMES - WEST THAMES,Multiple Values,OPEN,FRESHWATER - RIVERS,2021-12-10T12:04:00,MONITORING  (NATIONAL AGENCY POLICY),RIVER / RUNNING SURFACE WATER,0301,"Carbon, Organic, Dissolved as C :- {DOC}",3.8,MILLIGRAM PER LITRE
https://environment.data.gov.uk/water-quality/sampling-point/TH-RSN0018/sample/1369565/observation/0348,TH-RSN0018,RSN0018 RIVER THAMES AT MAGNA CARTA,-0.562,51.4448,Thames,THAMES - WEST THAMES,Multiple Values,OPEN,FRESHWATER - RIVERS,2021-12-10T12:04:00,MONITORING  (NATIONAL AGENCY POLICY),RIVER / RUNNING SURFACE WATER,0348,"Phosphorus, Total as P",0.23,MILLIGRAM PER LITRE
https://environment.data.gov.uk/water-quality/sampling-point/TH-RSN0018/sample/1369565/observation/0714,TH-RSN0018,RSN0018 RIVER THAMES AT MAGNA CARTA,-0.562,51.4448,Thames,THAMES - WEST THAMES,Multiple Values,OPEN,FRESHWATER - RIVERS,2021-12-10T12:04:00,MONITORING  (NATIONAL AGENCY POLICY),RIVER / RUNNING SURFACE WATER,0714,"Benzo(g,h,i)Perylene",<0.01,MICROGRAM PER LITRE
https://environment.data.gov.uk/water-quality/sampling-point/TH-RSN0018/sample/1369565/observation/0731,TH-RSN0018,RSN0018 RIVER THAMES AT MAGNA CARTA,-0.562,51.4448,Thames,THAMES - WEST THAMES,Multiple Values,OPEN,FRESHWATER - RIVERS,2021-12-10T12:04:00,MONITORING  (NATIONAL AGENCY POLICY),RIVER / RUNNING SURFACE WATER,0731,Benzo(b)Fluoranthene,<0.01,MICROGRAM PER LITRE
https://environment.data.gov.uk/water-quality/sampling-point/TH-RSN0018/sample/1369565/observation/0733,TH-RSN0018,RSN0018 RIVER THAMES AT MAGNA CARTA,-0.562,51.4448,Thames,THAMES - WEST THAMES,Multiple Values,OPEN,FRESHWATER - RIVERS,2021-12-10T12:04:00,MONITORING  (NATIONAL AGENCY POLICY),RIVER / RUNNING SURFACE WATER,0733,Benzo(k)Fluoranthene,<0.01,MICROGRAM PER LITRE
https://environment.data.gov.uk/water-quality/sampling-point/TH-RSN0018/sample/1369565/observation/0736,TH-RSN0018,RSN0018 RIVER THAMES AT MAGNA CARTA,-0.562,51.4448,Thames,THAMES - WEST THAMES,Multiple Values,OPEN,FRESHWATER - RIVERS,2021-12-10T12:04:00,MONITORING  (NATIONAL AGENCY POLICY),RIVER / RUNNING SURFACE WATER,0736,Fluoranthene,<0.01,MICROGRAM PER LITRE
https://environment.data.gov.uk/water-quality/sampling-point/TH-RSN0018/sample/1369565/observation/0746,TH-RSN0018,RSN0018 RIVER THAMES AT MAGNA CARTA,-0.562,51.4448,Thames,THAMES - WEST THAMES,Multiple Values,OPEN,FRESHWATER - RIVERS,2021-12-10T12:04:00,MONITORING  (NATIONAL AGENCY POLICY),RIVER / RUNNING SURFACE WATER,0746,"Indeno(1,2,3-cd)pyrene",<0.01,MICROGRAM PER LITRE
https://environment.data.gov.uk/water-quality/sampling-point/TH-RSN0018/sample/1369565/observation/3007,TH-RSN0018,RSN0018 RIVER THAMES AT MAGNA CARTA,-0.562,51.4448,Thames,THAMES - WEST THAMES,Multiple Values,OPEN,FRESHWATER - RIVERS,2021-12-10T12:04:00,MONITORING  (NATIONAL AGENCY POLICY),RIVER / RUNNING SURFACE WATER,3007,Glyphosate,0.23,MICROGRAM PER LITRE
https://environment.data.gov.uk/water-quality/sampling-point/TH-RSN0018/sample/1369565/observation/3086,TH-RSN0018,RSN0018 RIVER THAMES AT MAGNA CARTA,-0.562,51.4448,Thames,THAMES - WEST THAMES,Multiple Values,OPEN,FRESHWATER - RIVERS,2021-12-10T12:04:00,MONITORING  (NATIONAL AGENCY POLICY),RIVER / RUNNING SURFACE WATER,3086,Carbofuran,<0.005,MICROGRAM PER LITRE
https://environment.data.gov.uk/water-quality/sampling-point/TH-RSN0018/sample/1369565/observation/3117,TH-RSN0018,RSN0018 RIVER THAMES AT MAGNA CARTA,-0.562,51.4448,Thames,THAMES - WEST THAMES,Multiple Values,OPEN,FRESHWATER - RIVERS,2021-12-10T12:04:00,MONITORING  (NATIONAL AGENCY POLICY),RIVER / RUNNING SURFACE WATER,3117,Isoproturon,<0.01,MICROGRAM PER LITRE
https://environment.data.gov.uk/water-quality/sampling-point/TH-RSN0018/sample/1369565/observation/3118,TH-RSN0018,RSN0018 RIVER THAMES AT MAGNA CARTA,-0.562,51.4448,Thames,THAMES - WEST THAMES,Multiple Values,OPEN,FRESHWATER - RIVERS,2021-12-10T12:04:00,MONITORING  (NATIONAL AGENCY POLICY),RIVER / RUNNING SURFACE WATER,3118,Linuron,<0.01,MICROGRAM PER LITRE
https://environment.data.gov.uk/water-quality/sampling-point/TH-RSN0018/sample/1369565/observation/3130,TH-RSN0018,RSN0018 RIVER THAMES AT MAGNA CARTA,-0.562,51.4448,Thames,THAMES - WEST THAMES,Multiple Values,OPEN,FRESHWATER - RIVERS,2021-12-10T12:04:00,MONITORING  (NATIONAL AGENCY POLICY),RIVER / RUNNING SURFACE WATER,3130,Metoxuron,<0.01,MICROGRAM PER LITRE
https://environment.data.gov.uk/water-quality/sampling-point/TH-RSN0018/sample/1369565/observation/3341,TH-RSN0018,RSN0018 RIVER THAMES AT MAGNA CARTA,-0.562,51.4448,Thames,THAMES - WEST THAMES,Multiple Values,OPEN,FRESHWATER - RIVERS,2021-12-10T12:04:00,MONITORING  (NATIONAL AGENCY POLICY),RIVER / RUNNING SURFACE WATER,3341,4-Chloro-2-methylphenol :- {p-Chloro-o-cresol},<0.05,MICROGRAM PER LITRE
https://environment.data.gov.uk/water-quality/sampling-point/TH-RSN0018/sample/1369565/observation/3377,TH-RSN0018,RSN0018 RIVER THAMES AT MAGNA CARTA,-0.562,51.4448,Thames,THAMES - WEST THAMES,Multiple Values,OPEN,FRESHWATER - RIVERS,2021-12-10T12:04:00,MONITORING  (NATIONAL AGENCY POLICY),RIVER / RUNNING SURFACE WATER,3377,Lead : BLM Bioavailable,0.01,MICROGRAM PER LITRE
https://environment.data.gov.uk/water-quality/sampling-point/TH-RSN0018/sample/1369565/observation/3399,TH-RSN0018,RSN0018 RIVER THAMES AT MAGNA CARTA,-0.562,51.4448,Thames,THAMES - WEST THAMES,Multiple Values,OPEN,FRESHWATER - RIVERS,2021-12-10T12:04:00,MONITORING  (NATIONAL AGENCY POLICY),RIVER / RUNNING SURFACE WATER,3399,Chloroxuron,<0.01,MICROGRAM PER LITRE
https://environment.data.gov.uk/water-quality/sampling-point/TH-RSN0018/sample/1369565/observation/3400,TH-RSN0018,RSN0018 RIVER THAMES AT MAGNA CARTA,-0.562,51.4448,Thames,THAMES - WEST THAMES,Multiple Values,OPEN,FRESHWATER - RIVERS,2021-12-10T12:04:00,MONITORING  (NATIONAL AGENCY POLICY),RIVER / RUNNING SURFACE WATER,3400,Monuron,<0.01,MICROGRAM PER LITRE
https://environment.data.gov.uk/water-quality/sampling-point/TH-RSN0018/sample/1369565/observation/3408,TH-RSN0018,RSN0018 RIVER THAMES AT MAGNA CARTA,-0.562,51.4448,Thames,THAMES - WEST THAMES,Multiple Values,OPEN,FRESHWATER - RIVERS,2021-12-10T12:04:00,MONITORING  (NATIONAL AGENCY POLICY),RIVER / RUNNING SURFACE WATER,3408,"Zinc, Dissolved",4.6,MICROGRAM PER LITRE
https://environment.data.gov.uk/water-quality/sampling-point/TH-RSN0018/sample/1369565/observation/3409,TH-RSN0018,RSN0018 RIVER THAMES AT MAGNA CARTA,-0.562,51.4448,Thames,THAMES - WEST THAMES,Multiple Values,OPEN,FRESHWATER - RIVERS,2021-12-10T12:04:00,MONITORING  (NATIONAL AGENCY POLICY),RIVER / RUNNING SURFACE WATER,3409,"Chromium, Dissolved",<0.5,MICROGRAM PER LITRE
https://environment.data.gov.uk/water-quality/sampling-point/TH-RSN0018/sample/1369565/observation/3410,TH-RSN0018,RSN0018 RIVER THAMES AT MAGNA CARTA,-0.562,51.4448,Thames,THAMES - WEST THAMES,Multiple Values,OPEN,FRESHWATER - RIVERS,2021-12-10T12:04:00,MONITORING  (NATIONAL AGENCY POLICY),RIVER / RUNNING SURFACE WATER,3410,"Nickel, Dissolved",1.7,MICROGRAM PER LITRE
https://environment.data.gov.uk/water-quality/sampling-point/TH-RSN0018/sample/1369565/observation/3475,TH-RSN0018,RSN0018 RIVER THAMES AT MAGNA CARTA,-0.562,51.4448,Thames,THAMES - WEST THAMES,Multiple Values,OPEN,FRESHWATER - RIVERS,2021-12-10T12:04:00,MONITORING  (NATIONAL AGENCY POLICY),RIVER / RUNNING SURFACE WATER,3475,Carbendazim,<0.01,MICROGRAM PER LITRE
https://environment.data.gov.uk/water-quality/sampling-point/TH-RSN0018/sample/1369565/observation/3545,TH-RSN0018,RSN0018 RIVER THAMES AT MAGNA CARTA,-0.562,51.4448,Thames,THAMES - WEST THAMES,Multiple Values,OPEN,FRESHWATER - RIVERS,2021-12-10T12:04:00,MONITORING  (NATIONAL AGENCY POLICY),RIVER / RUNNING SURFACE WATER,3545,"2,4-D :- {2,4-Dichlorophenoxyacetic acid}",0.017,MICROGRAM PER LITRE
https://environment.data.gov.uk/water-quality/sampling-point/TH-RSN0018/sample/1369565/observation/3546,TH-RSN0018,RSN0018 RIVER THAMES AT MAGNA CARTA,-0.562,51.4448,Thames,THAMES - WEST THAMES,Multiple Values,OPEN,FRESHWATER - RIVERS,2021-12-10T12:04:00,MONITORING  (NATIONAL AGENCY POLICY),RIVER / RUNNING SURFACE WATER,3546,"2,4,5-T :- {2,4,5-Trichlorophenoxyacetic acid}",<0.005,MICROGRAM PER LITRE
https://environment.data.gov.uk/water-quality/sampling-point/TH-RSN0018/sample/1369565/observation/3547,TH-RSN0018,RSN0018 RIVER THAMES AT MAGNA CARTA,-0.562,51.4448,Thames,THAMES - WEST THAMES,Multiple Values,OPEN,FRESHWATER - RIVERS,2021-12-10T12:04:00,MONITORING  (NATIONAL AGENCY POLICY),RIVER / RUNNING SURFACE WATER,3547,4-Chlorophenoxyacetic acid,<0.005,MICROGRAM PER LITRE
https://environment.data.gov.uk/water-quality/sampling-point/TH-RSN0018/sample/1369565/observation/3548,TH-RSN0018,RSN0018 RIVER THAMES AT MAGNA CARTA,-0.562,51.4448,Thames,THAMES - WEST THAMES,Multiple Values,OPEN,FRESHWATER - RIVERS,2021-12-10T12:04:00,MONITORING  (NATIONAL AGENCY POLICY),RIVER / RUNNING SURFACE WATER,3548,MCPA :- {4-Chloro-2-methylphenoxyacetic acid} ,<0.005,MICROGRAM PER LITRE
https://environment.data.gov.uk/water-quality/sampling-point/TH-RSN0018/sample/1369565/observation/3549,TH-RSN0018,RSN0018 RIVER THAMES AT MAGNA CARTA,-0.562,51.4448,Thames,THAMES - WEST THAMES,Multiple Values,OPEN,FRESHWATER - RIVERS,2021-12-10T12:04:00,MONITORING  (NATIONAL AGENCY POLICY),RIVER / RUNNING SURFACE WATER,3549,Mecoprop,<0.005,MICROGRAM PER LITRE
https://environment.data.gov.uk/water-quality/sampling-point/TH-RSN0018/sample/1369565/observation/3550,TH-RSN0018,RSN0018 RIVER THAMES AT MAGNA CARTA,-0.562,51.4448,Thames,THAMES - WEST THAMES,Multiple Values,OPEN,FRESHWATER - RIVERS,2021-12-10T12:04:00,MONITORING  (NATIONAL AGENCY POLICY),RIVER / RUNNING SURFACE WATER,3550,Dicamba,<0.01,MICROGRAM PER LITRE
https://environment.data.gov.uk/water-quality/sampling-point/TH-RSN0018/sample/1369565/observation/3551,TH-RSN0018,RSN0018 RIVER THAMES AT MAGNA CARTA,-0.562,51.4448,Thames,THAMES - WEST THAMES,Multiple Values,OPEN,FRESHWATER - RIVERS,2021-12-10T12:04:00,MONITORING  (NATIONAL AGENCY POLICY),RIVER / RUNNING SURFACE WATER,3551,"Dichlorprop :- {2,4-DP}",<0.005,MICROGRAM PER LITRE
https://environment.data.gov.uk/water-quality/sampling-point/TH-RSN0018/sample/1369565/observation/3552,TH-RSN0018,RSN0018 RIVER THAMES AT MAGNA CARTA,-0.562,51.4448,Thames,THAMES - WEST THAMES,Multiple Values,OPEN,FRESHWATER - RIVERS,2021-12-10T12:04:00,MONITORING  (NATIONAL AGENCY POLICY),RIVER / RUNNING SURFACE WATER,3552,Fenoprop,<0.005,MICROGRAM PER LITRE
https://environment.data.gov.uk/water-quality/sampling-point/TH-RSN0018/sample/1369565/observation/3555,TH-RSN0018,RSN0018 RIVER THAMES AT MAGNA CARTA,-0.562,51.4448,Thames,THAMES - WEST THAMES,Multiple Values,OPEN,FRESHWATER - RIVERS,2021-12-10T12:04:00,MONITORING  (NATIONAL AGENCY POLICY),RIVER / RUNNING SURFACE WATER,3555,Triclopyr,<0.005,MICROGRAM PER LITRE
https://environment.data.gov.uk/water-quality/sampling-point/TH-RSN0018/sample/1369565/observation/3790,TH-RSN0018,RSN0018 RIVER THAMES AT MAGNA CARTA,-0.562,51.4448,Thames,THAMES - WEST THAMES,Multiple Values,OPEN,FRESHWATER - RIVERS,2021-12-10T12:04:00,MONITORING  (NATIONAL AGENCY POLICY),RIVER / RUNNING SURFACE WATER,3790,MCPB :- {4-Chloro-2-methylphenoxybutyric acid},<0.005,MICROGRAM PER LITRE
https://environment.data.gov.uk/water-quality/sampling-point/TH-RSN0018/sample/1369565/observation/3791,TH-RSN0018,RSN0018 RIVER THAMES AT MAGNA CARTA,-0.562,51.4448,Thames,THAMES - WEST THAMES,Multiple Values,OPEN,FRESHWATER - RIVERS,2021-12-10T12:04:00,MONITORING  (NATIONAL AGENCY POLICY),RIVER / RUNNING SURFACE WATER,3791,"2,4-DB :- {4-(2,4-dichlorophenoxy)butyric acid}",<0.005,MICROGRAM PER LITRE
https://environment.data.gov.uk/water-quality/sampling-point/TH-RSN0018/sample/1369565/observation/3792,TH-RSN0018,RSN0018 RIVER THAMES AT MAGNA CARTA,-0.562,51.4448,Thames,THAMES - WEST THAMES,Multiple Values,OPEN,FRESHWATER - RIVERS,2021-12-10T12:04:00,MONITORING  (NATIONAL AGENCY POLICY),RIVER / RUNNING SURFACE WATER,3792,Benazolin,<0.005,MICROGRAM PER LITRE
https://environment.data.gov.uk/water-quality/sampling-point/TH-RSN0018/sample/1369565/observation/3811,TH-RSN0018,RSN0018 RIVER THAMES AT MAGNA CARTA,-0.562,51.4448,Thames,THAMES - WEST THAMES,Multiple Values,OPEN,FRESHWATER - RIVERS,2021-12-10T12:04:00,MONITORING  (NATIONAL AGENCY POLICY),RIVER / RUNNING SURFACE WATER,3811,Diuron,<0.01,MICROGRAM PER LITRE
https://environment.data.gov.uk/water-quality/sampling-point/TH-RSN0018/sample/1369565/observation/3878,TH-RSN0018,RSN0018 RIVER THAMES AT MAGNA CARTA,-0.562,51.4448,Thames,THAMES - WEST THAMES,Multiple Values,OPEN,FRESHWATER - RIVERS,2021-12-10T12:04:00,MONITORING  (NATIONAL AGENCY POLICY),RIVER / RUNNING SURFACE WATER,3878,Nickel : BLM Bioavailable,0.93,MICROGRAM PER LITRE
https://environment.data.gov.uk/water-quality/sampling-point/TH-RSN0018/sample/1369565/observation/4064,TH-RSN0018,RSN0018 RIVER THAMES AT MAGNA CARTA,-0.562,51.4448,Thames,THAMES - WEST THAMES,Multiple Values,OPEN,FRESHWATER - RIVERS,2021-12-10T12:04:00,MONITORING  (NATIONAL AGENCY POLICY),RIVER / RUNNING SURFACE WATER,4064,Fluroxypyr,<0.005,MICROGRAM PER LITRE
https://environment.data.gov.uk/water-quality/sampling-point/TH-RSN0018/sample/1369565/observation/4065,TH-RSN0018,RSN0018 RIVER THAMES AT MAGNA CARTA,-0.562,51.4448,Thames,THAMES - WEST THAMES,Multiple Values,OPEN,FRESHWATER - RIVERS,2021-12-10T12:04:00,MONITORING  (NATIONAL AGENCY POLICY),RIVER / RUNNING SURFACE WATER,4065,Bentazone,0.0046,MICROGRAM PER LITRE
https://environment.data.gov.uk/water-quality/sampling-point/TH-RSN0018/sample/1369565/observation/4201,TH-RSN0018,RSN0018 RIVER THAMES AT MAGNA CARTA,-0.562,51.4448,Thames,THAMES - WEST THAMES,Multiple Values,OPEN,FRESHWATER - RIVERS,2021-12-10T12:04:00,MONITORING  (NATIONAL AGENCY POLICY),RIVER / RUNNING SURFACE WATER,4201,"Lithium, Dissolved",<100,MICROGRAM PER LITRE
https://environment.data.gov.uk/water-quality/sampling-point/TH-RSN0018/sample/1369565/observation/4820,TH-RSN0018,RSN0018 RIVER THAMES AT MAGNA CARTA,-0.562,51.4448,Thames,THAMES - WEST THAMES,Multiple Values,OPEN,FRESHWATER - RIVERS,2021-12-10T12:04:00,MONITORING  (NATIONAL AGENCY POLICY),RIVER / RUNNING SURFACE WATER,4820,Manganese : BLM Bioavailable,4.1,MICROGRAM PER LITRE
https://environment.data.gov.uk/water-quality/sampling-point/TH-RSN0018/sample/1369565/observation/4821,TH-RSN0018,RSN0018 RIVER THAMES AT MAGNA CARTA,-0.562,51.4448,Thames,THAMES - WEST THAMES,Multiple Values,OPEN,FRESHWATER - RIVERS,2021-12-10T12:04:00,MONITORING  (NATIONAL AGENCY POLICY),RIVER / RUNNING SURFACE WATER,4821,Copper : BLM Bioavailable,0.23,MICROGRAM PER LITRE
https://environment.data.gov.uk/water-quality/sampling-point/TH-RSN0018/sample/1369565/observation/4822,TH-RSN0018,RSN0018 RIVER THAMES AT MAGNA CARTA,-0.562,51.4448,Thames,THAMES - WEST THAMES,Multiple Values,OPEN,FRESHWATER - RIVERS,2021-12-10T12:04:00,MONITORING  (NATIONAL AGENCY POLICY),RIVER / RUNNING SURFACE WATER,4822,Zinc : BLM Bioavailable,2,MICROGRAM PER LITRE
https://environment.data.gov.uk/water-quality/sampling-point/TH-RSN0018/sample/1369565/observation/4994,TH-RSN0018,RSN0018 RIVER THAMES AT MAGNA CARTA,-0.562,51.4448,Thames,THAMES - WEST THAMES,Multiple Values,OPEN,FRESHWATER - RIVERS,2021-12-10T12:04:00,MONITORING  (NATIONAL AGENCY POLICY),RIVER / RUNNING SURFACE WATER,4994,GCMS Screen : Target Based multi-residue screening : Semi Quantitative,1,Text Result
https://environment.data.gov.uk/water-quality/sampling-point/TH-RSN0018/sample/1369565/observation/5042,TH-RSN0018,RSN0018 RIVER THAMES AT MAGNA CARTA,-0.562,51.4448,Thames,THAMES - WEST THAMES,Multiple Values,OPEN,FRESHWATER - RIVERS,2021-12-10T12:04:00,MONITORING  (NATIONAL AGENCY POLICY),RIVER / RUNNING SURFACE WATER,5042,Sulcotrione,<0.1,MICROGRAM PER LITRE
https://environment.data.gov.uk/water-quality/sampling-point/TH-RSN0018/sample/1369565/observation/5047,TH-RSN0018,RSN0018 RIVER THAMES AT MAGNA CARTA,-0.562,51.4448,Thames,THAMES - WEST THAMES,Multiple Values,OPEN,FRESHWATER - RIVERS,2021-12-10T12:04:00,MONITORING  (NATIONAL AGENCY POLICY),RIVER / RUNNING SURFACE WATER,5047,Ethirimol,<0.05,MICROGRAM PER LITRE
https://environment.data.gov.uk/water-quality/sampling-point/TH-RSN0018/sample/1369565/observation/5050,TH-RSN0018,RSN0018 RIVER THAMES AT MAGNA CARTA,-0.562,51.4448,Thames,THAMES - WEST THAMES,Multiple Values,OPEN,FRESHWATER - RIVERS,2021-12-10T12:04:00,MONITORING  (NATIONAL AGENCY POLICY),RIVER / RUNNING SURFACE WATER,5050,Azoxystrobin,<0.02,MICROGRAM PER LITRE
https://environment.data.gov.uk/water-quality/sampling-point/TH-RSN0018/sample/1369565/observation/5446,TH-RSN0018,RSN0018 RIVER THAMES AT MAGNA CARTA,-0.562,51.4448,Thames,THAMES - WEST THAMES,Multiple Values,OPEN,FRESHWATER - RIVERS,2021-12-10T12:04:00,MONITORING  (NATIONAL AGENCY POLICY),RIVER / RUNNING SURFACE WATER,5446,Cypermethrin Identification,1,Text Result
https://environment.data.gov.uk/water-quality/sampling-point/TH-RSN0018/sample/1369565/observation/5732,TH-RSN0018,RSN0018 RIVER THAMES AT MAGNA CARTA,-0.562,51.4448,Thames,THAMES - WEST THAMES,Multiple Values,OPEN,FRESHWATER - RIVERS,2021-12-10T12:04:00,MONITORING  (NATIONAL AGENCY POLICY),RIVER / RUNNING SURFACE WATER,5732,Triphenyl Tin as Cation,<0.0002,MICROGRAM PER LITRE
https://environment.data.gov.uk/water-quality/sampling-point/TH-RSN0018/sample/1369565/observation/5889,TH-RSN0018,RSN0018 RIVER THAMES AT MAGNA CARTA,-0.562,51.4448,Thames,THAMES - WEST THAMES,Multiple Values,OPEN,FRESHWATER - RIVERS,2021-12-10T12:04:00,MONITORING  (NATIONAL AGENCY POLICY),RIVER / RUNNING SURFACE WATER,5889,Triclosan,<0.01,MICROGRAM PER LITRE
https://environment.data.gov.uk/water-quality/sampling-point/TH-RSN0018/sample/1369565/observation/6037,TH-RSN0018,RSN0018 RIVER THAMES AT MAGNA CARTA,-0.562,51.4448,Thames,THAMES - WEST THAMES,Multiple Values,OPEN,FRESHWATER - RIVERS,2021-12-10T12:04:00,MONITORING  (NATIONAL AGENCY POLICY),RIVER / RUNNING SURFACE WATER,6037,"Aluminium, Dissolved",<10,MICROGRAM PER LITRE
https://environment.data.gov.uk/water-quality/sampling-point/TH-RSN0018/sample/1369565/observation/6399,TH-RSN0018,RSN0018 RIVER THAMES AT MAGNA CARTA,-0.562,51.4448,Thames,THAMES - WEST THAMES,Multiple Values,OPEN,FRESHWATER - RIVERS,2021-12-10T12:04:00,MONITORING  (NATIONAL AGENCY POLICY),RIVER / RUNNING SURFACE WATER,6399,Benzo(a)Pyrene,<0.01,MICROGRAM PER LITRE
https://environment.data.gov.uk/water-quality/sampling-point/TH-RSN0018/sample/1369565/observation/6449,TH-RSN0018,RSN0018 RIVER THAMES AT MAGNA CARTA,-0.562,51.4448,Thames,THAMES - WEST THAMES,Multiple Values,OPEN,FRESHWATER - RIVERS,2021-12-10T12:04:00,MONITORING  (NATIONAL AGENCY POLICY),RIVER / RUNNING SURFACE WATER,6449,Bromoxynil,<0.005,MICROGRAM PER LITRE
https://environment.data.gov.uk/water-quality/sampling-point/TH-RSN0018/sample/1369565/observation/6450,TH-RSN0018,RSN0018 RIVER THAMES AT MAGNA CARTA,-0.562,51.4448,Thames,THAMES - WEST THAMES,Multiple Values,OPEN,FRESHWATER - RIVERS,2021-12-10T12:04:00,MONITORING  (NATIONAL AGENCY POLICY),RIVER / RUNNING SURFACE WATER,6450,"Copper, Dissolved",1.9,MICROGRAM PER LITRE
https://environment.data.gov.uk/water-quality/sampling-point/TH-RSN0018/sample/1369565/observation/6458,TH-RSN0018,RSN0018 RIVER THAMES AT MAGNA CARTA,-0.562,51.4448,Thames,THAMES - WEST THAMES,Multiple Values,OPEN,FRESHWATER - RIVERS,2021-12-10T12:04:00,MONITORING  (NATIONAL AGENCY POLICY),RIVER / RUNNING SURFACE WATER,6458,"Manganese, Dissolved",<10,MICROGRAM PER LITRE
https://environment.data.gov.uk/water-quality/sampling-point/TH-RSN0018/sample/1369565/observation/6460,TH-RSN0018,RSN0018 RIVER THAMES AT MAGNA CARTA,-0.562,51.4448,Thames,THAMES - WEST THAMES,Multiple Values,OPEN,FRESHWATER - RIVERS,2021-12-10T12:04:00,MONITORING  (NATIONAL AGENCY POLICY),RIVER / RUNNING SURFACE WATER,6460,"Iron, Dissolved",<30,MICROGRAM PER LITRE
https://environment.data.gov.uk/water-quality/sampling-point/TH-RSN0018/sample/1369565/observation/6620,TH-RSN0018,RSN0018 RIVER THAMES AT MAGNA CARTA,-0.562,51.4448,Thames,THAMES - WEST THAMES,Multiple Values,OPEN,FRESHWATER - RIVERS,2021-12-10T12:04:00,MONITORING  (NATIONAL AGENCY POLICY),RIVER / RUNNING SURFACE WATER,6620,Clopyralid,<0.005,MICROGRAM PER LITRE
https://environment.data.gov.uk/water-quality/sampling-point/TH-RSN0018/sample/1369565/observation/6671,TH-RSN0018,RSN0018 RIVER THAMES AT MAGNA CARTA,-0.562,51.4448,Thames,THAMES - WEST THAMES,Multiple Values,OPEN,FRESHWATER - RIVERS,2021-12-10T12:04:00,MONITORING  (NATIONAL AGENCY POLICY),RIVER / RUNNING SURFACE WATER,6671,Phenoxyacetic acid :- {PAA},0.069,MICROGRAM PER LITRE
https://environment.data.gov.uk/water-quality/sampling-point/TH-RSN0018/sample/1369565/observation/6672,TH-RSN0018,RSN0018 RIVER THAMES AT MAGNA CARTA,-0.562,51.4448,Thames,THAMES - WEST THAMES,Multiple Values,OPEN,FRESHWATER - RIVERS,2021-12-10T12:04:00,MONITORING  (NATIONAL AGENCY POLICY),RIVER / RUNNING SURFACE WATER,6672,4-Phenoxybutyric acid :- {PBA},<0.005,MICROGRAM PER LITRE
https://environment.data.gov.uk/water-quality/sampling-point/TH-RSN0018/sample/1369565/observation/6673,TH-RSN0018,RSN0018 RIVER THAMES AT MAGNA CARTA,-0.562,51.4448,Thames,THAMES - WEST THAMES,Multiple Values,OPEN,FRESHWATER - RIVERS,2021-12-10T12:04:00,MONITORING  (NATIONAL AGENCY POLICY),RIVER / RUNNING SURFACE WATER,6673,2-Phenoxypropionic acid :- {PPA},0.008,MICROGRAM PER LITRE
https://environment.data.gov.uk/water-quality/sampling-point/TH-RSN0018/sample/1369565/observation/6693,TH-RSN0018,RSN0018 RIVER THAMES AT MAGNA CARTA,-0.562,51.4448,Thames,THAMES - WEST THAMES,Multiple Values,OPEN,FRESHWATER - RIVERS,2021-12-10T12:04:00,MONITORING  (NATIONAL AGENCY POLICY),RIVER / RUNNING SURFACE WATER,6693,"Strontium, Filtered",340,MICROGRAM PER LITRE
https://environment.data.gov.uk/water-quality/sampling-point/TH-RSN0018/sample/1369565/observation/6724,TH-RSN0018,RSN0018 RIVER THAMES AT MAGNA CARTA,-0.562,51.4448,Thames,THAMES - WEST THAMES,Multiple Values,OPEN,FRESHWATER - RIVERS,2021-12-10T12:04:00,MONITORING  (NATIONAL AGENCY POLICY),RIVER / RUNNING SURFACE WATER,6724,Di(2-ethylhexyl) phthalate :- {DEHP},<0.2,MICROGRAM PER LITRE
https://environment.data.gov.uk/water-quality/sampling-point/TH-RSN0018/sample/1369565/observation/6760,TH-RSN0018,RSN0018 RIVER THAMES AT MAGNA CARTA,-0.562,51.4448,Thames,THAMES - WEST THAMES,Multiple Values,OPEN,FRESHWATER - RIVERS,2021-12-10T12:04:00,MONITORING  (NATIONAL AGENCY POLICY),RIVER / RUNNING SURFACE WATER,6760,Chloridazon,<0.01,MICROGRAM PER LITRE
https://environment.data.gov.uk/water-quality/sampling-point/TH-RSN0018/sample/1369565/observation/6955,TH-RSN0018,RSN0018 RIVER THAMES AT MAGNA CARTA,-0.562,51.4448,Thames,THAMES - WEST THAMES,Multiple Values,OPEN,FRESHWATER - RIVERS,2021-12-10T12:04:00,MONITORING  (NATIONAL AGENCY POLICY),RIVER / RUNNING SURFACE WATER,6955,Ethiofencarb,<0.005,MICROGRAM PER LITRE
https://environment.data.gov.uk/water-quality/sampling-point/TH-RSN0018/sample/1369565/observation/6971,TH-RSN0018,RSN0018 RIVER THAMES AT MAGNA CARTA,-0.562,51.4448,Thames,THAMES - WEST THAMES,Multiple Values,OPEN,FRESHWATER - RIVERS,2021-12-10T12:04:00,MONITORING  (NATIONAL AGENCY POLICY),RIVER / RUNNING SURFACE WATER,6971,Methiocarb,<0.001,MICROGRAM PER LITRE
https://environment.data.gov.uk/water-quality/sampling-point/TH-RSN0018/sample/1369565/observation/6972,TH-RSN0018,RSN0018 RIVER THAMES AT MAGNA CARTA,-0.562,51.4448,Thames,THAMES - WEST THAMES,Multiple Values,OPEN,FRESHWATER - RIVERS,2021-12-10T12:04:00,MONITORING  (NATIONAL AGENCY POLICY),RIVER / RUNNING SURFACE WATER,6972,Methomyl,<0.005,MICROGRAM PER LITRE
https://environment.data.gov.uk/water-quality/sampling-point/TH-RSN0018/sample/1369565/observation/6980,TH-RSN0018,RSN0018 RIVER THAMES AT MAGNA CARTA,-0.562,51.4448,Thames,THAMES - WEST THAMES,Multiple Values,OPEN,FRESHWATER - RIVERS,2021-12-10T12:04:00,MONITORING  (NATIONAL AGENCY POLICY),RIVER / RUNNING SURFACE WATER,6980,Oxamyl,<0.005,MICROGRAM PER LITRE
https://environment.data.gov.uk/water-quality/sampling-point/TH-RSN0018/sample/1369565/observation/6987,TH-RSN0018,RSN0018 RIVER THAMES AT MAGNA CARTA,-0.562,51.4448,Thames,THAMES - WEST THAMES,Multiple Values,OPEN,FRESHWATER - RIVERS,2021-12-10T12:04:00,MONITORING  (NATIONAL AGENCY POLICY),RIVER / RUNNING SURFACE WATER,6987,Propoxur,<0.005,MICROGRAM PER LITRE
https://environment.data.gov.uk/water-quality/sampling-point/TH-RSN0018/sample/1369565/observation/7025,TH-RSN0018,RSN0018 RIVER THAMES AT MAGNA CARTA,-0.562,51.4448,Thames,THAMES - WEST THAMES,Multiple Values,OPEN,FRESHWATER - RIVERS,2021-12-10T12:04:00,MONITORING  (NATIONAL AGENCY POLICY),RIVER / RUNNING SURFACE WATER,7025,Imazapyr,<0.005,MICROGRAM PER LITRE
https://environment.data.gov.uk/water-quality/sampling-point/TH-RSN0018/sample/1369565/observation/7053,TH-RSN0018,RSN0018 RIVER THAMES AT MAGNA CARTA,-0.562,51.4448,Thames,THAMES - WEST THAMES,Multiple Values,OPEN,FRESHWATER - RIVERS,2021-12-10T12:04:00,MONITORING  (NATIONAL AGENCY POLICY),RIVER / RUNNING SURFACE WATER,7053,Methabenzthiazuron,<0.01,MICROGRAM PER LITRE
https://environment.data.gov.uk/water-quality/sampling-point/TH-RSN0018/sample/1369565/observation/7125,TH-RSN0018,RSN0018 RIVER THAMES AT MAGNA CARTA,-0.562,51.4448,Thames,THAMES - WEST THAMES,Multiple Values,OPEN,FRESHWATER - RIVERS,2021-12-10T12:04:00,MONITORING  (NATIONAL AGENCY POLICY),RIVER / RUNNING SURFACE WATER,7125,Aminomethylphosphonic acid,0.32,MICROGRAM PER LITRE
https://environment.data.gov.uk/water-quality/sampling-point/TH-RSN0018/sample/1369565/observation/7726,TH-RSN0018,RSN0018 RIVER THAMES AT MAGNA CARTA,-0.562,51.4448,Thames,THAMES - WEST THAMES,Multiple Values,OPEN,FRESHWATER - RIVERS,2021-12-10T12:04:00,MONITORING  (NATIONAL AGENCY POLICY),RIVER / RUNNING SURFACE WATER,7726,"2,3,6-TBA :- {2,3,6-Trichlorobenzoic acid}",<0.02,MICROGRAM PER LITRE
https://environment.data.gov.uk/water-quality/sampling-point/TH-RSN0018/sample/1369565/observation/7859,TH-RSN0018,RSN0018 RIVER THAMES AT MAGNA CARTA,-0.562,51.4448,Thames,THAMES - WEST THAMES,Multiple Values,OPEN,FRESHWATER - RIVERS,2021-12-10T12:04:00,MONITORING  (NATIONAL AGENCY POLICY),RIVER / RUNNING SURFACE WATER,7859,"Sulphate, Dissolved as SO4",55,MILLIGRAM PER LITRE
https://environment.data.gov.uk/water-quality/sampling-point/TH-RSN0018/sample/1369565/observation/8806,TH-RSN0018,RSN0018 RIVER THAMES AT MAGNA CARTA,-0.562,51.4448,Thames,THAMES - WEST THAMES,Multiple Values,OPEN,FRESHWATER - RIVERS,2021-12-10T12:04:00,MONITORING  (NATIONAL AGENCY POLICY),RIVER / RUNNING SURFACE WATER,8806,Aldicarb sulfoxide,<0.005,MICROGRAM PER LITRE
https://environment.data.gov.uk/water-quality/sampling-point/TH-RSN0018/sample/1369565/observation/8807,TH-RSN0018,RSN0018 RIVER THAMES AT MAGNA CARTA,-0.562,51.4448,Thames,THAMES - WEST THAMES,Multiple Values,OPEN,FRESHWATER - RIVERS,2021-12-10T12:04:00,MONITORING  (NATIONAL AGENCY POLICY),RIVER / RUNNING SURFACE WATER,8807,Aldoxycarb :- {Aldicarb Sulfone},<0.005,MICROGRAM PER LITRE
https://environment.data.gov.uk/water-quality/sampling-point/TH-RSN0018/sample/1369565/observation/8944,TH-RSN0018,RSN0018 RIVER THAMES AT MAGNA CARTA,-0.562,51.4448,Thames,THAMES - WEST THAMES,Multiple Values,OPEN,FRESHWATER - RIVERS,2021-12-10T12:04:00,MONITORING  (NATIONAL AGENCY POLICY),RIVER / RUNNING SURFACE WATER,8944,Tributyl Tin as Cation,<0.0002,MICROGRAM PER LITRE
https://environment.data.gov.uk/water-quality/sampling-point/TH-RSN0018/sample/1369565/observation/9068,TH-RSN0018,RSN0018 RIVER THAMES AT MAGNA CARTA,-0.562,51.4448,Thames,THAMES - WEST THAMES,Multiple Values,OPEN,FRESHWATER - RIVERS,2021-12-10T12:04:00,MONITORING  (NATIONAL AGENCY POLICY),RIVER / RUNNING SURFACE WATER,9068,Ioxynil,<0.005,MICROGRAM PER LITRE
https://environment.data.gov.uk/water-quality/sampling-point/TH-RSN0018/sample/1369565/observation/9073,TH-RSN0018,RSN0018 RIVER THAMES AT MAGNA CARTA,-0.562,51.4448,Thames,THAMES - WEST THAMES,Multiple Values,OPEN,FRESHWATER - RIVERS,2021-12-10T12:04:00,MONITORING  (NATIONAL AGENCY POLICY),RIVER / RUNNING SURFACE WATER,9073,Carbetamide,0.023,MICROGRAM PER LITRE
https://environment.data.gov.uk/water-quality/sampling-point/TH-RSN0018/sample/1369565/observation/9190,TH-RSN0018,RSN0018 RIVER THAMES AT MAGNA CARTA,-0.562,51.4448,Thames,THAMES - WEST THAMES,Multiple Values,OPEN,FRESHWATER - RIVERS,2021-12-10T12:04:00,MONITORING  (NATIONAL AGENCY POLICY),RIVER / RUNNING SURFACE WATER,9190,4-Nonylphenol Branched,<0.04,MICROGRAM PER LITRE
https://environment.data.gov.uk/water-quality/sampling-point/TH-RSN0018/sample/1369565/observation/9267,TH-RSN0018,RSN0018 RIVER THAMES AT MAGNA CARTA,-0.562,51.4448,Thames,THAMES - WEST THAMES,Multiple Values,OPEN,FRESHWATER - RIVERS,2021-12-10T12:04:00,MONITORING  (NATIONAL AGENCY POLICY),RIVER / RUNNING SURFACE WATER,9267,4-tert-Octylphenol :- {p-tert-Octylphenol},<0.01,MICROGRAM PER LITRE
https://environment.data.gov.uk/water-quality/sampling-point/TH-RSN0018/sample/1369565/observation/9274,TH-RSN0018,RSN0018 RIVER THAMES AT MAGNA CARTA,-0.562,51.4448,Thames,THAMES - WEST THAMES,Multiple Values,OPEN,FRESHWATER - RIVERS,2021-12-10T12:04:00,MONITORING  (NATIONAL AGENCY POLICY),RIVER / RUNNING SURFACE WATER,9274,Perfluorooctanoate anion,0.0023,MICROGRAM PER LITRE
https://environment.data.gov.uk/water-quality/sampling-point/TH-RSN0018/sample/1369565/observation/9276,TH-RSN0018,RSN0018 RIVER THAMES AT MAGNA CARTA,-0.562,51.4448,Thames,THAMES - WEST THAMES,Multiple Values,OPEN,FRESHWATER - RIVERS,2021-12-10T12:04:00,MONITORING  (NATIONAL AGENCY POLICY),RIVER / RUNNING SURFACE WATER,9276,Perfluorooctylsulphonate anion,0.0046,MICROGRAM PER LITRE
https://environment.data.gov.uk/water-quality/sampling-point/TH-RSN0018/sample/1369565/observation/9339,TH-RSN0018,RSN0018 RIVER THAMES AT MAGNA CARTA,-0.562,51.4448,Thames,THAMES - WEST THAMES,Multiple Values,OPEN,FRESHWATER - RIVERS,2021-12-10T12:04:00,MONITORING  (NATIONAL AGENCY POLICY),RIVER / RUNNING SURFACE WATER,9339,Fenuron,<0.01,MICROGRAM PER LITRE
https://environment.data.gov.uk/water-quality/sampling-point/TH-RSN0018/sample/1369565/observation/9341,TH-RSN0018,RSN0018 RIVER THAMES AT MAGNA CARTA,-0.562,51.4448,Thames,THAMES - WEST THAMES,Multiple Values,OPEN,FRESHWATER - RIVERS,2021-12-10T12:04:00,MONITORING  (NATIONAL AGENCY POLICY),RIVER / RUNNING SURFACE WATER,9341,cis-Permethrin,<0.0001,MICROGRAM PER LITRE
https://environment.data.gov.uk/water-quality/sampling-point/TH-RSN0018/sample/1369565/observation/9342,TH-RSN0018,RSN0018 RIVER THAMES AT MAGNA CARTA,-0.562,51.4448,Thames,THAMES - WEST THAMES,Multiple Values,OPEN,FRESHWATER - RIVERS,2021-12-10T12:04:00,MONITORING  (NATIONAL AGENCY POLICY),RIVER / RUNNING SURFACE WATER,9342,trans-Permethrin,<0.0001,MICROGRAM PER LITRE
https://environment.data.gov.uk/water-quality/sampling-point/TH-RSN0018/sample/1369565/observation/9343,TH-RSN0018,RSN0018 RIVER THAMES AT MAGNA CARTA,-0.562,51.4448,Thames,THAMES - WEST THAMES,Multiple Values,OPEN,FRESHWATER - RIVERS,2021-12-10T12:04:00,MONITORING  (NATIONAL AGENCY POLICY),RIVER / RUNNING SURFACE WATER,9343,Carbaryl,<0.01,MICROGRAM PER LITRE
https://environment.data.gov.uk/water-quality/sampling-point/TH-RSN0018/sample/1369565/observation/9344,TH-RSN0018,RSN0018 RIVER THAMES AT MAGNA CARTA,-0.562,51.4448,Thames,THAMES - WEST THAMES,Multiple Values,OPEN,FRESHWATER - RIVERS,2021-12-10T12:04:00,MONITORING  (NATIONAL AGENCY POLICY),RIVER / RUNNING SURFACE WATER,9344,Aldicarb,<0.005,MICROGRAM PER LITRE
https://environment.data.gov.uk/water-quality/sampling-point/TH-RSN0018/sample/1369565/observation/9345,TH-RSN0018,RSN0018 RIVER THAMES AT MAGNA CARTA,-0.562,51.4448,Thames,THAMES - WEST THAMES,Multiple Values,OPEN,FRESHWATER - RIVERS,2021-12-10T12:04:00,MONITORING  (NATIONAL AGENCY POLICY),RIVER / RUNNING SURFACE WATER,9345,Diflurobenzuron,<0.01,MICROGRAM PER LITRE
https://environment.data.gov.uk/water-quality/sampling-point/TH-RSN0018/sample/1369565/observation/9348,TH-RSN0018,RSN0018 RIVER THAMES AT MAGNA CARTA,-0.562,51.4448,Thames,THAMES - WEST THAMES,Multiple Values,OPEN,FRESHWATER - RIVERS,2021-12-10T12:04:00,MONITORING  (NATIONAL AGENCY POLICY),RIVER / RUNNING SURFACE WATER,9348,Chlorotoluron,<0.01,MICROGRAM PER LITRE
https://environment.data.gov.uk/water-quality/sampling-point/TH-RSN0018/sample/1369565/observation/9446,TH-RSN0018,RSN0018 RIVER THAMES AT MAGNA CARTA,-0.562,51.4448,Thames,THAMES - WEST THAMES,Multiple Values,OPEN,FRESHWATER - RIVERS,2021-12-10T12:04:00,MONITORING  (NATIONAL AGENCY POLICY),RIVER / RUNNING SURFACE WATER,9446,"Barium, Dissolved",17,MICROGRAM PER LITRE
https://environment.data.gov.uk/water-quality/sampling-point/TH-RSN0018/sample/1369565/observation/9447,TH-RSN0018,RSN0018 RIVER THAMES AT MAGNA CARTA,-0.562,51.4448,Thames,THAMES - WEST THAMES,Multiple Values,OPEN,FRESHWATER - RIVERS,2021-12-10T12:04:00,MONITORING  (NATIONAL AGENCY POLICY),RIVER / RUNNING SURFACE WATER,9447,"Boron, Dissolved",<100,MICROGRAM PER LITRE
https://environment.data.gov.uk/water-quality/sampling-point/TH-RSN0018/sample/1369565/observation/9686,TH-RSN0018,RSN0018 RIVER THAMES AT MAGNA CARTA,-0.562,51.4448,Thames,THAMES - WEST THAMES,Multiple Values,OPEN,FRESHWATER - RIVERS,2021-12-10T12:04:00,MONITORING  (NATIONAL AGENCY POLICY),RIVER / RUNNING SURFACE WATER,9686,"Nitrogen, Total as N",8.8,MILLIGRAM PER LITRE
https://environment.data.gov.uk/water-quality/sampling-point/TH-RSN0018/sample/1369565/observation/9756,TH-RSN0018,RSN0018 RIVER THAMES AT MAGNA CARTA,-0.562,51.4448,Thames,THAMES - WEST THAMES,Multiple Values,OPEN,FRESHWATER - RIVERS,2021-12-10T12:04:00,MONITORING  (NATIONAL AGENCY POLICY),RIVER / RUNNING SURFACE WATER,9756,Neburon,<0.01,MICROGRAM PER LITRE
https://environment.data.gov.uk/water-quality/sampling-point/TH-RSN0018/sample/1369565/observation/9861,TH-RSN0018,RSN0018 RIVER THAMES AT MAGNA CARTA,-0.562,51.4448,Thames,THAMES - WEST THAMES,Multiple Values,OPEN,FRESHWATER - RIVERS,2021-12-10T12:04:00,MONITORING  (NATIONAL AGENCY POLICY),RIVER / RUNNING SURFACE WATER,9861,Metsulfuron-methyl,<0.01,MICROGRAM PER LITRE
https://environment.data.gov.uk/water-quality/sampling-point/TH-RSN0018/sample/1369565/observation/9883,TH-RSN0018,RSN0018 RIVER THAMES AT MAGNA CARTA,-0.562,51.4448,Thames,THAMES - WEST THAMES,Multiple Values,OPEN,FRESHWATER - RIVERS,2021-12-10T12:04:00,MONITORING  (NATIONAL AGENCY POLICY),RIVER / RUNNING SURFACE WATER,9883,Picloram,<0.005,MICROGRAM PER LITRE
https://environment.data.gov.uk/water-quality/sampling-point/TH-RSN0018/sample/1369565/observation/9889,TH-RSN0018,RSN0018 RIVER THAMES AT MAGNA CARTA,-0.562,51.4448,Thames,THAMES - WEST THAMES,Multiple Values,OPEN,FRESHWATER - RIVERS,2021-12-10T12:04:00,MONITORING  (NATIONAL AGENCY POLICY),RIVER / RUNNING SURFACE WATER,9889,Oestrone :- {E1},0.64,NANOGRAM PER LITRE
https://environment.data.gov.uk/water-quality/sampling-point/TH-RSN0018/sample/1369565/observation/9898,TH-RSN0018,RSN0018 RIVER THAMES AT MAGNA CARTA,-0.562,51.4448,Thames,THAMES - WEST THAMES,Multiple Values,OPEN,FRESHWATER - RIVERS,2021-12-10T12:04:00,MONITORING  (NATIONAL AGENCY POLICY),RIVER / RUNNING SURFACE WATER,9898,17beta oestradiol :- {E2},0.11,NANOGRAM PER LITRE
https://environment.data.gov.uk/water-quality/sampling-point/TH-RSN0018/sample/1369565/observation/9899,TH-RSN0018,RSN0018 RIVER THAMES AT MAGNA CARTA,-0.562,51.4448,Thames,THAMES - WEST THAMES,Multiple Values,OPEN,FRESHWATER - RIVERS,2021-12-10T12:04:00,MONITORING  (NATIONAL AGENCY POLICY),RIVER / RUNNING SURFACE WATER,9899,17alpha ethynyloestradiol :- {EE2},0.17,NANOGRAM PER LITRE
https://environment.data.gov.uk/water-quality/sampling-point/TH-RSN0018/sample/1369565/observation/9901,TH-RSN0018,RSN0018 RIVER THAMES AT MAGNA CARTA,-0.562,51.4448,Thames,THAMES - WEST THAMES,Multiple Values,OPEN,FRESHWATER - RIVERS,2021-12-10T12:04:00,MONITORING  (NATIONAL AGENCY POLICY),RIVER / RUNNING SURFACE WATER,9901,"Oxygen, Dissolved, % Saturation",99.6,PERCENTAGE
https://environment.data.gov.uk/water-quality/sampling-point/TH-RSN0018/sample/1369565/observation/9924,TH-RSN0018,RSN0018 RIVER THAMES AT MAGNA CARTA,-0.562,51.4448,Thames,THAMES - WEST THAMES,Multiple Values,OPEN,FRESHWATER - RIVERS,2021-12-10T12:04:00,MONITORING  (NATIONAL AGENCY POLICY),RIVER / RUNNING SURFACE WATER,9924,"Oxygen, Dissolved as O2",12.5,MILLIGRAM PER LITRE
