id,samplingPoint.notation,samplingPoint.prefLabel,samplingPoint.longitude,samplingPoint.latitude,samplingPoint.region,samplingPoint.area,samplingPoint.subArea,samplingPoint.samplingPointStatus,samplingPoint.samplingPointType,phenomenonTime,samplingPurpose,sampleMaterialType,determinand.notation,determinand.prefLabel,result,unit
https://environment.data.gov.uk/water-quality/sampling-point/TH-PTHR0082/sample/1341255/observation/0061,TH-PTHR0082,THAMES AT COOKHAM BRIDGE,-0.7059,51.5621,Thames,THAMES - WEST THAMES,L&W NORTH - WT,OPEN,FRESHWATER - RIVERS,2021-01-05T12:33:00,ENVIRONMENTAL MONITORING STATUTORY (EU DIRECTIVES),RIVER / RUNNING SURFACE WATER,0061,pH,8.21,PH UNITS
https://environment.data.gov.uk/water-quality/sampling-point/TH-PTHR0082/sample/1341255/observation/0076,TH-PTHR0082,THAMES AT COOKHAM BRIDGE,-0.7059,51.5621,Thames,THAMES - WEST THAMES,L&W NORTH - WT,OPEN,FRESHWATER - RIVERS,2021-01-05T12:33:00,ENVIRONMENTAL MONITORING STATUTORY (EU DIRECTIVES),RIVER / RUNNING SURFACE WATER,0076,Temperature of Water,4.1,CELSIUS
https://environment.data.gov.uk/water-quality/sampling-point/TH-PTHR0082/sample/1341255/observation/0077,TH-PTHR0082,THAMES AT COOKHAM BRIDGE,-0.7059,51.5621,Thames,THAMES - WEST THAMES,L&W NORTH - WT,OPEN,FRESHWATER - RIVERS,2021-01-05T12:33:00,ENVIRONMENTAL MONITORING STATUTORY (EU DIRECTIVES),RIVER / RUNNING SURFACE WATER,0077,Conductivity at 25 C,624,MICROSIEMENS PER CENTIMETRE
https://environment.data.gov.uk/water-quality/sampling-point/TH-PTHR0082/sample/1341255/observation/0111,TH-PTHR0082,THAMES AT COOKHAM BRIDGE,-0.7059,51.5621,Thames,THAMES - WEST THAMES,L&W NORTH - WT,OPEN,FRESHWATER - RIVERS,2021-01-05T12:33:00,ENVIRONMENTAL MONITORING STATUTORY (EU DIRECTIVES),RIVER / RUNNING SURFACE WATER,0111,Ammoniacal Nitrogen as N,0.055,MILLIGRAM PER LITRE
https://environment.data.gov.uk/water-quality/sampling-point/TH-PTHR0082/sample/1341255/observation/0116,TH-PTHR0082,THAMES AT COOKHAM BRIDGE,-0.7059,51.5621,Thames,THAMES - WEST THAMES,L&W NORTH - WT,OPEN,FRESHWATER - RIVERS,2021-01-05T12:33:00,ENVIRONMENTAL MONITORING STATUTORY (EU DIRECTIVES),RIVER / RUNNING SURFACE WATER,0116,"Nitrogen, Total Oxidised as N",7.2,MILLIGRAM PER LITRE
https://environment.data.gov.uk/water-quality/sampling-point/TH-PTHR0082/sample/1341255/observation/0117,TH-PTHR0082,THAMES AT COOKHAM BRIDGE,-0.7059,51.5621,Thames,THAMES - WEST THAMES,L&W NORTH - WT,OPEN,FRESHWATER - RIVERS,2021-01-05T12:33:00,ENVIRONMENTAL MONITORING STATUTORY (EU DIRECTIVES),RIVER / RUNNING SURFACE WATER,0117,Nitrate as N,7.18,MILLIGRAM PER LITRE
https://environment.data.gov.uk/water-quality/sampling-point/TH-PTHR0082/sample/1341255/observation/0118,TH-PTHR0082,THAMES AT COOKHAM BRIDGE,-0.7059,51.5621,Thames,THAMES - WEST THAMES,L&W NORTH - WT,OPEN,FRESHWATER - RIVERS,2021-01-05T12:33:00,ENVIRONMENTAL MONITORING STATUTORY (EU DIRECTIVES),RIVER / RUNNING SURFACE WATER,0118,Nitrite as N,0.024,MILLIGRAM PER LITRE
https://environment.data.gov.uk/water-quality/sampling-point/TH-PTHR0082/sample/1341255/observation/0119,TH-PTHR0082,THAMES AT COOKHAM BRIDGE,-0.7059,51.5621,Thames,THAMES - WEST THAMES,L&W NORTH - WT,OPEN,FRESHWATER - RIVERS,2021-01-05T12:33:00,ENVIRONMENTAL MONITORING STATUTORY (EU DIRECTIVES),RIVER / RUNNING SURFACE WATER,0119,Ammonia un-ionised as N,0.00065,MILLIGRAM PER LITRE
https://environment.data.gov.uk/water-quality/sampling-point/TH-PTHR0082/sample/1341255/observation/0162,TH-PTHR0082,THAMES AT COOKHAM BRIDGE,-0.7059,51.5621,Thames,THAMES - WEST THAMES,L&W NORTH - WT,OPEN,FRESHWATER - RIVERS,2021-01-05T12:33:00,ENVIRONMENTAL MONITORING STATUTORY (EU DIRECTIVES),RIVER / RUNNING SURFACE WATER,0162,Alkalinity to pH 4.5 as CaCO3,230,MILLIGRAM PER LITRE
https://environment.data.gov.uk/water-quality/sampling-point/TH-PTHR0082/sample/1341255/observation/0180,TH-PTHR0082,THAMES AT COOKHAM BRIDGE,-0.7059,51.5621,Thames,THAMES - WEST THAMES,L&W NORTH - WT,OPEN,FRESHWATER - RIVERS,2021-01-05T12:33:00,ENVIRONMENTAL MONITORING STATUTORY (EU DIRECTIVES),RIVER / RUNNING SURFACE WATER,0180,"Orthophosphate, reactive as P",0.083,MILLIGRAM PER LITRE
https://environment.data.gov.uk/water-quality/sampling-point/TH-PTHR0082/sample/1341255/observation/9901,TH-PTHR0082,THAMES AT COOKHAM BRIDGE,-0.7059,51.5621,Thames,THAMES - WEST THAMES,L&W NORTH - WT,OPEN,FRESHWATER - RIVERS,2021-01-05T12:33:00,ENVIRONMENTAL MONITORING STATUTORY (EU DIRECTIVES),RIVER / RUNNING SURFACE WATER,9901,"Oxygen, Dissolved, % Saturation",100.5,PERCENTAGE
https://environment.data.gov.uk/water-quality/sampling-point/TH-PTHR0082/sample/1341255/observation/9924,TH-PTHR0082,THAMES AT COOKHAM BRIDGE,-0.7059,51.5621,Thames,THAMES - WEST THAMES,L&W NORTH - WT,OPEN,FRESHWATER - RIVERS,2021-01-05T12:33:00,ENVIRONMENTAL MONITORING STATUTORY (EU DIRECTIVES),RIVER / RUNNING SURFACE WATER,9924,"Oxygen, Dissolved as O2",13.1,MILLIGRAM PER LITRE
https://environment.data.gov.uk/water-quality/sampling-point/TH-PTHR0082/sample/1342337/observation/0061,TH-PTHR0082,THAMES AT COOKHAM BRIDGE,-0.7059,51.5621,Thames,THAMES - WEST THAMES,L&W NORTH - WT,OPEN,FRESHWATER - RIVERS,2021-02-11T10:34:00,ENVIRONMENTAL MONITORING STATUTORY (EU DIRECTIVES),RIVER / RUNNING SURFACE WATER,0061,pH,8.15,PH UNITS
https://environment.data.gov.uk/water-quality/sampling-point/TH-PTHR0082/sample/1342337/observation/0076,TH-PTHR0082,THAMES AT COOKHAM BRIDGE,-0.7059,51.5621,Thames,THAMES - WEST THAMES,L&W NORTH - WT,OPEN,FRESHWATER - RIVERS,2021-02-11T10:34:00,ENVIRONMENTAL MONITORING STATUTORY (EU DIRECTIVES),RIVER / RUNNING SURFACE WATER,0076,Temperature of Water,2.2,CELSIUS
https://environment.data.gov.uk/water-quality/sampling-point/TH-PTHR0082/sample/1342337/observation/0077,TH-PTHR0082,THAMES AT COOKHAM BRIDGE,-0.7059,51.5621,Thames,THAMES - WEST THAMES,L&W NORTH - WT,OPEN,FRESHWATER - RIVERS,2021-02-11T10:34:00,ENVIRONMENTAL MONITORING STATUTORY (EU DIRECTIVES),RIVER / RUNNING SURFACE WATER,0077,Conductivity at 25 C,596,MICROSIEMENS PER CENTIMETRE
https://environment.data.gov.uk/water-quality/sampling-point/TH-PTHR0082/sample/1342337/observation/0111,TH-PTHR0082,THAMES AT COOKHAM BRIDGE,-0.7059,51.5621,Thames,THAMES - WEST THAMES,L&W NORTH - WT,OPEN,FRESHWATER - RIVERS,2021-02-11T10:34:00,ENVIRONMENTAL MONITORING STATUTORY (EU DIRECTIVES),RIVER / RUNNING SURFACE WATER,0111,Ammoniacal Nitrogen as N,0.042,MILLIGRAM PER LITRE
https://environment.data.gov.uk/water-quality/sampling-point/TH-PTHR0082/sample/1342337/observation/0116,TH-PTHR0082,THAMES AT COOKHAM BRIDGE,-0.7059,51.5621,Thames,THAMES - WEST THAMES,L&W NORTH - WT,OPEN,FRESHWATER - RIVERS,2021-02-11T10:34:00,ENVIRONMENTAL MONITORING STATUTORY (EU DIRECTIVES),RIVER / RUNNING SURFACE WATER,0116,"Nitrogen, Total Oxidised as N",5.9,MILLIGRAM PER LITRE
https://environment.data.gov.uk/water-quality/sampling-point/TH-PTHR0082/sample/1342337/observation/0117,TH-PTHR0082,THAMES AT COOKHAM BRIDGE,-0.7059,51.5621,Thames,THAMES - WEST THAMES,L&W NORTH - WT,OPEN,FRESHWATER - RIVERS,2021-02-11T10:34:00,ENVIRONMENTAL MONITORING STATUTORY (EU DIRECTIVES),RIVER / RUNNING SURFACE WATER,0117,Nitrate as N,5.88,MILLIGRAM PER LITRE
https://environment.data.gov.uk/water-quality/sampling-point/TH-PTHR0082/sample/1342337/observation/0118,TH-PTHR0082,THAMES AT COOKHAM BRIDGE,-0.7059,51.5621,Thames,THAMES - WEST THAMES,L&W NORTH - WT,OPEN,FRESHWATER - RIVERS,2021-02-11T10:34:00,ENVIRONMENTAL MONITORING STATUTORY (EU DIRECTIVES),RIVER / RUNNING SURFACE WATER,0118,Nitrite as N,0.023,MILLIGRAM PER LITRE
https://environment.data.gov.uk/water-quality/sampling-point/TH-PTHR0082/sample/1342337/observation/0119,TH-PTHR0082,THAMES AT COOKHAM BRIDGE,-0.7059,51.5621,Thames,THAMES - WEST THAMES,L&W NORTH - WT,OPEN,FRESHWATER - RIVERS,2021-02-11T10:34:00,ENVIRONMENTAL MONITORING STATUTORY (EU DIRECTIVES),RIVER / RUNNING SURFACE WATER,0119,Ammonia un-ionised as N,0.00043,MILLIGRAM PER LITRE
https://environment.data.gov.uk/water-quality/sampling-point/TH-PTHR0082/sample/1342337/observation/0162,TH-PTHR0082,THAMES AT COOKHAM BRIDGE,-0.7059,51.5621,Thames,THAMES - WEST THAMES,L&W NORTH - WT,OPEN,FRESHWATER - RIVERS,2021-02-11T10:34:00,ENVIRONMENTAL MONITORING STATUTORY (EU DIRECTIVES),RIVER / RUNNING SURFACE WATER,0162,Alkalinity to pH 4.5 as CaCO3,210,MILLIGRAM PER LITRE
https://environment.data.gov.uk/water-quality/sampling-point/TH-PTHR0082/sample/1342337/observation/0180,TH-PTHR0082,THAMES AT COOKHAM BRIDGE,-0.7059,51.5621,Thames,THAMES - WEST THAMES,L&W NORTH - WT,OPEN,FRESHWATER - RIVERS,2021-02-11T10:34:00,ENVIRONMENTAL MONITORING STATUTORY (EU DIRECTIVES),RIVER / RUNNING SURFACE WATER,0180,"Orthophosphate, reactive as P",0.07,MILLIGRAM PER LITRE
https://environment.data.gov.uk/water-quality/sampling-point/TH-PTHR0082/sample/1342337/observation/9901,TH-PTHR0082,THAMES AT COOKHAM BRIDGE,-0.7059,51.5621,Thames,THAMES - WEST THAMES,L&W NORTH - WT,OPEN,FRESHWATER - RIVERS,2021-02-11T10:34:00,ENVIRONMENTAL MONITORING STATUTORY (EU DIRECTIVES),RIVER / RUNNING SURFACE WATER,9901,"Oxygen, Dissolved, % Saturation",99.9,PERCENTAGE
https://environment.data.gov.uk/water-quality/sampling-point/TH-PTHR0082/sample/1342337/observation/9924,TH-PTHR0082,THAMES AT COOKHAM BRIDGE,-0.7059,51.5621,Thames,THAMES - WEST THAMES,L&W NORTH - WT,OPEN,FRESHWATER - RIVERS,2021-02-11T10:34:00,ENVIRONMENTAL MONITORING STATUTORY (EU DIRECTIVES),RIVER / RUNNING SURFACE WATER,9924,"Oxygen, Dissolved as O2",13.7,MILLIGRAM PER LITRE
https://environment.data.gov.uk/water-quality/sampling-point/TH-PTHR0082/sample/1343074/observation/0061,TH-PTHR0082,THAMES AT COOKHAM BRIDGE,-0.7059,51.5621,Thames,THAMES - WEST THAMES,L&W NORTH - WT,OPEN,FRESHWATER - RIVERS,2021-03-09T10:59:00,ENVIRONMENTAL MONITORING STATUTORY (EU DIRECTIVES),RIVER / RUNNING SURFACE WATER,0061,pH,8.25,PH UNITS
https://environment.data.gov.uk/water-quality/sampling-point/TH-PTHR0082/sample/1343074/observation/0076,TH-PTHR0082,THAMES AT COOKHAM BRIDGE,-0.7059,51.5621,Thames,THAMES - WEST THAMES,L&W NORTH - WT,OPEN,FRESHWATER - RIVERS,2021-03-09T10:59:00,ENVIRONMENTAL MONITORING STATUTORY (EU DIRECTIVES),RIVER / RUNNING SURFACE WATER,0076,Temperature of Water,6.8,CELSIUS
https://environment.data.gov.uk/water-quality/sampling-point/TH-PTHR0082/sample/1343074/observation/0077,TH-PTHR0082,THAMES AT COOKHAM BRIDGE,-0.7059,51.5621,Thames,THAMES - WEST THAMES,L&W NORTH - WT,OPEN,FRESHWATER - RIVERS,2021-03-09T10:59:00,ENVIRONMENTAL MONITORING STATUTORY (EU DIRECTIVES),RIVER / RUNNING SURFACE WATER,0077,Conductivity at 25 C,656,MICROSIEMENS PER CENTIMETRE
https://environment.data.gov.uk/water-quality/sampling-point/TH-PTHR0082/sample/1343074/observation/0111,TH-PTHR0082,THAMES AT COOKHAM BRIDGE,-0.7059,51.5621,Thames,THAMES - WEST THAMES,L&W NORTH - WT,OPEN,FRESHWATER - RIVERS,2021-03-09T10:59:00,ENVIRONMENTAL MONITORING STATUTORY (EU DIRECTIVES),RIVER / RUNNING SURFACE WATER,0111,Ammoniacal Nitrogen as N,0.041,MILLIGRAM PER LITRE
https://environment.data.gov.uk/water-quality/sampling-point/TH-PTHR0082/sample/1343074/observation/0116,TH-PTHR0082,THAMES AT COOKHAM BRIDGE,-0.7059,51.5621,Thames,THAMES - WEST THAMES,L&W NORTH - WT,OPEN,FRESHWATER - RIVERS,2021-03-09T10:59:00,ENVIRONMENTAL MONITORING STATUTORY (EU DIRECTIVES),RIVER / RUNNING SURFACE WATER,0116,"Nitrogen, Total Oxidised as N",7.4,MILLIGRAM PER LITRE
https://environment.data.gov.uk/water-quality/sampling-point/TH-PTHR0082/sample/1343074/observation/0117,TH-PTHR0082,THAMES AT COOKHAM BRIDGE,-0.7059,51.5621,Thames,THAMES - WEST THAMES,L&W NORTH - WT,OPEN,FRESHWATER - RIVERS,2021-03-09T10:59:00,ENVIRONMENTAL MONITORING STATUTORY (EU DIRECTIVES),RIVER / RUNNING SURFACE WATER,0117,Nitrate as N,7.38,MILLIGRAM PER LITRE
https://environment.data.gov.uk/water-quality/sampling-point/TH-PTHR0082/sample/1343074/observation/0118,TH-PTHR0082,THAMES AT COOKHAM BRIDGE,-0.7059,51.5621,Thames,THAMES - WEST THAMES,L&W NORTH - WT,OPEN,FRESHWATER - RIVERS,2021-03-09T10:59:00,ENVIRONMENTAL MONITORING STATUTORY (EU DIRECTIVES),RIVER / RUNNING SURFACE WATER,0118,Nitrite as N,0.022,MILLIGRAM PER LITRE
https://environment.data.gov.uk/water-quality/sampling-point/TH-PTHR0082/sample/1343074/observation/0119,TH-PTHR0082,THAMES AT COOKHAM BRIDGE,-0.7059,51.5621,Thames,THAMES - WEST THAMES,L&W NORTH - WT,OPEN,FRESHWATER - RIVERS,2021-03-09T10:59:00,ENVIRONMENTAL MONITORING STATUTORY (EU DIRECTIVES),RIVER / RUNNING SURFACE WATER,0119,Ammonia un-ionised as N,0.00059,MILLIGRAM PER LITRE
https://environment.data.gov.uk/water-quality/sampling-point/TH-PTHR0082/sample/1343074/observation/0162,TH-PTHR0082,THAMES AT COOKHAM BRIDGE,-0.7059,51.5621,Thames,THAMES - WEST THAMES,L&W NORTH - WT,OPEN,FRESHWATER - RIVERS,2021-03-09T10:59:00,ENVIRONMENTAL MONITORING STATUTORY (EU DIRECTIVES),RIVER / RUNNING SURFACE WATER,0162,Alkalinity to pH 4.5 as CaCO3,230,MILLIGRAM PER LITRE
https://environment.data.gov.uk/water-quality/sampling-point/TH-PTHR0082/sample/1343074/observation/0180,TH-PTHR0082,THAMES AT COOKHAM BRIDGE,-0.7059,51.5621,Thames,THAMES - WEST THAMES,L&W NORTH - WT,OPEN,FRESHWATER - RIVERS,2021-03-09T10:59:00,ENVIRONMENTAL MONITORING STATUTORY (EU DIRECTIVES),RIVER / RUNNING SURFACE WATER,0180,"Orthophosphate, reactive as P",0.09,MILLIGRAM PER LITRE
https://environment.data.gov.uk/water-quality/sampling-point/TH-PTHR0082/sample/1343074/observation/9901,TH-PTHR0082,THAMES AT COOKHAM BRIDGE,-0.7059,51.5621,Thames,THAMES - WEST THAMES,L&W NORTH - WT,OPEN,FRESHWATER - RIVERS,2021-03-09T10:59:00,ENVIRONMENTAL MONITORING STATUTORY (EU DIRECTIVES),RIVER / RUNNING SURFACE WATER,9901,"Oxygen, Dissolved, % Saturation",96.2,PERCENTAGE
https://environment.data.gov.uk/water-quality/sampling-point/TH-PTHR0082/sample/1343074/observation/9924,TH-PTHR0082,THAMES AT COOKHAM BRIDGE,-0.7059,51.5621,Thames,THAMES - WEST THAMES,L&W NORTH - WT,OPEN,FRESHWATER - RIVERS,2021-03-09T10:59:00,ENVIRONMENTAL MONITORING STATUTORY (EU DIRECTIVES),RIVER / RUNNING SURFACE WATER,9924,"Oxygen, Dissolved as O2",11.7,MILLIGRAM PER LITRE
https://environment.data.gov.uk/water-quality/sampling-point/TH-PTHR0082/sample/1348333/observation/0061,TH-PTHR0082,THAMES AT COOKHAM BRIDGE,-0.7059,51.5621,Thames,THAMES - WEST THAMES,L&W NORTH - WT,OPEN,FRESHWATER - RIVERS,2021-04-08T09:30:00,ENVIRONMENTAL MONITORING STATUTORY (EU DIRECTIVES),RIVER / RUNNING SURFACE WATER,0061,pH,8.4,PH UNITS
https://environment.data.gov.uk/water-quality/sampling-point/TH-PTHR0082/sample/1348333/observation/0076,TH-PTHR0082,THAMES AT COOKHAM BRIDGE,-0.7059,51.5621,Thames,THAMES - WEST THAMES,L&W NORTH - WT,OPEN,FRESHWATER - RIVERS,2021-04-08T09:30:00,ENVIRONMENTAL MONITORING STATUTORY (EU DIRECTIVES),RIVER / RUNNING SURFACE WATER,0076,Temperature of Water,8.4,CELSIUS
https://environment.data.gov.uk/water-quality/sampling-point/TH-PTHR0082/sample/1348333/observation/0077,TH-PTHR0082,THAMES AT COOKHAM BRIDGE,-0.7059,51.5621,Thames,THAMES - WEST THAMES,L&W NORTH - WT,OPEN,FRESHWATER - RIVERS,2021-04-08T09:30:00,ENVIRONMENTAL MONITORING STATUTORY (EU DIRECTIVES),RIVER / RUNNING SURFACE WATER,0077,Conductivity at 25 C,653,MICROSIEMENS PER CENTIMETRE
https://environment.data.gov.uk/water-quality/sampling-point/TH-PTHR0082/sample/1348333/observation/0111,TH-PTHR0082,THAMES AT COOKHAM BRIDGE,-0.7059,51.5621,Thames,THAMES - WEST THAMES,L&W NORTH - WT,OPEN,FRESHWATER - RIVERS,2021-04-08T09:30:00,ENVIRONMENTAL MONITORING STATUTORY (EU DIRECTIVES),RIVER / RUNNING SURFACE WATER,0111,Ammoniacal Nitrogen as N,<0.03,MILLIGRAM PER LITRE
https://environment.data.gov.uk/water-quality/sampling-point/TH-PTHR0082/sample/1348333/observation/0116,TH-PTHR0082,THAMES AT COOKHAM BRIDGE,-0.7059,51.5621,Thames,THAMES - WEST THAMES,L&W NORTH - WT,OPEN,FRESHWATER - RIVERS,2021-04-08T09:30:00,ENVIRONMENTAL MONITORING STATUTORY (EU DIRECTIVES),RIVER / RUNNING SURFACE WATER,0116,"Nitrogen, Total Oxidised as N",7.2,MILLIGRAM PER LITRE
https://environment.data.gov.uk/water-quality/sampling-point/TH-PTHR0082/sample/1348333/observation/0117,TH-PTHR0082,THAMES AT COOKHAM BRIDGE,-0.7059,51.5621,Thames,THAMES - WEST THAMES,L&W NORTH - WT,OPEN,FRESHWATER - RIVERS,2021-04-08T09:30:00,ENVIRONMENTAL MONITORING STATUTORY (EU DIRECTIVES),RIVER / RUNNING SURFACE WATER,0117,Nitrate as N,7.19,MILLIGRAM PER LITRE
https://environment.data.gov.uk/water-quality/sampling-point/TH-PTHR0082/sample/1348333/observation/0118,TH-PTHR0082,THAMES AT COOKHAM BRIDGE,-0.7059,51.5621,Thames,THAMES - WEST THAMES,L&W NORTH - WT,OPEN,FRESHWATER - RIVERS,2021-04-08T09:30:00,ENVIRONMENTAL MONITORING STATUTORY (EU DIRECTIVES),RIVER / RUNNING SURFACE WATER,0118,Nitrite as N,0.013,MILLIGRAM PER LITRE
https://environment.data.gov.uk/water-quality/sampling-point/TH-PTHR0082/sample/1348333/observation/0119,TH-PTHR0082,THAMES AT COOKHAM BRIDGE,-0.7059,51.5621,Thames,THAMES - WEST THAMES,L&W NORTH - WT,OPEN,FRESHWATER - RIVERS,2021-04-08T09:30:00,ENVIRONMENTAL MONITORING STATUTORY (EU DIRECTIVES),RIVER / RUNNING SURFACE WATER,0119,Ammonia un-ionised as N,<0.00049,MILLIGRAM PER LITRE
https://environment.data.gov.uk/water-quality/sampling-point/TH-PTHR0082/sample/1348333/observation/0162,TH-PTHR0082,THAMES AT COOKHAM BRIDGE,-0.7059,51.5621,Thames,THAMES - WEST THAMES,L&W NORTH - WT,OPEN,FRESHWATER - RIVERS,2021-04-08T09:30:00,ENVIRONMENTAL MONITORING STATUTORY (EU DIRECTIVES),RIVER / RUNNING SURFACE WATER,0162,Alkalinity to pH 4.5 as CaCO3,230,MILLIGRAM PER LITRE
https://environment.data.gov.uk/water-quality/sampling-point/TH-PTHR0082/sample/1348333/observation/0180,TH-PTHR0082,THAMES AT COOKHAM BRIDGE,-0.7059,51.5621,Thames,THAMES - WEST THAMES,L&W NORTH - WT,OPEN,FRESHWATER - RIVERS,2021-04-08T09:30:00,ENVIRONMENTAL MONITORING STATUTORY (EU DIRECTIVES),RIVER / RUNNING SURFACE WATER,0180,"Orthophosphate, reactive as P",0.066,MILLIGRAM PER LITRE
https://environment.data.gov.uk/water-quality/sampling-point/TH-PTHR0082/sample/1348333/observation/9901,TH-PTHR0082,THAMES AT COOKHAM BRIDGE,-0.7059,51.5621,Thames,THAMES - WEST THAMES,L&W NORTH - WT,OPEN,FRESHWATER - RIVERS,2021-04-08T09:30:00,ENVIRONMENTAL MONITORING STATUTORY (EU DIRECTIVES),RIVER / RUNNING SURFACE WATER,9901,"Oxygen, Dissolved, % Saturation",96.3,PERCENTAGE
https://environment.data.gov.uk/water-quality/sampling-point/TH-PTHR0082/sample/1348333/observation/9924,TH-PTHR0082,THAMES AT COOKHAM BRIDGE,-0.7059,51.5621,Thames,THAMES - WEST THAMES,L&W NORTH - WT,OPEN,FRESHWATER - RIVERS,2021-04-08T09:30:00,ENVIRONMENTAL MONITORING STATUTORY (EU DIRECTIVES),RIVER / RUNNING SURFACE WATER,9924,"Oxygen, Dissolved as O2",11.3,MILLIGRAM PER LITRE
https://environment.data.gov.uk/water-quality/sampling-point/TH-PTHR0082/sample/1351316/observation/0061,TH-PTHR0082,THAMES AT COOKHAM BRIDGE,-0.7059,51.5621,Thames,THAMES - WEST THAMES,L&W NORTH - WT,OPEN,FRESHWATER - RIVERS,2021-05-19T10:21:00,ENVIRONMENTAL MONITORING STATUTORY (EU DIRECTIVES),RIVER / RUNNING SURFACE WATER,0061,pH,8.13,PH UNITS
https://environment.data.gov.uk/water-quality/sampling-point/TH-PTHR0082/sample/1351316/observation/0076,TH-PTHR0082,THAMES AT COOKHAM BRIDGE,-0.7059,51.5621,Thames,THAMES - WEST THAMES,L&W NORTH - WT,OPEN,FRESHWATER - RIVERS,2021-05-19T10:21:00,ENVIRONMENTAL MONITORING STATUTORY (EU DIRECTIVES),RIVER / RUNNING SURFACE WATER,0076,Temperature of Water,13.3,CELSIUS
https://environment.data.gov.uk/water-quality/sampling-point/TH-PTHR0082/sample/1351316/observation/0077,TH-PTHR0082,THAMES AT COOKHAM BRIDGE,-0.7059,51.5621,Thames,THAMES - WEST THAMES,L&W NORTH - WT,OPEN,FRESHWATER - RIVERS,2021-05-19T10:21:00,ENVIRONMENTAL MONITORING STATUTORY (EU DIRECTIVES),RIVER / RUNNING SURFACE WATER,0077,Conductivity at 25 C,607,MICROSIEMENS PER CENTIMETRE
https://environment.data.gov.uk/water-quality/sampling-point/TH-PTHR0082/sample/1351316/observation/0111,TH-PTHR0082,THAMES AT COOKHAM BRIDGE,-0.7059,51.5621,Thames,THAMES - WEST THAMES,L&W NORTH - WT,OPEN,FRESHWATER - RIVERS,2021-05-19T10:21:00,ENVIRONMENTAL MONITORING STATUTORY (EU DIRECTIVES),RIVER / RUNNING SURFACE WATER,0111,Ammoniacal Nitrogen as N,0.08,MILLIGRAM PER LITRE
https://environment.data.gov.uk/water-quality/sampling-point/TH-PTHR0082/sample/1351316/observation/0116,TH-PTHR0082,THAMES AT COOKHAM BRIDGE,-0.7059,51.5621,Thames,THAMES - WEST THAMES,L&W NORTH - WT,OPEN,FRESHWATER - RIVERS,2021-05-19T10:21:00,ENVIRONMENTAL MONITORING STATUTORY (EU DIRECTIVES),RIVER / RUNNING SURFACE WATER,0116,"Nitrogen, Total Oxidised as N",8.5,MILLIGRAM PER LITRE
https://environment.data.gov.uk/water-quality/sampling-point/TH-PTHR0082/sample/1351316/observation/0117,TH-PTHR0082,THAMES AT COOKHAM BRIDGE,-0.7059,51.5621,Thames,THAMES - WEST THAMES,L&W NORTH - WT,OPEN,FRESHWATER - RIVERS,2021-05-19T10:21:00,ENVIRONMENTAL MONITORING STATUTORY (EU DIRECTIVES),RIVER / RUNNING SURFACE WATER,0117,Nitrate as N,8.45,MILLIGRAM PER LITRE
https://environment.data.gov.uk/water-quality/sampling-point/TH-PTHR0082/sample/1351316/observation/0118,TH-PTHR0082,THAMES AT COOKHAM BRIDGE,-0.7059,51.5621,Thames,THAMES - WEST THAMES,L&W NORTH - WT,OPEN,FRESHWATER - RIVERS,2021-05-19T10:21:00,ENVIRONMENTAL MONITORING STATUTORY (EU DIRECTIVES),RIVER / RUNNING SURFACE WATER,0118,Nitrite as N,0.047,MILLIGRAM PER LITRE
https://environment.data.gov.uk/water-quality/sampling-point/TH-PTHR0082/sample/1351316/observation/0119,TH-PTHR0082,THAMES AT COOKHAM BRIDGE,-0.7059,51.5621,Thames,THAMES - WEST THAMES,L&W NORTH - WT,OPEN,FRESHWATER - RIVERS,2021-05-19T10:21:00,ENVIRONMENTAL MONITORING STATUTORY (EU DIRECTIVES),RIVER / RUNNING SURFACE WATER,0119,Ammonia un-ionised as N,0.00186,MILLIGRAM PER LITRE
https://environment.data.gov.uk/water-quality/sampling-point/TH-PTHR0082/sample/1351316/observation/0162,TH-PTHR0082,THAMES AT COOKHAM BRIDGE,-0.7059,51.5621,Thames,THAMES - WEST THAMES,L&W NORTH - WT,OPEN,FRESHWATER - RIVERS,2021-05-19T10:21:00,ENVIRONMENTAL MONITORING STATUTORY (EU DIRECTIVES),RIVER / RUNNING SURFACE WATER,0162,Alkalinity to pH 4.5 as CaCO3,180,MILLIGRAM PER LITRE
https://environment.data.gov.uk/water-quality/sampling-point/TH-PTHR0082/sample/1351316/observation/0180,TH-PTHR0082,THAMES AT COOKHAM BRIDGE,-0.7059,51.5621,Thames,THAMES - WEST THAMES,L&W NORTH - WT,OPEN,FRESHWATER - RIVERS,2021-05-19T10:21:00,ENVIRONMENTAL MONITORING STATUTORY (EU DIRECTIVES),RIVER / RUNNING SURFACE WATER,0180,"Orthophosphate, reactive as P",0.12,MILLIGRAM PER LITRE
https://environment.data.gov.uk/water-quality/sampling-point/TH-PTHR0082/sample/1351316/observation/9901,TH-PTHR0082,THAMES AT COOKHAM BRIDGE,-0.7059,51.5621,Thames,THAMES - WEST THAMES,L&W NORTH - WT,OPEN,FRESHWATER - RIVERS,2021-05-19T10:21:00,ENVIRONMENTAL MONITORING STATUTORY (EU DIRECTIVES),RIVER / RUNNING SURFACE WATER,9901,"Oxygen, Dissolved, % Saturation",96,PERCENTAGE
https://environment.data.gov.uk/water-quality/sampling-point/TH-PTHR0082/sample/1351316/observation/9924,TH-PTHR0082,THAMES AT COOKHAM BRIDGE,-0.7059,51.5621,Thames,THAMES - WEST THAMES,L&W NORTH - WT,OPEN,FRESHWATER - RIVERS,2021-05-19T10:21:00,ENVIRONMENTAL MONITORING STATUTORY (EU DIRECTIVES),RIVER / RUNNING SURFACE WATER,9924,"Oxygen, Dissolved as O2",10,MILLIGRAM PER LITRE
https://environment.data.gov.uk/water-quality/sampling-point/TH-PTHR0082/sample/1358887/observation/0061,TH-PTHR0082,THAMES AT COOKHAM BRIDGE,-0.7059,51.5621,Thames,THAMES - WEST THAMES,L&W NORTH - WT,OPEN,FRESHWATER - RIVERS,2021-06-14T11:39:00,ENVIRONMENTAL MONITORING STATUTORY (EU DIRECTIVES),RIVER / RUNNING SURFACE WATER,0061,pH,8.11,PH UNITS
https://environment.data.gov.uk/water-quality/sampling-point/TH-PTHR0082/sample/1358887/observation/0076,TH-PTHR0082,THAMES AT COOKHAM BRIDGE,-0.7059,51.5621,Thames,THAMES - WEST THAMES,L&W NORTH - WT,OPEN,FRESHWATER - RIVERS,2021-06-14T11:39:00,ENVIRONMENTAL MONITORING STATUTORY (EU DIRECTIVES),RIVER / RUNNING SURFACE WATER,0076,Temperature of Water,20.6,CELSIUS
https://environment.data.gov.uk/water-quality/sampling-point/TH-PTHR0082/sample/1358887/observation/0077,TH-PTHR0082,THAMES AT COOKHAM BRIDGE,-0.7059,51.5621,Thames,THAMES - WEST THAMES,L&W NORTH - WT,OPEN,FRESHWATER - RIVERS,2021-06-14T11:39:00,ENVIRONMENTAL MONITORING STATUTORY (EU DIRECTIVES),RIVER / RUNNING SURFACE WATER,0077,Conductivity at 25 C,674,MICROSIEMENS PER CENTIMETRE
https://environment.data.gov.uk/water-quality/sampling-point/TH-PTHR0082/sample/1358887/observation/0111,TH-PTHR0082,THAMES AT COOKHAM BRIDGE,-0.7059,51.5621,Thames,THAMES - WEST THAMES,L&W NORTH - WT,OPEN,FRESHWATER - RIVERS,2021-06-14T11:39:00,ENVIRONMENTAL MONITORING STATUTORY (EU DIRECTIVES),RIVER / RUNNING SURFACE WATER,0111,Ammoniacal Nitrogen as N,0.058,MILLIGRAM PER LITRE
https://environment.data.gov.uk/water-quality/sampling-point/TH-PTHR0082/sample/1358887/observation/0116,TH-PTHR0082,THAMES AT COOKHAM BRIDGE,-0.7059,51.5621,Thames,THAMES - WEST THAMES,L&W NORTH - WT,OPEN,FRESHWATER - RIVERS,2021-06-14T11:39:00,ENVIRONMENTAL MONITORING STATUTORY (EU DIRECTIVES),RIVER / RUNNING SURFACE WATER,0116,"Nitrogen, Total Oxidised as N",7.3,MILLIGRAM PER LITRE
https://environment.data.gov.uk/water-quality/sampling-point/TH-PTHR0082/sample/1358887/observation/0117,TH-PTHR0082,THAMES AT COOKHAM BRIDGE,-0.7059,51.5621,Thames,THAMES - WEST THAMES,L&W NORTH - WT,OPEN,FRESHWATER - RIVERS,2021-06-14T11:39:00,ENVIRONMENTAL MONITORING STATUTORY (EU DIRECTIVES),RIVER / RUNNING SURFACE WATER,0117,Nitrate as N,7.28,MILLIGRAM PER LITRE
https://environment.data.gov.uk/water-quality/sampling-point/TH-PTHR0082/sample/1358887/observation/0118,TH-PTHR0082,THAMES AT COOKHAM BRIDGE,-0.7059,51.5621,Thames,THAMES - WEST THAMES,L&W NORTH - WT,OPEN,FRESHWATER - RIVERS,2021-06-14T11:39:00,ENVIRONMENTAL MONITORING STATUTORY (EU DIRECTIVES),RIVER / RUNNING SURFACE WATER,0118,Nitrite as N,0.024,MILLIGRAM PER LITRE
https://environment.data.gov.uk/water-quality/sampling-point/TH-PTHR0082/sample/1358887/observation/0119,TH-PTHR0082,THAMES AT COOKHAM BRIDGE,-0.7059,51.5621,Thames,THAMES - WEST THAMES,L&W NORTH - WT,OPEN,FRESHWATER - RIVERS,2021-06-14T11:39:00,ENVIRONMENTAL MONITORING STATUTORY (EU DIRECTIVES),RIVER / RUNNING SURFACE WATER,0119,Ammonia un-ionised as N,0.00228,MILLIGRAM PER LITRE
https://environment.data.gov.uk/water-quality/sampling-point/TH-PTHR0082/sample/1358887/observation/0162,TH-PTHR0082,THAMES AT COOKHAM BRIDGE,-0.7059,51.5621,Thames,THAMES - WEST THAMES,L&W NORTH - WT,OPEN,FRESHWATER - RIVERS,2021-06-14T11:39:00,ENVIRONMENTAL MONITORING STATUTORY (EU DIRECTIVES),RIVER / RUNNING SURFACE WATER,0162,Alkalinity to pH 4.5 as CaCO3,230,MILLIGRAM PER LITRE
https://environment.data.gov.uk/water-quality/sampling-point/TH-PTHR0082/sample/1358887/observation/0180,TH-PTHR0082,THAMES AT COOKHAM BRIDGE,-0.7059,51.5621,Thames,THAMES - WEST THAMES,L&W NORTH - WT,OPEN,FRESHWATER - RIVERS,2021-06-14T11:39:00,ENVIRONMENTAL MONITORING STATUTORY (EU DIRECTIVES),RIVER / RUNNING SURFACE WATER,0180,"Orthophosphate, reactive as P",0.088,MILLIGRAM PER LITRE
https://environment.data.gov.uk/water-quality/sampling-point/TH-PTHR0082/sample/1358887/observation/9901,TH-PTHR0082,THAMES AT COOKHAM BRIDGE,-0.7059,51.5621,Thames,THAMES - WEST THAMES,L&W NORTH - WT,OPEN,FRESHWATER - RIVERS,2021-06-14T11:39:00,ENVIRONMENTAL MONITORING STATUTORY (EU DIRECTIVES),RIVER / RUNNING SURFACE WATER,9901,"Oxygen, Dissolved, % Saturation",99.9,PERCENTAGE
https://environment.data.gov.uk/water-quality/sampling-point/TH-PTHR0082/sample/1358887/observation/9924,TH-PTHR0082,THAMES AT COOKHAM BRIDGE,-0.7059,51.5621,Thames,THAMES - WEST THAMES,L&W NORTH - WT,OPEN,FRESHWATER - RIVERS,2021-06-14T11:39:00,ENVIRONMENTAL MONITORING STATUTORY (EU DIRECTIVES),RIVER / RUNNING SURFACE WATER,9924,"Oxygen, Dissolved as O2",8.95,MILLIGRAM PER LITRE
https://environment.data.gov.uk/water-quality/sampling-point/TH-PTHR0082/sample/1360145/observation/0061,TH-PTHR0082,THAMES AT COOKHAM BRIDGE,-0.7059,51.5621,Thames,THAMES - WEST THAMES,L&W NORTH - WT,OPEN,FRESHWATER - RIVERS,2021-07-13T11:33:00,ENVIRONMENTAL MONITORING STATUTORY (EU DIRECTIVES),RIVER / RUNNING SURFACE WATER,0061,pH,8.04,PH UNITS
https://environment.data.gov.uk/water-quality/sampling-point/TH-PTHR0082/sample/1360145/observation/0076,TH-PTHR0082,THAMES AT COOKHAM BRIDGE,-0.7059,51.5621,Thames,THAMES - WEST THAMES,L&W NORTH - WT,OPEN,FRESHWATER - RIVERS,2021-07-13T11:33:00,ENVIRONMENTAL MONITORING STATUTORY (EU DIRECTIVES),RIVER / RUNNING SURFACE WATER,0076,Temperature of Water,18.1,CELSIUS
https://environment.data.gov.uk/water-quality/sampling-point/TH-PTHR0082/sample/1360145/observation/0077,TH-PTHR0082,THAMES AT COOKHAM BRIDGE,-0.7059,51.5621,Thames,THAMES - WEST THAMES,L&W NORTH - WT,OPEN,FRESHWATER - RIVERS,2021-07-13T11:33:00,ENVIRONMENTAL MONITORING STATUTORY (EU DIRECTIVES),RIVER / RUNNING SURFACE WATER,0077,Conductivity at 25 C,651,MICROSIEMENS PER CENTIMETRE
https://environment.data.gov.uk/water-quality/sampling-point/TH-PTHR0082/sample/1360145/observation/0111,TH-PTHR0082,THAMES AT COOKHAM BRIDGE,-0.7059,51.5621,Thames,THAMES - WEST THAMES,L&W NORTH - WT,OPEN,FRESHWATER - RIVERS,2021-07-13T11:33:00,ENVIRONMENTAL MONITORING STATUTORY (EU DIRECTIVES),RIVER / RUNNING SURFACE WATER,0111,Ammoniacal Nitrogen as N,<0.03,MILLIGRAM PER LITRE
https://environment.data.gov.uk/water-quality/sampling-point/TH-PTHR0082/sample/1360145/observation/0116,TH-PTHR0082,THAMES AT COOKHAM BRIDGE,-0.7059,51.5621,Thames,THAMES - WEST THAMES,L&W NORTH - WT,OPEN,FRESHWATER - RIVERS,2021-07-13T11:33:00,ENVIRONMENTAL MONITORING STATUTORY (EU DIRECTIVES),RIVER / RUNNING SURFACE WATER,0116,"Nitrogen, Total Oxidised as N",6.2,MILLIGRAM PER LITRE
https://environment.data.gov.uk/water-quality/sampling-point/TH-PTHR0082/sample/1360145/observation/0117,TH-PTHR0082,THAMES AT COOKHAM BRIDGE,-0.7059,51.5621,Thames,THAMES - WEST THAMES,L&W NORTH - WT,OPEN,FRESHWATER - RIVERS,2021-07-13T11:33:00,ENVIRONMENTAL MONITORING STATUTORY (EU DIRECTIVES),RIVER / RUNNING SURFACE WATER,0117,Nitrate as N,6.19,MILLIGRAM PER LITRE
https://environment.data.gov.uk/water-quality/sampling-point/TH-PTHR0082/sample/1360145/observation/0118,TH-PTHR0082,THAMES AT COOKHAM BRIDGE,-0.7059,51.5621,Thames,THAMES - WEST THAMES,L&W NORTH - WT,OPEN,FRESHWATER - RIVERS,2021-07-13T11:33:00,ENVIRONMENTAL MONITORING STATUTORY (EU DIRECTIVES),RIVER / RUNNING SURFACE WATER,0118,Nitrite as N,0.015,MILLIGRAM PER LITRE
https://environment.data.gov.uk/water-quality/sampling-point/TH-PTHR0082/sample/1360145/observation/0119,TH-PTHR0082,THAMES AT COOKHAM BRIDGE,-0.7059,51.5621,Thames,THAMES - WEST THAMES,L&W NORTH - WT,OPEN,FRESHWATER - RIVERS,2021-07-13T11:33:00,ENVIRONMENTAL MONITORING STATUTORY (EU DIRECTIVES),RIVER / RUNNING SURFACE WATER,0119,Ammonia un-ionised as N,<0.00099,MILLIGRAM PER LITRE
https://environment.data.gov.uk/water-quality/sampling-point/TH-PTHR0082/sample/1360145/observation/0162,TH-PTHR0082,THAMES AT COOKHAM BRIDGE,-0.7059,51.5621,Thames,THAMES - WEST THAMES,L&W NORTH - WT,OPEN,FRESHWATER - RIVERS,2021-07-13T11:33:00,ENVIRONMENTAL MONITORING STATUTORY (EU DIRECTIVES),RIVER / RUNNING SURFACE WATER,0162,Alkalinity to pH 4.5 as CaCO3,220,MILLIGRAM PER LITRE
https://environment.data.gov.uk/water-quality/sampling-point/TH-PTHR0082/sample/1360145/observation/0180,TH-PTHR0082,THAMES AT COOKHAM BRIDGE,-0.7059,51.5621,Thames,THAMES - WEST THAMES,L&W NORTH - WT,OPEN,FRESHWATER - RIVERS,2021-07-13T11:33:00,ENVIRONMENTAL MONITORING STATUTORY (EU DIRECTIVES),RIVER / RUNNING SURFACE WATER,0180,"Orthophosphate, reactive as P",0.16,MILLIGRAM PER LITRE
https://environment.data.gov.uk/water-quality/sampling-point/TH-PTHR0082/sample/1360145/observation/9901,TH-PTHR0082,THAMES AT COOKHAM BRIDGE,-0.7059,51.5621,Thames,THAMES - WEST THAMES,L&W NORTH - WT,OPEN,FRESHWATER - RIVERS,2021-07-13T11:33:00,ENVIRONMENTAL MONITORING STATUTORY (EU DIRECTIVES),RIVER / RUNNING SURFACE WATER,9901,"Oxygen, Dissolved, % Saturation",97.5,PERCENTAGE
https://environment.data.gov.uk/water-quality/sampling-point/TH-PTHR0082/sample/1360145/observation/9924,TH-PTHR0082,THAMES AT COOKHAM BRIDGE,-0.7059,51.5621,Thames,THAMES - WEST THAMES,L&W NORTH - WT,OPEN,FRESHWATER - RIVERS,2021-07-13T11:33:00,ENVIRONMENTAL MONITORING STATUTORY (EU DIRECTIVES),RIVER / RUNNING SURFACE WATER,9924,"Oxygen, Dissolved as O2",9.19,MILLIGRAM PER LITRE
https://environment.data.gov.uk/water-quality/sampling-point/TH-PTHR0082/sample/1361415/observation/0061,TH-PTHR0082,THAMES AT COOKHAM BRIDGE,-0.7059,51.5621,Thames,THAMES - WEST THAMES,L&W NORTH - WT,OPEN,FRESHWATER - RIVERS,2021-08-12T11:32:00,ENVIRONMENTAL MONITORING STATUTORY (EU DIRECTIVES),RIVER / RUNNING SURFACE WATER,0061,pH,8.05,PH UNITS
https://environment.data.gov.uk/water-quality/sampling-point/TH-PTHR0082/sample/1361415/observation/0076,TH-PTHR0082,THAMES AT COOKHAM BRIDGE,-0.7059,51.5621,Thames,THAMES - WEST THAMES,L&W NORTH - WT,OPEN,FRESHWATER - RIVERS,2021-08-12T11:32:00,ENVIRONMENTAL MONITORING STATUTORY (EU DIRECTIVES),RIVER / RUNNING SURFACE WATER,0076,Temperature of Water,18.5,CELSIUS
https://environment.data.gov.uk/water-quality/sampling-point/TH-PTHR0082/sample/1361415/observation/0077,TH-PTHR0082,THAMES AT COOKHAM BRIDGE,-0.7059,51.5621,Thames,THAMES - WEST THAMES,L&W NORTH - WT,OPEN,FRESHWATER - RIVERS,2021-08-12T11:32:00,ENVIRONMENTAL MONITORING STATUTORY (EU DIRECTIVES),RIVER / RUNNING SURFACE WATER,0077,Conductivity at 25 C,649,MICROSIEMENS PER CENTIMETRE
https://environment.data.gov.uk/water-quality/sampling-point/TH-PTHR0082/sample/1361415/observation/0111,TH-PTHR0082,THAMES AT COOKHAM BRIDGE,-0.7059,51.5621,Thames,THAMES - WEST THAMES,L&W NORTH - WT,OPEN,FRESHWATER - RIVERS,2021-08-12T11:32:00,ENVIRONMENTAL MONITORING STATUTORY (EU DIRECTIVES),RIVER / RUNNING SURFACE WATER,0111,Ammoniacal Nitrogen as N,0.039,MILLIGRAM PER LITRE
https://environment.data.gov.uk/water-quality/sampling-point/TH-PTHR0082/sample/1361415/observation/0116,TH-PTHR0082,THAMES AT COOKHAM BRIDGE,-0.7059,51.5621,Thames,THAMES - WEST THAMES,L&W NORTH - WT,OPEN,FRESHWATER - RIVERS,2021-08-12T11:32:00,ENVIRONMENTAL MONITORING STATUTORY (EU DIRECTIVES),RIVER / RUNNING SURFACE WATER,0116,"Nitrogen, Total Oxidised as N",6.2,MILLIGRAM PER LITRE
https://environment.data.gov.uk/water-quality/sampling-point/TH-PTHR0082/sample/1361415/observation/0117,TH-PTHR0082,THAMES AT COOKHAM BRIDGE,-0.7059,51.5621,Thames,THAMES - WEST THAMES,L&W NORTH - WT,OPEN,FRESHWATER - RIVERS,2021-08-12T11:32:00,ENVIRONMENTAL MONITORING STATUTORY (EU DIRECTIVES),RIVER / RUNNING SURFACE WATER,0117,Nitrate as N,6.18,MILLIGRAM PER LITRE
https://environment.data.gov.uk/water-quality/sampling-point/TH-PTHR0082/sample/1361415/observation/0118,TH-PTHR0082,THAMES AT COOKHAM BRIDGE,-0.7059,51.5621,Thames,THAMES - WEST THAMES,L&W NORTH - WT,OPEN,FRESHWATER - RIVERS,2021-08-12T11:32:00,ENVIRONMENTAL MONITORING STATUTORY (EU DIRECTIVES),RIVER / RUNNING SURFACE WATER,0118,Nitrite as N,0.02,MILLIGRAM PER LITRE
https://environment.data.gov.uk/water-quality/sampling-point/TH-PTHR0082/sample/1361415/observation/0119,TH-PTHR0082,THAMES AT COOKHAM BRIDGE,-0.7059,51.5621,Thames,THAMES - WEST THAMES,L&W NORTH - WT,OPEN,FRESHWATER - RIVERS,2021-08-12T11:32:00,ENVIRONMENTAL MONITORING STATUTORY (EU DIRECTIVES),RIVER / RUNNING SURFACE WATER,0119,Ammonia un-ionised as N,0.00132,MILLIGRAM PER LITRE
https://environment.data.gov.uk/water-quality/sampling-point/TH-PTHR0082/sample/1361415/observation/0162,TH-PTHR0082,THAMES AT COOKHAM BRIDGE,-0.7059,51.5621,Thames,THAMES - WEST THAMES,L&W NORTH - WT,OPEN,FRESHWATER - RIVERS,2021-08-12T11:32:00,ENVIRONMENTAL MONITORING STATUTORY (EU DIRECTIVES),RIVER / RUNNING SURFACE WATER,0162,Alkalinity to pH 4.5 as CaCO3,210,MILLIGRAM PER LITRE
https://environment.data.gov.uk/water-quality/sampling-point/TH-PTHR0082/sample/1361415/observation/0180,TH-PTHR0082,THAMES AT COOKHAM BRIDGE,-0.7059,51.5621,Thames,THAMES - WEST THAMES,L&W NORTH - WT,OPEN,FRESHWATER - RIVERS,2021-08-12T11:32:00,ENVIRONMENTAL MONITORING STATUTORY (EU DIRECTIVES),RIVER / RUNNING SURFACE WATER,0180,"Orthophosphate, reactive as P",0.19,MILLIGRAM PER LITRE
https://environment.data.gov.uk/water-quality/sampling-point/TH-PTHR0082/sample/1361415/observation/9901,TH-PTHR0082,THAMES AT COOKHAM BRIDGE,-0.7059,51.5621,Thames,THAMES - WEST THAMES,L&W NORTH - WT,OPEN,FRESHWATER - RIVERS,2021-08-12T11:32:00,ENVIRONMENTAL MONITORING STATUTORY (EU DIRECTIVES),RIVER / RUNNING SURFACE WATER,9901,"Oxygen, Dissolved, % Saturation",94.9,PERCENTAGE
https://environment.data.gov.uk/water-quality/sampling-point/TH-PTHR0082/sample/1361415/observation/9924,TH-PTHR0082,THAMES AT COOKHAM BRIDGE,-0.7059,51.5621,Thames,THAMES - WEST THAMES,L&W NORTH - WT,OPEN,FRESHWATER - RIVERS,2021-08-12T11:32:00,ENVIRONMENTAL MONITORING STATUTORY (EU DIRECTIVES),RIVER / RUNNING SURFACE WATER,9924,"Oxygen, Dissolved as O2",8.87,MILLIGRAM PER LITRE
https://environment.data.gov.uk/water-quality/sampling-point/TH-PTHR0082/sample/1363302/observation/0061,TH-PTHR0082,THAMES AT COOKHAM BRIDGE,-0.7059,51.5621,Thames,THAMES - WEST THAMES,L&W NORTH - WT,OPEN,FRESHWATER - RIVERS,2021-09-22T11:44:00,ENVIRONMENTAL MONITORING STATUTORY (EU DIRECTIVES),RIVER / RUNNING SURFACE WATER,0061,pH,8.08,PH UNITS
https://environment.data.gov.uk/water-quality/sampling-point/TH-PTHR0082/sample/1363302/observation/0076,TH-PTHR0082,THAMES AT COOKHAM BRIDGE,-0.7059,51.5621,Thames,THAMES - WEST THAMES,L&W NORTH - WT,OPEN,FRESHWATER - RIVERS,2021-09-22T11:44:00,ENVIRONMENTAL MONITORING STATUTORY (EU DIRECTIVES),RIVER / RUNNING SURFACE WATER,0076,Temperature of Water,16.1,CELSIUS
https://environment.data.gov.uk/water-quality/sampling-point/TH-PTHR0082/sample/1363302/observation/0077,TH-PTHR0082,THAMES AT COOKHAM BRIDGE,-0.7059,51.5621,Thames,THAMES - WEST THAMES,L&W NORTH - WT,OPEN,FRESHWATER - RIVERS,2021-09-22T11:44:00,ENVIRONMENTAL MONITORING STATUTORY (EU DIRECTIVES),RIVER / RUNNING SURFACE WATER,0077,Conductivity at 25 C,713,MICROSIEMENS PER CENTIMETRE
https://environment.data.gov.uk/water-quality/sampling-point/TH-PTHR0082/sample/1363302/observation/0111,TH-PTHR0082,THAMES AT COOKHAM BRIDGE,-0.7059,51.5621,Thames,THAMES - WEST THAMES,L&W NORTH - WT,OPEN,FRESHWATER - RIVERS,2021-09-22T11:44:00,ENVIRONMENTAL MONITORING STATUTORY (EU DIRECTIVES),RIVER / RUNNING SURFACE WATER,0111,Ammoniacal Nitrogen as N,<0.03,MILLIGRAM PER LITRE
https://environment.data.gov.uk/water-quality/sampling-point/TH-PTHR0082/sample/1363302/observation/0116,TH-PTHR0082,THAMES AT COOKHAM BRIDGE,-0.7059,51.5621,Thames,THAMES - WEST THAMES,L&W NORTH - WT,OPEN,FRESHWATER - RIVERS,2021-09-22T11:44:00,ENVIRONMENTAL MONITORING STATUTORY (EU DIRECTIVES),RIVER / RUNNING SURFACE WATER,0116,"Nitrogen, Total Oxidised as N",7.6,MILLIGRAM PER LITRE
https://environment.data.gov.uk/water-quality/sampling-point/TH-PTHR0082/sample/1363302/observation/0117,TH-PTHR0082,THAMES AT COOKHAM BRIDGE,-0.7059,51.5621,Thames,THAMES - WEST THAMES,L&W NORTH - WT,OPEN,FRESHWATER - RIVERS,2021-09-22T11:44:00,ENVIRONMENTAL MONITORING STATUTORY (EU DIRECTIVES),RIVER / RUNNING SURFACE WATER,0117,Nitrate as N,7.59,MILLIGRAM PER LITRE
https://environment.data.gov.uk/water-quality/sampling-point/TH-PTHR0082/sample/1363302/observation/0118,TH-PTHR0082,THAMES AT COOKHAM BRIDGE,-0.7059,51.5621,Thames,THAMES - WEST THAMES,L&W NORTH - WT,OPEN,FRESHWATER - RIVERS,2021-09-22T11:44:00,ENVIRONMENTAL MONITORING STATUTORY (EU DIRECTIVES),RIVER / RUNNING SURFACE WATER,0118,Nitrite as N,0.011,MILLIGRAM PER LITRE
https://environment.data.gov.uk/water-quality/sampling-point/TH-PTHR0082/sample/1363302/observation/0119,TH-PTHR0082,THAMES AT COOKHAM BRIDGE,-0.7059,51.5621,Thames,THAMES - WEST THAMES,L&W NORTH - WT,OPEN,FRESHWATER - RIVERS,2021-09-22T11:44:00,ENVIRONMENTAL MONITORING STATUTORY (EU DIRECTIVES),RIVER / RUNNING SURFACE WATER,0119,Ammonia un-ionised as N,<0.00085,MILLIGRAM PER LITRE
https://environment.data.gov.uk/water-quality/sampling-point/TH-PTHR0082/sample/1363302/observation/0162,TH-PTHR0082,THAMES AT COOKHAM BRIDGE,-0.7059,51.5621,Thames,THAMES - WEST THAMES,L&W NORTH - WT,OPEN,FRESHWATER - RIVERS,2021-09-22T11:44:00,ENVIRONMENTAL MONITORING STATUTORY (EU DIRECTIVES),RIVER / RUNNING SURFACE WATER,0162,Alkalinity to pH 4.5 as CaCO3,230,MILLIGRAM PER LITRE
https://environment.data.gov.uk/water-quality/sampling-point/TH-PTHR0082/sample/1363302/observation/0180,TH-PTHR0082,THAMES AT COOKHAM BRIDGE,-0.7059,51.5621,Thames,THAMES - WEST THAMES,L&W NORTH - WT,OPEN,FRESHWATER - RIVERS,2021-09-22T11:44:00,ENVIRONMENTAL MONITORING STATUTORY (EU DIRECTIVES),RIVER / RUNNING SURFACE WATER,0180,"Orthophosphate, reactive as P",0.23,MILLIGRAM PER LITRE
https://environment.data.gov.uk/water-quality/sampling-point/TH-PTHR0082/sample/1363302/observation/9901,TH-PTHR0082,THAMES AT COOKHAM BRIDGE,-0.7059,51.5621,Thames,THAMES - WEST THAMES,L&W NORTH - WT,OPEN,FRESHWATER - RIVERS,2021-09-22T11:44:00,ENVIRONMENTAL MONITORING STATUTORY (EU DIRECTIVES),RIVER / RUNNING SURFACE WATER,9901,"Oxygen, Dissolved, % Saturation",94.7,PERCENTAGE
https://environment.data.gov.uk/water-quality/sampling-point/TH-PTHR0082/sample/1363302/observation/9924,TH-PTHR0082,THAMES AT COOKHAM BRIDGE,-0.7059,51.5621,Thames,THAMES - WEST THAMES,L&W NORTH - WT,OPEN,FRESHWATER - RIVERS,2021-09-22T11:44:00,ENVIRONMENTAL MONITORING STATUTORY (EU DIRECTIVES),RIVER / RUNNING SURFACE WATER,9924,"Oxygen, Dissolved as O2",9.3,MILLIGRAM PER LITRE
https://environment.data.gov.uk/water-quality/sampling-point/TH-PTHR0082/sample/1368195/observation/0061,TH-PTHR0082,THAMES AT COOKHAM BRIDGE,-0.7059,51.5621,Thames,THAMES - WEST THAMES,L&W NORTH - WT,OPEN,FRESHWATER - RIVERS,2021-11-05T10:50:00,ENVIRONMENTAL MONITORING STATUTORY (EU DIRECTIVES),RIVER / RUNNING SURFACE WATER,0061,pH,8.15,PH UNITS
https://environment.data.gov.uk/water-quality/sampling-point/TH-PTHR0082/sample/1368195/observation/0076,TH-PTHR0082,THAMES AT COOKHAM BRIDGE,-0.7059,51.5621,Thames,THAMES - WEST THAMES,L&W NORTH - WT,OPEN,FRESHWATER - RIVERS,2021-11-05T10:50:00,ENVIRONMENTAL MONITORING STATUTORY (EU DIRECTIVES),RIVER / RUNNING SURFACE WATER,0076,Temperature of Water,8.2,CELSIUS
https://environment.data.gov.uk/water-quality/sampling-point/TH-PTHR0082/sample/1368195/observation/0077,TH-PTHR0082,THAMES AT COOKHAM BRIDGE,-0.7059,51.5621,Thames,THAMES - WEST THAMES,L&W NORTH - WT,OPEN,FRESHWATER - RIVERS,2021-11-05T10:50:00,ENVIRONMENTAL MONITORING STATUTORY (EU DIRECTIVES),RIVER / RUNNING SURFACE WATER,0077,Conductivity at 25 C,611,MICROSIEMENS PER CENTIMETRE
https://environment.data.gov.uk/water-quality/sampling-point/TH-PTHR0082/sample/1368195/observation/0111,TH-PTHR0082,THAMES AT COOKHAM BRIDGE,-0.7059,51.5621,Thames,THAMES - WEST THAMES,L&W NORTH - WT,OPEN,FRESHWATER - RIVERS,2021-11-05T10:50:00,ENVIRONMENTAL MONITORING STATUTORY (EU DIRECTIVES),RIVER / RUNNING SURFACE WATER,0111,Ammoniacal Nitrogen as N,0.034,MILLIGRAM PER LITRE
https://environment.data.gov.uk/water-quality/sampling-point/TH-PTHR0082/sample/1368195/observation/0116,TH-PTHR0082,THAMES AT COOKHAM BRIDGE,-0.7059,51.5621,Thames,THAMES - WEST THAMES,L&W NORTH - WT,OPEN,FRESHWATER - RIVERS,2021-11-05T10:50:00,ENVIRONMENTAL MONITORING STATUTORY (EU DIRECTIVES),RIVER / RUNNING SURFACE WATER,0116,"Nitrogen, Total Oxidised as N",6.4,MILLIGRAM PER LITRE
https://environment.data.gov.uk/water-quality/sampling-point/TH-PTHR0082/sample/1368195/observation/0117,TH-PTHR0082,THAMES AT COOKHAM BRIDGE,-0.7059,51.5621,Thames,THAMES - WEST THAMES,L&W NORTH - WT,OPEN,FRESHWATER - RIVERS,2021-11-05T10:50:00,ENVIRONMENTAL MONITORING STATUTORY (EU DIRECTIVES),RIVER / RUNNING SURFACE WATER,0117,Nitrate as N,6.38,MILLIGRAM PER LITRE
https://environment.data.gov.uk/water-quality/sampling-point/TH-PTHR0082/sample/1368195/observation/0118,TH-PTHR0082,THAMES AT COOKHAM BRIDGE,-0.7059,51.5621,Thames,THAMES - WEST THAMES,L&W NORTH - WT,OPEN,FRESHWATER - RIVERS,2021-11-05T10:50:00,ENVIRONMENTAL MONITORING STATUTORY (EU DIRECTIVES),RIVER / RUNNING SURFACE WATER,0118,Nitrite as N,0.016,MILLIGRAM PER LITRE
https://environment.data.gov.uk/water-quality/sampling-point/TH-PTHR0082/sample/1368195/observation/0119,TH-PTHR0082,THAMES AT COOKHAM BRIDGE,-0.7059,51.5621,Thames,THAMES - WEST THAMES,L&W NORTH - WT,OPEN,FRESHWATER - RIVERS,2021-11-05T10:50:00,ENVIRONMENTAL MONITORING STATUTORY (EU DIRECTIVES),RIVER / RUNNING SURFACE WATER,0119,Ammonia un-ionised as N,0.00054,MILLIGRAM PER LITRE
https://environment.data.gov.uk/water-quality/sampling-point/TH-PTHR0082/sample/1368195/observation/0162,TH-PTHR0082,THAMES AT COOKHAM BRIDGE,-0.7059,51.5621,Thames,THAMES - WEST THAMES,L&W NORTH - WT,OPEN,FRESHWATER - RIVERS,2021-11-05T10:50:00,ENVIRONMENTAL MONITORING STATUTORY (EU DIRECTIVES),RIVER / RUNNING SURFACE WATER,0162,Alkalinity to pH 4.5 as CaCO3,190,MILLIGRAM PER LITRE
https://environment.data.gov.uk/water-quality/sampling-point/TH-PTHR0082/sample/1368195/observation/0180,TH-PTHR0082,THAMES AT COOKHAM BRIDGE,-0.7059,51.5621,Thames,THAMES - WEST THAMES,L&W NORTH - WT,OPEN,FRESHWATER - RIVERS,2021-11-05T10:50:00,ENVIRONMENTAL MONITORING STATUTORY (EU DIRECTIVES),RIVER / RUNNING SURFACE WATER,0180,"Orthophosphate, reactive as P",0.19,MILLIGRAM PER LITRE
https://environment.data.gov.uk/water-quality/sampling-point/TH-PTHR0082/sample/1368195/observation/9901,TH-PTHR0082,THAMES AT COOKHAM BRIDGE,-0.7059,51.5621,Thames,THAMES - WEST THAMES,L&W NORTH - WT,OPEN,FRESHWATER - RIVERS,2021-11-05T10:50:00,ENVIRONMENTAL MONITORING STATUTORY (EU DIRECTIVES),RIVER / RUNNING SURFACE WATER,9901,"Oxygen, Dissolved, % Saturation",97.4,PERCENTAGE
https://environment.data.gov.uk/water-quality/sampling-point/TH-PTHR0082/sample/1368195/observation/9924,TH-PTHR0082,THAMES AT COOKHAM BRIDGE,-0.7059,51.5621,Thames,THAMES - WEST THAMES,L&W NORTH - WT,OPEN,FRESHWATER - RIVERS,2021-11-05T10:50:00,ENVIRONMENTAL MONITORING STATUTORY (EU DIRECTIVES),RIVER / RUNNING SURFACE WATER,9924,"Oxygen, Dissolved as O2",11.5,MILLIGRAM PER LITRE
https://environment.data.gov.uk/water-quality/sampling-point/TH-PTHR0082/sample/1368917/observation/0061,TH-PTHR0082,THAMES AT COOKHAM BRIDGE,-0.7059,51.5621,Thames,THAMES - WEST THAMES,L&W NORTH - WT,OPEN,FRESHWATER - RIVERS,2021-11-22T13:11:00,ENVIRONMENTAL MONITORING STATUTORY (EU DIRECTIVES),RIVER / RUNNING SURFACE WATER,0061,pH,8.1,PH UNITS
https://environment.data.gov.uk/water-quality/sampling-point/TH-PTHR0082/sample/1368917/observation/0076,TH-PTHR0082,THAMES AT COOKHAM BRIDGE,-0.7059,51.5621,Thames,THAMES - WEST THAMES,L&W NORTH - WT,OPEN,FRESHWATER - RIVERS,2021-11-22T13:11:00,ENVIRONMENTAL MONITORING STATUTORY (EU DIRECTIVES),RIVER / RUNNING SURFACE WATER,0076,Temperature of Water,9.3,CELSIUS
https://environment.data.gov.uk/water-quality/sampling-point/TH-PTHR0082/sample/1368917/observation/0077,TH-PTHR0082,THAMES AT COOKHAM BRIDGE,-0.7059,51.5621,Thames,THAMES - WEST THAMES,L&W NORTH - WT,OPEN,FRESHWATER - RIVERS,2021-11-22T13:11:00,ENVIRONMENTAL MONITORING STATUTORY (EU DIRECTIVES),RIVER / RUNNING SURFACE WATER,0077,Conductivity at 25 C,703,MICROSIEMENS PER CENTIMETRE
https://environment.data.gov.uk/water-quality/sampling-point/TH-PTHR0082/sample/1368917/observation/0111,TH-PTHR0082,THAMES AT COOKHAM BRIDGE,-0.7059,51.5621,Thames,THAMES - WEST THAMES,L&W NORTH - WT,OPEN,FRESHWATER - RIVERS,2021-11-22T13:11:00,ENVIRONMENTAL MONITORING STATUTORY (EU DIRECTIVES),RIVER / RUNNING SURFACE WATER,0111,Ammoniacal Nitrogen as N,0.11,MILLIGRAM PER LITRE
https://environment.data.gov.uk/water-quality/sampling-point/TH-PTHR0082/sample/1368917/observation/0116,TH-PTHR0082,THAMES AT COOKHAM BRIDGE,-0.7059,51.5621,Thames,THAMES - WEST THAMES,L&W NORTH - WT,OPEN,FRESHWATER - RIVERS,2021-11-22T13:11:00,ENVIRONMENTAL MONITORING STATUTORY (EU DIRECTIVES),RIVER / RUNNING SURFACE WATER,0116,"Nitrogen, Total Oxidised as N",7.7,MILLIGRAM PER LITRE
https://environment.data.gov.uk/water-quality/sampling-point/TH-PTHR0082/sample/1368917/observation/0117,TH-PTHR0082,THAMES AT COOKHAM BRIDGE,-0.7059,51.5621,Thames,THAMES - WEST THAMES,L&W NORTH - WT,OPEN,FRESHWATER - RIVERS,2021-11-22T13:11:00,ENVIRONMENTAL MONITORING STATUTORY (EU DIRECTIVES),RIVER / RUNNING SURFACE WATER,0117,Nitrate as N,7.68,MILLIGRAM PER LITRE
https://environment.data.gov.uk/water-quality/sampling-point/TH-PTHR0082/sample/1368917/observation/0118,TH-PTHR0082,THAMES AT COOKHAM BRIDGE,-0.7059,51.5621,Thames,THAMES - WEST THAMES,L&W NORTH - WT,OPEN,FRESHWATER - RIVERS,2021-11-22T13:11:00,ENVIRONMENTAL MONITORING STATUTORY (EU DIRECTIVES),RIVER / RUNNING SURFACE WATER,0118,Nitrite as N,0.021,MILLIGRAM PER LITRE
https://environment.data.gov.uk/water-quality/sampling-point/TH-PTHR0082/sample/1368917/observation/0119,TH-PTHR0082,THAMES AT COOKHAM BRIDGE,-0.7059,51.5621,Thames,THAMES - WEST THAMES,L&W NORTH - WT,OPEN,FRESHWATER - RIVERS,2021-11-22T13:11:00,ENVIRONMENTAL MONITORING STATUTORY (EU DIRECTIVES),RIVER / RUNNING SURFACE WATER,0119,Ammonia un-ionised as N,0.00191,MILLIGRAM PER LITRE
https://environment.data.gov.uk/water-quality/sampling-point/TH-PTHR0082/sample/1368917/observation/0162,TH-PTHR0082,THAMES AT COOKHAM BRIDGE,-0.7059,51.5621,Thames,THAMES - WEST THAMES,L&W NORTH - WT,OPEN,FRESHWATER - RIVERS,2021-11-22T13:11:00,ENVIRONMENTAL MONITORING STATUTORY (EU DIRECTIVES),RIVER / RUNNING SURFACE WATER,0162,Alkalinity to pH 4.5 as CaCO3,230,MILLIGRAM PER LITRE
https://environment.data.gov.uk/water-quality/sampling-point/TH-PTHR0082/sample/1368917/observation/0180,TH-PTHR0082,THAMES AT COOKHAM BRIDGE,-0.7059,51.5621,Thames,THAMES - WEST THAMES,L&W NORTH - WT,OPEN,FRESHWATER - RIVERS,2021-11-22T13:11:00,ENVIRONMENTAL MONITORING STATUTORY (EU DIRECTIVES),RIVER / RUNNING SURFACE WATER,0180,"Orthophosphate, reactive as P",0.18,MILLIGRAM PER LITRE
https://environment.data.gov.uk/water-quality/sampling-point/TH-PTHR0082/sample/1368917/observation/9901,TH-PTHR0082,THAMES AT COOKHAM BRIDGE,-0.7059,51.5621,Thames,THAMES - WEST THAMES,L&W NORTH - WT,OPEN,FRESHWATER - RIVERS,2021-11-22T13:11:00,ENVIRONMENTAL MONITORING STATUTORY (EU DIRECTIVES),RIVER / RUNNING SURFACE WATER,9901,"Oxygen, Dissolved, % Saturation",97.2,PERCENTAGE
https://environment.data.gov.uk/water-quality/sampling-point/TH-PTHR0082/sample/1368917/observation/9924,TH-PTHR0082,THAMES AT COOKHAM BRIDGE,-0.7059,51.5621,Thames,THAMES - WEST THAMES,L&W NORTH - WT,OPEN,FRESHWATER - RIVERS,2021-11-22T13:11:00,ENVIRONMENTAL MONITORING STATUTORY (EU DIRECTIVES),RIVER / RUNNING SURFACE WATER,9924,"Oxygen, Dissolved as O2",11.1,MILLIGRAM PER LITRE
https://environment.data.gov.uk/water-quality/sampling-point/TH-PTHR0082/sample/1369557/observation/0061,TH-PTHR0082,THAMES AT COOKHAM BRIDGE,-0.7059,51.5621,Thames,THAMES - WEST THAMES,L&W NORTH - WT,OPEN,FRESHWATER - RIVERS,2021-12-10T11:04:00,ENVIRONMENTAL MONITORING STATUTORY (EU DIRECTIVES),RIVER / RUNNING SURFACE WATER,0061,pH,8.14,PH UNITS
https://environment.data.gov.uk/water-quality/sampling-point/TH-PTHR0082/sample/1369557/observation/0076,TH-PTHR0082,THAMES AT COOKHAM BRIDGE,-0.7059,51.5621,Thames,THAMES - WEST THAMES,L&W NORTH - WT,OPEN,FRESHWATER - RIVERS,2021-12-10T11:04:00,ENVIRONMENTAL MONITORING STATUTORY (EU DIRECTIVES),RIVER / RUNNING SURFACE WATER,0076,Temperature of Water,5.2,CELSIUS
https://environment.data.gov.uk/water-quality/sampling-point/TH-PTHR0082/sample/1369557/observation/0077,TH-PTHR0082,THAMES AT COOKHAM BRIDGE,-0.7059,51.5621,Thames,THAMES - WEST THAMES,L&W NORTH - WT,OPEN,FRESHWATER - RIVERS,2021-12-10T11:04:00,ENVIRONMENTAL MONITORING STATUTORY (EU DIRECTIVES),RIVER / RUNNING SURFACE WATER,0077,Conductivity at 25 C,714,MICROSIEMENS PER CENTIMETRE
https://environment.data.gov.uk/water-quality/sampling-point/TH-PTHR0082/sample/1369557/observation/0111,TH-PTHR0082,THAMES AT COOKHAM BRIDGE,-0.7059,51.5621,Thames,THAMES - WEST THAMES,L&W NORTH - WT,OPEN,FRESHWATER - RIVERS,2021-12-10T11:04:00,ENVIRONMENTAL MONITORING STATUTORY (EU DIRECTIVES),RIVER / RUNNING SURFACE WATER,0111,Ammoniacal Nitrogen as N,0.07,MILLIGRAM PER LITRE
https://environment.data.gov.uk/water-quality/sampling-point/TH-PTHR0082/sample/1369557/observation/0116,TH-PTHR0082,THAMES AT COOKHAM BRIDGE,-0.7059,51.5621,Thames,THAMES - WEST THAMES,L&W NORTH - WT,OPEN,FRESHWATER - RIVERS,2021-12-10T11:04:00,ENVIRONMENTAL MONITORING STATUTORY (EU DIRECTIVES),RIVER / RUNNING SURFACE WATER,0116,"Nitrogen, Total Oxidised as N",7.7,MILLIGRAM PER LITRE
https://environment.data.gov.uk/water-quality/sampling-point/TH-PTHR0082/sample/1369557/observation/0117,TH-PTHR0082,THAMES AT COOKHAM BRIDGE,-0.7059,51.5621,Thames,THAMES - WEST THAMES,L&W NORTH - WT,OPEN,FRESHWATER - RIVERS,2021-12-10T11:04:00,ENVIRONMENTAL MONITORING STATUTORY (EU DIRECTIVES),RIVER / RUNNING SURFACE WATER,0117,Nitrate as N,7.68,MILLIGRAM PER LITRE
https://environment.data.gov.uk/water-quality/sampling-point/TH-PTHR0082/sample/1369557/observation/0118,TH-PTHR0082,THAMES AT COOKHAM BRIDGE,-0.7059,51.5621,Thames,THAMES - WEST THAMES,L&W NORTH - WT,OPEN,FRESHWATER - RIVERS,2021-12-10T11:04:00,ENVIRONMENTAL MONITORING STATUTORY (EU DIRECTIVES),RIVER / RUNNING SURFACE WATER,0118,Nitrite as N,0.025,MILLIGRAM PER LITRE
https://environment.data.gov.uk/water-quality/sampling-point/TH-PTHR0082/sample/1369557/observation/0119,TH-PTHR0082,THAMES AT COOKHAM BRIDGE,-0.7059,51.5621,Thames,THAMES - WEST THAMES,L&W NORTH - WT,OPEN,FRESHWATER - RIVERS,2021-12-10T11:04:00,ENVIRONMENTAL MONITORING STATUTORY (EU DIRECTIVES),RIVER / RUNNING SURFACE WATER,0119,Ammonia un-ionised as N,0.0009,MILLIGRAM PER LITRE
https://environment.data.gov.uk/water-quality/sampling-point/TH-PTHR0082/sample/1369557/observation/0162,TH-PTHR0082,THAMES AT COOKHAM BRIDGE,-0.7059,51.5621,Thames,THAMES - WEST THAMES,L&W NORTH - WT,OPEN,FRESHWATER - RIVERS,2021-12-10T11:04:00,ENVIRONMENTAL MONITORING STATUTORY (EU DIRECTIVES),RIVER / RUNNING SURFACE WATER,0162,Alkalinity to pH 4.5 as CaCO3,220,MILLIGRAM PER LITRE
https://environment.data.gov.uk/water-quality/sampling-point/TH-PTHR0082/sample/1369557/observation/0180,TH-PTHR0082,THAMES AT COOKHAM BRIDGE,-0.7059,51.5621,Thames,THAMES - WEST THAMES,L&W NORTH - WT,OPEN,FRESHWATER - RIVERS,2021-12-10T11:04:00,ENVIRONMENTAL MONITORING STATUTORY (EU DIRECTIVES),RIVER / RUNNING SURFACE WATER,0180,"Orthophosphate, reactive as P",0.19,MILLIGRAM PER LITRE
https://environment.data.gov.uk/water-quality/sampling-point/TH-PTHR0082/sample/1369557/observation/9901,TH-PTHR0082,THAMES AT COOKHAM BRIDGE,-0.7059,51.5621,Thames,THAMES - WEST THAMES,L&W NORTH - WT,OPEN,FRESHWATER - RIVERS,2021-12-10T11:04:00,ENVIRONMENTAL MONITORING STATUTORY (EU DIRECTIVES),RIVER / RUNNING SURFACE WATER,9901,"Oxygen, Dissolved, % Saturation",99.3,PERCENTAGE
https://environment.data.gov.uk/water-quality/sampling-point/TH-PTHR0082/sample/1369557/observation/9924,TH-PTHR0082,THAMES AT COOKHAM BRIDGE,-0.7059,51.5621,Thames,THAMES - WEST THAMES,L&W NORTH - WT,OPEN,FRESHWATER - RIVERS,2021-12-10T11:04:00,ENVIRONMENTAL MONITORING STATUTORY (EU DIRECTIVES),RIVER / RUNNING SURFACE WATER,9924,"Oxygen, Dissolved as O2",12.6,MILLIGRAM PER LITRE
https://environment.data.gov.uk/water-quality/sampling-point/TH-PTHR0088/sample/1349332/observation/0061,TH-PTHR0088,THAMES AT HENLEY BRIDGE,-0.901,51.5391,Thames,THAMES - WEST THAMES,L&W NORTH - WT,OPEN,FRESHWATER - RIVERS,2021-05-05T13:14:00,STATUTORY FAILURES (FOLLOW UPS AT NON-DESIGNATED POINTS),RIVER / RUNNING SURFACE WATER,0061,pH,8.48,PH UNITS
https://environment.data.gov.uk/water-quality/sampling-point/TH-PTHR0088/sample/1349332/observation/0076,TH-PTHR0088,THAMES AT HENLEY BRIDGE,-0.901,51.5391,Thames,THAMES - WEST THAMES,L&W NORTH - WT,OPEN,FRESHWATER - RIVERS,2021-05-05T13:14:00,STATUTORY FAILURES (FOLLOW UPS AT NON-DESIGNATED POINTS),RIVER / RUNNING SURFACE WATER,0076,Temperature of Water,11.1,CELSIUS
https://environment.data.gov.uk/water-quality/sampling-point/TH-PTHR0088/sample/1349332/observation/0077,TH-PTHR0088,THAMES AT HENLEY BRIDGE,-0.901,51.5391,Thames,THAMES - WEST THAMES,L&W NORTH - WT,OPEN,FRESHWATER - RIVERS,2021-05-05T13:14:00,STATUTORY FAILURES (FOLLOW UPS AT NON-DESIGNATED POINTS),RIVER / RUNNING SURFACE WATER,0077,Conductivity at 25 C,655,MICROSIEMENS PER CENTIMETRE
https://environment.data.gov.uk/water-quality/sampling-point/TH-PTHR0088/sample/1349332/observation/0111,TH-PTHR0088,THAMES AT HENLEY BRIDGE,-0.901,51.5391,Thames,THAMES - WEST THAMES,L&W NORTH - WT,OPEN,FRESHWATER - RIVERS,2021-05-05T13:14:00,STATUTORY FAILURES (FOLLOW UPS AT NON-DESIGNATED POINTS),RIVER / RUNNING SURFACE WATER,0111,Ammoniacal Nitrogen as N,<0.03,MILLIGRAM PER LITRE
https://environment.data.gov.uk/water-quality/sampling-point/TH-PTHR0088/sample/1349332/observation/0116,TH-PTHR0088,THAMES AT HENLEY BRIDGE,-0.901,51.5391,Thames,THAMES - WEST THAMES,L&W NORTH - WT,OPEN,FRESHWATER - RIVERS,2021-05-05T13:14:00,STATUTORY FAILURES (FOLLOW UPS AT NON-DESIGNATED POINTS),RIVER / RUNNING SURFACE WATER,0116,"Nitrogen, Total Oxidised as N",7.6,MILLIGRAM PER LITRE
https://environment.data.gov.uk/water-quality/sampling-point/TH-PTHR0088/sample/1349332/observation/0117,TH-PTHR0088,THAMES AT HENLEY BRIDGE,-0.901,51.5391,Thames,THAMES - WEST THAMES,L&W NORTH - WT,OPEN,FRESHWATER - RIVERS,2021-05-05T13:14:00,STATUTORY FAILURES (FOLLOW UPS AT NON-DESIGNATED POINTS),RIVER / RUNNING SURFACE WATER,0117,Nitrate as N,7.58,MILLIGRAM PER LITRE
https://environment.data.gov.uk/water-quality/sampling-point/TH-PTHR0088/sample/1349332/observation/0118,TH-PTHR0088,THAMES AT HENLEY BRIDGE,-0.901,51.5391,Thames,THAMES - WEST THAMES,L&W NORTH - WT,OPEN,FRESHWATER - RIVERS,2021-05-05T13:14:00,STATUTORY FAILURES (FOLLOW UPS AT NON-DESIGNATED POINTS),RIVER / RUNNING SURFACE WATER,0118,Nitrite as N,0.023,MILLIGRAM PER LITRE
https://environment.data.gov.uk/water-quality/sampling-point/TH-PTHR0088/sample/1349332/observation/0119,TH-PTHR0088,THAMES AT HENLEY BRIDGE,-0.901,51.5391,Thames,THAMES - WEST THAMES,L&W NORTH - WT,OPEN,FRESHWATER - RIVERS,2021-05-05T13:14:00,STATUTORY FAILURES (FOLLOW UPS AT NON-DESIGNATED POINTS),RIVER / RUNNING SURFACE WATER,0119,Ammonia un-ionised as N,<0.00059,MILLIGRAM PER LITRE
https://environment.data.gov.uk/water-quality/sampling-point/TH-PTHR0088/sample/1349332/observation/0162,TH-PTHR0088,THAMES AT HENLEY BRIDGE,-0.901,51.5391,Thames,THAMES - WEST THAMES,L&W NORTH - WT,OPEN,FRESHWATER - RIVERS,2021-05-05T13:14:00,STATUTORY FAILURES (FOLLOW UPS AT NON-DESIGNATED POINTS),RIVER / RUNNING SURFACE WATER,0162,Alkalinity to pH 4.5 as CaCO3,210,MILLIGRAM PER LITRE
https://environment.data.gov.uk/water-quality/sampling-point/TH-PTHR0088/sample/1349332/observation/0180,TH-PTHR0088,THAMES AT HENLEY BRIDGE,-0.901,51.5391,Thames,THAMES - WEST THAMES,L&W NORTH - WT,OPEN,FRESHWATER - RIVERS,2021-05-05T13:14:00,STATUTORY FAILURES (FOLLOW UPS AT NON-DESIGNATED POINTS),RIVER / RUNNING SURFACE WATER,0180,"Orthophosphate, reactive as P",0.06,MILLIGRAM PER LITRE
https://environment.data.gov.uk/water-quality/sampling-point/TH-PTHR0088/sample/1349332/observation/9901,TH-PTHR0088,THAMES AT HENLEY BRIDGE,-0.901,51.5391,Thames,THAMES - WEST THAMES,L&W NORTH - WT,OPEN,FRESHWATER - RIVERS,2021-05-05T13:14:00,STATUTORY FAILURES (FOLLOW UPS AT NON-DESIGNATED POINTS),RIVER / RUNNING SURFACE WATER,9901,"Oxygen, Dissolved, % Saturation",112.8,PERCENTAGE
https://environment.data.gov.uk/water-quality/sampling-point/TH-PTHR0088/sample/1349332/observation/9924,TH-PTHR0088,THAMES AT HENLEY BRIDGE,-0.901,51.5391,Thames,THAMES - WEST THAMES,L&W NORTH - WT,OPEN,FRESHWATER - RIVERS,2021-05-05T13:14:00,STATUTORY FAILURES (FOLLOW UPS AT NON-DESIGNATED POINTS),RIVER / RUNNING SURFACE WATER,9924,"Oxygen, Dissolved as O2",12.4,MILLIGRAM PER LITRE
https://environment.data.gov.uk/water-quality/sampling-point/TH-PTHR0088/sample/1354912/observation/0061,TH-PTHR0088,THAMES AT HENLEY BRIDGE,-0.901,51.5391,Thames,THAMES - WEST THAMES,L&W NORTH - WT,OPEN,FRESHWATER - RIVERS,2021-06-01T08:57:00,STATUTORY FAILURES (FOLLOW UPS AT NON-DESIGNATED POINTS),RIVER / RUNNING SURFACE WATER,0061,pH,8.23,PH UNITS
https://environment.data.gov.uk/water-quality/sampling-point/TH-PTHR0088/sample/1354912/observation/0076,TH-PTHR0088,THAMES AT HENLEY BRIDGE,-0.901,51.5391,Thames,THAMES - WEST THAMES,L&W NORTH - WT,OPEN,FRESHWATER - RIVERS,2021-06-01T08:57:00,STATUTORY FAILURES (FOLLOW UPS AT NON-DESIGNATED POINTS),RIVER / RUNNING SURFACE WATER,0076,Temperature of Water,16.3,CELSIUS
https://environment.data.gov.uk/water-quality/sampling-point/TH-PTHR0088/sample/1354912/observation/0077,TH-PTHR0088,THAMES AT HENLEY BRIDGE,-0.901,51.5391,Thames,THAMES - WEST THAMES,L&W NORTH - WT,OPEN,FRESHWATER - RIVERS,2021-06-01T08:57:00,STATUTORY FAILURES (FOLLOW UPS AT NON-DESIGNATED POINTS),RIVER / RUNNING SURFACE WATER,0077,Conductivity at 25 C,650,MICROSIEMENS PER CENTIMETRE
https://environment.data.gov.uk/water-quality/sampling-point/TH-PTHR0088/sample/1354912/observation/0111,TH-PTHR0088,THAMES AT HENLEY BRIDGE,-0.901,51.5391,Thames,THAMES - WEST THAMES,L&W NORTH - WT,OPEN,FRESHWATER - RIVERS,2021-06-01T08:57:00,STATUTORY FAILURES (FOLLOW UPS AT NON-DESIGNATED POINTS),RIVER / RUNNING SURFACE WATER,0111,Ammoniacal Nitrogen as N,0.041,MILLIGRAM PER LITRE
https://environment.data.gov.uk/water-quality/sampling-point/TH-PTHR0088/sample/1354912/observation/0116,TH-PTHR0088,THAMES AT HENLEY BRIDGE,-0.901,51.5391,Thames,THAMES - WEST THAMES,L&W NORTH - WT,OPEN,FRESHWATER - RIVERS,2021-06-01T08:57:00,STATUTORY FAILURES (FOLLOW UPS AT NON-DESIGNATED POINTS),RIVER / RUNNING SURFACE WATER,0116,"Nitrogen, Total Oxidised as N",6.5,MILLIGRAM PER LITRE
https://environment.data.gov.uk/water-quality/sampling-point/TH-PTHR0088/sample/1354912/observation/0117,TH-PTHR0088,THAMES AT HENLEY BRIDGE,-0.901,51.5391,Thames,THAMES - WEST THAMES,L&W NORTH - WT,OPEN,FRESHWATER - RIVERS,2021-06-01T08:57:00,STATUTORY FAILURES (FOLLOW UPS AT NON-DESIGNATED POINTS),RIVER / RUNNING SURFACE WATER,0117,Nitrate as N,6.48,MILLIGRAM PER LITRE
https://environment.data.gov.uk/water-quality/sampling-point/TH-PTHR0088/sample/1354912/observation/0118,TH-PTHR0088,THAMES AT HENLEY BRIDGE,-0.901,51.5391,Thames,THAMES - WEST THAMES,L&W NORTH - WT,OPEN,FRESHWATER - RIVERS,2021-06-01T08:57:00,STATUTORY FAILURES (FOLLOW UPS AT NON-DESIGNATED POINTS),RIVER / RUNNING SURFACE WATER,0118,Nitrite as N,0.025,MILLIGRAM PER LITRE
https://environment.data.gov.uk/water-quality/sampling-point/TH-PTHR0088/sample/1354912/observation/0119,TH-PTHR0088,THAMES AT HENLEY BRIDGE,-0.901,51.5391,Thames,THAMES - WEST THAMES,L&W NORTH - WT,OPEN,FRESHWATER - RIVERS,2021-06-01T08:57:00,STATUTORY FAILURES (FOLLOW UPS AT NON-DESIGNATED POINTS),RIVER / RUNNING SURFACE WATER,0119,Ammonia un-ionised as N,0.00118,MILLIGRAM PER LITRE
https://environment.data.gov.uk/water-quality/sampling-point/TH-PTHR0088/sample/1354912/observation/0162,TH-PTHR0088,THAMES AT HENLEY BRIDGE,-0.901,51.5391,Thames,THAMES - WEST THAMES,L&W NORTH - WT,OPEN,FRESHWATER - RIVERS,2021-06-01T08:57:00,STATUTORY FAILURES (FOLLOW UPS AT NON-DESIGNATED POINTS),RIVER / RUNNING SURFACE WATER,0162,Alkalinity to pH 4.5 as CaCO3,220,MILLIGRAM PER LITRE
https://environment.data.gov.uk/water-quality/sampling-point/TH-PTHR0088/sample/1354912/observation/0180,TH-PTHR0088,THAMES AT HENLEY BRIDGE,-0.901,51.5391,Thames,THAMES - WEST THAMES,L&W NORTH - WT,OPEN,FRESHWATER - RIVERS,2021-06-01T08:57:00,STATUTORY FAILURES (FOLLOW UPS AT NON-DESIGNATED POINTS),RIVER / RUNNING SURFACE WATER,0180,"Orthophosphate, reactive as P",0.11,MILLIGRAM PER LITRE
https://environment.data.gov.uk/water-quality/sampling-point/TH-PTHR0088/sample/1354912/observation/9901,TH-PTHR0088,THAMES AT HENLEY BRIDGE,-0.901,51.5391,Thames,THAMES - WEST THAMES,L&W NORTH - WT,OPEN,FRESHWATER - RIVERS,2021-06-01T08:57:00,STATUTORY FAILURES (FOLLOW UPS AT NON-DESIGNATED POINTS),RIVER / RUNNING SURFACE WATER,9901,"Oxygen, Dissolved, % Saturation",98.9,PERCENTAGE
https://environment.data.gov.uk/water-quality/sampling-point/TH-PTHR0088/sample/1354912/observation/9924,TH-PTHR0088,THAMES AT HENLEY BRIDGE,-0.901,51.5391,Thames,THAMES - WEST THAMES,L&W NORTH - WT,OPEN,FRESHWATER - RIVERS,2021-06-01T08:57:00,STATUTORY FAILURES (FOLLOW UPS AT NON-DESIGNATED POINTS),RIVER / RUNNING SURFACE WATER,9924,"Oxygen, Dissolved as O2",9.67,MILLIGRAM PER LITRE
https://environment.data.gov.uk/water-quality/sampling-point/TH-PTHR0088/sample/1359948/observation/0061,TH-PTHR0088,THAMES AT HENLEY BRIDGE,-0.901,51.5391,Thames,THAMES - WEST THAMES,L&W NORTH - WT,OPEN,FRESHWATER - RIVERS,2021-07-06T11:02:00,STATUTORY FAILURES (FOLLOW UPS AT NON-DESIGNATED POINTS),RIVER / RUNNING SURFACE WATER,0061,pH,8.07,PH UNITS
https://environment.data.gov.uk/water-quality/sampling-point/TH-PTHR0088/sample/1359948/observation/0076,TH-PTHR0088,THAMES AT HENLEY BRIDGE,-0.901,51.5391,Thames,THAMES - WEST THAMES,L&W NORTH - WT,OPEN,FRESHWATER - RIVERS,2021-07-06T11:02:00,STATUTORY FAILURES (FOLLOW UPS AT NON-DESIGNATED POINTS),RIVER / RUNNING SURFACE WATER,0076,Temperature of Water,17.9,CELSIUS
https://environment.data.gov.uk/water-quality/sampling-point/TH-PTHR0088/sample/1359948/observation/0077,TH-PTHR0088,THAMES AT HENLEY BRIDGE,-0.901,51.5391,Thames,THAMES - WEST THAMES,L&W NORTH - WT,OPEN,FRESHWATER - RIVERS,2021-07-06T11:02:00,STATUTORY FAILURES (FOLLOW UPS AT NON-DESIGNATED POINTS),RIVER / RUNNING SURFACE WATER,0077,Conductivity at 25 C,662,MICROSIEMENS PER CENTIMETRE
https://environment.data.gov.uk/water-quality/sampling-point/TH-PTHR0088/sample/1359948/observation/0111,TH-PTHR0088,THAMES AT HENLEY BRIDGE,-0.901,51.5391,Thames,THAMES - WEST THAMES,L&W NORTH - WT,OPEN,FRESHWATER - RIVERS,2021-07-06T11:02:00,STATUTORY FAILURES (FOLLOW UPS AT NON-DESIGNATED POINTS),RIVER / RUNNING SURFACE WATER,0111,Ammoniacal Nitrogen as N,0.061,MILLIGRAM PER LITRE
https://environment.data.gov.uk/water-quality/sampling-point/TH-PTHR0088/sample/1359948/observation/0116,TH-PTHR0088,THAMES AT HENLEY BRIDGE,-0.901,51.5391,Thames,THAMES - WEST THAMES,L&W NORTH - WT,OPEN,FRESHWATER - RIVERS,2021-07-06T11:02:00,STATUTORY FAILURES (FOLLOW UPS AT NON-DESIGNATED POINTS),RIVER / RUNNING SURFACE WATER,0116,"Nitrogen, Total Oxidised as N",6.6,MILLIGRAM PER LITRE
https://environment.data.gov.uk/water-quality/sampling-point/TH-PTHR0088/sample/1359948/observation/0117,TH-PTHR0088,THAMES AT HENLEY BRIDGE,-0.901,51.5391,Thames,THAMES - WEST THAMES,L&W NORTH - WT,OPEN,FRESHWATER - RIVERS,2021-07-06T11:02:00,STATUTORY FAILURES (FOLLOW UPS AT NON-DESIGNATED POINTS),RIVER / RUNNING SURFACE WATER,0117,Nitrate as N,6.57,MILLIGRAM PER LITRE
https://environment.data.gov.uk/water-quality/sampling-point/TH-PTHR0088/sample/1359948/observation/0118,TH-PTHR0088,THAMES AT HENLEY BRIDGE,-0.901,51.5391,Thames,THAMES - WEST THAMES,L&W NORTH - WT,OPEN,FRESHWATER - RIVERS,2021-07-06T11:02:00,STATUTORY FAILURES (FOLLOW UPS AT NON-DESIGNATED POINTS),RIVER / RUNNING SURFACE WATER,0118,Nitrite as N,0.027,MILLIGRAM PER LITRE
https://environment.data.gov.uk/water-quality/sampling-point/TH-PTHR0088/sample/1359948/observation/0119,TH-PTHR0088,THAMES AT HENLEY BRIDGE,-0.901,51.5391,Thames,THAMES - WEST THAMES,L&W NORTH - WT,OPEN,FRESHWATER - RIVERS,2021-07-06T11:02:00,STATUTORY FAILURES (FOLLOW UPS AT NON-DESIGNATED POINTS),RIVER / RUNNING SURFACE WATER,0119,Ammonia un-ionised as N,0.00198,MILLIGRAM PER LITRE
https://environment.data.gov.uk/water-quality/sampling-point/TH-PTHR0088/sample/1359948/observation/0162,TH-PTHR0088,THAMES AT HENLEY BRIDGE,-0.901,51.5391,Thames,THAMES - WEST THAMES,L&W NORTH - WT,OPEN,FRESHWATER - RIVERS,2021-07-06T11:02:00,STATUTORY FAILURES (FOLLOW UPS AT NON-DESIGNATED POINTS),RIVER / RUNNING SURFACE WATER,0162,Alkalinity to pH 4.5 as CaCO3,220,MILLIGRAM PER LITRE
https://environment.data.gov.uk/water-quality/sampling-point/TH-PTHR0088/sample/1359948/observation/0180,TH-PTHR0088,THAMES AT HENLEY BRIDGE,-0.901,51.5391,Thames,THAMES - WEST THAMES,L&W NORTH - WT,OPEN,FRESHWATER - RIVERS,2021-07-06T11:02:00,STATUTORY FAILURES (FOLLOW UPS AT NON-DESIGNATED POINTS),RIVER / RUNNING SURFACE WATER,0180,"Orthophosphate, reactive as P",0.16,MILLIGRAM PER LITRE
https://environment.data.gov.uk/water-quality/sampling-point/TH-PTHR0088/sample/1359948/observation/9901,TH-PTHR0088,THAMES AT HENLEY BRIDGE,-0.901,51.5391,Thames,THAMES - WEST THAMES,L&W NORTH - WT,OPEN,FRESHWATER - RIVERS,2021-07-06T11:02:00,STATUTORY FAILURES (FOLLOW UPS AT NON-DESIGNATED POINTS),RIVER / RUNNING SURFACE WATER,9901,"Oxygen, Dissolved, % Saturation",102.3,PERCENTAGE
https://environment.data.gov.uk/water-quality/sampling-point/TH-PTHR0088/sample/1359948/observation/9924,TH-PTHR0088,THAMES AT HENLEY BRIDGE,-0.901,51.5391,Thames,THAMES - WEST THAMES,L&W NORTH - WT,OPEN,FRESHWATER - RIVERS,2021-07-06T11:02:00,STATUTORY FAILURES (FOLLOW UPS AT NON-DESIGNATED POINTS),RIVER / RUNNING SURFACE WATER,9924,"Oxygen, Dissolved as O2",9.68,MILLIGRAM PER LITRE
https://environment.data.gov.uk/water-quality/sampling-point/TH-PTHR0088/sample/1361224/observation/0061,TH-PTHR0088,THAMES AT HENLEY BRIDGE,-0.901,51.5391,Thames,THAMES - WEST THAMES,L&W NORTH - WT,OPEN,FRESHWATER - RIVERS,2021-08-04T17:13:00,STATUTORY FAILURES (FOLLOW UPS AT NON-DESIGNATED POINTS),RIVER / RUNNING SURFACE WATER,0061,pH,8.1,PH UNITS
https://environment.data.gov.uk/water-quality/sampling-point/TH-PTHR0088/sample/1361224/observation/0076,TH-PTHR0088,THAMES AT HENLEY BRIDGE,-0.901,51.5391,Thames,THAMES - WEST THAMES,L&W NORTH - WT,OPEN,FRESHWATER - RIVERS,2021-08-04T17:13:00,STATUTORY FAILURES (FOLLOW UPS AT NON-DESIGNATED POINTS),RIVER / RUNNING SURFACE WATER,0076,Temperature of Water,20,CELSIUS
https://environment.data.gov.uk/water-quality/sampling-point/TH-PTHR0088/sample/1361224/observation/0077,TH-PTHR0088,THAMES AT HENLEY BRIDGE,-0.901,51.5391,Thames,THAMES - WEST THAMES,L&W NORTH - WT,OPEN,FRESHWATER - RIVERS,2021-08-04T17:13:00,STATUTORY FAILURES (FOLLOW UPS AT NON-DESIGNATED POINTS),RIVER / RUNNING SURFACE WATER,0077,Conductivity at 25 C,678,MICROSIEMENS PER CENTIMETRE
https://environment.data.gov.uk/water-quality/sampling-point/TH-PTHR0088/sample/1361224/observation/0111,TH-PTHR0088,THAMES AT HENLEY BRIDGE,-0.901,51.5391,Thames,THAMES - WEST THAMES,L&W NORTH - WT,OPEN,FRESHWATER - RIVERS,2021-08-04T17:13:00,STATUTORY FAILURES (FOLLOW UPS AT NON-DESIGNATED POINTS),RIVER / RUNNING SURFACE WATER,0111,Ammoniacal Nitrogen as N,<0.03,MILLIGRAM PER LITRE
https://environment.data.gov.uk/water-quality/sampling-point/TH-PTHR0088/sample/1361224/observation/0116,TH-PTHR0088,THAMES AT HENLEY BRIDGE,-0.901,51.5391,Thames,THAMES - WEST THAMES,L&W NORTH - WT,OPEN,FRESHWATER - RIVERS,2021-08-04T17:13:00,STATUTORY FAILURES (FOLLOW UPS AT NON-DESIGNATED POINTS),RIVER / RUNNING SURFACE WATER,0116,"Nitrogen, Total Oxidised as N",6.8,MILLIGRAM PER LITRE
https://environment.data.gov.uk/water-quality/sampling-point/TH-PTHR0088/sample/1361224/observation/0117,TH-PTHR0088,THAMES AT HENLEY BRIDGE,-0.901,51.5391,Thames,THAMES - WEST THAMES,L&W NORTH - WT,OPEN,FRESHWATER - RIVERS,2021-08-04T17:13:00,STATUTORY FAILURES (FOLLOW UPS AT NON-DESIGNATED POINTS),RIVER / RUNNING SURFACE WATER,0117,Nitrate as N,6.78,MILLIGRAM PER LITRE
https://environment.data.gov.uk/water-quality/sampling-point/TH-PTHR0088/sample/1361224/observation/0118,TH-PTHR0088,THAMES AT HENLEY BRIDGE,-0.901,51.5391,Thames,THAMES - WEST THAMES,L&W NORTH - WT,OPEN,FRESHWATER - RIVERS,2021-08-04T17:13:00,STATUTORY FAILURES (FOLLOW UPS AT NON-DESIGNATED POINTS),RIVER / RUNNING SURFACE WATER,0118,Nitrite as N,0.019,MILLIGRAM PER LITRE
https://environment.data.gov.uk/water-quality/sampling-point/TH-PTHR0088/sample/1361224/observation/0119,TH-PTHR0088,THAMES AT HENLEY BRIDGE,-0.901,51.5391,Thames,THAMES - WEST THAMES,L&W NORTH - WT,OPEN,FRESHWATER - RIVERS,2021-08-04T17:13:00,STATUTORY FAILURES (FOLLOW UPS AT NON-DESIGNATED POINTS),RIVER / RUNNING SURFACE WATER,0119,Ammonia un-ionised as N,<0.00113,MILLIGRAM PER LITRE
https://environment.data.gov.uk/water-quality/sampling-point/TH-PTHR0088/sample/1361224/observation/0162,TH-PTHR0088,THAMES AT HENLEY BRIDGE,-0.901,51.5391,Thames,THAMES - WEST THAMES,L&W NORTH - WT,OPEN,FRESHWATER - RIVERS,2021-08-04T17:13:00,STATUTORY FAILURES (FOLLOW UPS AT NON-DESIGNATED POINTS),RIVER / RUNNING SURFACE WATER,0162,Alkalinity to pH 4.5 as CaCO3,220,MILLIGRAM PER LITRE
https://environment.data.gov.uk/water-quality/sampling-point/TH-PTHR0088/sample/1361224/observation/0180,TH-PTHR0088,THAMES AT HENLEY BRIDGE,-0.901,51.5391,Thames,THAMES - WEST THAMES,L&W NORTH - WT,OPEN,FRESHWATER - RIVERS,2021-08-04T17:13:00,STATUTORY FAILURES (FOLLOW UPS AT NON-DESIGNATED POINTS),RIVER / RUNNING SURFACE WATER,0180,"Orthophosphate, reactive as P",0.19,MILLIGRAM PER LITRE
https://environment.data.gov.uk/water-quality/sampling-point/TH-PTHR0088/sample/1361224/observation/9901,TH-PTHR0088,THAMES AT HENLEY BRIDGE,-0.901,51.5391,Thames,THAMES - WEST THAMES,L&W NORTH - WT,OPEN,FRESHWATER - RIVERS,2021-08-04T17:13:00,STATUTORY FAILURES (FOLLOW UPS AT NON-DESIGNATED POINTS),RIVER / RUNNING SURFACE WATER,9901,"Oxygen, Dissolved, % Saturation",106.1,PERCENTAGE
https://environment.data.gov.uk/water-quality/sampling-point/TH-PTHR0088/sample/1361224/observation/9924,TH-PTHR0088,THAMES AT HENLEY BRIDGE,-0.901,51.5391,Thames,THAMES - WEST THAMES,L&W NORTH - WT,OPEN,FRESHWATER - RIVERS,2021-08-04T17:13:00,STATUTORY FAILURES (FOLLOW UPS AT NON-DESIGNATED POINTS),RIVER / RUNNING SURFACE WATER,9924,"Oxygen, Dissolved as O2",9.62,MILLIGRAM PER LITRE
https://environment.data.gov.uk/water-quality/sampling-point/TH-RSN0082/sample/1341835/observation/0061,TH-RSN0082,RSN0082 DS TEMPLE MILL ISLAND,-0.7874,51.554,Thames,THAMES - WEST THAMES,L&W NORTH - WT,OPEN,FRESHWATER - RIVERS,2021-01-26T16:15:00,MONITORING  (NATIONAL AGENCY POLICY),RIVER / RUNNING SURFACE WATER,0061,pH,8.13,PH UNITS
https://environment.data.gov.uk/water-quality/sampling-point/TH-RSN0082/sample/1341835/observation/0076,TH-RSN0082,RSN0082 DS TEMPLE MILL ISLAND,-0.7874,51.554,Thames,THAMES - WEST THAMES,L&W NORTH - WT,OPEN,FRESHWATER - RIVERS,2021-01-26T16:15:00,MONITORING  (NATIONAL AGENCY POLICY),RIVER / RUNNING SURFACE WATER,0076,Temperature of Water,3.2,CELSIUS
https://environment.data.gov.uk/water-quality/sampling-point/TH-RSN0082/sample/1341835/observation/0077,TH-RSN0082,RSN0082 DS TEMPLE MILL ISLAND,-0.7874,51.554,Thames,THAMES - WEST THAMES,L&W NORTH - WT,OPEN,FRESHWATER - RIVERS,2021-01-26T16:15:00,MONITORING  (NATIONAL AGENCY POLICY),RIVER / RUNNING SURFACE WATER,0077,Conductivity at 25 C,599,MICROSIEMENS PER CENTIMETRE
https://environment.data.gov.uk/water-quality/sampling-point/TH-RSN0082/sample/1341835/observation/0111,TH-RSN0082,RSN0082 DS TEMPLE MILL ISLAND,-0.7874,51.554,Thames,THAMES - WEST THAMES,L&W NORTH - WT,OPEN,FRESHWATER - RIVERS,2021-01-26T16:15:00,MONITORING  (NATIONAL AGENCY POLICY),RIVER / RUNNING SURFACE WATER,0111,Ammoniacal Nitrogen as N,0.06,MILLIGRAM PER LITRE
https://environment.data.gov.uk/water-quality/sampling-point/TH-RSN0082/sample/1341835/observation/0116,TH-RSN0082,RSN0082 DS TEMPLE MILL ISLAND,-0.7874,51.554,Thames,THAMES - WEST THAMES,L&W NORTH - WT,OPEN,FRESHWATER - RIVERS,2021-01-26T16:15:00,MONITORING  (NATIONAL AGENCY POLICY),RIVER / RUNNING SURFACE WATER,0116,"Nitrogen, Total Oxidised as N",6,MILLIGRAM PER LITRE
https://environment.data.gov.uk/water-quality/sampling-point/TH-RSN0082/sample/1341835/observation/0117,TH-RSN0082,RSN0082 DS TEMPLE MILL ISLAND,-0.7874,51.554,Thames,THAMES - WEST THAMES,L&W NORTH - WT,OPEN,FRESHWATER - RIVERS,2021-01-26T16:15:00,MONITORING  (NATIONAL AGENCY POLICY),RIVER / RUNNING SURFACE WATER,0117,Nitrate as N,5.98,MILLIGRAM PER LITRE
https://environment.data.gov.uk/water-quality/sampling-point/TH-RSN0082/sample/1341835/observation/0118,TH-RSN0082,RSN0082 DS TEMPLE MILL ISLAND,-0.7874,51.554,Thames,THAMES - WEST THAMES,L&W NORTH - WT,OPEN,FRESHWATER - RIVERS,2021-01-26T16:15:00,MONITORING  (NATIONAL AGENCY POLICY),RIVER / RUNNING SURFACE WATER,0118,Nitrite as N,0.022,MILLIGRAM PER LITRE
https://environment.data.gov.uk/water-quality/sampling-point/TH-RSN0082/sample/1341835/observation/0119,TH-RSN0082,RSN0082 DS TEMPLE MILL ISLAND,-0.7874,51.554,Thames,THAMES - WEST THAMES,L&W NORTH - WT,OPEN,FRESHWATER - RIVERS,2021-01-26T16:15:00,MONITORING  (NATIONAL AGENCY POLICY),RIVER / RUNNING SURFACE WATER,0119,Ammonia un-ionised as N,0.00066,MILLIGRAM PER LITRE
https://environment.data.gov.uk/water-quality/sampling-point/TH-RSN0082/sample/1341835/observation/0162,TH-RSN0082,RSN0082 DS TEMPLE MILL ISLAND,-0.7874,51.554,Thames,THAMES - WEST THAMES,L&W NORTH - WT,OPEN,FRESHWATER - RIVERS,2021-01-26T16:15:00,MONITORING  (NATIONAL AGENCY POLICY),RIVER / RUNNING SURFACE WATER,0162,Alkalinity to pH 4.5 as CaCO3,210,MILLIGRAM PER LITRE
https://environment.data.gov.uk/water-quality/sampling-point/TH-RSN0082/sample/1341835/observation/0172,TH-RSN0082,RSN0082 DS TEMPLE MILL ISLAND,-0.7874,51.554,Thames,THAMES - WEST THAMES,L&W NORTH - WT,OPEN,FRESHWATER - RIVERS,2021-01-26T16:15:00,MONITORING  (NATIONAL AGENCY POLICY),RIVER / RUNNING SURFACE WATER,0172,Chloride,32,MILLIGRAM PER LITRE
https://environment.data.gov.uk/water-quality/sampling-point/TH-RSN0082/sample/1341835/observation/0180,TH-RSN0082,RSN0082 DS TEMPLE MILL ISLAND,-0.7874,51.554,Thames,THAMES - WEST THAMES,L&W NORTH - WT,OPEN,FRESHWATER - RIVERS,2021-01-26T16:15:00,MONITORING  (NATIONAL AGENCY POLICY),RIVER / RUNNING SURFACE WATER,0180,"Orthophosphate, reactive as P",0.085,MILLIGRAM PER LITRE
https://environment.data.gov.uk/water-quality/sampling-point/TH-RSN0082/sample/1341835/observation/0182,TH-RSN0082,RSN0082 DS TEMPLE MILL ISLAND,-0.7874,51.554,Thames,THAMES - WEST THAMES,L&W NORTH - WT,OPEN,FRESHWATER - RIVERS,2021-01-26T16:15:00,MONITORING  (NATIONAL AGENCY POLICY),RIVER / RUNNING SURFACE WATER,0182,"Silica, reactive as SiO2",10,MILLIGRAM PER LITRE
https://environment.data.gov.uk/water-quality/sampling-point/TH-RSN0082/sample/1341835/observation/0301,TH-RSN0082,RSN0082 DS TEMPLE MILL ISLAND,-0.7874,51.554,Thames,THAMES - WEST THAMES,L&W NORTH - WT,OPEN,FRESHWATER - RIVERS,2021-01-26T16:15:00,MONITORING  (NATIONAL AGENCY POLICY),RIVER / RUNNING SURFACE WATER,0301,"Carbon, Organic, Dissolved as C :- {DOC}",5.2,MILLIGRAM PER LITRE
https://environment.data.gov.uk/water-quality/sampling-point/TH-RSN0082/sample/1341835/observation/0348,TH-RSN0082,RSN0082 DS TEMPLE MILL ISLAND,-0.7874,51.554,Thames,THAMES - WEST THAMES,L&W NORTH - WT,OPEN,FRESHWATER - RIVERS,2021-01-26T16:15:00,MONITORING  (NATIONAL AGENCY POLICY),RIVER / RUNNING SURFACE WATER,0348,"Phosphorus, Total as P",0.14,MILLIGRAM PER LITRE
https://environment.data.gov.uk/water-quality/sampling-point/TH-RSN0082/sample/1341835/observation/9686,TH-RSN0082,RSN0082 DS TEMPLE MILL ISLAND,-0.7874,51.554,Thames,THAMES - WEST THAMES,L&W NORTH - WT,OPEN,FRESHWATER - RIVERS,2021-01-26T16:15:00,MONITORING  (NATIONAL AGENCY POLICY),RIVER / RUNNING SURFACE WATER,9686,"Nitrogen, Total as N",6.4,MILLIGRAM PER LITRE
https://environment.data.gov.uk/water-quality/sampling-point/TH-RSN0082/sample/1341835/observation/9901,TH-RSN0082,RSN0082 DS TEMPLE MILL ISLAND,-0.7874,51.554,Thames,THAMES - WEST THAMES,L&W NORTH - WT,OPEN,FRESHWATER - RIVERS,2021-01-26T16:15:00,MONITORING  (NATIONAL AGENCY POLICY),RIVER / RUNNING SURFACE WATER,9901,"Oxygen, Dissolved, % Saturation",100.2,PERCENTAGE
https://environment.data.gov.uk/water-quality/sampling-point/TH-RSN0082/sample/1341835/observation/9924,TH-RSN0082,RSN0082 DS TEMPLE MILL ISLAND,-0.7874,51.554,Thames,THAMES - WEST THAMES,L&W NORTH - WT,OPEN,FRESHWATER - RIVERS,2021-01-26T16:15:00,MONITORING  (NATIONAL AGENCY POLICY),RIVER / RUNNING SURFACE WATER,9924,"Oxygen, Dissolved as O2",13.4,MILLIGRAM PER LITRE
https://environment.data.gov.uk/water-quality/sampling-point/TH-RSN0082/sample/1342342/observation/0061,TH-RSN0082,RSN0082 DS TEMPLE MILL ISLAND,-0.7874,51.554,Thames,THAMES - WEST THAMES,L&W NORTH - WT,OPEN,FRESHWATER - RIVERS,2021-02-11T11:50:00,MONITORING  (NATIONAL AGENCY POLICY),RIVER / RUNNING SURFACE WATER,0061,pH,8.23,PH UNITS
https://environment.data.gov.uk/water-quality/sampling-point/TH-RSN0082/sample/1342342/observation/0076,TH-RSN0082,RSN0082 DS TEMPLE MILL ISLAND,-0.7874,51.554,Thames,THAMES - WEST THAMES,L&W NORTH - WT,OPEN,FRESHWATER - RIVERS,2021-02-11T11:50:00,MONITORING  (NATIONAL AGENCY POLICY),RIVER / RUNNING SURFACE WATER,0076,Temperature of Water,1.9,CELSIUS
https://environment.data.gov.uk/water-quality/sampling-point/TH-RSN0082/sample/1342342/observation/0077,TH-RSN0082,RSN0082 DS TEMPLE MILL ISLAND,-0.7874,51.554,Thames,THAMES - WEST THAMES,L&W NORTH - WT,OPEN,FRESHWATER - RIVERS,2021-02-11T11:50:00,MONITORING  (NATIONAL AGENCY POLICY),RIVER / RUNNING SURFACE WATER,0077,Conductivity at 25 C,599,MICROSIEMENS PER CENTIMETRE
https://environment.data.gov.uk/water-quality/sampling-point/TH-RSN0082/sample/1342342/observation/0111,TH-RSN0082,RSN0082 DS TEMPLE MILL ISLAND,-0.7874,51.554,Thames,THAMES - WEST THAMES,L&W NORTH - WT,OPEN,FRESHWATER - RIVERS,2021-02-11T11:50:00,MONITORING  (NATIONAL AGENCY POLICY),RIVER / RUNNING SURFACE WATER,0111,Ammoniacal Nitrogen as N,0.044,MILLIGRAM PER LITRE
https://environment.data.gov.uk/water-quality/sampling-point/TH-RSN0082/sample/1342342/observation/0116,TH-RSN0082,RSN0082 DS TEMPLE MILL ISLAND,-0.7874,51.554,Thames,THAMES - WEST THAMES,L&W NORTH - WT,OPEN,FRESHWATER - RIVERS,2021-02-11T11:50:00,MONITORING  (NATIONAL AGENCY POLICY),RIVER / RUNNING SURFACE WATER,0116,"Nitrogen, Total Oxidised as N",6.1,MILLIGRAM PER LITRE
https://environment.data.gov.uk/water-quality/sampling-point/TH-RSN0082/sample/1342342/observation/0117,TH-RSN0082,RSN0082 DS TEMPLE MILL ISLAND,-0.7874,51.554,Thames,THAMES - WEST THAMES,L&W NORTH - WT,OPEN,FRESHWATER - RIVERS,2021-02-11T11:50:00,MONITORING  (NATIONAL AGENCY POLICY),RIVER / RUNNING SURFACE WATER,0117,Nitrate as N,6.08,MILLIGRAM PER LITRE
https://environment.data.gov.uk/water-quality/sampling-point/TH-RSN0082/sample/1342342/observation/0118,TH-RSN0082,RSN0082 DS TEMPLE MILL ISLAND,-0.7874,51.554,Thames,THAMES - WEST THAMES,L&W NORTH - WT,OPEN,FRESHWATER - RIVERS,2021-02-11T11:50:00,MONITORING  (NATIONAL AGENCY POLICY),RIVER / RUNNING SURFACE WATER,0118,Nitrite as N,0.022,MILLIGRAM PER LITRE
https://environment.data.gov.uk/water-quality/sampling-point/TH-RSN0082/sample/1342342/observation/0119,TH-RSN0082,RSN0082 DS TEMPLE MILL ISLAND,-0.7874,51.554,Thames,THAMES - WEST THAMES,L&W NORTH - WT,OPEN,FRESHWATER - RIVERS,2021-02-11T11:50:00,MONITORING  (NATIONAL AGENCY POLICY),RIVER / RUNNING SURFACE WATER,0119,Ammonia un-ionised as N,0.00044,MILLIGRAM PER LITRE
https://environment.data.gov.uk/water-quality/sampling-point/TH-RSN0082/sample/1342342/observation/0162,TH-RSN0082,RSN0082 DS TEMPLE MILL ISLAND,-0.7874,51.554,Thames,THAMES - WEST THAMES,L&W NORTH - WT,OPEN,FRESHWATER - RIVERS,2021-02-11T11:50:00,MONITORING  (NATIONAL AGENCY POLICY),RIVER / RUNNING SURFACE WATER,0162,Alkalinity to pH 4.5 as CaCO3,210,MILLIGRAM PER LITRE
https://environment.data.gov.uk/water-quality/sampling-point/TH-RSN0082/sample/1342342/observation/0172,TH-RSN0082,RSN0082 DS TEMPLE MILL ISLAND,-0.7874,51.554,Thames,THAMES - WEST THAMES,L&W NORTH - WT,OPEN,FRESHWATER - RIVERS,2021-02-11T11:50:00,MONITORING  (NATIONAL AGENCY POLICY),RIVER / RUNNING SURFACE WATER,0172,Chloride,27,MILLIGRAM PER LITRE
https://environment.data.gov.uk/water-quality/sampling-point/TH-RSN0082/sample/1342342/observation/0180,TH-RSN0082,RSN0082 DS TEMPLE MILL ISLAND,-0.7874,51.554,Thames,THAMES - WEST THAMES,L&W NORTH - WT,OPEN,FRESHWATER - RIVERS,2021-02-11T11:50:00,MONITORING  (NATIONAL AGENCY POLICY),RIVER / RUNNING SURFACE WATER,0180,"Orthophosphate, reactive as P",0.07,MILLIGRAM PER LITRE
https://environment.data.gov.uk/water-quality/sampling-point/TH-RSN0082/sample/1342342/observation/0182,TH-RSN0082,RSN0082 DS TEMPLE MILL ISLAND,-0.7874,51.554,Thames,THAMES - WEST THAMES,L&W NORTH - WT,OPEN,FRESHWATER - RIVERS,2021-02-11T11:50:00,MONITORING  (NATIONAL AGENCY POLICY),RIVER / RUNNING SURFACE WATER,0182,"Silica, reactive as SiO2",8.6,MILLIGRAM PER LITRE
https://environment.data.gov.uk/water-quality/sampling-point/TH-RSN0082/sample/1342342/observation/0301,TH-RSN0082,RSN0082 DS TEMPLE MILL ISLAND,-0.7874,51.554,Thames,THAMES - WEST THAMES,L&W NORTH - WT,OPEN,FRESHWATER - RIVERS,2021-02-11T11:50:00,MONITORING  (NATIONAL AGENCY POLICY),RIVER / RUNNING SURFACE WATER,0301,"Carbon, Organic, Dissolved as C :- {DOC}",4.5,MILLIGRAM PER LITRE
https://environment.data.gov.uk/water-quality/sampling-point/TH-RSN0082/sample/1342342/observation/0348,TH-RSN0082,RSN0082 DS TEMPLE MILL ISLAND,-0.7874,51.554,Thames,THAMES - WEST THAMES,L&W NORTH - WT,OPEN,FRESHWATER - RIVERS,2021-02-11T11:50:00,MONITORING  (NATIONAL AGENCY POLICY),RIVER / RUNNING SURFACE WATER,0348,"Phosphorus, Total as P",0.1,MILLIGRAM PER LITRE
https://environment.data.gov.uk/water-quality/sampling-point/TH-RSN0082/sample/1342342/observation/9686,TH-RSN0082,RSN0082 DS TEMPLE MILL ISLAND,-0.7874,51.554,Thames,THAMES - WEST THAMES,L&W NORTH - WT,OPEN,FRESHWATER - RIVERS,2021-02-11T11:50:00,MONITORING  (NATIONAL AGENCY POLICY),RIVER / RUNNING SURFACE WATER,9686,"Nitrogen, Total as N",6.6,MILLIGRAM PER LITRE
https://environment.data.gov.uk/water-quality/sampling-point/TH-RSN0082/sample/1342342/observation/9901,TH-RSN0082,RSN0082 DS TEMPLE MILL ISLAND,-0.7874,51.554,Thames,THAMES - WEST THAMES,L&W NORTH - WT,OPEN,FRESHWATER - RIVERS,2021-02-11T11:50:00,MONITORING  (NATIONAL AGENCY POLICY),RIVER / RUNNING SURFACE WATER,9901,"Oxygen, Dissolved, % Saturation",99,PERCENTAGE
https://environment.data.gov.uk/water-quality/sampling-point/TH-RSN0082/sample/1342342/observation/9924,TH-RSN0082,RSN0082 DS TEMPLE MILL ISLAND,-0.7874,51.554,Thames,THAMES - WEST THAMES,L&W NORTH - WT,OPEN,FRESHWATER - RIVERS,2021-02-11T11:50:00,MONITORING  (NATIONAL AGENCY POLICY),RIVER / RUNNING SURFACE WATER,9924,"Oxygen, Dissolved as O2",13.7,MILLIGRAM PER LITRE
https://environment.data.gov.uk/water-quality/sampling-point/TH-RSN0082/sample/1343090/observation/0061,TH-RSN0082,RSN0082 DS TEMPLE MILL ISLAND,-0.7874,51.554,Thames,THAMES - WEST THAMES,L&W NORTH - WT,OPEN,FRESHWATER - RIVERS,2021-03-09T12:48:00,MONITORING  (NATIONAL AGENCY POLICY),RIVER / RUNNING SURFACE WATER,0061,pH,8.24,PH UNITS
https://environment.data.gov.uk/water-quality/sampling-point/TH-RSN0082/sample/1343090/observation/0076,TH-RSN0082,RSN0082 DS TEMPLE MILL ISLAND,-0.7874,51.554,Thames,THAMES - WEST THAMES,L&W NORTH - WT,OPEN,FRESHWATER - RIVERS,2021-03-09T12:48:00,MONITORING  (NATIONAL AGENCY POLICY),RIVER / RUNNING SURFACE WATER,0076,Temperature of Water,8.1,CELSIUS
https://environment.data.gov.uk/water-quality/sampling-point/TH-RSN0082/sample/1343090/observation/0077,TH-RSN0082,RSN0082 DS TEMPLE MILL ISLAND,-0.7874,51.554,Thames,THAMES - WEST THAMES,L&W NORTH - WT,OPEN,FRESHWATER - RIVERS,2021-03-09T12:48:00,MONITORING  (NATIONAL AGENCY POLICY),RIVER / RUNNING SURFACE WATER,0077,Conductivity at 25 C,663,MICROSIEMENS PER CENTIMETRE
https://environment.data.gov.uk/water-quality/sampling-point/TH-RSN0082/sample/1343090/observation/0111,TH-RSN0082,RSN0082 DS TEMPLE MILL ISLAND,-0.7874,51.554,Thames,THAMES - WEST THAMES,L&W NORTH - WT,OPEN,FRESHWATER - RIVERS,2021-03-09T12:48:00,MONITORING  (NATIONAL AGENCY POLICY),RIVER / RUNNING SURFACE WATER,0111,Ammoniacal Nitrogen as N,0.044,MILLIGRAM PER LITRE
https://environment.data.gov.uk/water-quality/sampling-point/TH-RSN0082/sample/1343090/observation/0116,TH-RSN0082,RSN0082 DS TEMPLE MILL ISLAND,-0.7874,51.554,Thames,THAMES - WEST THAMES,L&W NORTH - WT,OPEN,FRESHWATER - RIVERS,2021-03-09T12:48:00,MONITORING  (NATIONAL AGENCY POLICY),RIVER / RUNNING SURFACE WATER,0116,"Nitrogen, Total Oxidised as N",7.8,MILLIGRAM PER LITRE
https://environment.data.gov.uk/water-quality/sampling-point/TH-RSN0082/sample/1343090/observation/0117,TH-RSN0082,RSN0082 DS TEMPLE MILL ISLAND,-0.7874,51.554,Thames,THAMES - WEST THAMES,L&W NORTH - WT,OPEN,FRESHWATER - RIVERS,2021-03-09T12:48:00,MONITORING  (NATIONAL AGENCY POLICY),RIVER / RUNNING SURFACE WATER,0117,Nitrate as N,7.78,MILLIGRAM PER LITRE
https://environment.data.gov.uk/water-quality/sampling-point/TH-RSN0082/sample/1343090/observation/0118,TH-RSN0082,RSN0082 DS TEMPLE MILL ISLAND,-0.7874,51.554,Thames,THAMES - WEST THAMES,L&W NORTH - WT,OPEN,FRESHWATER - RIVERS,2021-03-09T12:48:00,MONITORING  (NATIONAL AGENCY POLICY),RIVER / RUNNING SURFACE WATER,0118,Nitrite as N,0.02,MILLIGRAM PER LITRE
https://environment.data.gov.uk/water-quality/sampling-point/TH-RSN0082/sample/1343090/observation/0119,TH-RSN0082,RSN0082 DS TEMPLE MILL ISLAND,-0.7874,51.554,Thames,THAMES - WEST THAMES,L&W NORTH - WT,OPEN,FRESHWATER - RIVERS,2021-03-09T12:48:00,MONITORING  (NATIONAL AGENCY POLICY),RIVER / RUNNING SURFACE WATER,0119,Ammonia un-ionised as N,0.0007,MILLIGRAM PER LITRE
https://environment.data.gov.uk/water-quality/sampling-point/TH-RSN0082/sample/1343090/observation/0162,TH-RSN0082,RSN0082 DS TEMPLE MILL ISLAND,-0.7874,51.554,Thames,THAMES - WEST THAMES,L&W NORTH - WT,OPEN,FRESHWATER - RIVERS,2021-03-09T12:48:00,MONITORING  (NATIONAL AGENCY POLICY),RIVER / RUNNING SURFACE WATER,0162,Alkalinity to pH 4.5 as CaCO3,230,MILLIGRAM PER LITRE
https://environment.data.gov.uk/water-quality/sampling-point/TH-RSN0082/sample/1343090/observation/0172,TH-RSN0082,RSN0082 DS TEMPLE MILL ISLAND,-0.7874,51.554,Thames,THAMES - WEST THAMES,L&W NORTH - WT,OPEN,FRESHWATER - RIVERS,2021-03-09T12:48:00,MONITORING  (NATIONAL AGENCY POLICY),RIVER / RUNNING SURFACE WATER,0172,Chloride,32,MILLIGRAM PER LITRE
https://environment.data.gov.uk/water-quality/sampling-point/TH-RSN0082/sample/1343090/observation/0180,TH-RSN0082,RSN0082 DS TEMPLE MILL ISLAND,-0.7874,51.554,Thames,THAMES - WEST THAMES,L&W NORTH - WT,OPEN,FRESHWATER - RIVERS,2021-03-09T12:48:00,MONITORING  (NATIONAL AGENCY POLICY),RIVER / RUNNING SURFACE WATER,0180,"Orthophosphate, reactive as P",0.085,MILLIGRAM PER LITRE
https://environment.data.gov.uk/water-quality/sampling-point/TH-RSN0082/sample/1343090/observation/0182,TH-RSN0082,RSN0082 DS TEMPLE MILL ISLAND,-0.7874,51.554,Thames,THAMES - WEST THAMES,L&W NORTH - WT,OPEN,FRESHWATER - RIVERS,2021-03-09T12:48:00,MONITORING  (NATIONAL AGENCY POLICY),RIVER / RUNNING SURFACE WATER,0182,"Silica, reactive as SiO2",11,MILLIGRAM PER LITRE
https://environment.data.gov.uk/water-quality/sampling-point/TH-RSN0082/sample/1343090/observation/0301,TH-RSN0082,RSN0082 DS TEMPLE MILL ISLAND,-0.7874,51.554,Thames,THAMES - WEST THAMES,L&W NORTH - WT,OPEN,FRESHWATER - RIVERS,2021-03-09T12:48:00,MONITORING  (NATIONAL AGENCY POLICY),RIVER / RUNNING SURFACE WATER,0301,"Carbon, Organic, Dissolved as C :- {DOC}",2.8,MILLIGRAM PER LITRE
https://environment.data.gov.uk/water-quality/sampling-point/TH-RSN0082/sample/1343090/observation/0348,TH-RSN0082,RSN0082 DS TEMPLE MILL ISLAND,-0.7874,51.554,Thames,THAMES - WEST THAMES,L&W NORTH - WT,OPEN,FRESHWATER - RIVERS,2021-03-09T12:48:00,MONITORING  (NATIONAL AGENCY POLICY),RIVER / RUNNING SURFACE WATER,0348,"Phosphorus, Total as P",0.1,MILLIGRAM PER LITRE
https://environment.data.gov.uk/water-quality/sampling-point/TH-RSN0082/sample/1343090/observation/9686,TH-RSN0082,RSN0082 DS TEMPLE MILL ISLAND,-0.7874,51.554,Thames,THAMES - WEST THAMES,L&W NORTH - WT,OPEN,FRESHWATER - RIVERS,2021-03-09T12:48:00,MONITORING  (NATIONAL AGENCY POLICY),RIVER / RUNNING SURFACE WATER,9686,"Nitrogen, Total as N",7.8,MILLIGRAM PER LITRE
https://environment.data.gov.uk/water-quality/sampling-point/TH-RSN0082/sample/1343090/observation/9901,TH-RSN0082,RSN0082 DS TEMPLE MILL ISLAND,-0.7874,51.554,Thames,THAMES - WEST THAMES,L&W NORTH - WT,OPEN,FRESHWATER - RIVERS,2021-03-09T12:48:00,MONITORING  (NATIONAL AGENCY POLICY),RIVER / RUNNING SURFACE WATER,9901,"Oxygen, Dissolved, % Saturation",104.2,PERCENTAGE
https://environment.data.gov.uk/water-quality/sampling-point/TH-RSN0082/sample/1343090/observation/9924,TH-RSN0082,RSN0082 DS TEMPLE MILL ISLAND,-0.7874,51.554,Thames,THAMES - WEST THAMES,L&W NORTH - WT,OPEN,FRESHWATER - RIVERS,2021-03-09T12:48:00,MONITORING  (NATIONAL AGENCY POLICY),RIVER / RUNNING SURFACE WATER,9924,"Oxygen, Dissolved as O2",12.3,MILLIGRAM PER LITRE
https://environment.data.gov.uk/water-quality/sampling-point/TH-RSN0082/sample/1348514/observation/0061,TH-RSN0082,RSN0082 DS TEMPLE MILL ISLAND,-0.7874,51.554,Thames,THAMES - WEST THAMES,L&W NORTH - WT,OPEN,FRESHWATER - RIVERS,2021-04-20T11:12:00,MONITORING  (NATIONAL AGENCY POLICY),RIVER / RUNNING SURFACE WATER,0061,pH,8.54,PH UNITS
https://environment.data.gov.uk/water-quality/sampling-point/TH-RSN0082/sample/1348514/observation/0076,TH-RSN0082,RSN0082 DS TEMPLE MILL ISLAND,-0.7874,51.554,Thames,THAMES - WEST THAMES,L&W NORTH - WT,OPEN,FRESHWATER - RIVERS,2021-04-20T11:12:00,MONITORING  (NATIONAL AGENCY POLICY),RIVER / RUNNING SURFACE WATER,0076,Temperature of Water,11.3,CELSIUS
https://environment.data.gov.uk/water-quality/sampling-point/TH-RSN0082/sample/1348514/observation/0077,TH-RSN0082,RSN0082 DS TEMPLE MILL ISLAND,-0.7874,51.554,Thames,THAMES - WEST THAMES,L&W NORTH - WT,OPEN,FRESHWATER - RIVERS,2021-04-20T11:12:00,MONITORING  (NATIONAL AGENCY POLICY),RIVER / RUNNING SURFACE WATER,0077,Conductivity at 25 C,658,MICROSIEMENS PER CENTIMETRE
https://environment.data.gov.uk/water-quality/sampling-point/TH-RSN0082/sample/1348514/observation/0111,TH-RSN0082,RSN0082 DS TEMPLE MILL ISLAND,-0.7874,51.554,Thames,THAMES - WEST THAMES,L&W NORTH - WT,OPEN,FRESHWATER - RIVERS,2021-04-20T11:12:00,MONITORING  (NATIONAL AGENCY POLICY),RIVER / RUNNING SURFACE WATER,0111,Ammoniacal Nitrogen as N,<0.03,MILLIGRAM PER LITRE
https://environment.data.gov.uk/water-quality/sampling-point/TH-RSN0082/sample/1348514/observation/0116,TH-RSN0082,RSN0082 DS TEMPLE MILL ISLAND,-0.7874,51.554,Thames,THAMES - WEST THAMES,L&W NORTH - WT,OPEN,FRESHWATER - RIVERS,2021-04-20T11:12:00,MONITORING  (NATIONAL AGENCY POLICY),RIVER / RUNNING SURFACE WATER,0116,"Nitrogen, Total Oxidised as N",7.6,MILLIGRAM PER LITRE
https://environment.data.gov.uk/water-quality/sampling-point/TH-RSN0082/sample/1348514/observation/0117,TH-RSN0082,RSN0082 DS TEMPLE MILL ISLAND,-0.7874,51.554,Thames,THAMES - WEST THAMES,L&W NORTH - WT,OPEN,FRESHWATER - RIVERS,2021-04-20T11:12:00,MONITORING  (NATIONAL AGENCY POLICY),RIVER / RUNNING SURFACE WATER,0117,Nitrate as N,7.58,MILLIGRAM PER LITRE
https://environment.data.gov.uk/water-quality/sampling-point/TH-RSN0082/sample/1348514/observation/0118,TH-RSN0082,RSN0082 DS TEMPLE MILL ISLAND,-0.7874,51.554,Thames,THAMES - WEST THAMES,L&W NORTH - WT,OPEN,FRESHWATER - RIVERS,2021-04-20T11:12:00,MONITORING  (NATIONAL AGENCY POLICY),RIVER / RUNNING SURFACE WATER,0118,Nitrite as N,0.022,MILLIGRAM PER LITRE
https://environment.data.gov.uk/water-quality/sampling-point/TH-RSN0082/sample/1348514/observation/0119,TH-RSN0082,RSN0082 DS TEMPLE MILL ISLAND,-0.7874,51.554,Thames,THAMES - WEST THAMES,L&W NORTH - WT,OPEN,FRESHWATER - RIVERS,2021-04-20T11:12:00,MONITORING  (NATIONAL AGENCY POLICY),RIVER / RUNNING SURFACE WATER,0119,Ammonia un-ionised as N,<0.0006,MILLIGRAM PER LITRE
https://environment.data.gov.uk/water-quality/sampling-point/TH-RSN0082/sample/1348514/observation/0162,TH-RSN0082,RSN0082 DS TEMPLE MILL ISLAND,-0.7874,51.554,Thames,THAMES - WEST THAMES,L&W NORTH - WT,OPEN,FRESHWATER - RIVERS,2021-04-20T11:12:00,MONITORING  (NATIONAL AGENCY POLICY),RIVER / RUNNING SURFACE WATER,0162,Alkalinity to pH 4.5 as CaCO3,220,MILLIGRAM PER LITRE
https://environment.data.gov.uk/water-quality/sampling-point/TH-RSN0082/sample/1348514/observation/0172,TH-RSN0082,RSN0082 DS TEMPLE MILL ISLAND,-0.7874,51.554,Thames,THAMES - WEST THAMES,L&W NORTH - WT,OPEN,FRESHWATER - RIVERS,2021-04-20T11:12:00,MONITORING  (NATIONAL AGENCY POLICY),RIVER / RUNNING SURFACE WATER,0172,Chloride,36,MILLIGRAM PER LITRE
https://environment.data.gov.uk/water-quality/sampling-point/TH-RSN0082/sample/1348514/observation/0180,TH-RSN0082,RSN0082 DS TEMPLE MILL ISLAND,-0.7874,51.554,Thames,THAMES - WEST THAMES,L&W NORTH - WT,OPEN,FRESHWATER - RIVERS,2021-04-20T11:12:00,MONITORING  (NATIONAL AGENCY POLICY),RIVER / RUNNING SURFACE WATER,0180,"Orthophosphate, reactive as P",0.046,MILLIGRAM PER LITRE
https://environment.data.gov.uk/water-quality/sampling-point/TH-RSN0082/sample/1348514/observation/0182,TH-RSN0082,RSN0082 DS TEMPLE MILL ISLAND,-0.7874,51.554,Thames,THAMES - WEST THAMES,L&W NORTH - WT,OPEN,FRESHWATER - RIVERS,2021-04-20T11:12:00,MONITORING  (NATIONAL AGENCY POLICY),RIVER / RUNNING SURFACE WATER,0182,"Silica, reactive as SiO2",3.8,MILLIGRAM PER LITRE
https://environment.data.gov.uk/water-quality/sampling-point/TH-RSN0082/sample/1348514/observation/0301,TH-RSN0082,RSN0082 DS TEMPLE MILL ISLAND,-0.7874,51.554,Thames,THAMES - WEST THAMES,L&W NORTH - WT,OPEN,FRESHWATER - RIVERS,2021-04-20T11:12:00,MONITORING  (NATIONAL AGENCY POLICY),RIVER / RUNNING SURFACE WATER,0301,"Carbon, Organic, Dissolved as C :- {DOC}",3,MILLIGRAM PER LITRE
https://environment.data.gov.uk/water-quality/sampling-point/TH-RSN0082/sample/1348514/observation/0348,TH-RSN0082,RSN0082 DS TEMPLE MILL ISLAND,-0.7874,51.554,Thames,THAMES - WEST THAMES,L&W NORTH - WT,OPEN,FRESHWATER - RIVERS,2021-04-20T11:12:00,MONITORING  (NATIONAL AGENCY POLICY),RIVER / RUNNING SURFACE WATER,0348,"Phosphorus, Total as P",0.086,MILLIGRAM PER LITRE
https://environment.data.gov.uk/water-quality/sampling-point/TH-RSN0082/sample/1348514/observation/9686,TH-RSN0082,RSN0082 DS TEMPLE MILL ISLAND,-0.7874,51.554,Thames,THAMES - WEST THAMES,L&W NORTH - WT,OPEN,FRESHWATER - RIVERS,2021-04-20T11:12:00,MONITORING  (NATIONAL AGENCY POLICY),RIVER / RUNNING SURFACE WATER,9686,"Nitrogen, Total as N",7.9,MILLIGRAM PER LITRE
https://environment.data.gov.uk/water-quality/sampling-point/TH-RSN0082/sample/1348514/observation/9901,TH-RSN0082,RSN0082 DS TEMPLE MILL ISLAND,-0.7874,51.554,Thames,THAMES - WEST THAMES,L&W NORTH - WT,OPEN,FRESHWATER - RIVERS,2021-04-20T11:12:00,MONITORING  (NATIONAL AGENCY POLICY),RIVER / RUNNING SURFACE WATER,9901,"Oxygen, Dissolved, % Saturation",106.4,PERCENTAGE
https://environment.data.gov.uk/water-quality/sampling-point/TH-RSN0082/sample/1348514/observation/9924,TH-RSN0082,RSN0082 DS TEMPLE MILL ISLAND,-0.7874,51.554,Thames,THAMES - WEST THAMES,L&W NORTH - WT,OPEN,FRESHWATER - RIVERS,2021-04-20T11:12:00,MONITORING  (NATIONAL AGENCY POLICY),RIVER / RUNNING SURFACE WATER,9924,"Oxygen, Dissolved as O2",11.6,MILLIGRAM PER LITRE
https://environment.data.gov.uk/water-quality/sampling-point/TH-RSN0082/sample/1349402/observation/0061,TH-RSN0082,RSN0082 DS TEMPLE MILL ISLAND,-0.7874,51.554,Thames,THAMES - WEST THAMES,L&W NORTH - WT,OPEN,FRESHWATER - RIVERS,2021-05-05T14:19:00,MONITORING  (NATIONAL AGENCY POLICY),RIVER / RUNNING SURFACE WATER,0061,pH,8.54,PH UNITS
https://environment.data.gov.uk/water-quality/sampling-point/TH-RSN0082/sample/1349402/observation/0076,TH-RSN0082,RSN0082 DS TEMPLE MILL ISLAND,-0.7874,51.554,Thames,THAMES - WEST THAMES,L&W NORTH - WT,OPEN,FRESHWATER - RIVERS,2021-05-05T14:19:00,MONITORING  (NATIONAL AGENCY POLICY),RIVER / RUNNING SURFACE WATER,0076,Temperature of Water,11.7,CELSIUS
https://environment.data.gov.uk/water-quality/sampling-point/TH-RSN0082/sample/1349402/observation/0077,TH-RSN0082,RSN0082 DS TEMPLE MILL ISLAND,-0.7874,51.554,Thames,THAMES - WEST THAMES,L&W NORTH - WT,OPEN,FRESHWATER - RIVERS,2021-05-05T14:19:00,MONITORING  (NATIONAL AGENCY POLICY),RIVER / RUNNING SURFACE WATER,0077,Conductivity at 25 C,646,MICROSIEMENS PER CENTIMETRE
https://environment.data.gov.uk/water-quality/sampling-point/TH-RSN0082/sample/1349402/observation/0111,TH-RSN0082,RSN0082 DS TEMPLE MILL ISLAND,-0.7874,51.554,Thames,THAMES - WEST THAMES,L&W NORTH - WT,OPEN,FRESHWATER - RIVERS,2021-05-05T14:19:00,MONITORING  (NATIONAL AGENCY POLICY),RIVER / RUNNING SURFACE WATER,0111,Ammoniacal Nitrogen as N,<0.03,MILLIGRAM PER LITRE
https://environment.data.gov.uk/water-quality/sampling-point/TH-RSN0082/sample/1349402/observation/0116,TH-RSN0082,RSN0082 DS TEMPLE MILL ISLAND,-0.7874,51.554,Thames,THAMES - WEST THAMES,L&W NORTH - WT,OPEN,FRESHWATER - RIVERS,2021-05-05T14:19:00,MONITORING  (NATIONAL AGENCY POLICY),RIVER / RUNNING SURFACE WATER,0116,"Nitrogen, Total Oxidised as N",7.1,MILLIGRAM PER LITRE
https://environment.data.gov.uk/water-quality/sampling-point/TH-RSN0082/sample/1349402/observation/0117,TH-RSN0082,RSN0082 DS TEMPLE MILL ISLAND,-0.7874,51.554,Thames,THAMES - WEST THAMES,L&W NORTH - WT,OPEN,FRESHWATER - RIVERS,2021-05-05T14:19:00,MONITORING  (NATIONAL AGENCY POLICY),RIVER / RUNNING SURFACE WATER,0117,Nitrate as N,7.07,MILLIGRAM PER LITRE
https://environment.data.gov.uk/water-quality/sampling-point/TH-RSN0082/sample/1349402/observation/0118,TH-RSN0082,RSN0082 DS TEMPLE MILL ISLAND,-0.7874,51.554,Thames,THAMES - WEST THAMES,L&W NORTH - WT,OPEN,FRESHWATER - RIVERS,2021-05-05T14:19:00,MONITORING  (NATIONAL AGENCY POLICY),RIVER / RUNNING SURFACE WATER,0118,Nitrite as N,0.027,MILLIGRAM PER LITRE
https://environment.data.gov.uk/water-quality/sampling-point/TH-RSN0082/sample/1349402/observation/0119,TH-RSN0082,RSN0082 DS TEMPLE MILL ISLAND,-0.7874,51.554,Thames,THAMES - WEST THAMES,L&W NORTH - WT,OPEN,FRESHWATER - RIVERS,2021-05-05T14:19:00,MONITORING  (NATIONAL AGENCY POLICY),RIVER / RUNNING SURFACE WATER,0119,Ammonia un-ionised as N,<0.00062,MILLIGRAM PER LITRE
https://environment.data.gov.uk/water-quality/sampling-point/TH-RSN0082/sample/1349402/observation/0162,TH-RSN0082,RSN0082 DS TEMPLE MILL ISLAND,-0.7874,51.554,Thames,THAMES - WEST THAMES,L&W NORTH - WT,OPEN,FRESHWATER - RIVERS,2021-05-05T14:19:00,MONITORING  (NATIONAL AGENCY POLICY),RIVER / RUNNING SURFACE WATER,0162,Alkalinity to pH 4.5 as CaCO3,210,MILLIGRAM PER LITRE
https://environment.data.gov.uk/water-quality/sampling-point/TH-RSN0082/sample/1349402/observation/0172,TH-RSN0082,RSN0082 DS TEMPLE MILL ISLAND,-0.7874,51.554,Thames,THAMES - WEST THAMES,L&W NORTH - WT,OPEN,FRESHWATER - RIVERS,2021-05-05T14:19:00,MONITORING  (NATIONAL AGENCY POLICY),RIVER / RUNNING SURFACE WATER,0172,Chloride,38,MILLIGRAM PER LITRE
https://environment.data.gov.uk/water-quality/sampling-point/TH-RSN0082/sample/1349402/observation/0180,TH-RSN0082,RSN0082 DS TEMPLE MILL ISLAND,-0.7874,51.554,Thames,THAMES - WEST THAMES,L&W NORTH - WT,OPEN,FRESHWATER - RIVERS,2021-05-05T14:19:00,MONITORING  (NATIONAL AGENCY POLICY),RIVER / RUNNING SURFACE WATER,0180,"Orthophosphate, reactive as P",0.047,MILLIGRAM PER LITRE
https://environment.data.gov.uk/water-quality/sampling-point/TH-RSN0082/sample/1349402/observation/0182,TH-RSN0082,RSN0082 DS TEMPLE MILL ISLAND,-0.7874,51.554,Thames,THAMES - WEST THAMES,L&W NORTH - WT,OPEN,FRESHWATER - RIVERS,2021-05-05T14:19:00,MONITORING  (NATIONAL AGENCY POLICY),RIVER / RUNNING SURFACE WATER,0182,"Silica, reactive as SiO2",5.7,MILLIGRAM PER LITRE
https://environment.data.gov.uk/water-quality/sampling-point/TH-RSN0082/sample/1349402/observation/0301,TH-RSN0082,RSN0082 DS TEMPLE MILL ISLAND,-0.7874,51.554,Thames,THAMES - WEST THAMES,L&W NORTH - WT,OPEN,FRESHWATER - RIVERS,2021-05-05T14:19:00,MONITORING  (NATIONAL AGENCY POLICY),RIVER / RUNNING SURFACE WATER,0301,"Carbon, Organic, Dissolved as C :- {DOC}",3,MILLIGRAM PER LITRE
https://environment.data.gov.uk/water-quality/sampling-point/TH-RSN0082/sample/1349402/observation/0348,TH-RSN0082,RSN0082 DS TEMPLE MILL ISLAND,-0.7874,51.554,Thames,THAMES - WEST THAMES,L&W NORTH - WT,OPEN,FRESHWATER - RIVERS,2021-05-05T14:19:00,MONITORING  (NATIONAL AGENCY POLICY),RIVER / RUNNING SURFACE WATER,0348,"Phosphorus, Total as P",0.13,MILLIGRAM PER LITRE
https://environment.data.gov.uk/water-quality/sampling-point/TH-RSN0082/sample/1349402/observation/9686,TH-RSN0082,RSN0082 DS TEMPLE MILL ISLAND,-0.7874,51.554,Thames,THAMES - WEST THAMES,L&W NORTH - WT,OPEN,FRESHWATER - RIVERS,2021-05-05T14:19:00,MONITORING  (NATIONAL AGENCY POLICY),RIVER / RUNNING SURFACE WATER,9686,"Nitrogen, Total as N",8.1,MILLIGRAM PER LITRE
https://environment.data.gov.uk/water-quality/sampling-point/TH-RSN0082/sample/1349402/observation/9901,TH-RSN0082,RSN0082 DS TEMPLE MILL ISLAND,-0.7874,51.554,Thames,THAMES - WEST THAMES,L&W NORTH - WT,OPEN,FRESHWATER - RIVERS,2021-05-05T14:19:00,MONITORING  (NATIONAL AGENCY POLICY),RIVER / RUNNING SURFACE WATER,9901,"Oxygen, Dissolved, % Saturation",113,PERCENTAGE
https://environment.data.gov.uk/water-quality/sampling-point/TH-RSN0082/sample/1349402/observation/9924,TH-RSN0082,RSN0082 DS TEMPLE MILL ISLAND,-0.7874,51.554,Thames,THAMES - WEST THAMES,L&W NORTH - WT,OPEN,FRESHWATER - RIVERS,2021-05-05T14:19:00,MONITORING  (NATIONAL AGENCY POLICY),RIVER / RUNNING SURFACE WATER,9924,"Oxygen, Dissolved as O2",12.2,MILLIGRAM PER LITRE
https://environment.data.gov.uk/water-quality/sampling-point/TH-RSN0082/sample/1359782/observation/0061,TH-RSN0082,RSN0082 DS TEMPLE MILL ISLAND,-0.7874,51.554,Thames,THAMES - WEST THAMES,L&W NORTH - WT,OPEN,FRESHWATER - RIVERS,2021-06-30T12:08:00,MONITORING  (NATIONAL AGENCY POLICY),RIVER / RUNNING SURFACE WATER,0061,pH,8.03,PH UNITS
https://environment.data.gov.uk/water-quality/sampling-point/TH-RSN0082/sample/1359782/observation/0076,TH-RSN0082,RSN0082 DS TEMPLE MILL ISLAND,-0.7874,51.554,Thames,THAMES - WEST THAMES,L&W NORTH - WT,OPEN,FRESHWATER - RIVERS,2021-06-30T12:08:00,MONITORING  (NATIONAL AGENCY POLICY),RIVER / RUNNING SURFACE WATER,0076,Temperature of Water,16.4,CELSIUS
https://environment.data.gov.uk/water-quality/sampling-point/TH-RSN0082/sample/1359782/observation/0077,TH-RSN0082,RSN0082 DS TEMPLE MILL ISLAND,-0.7874,51.554,Thames,THAMES - WEST THAMES,L&W NORTH - WT,OPEN,FRESHWATER - RIVERS,2021-06-30T12:08:00,MONITORING  (NATIONAL AGENCY POLICY),RIVER / RUNNING SURFACE WATER,0077,Conductivity at 25 C,616,MICROSIEMENS PER CENTIMETRE
https://environment.data.gov.uk/water-quality/sampling-point/TH-RSN0082/sample/1359782/observation/0111,TH-RSN0082,RSN0082 DS TEMPLE MILL ISLAND,-0.7874,51.554,Thames,THAMES - WEST THAMES,L&W NORTH - WT,OPEN,FRESHWATER - RIVERS,2021-06-30T12:08:00,MONITORING  (NATIONAL AGENCY POLICY),RIVER / RUNNING SURFACE WATER,0111,Ammoniacal Nitrogen as N,0.053,MILLIGRAM PER LITRE
https://environment.data.gov.uk/water-quality/sampling-point/TH-RSN0082/sample/1359782/observation/0116,TH-RSN0082,RSN0082 DS TEMPLE MILL ISLAND,-0.7874,51.554,Thames,THAMES - WEST THAMES,L&W NORTH - WT,OPEN,FRESHWATER - RIVERS,2021-06-30T12:08:00,MONITORING  (NATIONAL AGENCY POLICY),RIVER / RUNNING SURFACE WATER,0116,"Nitrogen, Total Oxidised as N",5.9,MILLIGRAM PER LITRE
https://environment.data.gov.uk/water-quality/sampling-point/TH-RSN0082/sample/1359782/observation/0117,TH-RSN0082,RSN0082 DS TEMPLE MILL ISLAND,-0.7874,51.554,Thames,THAMES - WEST THAMES,L&W NORTH - WT,OPEN,FRESHWATER - RIVERS,2021-06-30T12:08:00,MONITORING  (NATIONAL AGENCY POLICY),RIVER / RUNNING SURFACE WATER,0117,Nitrate as N,5.87,MILLIGRAM PER LITRE
https://environment.data.gov.uk/water-quality/sampling-point/TH-RSN0082/sample/1359782/observation/0118,TH-RSN0082,RSN0082 DS TEMPLE MILL ISLAND,-0.7874,51.554,Thames,THAMES - WEST THAMES,L&W NORTH - WT,OPEN,FRESHWATER - RIVERS,2021-06-30T12:08:00,MONITORING  (NATIONAL AGENCY POLICY),RIVER / RUNNING SURFACE WATER,0118,Nitrite as N,0.032,MILLIGRAM PER LITRE
https://environment.data.gov.uk/water-quality/sampling-point/TH-RSN0082/sample/1359782/observation/0119,TH-RSN0082,RSN0082 DS TEMPLE MILL ISLAND,-0.7874,51.554,Thames,THAMES - WEST THAMES,L&W NORTH - WT,OPEN,FRESHWATER - RIVERS,2021-06-30T12:08:00,MONITORING  (NATIONAL AGENCY POLICY),RIVER / RUNNING SURFACE WATER,0119,Ammonia un-ionised as N,0.00154,MILLIGRAM PER LITRE
https://environment.data.gov.uk/water-quality/sampling-point/TH-RSN0082/sample/1359782/observation/0162,TH-RSN0082,RSN0082 DS TEMPLE MILL ISLAND,-0.7874,51.554,Thames,THAMES - WEST THAMES,L&W NORTH - WT,OPEN,FRESHWATER - RIVERS,2021-06-30T12:08:00,MONITORING  (NATIONAL AGENCY POLICY),RIVER / RUNNING SURFACE WATER,0162,Alkalinity to pH 4.5 as CaCO3,200,MILLIGRAM PER LITRE
https://environment.data.gov.uk/water-quality/sampling-point/TH-RSN0082/sample/1359782/observation/0172,TH-RSN0082,RSN0082 DS TEMPLE MILL ISLAND,-0.7874,51.554,Thames,THAMES - WEST THAMES,L&W NORTH - WT,OPEN,FRESHWATER - RIVERS,2021-06-30T12:08:00,MONITORING  (NATIONAL AGENCY POLICY),RIVER / RUNNING SURFACE WATER,0172,Chloride,36,MILLIGRAM PER LITRE
https://environment.data.gov.uk/water-quality/sampling-point/TH-RSN0082/sample/1359782/observation/0180,TH-RSN0082,RSN0082 DS TEMPLE MILL ISLAND,-0.7874,51.554,Thames,THAMES - WEST THAMES,L&W NORTH - WT,OPEN,FRESHWATER - RIVERS,2021-06-30T12:08:00,MONITORING  (NATIONAL AGENCY POLICY),RIVER / RUNNING SURFACE WATER,0180,"Orthophosphate, reactive as P",0.18,MILLIGRAM PER LITRE
https://environment.data.gov.uk/water-quality/sampling-point/TH-RSN0082/sample/1359782/observation/0182,TH-RSN0082,RSN0082 DS TEMPLE MILL ISLAND,-0.7874,51.554,Thames,THAMES - WEST THAMES,L&W NORTH - WT,OPEN,FRESHWATER - RIVERS,2021-06-30T12:08:00,MONITORING  (NATIONAL AGENCY POLICY),RIVER / RUNNING SURFACE WATER,0182,"Silica, reactive as SiO2",13,MILLIGRAM PER LITRE
https://environment.data.gov.uk/water-quality/sampling-point/TH-RSN0082/sample/1359782/observation/0301,TH-RSN0082,RSN0082 DS TEMPLE MILL ISLAND,-0.7874,51.554,Thames,THAMES - WEST THAMES,L&W NORTH - WT,OPEN,FRESHWATER - RIVERS,2021-06-30T12:08:00,MONITORING  (NATIONAL AGENCY POLICY),RIVER / RUNNING SURFACE WATER,0301,"Carbon, Organic, Dissolved as C :- {DOC}",4.6,MILLIGRAM PER LITRE
https://environment.data.gov.uk/water-quality/sampling-point/TH-RSN0082/sample/1359782/observation/0348,TH-RSN0082,RSN0082 DS TEMPLE MILL ISLAND,-0.7874,51.554,Thames,THAMES - WEST THAMES,L&W NORTH - WT,OPEN,FRESHWATER - RIVERS,2021-06-30T12:08:00,MONITORING  (NATIONAL AGENCY POLICY),RIVER / RUNNING SURFACE WATER,0348,"Phosphorus, Total as P",0.21,MILLIGRAM PER LITRE
https://environment.data.gov.uk/water-quality/sampling-point/TH-RSN0082/sample/1359782/observation/9686,TH-RSN0082,RSN0082 DS TEMPLE MILL ISLAND,-0.7874,51.554,Thames,THAMES - WEST THAMES,L&W NORTH - WT,OPEN,FRESHWATER - RIVERS,2021-06-30T12:08:00,MONITORING  (NATIONAL AGENCY POLICY),RIVER / RUNNING SURFACE WATER,9686,"Nitrogen, Total as N",6.5,MILLIGRAM PER LITRE
https://environment.data.gov.uk/water-quality/sampling-point/TH-RSN0082/sample/1359782/observation/9901,TH-RSN0082,RSN0082 DS TEMPLE MILL ISLAND,-0.7874,51.554,Thames,THAMES - WEST THAMES,L&W NORTH - WT,OPEN,FRESHWATER - RIVERS,2021-06-30T12:08:00,MONITORING  (NATIONAL AGENCY POLICY),RIVER / RUNNING SURFACE WATER,9901,"Oxygen, Dissolved, % Saturation",98.2,PERCENTAGE
https://environment.data.gov.uk/water-quality/sampling-point/TH-RSN0082/sample/1359782/observation/9924,TH-RSN0082,RSN0082 DS TEMPLE MILL ISLAND,-0.7874,51.554,Thames,THAMES - WEST THAMES,L&W NORTH - WT,OPEN,FRESHWATER - RIVERS,2021-06-30T12:08:00,MONITORING  (NATIONAL AGENCY POLICY),RIVER / RUNNING SURFACE WATER,9924,"Oxygen, Dissolved as O2",9.58,MILLIGRAM PER LITRE
https://environment.data.gov.uk/water-quality/sampling-point/TH-RSN0082/sample/1360338/observation/0061,TH-RSN0082,RSN0082 DS TEMPLE MILL ISLAND,-0.7874,51.554,Thames,THAMES - WEST THAMES,L&W NORTH - WT,OPEN,FRESHWATER - RIVERS,2021-07-19T11:47:00,MONITORING  (NATIONAL AGENCY POLICY),RIVER / RUNNING SURFACE WATER,0061,pH,8.12,PH UNITS
https://environment.data.gov.uk/water-quality/sampling-point/TH-RSN0082/sample/1360338/observation/0076,TH-RSN0082,RSN0082 DS TEMPLE MILL ISLAND,-0.7874,51.554,Thames,THAMES - WEST THAMES,L&W NORTH - WT,OPEN,FRESHWATER - RIVERS,2021-07-19T11:47:00,MONITORING  (NATIONAL AGENCY POLICY),RIVER / RUNNING SURFACE WATER,0076,Temperature of Water,21.9,CELSIUS
https://environment.data.gov.uk/water-quality/sampling-point/TH-RSN0082/sample/1360338/observation/0077,TH-RSN0082,RSN0082 DS TEMPLE MILL ISLAND,-0.7874,51.554,Thames,THAMES - WEST THAMES,L&W NORTH - WT,OPEN,FRESHWATER - RIVERS,2021-07-19T11:47:00,MONITORING  (NATIONAL AGENCY POLICY),RIVER / RUNNING SURFACE WATER,0077,Conductivity at 25 C,666,MICROSIEMENS PER CENTIMETRE
https://environment.data.gov.uk/water-quality/sampling-point/TH-RSN0082/sample/1360338/observation/0111,TH-RSN0082,RSN0082 DS TEMPLE MILL ISLAND,-0.7874,51.554,Thames,THAMES - WEST THAMES,L&W NORTH - WT,OPEN,FRESHWATER - RIVERS,2021-07-19T11:47:00,MONITORING  (NATIONAL AGENCY POLICY),RIVER / RUNNING SURFACE WATER,0111,Ammoniacal Nitrogen as N,<0.03,MILLIGRAM PER LITRE
https://environment.data.gov.uk/water-quality/sampling-point/TH-RSN0082/sample/1360338/observation/0116,TH-RSN0082,RSN0082 DS TEMPLE MILL ISLAND,-0.7874,51.554,Thames,THAMES - WEST THAMES,L&W NORTH - WT,OPEN,FRESHWATER - RIVERS,2021-07-19T11:47:00,MONITORING  (NATIONAL AGENCY POLICY),RIVER / RUNNING SURFACE WATER,0116,"Nitrogen, Total Oxidised as N",6.4,MILLIGRAM PER LITRE
https://environment.data.gov.uk/water-quality/sampling-point/TH-RSN0082/sample/1360338/observation/0117,TH-RSN0082,RSN0082 DS TEMPLE MILL ISLAND,-0.7874,51.554,Thames,THAMES - WEST THAMES,L&W NORTH - WT,OPEN,FRESHWATER - RIVERS,2021-07-19T11:47:00,MONITORING  (NATIONAL AGENCY POLICY),RIVER / RUNNING SURFACE WATER,0117,Nitrate as N,6.38,MILLIGRAM PER LITRE
https://environment.data.gov.uk/water-quality/sampling-point/TH-RSN0082/sample/1360338/observation/0118,TH-RSN0082,RSN0082 DS TEMPLE MILL ISLAND,-0.7874,51.554,Thames,THAMES - WEST THAMES,L&W NORTH - WT,OPEN,FRESHWATER - RIVERS,2021-07-19T11:47:00,MONITORING  (NATIONAL AGENCY POLICY),RIVER / RUNNING SURFACE WATER,0118,Nitrite as N,0.021,MILLIGRAM PER LITRE
https://environment.data.gov.uk/water-quality/sampling-point/TH-RSN0082/sample/1360338/observation/0119,TH-RSN0082,RSN0082 DS TEMPLE MILL ISLAND,-0.7874,51.554,Thames,THAMES - WEST THAMES,L&W NORTH - WT,OPEN,FRESHWATER - RIVERS,2021-07-19T11:47:00,MONITORING  (NATIONAL AGENCY POLICY),RIVER / RUNNING SURFACE WATER,0119,Ammonia un-ionised as N,<0.0013,MILLIGRAM PER LITRE
https://environment.data.gov.uk/water-quality/sampling-point/TH-RSN0082/sample/1360338/observation/0162,TH-RSN0082,RSN0082 DS TEMPLE MILL ISLAND,-0.7874,51.554,Thames,THAMES - WEST THAMES,L&W NORTH - WT,OPEN,FRESHWATER - RIVERS,2021-07-19T11:47:00,MONITORING  (NATIONAL AGENCY POLICY),RIVER / RUNNING SURFACE WATER,0162,Alkalinity to pH 4.5 as CaCO3,230,MILLIGRAM PER LITRE
https://environment.data.gov.uk/water-quality/sampling-point/TH-RSN0082/sample/1360338/observation/0172,TH-RSN0082,RSN0082 DS TEMPLE MILL ISLAND,-0.7874,51.554,Thames,THAMES - WEST THAMES,L&W NORTH - WT,OPEN,FRESHWATER - RIVERS,2021-07-19T11:47:00,MONITORING  (NATIONAL AGENCY POLICY),RIVER / RUNNING SURFACE WATER,0172,Chloride,39,MILLIGRAM PER LITRE
https://environment.data.gov.uk/water-quality/sampling-point/TH-RSN0082/sample/1360338/observation/0180,TH-RSN0082,RSN0082 DS TEMPLE MILL ISLAND,-0.7874,51.554,Thames,THAMES - WEST THAMES,L&W NORTH - WT,OPEN,FRESHWATER - RIVERS,2021-07-19T11:47:00,MONITORING  (NATIONAL AGENCY POLICY),RIVER / RUNNING SURFACE WATER,0180,"Orthophosphate, reactive as P",0.16,MILLIGRAM PER LITRE
https://environment.data.gov.uk/water-quality/sampling-point/TH-RSN0082/sample/1360338/observation/0182,TH-RSN0082,RSN0082 DS TEMPLE MILL ISLAND,-0.7874,51.554,Thames,THAMES - WEST THAMES,L&W NORTH - WT,OPEN,FRESHWATER - RIVERS,2021-07-19T11:47:00,MONITORING  (NATIONAL AGENCY POLICY),RIVER / RUNNING SURFACE WATER,0182,"Silica, reactive as SiO2",13,MILLIGRAM PER LITRE
https://environment.data.gov.uk/water-quality/sampling-point/TH-RSN0082/sample/1360338/observation/0301,TH-RSN0082,RSN0082 DS TEMPLE MILL ISLAND,-0.7874,51.554,Thames,THAMES - WEST THAMES,L&W NORTH - WT,OPEN,FRESHWATER - RIVERS,2021-07-19T11:47:00,MONITORING  (NATIONAL AGENCY POLICY),RIVER / RUNNING SURFACE WATER,0301,"Carbon, Organic, Dissolved as C :- {DOC}",3.4,MILLIGRAM PER LITRE
https://environment.data.gov.uk/water-quality/sampling-point/TH-RSN0082/sample/1360338/observation/0348,TH-RSN0082,RSN0082 DS TEMPLE MILL ISLAND,-0.7874,51.554,Thames,THAMES - WEST THAMES,L&W NORTH - WT,OPEN,FRESHWATER - RIVERS,2021-07-19T11:47:00,MONITORING  (NATIONAL AGENCY POLICY),RIVER / RUNNING SURFACE WATER,0348,"Phosphorus, Total as P",0.2,MILLIGRAM PER LITRE
https://environment.data.gov.uk/water-quality/sampling-point/TH-RSN0082/sample/1360338/observation/9686,TH-RSN0082,RSN0082 DS TEMPLE MILL ISLAND,-0.7874,51.554,Thames,THAMES - WEST THAMES,L&W NORTH - WT,OPEN,FRESHWATER - RIVERS,2021-07-19T11:47:00,MONITORING  (NATIONAL AGENCY POLICY),RIVER / RUNNING SURFACE WATER,9686,"Nitrogen, Total as N",6.9,MILLIGRAM PER LITRE
https://environment.data.gov.uk/water-quality/sampling-point/TH-RSN0082/sample/1360338/observation/9901,TH-RSN0082,RSN0082 DS TEMPLE MILL ISLAND,-0.7874,51.554,Thames,THAMES - WEST THAMES,L&W NORTH - WT,OPEN,FRESHWATER - RIVERS,2021-07-19T11:47:00,MONITORING  (NATIONAL AGENCY POLICY),RIVER / RUNNING SURFACE WATER,9901,"Oxygen, Dissolved, % Saturation",100,PERCENTAGE
https://environment.data.gov.uk/water-quality/sampling-point/TH-RSN0082/sample/1360338/observation/9924,TH-RSN0082,RSN0082 DS TEMPLE MILL ISLAND,-0.7874,51.554,Thames,THAMES - WEST THAMES,L&W NORTH - WT,OPEN,FRESHWATER - RIVERS,2021-07-19T11:47:00,MONITORING  (NATIONAL AGENCY POLICY),RIVER / RUNNING SURFACE WATER,9924,"Oxygen, Dissolved as O2",8.74,MILLIGRAM PER LITRE
https://environment.data.gov.uk/water-quality/sampling-point/TH-RSN0082/sample/1361242/observation/0061,TH-RSN0082,RSN0082 DS TEMPLE MILL ISLAND,-0.7874,51.554,Thames,THAMES - WEST THAMES,L&W NORTH - WT,OPEN,FRESHWATER - RIVERS,2021-08-04T11:25:00,MONITORING  (NATIONAL AGENCY POLICY),RIVER / RUNNING SURFACE WATER,0061,pH,8.08,PH UNITS
https://environment.data.gov.uk/water-quality/sampling-point/TH-RSN0082/sample/1361242/observation/0076,TH-RSN0082,RSN0082 DS TEMPLE MILL ISLAND,-0.7874,51.554,Thames,THAMES - WEST THAMES,L&W NORTH - WT,OPEN,FRESHWATER - RIVERS,2021-08-04T11:25:00,MONITORING  (NATIONAL AGENCY POLICY),RIVER / RUNNING SURFACE WATER,0076,Temperature of Water,19.8,CELSIUS
https://environment.data.gov.uk/water-quality/sampling-point/TH-RSN0082/sample/1361242/observation/0077,TH-RSN0082,RSN0082 DS TEMPLE MILL ISLAND,-0.7874,51.554,Thames,THAMES - WEST THAMES,L&W NORTH - WT,OPEN,FRESHWATER - RIVERS,2021-08-04T11:25:00,MONITORING  (NATIONAL AGENCY POLICY),RIVER / RUNNING SURFACE WATER,0077,Conductivity at 25 C,680,MICROSIEMENS PER CENTIMETRE
https://environment.data.gov.uk/water-quality/sampling-point/TH-RSN0082/sample/1361242/observation/0111,TH-RSN0082,RSN0082 DS TEMPLE MILL ISLAND,-0.7874,51.554,Thames,THAMES - WEST THAMES,L&W NORTH - WT,OPEN,FRESHWATER - RIVERS,2021-08-04T11:25:00,MONITORING  (NATIONAL AGENCY POLICY),RIVER / RUNNING SURFACE WATER,0111,Ammoniacal Nitrogen as N,0.056,MILLIGRAM PER LITRE
https://environment.data.gov.uk/water-quality/sampling-point/TH-RSN0082/sample/1361242/observation/0116,TH-RSN0082,RSN0082 DS TEMPLE MILL ISLAND,-0.7874,51.554,Thames,THAMES - WEST THAMES,L&W NORTH - WT,OPEN,FRESHWATER - RIVERS,2021-08-04T11:25:00,MONITORING  (NATIONAL AGENCY POLICY),RIVER / RUNNING SURFACE WATER,0116,"Nitrogen, Total Oxidised as N",6.8,MILLIGRAM PER LITRE
https://environment.data.gov.uk/water-quality/sampling-point/TH-RSN0082/sample/1361242/observation/0117,TH-RSN0082,RSN0082 DS TEMPLE MILL ISLAND,-0.7874,51.554,Thames,THAMES - WEST THAMES,L&W NORTH - WT,OPEN,FRESHWATER - RIVERS,2021-08-04T11:25:00,MONITORING  (NATIONAL AGENCY POLICY),RIVER / RUNNING SURFACE WATER,0117,Nitrate as N,6.78,MILLIGRAM PER LITRE
https://environment.data.gov.uk/water-quality/sampling-point/TH-RSN0082/sample/1361242/observation/0118,TH-RSN0082,RSN0082 DS TEMPLE MILL ISLAND,-0.7874,51.554,Thames,THAMES - WEST THAMES,L&W NORTH - WT,OPEN,FRESHWATER - RIVERS,2021-08-04T11:25:00,MONITORING  (NATIONAL AGENCY POLICY),RIVER / RUNNING SURFACE WATER,0118,Nitrite as N,0.024,MILLIGRAM PER LITRE
https://environment.data.gov.uk/water-quality/sampling-point/TH-RSN0082/sample/1361242/observation/0119,TH-RSN0082,RSN0082 DS TEMPLE MILL ISLAND,-0.7874,51.554,Thames,THAMES - WEST THAMES,L&W NORTH - WT,OPEN,FRESHWATER - RIVERS,2021-08-04T11:25:00,MONITORING  (NATIONAL AGENCY POLICY),RIVER / RUNNING SURFACE WATER,0119,Ammonia un-ionised as N,0.00208,MILLIGRAM PER LITRE
https://environment.data.gov.uk/water-quality/sampling-point/TH-RSN0082/sample/1361242/observation/0162,TH-RSN0082,RSN0082 DS TEMPLE MILL ISLAND,-0.7874,51.554,Thames,THAMES - WEST THAMES,L&W NORTH - WT,OPEN,FRESHWATER - RIVERS,2021-08-04T11:25:00,MONITORING  (NATIONAL AGENCY POLICY),RIVER / RUNNING SURFACE WATER,0162,Alkalinity to pH 4.5 as CaCO3,220,MILLIGRAM PER LITRE
https://environment.data.gov.uk/water-quality/sampling-point/TH-RSN0082/sample/1361242/observation/0172,TH-RSN0082,RSN0082 DS TEMPLE MILL ISLAND,-0.7874,51.554,Thames,THAMES - WEST THAMES,L&W NORTH - WT,OPEN,FRESHWATER - RIVERS,2021-08-04T11:25:00,MONITORING  (NATIONAL AGENCY POLICY),RIVER / RUNNING SURFACE WATER,0172,Chloride,42,MILLIGRAM PER LITRE
https://environment.data.gov.uk/water-quality/sampling-point/TH-RSN0082/sample/1361242/observation/0180,TH-RSN0082,RSN0082 DS TEMPLE MILL ISLAND,-0.7874,51.554,Thames,THAMES - WEST THAMES,L&W NORTH - WT,OPEN,FRESHWATER - RIVERS,2021-08-04T11:25:00,MONITORING  (NATIONAL AGENCY POLICY),RIVER / RUNNING SURFACE WATER,0180,"Orthophosphate, reactive as P",0.19,MILLIGRAM PER LITRE
https://environment.data.gov.uk/water-quality/sampling-point/TH-RSN0082/sample/1361242/observation/0182,TH-RSN0082,RSN0082 DS TEMPLE MILL ISLAND,-0.7874,51.554,Thames,THAMES - WEST THAMES,L&W NORTH - WT,OPEN,FRESHWATER - RIVERS,2021-08-04T11:25:00,MONITORING  (NATIONAL AGENCY POLICY),RIVER / RUNNING SURFACE WATER,0182,"Silica, reactive as SiO2",13,MILLIGRAM PER LITRE
https://environment.data.gov.uk/water-quality/sampling-point/TH-RSN0082/sample/1361242/observation/0301,TH-RSN0082,RSN0082 DS TEMPLE MILL ISLAND,-0.7874,51.554,Thames,THAMES - WEST THAMES,L&W NORTH - WT,OPEN,FRESHWATER - RIVERS,2021-08-04T11:25:00,MONITORING  (NATIONAL AGENCY POLICY),RIVER / RUNNING SURFACE WATER,0301,"Carbon, Organic, Dissolved as C :- {DOC}",3.3,MILLIGRAM PER LITRE
https://environment.data.gov.uk/water-quality/sampling-point/TH-RSN0082/sample/1361242/observation/0348,TH-RSN0082,RSN0082 DS TEMPLE MILL ISLAND,-0.7874,51.554,Thames,THAMES - WEST THAMES,L&W NORTH - WT,OPEN,FRESHWATER - RIVERS,2021-08-04T11:25:00,MONITORING  (NATIONAL AGENCY POLICY),RIVER / RUNNING SURFACE WATER,0348,"Phosphorus, Total as P",0.21,MILLIGRAM PER LITRE
https://environment.data.gov.uk/water-quality/sampling-point/TH-RSN0082/sample/1361242/observation/9686,TH-RSN0082,RSN0082 DS TEMPLE MILL ISLAND,-0.7874,51.554,Thames,THAMES - WEST THAMES,L&W NORTH - WT,OPEN,FRESHWATER - RIVERS,2021-08-04T11:25:00,MONITORING  (NATIONAL AGENCY POLICY),RIVER / RUNNING SURFACE WATER,9686,"Nitrogen, Total as N",7.1,MILLIGRAM PER LITRE
https://environment.data.gov.uk/water-quality/sampling-point/TH-RSN0082/sample/1361242/observation/9901,TH-RSN0082,RSN0082 DS TEMPLE MILL ISLAND,-0.7874,51.554,Thames,THAMES - WEST THAMES,L&W NORTH - WT,OPEN,FRESHWATER - RIVERS,2021-08-04T11:25:00,MONITORING  (NATIONAL AGENCY POLICY),RIVER / RUNNING SURFACE WATER,9901,"Oxygen, Dissolved, % Saturation",102,PERCENTAGE
https://environment.data.gov.uk/water-quality/sampling-point/TH-RSN0082/sample/1361242/observation/9924,TH-RSN0082,RSN0082 DS TEMPLE MILL ISLAND,-0.7874,51.554,Thames,THAMES - WEST THAMES,L&W NORTH - WT,OPEN,FRESHWATER - RIVERS,2021-08-04T11:25:00,MONITORING  (NATIONAL AGENCY POLICY),RIVER / RUNNING SURFACE WATER,9924,"Oxygen, Dissolved as O2",9.28,MILLIGRAM PER LITRE
https://environment.data.gov.uk/water-quality/sampling-point/TH-RSN0082/sample/1363225/observation/0061,TH-RSN0082,RSN0082 DS TEMPLE MILL ISLAND,-0.7874,51.554,Thames,THAMES - WEST THAMES,L&W NORTH - WT,OPEN,FRESHWATER - RIVERS,2021-09-20T16:32:00,MONITORING  (NATIONAL AGENCY POLICY),RIVER / RUNNING SURFACE WATER,0061,pH,8.12,PH UNITS
https://environment.data.gov.uk/water-quality/sampling-point/TH-RSN0082/sample/1363225/observation/0076,TH-RSN0082,RSN0082 DS TEMPLE MILL ISLAND,-0.7874,51.554,Thames,THAMES - WEST THAMES,L&W NORTH - WT,OPEN,FRESHWATER - RIVERS,2021-09-20T16:32:00,MONITORING  (NATIONAL AGENCY POLICY),RIVER / RUNNING SURFACE WATER,0076,Temperature of Water,17.8,CELSIUS
https://environment.data.gov.uk/water-quality/sampling-point/TH-RSN0082/sample/1363225/observation/0077,TH-RSN0082,RSN0082 DS TEMPLE MILL ISLAND,-0.7874,51.554,Thames,THAMES - WEST THAMES,L&W NORTH - WT,OPEN,FRESHWATER - RIVERS,2021-09-20T16:32:00,MONITORING  (NATIONAL AGENCY POLICY),RIVER / RUNNING SURFACE WATER,0077,Conductivity at 25 C,707,MICROSIEMENS PER CENTIMETRE
https://environment.data.gov.uk/water-quality/sampling-point/TH-RSN0082/sample/1363225/observation/0111,TH-RSN0082,RSN0082 DS TEMPLE MILL ISLAND,-0.7874,51.554,Thames,THAMES - WEST THAMES,L&W NORTH - WT,OPEN,FRESHWATER - RIVERS,2021-09-20T16:32:00,MONITORING  (NATIONAL AGENCY POLICY),RIVER / RUNNING SURFACE WATER,0111,Ammoniacal Nitrogen as N,<0.03,MILLIGRAM PER LITRE
https://environment.data.gov.uk/water-quality/sampling-point/TH-RSN0082/sample/1363225/observation/0116,TH-RSN0082,RSN0082 DS TEMPLE MILL ISLAND,-0.7874,51.554,Thames,THAMES - WEST THAMES,L&W NORTH - WT,OPEN,FRESHWATER - RIVERS,2021-09-20T16:32:00,MONITORING  (NATIONAL AGENCY POLICY),RIVER / RUNNING SURFACE WATER,0116,"Nitrogen, Total Oxidised as N",7.6,MILLIGRAM PER LITRE
https://environment.data.gov.uk/water-quality/sampling-point/TH-RSN0082/sample/1363225/observation/0117,TH-RSN0082,RSN0082 DS TEMPLE MILL ISLAND,-0.7874,51.554,Thames,THAMES - WEST THAMES,L&W NORTH - WT,OPEN,FRESHWATER - RIVERS,2021-09-20T16:32:00,MONITORING  (NATIONAL AGENCY POLICY),RIVER / RUNNING SURFACE WATER,0117,Nitrate as N,7.58,MILLIGRAM PER LITRE
https://environment.data.gov.uk/water-quality/sampling-point/TH-RSN0082/sample/1363225/observation/0118,TH-RSN0082,RSN0082 DS TEMPLE MILL ISLAND,-0.7874,51.554,Thames,THAMES - WEST THAMES,L&W NORTH - WT,OPEN,FRESHWATER - RIVERS,2021-09-20T16:32:00,MONITORING  (NATIONAL AGENCY POLICY),RIVER / RUNNING SURFACE WATER,0118,Nitrite as N,0.016,MILLIGRAM PER LITRE
https://environment.data.gov.uk/water-quality/sampling-point/TH-RSN0082/sample/1363225/observation/0119,TH-RSN0082,RSN0082 DS TEMPLE MILL ISLAND,-0.7874,51.554,Thames,THAMES - WEST THAMES,L&W NORTH - WT,OPEN,FRESHWATER - RIVERS,2021-09-20T16:32:00,MONITORING  (NATIONAL AGENCY POLICY),RIVER / RUNNING SURFACE WATER,0119,Ammonia un-ionised as N,<0.00097,MILLIGRAM PER LITRE
https://environment.data.gov.uk/water-quality/sampling-point/TH-RSN0082/sample/1363225/observation/0162,TH-RSN0082,RSN0082 DS TEMPLE MILL ISLAND,-0.7874,51.554,Thames,THAMES - WEST THAMES,L&W NORTH - WT,OPEN,FRESHWATER - RIVERS,2021-09-20T16:32:00,MONITORING  (NATIONAL AGENCY POLICY),RIVER / RUNNING SURFACE WATER,0162,Alkalinity to pH 4.5 as CaCO3,220,MILLIGRAM PER LITRE
https://environment.data.gov.uk/water-quality/sampling-point/TH-RSN0082/sample/1363225/observation/0172,TH-RSN0082,RSN0082 DS TEMPLE MILL ISLAND,-0.7874,51.554,Thames,THAMES - WEST THAMES,L&W NORTH - WT,OPEN,FRESHWATER - RIVERS,2021-09-20T16:32:00,MONITORING  (NATIONAL AGENCY POLICY),RIVER / RUNNING SURFACE WATER,0172,Chloride,47,MILLIGRAM PER LITRE
https://environment.data.gov.uk/water-quality/sampling-point/TH-RSN0082/sample/1363225/observation/0180,TH-RSN0082,RSN0082 DS TEMPLE MILL ISLAND,-0.7874,51.554,Thames,THAMES - WEST THAMES,L&W NORTH - WT,OPEN,FRESHWATER - RIVERS,2021-09-20T16:32:00,MONITORING  (NATIONAL AGENCY POLICY),RIVER / RUNNING SURFACE WATER,0180,"Orthophosphate, reactive as P",0.23,MILLIGRAM PER LITRE
https://environment.data.gov.uk/water-quality/sampling-point/TH-RSN0082/sample/1363225/observation/0182,TH-RSN0082,RSN0082 DS TEMPLE MILL ISLAND,-0.7874,51.554,Thames,THAMES - WEST THAMES,L&W NORTH - WT,OPEN,FRESHWATER - RIVERS,2021-09-20T16:32:00,MONITORING  (NATIONAL AGENCY POLICY),RIVER / RUNNING SURFACE WATER,0182,"Silica, reactive as SiO2",15,MILLIGRAM PER LITRE
https://environment.data.gov.uk/water-quality/sampling-point/TH-RSN0082/sample/1363225/observation/0301,TH-RSN0082,RSN0082 DS TEMPLE MILL ISLAND,-0.7874,51.554,Thames,THAMES - WEST THAMES,L&W NORTH - WT,OPEN,FRESHWATER - RIVERS,2021-09-20T16:32:00,MONITORING  (NATIONAL AGENCY POLICY),RIVER / RUNNING SURFACE WATER,0301,"Carbon, Organic, Dissolved as C :- {DOC}",3.3,MILLIGRAM PER LITRE
https://environment.data.gov.uk/water-quality/sampling-point/TH-RSN0082/sample/1363225/observation/0348,TH-RSN0082,RSN0082 DS TEMPLE MILL ISLAND,-0.7874,51.554,Thames,THAMES - WEST THAMES,L&W NORTH - WT,OPEN,FRESHWATER - RIVERS,2021-09-20T16:32:00,MONITORING  (NATIONAL AGENCY POLICY),RIVER / RUNNING SURFACE WATER,0348,"Phosphorus, Total as P",0.25,MILLIGRAM PER LITRE
https://environment.data.gov.uk/water-quality/sampling-point/TH-RSN0082/sample/1363225/observation/9686,TH-RSN0082,RSN0082 DS TEMPLE MILL ISLAND,-0.7874,51.554,Thames,THAMES - WEST THAMES,L&W NORTH - WT,OPEN,FRESHWATER - RIVERS,2021-09-20T16:32:00,MONITORING  (NATIONAL AGENCY POLICY),RIVER / RUNNING SURFACE WATER,9686,"Nitrogen, Total as N",8.1,MILLIGRAM PER LITRE
https://environment.data.gov.uk/water-quality/sampling-point/TH-RSN0082/sample/1363225/observation/9901,TH-RSN0082,RSN0082 DS TEMPLE MILL ISLAND,-0.7874,51.554,Thames,THAMES - WEST THAMES,L&W NORTH - WT,OPEN,FRESHWATER - RIVERS,2021-09-20T16:32:00,MONITORING  (NATIONAL AGENCY POLICY),RIVER / RUNNING SURFACE WATER,9901,"Oxygen, Dissolved, % Saturation",100.9,PERCENTAGE
https://environment.data.gov.uk/water-quality/sampling-point/TH-RSN0082/sample/1363225/observation/9924,TH-RSN0082,RSN0082 DS TEMPLE MILL ISLAND,-0.7874,51.554,Thames,THAMES - WEST THAMES,L&W NORTH - WT,OPEN,FRESHWATER - RIVERS,2021-09-20T16:32:00,MONITORING  (NATIONAL AGENCY POLICY),RIVER / RUNNING SURFACE WATER,9924,"Oxygen, Dissolved as O2",9.56,MILLIGRAM PER LITRE
https://environment.data.gov.uk/water-quality/sampling-point/TH-RSN0082/sample/1367048/observation/0061,TH-RSN0082,RSN0082 DS TEMPLE MILL ISLAND,-0.7874,51.554,Thames,THAMES - WEST THAMES,L&W NORTH - WT,OPEN,FRESHWATER - RIVERS,2021-10-06T09:51:00,MONITORING  (NATIONAL AGENCY POLICY),RIVER / RUNNING SURFACE WATER,0061,pH,8.08,PH UNITS
https://environment.data.gov.uk/water-quality/sampling-point/TH-RSN0082/sample/1367048/observation/0076,TH-RSN0082,RSN0082 DS TEMPLE MILL ISLAND,-0.7874,51.554,Thames,THAMES - WEST THAMES,L&W NORTH - WT,OPEN,FRESHWATER - RIVERS,2021-10-06T09:51:00,MONITORING  (NATIONAL AGENCY POLICY),RIVER / RUNNING SURFACE WATER,0076,Temperature of Water,13.1,CELSIUS
https://environment.data.gov.uk/water-quality/sampling-point/TH-RSN0082/sample/1367048/observation/0077,TH-RSN0082,RSN0082 DS TEMPLE MILL ISLAND,-0.7874,51.554,Thames,THAMES - WEST THAMES,L&W NORTH - WT,OPEN,FRESHWATER - RIVERS,2021-10-06T09:51:00,MONITORING  (NATIONAL AGENCY POLICY),RIVER / RUNNING SURFACE WATER,0077,Conductivity at 25 C,697,MICROSIEMENS PER CENTIMETRE
https://environment.data.gov.uk/water-quality/sampling-point/TH-RSN0082/sample/1367048/observation/0111,TH-RSN0082,RSN0082 DS TEMPLE MILL ISLAND,-0.7874,51.554,Thames,THAMES - WEST THAMES,L&W NORTH - WT,OPEN,FRESHWATER - RIVERS,2021-10-06T09:51:00,MONITORING  (NATIONAL AGENCY POLICY),RIVER / RUNNING SURFACE WATER,0111,Ammoniacal Nitrogen as N,0.065,MILLIGRAM PER LITRE
https://environment.data.gov.uk/water-quality/sampling-point/TH-RSN0082/sample/1367048/observation/0116,TH-RSN0082,RSN0082 DS TEMPLE MILL ISLAND,-0.7874,51.554,Thames,THAMES - WEST THAMES,L&W NORTH - WT,OPEN,FRESHWATER - RIVERS,2021-10-06T09:51:00,MONITORING  (NATIONAL AGENCY POLICY),RIVER / RUNNING SURFACE WATER,0116,"Nitrogen, Total Oxidised as N",6.3,MILLIGRAM PER LITRE
https://environment.data.gov.uk/water-quality/sampling-point/TH-RSN0082/sample/1367048/observation/0117,TH-RSN0082,RSN0082 DS TEMPLE MILL ISLAND,-0.7874,51.554,Thames,THAMES - WEST THAMES,L&W NORTH - WT,OPEN,FRESHWATER - RIVERS,2021-10-06T09:51:00,MONITORING  (NATIONAL AGENCY POLICY),RIVER / RUNNING SURFACE WATER,0117,Nitrate as N,6.28,MILLIGRAM PER LITRE
https://environment.data.gov.uk/water-quality/sampling-point/TH-RSN0082/sample/1367048/observation/0118,TH-RSN0082,RSN0082 DS TEMPLE MILL ISLAND,-0.7874,51.554,Thames,THAMES - WEST THAMES,L&W NORTH - WT,OPEN,FRESHWATER - RIVERS,2021-10-06T09:51:00,MONITORING  (NATIONAL AGENCY POLICY),RIVER / RUNNING SURFACE WATER,0118,Nitrite as N,0.02,MILLIGRAM PER LITRE
https://environment.data.gov.uk/water-quality/sampling-point/TH-RSN0082/sample/1367048/observation/0119,TH-RSN0082,RSN0082 DS TEMPLE MILL ISLAND,-0.7874,51.554,Thames,THAMES - WEST THAMES,L&W NORTH - WT,OPEN,FRESHWATER - RIVERS,2021-10-06T09:51:00,MONITORING  (NATIONAL AGENCY POLICY),RIVER / RUNNING SURFACE WATER,0119,Ammonia un-ionised as N,0.00149,MILLIGRAM PER LITRE
https://environment.data.gov.uk/water-quality/sampling-point/TH-RSN0082/sample/1367048/observation/0162,TH-RSN0082,RSN0082 DS TEMPLE MILL ISLAND,-0.7874,51.554,Thames,THAMES - WEST THAMES,L&W NORTH - WT,OPEN,FRESHWATER - RIVERS,2021-10-06T09:51:00,MONITORING  (NATIONAL AGENCY POLICY),RIVER / RUNNING SURFACE WATER,0162,Alkalinity to pH 4.5 as CaCO3,180,MILLIGRAM PER LITRE
https://environment.data.gov.uk/water-quality/sampling-point/TH-RSN0082/sample/1367048/observation/0172,TH-RSN0082,RSN0082 DS TEMPLE MILL ISLAND,-0.7874,51.554,Thames,THAMES - WEST THAMES,L&W NORTH - WT,OPEN,FRESHWATER - RIVERS,2021-10-06T09:51:00,MONITORING  (NATIONAL AGENCY POLICY),RIVER / RUNNING SURFACE WATER,0172,Chloride,42,MILLIGRAM PER LITRE
https://environment.data.gov.uk/water-quality/sampling-point/TH-RSN0082/sample/1367048/observation/0180,TH-RSN0082,RSN0082 DS TEMPLE MILL ISLAND,-0.7874,51.554,Thames,THAMES - WEST THAMES,L&W NORTH - WT,OPEN,FRESHWATER - RIVERS,2021-10-06T09:51:00,MONITORING  (NATIONAL AGENCY POLICY),RIVER / RUNNING SURFACE WATER,0180,"Orthophosphate, reactive as P",0.22,MILLIGRAM PER LITRE
https://environment.data.gov.uk/water-quality/sampling-point/TH-RSN0082/sample/1367048/observation/0182,TH-RSN0082,RSN0082 DS TEMPLE MILL ISLAND,-0.7874,51.554,Thames,THAMES - WEST THAMES,L&W NORTH - WT,OPEN,FRESHWATER - RIVERS,2021-10-06T09:51:00,MONITORING  (NATIONAL AGENCY POLICY),RIVER / RUNNING SURFACE WATER,0182,"Silica, reactive as SiO2",13,MILLIGRAM PER LITRE
https://environment.data.gov.uk/water-quality/sampling-point/TH-RSN0082/sample/1367048/observation/0301,TH-RSN0082,RSN0082 DS TEMPLE MILL ISLAND,-0.7874,51.554,Thames,THAMES - WEST THAMES,L&W NORTH - WT,OPEN,FRESHWATER - RIVERS,2021-10-06T09:51:00,MONITORING  (NATIONAL AGENCY POLICY),RIVER / RUNNING SURFACE WATER,0301,"Carbon, Organic, Dissolved as C :- {DOC}",4.3,MILLIGRAM PER LITRE
https://environment.data.gov.uk/water-quality/sampling-point/TH-RSN0082/sample/1367048/observation/0348,TH-RSN0082,RSN0082 DS TEMPLE MILL ISLAND,-0.7874,51.554,Thames,THAMES - WEST THAMES,L&W NORTH - WT,OPEN,FRESHWATER - RIVERS,2021-10-06T09:51:00,MONITORING  (NATIONAL AGENCY POLICY),RIVER / RUNNING SURFACE WATER,0348,"Phosphorus, Total as P",0.27,MILLIGRAM PER LITRE
https://environment.data.gov.uk/water-quality/sampling-point/TH-RSN0082/sample/1367048/observation/9686,TH-RSN0082,RSN0082 DS TEMPLE MILL ISLAND,-0.7874,51.554,Thames,THAMES - WEST THAMES,L&W NORTH - WT,OPEN,FRESHWATER - RIVERS,2021-10-06T09:51:00,MONITORING  (NATIONAL AGENCY POLICY),RIVER / RUNNING SURFACE WATER,9686,"Nitrogen, Total as N",6.9,MILLIGRAM PER LITRE
https://environment.data.gov.uk/water-quality/sampling-point/TH-RSN0082/sample/1367048/observation/9901,TH-RSN0082,RSN0082 DS TEMPLE MILL ISLAND,-0.7874,51.554,Thames,THAMES - WEST THAMES,L&W NORTH - WT,OPEN,FRESHWATER - RIVERS,2021-10-06T09:51:00,MONITORING  (NATIONAL AGENCY POLICY),RIVER / RUNNING SURFACE WATER,9901,"Oxygen, Dissolved, % Saturation",95.7,PERCENTAGE
https://environment.data.gov.uk/water-quality/sampling-point/TH-RSN0082/sample/1367048/observation/9924,TH-RSN0082,RSN0082 DS TEMPLE MILL ISLAND,-0.7874,51.554,Thames,THAMES - WEST THAMES,L&W NORTH - WT,OPEN,FRESHWATER - RIVERS,2021-10-06T09:51:00,MONITORING  (NATIONAL AGENCY POLICY),RIVER / RUNNING SURFACE WATER,9924,"Oxygen, Dissolved as O2",10,MILLIGRAM PER LITRE
https://environment.data.gov.uk/water-quality/sampling-point/TH-RSN0082/sample/1368245/observation/0061,TH-RSN0082,RSN0082 DS TEMPLE MILL ISLAND,-0.7874,51.554,Thames,THAMES - WEST THAMES,L&W NORTH - WT,OPEN,FRESHWATER - RIVERS,2021-11-09T13:09:00,MONITORING  (NATIONAL AGENCY POLICY),RIVER / RUNNING SURFACE WATER,0061,pH,7.98,PH UNITS
https://environment.data.gov.uk/water-quality/sampling-point/TH-RSN0082/sample/1368245/observation/0076,TH-RSN0082,RSN0082 DS TEMPLE MILL ISLAND,-0.7874,51.554,Thames,THAMES - WEST THAMES,L&W NORTH - WT,OPEN,FRESHWATER - RIVERS,2021-11-09T13:09:00,MONITORING  (NATIONAL AGENCY POLICY),RIVER / RUNNING SURFACE WATER,0076,Temperature of Water,9.6,CELSIUS
https://environment.data.gov.uk/water-quality/sampling-point/TH-RSN0082/sample/1368245/observation/0077,TH-RSN0082,RSN0082 DS TEMPLE MILL ISLAND,-0.7874,51.554,Thames,THAMES - WEST THAMES,L&W NORTH - WT,OPEN,FRESHWATER - RIVERS,2021-11-09T13:09:00,MONITORING  (NATIONAL AGENCY POLICY),RIVER / RUNNING SURFACE WATER,0077,Conductivity at 25 C,632,MICROSIEMENS PER CENTIMETRE
https://environment.data.gov.uk/water-quality/sampling-point/TH-RSN0082/sample/1368245/observation/0111,TH-RSN0082,RSN0082 DS TEMPLE MILL ISLAND,-0.7874,51.554,Thames,THAMES - WEST THAMES,L&W NORTH - WT,OPEN,FRESHWATER - RIVERS,2021-11-09T13:09:00,MONITORING  (NATIONAL AGENCY POLICY),RIVER / RUNNING SURFACE WATER,0111,Ammoniacal Nitrogen as N,0.059,MILLIGRAM PER LITRE
https://environment.data.gov.uk/water-quality/sampling-point/TH-RSN0082/sample/1368245/observation/0116,TH-RSN0082,RSN0082 DS TEMPLE MILL ISLAND,-0.7874,51.554,Thames,THAMES - WEST THAMES,L&W NORTH - WT,OPEN,FRESHWATER - RIVERS,2021-11-09T13:09:00,MONITORING  (NATIONAL AGENCY POLICY),RIVER / RUNNING SURFACE WATER,0116,"Nitrogen, Total Oxidised as N",6.8,MILLIGRAM PER LITRE
https://environment.data.gov.uk/water-quality/sampling-point/TH-RSN0082/sample/1368245/observation/0117,TH-RSN0082,RSN0082 DS TEMPLE MILL ISLAND,-0.7874,51.554,Thames,THAMES - WEST THAMES,L&W NORTH - WT,OPEN,FRESHWATER - RIVERS,2021-11-09T13:09:00,MONITORING  (NATIONAL AGENCY POLICY),RIVER / RUNNING SURFACE WATER,0117,Nitrate as N,6.78,MILLIGRAM PER LITRE
https://environment.data.gov.uk/water-quality/sampling-point/TH-RSN0082/sample/1368245/observation/0118,TH-RSN0082,RSN0082 DS TEMPLE MILL ISLAND,-0.7874,51.554,Thames,THAMES - WEST THAMES,L&W NORTH - WT,OPEN,FRESHWATER - RIVERS,2021-11-09T13:09:00,MONITORING  (NATIONAL AGENCY POLICY),RIVER / RUNNING SURFACE WATER,0118,Nitrite as N,0.022,MILLIGRAM PER LITRE
https://environment.data.gov.uk/water-quality/sampling-point/TH-RSN0082/sample/1368245/observation/0119,TH-RSN0082,RSN0082 DS TEMPLE MILL ISLAND,-0.7874,51.554,Thames,THAMES - WEST THAMES,L&W NORTH - WT,OPEN,FRESHWATER - RIVERS,2021-11-09T13:09:00,MONITORING  (NATIONAL AGENCY POLICY),RIVER / RUNNING SURFACE WATER,0119,Ammonia un-ionised as N,0.001,MILLIGRAM PER LITRE
https://environment.data.gov.uk/water-quality/sampling-point/TH-RSN0082/sample/1368245/observation/0162,TH-RSN0082,RSN0082 DS TEMPLE MILL ISLAND,-0.7874,51.554,Thames,THAMES - WEST THAMES,L&W NORTH - WT,OPEN,FRESHWATER - RIVERS,2021-11-09T13:09:00,MONITORING  (NATIONAL AGENCY POLICY),RIVER / RUNNING SURFACE WATER,0162,Alkalinity to pH 4.5 as CaCO3,210,MILLIGRAM PER LITRE
https://environment.data.gov.uk/water-quality/sampling-point/TH-RSN0082/sample/1368245/observation/0172,TH-RSN0082,RSN0082 DS TEMPLE MILL ISLAND,-0.7874,51.554,Thames,THAMES - WEST THAMES,L&W NORTH - WT,OPEN,FRESHWATER - RIVERS,2021-11-09T13:09:00,MONITORING  (NATIONAL AGENCY POLICY),RIVER / RUNNING SURFACE WATER,0172,Chloride,36,MILLIGRAM PER LITRE
https://environment.data.gov.uk/water-quality/sampling-point/TH-RSN0082/sample/1368245/observation/0180,TH-RSN0082,RSN0082 DS TEMPLE MILL ISLAND,-0.7874,51.554,Thames,THAMES - WEST THAMES,L&W NORTH - WT,OPEN,FRESHWATER - RIVERS,2021-11-09T13:09:00,MONITORING  (NATIONAL AGENCY POLICY),RIVER / RUNNING SURFACE WATER,0180,"Orthophosphate, reactive as P",0.2,MILLIGRAM PER LITRE
https://environment.data.gov.uk/water-quality/sampling-point/TH-RSN0082/sample/1368245/observation/0182,TH-RSN0082,RSN0082 DS TEMPLE MILL ISLAND,-0.7874,51.554,Thames,THAMES - WEST THAMES,L&W NORTH - WT,OPEN,FRESHWATER - RIVERS,2021-11-09T13:09:00,MONITORING  (NATIONAL AGENCY POLICY),RIVER / RUNNING SURFACE WATER,0182,"Silica, reactive as SiO2",14,MILLIGRAM PER LITRE
https://environment.data.gov.uk/water-quality/sampling-point/TH-RSN0082/sample/1368245/observation/0301,TH-RSN0082,RSN0082 DS TEMPLE MILL ISLAND,-0.7874,51.554,Thames,THAMES - WEST THAMES,L&W NORTH - WT,OPEN,FRESHWATER - RIVERS,2021-11-09T13:09:00,MONITORING  (NATIONAL AGENCY POLICY),RIVER / RUNNING SURFACE WATER,0301,"Carbon, Organic, Dissolved as C :- {DOC}",5.9,MILLIGRAM PER LITRE
https://environment.data.gov.uk/water-quality/sampling-point/TH-RSN0082/sample/1368245/observation/0348,TH-RSN0082,RSN0082 DS TEMPLE MILL ISLAND,-0.7874,51.554,Thames,THAMES - WEST THAMES,L&W NORTH - WT,OPEN,FRESHWATER - RIVERS,2021-11-09T13:09:00,MONITORING  (NATIONAL AGENCY POLICY),RIVER / RUNNING SURFACE WATER,0348,"Phosphorus, Total as P",0.21,MILLIGRAM PER LITRE
https://environment.data.gov.uk/water-quality/sampling-point/TH-RSN0082/sample/1368245/observation/9686,TH-RSN0082,RSN0082 DS TEMPLE MILL ISLAND,-0.7874,51.554,Thames,THAMES - WEST THAMES,L&W NORTH - WT,OPEN,FRESHWATER - RIVERS,2021-11-09T13:09:00,MONITORING  (NATIONAL AGENCY POLICY),RIVER / RUNNING SURFACE WATER,9686,"Nitrogen, Total as N",7.1,MILLIGRAM PER LITRE
https://environment.data.gov.uk/water-quality/sampling-point/TH-RSN0082/sample/1368245/observation/9901,TH-RSN0082,RSN0082 DS TEMPLE MILL ISLAND,-0.7874,51.554,Thames,THAMES - WEST THAMES,L&W NORTH - WT,OPEN,FRESHWATER - RIVERS,2021-11-09T13:09:00,MONITORING  (NATIONAL AGENCY POLICY),RIVER / RUNNING SURFACE WATER,9901,"Oxygen, Dissolved, % Saturation",97.5,PERCENTAGE
https://environment.data.gov.uk/water-quality/sampling-point/TH-RSN0082/sample/1368245/observation/9924,TH-RSN0082,RSN0082 DS TEMPLE MILL ISLAND,-0.7874,51.554,Thames,THAMES - WEST THAMES,L&W NORTH - WT,OPEN,FRESHWATER - RIVERS,2021-11-09T13:09:00,MONITORING  (NATIONAL AGENCY POLICY),RIVER / RUNNING SURFACE WATER,9924,"Oxygen, Dissolved as O2",11.1,MILLIGRAM PER LITRE
https://environment.data.gov.uk/water-quality/sampling-point/TH-RSN0082/sample/1369566/observation/0061,TH-RSN0082,RSN0082 DS TEMPLE MILL ISLAND,-0.7874,51.554,Thames,THAMES - WEST THAMES,L&W NORTH - WT,OPEN,FRESHWATER - RIVERS,2021-12-10T12:05:00,MONITORING  (NATIONAL AGENCY POLICY),RIVER / RUNNING SURFACE WATER,0061,pH,8.14,PH UNITS
https://environment.data.gov.uk/water-quality/sampling-point/TH-RSN0082/sample/1369566/observation/0076,TH-RSN0082,RSN0082 DS TEMPLE MILL ISLAND,-0.7874,51.554,Thames,THAMES - WEST THAMES,L&W NORTH - WT,OPEN,FRESHWATER - RIVERS,2021-12-10T12:05:00,MONITORING  (NATIONAL AGENCY POLICY),RIVER / RUNNING SURFACE WATER,0076,Temperature of Water,5.3,CELSIUS
https://environment.data.gov.uk/water-quality/sampling-point/TH-RSN0082/sample/1369566/observation/0077,TH-RSN0082,RSN0082 DS TEMPLE MILL ISLAND,-0.7874,51.554,Thames,THAMES - WEST THAMES,L&W NORTH - WT,OPEN,FRESHWATER - RIVERS,2021-12-10T12:05:00,MONITORING  (NATIONAL AGENCY POLICY),RIVER / RUNNING SURFACE WATER,0077,Conductivity at 25 C,712,MICROSIEMENS PER CENTIMETRE
https://environment.data.gov.uk/water-quality/sampling-point/TH-RSN0082/sample/1369566/observation/0111,TH-RSN0082,RSN0082 DS TEMPLE MILL ISLAND,-0.7874,51.554,Thames,THAMES - WEST THAMES,L&W NORTH - WT,OPEN,FRESHWATER - RIVERS,2021-12-10T12:05:00,MONITORING  (NATIONAL AGENCY POLICY),RIVER / RUNNING SURFACE WATER,0111,Ammoniacal Nitrogen as N,0.057,MILLIGRAM PER LITRE
https://environment.data.gov.uk/water-quality/sampling-point/TH-RSN0082/sample/1369566/observation/0116,TH-RSN0082,RSN0082 DS TEMPLE MILL ISLAND,-0.7874,51.554,Thames,THAMES - WEST THAMES,L&W NORTH - WT,OPEN,FRESHWATER - RIVERS,2021-12-10T12:05:00,MONITORING  (NATIONAL AGENCY POLICY),RIVER / RUNNING SURFACE WATER,0116,"Nitrogen, Total Oxidised as N",7.7,MILLIGRAM PER LITRE
https://environment.data.gov.uk/water-quality/sampling-point/TH-RSN0082/sample/1369566/observation/0117,TH-RSN0082,RSN0082 DS TEMPLE MILL ISLAND,-0.7874,51.554,Thames,THAMES - WEST THAMES,L&W NORTH - WT,OPEN,FRESHWATER - RIVERS,2021-12-10T12:05:00,MONITORING  (NATIONAL AGENCY POLICY),RIVER / RUNNING SURFACE WATER,0117,Nitrate as N,7.68,MILLIGRAM PER LITRE
https://environment.data.gov.uk/water-quality/sampling-point/TH-RSN0082/sample/1369566/observation/0118,TH-RSN0082,RSN0082 DS TEMPLE MILL ISLAND,-0.7874,51.554,Thames,THAMES - WEST THAMES,L&W NORTH - WT,OPEN,FRESHWATER - RIVERS,2021-12-10T12:05:00,MONITORING  (NATIONAL AGENCY POLICY),RIVER / RUNNING SURFACE WATER,0118,Nitrite as N,0.024,MILLIGRAM PER LITRE
https://environment.data.gov.uk/water-quality/sampling-point/TH-RSN0082/sample/1369566/observation/0119,TH-RSN0082,RSN0082 DS TEMPLE MILL ISLAND,-0.7874,51.554,Thames,THAMES - WEST THAMES,L&W NORTH - WT,OPEN,FRESHWATER - RIVERS,2021-12-10T12:05:00,MONITORING  (NATIONAL AGENCY POLICY),RIVER / RUNNING SURFACE WATER,0119,Ammonia un-ionised as N,0.00074,MILLIGRAM PER LITRE
https://environment.data.gov.uk/water-quality/sampling-point/TH-RSN0082/sample/1369566/observation/0162,TH-RSN0082,RSN0082 DS TEMPLE MILL ISLAND,-0.7874,51.554,Thames,THAMES - WEST THAMES,L&W NORTH - WT,OPEN,FRESHWATER - RIVERS,2021-12-10T12:05:00,MONITORING  (NATIONAL AGENCY POLICY),RIVER / RUNNING SURFACE WATER,0162,Alkalinity to pH 4.5 as CaCO3,230,MILLIGRAM PER LITRE
https://environment.data.gov.uk/water-quality/sampling-point/TH-RSN0082/sample/1369566/observation/0172,TH-RSN0082,RSN0082 DS TEMPLE MILL ISLAND,-0.7874,51.554,Thames,THAMES - WEST THAMES,L&W NORTH - WT,OPEN,FRESHWATER - RIVERS,2021-12-10T12:05:00,MONITORING  (NATIONAL AGENCY POLICY),RIVER / RUNNING SURFACE WATER,0172,Chloride,48,MILLIGRAM PER LITRE
https://environment.data.gov.uk/water-quality/sampling-point/TH-RSN0082/sample/1369566/observation/0180,TH-RSN0082,RSN0082 DS TEMPLE MILL ISLAND,-0.7874,51.554,Thames,THAMES - WEST THAMES,L&W NORTH - WT,OPEN,FRESHWATER - RIVERS,2021-12-10T12:05:00,MONITORING  (NATIONAL AGENCY POLICY),RIVER / RUNNING SURFACE WATER,0180,"Orthophosphate, reactive as P",0.19,MILLIGRAM PER LITRE
https://environment.data.gov.uk/water-quality/sampling-point/TH-RSN0082/sample/1369566/observation/0182,TH-RSN0082,RSN0082 DS TEMPLE MILL ISLAND,-0.7874,51.554,Thames,THAMES - WEST THAMES,L&W NORTH - WT,OPEN,FRESHWATER - RIVERS,2021-12-10T12:05:00,MONITORING  (NATIONAL AGENCY POLICY),RIVER / RUNNING SURFACE WATER,0182,"Silica, reactive as SiO2",12,MILLIGRAM PER LITRE
https://environment.data.gov.uk/water-quality/sampling-point/TH-RSN0082/sample/1369566/observation/0301,TH-RSN0082,RSN0082 DS TEMPLE MILL ISLAND,-0.7874,51.554,Thames,THAMES - WEST THAMES,L&W NORTH - WT,OPEN,FRESHWATER - RIVERS,2021-12-10T12:05:00,MONITORING  (NATIONAL AGENCY POLICY),RIVER / RUNNING SURFACE WATER,0301,"Carbon, Organic, Dissolved as C :- {DOC}",3.9,MILLIGRAM PER LITRE
https://environment.data.gov.uk/water-quality/sampling-point/TH-RSN0082/sample/1369566/observation/0348,TH-RSN0082,RSN0082 DS TEMPLE MILL ISLAND,-0.7874,51.554,Thames,THAMES - WEST THAMES,L&W NORTH - WT,OPEN,FRESHWATER - RIVERS,2021-12-10T12:05:00,MONITORING  (NATIONAL AGENCY POLICY),RIVER / RUNNING SURFACE WATER,0348,"Phosphorus, Total as P",0.23,MILLIGRAM PER LITRE
https://environment.data.gov.uk/water-quality/sampling-point/TH-RSN0082/sample/1369566/observation/9686,TH-RSN0082,RSN0082 DS TEMPLE MILL ISLAND,-0.7874,51.554,Thames,THAMES - WEST THAMES,L&W NORTH - WT,OPEN,FRESHWATER - RIVERS,2021-12-10T12:05:00,MONITORING  (NATIONAL AGENCY POLICY),RIVER / RUNNING SURFACE WATER,9686,"Nitrogen, Total as N",8.3,MILLIGRAM PER LITRE
https://environment.data.gov.uk/water-quality/sampling-point/TH-RSN0082/sample/1369566/observation/9901,TH-RSN0082,RSN0082 DS TEMPLE MILL ISLAND,-0.7874,51.554,Thames,THAMES - WEST THAMES,L&W NORTH - WT,OPEN,FRESHWATER - RIVERS,2021-12-10T12:05:00,MONITORING  (NATIONAL AGENCY POLICY),RIVER / RUNNING SURFACE WATER,9901,"Oxygen, Dissolved, % Saturation",100.2,PERCENTAGE
https://environment.data.gov.uk/water-quality/sampling-point/TH-RSN0082/sample/1369566/observation/9924,TH-RSN0082,RSN0082 DS TEMPLE MILL ISLAND,-0.7874,51.554,Thames,THAMES - WEST THAMES,L&W NORTH - WT,OPEN,FRESHWATER - RIVERS,2021-12-10T12:05:00,MONITORING  (NATIONAL AGENCY POLICY),RIVER / RUNNING SURFACE WATER,9924,"Oxygen, Dissolved as O2",12.7,MILLIGRAM PER LITRE
