id,samplingPoint.notation,samplingPoint.prefLabel,samplingPoint.longitude,samplingPoint.latitude,samplingPoint.region,samplingPoint.area,samplingPoint.subArea,samplingPoint.samplingPointStatus,samplingPoint.samplingPointType,phenomenonTime,samplingPurpose,sampleMaterialType,determinand.notation,determinand.prefLabel,result,unit
https://environment.data.gov.uk/water-quality/sampling-point/TH-PTHR0082/sample/1388097/observation/0061,TH-PTHR0082,THAMES AT COOKHAM BRIDGE,-0.7059,51.5621,Thames,THAMES - WEST THAMES,L&W NORTH - WT,OPEN,FRESHWATER - RIVERS,2023-01-31T10:07:00,ENVIRONMENTAL MONITORING STATUTORY (EU DIRECTIVES),RIVER / RUNNING SURFACE WATER,0061,pH,8.18,PH UNITS
https://environment.data.gov.uk/water-quality/sampling-point/TH-PTHR0082/sample/1388097/observation/0076,TH-PTHR0082,THAMES AT COOKHAM BRIDGE,-0.7059,51.5621,Thames,THAMES - WEST THAMES,L&W NORTH - WT,OPEN,FRESHWATER - RIVERS,2023-01-31T10:07:00,ENVIRONMENTAL MONITORING STATUTORY (EU DIRECTIVES),RIVER / RUNNING SURFACE WATER,0076,Temperature of Water,7.2,CELSIUS
https://environment.data.gov.uk/water-quality/sampling-point/TH-PTHR0082/sample/1388097/observation/0077,TH-PTHR0082,THAMES AT COOKHAM BRIDGE,-0.7059,51.5621,Thames,THAMES - WEST THAMES,L&W NORTH - WT,OPEN,FRESHWATER - RIVERS,2023-01-31T10:07:00,ENVIRONMENTAL MONITORING STATUTORY (EU DIRECTIVES),RIVER / RUNNING SURFACE WATER,0077,Conductivity at 25 C,688,MICROSIEMENS PER CENTIMETRE
https://environment.data.gov.uk/water-quality/sampling-point/TH-PTHR0082/sample/1388097/observation/0111,TH-PTHR0082,THAMES AT COOKHAM BRIDGE,-0.7059,51.5621,Thames,THAMES - WEST THAMES,L&W NORTH - WT,OPEN,FRESHWATER - RIVERS,2023-01-31T10:07:00,ENVIRONMENTAL MONITORING STATUTORY (EU DIRECTIVES),RIVER / RUNNING SURFACE WATER,0111,Ammoniacal Nitrogen as N,0.044,MILLIGRAM PER LITRE
https://environment.data.gov.uk/water-quality/sampling-point/TH-PTHR0082/sample/1388097/observation/0116,TH-PTHR0082,THAMES AT COOKHAM BRIDGE,-0.7059,51.5621,Thames,THAMES - WEST THAMES,L&W NORTH - WT,OPEN,FRESHWATER - RIVERS,2023-01-31T10:07:00,ENVIRONMENTAL MONITORING STATUTORY (EU DIRECTIVES),RIVER / RUNNING SURFACE WATER,0116,"Nitrogen, Total Oxidised as N",7.5,MILLIGRAM PER LITRE
https://environment.data.gov.uk/water-quality/sampling-point/TH-PTHR0082/sample/1388097/observation/0117,TH-PTHR0082,THAMES AT COOKHAM BRIDGE,-0.7059,51.5621,Thames,THAMES - WEST THAMES,L&W NORTH - WT,OPEN,FRESHWATER - RIVERS,2023-01-31T10:07:00,ENVIRONMENTAL MONITORING STATUTORY (EU DIRECTIVES),RIVER / RUNNING SURFACE WATER,0117,Nitrate as N,7.47,MILLIGRAM PER LITRE
https://environment.data.gov.uk/water-quality/sampling-point/TH-PTHR0082/sample/1388097/observation/0118,TH-PTHR0082,THAMES AT COOKHAM BRIDGE,-0.7059,51.5621,Thames,THAMES - WEST THAMES,L&W NORTH - WT,OPEN,FRESHWATER - RIVERS,2023-01-31T10:07:00,ENVIRONMENTAL MONITORING STATUTORY (EU DIRECTIVES),RIVER / RUNNING SURFACE WATER,0118,Nitrite as N,0.032,MILLIGRAM PER LITRE
https://environment.data.gov.uk/water-quality/sampling-point/TH-PTHR0082/sample/1388097/observation/0119,TH-PTHR0082,THAMES AT COOKHAM BRIDGE,-0.7059,51.5621,Thames,THAMES - WEST THAMES,L&W NORTH - WT,OPEN,FRESHWATER - RIVERS,2023-01-31T10:07:00,ENVIRONMENTAL MONITORING STATUTORY (EU DIRECTIVES),RIVER / RUNNING SURFACE WATER,0119,Ammonia un-ionised as N,0.00065,MILLIGRAM PER LITRE
https://environment.data.gov.uk/water-quality/sampling-point/TH-PTHR0082/sample/1388097/observation/0162,TH-PTHR0082,THAMES AT COOKHAM BRIDGE,-0.7059,51.5621,Thames,THAMES - WEST THAMES,L&W NORTH - WT,OPEN,FRESHWATER - RIVERS,2023-01-31T10:07:00,ENVIRONMENTAL MONITORING STATUTORY (EU DIRECTIVES),RIVER / RUNNING SURFACE WATER,0162,Alkalinity to pH 4.5 as CaCO3,230,MILLIGRAM PER LITRE
https://environment.data.gov.uk/water-quality/sampling-point/TH-PTHR0082/sample/1388097/observation/0180,TH-PTHR0082,THAMES AT COOKHAM BRIDGE,-0.7059,51.5621,Thames,THAMES - WEST THAMES,L&W NORTH - WT,OPEN,FRESHWATER - RIVERS,2023-01-31T10:07:00,ENVIRONMENTAL MONITORING STATUTORY (EU DIRECTIVES),RIVER / RUNNING SURFACE WATER,0180,"Orthophosphate, reactive as P",0.093,MILLIGRAM PER LITRE
https://environment.data.gov.uk/water-quality/sampling-point/TH-PTHR0082/sample/1388097/observation/9901,TH-PTHR0082,THAMES AT COOKHAM BRIDGE,-0.7059,51.5621,Thames,THAMES - WEST THAMES,L&W NORTH - WT,OPEN,FRESHWATER - RIVERS,2023-01-31T10:07:00,ENVIRONMENTAL MONITORING STATUTORY (EU DIRECTIVES),RIVER / RUNNING SURFACE WATER,9901,"Oxygen, Dissolved, % Saturation",95.9,PERCENTAGE
https://environment.data.gov.uk/water-quality/sampling-point/TH-PTHR0082/sample/1388097/observation/9924,TH-PTHR0082,THAMES AT COOKHAM BRIDGE,-0.7059,51.5621,Thames,THAMES - WEST THAMES,L&W NORTH - WT,OPEN,FRESHWATER - RIVERS,2023-01-31T10:07:00,ENVIRONMENTAL MONITORING STATUTORY (EU DIRECTIVES),RIVER / RUNNING SURFACE WATER,9924,"Oxygen, Dissolved as O2",11.6,MILLIGRAM PER LITRE
https://environment.data.gov.uk/water-quality/sampling-point/TH-PTHR0082/sample/1389049/observation/0061,TH-PTHR0082,THAMES AT COOKHAM BRIDGE,-0.7059,51.5621,Thames,THAMES - WEST THAMES,L&W NORTH - WT,OPEN,FRESHWATER - RIVERS,2023-02-24T12:32:00,ENVIRONMENTAL MONITORING STATUTORY (EU DIRECTIVES),RIVER / RUNNING SURFACE WATER,0061,pH,8.27,PH UNITS
https://environment.data.gov.uk/water-quality/sampling-point/TH-PTHR0082/sample/1389049/observation/0076,TH-PTHR0082,THAMES AT COOKHAM BRIDGE,-0.7059,51.5621,Thames,THAMES - WEST THAMES,L&W NORTH - WT,OPEN,FRESHWATER - RIVERS,2023-02-24T12:32:00,ENVIRONMENTAL MONITORING STATUTORY (EU DIRECTIVES),RIVER / RUNNING SURFACE WATER,0076,Temperature of Water,8.5,CELSIUS
https://environment.data.gov.uk/water-quality/sampling-point/TH-PTHR0082/sample/1389049/observation/0077,TH-PTHR0082,THAMES AT COOKHAM BRIDGE,-0.7059,51.5621,Thames,THAMES - WEST THAMES,L&W NORTH - WT,OPEN,FRESHWATER - RIVERS,2023-02-24T12:32:00,ENVIRONMENTAL MONITORING STATUTORY (EU DIRECTIVES),RIVER / RUNNING SURFACE WATER,0077,Conductivity at 25 C,677,MICROSIEMENS PER CENTIMETRE
https://environment.data.gov.uk/water-quality/sampling-point/TH-PTHR0082/sample/1389049/observation/0111,TH-PTHR0082,THAMES AT COOKHAM BRIDGE,-0.7059,51.5621,Thames,THAMES - WEST THAMES,L&W NORTH - WT,OPEN,FRESHWATER - RIVERS,2023-02-24T12:32:00,ENVIRONMENTAL MONITORING STATUTORY (EU DIRECTIVES),RIVER / RUNNING SURFACE WATER,0111,Ammoniacal Nitrogen as N,0.041,MILLIGRAM PER LITRE
https://environment.data.gov.uk/water-quality/sampling-point/TH-PTHR0082/sample/1389049/observation/0116,TH-PTHR0082,THAMES AT COOKHAM BRIDGE,-0.7059,51.5621,Thames,THAMES - WEST THAMES,L&W NORTH - WT,OPEN,FRESHWATER - RIVERS,2023-02-24T12:32:00,ENVIRONMENTAL MONITORING STATUTORY (EU DIRECTIVES),RIVER / RUNNING SURFACE WATER,0116,"Nitrogen, Total Oxidised as N",8,MILLIGRAM PER LITRE
https://environment.data.gov.uk/water-quality/sampling-point/TH-PTHR0082/sample/1389049/observation/0117,TH-PTHR0082,THAMES AT COOKHAM BRIDGE,-0.7059,51.5621,Thames,THAMES - WEST THAMES,L&W NORTH - WT,OPEN,FRESHWATER - RIVERS,2023-02-24T12:32:00,ENVIRONMENTAL MONITORING STATUTORY (EU DIRECTIVES),RIVER / RUNNING SURFACE WATER,0117,Nitrate as N,7.98,MILLIGRAM PER LITRE
https://environment.data.gov.uk/water-quality/sampling-point/TH-PTHR0082/sample/1389049/observation/0118,TH-PTHR0082,THAMES AT COOKHAM BRIDGE,-0.7059,51.5621,Thames,THAMES - WEST THAMES,L&W NORTH - WT,OPEN,FRESHWATER - RIVERS,2023-02-24T12:32:00,ENVIRONMENTAL MONITORING STATUTORY (EU DIRECTIVES),RIVER / RUNNING SURFACE WATER,0118,Nitrite as N,0.018,MILLIGRAM PER LITRE
https://environment.data.gov.uk/water-quality/sampling-point/TH-PTHR0082/sample/1389049/observation/0119,TH-PTHR0082,THAMES AT COOKHAM BRIDGE,-0.7059,51.5621,Thames,THAMES - WEST THAMES,L&W NORTH - WT,OPEN,FRESHWATER - RIVERS,2023-02-24T12:32:00,ENVIRONMENTAL MONITORING STATUTORY (EU DIRECTIVES),RIVER / RUNNING SURFACE WATER,0119,Ammonia un-ionised as N,0.00067,MILLIGRAM PER LITRE
https://environment.data.gov.uk/water-quality/sampling-point/TH-PTHR0082/sample/1389049/observation/0162,TH-PTHR0082,THAMES AT COOKHAM BRIDGE,-0.7059,51.5621,Thames,THAMES - WEST THAMES,L&W NORTH - WT,OPEN,FRESHWATER - RIVERS,2023-02-24T12:32:00,ENVIRONMENTAL MONITORING STATUTORY (EU DIRECTIVES),RIVER / RUNNING SURFACE WATER,0162,Alkalinity to pH 4.5 as CaCO3,230,MILLIGRAM PER LITRE
https://environment.data.gov.uk/water-quality/sampling-point/TH-PTHR0082/sample/1389049/observation/0180,TH-PTHR0082,THAMES AT COOKHAM BRIDGE,-0.7059,51.5621,Thames,THAMES - WEST THAMES,L&W NORTH - WT,OPEN,FRESHWATER - RIVERS,2023-02-24T12:32:00,ENVIRONMENTAL MONITORING STATUTORY (EU DIRECTIVES),RIVER / RUNNING SURFACE WATER,0180,"Orthophosphate, reactive as P",0.1,MILLIGRAM PER LITRE
https://environment.data.gov.uk/water-quality/sampling-point/TH-PTHR0082/sample/1389049/observation/9901,TH-PTHR0082,THAMES AT COOKHAM BRIDGE,-0.7059,51.5621,Thames,THAMES - WEST THAMES,L&W NORTH - WT,OPEN,FRESHWATER - RIVERS,2023-02-24T12:32:00,ENVIRONMENTAL MONITORING STATUTORY (EU DIRECTIVES),RIVER / RUNNING SURFACE WATER,9901,"Oxygen, Dissolved, % Saturation",103.2,PERCENTAGE
https://environment.data.gov.uk/water-quality/sampling-point/TH-PTHR0082/sample/1389049/observation/9924,TH-PTHR0082,THAMES AT COOKHAM BRIDGE,-0.7059,51.5621,Thames,THAMES - WEST THAMES,L&W NORTH - WT,OPEN,FRESHWATER - RIVERS,2023-02-24T12:32:00,ENVIRONMENTAL MONITORING STATUTORY (EU DIRECTIVES),RIVER / RUNNING SURFACE WATER,9924,"Oxygen, Dissolved as O2",12.1,MILLIGRAM PER LITRE
https://environment.data.gov.uk/water-quality/sampling-point/TH-PTHR0082/sample/1389425/observation/0061,TH-PTHR0082,THAMES AT COOKHAM BRIDGE,-0.7059,51.5621,Thames,THAMES - WEST THAMES,L&W NORTH - WT,OPEN,FRESHWATER - RIVERS,2023-03-13T12:01:00,ENVIRONMENTAL MONITORING STATUTORY (EU DIRECTIVES),RIVER / RUNNING SURFACE WATER,0061,pH,8.11,PH UNITS
https://environment.data.gov.uk/water-quality/sampling-point/TH-PTHR0082/sample/1389425/observation/0076,TH-PTHR0082,THAMES AT COOKHAM BRIDGE,-0.7059,51.5621,Thames,THAMES - WEST THAMES,L&W NORTH - WT,OPEN,FRESHWATER - RIVERS,2023-03-13T12:01:00,ENVIRONMENTAL MONITORING STATUTORY (EU DIRECTIVES),RIVER / RUNNING SURFACE WATER,0076,Temperature of Water,8,CELSIUS
https://environment.data.gov.uk/water-quality/sampling-point/TH-PTHR0082/sample/1389425/observation/0077,TH-PTHR0082,THAMES AT COOKHAM BRIDGE,-0.7059,51.5621,Thames,THAMES - WEST THAMES,L&W NORTH - WT,OPEN,FRESHWATER - RIVERS,2023-03-13T12:01:00,ENVIRONMENTAL MONITORING STATUTORY (EU DIRECTIVES),RIVER / RUNNING SURFACE WATER,0077,Conductivity at 25 C,685,MICROSIEMENS PER CENTIMETRE
https://environment.data.gov.uk/water-quality/sampling-point/TH-PTHR0082/sample/1389425/observation/0111,TH-PTHR0082,THAMES AT COOKHAM BRIDGE,-0.7059,51.5621,Thames,THAMES - WEST THAMES,L&W NORTH - WT,OPEN,FRESHWATER - RIVERS,2023-03-13T12:01:00,ENVIRONMENTAL MONITORING STATUTORY (EU DIRECTIVES),RIVER / RUNNING SURFACE WATER,0111,Ammoniacal Nitrogen as N,0.042,MILLIGRAM PER LITRE
https://environment.data.gov.uk/water-quality/sampling-point/TH-PTHR0082/sample/1389425/observation/0116,TH-PTHR0082,THAMES AT COOKHAM BRIDGE,-0.7059,51.5621,Thames,THAMES - WEST THAMES,L&W NORTH - WT,OPEN,FRESHWATER - RIVERS,2023-03-13T12:01:00,ENVIRONMENTAL MONITORING STATUTORY (EU DIRECTIVES),RIVER / RUNNING SURFACE WATER,0116,"Nitrogen, Total Oxidised as N",7.3,MILLIGRAM PER LITRE
https://environment.data.gov.uk/water-quality/sampling-point/TH-PTHR0082/sample/1389425/observation/0117,TH-PTHR0082,THAMES AT COOKHAM BRIDGE,-0.7059,51.5621,Thames,THAMES - WEST THAMES,L&W NORTH - WT,OPEN,FRESHWATER - RIVERS,2023-03-13T12:01:00,ENVIRONMENTAL MONITORING STATUTORY (EU DIRECTIVES),RIVER / RUNNING SURFACE WATER,0117,Nitrate as N,7.27,MILLIGRAM PER LITRE
https://environment.data.gov.uk/water-quality/sampling-point/TH-PTHR0082/sample/1389425/observation/0118,TH-PTHR0082,THAMES AT COOKHAM BRIDGE,-0.7059,51.5621,Thames,THAMES - WEST THAMES,L&W NORTH - WT,OPEN,FRESHWATER - RIVERS,2023-03-13T12:01:00,ENVIRONMENTAL MONITORING STATUTORY (EU DIRECTIVES),RIVER / RUNNING SURFACE WATER,0118,Nitrite as N,0.028,MILLIGRAM PER LITRE
https://environment.data.gov.uk/water-quality/sampling-point/TH-PTHR0082/sample/1389425/observation/0119,TH-PTHR0082,THAMES AT COOKHAM BRIDGE,-0.7059,51.5621,Thames,THAMES - WEST THAMES,L&W NORTH - WT,OPEN,FRESHWATER - RIVERS,2023-03-13T12:01:00,ENVIRONMENTAL MONITORING STATUTORY (EU DIRECTIVES),RIVER / RUNNING SURFACE WATER,0119,Ammonia un-ionised as N,0.00066,MILLIGRAM PER LITRE
https://environment.data.gov.uk/water-quality/sampling-point/TH-PTHR0082/sample/1389425/observation/0162,TH-PTHR0082,THAMES AT COOKHAM BRIDGE,-0.7059,51.5621,Thames,THAMES - WEST THAMES,L&W NORTH - WT,OPEN,FRESHWATER - RIVERS,2023-03-13T12:01:00,ENVIRONMENTAL MONITORING STATUTORY (EU DIRECTIVES),RIVER / RUNNING SURFACE WATER,0162,Alkalinity to pH 4.5 as CaCO3,200,MILLIGRAM PER LITRE
https://environment.data.gov.uk/water-quality/sampling-point/TH-PTHR0082/sample/1389425/observation/0180,TH-PTHR0082,THAMES AT COOKHAM BRIDGE,-0.7059,51.5621,Thames,THAMES - WEST THAMES,L&W NORTH - WT,OPEN,FRESHWATER - RIVERS,2023-03-13T12:01:00,ENVIRONMENTAL MONITORING STATUTORY (EU DIRECTIVES),RIVER / RUNNING SURFACE WATER,0180,"Orthophosphate, reactive as P",0.12,MILLIGRAM PER LITRE
https://environment.data.gov.uk/water-quality/sampling-point/TH-PTHR0082/sample/1389425/observation/9901,TH-PTHR0082,THAMES AT COOKHAM BRIDGE,-0.7059,51.5621,Thames,THAMES - WEST THAMES,L&W NORTH - WT,OPEN,FRESHWATER - RIVERS,2023-03-13T12:01:00,ENVIRONMENTAL MONITORING STATUTORY (EU DIRECTIVES),RIVER / RUNNING SURFACE WATER,9901,"Oxygen, Dissolved, % Saturation",105,PERCENTAGE
https://environment.data.gov.uk/water-quality/sampling-point/TH-PTHR0082/sample/1389425/observation/9924,TH-PTHR0082,THAMES AT COOKHAM BRIDGE,-0.7059,51.5621,Thames,THAMES - WEST THAMES,L&W NORTH - WT,OPEN,FRESHWATER - RIVERS,2023-03-13T12:01:00,ENVIRONMENTAL MONITORING STATUTORY (EU DIRECTIVES),RIVER / RUNNING SURFACE WATER,9924,"Oxygen, Dissolved as O2",12.4,MILLIGRAM PER LITRE
https://environment.data.gov.uk/water-quality/sampling-point/TH-PTHR0082/sample/1391324/observation/0061,TH-PTHR0082,THAMES AT COOKHAM BRIDGE,-0.7059,51.5621,Thames,THAMES - WEST THAMES,L&W NORTH - WT,OPEN,FRESHWATER - RIVERS,2023-05-17T12:10:00,ENVIRONMENTAL MONITORING STATUTORY (EU DIRECTIVES),RIVER / RUNNING SURFACE WATER,0061,pH,8.09,PH UNITS
https://environment.data.gov.uk/water-quality/sampling-point/TH-PTHR0082/sample/1391324/observation/0076,TH-PTHR0082,THAMES AT COOKHAM BRIDGE,-0.7059,51.5621,Thames,THAMES - WEST THAMES,L&W NORTH - WT,OPEN,FRESHWATER - RIVERS,2023-05-17T12:10:00,ENVIRONMENTAL MONITORING STATUTORY (EU DIRECTIVES),RIVER / RUNNING SURFACE WATER,0076,Temperature of Water,15.1,CELSIUS
https://environment.data.gov.uk/water-quality/sampling-point/TH-PTHR0082/sample/1391324/observation/0077,TH-PTHR0082,THAMES AT COOKHAM BRIDGE,-0.7059,51.5621,Thames,THAMES - WEST THAMES,L&W NORTH - WT,OPEN,FRESHWATER - RIVERS,2023-05-17T12:10:00,ENVIRONMENTAL MONITORING STATUTORY (EU DIRECTIVES),RIVER / RUNNING SURFACE WATER,0077,Conductivity at 25 C,638,MICROSIEMENS PER CENTIMETRE
https://environment.data.gov.uk/water-quality/sampling-point/TH-PTHR0082/sample/1391324/observation/0111,TH-PTHR0082,THAMES AT COOKHAM BRIDGE,-0.7059,51.5621,Thames,THAMES - WEST THAMES,L&W NORTH - WT,OPEN,FRESHWATER - RIVERS,2023-05-17T12:10:00,ENVIRONMENTAL MONITORING STATUTORY (EU DIRECTIVES),RIVER / RUNNING SURFACE WATER,0111,Ammoniacal Nitrogen as N,<0.03,MILLIGRAM PER LITRE
https://environment.data.gov.uk/water-quality/sampling-point/TH-PTHR0082/sample/1391324/observation/0116,TH-PTHR0082,THAMES AT COOKHAM BRIDGE,-0.7059,51.5621,Thames,THAMES - WEST THAMES,L&W NORTH - WT,OPEN,FRESHWATER - RIVERS,2023-05-17T12:10:00,ENVIRONMENTAL MONITORING STATUTORY (EU DIRECTIVES),RIVER / RUNNING SURFACE WATER,0116,"Nitrogen, Total Oxidised as N",5.5,MILLIGRAM PER LITRE
https://environment.data.gov.uk/water-quality/sampling-point/TH-PTHR0082/sample/1391324/observation/0117,TH-PTHR0082,THAMES AT COOKHAM BRIDGE,-0.7059,51.5621,Thames,THAMES - WEST THAMES,L&W NORTH - WT,OPEN,FRESHWATER - RIVERS,2023-05-17T12:10:00,ENVIRONMENTAL MONITORING STATUTORY (EU DIRECTIVES),RIVER / RUNNING SURFACE WATER,0117,Nitrate as N,5.48,MILLIGRAM PER LITRE
https://environment.data.gov.uk/water-quality/sampling-point/TH-PTHR0082/sample/1391324/observation/0118,TH-PTHR0082,THAMES AT COOKHAM BRIDGE,-0.7059,51.5621,Thames,THAMES - WEST THAMES,L&W NORTH - WT,OPEN,FRESHWATER - RIVERS,2023-05-17T12:10:00,ENVIRONMENTAL MONITORING STATUTORY (EU DIRECTIVES),RIVER / RUNNING SURFACE WATER,0118,Nitrite as N,0.016,MILLIGRAM PER LITRE
https://environment.data.gov.uk/water-quality/sampling-point/TH-PTHR0082/sample/1391324/observation/0119,TH-PTHR0082,THAMES AT COOKHAM BRIDGE,-0.7059,51.5621,Thames,THAMES - WEST THAMES,L&W NORTH - WT,OPEN,FRESHWATER - RIVERS,2023-05-17T12:10:00,ENVIRONMENTAL MONITORING STATUTORY (EU DIRECTIVES),RIVER / RUNNING SURFACE WATER,0119,Ammonia un-ionised as N,<0.00079,MILLIGRAM PER LITRE
https://environment.data.gov.uk/water-quality/sampling-point/TH-PTHR0082/sample/1391324/observation/0162,TH-PTHR0082,THAMES AT COOKHAM BRIDGE,-0.7059,51.5621,Thames,THAMES - WEST THAMES,L&W NORTH - WT,OPEN,FRESHWATER - RIVERS,2023-05-17T12:10:00,ENVIRONMENTAL MONITORING STATUTORY (EU DIRECTIVES),RIVER / RUNNING SURFACE WATER,0162,Alkalinity to pH 4.5 as CaCO3,230,MILLIGRAM PER LITRE
https://environment.data.gov.uk/water-quality/sampling-point/TH-PTHR0082/sample/1391324/observation/0180,TH-PTHR0082,THAMES AT COOKHAM BRIDGE,-0.7059,51.5621,Thames,THAMES - WEST THAMES,L&W NORTH - WT,OPEN,FRESHWATER - RIVERS,2023-05-17T12:10:00,ENVIRONMENTAL MONITORING STATUTORY (EU DIRECTIVES),RIVER / RUNNING SURFACE WATER,0180,"Orthophosphate, reactive as P",0.11,MILLIGRAM PER LITRE
https://environment.data.gov.uk/water-quality/sampling-point/TH-PTHR0082/sample/1391324/observation/9901,TH-PTHR0082,THAMES AT COOKHAM BRIDGE,-0.7059,51.5621,Thames,THAMES - WEST THAMES,L&W NORTH - WT,OPEN,FRESHWATER - RIVERS,2023-05-17T12:10:00,ENVIRONMENTAL MONITORING STATUTORY (EU DIRECTIVES),RIVER / RUNNING SURFACE WATER,9901,"Oxygen, Dissolved, % Saturation",105.6,PERCENTAGE
https://environment.data.gov.uk/water-quality/sampling-point/TH-PTHR0082/sample/1391324/observation/9924,TH-PTHR0082,THAMES AT COOKHAM BRIDGE,-0.7059,51.5621,Thames,THAMES - WEST THAMES,L&W NORTH - WT,OPEN,FRESHWATER - RIVERS,2023-05-17T12:10:00,ENVIRONMENTAL MONITORING STATUTORY (EU DIRECTIVES),RIVER / RUNNING SURFACE WATER,9924,"Oxygen, Dissolved as O2",10.6,MILLIGRAM PER LITRE
https://environment.data.gov.uk/water-quality/sampling-point/TH-PTHR0082/sample/1393159/observation/0061,TH-PTHR0082,THAMES AT COOKHAM BRIDGE,-0.7059,51.5621,Thames,THAMES - WEST THAMES,L&W NORTH - WT,OPEN,FRESHWATER - RIVERS,2023-06-20T12:53:00,ENVIRONMENTAL MONITORING STATUTORY (EU DIRECTIVES),RIVER / RUNNING SURFACE WATER,0061,pH,7.99,PH UNITS
https://environment.data.gov.uk/water-quality/sampling-point/TH-PTHR0082/sample/1393159/observation/0076,TH-PTHR0082,THAMES AT COOKHAM BRIDGE,-0.7059,51.5621,Thames,THAMES - WEST THAMES,L&W NORTH - WT,OPEN,FRESHWATER - RIVERS,2023-06-20T12:53:00,ENVIRONMENTAL MONITORING STATUTORY (EU DIRECTIVES),RIVER / RUNNING SURFACE WATER,0076,Temperature of Water,20.7,CELSIUS
https://environment.data.gov.uk/water-quality/sampling-point/TH-PTHR0082/sample/1393159/observation/0077,TH-PTHR0082,THAMES AT COOKHAM BRIDGE,-0.7059,51.5621,Thames,THAMES - WEST THAMES,L&W NORTH - WT,OPEN,FRESHWATER - RIVERS,2023-06-20T12:53:00,ENVIRONMENTAL MONITORING STATUTORY (EU DIRECTIVES),RIVER / RUNNING SURFACE WATER,0077,Conductivity at 25 C,667,MICROSIEMENS PER CENTIMETRE
https://environment.data.gov.uk/water-quality/sampling-point/TH-PTHR0082/sample/1393159/observation/0085,TH-PTHR0082,THAMES AT COOKHAM BRIDGE,-0.7059,51.5621,Thames,THAMES - WEST THAMES,L&W NORTH - WT,OPEN,FRESHWATER - RIVERS,2023-06-20T12:53:00,ENVIRONMENTAL MONITORING STATUTORY (EU DIRECTIVES),RIVER / RUNNING SURFACE WATER,0085,BOD : 5 Day ATU,<3,MILLIGRAM PER LITRE
https://environment.data.gov.uk/water-quality/sampling-point/TH-PTHR0082/sample/1393159/observation/0111,TH-PTHR0082,THAMES AT COOKHAM BRIDGE,-0.7059,51.5621,Thames,THAMES - WEST THAMES,L&W NORTH - WT,OPEN,FRESHWATER - RIVERS,2023-06-20T12:53:00,ENVIRONMENTAL MONITORING STATUTORY (EU DIRECTIVES),RIVER / RUNNING SURFACE WATER,0111,Ammoniacal Nitrogen as N,<0.03,MILLIGRAM PER LITRE
https://environment.data.gov.uk/water-quality/sampling-point/TH-PTHR0082/sample/1393159/observation/0116,TH-PTHR0082,THAMES AT COOKHAM BRIDGE,-0.7059,51.5621,Thames,THAMES - WEST THAMES,L&W NORTH - WT,OPEN,FRESHWATER - RIVERS,2023-06-20T12:53:00,ENVIRONMENTAL MONITORING STATUTORY (EU DIRECTIVES),RIVER / RUNNING SURFACE WATER,0116,"Nitrogen, Total Oxidised as N",6.9,MILLIGRAM PER LITRE
https://environment.data.gov.uk/water-quality/sampling-point/TH-PTHR0082/sample/1393159/observation/0117,TH-PTHR0082,THAMES AT COOKHAM BRIDGE,-0.7059,51.5621,Thames,THAMES - WEST THAMES,L&W NORTH - WT,OPEN,FRESHWATER - RIVERS,2023-06-20T12:53:00,ENVIRONMENTAL MONITORING STATUTORY (EU DIRECTIVES),RIVER / RUNNING SURFACE WATER,0117,Nitrate as N,6.86,MILLIGRAM PER LITRE
https://environment.data.gov.uk/water-quality/sampling-point/TH-PTHR0082/sample/1393159/observation/0118,TH-PTHR0082,THAMES AT COOKHAM BRIDGE,-0.7059,51.5621,Thames,THAMES - WEST THAMES,L&W NORTH - WT,OPEN,FRESHWATER - RIVERS,2023-06-20T12:53:00,ENVIRONMENTAL MONITORING STATUTORY (EU DIRECTIVES),RIVER / RUNNING SURFACE WATER,0118,Nitrite as N,0.036,MILLIGRAM PER LITRE
https://environment.data.gov.uk/water-quality/sampling-point/TH-PTHR0082/sample/1393159/observation/0119,TH-PTHR0082,THAMES AT COOKHAM BRIDGE,-0.7059,51.5621,Thames,THAMES - WEST THAMES,L&W NORTH - WT,OPEN,FRESHWATER - RIVERS,2023-06-20T12:53:00,ENVIRONMENTAL MONITORING STATUTORY (EU DIRECTIVES),RIVER / RUNNING SURFACE WATER,0119,Ammonia un-ionised as N,<0.00116,MILLIGRAM PER LITRE
https://environment.data.gov.uk/water-quality/sampling-point/TH-PTHR0082/sample/1393159/observation/0162,TH-PTHR0082,THAMES AT COOKHAM BRIDGE,-0.7059,51.5621,Thames,THAMES - WEST THAMES,L&W NORTH - WT,OPEN,FRESHWATER - RIVERS,2023-06-20T12:53:00,ENVIRONMENTAL MONITORING STATUTORY (EU DIRECTIVES),RIVER / RUNNING SURFACE WATER,0162,Alkalinity to pH 4.5 as CaCO3,220,MILLIGRAM PER LITRE
https://environment.data.gov.uk/water-quality/sampling-point/TH-PTHR0082/sample/1393159/observation/0180,TH-PTHR0082,THAMES AT COOKHAM BRIDGE,-0.7059,51.5621,Thames,THAMES - WEST THAMES,L&W NORTH - WT,OPEN,FRESHWATER - RIVERS,2023-06-20T12:53:00,ENVIRONMENTAL MONITORING STATUTORY (EU DIRECTIVES),RIVER / RUNNING SURFACE WATER,0180,"Orthophosphate, reactive as P",0.13,MILLIGRAM PER LITRE
https://environment.data.gov.uk/water-quality/sampling-point/TH-PTHR0082/sample/1393159/observation/9901,TH-PTHR0082,THAMES AT COOKHAM BRIDGE,-0.7059,51.5621,Thames,THAMES - WEST THAMES,L&W NORTH - WT,OPEN,FRESHWATER - RIVERS,2023-06-20T12:53:00,ENVIRONMENTAL MONITORING STATUTORY (EU DIRECTIVES),RIVER / RUNNING SURFACE WATER,9901,"Oxygen, Dissolved, % Saturation",92.4,PERCENTAGE
https://environment.data.gov.uk/water-quality/sampling-point/TH-PTHR0082/sample/1393159/observation/9924,TH-PTHR0082,THAMES AT COOKHAM BRIDGE,-0.7059,51.5621,Thames,THAMES - WEST THAMES,L&W NORTH - WT,OPEN,FRESHWATER - RIVERS,2023-06-20T12:53:00,ENVIRONMENTAL MONITORING STATUTORY (EU DIRECTIVES),RIVER / RUNNING SURFACE WATER,9924,"Oxygen, Dissolved as O2",8.27,MILLIGRAM PER LITRE
https://environment.data.gov.uk/water-quality/sampling-point/TH-PTHR0082/sample/1394226/observation/0061,TH-PTHR0082,THAMES AT COOKHAM BRIDGE,-0.7059,51.5621,Thames,THAMES - WEST THAMES,L&W NORTH - WT,OPEN,FRESHWATER - RIVERS,2023-07-17T11:14:00,ENVIRONMENTAL MONITORING STATUTORY (EU DIRECTIVES),RIVER / RUNNING SURFACE WATER,0061,pH,7.96,PH UNITS
https://environment.data.gov.uk/water-quality/sampling-point/TH-PTHR0082/sample/1394226/observation/0076,TH-PTHR0082,THAMES AT COOKHAM BRIDGE,-0.7059,51.5621,Thames,THAMES - WEST THAMES,L&W NORTH - WT,OPEN,FRESHWATER - RIVERS,2023-07-17T11:14:00,ENVIRONMENTAL MONITORING STATUTORY (EU DIRECTIVES),RIVER / RUNNING SURFACE WATER,0076,Temperature of Water,17.8,CELSIUS
https://environment.data.gov.uk/water-quality/sampling-point/TH-PTHR0082/sample/1394226/observation/0077,TH-PTHR0082,THAMES AT COOKHAM BRIDGE,-0.7059,51.5621,Thames,THAMES - WEST THAMES,L&W NORTH - WT,OPEN,FRESHWATER - RIVERS,2023-07-17T11:14:00,ENVIRONMENTAL MONITORING STATUTORY (EU DIRECTIVES),RIVER / RUNNING SURFACE WATER,0077,Conductivity at 25 C,658,MICROSIEMENS PER CENTIMETRE
https://environment.data.gov.uk/water-quality/sampling-point/TH-PTHR0082/sample/1394226/observation/0103,TH-PTHR0082,THAMES AT COOKHAM BRIDGE,-0.7059,51.5621,Thames,THAMES - WEST THAMES,L&W NORTH - WT,OPEN,FRESHWATER - RIVERS,2023-07-17T11:14:00,ENVIRONMENTAL MONITORING STATUTORY (EU DIRECTIVES),RIVER / RUNNING SURFACE WATER,0103,"Mercury, Dissolved",<0.01,MICROGRAM PER LITRE
https://environment.data.gov.uk/water-quality/sampling-point/TH-PTHR0082/sample/1394226/observation/0106,TH-PTHR0082,THAMES AT COOKHAM BRIDGE,-0.7059,51.5621,Thames,THAMES - WEST THAMES,L&W NORTH - WT,OPEN,FRESHWATER - RIVERS,2023-07-17T11:14:00,ENVIRONMENTAL MONITORING STATUTORY (EU DIRECTIVES),RIVER / RUNNING SURFACE WATER,0106,"Cadmium, Dissolved",<0.01,MICROGRAM PER LITRE
https://environment.data.gov.uk/water-quality/sampling-point/TH-PTHR0082/sample/1394226/observation/0111,TH-PTHR0082,THAMES AT COOKHAM BRIDGE,-0.7059,51.5621,Thames,THAMES - WEST THAMES,L&W NORTH - WT,OPEN,FRESHWATER - RIVERS,2023-07-17T11:14:00,ENVIRONMENTAL MONITORING STATUTORY (EU DIRECTIVES),RIVER / RUNNING SURFACE WATER,0111,Ammoniacal Nitrogen as N,0.054,MILLIGRAM PER LITRE
https://environment.data.gov.uk/water-quality/sampling-point/TH-PTHR0082/sample/1394226/observation/0116,TH-PTHR0082,THAMES AT COOKHAM BRIDGE,-0.7059,51.5621,Thames,THAMES - WEST THAMES,L&W NORTH - WT,OPEN,FRESHWATER - RIVERS,2023-07-17T11:14:00,ENVIRONMENTAL MONITORING STATUTORY (EU DIRECTIVES),RIVER / RUNNING SURFACE WATER,0116,"Nitrogen, Total Oxidised as N",6.6,MILLIGRAM PER LITRE
https://environment.data.gov.uk/water-quality/sampling-point/TH-PTHR0082/sample/1394226/observation/0117,TH-PTHR0082,THAMES AT COOKHAM BRIDGE,-0.7059,51.5621,Thames,THAMES - WEST THAMES,L&W NORTH - WT,OPEN,FRESHWATER - RIVERS,2023-07-17T11:14:00,ENVIRONMENTAL MONITORING STATUTORY (EU DIRECTIVES),RIVER / RUNNING SURFACE WATER,0117,Nitrate as N,6.55,MILLIGRAM PER LITRE
https://environment.data.gov.uk/water-quality/sampling-point/TH-PTHR0082/sample/1394226/observation/0118,TH-PTHR0082,THAMES AT COOKHAM BRIDGE,-0.7059,51.5621,Thames,THAMES - WEST THAMES,L&W NORTH - WT,OPEN,FRESHWATER - RIVERS,2023-07-17T11:14:00,ENVIRONMENTAL MONITORING STATUTORY (EU DIRECTIVES),RIVER / RUNNING SURFACE WATER,0118,Nitrite as N,0.051,MILLIGRAM PER LITRE
https://environment.data.gov.uk/water-quality/sampling-point/TH-PTHR0082/sample/1394226/observation/0119,TH-PTHR0082,THAMES AT COOKHAM BRIDGE,-0.7059,51.5621,Thames,THAMES - WEST THAMES,L&W NORTH - WT,OPEN,FRESHWATER - RIVERS,2023-07-17T11:14:00,ENVIRONMENTAL MONITORING STATUTORY (EU DIRECTIVES),RIVER / RUNNING SURFACE WATER,0119,Ammonia un-ionised as N,0.00159,MILLIGRAM PER LITRE
https://environment.data.gov.uk/water-quality/sampling-point/TH-PTHR0082/sample/1394226/observation/0162,TH-PTHR0082,THAMES AT COOKHAM BRIDGE,-0.7059,51.5621,Thames,THAMES - WEST THAMES,L&W NORTH - WT,OPEN,FRESHWATER - RIVERS,2023-07-17T11:14:00,ENVIRONMENTAL MONITORING STATUTORY (EU DIRECTIVES),RIVER / RUNNING SURFACE WATER,0162,Alkalinity to pH 4.5 as CaCO3,220,MILLIGRAM PER LITRE
https://environment.data.gov.uk/water-quality/sampling-point/TH-PTHR0082/sample/1394226/observation/0180,TH-PTHR0082,THAMES AT COOKHAM BRIDGE,-0.7059,51.5621,Thames,THAMES - WEST THAMES,L&W NORTH - WT,OPEN,FRESHWATER - RIVERS,2023-07-17T11:14:00,ENVIRONMENTAL MONITORING STATUTORY (EU DIRECTIVES),RIVER / RUNNING SURFACE WATER,0180,"Orthophosphate, reactive as P",0.18,MILLIGRAM PER LITRE
https://environment.data.gov.uk/water-quality/sampling-point/TH-PTHR0082/sample/1394226/observation/0235,TH-PTHR0082,THAMES AT COOKHAM BRIDGE,-0.7059,51.5621,Thames,THAMES - WEST THAMES,L&W NORTH - WT,OPEN,FRESHWATER - RIVERS,2023-07-17T11:14:00,ENVIRONMENTAL MONITORING STATUTORY (EU DIRECTIVES),RIVER / RUNNING SURFACE WATER,0235,"Magnesium, Dissolved",3.9,MILLIGRAM PER LITRE
https://environment.data.gov.uk/water-quality/sampling-point/TH-PTHR0082/sample/1394226/observation/0239,TH-PTHR0082,THAMES AT COOKHAM BRIDGE,-0.7059,51.5621,Thames,THAMES - WEST THAMES,L&W NORTH - WT,OPEN,FRESHWATER - RIVERS,2023-07-17T11:14:00,ENVIRONMENTAL MONITORING STATUTORY (EU DIRECTIVES),RIVER / RUNNING SURFACE WATER,0239,"Calcium, Dissolved",100,MILLIGRAM PER LITRE
https://environment.data.gov.uk/water-quality/sampling-point/TH-PTHR0082/sample/1394226/observation/0301,TH-PTHR0082,THAMES AT COOKHAM BRIDGE,-0.7059,51.5621,Thames,THAMES - WEST THAMES,L&W NORTH - WT,OPEN,FRESHWATER - RIVERS,2023-07-17T11:14:00,ENVIRONMENTAL MONITORING STATUTORY (EU DIRECTIVES),RIVER / RUNNING SURFACE WATER,0301,"Carbon, Organic, Dissolved as C :- {DOC}",3.5,MILLIGRAM PER LITRE
https://environment.data.gov.uk/water-quality/sampling-point/TH-PTHR0082/sample/1394226/observation/9901,TH-PTHR0082,THAMES AT COOKHAM BRIDGE,-0.7059,51.5621,Thames,THAMES - WEST THAMES,L&W NORTH - WT,OPEN,FRESHWATER - RIVERS,2023-07-17T11:14:00,ENVIRONMENTAL MONITORING STATUTORY (EU DIRECTIVES),RIVER / RUNNING SURFACE WATER,9901,"Oxygen, Dissolved, % Saturation",17.7,PERCENTAGE
https://environment.data.gov.uk/water-quality/sampling-point/TH-PTHR0082/sample/1394226/observation/9924,TH-PTHR0082,THAMES AT COOKHAM BRIDGE,-0.7059,51.5621,Thames,THAMES - WEST THAMES,L&W NORTH - WT,OPEN,FRESHWATER - RIVERS,2023-07-17T11:14:00,ENVIRONMENTAL MONITORING STATUTORY (EU DIRECTIVES),RIVER / RUNNING SURFACE WATER,9924,"Oxygen, Dissolved as O2",1.68,MILLIGRAM PER LITRE
https://environment.data.gov.uk/water-quality/sampling-point/TH-PTHR0082/sample/1394793/observation/0061,TH-PTHR0082,THAMES AT COOKHAM BRIDGE,-0.7059,51.5621,Thames,THAMES - WEST THAMES,L&W NORTH - WT,OPEN,FRESHWATER - RIVERS,2023-08-01T11:21:00,ENVIRONMENTAL MONITORING STATUTORY (EU DIRECTIVES),RIVER / RUNNING SURFACE WATER,0061,pH,7.95,PH UNITS
https://environment.data.gov.uk/water-quality/sampling-point/TH-PTHR0082/sample/1394793/observation/0076,TH-PTHR0082,THAMES AT COOKHAM BRIDGE,-0.7059,51.5621,Thames,THAMES - WEST THAMES,L&W NORTH - WT,OPEN,FRESHWATER - RIVERS,2023-08-01T11:21:00,ENVIRONMENTAL MONITORING STATUTORY (EU DIRECTIVES),RIVER / RUNNING SURFACE WATER,0076,Temperature of Water,17.8,CELSIUS
https://environment.data.gov.uk/water-quality/sampling-point/TH-PTHR0082/sample/1394793/observation/0077,TH-PTHR0082,THAMES AT COOKHAM BRIDGE,-0.7059,51.5621,Thames,THAMES - WEST THAMES,L&W NORTH - WT,OPEN,FRESHWATER - RIVERS,2023-08-01T11:21:00,ENVIRONMENTAL MONITORING STATUTORY (EU DIRECTIVES),RIVER / RUNNING SURFACE WATER,0077,Conductivity at 25 C,637,MICROSIEMENS PER CENTIMETRE
https://environment.data.gov.uk/water-quality/sampling-point/TH-PTHR0082/sample/1394793/observation/0085,TH-PTHR0082,THAMES AT COOKHAM BRIDGE,-0.7059,51.5621,Thames,THAMES - WEST THAMES,L&W NORTH - WT,OPEN,FRESHWATER - RIVERS,2023-08-01T11:21:00,ENVIRONMENTAL MONITORING STATUTORY (EU DIRECTIVES),RIVER / RUNNING SURFACE WATER,0085,BOD : 5 Day ATU,<1,MILLIGRAM PER LITRE
https://environment.data.gov.uk/water-quality/sampling-point/TH-PTHR0082/sample/1394793/observation/0111,TH-PTHR0082,THAMES AT COOKHAM BRIDGE,-0.7059,51.5621,Thames,THAMES - WEST THAMES,L&W NORTH - WT,OPEN,FRESHWATER - RIVERS,2023-08-01T11:21:00,ENVIRONMENTAL MONITORING STATUTORY (EU DIRECTIVES),RIVER / RUNNING SURFACE WATER,0111,Ammoniacal Nitrogen as N,<0.03,MILLIGRAM PER LITRE
https://environment.data.gov.uk/water-quality/sampling-point/TH-PTHR0082/sample/1394793/observation/0116,TH-PTHR0082,THAMES AT COOKHAM BRIDGE,-0.7059,51.5621,Thames,THAMES - WEST THAMES,L&W NORTH - WT,OPEN,FRESHWATER - RIVERS,2023-08-01T11:21:00,ENVIRONMENTAL MONITORING STATUTORY (EU DIRECTIVES),RIVER / RUNNING SURFACE WATER,0116,"Nitrogen, Total Oxidised as N",6.2,MILLIGRAM PER LITRE
https://environment.data.gov.uk/water-quality/sampling-point/TH-PTHR0082/sample/1394793/observation/0117,TH-PTHR0082,THAMES AT COOKHAM BRIDGE,-0.7059,51.5621,Thames,THAMES - WEST THAMES,L&W NORTH - WT,OPEN,FRESHWATER - RIVERS,2023-08-01T11:21:00,ENVIRONMENTAL MONITORING STATUTORY (EU DIRECTIVES),RIVER / RUNNING SURFACE WATER,0117,Nitrate as N,6.18,MILLIGRAM PER LITRE
https://environment.data.gov.uk/water-quality/sampling-point/TH-PTHR0082/sample/1394793/observation/0118,TH-PTHR0082,THAMES AT COOKHAM BRIDGE,-0.7059,51.5621,Thames,THAMES - WEST THAMES,L&W NORTH - WT,OPEN,FRESHWATER - RIVERS,2023-08-01T11:21:00,ENVIRONMENTAL MONITORING STATUTORY (EU DIRECTIVES),RIVER / RUNNING SURFACE WATER,0118,Nitrite as N,0.022,MILLIGRAM PER LITRE
https://environment.data.gov.uk/water-quality/sampling-point/TH-PTHR0082/sample/1394793/observation/0119,TH-PTHR0082,THAMES AT COOKHAM BRIDGE,-0.7059,51.5621,Thames,THAMES - WEST THAMES,L&W NORTH - WT,OPEN,FRESHWATER - RIVERS,2023-08-01T11:21:00,ENVIRONMENTAL MONITORING STATUTORY (EU DIRECTIVES),RIVER / RUNNING SURFACE WATER,0119,Ammonia un-ionised as N,<0.00086,MILLIGRAM PER LITRE
https://environment.data.gov.uk/water-quality/sampling-point/TH-PTHR0082/sample/1394793/observation/0162,TH-PTHR0082,THAMES AT COOKHAM BRIDGE,-0.7059,51.5621,Thames,THAMES - WEST THAMES,L&W NORTH - WT,OPEN,FRESHWATER - RIVERS,2023-08-01T11:21:00,ENVIRONMENTAL MONITORING STATUTORY (EU DIRECTIVES),RIVER / RUNNING SURFACE WATER,0162,Alkalinity to pH 4.5 as CaCO3,220,MILLIGRAM PER LITRE
https://environment.data.gov.uk/water-quality/sampling-point/TH-PTHR0082/sample/1394793/observation/0180,TH-PTHR0082,THAMES AT COOKHAM BRIDGE,-0.7059,51.5621,Thames,THAMES - WEST THAMES,L&W NORTH - WT,OPEN,FRESHWATER - RIVERS,2023-08-01T11:21:00,ENVIRONMENTAL MONITORING STATUTORY (EU DIRECTIVES),RIVER / RUNNING SURFACE WATER,0180,"Orthophosphate, reactive as P",0.17,MILLIGRAM PER LITRE
https://environment.data.gov.uk/water-quality/sampling-point/TH-PTHR0082/sample/1394793/observation/9901,TH-PTHR0082,THAMES AT COOKHAM BRIDGE,-0.7059,51.5621,Thames,THAMES - WEST THAMES,L&W NORTH - WT,OPEN,FRESHWATER - RIVERS,2023-08-01T11:21:00,ENVIRONMENTAL MONITORING STATUTORY (EU DIRECTIVES),RIVER / RUNNING SURFACE WATER,9901,"Oxygen, Dissolved, % Saturation",97.9,PERCENTAGE
https://environment.data.gov.uk/water-quality/sampling-point/TH-PTHR0082/sample/1394793/observation/9924,TH-PTHR0082,THAMES AT COOKHAM BRIDGE,-0.7059,51.5621,Thames,THAMES - WEST THAMES,L&W NORTH - WT,OPEN,FRESHWATER - RIVERS,2023-08-01T11:21:00,ENVIRONMENTAL MONITORING STATUTORY (EU DIRECTIVES),RIVER / RUNNING SURFACE WATER,9924,"Oxygen, Dissolved as O2",9.28,MILLIGRAM PER LITRE
https://environment.data.gov.uk/water-quality/sampling-point/TH-PTHR0082/sample/1395442/observation/0061,TH-PTHR0082,THAMES AT COOKHAM BRIDGE,-0.7059,51.5621,Thames,THAMES - WEST THAMES,L&W NORTH - WT,OPEN,FRESHWATER - RIVERS,2023-08-17T10:03:00,ENVIRONMENTAL MONITORING STATUTORY (EU DIRECTIVES),RIVER / RUNNING SURFACE WATER,0061,pH,8.04,PH UNITS
https://environment.data.gov.uk/water-quality/sampling-point/TH-PTHR0082/sample/1395442/observation/0076,TH-PTHR0082,THAMES AT COOKHAM BRIDGE,-0.7059,51.5621,Thames,THAMES - WEST THAMES,L&W NORTH - WT,OPEN,FRESHWATER - RIVERS,2023-08-17T10:03:00,ENVIRONMENTAL MONITORING STATUTORY (EU DIRECTIVES),RIVER / RUNNING SURFACE WATER,0076,Temperature of Water,18.6,CELSIUS
https://environment.data.gov.uk/water-quality/sampling-point/TH-PTHR0082/sample/1395442/observation/0077,TH-PTHR0082,THAMES AT COOKHAM BRIDGE,-0.7059,51.5621,Thames,THAMES - WEST THAMES,L&W NORTH - WT,OPEN,FRESHWATER - RIVERS,2023-08-17T10:03:00,ENVIRONMENTAL MONITORING STATUTORY (EU DIRECTIVES),RIVER / RUNNING SURFACE WATER,0077,Conductivity at 25 C,673,MICROSIEMENS PER CENTIMETRE
https://environment.data.gov.uk/water-quality/sampling-point/TH-PTHR0082/sample/1395442/observation/0103,TH-PTHR0082,THAMES AT COOKHAM BRIDGE,-0.7059,51.5621,Thames,THAMES - WEST THAMES,L&W NORTH - WT,OPEN,FRESHWATER - RIVERS,2023-08-17T10:03:00,ENVIRONMENTAL MONITORING STATUTORY (EU DIRECTIVES),RIVER / RUNNING SURFACE WATER,0103,"Mercury, Dissolved",<0.01,MICROGRAM PER LITRE
https://environment.data.gov.uk/water-quality/sampling-point/TH-PTHR0082/sample/1395442/observation/0106,TH-PTHR0082,THAMES AT COOKHAM BRIDGE,-0.7059,51.5621,Thames,THAMES - WEST THAMES,L&W NORTH - WT,OPEN,FRESHWATER - RIVERS,2023-08-17T10:03:00,ENVIRONMENTAL MONITORING STATUTORY (EU DIRECTIVES),RIVER / RUNNING SURFACE WATER,0106,"Cadmium, Dissolved",0.021,MICROGRAM PER LITRE
https://environment.data.gov.uk/water-quality/sampling-point/TH-PTHR0082/sample/1395442/observation/0111,TH-PTHR0082,THAMES AT COOKHAM BRIDGE,-0.7059,51.5621,Thames,THAMES - WEST THAMES,L&W NORTH - WT,OPEN,FRESHWATER - RIVERS,2023-08-17T10:03:00,ENVIRONMENTAL MONITORING STATUTORY (EU DIRECTIVES),RIVER / RUNNING SURFACE WATER,0111,Ammoniacal Nitrogen as N,<0.03,MILLIGRAM PER LITRE
https://environment.data.gov.uk/water-quality/sampling-point/TH-PTHR0082/sample/1395442/observation/0116,TH-PTHR0082,THAMES AT COOKHAM BRIDGE,-0.7059,51.5621,Thames,THAMES - WEST THAMES,L&W NORTH - WT,OPEN,FRESHWATER - RIVERS,2023-08-17T10:03:00,ENVIRONMENTAL MONITORING STATUTORY (EU DIRECTIVES),RIVER / RUNNING SURFACE WATER,0116,"Nitrogen, Total Oxidised as N",6.6,MILLIGRAM PER LITRE
https://environment.data.gov.uk/water-quality/sampling-point/TH-PTHR0082/sample/1395442/observation/0117,TH-PTHR0082,THAMES AT COOKHAM BRIDGE,-0.7059,51.5621,Thames,THAMES - WEST THAMES,L&W NORTH - WT,OPEN,FRESHWATER - RIVERS,2023-08-17T10:03:00,ENVIRONMENTAL MONITORING STATUTORY (EU DIRECTIVES),RIVER / RUNNING SURFACE WATER,0117,Nitrate as N,6.59,MILLIGRAM PER LITRE
https://environment.data.gov.uk/water-quality/sampling-point/TH-PTHR0082/sample/1395442/observation/0118,TH-PTHR0082,THAMES AT COOKHAM BRIDGE,-0.7059,51.5621,Thames,THAMES - WEST THAMES,L&W NORTH - WT,OPEN,FRESHWATER - RIVERS,2023-08-17T10:03:00,ENVIRONMENTAL MONITORING STATUTORY (EU DIRECTIVES),RIVER / RUNNING SURFACE WATER,0118,Nitrite as N,0.015,MILLIGRAM PER LITRE
https://environment.data.gov.uk/water-quality/sampling-point/TH-PTHR0082/sample/1395442/observation/0119,TH-PTHR0082,THAMES AT COOKHAM BRIDGE,-0.7059,51.5621,Thames,THAMES - WEST THAMES,L&W NORTH - WT,OPEN,FRESHWATER - RIVERS,2023-08-17T10:03:00,ENVIRONMENTAL MONITORING STATUTORY (EU DIRECTIVES),RIVER / RUNNING SURFACE WATER,0119,Ammonia un-ionised as N,<0.00102,MILLIGRAM PER LITRE
https://environment.data.gov.uk/water-quality/sampling-point/TH-PTHR0082/sample/1395442/observation/0162,TH-PTHR0082,THAMES AT COOKHAM BRIDGE,-0.7059,51.5621,Thames,THAMES - WEST THAMES,L&W NORTH - WT,OPEN,FRESHWATER - RIVERS,2023-08-17T10:03:00,ENVIRONMENTAL MONITORING STATUTORY (EU DIRECTIVES),RIVER / RUNNING SURFACE WATER,0162,Alkalinity to pH 4.5 as CaCO3,220,MILLIGRAM PER LITRE
https://environment.data.gov.uk/water-quality/sampling-point/TH-PTHR0082/sample/1395442/observation/0180,TH-PTHR0082,THAMES AT COOKHAM BRIDGE,-0.7059,51.5621,Thames,THAMES - WEST THAMES,L&W NORTH - WT,OPEN,FRESHWATER - RIVERS,2023-08-17T10:03:00,ENVIRONMENTAL MONITORING STATUTORY (EU DIRECTIVES),RIVER / RUNNING SURFACE WATER,0180,"Orthophosphate, reactive as P",0.15,MILLIGRAM PER LITRE
https://environment.data.gov.uk/water-quality/sampling-point/TH-PTHR0082/sample/1395442/observation/0235,TH-PTHR0082,THAMES AT COOKHAM BRIDGE,-0.7059,51.5621,Thames,THAMES - WEST THAMES,L&W NORTH - WT,OPEN,FRESHWATER - RIVERS,2023-08-17T10:03:00,ENVIRONMENTAL MONITORING STATUTORY (EU DIRECTIVES),RIVER / RUNNING SURFACE WATER,0235,"Magnesium, Dissolved",4.1,MILLIGRAM PER LITRE
https://environment.data.gov.uk/water-quality/sampling-point/TH-PTHR0082/sample/1395442/observation/0239,TH-PTHR0082,THAMES AT COOKHAM BRIDGE,-0.7059,51.5621,Thames,THAMES - WEST THAMES,L&W NORTH - WT,OPEN,FRESHWATER - RIVERS,2023-08-17T10:03:00,ENVIRONMENTAL MONITORING STATUTORY (EU DIRECTIVES),RIVER / RUNNING SURFACE WATER,0239,"Calcium, Dissolved",110,MILLIGRAM PER LITRE
https://environment.data.gov.uk/water-quality/sampling-point/TH-PTHR0082/sample/1395442/observation/0301,TH-PTHR0082,THAMES AT COOKHAM BRIDGE,-0.7059,51.5621,Thames,THAMES - WEST THAMES,L&W NORTH - WT,OPEN,FRESHWATER - RIVERS,2023-08-17T10:03:00,ENVIRONMENTAL MONITORING STATUTORY (EU DIRECTIVES),RIVER / RUNNING SURFACE WATER,0301,"Carbon, Organic, Dissolved as C :- {DOC}",3.2,MILLIGRAM PER LITRE
https://environment.data.gov.uk/water-quality/sampling-point/TH-PTHR0082/sample/1395442/observation/9901,TH-PTHR0082,THAMES AT COOKHAM BRIDGE,-0.7059,51.5621,Thames,THAMES - WEST THAMES,L&W NORTH - WT,OPEN,FRESHWATER - RIVERS,2023-08-17T10:03:00,ENVIRONMENTAL MONITORING STATUTORY (EU DIRECTIVES),RIVER / RUNNING SURFACE WATER,9901,"Oxygen, Dissolved, % Saturation",94.6,PERCENTAGE
https://environment.data.gov.uk/water-quality/sampling-point/TH-PTHR0082/sample/1395442/observation/9924,TH-PTHR0082,THAMES AT COOKHAM BRIDGE,-0.7059,51.5621,Thames,THAMES - WEST THAMES,L&W NORTH - WT,OPEN,FRESHWATER - RIVERS,2023-08-17T10:03:00,ENVIRONMENTAL MONITORING STATUTORY (EU DIRECTIVES),RIVER / RUNNING SURFACE WATER,9924,"Oxygen, Dissolved as O2",8.82,MILLIGRAM PER LITRE
https://environment.data.gov.uk/water-quality/sampling-point/TH-PTHR0082/sample/1396424/observation/0061,TH-PTHR0082,THAMES AT COOKHAM BRIDGE,-0.7059,51.5621,Thames,THAMES - WEST THAMES,L&W NORTH - WT,OPEN,FRESHWATER - RIVERS,2023-09-05T09:38:00,ENVIRONMENTAL MONITORING STATUTORY (EU DIRECTIVES),RIVER / RUNNING SURFACE WATER,0061,pH,7.99,PH UNITS
https://environment.data.gov.uk/water-quality/sampling-point/TH-PTHR0082/sample/1396424/observation/0076,TH-PTHR0082,THAMES AT COOKHAM BRIDGE,-0.7059,51.5621,Thames,THAMES - WEST THAMES,L&W NORTH - WT,OPEN,FRESHWATER - RIVERS,2023-09-05T09:38:00,ENVIRONMENTAL MONITORING STATUTORY (EU DIRECTIVES),RIVER / RUNNING SURFACE WATER,0076,Temperature of Water,18.3,CELSIUS
https://environment.data.gov.uk/water-quality/sampling-point/TH-PTHR0082/sample/1396424/observation/0077,TH-PTHR0082,THAMES AT COOKHAM BRIDGE,-0.7059,51.5621,Thames,THAMES - WEST THAMES,L&W NORTH - WT,OPEN,FRESHWATER - RIVERS,2023-09-05T09:38:00,ENVIRONMENTAL MONITORING STATUTORY (EU DIRECTIVES),RIVER / RUNNING SURFACE WATER,0077,Conductivity at 25 C,689,MICROSIEMENS PER CENTIMETRE
https://environment.data.gov.uk/water-quality/sampling-point/TH-PTHR0082/sample/1396424/observation/0085,TH-PTHR0082,THAMES AT COOKHAM BRIDGE,-0.7059,51.5621,Thames,THAMES - WEST THAMES,L&W NORTH - WT,OPEN,FRESHWATER - RIVERS,2023-09-05T09:38:00,ENVIRONMENTAL MONITORING STATUTORY (EU DIRECTIVES),RIVER / RUNNING SURFACE WATER,0085,BOD : 5 Day ATU,<1,MILLIGRAM PER LITRE
https://environment.data.gov.uk/water-quality/sampling-point/TH-PTHR0082/sample/1396424/observation/0111,TH-PTHR0082,THAMES AT COOKHAM BRIDGE,-0.7059,51.5621,Thames,THAMES - WEST THAMES,L&W NORTH - WT,OPEN,FRESHWATER - RIVERS,2023-09-05T09:38:00,ENVIRONMENTAL MONITORING STATUTORY (EU DIRECTIVES),RIVER / RUNNING SURFACE WATER,0111,Ammoniacal Nitrogen as N,<0.03,MILLIGRAM PER LITRE
https://environment.data.gov.uk/water-quality/sampling-point/TH-PTHR0082/sample/1396424/observation/0116,TH-PTHR0082,THAMES AT COOKHAM BRIDGE,-0.7059,51.5621,Thames,THAMES - WEST THAMES,L&W NORTH - WT,OPEN,FRESHWATER - RIVERS,2023-09-05T09:38:00,ENVIRONMENTAL MONITORING STATUTORY (EU DIRECTIVES),RIVER / RUNNING SURFACE WATER,0116,"Nitrogen, Total Oxidised as N",7.5,MILLIGRAM PER LITRE
https://environment.data.gov.uk/water-quality/sampling-point/TH-PTHR0082/sample/1396424/observation/0117,TH-PTHR0082,THAMES AT COOKHAM BRIDGE,-0.7059,51.5621,Thames,THAMES - WEST THAMES,L&W NORTH - WT,OPEN,FRESHWATER - RIVERS,2023-09-05T09:38:00,ENVIRONMENTAL MONITORING STATUTORY (EU DIRECTIVES),RIVER / RUNNING SURFACE WATER,0117,Nitrate as N,7.48,MILLIGRAM PER LITRE
https://environment.data.gov.uk/water-quality/sampling-point/TH-PTHR0082/sample/1396424/observation/0118,TH-PTHR0082,THAMES AT COOKHAM BRIDGE,-0.7059,51.5621,Thames,THAMES - WEST THAMES,L&W NORTH - WT,OPEN,FRESHWATER - RIVERS,2023-09-05T09:38:00,ENVIRONMENTAL MONITORING STATUTORY (EU DIRECTIVES),RIVER / RUNNING SURFACE WATER,0118,Nitrite as N,0.018,MILLIGRAM PER LITRE
https://environment.data.gov.uk/water-quality/sampling-point/TH-PTHR0082/sample/1396424/observation/0119,TH-PTHR0082,THAMES AT COOKHAM BRIDGE,-0.7059,51.5621,Thames,THAMES - WEST THAMES,L&W NORTH - WT,OPEN,FRESHWATER - RIVERS,2023-09-05T09:38:00,ENVIRONMENTAL MONITORING STATUTORY (EU DIRECTIVES),RIVER / RUNNING SURFACE WATER,0119,Ammonia un-ionised as N,<0.00098,MILLIGRAM PER LITRE
https://environment.data.gov.uk/water-quality/sampling-point/TH-PTHR0082/sample/1396424/observation/0162,TH-PTHR0082,THAMES AT COOKHAM BRIDGE,-0.7059,51.5621,Thames,THAMES - WEST THAMES,L&W NORTH - WT,OPEN,FRESHWATER - RIVERS,2023-09-05T09:38:00,ENVIRONMENTAL MONITORING STATUTORY (EU DIRECTIVES),RIVER / RUNNING SURFACE WATER,0162,Alkalinity to pH 4.5 as CaCO3,220,MILLIGRAM PER LITRE
https://environment.data.gov.uk/water-quality/sampling-point/TH-PTHR0082/sample/1396424/observation/0180,TH-PTHR0082,THAMES AT COOKHAM BRIDGE,-0.7059,51.5621,Thames,THAMES - WEST THAMES,L&W NORTH - WT,OPEN,FRESHWATER - RIVERS,2023-09-05T09:38:00,ENVIRONMENTAL MONITORING STATUTORY (EU DIRECTIVES),RIVER / RUNNING SURFACE WATER,0180,"Orthophosphate, reactive as P",0.15,MILLIGRAM PER LITRE
https://environment.data.gov.uk/water-quality/sampling-point/TH-PTHR0082/sample/1396424/observation/9901,TH-PTHR0082,THAMES AT COOKHAM BRIDGE,-0.7059,51.5621,Thames,THAMES - WEST THAMES,L&W NORTH - WT,OPEN,FRESHWATER - RIVERS,2023-09-05T09:38:00,ENVIRONMENTAL MONITORING STATUTORY (EU DIRECTIVES),RIVER / RUNNING SURFACE WATER,9901,"Oxygen, Dissolved, % Saturation",98,PERCENTAGE
https://environment.data.gov.uk/water-quality/sampling-point/TH-PTHR0082/sample/1396424/observation/9924,TH-PTHR0082,THAMES AT COOKHAM BRIDGE,-0.7059,51.5621,Thames,THAMES - WEST THAMES,L&W NORTH - WT,OPEN,FRESHWATER - RIVERS,2023-09-05T09:38:00,ENVIRONMENTAL MONITORING STATUTORY (EU DIRECTIVES),RIVER / RUNNING SURFACE WATER,9924,"Oxygen, Dissolved as O2",9.2,MILLIGRAM PER LITRE
https://environment.data.gov.uk/water-quality/sampling-point/TH-PTHR0082/sample/1397697/observation/0061,TH-PTHR0082,THAMES AT COOKHAM BRIDGE,-0.7059,51.5621,Thames,THAMES - WEST THAMES,L&W NORTH - WT,OPEN,FRESHWATER - RIVERS,2023-10-16T09:15:00,ENVIRONMENTAL MONITORING STATUTORY (EU DIRECTIVES),RIVER / RUNNING SURFACE WATER,0061,pH,8.08,PH UNITS
https://environment.data.gov.uk/water-quality/sampling-point/TH-PTHR0082/sample/1397697/observation/0076,TH-PTHR0082,THAMES AT COOKHAM BRIDGE,-0.7059,51.5621,Thames,THAMES - WEST THAMES,L&W NORTH - WT,OPEN,FRESHWATER - RIVERS,2023-10-16T09:15:00,ENVIRONMENTAL MONITORING STATUTORY (EU DIRECTIVES),RIVER / RUNNING SURFACE WATER,0076,Temperature of Water,12.1,CELSIUS
https://environment.data.gov.uk/water-quality/sampling-point/TH-PTHR0082/sample/1397697/observation/0077,TH-PTHR0082,THAMES AT COOKHAM BRIDGE,-0.7059,51.5621,Thames,THAMES - WEST THAMES,L&W NORTH - WT,OPEN,FRESHWATER - RIVERS,2023-10-16T09:15:00,ENVIRONMENTAL MONITORING STATUTORY (EU DIRECTIVES),RIVER / RUNNING SURFACE WATER,0077,Conductivity at 25 C,650,MICROSIEMENS PER CENTIMETRE
https://environment.data.gov.uk/water-quality/sampling-point/TH-PTHR0082/sample/1397697/observation/0085,TH-PTHR0082,THAMES AT COOKHAM BRIDGE,-0.7059,51.5621,Thames,THAMES - WEST THAMES,L&W NORTH - WT,OPEN,FRESHWATER - RIVERS,2023-10-16T09:15:00,ENVIRONMENTAL MONITORING STATUTORY (EU DIRECTIVES),RIVER / RUNNING SURFACE WATER,0085,BOD : 5 Day ATU,1.2,MILLIGRAM PER LITRE
https://environment.data.gov.uk/water-quality/sampling-point/TH-PTHR0082/sample/1397697/observation/0103,TH-PTHR0082,THAMES AT COOKHAM BRIDGE,-0.7059,51.5621,Thames,THAMES - WEST THAMES,L&W NORTH - WT,OPEN,FRESHWATER - RIVERS,2023-10-16T09:15:00,ENVIRONMENTAL MONITORING STATUTORY (EU DIRECTIVES),RIVER / RUNNING SURFACE WATER,0103,"Mercury, Dissolved",<0.01,MICROGRAM PER LITRE
https://environment.data.gov.uk/water-quality/sampling-point/TH-PTHR0082/sample/1397697/observation/0106,TH-PTHR0082,THAMES AT COOKHAM BRIDGE,-0.7059,51.5621,Thames,THAMES - WEST THAMES,L&W NORTH - WT,OPEN,FRESHWATER - RIVERS,2023-10-16T09:15:00,ENVIRONMENTAL MONITORING STATUTORY (EU DIRECTIVES),RIVER / RUNNING SURFACE WATER,0106,"Cadmium, Dissolved",0.012,MICROGRAM PER LITRE
https://environment.data.gov.uk/water-quality/sampling-point/TH-PTHR0082/sample/1397697/observation/0111,TH-PTHR0082,THAMES AT COOKHAM BRIDGE,-0.7059,51.5621,Thames,THAMES - WEST THAMES,L&W NORTH - WT,OPEN,FRESHWATER - RIVERS,2023-10-16T09:15:00,ENVIRONMENTAL MONITORING STATUTORY (EU DIRECTIVES),RIVER / RUNNING SURFACE WATER,0111,Ammoniacal Nitrogen as N,0.031,MILLIGRAM PER LITRE
https://environment.data.gov.uk/water-quality/sampling-point/TH-PTHR0082/sample/1397697/observation/0116,TH-PTHR0082,THAMES AT COOKHAM BRIDGE,-0.7059,51.5621,Thames,THAMES - WEST THAMES,L&W NORTH - WT,OPEN,FRESHWATER - RIVERS,2023-10-16T09:15:00,ENVIRONMENTAL MONITORING STATUTORY (EU DIRECTIVES),RIVER / RUNNING SURFACE WATER,0116,"Nitrogen, Total Oxidised as N",6.6,MILLIGRAM PER LITRE
https://environment.data.gov.uk/water-quality/sampling-point/TH-PTHR0082/sample/1397697/observation/0117,TH-PTHR0082,THAMES AT COOKHAM BRIDGE,-0.7059,51.5621,Thames,THAMES - WEST THAMES,L&W NORTH - WT,OPEN,FRESHWATER - RIVERS,2023-10-16T09:15:00,ENVIRONMENTAL MONITORING STATUTORY (EU DIRECTIVES),RIVER / RUNNING SURFACE WATER,0117,Nitrate as N,6.58,MILLIGRAM PER LITRE
https://environment.data.gov.uk/water-quality/sampling-point/TH-PTHR0082/sample/1397697/observation/0118,TH-PTHR0082,THAMES AT COOKHAM BRIDGE,-0.7059,51.5621,Thames,THAMES - WEST THAMES,L&W NORTH - WT,OPEN,FRESHWATER - RIVERS,2023-10-16T09:15:00,ENVIRONMENTAL MONITORING STATUTORY (EU DIRECTIVES),RIVER / RUNNING SURFACE WATER,0118,Nitrite as N,0.017,MILLIGRAM PER LITRE
https://environment.data.gov.uk/water-quality/sampling-point/TH-PTHR0082/sample/1397697/observation/0119,TH-PTHR0082,THAMES AT COOKHAM BRIDGE,-0.7059,51.5621,Thames,THAMES - WEST THAMES,L&W NORTH - WT,OPEN,FRESHWATER - RIVERS,2023-10-16T09:15:00,ENVIRONMENTAL MONITORING STATUTORY (EU DIRECTIVES),RIVER / RUNNING SURFACE WATER,0119,Ammonia un-ionised as N,0.00066,MILLIGRAM PER LITRE
https://environment.data.gov.uk/water-quality/sampling-point/TH-PTHR0082/sample/1397697/observation/0162,TH-PTHR0082,THAMES AT COOKHAM BRIDGE,-0.7059,51.5621,Thames,THAMES - WEST THAMES,L&W NORTH - WT,OPEN,FRESHWATER - RIVERS,2023-10-16T09:15:00,ENVIRONMENTAL MONITORING STATUTORY (EU DIRECTIVES),RIVER / RUNNING SURFACE WATER,0162,Alkalinity to pH 4.5 as CaCO3,200,MILLIGRAM PER LITRE
https://environment.data.gov.uk/water-quality/sampling-point/TH-PTHR0082/sample/1397697/observation/0180,TH-PTHR0082,THAMES AT COOKHAM BRIDGE,-0.7059,51.5621,Thames,THAMES - WEST THAMES,L&W NORTH - WT,OPEN,FRESHWATER - RIVERS,2023-10-16T09:15:00,ENVIRONMENTAL MONITORING STATUTORY (EU DIRECTIVES),RIVER / RUNNING SURFACE WATER,0180,"Orthophosphate, reactive as P",0.21,MILLIGRAM PER LITRE
https://environment.data.gov.uk/water-quality/sampling-point/TH-PTHR0082/sample/1397697/observation/0235,TH-PTHR0082,THAMES AT COOKHAM BRIDGE,-0.7059,51.5621,Thames,THAMES - WEST THAMES,L&W NORTH - WT,OPEN,FRESHWATER - RIVERS,2023-10-16T09:15:00,ENVIRONMENTAL MONITORING STATUTORY (EU DIRECTIVES),RIVER / RUNNING SURFACE WATER,0235,"Magnesium, Dissolved",4.7,MILLIGRAM PER LITRE
https://environment.data.gov.uk/water-quality/sampling-point/TH-PTHR0082/sample/1397697/observation/0239,TH-PTHR0082,THAMES AT COOKHAM BRIDGE,-0.7059,51.5621,Thames,THAMES - WEST THAMES,L&W NORTH - WT,OPEN,FRESHWATER - RIVERS,2023-10-16T09:15:00,ENVIRONMENTAL MONITORING STATUTORY (EU DIRECTIVES),RIVER / RUNNING SURFACE WATER,0239,"Calcium, Dissolved",98,MILLIGRAM PER LITRE
https://environment.data.gov.uk/water-quality/sampling-point/TH-PTHR0082/sample/1397697/observation/0301,TH-PTHR0082,THAMES AT COOKHAM BRIDGE,-0.7059,51.5621,Thames,THAMES - WEST THAMES,L&W NORTH - WT,OPEN,FRESHWATER - RIVERS,2023-10-16T09:15:00,ENVIRONMENTAL MONITORING STATUTORY (EU DIRECTIVES),RIVER / RUNNING SURFACE WATER,0301,"Carbon, Organic, Dissolved as C :- {DOC}",5.2,MILLIGRAM PER LITRE
https://environment.data.gov.uk/water-quality/sampling-point/TH-PTHR0082/sample/1397697/observation/9901,TH-PTHR0082,THAMES AT COOKHAM BRIDGE,-0.7059,51.5621,Thames,THAMES - WEST THAMES,L&W NORTH - WT,OPEN,FRESHWATER - RIVERS,2023-10-16T09:15:00,ENVIRONMENTAL MONITORING STATUTORY (EU DIRECTIVES),RIVER / RUNNING SURFACE WATER,9901,"Oxygen, Dissolved, % Saturation",97.5,PERCENTAGE
https://environment.data.gov.uk/water-quality/sampling-point/TH-PTHR0082/sample/1397697/observation/9924,TH-PTHR0082,THAMES AT COOKHAM BRIDGE,-0.7059,51.5621,Thames,THAMES - WEST THAMES,L&W NORTH - WT,OPEN,FRESHWATER - RIVERS,2023-10-16T09:15:00,ENVIRONMENTAL MONITORING STATUTORY (EU DIRECTIVES),RIVER / RUNNING SURFACE WATER,9924,"Oxygen, Dissolved as O2",10.5,MILLIGRAM PER LITRE
https://environment.data.gov.uk/water-quality/sampling-point/TH-PTHR0082/sample/1400037/observation/0061,TH-PTHR0082,THAMES AT COOKHAM BRIDGE,-0.7059,51.5621,Thames,THAMES - WEST THAMES,L&W NORTH - WT,OPEN,FRESHWATER - RIVERS,2023-11-20T10:15:00,ENVIRONMENTAL MONITORING STATUTORY (EU DIRECTIVES),RIVER / RUNNING SURFACE WATER,0061,pH,8.02,PH UNITS
https://environment.data.gov.uk/water-quality/sampling-point/TH-PTHR0082/sample/1400037/observation/0076,TH-PTHR0082,THAMES AT COOKHAM BRIDGE,-0.7059,51.5621,Thames,THAMES - WEST THAMES,L&W NORTH - WT,OPEN,FRESHWATER - RIVERS,2023-11-20T10:15:00,ENVIRONMENTAL MONITORING STATUTORY (EU DIRECTIVES),RIVER / RUNNING SURFACE WATER,0076,Temperature of Water,9.8,CELSIUS
https://environment.data.gov.uk/water-quality/sampling-point/TH-PTHR0082/sample/1400037/observation/0077,TH-PTHR0082,THAMES AT COOKHAM BRIDGE,-0.7059,51.5621,Thames,THAMES - WEST THAMES,L&W NORTH - WT,OPEN,FRESHWATER - RIVERS,2023-11-20T10:15:00,ENVIRONMENTAL MONITORING STATUTORY (EU DIRECTIVES),RIVER / RUNNING SURFACE WATER,0077,Conductivity at 25 C,584,MICROSIEMENS PER CENTIMETRE
https://environment.data.gov.uk/water-quality/sampling-point/TH-PTHR0082/sample/1400037/observation/0085,TH-PTHR0082,THAMES AT COOKHAM BRIDGE,-0.7059,51.5621,Thames,THAMES - WEST THAMES,L&W NORTH - WT,OPEN,FRESHWATER - RIVERS,2023-11-20T10:15:00,ENVIRONMENTAL MONITORING STATUTORY (EU DIRECTIVES),RIVER / RUNNING SURFACE WATER,0085,BOD : 5 Day ATU,1.7,MILLIGRAM PER LITRE
https://environment.data.gov.uk/water-quality/sampling-point/TH-PTHR0082/sample/1400037/observation/0111,TH-PTHR0082,THAMES AT COOKHAM BRIDGE,-0.7059,51.5621,Thames,THAMES - WEST THAMES,L&W NORTH - WT,OPEN,FRESHWATER - RIVERS,2023-11-20T10:15:00,ENVIRONMENTAL MONITORING STATUTORY (EU DIRECTIVES),RIVER / RUNNING SURFACE WATER,0111,Ammoniacal Nitrogen as N,0.04,MILLIGRAM PER LITRE
https://environment.data.gov.uk/water-quality/sampling-point/TH-PTHR0082/sample/1400037/observation/0116,TH-PTHR0082,THAMES AT COOKHAM BRIDGE,-0.7059,51.5621,Thames,THAMES - WEST THAMES,L&W NORTH - WT,OPEN,FRESHWATER - RIVERS,2023-11-20T10:15:00,ENVIRONMENTAL MONITORING STATUTORY (EU DIRECTIVES),RIVER / RUNNING SURFACE WATER,0116,"Nitrogen, Total Oxidised as N",4.6,MILLIGRAM PER LITRE
https://environment.data.gov.uk/water-quality/sampling-point/TH-PTHR0082/sample/1400037/observation/0117,TH-PTHR0082,THAMES AT COOKHAM BRIDGE,-0.7059,51.5621,Thames,THAMES - WEST THAMES,L&W NORTH - WT,OPEN,FRESHWATER - RIVERS,2023-11-20T10:15:00,ENVIRONMENTAL MONITORING STATUTORY (EU DIRECTIVES),RIVER / RUNNING SURFACE WATER,0117,Nitrate as N,4.58,MILLIGRAM PER LITRE
https://environment.data.gov.uk/water-quality/sampling-point/TH-PTHR0082/sample/1400037/observation/0118,TH-PTHR0082,THAMES AT COOKHAM BRIDGE,-0.7059,51.5621,Thames,THAMES - WEST THAMES,L&W NORTH - WT,OPEN,FRESHWATER - RIVERS,2023-11-20T10:15:00,ENVIRONMENTAL MONITORING STATUTORY (EU DIRECTIVES),RIVER / RUNNING SURFACE WATER,0118,Nitrite as N,0.023,MILLIGRAM PER LITRE
https://environment.data.gov.uk/water-quality/sampling-point/TH-PTHR0082/sample/1400037/observation/0119,TH-PTHR0082,THAMES AT COOKHAM BRIDGE,-0.7059,51.5621,Thames,THAMES - WEST THAMES,L&W NORTH - WT,OPEN,FRESHWATER - RIVERS,2023-11-20T10:15:00,ENVIRONMENTAL MONITORING STATUTORY (EU DIRECTIVES),RIVER / RUNNING SURFACE WATER,0119,Ammonia un-ionised as N,0.00072,MILLIGRAM PER LITRE
https://environment.data.gov.uk/water-quality/sampling-point/TH-PTHR0082/sample/1400037/observation/0162,TH-PTHR0082,THAMES AT COOKHAM BRIDGE,-0.7059,51.5621,Thames,THAMES - WEST THAMES,L&W NORTH - WT,OPEN,FRESHWATER - RIVERS,2023-11-20T10:15:00,ENVIRONMENTAL MONITORING STATUTORY (EU DIRECTIVES),RIVER / RUNNING SURFACE WATER,0162,Alkalinity to pH 4.5 as CaCO3,220,MILLIGRAM PER LITRE
https://environment.data.gov.uk/water-quality/sampling-point/TH-PTHR0082/sample/1400037/observation/0180,TH-PTHR0082,THAMES AT COOKHAM BRIDGE,-0.7059,51.5621,Thames,THAMES - WEST THAMES,L&W NORTH - WT,OPEN,FRESHWATER - RIVERS,2023-11-20T10:15:00,ENVIRONMENTAL MONITORING STATUTORY (EU DIRECTIVES),RIVER / RUNNING SURFACE WATER,0180,"Orthophosphate, reactive as P",0.094,MILLIGRAM PER LITRE
https://environment.data.gov.uk/water-quality/sampling-point/TH-PTHR0082/sample/1400037/observation/9901,TH-PTHR0082,THAMES AT COOKHAM BRIDGE,-0.7059,51.5621,Thames,THAMES - WEST THAMES,L&W NORTH - WT,OPEN,FRESHWATER - RIVERS,2023-11-20T10:15:00,ENVIRONMENTAL MONITORING STATUTORY (EU DIRECTIVES),RIVER / RUNNING SURFACE WATER,9901,"Oxygen, Dissolved, % Saturation",96.4,PERCENTAGE
https://environment.data.gov.uk/water-quality/sampling-point/TH-PTHR0082/sample/1400037/observation/9924,TH-PTHR0082,THAMES AT COOKHAM BRIDGE,-0.7059,51.5621,Thames,THAMES - WEST THAMES,L&W NORTH - WT,OPEN,FRESHWATER - RIVERS,2023-11-20T10:15:00,ENVIRONMENTAL MONITORING STATUTORY (EU DIRECTIVES),RIVER / RUNNING SURFACE WATER,9924,"Oxygen, Dissolved as O2",10.9,MILLIGRAM PER LITRE
https://environment.data.gov.uk/water-quality/sampling-point/TH-PTHR0082/sample/1400978/observation/0061,TH-PTHR0082,THAMES AT COOKHAM BRIDGE,-0.7059,51.5621,Thames,THAMES - WEST THAMES,L&W NORTH - WT,OPEN,FRESHWATER - RIVERS,2023-12-08T11:00:00,ENVIRONMENTAL MONITORING STATUTORY (EU DIRECTIVES),RIVER / RUNNING SURFACE WATER,0061,pH,8.15,PH UNITS
https://environment.data.gov.uk/water-quality/sampling-point/TH-PTHR0082/sample/1400978/observation/0076,TH-PTHR0082,THAMES AT COOKHAM BRIDGE,-0.7059,51.5621,Thames,THAMES - WEST THAMES,L&W NORTH - WT,OPEN,FRESHWATER - RIVERS,2023-12-08T11:00:00,ENVIRONMENTAL MONITORING STATUTORY (EU DIRECTIVES),RIVER / RUNNING SURFACE WATER,0076,Temperature of Water,7.1,CELSIUS
https://environment.data.gov.uk/water-quality/sampling-point/TH-PTHR0082/sample/1400978/observation/0077,TH-PTHR0082,THAMES AT COOKHAM BRIDGE,-0.7059,51.5621,Thames,THAMES - WEST THAMES,L&W NORTH - WT,OPEN,FRESHWATER - RIVERS,2023-12-08T11:00:00,ENVIRONMENTAL MONITORING STATUTORY (EU DIRECTIVES),RIVER / RUNNING SURFACE WATER,0077,Conductivity at 25 C,573,MICROSIEMENS PER CENTIMETRE
https://environment.data.gov.uk/water-quality/sampling-point/TH-PTHR0082/sample/1400978/observation/0085,TH-PTHR0082,THAMES AT COOKHAM BRIDGE,-0.7059,51.5621,Thames,THAMES - WEST THAMES,L&W NORTH - WT,OPEN,FRESHWATER - RIVERS,2023-12-08T11:00:00,ENVIRONMENTAL MONITORING STATUTORY (EU DIRECTIVES),RIVER / RUNNING SURFACE WATER,0085,BOD : 5 Day ATU,1.6,MILLIGRAM PER LITRE
https://environment.data.gov.uk/water-quality/sampling-point/TH-PTHR0082/sample/1400978/observation/0111,TH-PTHR0082,THAMES AT COOKHAM BRIDGE,-0.7059,51.5621,Thames,THAMES - WEST THAMES,L&W NORTH - WT,OPEN,FRESHWATER - RIVERS,2023-12-08T11:00:00,ENVIRONMENTAL MONITORING STATUTORY (EU DIRECTIVES),RIVER / RUNNING SURFACE WATER,0111,Ammoniacal Nitrogen as N,0.055,MILLIGRAM PER LITRE
https://environment.data.gov.uk/water-quality/sampling-point/TH-PTHR0082/sample/1400978/observation/0116,TH-PTHR0082,THAMES AT COOKHAM BRIDGE,-0.7059,51.5621,Thames,THAMES - WEST THAMES,L&W NORTH - WT,OPEN,FRESHWATER - RIVERS,2023-12-08T11:00:00,ENVIRONMENTAL MONITORING STATUTORY (EU DIRECTIVES),RIVER / RUNNING SURFACE WATER,0116,"Nitrogen, Total Oxidised as N",5.4,MILLIGRAM PER LITRE
https://environment.data.gov.uk/water-quality/sampling-point/TH-PTHR0082/sample/1400978/observation/0117,TH-PTHR0082,THAMES AT COOKHAM BRIDGE,-0.7059,51.5621,Thames,THAMES - WEST THAMES,L&W NORTH - WT,OPEN,FRESHWATER - RIVERS,2023-12-08T11:00:00,ENVIRONMENTAL MONITORING STATUTORY (EU DIRECTIVES),RIVER / RUNNING SURFACE WATER,0117,Nitrate as N,5.37,MILLIGRAM PER LITRE
https://environment.data.gov.uk/water-quality/sampling-point/TH-PTHR0082/sample/1400978/observation/0118,TH-PTHR0082,THAMES AT COOKHAM BRIDGE,-0.7059,51.5621,Thames,THAMES - WEST THAMES,L&W NORTH - WT,OPEN,FRESHWATER - RIVERS,2023-12-08T11:00:00,ENVIRONMENTAL MONITORING STATUTORY (EU DIRECTIVES),RIVER / RUNNING SURFACE WATER,0118,Nitrite as N,0.033,MILLIGRAM PER LITRE
https://environment.data.gov.uk/water-quality/sampling-point/TH-PTHR0082/sample/1400978/observation/0119,TH-PTHR0082,THAMES AT COOKHAM BRIDGE,-0.7059,51.5621,Thames,THAMES - WEST THAMES,L&W NORTH - WT,OPEN,FRESHWATER - RIVERS,2023-12-08T11:00:00,ENVIRONMENTAL MONITORING STATUTORY (EU DIRECTIVES),RIVER / RUNNING SURFACE WATER,0119,Ammonia un-ionised as N,0.00081,MILLIGRAM PER LITRE
https://environment.data.gov.uk/water-quality/sampling-point/TH-PTHR0082/sample/1400978/observation/0162,TH-PTHR0082,THAMES AT COOKHAM BRIDGE,-0.7059,51.5621,Thames,THAMES - WEST THAMES,L&W NORTH - WT,OPEN,FRESHWATER - RIVERS,2023-12-08T11:00:00,ENVIRONMENTAL MONITORING STATUTORY (EU DIRECTIVES),RIVER / RUNNING SURFACE WATER,0162,Alkalinity to pH 4.5 as CaCO3,210,MILLIGRAM PER LITRE
https://environment.data.gov.uk/water-quality/sampling-point/TH-PTHR0082/sample/1400978/observation/0180,TH-PTHR0082,THAMES AT COOKHAM BRIDGE,-0.7059,51.5621,Thames,THAMES - WEST THAMES,L&W NORTH - WT,OPEN,FRESHWATER - RIVERS,2023-12-08T11:00:00,ENVIRONMENTAL MONITORING STATUTORY (EU DIRECTIVES),RIVER / RUNNING SURFACE WATER,0180,"Orthophosphate, reactive as P",0.14,MILLIGRAM PER LITRE
https://environment.data.gov.uk/water-quality/sampling-point/TH-PTHR0082/sample/1400978/observation/9901,TH-PTHR0082,THAMES AT COOKHAM BRIDGE,-0.7059,51.5621,Thames,THAMES - WEST THAMES,L&W NORTH - WT,OPEN,FRESHWATER - RIVERS,2023-12-08T11:00:00,ENVIRONMENTAL MONITORING STATUTORY (EU DIRECTIVES),RIVER / RUNNING SURFACE WATER,9901,"Oxygen, Dissolved, % Saturation",99.9,PERCENTAGE
https://environment.data.gov.uk/water-quality/sampling-point/TH-PTHR0082/sample/1400978/observation/9924,TH-PTHR0082,THAMES AT COOKHAM BRIDGE,-0.7059,51.5621,Thames,THAMES - WEST THAMES,L&W NORTH - WT,OPEN,FRESHWATER - RIVERS,2023-12-08T11:00:00,ENVIRONMENTAL MONITORING STATUTORY (EU DIRECTIVES),RIVER / RUNNING SURFACE WATER,9924,"Oxygen, Dissolved as O2",12.1,MILLIGRAM PER LITRE
https://environment.data.gov.uk/water-quality/sampling-point/TH-PTHR0088/sample/1391256/observation/0061,TH-PTHR0088,THAMES AT HENLEY BRIDGE,-0.901,51.5391,Thames,THAMES - WEST THAMES,L&W NORTH - WT,OPEN,FRESHWATER - RIVERS,2023-05-15T11:24:00,ENVIRONMENTAL MONITORING STATUTORY (EU DIRECTIVES),RIVER / RUNNING SURFACE WATER,0061,pH,8.08,PH UNITS
https://environment.data.gov.uk/water-quality/sampling-point/TH-PTHR0088/sample/1391256/observation/0076,TH-PTHR0088,THAMES AT HENLEY BRIDGE,-0.901,51.5391,Thames,THAMES - WEST THAMES,L&W NORTH - WT,OPEN,FRESHWATER - RIVERS,2023-05-15T11:24:00,ENVIRONMENTAL MONITORING STATUTORY (EU DIRECTIVES),RIVER / RUNNING SURFACE WATER,0076,Temperature of Water,14.5,CELSIUS
https://environment.data.gov.uk/water-quality/sampling-point/TH-PTHR0088/sample/1391256/observation/0077,TH-PTHR0088,THAMES AT HENLEY BRIDGE,-0.901,51.5391,Thames,THAMES - WEST THAMES,L&W NORTH - WT,OPEN,FRESHWATER - RIVERS,2023-05-15T11:24:00,ENVIRONMENTAL MONITORING STATUTORY (EU DIRECTIVES),RIVER / RUNNING SURFACE WATER,0077,Conductivity at 25 C,632,MICROSIEMENS PER CENTIMETRE
https://environment.data.gov.uk/water-quality/sampling-point/TH-PTHR0088/sample/1391256/observation/0111,TH-PTHR0088,THAMES AT HENLEY BRIDGE,-0.901,51.5391,Thames,THAMES - WEST THAMES,L&W NORTH - WT,OPEN,FRESHWATER - RIVERS,2023-05-15T11:24:00,ENVIRONMENTAL MONITORING STATUTORY (EU DIRECTIVES),RIVER / RUNNING SURFACE WATER,0111,Ammoniacal Nitrogen as N,0.067,MILLIGRAM PER LITRE
https://environment.data.gov.uk/water-quality/sampling-point/TH-PTHR0088/sample/1391256/observation/0116,TH-PTHR0088,THAMES AT HENLEY BRIDGE,-0.901,51.5391,Thames,THAMES - WEST THAMES,L&W NORTH - WT,OPEN,FRESHWATER - RIVERS,2023-05-15T11:24:00,ENVIRONMENTAL MONITORING STATUTORY (EU DIRECTIVES),RIVER / RUNNING SURFACE WATER,0116,"Nitrogen, Total Oxidised as N",5.6,MILLIGRAM PER LITRE
https://environment.data.gov.uk/water-quality/sampling-point/TH-PTHR0088/sample/1391256/observation/0117,TH-PTHR0088,THAMES AT HENLEY BRIDGE,-0.901,51.5391,Thames,THAMES - WEST THAMES,L&W NORTH - WT,OPEN,FRESHWATER - RIVERS,2023-05-15T11:24:00,ENVIRONMENTAL MONITORING STATUTORY (EU DIRECTIVES),RIVER / RUNNING SURFACE WATER,0117,Nitrate as N,5.58,MILLIGRAM PER LITRE
https://environment.data.gov.uk/water-quality/sampling-point/TH-PTHR0088/sample/1391256/observation/0118,TH-PTHR0088,THAMES AT HENLEY BRIDGE,-0.901,51.5391,Thames,THAMES - WEST THAMES,L&W NORTH - WT,OPEN,FRESHWATER - RIVERS,2023-05-15T11:24:00,ENVIRONMENTAL MONITORING STATUTORY (EU DIRECTIVES),RIVER / RUNNING SURFACE WATER,0118,Nitrite as N,0.021,MILLIGRAM PER LITRE
https://environment.data.gov.uk/water-quality/sampling-point/TH-PTHR0088/sample/1391256/observation/0119,TH-PTHR0088,THAMES AT HENLEY BRIDGE,-0.901,51.5391,Thames,THAMES - WEST THAMES,L&W NORTH - WT,OPEN,FRESHWATER - RIVERS,2023-05-15T11:24:00,ENVIRONMENTAL MONITORING STATUTORY (EU DIRECTIVES),RIVER / RUNNING SURFACE WATER,0119,Ammonia un-ionised as N,0.0017,MILLIGRAM PER LITRE
https://environment.data.gov.uk/water-quality/sampling-point/TH-PTHR0088/sample/1391256/observation/0162,TH-PTHR0088,THAMES AT HENLEY BRIDGE,-0.901,51.5391,Thames,THAMES - WEST THAMES,L&W NORTH - WT,OPEN,FRESHWATER - RIVERS,2023-05-15T11:24:00,ENVIRONMENTAL MONITORING STATUTORY (EU DIRECTIVES),RIVER / RUNNING SURFACE WATER,0162,Alkalinity to pH 4.5 as CaCO3,230,MILLIGRAM PER LITRE
https://environment.data.gov.uk/water-quality/sampling-point/TH-PTHR0088/sample/1391256/observation/0180,TH-PTHR0088,THAMES AT HENLEY BRIDGE,-0.901,51.5391,Thames,THAMES - WEST THAMES,L&W NORTH - WT,OPEN,FRESHWATER - RIVERS,2023-05-15T11:24:00,ENVIRONMENTAL MONITORING STATUTORY (EU DIRECTIVES),RIVER / RUNNING SURFACE WATER,0180,"Orthophosphate, reactive as P",0.12,MILLIGRAM PER LITRE
https://environment.data.gov.uk/water-quality/sampling-point/TH-PTHR0088/sample/1391256/observation/9901,TH-PTHR0088,THAMES AT HENLEY BRIDGE,-0.901,51.5391,Thames,THAMES - WEST THAMES,L&W NORTH - WT,OPEN,FRESHWATER - RIVERS,2023-05-15T11:24:00,ENVIRONMENTAL MONITORING STATUTORY (EU DIRECTIVES),RIVER / RUNNING SURFACE WATER,9901,"Oxygen, Dissolved, % Saturation",97.6,PERCENTAGE
https://environment.data.gov.uk/water-quality/sampling-point/TH-PTHR0088/sample/1391256/observation/9924,TH-PTHR0088,THAMES AT HENLEY BRIDGE,-0.901,51.5391,Thames,THAMES - WEST THAMES,L&W NORTH - WT,OPEN,FRESHWATER - RIVERS,2023-05-15T11:24:00,ENVIRONMENTAL MONITORING STATUTORY (EU DIRECTIVES),RIVER / RUNNING SURFACE WATER,9924,"Oxygen, Dissolved as O2",9.92,MILLIGRAM PER LITRE
https://environment.data.gov.uk/water-quality/sampling-point/TH-PTHR0088/sample/1392467/observation/0061,TH-PTHR0088,THAMES AT HENLEY BRIDGE,-0.901,51.5391,Thames,THAMES - WEST THAMES,L&W NORTH - WT,OPEN,FRESHWATER - RIVERS,2023-06-12T11:27:00,ENVIRONMENTAL MONITORING STATUTORY (EU DIRECTIVES),RIVER / RUNNING SURFACE WATER,0061,pH,7.88,PH UNITS
https://environment.data.gov.uk/water-quality/sampling-point/TH-PTHR0088/sample/1392467/observation/0076,TH-PTHR0088,THAMES AT HENLEY BRIDGE,-0.901,51.5391,Thames,THAMES - WEST THAMES,L&W NORTH - WT,OPEN,FRESHWATER - RIVERS,2023-06-12T11:27:00,ENVIRONMENTAL MONITORING STATUTORY (EU DIRECTIVES),RIVER / RUNNING SURFACE WATER,0076,Temperature of Water,20,CELSIUS
https://environment.data.gov.uk/water-quality/sampling-point/TH-PTHR0088/sample/1392467/observation/0077,TH-PTHR0088,THAMES AT HENLEY BRIDGE,-0.901,51.5391,Thames,THAMES - WEST THAMES,L&W NORTH - WT,OPEN,FRESHWATER - RIVERS,2023-06-12T11:27:00,ENVIRONMENTAL MONITORING STATUTORY (EU DIRECTIVES),RIVER / RUNNING SURFACE WATER,0077,Conductivity at 25 C,673,MICROSIEMENS PER CENTIMETRE
https://environment.data.gov.uk/water-quality/sampling-point/TH-PTHR0088/sample/1392467/observation/0111,TH-PTHR0088,THAMES AT HENLEY BRIDGE,-0.901,51.5391,Thames,THAMES - WEST THAMES,L&W NORTH - WT,OPEN,FRESHWATER - RIVERS,2023-06-12T11:27:00,ENVIRONMENTAL MONITORING STATUTORY (EU DIRECTIVES),RIVER / RUNNING SURFACE WATER,0111,Ammoniacal Nitrogen as N,0.083,MILLIGRAM PER LITRE
https://environment.data.gov.uk/water-quality/sampling-point/TH-PTHR0088/sample/1392467/observation/0116,TH-PTHR0088,THAMES AT HENLEY BRIDGE,-0.901,51.5391,Thames,THAMES - WEST THAMES,L&W NORTH - WT,OPEN,FRESHWATER - RIVERS,2023-06-12T11:27:00,ENVIRONMENTAL MONITORING STATUTORY (EU DIRECTIVES),RIVER / RUNNING SURFACE WATER,0116,"Nitrogen, Total Oxidised as N",7.2,MILLIGRAM PER LITRE
https://environment.data.gov.uk/water-quality/sampling-point/TH-PTHR0088/sample/1392467/observation/0117,TH-PTHR0088,THAMES AT HENLEY BRIDGE,-0.901,51.5391,Thames,THAMES - WEST THAMES,L&W NORTH - WT,OPEN,FRESHWATER - RIVERS,2023-06-12T11:27:00,ENVIRONMENTAL MONITORING STATUTORY (EU DIRECTIVES),RIVER / RUNNING SURFACE WATER,0117,Nitrate as N,7.17,MILLIGRAM PER LITRE
https://environment.data.gov.uk/water-quality/sampling-point/TH-PTHR0088/sample/1392467/observation/0118,TH-PTHR0088,THAMES AT HENLEY BRIDGE,-0.901,51.5391,Thames,THAMES - WEST THAMES,L&W NORTH - WT,OPEN,FRESHWATER - RIVERS,2023-06-12T11:27:00,ENVIRONMENTAL MONITORING STATUTORY (EU DIRECTIVES),RIVER / RUNNING SURFACE WATER,0118,Nitrite as N,0.029,MILLIGRAM PER LITRE
https://environment.data.gov.uk/water-quality/sampling-point/TH-PTHR0088/sample/1392467/observation/0119,TH-PTHR0088,THAMES AT HENLEY BRIDGE,-0.901,51.5391,Thames,THAMES - WEST THAMES,L&W NORTH - WT,OPEN,FRESHWATER - RIVERS,2023-06-12T11:27:00,ENVIRONMENTAL MONITORING STATUTORY (EU DIRECTIVES),RIVER / RUNNING SURFACE WATER,0119,Ammonia un-ionised as N,0.0024,MILLIGRAM PER LITRE
https://environment.data.gov.uk/water-quality/sampling-point/TH-PTHR0088/sample/1392467/observation/0162,TH-PTHR0088,THAMES AT HENLEY BRIDGE,-0.901,51.5391,Thames,THAMES - WEST THAMES,L&W NORTH - WT,OPEN,FRESHWATER - RIVERS,2023-06-12T11:27:00,ENVIRONMENTAL MONITORING STATUTORY (EU DIRECTIVES),RIVER / RUNNING SURFACE WATER,0162,Alkalinity to pH 4.5 as CaCO3,220,MILLIGRAM PER LITRE
https://environment.data.gov.uk/water-quality/sampling-point/TH-PTHR0088/sample/1392467/observation/0180,TH-PTHR0088,THAMES AT HENLEY BRIDGE,-0.901,51.5391,Thames,THAMES - WEST THAMES,L&W NORTH - WT,OPEN,FRESHWATER - RIVERS,2023-06-12T11:27:00,ENVIRONMENTAL MONITORING STATUTORY (EU DIRECTIVES),RIVER / RUNNING SURFACE WATER,0180,"Orthophosphate, reactive as P",0.11,MILLIGRAM PER LITRE
https://environment.data.gov.uk/water-quality/sampling-point/TH-PTHR0088/sample/1392467/observation/9901,TH-PTHR0088,THAMES AT HENLEY BRIDGE,-0.901,51.5391,Thames,THAMES - WEST THAMES,L&W NORTH - WT,OPEN,FRESHWATER - RIVERS,2023-06-12T11:27:00,ENVIRONMENTAL MONITORING STATUTORY (EU DIRECTIVES),RIVER / RUNNING SURFACE WATER,9901,"Oxygen, Dissolved, % Saturation",86,PERCENTAGE
https://environment.data.gov.uk/water-quality/sampling-point/TH-PTHR0088/sample/1392467/observation/9924,TH-PTHR0088,THAMES AT HENLEY BRIDGE,-0.901,51.5391,Thames,THAMES - WEST THAMES,L&W NORTH - WT,OPEN,FRESHWATER - RIVERS,2023-06-12T11:27:00,ENVIRONMENTAL MONITORING STATUTORY (EU DIRECTIVES),RIVER / RUNNING SURFACE WATER,9924,"Oxygen, Dissolved as O2",7.8,MILLIGRAM PER LITRE
https://environment.data.gov.uk/water-quality/sampling-point/TH-PTHR0088/sample/1393825/observation/0061,TH-PTHR0088,THAMES AT HENLEY BRIDGE,-0.901,51.5391,Thames,THAMES - WEST THAMES,L&W NORTH - WT,OPEN,FRESHWATER - RIVERS,2023-07-06T10:25:00,ENVIRONMENTAL MONITORING STATUTORY (EU DIRECTIVES),RIVER / RUNNING SURFACE WATER,0061,pH,7.92,PH UNITS
https://environment.data.gov.uk/water-quality/sampling-point/TH-PTHR0088/sample/1393825/observation/0076,TH-PTHR0088,THAMES AT HENLEY BRIDGE,-0.901,51.5391,Thames,THAMES - WEST THAMES,L&W NORTH - WT,OPEN,FRESHWATER - RIVERS,2023-07-06T10:25:00,ENVIRONMENTAL MONITORING STATUTORY (EU DIRECTIVES),RIVER / RUNNING SURFACE WATER,0076,Temperature of Water,16.7,CELSIUS
https://environment.data.gov.uk/water-quality/sampling-point/TH-PTHR0088/sample/1393825/observation/0077,TH-PTHR0088,THAMES AT HENLEY BRIDGE,-0.901,51.5391,Thames,THAMES - WEST THAMES,L&W NORTH - WT,OPEN,FRESHWATER - RIVERS,2023-07-06T10:25:00,ENVIRONMENTAL MONITORING STATUTORY (EU DIRECTIVES),RIVER / RUNNING SURFACE WATER,0077,Conductivity at 25 C,623,MICROSIEMENS PER CENTIMETRE
https://environment.data.gov.uk/water-quality/sampling-point/TH-PTHR0088/sample/1393825/observation/0111,TH-PTHR0088,THAMES AT HENLEY BRIDGE,-0.901,51.5391,Thames,THAMES - WEST THAMES,L&W NORTH - WT,OPEN,FRESHWATER - RIVERS,2023-07-06T10:25:00,ENVIRONMENTAL MONITORING STATUTORY (EU DIRECTIVES),RIVER / RUNNING SURFACE WATER,0111,Ammoniacal Nitrogen as N,0.11,MILLIGRAM PER LITRE
https://environment.data.gov.uk/water-quality/sampling-point/TH-PTHR0088/sample/1393825/observation/0116,TH-PTHR0088,THAMES AT HENLEY BRIDGE,-0.901,51.5391,Thames,THAMES - WEST THAMES,L&W NORTH - WT,OPEN,FRESHWATER - RIVERS,2023-07-06T10:25:00,ENVIRONMENTAL MONITORING STATUTORY (EU DIRECTIVES),RIVER / RUNNING SURFACE WATER,0116,"Nitrogen, Total Oxidised as N",6.7,MILLIGRAM PER LITRE
https://environment.data.gov.uk/water-quality/sampling-point/TH-PTHR0088/sample/1393825/observation/0117,TH-PTHR0088,THAMES AT HENLEY BRIDGE,-0.901,51.5391,Thames,THAMES - WEST THAMES,L&W NORTH - WT,OPEN,FRESHWATER - RIVERS,2023-07-06T10:25:00,ENVIRONMENTAL MONITORING STATUTORY (EU DIRECTIVES),RIVER / RUNNING SURFACE WATER,0117,Nitrate as N,6.66,MILLIGRAM PER LITRE
https://environment.data.gov.uk/water-quality/sampling-point/TH-PTHR0088/sample/1393825/observation/0118,TH-PTHR0088,THAMES AT HENLEY BRIDGE,-0.901,51.5391,Thames,THAMES - WEST THAMES,L&W NORTH - WT,OPEN,FRESHWATER - RIVERS,2023-07-06T10:25:00,ENVIRONMENTAL MONITORING STATUTORY (EU DIRECTIVES),RIVER / RUNNING SURFACE WATER,0118,Nitrite as N,0.042,MILLIGRAM PER LITRE
https://environment.data.gov.uk/water-quality/sampling-point/TH-PTHR0088/sample/1393825/observation/0119,TH-PTHR0088,THAMES AT HENLEY BRIDGE,-0.901,51.5391,Thames,THAMES - WEST THAMES,L&W NORTH - WT,OPEN,FRESHWATER - RIVERS,2023-07-06T10:25:00,ENVIRONMENTAL MONITORING STATUTORY (EU DIRECTIVES),RIVER / RUNNING SURFACE WATER,0119,Ammonia un-ionised as N,0.00273,MILLIGRAM PER LITRE
https://environment.data.gov.uk/water-quality/sampling-point/TH-PTHR0088/sample/1393825/observation/0162,TH-PTHR0088,THAMES AT HENLEY BRIDGE,-0.901,51.5391,Thames,THAMES - WEST THAMES,L&W NORTH - WT,OPEN,FRESHWATER - RIVERS,2023-07-06T10:25:00,ENVIRONMENTAL MONITORING STATUTORY (EU DIRECTIVES),RIVER / RUNNING SURFACE WATER,0162,Alkalinity to pH 4.5 as CaCO3,170,MILLIGRAM PER LITRE
https://environment.data.gov.uk/water-quality/sampling-point/TH-PTHR0088/sample/1393825/observation/0180,TH-PTHR0088,THAMES AT HENLEY BRIDGE,-0.901,51.5391,Thames,THAMES - WEST THAMES,L&W NORTH - WT,OPEN,FRESHWATER - RIVERS,2023-07-06T10:25:00,ENVIRONMENTAL MONITORING STATUTORY (EU DIRECTIVES),RIVER / RUNNING SURFACE WATER,0180,"Orthophosphate, reactive as P",0.16,MILLIGRAM PER LITRE
https://environment.data.gov.uk/water-quality/sampling-point/TH-PTHR0088/sample/1393825/observation/9901,TH-PTHR0088,THAMES AT HENLEY BRIDGE,-0.901,51.5391,Thames,THAMES - WEST THAMES,L&W NORTH - WT,OPEN,FRESHWATER - RIVERS,2023-07-06T10:25:00,ENVIRONMENTAL MONITORING STATUTORY (EU DIRECTIVES),RIVER / RUNNING SURFACE WATER,9901,"Oxygen, Dissolved, % Saturation",93.8,PERCENTAGE
https://environment.data.gov.uk/water-quality/sampling-point/TH-PTHR0088/sample/1393825/observation/9924,TH-PTHR0088,THAMES AT HENLEY BRIDGE,-0.901,51.5391,Thames,THAMES - WEST THAMES,L&W NORTH - WT,OPEN,FRESHWATER - RIVERS,2023-07-06T10:25:00,ENVIRONMENTAL MONITORING STATUTORY (EU DIRECTIVES),RIVER / RUNNING SURFACE WATER,9924,"Oxygen, Dissolved as O2",9.1,MILLIGRAM PER LITRE
https://environment.data.gov.uk/water-quality/sampling-point/TH-PTHR0088/sample/1394794/observation/0061,TH-PTHR0088,THAMES AT HENLEY BRIDGE,-0.901,51.5391,Thames,THAMES - WEST THAMES,L&W NORTH - WT,OPEN,FRESHWATER - RIVERS,2023-08-01T12:26:00,ENVIRONMENTAL MONITORING STATUTORY (EU DIRECTIVES),RIVER / RUNNING SURFACE WATER,0061,pH,7.97,PH UNITS
https://environment.data.gov.uk/water-quality/sampling-point/TH-PTHR0088/sample/1394794/observation/0076,TH-PTHR0088,THAMES AT HENLEY BRIDGE,-0.901,51.5391,Thames,THAMES - WEST THAMES,L&W NORTH - WT,OPEN,FRESHWATER - RIVERS,2023-08-01T12:26:00,ENVIRONMENTAL MONITORING STATUTORY (EU DIRECTIVES),RIVER / RUNNING SURFACE WATER,0076,Temperature of Water,18,CELSIUS
https://environment.data.gov.uk/water-quality/sampling-point/TH-PTHR0088/sample/1394794/observation/0077,TH-PTHR0088,THAMES AT HENLEY BRIDGE,-0.901,51.5391,Thames,THAMES - WEST THAMES,L&W NORTH - WT,OPEN,FRESHWATER - RIVERS,2023-08-01T12:26:00,ENVIRONMENTAL MONITORING STATUTORY (EU DIRECTIVES),RIVER / RUNNING SURFACE WATER,0077,Conductivity at 25 C,640,MICROSIEMENS PER CENTIMETRE
https://environment.data.gov.uk/water-quality/sampling-point/TH-PTHR0088/sample/1394794/observation/0085,TH-PTHR0088,THAMES AT HENLEY BRIDGE,-0.901,51.5391,Thames,THAMES - WEST THAMES,L&W NORTH - WT,OPEN,FRESHWATER - RIVERS,2023-08-01T12:26:00,ENVIRONMENTAL MONITORING STATUTORY (EU DIRECTIVES),RIVER / RUNNING SURFACE WATER,0085,BOD : 5 Day ATU,<1,MILLIGRAM PER LITRE
https://environment.data.gov.uk/water-quality/sampling-point/TH-PTHR0088/sample/1394794/observation/0111,TH-PTHR0088,THAMES AT HENLEY BRIDGE,-0.901,51.5391,Thames,THAMES - WEST THAMES,L&W NORTH - WT,OPEN,FRESHWATER - RIVERS,2023-08-01T12:26:00,ENVIRONMENTAL MONITORING STATUTORY (EU DIRECTIVES),RIVER / RUNNING SURFACE WATER,0111,Ammoniacal Nitrogen as N,0.081,MILLIGRAM PER LITRE
https://environment.data.gov.uk/water-quality/sampling-point/TH-PTHR0088/sample/1394794/observation/0116,TH-PTHR0088,THAMES AT HENLEY BRIDGE,-0.901,51.5391,Thames,THAMES - WEST THAMES,L&W NORTH - WT,OPEN,FRESHWATER - RIVERS,2023-08-01T12:26:00,ENVIRONMENTAL MONITORING STATUTORY (EU DIRECTIVES),RIVER / RUNNING SURFACE WATER,0116,"Nitrogen, Total Oxidised as N",6.4,MILLIGRAM PER LITRE
https://environment.data.gov.uk/water-quality/sampling-point/TH-PTHR0088/sample/1394794/observation/0117,TH-PTHR0088,THAMES AT HENLEY BRIDGE,-0.901,51.5391,Thames,THAMES - WEST THAMES,L&W NORTH - WT,OPEN,FRESHWATER - RIVERS,2023-08-01T12:26:00,ENVIRONMENTAL MONITORING STATUTORY (EU DIRECTIVES),RIVER / RUNNING SURFACE WATER,0117,Nitrate as N,6.36,MILLIGRAM PER LITRE
https://environment.data.gov.uk/water-quality/sampling-point/TH-PTHR0088/sample/1394794/observation/0118,TH-PTHR0088,THAMES AT HENLEY BRIDGE,-0.901,51.5391,Thames,THAMES - WEST THAMES,L&W NORTH - WT,OPEN,FRESHWATER - RIVERS,2023-08-01T12:26:00,ENVIRONMENTAL MONITORING STATUTORY (EU DIRECTIVES),RIVER / RUNNING SURFACE WATER,0118,Nitrite as N,0.036,MILLIGRAM PER LITRE
https://environment.data.gov.uk/water-quality/sampling-point/TH-PTHR0088/sample/1394794/observation/0119,TH-PTHR0088,THAMES AT HENLEY BRIDGE,-0.901,51.5391,Thames,THAMES - WEST THAMES,L&W NORTH - WT,OPEN,FRESHWATER - RIVERS,2023-08-01T12:26:00,ENVIRONMENTAL MONITORING STATUTORY (EU DIRECTIVES),RIVER / RUNNING SURFACE WATER,0119,Ammonia un-ionised as N,0.00247,MILLIGRAM PER LITRE
https://environment.data.gov.uk/water-quality/sampling-point/TH-PTHR0088/sample/1394794/observation/0162,TH-PTHR0088,THAMES AT HENLEY BRIDGE,-0.901,51.5391,Thames,THAMES - WEST THAMES,L&W NORTH - WT,OPEN,FRESHWATER - RIVERS,2023-08-01T12:26:00,ENVIRONMENTAL MONITORING STATUTORY (EU DIRECTIVES),RIVER / RUNNING SURFACE WATER,0162,Alkalinity to pH 4.5 as CaCO3,210,MILLIGRAM PER LITRE
https://environment.data.gov.uk/water-quality/sampling-point/TH-PTHR0088/sample/1394794/observation/0180,TH-PTHR0088,THAMES AT HENLEY BRIDGE,-0.901,51.5391,Thames,THAMES - WEST THAMES,L&W NORTH - WT,OPEN,FRESHWATER - RIVERS,2023-08-01T12:26:00,ENVIRONMENTAL MONITORING STATUTORY (EU DIRECTIVES),RIVER / RUNNING SURFACE WATER,0180,"Orthophosphate, reactive as P",0.17,MILLIGRAM PER LITRE
https://environment.data.gov.uk/water-quality/sampling-point/TH-PTHR0088/sample/1394794/observation/9901,TH-PTHR0088,THAMES AT HENLEY BRIDGE,-0.901,51.5391,Thames,THAMES - WEST THAMES,L&W NORTH - WT,OPEN,FRESHWATER - RIVERS,2023-08-01T12:26:00,ENVIRONMENTAL MONITORING STATUTORY (EU DIRECTIVES),RIVER / RUNNING SURFACE WATER,9901,"Oxygen, Dissolved, % Saturation",18,PERCENTAGE
https://environment.data.gov.uk/water-quality/sampling-point/TH-PTHR0088/sample/1394794/observation/9924,TH-PTHR0088,THAMES AT HENLEY BRIDGE,-0.901,51.5391,Thames,THAMES - WEST THAMES,L&W NORTH - WT,OPEN,FRESHWATER - RIVERS,2023-08-01T12:26:00,ENVIRONMENTAL MONITORING STATUTORY (EU DIRECTIVES),RIVER / RUNNING SURFACE WATER,9924,"Oxygen, Dissolved as O2",1.7,MILLIGRAM PER LITRE
https://environment.data.gov.uk/water-quality/sampling-point/TH-PTHR0088/sample/1395443/observation/0061,TH-PTHR0088,THAMES AT HENLEY BRIDGE,-0.901,51.5391,Thames,THAMES - WEST THAMES,L&W NORTH - WT,OPEN,FRESHWATER - RIVERS,2023-08-17T09:22:00,ENVIRONMENTAL MONITORING STATUTORY (EU DIRECTIVES),RIVER / RUNNING SURFACE WATER,0061,pH,8.01,PH UNITS
https://environment.data.gov.uk/water-quality/sampling-point/TH-PTHR0088/sample/1395443/observation/0076,TH-PTHR0088,THAMES AT HENLEY BRIDGE,-0.901,51.5391,Thames,THAMES - WEST THAMES,L&W NORTH - WT,OPEN,FRESHWATER - RIVERS,2023-08-17T09:22:00,ENVIRONMENTAL MONITORING STATUTORY (EU DIRECTIVES),RIVER / RUNNING SURFACE WATER,0076,Temperature of Water,18.2,CELSIUS
https://environment.data.gov.uk/water-quality/sampling-point/TH-PTHR0088/sample/1395443/observation/0077,TH-PTHR0088,THAMES AT HENLEY BRIDGE,-0.901,51.5391,Thames,THAMES - WEST THAMES,L&W NORTH - WT,OPEN,FRESHWATER - RIVERS,2023-08-17T09:22:00,ENVIRONMENTAL MONITORING STATUTORY (EU DIRECTIVES),RIVER / RUNNING SURFACE WATER,0077,Conductivity at 25 C,680,MICROSIEMENS PER CENTIMETRE
https://environment.data.gov.uk/water-quality/sampling-point/TH-PTHR0088/sample/1395443/observation/0111,TH-PTHR0088,THAMES AT HENLEY BRIDGE,-0.901,51.5391,Thames,THAMES - WEST THAMES,L&W NORTH - WT,OPEN,FRESHWATER - RIVERS,2023-08-17T09:22:00,ENVIRONMENTAL MONITORING STATUTORY (EU DIRECTIVES),RIVER / RUNNING SURFACE WATER,0111,Ammoniacal Nitrogen as N,0.044,MILLIGRAM PER LITRE
https://environment.data.gov.uk/water-quality/sampling-point/TH-PTHR0088/sample/1395443/observation/0116,TH-PTHR0088,THAMES AT HENLEY BRIDGE,-0.901,51.5391,Thames,THAMES - WEST THAMES,L&W NORTH - WT,OPEN,FRESHWATER - RIVERS,2023-08-17T09:22:00,ENVIRONMENTAL MONITORING STATUTORY (EU DIRECTIVES),RIVER / RUNNING SURFACE WATER,0116,"Nitrogen, Total Oxidised as N",7,MILLIGRAM PER LITRE
https://environment.data.gov.uk/water-quality/sampling-point/TH-PTHR0088/sample/1395443/observation/0117,TH-PTHR0088,THAMES AT HENLEY BRIDGE,-0.901,51.5391,Thames,THAMES - WEST THAMES,L&W NORTH - WT,OPEN,FRESHWATER - RIVERS,2023-08-17T09:22:00,ENVIRONMENTAL MONITORING STATUTORY (EU DIRECTIVES),RIVER / RUNNING SURFACE WATER,0117,Nitrate as N,6.98,MILLIGRAM PER LITRE
https://environment.data.gov.uk/water-quality/sampling-point/TH-PTHR0088/sample/1395443/observation/0118,TH-PTHR0088,THAMES AT HENLEY BRIDGE,-0.901,51.5391,Thames,THAMES - WEST THAMES,L&W NORTH - WT,OPEN,FRESHWATER - RIVERS,2023-08-17T09:22:00,ENVIRONMENTAL MONITORING STATUTORY (EU DIRECTIVES),RIVER / RUNNING SURFACE WATER,0118,Nitrite as N,0.021,MILLIGRAM PER LITRE
https://environment.data.gov.uk/water-quality/sampling-point/TH-PTHR0088/sample/1395443/observation/0119,TH-PTHR0088,THAMES AT HENLEY BRIDGE,-0.901,51.5391,Thames,THAMES - WEST THAMES,L&W NORTH - WT,OPEN,FRESHWATER - RIVERS,2023-08-17T09:22:00,ENVIRONMENTAL MONITORING STATUTORY (EU DIRECTIVES),RIVER / RUNNING SURFACE WATER,0119,Ammonia un-ionised as N,0.00146,MILLIGRAM PER LITRE
https://environment.data.gov.uk/water-quality/sampling-point/TH-PTHR0088/sample/1395443/observation/0162,TH-PTHR0088,THAMES AT HENLEY BRIDGE,-0.901,51.5391,Thames,THAMES - WEST THAMES,L&W NORTH - WT,OPEN,FRESHWATER - RIVERS,2023-08-17T09:22:00,ENVIRONMENTAL MONITORING STATUTORY (EU DIRECTIVES),RIVER / RUNNING SURFACE WATER,0162,Alkalinity to pH 4.5 as CaCO3,230,MILLIGRAM PER LITRE
https://environment.data.gov.uk/water-quality/sampling-point/TH-PTHR0088/sample/1395443/observation/0180,TH-PTHR0088,THAMES AT HENLEY BRIDGE,-0.901,51.5391,Thames,THAMES - WEST THAMES,L&W NORTH - WT,OPEN,FRESHWATER - RIVERS,2023-08-17T09:22:00,ENVIRONMENTAL MONITORING STATUTORY (EU DIRECTIVES),RIVER / RUNNING SURFACE WATER,0180,"Orthophosphate, reactive as P",0.16,MILLIGRAM PER LITRE
https://environment.data.gov.uk/water-quality/sampling-point/TH-PTHR0088/sample/1395443/observation/9901,TH-PTHR0088,THAMES AT HENLEY BRIDGE,-0.901,51.5391,Thames,THAMES - WEST THAMES,L&W NORTH - WT,OPEN,FRESHWATER - RIVERS,2023-08-17T09:22:00,ENVIRONMENTAL MONITORING STATUTORY (EU DIRECTIVES),RIVER / RUNNING SURFACE WATER,9901,"Oxygen, Dissolved, % Saturation",98.2,PERCENTAGE
https://environment.data.gov.uk/water-quality/sampling-point/TH-PTHR0088/sample/1395443/observation/9924,TH-PTHR0088,THAMES AT HENLEY BRIDGE,-0.901,51.5391,Thames,THAMES - WEST THAMES,L&W NORTH - WT,OPEN,FRESHWATER - RIVERS,2023-08-17T09:22:00,ENVIRONMENTAL MONITORING STATUTORY (EU DIRECTIVES),RIVER / RUNNING SURFACE WATER,9924,"Oxygen, Dissolved as O2",9.23,MILLIGRAM PER LITRE
https://environment.data.gov.uk/water-quality/sampling-point/TH-PTHR0088/sample/1396425/observation/0061,TH-PTHR0088,THAMES AT HENLEY BRIDGE,-0.901,51.5391,Thames,THAMES - WEST THAMES,L&W NORTH - WT,OPEN,FRESHWATER - RIVERS,2023-09-05T11:56:00,ENVIRONMENTAL MONITORING STATUTORY (EU DIRECTIVES),RIVER / RUNNING SURFACE WATER,0061,pH,8.1,PH UNITS
https://environment.data.gov.uk/water-quality/sampling-point/TH-PTHR0088/sample/1396425/observation/0076,TH-PTHR0088,THAMES AT HENLEY BRIDGE,-0.901,51.5391,Thames,THAMES - WEST THAMES,L&W NORTH - WT,OPEN,FRESHWATER - RIVERS,2023-09-05T11:56:00,ENVIRONMENTAL MONITORING STATUTORY (EU DIRECTIVES),RIVER / RUNNING SURFACE WATER,0076,Temperature of Water,19,CELSIUS
https://environment.data.gov.uk/water-quality/sampling-point/TH-PTHR0088/sample/1396425/observation/0077,TH-PTHR0088,THAMES AT HENLEY BRIDGE,-0.901,51.5391,Thames,THAMES - WEST THAMES,L&W NORTH - WT,OPEN,FRESHWATER - RIVERS,2023-09-05T11:56:00,ENVIRONMENTAL MONITORING STATUTORY (EU DIRECTIVES),RIVER / RUNNING SURFACE WATER,0077,Conductivity at 25 C,686,MICROSIEMENS PER CENTIMETRE
https://environment.data.gov.uk/water-quality/sampling-point/TH-PTHR0088/sample/1396425/observation/0085,TH-PTHR0088,THAMES AT HENLEY BRIDGE,-0.901,51.5391,Thames,THAMES - WEST THAMES,L&W NORTH - WT,OPEN,FRESHWATER - RIVERS,2023-09-05T11:56:00,ENVIRONMENTAL MONITORING STATUTORY (EU DIRECTIVES),RIVER / RUNNING SURFACE WATER,0085,BOD : 5 Day ATU,<1,MILLIGRAM PER LITRE
https://environment.data.gov.uk/water-quality/sampling-point/TH-PTHR0088/sample/1396425/observation/0111,TH-PTHR0088,THAMES AT HENLEY BRIDGE,-0.901,51.5391,Thames,THAMES - WEST THAMES,L&W NORTH - WT,OPEN,FRESHWATER - RIVERS,2023-09-05T11:56:00,ENVIRONMENTAL MONITORING STATUTORY (EU DIRECTIVES),RIVER / RUNNING SURFACE WATER,0111,Ammoniacal Nitrogen as N,0.077,MILLIGRAM PER LITRE
https://environment.data.gov.uk/water-quality/sampling-point/TH-PTHR0088/sample/1396425/observation/0116,TH-PTHR0088,THAMES AT HENLEY BRIDGE,-0.901,51.5391,Thames,THAMES - WEST THAMES,L&W NORTH - WT,OPEN,FRESHWATER - RIVERS,2023-09-05T11:56:00,ENVIRONMENTAL MONITORING STATUTORY (EU DIRECTIVES),RIVER / RUNNING SURFACE WATER,0116,"Nitrogen, Total Oxidised as N",7.3,MILLIGRAM PER LITRE
https://environment.data.gov.uk/water-quality/sampling-point/TH-PTHR0088/sample/1396425/observation/0117,TH-PTHR0088,THAMES AT HENLEY BRIDGE,-0.901,51.5391,Thames,THAMES - WEST THAMES,L&W NORTH - WT,OPEN,FRESHWATER - RIVERS,2023-09-05T11:56:00,ENVIRONMENTAL MONITORING STATUTORY (EU DIRECTIVES),RIVER / RUNNING SURFACE WATER,0117,Nitrate as N,7.27,MILLIGRAM PER LITRE
https://environment.data.gov.uk/water-quality/sampling-point/TH-PTHR0088/sample/1396425/observation/0118,TH-PTHR0088,THAMES AT HENLEY BRIDGE,-0.901,51.5391,Thames,THAMES - WEST THAMES,L&W NORTH - WT,OPEN,FRESHWATER - RIVERS,2023-09-05T11:56:00,ENVIRONMENTAL MONITORING STATUTORY (EU DIRECTIVES),RIVER / RUNNING SURFACE WATER,0118,Nitrite as N,0.027,MILLIGRAM PER LITRE
https://environment.data.gov.uk/water-quality/sampling-point/TH-PTHR0088/sample/1396425/observation/0119,TH-PTHR0088,THAMES AT HENLEY BRIDGE,-0.901,51.5391,Thames,THAMES - WEST THAMES,L&W NORTH - WT,OPEN,FRESHWATER - RIVERS,2023-09-05T11:56:00,ENVIRONMENTAL MONITORING STATUTORY (EU DIRECTIVES),RIVER / RUNNING SURFACE WATER,0119,Ammonia un-ionised as N,0.0027,MILLIGRAM PER LITRE
https://environment.data.gov.uk/water-quality/sampling-point/TH-PTHR0088/sample/1396425/observation/0162,TH-PTHR0088,THAMES AT HENLEY BRIDGE,-0.901,51.5391,Thames,THAMES - WEST THAMES,L&W NORTH - WT,OPEN,FRESHWATER - RIVERS,2023-09-05T11:56:00,ENVIRONMENTAL MONITORING STATUTORY (EU DIRECTIVES),RIVER / RUNNING SURFACE WATER,0162,Alkalinity to pH 4.5 as CaCO3,220,MILLIGRAM PER LITRE
https://environment.data.gov.uk/water-quality/sampling-point/TH-PTHR0088/sample/1396425/observation/0180,TH-PTHR0088,THAMES AT HENLEY BRIDGE,-0.901,51.5391,Thames,THAMES - WEST THAMES,L&W NORTH - WT,OPEN,FRESHWATER - RIVERS,2023-09-05T11:56:00,ENVIRONMENTAL MONITORING STATUTORY (EU DIRECTIVES),RIVER / RUNNING SURFACE WATER,0180,"Orthophosphate, reactive as P",0.17,MILLIGRAM PER LITRE
https://environment.data.gov.uk/water-quality/sampling-point/TH-PTHR0088/sample/1396425/observation/9901,TH-PTHR0088,THAMES AT HENLEY BRIDGE,-0.901,51.5391,Thames,THAMES - WEST THAMES,L&W NORTH - WT,OPEN,FRESHWATER - RIVERS,2023-09-05T11:56:00,ENVIRONMENTAL MONITORING STATUTORY (EU DIRECTIVES),RIVER / RUNNING SURFACE WATER,9901,"Oxygen, Dissolved, % Saturation",103.9,PERCENTAGE
https://environment.data.gov.uk/water-quality/sampling-point/TH-PTHR0088/sample/1396425/observation/9924,TH-PTHR0088,THAMES AT HENLEY BRIDGE,-0.901,51.5391,Thames,THAMES - WEST THAMES,L&W NORTH - WT,OPEN,FRESHWATER - RIVERS,2023-09-05T11:56:00,ENVIRONMENTAL MONITORING STATUTORY (EU DIRECTIVES),RIVER / RUNNING SURFACE WATER,9924,"Oxygen, Dissolved as O2",9.61,MILLIGRAM PER LITRE
https://environment.data.gov.uk/water-quality/sampling-point/TH-PTHR0088/sample/1397547/observation/0061,TH-PTHR0088,THAMES AT HENLEY BRIDGE,-0.901,51.5391,Thames,THAMES - WEST THAMES,L&W NORTH - WT,OPEN,FRESHWATER - RIVERS,2023-10-11T14:41:00,ENVIRONMENTAL MONITORING STATUTORY (EU DIRECTIVES),RIVER / RUNNING SURFACE WATER,0061,pH,7.98,PH UNITS
https://environment.data.gov.uk/water-quality/sampling-point/TH-PTHR0088/sample/1397547/observation/0076,TH-PTHR0088,THAMES AT HENLEY BRIDGE,-0.901,51.5391,Thames,THAMES - WEST THAMES,L&W NORTH - WT,OPEN,FRESHWATER - RIVERS,2023-10-11T14:41:00,ENVIRONMENTAL MONITORING STATUTORY (EU DIRECTIVES),RIVER / RUNNING SURFACE WATER,0076,Temperature of Water,16,CELSIUS
https://environment.data.gov.uk/water-quality/sampling-point/TH-PTHR0088/sample/1397547/observation/0077,TH-PTHR0088,THAMES AT HENLEY BRIDGE,-0.901,51.5391,Thames,THAMES - WEST THAMES,L&W NORTH - WT,OPEN,FRESHWATER - RIVERS,2023-10-11T14:41:00,ENVIRONMENTAL MONITORING STATUTORY (EU DIRECTIVES),RIVER / RUNNING SURFACE WATER,0077,Conductivity at 25 C,705,MICROSIEMENS PER CENTIMETRE
https://environment.data.gov.uk/water-quality/sampling-point/TH-PTHR0088/sample/1397547/observation/0085,TH-PTHR0088,THAMES AT HENLEY BRIDGE,-0.901,51.5391,Thames,THAMES - WEST THAMES,L&W NORTH - WT,OPEN,FRESHWATER - RIVERS,2023-10-11T14:41:00,ENVIRONMENTAL MONITORING STATUTORY (EU DIRECTIVES),RIVER / RUNNING SURFACE WATER,0085,BOD : 5 Day ATU,2.3,MILLIGRAM PER LITRE
https://environment.data.gov.uk/water-quality/sampling-point/TH-PTHR0088/sample/1397547/observation/0111,TH-PTHR0088,THAMES AT HENLEY BRIDGE,-0.901,51.5391,Thames,THAMES - WEST THAMES,L&W NORTH - WT,OPEN,FRESHWATER - RIVERS,2023-10-11T14:41:00,ENVIRONMENTAL MONITORING STATUTORY (EU DIRECTIVES),RIVER / RUNNING SURFACE WATER,0111,Ammoniacal Nitrogen as N,0.072,MILLIGRAM PER LITRE
https://environment.data.gov.uk/water-quality/sampling-point/TH-PTHR0088/sample/1397547/observation/0116,TH-PTHR0088,THAMES AT HENLEY BRIDGE,-0.901,51.5391,Thames,THAMES - WEST THAMES,L&W NORTH - WT,OPEN,FRESHWATER - RIVERS,2023-10-11T14:41:00,ENVIRONMENTAL MONITORING STATUTORY (EU DIRECTIVES),RIVER / RUNNING SURFACE WATER,0116,"Nitrogen, Total Oxidised as N",7.4,MILLIGRAM PER LITRE
https://environment.data.gov.uk/water-quality/sampling-point/TH-PTHR0088/sample/1397547/observation/0117,TH-PTHR0088,THAMES AT HENLEY BRIDGE,-0.901,51.5391,Thames,THAMES - WEST THAMES,L&W NORTH - WT,OPEN,FRESHWATER - RIVERS,2023-10-11T14:41:00,ENVIRONMENTAL MONITORING STATUTORY (EU DIRECTIVES),RIVER / RUNNING SURFACE WATER,0117,Nitrate as N,7.38,MILLIGRAM PER LITRE
https://environment.data.gov.uk/water-quality/sampling-point/TH-PTHR0088/sample/1397547/observation/0118,TH-PTHR0088,THAMES AT HENLEY BRIDGE,-0.901,51.5391,Thames,THAMES - WEST THAMES,L&W NORTH - WT,OPEN,FRESHWATER - RIVERS,2023-10-11T14:41:00,ENVIRONMENTAL MONITORING STATUTORY (EU DIRECTIVES),RIVER / RUNNING SURFACE WATER,0118,Nitrite as N,0.024,MILLIGRAM PER LITRE
https://environment.data.gov.uk/water-quality/sampling-point/TH-PTHR0088/sample/1397547/observation/0119,TH-PTHR0088,THAMES AT HENLEY BRIDGE,-0.901,51.5391,Thames,THAMES - WEST THAMES,L&W NORTH - WT,OPEN,FRESHWATER - RIVERS,2023-10-11T14:41:00,ENVIRONMENTAL MONITORING STATUTORY (EU DIRECTIVES),RIVER / RUNNING SURFACE WATER,0119,Ammonia un-ionised as N,0.00194,MILLIGRAM PER LITRE
https://environment.data.gov.uk/water-quality/sampling-point/TH-PTHR0088/sample/1397547/observation/0162,TH-PTHR0088,THAMES AT HENLEY BRIDGE,-0.901,51.5391,Thames,THAMES - WEST THAMES,L&W NORTH - WT,OPEN,FRESHWATER - RIVERS,2023-10-11T14:41:00,ENVIRONMENTAL MONITORING STATUTORY (EU DIRECTIVES),RIVER / RUNNING SURFACE WATER,0162,Alkalinity to pH 4.5 as CaCO3,230,MILLIGRAM PER LITRE
https://environment.data.gov.uk/water-quality/sampling-point/TH-PTHR0088/sample/1397547/observation/0180,TH-PTHR0088,THAMES AT HENLEY BRIDGE,-0.901,51.5391,Thames,THAMES - WEST THAMES,L&W NORTH - WT,OPEN,FRESHWATER - RIVERS,2023-10-11T14:41:00,ENVIRONMENTAL MONITORING STATUTORY (EU DIRECTIVES),RIVER / RUNNING SURFACE WATER,0180,"Orthophosphate, reactive as P",0.17,MILLIGRAM PER LITRE
https://environment.data.gov.uk/water-quality/sampling-point/TH-PTHR0088/sample/1397547/observation/9901,TH-PTHR0088,THAMES AT HENLEY BRIDGE,-0.901,51.5391,Thames,THAMES - WEST THAMES,L&W NORTH - WT,OPEN,FRESHWATER - RIVERS,2023-10-11T14:41:00,ENVIRONMENTAL MONITORING STATUTORY (EU DIRECTIVES),RIVER / RUNNING SURFACE WATER,9901,"Oxygen, Dissolved, % Saturation",96.8,PERCENTAGE
https://environment.data.gov.uk/water-quality/sampling-point/TH-PTHR0088/sample/1397547/observation/9924,TH-PTHR0088,THAMES AT HENLEY BRIDGE,-0.901,51.5391,Thames,THAMES - WEST THAMES,L&W NORTH - WT,OPEN,FRESHWATER - RIVERS,2023-10-11T14:41:00,ENVIRONMENTAL MONITORING STATUTORY (EU DIRECTIVES),RIVER / RUNNING SURFACE WATER,9924,"Oxygen, Dissolved as O2",9.53,MILLIGRAM PER LITRE
https://environment.data.gov.uk/water-quality/sampling-point/TH-PTHR0088/sample/1399008/observation/0061,TH-PTHR0088,THAMES AT HENLEY BRIDGE,-0.901,51.5391,Thames,THAMES - WEST THAMES,L&W NORTH - WT,OPEN,FRESHWATER - RIVERS,2023-11-03T09:48:00,ENVIRONMENTAL MONITORING STATUTORY (EU DIRECTIVES),RIVER / RUNNING SURFACE WATER,0061,pH,7.95,PH UNITS
https://environment.data.gov.uk/water-quality/sampling-point/TH-PTHR0088/sample/1399008/observation/0076,TH-PTHR0088,THAMES AT HENLEY BRIDGE,-0.901,51.5391,Thames,THAMES - WEST THAMES,L&W NORTH - WT,OPEN,FRESHWATER - RIVERS,2023-11-03T09:48:00,ENVIRONMENTAL MONITORING STATUTORY (EU DIRECTIVES),RIVER / RUNNING SURFACE WATER,0076,Temperature of Water,10.6,CELSIUS
https://environment.data.gov.uk/water-quality/sampling-point/TH-PTHR0088/sample/1399008/observation/0077,TH-PTHR0088,THAMES AT HENLEY BRIDGE,-0.901,51.5391,Thames,THAMES - WEST THAMES,L&W NORTH - WT,OPEN,FRESHWATER - RIVERS,2023-11-03T09:48:00,ENVIRONMENTAL MONITORING STATUTORY (EU DIRECTIVES),RIVER / RUNNING SURFACE WATER,0077,Conductivity at 25 C,541,MICROSIEMENS PER CENTIMETRE
https://environment.data.gov.uk/water-quality/sampling-point/TH-PTHR0088/sample/1399008/observation/0085,TH-PTHR0088,THAMES AT HENLEY BRIDGE,-0.901,51.5391,Thames,THAMES - WEST THAMES,L&W NORTH - WT,OPEN,FRESHWATER - RIVERS,2023-11-03T09:48:00,ENVIRONMENTAL MONITORING STATUTORY (EU DIRECTIVES),RIVER / RUNNING SURFACE WATER,0085,BOD : 5 Day ATU,<2,MILLIGRAM PER LITRE
https://environment.data.gov.uk/water-quality/sampling-point/TH-PTHR0088/sample/1399008/observation/0111,TH-PTHR0088,THAMES AT HENLEY BRIDGE,-0.901,51.5391,Thames,THAMES - WEST THAMES,L&W NORTH - WT,OPEN,FRESHWATER - RIVERS,2023-11-03T09:48:00,ENVIRONMENTAL MONITORING STATUTORY (EU DIRECTIVES),RIVER / RUNNING SURFACE WATER,0111,Ammoniacal Nitrogen as N,0.06,MILLIGRAM PER LITRE
https://environment.data.gov.uk/water-quality/sampling-point/TH-PTHR0088/sample/1399008/observation/0116,TH-PTHR0088,THAMES AT HENLEY BRIDGE,-0.901,51.5391,Thames,THAMES - WEST THAMES,L&W NORTH - WT,OPEN,FRESHWATER - RIVERS,2023-11-03T09:48:00,ENVIRONMENTAL MONITORING STATUTORY (EU DIRECTIVES),RIVER / RUNNING SURFACE WATER,0116,"Nitrogen, Total Oxidised as N",4.4,MILLIGRAM PER LITRE
https://environment.data.gov.uk/water-quality/sampling-point/TH-PTHR0088/sample/1399008/observation/0117,TH-PTHR0088,THAMES AT HENLEY BRIDGE,-0.901,51.5391,Thames,THAMES - WEST THAMES,L&W NORTH - WT,OPEN,FRESHWATER - RIVERS,2023-11-03T09:48:00,ENVIRONMENTAL MONITORING STATUTORY (EU DIRECTIVES),RIVER / RUNNING SURFACE WATER,0117,Nitrate as N,4.38,MILLIGRAM PER LITRE
https://environment.data.gov.uk/water-quality/sampling-point/TH-PTHR0088/sample/1399008/observation/0118,TH-PTHR0088,THAMES AT HENLEY BRIDGE,-0.901,51.5391,Thames,THAMES - WEST THAMES,L&W NORTH - WT,OPEN,FRESHWATER - RIVERS,2023-11-03T09:48:00,ENVIRONMENTAL MONITORING STATUTORY (EU DIRECTIVES),RIVER / RUNNING SURFACE WATER,0118,Nitrite as N,0.021,MILLIGRAM PER LITRE
https://environment.data.gov.uk/water-quality/sampling-point/TH-PTHR0088/sample/1399008/observation/0119,TH-PTHR0088,THAMES AT HENLEY BRIDGE,-0.901,51.5391,Thames,THAMES - WEST THAMES,L&W NORTH - WT,OPEN,FRESHWATER - RIVERS,2023-11-03T09:48:00,ENVIRONMENTAL MONITORING STATUTORY (EU DIRECTIVES),RIVER / RUNNING SURFACE WATER,0119,Ammonia un-ionised as N,0.00102,MILLIGRAM PER LITRE
https://environment.data.gov.uk/water-quality/sampling-point/TH-PTHR0088/sample/1399008/observation/0162,TH-PTHR0088,THAMES AT HENLEY BRIDGE,-0.901,51.5391,Thames,THAMES - WEST THAMES,L&W NORTH - WT,OPEN,FRESHWATER - RIVERS,2023-11-03T09:48:00,ENVIRONMENTAL MONITORING STATUTORY (EU DIRECTIVES),RIVER / RUNNING SURFACE WATER,0162,Alkalinity to pH 4.5 as CaCO3,200,MILLIGRAM PER LITRE
https://environment.data.gov.uk/water-quality/sampling-point/TH-PTHR0088/sample/1399008/observation/0180,TH-PTHR0088,THAMES AT HENLEY BRIDGE,-0.901,51.5391,Thames,THAMES - WEST THAMES,L&W NORTH - WT,OPEN,FRESHWATER - RIVERS,2023-11-03T09:48:00,ENVIRONMENTAL MONITORING STATUTORY (EU DIRECTIVES),RIVER / RUNNING SURFACE WATER,0180,"Orthophosphate, reactive as P",0.16,MILLIGRAM PER LITRE
https://environment.data.gov.uk/water-quality/sampling-point/TH-PTHR0088/sample/1399008/observation/9901,TH-PTHR0088,THAMES AT HENLEY BRIDGE,-0.901,51.5391,Thames,THAMES - WEST THAMES,L&W NORTH - WT,OPEN,FRESHWATER - RIVERS,2023-11-03T09:48:00,ENVIRONMENTAL MONITORING STATUTORY (EU DIRECTIVES),RIVER / RUNNING SURFACE WATER,9901,"Oxygen, Dissolved, % Saturation",91.8,PERCENTAGE
https://environment.data.gov.uk/water-quality/sampling-point/TH-PTHR0088/sample/1399008/observation/9924,TH-PTHR0088,THAMES AT HENLEY BRIDGE,-0.901,51.5391,Thames,THAMES - WEST THAMES,L&W NORTH - WT,OPEN,FRESHWATER - RIVERS,2023-11-03T09:48:00,ENVIRONMENTAL MONITORING STATUTORY (EU DIRECTIVES),RIVER / RUNNING SURFACE WATER,9924,"Oxygen, Dissolved as O2",10.2,MILLIGRAM PER LITRE
https://environment.data.gov.uk/water-quality/sampling-point/TH-PTHR0088/sample/1400653/observation/0061,TH-PTHR0088,THAMES AT HENLEY BRIDGE,-0.901,51.5391,Thames,THAMES - WEST THAMES,L&W NORTH - WT,OPEN,FRESHWATER - RIVERS,2023-12-01T13:14:00,ENVIRONMENTAL MONITORING STATUTORY (EU DIRECTIVES),RIVER / RUNNING SURFACE WATER,0061,pH,8.15,PH UNITS
https://environment.data.gov.uk/water-quality/sampling-point/TH-PTHR0088/sample/1400653/observation/0076,TH-PTHR0088,THAMES AT HENLEY BRIDGE,-0.901,51.5391,Thames,THAMES - WEST THAMES,L&W NORTH - WT,OPEN,FRESHWATER - RIVERS,2023-12-01T13:14:00,ENVIRONMENTAL MONITORING STATUTORY (EU DIRECTIVES),RIVER / RUNNING SURFACE WATER,0076,Temperature of Water,5.5,CELSIUS
https://environment.data.gov.uk/water-quality/sampling-point/TH-PTHR0088/sample/1400653/observation/0077,TH-PTHR0088,THAMES AT HENLEY BRIDGE,-0.901,51.5391,Thames,THAMES - WEST THAMES,L&W NORTH - WT,OPEN,FRESHWATER - RIVERS,2023-12-01T13:14:00,ENVIRONMENTAL MONITORING STATUTORY (EU DIRECTIVES),RIVER / RUNNING SURFACE WATER,0077,Conductivity at 25 C,661,MICROSIEMENS PER CENTIMETRE
https://environment.data.gov.uk/water-quality/sampling-point/TH-PTHR0088/sample/1400653/observation/0085,TH-PTHR0088,THAMES AT HENLEY BRIDGE,-0.901,51.5391,Thames,THAMES - WEST THAMES,L&W NORTH - WT,OPEN,FRESHWATER - RIVERS,2023-12-01T13:14:00,ENVIRONMENTAL MONITORING STATUTORY (EU DIRECTIVES),RIVER / RUNNING SURFACE WATER,0085,BOD : 5 Day ATU,1.9,MILLIGRAM PER LITRE
https://environment.data.gov.uk/water-quality/sampling-point/TH-PTHR0088/sample/1400653/observation/0111,TH-PTHR0088,THAMES AT HENLEY BRIDGE,-0.901,51.5391,Thames,THAMES - WEST THAMES,L&W NORTH - WT,OPEN,FRESHWATER - RIVERS,2023-12-01T13:14:00,ENVIRONMENTAL MONITORING STATUTORY (EU DIRECTIVES),RIVER / RUNNING SURFACE WATER,0111,Ammoniacal Nitrogen as N,0.065,MILLIGRAM PER LITRE
https://environment.data.gov.uk/water-quality/sampling-point/TH-PTHR0088/sample/1400653/observation/0116,TH-PTHR0088,THAMES AT HENLEY BRIDGE,-0.901,51.5391,Thames,THAMES - WEST THAMES,L&W NORTH - WT,OPEN,FRESHWATER - RIVERS,2023-12-01T13:14:00,ENVIRONMENTAL MONITORING STATUTORY (EU DIRECTIVES),RIVER / RUNNING SURFACE WATER,0116,"Nitrogen, Total Oxidised as N",6.4,MILLIGRAM PER LITRE
https://environment.data.gov.uk/water-quality/sampling-point/TH-PTHR0088/sample/1400653/observation/0117,TH-PTHR0088,THAMES AT HENLEY BRIDGE,-0.901,51.5391,Thames,THAMES - WEST THAMES,L&W NORTH - WT,OPEN,FRESHWATER - RIVERS,2023-12-01T13:14:00,ENVIRONMENTAL MONITORING STATUTORY (EU DIRECTIVES),RIVER / RUNNING SURFACE WATER,0117,Nitrate as N,6.38,MILLIGRAM PER LITRE
https://environment.data.gov.uk/water-quality/sampling-point/TH-PTHR0088/sample/1400653/observation/0118,TH-PTHR0088,THAMES AT HENLEY BRIDGE,-0.901,51.5391,Thames,THAMES - WEST THAMES,L&W NORTH - WT,OPEN,FRESHWATER - RIVERS,2023-12-01T13:14:00,ENVIRONMENTAL MONITORING STATUTORY (EU DIRECTIVES),RIVER / RUNNING SURFACE WATER,0118,Nitrite as N,0.017,MILLIGRAM PER LITRE
https://environment.data.gov.uk/water-quality/sampling-point/TH-PTHR0088/sample/1400653/observation/0119,TH-PTHR0088,THAMES AT HENLEY BRIDGE,-0.901,51.5391,Thames,THAMES - WEST THAMES,L&W NORTH - WT,OPEN,FRESHWATER - RIVERS,2023-12-01T13:14:00,ENVIRONMENTAL MONITORING STATUTORY (EU DIRECTIVES),RIVER / RUNNING SURFACE WATER,0119,Ammonia un-ionised as N,0.00085,MILLIGRAM PER LITRE
https://environment.data.gov.uk/water-quality/sampling-point/TH-PTHR0088/sample/1400653/observation/0162,TH-PTHR0088,THAMES AT HENLEY BRIDGE,-0.901,51.5391,Thames,THAMES - WEST THAMES,L&W NORTH - WT,OPEN,FRESHWATER - RIVERS,2023-12-01T13:14:00,ENVIRONMENTAL MONITORING STATUTORY (EU DIRECTIVES),RIVER / RUNNING SURFACE WATER,0162,Alkalinity to pH 4.5 as CaCO3,250,MILLIGRAM PER LITRE
https://environment.data.gov.uk/water-quality/sampling-point/TH-PTHR0088/sample/1400653/observation/0180,TH-PTHR0088,THAMES AT HENLEY BRIDGE,-0.901,51.5391,Thames,THAMES - WEST THAMES,L&W NORTH - WT,OPEN,FRESHWATER - RIVERS,2023-12-01T13:14:00,ENVIRONMENTAL MONITORING STATUTORY (EU DIRECTIVES),RIVER / RUNNING SURFACE WATER,0180,"Orthophosphate, reactive as P",0.1,MILLIGRAM PER LITRE
https://environment.data.gov.uk/water-quality/sampling-point/TH-PTHR0088/sample/1400653/observation/9901,TH-PTHR0088,THAMES AT HENLEY BRIDGE,-0.901,51.5391,Thames,THAMES - WEST THAMES,L&W NORTH - WT,OPEN,FRESHWATER - RIVERS,2023-12-01T13:14:00,ENVIRONMENTAL MONITORING STATUTORY (EU DIRECTIVES),RIVER / RUNNING SURFACE WATER,9901,"Oxygen, Dissolved, % Saturation",99.9,PERCENTAGE
https://environment.data.gov.uk/water-quality/sampling-point/TH-PTHR0088/sample/1400653/observation/9924,TH-PTHR0088,THAMES AT HENLEY BRIDGE,-0.901,51.5391,Thames,THAMES - WEST THAMES,L&W NORTH - WT,OPEN,FRESHWATER - RIVERS,2023-12-01T13:14:00,ENVIRONMENTAL MONITORING STATUTORY (EU DIRECTIVES),RIVER / RUNNING SURFACE WATER,9924,"Oxygen, Dissolved as O2",12.6,MILLIGRAM PER LITRE
https://environment.data.gov.uk/water-quality/sampling-point/TH-RSN2050/sample/1387808/observation/0061,TH-RSN2050,RSN2050 THAMES U/S A404,-0.7621,51.5665,Thames,THAMES - WEST THAMES,L&W NORTH - WT,OPEN,FRESHWATER - RIVERS,2023-01-23T11:51:00,MONITORING  (NATIONAL AGENCY POLICY),RIVER / RUNNING SURFACE WATER,0061,pH,8.06,PH UNITS
https://environment.data.gov.uk/water-quality/sampling-point/TH-RSN2050/sample/1387808/observation/0076,TH-RSN2050,RSN2050 THAMES U/S A404,-0.7621,51.5665,Thames,THAMES - WEST THAMES,L&W NORTH - WT,OPEN,FRESHWATER - RIVERS,2023-01-23T11:51:00,MONITORING  (NATIONAL AGENCY POLICY),RIVER / RUNNING SURFACE WATER,0076,Temperature of Water,2.8,CELSIUS
https://environment.data.gov.uk/water-quality/sampling-point/TH-RSN2050/sample/1387808/observation/0077,TH-RSN2050,RSN2050 THAMES U/S A404,-0.7621,51.5665,Thames,THAMES - WEST THAMES,L&W NORTH - WT,OPEN,FRESHWATER - RIVERS,2023-01-23T11:51:00,MONITORING  (NATIONAL AGENCY POLICY),RIVER / RUNNING SURFACE WATER,0077,Conductivity at 25 C,628,MICROSIEMENS PER CENTIMETRE
https://environment.data.gov.uk/water-quality/sampling-point/TH-RSN2050/sample/1387808/observation/0111,TH-RSN2050,RSN2050 THAMES U/S A404,-0.7621,51.5665,Thames,THAMES - WEST THAMES,L&W NORTH - WT,OPEN,FRESHWATER - RIVERS,2023-01-23T11:51:00,MONITORING  (NATIONAL AGENCY POLICY),RIVER / RUNNING SURFACE WATER,0111,Ammoniacal Nitrogen as N,0.043,MILLIGRAM PER LITRE
https://environment.data.gov.uk/water-quality/sampling-point/TH-RSN2050/sample/1387808/observation/0116,TH-RSN2050,RSN2050 THAMES U/S A404,-0.7621,51.5665,Thames,THAMES - WEST THAMES,L&W NORTH - WT,OPEN,FRESHWATER - RIVERS,2023-01-23T11:51:00,MONITORING  (NATIONAL AGENCY POLICY),RIVER / RUNNING SURFACE WATER,0116,"Nitrogen, Total Oxidised as N",7,MILLIGRAM PER LITRE
https://environment.data.gov.uk/water-quality/sampling-point/TH-RSN2050/sample/1387808/observation/0117,TH-RSN2050,RSN2050 THAMES U/S A404,-0.7621,51.5665,Thames,THAMES - WEST THAMES,L&W NORTH - WT,OPEN,FRESHWATER - RIVERS,2023-01-23T11:51:00,MONITORING  (NATIONAL AGENCY POLICY),RIVER / RUNNING SURFACE WATER,0117,Nitrate as N,6.97,MILLIGRAM PER LITRE
https://environment.data.gov.uk/water-quality/sampling-point/TH-RSN2050/sample/1387808/observation/0118,TH-RSN2050,RSN2050 THAMES U/S A404,-0.7621,51.5665,Thames,THAMES - WEST THAMES,L&W NORTH - WT,OPEN,FRESHWATER - RIVERS,2023-01-23T11:51:00,MONITORING  (NATIONAL AGENCY POLICY),RIVER / RUNNING SURFACE WATER,0118,Nitrite as N,0.032,MILLIGRAM PER LITRE
https://environment.data.gov.uk/water-quality/sampling-point/TH-RSN2050/sample/1387808/observation/0119,TH-RSN2050,RSN2050 THAMES U/S A404,-0.7621,51.5665,Thames,THAMES - WEST THAMES,L&W NORTH - WT,OPEN,FRESHWATER - RIVERS,2023-01-23T11:51:00,MONITORING  (NATIONAL AGENCY POLICY),RIVER / RUNNING SURFACE WATER,0119,Ammonia un-ionised as N,0.00046,MILLIGRAM PER LITRE
https://environment.data.gov.uk/water-quality/sampling-point/TH-RSN2050/sample/1387808/observation/0162,TH-RSN2050,RSN2050 THAMES U/S A404,-0.7621,51.5665,Thames,THAMES - WEST THAMES,L&W NORTH - WT,OPEN,FRESHWATER - RIVERS,2023-01-23T11:51:00,MONITORING  (NATIONAL AGENCY POLICY),RIVER / RUNNING SURFACE WATER,0162,Alkalinity to pH 4.5 as CaCO3,220,MILLIGRAM PER LITRE
https://environment.data.gov.uk/water-quality/sampling-point/TH-RSN2050/sample/1387808/observation/0172,TH-RSN2050,RSN2050 THAMES U/S A404,-0.7621,51.5665,Thames,THAMES - WEST THAMES,L&W NORTH - WT,OPEN,FRESHWATER - RIVERS,2023-01-23T11:51:00,MONITORING  (NATIONAL AGENCY POLICY),RIVER / RUNNING SURFACE WATER,0172,Chloride,28,MILLIGRAM PER LITRE
https://environment.data.gov.uk/water-quality/sampling-point/TH-RSN2050/sample/1387808/observation/0180,TH-RSN2050,RSN2050 THAMES U/S A404,-0.7621,51.5665,Thames,THAMES - WEST THAMES,L&W NORTH - WT,OPEN,FRESHWATER - RIVERS,2023-01-23T11:51:00,MONITORING  (NATIONAL AGENCY POLICY),RIVER / RUNNING SURFACE WATER,0180,"Orthophosphate, reactive as P",0.087,MILLIGRAM PER LITRE
https://environment.data.gov.uk/water-quality/sampling-point/TH-RSN2050/sample/1387808/observation/0182,TH-RSN2050,RSN2050 THAMES U/S A404,-0.7621,51.5665,Thames,THAMES - WEST THAMES,L&W NORTH - WT,OPEN,FRESHWATER - RIVERS,2023-01-23T11:51:00,MONITORING  (NATIONAL AGENCY POLICY),RIVER / RUNNING SURFACE WATER,0182,"Silica, reactive as SiO2",11,MILLIGRAM PER LITRE
https://environment.data.gov.uk/water-quality/sampling-point/TH-RSN2050/sample/1387808/observation/0301,TH-RSN2050,RSN2050 THAMES U/S A404,-0.7621,51.5665,Thames,THAMES - WEST THAMES,L&W NORTH - WT,OPEN,FRESHWATER - RIVERS,2023-01-23T11:51:00,MONITORING  (NATIONAL AGENCY POLICY),RIVER / RUNNING SURFACE WATER,0301,"Carbon, Organic, Dissolved as C :- {DOC}",4.5,MILLIGRAM PER LITRE
https://environment.data.gov.uk/water-quality/sampling-point/TH-RSN2050/sample/1387808/observation/0348,TH-RSN2050,RSN2050 THAMES U/S A404,-0.7621,51.5665,Thames,THAMES - WEST THAMES,L&W NORTH - WT,OPEN,FRESHWATER - RIVERS,2023-01-23T11:51:00,MONITORING  (NATIONAL AGENCY POLICY),RIVER / RUNNING SURFACE WATER,0348,"Phosphorus, Total as P",0.1,MILLIGRAM PER LITRE
https://environment.data.gov.uk/water-quality/sampling-point/TH-RSN2050/sample/1387808/observation/9686,TH-RSN2050,RSN2050 THAMES U/S A404,-0.7621,51.5665,Thames,THAMES - WEST THAMES,L&W NORTH - WT,OPEN,FRESHWATER - RIVERS,2023-01-23T11:51:00,MONITORING  (NATIONAL AGENCY POLICY),RIVER / RUNNING SURFACE WATER,9686,"Nitrogen, Total as N",7.4,MILLIGRAM PER LITRE
https://environment.data.gov.uk/water-quality/sampling-point/TH-RSN2050/sample/1387808/observation/9901,TH-RSN2050,RSN2050 THAMES U/S A404,-0.7621,51.5665,Thames,THAMES - WEST THAMES,L&W NORTH - WT,OPEN,FRESHWATER - RIVERS,2023-01-23T11:51:00,MONITORING  (NATIONAL AGENCY POLICY),RIVER / RUNNING SURFACE WATER,9901,"Oxygen, Dissolved, % Saturation",100.6,PERCENTAGE
https://environment.data.gov.uk/water-quality/sampling-point/TH-RSN2050/sample/1387808/observation/9924,TH-RSN2050,RSN2050 THAMES U/S A404,-0.7621,51.5665,Thames,THAMES - WEST THAMES,L&W NORTH - WT,OPEN,FRESHWATER - RIVERS,2023-01-23T11:51:00,MONITORING  (NATIONAL AGENCY POLICY),RIVER / RUNNING SURFACE WATER,9924,"Oxygen, Dissolved as O2",13.6,MILLIGRAM PER LITRE
https://environment.data.gov.uk/water-quality/sampling-point/TH-RSN2050/sample/1388618/observation/0061,TH-RSN2050,RSN2050 THAMES U/S A404,-0.7621,51.5665,Thames,THAMES - WEST THAMES,L&W NORTH - WT,OPEN,FRESHWATER - RIVERS,2023-02-20T11:32:00,MONITORING  (NATIONAL AGENCY POLICY),RIVER / RUNNING SURFACE WATER,0061,pH,8.17,PH UNITS
https://environment.data.gov.uk/water-quality/sampling-point/TH-RSN2050/sample/1388618/observation/0076,TH-RSN2050,RSN2050 THAMES U/S A404,-0.7621,51.5665,Thames,THAMES - WEST THAMES,L&W NORTH - WT,OPEN,FRESHWATER - RIVERS,2023-02-20T11:32:00,MONITORING  (NATIONAL AGENCY POLICY),RIVER / RUNNING SURFACE WATER,0076,Temperature of Water,9.5,CELSIUS
https://environment.data.gov.uk/water-quality/sampling-point/TH-RSN2050/sample/1388618/observation/0077,TH-RSN2050,RSN2050 THAMES U/S A404,-0.7621,51.5665,Thames,THAMES - WEST THAMES,L&W NORTH - WT,OPEN,FRESHWATER - RIVERS,2023-02-20T11:32:00,MONITORING  (NATIONAL AGENCY POLICY),RIVER / RUNNING SURFACE WATER,0077,Conductivity at 25 C,678,MICROSIEMENS PER CENTIMETRE
https://environment.data.gov.uk/water-quality/sampling-point/TH-RSN2050/sample/1388618/observation/0111,TH-RSN2050,RSN2050 THAMES U/S A404,-0.7621,51.5665,Thames,THAMES - WEST THAMES,L&W NORTH - WT,OPEN,FRESHWATER - RIVERS,2023-02-20T11:32:00,MONITORING  (NATIONAL AGENCY POLICY),RIVER / RUNNING SURFACE WATER,0111,Ammoniacal Nitrogen as N,0.054,MILLIGRAM PER LITRE
https://environment.data.gov.uk/water-quality/sampling-point/TH-RSN2050/sample/1388618/observation/0116,TH-RSN2050,RSN2050 THAMES U/S A404,-0.7621,51.5665,Thames,THAMES - WEST THAMES,L&W NORTH - WT,OPEN,FRESHWATER - RIVERS,2023-02-20T11:32:00,MONITORING  (NATIONAL AGENCY POLICY),RIVER / RUNNING SURFACE WATER,0116,"Nitrogen, Total Oxidised as N",7.9,MILLIGRAM PER LITRE
https://environment.data.gov.uk/water-quality/sampling-point/TH-RSN2050/sample/1388618/observation/0117,TH-RSN2050,RSN2050 THAMES U/S A404,-0.7621,51.5665,Thames,THAMES - WEST THAMES,L&W NORTH - WT,OPEN,FRESHWATER - RIVERS,2023-02-20T11:32:00,MONITORING  (NATIONAL AGENCY POLICY),RIVER / RUNNING SURFACE WATER,0117,Nitrate as N,7.88,MILLIGRAM PER LITRE
https://environment.data.gov.uk/water-quality/sampling-point/TH-RSN2050/sample/1388618/observation/0118,TH-RSN2050,RSN2050 THAMES U/S A404,-0.7621,51.5665,Thames,THAMES - WEST THAMES,L&W NORTH - WT,OPEN,FRESHWATER - RIVERS,2023-02-20T11:32:00,MONITORING  (NATIONAL AGENCY POLICY),RIVER / RUNNING SURFACE WATER,0118,Nitrite as N,0.024,MILLIGRAM PER LITRE
https://environment.data.gov.uk/water-quality/sampling-point/TH-RSN2050/sample/1388618/observation/0119,TH-RSN2050,RSN2050 THAMES U/S A404,-0.7621,51.5665,Thames,THAMES - WEST THAMES,L&W NORTH - WT,OPEN,FRESHWATER - RIVERS,2023-02-20T11:32:00,MONITORING  (NATIONAL AGENCY POLICY),RIVER / RUNNING SURFACE WATER,0119,Ammonia un-ionised as N,0.00095,MILLIGRAM PER LITRE
https://environment.data.gov.uk/water-quality/sampling-point/TH-RSN2050/sample/1388618/observation/0162,TH-RSN2050,RSN2050 THAMES U/S A404,-0.7621,51.5665,Thames,THAMES - WEST THAMES,L&W NORTH - WT,OPEN,FRESHWATER - RIVERS,2023-02-20T11:32:00,MONITORING  (NATIONAL AGENCY POLICY),RIVER / RUNNING SURFACE WATER,0162,Alkalinity to pH 4.5 as CaCO3,250,MILLIGRAM PER LITRE
https://environment.data.gov.uk/water-quality/sampling-point/TH-RSN2050/sample/1388618/observation/0172,TH-RSN2050,RSN2050 THAMES U/S A404,-0.7621,51.5665,Thames,THAMES - WEST THAMES,L&W NORTH - WT,OPEN,FRESHWATER - RIVERS,2023-02-20T11:32:00,MONITORING  (NATIONAL AGENCY POLICY),RIVER / RUNNING SURFACE WATER,0172,Chloride,36,MILLIGRAM PER LITRE
https://environment.data.gov.uk/water-quality/sampling-point/TH-RSN2050/sample/1388618/observation/0180,TH-RSN2050,RSN2050 THAMES U/S A404,-0.7621,51.5665,Thames,THAMES - WEST THAMES,L&W NORTH - WT,OPEN,FRESHWATER - RIVERS,2023-02-20T11:32:00,MONITORING  (NATIONAL AGENCY POLICY),RIVER / RUNNING SURFACE WATER,0180,"Orthophosphate, reactive as P",0.098,MILLIGRAM PER LITRE
https://environment.data.gov.uk/water-quality/sampling-point/TH-RSN2050/sample/1388618/observation/0182,TH-RSN2050,RSN2050 THAMES U/S A404,-0.7621,51.5665,Thames,THAMES - WEST THAMES,L&W NORTH - WT,OPEN,FRESHWATER - RIVERS,2023-02-20T11:32:00,MONITORING  (NATIONAL AGENCY POLICY),RIVER / RUNNING SURFACE WATER,0182,"Silica, reactive as SiO2",11,MILLIGRAM PER LITRE
https://environment.data.gov.uk/water-quality/sampling-point/TH-RSN2050/sample/1388618/observation/0301,TH-RSN2050,RSN2050 THAMES U/S A404,-0.7621,51.5665,Thames,THAMES - WEST THAMES,L&W NORTH - WT,OPEN,FRESHWATER - RIVERS,2023-02-20T11:32:00,MONITORING  (NATIONAL AGENCY POLICY),RIVER / RUNNING SURFACE WATER,0301,"Carbon, Organic, Dissolved as C :- {DOC}",2.7,MILLIGRAM PER LITRE
https://environment.data.gov.uk/water-quality/sampling-point/TH-RSN2050/sample/1388618/observation/0348,TH-RSN2050,RSN2050 THAMES U/S A404,-0.7621,51.5665,Thames,THAMES - WEST THAMES,L&W NORTH - WT,OPEN,FRESHWATER - RIVERS,2023-02-20T11:32:00,MONITORING  (NATIONAL AGENCY POLICY),RIVER / RUNNING SURFACE WATER,0348,"Phosphorus, Total as P",0.12,MILLIGRAM PER LITRE
https://environment.data.gov.uk/water-quality/sampling-point/TH-RSN2050/sample/1388618/observation/9686,TH-RSN2050,RSN2050 THAMES U/S A404,-0.7621,51.5665,Thames,THAMES - WEST THAMES,L&W NORTH - WT,OPEN,FRESHWATER - RIVERS,2023-02-20T11:32:00,MONITORING  (NATIONAL AGENCY POLICY),RIVER / RUNNING SURFACE WATER,9686,"Nitrogen, Total as N",8.1,MILLIGRAM PER LITRE
https://environment.data.gov.uk/water-quality/sampling-point/TH-RSN2050/sample/1388618/observation/9901,TH-RSN2050,RSN2050 THAMES U/S A404,-0.7621,51.5665,Thames,THAMES - WEST THAMES,L&W NORTH - WT,OPEN,FRESHWATER - RIVERS,2023-02-20T11:32:00,MONITORING  (NATIONAL AGENCY POLICY),RIVER / RUNNING SURFACE WATER,9901,"Oxygen, Dissolved, % Saturation",106.4,PERCENTAGE
https://environment.data.gov.uk/water-quality/sampling-point/TH-RSN2050/sample/1388618/observation/9924,TH-RSN2050,RSN2050 THAMES U/S A404,-0.7621,51.5665,Thames,THAMES - WEST THAMES,L&W NORTH - WT,OPEN,FRESHWATER - RIVERS,2023-02-20T11:32:00,MONITORING  (NATIONAL AGENCY POLICY),RIVER / RUNNING SURFACE WATER,9924,"Oxygen, Dissolved as O2",12.1,MILLIGRAM PER LITRE
https://environment.data.gov.uk/water-quality/sampling-point/TH-RSN2050/sample/1389436/observation/0061,TH-RSN2050,RSN2050 THAMES U/S A404,-0.7621,51.5665,Thames,THAMES - WEST THAMES,L&W NORTH - WT,OPEN,FRESHWATER - RIVERS,2023-03-13T12:58:00,MONITORING  (NATIONAL AGENCY POLICY),RIVER / RUNNING SURFACE WATER,0061,pH,8.11,PH UNITS
https://environment.data.gov.uk/water-quality/sampling-point/TH-RSN2050/sample/1389436/observation/0076,TH-RSN2050,RSN2050 THAMES U/S A404,-0.7621,51.5665,Thames,THAMES - WEST THAMES,L&W NORTH - WT,OPEN,FRESHWATER - RIVERS,2023-03-13T12:58:00,MONITORING  (NATIONAL AGENCY POLICY),RIVER / RUNNING SURFACE WATER,0076,Temperature of Water,8.2,CELSIUS
https://environment.data.gov.uk/water-quality/sampling-point/TH-RSN2050/sample/1389436/observation/0077,TH-RSN2050,RSN2050 THAMES U/S A404,-0.7621,51.5665,Thames,THAMES - WEST THAMES,L&W NORTH - WT,OPEN,FRESHWATER - RIVERS,2023-03-13T12:58:00,MONITORING  (NATIONAL AGENCY POLICY),RIVER / RUNNING SURFACE WATER,0077,Conductivity at 25 C,683,MICROSIEMENS PER CENTIMETRE
https://environment.data.gov.uk/water-quality/sampling-point/TH-RSN2050/sample/1389436/observation/0111,TH-RSN2050,RSN2050 THAMES U/S A404,-0.7621,51.5665,Thames,THAMES - WEST THAMES,L&W NORTH - WT,OPEN,FRESHWATER - RIVERS,2023-03-13T12:58:00,MONITORING  (NATIONAL AGENCY POLICY),RIVER / RUNNING SURFACE WATER,0111,Ammoniacal Nitrogen as N,0.047,MILLIGRAM PER LITRE
https://environment.data.gov.uk/water-quality/sampling-point/TH-RSN2050/sample/1389436/observation/0116,TH-RSN2050,RSN2050 THAMES U/S A404,-0.7621,51.5665,Thames,THAMES - WEST THAMES,L&W NORTH - WT,OPEN,FRESHWATER - RIVERS,2023-03-13T12:58:00,MONITORING  (NATIONAL AGENCY POLICY),RIVER / RUNNING SURFACE WATER,0116,"Nitrogen, Total Oxidised as N",7.2,MILLIGRAM PER LITRE
https://environment.data.gov.uk/water-quality/sampling-point/TH-RSN2050/sample/1389436/observation/0117,TH-RSN2050,RSN2050 THAMES U/S A404,-0.7621,51.5665,Thames,THAMES - WEST THAMES,L&W NORTH - WT,OPEN,FRESHWATER - RIVERS,2023-03-13T12:58:00,MONITORING  (NATIONAL AGENCY POLICY),RIVER / RUNNING SURFACE WATER,0117,Nitrate as N,7.17,MILLIGRAM PER LITRE
https://environment.data.gov.uk/water-quality/sampling-point/TH-RSN2050/sample/1389436/observation/0118,TH-RSN2050,RSN2050 THAMES U/S A404,-0.7621,51.5665,Thames,THAMES - WEST THAMES,L&W NORTH - WT,OPEN,FRESHWATER - RIVERS,2023-03-13T12:58:00,MONITORING  (NATIONAL AGENCY POLICY),RIVER / RUNNING SURFACE WATER,0118,Nitrite as N,0.03,MILLIGRAM PER LITRE
https://environment.data.gov.uk/water-quality/sampling-point/TH-RSN2050/sample/1389436/observation/0119,TH-RSN2050,RSN2050 THAMES U/S A404,-0.7621,51.5665,Thames,THAMES - WEST THAMES,L&W NORTH - WT,OPEN,FRESHWATER - RIVERS,2023-03-13T12:58:00,MONITORING  (NATIONAL AGENCY POLICY),RIVER / RUNNING SURFACE WATER,0119,Ammonia un-ionised as N,0.00075,MILLIGRAM PER LITRE
https://environment.data.gov.uk/water-quality/sampling-point/TH-RSN2050/sample/1389436/observation/0162,TH-RSN2050,RSN2050 THAMES U/S A404,-0.7621,51.5665,Thames,THAMES - WEST THAMES,L&W NORTH - WT,OPEN,FRESHWATER - RIVERS,2023-03-13T12:58:00,MONITORING  (NATIONAL AGENCY POLICY),RIVER / RUNNING SURFACE WATER,0162,Alkalinity to pH 4.5 as CaCO3,200,MILLIGRAM PER LITRE
https://environment.data.gov.uk/water-quality/sampling-point/TH-RSN2050/sample/1389436/observation/0172,TH-RSN2050,RSN2050 THAMES U/S A404,-0.7621,51.5665,Thames,THAMES - WEST THAMES,L&W NORTH - WT,OPEN,FRESHWATER - RIVERS,2023-03-13T12:58:00,MONITORING  (NATIONAL AGENCY POLICY),RIVER / RUNNING SURFACE WATER,0172,Chloride,51,MILLIGRAM PER LITRE
https://environment.data.gov.uk/water-quality/sampling-point/TH-RSN2050/sample/1389436/observation/0180,TH-RSN2050,RSN2050 THAMES U/S A404,-0.7621,51.5665,Thames,THAMES - WEST THAMES,L&W NORTH - WT,OPEN,FRESHWATER - RIVERS,2023-03-13T12:58:00,MONITORING  (NATIONAL AGENCY POLICY),RIVER / RUNNING SURFACE WATER,0180,"Orthophosphate, reactive as P",0.12,MILLIGRAM PER LITRE
https://environment.data.gov.uk/water-quality/sampling-point/TH-RSN2050/sample/1389436/observation/0182,TH-RSN2050,RSN2050 THAMES U/S A404,-0.7621,51.5665,Thames,THAMES - WEST THAMES,L&W NORTH - WT,OPEN,FRESHWATER - RIVERS,2023-03-13T12:58:00,MONITORING  (NATIONAL AGENCY POLICY),RIVER / RUNNING SURFACE WATER,0182,"Silica, reactive as SiO2",9.3,MILLIGRAM PER LITRE
https://environment.data.gov.uk/water-quality/sampling-point/TH-RSN2050/sample/1389436/observation/0301,TH-RSN2050,RSN2050 THAMES U/S A404,-0.7621,51.5665,Thames,THAMES - WEST THAMES,L&W NORTH - WT,OPEN,FRESHWATER - RIVERS,2023-03-13T12:58:00,MONITORING  (NATIONAL AGENCY POLICY),RIVER / RUNNING SURFACE WATER,0301,"Carbon, Organic, Dissolved as C :- {DOC}",5.6,MILLIGRAM PER LITRE
https://environment.data.gov.uk/water-quality/sampling-point/TH-RSN2050/sample/1389436/observation/0348,TH-RSN2050,RSN2050 THAMES U/S A404,-0.7621,51.5665,Thames,THAMES - WEST THAMES,L&W NORTH - WT,OPEN,FRESHWATER - RIVERS,2023-03-13T12:58:00,MONITORING  (NATIONAL AGENCY POLICY),RIVER / RUNNING SURFACE WATER,0348,"Phosphorus, Total as P",0.19,MILLIGRAM PER LITRE
https://environment.data.gov.uk/water-quality/sampling-point/TH-RSN2050/sample/1389436/observation/9686,TH-RSN2050,RSN2050 THAMES U/S A404,-0.7621,51.5665,Thames,THAMES - WEST THAMES,L&W NORTH - WT,OPEN,FRESHWATER - RIVERS,2023-03-13T12:58:00,MONITORING  (NATIONAL AGENCY POLICY),RIVER / RUNNING SURFACE WATER,9686,"Nitrogen, Total as N",7.9,MILLIGRAM PER LITRE
https://environment.data.gov.uk/water-quality/sampling-point/TH-RSN2050/sample/1389436/observation/9901,TH-RSN2050,RSN2050 THAMES U/S A404,-0.7621,51.5665,Thames,THAMES - WEST THAMES,L&W NORTH - WT,OPEN,FRESHWATER - RIVERS,2023-03-13T12:58:00,MONITORING  (NATIONAL AGENCY POLICY),RIVER / RUNNING SURFACE WATER,9901,"Oxygen, Dissolved, % Saturation",105.1,PERCENTAGE
https://environment.data.gov.uk/water-quality/sampling-point/TH-RSN2050/sample/1389436/observation/9924,TH-RSN2050,RSN2050 THAMES U/S A404,-0.7621,51.5665,Thames,THAMES - WEST THAMES,L&W NORTH - WT,OPEN,FRESHWATER - RIVERS,2023-03-13T12:58:00,MONITORING  (NATIONAL AGENCY POLICY),RIVER / RUNNING SURFACE WATER,9924,"Oxygen, Dissolved as O2",12.4,MILLIGRAM PER LITRE
https://environment.data.gov.uk/water-quality/sampling-point/TH-RSN2050/sample/1391267/observation/0061,TH-RSN2050,RSN2050 THAMES U/S A404,-0.7621,51.5665,Thames,THAMES - WEST THAMES,L&W NORTH - WT,OPEN,FRESHWATER - RIVERS,2023-05-15T13:18:00,MONITORING  (NATIONAL AGENCY POLICY),RIVER / RUNNING SURFACE WATER,0061,pH,8.08,PH UNITS
https://environment.data.gov.uk/water-quality/sampling-point/TH-RSN2050/sample/1391267/observation/0076,TH-RSN2050,RSN2050 THAMES U/S A404,-0.7621,51.5665,Thames,THAMES - WEST THAMES,L&W NORTH - WT,OPEN,FRESHWATER - RIVERS,2023-05-15T13:18:00,MONITORING  (NATIONAL AGENCY POLICY),RIVER / RUNNING SURFACE WATER,0076,Temperature of Water,14.6,CELSIUS
https://environment.data.gov.uk/water-quality/sampling-point/TH-RSN2050/sample/1391267/observation/0077,TH-RSN2050,RSN2050 THAMES U/S A404,-0.7621,51.5665,Thames,THAMES - WEST THAMES,L&W NORTH - WT,OPEN,FRESHWATER - RIVERS,2023-05-15T13:18:00,MONITORING  (NATIONAL AGENCY POLICY),RIVER / RUNNING SURFACE WATER,0077,Conductivity at 25 C,625,MICROSIEMENS PER CENTIMETRE
https://environment.data.gov.uk/water-quality/sampling-point/TH-RSN2050/sample/1391267/observation/0111,TH-RSN2050,RSN2050 THAMES U/S A404,-0.7621,51.5665,Thames,THAMES - WEST THAMES,L&W NORTH - WT,OPEN,FRESHWATER - RIVERS,2023-05-15T13:18:00,MONITORING  (NATIONAL AGENCY POLICY),RIVER / RUNNING SURFACE WATER,0111,Ammoniacal Nitrogen as N,<0.03,MILLIGRAM PER LITRE
https://environment.data.gov.uk/water-quality/sampling-point/TH-RSN2050/sample/1391267/observation/0116,TH-RSN2050,RSN2050 THAMES U/S A404,-0.7621,51.5665,Thames,THAMES - WEST THAMES,L&W NORTH - WT,OPEN,FRESHWATER - RIVERS,2023-05-15T13:18:00,MONITORING  (NATIONAL AGENCY POLICY),RIVER / RUNNING SURFACE WATER,0116,"Nitrogen, Total Oxidised as N",5.5,MILLIGRAM PER LITRE
https://environment.data.gov.uk/water-quality/sampling-point/TH-RSN2050/sample/1391267/observation/0117,TH-RSN2050,RSN2050 THAMES U/S A404,-0.7621,51.5665,Thames,THAMES - WEST THAMES,L&W NORTH - WT,OPEN,FRESHWATER - RIVERS,2023-05-15T13:18:00,MONITORING  (NATIONAL AGENCY POLICY),RIVER / RUNNING SURFACE WATER,0117,Nitrate as N,5.48,MILLIGRAM PER LITRE
https://environment.data.gov.uk/water-quality/sampling-point/TH-RSN2050/sample/1391267/observation/0118,TH-RSN2050,RSN2050 THAMES U/S A404,-0.7621,51.5665,Thames,THAMES - WEST THAMES,L&W NORTH - WT,OPEN,FRESHWATER - RIVERS,2023-05-15T13:18:00,MONITORING  (NATIONAL AGENCY POLICY),RIVER / RUNNING SURFACE WATER,0118,Nitrite as N,0.018,MILLIGRAM PER LITRE
https://environment.data.gov.uk/water-quality/sampling-point/TH-RSN2050/sample/1391267/observation/0119,TH-RSN2050,RSN2050 THAMES U/S A404,-0.7621,51.5665,Thames,THAMES - WEST THAMES,L&W NORTH - WT,OPEN,FRESHWATER - RIVERS,2023-05-15T13:18:00,MONITORING  (NATIONAL AGENCY POLICY),RIVER / RUNNING SURFACE WATER,0119,Ammonia un-ionised as N,<0.00077,MILLIGRAM PER LITRE
https://environment.data.gov.uk/water-quality/sampling-point/TH-RSN2050/sample/1391267/observation/0162,TH-RSN2050,RSN2050 THAMES U/S A404,-0.7621,51.5665,Thames,THAMES - WEST THAMES,L&W NORTH - WT,OPEN,FRESHWATER - RIVERS,2023-05-15T13:18:00,MONITORING  (NATIONAL AGENCY POLICY),RIVER / RUNNING SURFACE WATER,0162,Alkalinity to pH 4.5 as CaCO3,230,MILLIGRAM PER LITRE
https://environment.data.gov.uk/water-quality/sampling-point/TH-RSN2050/sample/1391267/observation/0172,TH-RSN2050,RSN2050 THAMES U/S A404,-0.7621,51.5665,Thames,THAMES - WEST THAMES,L&W NORTH - WT,OPEN,FRESHWATER - RIVERS,2023-05-15T13:18:00,MONITORING  (NATIONAL AGENCY POLICY),RIVER / RUNNING SURFACE WATER,0172,Chloride,29,MILLIGRAM PER LITRE
https://environment.data.gov.uk/water-quality/sampling-point/TH-RSN2050/sample/1391267/observation/0180,TH-RSN2050,RSN2050 THAMES U/S A404,-0.7621,51.5665,Thames,THAMES - WEST THAMES,L&W NORTH - WT,OPEN,FRESHWATER - RIVERS,2023-05-15T13:18:00,MONITORING  (NATIONAL AGENCY POLICY),RIVER / RUNNING SURFACE WATER,0180,"Orthophosphate, reactive as P",0.12,MILLIGRAM PER LITRE
https://environment.data.gov.uk/water-quality/sampling-point/TH-RSN2050/sample/1391267/observation/0182,TH-RSN2050,RSN2050 THAMES U/S A404,-0.7621,51.5665,Thames,THAMES - WEST THAMES,L&W NORTH - WT,OPEN,FRESHWATER - RIVERS,2023-05-15T13:18:00,MONITORING  (NATIONAL AGENCY POLICY),RIVER / RUNNING SURFACE WATER,0182,"Silica, reactive as SiO2",10,MILLIGRAM PER LITRE
https://environment.data.gov.uk/water-quality/sampling-point/TH-RSN2050/sample/1391267/observation/0301,TH-RSN2050,RSN2050 THAMES U/S A404,-0.7621,51.5665,Thames,THAMES - WEST THAMES,L&W NORTH - WT,OPEN,FRESHWATER - RIVERS,2023-05-15T13:18:00,MONITORING  (NATIONAL AGENCY POLICY),RIVER / RUNNING SURFACE WATER,0301,"Carbon, Organic, Dissolved as C :- {DOC}",4.9,MILLIGRAM PER LITRE
https://environment.data.gov.uk/water-quality/sampling-point/TH-RSN2050/sample/1391267/observation/0348,TH-RSN2050,RSN2050 THAMES U/S A404,-0.7621,51.5665,Thames,THAMES - WEST THAMES,L&W NORTH - WT,OPEN,FRESHWATER - RIVERS,2023-05-15T13:18:00,MONITORING  (NATIONAL AGENCY POLICY),RIVER / RUNNING SURFACE WATER,0348,"Phosphorus, Total as P",0.17,MILLIGRAM PER LITRE
https://environment.data.gov.uk/water-quality/sampling-point/TH-RSN2050/sample/1391267/observation/9686,TH-RSN2050,RSN2050 THAMES U/S A404,-0.7621,51.5665,Thames,THAMES - WEST THAMES,L&W NORTH - WT,OPEN,FRESHWATER - RIVERS,2023-05-15T13:18:00,MONITORING  (NATIONAL AGENCY POLICY),RIVER / RUNNING SURFACE WATER,9686,"Nitrogen, Total as N",6.1,MILLIGRAM PER LITRE
https://environment.data.gov.uk/water-quality/sampling-point/TH-RSN2050/sample/1391267/observation/9901,TH-RSN2050,RSN2050 THAMES U/S A404,-0.7621,51.5665,Thames,THAMES - WEST THAMES,L&W NORTH - WT,OPEN,FRESHWATER - RIVERS,2023-05-15T13:18:00,MONITORING  (NATIONAL AGENCY POLICY),RIVER / RUNNING SURFACE WATER,9901,"Oxygen, Dissolved, % Saturation",99.9,PERCENTAGE
https://environment.data.gov.uk/water-quality/sampling-point/TH-RSN2050/sample/1391267/observation/9924,TH-RSN2050,RSN2050 THAMES U/S A404,-0.7621,51.5665,Thames,THAMES - WEST THAMES,L&W NORTH - WT,OPEN,FRESHWATER - RIVERS,2023-05-15T13:18:00,MONITORING  (NATIONAL AGENCY POLICY),RIVER / RUNNING SURFACE WATER,9924,"Oxygen, Dissolved as O2",10.1,MILLIGRAM PER LITRE
https://environment.data.gov.uk/water-quality/sampling-point/TH-RSN2050/sample/1392510/observation/0061,TH-RSN2050,RSN2050 THAMES U/S A404,-0.7621,51.5665,Thames,THAMES - WEST THAMES,L&W NORTH - WT,OPEN,FRESHWATER - RIVERS,2023-06-13T18:37:00,MONITORING  (NATIONAL AGENCY POLICY),RIVER / RUNNING SURFACE WATER,0061,pH,7.87,PH UNITS
https://environment.data.gov.uk/water-quality/sampling-point/TH-RSN2050/sample/1392510/observation/0076,TH-RSN2050,RSN2050 THAMES U/S A404,-0.7621,51.5665,Thames,THAMES - WEST THAMES,L&W NORTH - WT,OPEN,FRESHWATER - RIVERS,2023-06-13T18:37:00,MONITORING  (NATIONAL AGENCY POLICY),RIVER / RUNNING SURFACE WATER,0076,Temperature of Water,22.2,CELSIUS
https://environment.data.gov.uk/water-quality/sampling-point/TH-RSN2050/sample/1392510/observation/0077,TH-RSN2050,RSN2050 THAMES U/S A404,-0.7621,51.5665,Thames,THAMES - WEST THAMES,L&W NORTH - WT,OPEN,FRESHWATER - RIVERS,2023-06-13T18:37:00,MONITORING  (NATIONAL AGENCY POLICY),RIVER / RUNNING SURFACE WATER,0077,Conductivity at 25 C,660,MICROSIEMENS PER CENTIMETRE
https://environment.data.gov.uk/water-quality/sampling-point/TH-RSN2050/sample/1392510/observation/0111,TH-RSN2050,RSN2050 THAMES U/S A404,-0.7621,51.5665,Thames,THAMES - WEST THAMES,L&W NORTH - WT,OPEN,FRESHWATER - RIVERS,2023-06-13T18:37:00,MONITORING  (NATIONAL AGENCY POLICY),RIVER / RUNNING SURFACE WATER,0111,Ammoniacal Nitrogen as N,0.087,MILLIGRAM PER LITRE
https://environment.data.gov.uk/water-quality/sampling-point/TH-RSN2050/sample/1392510/observation/0116,TH-RSN2050,RSN2050 THAMES U/S A404,-0.7621,51.5665,Thames,THAMES - WEST THAMES,L&W NORTH - WT,OPEN,FRESHWATER - RIVERS,2023-06-13T18:37:00,MONITORING  (NATIONAL AGENCY POLICY),RIVER / RUNNING SURFACE WATER,0116,"Nitrogen, Total Oxidised as N",7,MILLIGRAM PER LITRE
https://environment.data.gov.uk/water-quality/sampling-point/TH-RSN2050/sample/1392510/observation/0117,TH-RSN2050,RSN2050 THAMES U/S A404,-0.7621,51.5665,Thames,THAMES - WEST THAMES,L&W NORTH - WT,OPEN,FRESHWATER - RIVERS,2023-06-13T18:37:00,MONITORING  (NATIONAL AGENCY POLICY),RIVER / RUNNING SURFACE WATER,0117,Nitrate as N,6.97,MILLIGRAM PER LITRE
https://environment.data.gov.uk/water-quality/sampling-point/TH-RSN2050/sample/1392510/observation/0118,TH-RSN2050,RSN2050 THAMES U/S A404,-0.7621,51.5665,Thames,THAMES - WEST THAMES,L&W NORTH - WT,OPEN,FRESHWATER - RIVERS,2023-06-13T18:37:00,MONITORING  (NATIONAL AGENCY POLICY),RIVER / RUNNING SURFACE WATER,0118,Nitrite as N,0.026,MILLIGRAM PER LITRE
https://environment.data.gov.uk/water-quality/sampling-point/TH-RSN2050/sample/1392510/observation/0119,TH-RSN2050,RSN2050 THAMES U/S A404,-0.7621,51.5665,Thames,THAMES - WEST THAMES,L&W NORTH - WT,OPEN,FRESHWATER - RIVERS,2023-06-13T18:37:00,MONITORING  (NATIONAL AGENCY POLICY),RIVER / RUNNING SURFACE WATER,0119,Ammonia un-ionised as N,0.00288,MILLIGRAM PER LITRE
https://environment.data.gov.uk/water-quality/sampling-point/TH-RSN2050/sample/1392510/observation/0162,TH-RSN2050,RSN2050 THAMES U/S A404,-0.7621,51.5665,Thames,THAMES - WEST THAMES,L&W NORTH - WT,OPEN,FRESHWATER - RIVERS,2023-06-13T18:37:00,MONITORING  (NATIONAL AGENCY POLICY),RIVER / RUNNING SURFACE WATER,0162,Alkalinity to pH 4.5 as CaCO3,220,MILLIGRAM PER LITRE
https://environment.data.gov.uk/water-quality/sampling-point/TH-RSN2050/sample/1392510/observation/0172,TH-RSN2050,RSN2050 THAMES U/S A404,-0.7621,51.5665,Thames,THAMES - WEST THAMES,L&W NORTH - WT,OPEN,FRESHWATER - RIVERS,2023-06-13T18:37:00,MONITORING  (NATIONAL AGENCY POLICY),RIVER / RUNNING SURFACE WATER,0172,Chloride,37,MILLIGRAM PER LITRE
https://environment.data.gov.uk/water-quality/sampling-point/TH-RSN2050/sample/1392510/observation/0180,TH-RSN2050,RSN2050 THAMES U/S A404,-0.7621,51.5665,Thames,THAMES - WEST THAMES,L&W NORTH - WT,OPEN,FRESHWATER - RIVERS,2023-06-13T18:37:00,MONITORING  (NATIONAL AGENCY POLICY),RIVER / RUNNING SURFACE WATER,0180,"Orthophosphate, reactive as P",0.1,MILLIGRAM PER LITRE
https://environment.data.gov.uk/water-quality/sampling-point/TH-RSN2050/sample/1392510/observation/0182,TH-RSN2050,RSN2050 THAMES U/S A404,-0.7621,51.5665,Thames,THAMES - WEST THAMES,L&W NORTH - WT,OPEN,FRESHWATER - RIVERS,2023-06-13T18:37:00,MONITORING  (NATIONAL AGENCY POLICY),RIVER / RUNNING SURFACE WATER,0182,"Silica, reactive as SiO2",10,MILLIGRAM PER LITRE
https://environment.data.gov.uk/water-quality/sampling-point/TH-RSN2050/sample/1392510/observation/0301,TH-RSN2050,RSN2050 THAMES U/S A404,-0.7621,51.5665,Thames,THAMES - WEST THAMES,L&W NORTH - WT,OPEN,FRESHWATER - RIVERS,2023-06-13T18:37:00,MONITORING  (NATIONAL AGENCY POLICY),RIVER / RUNNING SURFACE WATER,0301,"Carbon, Organic, Dissolved as C :- {DOC}",3.4,MILLIGRAM PER LITRE
https://environment.data.gov.uk/water-quality/sampling-point/TH-RSN2050/sample/1392510/observation/0348,TH-RSN2050,RSN2050 THAMES U/S A404,-0.7621,51.5665,Thames,THAMES - WEST THAMES,L&W NORTH - WT,OPEN,FRESHWATER - RIVERS,2023-06-13T18:37:00,MONITORING  (NATIONAL AGENCY POLICY),RIVER / RUNNING SURFACE WATER,0348,"Phosphorus, Total as P",0.15,MILLIGRAM PER LITRE
https://environment.data.gov.uk/water-quality/sampling-point/TH-RSN2050/sample/1392510/observation/9686,TH-RSN2050,RSN2050 THAMES U/S A404,-0.7621,51.5665,Thames,THAMES - WEST THAMES,L&W NORTH - WT,OPEN,FRESHWATER - RIVERS,2023-06-13T18:37:00,MONITORING  (NATIONAL AGENCY POLICY),RIVER / RUNNING SURFACE WATER,9686,"Nitrogen, Total as N",7.5,MILLIGRAM PER LITRE
https://environment.data.gov.uk/water-quality/sampling-point/TH-RSN2050/sample/1392510/observation/9901,TH-RSN2050,RSN2050 THAMES U/S A404,-0.7621,51.5665,Thames,THAMES - WEST THAMES,L&W NORTH - WT,OPEN,FRESHWATER - RIVERS,2023-06-13T18:37:00,MONITORING  (NATIONAL AGENCY POLICY),RIVER / RUNNING SURFACE WATER,9901,"Oxygen, Dissolved, % Saturation",107.5,PERCENTAGE
https://environment.data.gov.uk/water-quality/sampling-point/TH-RSN2050/sample/1392510/observation/9924,TH-RSN2050,RSN2050 THAMES U/S A404,-0.7621,51.5665,Thames,THAMES - WEST THAMES,L&W NORTH - WT,OPEN,FRESHWATER - RIVERS,2023-06-13T18:37:00,MONITORING  (NATIONAL AGENCY POLICY),RIVER / RUNNING SURFACE WATER,9924,"Oxygen, Dissolved as O2",9.34,MILLIGRAM PER LITRE
https://environment.data.gov.uk/water-quality/sampling-point/TH-RSN2050/sample/1393877/observation/0061,TH-RSN2050,RSN2050 THAMES U/S A404,-0.7621,51.5665,Thames,THAMES - WEST THAMES,L&W NORTH - WT,OPEN,FRESHWATER - RIVERS,2023-07-06T09:47:00,MONITORING  (NATIONAL AGENCY POLICY),RIVER / RUNNING SURFACE WATER,0061,pH,8.02,PH UNITS
https://environment.data.gov.uk/water-quality/sampling-point/TH-RSN2050/sample/1393877/observation/0076,TH-RSN2050,RSN2050 THAMES U/S A404,-0.7621,51.5665,Thames,THAMES - WEST THAMES,L&W NORTH - WT,OPEN,FRESHWATER - RIVERS,2023-07-06T09:47:00,MONITORING  (NATIONAL AGENCY POLICY),RIVER / RUNNING SURFACE WATER,0076,Temperature of Water,17.1,CELSIUS
https://environment.data.gov.uk/water-quality/sampling-point/TH-RSN2050/sample/1393877/observation/0077,TH-RSN2050,RSN2050 THAMES U/S A404,-0.7621,51.5665,Thames,THAMES - WEST THAMES,L&W NORTH - WT,OPEN,FRESHWATER - RIVERS,2023-07-06T09:47:00,MONITORING  (NATIONAL AGENCY POLICY),RIVER / RUNNING SURFACE WATER,0077,Conductivity at 25 C,664,MICROSIEMENS PER CENTIMETRE
https://environment.data.gov.uk/water-quality/sampling-point/TH-RSN2050/sample/1393877/observation/0111,TH-RSN2050,RSN2050 THAMES U/S A404,-0.7621,51.5665,Thames,THAMES - WEST THAMES,L&W NORTH - WT,OPEN,FRESHWATER - RIVERS,2023-07-06T09:47:00,MONITORING  (NATIONAL AGENCY POLICY),RIVER / RUNNING SURFACE WATER,0111,Ammoniacal Nitrogen as N,0.24,MILLIGRAM PER LITRE
https://environment.data.gov.uk/water-quality/sampling-point/TH-RSN2050/sample/1393877/observation/0116,TH-RSN2050,RSN2050 THAMES U/S A404,-0.7621,51.5665,Thames,THAMES - WEST THAMES,L&W NORTH - WT,OPEN,FRESHWATER - RIVERS,2023-07-06T09:47:00,MONITORING  (NATIONAL AGENCY POLICY),RIVER / RUNNING SURFACE WATER,0116,"Nitrogen, Total Oxidised as N",7.1,MILLIGRAM PER LITRE
https://environment.data.gov.uk/water-quality/sampling-point/TH-RSN2050/sample/1393877/observation/0117,TH-RSN2050,RSN2050 THAMES U/S A404,-0.7621,51.5665,Thames,THAMES - WEST THAMES,L&W NORTH - WT,OPEN,FRESHWATER - RIVERS,2023-07-06T09:47:00,MONITORING  (NATIONAL AGENCY POLICY),RIVER / RUNNING SURFACE WATER,0117,Nitrate as N,7.02,MILLIGRAM PER LITRE
https://environment.data.gov.uk/water-quality/sampling-point/TH-RSN2050/sample/1393877/observation/0118,TH-RSN2050,RSN2050 THAMES U/S A404,-0.7621,51.5665,Thames,THAMES - WEST THAMES,L&W NORTH - WT,OPEN,FRESHWATER - RIVERS,2023-07-06T09:47:00,MONITORING  (NATIONAL AGENCY POLICY),RIVER / RUNNING SURFACE WATER,0118,Nitrite as N,0.085,MILLIGRAM PER LITRE
https://environment.data.gov.uk/water-quality/sampling-point/TH-RSN2050/sample/1393877/observation/0119,TH-RSN2050,RSN2050 THAMES U/S A404,-0.7621,51.5665,Thames,THAMES - WEST THAMES,L&W NORTH - WT,OPEN,FRESHWATER - RIVERS,2023-07-06T09:47:00,MONITORING  (NATIONAL AGENCY POLICY),RIVER / RUNNING SURFACE WATER,0119,Ammonia un-ionised as N,0.00734,MILLIGRAM PER LITRE
https://environment.data.gov.uk/water-quality/sampling-point/TH-RSN2050/sample/1393877/observation/0162,TH-RSN2050,RSN2050 THAMES U/S A404,-0.7621,51.5665,Thames,THAMES - WEST THAMES,L&W NORTH - WT,OPEN,FRESHWATER - RIVERS,2023-07-06T09:47:00,MONITORING  (NATIONAL AGENCY POLICY),RIVER / RUNNING SURFACE WATER,0162,Alkalinity to pH 4.5 as CaCO3,220,MILLIGRAM PER LITRE
https://environment.data.gov.uk/water-quality/sampling-point/TH-RSN2050/sample/1393877/observation/0172,TH-RSN2050,RSN2050 THAMES U/S A404,-0.7621,51.5665,Thames,THAMES - WEST THAMES,L&W NORTH - WT,OPEN,FRESHWATER - RIVERS,2023-07-06T09:47:00,MONITORING  (NATIONAL AGENCY POLICY),RIVER / RUNNING SURFACE WATER,0172,Chloride,40,MILLIGRAM PER LITRE
https://environment.data.gov.uk/water-quality/sampling-point/TH-RSN2050/sample/1393877/observation/0180,TH-RSN2050,RSN2050 THAMES U/S A404,-0.7621,51.5665,Thames,THAMES - WEST THAMES,L&W NORTH - WT,OPEN,FRESHWATER - RIVERS,2023-07-06T09:47:00,MONITORING  (NATIONAL AGENCY POLICY),RIVER / RUNNING SURFACE WATER,0180,"Orthophosphate, reactive as P",0.16,MILLIGRAM PER LITRE
https://environment.data.gov.uk/water-quality/sampling-point/TH-RSN2050/sample/1393877/observation/0182,TH-RSN2050,RSN2050 THAMES U/S A404,-0.7621,51.5665,Thames,THAMES - WEST THAMES,L&W NORTH - WT,OPEN,FRESHWATER - RIVERS,2023-07-06T09:47:00,MONITORING  (NATIONAL AGENCY POLICY),RIVER / RUNNING SURFACE WATER,0182,"Silica, reactive as SiO2",14,MILLIGRAM PER LITRE
https://environment.data.gov.uk/water-quality/sampling-point/TH-RSN2050/sample/1393877/observation/0301,TH-RSN2050,RSN2050 THAMES U/S A404,-0.7621,51.5665,Thames,THAMES - WEST THAMES,L&W NORTH - WT,OPEN,FRESHWATER - RIVERS,2023-07-06T09:47:00,MONITORING  (NATIONAL AGENCY POLICY),RIVER / RUNNING SURFACE WATER,0301,"Carbon, Organic, Dissolved as C :- {DOC}",3.2,MILLIGRAM PER LITRE
https://environment.data.gov.uk/water-quality/sampling-point/TH-RSN2050/sample/1393877/observation/0348,TH-RSN2050,RSN2050 THAMES U/S A404,-0.7621,51.5665,Thames,THAMES - WEST THAMES,L&W NORTH - WT,OPEN,FRESHWATER - RIVERS,2023-07-06T09:47:00,MONITORING  (NATIONAL AGENCY POLICY),RIVER / RUNNING SURFACE WATER,0348,"Phosphorus, Total as P",0.19,MILLIGRAM PER LITRE
https://environment.data.gov.uk/water-quality/sampling-point/TH-RSN2050/sample/1393877/observation/9686,TH-RSN2050,RSN2050 THAMES U/S A404,-0.7621,51.5665,Thames,THAMES - WEST THAMES,L&W NORTH - WT,OPEN,FRESHWATER - RIVERS,2023-07-06T09:47:00,MONITORING  (NATIONAL AGENCY POLICY),RIVER / RUNNING SURFACE WATER,9686,"Nitrogen, Total as N",7.3,MILLIGRAM PER LITRE
https://environment.data.gov.uk/water-quality/sampling-point/TH-RSN2050/sample/1393877/observation/9901,TH-RSN2050,RSN2050 THAMES U/S A404,-0.7621,51.5665,Thames,THAMES - WEST THAMES,L&W NORTH - WT,OPEN,FRESHWATER - RIVERS,2023-07-06T09:47:00,MONITORING  (NATIONAL AGENCY POLICY),RIVER / RUNNING SURFACE WATER,9901,"Oxygen, Dissolved, % Saturation",99.2,PERCENTAGE
https://environment.data.gov.uk/water-quality/sampling-point/TH-RSN2050/sample/1393877/observation/9924,TH-RSN2050,RSN2050 THAMES U/S A404,-0.7621,51.5665,Thames,THAMES - WEST THAMES,L&W NORTH - WT,OPEN,FRESHWATER - RIVERS,2023-07-06T09:47:00,MONITORING  (NATIONAL AGENCY POLICY),RIVER / RUNNING SURFACE WATER,9924,"Oxygen, Dissolved as O2",9.54,MILLIGRAM PER LITRE
https://environment.data.gov.uk/water-quality/sampling-point/TH-RSN2050/sample/1394881/observation/0061,TH-RSN2050,RSN2050 THAMES U/S A404,-0.7621,51.5665,Thames,THAMES - WEST THAMES,L&W NORTH - WT,OPEN,FRESHWATER - RIVERS,2023-08-02T09:36:00,MONITORING  (NATIONAL AGENCY POLICY),RIVER / RUNNING SURFACE WATER,0061,pH,7.94,PH UNITS
https://environment.data.gov.uk/water-quality/sampling-point/TH-RSN2050/sample/1394881/observation/0076,TH-RSN2050,RSN2050 THAMES U/S A404,-0.7621,51.5665,Thames,THAMES - WEST THAMES,L&W NORTH - WT,OPEN,FRESHWATER - RIVERS,2023-08-02T09:36:00,MONITORING  (NATIONAL AGENCY POLICY),RIVER / RUNNING SURFACE WATER,0076,Temperature of Water,18,CELSIUS
https://environment.data.gov.uk/water-quality/sampling-point/TH-RSN2050/sample/1394881/observation/0077,TH-RSN2050,RSN2050 THAMES U/S A404,-0.7621,51.5665,Thames,THAMES - WEST THAMES,L&W NORTH - WT,OPEN,FRESHWATER - RIVERS,2023-08-02T09:36:00,MONITORING  (NATIONAL AGENCY POLICY),RIVER / RUNNING SURFACE WATER,0077,Conductivity at 25 C,642,MICROSIEMENS PER CENTIMETRE
https://environment.data.gov.uk/water-quality/sampling-point/TH-RSN2050/sample/1394881/observation/0111,TH-RSN2050,RSN2050 THAMES U/S A404,-0.7621,51.5665,Thames,THAMES - WEST THAMES,L&W NORTH - WT,OPEN,FRESHWATER - RIVERS,2023-08-02T09:36:00,MONITORING  (NATIONAL AGENCY POLICY),RIVER / RUNNING SURFACE WATER,0111,Ammoniacal Nitrogen as N,0.038,MILLIGRAM PER LITRE
https://environment.data.gov.uk/water-quality/sampling-point/TH-RSN2050/sample/1394881/observation/0116,TH-RSN2050,RSN2050 THAMES U/S A404,-0.7621,51.5665,Thames,THAMES - WEST THAMES,L&W NORTH - WT,OPEN,FRESHWATER - RIVERS,2023-08-02T09:36:00,MONITORING  (NATIONAL AGENCY POLICY),RIVER / RUNNING SURFACE WATER,0116,"Nitrogen, Total Oxidised as N",6.5,MILLIGRAM PER LITRE
https://environment.data.gov.uk/water-quality/sampling-point/TH-RSN2050/sample/1394881/observation/0117,TH-RSN2050,RSN2050 THAMES U/S A404,-0.7621,51.5665,Thames,THAMES - WEST THAMES,L&W NORTH - WT,OPEN,FRESHWATER - RIVERS,2023-08-02T09:36:00,MONITORING  (NATIONAL AGENCY POLICY),RIVER / RUNNING SURFACE WATER,0117,Nitrate as N,6.47,MILLIGRAM PER LITRE
https://environment.data.gov.uk/water-quality/sampling-point/TH-RSN2050/sample/1394881/observation/0118,TH-RSN2050,RSN2050 THAMES U/S A404,-0.7621,51.5665,Thames,THAMES - WEST THAMES,L&W NORTH - WT,OPEN,FRESHWATER - RIVERS,2023-08-02T09:36:00,MONITORING  (NATIONAL AGENCY POLICY),RIVER / RUNNING SURFACE WATER,0118,Nitrite as N,0.031,MILLIGRAM PER LITRE
https://environment.data.gov.uk/water-quality/sampling-point/TH-RSN2050/sample/1394881/observation/0119,TH-RSN2050,RSN2050 THAMES U/S A404,-0.7621,51.5665,Thames,THAMES - WEST THAMES,L&W NORTH - WT,OPEN,FRESHWATER - RIVERS,2023-08-02T09:36:00,MONITORING  (NATIONAL AGENCY POLICY),RIVER / RUNNING SURFACE WATER,0119,Ammonia un-ionised as N,0.00108,MILLIGRAM PER LITRE
https://environment.data.gov.uk/water-quality/sampling-point/TH-RSN2050/sample/1394881/observation/0162,TH-RSN2050,RSN2050 THAMES U/S A404,-0.7621,51.5665,Thames,THAMES - WEST THAMES,L&W NORTH - WT,OPEN,FRESHWATER - RIVERS,2023-08-02T09:36:00,MONITORING  (NATIONAL AGENCY POLICY),RIVER / RUNNING SURFACE WATER,0162,Alkalinity to pH 4.5 as CaCO3,210,MILLIGRAM PER LITRE
https://environment.data.gov.uk/water-quality/sampling-point/TH-RSN2050/sample/1394881/observation/0172,TH-RSN2050,RSN2050 THAMES U/S A404,-0.7621,51.5665,Thames,THAMES - WEST THAMES,L&W NORTH - WT,OPEN,FRESHWATER - RIVERS,2023-08-02T09:36:00,MONITORING  (NATIONAL AGENCY POLICY),RIVER / RUNNING SURFACE WATER,0172,Chloride,39,MILLIGRAM PER LITRE
https://environment.data.gov.uk/water-quality/sampling-point/TH-RSN2050/sample/1394881/observation/0180,TH-RSN2050,RSN2050 THAMES U/S A404,-0.7621,51.5665,Thames,THAMES - WEST THAMES,L&W NORTH - WT,OPEN,FRESHWATER - RIVERS,2023-08-02T09:36:00,MONITORING  (NATIONAL AGENCY POLICY),RIVER / RUNNING SURFACE WATER,0180,"Orthophosphate, reactive as P",0.17,MILLIGRAM PER LITRE
https://environment.data.gov.uk/water-quality/sampling-point/TH-RSN2050/sample/1394881/observation/0182,TH-RSN2050,RSN2050 THAMES U/S A404,-0.7621,51.5665,Thames,THAMES - WEST THAMES,L&W NORTH - WT,OPEN,FRESHWATER - RIVERS,2023-08-02T09:36:00,MONITORING  (NATIONAL AGENCY POLICY),RIVER / RUNNING SURFACE WATER,0182,"Silica, reactive as SiO2",14,MILLIGRAM PER LITRE
https://environment.data.gov.uk/water-quality/sampling-point/TH-RSN2050/sample/1394881/observation/0301,TH-RSN2050,RSN2050 THAMES U/S A404,-0.7621,51.5665,Thames,THAMES - WEST THAMES,L&W NORTH - WT,OPEN,FRESHWATER - RIVERS,2023-08-02T09:36:00,MONITORING  (NATIONAL AGENCY POLICY),RIVER / RUNNING SURFACE WATER,0301,"Carbon, Organic, Dissolved as C :- {DOC}",3.2,MILLIGRAM PER LITRE
https://environment.data.gov.uk/water-quality/sampling-point/TH-RSN2050/sample/1394881/observation/0348,TH-RSN2050,RSN2050 THAMES U/S A404,-0.7621,51.5665,Thames,THAMES - WEST THAMES,L&W NORTH - WT,OPEN,FRESHWATER - RIVERS,2023-08-02T09:36:00,MONITORING  (NATIONAL AGENCY POLICY),RIVER / RUNNING SURFACE WATER,0348,"Phosphorus, Total as P",0.19,MILLIGRAM PER LITRE
https://environment.data.gov.uk/water-quality/sampling-point/TH-RSN2050/sample/1394881/observation/9686,TH-RSN2050,RSN2050 THAMES U/S A404,-0.7621,51.5665,Thames,THAMES - WEST THAMES,L&W NORTH - WT,OPEN,FRESHWATER - RIVERS,2023-08-02T09:36:00,MONITORING  (NATIONAL AGENCY POLICY),RIVER / RUNNING SURFACE WATER,9686,"Nitrogen, Total as N",7.3,MILLIGRAM PER LITRE
https://environment.data.gov.uk/water-quality/sampling-point/TH-RSN2050/sample/1394881/observation/9901,TH-RSN2050,RSN2050 THAMES U/S A404,-0.7621,51.5665,Thames,THAMES - WEST THAMES,L&W NORTH - WT,OPEN,FRESHWATER - RIVERS,2023-08-02T09:36:00,MONITORING  (NATIONAL AGENCY POLICY),RIVER / RUNNING SURFACE WATER,9901,"Oxygen, Dissolved, % Saturation",99.9,PERCENTAGE
https://environment.data.gov.uk/water-quality/sampling-point/TH-RSN2050/sample/1394881/observation/9924,TH-RSN2050,RSN2050 THAMES U/S A404,-0.7621,51.5665,Thames,THAMES - WEST THAMES,L&W NORTH - WT,OPEN,FRESHWATER - RIVERS,2023-08-02T09:36:00,MONITORING  (NATIONAL AGENCY POLICY),RIVER / RUNNING SURFACE WATER,9924,"Oxygen, Dissolved as O2",9.43,MILLIGRAM PER LITRE
https://environment.data.gov.uk/water-quality/sampling-point/TH-RSN2050/sample/1396373/observation/0061,TH-RSN2050,RSN2050 THAMES U/S A404,-0.7621,51.5665,Thames,THAMES - WEST THAMES,L&W NORTH - WT,OPEN,FRESHWATER - RIVERS,2023-09-05T08:52:00,MONITORING  (NATIONAL AGENCY POLICY),RIVER / RUNNING SURFACE WATER,0061,pH,7.98,PH UNITS
https://environment.data.gov.uk/water-quality/sampling-point/TH-RSN2050/sample/1396373/observation/0076,TH-RSN2050,RSN2050 THAMES U/S A404,-0.7621,51.5665,Thames,THAMES - WEST THAMES,L&W NORTH - WT,OPEN,FRESHWATER - RIVERS,2023-09-05T08:52:00,MONITORING  (NATIONAL AGENCY POLICY),RIVER / RUNNING SURFACE WATER,0076,Temperature of Water,18.3,CELSIUS
https://environment.data.gov.uk/water-quality/sampling-point/TH-RSN2050/sample/1396373/observation/0077,TH-RSN2050,RSN2050 THAMES U/S A404,-0.7621,51.5665,Thames,THAMES - WEST THAMES,L&W NORTH - WT,OPEN,FRESHWATER - RIVERS,2023-09-05T08:52:00,MONITORING  (NATIONAL AGENCY POLICY),RIVER / RUNNING SURFACE WATER,0077,Conductivity at 25 C,683,MICROSIEMENS PER CENTIMETRE
https://environment.data.gov.uk/water-quality/sampling-point/TH-RSN2050/sample/1396373/observation/0111,TH-RSN2050,RSN2050 THAMES U/S A404,-0.7621,51.5665,Thames,THAMES - WEST THAMES,L&W NORTH - WT,OPEN,FRESHWATER - RIVERS,2023-09-05T08:52:00,MONITORING  (NATIONAL AGENCY POLICY),RIVER / RUNNING SURFACE WATER,0111,Ammoniacal Nitrogen as N,<0.03,MILLIGRAM PER LITRE
https://environment.data.gov.uk/water-quality/sampling-point/TH-RSN2050/sample/1396373/observation/0116,TH-RSN2050,RSN2050 THAMES U/S A404,-0.7621,51.5665,Thames,THAMES - WEST THAMES,L&W NORTH - WT,OPEN,FRESHWATER - RIVERS,2023-09-05T08:52:00,MONITORING  (NATIONAL AGENCY POLICY),RIVER / RUNNING SURFACE WATER,0116,"Nitrogen, Total Oxidised as N",7.5,MILLIGRAM PER LITRE
https://environment.data.gov.uk/water-quality/sampling-point/TH-RSN2050/sample/1396373/observation/0117,TH-RSN2050,RSN2050 THAMES U/S A404,-0.7621,51.5665,Thames,THAMES - WEST THAMES,L&W NORTH - WT,OPEN,FRESHWATER - RIVERS,2023-09-05T08:52:00,MONITORING  (NATIONAL AGENCY POLICY),RIVER / RUNNING SURFACE WATER,0117,Nitrate as N,7.49,MILLIGRAM PER LITRE
https://environment.data.gov.uk/water-quality/sampling-point/TH-RSN2050/sample/1396373/observation/0118,TH-RSN2050,RSN2050 THAMES U/S A404,-0.7621,51.5665,Thames,THAMES - WEST THAMES,L&W NORTH - WT,OPEN,FRESHWATER - RIVERS,2023-09-05T08:52:00,MONITORING  (NATIONAL AGENCY POLICY),RIVER / RUNNING SURFACE WATER,0118,Nitrite as N,0.014,MILLIGRAM PER LITRE
https://environment.data.gov.uk/water-quality/sampling-point/TH-RSN2050/sample/1396373/observation/0119,TH-RSN2050,RSN2050 THAMES U/S A404,-0.7621,51.5665,Thames,THAMES - WEST THAMES,L&W NORTH - WT,OPEN,FRESHWATER - RIVERS,2023-09-05T08:52:00,MONITORING  (NATIONAL AGENCY POLICY),RIVER / RUNNING SURFACE WATER,0119,Ammonia un-ionised as N,<0.00096,MILLIGRAM PER LITRE
https://environment.data.gov.uk/water-quality/sampling-point/TH-RSN2050/sample/1396373/observation/0162,TH-RSN2050,RSN2050 THAMES U/S A404,-0.7621,51.5665,Thames,THAMES - WEST THAMES,L&W NORTH - WT,OPEN,FRESHWATER - RIVERS,2023-09-05T08:52:00,MONITORING  (NATIONAL AGENCY POLICY),RIVER / RUNNING SURFACE WATER,0162,Alkalinity to pH 4.5 as CaCO3,230,MILLIGRAM PER LITRE
https://environment.data.gov.uk/water-quality/sampling-point/TH-RSN2050/sample/1396373/observation/0172,TH-RSN2050,RSN2050 THAMES U/S A404,-0.7621,51.5665,Thames,THAMES - WEST THAMES,L&W NORTH - WT,OPEN,FRESHWATER - RIVERS,2023-09-05T08:52:00,MONITORING  (NATIONAL AGENCY POLICY),RIVER / RUNNING SURFACE WATER,0172,Chloride,43,MILLIGRAM PER LITRE
https://environment.data.gov.uk/water-quality/sampling-point/TH-RSN2050/sample/1396373/observation/0180,TH-RSN2050,RSN2050 THAMES U/S A404,-0.7621,51.5665,Thames,THAMES - WEST THAMES,L&W NORTH - WT,OPEN,FRESHWATER - RIVERS,2023-09-05T08:52:00,MONITORING  (NATIONAL AGENCY POLICY),RIVER / RUNNING SURFACE WATER,0180,"Orthophosphate, reactive as P",0.15,MILLIGRAM PER LITRE
https://environment.data.gov.uk/water-quality/sampling-point/TH-RSN2050/sample/1396373/observation/0182,TH-RSN2050,RSN2050 THAMES U/S A404,-0.7621,51.5665,Thames,THAMES - WEST THAMES,L&W NORTH - WT,OPEN,FRESHWATER - RIVERS,2023-09-05T08:52:00,MONITORING  (NATIONAL AGENCY POLICY),RIVER / RUNNING SURFACE WATER,0182,"Silica, reactive as SiO2",14,MILLIGRAM PER LITRE
https://environment.data.gov.uk/water-quality/sampling-point/TH-RSN2050/sample/1396373/observation/0301,TH-RSN2050,RSN2050 THAMES U/S A404,-0.7621,51.5665,Thames,THAMES - WEST THAMES,L&W NORTH - WT,OPEN,FRESHWATER - RIVERS,2023-09-05T08:52:00,MONITORING  (NATIONAL AGENCY POLICY),RIVER / RUNNING SURFACE WATER,0301,"Carbon, Organic, Dissolved as C :- {DOC}",2.8,MILLIGRAM PER LITRE
https://environment.data.gov.uk/water-quality/sampling-point/TH-RSN2050/sample/1396373/observation/0348,TH-RSN2050,RSN2050 THAMES U/S A404,-0.7621,51.5665,Thames,THAMES - WEST THAMES,L&W NORTH - WT,OPEN,FRESHWATER - RIVERS,2023-09-05T08:52:00,MONITORING  (NATIONAL AGENCY POLICY),RIVER / RUNNING SURFACE WATER,0348,"Phosphorus, Total as P",0.17,MILLIGRAM PER LITRE
https://environment.data.gov.uk/water-quality/sampling-point/TH-RSN2050/sample/1396373/observation/9686,TH-RSN2050,RSN2050 THAMES U/S A404,-0.7621,51.5665,Thames,THAMES - WEST THAMES,L&W NORTH - WT,OPEN,FRESHWATER - RIVERS,2023-09-05T08:52:00,MONITORING  (NATIONAL AGENCY POLICY),RIVER / RUNNING SURFACE WATER,9686,"Nitrogen, Total as N",7.8,MILLIGRAM PER LITRE
https://environment.data.gov.uk/water-quality/sampling-point/TH-RSN2050/sample/1396373/observation/9901,TH-RSN2050,RSN2050 THAMES U/S A404,-0.7621,51.5665,Thames,THAMES - WEST THAMES,L&W NORTH - WT,OPEN,FRESHWATER - RIVERS,2023-09-05T08:52:00,MONITORING  (NATIONAL AGENCY POLICY),RIVER / RUNNING SURFACE WATER,9901,"Oxygen, Dissolved, % Saturation",98.2,PERCENTAGE
https://environment.data.gov.uk/water-quality/sampling-point/TH-RSN2050/sample/1396373/observation/9924,TH-RSN2050,RSN2050 THAMES U/S A404,-0.7621,51.5665,Thames,THAMES - WEST THAMES,L&W NORTH - WT,OPEN,FRESHWATER - RIVERS,2023-09-05T08:52:00,MONITORING  (NATIONAL AGENCY POLICY),RIVER / RUNNING SURFACE WATER,9924,"Oxygen, Dissolved as O2",9.21,MILLIGRAM PER LITRE
https://environment.data.gov.uk/water-quality/sampling-point/TH-RSN2050/sample/1397635/observation/0061,TH-RSN2050,RSN2050 THAMES U/S A404,-0.7621,51.5665,Thames,THAMES - WEST THAMES,L&W NORTH - WT,OPEN,FRESHWATER - RIVERS,2023-10-13T12:10:00,MONITORING  (NATIONAL AGENCY POLICY),RIVER / RUNNING SURFACE WATER,0061,pH,8.07,PH UNITS
https://environment.data.gov.uk/water-quality/sampling-point/TH-RSN2050/sample/1397635/observation/0076,TH-RSN2050,RSN2050 THAMES U/S A404,-0.7621,51.5665,Thames,THAMES - WEST THAMES,L&W NORTH - WT,OPEN,FRESHWATER - RIVERS,2023-10-13T12:10:00,MONITORING  (NATIONAL AGENCY POLICY),RIVER / RUNNING SURFACE WATER,0076,Temperature of Water,16.3,CELSIUS
https://environment.data.gov.uk/water-quality/sampling-point/TH-RSN2050/sample/1397635/observation/0077,TH-RSN2050,RSN2050 THAMES U/S A404,-0.7621,51.5665,Thames,THAMES - WEST THAMES,L&W NORTH - WT,OPEN,FRESHWATER - RIVERS,2023-10-13T12:10:00,MONITORING  (NATIONAL AGENCY POLICY),RIVER / RUNNING SURFACE WATER,0077,Conductivity at 25 C,705,MICROSIEMENS PER CENTIMETRE
https://environment.data.gov.uk/water-quality/sampling-point/TH-RSN2050/sample/1397635/observation/0111,TH-RSN2050,RSN2050 THAMES U/S A404,-0.7621,51.5665,Thames,THAMES - WEST THAMES,L&W NORTH - WT,OPEN,FRESHWATER - RIVERS,2023-10-13T12:10:00,MONITORING  (NATIONAL AGENCY POLICY),RIVER / RUNNING SURFACE WATER,0111,Ammoniacal Nitrogen as N,<0.03,MILLIGRAM PER LITRE
https://environment.data.gov.uk/water-quality/sampling-point/TH-RSN2050/sample/1397635/observation/0116,TH-RSN2050,RSN2050 THAMES U/S A404,-0.7621,51.5665,Thames,THAMES - WEST THAMES,L&W NORTH - WT,OPEN,FRESHWATER - RIVERS,2023-10-13T12:10:00,MONITORING  (NATIONAL AGENCY POLICY),RIVER / RUNNING SURFACE WATER,0116,"Nitrogen, Total Oxidised as N",7.1,MILLIGRAM PER LITRE
https://environment.data.gov.uk/water-quality/sampling-point/TH-RSN2050/sample/1397635/observation/0117,TH-RSN2050,RSN2050 THAMES U/S A404,-0.7621,51.5665,Thames,THAMES - WEST THAMES,L&W NORTH - WT,OPEN,FRESHWATER - RIVERS,2023-10-13T12:10:00,MONITORING  (NATIONAL AGENCY POLICY),RIVER / RUNNING SURFACE WATER,0117,Nitrate as N,7.08,MILLIGRAM PER LITRE
https://environment.data.gov.uk/water-quality/sampling-point/TH-RSN2050/sample/1397635/observation/0118,TH-RSN2050,RSN2050 THAMES U/S A404,-0.7621,51.5665,Thames,THAMES - WEST THAMES,L&W NORTH - WT,OPEN,FRESHWATER - RIVERS,2023-10-13T12:10:00,MONITORING  (NATIONAL AGENCY POLICY),RIVER / RUNNING SURFACE WATER,0118,Nitrite as N,0.02,MILLIGRAM PER LITRE
https://environment.data.gov.uk/water-quality/sampling-point/TH-RSN2050/sample/1397635/observation/0119,TH-RSN2050,RSN2050 THAMES U/S A404,-0.7621,51.5665,Thames,THAMES - WEST THAMES,L&W NORTH - WT,OPEN,FRESHWATER - RIVERS,2023-10-13T12:10:00,MONITORING  (NATIONAL AGENCY POLICY),RIVER / RUNNING SURFACE WATER,0119,Ammonia un-ionised as N,<0.00087,MILLIGRAM PER LITRE
https://environment.data.gov.uk/water-quality/sampling-point/TH-RSN2050/sample/1397635/observation/0162,TH-RSN2050,RSN2050 THAMES U/S A404,-0.7621,51.5665,Thames,THAMES - WEST THAMES,L&W NORTH - WT,OPEN,FRESHWATER - RIVERS,2023-10-13T12:10:00,MONITORING  (NATIONAL AGENCY POLICY),RIVER / RUNNING SURFACE WATER,0162,Alkalinity to pH 4.5 as CaCO3,230,MILLIGRAM PER LITRE
https://environment.data.gov.uk/water-quality/sampling-point/TH-RSN2050/sample/1397635/observation/0172,TH-RSN2050,RSN2050 THAMES U/S A404,-0.7621,51.5665,Thames,THAMES - WEST THAMES,L&W NORTH - WT,OPEN,FRESHWATER - RIVERS,2023-10-13T12:10:00,MONITORING  (NATIONAL AGENCY POLICY),RIVER / RUNNING SURFACE WATER,0172,Chloride,43,MILLIGRAM PER LITRE
https://environment.data.gov.uk/water-quality/sampling-point/TH-RSN2050/sample/1397635/observation/0180,TH-RSN2050,RSN2050 THAMES U/S A404,-0.7621,51.5665,Thames,THAMES - WEST THAMES,L&W NORTH - WT,OPEN,FRESHWATER - RIVERS,2023-10-13T12:10:00,MONITORING  (NATIONAL AGENCY POLICY),RIVER / RUNNING SURFACE WATER,0180,"Orthophosphate, reactive as P",0.17,MILLIGRAM PER LITRE
https://environment.data.gov.uk/water-quality/sampling-point/TH-RSN2050/sample/1397635/observation/0182,TH-RSN2050,RSN2050 THAMES U/S A404,-0.7621,51.5665,Thames,THAMES - WEST THAMES,L&W NORTH - WT,OPEN,FRESHWATER - RIVERS,2023-10-13T12:10:00,MONITORING  (NATIONAL AGENCY POLICY),RIVER / RUNNING SURFACE WATER,0182,"Silica, reactive as SiO2",16,MILLIGRAM PER LITRE
https://environment.data.gov.uk/water-quality/sampling-point/TH-RSN2050/sample/1397635/observation/0301,TH-RSN2050,RSN2050 THAMES U/S A404,-0.7621,51.5665,Thames,THAMES - WEST THAMES,L&W NORTH - WT,OPEN,FRESHWATER - RIVERS,2023-10-13T12:10:00,MONITORING  (NATIONAL AGENCY POLICY),RIVER / RUNNING SURFACE WATER,0301,"Carbon, Organic, Dissolved as C :- {DOC}",3.3,MILLIGRAM PER LITRE
https://environment.data.gov.uk/water-quality/sampling-point/TH-RSN2050/sample/1397635/observation/0348,TH-RSN2050,RSN2050 THAMES U/S A404,-0.7621,51.5665,Thames,THAMES - WEST THAMES,L&W NORTH - WT,OPEN,FRESHWATER - RIVERS,2023-10-13T12:10:00,MONITORING  (NATIONAL AGENCY POLICY),RIVER / RUNNING SURFACE WATER,0348,"Phosphorus, Total as P",0.19,MILLIGRAM PER LITRE
https://environment.data.gov.uk/water-quality/sampling-point/TH-RSN2050/sample/1397635/observation/9686,TH-RSN2050,RSN2050 THAMES U/S A404,-0.7621,51.5665,Thames,THAMES - WEST THAMES,L&W NORTH - WT,OPEN,FRESHWATER - RIVERS,2023-10-13T12:10:00,MONITORING  (NATIONAL AGENCY POLICY),RIVER / RUNNING SURFACE WATER,9686,"Nitrogen, Total as N",7.9,MILLIGRAM PER LITRE
https://environment.data.gov.uk/water-quality/sampling-point/TH-RSN2050/sample/1397635/observation/9901,TH-RSN2050,RSN2050 THAMES U/S A404,-0.7621,51.5665,Thames,THAMES - WEST THAMES,L&W NORTH - WT,OPEN,FRESHWATER - RIVERS,2023-10-13T12:10:00,MONITORING  (NATIONAL AGENCY POLICY),RIVER / RUNNING SURFACE WATER,9901,"Oxygen, Dissolved, % Saturation",99.2,PERCENTAGE
https://environment.data.gov.uk/water-quality/sampling-point/TH-RSN2050/sample/1397635/observation/9924,TH-RSN2050,RSN2050 THAMES U/S A404,-0.7621,51.5665,Thames,THAMES - WEST THAMES,L&W NORTH - WT,OPEN,FRESHWATER - RIVERS,2023-10-13T12:10:00,MONITORING  (NATIONAL AGENCY POLICY),RIVER / RUNNING SURFACE WATER,9924,"Oxygen, Dissolved as O2",9.7,MILLIGRAM PER LITRE
https://environment.data.gov.uk/water-quality/sampling-point/TH-RSN2050/sample/1398985/observation/0061,TH-RSN2050,RSN2050 THAMES U/S A404,-0.7621,51.5665,Thames,THAMES - WEST THAMES,L&W NORTH - WT,OPEN,FRESHWATER - RIVERS,2023-11-02T11:01:00,MONITORING  (NATIONAL AGENCY POLICY),RIVER / RUNNING SURFACE WATER,0061,pH,8.03,PH UNITS
https://environment.data.gov.uk/water-quality/sampling-point/TH-RSN2050/sample/1398985/observation/0076,TH-RSN2050,RSN2050 THAMES U/S A404,-0.7621,51.5665,Thames,THAMES - WEST THAMES,L&W NORTH - WT,OPEN,FRESHWATER - RIVERS,2023-11-02T11:01:00,MONITORING  (NATIONAL AGENCY POLICY),RIVER / RUNNING SURFACE WATER,0076,Temperature of Water,11.2,CELSIUS
https://environment.data.gov.uk/water-quality/sampling-point/TH-RSN2050/sample/1398985/observation/0077,TH-RSN2050,RSN2050 THAMES U/S A404,-0.7621,51.5665,Thames,THAMES - WEST THAMES,L&W NORTH - WT,OPEN,FRESHWATER - RIVERS,2023-11-02T11:01:00,MONITORING  (NATIONAL AGENCY POLICY),RIVER / RUNNING SURFACE WATER,0077,Conductivity at 25 C,587,MICROSIEMENS PER CENTIMETRE
https://environment.data.gov.uk/water-quality/sampling-point/TH-RSN2050/sample/1398985/observation/0111,TH-RSN2050,RSN2050 THAMES U/S A404,-0.7621,51.5665,Thames,THAMES - WEST THAMES,L&W NORTH - WT,OPEN,FRESHWATER - RIVERS,2023-11-02T11:01:00,MONITORING  (NATIONAL AGENCY POLICY),RIVER / RUNNING SURFACE WATER,0111,Ammoniacal Nitrogen as N,0.059,MILLIGRAM PER LITRE
https://environment.data.gov.uk/water-quality/sampling-point/TH-RSN2050/sample/1398985/observation/0116,TH-RSN2050,RSN2050 THAMES U/S A404,-0.7621,51.5665,Thames,THAMES - WEST THAMES,L&W NORTH - WT,OPEN,FRESHWATER - RIVERS,2023-11-02T11:01:00,MONITORING  (NATIONAL AGENCY POLICY),RIVER / RUNNING SURFACE WATER,0116,"Nitrogen, Total Oxidised as N",4.9,MILLIGRAM PER LITRE
https://environment.data.gov.uk/water-quality/sampling-point/TH-RSN2050/sample/1398985/observation/0117,TH-RSN2050,RSN2050 THAMES U/S A404,-0.7621,51.5665,Thames,THAMES - WEST THAMES,L&W NORTH - WT,OPEN,FRESHWATER - RIVERS,2023-11-02T11:01:00,MONITORING  (NATIONAL AGENCY POLICY),RIVER / RUNNING SURFACE WATER,0117,Nitrate as N,4.88,MILLIGRAM PER LITRE
https://environment.data.gov.uk/water-quality/sampling-point/TH-RSN2050/sample/1398985/observation/0118,TH-RSN2050,RSN2050 THAMES U/S A404,-0.7621,51.5665,Thames,THAMES - WEST THAMES,L&W NORTH - WT,OPEN,FRESHWATER - RIVERS,2023-11-02T11:01:00,MONITORING  (NATIONAL AGENCY POLICY),RIVER / RUNNING SURFACE WATER,0118,Nitrite as N,0.02,MILLIGRAM PER LITRE
https://environment.data.gov.uk/water-quality/sampling-point/TH-RSN2050/sample/1398985/observation/0119,TH-RSN2050,RSN2050 THAMES U/S A404,-0.7621,51.5665,Thames,THAMES - WEST THAMES,L&W NORTH - WT,OPEN,FRESHWATER - RIVERS,2023-11-02T11:01:00,MONITORING  (NATIONAL AGENCY POLICY),RIVER / RUNNING SURFACE WATER,0119,Ammonia un-ionised as N,0.00117,MILLIGRAM PER LITRE
https://environment.data.gov.uk/water-quality/sampling-point/TH-RSN2050/sample/1398985/observation/0162,TH-RSN2050,RSN2050 THAMES U/S A404,-0.7621,51.5665,Thames,THAMES - WEST THAMES,L&W NORTH - WT,OPEN,FRESHWATER - RIVERS,2023-11-02T11:01:00,MONITORING  (NATIONAL AGENCY POLICY),RIVER / RUNNING SURFACE WATER,0162,Alkalinity to pH 4.5 as CaCO3,210,MILLIGRAM PER LITRE
https://environment.data.gov.uk/water-quality/sampling-point/TH-RSN2050/sample/1398985/observation/0172,TH-RSN2050,RSN2050 THAMES U/S A404,-0.7621,51.5665,Thames,THAMES - WEST THAMES,L&W NORTH - WT,OPEN,FRESHWATER - RIVERS,2023-11-02T11:01:00,MONITORING  (NATIONAL AGENCY POLICY),RIVER / RUNNING SURFACE WATER,0172,Chloride,27,MILLIGRAM PER LITRE
https://environment.data.gov.uk/water-quality/sampling-point/TH-RSN2050/sample/1398985/observation/0180,TH-RSN2050,RSN2050 THAMES U/S A404,-0.7621,51.5665,Thames,THAMES - WEST THAMES,L&W NORTH - WT,OPEN,FRESHWATER - RIVERS,2023-11-02T11:01:00,MONITORING  (NATIONAL AGENCY POLICY),RIVER / RUNNING SURFACE WATER,0180,"Orthophosphate, reactive as P",0.15,MILLIGRAM PER LITRE
https://environment.data.gov.uk/water-quality/sampling-point/TH-RSN2050/sample/1398985/observation/0182,TH-RSN2050,RSN2050 THAMES U/S A404,-0.7621,51.5665,Thames,THAMES - WEST THAMES,L&W NORTH - WT,OPEN,FRESHWATER - RIVERS,2023-11-02T11:01:00,MONITORING  (NATIONAL AGENCY POLICY),RIVER / RUNNING SURFACE WATER,0182,"Silica, reactive as SiO2",14,MILLIGRAM PER LITRE
https://environment.data.gov.uk/water-quality/sampling-point/TH-RSN2050/sample/1398985/observation/0301,TH-RSN2050,RSN2050 THAMES U/S A404,-0.7621,51.5665,Thames,THAMES - WEST THAMES,L&W NORTH - WT,OPEN,FRESHWATER - RIVERS,2023-11-02T11:01:00,MONITORING  (NATIONAL AGENCY POLICY),RIVER / RUNNING SURFACE WATER,0301,"Carbon, Organic, Dissolved as C :- {DOC}",6.2,MILLIGRAM PER LITRE
https://environment.data.gov.uk/water-quality/sampling-point/TH-RSN2050/sample/1398985/observation/0348,TH-RSN2050,RSN2050 THAMES U/S A404,-0.7621,51.5665,Thames,THAMES - WEST THAMES,L&W NORTH - WT,OPEN,FRESHWATER - RIVERS,2023-11-02T11:01:00,MONITORING  (NATIONAL AGENCY POLICY),RIVER / RUNNING SURFACE WATER,0348,"Phosphorus, Total as P",0.21,MILLIGRAM PER LITRE
https://environment.data.gov.uk/water-quality/sampling-point/TH-RSN2050/sample/1398985/observation/9686,TH-RSN2050,RSN2050 THAMES U/S A404,-0.7621,51.5665,Thames,THAMES - WEST THAMES,L&W NORTH - WT,OPEN,FRESHWATER - RIVERS,2023-11-02T11:01:00,MONITORING  (NATIONAL AGENCY POLICY),RIVER / RUNNING SURFACE WATER,9686,"Nitrogen, Total as N",6,MILLIGRAM PER LITRE
https://environment.data.gov.uk/water-quality/sampling-point/TH-RSN2050/sample/1398985/observation/9901,TH-RSN2050,RSN2050 THAMES U/S A404,-0.7621,51.5665,Thames,THAMES - WEST THAMES,L&W NORTH - WT,OPEN,FRESHWATER - RIVERS,2023-11-02T11:01:00,MONITORING  (NATIONAL AGENCY POLICY),RIVER / RUNNING SURFACE WATER,9901,"Oxygen, Dissolved, % Saturation",98.8,PERCENTAGE
https://environment.data.gov.uk/water-quality/sampling-point/TH-RSN2050/sample/1398985/observation/9924,TH-RSN2050,RSN2050 THAMES U/S A404,-0.7621,51.5665,Thames,THAMES - WEST THAMES,L&W NORTH - WT,OPEN,FRESHWATER - RIVERS,2023-11-02T11:01:00,MONITORING  (NATIONAL AGENCY POLICY),RIVER / RUNNING SURFACE WATER,9924,"Oxygen, Dissolved as O2",10.8,MILLIGRAM PER LITRE
https://environment.data.gov.uk/water-quality/sampling-point/TH-RSN2050/sample/1400642/observation/0061,TH-RSN2050,RSN2050 THAMES U/S A404,-0.7621,51.5665,Thames,THAMES - WEST THAMES,L&W NORTH - WT,OPEN,FRESHWATER - RIVERS,2023-12-01T12:16:00,MONITORING  (NATIONAL AGENCY POLICY),RIVER / RUNNING SURFACE WATER,0061,pH,8.14,PH UNITS
https://environment.data.gov.uk/water-quality/sampling-point/TH-RSN2050/sample/1400642/observation/0076,TH-RSN2050,RSN2050 THAMES U/S A404,-0.7621,51.5665,Thames,THAMES - WEST THAMES,L&W NORTH - WT,OPEN,FRESHWATER - RIVERS,2023-12-01T12:16:00,MONITORING  (NATIONAL AGENCY POLICY),RIVER / RUNNING SURFACE WATER,0076,Temperature of Water,5.6,CELSIUS
https://environment.data.gov.uk/water-quality/sampling-point/TH-RSN2050/sample/1400642/observation/0077,TH-RSN2050,RSN2050 THAMES U/S A404,-0.7621,51.5665,Thames,THAMES - WEST THAMES,L&W NORTH - WT,OPEN,FRESHWATER - RIVERS,2023-12-01T12:16:00,MONITORING  (NATIONAL AGENCY POLICY),RIVER / RUNNING SURFACE WATER,0077,Conductivity at 25 C,656,MICROSIEMENS PER CENTIMETRE
https://environment.data.gov.uk/water-quality/sampling-point/TH-RSN2050/sample/1400642/observation/0111,TH-RSN2050,RSN2050 THAMES U/S A404,-0.7621,51.5665,Thames,THAMES - WEST THAMES,L&W NORTH - WT,OPEN,FRESHWATER - RIVERS,2023-12-01T12:16:00,MONITORING  (NATIONAL AGENCY POLICY),RIVER / RUNNING SURFACE WATER,0111,Ammoniacal Nitrogen as N,0.067,MILLIGRAM PER LITRE
https://environment.data.gov.uk/water-quality/sampling-point/TH-RSN2050/sample/1400642/observation/0116,TH-RSN2050,RSN2050 THAMES U/S A404,-0.7621,51.5665,Thames,THAMES - WEST THAMES,L&W NORTH - WT,OPEN,FRESHWATER - RIVERS,2023-12-01T12:16:00,MONITORING  (NATIONAL AGENCY POLICY),RIVER / RUNNING SURFACE WATER,0116,"Nitrogen, Total Oxidised as N",6.4,MILLIGRAM PER LITRE
https://environment.data.gov.uk/water-quality/sampling-point/TH-RSN2050/sample/1400642/observation/0117,TH-RSN2050,RSN2050 THAMES U/S A404,-0.7621,51.5665,Thames,THAMES - WEST THAMES,L&W NORTH - WT,OPEN,FRESHWATER - RIVERS,2023-12-01T12:16:00,MONITORING  (NATIONAL AGENCY POLICY),RIVER / RUNNING SURFACE WATER,0117,Nitrate as N,6.38,MILLIGRAM PER LITRE
https://environment.data.gov.uk/water-quality/sampling-point/TH-RSN2050/sample/1400642/observation/0118,TH-RSN2050,RSN2050 THAMES U/S A404,-0.7621,51.5665,Thames,THAMES - WEST THAMES,L&W NORTH - WT,OPEN,FRESHWATER - RIVERS,2023-12-01T12:16:00,MONITORING  (NATIONAL AGENCY POLICY),RIVER / RUNNING SURFACE WATER,0118,Nitrite as N,0.018,MILLIGRAM PER LITRE
https://environment.data.gov.uk/water-quality/sampling-point/TH-RSN2050/sample/1400642/observation/0119,TH-RSN2050,RSN2050 THAMES U/S A404,-0.7621,51.5665,Thames,THAMES - WEST THAMES,L&W NORTH - WT,OPEN,FRESHWATER - RIVERS,2023-12-01T12:16:00,MONITORING  (NATIONAL AGENCY POLICY),RIVER / RUNNING SURFACE WATER,0119,Ammonia un-ionised as N,0.00088,MILLIGRAM PER LITRE
https://environment.data.gov.uk/water-quality/sampling-point/TH-RSN2050/sample/1400642/observation/0162,TH-RSN2050,RSN2050 THAMES U/S A404,-0.7621,51.5665,Thames,THAMES - WEST THAMES,L&W NORTH - WT,OPEN,FRESHWATER - RIVERS,2023-12-01T12:16:00,MONITORING  (NATIONAL AGENCY POLICY),RIVER / RUNNING SURFACE WATER,0162,Alkalinity to pH 4.5 as CaCO3,250,MILLIGRAM PER LITRE
https://environment.data.gov.uk/water-quality/sampling-point/TH-RSN2050/sample/1400642/observation/0172,TH-RSN2050,RSN2050 THAMES U/S A404,-0.7621,51.5665,Thames,THAMES - WEST THAMES,L&W NORTH - WT,OPEN,FRESHWATER - RIVERS,2023-12-01T12:16:00,MONITORING  (NATIONAL AGENCY POLICY),RIVER / RUNNING SURFACE WATER,0172,Chloride,29,MILLIGRAM PER LITRE
https://environment.data.gov.uk/water-quality/sampling-point/TH-RSN2050/sample/1400642/observation/0180,TH-RSN2050,RSN2050 THAMES U/S A404,-0.7621,51.5665,Thames,THAMES - WEST THAMES,L&W NORTH - WT,OPEN,FRESHWATER - RIVERS,2023-12-01T12:16:00,MONITORING  (NATIONAL AGENCY POLICY),RIVER / RUNNING SURFACE WATER,0180,"Orthophosphate, reactive as P",0.1,MILLIGRAM PER LITRE
https://environment.data.gov.uk/water-quality/sampling-point/TH-RSN2050/sample/1400642/observation/0182,TH-RSN2050,RSN2050 THAMES U/S A404,-0.7621,51.5665,Thames,THAMES - WEST THAMES,L&W NORTH - WT,OPEN,FRESHWATER - RIVERS,2023-12-01T12:16:00,MONITORING  (NATIONAL AGENCY POLICY),RIVER / RUNNING SURFACE WATER,0182,"Silica, reactive as SiO2",13,MILLIGRAM PER LITRE
https://environment.data.gov.uk/water-quality/sampling-point/TH-RSN2050/sample/1400642/observation/0301,TH-RSN2050,RSN2050 THAMES U/S A404,-0.7621,51.5665,Thames,THAMES - WEST THAMES,L&W NORTH - WT,OPEN,FRESHWATER - RIVERS,2023-12-01T12:16:00,MONITORING  (NATIONAL AGENCY POLICY),RIVER / RUNNING SURFACE WATER,0301,"Carbon, Organic, Dissolved as C :- {DOC}",3.8,MILLIGRAM PER LITRE
https://environment.data.gov.uk/water-quality/sampling-point/TH-RSN2050/sample/1400642/observation/0348,TH-RSN2050,RSN2050 THAMES U/S A404,-0.7621,51.5665,Thames,THAMES - WEST THAMES,L&W NORTH - WT,OPEN,FRESHWATER - RIVERS,2023-12-01T12:16:00,MONITORING  (NATIONAL AGENCY POLICY),RIVER / RUNNING SURFACE WATER,0348,"Phosphorus, Total as P",0.13,MILLIGRAM PER LITRE
https://environment.data.gov.uk/water-quality/sampling-point/TH-RSN2050/sample/1400642/observation/9686,TH-RSN2050,RSN2050 THAMES U/S A404,-0.7621,51.5665,Thames,THAMES - WEST THAMES,L&W NORTH - WT,OPEN,FRESHWATER - RIVERS,2023-12-01T12:16:00,MONITORING  (NATIONAL AGENCY POLICY),RIVER / RUNNING SURFACE WATER,9686,"Nitrogen, Total as N",6.8,MILLIGRAM PER LITRE
https://environment.data.gov.uk/water-quality/sampling-point/TH-RSN2050/sample/1400642/observation/9901,TH-RSN2050,RSN2050 THAMES U/S A404,-0.7621,51.5665,Thames,THAMES - WEST THAMES,L&W NORTH - WT,OPEN,FRESHWATER - RIVERS,2023-12-01T12:16:00,MONITORING  (NATIONAL AGENCY POLICY),RIVER / RUNNING SURFACE WATER,9901,"Oxygen, Dissolved, % Saturation",101,PERCENTAGE
https://environment.data.gov.uk/water-quality/sampling-point/TH-RSN2050/sample/1400642/observation/9924,TH-RSN2050,RSN2050 THAMES U/S A404,-0.7621,51.5665,Thames,THAMES - WEST THAMES,L&W NORTH - WT,OPEN,FRESHWATER - RIVERS,2023-12-01T12:16:00,MONITORING  (NATIONAL AGENCY POLICY),RIVER / RUNNING SURFACE WATER,9924,"Oxygen, Dissolved as O2",12.7,MILLIGRAM PER LITRE
