id,samplingPoint.notation,samplingPoint.prefLabel,samplingPoint.longitude,samplingPoint.latitude,samplingPoint.region,samplingPoint.area,samplingPoint.subArea,samplingPoint.samplingPointStatus,samplingPoint.samplingPointType,phenomenonTime,samplingPurpose,sampleMaterialType,determinand.notation,determinand.prefLabel,result,unit
https://environment.data.gov.uk/water-quality/sampling-point/TH-PTHR0082/sample/1402953/observation/0061,TH-PTHR0082,THAMES AT COOKHAM BRIDGE,-0.7059,51.5621,Thames,THAMES - WEST THAMES,L&W NORTH - WT,OPEN,FRESHWATER - RIVERS,2024-01-17T12:08:00,ENVIRONMENTAL MONITORING STATUTORY (EU DIRECTIVES),RIVER / RUNNING SURFACE WATER,0061,pH,8.24,PH UNITS
https://environment.data.gov.uk/water-quality/sampling-point/TH-PTHR0082/sample/1402953/observation/0076,TH-PTHR0082,THAMES AT COOKHAM BRIDGE,-0.7059,51.5621,Thames,THAMES - WEST THAMES,L&W NORTH - WT,OPEN,FRESHWATER - RIVERS,2024-01-17T12:08:00,ENVIRONMENTAL MONITORING STATUTORY (EU DIRECTIVES),RIVER / RUNNING SURFACE WATER,0076,Temperature of Water,4,CELSIUS
https://environment.data.gov.uk/water-quality/sampling-point/TH-PTHR0082/sample/1402953/observation/0077,TH-PTHR0082,THAMES AT COOKHAM BRIDGE,-0.7059,51.5621,Thames,THAMES - WEST THAMES,L&W NORTH - WT,OPEN,FRESHWATER - RIVERS,2024-01-17T12:08:00,ENVIRONMENTAL MONITORING STATUTORY (EU DIRECTIVES),RIVER / RUNNING SURFACE WATER,0077,Conductivity at 25 C,628,MICROSIEMENS PER CENTIMETRE
https://environment.data.gov.uk/water-quality/sampling-point/TH-PTHR0082/sample/1402953/observation/0085,TH-PTHR0082,THAMES AT COOKHAM BRIDGE,-0.7059,51.5621,Thames,THAMES - WEST THAMES,L&W NORTH - WT,OPEN,FRESHWATER - RIVERS,2024-01-17T12:08:00,ENVIRONMENTAL MONITORING STATUTORY (EU DIRECTIVES),RIVER / RUNNING SURFACE WATER,0085,BOD : 5 Day ATU,1.5,MILLIGRAM PER LITRE
https://environment.data.gov.uk/water-quality/sampling-point/TH-PTHR0082/sample/1402953/observation/0103,TH-PTHR0082,THAMES AT COOKHAM BRIDGE,-0.7059,51.5621,Thames,THAMES - WEST THAMES,L&W NORTH - WT,OPEN,FRESHWATER - RIVERS,2024-01-17T12:08:00,ENVIRONMENTAL MONITORING STATUTORY (EU DIRECTIVES),RIVER / RUNNING SURFACE WATER,0103,"Mercury, Dissolved",<0.01,MICROGRAM PER LITRE
https://environment.data.gov.uk/water-quality/sampling-point/TH-PTHR0082/sample/1402953/observation/0106,TH-PTHR0082,THAMES AT COOKHAM BRIDGE,-0.7059,51.5621,Thames,THAMES - WEST THAMES,L&W NORTH - WT,OPEN,FRESHWATER - RIVERS,2024-01-17T12:08:00,ENVIRONMENTAL MONITORING STATUTORY (EU DIRECTIVES),RIVER / RUNNING SURFACE WATER,0106,"Cadmium, Dissolved",<0.01,MICROGRAM PER LITRE
https://environment.data.gov.uk/water-quality/sampling-point/TH-PTHR0082/sample/1402953/observation/0111,TH-PTHR0082,THAMES AT COOKHAM BRIDGE,-0.7059,51.5621,Thames,THAMES - WEST THAMES,L&W NORTH - WT,OPEN,FRESHWATER - RIVERS,2024-01-17T12:08:00,ENVIRONMENTAL MONITORING STATUTORY (EU DIRECTIVES),RIVER / RUNNING SURFACE WATER,0111,Ammoniacal Nitrogen as N,0.051,MILLIGRAM PER LITRE
https://environment.data.gov.uk/water-quality/sampling-point/TH-PTHR0082/sample/1402953/observation/0116,TH-PTHR0082,THAMES AT COOKHAM BRIDGE,-0.7059,51.5621,Thames,THAMES - WEST THAMES,L&W NORTH - WT,OPEN,FRESHWATER - RIVERS,2024-01-17T12:08:00,ENVIRONMENTAL MONITORING STATUTORY (EU DIRECTIVES),RIVER / RUNNING SURFACE WATER,0116,"Nitrogen, Total Oxidised as N",6.9,MILLIGRAM PER LITRE
https://environment.data.gov.uk/water-quality/sampling-point/TH-PTHR0082/sample/1402953/observation/0117,TH-PTHR0082,THAMES AT COOKHAM BRIDGE,-0.7059,51.5621,Thames,THAMES - WEST THAMES,L&W NORTH - WT,OPEN,FRESHWATER - RIVERS,2024-01-17T12:08:00,ENVIRONMENTAL MONITORING STATUTORY (EU DIRECTIVES),RIVER / RUNNING SURFACE WATER,0117,Nitrate as N,6.87,MILLIGRAM PER LITRE
https://environment.data.gov.uk/water-quality/sampling-point/TH-PTHR0082/sample/1402953/observation/0118,TH-PTHR0082,THAMES AT COOKHAM BRIDGE,-0.7059,51.5621,Thames,THAMES - WEST THAMES,L&W NORTH - WT,OPEN,FRESHWATER - RIVERS,2024-01-17T12:08:00,ENVIRONMENTAL MONITORING STATUTORY (EU DIRECTIVES),RIVER / RUNNING SURFACE WATER,0118,Nitrite as N,0.028,MILLIGRAM PER LITRE
https://environment.data.gov.uk/water-quality/sampling-point/TH-PTHR0082/sample/1402953/observation/0119,TH-PTHR0082,THAMES AT COOKHAM BRIDGE,-0.7059,51.5621,Thames,THAMES - WEST THAMES,L&W NORTH - WT,OPEN,FRESHWATER - RIVERS,2024-01-17T12:08:00,ENVIRONMENTAL MONITORING STATUTORY (EU DIRECTIVES),RIVER / RUNNING SURFACE WATER,0119,Ammonia un-ionised as N,0.0006,MILLIGRAM PER LITRE
https://environment.data.gov.uk/water-quality/sampling-point/TH-PTHR0082/sample/1402953/observation/0162,TH-PTHR0082,THAMES AT COOKHAM BRIDGE,-0.7059,51.5621,Thames,THAMES - WEST THAMES,L&W NORTH - WT,OPEN,FRESHWATER - RIVERS,2024-01-17T12:08:00,ENVIRONMENTAL MONITORING STATUTORY (EU DIRECTIVES),RIVER / RUNNING SURFACE WATER,0162,Alkalinity to pH 4.5 as CaCO3,250,MILLIGRAM PER LITRE
https://environment.data.gov.uk/water-quality/sampling-point/TH-PTHR0082/sample/1402953/observation/0180,TH-PTHR0082,THAMES AT COOKHAM BRIDGE,-0.7059,51.5621,Thames,THAMES - WEST THAMES,L&W NORTH - WT,OPEN,FRESHWATER - RIVERS,2024-01-17T12:08:00,ENVIRONMENTAL MONITORING STATUTORY (EU DIRECTIVES),RIVER / RUNNING SURFACE WATER,0180,"Orthophosphate, reactive as P",0.087,MILLIGRAM PER LITRE
https://environment.data.gov.uk/water-quality/sampling-point/TH-PTHR0082/sample/1402953/observation/0235,TH-PTHR0082,THAMES AT COOKHAM BRIDGE,-0.7059,51.5621,Thames,THAMES - WEST THAMES,L&W NORTH - WT,OPEN,FRESHWATER - RIVERS,2024-01-17T12:08:00,ENVIRONMENTAL MONITORING STATUTORY (EU DIRECTIVES),RIVER / RUNNING SURFACE WATER,0235,"Magnesium, Dissolved",4,MILLIGRAM PER LITRE
https://environment.data.gov.uk/water-quality/sampling-point/TH-PTHR0082/sample/1402953/observation/0239,TH-PTHR0082,THAMES AT COOKHAM BRIDGE,-0.7059,51.5621,Thames,THAMES - WEST THAMES,L&W NORTH - WT,OPEN,FRESHWATER - RIVERS,2024-01-17T12:08:00,ENVIRONMENTAL MONITORING STATUTORY (EU DIRECTIVES),RIVER / RUNNING SURFACE WATER,0239,"Calcium, Dissolved",110,MILLIGRAM PER LITRE
https://environment.data.gov.uk/water-quality/sampling-point/TH-PTHR0082/sample/1402953/observation/0301,TH-PTHR0082,THAMES AT COOKHAM BRIDGE,-0.7059,51.5621,Thames,THAMES - WEST THAMES,L&W NORTH - WT,OPEN,FRESHWATER - RIVERS,2024-01-17T12:08:00,ENVIRONMENTAL MONITORING STATUTORY (EU DIRECTIVES),RIVER / RUNNING SURFACE WATER,0301,"Carbon, Organic, Dissolved as C :- {DOC}",3.5,MILLIGRAM PER LITRE
https://environment.data.gov.uk/water-quality/sampling-point/TH-PTHR0082/sample/1402953/observation/9901,TH-PTHR0082,THAMES AT COOKHAM BRIDGE,-0.7059,51.5621,Thames,THAMES - WEST THAMES,L&W NORTH - WT,OPEN,FRESHWATER - RIVERS,2024-01-17T12:08:00,ENVIRONMENTAL MONITORING STATUTORY (EU DIRECTIVES),RIVER / RUNNING SURFACE WATER,9901,"Oxygen, Dissolved, % Saturation",101,PERCENTAGE
https://environment.data.gov.uk/water-quality/sampling-point/TH-PTHR0082/sample/1402953/observation/9924,TH-PTHR0082,THAMES AT COOKHAM BRIDGE,-0.7059,51.5621,Thames,THAMES - WEST THAMES,L&W NORTH - WT,OPEN,FRESHWATER - RIVERS,2024-01-17T12:08:00,ENVIRONMENTAL MONITORING STATUTORY (EU DIRECTIVES),RIVER / RUNNING SURFACE WATER,9924,"Oxygen, Dissolved as O2",13.2,MILLIGRAM PER LITRE
https://environment.data.gov.uk/water-quality/sampling-point/TH-PTHR0082/sample/1403941/observation/0061,TH-PTHR0082,THAMES AT COOKHAM BRIDGE,-0.7059,51.5621,Thames,THAMES - WEST THAMES,L&W NORTH - WT,OPEN,FRESHWATER - RIVERS,2024-02-20T10:31:00,ENVIRONMENTAL MONITORING STATUTORY (EU DIRECTIVES),RIVER / RUNNING SURFACE WATER,0061,pH,8.11,PH UNITS
https://environment.data.gov.uk/water-quality/sampling-point/TH-PTHR0082/sample/1403941/observation/0076,TH-PTHR0082,THAMES AT COOKHAM BRIDGE,-0.7059,51.5621,Thames,THAMES - WEST THAMES,L&W NORTH - WT,OPEN,FRESHWATER - RIVERS,2024-02-20T10:31:00,ENVIRONMENTAL MONITORING STATUTORY (EU DIRECTIVES),RIVER / RUNNING SURFACE WATER,0076,Temperature of Water,10.1,CELSIUS
https://environment.data.gov.uk/water-quality/sampling-point/TH-PTHR0082/sample/1403941/observation/0077,TH-PTHR0082,THAMES AT COOKHAM BRIDGE,-0.7059,51.5621,Thames,THAMES - WEST THAMES,L&W NORTH - WT,OPEN,FRESHWATER - RIVERS,2024-02-20T10:31:00,ENVIRONMENTAL MONITORING STATUTORY (EU DIRECTIVES),RIVER / RUNNING SURFACE WATER,0077,Conductivity at 25 C,515,MICROSIEMENS PER CENTIMETRE
https://environment.data.gov.uk/water-quality/sampling-point/TH-PTHR0082/sample/1403941/observation/0085,TH-PTHR0082,THAMES AT COOKHAM BRIDGE,-0.7059,51.5621,Thames,THAMES - WEST THAMES,L&W NORTH - WT,OPEN,FRESHWATER - RIVERS,2024-02-20T10:31:00,ENVIRONMENTAL MONITORING STATUTORY (EU DIRECTIVES),RIVER / RUNNING SURFACE WATER,0085,BOD : 5 Day ATU,1.5,MILLIGRAM PER LITRE
https://environment.data.gov.uk/water-quality/sampling-point/TH-PTHR0082/sample/1403941/observation/0111,TH-PTHR0082,THAMES AT COOKHAM BRIDGE,-0.7059,51.5621,Thames,THAMES - WEST THAMES,L&W NORTH - WT,OPEN,FRESHWATER - RIVERS,2024-02-20T10:31:00,ENVIRONMENTAL MONITORING STATUTORY (EU DIRECTIVES),RIVER / RUNNING SURFACE WATER,0111,Ammoniacal Nitrogen as N,0.033,MILLIGRAM PER LITRE
https://environment.data.gov.uk/water-quality/sampling-point/TH-PTHR0082/sample/1403941/observation/0116,TH-PTHR0082,THAMES AT COOKHAM BRIDGE,-0.7059,51.5621,Thames,THAMES - WEST THAMES,L&W NORTH - WT,OPEN,FRESHWATER - RIVERS,2024-02-20T10:31:00,ENVIRONMENTAL MONITORING STATUTORY (EU DIRECTIVES),RIVER / RUNNING SURFACE WATER,0116,"Nitrogen, Total Oxidised as N",4,MILLIGRAM PER LITRE
https://environment.data.gov.uk/water-quality/sampling-point/TH-PTHR0082/sample/1403941/observation/0117,TH-PTHR0082,THAMES AT COOKHAM BRIDGE,-0.7059,51.5621,Thames,THAMES - WEST THAMES,L&W NORTH - WT,OPEN,FRESHWATER - RIVERS,2024-02-20T10:31:00,ENVIRONMENTAL MONITORING STATUTORY (EU DIRECTIVES),RIVER / RUNNING SURFACE WATER,0117,Nitrate as N,3.97,MILLIGRAM PER LITRE
https://environment.data.gov.uk/water-quality/sampling-point/TH-PTHR0082/sample/1403941/observation/0118,TH-PTHR0082,THAMES AT COOKHAM BRIDGE,-0.7059,51.5621,Thames,THAMES - WEST THAMES,L&W NORTH - WT,OPEN,FRESHWATER - RIVERS,2024-02-20T10:31:00,ENVIRONMENTAL MONITORING STATUTORY (EU DIRECTIVES),RIVER / RUNNING SURFACE WATER,0118,Nitrite as N,0.026,MILLIGRAM PER LITRE
https://environment.data.gov.uk/water-quality/sampling-point/TH-PTHR0082/sample/1403941/observation/0119,TH-PTHR0082,THAMES AT COOKHAM BRIDGE,-0.7059,51.5621,Thames,THAMES - WEST THAMES,L&W NORTH - WT,OPEN,FRESHWATER - RIVERS,2024-02-20T10:31:00,ENVIRONMENTAL MONITORING STATUTORY (EU DIRECTIVES),RIVER / RUNNING SURFACE WATER,0119,Ammonia un-ionised as N,0.00061,MILLIGRAM PER LITRE
https://environment.data.gov.uk/water-quality/sampling-point/TH-PTHR0082/sample/1403941/observation/0162,TH-PTHR0082,THAMES AT COOKHAM BRIDGE,-0.7059,51.5621,Thames,THAMES - WEST THAMES,L&W NORTH - WT,OPEN,FRESHWATER - RIVERS,2024-02-20T10:31:00,ENVIRONMENTAL MONITORING STATUTORY (EU DIRECTIVES),RIVER / RUNNING SURFACE WATER,0162,Alkalinity to pH 4.5 as CaCO3,190,MILLIGRAM PER LITRE
https://environment.data.gov.uk/water-quality/sampling-point/TH-PTHR0082/sample/1403941/observation/0180,TH-PTHR0082,THAMES AT COOKHAM BRIDGE,-0.7059,51.5621,Thames,THAMES - WEST THAMES,L&W NORTH - WT,OPEN,FRESHWATER - RIVERS,2024-02-20T10:31:00,ENVIRONMENTAL MONITORING STATUTORY (EU DIRECTIVES),RIVER / RUNNING SURFACE WATER,0180,"Orthophosphate, reactive as P",0.08,MILLIGRAM PER LITRE
https://environment.data.gov.uk/water-quality/sampling-point/TH-PTHR0082/sample/1403941/observation/9901,TH-PTHR0082,THAMES AT COOKHAM BRIDGE,-0.7059,51.5621,Thames,THAMES - WEST THAMES,L&W NORTH - WT,OPEN,FRESHWATER - RIVERS,2024-02-20T10:31:00,ENVIRONMENTAL MONITORING STATUTORY (EU DIRECTIVES),RIVER / RUNNING SURFACE WATER,9901,"Oxygen, Dissolved, % Saturation",96.8,PERCENTAGE
https://environment.data.gov.uk/water-quality/sampling-point/TH-PTHR0082/sample/1403941/observation/9924,TH-PTHR0082,THAMES AT COOKHAM BRIDGE,-0.7059,51.5621,Thames,THAMES - WEST THAMES,L&W NORTH - WT,OPEN,FRESHWATER - RIVERS,2024-02-20T10:31:00,ENVIRONMENTAL MONITORING STATUTORY (EU DIRECTIVES),RIVER / RUNNING SURFACE WATER,9924,"Oxygen, Dissolved as O2",10.9,MILLIGRAM PER LITRE
https://environment.data.gov.uk/water-quality/sampling-point/TH-PTHR0082/sample/1405265/observation/0061,TH-PTHR0082,THAMES AT COOKHAM BRIDGE,-0.7059,51.5621,Thames,THAMES - WEST THAMES,L&W NORTH - WT,OPEN,FRESHWATER - RIVERS,2024-03-20T10:29:00,ENVIRONMENTAL MONITORING STATUTORY (EU DIRECTIVES),RIVER / RUNNING SURFACE WATER,0061,pH,8.17,PH UNITS
https://environment.data.gov.uk/water-quality/sampling-point/TH-PTHR0082/sample/1405265/observation/0076,TH-PTHR0082,THAMES AT COOKHAM BRIDGE,-0.7059,51.5621,Thames,THAMES - WEST THAMES,L&W NORTH - WT,OPEN,FRESHWATER - RIVERS,2024-03-20T10:29:00,ENVIRONMENTAL MONITORING STATUTORY (EU DIRECTIVES),RIVER / RUNNING SURFACE WATER,0076,Temperature of Water,11.5,CELSIUS
https://environment.data.gov.uk/water-quality/sampling-point/TH-PTHR0082/sample/1405265/observation/0077,TH-PTHR0082,THAMES AT COOKHAM BRIDGE,-0.7059,51.5621,Thames,THAMES - WEST THAMES,L&W NORTH - WT,OPEN,FRESHWATER - RIVERS,2024-03-20T10:29:00,ENVIRONMENTAL MONITORING STATUTORY (EU DIRECTIVES),RIVER / RUNNING SURFACE WATER,0077,Conductivity at 25 C,593,MICROSIEMENS PER CENTIMETRE
https://environment.data.gov.uk/water-quality/sampling-point/TH-PTHR0082/sample/1405265/observation/0085,TH-PTHR0082,THAMES AT COOKHAM BRIDGE,-0.7059,51.5621,Thames,THAMES - WEST THAMES,L&W NORTH - WT,OPEN,FRESHWATER - RIVERS,2024-03-20T10:29:00,ENVIRONMENTAL MONITORING STATUTORY (EU DIRECTIVES),RIVER / RUNNING SURFACE WATER,0085,BOD : 5 Day ATU,1.3,MILLIGRAM PER LITRE
https://environment.data.gov.uk/water-quality/sampling-point/TH-PTHR0082/sample/1405265/observation/0111,TH-PTHR0082,THAMES AT COOKHAM BRIDGE,-0.7059,51.5621,Thames,THAMES - WEST THAMES,L&W NORTH - WT,OPEN,FRESHWATER - RIVERS,2024-03-20T10:29:00,ENVIRONMENTAL MONITORING STATUTORY (EU DIRECTIVES),RIVER / RUNNING SURFACE WATER,0111,Ammoniacal Nitrogen as N,0.034,MILLIGRAM PER LITRE
https://environment.data.gov.uk/water-quality/sampling-point/TH-PTHR0082/sample/1405265/observation/0116,TH-PTHR0082,THAMES AT COOKHAM BRIDGE,-0.7059,51.5621,Thames,THAMES - WEST THAMES,L&W NORTH - WT,OPEN,FRESHWATER - RIVERS,2024-03-20T10:29:00,ENVIRONMENTAL MONITORING STATUTORY (EU DIRECTIVES),RIVER / RUNNING SURFACE WATER,0116,"Nitrogen, Total Oxidised as N",5.2,MILLIGRAM PER LITRE
https://environment.data.gov.uk/water-quality/sampling-point/TH-PTHR0082/sample/1405265/observation/0117,TH-PTHR0082,THAMES AT COOKHAM BRIDGE,-0.7059,51.5621,Thames,THAMES - WEST THAMES,L&W NORTH - WT,OPEN,FRESHWATER - RIVERS,2024-03-20T10:29:00,ENVIRONMENTAL MONITORING STATUTORY (EU DIRECTIVES),RIVER / RUNNING SURFACE WATER,0117,Nitrate as N,5.17,MILLIGRAM PER LITRE
https://environment.data.gov.uk/water-quality/sampling-point/TH-PTHR0082/sample/1405265/observation/0118,TH-PTHR0082,THAMES AT COOKHAM BRIDGE,-0.7059,51.5621,Thames,THAMES - WEST THAMES,L&W NORTH - WT,OPEN,FRESHWATER - RIVERS,2024-03-20T10:29:00,ENVIRONMENTAL MONITORING STATUTORY (EU DIRECTIVES),RIVER / RUNNING SURFACE WATER,0118,Nitrite as N,0.026,MILLIGRAM PER LITRE
https://environment.data.gov.uk/water-quality/sampling-point/TH-PTHR0082/sample/1405265/observation/0119,TH-PTHR0082,THAMES AT COOKHAM BRIDGE,-0.7059,51.5621,Thames,THAMES - WEST THAMES,L&W NORTH - WT,OPEN,FRESHWATER - RIVERS,2024-03-20T10:29:00,ENVIRONMENTAL MONITORING STATUTORY (EU DIRECTIVES),RIVER / RUNNING SURFACE WATER,0119,Ammonia un-ionised as N,0.00069,MILLIGRAM PER LITRE
https://environment.data.gov.uk/water-quality/sampling-point/TH-PTHR0082/sample/1405265/observation/0162,TH-PTHR0082,THAMES AT COOKHAM BRIDGE,-0.7059,51.5621,Thames,THAMES - WEST THAMES,L&W NORTH - WT,OPEN,FRESHWATER - RIVERS,2024-03-20T10:29:00,ENVIRONMENTAL MONITORING STATUTORY (EU DIRECTIVES),RIVER / RUNNING SURFACE WATER,0162,Alkalinity to pH 4.5 as CaCO3,230,MILLIGRAM PER LITRE
https://environment.data.gov.uk/water-quality/sampling-point/TH-PTHR0082/sample/1405265/observation/0180,TH-PTHR0082,THAMES AT COOKHAM BRIDGE,-0.7059,51.5621,Thames,THAMES - WEST THAMES,L&W NORTH - WT,OPEN,FRESHWATER - RIVERS,2024-03-20T10:29:00,ENVIRONMENTAL MONITORING STATUTORY (EU DIRECTIVES),RIVER / RUNNING SURFACE WATER,0180,"Orthophosphate, reactive as P",0.073,MILLIGRAM PER LITRE
https://environment.data.gov.uk/water-quality/sampling-point/TH-PTHR0082/sample/1405265/observation/9901,TH-PTHR0082,THAMES AT COOKHAM BRIDGE,-0.7059,51.5621,Thames,THAMES - WEST THAMES,L&W NORTH - WT,OPEN,FRESHWATER - RIVERS,2024-03-20T10:29:00,ENVIRONMENTAL MONITORING STATUTORY (EU DIRECTIVES),RIVER / RUNNING SURFACE WATER,9901,"Oxygen, Dissolved, % Saturation",99.3,PERCENTAGE
https://environment.data.gov.uk/water-quality/sampling-point/TH-PTHR0082/sample/1405265/observation/9924,TH-PTHR0082,THAMES AT COOKHAM BRIDGE,-0.7059,51.5621,Thames,THAMES - WEST THAMES,L&W NORTH - WT,OPEN,FRESHWATER - RIVERS,2024-03-20T10:29:00,ENVIRONMENTAL MONITORING STATUTORY (EU DIRECTIVES),RIVER / RUNNING SURFACE WATER,9924,"Oxygen, Dissolved as O2",10.8,MILLIGRAM PER LITRE
https://environment.data.gov.uk/water-quality/sampling-point/TH-PTHR0082/sample/1406251/observation/0061,TH-PTHR0082,THAMES AT COOKHAM BRIDGE,-0.7059,51.5621,Thames,THAMES - WEST THAMES,L&W NORTH - WT,OPEN,FRESHWATER - RIVERS,2024-04-17T10:30:00,MONITORING  (NATIONAL AGENCY POLICY),RIVER / RUNNING SURFACE WATER,0061,pH,8.2,PH UNITS
https://environment.data.gov.uk/water-quality/sampling-point/TH-PTHR0082/sample/1406251/observation/0076,TH-PTHR0082,THAMES AT COOKHAM BRIDGE,-0.7059,51.5621,Thames,THAMES - WEST THAMES,L&W NORTH - WT,OPEN,FRESHWATER - RIVERS,2024-04-17T10:30:00,MONITORING  (NATIONAL AGENCY POLICY),RIVER / RUNNING SURFACE WATER,0076,Temperature of Water,10.9,CELSIUS
https://environment.data.gov.uk/water-quality/sampling-point/TH-PTHR0082/sample/1406251/observation/0077,TH-PTHR0082,THAMES AT COOKHAM BRIDGE,-0.7059,51.5621,Thames,THAMES - WEST THAMES,L&W NORTH - WT,OPEN,FRESHWATER - RIVERS,2024-04-17T10:30:00,MONITORING  (NATIONAL AGENCY POLICY),RIVER / RUNNING SURFACE WATER,0077,Conductivity at 25 C,619,MICROSIEMENS PER CENTIMETRE
https://environment.data.gov.uk/water-quality/sampling-point/TH-PTHR0082/sample/1406251/observation/0085,TH-PTHR0082,THAMES AT COOKHAM BRIDGE,-0.7059,51.5621,Thames,THAMES - WEST THAMES,L&W NORTH - WT,OPEN,FRESHWATER - RIVERS,2024-04-17T10:30:00,MONITORING  (NATIONAL AGENCY POLICY),RIVER / RUNNING SURFACE WATER,0085,BOD : 5 Day ATU,1.2,MILLIGRAM PER LITRE
https://environment.data.gov.uk/water-quality/sampling-point/TH-PTHR0082/sample/1406251/observation/0111,TH-PTHR0082,THAMES AT COOKHAM BRIDGE,-0.7059,51.5621,Thames,THAMES - WEST THAMES,L&W NORTH - WT,OPEN,FRESHWATER - RIVERS,2024-04-17T10:30:00,MONITORING  (NATIONAL AGENCY POLICY),RIVER / RUNNING SURFACE WATER,0111,Ammoniacal Nitrogen as N,0.042,MILLIGRAM PER LITRE
https://environment.data.gov.uk/water-quality/sampling-point/TH-PTHR0082/sample/1406251/observation/0116,TH-PTHR0082,THAMES AT COOKHAM BRIDGE,-0.7059,51.5621,Thames,THAMES - WEST THAMES,L&W NORTH - WT,OPEN,FRESHWATER - RIVERS,2024-04-17T10:30:00,MONITORING  (NATIONAL AGENCY POLICY),RIVER / RUNNING SURFACE WATER,0116,"Nitrogen, Total Oxidised as N",6.2,MILLIGRAM PER LITRE
https://environment.data.gov.uk/water-quality/sampling-point/TH-PTHR0082/sample/1406251/observation/0117,TH-PTHR0082,THAMES AT COOKHAM BRIDGE,-0.7059,51.5621,Thames,THAMES - WEST THAMES,L&W NORTH - WT,OPEN,FRESHWATER - RIVERS,2024-04-17T10:30:00,MONITORING  (NATIONAL AGENCY POLICY),RIVER / RUNNING SURFACE WATER,0117,Nitrate as N,6.18,MILLIGRAM PER LITRE
https://environment.data.gov.uk/water-quality/sampling-point/TH-PTHR0082/sample/1406251/observation/0118,TH-PTHR0082,THAMES AT COOKHAM BRIDGE,-0.7059,51.5621,Thames,THAMES - WEST THAMES,L&W NORTH - WT,OPEN,FRESHWATER - RIVERS,2024-04-17T10:30:00,MONITORING  (NATIONAL AGENCY POLICY),RIVER / RUNNING SURFACE WATER,0118,Nitrite as N,0.02,MILLIGRAM PER LITRE
https://environment.data.gov.uk/water-quality/sampling-point/TH-PTHR0082/sample/1406251/observation/0119,TH-PTHR0082,THAMES AT COOKHAM BRIDGE,-0.7059,51.5621,Thames,THAMES - WEST THAMES,L&W NORTH - WT,OPEN,FRESHWATER - RIVERS,2024-04-17T10:30:00,MONITORING  (NATIONAL AGENCY POLICY),RIVER / RUNNING SURFACE WATER,0119,Ammonia un-ionised as N,0.00082,MILLIGRAM PER LITRE
https://environment.data.gov.uk/water-quality/sampling-point/TH-PTHR0082/sample/1406251/observation/0162,TH-PTHR0082,THAMES AT COOKHAM BRIDGE,-0.7059,51.5621,Thames,THAMES - WEST THAMES,L&W NORTH - WT,OPEN,FRESHWATER - RIVERS,2024-04-17T10:30:00,MONITORING  (NATIONAL AGENCY POLICY),RIVER / RUNNING SURFACE WATER,0162,Alkalinity to pH 4.5 as CaCO3,240,MILLIGRAM PER LITRE
https://environment.data.gov.uk/water-quality/sampling-point/TH-PTHR0082/sample/1406251/observation/0180,TH-PTHR0082,THAMES AT COOKHAM BRIDGE,-0.7059,51.5621,Thames,THAMES - WEST THAMES,L&W NORTH - WT,OPEN,FRESHWATER - RIVERS,2024-04-17T10:30:00,MONITORING  (NATIONAL AGENCY POLICY),RIVER / RUNNING SURFACE WATER,0180,"Orthophosphate, reactive as P",0.072,MILLIGRAM PER LITRE
https://environment.data.gov.uk/water-quality/sampling-point/TH-PTHR0082/sample/1406251/observation/9901,TH-PTHR0082,THAMES AT COOKHAM BRIDGE,-0.7059,51.5621,Thames,THAMES - WEST THAMES,L&W NORTH - WT,OPEN,FRESHWATER - RIVERS,2024-04-17T10:30:00,MONITORING  (NATIONAL AGENCY POLICY),RIVER / RUNNING SURFACE WATER,9901,"Oxygen, Dissolved, % Saturation",102,PERCENTAGE
https://environment.data.gov.uk/water-quality/sampling-point/TH-PTHR0082/sample/1406251/observation/9924,TH-PTHR0082,THAMES AT COOKHAM BRIDGE,-0.7059,51.5621,Thames,THAMES - WEST THAMES,L&W NORTH - WT,OPEN,FRESHWATER - RIVERS,2024-04-17T10:30:00,MONITORING  (NATIONAL AGENCY POLICY),RIVER / RUNNING SURFACE WATER,9924,"Oxygen, Dissolved as O2",11.3,MILLIGRAM PER LITRE
https://environment.data.gov.uk/water-quality/sampling-point/TH-PTHR0082/sample/1408054/observation/0061,TH-PTHR0082,THAMES AT COOKHAM BRIDGE,-0.7059,51.5621,Thames,THAMES - WEST THAMES,L&W NORTH - WT,OPEN,FRESHWATER - RIVERS,2024-05-22T09:56:00,MONITORING  (NATIONAL AGENCY POLICY),RIVER / RUNNING SURFACE WATER,0061,pH,8.18,PH UNITS
https://environment.data.gov.uk/water-quality/sampling-point/TH-PTHR0082/sample/1408054/observation/0076,TH-PTHR0082,THAMES AT COOKHAM BRIDGE,-0.7059,51.5621,Thames,THAMES - WEST THAMES,L&W NORTH - WT,OPEN,FRESHWATER - RIVERS,2024-05-22T09:56:00,MONITORING  (NATIONAL AGENCY POLICY),RIVER / RUNNING SURFACE WATER,0076,Temperature of Water,15.7,CELSIUS
https://environment.data.gov.uk/water-quality/sampling-point/TH-PTHR0082/sample/1408054/observation/0077,TH-PTHR0082,THAMES AT COOKHAM BRIDGE,-0.7059,51.5621,Thames,THAMES - WEST THAMES,L&W NORTH - WT,OPEN,FRESHWATER - RIVERS,2024-05-22T09:56:00,MONITORING  (NATIONAL AGENCY POLICY),RIVER / RUNNING SURFACE WATER,0077,Conductivity at 25 C,643,MICROSIEMENS PER CENTIMETRE
https://environment.data.gov.uk/water-quality/sampling-point/TH-PTHR0082/sample/1408054/observation/0085,TH-PTHR0082,THAMES AT COOKHAM BRIDGE,-0.7059,51.5621,Thames,THAMES - WEST THAMES,L&W NORTH - WT,OPEN,FRESHWATER - RIVERS,2024-05-22T09:56:00,MONITORING  (NATIONAL AGENCY POLICY),RIVER / RUNNING SURFACE WATER,0085,BOD : 5 Day ATU,<1,MILLIGRAM PER LITRE
https://environment.data.gov.uk/water-quality/sampling-point/TH-PTHR0082/sample/1408054/observation/0111,TH-PTHR0082,THAMES AT COOKHAM BRIDGE,-0.7059,51.5621,Thames,THAMES - WEST THAMES,L&W NORTH - WT,OPEN,FRESHWATER - RIVERS,2024-05-22T09:56:00,MONITORING  (NATIONAL AGENCY POLICY),RIVER / RUNNING SURFACE WATER,0111,Ammoniacal Nitrogen as N,0.056,MILLIGRAM PER LITRE
https://environment.data.gov.uk/water-quality/sampling-point/TH-PTHR0082/sample/1408054/observation/0116,TH-PTHR0082,THAMES AT COOKHAM BRIDGE,-0.7059,51.5621,Thames,THAMES - WEST THAMES,L&W NORTH - WT,OPEN,FRESHWATER - RIVERS,2024-05-22T09:56:00,MONITORING  (NATIONAL AGENCY POLICY),RIVER / RUNNING SURFACE WATER,0116,"Nitrogen, Total Oxidised as N",6.5,MILLIGRAM PER LITRE
https://environment.data.gov.uk/water-quality/sampling-point/TH-PTHR0082/sample/1408054/observation/0117,TH-PTHR0082,THAMES AT COOKHAM BRIDGE,-0.7059,51.5621,Thames,THAMES - WEST THAMES,L&W NORTH - WT,OPEN,FRESHWATER - RIVERS,2024-05-22T09:56:00,MONITORING  (NATIONAL AGENCY POLICY),RIVER / RUNNING SURFACE WATER,0117,Nitrate as N,6.48,MILLIGRAM PER LITRE
https://environment.data.gov.uk/water-quality/sampling-point/TH-PTHR0082/sample/1408054/observation/0118,TH-PTHR0082,THAMES AT COOKHAM BRIDGE,-0.7059,51.5621,Thames,THAMES - WEST THAMES,L&W NORTH - WT,OPEN,FRESHWATER - RIVERS,2024-05-22T09:56:00,MONITORING  (NATIONAL AGENCY POLICY),RIVER / RUNNING SURFACE WATER,0118,Nitrite as N,0.022,MILLIGRAM PER LITRE
https://environment.data.gov.uk/water-quality/sampling-point/TH-PTHR0082/sample/1408054/observation/0119,TH-PTHR0082,THAMES AT COOKHAM BRIDGE,-0.7059,51.5621,Thames,THAMES - WEST THAMES,L&W NORTH - WT,OPEN,FRESHWATER - RIVERS,2024-05-22T09:56:00,MONITORING  (NATIONAL AGENCY POLICY),RIVER / RUNNING SURFACE WATER,0119,Ammonia un-ionised as N,0.00155,MILLIGRAM PER LITRE
https://environment.data.gov.uk/water-quality/sampling-point/TH-PTHR0082/sample/1408054/observation/0162,TH-PTHR0082,THAMES AT COOKHAM BRIDGE,-0.7059,51.5621,Thames,THAMES - WEST THAMES,L&W NORTH - WT,OPEN,FRESHWATER - RIVERS,2024-05-22T09:56:00,MONITORING  (NATIONAL AGENCY POLICY),RIVER / RUNNING SURFACE WATER,0162,Alkalinity to pH 4.5 as CaCO3,240,MILLIGRAM PER LITRE
https://environment.data.gov.uk/water-quality/sampling-point/TH-PTHR0082/sample/1408054/observation/0180,TH-PTHR0082,THAMES AT COOKHAM BRIDGE,-0.7059,51.5621,Thames,THAMES - WEST THAMES,L&W NORTH - WT,OPEN,FRESHWATER - RIVERS,2024-05-22T09:56:00,MONITORING  (NATIONAL AGENCY POLICY),RIVER / RUNNING SURFACE WATER,0180,"Orthophosphate, reactive as P",0.11,MILLIGRAM PER LITRE
https://environment.data.gov.uk/water-quality/sampling-point/TH-PTHR0082/sample/1408054/observation/9901,TH-PTHR0082,THAMES AT COOKHAM BRIDGE,-0.7059,51.5621,Thames,THAMES - WEST THAMES,L&W NORTH - WT,OPEN,FRESHWATER - RIVERS,2024-05-22T09:56:00,MONITORING  (NATIONAL AGENCY POLICY),RIVER / RUNNING SURFACE WATER,9901,"Oxygen, Dissolved, % Saturation",97.5,PERCENTAGE
https://environment.data.gov.uk/water-quality/sampling-point/TH-PTHR0082/sample/1408054/observation/9924,TH-PTHR0082,THAMES AT COOKHAM BRIDGE,-0.7059,51.5621,Thames,THAMES - WEST THAMES,L&W NORTH - WT,OPEN,FRESHWATER - RIVERS,2024-05-22T09:56:00,MONITORING  (NATIONAL AGENCY POLICY),RIVER / RUNNING SURFACE WATER,9924,"Oxygen, Dissolved as O2",9.66,MILLIGRAM PER LITRE
https://environment.data.gov.uk/water-quality/sampling-point/TH-PTHR0082/sample/1411892/observation/0061,TH-PTHR0082,THAMES AT COOKHAM BRIDGE,-0.7059,51.5621,Thames,THAMES - WEST THAMES,L&W NORTH - WT,OPEN,FRESHWATER - RIVERS,2024-06-19T12:23:00,ENVIRONMENTAL MONITORING STATUTORY (EU DIRECTIVES),RIVER / RUNNING SURFACE WATER,0061,pH,8.22,PH UNITS
https://environment.data.gov.uk/water-quality/sampling-point/TH-PTHR0082/sample/1411892/observation/0076,TH-PTHR0082,THAMES AT COOKHAM BRIDGE,-0.7059,51.5621,Thames,THAMES - WEST THAMES,L&W NORTH - WT,OPEN,FRESHWATER - RIVERS,2024-06-19T12:23:00,ENVIRONMENTAL MONITORING STATUTORY (EU DIRECTIVES),RIVER / RUNNING SURFACE WATER,0076,Temperature of Water,17.2,CELSIUS
https://environment.data.gov.uk/water-quality/sampling-point/TH-PTHR0082/sample/1411892/observation/0077,TH-PTHR0082,THAMES AT COOKHAM BRIDGE,-0.7059,51.5621,Thames,THAMES - WEST THAMES,L&W NORTH - WT,OPEN,FRESHWATER - RIVERS,2024-06-19T12:23:00,ENVIRONMENTAL MONITORING STATUTORY (EU DIRECTIVES),RIVER / RUNNING SURFACE WATER,0077,Conductivity at 25 C,658,MICROSIEMENS PER CENTIMETRE
https://environment.data.gov.uk/water-quality/sampling-point/TH-PTHR0082/sample/1411892/observation/0085,TH-PTHR0082,THAMES AT COOKHAM BRIDGE,-0.7059,51.5621,Thames,THAMES - WEST THAMES,L&W NORTH - WT,OPEN,FRESHWATER - RIVERS,2024-06-19T12:23:00,ENVIRONMENTAL MONITORING STATUTORY (EU DIRECTIVES),RIVER / RUNNING SURFACE WATER,0085,BOD : 5 Day ATU,<1,MILLIGRAM PER LITRE
https://environment.data.gov.uk/water-quality/sampling-point/TH-PTHR0082/sample/1411892/observation/0111,TH-PTHR0082,THAMES AT COOKHAM BRIDGE,-0.7059,51.5621,Thames,THAMES - WEST THAMES,L&W NORTH - WT,OPEN,FRESHWATER - RIVERS,2024-06-19T12:23:00,ENVIRONMENTAL MONITORING STATUTORY (EU DIRECTIVES),RIVER / RUNNING SURFACE WATER,0111,Ammoniacal Nitrogen as N,<0.03,MILLIGRAM PER LITRE
https://environment.data.gov.uk/water-quality/sampling-point/TH-PTHR0082/sample/1411892/observation/0116,TH-PTHR0082,THAMES AT COOKHAM BRIDGE,-0.7059,51.5621,Thames,THAMES - WEST THAMES,L&W NORTH - WT,OPEN,FRESHWATER - RIVERS,2024-06-19T12:23:00,ENVIRONMENTAL MONITORING STATUTORY (EU DIRECTIVES),RIVER / RUNNING SURFACE WATER,0116,"Nitrogen, Total Oxidised as N",6.9,MILLIGRAM PER LITRE
https://environment.data.gov.uk/water-quality/sampling-point/TH-PTHR0082/sample/1411892/observation/0117,TH-PTHR0082,THAMES AT COOKHAM BRIDGE,-0.7059,51.5621,Thames,THAMES - WEST THAMES,L&W NORTH - WT,OPEN,FRESHWATER - RIVERS,2024-06-19T12:23:00,ENVIRONMENTAL MONITORING STATUTORY (EU DIRECTIVES),RIVER / RUNNING SURFACE WATER,0117,Nitrate as N,6.89,MILLIGRAM PER LITRE
https://environment.data.gov.uk/water-quality/sampling-point/TH-PTHR0082/sample/1411892/observation/0118,TH-PTHR0082,THAMES AT COOKHAM BRIDGE,-0.7059,51.5621,Thames,THAMES - WEST THAMES,L&W NORTH - WT,OPEN,FRESHWATER - RIVERS,2024-06-19T12:23:00,ENVIRONMENTAL MONITORING STATUTORY (EU DIRECTIVES),RIVER / RUNNING SURFACE WATER,0118,Nitrite as N,0.015,MILLIGRAM PER LITRE
https://environment.data.gov.uk/water-quality/sampling-point/TH-PTHR0082/sample/1411892/observation/0119,TH-PTHR0082,THAMES AT COOKHAM BRIDGE,-0.7059,51.5621,Thames,THAMES - WEST THAMES,L&W NORTH - WT,OPEN,FRESHWATER - RIVERS,2024-06-19T12:23:00,ENVIRONMENTAL MONITORING STATUTORY (EU DIRECTIVES),RIVER / RUNNING SURFACE WATER,0119,Ammonia un-ionised as N,<0.00092,MILLIGRAM PER LITRE
https://environment.data.gov.uk/water-quality/sampling-point/TH-PTHR0082/sample/1411892/observation/0162,TH-PTHR0082,THAMES AT COOKHAM BRIDGE,-0.7059,51.5621,Thames,THAMES - WEST THAMES,L&W NORTH - WT,OPEN,FRESHWATER - RIVERS,2024-06-19T12:23:00,ENVIRONMENTAL MONITORING STATUTORY (EU DIRECTIVES),RIVER / RUNNING SURFACE WATER,0162,Alkalinity to pH 4.5 as CaCO3,240,MILLIGRAM PER LITRE
https://environment.data.gov.uk/water-quality/sampling-point/TH-PTHR0082/sample/1411892/observation/0180,TH-PTHR0082,THAMES AT COOKHAM BRIDGE,-0.7059,51.5621,Thames,THAMES - WEST THAMES,L&W NORTH - WT,OPEN,FRESHWATER - RIVERS,2024-06-19T12:23:00,ENVIRONMENTAL MONITORING STATUTORY (EU DIRECTIVES),RIVER / RUNNING SURFACE WATER,0180,"Orthophosphate, reactive as P",0.11,MILLIGRAM PER LITRE
https://environment.data.gov.uk/water-quality/sampling-point/TH-PTHR0082/sample/1411892/observation/2921,TH-PTHR0082,THAMES AT COOKHAM BRIDGE,-0.7059,51.5621,Thames,THAMES - WEST THAMES,L&W NORTH - WT,OPEN,FRESHWATER - RIVERS,2024-06-19T12:23:00,ENVIRONMENTAL MONITORING STATUTORY (EU DIRECTIVES),RIVER / RUNNING SURFACE WATER,2921,Perfluoro-3-methoxypropanoic acid,<0.0005,MICROGRAM PER LITRE
https://environment.data.gov.uk/water-quality/sampling-point/TH-PTHR0082/sample/1411892/observation/2922,TH-PTHR0082,THAMES AT COOKHAM BRIDGE,-0.7059,51.5621,Thames,THAMES - WEST THAMES,L&W NORTH - WT,OPEN,FRESHWATER - RIVERS,2024-06-19T12:23:00,ENVIRONMENTAL MONITORING STATUTORY (EU DIRECTIVES),RIVER / RUNNING SURFACE WATER,2922,"Perfluoro-3,6-dioxaheptanoic acid",<0.0005,MICROGRAM PER LITRE
https://environment.data.gov.uk/water-quality/sampling-point/TH-PTHR0082/sample/1411892/observation/2923,TH-PTHR0082,THAMES AT COOKHAM BRIDGE,-0.7059,51.5621,Thames,THAMES - WEST THAMES,L&W NORTH - WT,OPEN,FRESHWATER - RIVERS,2024-06-19T12:23:00,ENVIRONMENTAL MONITORING STATUTORY (EU DIRECTIVES),RIVER / RUNNING SURFACE WATER,2923,Perfluoro(4-methoxybutanoic) acid,<0.0005,MICROGRAM PER LITRE
https://environment.data.gov.uk/water-quality/sampling-point/TH-PTHR0082/sample/1411892/observation/2924,TH-PTHR0082,THAMES AT COOKHAM BRIDGE,-0.7059,51.5621,Thames,THAMES - WEST THAMES,L&W NORTH - WT,OPEN,FRESHWATER - RIVERS,2024-06-19T12:23:00,ENVIRONMENTAL MONITORING STATUTORY (EU DIRECTIVES),RIVER / RUNNING SURFACE WATER,2924,Perfluoro(2-ethoxyethane)sulfonic acid,<0.0005,MICROGRAM PER LITRE
https://environment.data.gov.uk/water-quality/sampling-point/TH-PTHR0082/sample/1411892/observation/2925,TH-PTHR0082,THAMES AT COOKHAM BRIDGE,-0.7059,51.5621,Thames,THAMES - WEST THAMES,L&W NORTH - WT,OPEN,FRESHWATER - RIVERS,2024-06-19T12:23:00,ENVIRONMENTAL MONITORING STATUTORY (EU DIRECTIVES),RIVER / RUNNING SURFACE WATER,2925,3-Perfluoroheptylpropanoic acid,<0.0005,MICROGRAM PER LITRE
https://environment.data.gov.uk/water-quality/sampling-point/TH-PTHR0082/sample/1411892/observation/2926,TH-PTHR0082,THAMES AT COOKHAM BRIDGE,-0.7059,51.5621,Thames,THAMES - WEST THAMES,L&W NORTH - WT,OPEN,FRESHWATER - RIVERS,2024-06-19T12:23:00,ENVIRONMENTAL MONITORING STATUTORY (EU DIRECTIVES),RIVER / RUNNING SURFACE WATER,2926,3:3 Fluorotelomer carboxylic acid,<0.004,MICROGRAM PER LITRE
https://environment.data.gov.uk/water-quality/sampling-point/TH-PTHR0082/sample/1411892/observation/2942,TH-PTHR0082,THAMES AT COOKHAM BRIDGE,-0.7059,51.5621,Thames,THAMES - WEST THAMES,L&W NORTH - WT,OPEN,FRESHWATER - RIVERS,2024-06-19T12:23:00,ENVIRONMENTAL MONITORING STATUTORY (EU DIRECTIVES),RIVER / RUNNING SURFACE WATER,2942,2-(N-Ethylperfluorooctanesulfonamido)acetic acid (B),<0.001,MICROGRAM PER LITRE
https://environment.data.gov.uk/water-quality/sampling-point/TH-PTHR0082/sample/1411892/observation/2943,TH-PTHR0082,THAMES AT COOKHAM BRIDGE,-0.7059,51.5621,Thames,THAMES - WEST THAMES,L&W NORTH - WT,OPEN,FRESHWATER - RIVERS,2024-06-19T12:23:00,ENVIRONMENTAL MONITORING STATUTORY (EU DIRECTIVES),RIVER / RUNNING SURFACE WATER,2943,2-(N-Methylperfluorooctanesulfonamido)acetic acid (B),<0.002,MICROGRAM PER LITRE
https://environment.data.gov.uk/water-quality/sampling-point/TH-PTHR0082/sample/1411892/observation/2944,TH-PTHR0082,THAMES AT COOKHAM BRIDGE,-0.7059,51.5621,Thames,THAMES - WEST THAMES,L&W NORTH - WT,OPEN,FRESHWATER - RIVERS,2024-06-19T12:23:00,ENVIRONMENTAL MONITORING STATUTORY (EU DIRECTIVES),RIVER / RUNNING SURFACE WATER,2944,Perfluorohexanesulfonic acid (B),0.0005,MICROGRAM PER LITRE
https://environment.data.gov.uk/water-quality/sampling-point/TH-PTHR0082/sample/1411892/observation/2953,TH-PTHR0082,THAMES AT COOKHAM BRIDGE,-0.7059,51.5621,Thames,THAMES - WEST THAMES,L&W NORTH - WT,OPEN,FRESHWATER - RIVERS,2024-06-19T12:23:00,ENVIRONMENTAL MONITORING STATUTORY (EU DIRECTIVES),RIVER / RUNNING SURFACE WATER,2953,Perfluoroundecane sulfonic acid,<0.004,MICROGRAM PER LITRE
https://environment.data.gov.uk/water-quality/sampling-point/TH-PTHR0082/sample/1411892/observation/2955,TH-PTHR0082,THAMES AT COOKHAM BRIDGE,-0.7059,51.5621,Thames,THAMES - WEST THAMES,L&W NORTH - WT,OPEN,FRESHWATER - RIVERS,2024-06-19T12:23:00,ENVIRONMENTAL MONITORING STATUTORY (EU DIRECTIVES),RIVER / RUNNING SURFACE WATER,2955,Perfluorotridecanoic acid,<0.005,MICROGRAM PER LITRE
https://environment.data.gov.uk/water-quality/sampling-point/TH-PTHR0082/sample/1411892/observation/2957,TH-PTHR0082,THAMES AT COOKHAM BRIDGE,-0.7059,51.5621,Thames,THAMES - WEST THAMES,L&W NORTH - WT,OPEN,FRESHWATER - RIVERS,2024-06-19T12:23:00,ENVIRONMENTAL MONITORING STATUTORY (EU DIRECTIVES),RIVER / RUNNING SURFACE WATER,2957,Perfluoropentanesulfonic acid,<0.0005,MICROGRAM PER LITRE
https://environment.data.gov.uk/water-quality/sampling-point/TH-PTHR0082/sample/1411892/observation/2959,TH-PTHR0082,THAMES AT COOKHAM BRIDGE,-0.7059,51.5621,Thames,THAMES - WEST THAMES,L&W NORTH - WT,OPEN,FRESHWATER - RIVERS,2024-06-19T12:23:00,ENVIRONMENTAL MONITORING STATUTORY (EU DIRECTIVES),RIVER / RUNNING SURFACE WATER,2959,Perfluorooctanesulfonic acid (linear),0.0024,MICROGRAM PER LITRE
https://environment.data.gov.uk/water-quality/sampling-point/TH-PTHR0082/sample/1411892/observation/2960,TH-PTHR0082,THAMES AT COOKHAM BRIDGE,-0.7059,51.5621,Thames,THAMES - WEST THAMES,L&W NORTH - WT,OPEN,FRESHWATER - RIVERS,2024-06-19T12:23:00,ENVIRONMENTAL MONITORING STATUTORY (EU DIRECTIVES),RIVER / RUNNING SURFACE WATER,2960,Perfluorooctanesulfonic acid (branched),0.0017,MICROGRAM PER LITRE
https://environment.data.gov.uk/water-quality/sampling-point/TH-PTHR0082/sample/1411892/observation/2961,TH-PTHR0082,THAMES AT COOKHAM BRIDGE,-0.7059,51.5621,Thames,THAMES - WEST THAMES,L&W NORTH - WT,OPEN,FRESHWATER - RIVERS,2024-06-19T12:23:00,ENVIRONMENTAL MONITORING STATUTORY (EU DIRECTIVES),RIVER / RUNNING SURFACE WATER,2961,Perfluorooctanesulfonamide,<0.001,MICROGRAM PER LITRE
https://environment.data.gov.uk/water-quality/sampling-point/TH-PTHR0082/sample/1411892/observation/2962,TH-PTHR0082,THAMES AT COOKHAM BRIDGE,-0.7059,51.5621,Thames,THAMES - WEST THAMES,L&W NORTH - WT,OPEN,FRESHWATER - RIVERS,2024-06-19T12:23:00,ENVIRONMENTAL MONITORING STATUTORY (EU DIRECTIVES),RIVER / RUNNING SURFACE WATER,2962,Perfluorooctadecanoic acid,<0.002,MICROGRAM PER LITRE
https://environment.data.gov.uk/water-quality/sampling-point/TH-PTHR0082/sample/1411892/observation/2963,TH-PTHR0082,THAMES AT COOKHAM BRIDGE,-0.7059,51.5621,Thames,THAMES - WEST THAMES,L&W NORTH - WT,OPEN,FRESHWATER - RIVERS,2024-06-19T12:23:00,ENVIRONMENTAL MONITORING STATUTORY (EU DIRECTIVES),RIVER / RUNNING SURFACE WATER,2963,Perfluorononanesulfonic acid,<0.0005,MICROGRAM PER LITRE
https://environment.data.gov.uk/water-quality/sampling-point/TH-PTHR0082/sample/1411892/observation/2964,TH-PTHR0082,THAMES AT COOKHAM BRIDGE,-0.7059,51.5621,Thames,THAMES - WEST THAMES,L&W NORTH - WT,OPEN,FRESHWATER - RIVERS,2024-06-19T12:23:00,ENVIRONMENTAL MONITORING STATUTORY (EU DIRECTIVES),RIVER / RUNNING SURFACE WATER,2964,Perfluorohexanesulfonic acid (L),0.0024,MICROGRAM PER LITRE
https://environment.data.gov.uk/water-quality/sampling-point/TH-PTHR0082/sample/1411892/observation/2965,TH-PTHR0082,THAMES AT COOKHAM BRIDGE,-0.7059,51.5621,Thames,THAMES - WEST THAMES,L&W NORTH - WT,OPEN,FRESHWATER - RIVERS,2024-06-19T12:23:00,ENVIRONMENTAL MONITORING STATUTORY (EU DIRECTIVES),RIVER / RUNNING SURFACE WATER,2965,Perfluorohexanesulfonamide,<0.0005,MICROGRAM PER LITRE
https://environment.data.gov.uk/water-quality/sampling-point/TH-PTHR0082/sample/1411892/observation/2967,TH-PTHR0082,THAMES AT COOKHAM BRIDGE,-0.7059,51.5621,Thames,THAMES - WEST THAMES,L&W NORTH - WT,OPEN,FRESHWATER - RIVERS,2024-06-19T12:23:00,ENVIRONMENTAL MONITORING STATUTORY (EU DIRECTIVES),RIVER / RUNNING SURFACE WATER,2967,Perfluoroheptanesulfonic acid,<0.0005,MICROGRAM PER LITRE
https://environment.data.gov.uk/water-quality/sampling-point/TH-PTHR0082/sample/1411892/observation/2968,TH-PTHR0082,THAMES AT COOKHAM BRIDGE,-0.7059,51.5621,Thames,THAMES - WEST THAMES,L&W NORTH - WT,OPEN,FRESHWATER - RIVERS,2024-06-19T12:23:00,ENVIRONMENTAL MONITORING STATUTORY (EU DIRECTIVES),RIVER / RUNNING SURFACE WATER,2968,Perfluorododecane sulfonic acid,<0.005,MICROGRAM PER LITRE
https://environment.data.gov.uk/water-quality/sampling-point/TH-PTHR0082/sample/1411892/observation/2969,TH-PTHR0082,THAMES AT COOKHAM BRIDGE,-0.7059,51.5621,Thames,THAMES - WEST THAMES,L&W NORTH - WT,OPEN,FRESHWATER - RIVERS,2024-06-19T12:23:00,ENVIRONMENTAL MONITORING STATUTORY (EU DIRECTIVES),RIVER / RUNNING SURFACE WATER,2969,Perfluorodecanesulfonic acid,<0.002,MICROGRAM PER LITRE
https://environment.data.gov.uk/water-quality/sampling-point/TH-PTHR0082/sample/1411892/observation/2970,TH-PTHR0082,THAMES AT COOKHAM BRIDGE,-0.7059,51.5621,Thames,THAMES - WEST THAMES,L&W NORTH - WT,OPEN,FRESHWATER - RIVERS,2024-06-19T12:23:00,ENVIRONMENTAL MONITORING STATUTORY (EU DIRECTIVES),RIVER / RUNNING SURFACE WATER,2970,Perfluorobutylsulfonamide (perfluorobutane sulfonamide),0.0005,MICROGRAM PER LITRE
https://environment.data.gov.uk/water-quality/sampling-point/TH-PTHR0082/sample/1411892/observation/2972,TH-PTHR0082,THAMES AT COOKHAM BRIDGE,-0.7059,51.5621,Thames,THAMES - WEST THAMES,L&W NORTH - WT,OPEN,FRESHWATER - RIVERS,2024-06-19T12:23:00,ENVIRONMENTAL MONITORING STATUTORY (EU DIRECTIVES),RIVER / RUNNING SURFACE WATER,2972,Perfluorobutanesulfonic acid,0.0021,MICROGRAM PER LITRE
https://environment.data.gov.uk/water-quality/sampling-point/TH-PTHR0082/sample/1411892/observation/2973,TH-PTHR0082,THAMES AT COOKHAM BRIDGE,-0.7059,51.5621,Thames,THAMES - WEST THAMES,L&W NORTH - WT,OPEN,FRESHWATER - RIVERS,2024-06-19T12:23:00,ENVIRONMENTAL MONITORING STATUTORY (EU DIRECTIVES),RIVER / RUNNING SURFACE WATER,2973,Perfluoro-4-ethylcyclohexanesulfonic acid,<0.0005,MICROGRAM PER LITRE
https://environment.data.gov.uk/water-quality/sampling-point/TH-PTHR0082/sample/1411892/observation/2975,TH-PTHR0082,THAMES AT COOKHAM BRIDGE,-0.7059,51.5621,Thames,THAMES - WEST THAMES,L&W NORTH - WT,OPEN,FRESHWATER - RIVERS,2024-06-19T12:23:00,ENVIRONMENTAL MONITORING STATUTORY (EU DIRECTIVES),RIVER / RUNNING SURFACE WATER,2975,N-methylperfluorooctanesulfonamide,<0.002,MICROGRAM PER LITRE
https://environment.data.gov.uk/water-quality/sampling-point/TH-PTHR0082/sample/1411892/observation/2977,TH-PTHR0082,THAMES AT COOKHAM BRIDGE,-0.7059,51.5621,Thames,THAMES - WEST THAMES,L&W NORTH - WT,OPEN,FRESHWATER - RIVERS,2024-06-19T12:23:00,ENVIRONMENTAL MONITORING STATUTORY (EU DIRECTIVES),RIVER / RUNNING SURFACE WATER,2977,N-Ethylperfluorooctanesulfonamide,<0.002,MICROGRAM PER LITRE
https://environment.data.gov.uk/water-quality/sampling-point/TH-PTHR0082/sample/1411892/observation/2981,TH-PTHR0082,THAMES AT COOKHAM BRIDGE,-0.7059,51.5621,Thames,THAMES - WEST THAMES,L&W NORTH - WT,OPEN,FRESHWATER - RIVERS,2024-06-19T12:23:00,ENVIRONMENTAL MONITORING STATUTORY (EU DIRECTIVES),RIVER / RUNNING SURFACE WATER,2981,Hexafluoropropylene oxide dimer acid (Gen X),<0.001,MICROGRAM PER LITRE
https://environment.data.gov.uk/water-quality/sampling-point/TH-PTHR0082/sample/1411892/observation/2982,TH-PTHR0082,THAMES AT COOKHAM BRIDGE,-0.7059,51.5621,Thames,THAMES - WEST THAMES,L&W NORTH - WT,OPEN,FRESHWATER - RIVERS,2024-06-19T12:23:00,ENVIRONMENTAL MONITORING STATUTORY (EU DIRECTIVES),RIVER / RUNNING SURFACE WATER,2982,9-chlorohexadecafluoro-3-oxanonane-1-sulfonic acid,<0.0005,MICROGRAM PER LITRE
https://environment.data.gov.uk/water-quality/sampling-point/TH-PTHR0082/sample/1411892/observation/2983,TH-PTHR0082,THAMES AT COOKHAM BRIDGE,-0.7059,51.5621,Thames,THAMES - WEST THAMES,L&W NORTH - WT,OPEN,FRESHWATER - RIVERS,2024-06-19T12:23:00,ENVIRONMENTAL MONITORING STATUTORY (EU DIRECTIVES),RIVER / RUNNING SURFACE WATER,2983,8:2 Fluorotelomer sulfonic acid,<0.001,MICROGRAM PER LITRE
https://environment.data.gov.uk/water-quality/sampling-point/TH-PTHR0082/sample/1411892/observation/2984,TH-PTHR0082,THAMES AT COOKHAM BRIDGE,-0.7059,51.5621,Thames,THAMES - WEST THAMES,L&W NORTH - WT,OPEN,FRESHWATER - RIVERS,2024-06-19T12:23:00,ENVIRONMENTAL MONITORING STATUTORY (EU DIRECTIVES),RIVER / RUNNING SURFACE WATER,2984,6:2 Fluorotelomer sulfonic acid,<0.001,MICROGRAM PER LITRE
https://environment.data.gov.uk/water-quality/sampling-point/TH-PTHR0082/sample/1411892/observation/2987,TH-PTHR0082,THAMES AT COOKHAM BRIDGE,-0.7059,51.5621,Thames,THAMES - WEST THAMES,L&W NORTH - WT,OPEN,FRESHWATER - RIVERS,2024-06-19T12:23:00,ENVIRONMENTAL MONITORING STATUTORY (EU DIRECTIVES),RIVER / RUNNING SURFACE WATER,2987,4:2 Fluorotelomer sulfonic acid,<0.0005,MICROGRAM PER LITRE
https://environment.data.gov.uk/water-quality/sampling-point/TH-PTHR0082/sample/1411892/observation/2988,TH-PTHR0082,THAMES AT COOKHAM BRIDGE,-0.7059,51.5621,Thames,THAMES - WEST THAMES,L&W NORTH - WT,OPEN,FRESHWATER - RIVERS,2024-06-19T12:23:00,ENVIRONMENTAL MONITORING STATUTORY (EU DIRECTIVES),RIVER / RUNNING SURFACE WATER,2988,"4,8-Dioxa-3H-perfluorononanoic acid (ADONA)",<0.005,MICROGRAM PER LITRE
https://environment.data.gov.uk/water-quality/sampling-point/TH-PTHR0082/sample/1411892/observation/2989,TH-PTHR0082,THAMES AT COOKHAM BRIDGE,-0.7059,51.5621,Thames,THAMES - WEST THAMES,L&W NORTH - WT,OPEN,FRESHWATER - RIVERS,2024-06-19T12:23:00,ENVIRONMENTAL MONITORING STATUTORY (EU DIRECTIVES),RIVER / RUNNING SURFACE WATER,2989,"2H,2H,3H,3H-Perfluorooctanoic acid",<0.001,MICROGRAM PER LITRE
https://environment.data.gov.uk/water-quality/sampling-point/TH-PTHR0082/sample/1411892/observation/2990,TH-PTHR0082,THAMES AT COOKHAM BRIDGE,-0.7059,51.5621,Thames,THAMES - WEST THAMES,L&W NORTH - WT,OPEN,FRESHWATER - RIVERS,2024-06-19T12:23:00,ENVIRONMENTAL MONITORING STATUTORY (EU DIRECTIVES),RIVER / RUNNING SURFACE WATER,2990,2-(N-Methylperfluorooctanesulfonamido)acetic acid (L),<0.0005,MICROGRAM PER LITRE
https://environment.data.gov.uk/water-quality/sampling-point/TH-PTHR0082/sample/1411892/observation/2991,TH-PTHR0082,THAMES AT COOKHAM BRIDGE,-0.7059,51.5621,Thames,THAMES - WEST THAMES,L&W NORTH - WT,OPEN,FRESHWATER - RIVERS,2024-06-19T12:23:00,ENVIRONMENTAL MONITORING STATUTORY (EU DIRECTIVES),RIVER / RUNNING SURFACE WATER,2991,2-(N-Ethylperfluorooctanesulfonamido)acetic acid (L),<0.001,MICROGRAM PER LITRE
https://environment.data.gov.uk/water-quality/sampling-point/TH-PTHR0082/sample/1411892/observation/2993,TH-PTHR0082,THAMES AT COOKHAM BRIDGE,-0.7059,51.5621,Thames,THAMES - WEST THAMES,L&W NORTH - WT,OPEN,FRESHWATER - RIVERS,2024-06-19T12:23:00,ENVIRONMENTAL MONITORING STATUTORY (EU DIRECTIVES),RIVER / RUNNING SURFACE WATER,2993,11-chloroeicosafluoro-3-oxaundecane-1-sulfonic acid (F-53B Minor),<0.001,MICROGRAM PER LITRE
https://environment.data.gov.uk/water-quality/sampling-point/TH-PTHR0082/sample/1411892/observation/2995,TH-PTHR0082,THAMES AT COOKHAM BRIDGE,-0.7059,51.5621,Thames,THAMES - WEST THAMES,L&W NORTH - WT,OPEN,FRESHWATER - RIVERS,2024-06-19T12:23:00,ENVIRONMENTAL MONITORING STATUTORY (EU DIRECTIVES),RIVER / RUNNING SURFACE WATER,2995,Perfluorobutanoic acid,0.0021,MICROGRAM PER LITRE
https://environment.data.gov.uk/water-quality/sampling-point/TH-PTHR0082/sample/1411892/observation/8887,TH-PTHR0082,THAMES AT COOKHAM BRIDGE,-0.7059,51.5621,Thames,THAMES - WEST THAMES,L&W NORTH - WT,OPEN,FRESHWATER - RIVERS,2024-06-19T12:23:00,ENVIRONMENTAL MONITORING STATUTORY (EU DIRECTIVES),RIVER / RUNNING SURFACE WATER,8887,Perfluoropentanoic acid,<0.003,MICROGRAM PER LITRE
https://environment.data.gov.uk/water-quality/sampling-point/TH-PTHR0082/sample/1411892/observation/8888,TH-PTHR0082,THAMES AT COOKHAM BRIDGE,-0.7059,51.5621,Thames,THAMES - WEST THAMES,L&W NORTH - WT,OPEN,FRESHWATER - RIVERS,2024-06-19T12:23:00,ENVIRONMENTAL MONITORING STATUTORY (EU DIRECTIVES),RIVER / RUNNING SURFACE WATER,8888,Perfluorohexanoic acid,0.0028,MICROGRAM PER LITRE
https://environment.data.gov.uk/water-quality/sampling-point/TH-PTHR0082/sample/1411892/observation/8889,TH-PTHR0082,THAMES AT COOKHAM BRIDGE,-0.7059,51.5621,Thames,THAMES - WEST THAMES,L&W NORTH - WT,OPEN,FRESHWATER - RIVERS,2024-06-19T12:23:00,ENVIRONMENTAL MONITORING STATUTORY (EU DIRECTIVES),RIVER / RUNNING SURFACE WATER,8889,Perfluoroheptanoic acid,0.0011,MICROGRAM PER LITRE
https://environment.data.gov.uk/water-quality/sampling-point/TH-PTHR0082/sample/1411892/observation/8890,TH-PTHR0082,THAMES AT COOKHAM BRIDGE,-0.7059,51.5621,Thames,THAMES - WEST THAMES,L&W NORTH - WT,OPEN,FRESHWATER - RIVERS,2024-06-19T12:23:00,ENVIRONMENTAL MONITORING STATUTORY (EU DIRECTIVES),RIVER / RUNNING SURFACE WATER,8890,Perfluorooctanoic acid,0.0016,MICROGRAM PER LITRE
https://environment.data.gov.uk/water-quality/sampling-point/TH-PTHR0082/sample/1411892/observation/8891,TH-PTHR0082,THAMES AT COOKHAM BRIDGE,-0.7059,51.5621,Thames,THAMES - WEST THAMES,L&W NORTH - WT,OPEN,FRESHWATER - RIVERS,2024-06-19T12:23:00,ENVIRONMENTAL MONITORING STATUTORY (EU DIRECTIVES),RIVER / RUNNING SURFACE WATER,8891,Perfluorononanoic acid,<0.001,MICROGRAM PER LITRE
https://environment.data.gov.uk/water-quality/sampling-point/TH-PTHR0082/sample/1411892/observation/8892,TH-PTHR0082,THAMES AT COOKHAM BRIDGE,-0.7059,51.5621,Thames,THAMES - WEST THAMES,L&W NORTH - WT,OPEN,FRESHWATER - RIVERS,2024-06-19T12:23:00,ENVIRONMENTAL MONITORING STATUTORY (EU DIRECTIVES),RIVER / RUNNING SURFACE WATER,8892,Perfluorodecanoic acid,<0.002,MICROGRAM PER LITRE
https://environment.data.gov.uk/water-quality/sampling-point/TH-PTHR0082/sample/1411892/observation/8893,TH-PTHR0082,THAMES AT COOKHAM BRIDGE,-0.7059,51.5621,Thames,THAMES - WEST THAMES,L&W NORTH - WT,OPEN,FRESHWATER - RIVERS,2024-06-19T12:23:00,ENVIRONMENTAL MONITORING STATUTORY (EU DIRECTIVES),RIVER / RUNNING SURFACE WATER,8893,Perfluoroundecanoic acid,<0.002,MICROGRAM PER LITRE
https://environment.data.gov.uk/water-quality/sampling-point/TH-PTHR0082/sample/1411892/observation/8894,TH-PTHR0082,THAMES AT COOKHAM BRIDGE,-0.7059,51.5621,Thames,THAMES - WEST THAMES,L&W NORTH - WT,OPEN,FRESHWATER - RIVERS,2024-06-19T12:23:00,ENVIRONMENTAL MONITORING STATUTORY (EU DIRECTIVES),RIVER / RUNNING SURFACE WATER,8894,Perfluorododecanoic acid,<0.002,MICROGRAM PER LITRE
https://environment.data.gov.uk/water-quality/sampling-point/TH-PTHR0082/sample/1411892/observation/8895,TH-PTHR0082,THAMES AT COOKHAM BRIDGE,-0.7059,51.5621,Thames,THAMES - WEST THAMES,L&W NORTH - WT,OPEN,FRESHWATER - RIVERS,2024-06-19T12:23:00,ENVIRONMENTAL MONITORING STATUTORY (EU DIRECTIVES),RIVER / RUNNING SURFACE WATER,8895,Perfluorotetradecanoic acid,<0.006,MICROGRAM PER LITRE
https://environment.data.gov.uk/water-quality/sampling-point/TH-PTHR0082/sample/1411892/observation/9901,TH-PTHR0082,THAMES AT COOKHAM BRIDGE,-0.7059,51.5621,Thames,THAMES - WEST THAMES,L&W NORTH - WT,OPEN,FRESHWATER - RIVERS,2024-06-19T12:23:00,ENVIRONMENTAL MONITORING STATUTORY (EU DIRECTIVES),RIVER / RUNNING SURFACE WATER,9901,"Oxygen, Dissolved, % Saturation",111.1,PERCENTAGE
https://environment.data.gov.uk/water-quality/sampling-point/TH-PTHR0082/sample/1411892/observation/9924,TH-PTHR0082,THAMES AT COOKHAM BRIDGE,-0.7059,51.5621,Thames,THAMES - WEST THAMES,L&W NORTH - WT,OPEN,FRESHWATER - RIVERS,2024-06-19T12:23:00,ENVIRONMENTAL MONITORING STATUTORY (EU DIRECTIVES),RIVER / RUNNING SURFACE WATER,9924,"Oxygen, Dissolved as O2",10.7,MILLIGRAM PER LITRE
https://environment.data.gov.uk/water-quality/sampling-point/TH-PTHR0082/sample/1413382/observation/0061,TH-PTHR0082,THAMES AT COOKHAM BRIDGE,-0.7059,51.5621,Thames,THAMES - WEST THAMES,L&W NORTH - WT,OPEN,FRESHWATER - RIVERS,2024-07-15T10:46:00,ENVIRONMENTAL MONITORING STATUTORY (EU DIRECTIVES),RIVER / RUNNING SURFACE WATER,0061,pH,8.16,PH UNITS
https://environment.data.gov.uk/water-quality/sampling-point/TH-PTHR0082/sample/1413382/observation/0076,TH-PTHR0082,THAMES AT COOKHAM BRIDGE,-0.7059,51.5621,Thames,THAMES - WEST THAMES,L&W NORTH - WT,OPEN,FRESHWATER - RIVERS,2024-07-15T10:46:00,ENVIRONMENTAL MONITORING STATUTORY (EU DIRECTIVES),RIVER / RUNNING SURFACE WATER,0076,Temperature of Water,17.2,CELSIUS
https://environment.data.gov.uk/water-quality/sampling-point/TH-PTHR0082/sample/1413382/observation/0077,TH-PTHR0082,THAMES AT COOKHAM BRIDGE,-0.7059,51.5621,Thames,THAMES - WEST THAMES,L&W NORTH - WT,OPEN,FRESHWATER - RIVERS,2024-07-15T10:46:00,ENVIRONMENTAL MONITORING STATUTORY (EU DIRECTIVES),RIVER / RUNNING SURFACE WATER,0077,Conductivity at 25 C,645,MICROSIEMENS PER CENTIMETRE
https://environment.data.gov.uk/water-quality/sampling-point/TH-PTHR0082/sample/1413382/observation/0085,TH-PTHR0082,THAMES AT COOKHAM BRIDGE,-0.7059,51.5621,Thames,THAMES - WEST THAMES,L&W NORTH - WT,OPEN,FRESHWATER - RIVERS,2024-07-15T10:46:00,ENVIRONMENTAL MONITORING STATUTORY (EU DIRECTIVES),RIVER / RUNNING SURFACE WATER,0085,BOD : 5 Day ATU,<1,MILLIGRAM PER LITRE
https://environment.data.gov.uk/water-quality/sampling-point/TH-PTHR0082/sample/1413382/observation/0111,TH-PTHR0082,THAMES AT COOKHAM BRIDGE,-0.7059,51.5621,Thames,THAMES - WEST THAMES,L&W NORTH - WT,OPEN,FRESHWATER - RIVERS,2024-07-15T10:46:00,ENVIRONMENTAL MONITORING STATUTORY (EU DIRECTIVES),RIVER / RUNNING SURFACE WATER,0111,Ammoniacal Nitrogen as N,0.054,MILLIGRAM PER LITRE
https://environment.data.gov.uk/water-quality/sampling-point/TH-PTHR0082/sample/1413382/observation/0116,TH-PTHR0082,THAMES AT COOKHAM BRIDGE,-0.7059,51.5621,Thames,THAMES - WEST THAMES,L&W NORTH - WT,OPEN,FRESHWATER - RIVERS,2024-07-15T10:46:00,ENVIRONMENTAL MONITORING STATUTORY (EU DIRECTIVES),RIVER / RUNNING SURFACE WATER,0116,"Nitrogen, Total Oxidised as N",6.7,MILLIGRAM PER LITRE
https://environment.data.gov.uk/water-quality/sampling-point/TH-PTHR0082/sample/1413382/observation/0117,TH-PTHR0082,THAMES AT COOKHAM BRIDGE,-0.7059,51.5621,Thames,THAMES - WEST THAMES,L&W NORTH - WT,OPEN,FRESHWATER - RIVERS,2024-07-15T10:46:00,ENVIRONMENTAL MONITORING STATUTORY (EU DIRECTIVES),RIVER / RUNNING SURFACE WATER,0117,Nitrate as N,6.68,MILLIGRAM PER LITRE
https://environment.data.gov.uk/water-quality/sampling-point/TH-PTHR0082/sample/1413382/observation/0118,TH-PTHR0082,THAMES AT COOKHAM BRIDGE,-0.7059,51.5621,Thames,THAMES - WEST THAMES,L&W NORTH - WT,OPEN,FRESHWATER - RIVERS,2024-07-15T10:46:00,ENVIRONMENTAL MONITORING STATUTORY (EU DIRECTIVES),RIVER / RUNNING SURFACE WATER,0118,Nitrite as N,0.022,MILLIGRAM PER LITRE
https://environment.data.gov.uk/water-quality/sampling-point/TH-PTHR0082/sample/1413382/observation/0119,TH-PTHR0082,THAMES AT COOKHAM BRIDGE,-0.7059,51.5621,Thames,THAMES - WEST THAMES,L&W NORTH - WT,OPEN,FRESHWATER - RIVERS,2024-07-15T10:46:00,ENVIRONMENTAL MONITORING STATUTORY (EU DIRECTIVES),RIVER / RUNNING SURFACE WATER,0119,Ammonia un-ionised as N,0.00166,MILLIGRAM PER LITRE
https://environment.data.gov.uk/water-quality/sampling-point/TH-PTHR0082/sample/1413382/observation/0162,TH-PTHR0082,THAMES AT COOKHAM BRIDGE,-0.7059,51.5621,Thames,THAMES - WEST THAMES,L&W NORTH - WT,OPEN,FRESHWATER - RIVERS,2024-07-15T10:46:00,ENVIRONMENTAL MONITORING STATUTORY (EU DIRECTIVES),RIVER / RUNNING SURFACE WATER,0162,Alkalinity to pH 4.5 as CaCO3,220,MILLIGRAM PER LITRE
https://environment.data.gov.uk/water-quality/sampling-point/TH-PTHR0082/sample/1413382/observation/0180,TH-PTHR0082,THAMES AT COOKHAM BRIDGE,-0.7059,51.5621,Thames,THAMES - WEST THAMES,L&W NORTH - WT,OPEN,FRESHWATER - RIVERS,2024-07-15T10:46:00,ENVIRONMENTAL MONITORING STATUTORY (EU DIRECTIVES),RIVER / RUNNING SURFACE WATER,0180,"Orthophosphate, reactive as P",0.17,MILLIGRAM PER LITRE
https://environment.data.gov.uk/water-quality/sampling-point/TH-PTHR0082/sample/1413382/observation/9901,TH-PTHR0082,THAMES AT COOKHAM BRIDGE,-0.7059,51.5621,Thames,THAMES - WEST THAMES,L&W NORTH - WT,OPEN,FRESHWATER - RIVERS,2024-07-15T10:46:00,ENVIRONMENTAL MONITORING STATUTORY (EU DIRECTIVES),RIVER / RUNNING SURFACE WATER,9901,"Oxygen, Dissolved, % Saturation",96.5,PERCENTAGE
https://environment.data.gov.uk/water-quality/sampling-point/TH-PTHR0082/sample/1413382/observation/9924,TH-PTHR0082,THAMES AT COOKHAM BRIDGE,-0.7059,51.5621,Thames,THAMES - WEST THAMES,L&W NORTH - WT,OPEN,FRESHWATER - RIVERS,2024-07-15T10:46:00,ENVIRONMENTAL MONITORING STATUTORY (EU DIRECTIVES),RIVER / RUNNING SURFACE WATER,9924,"Oxygen, Dissolved as O2",9.26,MILLIGRAM PER LITRE
https://environment.data.gov.uk/water-quality/sampling-point/TH-PTHR0082/sample/1415256/observation/0061,TH-PTHR0082,THAMES AT COOKHAM BRIDGE,-0.7059,51.5621,Thames,THAMES - WEST THAMES,L&W NORTH - WT,OPEN,FRESHWATER - RIVERS,2024-08-21T13:30:00,ENVIRONMENTAL MONITORING STATUTORY (EU DIRECTIVES),RIVER / RUNNING SURFACE WATER,0061,pH,8.07,PH UNITS
https://environment.data.gov.uk/water-quality/sampling-point/TH-PTHR0082/sample/1415256/observation/0076,TH-PTHR0082,THAMES AT COOKHAM BRIDGE,-0.7059,51.5621,Thames,THAMES - WEST THAMES,L&W NORTH - WT,OPEN,FRESHWATER - RIVERS,2024-08-21T13:30:00,ENVIRONMENTAL MONITORING STATUTORY (EU DIRECTIVES),RIVER / RUNNING SURFACE WATER,0076,Temperature of Water,18.3,CELSIUS
https://environment.data.gov.uk/water-quality/sampling-point/TH-PTHR0082/sample/1415256/observation/0077,TH-PTHR0082,THAMES AT COOKHAM BRIDGE,-0.7059,51.5621,Thames,THAMES - WEST THAMES,L&W NORTH - WT,OPEN,FRESHWATER - RIVERS,2024-08-21T13:30:00,ENVIRONMENTAL MONITORING STATUTORY (EU DIRECTIVES),RIVER / RUNNING SURFACE WATER,0077,Conductivity at 25 C,669,MICROSIEMENS PER CENTIMETRE
https://environment.data.gov.uk/water-quality/sampling-point/TH-PTHR0082/sample/1415256/observation/0085,TH-PTHR0082,THAMES AT COOKHAM BRIDGE,-0.7059,51.5621,Thames,THAMES - WEST THAMES,L&W NORTH - WT,OPEN,FRESHWATER - RIVERS,2024-08-21T13:30:00,ENVIRONMENTAL MONITORING STATUTORY (EU DIRECTIVES),RIVER / RUNNING SURFACE WATER,0085,BOD : 5 Day ATU,1.1,MILLIGRAM PER LITRE
https://environment.data.gov.uk/water-quality/sampling-point/TH-PTHR0082/sample/1415256/observation/0111,TH-PTHR0082,THAMES AT COOKHAM BRIDGE,-0.7059,51.5621,Thames,THAMES - WEST THAMES,L&W NORTH - WT,OPEN,FRESHWATER - RIVERS,2024-08-21T13:30:00,ENVIRONMENTAL MONITORING STATUTORY (EU DIRECTIVES),RIVER / RUNNING SURFACE WATER,0111,Ammoniacal Nitrogen as N,<0.03,MILLIGRAM PER LITRE
https://environment.data.gov.uk/water-quality/sampling-point/TH-PTHR0082/sample/1415256/observation/0116,TH-PTHR0082,THAMES AT COOKHAM BRIDGE,-0.7059,51.5621,Thames,THAMES - WEST THAMES,L&W NORTH - WT,OPEN,FRESHWATER - RIVERS,2024-08-21T13:30:00,ENVIRONMENTAL MONITORING STATUTORY (EU DIRECTIVES),RIVER / RUNNING SURFACE WATER,0116,"Nitrogen, Total Oxidised as N",7.4,MILLIGRAM PER LITRE
https://environment.data.gov.uk/water-quality/sampling-point/TH-PTHR0082/sample/1415256/observation/0117,TH-PTHR0082,THAMES AT COOKHAM BRIDGE,-0.7059,51.5621,Thames,THAMES - WEST THAMES,L&W NORTH - WT,OPEN,FRESHWATER - RIVERS,2024-08-21T13:30:00,ENVIRONMENTAL MONITORING STATUTORY (EU DIRECTIVES),RIVER / RUNNING SURFACE WATER,0117,Nitrate as N,7.39,MILLIGRAM PER LITRE
https://environment.data.gov.uk/water-quality/sampling-point/TH-PTHR0082/sample/1415256/observation/0118,TH-PTHR0082,THAMES AT COOKHAM BRIDGE,-0.7059,51.5621,Thames,THAMES - WEST THAMES,L&W NORTH - WT,OPEN,FRESHWATER - RIVERS,2024-08-21T13:30:00,ENVIRONMENTAL MONITORING STATUTORY (EU DIRECTIVES),RIVER / RUNNING SURFACE WATER,0118,Nitrite as N,0.013,MILLIGRAM PER LITRE
https://environment.data.gov.uk/water-quality/sampling-point/TH-PTHR0082/sample/1415256/observation/0119,TH-PTHR0082,THAMES AT COOKHAM BRIDGE,-0.7059,51.5621,Thames,THAMES - WEST THAMES,L&W NORTH - WT,OPEN,FRESHWATER - RIVERS,2024-08-21T13:30:00,ENVIRONMENTAL MONITORING STATUTORY (EU DIRECTIVES),RIVER / RUNNING SURFACE WATER,0119,Ammonia un-ionised as N,<0.001,MILLIGRAM PER LITRE
https://environment.data.gov.uk/water-quality/sampling-point/TH-PTHR0082/sample/1415256/observation/0162,TH-PTHR0082,THAMES AT COOKHAM BRIDGE,-0.7059,51.5621,Thames,THAMES - WEST THAMES,L&W NORTH - WT,OPEN,FRESHWATER - RIVERS,2024-08-21T13:30:00,ENVIRONMENTAL MONITORING STATUTORY (EU DIRECTIVES),RIVER / RUNNING SURFACE WATER,0162,Alkalinity to pH 4.5 as CaCO3,240,MILLIGRAM PER LITRE
https://environment.data.gov.uk/water-quality/sampling-point/TH-PTHR0082/sample/1415256/observation/0180,TH-PTHR0082,THAMES AT COOKHAM BRIDGE,-0.7059,51.5621,Thames,THAMES - WEST THAMES,L&W NORTH - WT,OPEN,FRESHWATER - RIVERS,2024-08-21T13:30:00,ENVIRONMENTAL MONITORING STATUTORY (EU DIRECTIVES),RIVER / RUNNING SURFACE WATER,0180,"Orthophosphate, reactive as P",0.15,MILLIGRAM PER LITRE
https://environment.data.gov.uk/water-quality/sampling-point/TH-PTHR0082/sample/1415256/observation/9901,TH-PTHR0082,THAMES AT COOKHAM BRIDGE,-0.7059,51.5621,Thames,THAMES - WEST THAMES,L&W NORTH - WT,OPEN,FRESHWATER - RIVERS,2024-08-21T13:30:00,ENVIRONMENTAL MONITORING STATUTORY (EU DIRECTIVES),RIVER / RUNNING SURFACE WATER,9901,"Oxygen, Dissolved, % Saturation",99.4,PERCENTAGE
https://environment.data.gov.uk/water-quality/sampling-point/TH-PTHR0082/sample/1415256/observation/9924,TH-PTHR0082,THAMES AT COOKHAM BRIDGE,-0.7059,51.5621,Thames,THAMES - WEST THAMES,L&W NORTH - WT,OPEN,FRESHWATER - RIVERS,2024-08-21T13:30:00,ENVIRONMENTAL MONITORING STATUTORY (EU DIRECTIVES),RIVER / RUNNING SURFACE WATER,9924,"Oxygen, Dissolved as O2",9.33,MILLIGRAM PER LITRE
https://environment.data.gov.uk/water-quality/sampling-point/TH-PTHR0082/sample/1416499/observation/0061,TH-PTHR0082,THAMES AT COOKHAM BRIDGE,-0.7059,51.5621,Thames,THAMES - WEST THAMES,L&W NORTH - WT,OPEN,FRESHWATER - RIVERS,2024-09-16T09:47:00,ENVIRONMENTAL MONITORING STATUTORY (EU DIRECTIVES),RIVER / RUNNING SURFACE WATER,0061,pH,7.7,PH UNITS
https://environment.data.gov.uk/water-quality/sampling-point/TH-PTHR0082/sample/1416499/observation/0076,TH-PTHR0082,THAMES AT COOKHAM BRIDGE,-0.7059,51.5621,Thames,THAMES - WEST THAMES,L&W NORTH - WT,OPEN,FRESHWATER - RIVERS,2024-09-16T09:47:00,ENVIRONMENTAL MONITORING STATUTORY (EU DIRECTIVES),RIVER / RUNNING SURFACE WATER,0076,Temperature of Water,14.5,CELSIUS
https://environment.data.gov.uk/water-quality/sampling-point/TH-PTHR0082/sample/1416499/observation/0077,TH-PTHR0082,THAMES AT COOKHAM BRIDGE,-0.7059,51.5621,Thames,THAMES - WEST THAMES,L&W NORTH - WT,OPEN,FRESHWATER - RIVERS,2024-09-16T09:47:00,ENVIRONMENTAL MONITORING STATUTORY (EU DIRECTIVES),RIVER / RUNNING SURFACE WATER,0077,Conductivity at 25 C,659,MICROSIEMENS PER CENTIMETRE
https://environment.data.gov.uk/water-quality/sampling-point/TH-PTHR0082/sample/1416499/observation/0085,TH-PTHR0082,THAMES AT COOKHAM BRIDGE,-0.7059,51.5621,Thames,THAMES - WEST THAMES,L&W NORTH - WT,OPEN,FRESHWATER - RIVERS,2024-09-16T09:47:00,ENVIRONMENTAL MONITORING STATUTORY (EU DIRECTIVES),RIVER / RUNNING SURFACE WATER,0085,BOD : 5 Day ATU,<1,MILLIGRAM PER LITRE
https://environment.data.gov.uk/water-quality/sampling-point/TH-PTHR0082/sample/1416499/observation/0111,TH-PTHR0082,THAMES AT COOKHAM BRIDGE,-0.7059,51.5621,Thames,THAMES - WEST THAMES,L&W NORTH - WT,OPEN,FRESHWATER - RIVERS,2024-09-16T09:47:00,ENVIRONMENTAL MONITORING STATUTORY (EU DIRECTIVES),RIVER / RUNNING SURFACE WATER,0111,Ammoniacal Nitrogen as N,<0.03,MILLIGRAM PER LITRE
https://environment.data.gov.uk/water-quality/sampling-point/TH-PTHR0082/sample/1416499/observation/0116,TH-PTHR0082,THAMES AT COOKHAM BRIDGE,-0.7059,51.5621,Thames,THAMES - WEST THAMES,L&W NORTH - WT,OPEN,FRESHWATER - RIVERS,2024-09-16T09:47:00,ENVIRONMENTAL MONITORING STATUTORY (EU DIRECTIVES),RIVER / RUNNING SURFACE WATER,0116,"Nitrogen, Total Oxidised as N",6.9,MILLIGRAM PER LITRE
https://environment.data.gov.uk/water-quality/sampling-point/TH-PTHR0082/sample/1416499/observation/0117,TH-PTHR0082,THAMES AT COOKHAM BRIDGE,-0.7059,51.5621,Thames,THAMES - WEST THAMES,L&W NORTH - WT,OPEN,FRESHWATER - RIVERS,2024-09-16T09:47:00,ENVIRONMENTAL MONITORING STATUTORY (EU DIRECTIVES),RIVER / RUNNING SURFACE WATER,0117,Nitrate as N,6.88,MILLIGRAM PER LITRE
https://environment.data.gov.uk/water-quality/sampling-point/TH-PTHR0082/sample/1416499/observation/0118,TH-PTHR0082,THAMES AT COOKHAM BRIDGE,-0.7059,51.5621,Thames,THAMES - WEST THAMES,L&W NORTH - WT,OPEN,FRESHWATER - RIVERS,2024-09-16T09:47:00,ENVIRONMENTAL MONITORING STATUTORY (EU DIRECTIVES),RIVER / RUNNING SURFACE WATER,0118,Nitrite as N,0.017,MILLIGRAM PER LITRE
https://environment.data.gov.uk/water-quality/sampling-point/TH-PTHR0082/sample/1416499/observation/0119,TH-PTHR0082,THAMES AT COOKHAM BRIDGE,-0.7059,51.5621,Thames,THAMES - WEST THAMES,L&W NORTH - WT,OPEN,FRESHWATER - RIVERS,2024-09-16T09:47:00,ENVIRONMENTAL MONITORING STATUTORY (EU DIRECTIVES),RIVER / RUNNING SURFACE WATER,0119,Ammonia un-ionised as N,<0.00039,MILLIGRAM PER LITRE
https://environment.data.gov.uk/water-quality/sampling-point/TH-PTHR0082/sample/1416499/observation/0162,TH-PTHR0082,THAMES AT COOKHAM BRIDGE,-0.7059,51.5621,Thames,THAMES - WEST THAMES,L&W NORTH - WT,OPEN,FRESHWATER - RIVERS,2024-09-16T09:47:00,ENVIRONMENTAL MONITORING STATUTORY (EU DIRECTIVES),RIVER / RUNNING SURFACE WATER,0162,Alkalinity to pH 4.5 as CaCO3,220,MILLIGRAM PER LITRE
https://environment.data.gov.uk/water-quality/sampling-point/TH-PTHR0082/sample/1416499/observation/0180,TH-PTHR0082,THAMES AT COOKHAM BRIDGE,-0.7059,51.5621,Thames,THAMES - WEST THAMES,L&W NORTH - WT,OPEN,FRESHWATER - RIVERS,2024-09-16T09:47:00,ENVIRONMENTAL MONITORING STATUTORY (EU DIRECTIVES),RIVER / RUNNING SURFACE WATER,0180,"Orthophosphate, reactive as P",0.16,MILLIGRAM PER LITRE
https://environment.data.gov.uk/water-quality/sampling-point/TH-PTHR0082/sample/1416499/observation/9901,TH-PTHR0082,THAMES AT COOKHAM BRIDGE,-0.7059,51.5621,Thames,THAMES - WEST THAMES,L&W NORTH - WT,OPEN,FRESHWATER - RIVERS,2024-09-16T09:47:00,ENVIRONMENTAL MONITORING STATUTORY (EU DIRECTIVES),RIVER / RUNNING SURFACE WATER,9901,"Oxygen, Dissolved, % Saturation",94.9,PERCENTAGE
https://environment.data.gov.uk/water-quality/sampling-point/TH-PTHR0082/sample/1416499/observation/9924,TH-PTHR0082,THAMES AT COOKHAM BRIDGE,-0.7059,51.5621,Thames,THAMES - WEST THAMES,L&W NORTH - WT,OPEN,FRESHWATER - RIVERS,2024-09-16T09:47:00,ENVIRONMENTAL MONITORING STATUTORY (EU DIRECTIVES),RIVER / RUNNING SURFACE WATER,9924,"Oxygen, Dissolved as O2",9.65,MILLIGRAM PER LITRE
https://environment.data.gov.uk/water-quality/sampling-point/TH-PTHR0082/sample/1417934/observation/0061,TH-PTHR0082,THAMES AT COOKHAM BRIDGE,-0.7059,51.5621,Thames,THAMES - WEST THAMES,L&W NORTH - WT,OPEN,FRESHWATER - RIVERS,2024-10-15T12:18:00,ENVIRONMENTAL MONITORING STATUTORY (EU DIRECTIVES),RIVER / RUNNING SURFACE WATER,0061,pH,8.02,PH UNITS
https://environment.data.gov.uk/water-quality/sampling-point/TH-PTHR0082/sample/1417934/observation/0076,TH-PTHR0082,THAMES AT COOKHAM BRIDGE,-0.7059,51.5621,Thames,THAMES - WEST THAMES,L&W NORTH - WT,OPEN,FRESHWATER - RIVERS,2024-10-15T12:18:00,ENVIRONMENTAL MONITORING STATUTORY (EU DIRECTIVES),RIVER / RUNNING SURFACE WATER,0076,Temperature of Water,10.8,CELSIUS
https://environment.data.gov.uk/water-quality/sampling-point/TH-PTHR0082/sample/1417934/observation/0077,TH-PTHR0082,THAMES AT COOKHAM BRIDGE,-0.7059,51.5621,Thames,THAMES - WEST THAMES,L&W NORTH - WT,OPEN,FRESHWATER - RIVERS,2024-10-15T12:18:00,ENVIRONMENTAL MONITORING STATUTORY (EU DIRECTIVES),RIVER / RUNNING SURFACE WATER,0077,Conductivity at 25 C,574,MICROSIEMENS PER CENTIMETRE
https://environment.data.gov.uk/water-quality/sampling-point/TH-PTHR0082/sample/1417934/observation/0085,TH-PTHR0082,THAMES AT COOKHAM BRIDGE,-0.7059,51.5621,Thames,THAMES - WEST THAMES,L&W NORTH - WT,OPEN,FRESHWATER - RIVERS,2024-10-15T12:18:00,ENVIRONMENTAL MONITORING STATUTORY (EU DIRECTIVES),RIVER / RUNNING SURFACE WATER,0085,BOD : 5 Day ATU,1.5,MILLIGRAM PER LITRE
https://environment.data.gov.uk/water-quality/sampling-point/TH-PTHR0082/sample/1417934/observation/0111,TH-PTHR0082,THAMES AT COOKHAM BRIDGE,-0.7059,51.5621,Thames,THAMES - WEST THAMES,L&W NORTH - WT,OPEN,FRESHWATER - RIVERS,2024-10-15T12:18:00,ENVIRONMENTAL MONITORING STATUTORY (EU DIRECTIVES),RIVER / RUNNING SURFACE WATER,0111,Ammoniacal Nitrogen as N,0.037,MILLIGRAM PER LITRE
https://environment.data.gov.uk/water-quality/sampling-point/TH-PTHR0082/sample/1417934/observation/0116,TH-PTHR0082,THAMES AT COOKHAM BRIDGE,-0.7059,51.5621,Thames,THAMES - WEST THAMES,L&W NORTH - WT,OPEN,FRESHWATER - RIVERS,2024-10-15T12:18:00,ENVIRONMENTAL MONITORING STATUTORY (EU DIRECTIVES),RIVER / RUNNING SURFACE WATER,0116,"Nitrogen, Total Oxidised as N",4.2,MILLIGRAM PER LITRE
https://environment.data.gov.uk/water-quality/sampling-point/TH-PTHR0082/sample/1417934/observation/0117,TH-PTHR0082,THAMES AT COOKHAM BRIDGE,-0.7059,51.5621,Thames,THAMES - WEST THAMES,L&W NORTH - WT,OPEN,FRESHWATER - RIVERS,2024-10-15T12:18:00,ENVIRONMENTAL MONITORING STATUTORY (EU DIRECTIVES),RIVER / RUNNING SURFACE WATER,0117,Nitrate as N,4.19,MILLIGRAM PER LITRE
https://environment.data.gov.uk/water-quality/sampling-point/TH-PTHR0082/sample/1417934/observation/0118,TH-PTHR0082,THAMES AT COOKHAM BRIDGE,-0.7059,51.5621,Thames,THAMES - WEST THAMES,L&W NORTH - WT,OPEN,FRESHWATER - RIVERS,2024-10-15T12:18:00,ENVIRONMENTAL MONITORING STATUTORY (EU DIRECTIVES),RIVER / RUNNING SURFACE WATER,0118,Nitrite as N,0.013,MILLIGRAM PER LITRE
https://environment.data.gov.uk/water-quality/sampling-point/TH-PTHR0082/sample/1417934/observation/0119,TH-PTHR0082,THAMES AT COOKHAM BRIDGE,-0.7059,51.5621,Thames,THAMES - WEST THAMES,L&W NORTH - WT,OPEN,FRESHWATER - RIVERS,2024-10-15T12:18:00,ENVIRONMENTAL MONITORING STATUTORY (EU DIRECTIVES),RIVER / RUNNING SURFACE WATER,0119,Ammonia un-ionised as N,0.00072,MILLIGRAM PER LITRE
https://environment.data.gov.uk/water-quality/sampling-point/TH-PTHR0082/sample/1417934/observation/0162,TH-PTHR0082,THAMES AT COOKHAM BRIDGE,-0.7059,51.5621,Thames,THAMES - WEST THAMES,L&W NORTH - WT,OPEN,FRESHWATER - RIVERS,2024-10-15T12:18:00,ENVIRONMENTAL MONITORING STATUTORY (EU DIRECTIVES),RIVER / RUNNING SURFACE WATER,0162,Alkalinity to pH 4.5 as CaCO3,220,MILLIGRAM PER LITRE
https://environment.data.gov.uk/water-quality/sampling-point/TH-PTHR0082/sample/1417934/observation/0180,TH-PTHR0082,THAMES AT COOKHAM BRIDGE,-0.7059,51.5621,Thames,THAMES - WEST THAMES,L&W NORTH - WT,OPEN,FRESHWATER - RIVERS,2024-10-15T12:18:00,ENVIRONMENTAL MONITORING STATUTORY (EU DIRECTIVES),RIVER / RUNNING SURFACE WATER,0180,"Orthophosphate, reactive as P",0.08,MILLIGRAM PER LITRE
https://environment.data.gov.uk/water-quality/sampling-point/TH-PTHR0082/sample/1417934/observation/9901,TH-PTHR0082,THAMES AT COOKHAM BRIDGE,-0.7059,51.5621,Thames,THAMES - WEST THAMES,L&W NORTH - WT,OPEN,FRESHWATER - RIVERS,2024-10-15T12:18:00,ENVIRONMENTAL MONITORING STATUTORY (EU DIRECTIVES),RIVER / RUNNING SURFACE WATER,9901,"Oxygen, Dissolved, % Saturation",99.1,PERCENTAGE
https://environment.data.gov.uk/water-quality/sampling-point/TH-PTHR0082/sample/1417934/observation/9924,TH-PTHR0082,THAMES AT COOKHAM BRIDGE,-0.7059,51.5621,Thames,THAMES - WEST THAMES,L&W NORTH - WT,OPEN,FRESHWATER - RIVERS,2024-10-15T12:18:00,ENVIRONMENTAL MONITORING STATUTORY (EU DIRECTIVES),RIVER / RUNNING SURFACE WATER,9924,"Oxygen, Dissolved as O2",11,MILLIGRAM PER LITRE
https://environment.data.gov.uk/water-quality/sampling-point/TH-PTHR0082/sample/1420197/observation/0061,TH-PTHR0082,THAMES AT COOKHAM BRIDGE,-0.7059,51.5621,Thames,THAMES - WEST THAMES,L&W NORTH - WT,OPEN,FRESHWATER - RIVERS,2024-11-19T11:32:00,ENVIRONMENTAL MONITORING STATUTORY (EU DIRECTIVES),RIVER / RUNNING SURFACE WATER,0061,pH,8.19,PH UNITS
https://environment.data.gov.uk/water-quality/sampling-point/TH-PTHR0082/sample/1420197/observation/0076,TH-PTHR0082,THAMES AT COOKHAM BRIDGE,-0.7059,51.5621,Thames,THAMES - WEST THAMES,L&W NORTH - WT,OPEN,FRESHWATER - RIVERS,2024-11-19T11:32:00,ENVIRONMENTAL MONITORING STATUTORY (EU DIRECTIVES),RIVER / RUNNING SURFACE WATER,0076,Temperature of Water,9.7,CELSIUS
https://environment.data.gov.uk/water-quality/sampling-point/TH-PTHR0082/sample/1420197/observation/0077,TH-PTHR0082,THAMES AT COOKHAM BRIDGE,-0.7059,51.5621,Thames,THAMES - WEST THAMES,L&W NORTH - WT,OPEN,FRESHWATER - RIVERS,2024-11-19T11:32:00,ENVIRONMENTAL MONITORING STATUTORY (EU DIRECTIVES),RIVER / RUNNING SURFACE WATER,0077,Conductivity at 25 C,669,MICROSIEMENS PER CENTIMETRE
https://environment.data.gov.uk/water-quality/sampling-point/TH-PTHR0082/sample/1420197/observation/0085,TH-PTHR0082,THAMES AT COOKHAM BRIDGE,-0.7059,51.5621,Thames,THAMES - WEST THAMES,L&W NORTH - WT,OPEN,FRESHWATER - RIVERS,2024-11-19T11:32:00,ENVIRONMENTAL MONITORING STATUTORY (EU DIRECTIVES),RIVER / RUNNING SURFACE WATER,0085,BOD : 5 Day ATU,1.1,MILLIGRAM PER LITRE
https://environment.data.gov.uk/water-quality/sampling-point/TH-PTHR0082/sample/1420197/observation/0111,TH-PTHR0082,THAMES AT COOKHAM BRIDGE,-0.7059,51.5621,Thames,THAMES - WEST THAMES,L&W NORTH - WT,OPEN,FRESHWATER - RIVERS,2024-11-19T11:32:00,ENVIRONMENTAL MONITORING STATUTORY (EU DIRECTIVES),RIVER / RUNNING SURFACE WATER,0111,Ammoniacal Nitrogen as N,0.038,MILLIGRAM PER LITRE
https://environment.data.gov.uk/water-quality/sampling-point/TH-PTHR0082/sample/1420197/observation/0116,TH-PTHR0082,THAMES AT COOKHAM BRIDGE,-0.7059,51.5621,Thames,THAMES - WEST THAMES,L&W NORTH - WT,OPEN,FRESHWATER - RIVERS,2024-11-19T11:32:00,ENVIRONMENTAL MONITORING STATUTORY (EU DIRECTIVES),RIVER / RUNNING SURFACE WATER,0116,"Nitrogen, Total Oxidised as N",7.3,MILLIGRAM PER LITRE
https://environment.data.gov.uk/water-quality/sampling-point/TH-PTHR0082/sample/1420197/observation/0117,TH-PTHR0082,THAMES AT COOKHAM BRIDGE,-0.7059,51.5621,Thames,THAMES - WEST THAMES,L&W NORTH - WT,OPEN,FRESHWATER - RIVERS,2024-11-19T11:32:00,ENVIRONMENTAL MONITORING STATUTORY (EU DIRECTIVES),RIVER / RUNNING SURFACE WATER,0117,Nitrate as N,7.28,MILLIGRAM PER LITRE
https://environment.data.gov.uk/water-quality/sampling-point/TH-PTHR0082/sample/1420197/observation/0118,TH-PTHR0082,THAMES AT COOKHAM BRIDGE,-0.7059,51.5621,Thames,THAMES - WEST THAMES,L&W NORTH - WT,OPEN,FRESHWATER - RIVERS,2024-11-19T11:32:00,ENVIRONMENTAL MONITORING STATUTORY (EU DIRECTIVES),RIVER / RUNNING SURFACE WATER,0118,Nitrite as N,0.017,MILLIGRAM PER LITRE
https://environment.data.gov.uk/water-quality/sampling-point/TH-PTHR0082/sample/1420197/observation/0119,TH-PTHR0082,THAMES AT COOKHAM BRIDGE,-0.7059,51.5621,Thames,THAMES - WEST THAMES,L&W NORTH - WT,OPEN,FRESHWATER - RIVERS,2024-11-19T11:32:00,ENVIRONMENTAL MONITORING STATUTORY (EU DIRECTIVES),RIVER / RUNNING SURFACE WATER,0119,Ammonia un-ionised as N,0.00068,MILLIGRAM PER LITRE
https://environment.data.gov.uk/water-quality/sampling-point/TH-PTHR0082/sample/1420197/observation/0162,TH-PTHR0082,THAMES AT COOKHAM BRIDGE,-0.7059,51.5621,Thames,THAMES - WEST THAMES,L&W NORTH - WT,OPEN,FRESHWATER - RIVERS,2024-11-19T11:32:00,ENVIRONMENTAL MONITORING STATUTORY (EU DIRECTIVES),RIVER / RUNNING SURFACE WATER,0162,Alkalinity to pH 4.5 as CaCO3,240,MILLIGRAM PER LITRE
https://environment.data.gov.uk/water-quality/sampling-point/TH-PTHR0082/sample/1420197/observation/0180,TH-PTHR0082,THAMES AT COOKHAM BRIDGE,-0.7059,51.5621,Thames,THAMES - WEST THAMES,L&W NORTH - WT,OPEN,FRESHWATER - RIVERS,2024-11-19T11:32:00,ENVIRONMENTAL MONITORING STATUTORY (EU DIRECTIVES),RIVER / RUNNING SURFACE WATER,0180,"Orthophosphate, reactive as P",0.11,MILLIGRAM PER LITRE
https://environment.data.gov.uk/water-quality/sampling-point/TH-PTHR0082/sample/1420197/observation/9901,TH-PTHR0082,THAMES AT COOKHAM BRIDGE,-0.7059,51.5621,Thames,THAMES - WEST THAMES,L&W NORTH - WT,OPEN,FRESHWATER - RIVERS,2024-11-19T11:32:00,ENVIRONMENTAL MONITORING STATUTORY (EU DIRECTIVES),RIVER / RUNNING SURFACE WATER,9901,"Oxygen, Dissolved, % Saturation",100.5,PERCENTAGE
https://environment.data.gov.uk/water-quality/sampling-point/TH-PTHR0082/sample/1420197/observation/9924,TH-PTHR0082,THAMES AT COOKHAM BRIDGE,-0.7059,51.5621,Thames,THAMES - WEST THAMES,L&W NORTH - WT,OPEN,FRESHWATER - RIVERS,2024-11-19T11:32:00,ENVIRONMENTAL MONITORING STATUTORY (EU DIRECTIVES),RIVER / RUNNING SURFACE WATER,9924,"Oxygen, Dissolved as O2",11.4,MILLIGRAM PER LITRE
https://environment.data.gov.uk/water-quality/sampling-point/TH-PTHR0082/sample/1420864/observation/0061,TH-PTHR0082,THAMES AT COOKHAM BRIDGE,-0.7059,51.5621,Thames,THAMES - WEST THAMES,L&W NORTH - WT,OPEN,FRESHWATER - RIVERS,2024-12-05T09:58:00,ENVIRONMENTAL MONITORING STATUTORY (EU DIRECTIVES),RIVER / RUNNING SURFACE WATER,0061,pH,8.05,PH UNITS
https://environment.data.gov.uk/water-quality/sampling-point/TH-PTHR0082/sample/1420864/observation/0076,TH-PTHR0082,THAMES AT COOKHAM BRIDGE,-0.7059,51.5621,Thames,THAMES - WEST THAMES,L&W NORTH - WT,OPEN,FRESHWATER - RIVERS,2024-12-05T09:58:00,ENVIRONMENTAL MONITORING STATUTORY (EU DIRECTIVES),RIVER / RUNNING SURFACE WATER,0076,Temperature of Water,8.6,CELSIUS
https://environment.data.gov.uk/water-quality/sampling-point/TH-PTHR0082/sample/1420864/observation/0077,TH-PTHR0082,THAMES AT COOKHAM BRIDGE,-0.7059,51.5621,Thames,THAMES - WEST THAMES,L&W NORTH - WT,OPEN,FRESHWATER - RIVERS,2024-12-05T09:58:00,ENVIRONMENTAL MONITORING STATUTORY (EU DIRECTIVES),RIVER / RUNNING SURFACE WATER,0077,Conductivity at 25 C,593,MICROSIEMENS PER CENTIMETRE
https://environment.data.gov.uk/water-quality/sampling-point/TH-PTHR0082/sample/1420864/observation/0085,TH-PTHR0082,THAMES AT COOKHAM BRIDGE,-0.7059,51.5621,Thames,THAMES - WEST THAMES,L&W NORTH - WT,OPEN,FRESHWATER - RIVERS,2024-12-05T09:58:00,ENVIRONMENTAL MONITORING STATUTORY (EU DIRECTIVES),RIVER / RUNNING SURFACE WATER,0085,BOD : 5 Day ATU,1.4,MILLIGRAM PER LITRE
https://environment.data.gov.uk/water-quality/sampling-point/TH-PTHR0082/sample/1420864/observation/9901,TH-PTHR0082,THAMES AT COOKHAM BRIDGE,-0.7059,51.5621,Thames,THAMES - WEST THAMES,L&W NORTH - WT,OPEN,FRESHWATER - RIVERS,2024-12-05T09:58:00,ENVIRONMENTAL MONITORING STATUTORY (EU DIRECTIVES),RIVER / RUNNING SURFACE WATER,9901,"Oxygen, Dissolved, % Saturation",99.8,PERCENTAGE
https://environment.data.gov.uk/water-quality/sampling-point/TH-PTHR0082/sample/1420864/observation/9924,TH-PTHR0082,THAMES AT COOKHAM BRIDGE,-0.7059,51.5621,Thames,THAMES - WEST THAMES,L&W NORTH - WT,OPEN,FRESHWATER - RIVERS,2024-12-05T09:58:00,ENVIRONMENTAL MONITORING STATUTORY (EU DIRECTIVES),RIVER / RUNNING SURFACE WATER,9924,"Oxygen, Dissolved as O2",11.6,MILLIGRAM PER LITRE
https://environment.data.gov.uk/water-quality/sampling-point/TH-PTHR0088/sample/1403024/observation/0061,TH-PTHR0088,THAMES AT HENLEY BRIDGE,-0.901,51.5391,Thames,THAMES - WEST THAMES,L&W NORTH - WT,OPEN,FRESHWATER - RIVERS,2024-01-18T12:01:00,ENVIRONMENTAL MONITORING STATUTORY (EU DIRECTIVES),RIVER / RUNNING SURFACE WATER,0061,pH,8.06,PH UNITS
https://environment.data.gov.uk/water-quality/sampling-point/TH-PTHR0088/sample/1403024/observation/0076,TH-PTHR0088,THAMES AT HENLEY BRIDGE,-0.901,51.5391,Thames,THAMES - WEST THAMES,L&W NORTH - WT,OPEN,FRESHWATER - RIVERS,2024-01-18T12:01:00,ENVIRONMENTAL MONITORING STATUTORY (EU DIRECTIVES),RIVER / RUNNING SURFACE WATER,0076,Temperature of Water,3,CELSIUS
https://environment.data.gov.uk/water-quality/sampling-point/TH-PTHR0088/sample/1403024/observation/0077,TH-PTHR0088,THAMES AT HENLEY BRIDGE,-0.901,51.5391,Thames,THAMES - WEST THAMES,L&W NORTH - WT,OPEN,FRESHWATER - RIVERS,2024-01-18T12:01:00,ENVIRONMENTAL MONITORING STATUTORY (EU DIRECTIVES),RIVER / RUNNING SURFACE WATER,0077,Conductivity at 25 C,673,MICROSIEMENS PER CENTIMETRE
https://environment.data.gov.uk/water-quality/sampling-point/TH-PTHR0088/sample/1403024/observation/0085,TH-PTHR0088,THAMES AT HENLEY BRIDGE,-0.901,51.5391,Thames,THAMES - WEST THAMES,L&W NORTH - WT,OPEN,FRESHWATER - RIVERS,2024-01-18T12:01:00,ENVIRONMENTAL MONITORING STATUTORY (EU DIRECTIVES),RIVER / RUNNING SURFACE WATER,0085,BOD : 5 Day ATU,1.2,MILLIGRAM PER LITRE
https://environment.data.gov.uk/water-quality/sampling-point/TH-PTHR0088/sample/1403024/observation/0111,TH-PTHR0088,THAMES AT HENLEY BRIDGE,-0.901,51.5391,Thames,THAMES - WEST THAMES,L&W NORTH - WT,OPEN,FRESHWATER - RIVERS,2024-01-18T12:01:00,ENVIRONMENTAL MONITORING STATUTORY (EU DIRECTIVES),RIVER / RUNNING SURFACE WATER,0111,Ammoniacal Nitrogen as N,0.099,MILLIGRAM PER LITRE
https://environment.data.gov.uk/water-quality/sampling-point/TH-PTHR0088/sample/1403024/observation/0116,TH-PTHR0088,THAMES AT HENLEY BRIDGE,-0.901,51.5391,Thames,THAMES - WEST THAMES,L&W NORTH - WT,OPEN,FRESHWATER - RIVERS,2024-01-18T12:01:00,ENVIRONMENTAL MONITORING STATUTORY (EU DIRECTIVES),RIVER / RUNNING SURFACE WATER,0116,"Nitrogen, Total Oxidised as N",6.9,MILLIGRAM PER LITRE
https://environment.data.gov.uk/water-quality/sampling-point/TH-PTHR0088/sample/1403024/observation/0117,TH-PTHR0088,THAMES AT HENLEY BRIDGE,-0.901,51.5391,Thames,THAMES - WEST THAMES,L&W NORTH - WT,OPEN,FRESHWATER - RIVERS,2024-01-18T12:01:00,ENVIRONMENTAL MONITORING STATUTORY (EU DIRECTIVES),RIVER / RUNNING SURFACE WATER,0117,Nitrate as N,6.87,MILLIGRAM PER LITRE
https://environment.data.gov.uk/water-quality/sampling-point/TH-PTHR0088/sample/1403024/observation/0118,TH-PTHR0088,THAMES AT HENLEY BRIDGE,-0.901,51.5391,Thames,THAMES - WEST THAMES,L&W NORTH - WT,OPEN,FRESHWATER - RIVERS,2024-01-18T12:01:00,ENVIRONMENTAL MONITORING STATUTORY (EU DIRECTIVES),RIVER / RUNNING SURFACE WATER,0118,Nitrite as N,0.029,MILLIGRAM PER LITRE
https://environment.data.gov.uk/water-quality/sampling-point/TH-PTHR0088/sample/1403024/observation/0119,TH-PTHR0088,THAMES AT HENLEY BRIDGE,-0.901,51.5391,Thames,THAMES - WEST THAMES,L&W NORTH - WT,OPEN,FRESHWATER - RIVERS,2024-01-18T12:01:00,ENVIRONMENTAL MONITORING STATUTORY (EU DIRECTIVES),RIVER / RUNNING SURFACE WATER,0119,Ammonia un-ionised as N,0.00108,MILLIGRAM PER LITRE
https://environment.data.gov.uk/water-quality/sampling-point/TH-PTHR0088/sample/1403024/observation/0162,TH-PTHR0088,THAMES AT HENLEY BRIDGE,-0.901,51.5391,Thames,THAMES - WEST THAMES,L&W NORTH - WT,OPEN,FRESHWATER - RIVERS,2024-01-18T12:01:00,ENVIRONMENTAL MONITORING STATUTORY (EU DIRECTIVES),RIVER / RUNNING SURFACE WATER,0162,Alkalinity to pH 4.5 as CaCO3,250,MILLIGRAM PER LITRE
https://environment.data.gov.uk/water-quality/sampling-point/TH-PTHR0088/sample/1403024/observation/0180,TH-PTHR0088,THAMES AT HENLEY BRIDGE,-0.901,51.5391,Thames,THAMES - WEST THAMES,L&W NORTH - WT,OPEN,FRESHWATER - RIVERS,2024-01-18T12:01:00,ENVIRONMENTAL MONITORING STATUTORY (EU DIRECTIVES),RIVER / RUNNING SURFACE WATER,0180,"Orthophosphate, reactive as P",0.088,MILLIGRAM PER LITRE
https://environment.data.gov.uk/water-quality/sampling-point/TH-PTHR0088/sample/1403024/observation/9901,TH-PTHR0088,THAMES AT HENLEY BRIDGE,-0.901,51.5391,Thames,THAMES - WEST THAMES,L&W NORTH - WT,OPEN,FRESHWATER - RIVERS,2024-01-18T12:01:00,ENVIRONMENTAL MONITORING STATUTORY (EU DIRECTIVES),RIVER / RUNNING SURFACE WATER,9901,"Oxygen, Dissolved, % Saturation",100.3,PERCENTAGE
https://environment.data.gov.uk/water-quality/sampling-point/TH-PTHR0088/sample/1403024/observation/9924,TH-PTHR0088,THAMES AT HENLEY BRIDGE,-0.901,51.5391,Thames,THAMES - WEST THAMES,L&W NORTH - WT,OPEN,FRESHWATER - RIVERS,2024-01-18T12:01:00,ENVIRONMENTAL MONITORING STATUTORY (EU DIRECTIVES),RIVER / RUNNING SURFACE WATER,9924,"Oxygen, Dissolved as O2",13.5,MILLIGRAM PER LITRE
https://environment.data.gov.uk/water-quality/sampling-point/TH-PTHR0088/sample/1403520/observation/0061,TH-PTHR0088,THAMES AT HENLEY BRIDGE,-0.901,51.5391,Thames,THAMES - WEST THAMES,L&W NORTH - WT,OPEN,FRESHWATER - RIVERS,2024-02-05T13:58:00,ENVIRONMENTAL MONITORING STATUTORY (EU DIRECTIVES),RIVER / RUNNING SURFACE WATER,0061,pH,8.06,PH UNITS
https://environment.data.gov.uk/water-quality/sampling-point/TH-PTHR0088/sample/1403520/observation/0076,TH-PTHR0088,THAMES AT HENLEY BRIDGE,-0.901,51.5391,Thames,THAMES - WEST THAMES,L&W NORTH - WT,OPEN,FRESHWATER - RIVERS,2024-02-05T13:58:00,ENVIRONMENTAL MONITORING STATUTORY (EU DIRECTIVES),RIVER / RUNNING SURFACE WATER,0076,Temperature of Water,9.7,CELSIUS
https://environment.data.gov.uk/water-quality/sampling-point/TH-PTHR0088/sample/1403520/observation/0077,TH-PTHR0088,THAMES AT HENLEY BRIDGE,-0.901,51.5391,Thames,THAMES - WEST THAMES,L&W NORTH - WT,OPEN,FRESHWATER - RIVERS,2024-02-05T13:58:00,ENVIRONMENTAL MONITORING STATUTORY (EU DIRECTIVES),RIVER / RUNNING SURFACE WATER,0077,Conductivity at 25 C,662,MICROSIEMENS PER CENTIMETRE
https://environment.data.gov.uk/water-quality/sampling-point/TH-PTHR0088/sample/1403520/observation/0085,TH-PTHR0088,THAMES AT HENLEY BRIDGE,-0.901,51.5391,Thames,THAMES - WEST THAMES,L&W NORTH - WT,OPEN,FRESHWATER - RIVERS,2024-02-05T13:58:00,ENVIRONMENTAL MONITORING STATUTORY (EU DIRECTIVES),RIVER / RUNNING SURFACE WATER,0085,BOD : 5 Day ATU,1.1,MILLIGRAM PER LITRE
https://environment.data.gov.uk/water-quality/sampling-point/TH-PTHR0088/sample/1403520/observation/0111,TH-PTHR0088,THAMES AT HENLEY BRIDGE,-0.901,51.5391,Thames,THAMES - WEST THAMES,L&W NORTH - WT,OPEN,FRESHWATER - RIVERS,2024-02-05T13:58:00,ENVIRONMENTAL MONITORING STATUTORY (EU DIRECTIVES),RIVER / RUNNING SURFACE WATER,0111,Ammoniacal Nitrogen as N,0.082,MILLIGRAM PER LITRE
https://environment.data.gov.uk/water-quality/sampling-point/TH-PTHR0088/sample/1403520/observation/0116,TH-PTHR0088,THAMES AT HENLEY BRIDGE,-0.901,51.5391,Thames,THAMES - WEST THAMES,L&W NORTH - WT,OPEN,FRESHWATER - RIVERS,2024-02-05T13:58:00,ENVIRONMENTAL MONITORING STATUTORY (EU DIRECTIVES),RIVER / RUNNING SURFACE WATER,0116,"Nitrogen, Total Oxidised as N",7.2,MILLIGRAM PER LITRE
https://environment.data.gov.uk/water-quality/sampling-point/TH-PTHR0088/sample/1403520/observation/0117,TH-PTHR0088,THAMES AT HENLEY BRIDGE,-0.901,51.5391,Thames,THAMES - WEST THAMES,L&W NORTH - WT,OPEN,FRESHWATER - RIVERS,2024-02-05T13:58:00,ENVIRONMENTAL MONITORING STATUTORY (EU DIRECTIVES),RIVER / RUNNING SURFACE WATER,0117,Nitrate as N,7.17,MILLIGRAM PER LITRE
https://environment.data.gov.uk/water-quality/sampling-point/TH-PTHR0088/sample/1403520/observation/0118,TH-PTHR0088,THAMES AT HENLEY BRIDGE,-0.901,51.5391,Thames,THAMES - WEST THAMES,L&W NORTH - WT,OPEN,FRESHWATER - RIVERS,2024-02-05T13:58:00,ENVIRONMENTAL MONITORING STATUTORY (EU DIRECTIVES),RIVER / RUNNING SURFACE WATER,0118,Nitrite as N,0.03,MILLIGRAM PER LITRE
https://environment.data.gov.uk/water-quality/sampling-point/TH-PTHR0088/sample/1403520/observation/0119,TH-PTHR0088,THAMES AT HENLEY BRIDGE,-0.901,51.5391,Thames,THAMES - WEST THAMES,L&W NORTH - WT,OPEN,FRESHWATER - RIVERS,2024-02-05T13:58:00,ENVIRONMENTAL MONITORING STATUTORY (EU DIRECTIVES),RIVER / RUNNING SURFACE WATER,0119,Ammonia un-ionised as N,0.00146,MILLIGRAM PER LITRE
https://environment.data.gov.uk/water-quality/sampling-point/TH-PTHR0088/sample/1403520/observation/0162,TH-PTHR0088,THAMES AT HENLEY BRIDGE,-0.901,51.5391,Thames,THAMES - WEST THAMES,L&W NORTH - WT,OPEN,FRESHWATER - RIVERS,2024-02-05T13:58:00,ENVIRONMENTAL MONITORING STATUTORY (EU DIRECTIVES),RIVER / RUNNING SURFACE WATER,0162,Alkalinity to pH 4.5 as CaCO3,250,MILLIGRAM PER LITRE
https://environment.data.gov.uk/water-quality/sampling-point/TH-PTHR0088/sample/1403520/observation/0180,TH-PTHR0088,THAMES AT HENLEY BRIDGE,-0.901,51.5391,Thames,THAMES - WEST THAMES,L&W NORTH - WT,OPEN,FRESHWATER - RIVERS,2024-02-05T13:58:00,ENVIRONMENTAL MONITORING STATUTORY (EU DIRECTIVES),RIVER / RUNNING SURFACE WATER,0180,"Orthophosphate, reactive as P",0.1,MILLIGRAM PER LITRE
https://environment.data.gov.uk/water-quality/sampling-point/TH-PTHR0088/sample/1403520/observation/9901,TH-PTHR0088,THAMES AT HENLEY BRIDGE,-0.901,51.5391,Thames,THAMES - WEST THAMES,L&W NORTH - WT,OPEN,FRESHWATER - RIVERS,2024-02-05T13:58:00,ENVIRONMENTAL MONITORING STATUTORY (EU DIRECTIVES),RIVER / RUNNING SURFACE WATER,9901,"Oxygen, Dissolved, % Saturation",98.8,PERCENTAGE
https://environment.data.gov.uk/water-quality/sampling-point/TH-PTHR0088/sample/1403520/observation/9924,TH-PTHR0088,THAMES AT HENLEY BRIDGE,-0.901,51.5391,Thames,THAMES - WEST THAMES,L&W NORTH - WT,OPEN,FRESHWATER - RIVERS,2024-02-05T13:58:00,ENVIRONMENTAL MONITORING STATUTORY (EU DIRECTIVES),RIVER / RUNNING SURFACE WATER,9924,"Oxygen, Dissolved as O2",11.2,MILLIGRAM PER LITRE
https://environment.data.gov.uk/water-quality/sampling-point/TH-PTHR0088/sample/1404823/observation/0061,TH-PTHR0088,THAMES AT HENLEY BRIDGE,-0.901,51.5391,Thames,THAMES - WEST THAMES,L&W NORTH - WT,OPEN,FRESHWATER - RIVERS,2024-03-05T14:14:00,ENVIRONMENTAL MONITORING STATUTORY (EU DIRECTIVES),RIVER / RUNNING SURFACE WATER,0061,pH,8.2,PH UNITS
https://environment.data.gov.uk/water-quality/sampling-point/TH-PTHR0088/sample/1404823/observation/0076,TH-PTHR0088,THAMES AT HENLEY BRIDGE,-0.901,51.5391,Thames,THAMES - WEST THAMES,L&W NORTH - WT,OPEN,FRESHWATER - RIVERS,2024-03-05T14:14:00,ENVIRONMENTAL MONITORING STATUTORY (EU DIRECTIVES),RIVER / RUNNING SURFACE WATER,0076,Temperature of Water,8,CELSIUS
https://environment.data.gov.uk/water-quality/sampling-point/TH-PTHR0088/sample/1404823/observation/0077,TH-PTHR0088,THAMES AT HENLEY BRIDGE,-0.901,51.5391,Thames,THAMES - WEST THAMES,L&W NORTH - WT,OPEN,FRESHWATER - RIVERS,2024-03-05T14:14:00,ENVIRONMENTAL MONITORING STATUTORY (EU DIRECTIVES),RIVER / RUNNING SURFACE WATER,0077,Conductivity at 25 C,559,MICROSIEMENS PER CENTIMETRE
https://environment.data.gov.uk/water-quality/sampling-point/TH-PTHR0088/sample/1404823/observation/0085,TH-PTHR0088,THAMES AT HENLEY BRIDGE,-0.901,51.5391,Thames,THAMES - WEST THAMES,L&W NORTH - WT,OPEN,FRESHWATER - RIVERS,2024-03-05T14:14:00,ENVIRONMENTAL MONITORING STATUTORY (EU DIRECTIVES),RIVER / RUNNING SURFACE WATER,0085,BOD : 5 Day ATU,1.6,MILLIGRAM PER LITRE
https://environment.data.gov.uk/water-quality/sampling-point/TH-PTHR0088/sample/1404823/observation/0111,TH-PTHR0088,THAMES AT HENLEY BRIDGE,-0.901,51.5391,Thames,THAMES - WEST THAMES,L&W NORTH - WT,OPEN,FRESHWATER - RIVERS,2024-03-05T14:14:00,ENVIRONMENTAL MONITORING STATUTORY (EU DIRECTIVES),RIVER / RUNNING SURFACE WATER,0111,Ammoniacal Nitrogen as N,<0.03,MILLIGRAM PER LITRE
https://environment.data.gov.uk/water-quality/sampling-point/TH-PTHR0088/sample/1404823/observation/0116,TH-PTHR0088,THAMES AT HENLEY BRIDGE,-0.901,51.5391,Thames,THAMES - WEST THAMES,L&W NORTH - WT,OPEN,FRESHWATER - RIVERS,2024-03-05T14:14:00,ENVIRONMENTAL MONITORING STATUTORY (EU DIRECTIVES),RIVER / RUNNING SURFACE WATER,0116,"Nitrogen, Total Oxidised as N",4.5,MILLIGRAM PER LITRE
https://environment.data.gov.uk/water-quality/sampling-point/TH-PTHR0088/sample/1404823/observation/0117,TH-PTHR0088,THAMES AT HENLEY BRIDGE,-0.901,51.5391,Thames,THAMES - WEST THAMES,L&W NORTH - WT,OPEN,FRESHWATER - RIVERS,2024-03-05T14:14:00,ENVIRONMENTAL MONITORING STATUTORY (EU DIRECTIVES),RIVER / RUNNING SURFACE WATER,0117,Nitrate as N,4.48,MILLIGRAM PER LITRE
https://environment.data.gov.uk/water-quality/sampling-point/TH-PTHR0088/sample/1404823/observation/0118,TH-PTHR0088,THAMES AT HENLEY BRIDGE,-0.901,51.5391,Thames,THAMES - WEST THAMES,L&W NORTH - WT,OPEN,FRESHWATER - RIVERS,2024-03-05T14:14:00,ENVIRONMENTAL MONITORING STATUTORY (EU DIRECTIVES),RIVER / RUNNING SURFACE WATER,0118,Nitrite as N,0.023,MILLIGRAM PER LITRE
https://environment.data.gov.uk/water-quality/sampling-point/TH-PTHR0088/sample/1404823/observation/0119,TH-PTHR0088,THAMES AT HENLEY BRIDGE,-0.901,51.5391,Thames,THAMES - WEST THAMES,L&W NORTH - WT,OPEN,FRESHWATER - RIVERS,2024-03-05T14:14:00,ENVIRONMENTAL MONITORING STATUTORY (EU DIRECTIVES),RIVER / RUNNING SURFACE WATER,0119,Ammonia un-ionised as N,<0.00047,MILLIGRAM PER LITRE
https://environment.data.gov.uk/water-quality/sampling-point/TH-PTHR0088/sample/1404823/observation/0162,TH-PTHR0088,THAMES AT HENLEY BRIDGE,-0.901,51.5391,Thames,THAMES - WEST THAMES,L&W NORTH - WT,OPEN,FRESHWATER - RIVERS,2024-03-05T14:14:00,ENVIRONMENTAL MONITORING STATUTORY (EU DIRECTIVES),RIVER / RUNNING SURFACE WATER,0162,Alkalinity to pH 4.5 as CaCO3,210,MILLIGRAM PER LITRE
https://environment.data.gov.uk/water-quality/sampling-point/TH-PTHR0088/sample/1404823/observation/0180,TH-PTHR0088,THAMES AT HENLEY BRIDGE,-0.901,51.5391,Thames,THAMES - WEST THAMES,L&W NORTH - WT,OPEN,FRESHWATER - RIVERS,2024-03-05T14:14:00,ENVIRONMENTAL MONITORING STATUTORY (EU DIRECTIVES),RIVER / RUNNING SURFACE WATER,0180,"Orthophosphate, reactive as P",0.053,MILLIGRAM PER LITRE
https://environment.data.gov.uk/water-quality/sampling-point/TH-PTHR0088/sample/1404823/observation/9901,TH-PTHR0088,THAMES AT HENLEY BRIDGE,-0.901,51.5391,Thames,THAMES - WEST THAMES,L&W NORTH - WT,OPEN,FRESHWATER - RIVERS,2024-03-05T14:14:00,ENVIRONMENTAL MONITORING STATUTORY (EU DIRECTIVES),RIVER / RUNNING SURFACE WATER,9901,"Oxygen, Dissolved, % Saturation",101.9,PERCENTAGE
https://environment.data.gov.uk/water-quality/sampling-point/TH-PTHR0088/sample/1404823/observation/9924,TH-PTHR0088,THAMES AT HENLEY BRIDGE,-0.901,51.5391,Thames,THAMES - WEST THAMES,L&W NORTH - WT,OPEN,FRESHWATER - RIVERS,2024-03-05T14:14:00,ENVIRONMENTAL MONITORING STATUTORY (EU DIRECTIVES),RIVER / RUNNING SURFACE WATER,9924,"Oxygen, Dissolved as O2",12,MILLIGRAM PER LITRE
https://environment.data.gov.uk/water-quality/sampling-point/TH-PTHR0088/sample/1412048/observation/0061,TH-PTHR0088,THAMES AT HENLEY BRIDGE,-0.901,51.5391,Thames,THAMES - WEST THAMES,L&W NORTH - WT,OPEN,FRESHWATER - RIVERS,2024-06-24T11:20:00,ENVIRONMENTAL MONITORING STATUTORY (EU DIRECTIVES),RIVER / RUNNING SURFACE WATER,0061,pH,8.24,PH UNITS
https://environment.data.gov.uk/water-quality/sampling-point/TH-PTHR0088/sample/1412048/observation/0076,TH-PTHR0088,THAMES AT HENLEY BRIDGE,-0.901,51.5391,Thames,THAMES - WEST THAMES,L&W NORTH - WT,OPEN,FRESHWATER - RIVERS,2024-06-24T11:20:00,ENVIRONMENTAL MONITORING STATUTORY (EU DIRECTIVES),RIVER / RUNNING SURFACE WATER,0076,Temperature of Water,18.7,CELSIUS
https://environment.data.gov.uk/water-quality/sampling-point/TH-PTHR0088/sample/1412048/observation/0077,TH-PTHR0088,THAMES AT HENLEY BRIDGE,-0.901,51.5391,Thames,THAMES - WEST THAMES,L&W NORTH - WT,OPEN,FRESHWATER - RIVERS,2024-06-24T11:20:00,ENVIRONMENTAL MONITORING STATUTORY (EU DIRECTIVES),RIVER / RUNNING SURFACE WATER,0077,Conductivity at 25 C,664,MICROSIEMENS PER CENTIMETRE
https://environment.data.gov.uk/water-quality/sampling-point/TH-PTHR0088/sample/1412048/observation/0085,TH-PTHR0088,THAMES AT HENLEY BRIDGE,-0.901,51.5391,Thames,THAMES - WEST THAMES,L&W NORTH - WT,OPEN,FRESHWATER - RIVERS,2024-06-24T11:20:00,ENVIRONMENTAL MONITORING STATUTORY (EU DIRECTIVES),RIVER / RUNNING SURFACE WATER,0085,BOD : 5 Day ATU,<1,MILLIGRAM PER LITRE
https://environment.data.gov.uk/water-quality/sampling-point/TH-PTHR0088/sample/1412048/observation/0111,TH-PTHR0088,THAMES AT HENLEY BRIDGE,-0.901,51.5391,Thames,THAMES - WEST THAMES,L&W NORTH - WT,OPEN,FRESHWATER - RIVERS,2024-06-24T11:20:00,ENVIRONMENTAL MONITORING STATUTORY (EU DIRECTIVES),RIVER / RUNNING SURFACE WATER,0111,Ammoniacal Nitrogen as N,0.099,MILLIGRAM PER LITRE
https://environment.data.gov.uk/water-quality/sampling-point/TH-PTHR0088/sample/1412048/observation/0116,TH-PTHR0088,THAMES AT HENLEY BRIDGE,-0.901,51.5391,Thames,THAMES - WEST THAMES,L&W NORTH - WT,OPEN,FRESHWATER - RIVERS,2024-06-24T11:20:00,ENVIRONMENTAL MONITORING STATUTORY (EU DIRECTIVES),RIVER / RUNNING SURFACE WATER,0116,"Nitrogen, Total Oxidised as N",7,MILLIGRAM PER LITRE
https://environment.data.gov.uk/water-quality/sampling-point/TH-PTHR0088/sample/1412048/observation/0117,TH-PTHR0088,THAMES AT HENLEY BRIDGE,-0.901,51.5391,Thames,THAMES - WEST THAMES,L&W NORTH - WT,OPEN,FRESHWATER - RIVERS,2024-06-24T11:20:00,ENVIRONMENTAL MONITORING STATUTORY (EU DIRECTIVES),RIVER / RUNNING SURFACE WATER,0117,Nitrate as N,6.97,MILLIGRAM PER LITRE
https://environment.data.gov.uk/water-quality/sampling-point/TH-PTHR0088/sample/1412048/observation/0118,TH-PTHR0088,THAMES AT HENLEY BRIDGE,-0.901,51.5391,Thames,THAMES - WEST THAMES,L&W NORTH - WT,OPEN,FRESHWATER - RIVERS,2024-06-24T11:20:00,ENVIRONMENTAL MONITORING STATUTORY (EU DIRECTIVES),RIVER / RUNNING SURFACE WATER,0118,Nitrite as N,0.026,MILLIGRAM PER LITRE
https://environment.data.gov.uk/water-quality/sampling-point/TH-PTHR0088/sample/1412048/observation/0119,TH-PTHR0088,THAMES AT HENLEY BRIDGE,-0.901,51.5391,Thames,THAMES - WEST THAMES,L&W NORTH - WT,OPEN,FRESHWATER - RIVERS,2024-06-24T11:20:00,ENVIRONMENTAL MONITORING STATUTORY (EU DIRECTIVES),RIVER / RUNNING SURFACE WATER,0119,Ammonia un-ionised as N,0.0034,MILLIGRAM PER LITRE
https://environment.data.gov.uk/water-quality/sampling-point/TH-PTHR0088/sample/1412048/observation/0162,TH-PTHR0088,THAMES AT HENLEY BRIDGE,-0.901,51.5391,Thames,THAMES - WEST THAMES,L&W NORTH - WT,OPEN,FRESHWATER - RIVERS,2024-06-24T11:20:00,ENVIRONMENTAL MONITORING STATUTORY (EU DIRECTIVES),RIVER / RUNNING SURFACE WATER,0162,Alkalinity to pH 4.5 as CaCO3,240,MILLIGRAM PER LITRE
https://environment.data.gov.uk/water-quality/sampling-point/TH-PTHR0088/sample/1412048/observation/0180,TH-PTHR0088,THAMES AT HENLEY BRIDGE,-0.901,51.5391,Thames,THAMES - WEST THAMES,L&W NORTH - WT,OPEN,FRESHWATER - RIVERS,2024-06-24T11:20:00,ENVIRONMENTAL MONITORING STATUTORY (EU DIRECTIVES),RIVER / RUNNING SURFACE WATER,0180,"Orthophosphate, reactive as P",0.11,MILLIGRAM PER LITRE
https://environment.data.gov.uk/water-quality/sampling-point/TH-PTHR0088/sample/1412048/observation/9901,TH-PTHR0088,THAMES AT HENLEY BRIDGE,-0.901,51.5391,Thames,THAMES - WEST THAMES,L&W NORTH - WT,OPEN,FRESHWATER - RIVERS,2024-06-24T11:20:00,ENVIRONMENTAL MONITORING STATUTORY (EU DIRECTIVES),RIVER / RUNNING SURFACE WATER,9901,"Oxygen, Dissolved, % Saturation",108.5,PERCENTAGE
https://environment.data.gov.uk/water-quality/sampling-point/TH-PTHR0088/sample/1412048/observation/9924,TH-PTHR0088,THAMES AT HENLEY BRIDGE,-0.901,51.5391,Thames,THAMES - WEST THAMES,L&W NORTH - WT,OPEN,FRESHWATER - RIVERS,2024-06-24T11:20:00,ENVIRONMENTAL MONITORING STATUTORY (EU DIRECTIVES),RIVER / RUNNING SURFACE WATER,9924,"Oxygen, Dissolved as O2",10.1,MILLIGRAM PER LITRE
https://environment.data.gov.uk/water-quality/sampling-point/TH-PTHR0088/sample/1413383/observation/0061,TH-PTHR0088,THAMES AT HENLEY BRIDGE,-0.901,51.5391,Thames,THAMES - WEST THAMES,L&W NORTH - WT,OPEN,FRESHWATER - RIVERS,2024-07-15T13:28:00,ENVIRONMENTAL MONITORING STATUTORY (EU DIRECTIVES),RIVER / RUNNING SURFACE WATER,0061,pH,8.13,PH UNITS
https://environment.data.gov.uk/water-quality/sampling-point/TH-PTHR0088/sample/1413383/observation/0076,TH-PTHR0088,THAMES AT HENLEY BRIDGE,-0.901,51.5391,Thames,THAMES - WEST THAMES,L&W NORTH - WT,OPEN,FRESHWATER - RIVERS,2024-07-15T13:28:00,ENVIRONMENTAL MONITORING STATUTORY (EU DIRECTIVES),RIVER / RUNNING SURFACE WATER,0076,Temperature of Water,17.3,CELSIUS
https://environment.data.gov.uk/water-quality/sampling-point/TH-PTHR0088/sample/1413383/observation/0077,TH-PTHR0088,THAMES AT HENLEY BRIDGE,-0.901,51.5391,Thames,THAMES - WEST THAMES,L&W NORTH - WT,OPEN,FRESHWATER - RIVERS,2024-07-15T13:28:00,ENVIRONMENTAL MONITORING STATUTORY (EU DIRECTIVES),RIVER / RUNNING SURFACE WATER,0077,Conductivity at 25 C,648,MICROSIEMENS PER CENTIMETRE
https://environment.data.gov.uk/water-quality/sampling-point/TH-PTHR0088/sample/1413383/observation/0085,TH-PTHR0088,THAMES AT HENLEY BRIDGE,-0.901,51.5391,Thames,THAMES - WEST THAMES,L&W NORTH - WT,OPEN,FRESHWATER - RIVERS,2024-07-15T13:28:00,ENVIRONMENTAL MONITORING STATUTORY (EU DIRECTIVES),RIVER / RUNNING SURFACE WATER,0085,BOD : 5 Day ATU,<1,MILLIGRAM PER LITRE
https://environment.data.gov.uk/water-quality/sampling-point/TH-PTHR0088/sample/1413383/observation/0111,TH-PTHR0088,THAMES AT HENLEY BRIDGE,-0.901,51.5391,Thames,THAMES - WEST THAMES,L&W NORTH - WT,OPEN,FRESHWATER - RIVERS,2024-07-15T13:28:00,ENVIRONMENTAL MONITORING STATUTORY (EU DIRECTIVES),RIVER / RUNNING SURFACE WATER,0111,Ammoniacal Nitrogen as N,0.046,MILLIGRAM PER LITRE
https://environment.data.gov.uk/water-quality/sampling-point/TH-PTHR0088/sample/1413383/observation/0116,TH-PTHR0088,THAMES AT HENLEY BRIDGE,-0.901,51.5391,Thames,THAMES - WEST THAMES,L&W NORTH - WT,OPEN,FRESHWATER - RIVERS,2024-07-15T13:28:00,ENVIRONMENTAL MONITORING STATUTORY (EU DIRECTIVES),RIVER / RUNNING SURFACE WATER,0116,"Nitrogen, Total Oxidised as N",7,MILLIGRAM PER LITRE
https://environment.data.gov.uk/water-quality/sampling-point/TH-PTHR0088/sample/1413383/observation/0117,TH-PTHR0088,THAMES AT HENLEY BRIDGE,-0.901,51.5391,Thames,THAMES - WEST THAMES,L&W NORTH - WT,OPEN,FRESHWATER - RIVERS,2024-07-15T13:28:00,ENVIRONMENTAL MONITORING STATUTORY (EU DIRECTIVES),RIVER / RUNNING SURFACE WATER,0117,Nitrate as N,6.98,MILLIGRAM PER LITRE
https://environment.data.gov.uk/water-quality/sampling-point/TH-PTHR0088/sample/1413383/observation/0118,TH-PTHR0088,THAMES AT HENLEY BRIDGE,-0.901,51.5391,Thames,THAMES - WEST THAMES,L&W NORTH - WT,OPEN,FRESHWATER - RIVERS,2024-07-15T13:28:00,ENVIRONMENTAL MONITORING STATUTORY (EU DIRECTIVES),RIVER / RUNNING SURFACE WATER,0118,Nitrite as N,0.02,MILLIGRAM PER LITRE
https://environment.data.gov.uk/water-quality/sampling-point/TH-PTHR0088/sample/1413383/observation/0119,TH-PTHR0088,THAMES AT HENLEY BRIDGE,-0.901,51.5391,Thames,THAMES - WEST THAMES,L&W NORTH - WT,OPEN,FRESHWATER - RIVERS,2024-07-15T13:28:00,ENVIRONMENTAL MONITORING STATUTORY (EU DIRECTIVES),RIVER / RUNNING SURFACE WATER,0119,Ammonia un-ionised as N,0.00143,MILLIGRAM PER LITRE
https://environment.data.gov.uk/water-quality/sampling-point/TH-PTHR0088/sample/1413383/observation/0162,TH-PTHR0088,THAMES AT HENLEY BRIDGE,-0.901,51.5391,Thames,THAMES - WEST THAMES,L&W NORTH - WT,OPEN,FRESHWATER - RIVERS,2024-07-15T13:28:00,ENVIRONMENTAL MONITORING STATUTORY (EU DIRECTIVES),RIVER / RUNNING SURFACE WATER,0162,Alkalinity to pH 4.5 as CaCO3,210,MILLIGRAM PER LITRE
https://environment.data.gov.uk/water-quality/sampling-point/TH-PTHR0088/sample/1413383/observation/0180,TH-PTHR0088,THAMES AT HENLEY BRIDGE,-0.901,51.5391,Thames,THAMES - WEST THAMES,L&W NORTH - WT,OPEN,FRESHWATER - RIVERS,2024-07-15T13:28:00,ENVIRONMENTAL MONITORING STATUTORY (EU DIRECTIVES),RIVER / RUNNING SURFACE WATER,0180,"Orthophosphate, reactive as P",0.16,MILLIGRAM PER LITRE
https://environment.data.gov.uk/water-quality/sampling-point/TH-PTHR0088/sample/1413383/observation/9901,TH-PTHR0088,THAMES AT HENLEY BRIDGE,-0.901,51.5391,Thames,THAMES - WEST THAMES,L&W NORTH - WT,OPEN,FRESHWATER - RIVERS,2024-07-15T13:28:00,ENVIRONMENTAL MONITORING STATUTORY (EU DIRECTIVES),RIVER / RUNNING SURFACE WATER,9901,"Oxygen, Dissolved, % Saturation",100.8,PERCENTAGE
https://environment.data.gov.uk/water-quality/sampling-point/TH-PTHR0088/sample/1413383/observation/9924,TH-PTHR0088,THAMES AT HENLEY BRIDGE,-0.901,51.5391,Thames,THAMES - WEST THAMES,L&W NORTH - WT,OPEN,FRESHWATER - RIVERS,2024-07-15T13:28:00,ENVIRONMENTAL MONITORING STATUTORY (EU DIRECTIVES),RIVER / RUNNING SURFACE WATER,9924,"Oxygen, Dissolved as O2",9.66,MILLIGRAM PER LITRE
https://environment.data.gov.uk/water-quality/sampling-point/TH-PTHR0088/sample/1415257/observation/0061,TH-PTHR0088,THAMES AT HENLEY BRIDGE,-0.901,51.5391,Thames,THAMES - WEST THAMES,L&W NORTH - WT,OPEN,FRESHWATER - RIVERS,2024-08-21T14:20:00,ENVIRONMENTAL MONITORING STATUTORY (EU DIRECTIVES),RIVER / RUNNING SURFACE WATER,0061,pH,8.12,PH UNITS
https://environment.data.gov.uk/water-quality/sampling-point/TH-PTHR0088/sample/1415257/observation/0076,TH-PTHR0088,THAMES AT HENLEY BRIDGE,-0.901,51.5391,Thames,THAMES - WEST THAMES,L&W NORTH - WT,OPEN,FRESHWATER - RIVERS,2024-08-21T14:20:00,ENVIRONMENTAL MONITORING STATUTORY (EU DIRECTIVES),RIVER / RUNNING SURFACE WATER,0076,Temperature of Water,18.4,CELSIUS
https://environment.data.gov.uk/water-quality/sampling-point/TH-PTHR0088/sample/1415257/observation/0077,TH-PTHR0088,THAMES AT HENLEY BRIDGE,-0.901,51.5391,Thames,THAMES - WEST THAMES,L&W NORTH - WT,OPEN,FRESHWATER - RIVERS,2024-08-21T14:20:00,ENVIRONMENTAL MONITORING STATUTORY (EU DIRECTIVES),RIVER / RUNNING SURFACE WATER,0077,Conductivity at 25 C,678,MICROSIEMENS PER CENTIMETRE
https://environment.data.gov.uk/water-quality/sampling-point/TH-PTHR0088/sample/1415257/observation/0085,TH-PTHR0088,THAMES AT HENLEY BRIDGE,-0.901,51.5391,Thames,THAMES - WEST THAMES,L&W NORTH - WT,OPEN,FRESHWATER - RIVERS,2024-08-21T14:20:00,ENVIRONMENTAL MONITORING STATUTORY (EU DIRECTIVES),RIVER / RUNNING SURFACE WATER,0085,BOD : 5 Day ATU,1.2,MILLIGRAM PER LITRE
https://environment.data.gov.uk/water-quality/sampling-point/TH-PTHR0088/sample/1415257/observation/0111,TH-PTHR0088,THAMES AT HENLEY BRIDGE,-0.901,51.5391,Thames,THAMES - WEST THAMES,L&W NORTH - WT,OPEN,FRESHWATER - RIVERS,2024-08-21T14:20:00,ENVIRONMENTAL MONITORING STATUTORY (EU DIRECTIVES),RIVER / RUNNING SURFACE WATER,0111,Ammoniacal Nitrogen as N,<0.03,MILLIGRAM PER LITRE
https://environment.data.gov.uk/water-quality/sampling-point/TH-PTHR0088/sample/1415257/observation/0116,TH-PTHR0088,THAMES AT HENLEY BRIDGE,-0.901,51.5391,Thames,THAMES - WEST THAMES,L&W NORTH - WT,OPEN,FRESHWATER - RIVERS,2024-08-21T14:20:00,ENVIRONMENTAL MONITORING STATUTORY (EU DIRECTIVES),RIVER / RUNNING SURFACE WATER,0116,"Nitrogen, Total Oxidised as N",7.6,MILLIGRAM PER LITRE
https://environment.data.gov.uk/water-quality/sampling-point/TH-PTHR0088/sample/1415257/observation/0117,TH-PTHR0088,THAMES AT HENLEY BRIDGE,-0.901,51.5391,Thames,THAMES - WEST THAMES,L&W NORTH - WT,OPEN,FRESHWATER - RIVERS,2024-08-21T14:20:00,ENVIRONMENTAL MONITORING STATUTORY (EU DIRECTIVES),RIVER / RUNNING SURFACE WATER,0117,Nitrate as N,7.58,MILLIGRAM PER LITRE
https://environment.data.gov.uk/water-quality/sampling-point/TH-PTHR0088/sample/1415257/observation/0118,TH-PTHR0088,THAMES AT HENLEY BRIDGE,-0.901,51.5391,Thames,THAMES - WEST THAMES,L&W NORTH - WT,OPEN,FRESHWATER - RIVERS,2024-08-21T14:20:00,ENVIRONMENTAL MONITORING STATUTORY (EU DIRECTIVES),RIVER / RUNNING SURFACE WATER,0118,Nitrite as N,0.017,MILLIGRAM PER LITRE
https://environment.data.gov.uk/water-quality/sampling-point/TH-PTHR0088/sample/1415257/observation/0119,TH-PTHR0088,THAMES AT HENLEY BRIDGE,-0.901,51.5391,Thames,THAMES - WEST THAMES,L&W NORTH - WT,OPEN,FRESHWATER - RIVERS,2024-08-21T14:20:00,ENVIRONMENTAL MONITORING STATUTORY (EU DIRECTIVES),RIVER / RUNNING SURFACE WATER,0119,Ammonia un-ionised as N,<0.00101,MILLIGRAM PER LITRE
https://environment.data.gov.uk/water-quality/sampling-point/TH-PTHR0088/sample/1415257/observation/0162,TH-PTHR0088,THAMES AT HENLEY BRIDGE,-0.901,51.5391,Thames,THAMES - WEST THAMES,L&W NORTH - WT,OPEN,FRESHWATER - RIVERS,2024-08-21T14:20:00,ENVIRONMENTAL MONITORING STATUTORY (EU DIRECTIVES),RIVER / RUNNING SURFACE WATER,0162,Alkalinity to pH 4.5 as CaCO3,240,MILLIGRAM PER LITRE
https://environment.data.gov.uk/water-quality/sampling-point/TH-PTHR0088/sample/1415257/observation/0180,TH-PTHR0088,THAMES AT HENLEY BRIDGE,-0.901,51.5391,Thames,THAMES - WEST THAMES,L&W NORTH - WT,OPEN,FRESHWATER - RIVERS,2024-08-21T14:20:00,ENVIRONMENTAL MONITORING STATUTORY (EU DIRECTIVES),RIVER / RUNNING SURFACE WATER,0180,"Orthophosphate, reactive as P",0.17,MILLIGRAM PER LITRE
https://environment.data.gov.uk/water-quality/sampling-point/TH-PTHR0088/sample/1415257/observation/2921,TH-PTHR0088,THAMES AT HENLEY BRIDGE,-0.901,51.5391,Thames,THAMES - WEST THAMES,L&W NORTH - WT,OPEN,FRESHWATER - RIVERS,2024-08-21T14:20:00,ENVIRONMENTAL MONITORING STATUTORY (EU DIRECTIVES),RIVER / RUNNING SURFACE WATER,2921,Perfluoro-3-methoxypropanoic acid,<0.0005,MICROGRAM PER LITRE
https://environment.data.gov.uk/water-quality/sampling-point/TH-PTHR0088/sample/1415257/observation/2922,TH-PTHR0088,THAMES AT HENLEY BRIDGE,-0.901,51.5391,Thames,THAMES - WEST THAMES,L&W NORTH - WT,OPEN,FRESHWATER - RIVERS,2024-08-21T14:20:00,ENVIRONMENTAL MONITORING STATUTORY (EU DIRECTIVES),RIVER / RUNNING SURFACE WATER,2922,"Perfluoro-3,6-dioxaheptanoic acid",<0.0005,MICROGRAM PER LITRE
https://environment.data.gov.uk/water-quality/sampling-point/TH-PTHR0088/sample/1415257/observation/2923,TH-PTHR0088,THAMES AT HENLEY BRIDGE,-0.901,51.5391,Thames,THAMES - WEST THAMES,L&W NORTH - WT,OPEN,FRESHWATER - RIVERS,2024-08-21T14:20:00,ENVIRONMENTAL MONITORING STATUTORY (EU DIRECTIVES),RIVER / RUNNING SURFACE WATER,2923,Perfluoro(4-methoxybutanoic) acid,<0.0005,MICROGRAM PER LITRE
https://environment.data.gov.uk/water-quality/sampling-point/TH-PTHR0088/sample/1415257/observation/2924,TH-PTHR0088,THAMES AT HENLEY BRIDGE,-0.901,51.5391,Thames,THAMES - WEST THAMES,L&W NORTH - WT,OPEN,FRESHWATER - RIVERS,2024-08-21T14:20:00,ENVIRONMENTAL MONITORING STATUTORY (EU DIRECTIVES),RIVER / RUNNING SURFACE WATER,2924,Perfluoro(2-ethoxyethane)sulfonic acid,<0.0005,MICROGRAM PER LITRE
https://environment.data.gov.uk/water-quality/sampling-point/TH-PTHR0088/sample/1415257/observation/2925,TH-PTHR0088,THAMES AT HENLEY BRIDGE,-0.901,51.5391,Thames,THAMES - WEST THAMES,L&W NORTH - WT,OPEN,FRESHWATER - RIVERS,2024-08-21T14:20:00,ENVIRONMENTAL MONITORING STATUTORY (EU DIRECTIVES),RIVER / RUNNING SURFACE WATER,2925,3-Perfluoroheptylpropanoic acid,<0.0005,MICROGRAM PER LITRE
https://environment.data.gov.uk/water-quality/sampling-point/TH-PTHR0088/sample/1415257/observation/2926,TH-PTHR0088,THAMES AT HENLEY BRIDGE,-0.901,51.5391,Thames,THAMES - WEST THAMES,L&W NORTH - WT,OPEN,FRESHWATER - RIVERS,2024-08-21T14:20:00,ENVIRONMENTAL MONITORING STATUTORY (EU DIRECTIVES),RIVER / RUNNING SURFACE WATER,2926,3:3 Fluorotelomer carboxylic acid,<0.004,MICROGRAM PER LITRE
https://environment.data.gov.uk/water-quality/sampling-point/TH-PTHR0088/sample/1415257/observation/2942,TH-PTHR0088,THAMES AT HENLEY BRIDGE,-0.901,51.5391,Thames,THAMES - WEST THAMES,L&W NORTH - WT,OPEN,FRESHWATER - RIVERS,2024-08-21T14:20:00,ENVIRONMENTAL MONITORING STATUTORY (EU DIRECTIVES),RIVER / RUNNING SURFACE WATER,2942,2-(N-Ethylperfluorooctanesulfonamido)acetic acid (B),<0.001,MICROGRAM PER LITRE
https://environment.data.gov.uk/water-quality/sampling-point/TH-PTHR0088/sample/1415257/observation/2943,TH-PTHR0088,THAMES AT HENLEY BRIDGE,-0.901,51.5391,Thames,THAMES - WEST THAMES,L&W NORTH - WT,OPEN,FRESHWATER - RIVERS,2024-08-21T14:20:00,ENVIRONMENTAL MONITORING STATUTORY (EU DIRECTIVES),RIVER / RUNNING SURFACE WATER,2943,2-(N-Methylperfluorooctanesulfonamido)acetic acid (B),<0.002,MICROGRAM PER LITRE
https://environment.data.gov.uk/water-quality/sampling-point/TH-PTHR0088/sample/1415257/observation/2944,TH-PTHR0088,THAMES AT HENLEY BRIDGE,-0.901,51.5391,Thames,THAMES - WEST THAMES,L&W NORTH - WT,OPEN,FRESHWATER - RIVERS,2024-08-21T14:20:00,ENVIRONMENTAL MONITORING STATUTORY (EU DIRECTIVES),RIVER / RUNNING SURFACE WATER,2944,Perfluorohexanesulfonic acid (B),<0.0005,MICROGRAM PER LITRE
https://environment.data.gov.uk/water-quality/sampling-point/TH-PTHR0088/sample/1415257/observation/2953,TH-PTHR0088,THAMES AT HENLEY BRIDGE,-0.901,51.5391,Thames,THAMES - WEST THAMES,L&W NORTH - WT,OPEN,FRESHWATER - RIVERS,2024-08-21T14:20:00,ENVIRONMENTAL MONITORING STATUTORY (EU DIRECTIVES),RIVER / RUNNING SURFACE WATER,2953,Perfluoroundecane sulfonic acid,<0.004,MICROGRAM PER LITRE
https://environment.data.gov.uk/water-quality/sampling-point/TH-PTHR0088/sample/1415257/observation/2955,TH-PTHR0088,THAMES AT HENLEY BRIDGE,-0.901,51.5391,Thames,THAMES - WEST THAMES,L&W NORTH - WT,OPEN,FRESHWATER - RIVERS,2024-08-21T14:20:00,ENVIRONMENTAL MONITORING STATUTORY (EU DIRECTIVES),RIVER / RUNNING SURFACE WATER,2955,Perfluorotridecanoic acid,<0.005,MICROGRAM PER LITRE
https://environment.data.gov.uk/water-quality/sampling-point/TH-PTHR0088/sample/1415257/observation/2957,TH-PTHR0088,THAMES AT HENLEY BRIDGE,-0.901,51.5391,Thames,THAMES - WEST THAMES,L&W NORTH - WT,OPEN,FRESHWATER - RIVERS,2024-08-21T14:20:00,ENVIRONMENTAL MONITORING STATUTORY (EU DIRECTIVES),RIVER / RUNNING SURFACE WATER,2957,Perfluoropentanesulfonic acid,<0.0005,MICROGRAM PER LITRE
https://environment.data.gov.uk/water-quality/sampling-point/TH-PTHR0088/sample/1415257/observation/2959,TH-PTHR0088,THAMES AT HENLEY BRIDGE,-0.901,51.5391,Thames,THAMES - WEST THAMES,L&W NORTH - WT,OPEN,FRESHWATER - RIVERS,2024-08-21T14:20:00,ENVIRONMENTAL MONITORING STATUTORY (EU DIRECTIVES),RIVER / RUNNING SURFACE WATER,2959,Perfluorooctanesulfonic acid (linear),0.0028,MICROGRAM PER LITRE
https://environment.data.gov.uk/water-quality/sampling-point/TH-PTHR0088/sample/1415257/observation/2960,TH-PTHR0088,THAMES AT HENLEY BRIDGE,-0.901,51.5391,Thames,THAMES - WEST THAMES,L&W NORTH - WT,OPEN,FRESHWATER - RIVERS,2024-08-21T14:20:00,ENVIRONMENTAL MONITORING STATUTORY (EU DIRECTIVES),RIVER / RUNNING SURFACE WATER,2960,Perfluorooctanesulfonic acid (branched),0.0015,MICROGRAM PER LITRE
https://environment.data.gov.uk/water-quality/sampling-point/TH-PTHR0088/sample/1415257/observation/2961,TH-PTHR0088,THAMES AT HENLEY BRIDGE,-0.901,51.5391,Thames,THAMES - WEST THAMES,L&W NORTH - WT,OPEN,FRESHWATER - RIVERS,2024-08-21T14:20:00,ENVIRONMENTAL MONITORING STATUTORY (EU DIRECTIVES),RIVER / RUNNING SURFACE WATER,2961,Perfluorooctanesulfonamide,<0.001,MICROGRAM PER LITRE
https://environment.data.gov.uk/water-quality/sampling-point/TH-PTHR0088/sample/1415257/observation/2962,TH-PTHR0088,THAMES AT HENLEY BRIDGE,-0.901,51.5391,Thames,THAMES - WEST THAMES,L&W NORTH - WT,OPEN,FRESHWATER - RIVERS,2024-08-21T14:20:00,ENVIRONMENTAL MONITORING STATUTORY (EU DIRECTIVES),RIVER / RUNNING SURFACE WATER,2962,Perfluorooctadecanoic acid,<0.002,MICROGRAM PER LITRE
https://environment.data.gov.uk/water-quality/sampling-point/TH-PTHR0088/sample/1415257/observation/2963,TH-PTHR0088,THAMES AT HENLEY BRIDGE,-0.901,51.5391,Thames,THAMES - WEST THAMES,L&W NORTH - WT,OPEN,FRESHWATER - RIVERS,2024-08-21T14:20:00,ENVIRONMENTAL MONITORING STATUTORY (EU DIRECTIVES),RIVER / RUNNING SURFACE WATER,2963,Perfluorononanesulfonic acid,<0.0005,MICROGRAM PER LITRE
https://environment.data.gov.uk/water-quality/sampling-point/TH-PTHR0088/sample/1415257/observation/2964,TH-PTHR0088,THAMES AT HENLEY BRIDGE,-0.901,51.5391,Thames,THAMES - WEST THAMES,L&W NORTH - WT,OPEN,FRESHWATER - RIVERS,2024-08-21T14:20:00,ENVIRONMENTAL MONITORING STATUTORY (EU DIRECTIVES),RIVER / RUNNING SURFACE WATER,2964,Perfluorohexanesulfonic acid (L),0.0026,MICROGRAM PER LITRE
https://environment.data.gov.uk/water-quality/sampling-point/TH-PTHR0088/sample/1415257/observation/2965,TH-PTHR0088,THAMES AT HENLEY BRIDGE,-0.901,51.5391,Thames,THAMES - WEST THAMES,L&W NORTH - WT,OPEN,FRESHWATER - RIVERS,2024-08-21T14:20:00,ENVIRONMENTAL MONITORING STATUTORY (EU DIRECTIVES),RIVER / RUNNING SURFACE WATER,2965,Perfluorohexanesulfonamide,<0.0005,MICROGRAM PER LITRE
https://environment.data.gov.uk/water-quality/sampling-point/TH-PTHR0088/sample/1415257/observation/2967,TH-PTHR0088,THAMES AT HENLEY BRIDGE,-0.901,51.5391,Thames,THAMES - WEST THAMES,L&W NORTH - WT,OPEN,FRESHWATER - RIVERS,2024-08-21T14:20:00,ENVIRONMENTAL MONITORING STATUTORY (EU DIRECTIVES),RIVER / RUNNING SURFACE WATER,2967,Perfluoroheptanesulfonic acid,<0.0005,MICROGRAM PER LITRE
https://environment.data.gov.uk/water-quality/sampling-point/TH-PTHR0088/sample/1415257/observation/2968,TH-PTHR0088,THAMES AT HENLEY BRIDGE,-0.901,51.5391,Thames,THAMES - WEST THAMES,L&W NORTH - WT,OPEN,FRESHWATER - RIVERS,2024-08-21T14:20:00,ENVIRONMENTAL MONITORING STATUTORY (EU DIRECTIVES),RIVER / RUNNING SURFACE WATER,2968,Perfluorododecane sulfonic acid,<0.005,MICROGRAM PER LITRE
https://environment.data.gov.uk/water-quality/sampling-point/TH-PTHR0088/sample/1415257/observation/2969,TH-PTHR0088,THAMES AT HENLEY BRIDGE,-0.901,51.5391,Thames,THAMES - WEST THAMES,L&W NORTH - WT,OPEN,FRESHWATER - RIVERS,2024-08-21T14:20:00,ENVIRONMENTAL MONITORING STATUTORY (EU DIRECTIVES),RIVER / RUNNING SURFACE WATER,2969,Perfluorodecanesulfonic acid,<0.002,MICROGRAM PER LITRE
https://environment.data.gov.uk/water-quality/sampling-point/TH-PTHR0088/sample/1415257/observation/2970,TH-PTHR0088,THAMES AT HENLEY BRIDGE,-0.901,51.5391,Thames,THAMES - WEST THAMES,L&W NORTH - WT,OPEN,FRESHWATER - RIVERS,2024-08-21T14:20:00,ENVIRONMENTAL MONITORING STATUTORY (EU DIRECTIVES),RIVER / RUNNING SURFACE WATER,2970,Perfluorobutylsulfonamide (perfluorobutane sulfonamide),0.00057,MICROGRAM PER LITRE
https://environment.data.gov.uk/water-quality/sampling-point/TH-PTHR0088/sample/1415257/observation/2972,TH-PTHR0088,THAMES AT HENLEY BRIDGE,-0.901,51.5391,Thames,THAMES - WEST THAMES,L&W NORTH - WT,OPEN,FRESHWATER - RIVERS,2024-08-21T14:20:00,ENVIRONMENTAL MONITORING STATUTORY (EU DIRECTIVES),RIVER / RUNNING SURFACE WATER,2972,Perfluorobutanesulfonic acid,0.0023,MICROGRAM PER LITRE
https://environment.data.gov.uk/water-quality/sampling-point/TH-PTHR0088/sample/1415257/observation/2973,TH-PTHR0088,THAMES AT HENLEY BRIDGE,-0.901,51.5391,Thames,THAMES - WEST THAMES,L&W NORTH - WT,OPEN,FRESHWATER - RIVERS,2024-08-21T14:20:00,ENVIRONMENTAL MONITORING STATUTORY (EU DIRECTIVES),RIVER / RUNNING SURFACE WATER,2973,Perfluoro-4-ethylcyclohexanesulfonic acid,<0.0005,MICROGRAM PER LITRE
https://environment.data.gov.uk/water-quality/sampling-point/TH-PTHR0088/sample/1415257/observation/2975,TH-PTHR0088,THAMES AT HENLEY BRIDGE,-0.901,51.5391,Thames,THAMES - WEST THAMES,L&W NORTH - WT,OPEN,FRESHWATER - RIVERS,2024-08-21T14:20:00,ENVIRONMENTAL MONITORING STATUTORY (EU DIRECTIVES),RIVER / RUNNING SURFACE WATER,2975,N-methylperfluorooctanesulfonamide,<0.002,MICROGRAM PER LITRE
https://environment.data.gov.uk/water-quality/sampling-point/TH-PTHR0088/sample/1415257/observation/2977,TH-PTHR0088,THAMES AT HENLEY BRIDGE,-0.901,51.5391,Thames,THAMES - WEST THAMES,L&W NORTH - WT,OPEN,FRESHWATER - RIVERS,2024-08-21T14:20:00,ENVIRONMENTAL MONITORING STATUTORY (EU DIRECTIVES),RIVER / RUNNING SURFACE WATER,2977,N-Ethylperfluorooctanesulfonamide,<0.002,MICROGRAM PER LITRE
https://environment.data.gov.uk/water-quality/sampling-point/TH-PTHR0088/sample/1415257/observation/2981,TH-PTHR0088,THAMES AT HENLEY BRIDGE,-0.901,51.5391,Thames,THAMES - WEST THAMES,L&W NORTH - WT,OPEN,FRESHWATER - RIVERS,2024-08-21T14:20:00,ENVIRONMENTAL MONITORING STATUTORY (EU DIRECTIVES),RIVER / RUNNING SURFACE WATER,2981,Hexafluoropropylene oxide dimer acid (Gen X),<0.001,MICROGRAM PER LITRE
https://environment.data.gov.uk/water-quality/sampling-point/TH-PTHR0088/sample/1415257/observation/2982,TH-PTHR0088,THAMES AT HENLEY BRIDGE,-0.901,51.5391,Thames,THAMES - WEST THAMES,L&W NORTH - WT,OPEN,FRESHWATER - RIVERS,2024-08-21T14:20:00,ENVIRONMENTAL MONITORING STATUTORY (EU DIRECTIVES),RIVER / RUNNING SURFACE WATER,2982,9-chlorohexadecafluoro-3-oxanonane-1-sulfonic acid,<0.0005,MICROGRAM PER LITRE
https://environment.data.gov.uk/water-quality/sampling-point/TH-PTHR0088/sample/1415257/observation/2983,TH-PTHR0088,THAMES AT HENLEY BRIDGE,-0.901,51.5391,Thames,THAMES - WEST THAMES,L&W NORTH - WT,OPEN,FRESHWATER - RIVERS,2024-08-21T14:20:00,ENVIRONMENTAL MONITORING STATUTORY (EU DIRECTIVES),RIVER / RUNNING SURFACE WATER,2983,8:2 Fluorotelomer sulfonic acid,<0.001,MICROGRAM PER LITRE
https://environment.data.gov.uk/water-quality/sampling-point/TH-PTHR0088/sample/1415257/observation/2984,TH-PTHR0088,THAMES AT HENLEY BRIDGE,-0.901,51.5391,Thames,THAMES - WEST THAMES,L&W NORTH - WT,OPEN,FRESHWATER - RIVERS,2024-08-21T14:20:00,ENVIRONMENTAL MONITORING STATUTORY (EU DIRECTIVES),RIVER / RUNNING SURFACE WATER,2984,6:2 Fluorotelomer sulfonic acid,<0.001,MICROGRAM PER LITRE
https://environment.data.gov.uk/water-quality/sampling-point/TH-PTHR0088/sample/1415257/observation/2987,TH-PTHR0088,THAMES AT HENLEY BRIDGE,-0.901,51.5391,Thames,THAMES - WEST THAMES,L&W NORTH - WT,OPEN,FRESHWATER - RIVERS,2024-08-21T14:20:00,ENVIRONMENTAL MONITORING STATUTORY (EU DIRECTIVES),RIVER / RUNNING SURFACE WATER,2987,4:2 Fluorotelomer sulfonic acid,<0.0005,MICROGRAM PER LITRE
https://environment.data.gov.uk/water-quality/sampling-point/TH-PTHR0088/sample/1415257/observation/2988,TH-PTHR0088,THAMES AT HENLEY BRIDGE,-0.901,51.5391,Thames,THAMES - WEST THAMES,L&W NORTH - WT,OPEN,FRESHWATER - RIVERS,2024-08-21T14:20:00,ENVIRONMENTAL MONITORING STATUTORY (EU DIRECTIVES),RIVER / RUNNING SURFACE WATER,2988,"4,8-Dioxa-3H-perfluorononanoic acid (ADONA)",<0.005,MICROGRAM PER LITRE
https://environment.data.gov.uk/water-quality/sampling-point/TH-PTHR0088/sample/1415257/observation/2989,TH-PTHR0088,THAMES AT HENLEY BRIDGE,-0.901,51.5391,Thames,THAMES - WEST THAMES,L&W NORTH - WT,OPEN,FRESHWATER - RIVERS,2024-08-21T14:20:00,ENVIRONMENTAL MONITORING STATUTORY (EU DIRECTIVES),RIVER / RUNNING SURFACE WATER,2989,"2H,2H,3H,3H-Perfluorooctanoic acid",<0.001,MICROGRAM PER LITRE
https://environment.data.gov.uk/water-quality/sampling-point/TH-PTHR0088/sample/1415257/observation/2990,TH-PTHR0088,THAMES AT HENLEY BRIDGE,-0.901,51.5391,Thames,THAMES - WEST THAMES,L&W NORTH - WT,OPEN,FRESHWATER - RIVERS,2024-08-21T14:20:00,ENVIRONMENTAL MONITORING STATUTORY (EU DIRECTIVES),RIVER / RUNNING SURFACE WATER,2990,2-(N-Methylperfluorooctanesulfonamido)acetic acid (L),<0.0005,MICROGRAM PER LITRE
https://environment.data.gov.uk/water-quality/sampling-point/TH-PTHR0088/sample/1415257/observation/2991,TH-PTHR0088,THAMES AT HENLEY BRIDGE,-0.901,51.5391,Thames,THAMES - WEST THAMES,L&W NORTH - WT,OPEN,FRESHWATER - RIVERS,2024-08-21T14:20:00,ENVIRONMENTAL MONITORING STATUTORY (EU DIRECTIVES),RIVER / RUNNING SURFACE WATER,2991,2-(N-Ethylperfluorooctanesulfonamido)acetic acid (L),<0.001,MICROGRAM PER LITRE
https://environment.data.gov.uk/water-quality/sampling-point/TH-PTHR0088/sample/1415257/observation/2993,TH-PTHR0088,THAMES AT HENLEY BRIDGE,-0.901,51.5391,Thames,THAMES - WEST THAMES,L&W NORTH - WT,OPEN,FRESHWATER - RIVERS,2024-08-21T14:20:00,ENVIRONMENTAL MONITORING STATUTORY (EU DIRECTIVES),RIVER / RUNNING SURFACE WATER,2993,11-chloroeicosafluoro-3-oxaundecane-1-sulfonic acid (F-53B Minor),<0.001,MICROGRAM PER LITRE
https://environment.data.gov.uk/water-quality/sampling-point/TH-PTHR0088/sample/1415257/observation/2995,TH-PTHR0088,THAMES AT HENLEY BRIDGE,-0.901,51.5391,Thames,THAMES - WEST THAMES,L&W NORTH - WT,OPEN,FRESHWATER - RIVERS,2024-08-21T14:20:00,ENVIRONMENTAL MONITORING STATUTORY (EU DIRECTIVES),RIVER / RUNNING SURFACE WATER,2995,Perfluorobutanoic acid,0.0022,MICROGRAM PER LITRE
https://environment.data.gov.uk/water-quality/sampling-point/TH-PTHR0088/sample/1415257/observation/8887,TH-PTHR0088,THAMES AT HENLEY BRIDGE,-0.901,51.5391,Thames,THAMES - WEST THAMES,L&W NORTH - WT,OPEN,FRESHWATER - RIVERS,2024-08-21T14:20:00,ENVIRONMENTAL MONITORING STATUTORY (EU DIRECTIVES),RIVER / RUNNING SURFACE WATER,8887,Perfluoropentanoic acid,0.0041,MICROGRAM PER LITRE
https://environment.data.gov.uk/water-quality/sampling-point/TH-PTHR0088/sample/1415257/observation/8888,TH-PTHR0088,THAMES AT HENLEY BRIDGE,-0.901,51.5391,Thames,THAMES - WEST THAMES,L&W NORTH - WT,OPEN,FRESHWATER - RIVERS,2024-08-21T14:20:00,ENVIRONMENTAL MONITORING STATUTORY (EU DIRECTIVES),RIVER / RUNNING SURFACE WATER,8888,Perfluorohexanoic acid,0.0031,MICROGRAM PER LITRE
https://environment.data.gov.uk/water-quality/sampling-point/TH-PTHR0088/sample/1415257/observation/8889,TH-PTHR0088,THAMES AT HENLEY BRIDGE,-0.901,51.5391,Thames,THAMES - WEST THAMES,L&W NORTH - WT,OPEN,FRESHWATER - RIVERS,2024-08-21T14:20:00,ENVIRONMENTAL MONITORING STATUTORY (EU DIRECTIVES),RIVER / RUNNING SURFACE WATER,8889,Perfluoroheptanoic acid,0.0012,MICROGRAM PER LITRE
https://environment.data.gov.uk/water-quality/sampling-point/TH-PTHR0088/sample/1415257/observation/8890,TH-PTHR0088,THAMES AT HENLEY BRIDGE,-0.901,51.5391,Thames,THAMES - WEST THAMES,L&W NORTH - WT,OPEN,FRESHWATER - RIVERS,2024-08-21T14:20:00,ENVIRONMENTAL MONITORING STATUTORY (EU DIRECTIVES),RIVER / RUNNING SURFACE WATER,8890,Perfluorooctanoic acid,0.0019,MICROGRAM PER LITRE
https://environment.data.gov.uk/water-quality/sampling-point/TH-PTHR0088/sample/1415257/observation/8891,TH-PTHR0088,THAMES AT HENLEY BRIDGE,-0.901,51.5391,Thames,THAMES - WEST THAMES,L&W NORTH - WT,OPEN,FRESHWATER - RIVERS,2024-08-21T14:20:00,ENVIRONMENTAL MONITORING STATUTORY (EU DIRECTIVES),RIVER / RUNNING SURFACE WATER,8891,Perfluorononanoic acid,<0.001,MICROGRAM PER LITRE
https://environment.data.gov.uk/water-quality/sampling-point/TH-PTHR0088/sample/1415257/observation/8892,TH-PTHR0088,THAMES AT HENLEY BRIDGE,-0.901,51.5391,Thames,THAMES - WEST THAMES,L&W NORTH - WT,OPEN,FRESHWATER - RIVERS,2024-08-21T14:20:00,ENVIRONMENTAL MONITORING STATUTORY (EU DIRECTIVES),RIVER / RUNNING SURFACE WATER,8892,Perfluorodecanoic acid,<0.002,MICROGRAM PER LITRE
https://environment.data.gov.uk/water-quality/sampling-point/TH-PTHR0088/sample/1415257/observation/8893,TH-PTHR0088,THAMES AT HENLEY BRIDGE,-0.901,51.5391,Thames,THAMES - WEST THAMES,L&W NORTH - WT,OPEN,FRESHWATER - RIVERS,2024-08-21T14:20:00,ENVIRONMENTAL MONITORING STATUTORY (EU DIRECTIVES),RIVER / RUNNING SURFACE WATER,8893,Perfluoroundecanoic acid,<0.002,MICROGRAM PER LITRE
https://environment.data.gov.uk/water-quality/sampling-point/TH-PTHR0088/sample/1415257/observation/8894,TH-PTHR0088,THAMES AT HENLEY BRIDGE,-0.901,51.5391,Thames,THAMES - WEST THAMES,L&W NORTH - WT,OPEN,FRESHWATER - RIVERS,2024-08-21T14:20:00,ENVIRONMENTAL MONITORING STATUTORY (EU DIRECTIVES),RIVER / RUNNING SURFACE WATER,8894,Perfluorododecanoic acid,<0.002,MICROGRAM PER LITRE
https://environment.data.gov.uk/water-quality/sampling-point/TH-PTHR0088/sample/1415257/observation/8895,TH-PTHR0088,THAMES AT HENLEY BRIDGE,-0.901,51.5391,Thames,THAMES - WEST THAMES,L&W NORTH - WT,OPEN,FRESHWATER - RIVERS,2024-08-21T14:20:00,ENVIRONMENTAL MONITORING STATUTORY (EU DIRECTIVES),RIVER / RUNNING SURFACE WATER,8895,Perfluorotetradecanoic acid,<0.006,MICROGRAM PER LITRE
https://environment.data.gov.uk/water-quality/sampling-point/TH-PTHR0088/sample/1415257/observation/9901,TH-PTHR0088,THAMES AT HENLEY BRIDGE,-0.901,51.5391,Thames,THAMES - WEST THAMES,L&W NORTH - WT,OPEN,FRESHWATER - RIVERS,2024-08-21T14:20:00,ENVIRONMENTAL MONITORING STATUTORY (EU DIRECTIVES),RIVER / RUNNING SURFACE WATER,9901,"Oxygen, Dissolved, % Saturation",105,PERCENTAGE
https://environment.data.gov.uk/water-quality/sampling-point/TH-PTHR0088/sample/1415257/observation/9924,TH-PTHR0088,THAMES AT HENLEY BRIDGE,-0.901,51.5391,Thames,THAMES - WEST THAMES,L&W NORTH - WT,OPEN,FRESHWATER - RIVERS,2024-08-21T14:20:00,ENVIRONMENTAL MONITORING STATUTORY (EU DIRECTIVES),RIVER / RUNNING SURFACE WATER,9924,"Oxygen, Dissolved as O2",9.83,MILLIGRAM PER LITRE
https://environment.data.gov.uk/water-quality/sampling-point/TH-PTHR0088/sample/1416202/observation/0061,TH-PTHR0088,THAMES AT HENLEY BRIDGE,-0.901,51.5391,Thames,THAMES - WEST THAMES,L&W NORTH - WT,OPEN,FRESHWATER - RIVERS,2024-09-06T11:51:00,ENVIRONMENTAL MONITORING STATUTORY (EU DIRECTIVES),RIVER / RUNNING SURFACE WATER,0061,pH,7.76,PH UNITS
https://environment.data.gov.uk/water-quality/sampling-point/TH-PTHR0088/sample/1416202/observation/0076,TH-PTHR0088,THAMES AT HENLEY BRIDGE,-0.901,51.5391,Thames,THAMES - WEST THAMES,L&W NORTH - WT,OPEN,FRESHWATER - RIVERS,2024-09-06T11:51:00,ENVIRONMENTAL MONITORING STATUTORY (EU DIRECTIVES),RIVER / RUNNING SURFACE WATER,0076,Temperature of Water,17.5,CELSIUS
https://environment.data.gov.uk/water-quality/sampling-point/TH-PTHR0088/sample/1416202/observation/0077,TH-PTHR0088,THAMES AT HENLEY BRIDGE,-0.901,51.5391,Thames,THAMES - WEST THAMES,L&W NORTH - WT,OPEN,FRESHWATER - RIVERS,2024-09-06T11:51:00,ENVIRONMENTAL MONITORING STATUTORY (EU DIRECTIVES),RIVER / RUNNING SURFACE WATER,0077,Conductivity at 25 C,664,MICROSIEMENS PER CENTIMETRE
https://environment.data.gov.uk/water-quality/sampling-point/TH-PTHR0088/sample/1416202/observation/0085,TH-PTHR0088,THAMES AT HENLEY BRIDGE,-0.901,51.5391,Thames,THAMES - WEST THAMES,L&W NORTH - WT,OPEN,FRESHWATER - RIVERS,2024-09-06T11:51:00,ENVIRONMENTAL MONITORING STATUTORY (EU DIRECTIVES),RIVER / RUNNING SURFACE WATER,0085,BOD : 5 Day ATU,<1,MILLIGRAM PER LITRE
https://environment.data.gov.uk/water-quality/sampling-point/TH-PTHR0088/sample/1416202/observation/0111,TH-PTHR0088,THAMES AT HENLEY BRIDGE,-0.901,51.5391,Thames,THAMES - WEST THAMES,L&W NORTH - WT,OPEN,FRESHWATER - RIVERS,2024-09-06T11:51:00,ENVIRONMENTAL MONITORING STATUTORY (EU DIRECTIVES),RIVER / RUNNING SURFACE WATER,0111,Ammoniacal Nitrogen as N,0.25,MILLIGRAM PER LITRE
https://environment.data.gov.uk/water-quality/sampling-point/TH-PTHR0088/sample/1416202/observation/0116,TH-PTHR0088,THAMES AT HENLEY BRIDGE,-0.901,51.5391,Thames,THAMES - WEST THAMES,L&W NORTH - WT,OPEN,FRESHWATER - RIVERS,2024-09-06T11:51:00,ENVIRONMENTAL MONITORING STATUTORY (EU DIRECTIVES),RIVER / RUNNING SURFACE WATER,0116,"Nitrogen, Total Oxidised as N",7.8,MILLIGRAM PER LITRE
https://environment.data.gov.uk/water-quality/sampling-point/TH-PTHR0088/sample/1416202/observation/0117,TH-PTHR0088,THAMES AT HENLEY BRIDGE,-0.901,51.5391,Thames,THAMES - WEST THAMES,L&W NORTH - WT,OPEN,FRESHWATER - RIVERS,2024-09-06T11:51:00,ENVIRONMENTAL MONITORING STATUTORY (EU DIRECTIVES),RIVER / RUNNING SURFACE WATER,0117,Nitrate as N,7.76,MILLIGRAM PER LITRE
https://environment.data.gov.uk/water-quality/sampling-point/TH-PTHR0088/sample/1416202/observation/0118,TH-PTHR0088,THAMES AT HENLEY BRIDGE,-0.901,51.5391,Thames,THAMES - WEST THAMES,L&W NORTH - WT,OPEN,FRESHWATER - RIVERS,2024-09-06T11:51:00,ENVIRONMENTAL MONITORING STATUTORY (EU DIRECTIVES),RIVER / RUNNING SURFACE WATER,0118,Nitrite as N,0.037,MILLIGRAM PER LITRE
https://environment.data.gov.uk/water-quality/sampling-point/TH-PTHR0088/sample/1416202/observation/0119,TH-PTHR0088,THAMES AT HENLEY BRIDGE,-0.901,51.5391,Thames,THAMES - WEST THAMES,L&W NORTH - WT,OPEN,FRESHWATER - RIVERS,2024-09-06T11:51:00,ENVIRONMENTAL MONITORING STATUTORY (EU DIRECTIVES),RIVER / RUNNING SURFACE WATER,0119,Ammonia un-ionised as N,0.00459,MILLIGRAM PER LITRE
https://environment.data.gov.uk/water-quality/sampling-point/TH-PTHR0088/sample/1416202/observation/0162,TH-PTHR0088,THAMES AT HENLEY BRIDGE,-0.901,51.5391,Thames,THAMES - WEST THAMES,L&W NORTH - WT,OPEN,FRESHWATER - RIVERS,2024-09-06T11:51:00,ENVIRONMENTAL MONITORING STATUTORY (EU DIRECTIVES),RIVER / RUNNING SURFACE WATER,0162,Alkalinity to pH 4.5 as CaCO3,230,MILLIGRAM PER LITRE
https://environment.data.gov.uk/water-quality/sampling-point/TH-PTHR0088/sample/1416202/observation/0180,TH-PTHR0088,THAMES AT HENLEY BRIDGE,-0.901,51.5391,Thames,THAMES - WEST THAMES,L&W NORTH - WT,OPEN,FRESHWATER - RIVERS,2024-09-06T11:51:00,ENVIRONMENTAL MONITORING STATUTORY (EU DIRECTIVES),RIVER / RUNNING SURFACE WATER,0180,"Orthophosphate, reactive as P",0.17,MILLIGRAM PER LITRE
https://environment.data.gov.uk/water-quality/sampling-point/TH-PTHR0088/sample/1416202/observation/9901,TH-PTHR0088,THAMES AT HENLEY BRIDGE,-0.901,51.5391,Thames,THAMES - WEST THAMES,L&W NORTH - WT,OPEN,FRESHWATER - RIVERS,2024-09-06T11:51:00,ENVIRONMENTAL MONITORING STATUTORY (EU DIRECTIVES),RIVER / RUNNING SURFACE WATER,9901,"Oxygen, Dissolved, % Saturation",91.4,PERCENTAGE
https://environment.data.gov.uk/water-quality/sampling-point/TH-PTHR0088/sample/1416202/observation/9924,TH-PTHR0088,THAMES AT HENLEY BRIDGE,-0.901,51.5391,Thames,THAMES - WEST THAMES,L&W NORTH - WT,OPEN,FRESHWATER - RIVERS,2024-09-06T11:51:00,ENVIRONMENTAL MONITORING STATUTORY (EU DIRECTIVES),RIVER / RUNNING SURFACE WATER,9924,"Oxygen, Dissolved as O2",8.72,MILLIGRAM PER LITRE
https://environment.data.gov.uk/water-quality/sampling-point/TH-PTHR0088/sample/1417486/observation/0061,TH-PTHR0088,THAMES AT HENLEY BRIDGE,-0.901,51.5391,Thames,THAMES - WEST THAMES,L&W NORTH - WT,OPEN,FRESHWATER - RIVERS,2024-10-03T12:17:00,ENVIRONMENTAL MONITORING STATUTORY (EU DIRECTIVES),RIVER / RUNNING SURFACE WATER,0061,pH,7.69,PH UNITS
https://environment.data.gov.uk/water-quality/sampling-point/TH-PTHR0088/sample/1417486/observation/0076,TH-PTHR0088,THAMES AT HENLEY BRIDGE,-0.901,51.5391,Thames,THAMES - WEST THAMES,L&W NORTH - WT,OPEN,FRESHWATER - RIVERS,2024-10-03T12:17:00,ENVIRONMENTAL MONITORING STATUTORY (EU DIRECTIVES),RIVER / RUNNING SURFACE WATER,0076,Temperature of Water,12.7,CELSIUS
https://environment.data.gov.uk/water-quality/sampling-point/TH-PTHR0088/sample/1417486/observation/0077,TH-PTHR0088,THAMES AT HENLEY BRIDGE,-0.901,51.5391,Thames,THAMES - WEST THAMES,L&W NORTH - WT,OPEN,FRESHWATER - RIVERS,2024-10-03T12:17:00,ENVIRONMENTAL MONITORING STATUTORY (EU DIRECTIVES),RIVER / RUNNING SURFACE WATER,0077,Conductivity at 25 C,536,MICROSIEMENS PER CENTIMETRE
https://environment.data.gov.uk/water-quality/sampling-point/TH-PTHR0088/sample/1417486/observation/0085,TH-PTHR0088,THAMES AT HENLEY BRIDGE,-0.901,51.5391,Thames,THAMES - WEST THAMES,L&W NORTH - WT,OPEN,FRESHWATER - RIVERS,2024-10-03T12:17:00,ENVIRONMENTAL MONITORING STATUTORY (EU DIRECTIVES),RIVER / RUNNING SURFACE WATER,0085,BOD : 5 Day ATU,1.5,MILLIGRAM PER LITRE
https://environment.data.gov.uk/water-quality/sampling-point/TH-PTHR0088/sample/1417486/observation/0111,TH-PTHR0088,THAMES AT HENLEY BRIDGE,-0.901,51.5391,Thames,THAMES - WEST THAMES,L&W NORTH - WT,OPEN,FRESHWATER - RIVERS,2024-10-03T12:17:00,ENVIRONMENTAL MONITORING STATUTORY (EU DIRECTIVES),RIVER / RUNNING SURFACE WATER,0111,Ammoniacal Nitrogen as N,0.041,MILLIGRAM PER LITRE
https://environment.data.gov.uk/water-quality/sampling-point/TH-PTHR0088/sample/1417486/observation/0116,TH-PTHR0088,THAMES AT HENLEY BRIDGE,-0.901,51.5391,Thames,THAMES - WEST THAMES,L&W NORTH - WT,OPEN,FRESHWATER - RIVERS,2024-10-03T12:17:00,ENVIRONMENTAL MONITORING STATUTORY (EU DIRECTIVES),RIVER / RUNNING SURFACE WATER,0116,"Nitrogen, Total Oxidised as N",3.8,MILLIGRAM PER LITRE
https://environment.data.gov.uk/water-quality/sampling-point/TH-PTHR0088/sample/1417486/observation/0117,TH-PTHR0088,THAMES AT HENLEY BRIDGE,-0.901,51.5391,Thames,THAMES - WEST THAMES,L&W NORTH - WT,OPEN,FRESHWATER - RIVERS,2024-10-03T12:17:00,ENVIRONMENTAL MONITORING STATUTORY (EU DIRECTIVES),RIVER / RUNNING SURFACE WATER,0117,Nitrate as N,3.78,MILLIGRAM PER LITRE
https://environment.data.gov.uk/water-quality/sampling-point/TH-PTHR0088/sample/1417486/observation/0118,TH-PTHR0088,THAMES AT HENLEY BRIDGE,-0.901,51.5391,Thames,THAMES - WEST THAMES,L&W NORTH - WT,OPEN,FRESHWATER - RIVERS,2024-10-03T12:17:00,ENVIRONMENTAL MONITORING STATUTORY (EU DIRECTIVES),RIVER / RUNNING SURFACE WATER,0118,Nitrite as N,0.02,MILLIGRAM PER LITRE
https://environment.data.gov.uk/water-quality/sampling-point/TH-PTHR0088/sample/1417486/observation/0119,TH-PTHR0088,THAMES AT HENLEY BRIDGE,-0.901,51.5391,Thames,THAMES - WEST THAMES,L&W NORTH - WT,OPEN,FRESHWATER - RIVERS,2024-10-03T12:17:00,ENVIRONMENTAL MONITORING STATUTORY (EU DIRECTIVES),RIVER / RUNNING SURFACE WATER,0119,Ammonia un-ionised as N,0.00045,MILLIGRAM PER LITRE
https://environment.data.gov.uk/water-quality/sampling-point/TH-PTHR0088/sample/1417486/observation/0162,TH-PTHR0088,THAMES AT HENLEY BRIDGE,-0.901,51.5391,Thames,THAMES - WEST THAMES,L&W NORTH - WT,OPEN,FRESHWATER - RIVERS,2024-10-03T12:17:00,ENVIRONMENTAL MONITORING STATUTORY (EU DIRECTIVES),RIVER / RUNNING SURFACE WATER,0162,Alkalinity to pH 4.5 as CaCO3,190,MILLIGRAM PER LITRE
https://environment.data.gov.uk/water-quality/sampling-point/TH-PTHR0088/sample/1417486/observation/0180,TH-PTHR0088,THAMES AT HENLEY BRIDGE,-0.901,51.5391,Thames,THAMES - WEST THAMES,L&W NORTH - WT,OPEN,FRESHWATER - RIVERS,2024-10-03T12:17:00,ENVIRONMENTAL MONITORING STATUTORY (EU DIRECTIVES),RIVER / RUNNING SURFACE WATER,0180,"Orthophosphate, reactive as P",0.12,MILLIGRAM PER LITRE
https://environment.data.gov.uk/water-quality/sampling-point/TH-PTHR0088/sample/1417486/observation/9901,TH-PTHR0088,THAMES AT HENLEY BRIDGE,-0.901,51.5391,Thames,THAMES - WEST THAMES,L&W NORTH - WT,OPEN,FRESHWATER - RIVERS,2024-10-03T12:17:00,ENVIRONMENTAL MONITORING STATUTORY (EU DIRECTIVES),RIVER / RUNNING SURFACE WATER,9901,"Oxygen, Dissolved, % Saturation",87.5,PERCENTAGE
https://environment.data.gov.uk/water-quality/sampling-point/TH-PTHR0088/sample/1417486/observation/9924,TH-PTHR0088,THAMES AT HENLEY BRIDGE,-0.901,51.5391,Thames,THAMES - WEST THAMES,L&W NORTH - WT,OPEN,FRESHWATER - RIVERS,2024-10-03T12:17:00,ENVIRONMENTAL MONITORING STATUTORY (EU DIRECTIVES),RIVER / RUNNING SURFACE WATER,9924,"Oxygen, Dissolved as O2",9.26,MILLIGRAM PER LITRE
https://environment.data.gov.uk/water-quality/sampling-point/TH-PTHR0088/sample/1419467/observation/0061,TH-PTHR0088,THAMES AT HENLEY BRIDGE,-0.901,51.5391,Thames,THAMES - WEST THAMES,L&W NORTH - WT,OPEN,FRESHWATER - RIVERS,2024-11-13T12:27:00,ENVIRONMENTAL MONITORING STATUTORY (EU DIRECTIVES),RIVER / RUNNING SURFACE WATER,0061,pH,8.09,PH UNITS
https://environment.data.gov.uk/water-quality/sampling-point/TH-PTHR0088/sample/1419467/observation/0076,TH-PTHR0088,THAMES AT HENLEY BRIDGE,-0.901,51.5391,Thames,THAMES - WEST THAMES,L&W NORTH - WT,OPEN,FRESHWATER - RIVERS,2024-11-13T12:27:00,ENVIRONMENTAL MONITORING STATUTORY (EU DIRECTIVES),RIVER / RUNNING SURFACE WATER,0076,Temperature of Water,9.9,CELSIUS
https://environment.data.gov.uk/water-quality/sampling-point/TH-PTHR0088/sample/1419467/observation/0077,TH-PTHR0088,THAMES AT HENLEY BRIDGE,-0.901,51.5391,Thames,THAMES - WEST THAMES,L&W NORTH - WT,OPEN,FRESHWATER - RIVERS,2024-11-13T12:27:00,ENVIRONMENTAL MONITORING STATUTORY (EU DIRECTIVES),RIVER / RUNNING SURFACE WATER,0077,Conductivity at 25 C,667,MICROSIEMENS PER CENTIMETRE
https://environment.data.gov.uk/water-quality/sampling-point/TH-PTHR0088/sample/1419467/observation/0085,TH-PTHR0088,THAMES AT HENLEY BRIDGE,-0.901,51.5391,Thames,THAMES - WEST THAMES,L&W NORTH - WT,OPEN,FRESHWATER - RIVERS,2024-11-13T12:27:00,ENVIRONMENTAL MONITORING STATUTORY (EU DIRECTIVES),RIVER / RUNNING SURFACE WATER,0085,BOD : 5 Day ATU,1,MILLIGRAM PER LITRE
https://environment.data.gov.uk/water-quality/sampling-point/TH-PTHR0088/sample/1419467/observation/0111,TH-PTHR0088,THAMES AT HENLEY BRIDGE,-0.901,51.5391,Thames,THAMES - WEST THAMES,L&W NORTH - WT,OPEN,FRESHWATER - RIVERS,2024-11-13T12:27:00,ENVIRONMENTAL MONITORING STATUTORY (EU DIRECTIVES),RIVER / RUNNING SURFACE WATER,0111,Ammoniacal Nitrogen as N,<0.03,MILLIGRAM PER LITRE
https://environment.data.gov.uk/water-quality/sampling-point/TH-PTHR0088/sample/1419467/observation/0116,TH-PTHR0088,THAMES AT HENLEY BRIDGE,-0.901,51.5391,Thames,THAMES - WEST THAMES,L&W NORTH - WT,OPEN,FRESHWATER - RIVERS,2024-11-13T12:27:00,ENVIRONMENTAL MONITORING STATUTORY (EU DIRECTIVES),RIVER / RUNNING SURFACE WATER,0116,"Nitrogen, Total Oxidised as N",7.3,MILLIGRAM PER LITRE
https://environment.data.gov.uk/water-quality/sampling-point/TH-PTHR0088/sample/1419467/observation/0117,TH-PTHR0088,THAMES AT HENLEY BRIDGE,-0.901,51.5391,Thames,THAMES - WEST THAMES,L&W NORTH - WT,OPEN,FRESHWATER - RIVERS,2024-11-13T12:27:00,ENVIRONMENTAL MONITORING STATUTORY (EU DIRECTIVES),RIVER / RUNNING SURFACE WATER,0117,Nitrate as N,7.29,MILLIGRAM PER LITRE
https://environment.data.gov.uk/water-quality/sampling-point/TH-PTHR0088/sample/1419467/observation/0118,TH-PTHR0088,THAMES AT HENLEY BRIDGE,-0.901,51.5391,Thames,THAMES - WEST THAMES,L&W NORTH - WT,OPEN,FRESHWATER - RIVERS,2024-11-13T12:27:00,ENVIRONMENTAL MONITORING STATUTORY (EU DIRECTIVES),RIVER / RUNNING SURFACE WATER,0118,Nitrite as N,0.014,MILLIGRAM PER LITRE
https://environment.data.gov.uk/water-quality/sampling-point/TH-PTHR0088/sample/1419467/observation/0119,TH-PTHR0088,THAMES AT HENLEY BRIDGE,-0.901,51.5391,Thames,THAMES - WEST THAMES,L&W NORTH - WT,OPEN,FRESHWATER - RIVERS,2024-11-13T12:27:00,ENVIRONMENTAL MONITORING STATUTORY (EU DIRECTIVES),RIVER / RUNNING SURFACE WATER,0119,Ammonia un-ionised as N,<0.00054,MILLIGRAM PER LITRE
https://environment.data.gov.uk/water-quality/sampling-point/TH-PTHR0088/sample/1419467/observation/0162,TH-PTHR0088,THAMES AT HENLEY BRIDGE,-0.901,51.5391,Thames,THAMES - WEST THAMES,L&W NORTH - WT,OPEN,FRESHWATER - RIVERS,2024-11-13T12:27:00,ENVIRONMENTAL MONITORING STATUTORY (EU DIRECTIVES),RIVER / RUNNING SURFACE WATER,0162,Alkalinity to pH 4.5 as CaCO3,240,MILLIGRAM PER LITRE
https://environment.data.gov.uk/water-quality/sampling-point/TH-PTHR0088/sample/1419467/observation/0180,TH-PTHR0088,THAMES AT HENLEY BRIDGE,-0.901,51.5391,Thames,THAMES - WEST THAMES,L&W NORTH - WT,OPEN,FRESHWATER - RIVERS,2024-11-13T12:27:00,ENVIRONMENTAL MONITORING STATUTORY (EU DIRECTIVES),RIVER / RUNNING SURFACE WATER,0180,"Orthophosphate, reactive as P",0.1,MILLIGRAM PER LITRE
https://environment.data.gov.uk/water-quality/sampling-point/TH-PTHR0088/sample/1419467/observation/9901,TH-PTHR0088,THAMES AT HENLEY BRIDGE,-0.901,51.5391,Thames,THAMES - WEST THAMES,L&W NORTH - WT,OPEN,FRESHWATER - RIVERS,2024-11-13T12:27:00,ENVIRONMENTAL MONITORING STATUTORY (EU DIRECTIVES),RIVER / RUNNING SURFACE WATER,9901,"Oxygen, Dissolved, % Saturation",98.6,PERCENTAGE
https://environment.data.gov.uk/water-quality/sampling-point/TH-PTHR0088/sample/1419467/observation/9924,TH-PTHR0088,THAMES AT HENLEY BRIDGE,-0.901,51.5391,Thames,THAMES - WEST THAMES,L&W NORTH - WT,OPEN,FRESHWATER - RIVERS,2024-11-13T12:27:00,ENVIRONMENTAL MONITORING STATUTORY (EU DIRECTIVES),RIVER / RUNNING SURFACE WATER,9924,"Oxygen, Dissolved as O2",11.1,MILLIGRAM PER LITRE
https://environment.data.gov.uk/water-quality/sampling-point/TH-PTHR0088/sample/1420803/observation/0061,TH-PTHR0088,THAMES AT HENLEY BRIDGE,-0.901,51.5391,Thames,THAMES - WEST THAMES,L&W NORTH - WT,OPEN,FRESHWATER - RIVERS,2024-12-04T11:36:00,ENVIRONMENTAL MONITORING STATUTORY (EU DIRECTIVES),RIVER / RUNNING SURFACE WATER,0061,pH,8.02,PH UNITS
https://environment.data.gov.uk/water-quality/sampling-point/TH-PTHR0088/sample/1420803/observation/0076,TH-PTHR0088,THAMES AT HENLEY BRIDGE,-0.901,51.5391,Thames,THAMES - WEST THAMES,L&W NORTH - WT,OPEN,FRESHWATER - RIVERS,2024-12-04T11:36:00,ENVIRONMENTAL MONITORING STATUTORY (EU DIRECTIVES),RIVER / RUNNING SURFACE WATER,0076,Temperature of Water,7.9,CELSIUS
https://environment.data.gov.uk/water-quality/sampling-point/TH-PTHR0088/sample/1420803/observation/0077,TH-PTHR0088,THAMES AT HENLEY BRIDGE,-0.901,51.5391,Thames,THAMES - WEST THAMES,L&W NORTH - WT,OPEN,FRESHWATER - RIVERS,2024-12-04T11:36:00,ENVIRONMENTAL MONITORING STATUTORY (EU DIRECTIVES),RIVER / RUNNING SURFACE WATER,0077,Conductivity at 25 C,571,MICROSIEMENS PER CENTIMETRE
https://environment.data.gov.uk/water-quality/sampling-point/TH-PTHR0088/sample/1420803/observation/0085,TH-PTHR0088,THAMES AT HENLEY BRIDGE,-0.901,51.5391,Thames,THAMES - WEST THAMES,L&W NORTH - WT,OPEN,FRESHWATER - RIVERS,2024-12-04T11:36:00,ENVIRONMENTAL MONITORING STATUTORY (EU DIRECTIVES),RIVER / RUNNING SURFACE WATER,0085,BOD : 5 Day ATU,<2,MILLIGRAM PER LITRE
https://environment.data.gov.uk/water-quality/sampling-point/TH-PTHR0088/sample/1420803/observation/0111,TH-PTHR0088,THAMES AT HENLEY BRIDGE,-0.901,51.5391,Thames,THAMES - WEST THAMES,L&W NORTH - WT,OPEN,FRESHWATER - RIVERS,2024-12-04T11:36:00,ENVIRONMENTAL MONITORING STATUTORY (EU DIRECTIVES),RIVER / RUNNING SURFACE WATER,0111,Ammoniacal Nitrogen as N,0.035,MILLIGRAM PER LITRE
https://environment.data.gov.uk/water-quality/sampling-point/TH-PTHR0088/sample/1420803/observation/0118,TH-PTHR0088,THAMES AT HENLEY BRIDGE,-0.901,51.5391,Thames,THAMES - WEST THAMES,L&W NORTH - WT,OPEN,FRESHWATER - RIVERS,2024-12-04T11:36:00,ENVIRONMENTAL MONITORING STATUTORY (EU DIRECTIVES),RIVER / RUNNING SURFACE WATER,0118,Nitrite as N,0.023,MILLIGRAM PER LITRE
https://environment.data.gov.uk/water-quality/sampling-point/TH-PTHR0088/sample/1420803/observation/0119,TH-PTHR0088,THAMES AT HENLEY BRIDGE,-0.901,51.5391,Thames,THAMES - WEST THAMES,L&W NORTH - WT,OPEN,FRESHWATER - RIVERS,2024-12-04T11:36:00,ENVIRONMENTAL MONITORING STATUTORY (EU DIRECTIVES),RIVER / RUNNING SURFACE WATER,0119,Ammonia un-ionised as N,0.00055,MILLIGRAM PER LITRE
https://environment.data.gov.uk/water-quality/sampling-point/TH-PTHR0088/sample/1420803/observation/0162,TH-PTHR0088,THAMES AT HENLEY BRIDGE,-0.901,51.5391,Thames,THAMES - WEST THAMES,L&W NORTH - WT,OPEN,FRESHWATER - RIVERS,2024-12-04T11:36:00,ENVIRONMENTAL MONITORING STATUTORY (EU DIRECTIVES),RIVER / RUNNING SURFACE WATER,0162,Alkalinity to pH 4.5 as CaCO3,220,MILLIGRAM PER LITRE
https://environment.data.gov.uk/water-quality/sampling-point/TH-PTHR0088/sample/1420803/observation/9901,TH-PTHR0088,THAMES AT HENLEY BRIDGE,-0.901,51.5391,Thames,THAMES - WEST THAMES,L&W NORTH - WT,OPEN,FRESHWATER - RIVERS,2024-12-04T11:36:00,ENVIRONMENTAL MONITORING STATUTORY (EU DIRECTIVES),RIVER / RUNNING SURFACE WATER,9901,"Oxygen, Dissolved, % Saturation",91.6,PERCENTAGE
https://environment.data.gov.uk/water-quality/sampling-point/TH-PTHR0088/sample/1420803/observation/9924,TH-PTHR0088,THAMES AT HENLEY BRIDGE,-0.901,51.5391,Thames,THAMES - WEST THAMES,L&W NORTH - WT,OPEN,FRESHWATER - RIVERS,2024-12-04T11:36:00,ENVIRONMENTAL MONITORING STATUTORY (EU DIRECTIVES),RIVER / RUNNING SURFACE WATER,9924,"Oxygen, Dissolved as O2",10.9,MILLIGRAM PER LITRE
https://environment.data.gov.uk/water-quality/sampling-point/TH-RSN2050/sample/1402932/observation/0061,TH-RSN2050,RSN2050 THAMES U/S A404,-0.7621,51.5665,Thames,THAMES - WEST THAMES,L&W NORTH - WT,OPEN,FRESHWATER - RIVERS,2024-01-16T13:18:00,MONITORING  (NATIONAL AGENCY POLICY),RIVER / RUNNING SURFACE WATER,0061,pH,8.23,PH UNITS
https://environment.data.gov.uk/water-quality/sampling-point/TH-RSN2050/sample/1402932/observation/0076,TH-RSN2050,RSN2050 THAMES U/S A404,-0.7621,51.5665,Thames,THAMES - WEST THAMES,L&W NORTH - WT,OPEN,FRESHWATER - RIVERS,2024-01-16T13:18:00,MONITORING  (NATIONAL AGENCY POLICY),RIVER / RUNNING SURFACE WATER,0076,Temperature of Water,4.8,CELSIUS
https://environment.data.gov.uk/water-quality/sampling-point/TH-RSN2050/sample/1402932/observation/0077,TH-RSN2050,RSN2050 THAMES U/S A404,-0.7621,51.5665,Thames,THAMES - WEST THAMES,L&W NORTH - WT,OPEN,FRESHWATER - RIVERS,2024-01-16T13:18:00,MONITORING  (NATIONAL AGENCY POLICY),RIVER / RUNNING SURFACE WATER,0077,Conductivity at 25 C,627,MICROSIEMENS PER CENTIMETRE
https://environment.data.gov.uk/water-quality/sampling-point/TH-RSN2050/sample/1402932/observation/0111,TH-RSN2050,RSN2050 THAMES U/S A404,-0.7621,51.5665,Thames,THAMES - WEST THAMES,L&W NORTH - WT,OPEN,FRESHWATER - RIVERS,2024-01-16T13:18:00,MONITORING  (NATIONAL AGENCY POLICY),RIVER / RUNNING SURFACE WATER,0111,Ammoniacal Nitrogen as N,0.046,MILLIGRAM PER LITRE
https://environment.data.gov.uk/water-quality/sampling-point/TH-RSN2050/sample/1402932/observation/0116,TH-RSN2050,RSN2050 THAMES U/S A404,-0.7621,51.5665,Thames,THAMES - WEST THAMES,L&W NORTH - WT,OPEN,FRESHWATER - RIVERS,2024-01-16T13:18:00,MONITORING  (NATIONAL AGENCY POLICY),RIVER / RUNNING SURFACE WATER,0116,"Nitrogen, Total Oxidised as N",6.6,MILLIGRAM PER LITRE
https://environment.data.gov.uk/water-quality/sampling-point/TH-RSN2050/sample/1402932/observation/0117,TH-RSN2050,RSN2050 THAMES U/S A404,-0.7621,51.5665,Thames,THAMES - WEST THAMES,L&W NORTH - WT,OPEN,FRESHWATER - RIVERS,2024-01-16T13:18:00,MONITORING  (NATIONAL AGENCY POLICY),RIVER / RUNNING SURFACE WATER,0117,Nitrate as N,6.57,MILLIGRAM PER LITRE
https://environment.data.gov.uk/water-quality/sampling-point/TH-RSN2050/sample/1402932/observation/0118,TH-RSN2050,RSN2050 THAMES U/S A404,-0.7621,51.5665,Thames,THAMES - WEST THAMES,L&W NORTH - WT,OPEN,FRESHWATER - RIVERS,2024-01-16T13:18:00,MONITORING  (NATIONAL AGENCY POLICY),RIVER / RUNNING SURFACE WATER,0118,Nitrite as N,0.028,MILLIGRAM PER LITRE
https://environment.data.gov.uk/water-quality/sampling-point/TH-RSN2050/sample/1402932/observation/0119,TH-RSN2050,RSN2050 THAMES U/S A404,-0.7621,51.5665,Thames,THAMES - WEST THAMES,L&W NORTH - WT,OPEN,FRESHWATER - RIVERS,2024-01-16T13:18:00,MONITORING  (NATIONAL AGENCY POLICY),RIVER / RUNNING SURFACE WATER,0119,Ammonia un-ionised as N,0.00057,MILLIGRAM PER LITRE
https://environment.data.gov.uk/water-quality/sampling-point/TH-RSN2050/sample/1402932/observation/0162,TH-RSN2050,RSN2050 THAMES U/S A404,-0.7621,51.5665,Thames,THAMES - WEST THAMES,L&W NORTH - WT,OPEN,FRESHWATER - RIVERS,2024-01-16T13:18:00,MONITORING  (NATIONAL AGENCY POLICY),RIVER / RUNNING SURFACE WATER,0162,Alkalinity to pH 4.5 as CaCO3,240,MILLIGRAM PER LITRE
https://environment.data.gov.uk/water-quality/sampling-point/TH-RSN2050/sample/1402932/observation/0172,TH-RSN2050,RSN2050 THAMES U/S A404,-0.7621,51.5665,Thames,THAMES - WEST THAMES,L&W NORTH - WT,OPEN,FRESHWATER - RIVERS,2024-01-16T13:18:00,MONITORING  (NATIONAL AGENCY POLICY),RIVER / RUNNING SURFACE WATER,0172,Chloride,26,MILLIGRAM PER LITRE
https://environment.data.gov.uk/water-quality/sampling-point/TH-RSN2050/sample/1402932/observation/0180,TH-RSN2050,RSN2050 THAMES U/S A404,-0.7621,51.5665,Thames,THAMES - WEST THAMES,L&W NORTH - WT,OPEN,FRESHWATER - RIVERS,2024-01-16T13:18:00,MONITORING  (NATIONAL AGENCY POLICY),RIVER / RUNNING SURFACE WATER,0180,"Orthophosphate, reactive as P",0.089,MILLIGRAM PER LITRE
https://environment.data.gov.uk/water-quality/sampling-point/TH-RSN2050/sample/1402932/observation/0182,TH-RSN2050,RSN2050 THAMES U/S A404,-0.7621,51.5665,Thames,THAMES - WEST THAMES,L&W NORTH - WT,OPEN,FRESHWATER - RIVERS,2024-01-16T13:18:00,MONITORING  (NATIONAL AGENCY POLICY),RIVER / RUNNING SURFACE WATER,0182,"Silica, reactive as SiO2",12,MILLIGRAM PER LITRE
https://environment.data.gov.uk/water-quality/sampling-point/TH-RSN2050/sample/1402932/observation/0301,TH-RSN2050,RSN2050 THAMES U/S A404,-0.7621,51.5665,Thames,THAMES - WEST THAMES,L&W NORTH - WT,OPEN,FRESHWATER - RIVERS,2024-01-16T13:18:00,MONITORING  (NATIONAL AGENCY POLICY),RIVER / RUNNING SURFACE WATER,0301,"Carbon, Organic, Dissolved as C :- {DOC}",3.7,MILLIGRAM PER LITRE
https://environment.data.gov.uk/water-quality/sampling-point/TH-RSN2050/sample/1402932/observation/0348,TH-RSN2050,RSN2050 THAMES U/S A404,-0.7621,51.5665,Thames,THAMES - WEST THAMES,L&W NORTH - WT,OPEN,FRESHWATER - RIVERS,2024-01-16T13:18:00,MONITORING  (NATIONAL AGENCY POLICY),RIVER / RUNNING SURFACE WATER,0348,"Phosphorus, Total as P",0.12,MILLIGRAM PER LITRE
https://environment.data.gov.uk/water-quality/sampling-point/TH-RSN2050/sample/1402932/observation/9686,TH-RSN2050,RSN2050 THAMES U/S A404,-0.7621,51.5665,Thames,THAMES - WEST THAMES,L&W NORTH - WT,OPEN,FRESHWATER - RIVERS,2024-01-16T13:18:00,MONITORING  (NATIONAL AGENCY POLICY),RIVER / RUNNING SURFACE WATER,9686,"Nitrogen, Total as N",7.1,MILLIGRAM PER LITRE
https://environment.data.gov.uk/water-quality/sampling-point/TH-RSN2050/sample/1402932/observation/9901,TH-RSN2050,RSN2050 THAMES U/S A404,-0.7621,51.5665,Thames,THAMES - WEST THAMES,L&W NORTH - WT,OPEN,FRESHWATER - RIVERS,2024-01-16T13:18:00,MONITORING  (NATIONAL AGENCY POLICY),RIVER / RUNNING SURFACE WATER,9901,"Oxygen, Dissolved, % Saturation",100.4,PERCENTAGE
https://environment.data.gov.uk/water-quality/sampling-point/TH-RSN2050/sample/1402932/observation/9924,TH-RSN2050,RSN2050 THAMES U/S A404,-0.7621,51.5665,Thames,THAMES - WEST THAMES,L&W NORTH - WT,OPEN,FRESHWATER - RIVERS,2024-01-16T13:18:00,MONITORING  (NATIONAL AGENCY POLICY),RIVER / RUNNING SURFACE WATER,9924,"Oxygen, Dissolved as O2",12.9,MILLIGRAM PER LITRE
https://environment.data.gov.uk/water-quality/sampling-point/TH-RSN2050/sample/1403422/observation/0061,TH-RSN2050,RSN2050 THAMES U/S A404,-0.7621,51.5665,Thames,THAMES - WEST THAMES,L&W NORTH - WT,OPEN,FRESHWATER - RIVERS,2024-02-01T10:34:00,MONITORING  (NATIONAL AGENCY POLICY),RIVER / RUNNING SURFACE WATER,0061,pH,8.28,PH UNITS
https://environment.data.gov.uk/water-quality/sampling-point/TH-RSN2050/sample/1403422/observation/0076,TH-RSN2050,RSN2050 THAMES U/S A404,-0.7621,51.5665,Thames,THAMES - WEST THAMES,L&W NORTH - WT,OPEN,FRESHWATER - RIVERS,2024-02-01T10:34:00,MONITORING  (NATIONAL AGENCY POLICY),RIVER / RUNNING SURFACE WATER,0076,Temperature of Water,7.4,CELSIUS
https://environment.data.gov.uk/water-quality/sampling-point/TH-RSN2050/sample/1403422/observation/0077,TH-RSN2050,RSN2050 THAMES U/S A404,-0.7621,51.5665,Thames,THAMES - WEST THAMES,L&W NORTH - WT,OPEN,FRESHWATER - RIVERS,2024-02-01T10:34:00,MONITORING  (NATIONAL AGENCY POLICY),RIVER / RUNNING SURFACE WATER,0077,Conductivity at 25 C,653,MICROSIEMENS PER CENTIMETRE
https://environment.data.gov.uk/water-quality/sampling-point/TH-RSN2050/sample/1403422/observation/0111,TH-RSN2050,RSN2050 THAMES U/S A404,-0.7621,51.5665,Thames,THAMES - WEST THAMES,L&W NORTH - WT,OPEN,FRESHWATER - RIVERS,2024-02-01T10:34:00,MONITORING  (NATIONAL AGENCY POLICY),RIVER / RUNNING SURFACE WATER,0111,Ammoniacal Nitrogen as N,0.067,MILLIGRAM PER LITRE
https://environment.data.gov.uk/water-quality/sampling-point/TH-RSN2050/sample/1403422/observation/0116,TH-RSN2050,RSN2050 THAMES U/S A404,-0.7621,51.5665,Thames,THAMES - WEST THAMES,L&W NORTH - WT,OPEN,FRESHWATER - RIVERS,2024-02-01T10:34:00,MONITORING  (NATIONAL AGENCY POLICY),RIVER / RUNNING SURFACE WATER,0116,"Nitrogen, Total Oxidised as N",6.6,MILLIGRAM PER LITRE
https://environment.data.gov.uk/water-quality/sampling-point/TH-RSN2050/sample/1403422/observation/0117,TH-RSN2050,RSN2050 THAMES U/S A404,-0.7621,51.5665,Thames,THAMES - WEST THAMES,L&W NORTH - WT,OPEN,FRESHWATER - RIVERS,2024-02-01T10:34:00,MONITORING  (NATIONAL AGENCY POLICY),RIVER / RUNNING SURFACE WATER,0117,Nitrate as N,6.57,MILLIGRAM PER LITRE
https://environment.data.gov.uk/water-quality/sampling-point/TH-RSN2050/sample/1403422/observation/0118,TH-RSN2050,RSN2050 THAMES U/S A404,-0.7621,51.5665,Thames,THAMES - WEST THAMES,L&W NORTH - WT,OPEN,FRESHWATER - RIVERS,2024-02-01T10:34:00,MONITORING  (NATIONAL AGENCY POLICY),RIVER / RUNNING SURFACE WATER,0118,Nitrite as N,0.029,MILLIGRAM PER LITRE
https://environment.data.gov.uk/water-quality/sampling-point/TH-RSN2050/sample/1403422/observation/0119,TH-RSN2050,RSN2050 THAMES U/S A404,-0.7621,51.5665,Thames,THAMES - WEST THAMES,L&W NORTH - WT,OPEN,FRESHWATER - RIVERS,2024-02-01T10:34:00,MONITORING  (NATIONAL AGENCY POLICY),RIVER / RUNNING SURFACE WATER,0119,Ammonia un-ionised as N,0.00101,MILLIGRAM PER LITRE
https://environment.data.gov.uk/water-quality/sampling-point/TH-RSN2050/sample/1403422/observation/0162,TH-RSN2050,RSN2050 THAMES U/S A404,-0.7621,51.5665,Thames,THAMES - WEST THAMES,L&W NORTH - WT,OPEN,FRESHWATER - RIVERS,2024-02-01T10:34:00,MONITORING  (NATIONAL AGENCY POLICY),RIVER / RUNNING SURFACE WATER,0162,Alkalinity to pH 4.5 as CaCO3,240,MILLIGRAM PER LITRE
https://environment.data.gov.uk/water-quality/sampling-point/TH-RSN2050/sample/1403422/observation/0172,TH-RSN2050,RSN2050 THAMES U/S A404,-0.7621,51.5665,Thames,THAMES - WEST THAMES,L&W NORTH - WT,OPEN,FRESHWATER - RIVERS,2024-02-01T10:34:00,MONITORING  (NATIONAL AGENCY POLICY),RIVER / RUNNING SURFACE WATER,0172,Chloride,29,MILLIGRAM PER LITRE
https://environment.data.gov.uk/water-quality/sampling-point/TH-RSN2050/sample/1403422/observation/0180,TH-RSN2050,RSN2050 THAMES U/S A404,-0.7621,51.5665,Thames,THAMES - WEST THAMES,L&W NORTH - WT,OPEN,FRESHWATER - RIVERS,2024-02-01T10:34:00,MONITORING  (NATIONAL AGENCY POLICY),RIVER / RUNNING SURFACE WATER,0180,"Orthophosphate, reactive as P",0.11,MILLIGRAM PER LITRE
https://environment.data.gov.uk/water-quality/sampling-point/TH-RSN2050/sample/1403422/observation/0182,TH-RSN2050,RSN2050 THAMES U/S A404,-0.7621,51.5665,Thames,THAMES - WEST THAMES,L&W NORTH - WT,OPEN,FRESHWATER - RIVERS,2024-02-01T10:34:00,MONITORING  (NATIONAL AGENCY POLICY),RIVER / RUNNING SURFACE WATER,0182,"Silica, reactive as SiO2",13,MILLIGRAM PER LITRE
https://environment.data.gov.uk/water-quality/sampling-point/TH-RSN2050/sample/1403422/observation/0301,TH-RSN2050,RSN2050 THAMES U/S A404,-0.7621,51.5665,Thames,THAMES - WEST THAMES,L&W NORTH - WT,OPEN,FRESHWATER - RIVERS,2024-02-01T10:34:00,MONITORING  (NATIONAL AGENCY POLICY),RIVER / RUNNING SURFACE WATER,0301,"Carbon, Organic, Dissolved as C :- {DOC}",3.5,MILLIGRAM PER LITRE
https://environment.data.gov.uk/water-quality/sampling-point/TH-RSN2050/sample/1403422/observation/0348,TH-RSN2050,RSN2050 THAMES U/S A404,-0.7621,51.5665,Thames,THAMES - WEST THAMES,L&W NORTH - WT,OPEN,FRESHWATER - RIVERS,2024-02-01T10:34:00,MONITORING  (NATIONAL AGENCY POLICY),RIVER / RUNNING SURFACE WATER,0348,"Phosphorus, Total as P",0.13,MILLIGRAM PER LITRE
https://environment.data.gov.uk/water-quality/sampling-point/TH-RSN2050/sample/1403422/observation/9686,TH-RSN2050,RSN2050 THAMES U/S A404,-0.7621,51.5665,Thames,THAMES - WEST THAMES,L&W NORTH - WT,OPEN,FRESHWATER - RIVERS,2024-02-01T10:34:00,MONITORING  (NATIONAL AGENCY POLICY),RIVER / RUNNING SURFACE WATER,9686,"Nitrogen, Total as N",7.3,MILLIGRAM PER LITRE
https://environment.data.gov.uk/water-quality/sampling-point/TH-RSN2050/sample/1403422/observation/9901,TH-RSN2050,RSN2050 THAMES U/S A404,-0.7621,51.5665,Thames,THAMES - WEST THAMES,L&W NORTH - WT,OPEN,FRESHWATER - RIVERS,2024-02-01T10:34:00,MONITORING  (NATIONAL AGENCY POLICY),RIVER / RUNNING SURFACE WATER,9901,"Oxygen, Dissolved, % Saturation",100.3,PERCENTAGE
https://environment.data.gov.uk/water-quality/sampling-point/TH-RSN2050/sample/1403422/observation/9924,TH-RSN2050,RSN2050 THAMES U/S A404,-0.7621,51.5665,Thames,THAMES - WEST THAMES,L&W NORTH - WT,OPEN,FRESHWATER - RIVERS,2024-02-01T10:34:00,MONITORING  (NATIONAL AGENCY POLICY),RIVER / RUNNING SURFACE WATER,9924,"Oxygen, Dissolved as O2",12,MILLIGRAM PER LITRE
https://environment.data.gov.uk/water-quality/sampling-point/TH-RSN2050/sample/1404888/observation/0061,TH-RSN2050,RSN2050 THAMES U/S A404,-0.7621,51.5665,Thames,THAMES - WEST THAMES,L&W NORTH - WT,OPEN,FRESHWATER - RIVERS,2024-03-06T11:15:00,MONITORING  (NATIONAL AGENCY POLICY),RIVER / RUNNING SURFACE WATER,0061,pH,7.68,PH UNITS
https://environment.data.gov.uk/water-quality/sampling-point/TH-RSN2050/sample/1404888/observation/0076,TH-RSN2050,RSN2050 THAMES U/S A404,-0.7621,51.5665,Thames,THAMES - WEST THAMES,L&W NORTH - WT,OPEN,FRESHWATER - RIVERS,2024-03-06T11:15:00,MONITORING  (NATIONAL AGENCY POLICY),RIVER / RUNNING SURFACE WATER,0076,Temperature of Water,9.2,CELSIUS
https://environment.data.gov.uk/water-quality/sampling-point/TH-RSN2050/sample/1404888/observation/0077,TH-RSN2050,RSN2050 THAMES U/S A404,-0.7621,51.5665,Thames,THAMES - WEST THAMES,L&W NORTH - WT,OPEN,FRESHWATER - RIVERS,2024-03-06T11:15:00,MONITORING  (NATIONAL AGENCY POLICY),RIVER / RUNNING SURFACE WATER,0077,Conductivity at 25 C,626,MICROSIEMENS PER CENTIMETRE
https://environment.data.gov.uk/water-quality/sampling-point/TH-RSN2050/sample/1404888/observation/0111,TH-RSN2050,RSN2050 THAMES U/S A404,-0.7621,51.5665,Thames,THAMES - WEST THAMES,L&W NORTH - WT,OPEN,FRESHWATER - RIVERS,2024-03-06T11:15:00,MONITORING  (NATIONAL AGENCY POLICY),RIVER / RUNNING SURFACE WATER,0111,Ammoniacal Nitrogen as N,<0.03,MILLIGRAM PER LITRE
https://environment.data.gov.uk/water-quality/sampling-point/TH-RSN2050/sample/1404888/observation/0116,TH-RSN2050,RSN2050 THAMES U/S A404,-0.7621,51.5665,Thames,THAMES - WEST THAMES,L&W NORTH - WT,OPEN,FRESHWATER - RIVERS,2024-03-06T11:15:00,MONITORING  (NATIONAL AGENCY POLICY),RIVER / RUNNING SURFACE WATER,0116,"Nitrogen, Total Oxidised as N",4.5,MILLIGRAM PER LITRE
https://environment.data.gov.uk/water-quality/sampling-point/TH-RSN2050/sample/1404888/observation/0117,TH-RSN2050,RSN2050 THAMES U/S A404,-0.7621,51.5665,Thames,THAMES - WEST THAMES,L&W NORTH - WT,OPEN,FRESHWATER - RIVERS,2024-03-06T11:15:00,MONITORING  (NATIONAL AGENCY POLICY),RIVER / RUNNING SURFACE WATER,0117,Nitrate as N,4.48,MILLIGRAM PER LITRE
https://environment.data.gov.uk/water-quality/sampling-point/TH-RSN2050/sample/1404888/observation/0118,TH-RSN2050,RSN2050 THAMES U/S A404,-0.7621,51.5665,Thames,THAMES - WEST THAMES,L&W NORTH - WT,OPEN,FRESHWATER - RIVERS,2024-03-06T11:15:00,MONITORING  (NATIONAL AGENCY POLICY),RIVER / RUNNING SURFACE WATER,0118,Nitrite as N,0.019,MILLIGRAM PER LITRE
https://environment.data.gov.uk/water-quality/sampling-point/TH-RSN2050/sample/1404888/observation/0119,TH-RSN2050,RSN2050 THAMES U/S A404,-0.7621,51.5665,Thames,THAMES - WEST THAMES,L&W NORTH - WT,OPEN,FRESHWATER - RIVERS,2024-03-06T11:15:00,MONITORING  (NATIONAL AGENCY POLICY),RIVER / RUNNING SURFACE WATER,0119,Ammonia un-ionised as N,<0.00025,MILLIGRAM PER LITRE
https://environment.data.gov.uk/water-quality/sampling-point/TH-RSN2050/sample/1404888/observation/0162,TH-RSN2050,RSN2050 THAMES U/S A404,-0.7621,51.5665,Thames,THAMES - WEST THAMES,L&W NORTH - WT,OPEN,FRESHWATER - RIVERS,2024-03-06T11:15:00,MONITORING  (NATIONAL AGENCY POLICY),RIVER / RUNNING SURFACE WATER,0162,Alkalinity to pH 4.5 as CaCO3,240,MILLIGRAM PER LITRE
https://environment.data.gov.uk/water-quality/sampling-point/TH-RSN2050/sample/1404888/observation/0172,TH-RSN2050,RSN2050 THAMES U/S A404,-0.7621,51.5665,Thames,THAMES - WEST THAMES,L&W NORTH - WT,OPEN,FRESHWATER - RIVERS,2024-03-06T11:15:00,MONITORING  (NATIONAL AGENCY POLICY),RIVER / RUNNING SURFACE WATER,0172,Chloride,26,MILLIGRAM PER LITRE
https://environment.data.gov.uk/water-quality/sampling-point/TH-RSN2050/sample/1404888/observation/0180,TH-RSN2050,RSN2050 THAMES U/S A404,-0.7621,51.5665,Thames,THAMES - WEST THAMES,L&W NORTH - WT,OPEN,FRESHWATER - RIVERS,2024-03-06T11:15:00,MONITORING  (NATIONAL AGENCY POLICY),RIVER / RUNNING SURFACE WATER,0180,"Orthophosphate, reactive as P",0.036,MILLIGRAM PER LITRE
https://environment.data.gov.uk/water-quality/sampling-point/TH-RSN2050/sample/1404888/observation/0182,TH-RSN2050,RSN2050 THAMES U/S A404,-0.7621,51.5665,Thames,THAMES - WEST THAMES,L&W NORTH - WT,OPEN,FRESHWATER - RIVERS,2024-03-06T11:15:00,MONITORING  (NATIONAL AGENCY POLICY),RIVER / RUNNING SURFACE WATER,0182,"Silica, reactive as SiO2",10,MILLIGRAM PER LITRE
https://environment.data.gov.uk/water-quality/sampling-point/TH-RSN2050/sample/1404888/observation/0301,TH-RSN2050,RSN2050 THAMES U/S A404,-0.7621,51.5665,Thames,THAMES - WEST THAMES,L&W NORTH - WT,OPEN,FRESHWATER - RIVERS,2024-03-06T11:15:00,MONITORING  (NATIONAL AGENCY POLICY),RIVER / RUNNING SURFACE WATER,0301,"Carbon, Organic, Dissolved as C :- {DOC}",3.7,MILLIGRAM PER LITRE
https://environment.data.gov.uk/water-quality/sampling-point/TH-RSN2050/sample/1404888/observation/0348,TH-RSN2050,RSN2050 THAMES U/S A404,-0.7621,51.5665,Thames,THAMES - WEST THAMES,L&W NORTH - WT,OPEN,FRESHWATER - RIVERS,2024-03-06T11:15:00,MONITORING  (NATIONAL AGENCY POLICY),RIVER / RUNNING SURFACE WATER,0348,"Phosphorus, Total as P",0.062,MILLIGRAM PER LITRE
https://environment.data.gov.uk/water-quality/sampling-point/TH-RSN2050/sample/1404888/observation/9686,TH-RSN2050,RSN2050 THAMES U/S A404,-0.7621,51.5665,Thames,THAMES - WEST THAMES,L&W NORTH - WT,OPEN,FRESHWATER - RIVERS,2024-03-06T11:15:00,MONITORING  (NATIONAL AGENCY POLICY),RIVER / RUNNING SURFACE WATER,9686,"Nitrogen, Total as N",5.2,MILLIGRAM PER LITRE
https://environment.data.gov.uk/water-quality/sampling-point/TH-RSN2050/sample/1404888/observation/9901,TH-RSN2050,RSN2050 THAMES U/S A404,-0.7621,51.5665,Thames,THAMES - WEST THAMES,L&W NORTH - WT,OPEN,FRESHWATER - RIVERS,2024-03-06T11:15:00,MONITORING  (NATIONAL AGENCY POLICY),RIVER / RUNNING SURFACE WATER,9901,"Oxygen, Dissolved, % Saturation",105.2,PERCENTAGE
https://environment.data.gov.uk/water-quality/sampling-point/TH-RSN2050/sample/1404888/observation/9924,TH-RSN2050,RSN2050 THAMES U/S A404,-0.7621,51.5665,Thames,THAMES - WEST THAMES,L&W NORTH - WT,OPEN,FRESHWATER - RIVERS,2024-03-06T11:15:00,MONITORING  (NATIONAL AGENCY POLICY),RIVER / RUNNING SURFACE WATER,9924,"Oxygen, Dissolved as O2",12.1,MILLIGRAM PER LITRE
https://environment.data.gov.uk/water-quality/sampling-point/TH-RSN2050/sample/1406192/observation/0061,TH-RSN2050,RSN2050 THAMES U/S A404,-0.7621,51.5665,Thames,THAMES - WEST THAMES,L&W NORTH - WT,OPEN,FRESHWATER - RIVERS,2024-04-16T11:18:00,MONITORING  (NATIONAL AGENCY POLICY),RIVER / RUNNING SURFACE WATER,0061,pH,8.27,PH UNITS
https://environment.data.gov.uk/water-quality/sampling-point/TH-RSN2050/sample/1406192/observation/0076,TH-RSN2050,RSN2050 THAMES U/S A404,-0.7621,51.5665,Thames,THAMES - WEST THAMES,L&W NORTH - WT,OPEN,FRESHWATER - RIVERS,2024-04-16T11:18:00,MONITORING  (NATIONAL AGENCY POLICY),RIVER / RUNNING SURFACE WATER,0076,Temperature of Water,12.2,CELSIUS
https://environment.data.gov.uk/water-quality/sampling-point/TH-RSN2050/sample/1406192/observation/0077,TH-RSN2050,RSN2050 THAMES U/S A404,-0.7621,51.5665,Thames,THAMES - WEST THAMES,L&W NORTH - WT,OPEN,FRESHWATER - RIVERS,2024-04-16T11:18:00,MONITORING  (NATIONAL AGENCY POLICY),RIVER / RUNNING SURFACE WATER,0077,Conductivity at 25 C,620,MICROSIEMENS PER CENTIMETRE
https://environment.data.gov.uk/water-quality/sampling-point/TH-RSN2050/sample/1406192/observation/0111,TH-RSN2050,RSN2050 THAMES U/S A404,-0.7621,51.5665,Thames,THAMES - WEST THAMES,L&W NORTH - WT,OPEN,FRESHWATER - RIVERS,2024-04-16T11:18:00,MONITORING  (NATIONAL AGENCY POLICY),RIVER / RUNNING SURFACE WATER,0111,Ammoniacal Nitrogen as N,<0.03,MILLIGRAM PER LITRE
https://environment.data.gov.uk/water-quality/sampling-point/TH-RSN2050/sample/1406192/observation/0116,TH-RSN2050,RSN2050 THAMES U/S A404,-0.7621,51.5665,Thames,THAMES - WEST THAMES,L&W NORTH - WT,OPEN,FRESHWATER - RIVERS,2024-04-16T11:18:00,MONITORING  (NATIONAL AGENCY POLICY),RIVER / RUNNING SURFACE WATER,0116,"Nitrogen, Total Oxidised as N",6.1,MILLIGRAM PER LITRE
https://environment.data.gov.uk/water-quality/sampling-point/TH-RSN2050/sample/1406192/observation/0117,TH-RSN2050,RSN2050 THAMES U/S A404,-0.7621,51.5665,Thames,THAMES - WEST THAMES,L&W NORTH - WT,OPEN,FRESHWATER - RIVERS,2024-04-16T11:18:00,MONITORING  (NATIONAL AGENCY POLICY),RIVER / RUNNING SURFACE WATER,0117,Nitrate as N,6.08,MILLIGRAM PER LITRE
https://environment.data.gov.uk/water-quality/sampling-point/TH-RSN2050/sample/1406192/observation/0118,TH-RSN2050,RSN2050 THAMES U/S A404,-0.7621,51.5665,Thames,THAMES - WEST THAMES,L&W NORTH - WT,OPEN,FRESHWATER - RIVERS,2024-04-16T11:18:00,MONITORING  (NATIONAL AGENCY POLICY),RIVER / RUNNING SURFACE WATER,0118,Nitrite as N,0.017,MILLIGRAM PER LITRE
https://environment.data.gov.uk/water-quality/sampling-point/TH-RSN2050/sample/1406192/observation/0119,TH-RSN2050,RSN2050 THAMES U/S A404,-0.7621,51.5665,Thames,THAMES - WEST THAMES,L&W NORTH - WT,OPEN,FRESHWATER - RIVERS,2024-04-16T11:18:00,MONITORING  (NATIONAL AGENCY POLICY),RIVER / RUNNING SURFACE WATER,0119,Ammonia un-ionised as N,<0.00064,MILLIGRAM PER LITRE
https://environment.data.gov.uk/water-quality/sampling-point/TH-RSN2050/sample/1406192/observation/0162,TH-RSN2050,RSN2050 THAMES U/S A404,-0.7621,51.5665,Thames,THAMES - WEST THAMES,L&W NORTH - WT,OPEN,FRESHWATER - RIVERS,2024-04-16T11:18:00,MONITORING  (NATIONAL AGENCY POLICY),RIVER / RUNNING SURFACE WATER,0162,Alkalinity to pH 4.5 as CaCO3,230,MILLIGRAM PER LITRE
https://environment.data.gov.uk/water-quality/sampling-point/TH-RSN2050/sample/1406192/observation/0172,TH-RSN2050,RSN2050 THAMES U/S A404,-0.7621,51.5665,Thames,THAMES - WEST THAMES,L&W NORTH - WT,OPEN,FRESHWATER - RIVERS,2024-04-16T11:18:00,MONITORING  (NATIONAL AGENCY POLICY),RIVER / RUNNING SURFACE WATER,0172,Chloride,26,MILLIGRAM PER LITRE
https://environment.data.gov.uk/water-quality/sampling-point/TH-RSN2050/sample/1406192/observation/0180,TH-RSN2050,RSN2050 THAMES U/S A404,-0.7621,51.5665,Thames,THAMES - WEST THAMES,L&W NORTH - WT,OPEN,FRESHWATER - RIVERS,2024-04-16T11:18:00,MONITORING  (NATIONAL AGENCY POLICY),RIVER / RUNNING SURFACE WATER,0180,"Orthophosphate, reactive as P",0.075,MILLIGRAM PER LITRE
https://environment.data.gov.uk/water-quality/sampling-point/TH-RSN2050/sample/1406192/observation/0182,TH-RSN2050,RSN2050 THAMES U/S A404,-0.7621,51.5665,Thames,THAMES - WEST THAMES,L&W NORTH - WT,OPEN,FRESHWATER - RIVERS,2024-04-16T11:18:00,MONITORING  (NATIONAL AGENCY POLICY),RIVER / RUNNING SURFACE WATER,0182,"Silica, reactive as SiO2",9.3,MILLIGRAM PER LITRE
https://environment.data.gov.uk/water-quality/sampling-point/TH-RSN2050/sample/1406192/observation/0301,TH-RSN2050,RSN2050 THAMES U/S A404,-0.7621,51.5665,Thames,THAMES - WEST THAMES,L&W NORTH - WT,OPEN,FRESHWATER - RIVERS,2024-04-16T11:18:00,MONITORING  (NATIONAL AGENCY POLICY),RIVER / RUNNING SURFACE WATER,0301,"Carbon, Organic, Dissolved as C :- {DOC}",3.1,MILLIGRAM PER LITRE
https://environment.data.gov.uk/water-quality/sampling-point/TH-RSN2050/sample/1406192/observation/0348,TH-RSN2050,RSN2050 THAMES U/S A404,-0.7621,51.5665,Thames,THAMES - WEST THAMES,L&W NORTH - WT,OPEN,FRESHWATER - RIVERS,2024-04-16T11:18:00,MONITORING  (NATIONAL AGENCY POLICY),RIVER / RUNNING SURFACE WATER,0348,"Phosphorus, Total as P",0.095,MILLIGRAM PER LITRE
https://environment.data.gov.uk/water-quality/sampling-point/TH-RSN2050/sample/1406192/observation/9686,TH-RSN2050,RSN2050 THAMES U/S A404,-0.7621,51.5665,Thames,THAMES - WEST THAMES,L&W NORTH - WT,OPEN,FRESHWATER - RIVERS,2024-04-16T11:18:00,MONITORING  (NATIONAL AGENCY POLICY),RIVER / RUNNING SURFACE WATER,9686,"Nitrogen, Total as N",6.4,MILLIGRAM PER LITRE
https://environment.data.gov.uk/water-quality/sampling-point/TH-RSN2050/sample/1406192/observation/9901,TH-RSN2050,RSN2050 THAMES U/S A404,-0.7621,51.5665,Thames,THAMES - WEST THAMES,L&W NORTH - WT,OPEN,FRESHWATER - RIVERS,2024-04-16T11:18:00,MONITORING  (NATIONAL AGENCY POLICY),RIVER / RUNNING SURFACE WATER,9901,"Oxygen, Dissolved, % Saturation",99.9,PERCENTAGE
https://environment.data.gov.uk/water-quality/sampling-point/TH-RSN2050/sample/1406192/observation/9924,TH-RSN2050,RSN2050 THAMES U/S A404,-0.7621,51.5665,Thames,THAMES - WEST THAMES,L&W NORTH - WT,OPEN,FRESHWATER - RIVERS,2024-04-16T11:18:00,MONITORING  (NATIONAL AGENCY POLICY),RIVER / RUNNING SURFACE WATER,9924,"Oxygen, Dissolved as O2",10.7,MILLIGRAM PER LITRE
https://environment.data.gov.uk/water-quality/sampling-point/TH-RSN2050/sample/1407197/observation/0061,TH-RSN2050,RSN2050 THAMES U/S A404,-0.7621,51.5665,Thames,THAMES - WEST THAMES,L&W NORTH - WT,OPEN,FRESHWATER - RIVERS,2024-05-08T11:07:00,MONITORING  (NATIONAL AGENCY POLICY),RIVER / RUNNING SURFACE WATER,0061,pH,8.04,PH UNITS
https://environment.data.gov.uk/water-quality/sampling-point/TH-RSN2050/sample/1407197/observation/0076,TH-RSN2050,RSN2050 THAMES U/S A404,-0.7621,51.5665,Thames,THAMES - WEST THAMES,L&W NORTH - WT,OPEN,FRESHWATER - RIVERS,2024-05-08T11:07:00,MONITORING  (NATIONAL AGENCY POLICY),RIVER / RUNNING SURFACE WATER,0076,Temperature of Water,14.2,CELSIUS
https://environment.data.gov.uk/water-quality/sampling-point/TH-RSN2050/sample/1407197/observation/0077,TH-RSN2050,RSN2050 THAMES U/S A404,-0.7621,51.5665,Thames,THAMES - WEST THAMES,L&W NORTH - WT,OPEN,FRESHWATER - RIVERS,2024-05-08T11:07:00,MONITORING  (NATIONAL AGENCY POLICY),RIVER / RUNNING SURFACE WATER,0077,Conductivity at 25 C,602,MICROSIEMENS PER CENTIMETRE
https://environment.data.gov.uk/water-quality/sampling-point/TH-RSN2050/sample/1407197/observation/0111,TH-RSN2050,RSN2050 THAMES U/S A404,-0.7621,51.5665,Thames,THAMES - WEST THAMES,L&W NORTH - WT,OPEN,FRESHWATER - RIVERS,2024-05-08T11:07:00,MONITORING  (NATIONAL AGENCY POLICY),RIVER / RUNNING SURFACE WATER,0111,Ammoniacal Nitrogen as N,0.057,MILLIGRAM PER LITRE
https://environment.data.gov.uk/water-quality/sampling-point/TH-RSN2050/sample/1407197/observation/0116,TH-RSN2050,RSN2050 THAMES U/S A404,-0.7621,51.5665,Thames,THAMES - WEST THAMES,L&W NORTH - WT,OPEN,FRESHWATER - RIVERS,2024-05-08T11:07:00,MONITORING  (NATIONAL AGENCY POLICY),RIVER / RUNNING SURFACE WATER,0116,"Nitrogen, Total Oxidised as N",6.1,MILLIGRAM PER LITRE
https://environment.data.gov.uk/water-quality/sampling-point/TH-RSN2050/sample/1407197/observation/0117,TH-RSN2050,RSN2050 THAMES U/S A404,-0.7621,51.5665,Thames,THAMES - WEST THAMES,L&W NORTH - WT,OPEN,FRESHWATER - RIVERS,2024-05-08T11:07:00,MONITORING  (NATIONAL AGENCY POLICY),RIVER / RUNNING SURFACE WATER,0117,Nitrate as N,6.07,MILLIGRAM PER LITRE
https://environment.data.gov.uk/water-quality/sampling-point/TH-RSN2050/sample/1407197/observation/0118,TH-RSN2050,RSN2050 THAMES U/S A404,-0.7621,51.5665,Thames,THAMES - WEST THAMES,L&W NORTH - WT,OPEN,FRESHWATER - RIVERS,2024-05-08T11:07:00,MONITORING  (NATIONAL AGENCY POLICY),RIVER / RUNNING SURFACE WATER,0118,Nitrite as N,0.035,MILLIGRAM PER LITRE
https://environment.data.gov.uk/water-quality/sampling-point/TH-RSN2050/sample/1407197/observation/0119,TH-RSN2050,RSN2050 THAMES U/S A404,-0.7621,51.5665,Thames,THAMES - WEST THAMES,L&W NORTH - WT,OPEN,FRESHWATER - RIVERS,2024-05-08T11:07:00,MONITORING  (NATIONAL AGENCY POLICY),RIVER / RUNNING SURFACE WATER,0119,Ammonia un-ionised as N,0.00141,MILLIGRAM PER LITRE
https://environment.data.gov.uk/water-quality/sampling-point/TH-RSN2050/sample/1407197/observation/0162,TH-RSN2050,RSN2050 THAMES U/S A404,-0.7621,51.5665,Thames,THAMES - WEST THAMES,L&W NORTH - WT,OPEN,FRESHWATER - RIVERS,2024-05-08T11:07:00,MONITORING  (NATIONAL AGENCY POLICY),RIVER / RUNNING SURFACE WATER,0162,Alkalinity to pH 4.5 as CaCO3,230,MILLIGRAM PER LITRE
https://environment.data.gov.uk/water-quality/sampling-point/TH-RSN2050/sample/1407197/observation/0172,TH-RSN2050,RSN2050 THAMES U/S A404,-0.7621,51.5665,Thames,THAMES - WEST THAMES,L&W NORTH - WT,OPEN,FRESHWATER - RIVERS,2024-05-08T11:07:00,MONITORING  (NATIONAL AGENCY POLICY),RIVER / RUNNING SURFACE WATER,0172,Chloride,26,MILLIGRAM PER LITRE
https://environment.data.gov.uk/water-quality/sampling-point/TH-RSN2050/sample/1407197/observation/0180,TH-RSN2050,RSN2050 THAMES U/S A404,-0.7621,51.5665,Thames,THAMES - WEST THAMES,L&W NORTH - WT,OPEN,FRESHWATER - RIVERS,2024-05-08T11:07:00,MONITORING  (NATIONAL AGENCY POLICY),RIVER / RUNNING SURFACE WATER,0180,"Orthophosphate, reactive as P",0.11,MILLIGRAM PER LITRE
https://environment.data.gov.uk/water-quality/sampling-point/TH-RSN2050/sample/1407197/observation/0182,TH-RSN2050,RSN2050 THAMES U/S A404,-0.7621,51.5665,Thames,THAMES - WEST THAMES,L&W NORTH - WT,OPEN,FRESHWATER - RIVERS,2024-05-08T11:07:00,MONITORING  (NATIONAL AGENCY POLICY),RIVER / RUNNING SURFACE WATER,0182,"Silica, reactive as SiO2",11,MILLIGRAM PER LITRE
https://environment.data.gov.uk/water-quality/sampling-point/TH-RSN2050/sample/1407197/observation/0301,TH-RSN2050,RSN2050 THAMES U/S A404,-0.7621,51.5665,Thames,THAMES - WEST THAMES,L&W NORTH - WT,OPEN,FRESHWATER - RIVERS,2024-05-08T11:07:00,MONITORING  (NATIONAL AGENCY POLICY),RIVER / RUNNING SURFACE WATER,0301,"Carbon, Organic, Dissolved as C :- {DOC}",4.3,MILLIGRAM PER LITRE
https://environment.data.gov.uk/water-quality/sampling-point/TH-RSN2050/sample/1407197/observation/0348,TH-RSN2050,RSN2050 THAMES U/S A404,-0.7621,51.5665,Thames,THAMES - WEST THAMES,L&W NORTH - WT,OPEN,FRESHWATER - RIVERS,2024-05-08T11:07:00,MONITORING  (NATIONAL AGENCY POLICY),RIVER / RUNNING SURFACE WATER,0348,"Phosphorus, Total as P",0.13,MILLIGRAM PER LITRE
https://environment.data.gov.uk/water-quality/sampling-point/TH-RSN2050/sample/1407197/observation/9686,TH-RSN2050,RSN2050 THAMES U/S A404,-0.7621,51.5665,Thames,THAMES - WEST THAMES,L&W NORTH - WT,OPEN,FRESHWATER - RIVERS,2024-05-08T11:07:00,MONITORING  (NATIONAL AGENCY POLICY),RIVER / RUNNING SURFACE WATER,9686,"Nitrogen, Total as N",6.6,MILLIGRAM PER LITRE
https://environment.data.gov.uk/water-quality/sampling-point/TH-RSN2050/sample/1407197/observation/9901,TH-RSN2050,RSN2050 THAMES U/S A404,-0.7621,51.5665,Thames,THAMES - WEST THAMES,L&W NORTH - WT,OPEN,FRESHWATER - RIVERS,2024-05-08T11:07:00,MONITORING  (NATIONAL AGENCY POLICY),RIVER / RUNNING SURFACE WATER,9901,"Oxygen, Dissolved, % Saturation",102.2,PERCENTAGE
https://environment.data.gov.uk/water-quality/sampling-point/TH-RSN2050/sample/1407197/observation/9924,TH-RSN2050,RSN2050 THAMES U/S A404,-0.7621,51.5665,Thames,THAMES - WEST THAMES,L&W NORTH - WT,OPEN,FRESHWATER - RIVERS,2024-05-08T11:07:00,MONITORING  (NATIONAL AGENCY POLICY),RIVER / RUNNING SURFACE WATER,9924,"Oxygen, Dissolved as O2",10.5,MILLIGRAM PER LITRE
https://environment.data.gov.uk/water-quality/sampling-point/TH-RSN2050/sample/1408670/observation/0061,TH-RSN2050,RSN2050 THAMES U/S A404,-0.7621,51.5665,Thames,THAMES - WEST THAMES,L&W NORTH - WT,OPEN,FRESHWATER - RIVERS,2024-06-14T10:05:00,MONITORING  (NATIONAL AGENCY POLICY),RIVER / RUNNING SURFACE WATER,0061,pH,8.11,PH UNITS
https://environment.data.gov.uk/water-quality/sampling-point/TH-RSN2050/sample/1408670/observation/0076,TH-RSN2050,RSN2050 THAMES U/S A404,-0.7621,51.5665,Thames,THAMES - WEST THAMES,L&W NORTH - WT,OPEN,FRESHWATER - RIVERS,2024-06-14T10:05:00,MONITORING  (NATIONAL AGENCY POLICY),RIVER / RUNNING SURFACE WATER,0076,Temperature of Water,15,CELSIUS
https://environment.data.gov.uk/water-quality/sampling-point/TH-RSN2050/sample/1408670/observation/0077,TH-RSN2050,RSN2050 THAMES U/S A404,-0.7621,51.5665,Thames,THAMES - WEST THAMES,L&W NORTH - WT,OPEN,FRESHWATER - RIVERS,2024-06-14T10:05:00,MONITORING  (NATIONAL AGENCY POLICY),RIVER / RUNNING SURFACE WATER,0077,Conductivity at 25 C,666,MICROSIEMENS PER CENTIMETRE
https://environment.data.gov.uk/water-quality/sampling-point/TH-RSN2050/sample/1408670/observation/0111,TH-RSN2050,RSN2050 THAMES U/S A404,-0.7621,51.5665,Thames,THAMES - WEST THAMES,L&W NORTH - WT,OPEN,FRESHWATER - RIVERS,2024-06-14T10:05:00,MONITORING  (NATIONAL AGENCY POLICY),RIVER / RUNNING SURFACE WATER,0111,Ammoniacal Nitrogen as N,<0.03,MILLIGRAM PER LITRE
https://environment.data.gov.uk/water-quality/sampling-point/TH-RSN2050/sample/1408670/observation/0116,TH-RSN2050,RSN2050 THAMES U/S A404,-0.7621,51.5665,Thames,THAMES - WEST THAMES,L&W NORTH - WT,OPEN,FRESHWATER - RIVERS,2024-06-14T10:05:00,MONITORING  (NATIONAL AGENCY POLICY),RIVER / RUNNING SURFACE WATER,0116,"Nitrogen, Total Oxidised as N",6.9,MILLIGRAM PER LITRE
https://environment.data.gov.uk/water-quality/sampling-point/TH-RSN2050/sample/1408670/observation/0117,TH-RSN2050,RSN2050 THAMES U/S A404,-0.7621,51.5665,Thames,THAMES - WEST THAMES,L&W NORTH - WT,OPEN,FRESHWATER - RIVERS,2024-06-14T10:05:00,MONITORING  (NATIONAL AGENCY POLICY),RIVER / RUNNING SURFACE WATER,0117,Nitrate as N,6.89,MILLIGRAM PER LITRE
https://environment.data.gov.uk/water-quality/sampling-point/TH-RSN2050/sample/1408670/observation/0118,TH-RSN2050,RSN2050 THAMES U/S A404,-0.7621,51.5665,Thames,THAMES - WEST THAMES,L&W NORTH - WT,OPEN,FRESHWATER - RIVERS,2024-06-14T10:05:00,MONITORING  (NATIONAL AGENCY POLICY),RIVER / RUNNING SURFACE WATER,0118,Nitrite as N,0.011,MILLIGRAM PER LITRE
https://environment.data.gov.uk/water-quality/sampling-point/TH-RSN2050/sample/1408670/observation/0119,TH-RSN2050,RSN2050 THAMES U/S A404,-0.7621,51.5665,Thames,THAMES - WEST THAMES,L&W NORTH - WT,OPEN,FRESHWATER - RIVERS,2024-06-14T10:05:00,MONITORING  (NATIONAL AGENCY POLICY),RIVER / RUNNING SURFACE WATER,0119,Ammonia un-ionised as N,<0.00079,MILLIGRAM PER LITRE
https://environment.data.gov.uk/water-quality/sampling-point/TH-RSN2050/sample/1408670/observation/0162,TH-RSN2050,RSN2050 THAMES U/S A404,-0.7621,51.5665,Thames,THAMES - WEST THAMES,L&W NORTH - WT,OPEN,FRESHWATER - RIVERS,2024-06-14T10:05:00,MONITORING  (NATIONAL AGENCY POLICY),RIVER / RUNNING SURFACE WATER,0162,Alkalinity to pH 4.5 as CaCO3,240,MILLIGRAM PER LITRE
https://environment.data.gov.uk/water-quality/sampling-point/TH-RSN2050/sample/1408670/observation/0172,TH-RSN2050,RSN2050 THAMES U/S A404,-0.7621,51.5665,Thames,THAMES - WEST THAMES,L&W NORTH - WT,OPEN,FRESHWATER - RIVERS,2024-06-14T10:05:00,MONITORING  (NATIONAL AGENCY POLICY),RIVER / RUNNING SURFACE WATER,0172,Chloride,33,MILLIGRAM PER LITRE
https://environment.data.gov.uk/water-quality/sampling-point/TH-RSN2050/sample/1408670/observation/0180,TH-RSN2050,RSN2050 THAMES U/S A404,-0.7621,51.5665,Thames,THAMES - WEST THAMES,L&W NORTH - WT,OPEN,FRESHWATER - RIVERS,2024-06-14T10:05:00,MONITORING  (NATIONAL AGENCY POLICY),RIVER / RUNNING SURFACE WATER,0180,"Orthophosphate, reactive as P",0.11,MILLIGRAM PER LITRE
https://environment.data.gov.uk/water-quality/sampling-point/TH-RSN2050/sample/1408670/observation/0182,TH-RSN2050,RSN2050 THAMES U/S A404,-0.7621,51.5665,Thames,THAMES - WEST THAMES,L&W NORTH - WT,OPEN,FRESHWATER - RIVERS,2024-06-14T10:05:00,MONITORING  (NATIONAL AGENCY POLICY),RIVER / RUNNING SURFACE WATER,0182,"Silica, reactive as SiO2",11,MILLIGRAM PER LITRE
https://environment.data.gov.uk/water-quality/sampling-point/TH-RSN2050/sample/1408670/observation/0301,TH-RSN2050,RSN2050 THAMES U/S A404,-0.7621,51.5665,Thames,THAMES - WEST THAMES,L&W NORTH - WT,OPEN,FRESHWATER - RIVERS,2024-06-14T10:05:00,MONITORING  (NATIONAL AGENCY POLICY),RIVER / RUNNING SURFACE WATER,0301,"Carbon, Organic, Dissolved as C :- {DOC}",2.5,MILLIGRAM PER LITRE
https://environment.data.gov.uk/water-quality/sampling-point/TH-RSN2050/sample/1408670/observation/0348,TH-RSN2050,RSN2050 THAMES U/S A404,-0.7621,51.5665,Thames,THAMES - WEST THAMES,L&W NORTH - WT,OPEN,FRESHWATER - RIVERS,2024-06-14T10:05:00,MONITORING  (NATIONAL AGENCY POLICY),RIVER / RUNNING SURFACE WATER,0348,"Phosphorus, Total as P",0.13,MILLIGRAM PER LITRE
https://environment.data.gov.uk/water-quality/sampling-point/TH-RSN2050/sample/1408670/observation/9686,TH-RSN2050,RSN2050 THAMES U/S A404,-0.7621,51.5665,Thames,THAMES - WEST THAMES,L&W NORTH - WT,OPEN,FRESHWATER - RIVERS,2024-06-14T10:05:00,MONITORING  (NATIONAL AGENCY POLICY),RIVER / RUNNING SURFACE WATER,9686,"Nitrogen, Total as N",7.6,MILLIGRAM PER LITRE
https://environment.data.gov.uk/water-quality/sampling-point/TH-RSN2050/sample/1408670/observation/9901,TH-RSN2050,RSN2050 THAMES U/S A404,-0.7621,51.5665,Thames,THAMES - WEST THAMES,L&W NORTH - WT,OPEN,FRESHWATER - RIVERS,2024-06-14T10:05:00,MONITORING  (NATIONAL AGENCY POLICY),RIVER / RUNNING SURFACE WATER,9901,"Oxygen, Dissolved, % Saturation",104.9,PERCENTAGE
https://environment.data.gov.uk/water-quality/sampling-point/TH-RSN2050/sample/1408670/observation/9924,TH-RSN2050,RSN2050 THAMES U/S A404,-0.7621,51.5665,Thames,THAMES - WEST THAMES,L&W NORTH - WT,OPEN,FRESHWATER - RIVERS,2024-06-14T10:05:00,MONITORING  (NATIONAL AGENCY POLICY),RIVER / RUNNING SURFACE WATER,9924,"Oxygen, Dissolved as O2",10.5,MILLIGRAM PER LITRE
https://environment.data.gov.uk/water-quality/sampling-point/TH-RSN2050/sample/1412976/observation/0061,TH-RSN2050,RSN2050 THAMES U/S A404,-0.7621,51.5665,Thames,THAMES - WEST THAMES,L&W NORTH - WT,OPEN,FRESHWATER - RIVERS,2024-07-03T12:55:00,MONITORING  (NATIONAL AGENCY POLICY),RIVER / RUNNING SURFACE WATER,0061,pH,8.22,PH UNITS
https://environment.data.gov.uk/water-quality/sampling-point/TH-RSN2050/sample/1412976/observation/0076,TH-RSN2050,RSN2050 THAMES U/S A404,-0.7621,51.5665,Thames,THAMES - WEST THAMES,L&W NORTH - WT,OPEN,FRESHWATER - RIVERS,2024-07-03T12:55:00,MONITORING  (NATIONAL AGENCY POLICY),RIVER / RUNNING SURFACE WATER,0076,Temperature of Water,17.7,CELSIUS
https://environment.data.gov.uk/water-quality/sampling-point/TH-RSN2050/sample/1412976/observation/0077,TH-RSN2050,RSN2050 THAMES U/S A404,-0.7621,51.5665,Thames,THAMES - WEST THAMES,L&W NORTH - WT,OPEN,FRESHWATER - RIVERS,2024-07-03T12:55:00,MONITORING  (NATIONAL AGENCY POLICY),RIVER / RUNNING SURFACE WATER,0077,Conductivity at 25 C,669,MICROSIEMENS PER CENTIMETRE
https://environment.data.gov.uk/water-quality/sampling-point/TH-RSN2050/sample/1412976/observation/0111,TH-RSN2050,RSN2050 THAMES U/S A404,-0.7621,51.5665,Thames,THAMES - WEST THAMES,L&W NORTH - WT,OPEN,FRESHWATER - RIVERS,2024-07-03T12:55:00,MONITORING  (NATIONAL AGENCY POLICY),RIVER / RUNNING SURFACE WATER,0111,Ammoniacal Nitrogen as N,0.061,MILLIGRAM PER LITRE
https://environment.data.gov.uk/water-quality/sampling-point/TH-RSN2050/sample/1412976/observation/0116,TH-RSN2050,RSN2050 THAMES U/S A404,-0.7621,51.5665,Thames,THAMES - WEST THAMES,L&W NORTH - WT,OPEN,FRESHWATER - RIVERS,2024-07-03T12:55:00,MONITORING  (NATIONAL AGENCY POLICY),RIVER / RUNNING SURFACE WATER,0116,"Nitrogen, Total Oxidised as N",7.1,MILLIGRAM PER LITRE
https://environment.data.gov.uk/water-quality/sampling-point/TH-RSN2050/sample/1412976/observation/0117,TH-RSN2050,RSN2050 THAMES U/S A404,-0.7621,51.5665,Thames,THAMES - WEST THAMES,L&W NORTH - WT,OPEN,FRESHWATER - RIVERS,2024-07-03T12:55:00,MONITORING  (NATIONAL AGENCY POLICY),RIVER / RUNNING SURFACE WATER,0117,Nitrate as N,7.07,MILLIGRAM PER LITRE
https://environment.data.gov.uk/water-quality/sampling-point/TH-RSN2050/sample/1412976/observation/0118,TH-RSN2050,RSN2050 THAMES U/S A404,-0.7621,51.5665,Thames,THAMES - WEST THAMES,L&W NORTH - WT,OPEN,FRESHWATER - RIVERS,2024-07-03T12:55:00,MONITORING  (NATIONAL AGENCY POLICY),RIVER / RUNNING SURFACE WATER,0118,Nitrite as N,0.028,MILLIGRAM PER LITRE
https://environment.data.gov.uk/water-quality/sampling-point/TH-RSN2050/sample/1412976/observation/0119,TH-RSN2050,RSN2050 THAMES U/S A404,-0.7621,51.5665,Thames,THAMES - WEST THAMES,L&W NORTH - WT,OPEN,FRESHWATER - RIVERS,2024-07-03T12:55:00,MONITORING  (NATIONAL AGENCY POLICY),RIVER / RUNNING SURFACE WATER,0119,Ammonia un-ionised as N,0.00195,MILLIGRAM PER LITRE
https://environment.data.gov.uk/water-quality/sampling-point/TH-RSN2050/sample/1412976/observation/0162,TH-RSN2050,RSN2050 THAMES U/S A404,-0.7621,51.5665,Thames,THAMES - WEST THAMES,L&W NORTH - WT,OPEN,FRESHWATER - RIVERS,2024-07-03T12:55:00,MONITORING  (NATIONAL AGENCY POLICY),RIVER / RUNNING SURFACE WATER,0162,Alkalinity to pH 4.5 as CaCO3,240,MILLIGRAM PER LITRE
https://environment.data.gov.uk/water-quality/sampling-point/TH-RSN2050/sample/1412976/observation/0172,TH-RSN2050,RSN2050 THAMES U/S A404,-0.7621,51.5665,Thames,THAMES - WEST THAMES,L&W NORTH - WT,OPEN,FRESHWATER - RIVERS,2024-07-03T12:55:00,MONITORING  (NATIONAL AGENCY POLICY),RIVER / RUNNING SURFACE WATER,0172,Chloride,36,MILLIGRAM PER LITRE
https://environment.data.gov.uk/water-quality/sampling-point/TH-RSN2050/sample/1412976/observation/0180,TH-RSN2050,RSN2050 THAMES U/S A404,-0.7621,51.5665,Thames,THAMES - WEST THAMES,L&W NORTH - WT,OPEN,FRESHWATER - RIVERS,2024-07-03T12:55:00,MONITORING  (NATIONAL AGENCY POLICY),RIVER / RUNNING SURFACE WATER,0180,"Orthophosphate, reactive as P",0.13,MILLIGRAM PER LITRE
https://environment.data.gov.uk/water-quality/sampling-point/TH-RSN2050/sample/1412976/observation/0182,TH-RSN2050,RSN2050 THAMES U/S A404,-0.7621,51.5665,Thames,THAMES - WEST THAMES,L&W NORTH - WT,OPEN,FRESHWATER - RIVERS,2024-07-03T12:55:00,MONITORING  (NATIONAL AGENCY POLICY),RIVER / RUNNING SURFACE WATER,0182,"Silica, reactive as SiO2",12,MILLIGRAM PER LITRE
https://environment.data.gov.uk/water-quality/sampling-point/TH-RSN2050/sample/1412976/observation/0301,TH-RSN2050,RSN2050 THAMES U/S A404,-0.7621,51.5665,Thames,THAMES - WEST THAMES,L&W NORTH - WT,OPEN,FRESHWATER - RIVERS,2024-07-03T12:55:00,MONITORING  (NATIONAL AGENCY POLICY),RIVER / RUNNING SURFACE WATER,0301,"Carbon, Organic, Dissolved as C :- {DOC}",2.7,MILLIGRAM PER LITRE
https://environment.data.gov.uk/water-quality/sampling-point/TH-RSN2050/sample/1412976/observation/0348,TH-RSN2050,RSN2050 THAMES U/S A404,-0.7621,51.5665,Thames,THAMES - WEST THAMES,L&W NORTH - WT,OPEN,FRESHWATER - RIVERS,2024-07-03T12:55:00,MONITORING  (NATIONAL AGENCY POLICY),RIVER / RUNNING SURFACE WATER,0348,"Phosphorus, Total as P",0.17,MILLIGRAM PER LITRE
https://environment.data.gov.uk/water-quality/sampling-point/TH-RSN2050/sample/1412976/observation/2896,TH-RSN2050,RSN2050 THAMES U/S A404,-0.7621,51.5665,Thames,THAMES - WEST THAMES,L&W NORTH - WT,OPEN,FRESHWATER - RIVERS,2024-07-03T12:55:00,MONITORING  (NATIONAL AGENCY POLICY),RIVER / RUNNING SURFACE WATER,2896,Flow Type,Moderate Flow,Coded Result
https://environment.data.gov.uk/water-quality/sampling-point/TH-RSN2050/sample/1412976/observation/9686,TH-RSN2050,RSN2050 THAMES U/S A404,-0.7621,51.5665,Thames,THAMES - WEST THAMES,L&W NORTH - WT,OPEN,FRESHWATER - RIVERS,2024-07-03T12:55:00,MONITORING  (NATIONAL AGENCY POLICY),RIVER / RUNNING SURFACE WATER,9686,"Nitrogen, Total as N",7.9,MILLIGRAM PER LITRE
https://environment.data.gov.uk/water-quality/sampling-point/TH-RSN2050/sample/1412976/observation/9901,TH-RSN2050,RSN2050 THAMES U/S A404,-0.7621,51.5665,Thames,THAMES - WEST THAMES,L&W NORTH - WT,OPEN,FRESHWATER - RIVERS,2024-07-03T12:55:00,MONITORING  (NATIONAL AGENCY POLICY),RIVER / RUNNING SURFACE WATER,9901,"Oxygen, Dissolved, % Saturation",101.6,PERCENTAGE
https://environment.data.gov.uk/water-quality/sampling-point/TH-RSN2050/sample/1412976/observation/9924,TH-RSN2050,RSN2050 THAMES U/S A404,-0.7621,51.5665,Thames,THAMES - WEST THAMES,L&W NORTH - WT,OPEN,FRESHWATER - RIVERS,2024-07-03T12:55:00,MONITORING  (NATIONAL AGENCY POLICY),RIVER / RUNNING SURFACE WATER,9924,"Oxygen, Dissolved as O2",9.65,MILLIGRAM PER LITRE
https://environment.data.gov.uk/water-quality/sampling-point/TH-RSN2050/sample/1415030/observation/0061,TH-RSN2050,RSN2050 THAMES U/S A404,-0.7621,51.5665,Thames,THAMES - WEST THAMES,L&W NORTH - WT,OPEN,FRESHWATER - RIVERS,2024-08-16T10:01:00,MONITORING  (NATIONAL AGENCY POLICY),RIVER / RUNNING SURFACE WATER,0061,pH,8.04,PH UNITS
https://environment.data.gov.uk/water-quality/sampling-point/TH-RSN2050/sample/1415030/observation/0076,TH-RSN2050,RSN2050 THAMES U/S A404,-0.7621,51.5665,Thames,THAMES - WEST THAMES,L&W NORTH - WT,OPEN,FRESHWATER - RIVERS,2024-08-16T10:01:00,MONITORING  (NATIONAL AGENCY POLICY),RIVER / RUNNING SURFACE WATER,0076,Temperature of Water,19,CELSIUS
https://environment.data.gov.uk/water-quality/sampling-point/TH-RSN2050/sample/1415030/observation/0077,TH-RSN2050,RSN2050 THAMES U/S A404,-0.7621,51.5665,Thames,THAMES - WEST THAMES,L&W NORTH - WT,OPEN,FRESHWATER - RIVERS,2024-08-16T10:01:00,MONITORING  (NATIONAL AGENCY POLICY),RIVER / RUNNING SURFACE WATER,0077,Conductivity at 25 C,672,MICROSIEMENS PER CENTIMETRE
https://environment.data.gov.uk/water-quality/sampling-point/TH-RSN2050/sample/1415030/observation/0111,TH-RSN2050,RSN2050 THAMES U/S A404,-0.7621,51.5665,Thames,THAMES - WEST THAMES,L&W NORTH - WT,OPEN,FRESHWATER - RIVERS,2024-08-16T10:01:00,MONITORING  (NATIONAL AGENCY POLICY),RIVER / RUNNING SURFACE WATER,0111,Ammoniacal Nitrogen as N,<0.03,MILLIGRAM PER LITRE
https://environment.data.gov.uk/water-quality/sampling-point/TH-RSN2050/sample/1415030/observation/0116,TH-RSN2050,RSN2050 THAMES U/S A404,-0.7621,51.5665,Thames,THAMES - WEST THAMES,L&W NORTH - WT,OPEN,FRESHWATER - RIVERS,2024-08-16T10:01:00,MONITORING  (NATIONAL AGENCY POLICY),RIVER / RUNNING SURFACE WATER,0116,"Nitrogen, Total Oxidised as N",7.4,MILLIGRAM PER LITRE
https://environment.data.gov.uk/water-quality/sampling-point/TH-RSN2050/sample/1415030/observation/0117,TH-RSN2050,RSN2050 THAMES U/S A404,-0.7621,51.5665,Thames,THAMES - WEST THAMES,L&W NORTH - WT,OPEN,FRESHWATER - RIVERS,2024-08-16T10:01:00,MONITORING  (NATIONAL AGENCY POLICY),RIVER / RUNNING SURFACE WATER,0117,Nitrate as N,7.39,MILLIGRAM PER LITRE
https://environment.data.gov.uk/water-quality/sampling-point/TH-RSN2050/sample/1415030/observation/0118,TH-RSN2050,RSN2050 THAMES U/S A404,-0.7621,51.5665,Thames,THAMES - WEST THAMES,L&W NORTH - WT,OPEN,FRESHWATER - RIVERS,2024-08-16T10:01:00,MONITORING  (NATIONAL AGENCY POLICY),RIVER / RUNNING SURFACE WATER,0118,Nitrite as N,0.014,MILLIGRAM PER LITRE
https://environment.data.gov.uk/water-quality/sampling-point/TH-RSN2050/sample/1415030/observation/0119,TH-RSN2050,RSN2050 THAMES U/S A404,-0.7621,51.5665,Thames,THAMES - WEST THAMES,L&W NORTH - WT,OPEN,FRESHWATER - RIVERS,2024-08-16T10:01:00,MONITORING  (NATIONAL AGENCY POLICY),RIVER / RUNNING SURFACE WATER,0119,Ammonia un-ionised as N,<0.00105,MILLIGRAM PER LITRE
https://environment.data.gov.uk/water-quality/sampling-point/TH-RSN2050/sample/1415030/observation/0162,TH-RSN2050,RSN2050 THAMES U/S A404,-0.7621,51.5665,Thames,THAMES - WEST THAMES,L&W NORTH - WT,OPEN,FRESHWATER - RIVERS,2024-08-16T10:01:00,MONITORING  (NATIONAL AGENCY POLICY),RIVER / RUNNING SURFACE WATER,0162,Alkalinity to pH 4.5 as CaCO3,240,MILLIGRAM PER LITRE
https://environment.data.gov.uk/water-quality/sampling-point/TH-RSN2050/sample/1415030/observation/0172,TH-RSN2050,RSN2050 THAMES U/S A404,-0.7621,51.5665,Thames,THAMES - WEST THAMES,L&W NORTH - WT,OPEN,FRESHWATER - RIVERS,2024-08-16T10:01:00,MONITORING  (NATIONAL AGENCY POLICY),RIVER / RUNNING SURFACE WATER,0172,Chloride,41,MILLIGRAM PER LITRE
https://environment.data.gov.uk/water-quality/sampling-point/TH-RSN2050/sample/1415030/observation/0180,TH-RSN2050,RSN2050 THAMES U/S A404,-0.7621,51.5665,Thames,THAMES - WEST THAMES,L&W NORTH - WT,OPEN,FRESHWATER - RIVERS,2024-08-16T10:01:00,MONITORING  (NATIONAL AGENCY POLICY),RIVER / RUNNING SURFACE WATER,0180,"Orthophosphate, reactive as P",0.16,MILLIGRAM PER LITRE
https://environment.data.gov.uk/water-quality/sampling-point/TH-RSN2050/sample/1415030/observation/0182,TH-RSN2050,RSN2050 THAMES U/S A404,-0.7621,51.5665,Thames,THAMES - WEST THAMES,L&W NORTH - WT,OPEN,FRESHWATER - RIVERS,2024-08-16T10:01:00,MONITORING  (NATIONAL AGENCY POLICY),RIVER / RUNNING SURFACE WATER,0182,"Silica, reactive as SiO2",15,MILLIGRAM PER LITRE
https://environment.data.gov.uk/water-quality/sampling-point/TH-RSN2050/sample/1415030/observation/0301,TH-RSN2050,RSN2050 THAMES U/S A404,-0.7621,51.5665,Thames,THAMES - WEST THAMES,L&W NORTH - WT,OPEN,FRESHWATER - RIVERS,2024-08-16T10:01:00,MONITORING  (NATIONAL AGENCY POLICY),RIVER / RUNNING SURFACE WATER,0301,"Carbon, Organic, Dissolved as C :- {DOC}",2.6,MILLIGRAM PER LITRE
https://environment.data.gov.uk/water-quality/sampling-point/TH-RSN2050/sample/1415030/observation/0348,TH-RSN2050,RSN2050 THAMES U/S A404,-0.7621,51.5665,Thames,THAMES - WEST THAMES,L&W NORTH - WT,OPEN,FRESHWATER - RIVERS,2024-08-16T10:01:00,MONITORING  (NATIONAL AGENCY POLICY),RIVER / RUNNING SURFACE WATER,0348,"Phosphorus, Total as P",0.17,MILLIGRAM PER LITRE
https://environment.data.gov.uk/water-quality/sampling-point/TH-RSN2050/sample/1415030/observation/2896,TH-RSN2050,RSN2050 THAMES U/S A404,-0.7621,51.5665,Thames,THAMES - WEST THAMES,L&W NORTH - WT,OPEN,FRESHWATER - RIVERS,2024-08-16T10:01:00,MONITORING  (NATIONAL AGENCY POLICY),RIVER / RUNNING SURFACE WATER,2896,Flow Type,Moderate Flow,Coded Result
https://environment.data.gov.uk/water-quality/sampling-point/TH-RSN2050/sample/1415030/observation/9686,TH-RSN2050,RSN2050 THAMES U/S A404,-0.7621,51.5665,Thames,THAMES - WEST THAMES,L&W NORTH - WT,OPEN,FRESHWATER - RIVERS,2024-08-16T10:01:00,MONITORING  (NATIONAL AGENCY POLICY),RIVER / RUNNING SURFACE WATER,9686,"Nitrogen, Total as N",7.9,MILLIGRAM PER LITRE
https://environment.data.gov.uk/water-quality/sampling-point/TH-RSN2050/sample/1415030/observation/9901,TH-RSN2050,RSN2050 THAMES U/S A404,-0.7621,51.5665,Thames,THAMES - WEST THAMES,L&W NORTH - WT,OPEN,FRESHWATER - RIVERS,2024-08-16T10:01:00,MONITORING  (NATIONAL AGENCY POLICY),RIVER / RUNNING SURFACE WATER,9901,"Oxygen, Dissolved, % Saturation",98,PERCENTAGE
https://environment.data.gov.uk/water-quality/sampling-point/TH-RSN2050/sample/1415030/observation/9924,TH-RSN2050,RSN2050 THAMES U/S A404,-0.7621,51.5665,Thames,THAMES - WEST THAMES,L&W NORTH - WT,OPEN,FRESHWATER - RIVERS,2024-08-16T10:01:00,MONITORING  (NATIONAL AGENCY POLICY),RIVER / RUNNING SURFACE WATER,9924,"Oxygen, Dissolved as O2",9.06,MILLIGRAM PER LITRE
https://environment.data.gov.uk/water-quality/sampling-point/TH-RSN2050/sample/1416031/observation/0061,TH-RSN2050,RSN2050 THAMES U/S A404,-0.7621,51.5665,Thames,THAMES - WEST THAMES,L&W NORTH - WT,OPEN,FRESHWATER - RIVERS,2024-09-03T12:35:00,MONITORING  (NATIONAL AGENCY POLICY),RIVER / RUNNING SURFACE WATER,0061,pH,8.03,PH UNITS
https://environment.data.gov.uk/water-quality/sampling-point/TH-RSN2050/sample/1416031/observation/0076,TH-RSN2050,RSN2050 THAMES U/S A404,-0.7621,51.5665,Thames,THAMES - WEST THAMES,L&W NORTH - WT,OPEN,FRESHWATER - RIVERS,2024-09-03T12:35:00,MONITORING  (NATIONAL AGENCY POLICY),RIVER / RUNNING SURFACE WATER,0076,Temperature of Water,19,CELSIUS
https://environment.data.gov.uk/water-quality/sampling-point/TH-RSN2050/sample/1416031/observation/0077,TH-RSN2050,RSN2050 THAMES U/S A404,-0.7621,51.5665,Thames,THAMES - WEST THAMES,L&W NORTH - WT,OPEN,FRESHWATER - RIVERS,2024-09-03T12:35:00,MONITORING  (NATIONAL AGENCY POLICY),RIVER / RUNNING SURFACE WATER,0077,Conductivity at 25 C,690,MICROSIEMENS PER CENTIMETRE
https://environment.data.gov.uk/water-quality/sampling-point/TH-RSN2050/sample/1416031/observation/0111,TH-RSN2050,RSN2050 THAMES U/S A404,-0.7621,51.5665,Thames,THAMES - WEST THAMES,L&W NORTH - WT,OPEN,FRESHWATER - RIVERS,2024-09-03T12:35:00,MONITORING  (NATIONAL AGENCY POLICY),RIVER / RUNNING SURFACE WATER,0111,Ammoniacal Nitrogen as N,<0.03,MILLIGRAM PER LITRE
https://environment.data.gov.uk/water-quality/sampling-point/TH-RSN2050/sample/1416031/observation/0116,TH-RSN2050,RSN2050 THAMES U/S A404,-0.7621,51.5665,Thames,THAMES - WEST THAMES,L&W NORTH - WT,OPEN,FRESHWATER - RIVERS,2024-09-03T12:35:00,MONITORING  (NATIONAL AGENCY POLICY),RIVER / RUNNING SURFACE WATER,0116,"Nitrogen, Total Oxidised as N",7.8,MILLIGRAM PER LITRE
https://environment.data.gov.uk/water-quality/sampling-point/TH-RSN2050/sample/1416031/observation/0117,TH-RSN2050,RSN2050 THAMES U/S A404,-0.7621,51.5665,Thames,THAMES - WEST THAMES,L&W NORTH - WT,OPEN,FRESHWATER - RIVERS,2024-09-03T12:35:00,MONITORING  (NATIONAL AGENCY POLICY),RIVER / RUNNING SURFACE WATER,0117,Nitrate as N,7.78,MILLIGRAM PER LITRE
https://environment.data.gov.uk/water-quality/sampling-point/TH-RSN2050/sample/1416031/observation/0118,TH-RSN2050,RSN2050 THAMES U/S A404,-0.7621,51.5665,Thames,THAMES - WEST THAMES,L&W NORTH - WT,OPEN,FRESHWATER - RIVERS,2024-09-03T12:35:00,MONITORING  (NATIONAL AGENCY POLICY),RIVER / RUNNING SURFACE WATER,0118,Nitrite as N,0.017,MILLIGRAM PER LITRE
https://environment.data.gov.uk/water-quality/sampling-point/TH-RSN2050/sample/1416031/observation/0119,TH-RSN2050,RSN2050 THAMES U/S A404,-0.7621,51.5665,Thames,THAMES - WEST THAMES,L&W NORTH - WT,OPEN,FRESHWATER - RIVERS,2024-09-03T12:35:00,MONITORING  (NATIONAL AGENCY POLICY),RIVER / RUNNING SURFACE WATER,0119,Ammonia un-ionised as N,<0.00105,MILLIGRAM PER LITRE
https://environment.data.gov.uk/water-quality/sampling-point/TH-RSN2050/sample/1416031/observation/0162,TH-RSN2050,RSN2050 THAMES U/S A404,-0.7621,51.5665,Thames,THAMES - WEST THAMES,L&W NORTH - WT,OPEN,FRESHWATER - RIVERS,2024-09-03T12:35:00,MONITORING  (NATIONAL AGENCY POLICY),RIVER / RUNNING SURFACE WATER,0162,Alkalinity to pH 4.5 as CaCO3,230,MILLIGRAM PER LITRE
https://environment.data.gov.uk/water-quality/sampling-point/TH-RSN2050/sample/1416031/observation/0172,TH-RSN2050,RSN2050 THAMES U/S A404,-0.7621,51.5665,Thames,THAMES - WEST THAMES,L&W NORTH - WT,OPEN,FRESHWATER - RIVERS,2024-09-03T12:35:00,MONITORING  (NATIONAL AGENCY POLICY),RIVER / RUNNING SURFACE WATER,0172,Chloride,42,MILLIGRAM PER LITRE
https://environment.data.gov.uk/water-quality/sampling-point/TH-RSN2050/sample/1416031/observation/0180,TH-RSN2050,RSN2050 THAMES U/S A404,-0.7621,51.5665,Thames,THAMES - WEST THAMES,L&W NORTH - WT,OPEN,FRESHWATER - RIVERS,2024-09-03T12:35:00,MONITORING  (NATIONAL AGENCY POLICY),RIVER / RUNNING SURFACE WATER,0180,"Orthophosphate, reactive as P",0.16,MILLIGRAM PER LITRE
https://environment.data.gov.uk/water-quality/sampling-point/TH-RSN2050/sample/1416031/observation/0182,TH-RSN2050,RSN2050 THAMES U/S A404,-0.7621,51.5665,Thames,THAMES - WEST THAMES,L&W NORTH - WT,OPEN,FRESHWATER - RIVERS,2024-09-03T12:35:00,MONITORING  (NATIONAL AGENCY POLICY),RIVER / RUNNING SURFACE WATER,0182,"Silica, reactive as SiO2",15,MILLIGRAM PER LITRE
https://environment.data.gov.uk/water-quality/sampling-point/TH-RSN2050/sample/1416031/observation/0301,TH-RSN2050,RSN2050 THAMES U/S A404,-0.7621,51.5665,Thames,THAMES - WEST THAMES,L&W NORTH - WT,OPEN,FRESHWATER - RIVERS,2024-09-03T12:35:00,MONITORING  (NATIONAL AGENCY POLICY),RIVER / RUNNING SURFACE WATER,0301,"Carbon, Organic, Dissolved as C :- {DOC}",2.5,MILLIGRAM PER LITRE
https://environment.data.gov.uk/water-quality/sampling-point/TH-RSN2050/sample/1416031/observation/0348,TH-RSN2050,RSN2050 THAMES U/S A404,-0.7621,51.5665,Thames,THAMES - WEST THAMES,L&W NORTH - WT,OPEN,FRESHWATER - RIVERS,2024-09-03T12:35:00,MONITORING  (NATIONAL AGENCY POLICY),RIVER / RUNNING SURFACE WATER,0348,"Phosphorus, Total as P",0.19,MILLIGRAM PER LITRE
https://environment.data.gov.uk/water-quality/sampling-point/TH-RSN2050/sample/1416031/observation/2896,TH-RSN2050,RSN2050 THAMES U/S A404,-0.7621,51.5665,Thames,THAMES - WEST THAMES,L&W NORTH - WT,OPEN,FRESHWATER - RIVERS,2024-09-03T12:35:00,MONITORING  (NATIONAL AGENCY POLICY),RIVER / RUNNING SURFACE WATER,2896,Flow Type,Moderate Flow,Coded Result
https://environment.data.gov.uk/water-quality/sampling-point/TH-RSN2050/sample/1416031/observation/9686,TH-RSN2050,RSN2050 THAMES U/S A404,-0.7621,51.5665,Thames,THAMES - WEST THAMES,L&W NORTH - WT,OPEN,FRESHWATER - RIVERS,2024-09-03T12:35:00,MONITORING  (NATIONAL AGENCY POLICY),RIVER / RUNNING SURFACE WATER,9686,"Nitrogen, Total as N",8.4,MILLIGRAM PER LITRE
https://environment.data.gov.uk/water-quality/sampling-point/TH-RSN2050/sample/1416031/observation/9901,TH-RSN2050,RSN2050 THAMES U/S A404,-0.7621,51.5665,Thames,THAMES - WEST THAMES,L&W NORTH - WT,OPEN,FRESHWATER - RIVERS,2024-09-03T12:35:00,MONITORING  (NATIONAL AGENCY POLICY),RIVER / RUNNING SURFACE WATER,9901,"Oxygen, Dissolved, % Saturation",104.3,PERCENTAGE
https://environment.data.gov.uk/water-quality/sampling-point/TH-RSN2050/sample/1416031/observation/9924,TH-RSN2050,RSN2050 THAMES U/S A404,-0.7621,51.5665,Thames,THAMES - WEST THAMES,L&W NORTH - WT,OPEN,FRESHWATER - RIVERS,2024-09-03T12:35:00,MONITORING  (NATIONAL AGENCY POLICY),RIVER / RUNNING SURFACE WATER,9924,"Oxygen, Dissolved as O2",9.65,MILLIGRAM PER LITRE
https://environment.data.gov.uk/water-quality/sampling-point/TH-RSN2050/sample/1417576/observation/0061,TH-RSN2050,RSN2050 THAMES U/S A404,-0.7621,51.5665,Thames,THAMES - WEST THAMES,L&W NORTH - WT,OPEN,FRESHWATER - RIVERS,2024-10-04T09:33:00,MONITORING  (NATIONAL AGENCY POLICY),RIVER / RUNNING SURFACE WATER,0061,pH,7.56,PH UNITS
https://environment.data.gov.uk/water-quality/sampling-point/TH-RSN2050/sample/1417576/observation/0076,TH-RSN2050,RSN2050 THAMES U/S A404,-0.7621,51.5665,Thames,THAMES - WEST THAMES,L&W NORTH - WT,OPEN,FRESHWATER - RIVERS,2024-10-04T09:33:00,MONITORING  (NATIONAL AGENCY POLICY),RIVER / RUNNING SURFACE WATER,0076,Temperature of Water,10.9,CELSIUS
https://environment.data.gov.uk/water-quality/sampling-point/TH-RSN2050/sample/1417576/observation/0077,TH-RSN2050,RSN2050 THAMES U/S A404,-0.7621,51.5665,Thames,THAMES - WEST THAMES,L&W NORTH - WT,OPEN,FRESHWATER - RIVERS,2024-10-04T09:33:00,MONITORING  (NATIONAL AGENCY POLICY),RIVER / RUNNING SURFACE WATER,0077,Conductivity at 25 C,554,MICROSIEMENS PER CENTIMETRE
https://environment.data.gov.uk/water-quality/sampling-point/TH-RSN2050/sample/1417576/observation/0111,TH-RSN2050,RSN2050 THAMES U/S A404,-0.7621,51.5665,Thames,THAMES - WEST THAMES,L&W NORTH - WT,OPEN,FRESHWATER - RIVERS,2024-10-04T09:33:00,MONITORING  (NATIONAL AGENCY POLICY),RIVER / RUNNING SURFACE WATER,0111,Ammoniacal Nitrogen as N,0.037,MILLIGRAM PER LITRE
https://environment.data.gov.uk/water-quality/sampling-point/TH-RSN2050/sample/1417576/observation/0116,TH-RSN2050,RSN2050 THAMES U/S A404,-0.7621,51.5665,Thames,THAMES - WEST THAMES,L&W NORTH - WT,OPEN,FRESHWATER - RIVERS,2024-10-04T09:33:00,MONITORING  (NATIONAL AGENCY POLICY),RIVER / RUNNING SURFACE WATER,0116,"Nitrogen, Total Oxidised as N",4.1,MILLIGRAM PER LITRE
https://environment.data.gov.uk/water-quality/sampling-point/TH-RSN2050/sample/1417576/observation/0117,TH-RSN2050,RSN2050 THAMES U/S A404,-0.7621,51.5665,Thames,THAMES - WEST THAMES,L&W NORTH - WT,OPEN,FRESHWATER - RIVERS,2024-10-04T09:33:00,MONITORING  (NATIONAL AGENCY POLICY),RIVER / RUNNING SURFACE WATER,0117,Nitrate as N,4.08,MILLIGRAM PER LITRE
https://environment.data.gov.uk/water-quality/sampling-point/TH-RSN2050/sample/1417576/observation/0118,TH-RSN2050,RSN2050 THAMES U/S A404,-0.7621,51.5665,Thames,THAMES - WEST THAMES,L&W NORTH - WT,OPEN,FRESHWATER - RIVERS,2024-10-04T09:33:00,MONITORING  (NATIONAL AGENCY POLICY),RIVER / RUNNING SURFACE WATER,0118,Nitrite as N,0.018,MILLIGRAM PER LITRE
https://environment.data.gov.uk/water-quality/sampling-point/TH-RSN2050/sample/1417576/observation/0119,TH-RSN2050,RSN2050 THAMES U/S A404,-0.7621,51.5665,Thames,THAMES - WEST THAMES,L&W NORTH - WT,OPEN,FRESHWATER - RIVERS,2024-10-04T09:33:00,MONITORING  (NATIONAL AGENCY POLICY),RIVER / RUNNING SURFACE WATER,0119,Ammonia un-ionised as N,0.00026,MILLIGRAM PER LITRE
https://environment.data.gov.uk/water-quality/sampling-point/TH-RSN2050/sample/1417576/observation/0162,TH-RSN2050,RSN2050 THAMES U/S A404,-0.7621,51.5665,Thames,THAMES - WEST THAMES,L&W NORTH - WT,OPEN,FRESHWATER - RIVERS,2024-10-04T09:33:00,MONITORING  (NATIONAL AGENCY POLICY),RIVER / RUNNING SURFACE WATER,0162,Alkalinity to pH 4.5 as CaCO3,190,MILLIGRAM PER LITRE
https://environment.data.gov.uk/water-quality/sampling-point/TH-RSN2050/sample/1417576/observation/0172,TH-RSN2050,RSN2050 THAMES U/S A404,-0.7621,51.5665,Thames,THAMES - WEST THAMES,L&W NORTH - WT,OPEN,FRESHWATER - RIVERS,2024-10-04T09:33:00,MONITORING  (NATIONAL AGENCY POLICY),RIVER / RUNNING SURFACE WATER,0172,Chloride,22,MILLIGRAM PER LITRE
https://environment.data.gov.uk/water-quality/sampling-point/TH-RSN2050/sample/1417576/observation/0180,TH-RSN2050,RSN2050 THAMES U/S A404,-0.7621,51.5665,Thames,THAMES - WEST THAMES,L&W NORTH - WT,OPEN,FRESHWATER - RIVERS,2024-10-04T09:33:00,MONITORING  (NATIONAL AGENCY POLICY),RIVER / RUNNING SURFACE WATER,0180,"Orthophosphate, reactive as P",0.13,MILLIGRAM PER LITRE
https://environment.data.gov.uk/water-quality/sampling-point/TH-RSN2050/sample/1417576/observation/0182,TH-RSN2050,RSN2050 THAMES U/S A404,-0.7621,51.5665,Thames,THAMES - WEST THAMES,L&W NORTH - WT,OPEN,FRESHWATER - RIVERS,2024-10-04T09:33:00,MONITORING  (NATIONAL AGENCY POLICY),RIVER / RUNNING SURFACE WATER,0182,"Silica, reactive as SiO2",15,MILLIGRAM PER LITRE
https://environment.data.gov.uk/water-quality/sampling-point/TH-RSN2050/sample/1417576/observation/0301,TH-RSN2050,RSN2050 THAMES U/S A404,-0.7621,51.5665,Thames,THAMES - WEST THAMES,L&W NORTH - WT,OPEN,FRESHWATER - RIVERS,2024-10-04T09:33:00,MONITORING  (NATIONAL AGENCY POLICY),RIVER / RUNNING SURFACE WATER,0301,"Carbon, Organic, Dissolved as C :- {DOC}",7.4,MILLIGRAM PER LITRE
https://environment.data.gov.uk/water-quality/sampling-point/TH-RSN2050/sample/1417576/observation/0348,TH-RSN2050,RSN2050 THAMES U/S A404,-0.7621,51.5665,Thames,THAMES - WEST THAMES,L&W NORTH - WT,OPEN,FRESHWATER - RIVERS,2024-10-04T09:33:00,MONITORING  (NATIONAL AGENCY POLICY),RIVER / RUNNING SURFACE WATER,0348,"Phosphorus, Total as P",0.18,MILLIGRAM PER LITRE
https://environment.data.gov.uk/water-quality/sampling-point/TH-RSN2050/sample/1417576/observation/2896,TH-RSN2050,RSN2050 THAMES U/S A404,-0.7621,51.5665,Thames,THAMES - WEST THAMES,L&W NORTH - WT,OPEN,FRESHWATER - RIVERS,2024-10-04T09:33:00,MONITORING  (NATIONAL AGENCY POLICY),RIVER / RUNNING SURFACE WATER,2896,Flow Type,High Flow,Coded Result
https://environment.data.gov.uk/water-quality/sampling-point/TH-RSN2050/sample/1417576/observation/9686,TH-RSN2050,RSN2050 THAMES U/S A404,-0.7621,51.5665,Thames,THAMES - WEST THAMES,L&W NORTH - WT,OPEN,FRESHWATER - RIVERS,2024-10-04T09:33:00,MONITORING  (NATIONAL AGENCY POLICY),RIVER / RUNNING SURFACE WATER,9686,"Nitrogen, Total as N",5,MILLIGRAM PER LITRE
https://environment.data.gov.uk/water-quality/sampling-point/TH-RSN2050/sample/1417576/observation/9901,TH-RSN2050,RSN2050 THAMES U/S A404,-0.7621,51.5665,Thames,THAMES - WEST THAMES,L&W NORTH - WT,OPEN,FRESHWATER - RIVERS,2024-10-04T09:33:00,MONITORING  (NATIONAL AGENCY POLICY),RIVER / RUNNING SURFACE WATER,9901,"Oxygen, Dissolved, % Saturation",93.9,PERCENTAGE
https://environment.data.gov.uk/water-quality/sampling-point/TH-RSN2050/sample/1417576/observation/9924,TH-RSN2050,RSN2050 THAMES U/S A404,-0.7621,51.5665,Thames,THAMES - WEST THAMES,L&W NORTH - WT,OPEN,FRESHWATER - RIVERS,2024-10-04T09:33:00,MONITORING  (NATIONAL AGENCY POLICY),RIVER / RUNNING SURFACE WATER,9924,"Oxygen, Dissolved as O2",10.4,MILLIGRAM PER LITRE
https://environment.data.gov.uk/water-quality/sampling-point/TH-RSN2050/sample/1419508/observation/0061,TH-RSN2050,RSN2050 THAMES U/S A404,-0.7621,51.5665,Thames,THAMES - WEST THAMES,L&W NORTH - WT,OPEN,FRESHWATER - RIVERS,2024-11-13T10:10:00,MONITORING  (NATIONAL AGENCY POLICY),RIVER / RUNNING SURFACE WATER,0061,pH,8.14,PH UNITS
https://environment.data.gov.uk/water-quality/sampling-point/TH-RSN2050/sample/1419508/observation/0076,TH-RSN2050,RSN2050 THAMES U/S A404,-0.7621,51.5665,Thames,THAMES - WEST THAMES,L&W NORTH - WT,OPEN,FRESHWATER - RIVERS,2024-11-13T10:10:00,MONITORING  (NATIONAL AGENCY POLICY),RIVER / RUNNING SURFACE WATER,0076,Temperature of Water,10.1,CELSIUS
https://environment.data.gov.uk/water-quality/sampling-point/TH-RSN2050/sample/1419508/observation/0077,TH-RSN2050,RSN2050 THAMES U/S A404,-0.7621,51.5665,Thames,THAMES - WEST THAMES,L&W NORTH - WT,OPEN,FRESHWATER - RIVERS,2024-11-13T10:10:00,MONITORING  (NATIONAL AGENCY POLICY),RIVER / RUNNING SURFACE WATER,0077,Conductivity at 25 C,664,MICROSIEMENS PER CENTIMETRE
https://environment.data.gov.uk/water-quality/sampling-point/TH-RSN2050/sample/1419508/observation/0111,TH-RSN2050,RSN2050 THAMES U/S A404,-0.7621,51.5665,Thames,THAMES - WEST THAMES,L&W NORTH - WT,OPEN,FRESHWATER - RIVERS,2024-11-13T10:10:00,MONITORING  (NATIONAL AGENCY POLICY),RIVER / RUNNING SURFACE WATER,0111,Ammoniacal Nitrogen as N,<0.03,MILLIGRAM PER LITRE
https://environment.data.gov.uk/water-quality/sampling-point/TH-RSN2050/sample/1419508/observation/0116,TH-RSN2050,RSN2050 THAMES U/S A404,-0.7621,51.5665,Thames,THAMES - WEST THAMES,L&W NORTH - WT,OPEN,FRESHWATER - RIVERS,2024-11-13T10:10:00,MONITORING  (NATIONAL AGENCY POLICY),RIVER / RUNNING SURFACE WATER,0116,"Nitrogen, Total Oxidised as N",7,MILLIGRAM PER LITRE
https://environment.data.gov.uk/water-quality/sampling-point/TH-RSN2050/sample/1419508/observation/0117,TH-RSN2050,RSN2050 THAMES U/S A404,-0.7621,51.5665,Thames,THAMES - WEST THAMES,L&W NORTH - WT,OPEN,FRESHWATER - RIVERS,2024-11-13T10:10:00,MONITORING  (NATIONAL AGENCY POLICY),RIVER / RUNNING SURFACE WATER,0117,Nitrate as N,6.99,MILLIGRAM PER LITRE
https://environment.data.gov.uk/water-quality/sampling-point/TH-RSN2050/sample/1419508/observation/0118,TH-RSN2050,RSN2050 THAMES U/S A404,-0.7621,51.5665,Thames,THAMES - WEST THAMES,L&W NORTH - WT,OPEN,FRESHWATER - RIVERS,2024-11-13T10:10:00,MONITORING  (NATIONAL AGENCY POLICY),RIVER / RUNNING SURFACE WATER,0118,Nitrite as N,0.014,MILLIGRAM PER LITRE
https://environment.data.gov.uk/water-quality/sampling-point/TH-RSN2050/sample/1419508/observation/0119,TH-RSN2050,RSN2050 THAMES U/S A404,-0.7621,51.5665,Thames,THAMES - WEST THAMES,L&W NORTH - WT,OPEN,FRESHWATER - RIVERS,2024-11-13T10:10:00,MONITORING  (NATIONAL AGENCY POLICY),RIVER / RUNNING SURFACE WATER,0119,Ammonia un-ionised as N,<0.00055,MILLIGRAM PER LITRE
https://environment.data.gov.uk/water-quality/sampling-point/TH-RSN2050/sample/1419508/observation/0162,TH-RSN2050,RSN2050 THAMES U/S A404,-0.7621,51.5665,Thames,THAMES - WEST THAMES,L&W NORTH - WT,OPEN,FRESHWATER - RIVERS,2024-11-13T10:10:00,MONITORING  (NATIONAL AGENCY POLICY),RIVER / RUNNING SURFACE WATER,0162,Alkalinity to pH 4.5 as CaCO3,250,MILLIGRAM PER LITRE
https://environment.data.gov.uk/water-quality/sampling-point/TH-RSN2050/sample/1419508/observation/0172,TH-RSN2050,RSN2050 THAMES U/S A404,-0.7621,51.5665,Thames,THAMES - WEST THAMES,L&W NORTH - WT,OPEN,FRESHWATER - RIVERS,2024-11-13T10:10:00,MONITORING  (NATIONAL AGENCY POLICY),RIVER / RUNNING SURFACE WATER,0172,Chloride,30,MILLIGRAM PER LITRE
https://environment.data.gov.uk/water-quality/sampling-point/TH-RSN2050/sample/1419508/observation/0180,TH-RSN2050,RSN2050 THAMES U/S A404,-0.7621,51.5665,Thames,THAMES - WEST THAMES,L&W NORTH - WT,OPEN,FRESHWATER - RIVERS,2024-11-13T10:10:00,MONITORING  (NATIONAL AGENCY POLICY),RIVER / RUNNING SURFACE WATER,0180,"Orthophosphate, reactive as P",0.11,MILLIGRAM PER LITRE
https://environment.data.gov.uk/water-quality/sampling-point/TH-RSN2050/sample/1419508/observation/0182,TH-RSN2050,RSN2050 THAMES U/S A404,-0.7621,51.5665,Thames,THAMES - WEST THAMES,L&W NORTH - WT,OPEN,FRESHWATER - RIVERS,2024-11-13T10:10:00,MONITORING  (NATIONAL AGENCY POLICY),RIVER / RUNNING SURFACE WATER,0182,"Silica, reactive as SiO2",14,MILLIGRAM PER LITRE
https://environment.data.gov.uk/water-quality/sampling-point/TH-RSN2050/sample/1419508/observation/0301,TH-RSN2050,RSN2050 THAMES U/S A404,-0.7621,51.5665,Thames,THAMES - WEST THAMES,L&W NORTH - WT,OPEN,FRESHWATER - RIVERS,2024-11-13T10:10:00,MONITORING  (NATIONAL AGENCY POLICY),RIVER / RUNNING SURFACE WATER,0301,"Carbon, Organic, Dissolved as C :- {DOC}",2.8,MILLIGRAM PER LITRE
https://environment.data.gov.uk/water-quality/sampling-point/TH-RSN2050/sample/1419508/observation/0348,TH-RSN2050,RSN2050 THAMES U/S A404,-0.7621,51.5665,Thames,THAMES - WEST THAMES,L&W NORTH - WT,OPEN,FRESHWATER - RIVERS,2024-11-13T10:10:00,MONITORING  (NATIONAL AGENCY POLICY),RIVER / RUNNING SURFACE WATER,0348,"Phosphorus, Total as P",0.15,MILLIGRAM PER LITRE
https://environment.data.gov.uk/water-quality/sampling-point/TH-RSN2050/sample/1419508/observation/2896,TH-RSN2050,RSN2050 THAMES U/S A404,-0.7621,51.5665,Thames,THAMES - WEST THAMES,L&W NORTH - WT,OPEN,FRESHWATER - RIVERS,2024-11-13T10:10:00,MONITORING  (NATIONAL AGENCY POLICY),RIVER / RUNNING SURFACE WATER,2896,Flow Type,Moderate Flow,Coded Result
https://environment.data.gov.uk/water-quality/sampling-point/TH-RSN2050/sample/1419508/observation/9686,TH-RSN2050,RSN2050 THAMES U/S A404,-0.7621,51.5665,Thames,THAMES - WEST THAMES,L&W NORTH - WT,OPEN,FRESHWATER - RIVERS,2024-11-13T10:10:00,MONITORING  (NATIONAL AGENCY POLICY),RIVER / RUNNING SURFACE WATER,9686,"Nitrogen, Total as N",7.7,MILLIGRAM PER LITRE
https://environment.data.gov.uk/water-quality/sampling-point/TH-RSN2050/sample/1419508/observation/9901,TH-RSN2050,RSN2050 THAMES U/S A404,-0.7621,51.5665,Thames,THAMES - WEST THAMES,L&W NORTH - WT,OPEN,FRESHWATER - RIVERS,2024-11-13T10:10:00,MONITORING  (NATIONAL AGENCY POLICY),RIVER / RUNNING SURFACE WATER,9901,"Oxygen, Dissolved, % Saturation",100.1,PERCENTAGE
https://environment.data.gov.uk/water-quality/sampling-point/TH-RSN2050/sample/1419508/observation/9924,TH-RSN2050,RSN2050 THAMES U/S A404,-0.7621,51.5665,Thames,THAMES - WEST THAMES,L&W NORTH - WT,OPEN,FRESHWATER - RIVERS,2024-11-13T10:10:00,MONITORING  (NATIONAL AGENCY POLICY),RIVER / RUNNING SURFACE WATER,9924,"Oxygen, Dissolved as O2",11.2,MILLIGRAM PER LITRE
https://environment.data.gov.uk/water-quality/sampling-point/TH-RSN2050/sample/1420880/observation/0061,TH-RSN2050,RSN2050 THAMES U/S A404,-0.7621,51.5665,Thames,THAMES - WEST THAMES,L&W NORTH - WT,OPEN,FRESHWATER - RIVERS,2024-12-06T11:45:00,MONITORING  (NATIONAL AGENCY POLICY),RIVER / RUNNING SURFACE WATER,0061,pH,7.92,PH UNITS
https://environment.data.gov.uk/water-quality/sampling-point/TH-RSN2050/sample/1420880/observation/0076,TH-RSN2050,RSN2050 THAMES U/S A404,-0.7621,51.5665,Thames,THAMES - WEST THAMES,L&W NORTH - WT,OPEN,FRESHWATER - RIVERS,2024-12-06T11:45:00,MONITORING  (NATIONAL AGENCY POLICY),RIVER / RUNNING SURFACE WATER,0076,Temperature of Water,9.3,CELSIUS
https://environment.data.gov.uk/water-quality/sampling-point/TH-RSN2050/sample/1420880/observation/0077,TH-RSN2050,RSN2050 THAMES U/S A404,-0.7621,51.5665,Thames,THAMES - WEST THAMES,L&W NORTH - WT,OPEN,FRESHWATER - RIVERS,2024-12-06T11:45:00,MONITORING  (NATIONAL AGENCY POLICY),RIVER / RUNNING SURFACE WATER,0077,Conductivity at 25 C,614,MICROSIEMENS PER CENTIMETRE
https://environment.data.gov.uk/water-quality/sampling-point/TH-RSN2050/sample/1420880/observation/0111,TH-RSN2050,RSN2050 THAMES U/S A404,-0.7621,51.5665,Thames,THAMES - WEST THAMES,L&W NORTH - WT,OPEN,FRESHWATER - RIVERS,2024-12-06T11:45:00,MONITORING  (NATIONAL AGENCY POLICY),RIVER / RUNNING SURFACE WATER,0111,Ammoniacal Nitrogen as N,0.036,MILLIGRAM PER LITRE
https://environment.data.gov.uk/water-quality/sampling-point/TH-RSN2050/sample/1420880/observation/0116,TH-RSN2050,RSN2050 THAMES U/S A404,-0.7621,51.5665,Thames,THAMES - WEST THAMES,L&W NORTH - WT,OPEN,FRESHWATER - RIVERS,2024-12-06T11:45:00,MONITORING  (NATIONAL AGENCY POLICY),RIVER / RUNNING SURFACE WATER,0116,"Nitrogen, Total Oxidised as N",5.3,MILLIGRAM PER LITRE
https://environment.data.gov.uk/water-quality/sampling-point/TH-RSN2050/sample/1420880/observation/0117,TH-RSN2050,RSN2050 THAMES U/S A404,-0.7621,51.5665,Thames,THAMES - WEST THAMES,L&W NORTH - WT,OPEN,FRESHWATER - RIVERS,2024-12-06T11:45:00,MONITORING  (NATIONAL AGENCY POLICY),RIVER / RUNNING SURFACE WATER,0117,Nitrate as N,5.28,MILLIGRAM PER LITRE
https://environment.data.gov.uk/water-quality/sampling-point/TH-RSN2050/sample/1420880/observation/0118,TH-RSN2050,RSN2050 THAMES U/S A404,-0.7621,51.5665,Thames,THAMES - WEST THAMES,L&W NORTH - WT,OPEN,FRESHWATER - RIVERS,2024-12-06T11:45:00,MONITORING  (NATIONAL AGENCY POLICY),RIVER / RUNNING SURFACE WATER,0118,Nitrite as N,0.019,MILLIGRAM PER LITRE
https://environment.data.gov.uk/water-quality/sampling-point/TH-RSN2050/sample/1420880/observation/0119,TH-RSN2050,RSN2050 THAMES U/S A404,-0.7621,51.5665,Thames,THAMES - WEST THAMES,L&W NORTH - WT,OPEN,FRESHWATER - RIVERS,2024-12-06T11:45:00,MONITORING  (NATIONAL AGENCY POLICY),RIVER / RUNNING SURFACE WATER,0119,Ammonia un-ionised as N,0.00052,MILLIGRAM PER LITRE
https://environment.data.gov.uk/water-quality/sampling-point/TH-RSN2050/sample/1420880/observation/0162,TH-RSN2050,RSN2050 THAMES U/S A404,-0.7621,51.5665,Thames,THAMES - WEST THAMES,L&W NORTH - WT,OPEN,FRESHWATER - RIVERS,2024-12-06T11:45:00,MONITORING  (NATIONAL AGENCY POLICY),RIVER / RUNNING SURFACE WATER,0162,Alkalinity to pH 4.5 as CaCO3,230,MILLIGRAM PER LITRE
https://environment.data.gov.uk/water-quality/sampling-point/TH-RSN2050/sample/1420880/observation/0172,TH-RSN2050,RSN2050 THAMES U/S A404,-0.7621,51.5665,Thames,THAMES - WEST THAMES,L&W NORTH - WT,OPEN,FRESHWATER - RIVERS,2024-12-06T11:45:00,MONITORING  (NATIONAL AGENCY POLICY),RIVER / RUNNING SURFACE WATER,0172,Chloride,25,MILLIGRAM PER LITRE
https://environment.data.gov.uk/water-quality/sampling-point/TH-RSN2050/sample/1420880/observation/0180,TH-RSN2050,RSN2050 THAMES U/S A404,-0.7621,51.5665,Thames,THAMES - WEST THAMES,L&W NORTH - WT,OPEN,FRESHWATER - RIVERS,2024-12-06T11:45:00,MONITORING  (NATIONAL AGENCY POLICY),RIVER / RUNNING SURFACE WATER,0180,"Orthophosphate, reactive as P",0.079,MILLIGRAM PER LITRE
https://environment.data.gov.uk/water-quality/sampling-point/TH-RSN2050/sample/1420880/observation/0182,TH-RSN2050,RSN2050 THAMES U/S A404,-0.7621,51.5665,Thames,THAMES - WEST THAMES,L&W NORTH - WT,OPEN,FRESHWATER - RIVERS,2024-12-06T11:45:00,MONITORING  (NATIONAL AGENCY POLICY),RIVER / RUNNING SURFACE WATER,0182,"Silica, reactive as SiO2",13,MILLIGRAM PER LITRE
https://environment.data.gov.uk/water-quality/sampling-point/TH-RSN2050/sample/1420880/observation/0301,TH-RSN2050,RSN2050 THAMES U/S A404,-0.7621,51.5665,Thames,THAMES - WEST THAMES,L&W NORTH - WT,OPEN,FRESHWATER - RIVERS,2024-12-06T11:45:00,MONITORING  (NATIONAL AGENCY POLICY),RIVER / RUNNING SURFACE WATER,0301,"Carbon, Organic, Dissolved as C :- {DOC}",4.8,MILLIGRAM PER LITRE
https://environment.data.gov.uk/water-quality/sampling-point/TH-RSN2050/sample/1420880/observation/0348,TH-RSN2050,RSN2050 THAMES U/S A404,-0.7621,51.5665,Thames,THAMES - WEST THAMES,L&W NORTH - WT,OPEN,FRESHWATER - RIVERS,2024-12-06T11:45:00,MONITORING  (NATIONAL AGENCY POLICY),RIVER / RUNNING SURFACE WATER,0348,"Phosphorus, Total as P",0.12,MILLIGRAM PER LITRE
https://environment.data.gov.uk/water-quality/sampling-point/TH-RSN2050/sample/1420880/observation/2896,TH-RSN2050,RSN2050 THAMES U/S A404,-0.7621,51.5665,Thames,THAMES - WEST THAMES,L&W NORTH - WT,OPEN,FRESHWATER - RIVERS,2024-12-06T11:45:00,MONITORING  (NATIONAL AGENCY POLICY),RIVER / RUNNING SURFACE WATER,2896,Flow Type,High Flow,Coded Result
https://environment.data.gov.uk/water-quality/sampling-point/TH-RSN2050/sample/1420880/observation/9686,TH-RSN2050,RSN2050 THAMES U/S A404,-0.7621,51.5665,Thames,THAMES - WEST THAMES,L&W NORTH - WT,OPEN,FRESHWATER - RIVERS,2024-12-06T11:45:00,MONITORING  (NATIONAL AGENCY POLICY),RIVER / RUNNING SURFACE WATER,9686,"Nitrogen, Total as N",5.9,MILLIGRAM PER LITRE
https://environment.data.gov.uk/water-quality/sampling-point/TH-RSN2050/sample/1420880/observation/9901,TH-RSN2050,RSN2050 THAMES U/S A404,-0.7621,51.5665,Thames,THAMES - WEST THAMES,L&W NORTH - WT,OPEN,FRESHWATER - RIVERS,2024-12-06T11:45:00,MONITORING  (NATIONAL AGENCY POLICY),RIVER / RUNNING SURFACE WATER,9901,"Oxygen, Dissolved, % Saturation",98.1,PERCENTAGE
https://environment.data.gov.uk/water-quality/sampling-point/TH-RSN2050/sample/1420880/observation/9924,TH-RSN2050,RSN2050 THAMES U/S A404,-0.7621,51.5665,Thames,THAMES - WEST THAMES,L&W NORTH - WT,OPEN,FRESHWATER - RIVERS,2024-12-06T11:45:00,MONITORING  (NATIONAL AGENCY POLICY),RIVER / RUNNING SURFACE WATER,9924,"Oxygen, Dissolved as O2",11.2,MILLIGRAM PER LITRE
