id,samplingPoint.notation,samplingPoint.prefLabel,samplingPoint.longitude,samplingPoint.latitude,samplingPoint.region,samplingPoint.area,samplingPoint.subArea,samplingPoint.samplingPointStatus,samplingPoint.samplingPointType,phenomenonTime,samplingPurpose,sampleMaterialType,determinand.notation,determinand.prefLabel,result,unit
https://environment.data.gov.uk/water-quality/sampling-point/TH-PRTS0045/sample/1321036/observation/0061,TH-PRTS0045,R. THAMES D/S OF RUNNYMEDE CHANNEL INTAKE,-0.5123,51.4195,Thames,THAMES - WEST THAMES,Multiple Values,OPEN,FRESHWATER - RIVERS,2020-01-15T10:20:00,PLANNED INVESTIGATION (LOCAL MONITORING),RIVER / RUNNING SURFACE WATER,0061,pH,7.94,PH UNITS
https://environment.data.gov.uk/water-quality/sampling-point/TH-PRTS0045/sample/1321036/observation/0076,TH-PRTS0045,R. THAMES D/S OF RUNNYMEDE CHANNEL INTAKE,-0.5123,51.4195,Thames,THAMES - WEST THAMES,Multiple Values,OPEN,FRESHWATER - RIVERS,2020-01-15T10:20:00,PLANNED INVESTIGATION (LOCAL MONITORING),RIVER / RUNNING SURFACE WATER,0076,Temperature of Water,8.6,CELSIUS
https://environment.data.gov.uk/water-quality/sampling-point/TH-PRTS0045/sample/1321036/observation/0111,TH-PRTS0045,R. THAMES D/S OF RUNNYMEDE CHANNEL INTAKE,-0.5123,51.4195,Thames,THAMES - WEST THAMES,Multiple Values,OPEN,FRESHWATER - RIVERS,2020-01-15T10:20:00,PLANNED INVESTIGATION (LOCAL MONITORING),RIVER / RUNNING SURFACE WATER,0111,Ammoniacal Nitrogen as N,0.051,MILLIGRAM PER LITRE
https://environment.data.gov.uk/water-quality/sampling-point/TH-PRTS0045/sample/1321036/observation/0119,TH-PRTS0045,R. THAMES D/S OF RUNNYMEDE CHANNEL INTAKE,-0.5123,51.4195,Thames,THAMES - WEST THAMES,Multiple Values,OPEN,FRESHWATER - RIVERS,2020-01-15T10:20:00,PLANNED INVESTIGATION (LOCAL MONITORING),RIVER / RUNNING SURFACE WATER,0119,Ammonia un-ionised as N,0.00073,MILLIGRAM PER LITRE
https://environment.data.gov.uk/water-quality/sampling-point/TH-PRTS0045/sample/1321036/observation/0135,TH-PRTS0045,R. THAMES D/S OF RUNNYMEDE CHANNEL INTAKE,-0.5123,51.4195,Thames,THAMES - WEST THAMES,Multiple Values,OPEN,FRESHWATER - RIVERS,2020-01-15T10:20:00,PLANNED INVESTIGATION (LOCAL MONITORING),RIVER / RUNNING SURFACE WATER,0135,"Solids, Suspended at 105 C",24,MILLIGRAM PER LITRE
https://environment.data.gov.uk/water-quality/sampling-point/TH-PRTS0045/sample/1321036/observation/0180,TH-PRTS0045,R. THAMES D/S OF RUNNYMEDE CHANNEL INTAKE,-0.5123,51.4195,Thames,THAMES - WEST THAMES,Multiple Values,OPEN,FRESHWATER - RIVERS,2020-01-15T10:20:00,PLANNED INVESTIGATION (LOCAL MONITORING),RIVER / RUNNING SURFACE WATER,0180,"Orthophosphate, reactive as P",0.14,MILLIGRAM PER LITRE
https://environment.data.gov.uk/water-quality/sampling-point/TH-PRTS0045/sample/1322171/observation/0061,TH-PRTS0045,R. THAMES D/S OF RUNNYMEDE CHANNEL INTAKE,-0.5123,51.4195,Thames,THAMES - WEST THAMES,Multiple Values,OPEN,FRESHWATER - RIVERS,2020-02-12T08:49:00,PLANNED INVESTIGATION (LOCAL MONITORING),RIVER / RUNNING SURFACE WATER,0061,pH,8.29,PH UNITS
https://environment.data.gov.uk/water-quality/sampling-point/TH-PRTS0045/sample/1322171/observation/0076,TH-PRTS0045,R. THAMES D/S OF RUNNYMEDE CHANNEL INTAKE,-0.5123,51.4195,Thames,THAMES - WEST THAMES,Multiple Values,OPEN,FRESHWATER - RIVERS,2020-02-12T08:49:00,PLANNED INVESTIGATION (LOCAL MONITORING),RIVER / RUNNING SURFACE WATER,0076,Temperature of Water,6.2,CELSIUS
https://environment.data.gov.uk/water-quality/sampling-point/TH-PRTS0045/sample/1322171/observation/0111,TH-PRTS0045,R. THAMES D/S OF RUNNYMEDE CHANNEL INTAKE,-0.5123,51.4195,Thames,THAMES - WEST THAMES,Multiple Values,OPEN,FRESHWATER - RIVERS,2020-02-12T08:49:00,PLANNED INVESTIGATION (LOCAL MONITORING),RIVER / RUNNING SURFACE WATER,0111,Ammoniacal Nitrogen as N,0.08,MILLIGRAM PER LITRE
https://environment.data.gov.uk/water-quality/sampling-point/TH-PRTS0045/sample/1322171/observation/0119,TH-PRTS0045,R. THAMES D/S OF RUNNYMEDE CHANNEL INTAKE,-0.5123,51.4195,Thames,THAMES - WEST THAMES,Multiple Values,OPEN,FRESHWATER - RIVERS,2020-02-12T08:49:00,PLANNED INVESTIGATION (LOCAL MONITORING),RIVER / RUNNING SURFACE WATER,0119,Ammonia un-ionised as N,0.0011,MILLIGRAM PER LITRE
https://environment.data.gov.uk/water-quality/sampling-point/TH-PRTS0045/sample/1322171/observation/0135,TH-PRTS0045,R. THAMES D/S OF RUNNYMEDE CHANNEL INTAKE,-0.5123,51.4195,Thames,THAMES - WEST THAMES,Multiple Values,OPEN,FRESHWATER - RIVERS,2020-02-12T08:49:00,PLANNED INVESTIGATION (LOCAL MONITORING),RIVER / RUNNING SURFACE WATER,0135,"Solids, Suspended at 105 C",26,MILLIGRAM PER LITRE
https://environment.data.gov.uk/water-quality/sampling-point/TH-PRTS0045/sample/1322171/observation/0180,TH-PRTS0045,R. THAMES D/S OF RUNNYMEDE CHANNEL INTAKE,-0.5123,51.4195,Thames,THAMES - WEST THAMES,Multiple Values,OPEN,FRESHWATER - RIVERS,2020-02-12T08:49:00,PLANNED INVESTIGATION (LOCAL MONITORING),RIVER / RUNNING SURFACE WATER,0180,"Orthophosphate, reactive as P",0.13,MILLIGRAM PER LITRE
https://environment.data.gov.uk/water-quality/sampling-point/TH-PRTS0045/sample/1323489/observation/0061,TH-PRTS0045,R. THAMES D/S OF RUNNYMEDE CHANNEL INTAKE,-0.5123,51.4195,Thames,THAMES - WEST THAMES,Multiple Values,OPEN,FRESHWATER - RIVERS,2020-03-18T09:40:00,PLANNED INVESTIGATION (LOCAL MONITORING),RIVER / RUNNING SURFACE WATER,0061,pH,8.28,PH UNITS
https://environment.data.gov.uk/water-quality/sampling-point/TH-PRTS0045/sample/1323489/observation/0076,TH-PRTS0045,R. THAMES D/S OF RUNNYMEDE CHANNEL INTAKE,-0.5123,51.4195,Thames,THAMES - WEST THAMES,Multiple Values,OPEN,FRESHWATER - RIVERS,2020-03-18T09:40:00,PLANNED INVESTIGATION (LOCAL MONITORING),RIVER / RUNNING SURFACE WATER,0076,Temperature of Water,9.5,CELSIUS
https://environment.data.gov.uk/water-quality/sampling-point/TH-PRTS0045/sample/1323489/observation/0111,TH-PRTS0045,R. THAMES D/S OF RUNNYMEDE CHANNEL INTAKE,-0.5123,51.4195,Thames,THAMES - WEST THAMES,Multiple Values,OPEN,FRESHWATER - RIVERS,2020-03-18T09:40:00,PLANNED INVESTIGATION (LOCAL MONITORING),RIVER / RUNNING SURFACE WATER,0111,Ammoniacal Nitrogen as N,0.031,MILLIGRAM PER LITRE
https://environment.data.gov.uk/water-quality/sampling-point/TH-PRTS0045/sample/1323489/observation/0119,TH-PRTS0045,R. THAMES D/S OF RUNNYMEDE CHANNEL INTAKE,-0.5123,51.4195,Thames,THAMES - WEST THAMES,Multiple Values,OPEN,FRESHWATER - RIVERS,2020-03-18T09:40:00,PLANNED INVESTIGATION (LOCAL MONITORING),RIVER / RUNNING SURFACE WATER,0119,Ammonia un-ionised as N,0.00055,MILLIGRAM PER LITRE
https://environment.data.gov.uk/water-quality/sampling-point/TH-PRTS0045/sample/1323489/observation/0135,TH-PRTS0045,R. THAMES D/S OF RUNNYMEDE CHANNEL INTAKE,-0.5123,51.4195,Thames,THAMES - WEST THAMES,Multiple Values,OPEN,FRESHWATER - RIVERS,2020-03-18T09:40:00,PLANNED INVESTIGATION (LOCAL MONITORING),RIVER / RUNNING SURFACE WATER,0135,"Solids, Suspended at 105 C",11,MILLIGRAM PER LITRE
https://environment.data.gov.uk/water-quality/sampling-point/TH-PRTS0045/sample/1323489/observation/0180,TH-PRTS0045,R. THAMES D/S OF RUNNYMEDE CHANNEL INTAKE,-0.5123,51.4195,Thames,THAMES - WEST THAMES,Multiple Values,OPEN,FRESHWATER - RIVERS,2020-03-18T09:40:00,PLANNED INVESTIGATION (LOCAL MONITORING),RIVER / RUNNING SURFACE WATER,0180,"Orthophosphate, reactive as P",0.094,MILLIGRAM PER LITRE
https://environment.data.gov.uk/water-quality/sampling-point/TH-PRTS0046/sample/1321037/observation/0061,TH-PRTS0046,R. THAMES U/S OF THE RUNNYMEDE CHANNEL INTAKE,-0.5101,51.4227,Thames,THAMES - WEST THAMES,Multiple Values,OPEN,FRESHWATER - RIVERS,2020-01-15T10:05:00,PLANNED INVESTIGATION (LOCAL MONITORING),RIVER / RUNNING SURFACE WATER,0061,pH,8.26,PH UNITS
https://environment.data.gov.uk/water-quality/sampling-point/TH-PRTS0046/sample/1321037/observation/0076,TH-PRTS0046,R. THAMES U/S OF THE RUNNYMEDE CHANNEL INTAKE,-0.5101,51.4227,Thames,THAMES - WEST THAMES,Multiple Values,OPEN,FRESHWATER - RIVERS,2020-01-15T10:05:00,PLANNED INVESTIGATION (LOCAL MONITORING),RIVER / RUNNING SURFACE WATER,0076,Temperature of Water,8.6,CELSIUS
https://environment.data.gov.uk/water-quality/sampling-point/TH-PRTS0046/sample/1321037/observation/0111,TH-PRTS0046,R. THAMES U/S OF THE RUNNYMEDE CHANNEL INTAKE,-0.5101,51.4227,Thames,THAMES - WEST THAMES,Multiple Values,OPEN,FRESHWATER - RIVERS,2020-01-15T10:05:00,PLANNED INVESTIGATION (LOCAL MONITORING),RIVER / RUNNING SURFACE WATER,0111,Ammoniacal Nitrogen as N,0.052,MILLIGRAM PER LITRE
https://environment.data.gov.uk/water-quality/sampling-point/TH-PRTS0046/sample/1321037/observation/0119,TH-PRTS0046,R. THAMES U/S OF THE RUNNYMEDE CHANNEL INTAKE,-0.5101,51.4227,Thames,THAMES - WEST THAMES,Multiple Values,OPEN,FRESHWATER - RIVERS,2020-01-15T10:05:00,PLANNED INVESTIGATION (LOCAL MONITORING),RIVER / RUNNING SURFACE WATER,0119,Ammonia un-ionised as N,0.00086,MILLIGRAM PER LITRE
https://environment.data.gov.uk/water-quality/sampling-point/TH-PRTS0046/sample/1321037/observation/0135,TH-PRTS0046,R. THAMES U/S OF THE RUNNYMEDE CHANNEL INTAKE,-0.5101,51.4227,Thames,THAMES - WEST THAMES,Multiple Values,OPEN,FRESHWATER - RIVERS,2020-01-15T10:05:00,PLANNED INVESTIGATION (LOCAL MONITORING),RIVER / RUNNING SURFACE WATER,0135,"Solids, Suspended at 105 C",23,MILLIGRAM PER LITRE
https://environment.data.gov.uk/water-quality/sampling-point/TH-PRTS0046/sample/1321037/observation/0180,TH-PRTS0046,R. THAMES U/S OF THE RUNNYMEDE CHANNEL INTAKE,-0.5101,51.4227,Thames,THAMES - WEST THAMES,Multiple Values,OPEN,FRESHWATER - RIVERS,2020-01-15T10:05:00,PLANNED INVESTIGATION (LOCAL MONITORING),RIVER / RUNNING SURFACE WATER,0180,"Orthophosphate, reactive as P",0.13,MILLIGRAM PER LITRE
https://environment.data.gov.uk/water-quality/sampling-point/TH-PRTS0046/sample/1322172/observation/0061,TH-PRTS0046,R. THAMES U/S OF THE RUNNYMEDE CHANNEL INTAKE,-0.5101,51.4227,Thames,THAMES - WEST THAMES,Multiple Values,OPEN,FRESHWATER - RIVERS,2020-02-12T09:58:00,PLANNED INVESTIGATION (LOCAL MONITORING),RIVER / RUNNING SURFACE WATER,0061,pH,8.99,PH UNITS
https://environment.data.gov.uk/water-quality/sampling-point/TH-PRTS0046/sample/1322172/observation/0076,TH-PRTS0046,R. THAMES U/S OF THE RUNNYMEDE CHANNEL INTAKE,-0.5101,51.4227,Thames,THAMES - WEST THAMES,Multiple Values,OPEN,FRESHWATER - RIVERS,2020-02-12T09:58:00,PLANNED INVESTIGATION (LOCAL MONITORING),RIVER / RUNNING SURFACE WATER,0076,Temperature of Water,6.2,CELSIUS
https://environment.data.gov.uk/water-quality/sampling-point/TH-PRTS0046/sample/1322172/observation/0111,TH-PRTS0046,R. THAMES U/S OF THE RUNNYMEDE CHANNEL INTAKE,-0.5101,51.4227,Thames,THAMES - WEST THAMES,Multiple Values,OPEN,FRESHWATER - RIVERS,2020-02-12T09:58:00,PLANNED INVESTIGATION (LOCAL MONITORING),RIVER / RUNNING SURFACE WATER,0111,Ammoniacal Nitrogen as N,0.076,MILLIGRAM PER LITRE
https://environment.data.gov.uk/water-quality/sampling-point/TH-PRTS0046/sample/1322172/observation/0119,TH-PRTS0046,R. THAMES U/S OF THE RUNNYMEDE CHANNEL INTAKE,-0.5101,51.4227,Thames,THAMES - WEST THAMES,Multiple Values,OPEN,FRESHWATER - RIVERS,2020-02-12T09:58:00,PLANNED INVESTIGATION (LOCAL MONITORING),RIVER / RUNNING SURFACE WATER,0119,Ammonia un-ionised as N,0.00105,MILLIGRAM PER LITRE
https://environment.data.gov.uk/water-quality/sampling-point/TH-PRTS0046/sample/1322172/observation/0135,TH-PRTS0046,R. THAMES U/S OF THE RUNNYMEDE CHANNEL INTAKE,-0.5101,51.4227,Thames,THAMES - WEST THAMES,Multiple Values,OPEN,FRESHWATER - RIVERS,2020-02-12T09:58:00,PLANNED INVESTIGATION (LOCAL MONITORING),RIVER / RUNNING SURFACE WATER,0135,"Solids, Suspended at 105 C",26,MILLIGRAM PER LITRE
https://environment.data.gov.uk/water-quality/sampling-point/TH-PRTS0046/sample/1322172/observation/0180,TH-PRTS0046,R. THAMES U/S OF THE RUNNYMEDE CHANNEL INTAKE,-0.5101,51.4227,Thames,THAMES - WEST THAMES,Multiple Values,OPEN,FRESHWATER - RIVERS,2020-02-12T09:58:00,PLANNED INVESTIGATION (LOCAL MONITORING),RIVER / RUNNING SURFACE WATER,0180,"Orthophosphate, reactive as P",0.13,MILLIGRAM PER LITRE
https://environment.data.gov.uk/water-quality/sampling-point/TH-PRTS0046/sample/1323490/observation/0061,TH-PRTS0046,R. THAMES U/S OF THE RUNNYMEDE CHANNEL INTAKE,-0.5101,51.4227,Thames,THAMES - WEST THAMES,Multiple Values,OPEN,FRESHWATER - RIVERS,2020-03-18T09:30:00,PLANNED INVESTIGATION (LOCAL MONITORING),RIVER / RUNNING SURFACE WATER,0061,pH,8.47,PH UNITS
https://environment.data.gov.uk/water-quality/sampling-point/TH-PRTS0046/sample/1323490/observation/0076,TH-PRTS0046,R. THAMES U/S OF THE RUNNYMEDE CHANNEL INTAKE,-0.5101,51.4227,Thames,THAMES - WEST THAMES,Multiple Values,OPEN,FRESHWATER - RIVERS,2020-03-18T09:30:00,PLANNED INVESTIGATION (LOCAL MONITORING),RIVER / RUNNING SURFACE WATER,0076,Temperature of Water,9.5,CELSIUS
https://environment.data.gov.uk/water-quality/sampling-point/TH-PRTS0046/sample/1323490/observation/0111,TH-PRTS0046,R. THAMES U/S OF THE RUNNYMEDE CHANNEL INTAKE,-0.5101,51.4227,Thames,THAMES - WEST THAMES,Multiple Values,OPEN,FRESHWATER - RIVERS,2020-03-18T09:30:00,PLANNED INVESTIGATION (LOCAL MONITORING),RIVER / RUNNING SURFACE WATER,0111,Ammoniacal Nitrogen as N,0.034,MILLIGRAM PER LITRE
https://environment.data.gov.uk/water-quality/sampling-point/TH-PRTS0046/sample/1323490/observation/0119,TH-PRTS0046,R. THAMES U/S OF THE RUNNYMEDE CHANNEL INTAKE,-0.5101,51.4227,Thames,THAMES - WEST THAMES,Multiple Values,OPEN,FRESHWATER - RIVERS,2020-03-18T09:30:00,PLANNED INVESTIGATION (LOCAL MONITORING),RIVER / RUNNING SURFACE WATER,0119,Ammonia un-ionised as N,0.0006,MILLIGRAM PER LITRE
https://environment.data.gov.uk/water-quality/sampling-point/TH-PRTS0046/sample/1323490/observation/0135,TH-PRTS0046,R. THAMES U/S OF THE RUNNYMEDE CHANNEL INTAKE,-0.5101,51.4227,Thames,THAMES - WEST THAMES,Multiple Values,OPEN,FRESHWATER - RIVERS,2020-03-18T09:30:00,PLANNED INVESTIGATION (LOCAL MONITORING),RIVER / RUNNING SURFACE WATER,0135,"Solids, Suspended at 105 C",10,MILLIGRAM PER LITRE
https://environment.data.gov.uk/water-quality/sampling-point/TH-PRTS0046/sample/1323490/observation/0180,TH-PRTS0046,R. THAMES U/S OF THE RUNNYMEDE CHANNEL INTAKE,-0.5101,51.4227,Thames,THAMES - WEST THAMES,Multiple Values,OPEN,FRESHWATER - RIVERS,2020-03-18T09:30:00,PLANNED INVESTIGATION (LOCAL MONITORING),RIVER / RUNNING SURFACE WATER,0180,"Orthophosphate, reactive as P",0.094,MILLIGRAM PER LITRE
https://environment.data.gov.uk/water-quality/sampling-point/TH-PRTS0050/sample/1321038/observation/0061,TH-PRTS0050,ABBEY RIVER UPSTREAM OF INTERSECTION,-0.5037,51.4024,Thames,THAMES - WEST THAMES,Multiple Values,OPEN,FRESHWATER - RIVERS,2020-01-15T13:05:00,PLANNED INVESTIGATION (LOCAL MONITORING),RIVER / RUNNING SURFACE WATER,0061,pH,8.1,PH UNITS
https://environment.data.gov.uk/water-quality/sampling-point/TH-PRTS0050/sample/1321038/observation/0076,TH-PRTS0050,ABBEY RIVER UPSTREAM OF INTERSECTION,-0.5037,51.4024,Thames,THAMES - WEST THAMES,Multiple Values,OPEN,FRESHWATER - RIVERS,2020-01-15T13:05:00,PLANNED INVESTIGATION (LOCAL MONITORING),RIVER / RUNNING SURFACE WATER,0076,Temperature of Water,8.6,CELSIUS
https://environment.data.gov.uk/water-quality/sampling-point/TH-PRTS0050/sample/1321038/observation/0111,TH-PRTS0050,ABBEY RIVER UPSTREAM OF INTERSECTION,-0.5037,51.4024,Thames,THAMES - WEST THAMES,Multiple Values,OPEN,FRESHWATER - RIVERS,2020-01-15T13:05:00,PLANNED INVESTIGATION (LOCAL MONITORING),RIVER / RUNNING SURFACE WATER,0111,Ammoniacal Nitrogen as N,0.04,MILLIGRAM PER LITRE
https://environment.data.gov.uk/water-quality/sampling-point/TH-PRTS0050/sample/1321038/observation/0119,TH-PRTS0050,ABBEY RIVER UPSTREAM OF INTERSECTION,-0.5037,51.4024,Thames,THAMES - WEST THAMES,Multiple Values,OPEN,FRESHWATER - RIVERS,2020-01-15T13:05:00,PLANNED INVESTIGATION (LOCAL MONITORING),RIVER / RUNNING SURFACE WATER,0119,Ammonia un-ionised as N,0.00066,MILLIGRAM PER LITRE
https://environment.data.gov.uk/water-quality/sampling-point/TH-PRTS0050/sample/1321038/observation/0135,TH-PRTS0050,ABBEY RIVER UPSTREAM OF INTERSECTION,-0.5037,51.4024,Thames,THAMES - WEST THAMES,Multiple Values,OPEN,FRESHWATER - RIVERS,2020-01-15T13:05:00,PLANNED INVESTIGATION (LOCAL MONITORING),RIVER / RUNNING SURFACE WATER,0135,"Solids, Suspended at 105 C",110,MILLIGRAM PER LITRE
https://environment.data.gov.uk/water-quality/sampling-point/TH-PRTS0050/sample/1321038/observation/0180,TH-PRTS0050,ABBEY RIVER UPSTREAM OF INTERSECTION,-0.5037,51.4024,Thames,THAMES - WEST THAMES,Multiple Values,OPEN,FRESHWATER - RIVERS,2020-01-15T13:05:00,PLANNED INVESTIGATION (LOCAL MONITORING),RIVER / RUNNING SURFACE WATER,0180,"Orthophosphate, reactive as P",0.12,MILLIGRAM PER LITRE
https://environment.data.gov.uk/water-quality/sampling-point/TH-PRTS0050/sample/1322173/observation/0061,TH-PRTS0050,ABBEY RIVER UPSTREAM OF INTERSECTION,-0.5037,51.4024,Thames,THAMES - WEST THAMES,Multiple Values,OPEN,FRESHWATER - RIVERS,2020-02-12T10:15:00,PLANNED INVESTIGATION (LOCAL MONITORING),RIVER / RUNNING SURFACE WATER,0061,pH,8.56,PH UNITS
https://environment.data.gov.uk/water-quality/sampling-point/TH-PRTS0050/sample/1322173/observation/0076,TH-PRTS0050,ABBEY RIVER UPSTREAM OF INTERSECTION,-0.5037,51.4024,Thames,THAMES - WEST THAMES,Multiple Values,OPEN,FRESHWATER - RIVERS,2020-02-12T10:15:00,PLANNED INVESTIGATION (LOCAL MONITORING),RIVER / RUNNING SURFACE WATER,0076,Temperature of Water,6.3,CELSIUS
https://environment.data.gov.uk/water-quality/sampling-point/TH-PRTS0050/sample/1322173/observation/0111,TH-PRTS0050,ABBEY RIVER UPSTREAM OF INTERSECTION,-0.5037,51.4024,Thames,THAMES - WEST THAMES,Multiple Values,OPEN,FRESHWATER - RIVERS,2020-02-12T10:15:00,PLANNED INVESTIGATION (LOCAL MONITORING),RIVER / RUNNING SURFACE WATER,0111,Ammoniacal Nitrogen as N,0.079,MILLIGRAM PER LITRE
https://environment.data.gov.uk/water-quality/sampling-point/TH-PRTS0050/sample/1322173/observation/0119,TH-PRTS0050,ABBEY RIVER UPSTREAM OF INTERSECTION,-0.5037,51.4024,Thames,THAMES - WEST THAMES,Multiple Values,OPEN,FRESHWATER - RIVERS,2020-02-12T10:15:00,PLANNED INVESTIGATION (LOCAL MONITORING),RIVER / RUNNING SURFACE WATER,0119,Ammonia un-ionised as N,0.0011,MILLIGRAM PER LITRE
https://environment.data.gov.uk/water-quality/sampling-point/TH-PRTS0050/sample/1322173/observation/0135,TH-PRTS0050,ABBEY RIVER UPSTREAM OF INTERSECTION,-0.5037,51.4024,Thames,THAMES - WEST THAMES,Multiple Values,OPEN,FRESHWATER - RIVERS,2020-02-12T10:15:00,PLANNED INVESTIGATION (LOCAL MONITORING),RIVER / RUNNING SURFACE WATER,0135,"Solids, Suspended at 105 C",28,MILLIGRAM PER LITRE
https://environment.data.gov.uk/water-quality/sampling-point/TH-PRTS0050/sample/1322173/observation/0180,TH-PRTS0050,ABBEY RIVER UPSTREAM OF INTERSECTION,-0.5037,51.4024,Thames,THAMES - WEST THAMES,Multiple Values,OPEN,FRESHWATER - RIVERS,2020-02-12T10:15:00,PLANNED INVESTIGATION (LOCAL MONITORING),RIVER / RUNNING SURFACE WATER,0180,"Orthophosphate, reactive as P",0.13,MILLIGRAM PER LITRE
https://environment.data.gov.uk/water-quality/sampling-point/TH-PRTS0050/sample/1323491/observation/0061,TH-PRTS0050,ABBEY RIVER UPSTREAM OF INTERSECTION,-0.5037,51.4024,Thames,THAMES - WEST THAMES,Multiple Values,OPEN,FRESHWATER - RIVERS,2020-03-18T10:25:00,PLANNED INVESTIGATION (LOCAL MONITORING),RIVER / RUNNING SURFACE WATER,0061,pH,8.34,PH UNITS
https://environment.data.gov.uk/water-quality/sampling-point/TH-PRTS0050/sample/1323491/observation/0076,TH-PRTS0050,ABBEY RIVER UPSTREAM OF INTERSECTION,-0.5037,51.4024,Thames,THAMES - WEST THAMES,Multiple Values,OPEN,FRESHWATER - RIVERS,2020-03-18T10:25:00,PLANNED INVESTIGATION (LOCAL MONITORING),RIVER / RUNNING SURFACE WATER,0076,Temperature of Water,9.6,CELSIUS
https://environment.data.gov.uk/water-quality/sampling-point/TH-PRTS0050/sample/1323491/observation/0111,TH-PRTS0050,ABBEY RIVER UPSTREAM OF INTERSECTION,-0.5037,51.4024,Thames,THAMES - WEST THAMES,Multiple Values,OPEN,FRESHWATER - RIVERS,2020-03-18T10:25:00,PLANNED INVESTIGATION (LOCAL MONITORING),RIVER / RUNNING SURFACE WATER,0111,Ammoniacal Nitrogen as N,0.03,MILLIGRAM PER LITRE
https://environment.data.gov.uk/water-quality/sampling-point/TH-PRTS0050/sample/1323491/observation/0119,TH-PRTS0050,ABBEY RIVER UPSTREAM OF INTERSECTION,-0.5037,51.4024,Thames,THAMES - WEST THAMES,Multiple Values,OPEN,FRESHWATER - RIVERS,2020-03-18T10:25:00,PLANNED INVESTIGATION (LOCAL MONITORING),RIVER / RUNNING SURFACE WATER,0119,Ammonia un-ionised as N,0.00053,MILLIGRAM PER LITRE
https://environment.data.gov.uk/water-quality/sampling-point/TH-PRTS0050/sample/1323491/observation/0135,TH-PRTS0050,ABBEY RIVER UPSTREAM OF INTERSECTION,-0.5037,51.4024,Thames,THAMES - WEST THAMES,Multiple Values,OPEN,FRESHWATER - RIVERS,2020-03-18T10:25:00,PLANNED INVESTIGATION (LOCAL MONITORING),RIVER / RUNNING SURFACE WATER,0135,"Solids, Suspended at 105 C",5.4,MILLIGRAM PER LITRE
https://environment.data.gov.uk/water-quality/sampling-point/TH-PRTS0050/sample/1323491/observation/0180,TH-PRTS0050,ABBEY RIVER UPSTREAM OF INTERSECTION,-0.5037,51.4024,Thames,THAMES - WEST THAMES,Multiple Values,OPEN,FRESHWATER - RIVERS,2020-03-18T10:25:00,PLANNED INVESTIGATION (LOCAL MONITORING),RIVER / RUNNING SURFACE WATER,0180,"Orthophosphate, reactive as P",0.087,MILLIGRAM PER LITRE
https://environment.data.gov.uk/water-quality/sampling-point/TH-PRTS0051/sample/1321039/observation/0061,TH-PRTS0051,ABBEY RIVER DOWNSTREAM OF INTERSECTION,-0.5026,51.3957,Thames,THAMES - WEST THAMES,Multiple Values,OPEN,FRESHWATER - RIVERS,2020-01-15T13:30:00,PLANNED INVESTIGATION (LOCAL MONITORING),RIVER / RUNNING SURFACE WATER,0061,pH,8.02,PH UNITS
https://environment.data.gov.uk/water-quality/sampling-point/TH-PRTS0051/sample/1321039/observation/0076,TH-PRTS0051,ABBEY RIVER DOWNSTREAM OF INTERSECTION,-0.5026,51.3957,Thames,THAMES - WEST THAMES,Multiple Values,OPEN,FRESHWATER - RIVERS,2020-01-15T13:30:00,PLANNED INVESTIGATION (LOCAL MONITORING),RIVER / RUNNING SURFACE WATER,0076,Temperature of Water,8.5,CELSIUS
https://environment.data.gov.uk/water-quality/sampling-point/TH-PRTS0051/sample/1321039/observation/0111,TH-PRTS0051,ABBEY RIVER DOWNSTREAM OF INTERSECTION,-0.5026,51.3957,Thames,THAMES - WEST THAMES,Multiple Values,OPEN,FRESHWATER - RIVERS,2020-01-15T13:30:00,PLANNED INVESTIGATION (LOCAL MONITORING),RIVER / RUNNING SURFACE WATER,0111,Ammoniacal Nitrogen as N,0.047,MILLIGRAM PER LITRE
https://environment.data.gov.uk/water-quality/sampling-point/TH-PRTS0051/sample/1321039/observation/0119,TH-PRTS0051,ABBEY RIVER DOWNSTREAM OF INTERSECTION,-0.5026,51.3957,Thames,THAMES - WEST THAMES,Multiple Values,OPEN,FRESHWATER - RIVERS,2020-01-15T13:30:00,PLANNED INVESTIGATION (LOCAL MONITORING),RIVER / RUNNING SURFACE WATER,0119,Ammonia un-ionised as N,0.00077,MILLIGRAM PER LITRE
https://environment.data.gov.uk/water-quality/sampling-point/TH-PRTS0051/sample/1321039/observation/0135,TH-PRTS0051,ABBEY RIVER DOWNSTREAM OF INTERSECTION,-0.5026,51.3957,Thames,THAMES - WEST THAMES,Multiple Values,OPEN,FRESHWATER - RIVERS,2020-01-15T13:30:00,PLANNED INVESTIGATION (LOCAL MONITORING),RIVER / RUNNING SURFACE WATER,0135,"Solids, Suspended at 105 C",24,MILLIGRAM PER LITRE
https://environment.data.gov.uk/water-quality/sampling-point/TH-PRTS0051/sample/1321039/observation/0180,TH-PRTS0051,ABBEY RIVER DOWNSTREAM OF INTERSECTION,-0.5026,51.3957,Thames,THAMES - WEST THAMES,Multiple Values,OPEN,FRESHWATER - RIVERS,2020-01-15T13:30:00,PLANNED INVESTIGATION (LOCAL MONITORING),RIVER / RUNNING SURFACE WATER,0180,"Orthophosphate, reactive as P",0.13,MILLIGRAM PER LITRE
https://environment.data.gov.uk/water-quality/sampling-point/TH-PRTS0051/sample/1322174/observation/0061,TH-PRTS0051,ABBEY RIVER DOWNSTREAM OF INTERSECTION,-0.5026,51.3957,Thames,THAMES - WEST THAMES,Multiple Values,OPEN,FRESHWATER - RIVERS,2020-02-12T10:25:00,PLANNED INVESTIGATION (LOCAL MONITORING),RIVER / RUNNING SURFACE WATER,0061,pH,8.57,PH UNITS
https://environment.data.gov.uk/water-quality/sampling-point/TH-PRTS0051/sample/1322174/observation/0076,TH-PRTS0051,ABBEY RIVER DOWNSTREAM OF INTERSECTION,-0.5026,51.3957,Thames,THAMES - WEST THAMES,Multiple Values,OPEN,FRESHWATER - RIVERS,2020-02-12T10:25:00,PLANNED INVESTIGATION (LOCAL MONITORING),RIVER / RUNNING SURFACE WATER,0076,Temperature of Water,6.3,CELSIUS
https://environment.data.gov.uk/water-quality/sampling-point/TH-PRTS0051/sample/1322174/observation/0111,TH-PRTS0051,ABBEY RIVER DOWNSTREAM OF INTERSECTION,-0.5026,51.3957,Thames,THAMES - WEST THAMES,Multiple Values,OPEN,FRESHWATER - RIVERS,2020-02-12T10:25:00,PLANNED INVESTIGATION (LOCAL MONITORING),RIVER / RUNNING SURFACE WATER,0111,Ammoniacal Nitrogen as N,0.081,MILLIGRAM PER LITRE
https://environment.data.gov.uk/water-quality/sampling-point/TH-PRTS0051/sample/1322174/observation/0119,TH-PRTS0051,ABBEY RIVER DOWNSTREAM OF INTERSECTION,-0.5026,51.3957,Thames,THAMES - WEST THAMES,Multiple Values,OPEN,FRESHWATER - RIVERS,2020-02-12T10:25:00,PLANNED INVESTIGATION (LOCAL MONITORING),RIVER / RUNNING SURFACE WATER,0119,Ammonia un-ionised as N,0.00113,MILLIGRAM PER LITRE
https://environment.data.gov.uk/water-quality/sampling-point/TH-PRTS0051/sample/1322174/observation/0135,TH-PRTS0051,ABBEY RIVER DOWNSTREAM OF INTERSECTION,-0.5026,51.3957,Thames,THAMES - WEST THAMES,Multiple Values,OPEN,FRESHWATER - RIVERS,2020-02-12T10:25:00,PLANNED INVESTIGATION (LOCAL MONITORING),RIVER / RUNNING SURFACE WATER,0135,"Solids, Suspended at 105 C",26,MILLIGRAM PER LITRE
https://environment.data.gov.uk/water-quality/sampling-point/TH-PRTS0051/sample/1322174/observation/0180,TH-PRTS0051,ABBEY RIVER DOWNSTREAM OF INTERSECTION,-0.5026,51.3957,Thames,THAMES - WEST THAMES,Multiple Values,OPEN,FRESHWATER - RIVERS,2020-02-12T10:25:00,PLANNED INVESTIGATION (LOCAL MONITORING),RIVER / RUNNING SURFACE WATER,0180,"Orthophosphate, reactive as P",0.13,MILLIGRAM PER LITRE
https://environment.data.gov.uk/water-quality/sampling-point/TH-PRTS0051/sample/1323492/observation/0061,TH-PRTS0051,ABBEY RIVER DOWNSTREAM OF INTERSECTION,-0.5026,51.3957,Thames,THAMES - WEST THAMES,Multiple Values,OPEN,FRESHWATER - RIVERS,2020-03-18T10:45:00,PLANNED INVESTIGATION (LOCAL MONITORING),RIVER / RUNNING SURFACE WATER,0061,pH,8.36,PH UNITS
https://environment.data.gov.uk/water-quality/sampling-point/TH-PRTS0051/sample/1323492/observation/0076,TH-PRTS0051,ABBEY RIVER DOWNSTREAM OF INTERSECTION,-0.5026,51.3957,Thames,THAMES - WEST THAMES,Multiple Values,OPEN,FRESHWATER - RIVERS,2020-03-18T10:45:00,PLANNED INVESTIGATION (LOCAL MONITORING),RIVER / RUNNING SURFACE WATER,0076,Temperature of Water,9.7,CELSIUS
https://environment.data.gov.uk/water-quality/sampling-point/TH-PRTS0051/sample/1323492/observation/0111,TH-PRTS0051,ABBEY RIVER DOWNSTREAM OF INTERSECTION,-0.5026,51.3957,Thames,THAMES - WEST THAMES,Multiple Values,OPEN,FRESHWATER - RIVERS,2020-03-18T10:45:00,PLANNED INVESTIGATION (LOCAL MONITORING),RIVER / RUNNING SURFACE WATER,0111,Ammoniacal Nitrogen as N,<0.03,MILLIGRAM PER LITRE
https://environment.data.gov.uk/water-quality/sampling-point/TH-PRTS0051/sample/1323492/observation/0119,TH-PRTS0051,ABBEY RIVER DOWNSTREAM OF INTERSECTION,-0.5026,51.3957,Thames,THAMES - WEST THAMES,Multiple Values,OPEN,FRESHWATER - RIVERS,2020-03-18T10:45:00,PLANNED INVESTIGATION (LOCAL MONITORING),RIVER / RUNNING SURFACE WATER,0119,Ammonia un-ionised as N,<0.00054,MILLIGRAM PER LITRE
https://environment.data.gov.uk/water-quality/sampling-point/TH-PRTS0051/sample/1323492/observation/0135,TH-PRTS0051,ABBEY RIVER DOWNSTREAM OF INTERSECTION,-0.5026,51.3957,Thames,THAMES - WEST THAMES,Multiple Values,OPEN,FRESHWATER - RIVERS,2020-03-18T10:45:00,PLANNED INVESTIGATION (LOCAL MONITORING),RIVER / RUNNING SURFACE WATER,0135,"Solids, Suspended at 105 C",7.8,MILLIGRAM PER LITRE
https://environment.data.gov.uk/water-quality/sampling-point/TH-PRTS0051/sample/1323492/observation/0180,TH-PRTS0051,ABBEY RIVER DOWNSTREAM OF INTERSECTION,-0.5026,51.3957,Thames,THAMES - WEST THAMES,Multiple Values,OPEN,FRESHWATER - RIVERS,2020-03-18T10:45:00,PLANNED INVESTIGATION (LOCAL MONITORING),RIVER / RUNNING SURFACE WATER,0180,"Orthophosphate, reactive as P",0.085,MILLIGRAM PER LITRE
https://environment.data.gov.uk/water-quality/sampling-point/TH-PRTS0052/sample/1321114/observation/7668,TH-PRTS0052,BURWAY DITCH UPSTREAM OF INTERSECTION,-0.5013,51.3992,Thames,THAMES - WEST THAMES,Multiple Values,OPEN,FRESHWATER - RIVERS,2020-01-16T12:01:00,PLANNED INVESTIGATION (LOCAL MONITORING),RIVER / RUNNING SURFACE WATER,7668,No flow /No sample,No flow/discharge at sampling point,Coded Result
https://environment.data.gov.uk/water-quality/sampling-point/TH-PRTS0054/sample/1321040/observation/0061,TH-PRTS0054,R. THAMES D/S OF RUNNYMEDE CHANNEL O/F,-0.4859,51.389,Thames,THAMES - WEST THAMES,Multiple Values,OPEN,FRESHWATER - RIVERS,2020-01-15T10:35:00,PLANNED INVESTIGATION (LOCAL MONITORING),RIVER / RUNNING SURFACE WATER,0061,pH,8.05,PH UNITS
https://environment.data.gov.uk/water-quality/sampling-point/TH-PRTS0054/sample/1321040/observation/0076,TH-PRTS0054,R. THAMES D/S OF RUNNYMEDE CHANNEL O/F,-0.4859,51.389,Thames,THAMES - WEST THAMES,Multiple Values,OPEN,FRESHWATER - RIVERS,2020-01-15T10:35:00,PLANNED INVESTIGATION (LOCAL MONITORING),RIVER / RUNNING SURFACE WATER,0076,Temperature of Water,8.3,CELSIUS
https://environment.data.gov.uk/water-quality/sampling-point/TH-PRTS0054/sample/1321040/observation/0111,TH-PRTS0054,R. THAMES D/S OF RUNNYMEDE CHANNEL O/F,-0.4859,51.389,Thames,THAMES - WEST THAMES,Multiple Values,OPEN,FRESHWATER - RIVERS,2020-01-15T10:35:00,PLANNED INVESTIGATION (LOCAL MONITORING),RIVER / RUNNING SURFACE WATER,0111,Ammoniacal Nitrogen as N,0.06,MILLIGRAM PER LITRE
https://environment.data.gov.uk/water-quality/sampling-point/TH-PRTS0054/sample/1321040/observation/0119,TH-PRTS0054,R. THAMES D/S OF RUNNYMEDE CHANNEL O/F,-0.4859,51.389,Thames,THAMES - WEST THAMES,Multiple Values,OPEN,FRESHWATER - RIVERS,2020-01-15T10:35:00,PLANNED INVESTIGATION (LOCAL MONITORING),RIVER / RUNNING SURFACE WATER,0119,Ammonia un-ionised as N,0.00097,MILLIGRAM PER LITRE
https://environment.data.gov.uk/water-quality/sampling-point/TH-PRTS0054/sample/1321040/observation/0135,TH-PRTS0054,R. THAMES D/S OF RUNNYMEDE CHANNEL O/F,-0.4859,51.389,Thames,THAMES - WEST THAMES,Multiple Values,OPEN,FRESHWATER - RIVERS,2020-01-15T10:35:00,PLANNED INVESTIGATION (LOCAL MONITORING),RIVER / RUNNING SURFACE WATER,0135,"Solids, Suspended at 105 C",14,MILLIGRAM PER LITRE
https://environment.data.gov.uk/water-quality/sampling-point/TH-PRTS0054/sample/1321040/observation/0180,TH-PRTS0054,R. THAMES D/S OF RUNNYMEDE CHANNEL O/F,-0.4859,51.389,Thames,THAMES - WEST THAMES,Multiple Values,OPEN,FRESHWATER - RIVERS,2020-01-15T10:35:00,PLANNED INVESTIGATION (LOCAL MONITORING),RIVER / RUNNING SURFACE WATER,0180,"Orthophosphate, reactive as P",0.13,MILLIGRAM PER LITRE
https://environment.data.gov.uk/water-quality/sampling-point/TH-PRTS0054/sample/1322175/observation/0061,TH-PRTS0054,R. THAMES D/S OF RUNNYMEDE CHANNEL O/F,-0.4859,51.389,Thames,THAMES - WEST THAMES,Multiple Values,OPEN,FRESHWATER - RIVERS,2020-02-12T12:00:00,PLANNED INVESTIGATION (LOCAL MONITORING),RIVER / RUNNING SURFACE WATER,0061,pH,8.62,PH UNITS
https://environment.data.gov.uk/water-quality/sampling-point/TH-PRTS0054/sample/1322175/observation/0076,TH-PRTS0054,R. THAMES D/S OF RUNNYMEDE CHANNEL O/F,-0.4859,51.389,Thames,THAMES - WEST THAMES,Multiple Values,OPEN,FRESHWATER - RIVERS,2020-02-12T12:00:00,PLANNED INVESTIGATION (LOCAL MONITORING),RIVER / RUNNING SURFACE WATER,0076,Temperature of Water,6.7,CELSIUS
https://environment.data.gov.uk/water-quality/sampling-point/TH-PRTS0054/sample/1322175/observation/0111,TH-PRTS0054,R. THAMES D/S OF RUNNYMEDE CHANNEL O/F,-0.4859,51.389,Thames,THAMES - WEST THAMES,Multiple Values,OPEN,FRESHWATER - RIVERS,2020-02-12T12:00:00,PLANNED INVESTIGATION (LOCAL MONITORING),RIVER / RUNNING SURFACE WATER,0111,Ammoniacal Nitrogen as N,0.077,MILLIGRAM PER LITRE
https://environment.data.gov.uk/water-quality/sampling-point/TH-PRTS0054/sample/1322175/observation/0119,TH-PRTS0054,R. THAMES D/S OF RUNNYMEDE CHANNEL O/F,-0.4859,51.389,Thames,THAMES - WEST THAMES,Multiple Values,OPEN,FRESHWATER - RIVERS,2020-02-12T12:00:00,PLANNED INVESTIGATION (LOCAL MONITORING),RIVER / RUNNING SURFACE WATER,0119,Ammonia un-ionised as N,0.0011,MILLIGRAM PER LITRE
https://environment.data.gov.uk/water-quality/sampling-point/TH-PRTS0054/sample/1322175/observation/0135,TH-PRTS0054,R. THAMES D/S OF RUNNYMEDE CHANNEL O/F,-0.4859,51.389,Thames,THAMES - WEST THAMES,Multiple Values,OPEN,FRESHWATER - RIVERS,2020-02-12T12:00:00,PLANNED INVESTIGATION (LOCAL MONITORING),RIVER / RUNNING SURFACE WATER,0135,"Solids, Suspended at 105 C",70,MILLIGRAM PER LITRE
https://environment.data.gov.uk/water-quality/sampling-point/TH-PRTS0054/sample/1322175/observation/0180,TH-PRTS0054,R. THAMES D/S OF RUNNYMEDE CHANNEL O/F,-0.4859,51.389,Thames,THAMES - WEST THAMES,Multiple Values,OPEN,FRESHWATER - RIVERS,2020-02-12T12:00:00,PLANNED INVESTIGATION (LOCAL MONITORING),RIVER / RUNNING SURFACE WATER,0180,"Orthophosphate, reactive as P",0.13,MILLIGRAM PER LITRE
https://environment.data.gov.uk/water-quality/sampling-point/TH-PRTS0054/sample/1323493/observation/0061,TH-PRTS0054,R. THAMES D/S OF RUNNYMEDE CHANNEL O/F,-0.4859,51.389,Thames,THAMES - WEST THAMES,Multiple Values,OPEN,FRESHWATER - RIVERS,2020-03-18T11:00:00,PLANNED INVESTIGATION (LOCAL MONITORING),RIVER / RUNNING SURFACE WATER,0061,pH,8.33,PH UNITS
https://environment.data.gov.uk/water-quality/sampling-point/TH-PRTS0054/sample/1323493/observation/0076,TH-PRTS0054,R. THAMES D/S OF RUNNYMEDE CHANNEL O/F,-0.4859,51.389,Thames,THAMES - WEST THAMES,Multiple Values,OPEN,FRESHWATER - RIVERS,2020-03-18T11:00:00,PLANNED INVESTIGATION (LOCAL MONITORING),RIVER / RUNNING SURFACE WATER,0076,Temperature of Water,10,CELSIUS
https://environment.data.gov.uk/water-quality/sampling-point/TH-PRTS0054/sample/1323493/observation/0111,TH-PRTS0054,R. THAMES D/S OF RUNNYMEDE CHANNEL O/F,-0.4859,51.389,Thames,THAMES - WEST THAMES,Multiple Values,OPEN,FRESHWATER - RIVERS,2020-03-18T11:00:00,PLANNED INVESTIGATION (LOCAL MONITORING),RIVER / RUNNING SURFACE WATER,0111,Ammoniacal Nitrogen as N,<0.03,MILLIGRAM PER LITRE
https://environment.data.gov.uk/water-quality/sampling-point/TH-PRTS0054/sample/1323493/observation/0119,TH-PRTS0054,R. THAMES D/S OF RUNNYMEDE CHANNEL O/F,-0.4859,51.389,Thames,THAMES - WEST THAMES,Multiple Values,OPEN,FRESHWATER - RIVERS,2020-03-18T11:00:00,PLANNED INVESTIGATION (LOCAL MONITORING),RIVER / RUNNING SURFACE WATER,0119,Ammonia un-ionised as N,<0.00055,MILLIGRAM PER LITRE
https://environment.data.gov.uk/water-quality/sampling-point/TH-PRTS0054/sample/1323493/observation/0135,TH-PRTS0054,R. THAMES D/S OF RUNNYMEDE CHANNEL O/F,-0.4859,51.389,Thames,THAMES - WEST THAMES,Multiple Values,OPEN,FRESHWATER - RIVERS,2020-03-18T11:00:00,PLANNED INVESTIGATION (LOCAL MONITORING),RIVER / RUNNING SURFACE WATER,0135,"Solids, Suspended at 105 C",20,MILLIGRAM PER LITRE
https://environment.data.gov.uk/water-quality/sampling-point/TH-PRTS0054/sample/1323493/observation/0180,TH-PRTS0054,R. THAMES D/S OF RUNNYMEDE CHANNEL O/F,-0.4859,51.389,Thames,THAMES - WEST THAMES,Multiple Values,OPEN,FRESHWATER - RIVERS,2020-03-18T11:00:00,PLANNED INVESTIGATION (LOCAL MONITORING),RIVER / RUNNING SURFACE WATER,0180,"Orthophosphate, reactive as P",0.086,MILLIGRAM PER LITRE
https://environment.data.gov.uk/water-quality/sampling-point/TH-PRTS0056/sample/1321041/observation/0061,TH-PRTS0056,THAMES US OF RUNNYMEDE O/F AND DS OF SPELTHORNE INTAKE,-0.4861,51.3945,Thames,THAMES - WEST THAMES,Multiple Values,OPEN,FRESHWATER - RIVERS,2020-01-15T10:45:00,PLANNED INVESTIGATION (LOCAL MONITORING),RIVER / RUNNING SURFACE WATER,0061,pH,8.07,PH UNITS
https://environment.data.gov.uk/water-quality/sampling-point/TH-PRTS0056/sample/1321041/observation/0076,TH-PRTS0056,THAMES US OF RUNNYMEDE O/F AND DS OF SPELTHORNE INTAKE,-0.4861,51.3945,Thames,THAMES - WEST THAMES,Multiple Values,OPEN,FRESHWATER - RIVERS,2020-01-15T10:45:00,PLANNED INVESTIGATION (LOCAL MONITORING),RIVER / RUNNING SURFACE WATER,0076,Temperature of Water,8.6,CELSIUS
https://environment.data.gov.uk/water-quality/sampling-point/TH-PRTS0056/sample/1321041/observation/0111,TH-PRTS0056,THAMES US OF RUNNYMEDE O/F AND DS OF SPELTHORNE INTAKE,-0.4861,51.3945,Thames,THAMES - WEST THAMES,Multiple Values,OPEN,FRESHWATER - RIVERS,2020-01-15T10:45:00,PLANNED INVESTIGATION (LOCAL MONITORING),RIVER / RUNNING SURFACE WATER,0111,Ammoniacal Nitrogen as N,0.055,MILLIGRAM PER LITRE
https://environment.data.gov.uk/water-quality/sampling-point/TH-PRTS0056/sample/1321041/observation/0119,TH-PRTS0056,THAMES US OF RUNNYMEDE O/F AND DS OF SPELTHORNE INTAKE,-0.4861,51.3945,Thames,THAMES - WEST THAMES,Multiple Values,OPEN,FRESHWATER - RIVERS,2020-01-15T10:45:00,PLANNED INVESTIGATION (LOCAL MONITORING),RIVER / RUNNING SURFACE WATER,0119,Ammonia un-ionised as N,0.00091,MILLIGRAM PER LITRE
https://environment.data.gov.uk/water-quality/sampling-point/TH-PRTS0056/sample/1321041/observation/0135,TH-PRTS0056,THAMES US OF RUNNYMEDE O/F AND DS OF SPELTHORNE INTAKE,-0.4861,51.3945,Thames,THAMES - WEST THAMES,Multiple Values,OPEN,FRESHWATER - RIVERS,2020-01-15T10:45:00,PLANNED INVESTIGATION (LOCAL MONITORING),RIVER / RUNNING SURFACE WATER,0135,"Solids, Suspended at 105 C",26,MILLIGRAM PER LITRE
https://environment.data.gov.uk/water-quality/sampling-point/TH-PRTS0056/sample/1321041/observation/0180,TH-PRTS0056,THAMES US OF RUNNYMEDE O/F AND DS OF SPELTHORNE INTAKE,-0.4861,51.3945,Thames,THAMES - WEST THAMES,Multiple Values,OPEN,FRESHWATER - RIVERS,2020-01-15T10:45:00,PLANNED INVESTIGATION (LOCAL MONITORING),RIVER / RUNNING SURFACE WATER,0180,"Orthophosphate, reactive as P",0.13,MILLIGRAM PER LITRE
https://environment.data.gov.uk/water-quality/sampling-point/TH-PRTS0056/sample/1322176/observation/0061,TH-PRTS0056,THAMES US OF RUNNYMEDE O/F AND DS OF SPELTHORNE INTAKE,-0.4861,51.3945,Thames,THAMES - WEST THAMES,Multiple Values,OPEN,FRESHWATER - RIVERS,2020-02-12T11:55:00,PLANNED INVESTIGATION (LOCAL MONITORING),RIVER / RUNNING SURFACE WATER,0061,pH,8.58,PH UNITS
https://environment.data.gov.uk/water-quality/sampling-point/TH-PRTS0056/sample/1322176/observation/0076,TH-PRTS0056,THAMES US OF RUNNYMEDE O/F AND DS OF SPELTHORNE INTAKE,-0.4861,51.3945,Thames,THAMES - WEST THAMES,Multiple Values,OPEN,FRESHWATER - RIVERS,2020-02-12T11:55:00,PLANNED INVESTIGATION (LOCAL MONITORING),RIVER / RUNNING SURFACE WATER,0076,Temperature of Water,6.3,CELSIUS
https://environment.data.gov.uk/water-quality/sampling-point/TH-PRTS0056/sample/1322176/observation/0111,TH-PRTS0056,THAMES US OF RUNNYMEDE O/F AND DS OF SPELTHORNE INTAKE,-0.4861,51.3945,Thames,THAMES - WEST THAMES,Multiple Values,OPEN,FRESHWATER - RIVERS,2020-02-12T11:55:00,PLANNED INVESTIGATION (LOCAL MONITORING),RIVER / RUNNING SURFACE WATER,0111,Ammoniacal Nitrogen as N,0.064,MILLIGRAM PER LITRE
https://environment.data.gov.uk/water-quality/sampling-point/TH-PRTS0056/sample/1322176/observation/0119,TH-PRTS0056,THAMES US OF RUNNYMEDE O/F AND DS OF SPELTHORNE INTAKE,-0.4861,51.3945,Thames,THAMES - WEST THAMES,Multiple Values,OPEN,FRESHWATER - RIVERS,2020-02-12T11:55:00,PLANNED INVESTIGATION (LOCAL MONITORING),RIVER / RUNNING SURFACE WATER,0119,Ammonia un-ionised as N,0.00089,MILLIGRAM PER LITRE
https://environment.data.gov.uk/water-quality/sampling-point/TH-PRTS0056/sample/1322176/observation/0135,TH-PRTS0056,THAMES US OF RUNNYMEDE O/F AND DS OF SPELTHORNE INTAKE,-0.4861,51.3945,Thames,THAMES - WEST THAMES,Multiple Values,OPEN,FRESHWATER - RIVERS,2020-02-12T11:55:00,PLANNED INVESTIGATION (LOCAL MONITORING),RIVER / RUNNING SURFACE WATER,0135,"Solids, Suspended at 105 C",25,MILLIGRAM PER LITRE
https://environment.data.gov.uk/water-quality/sampling-point/TH-PRTS0056/sample/1322176/observation/0180,TH-PRTS0056,THAMES US OF RUNNYMEDE O/F AND DS OF SPELTHORNE INTAKE,-0.4861,51.3945,Thames,THAMES - WEST THAMES,Multiple Values,OPEN,FRESHWATER - RIVERS,2020-02-12T11:55:00,PLANNED INVESTIGATION (LOCAL MONITORING),RIVER / RUNNING SURFACE WATER,0180,"Orthophosphate, reactive as P",0.16,MILLIGRAM PER LITRE
https://environment.data.gov.uk/water-quality/sampling-point/TH-PRTS0056/sample/1323494/observation/0061,TH-PRTS0056,THAMES US OF RUNNYMEDE O/F AND DS OF SPELTHORNE INTAKE,-0.4861,51.3945,Thames,THAMES - WEST THAMES,Multiple Values,OPEN,FRESHWATER - RIVERS,2020-03-18T11:06:00,PLANNED INVESTIGATION (LOCAL MONITORING),RIVER / RUNNING SURFACE WATER,0061,pH,8.3,PH UNITS
https://environment.data.gov.uk/water-quality/sampling-point/TH-PRTS0056/sample/1323494/observation/0076,TH-PRTS0056,THAMES US OF RUNNYMEDE O/F AND DS OF SPELTHORNE INTAKE,-0.4861,51.3945,Thames,THAMES - WEST THAMES,Multiple Values,OPEN,FRESHWATER - RIVERS,2020-03-18T11:06:00,PLANNED INVESTIGATION (LOCAL MONITORING),RIVER / RUNNING SURFACE WATER,0076,Temperature of Water,9.6,CELSIUS
https://environment.data.gov.uk/water-quality/sampling-point/TH-PRTS0056/sample/1323494/observation/0111,TH-PRTS0056,THAMES US OF RUNNYMEDE O/F AND DS OF SPELTHORNE INTAKE,-0.4861,51.3945,Thames,THAMES - WEST THAMES,Multiple Values,OPEN,FRESHWATER - RIVERS,2020-03-18T11:06:00,PLANNED INVESTIGATION (LOCAL MONITORING),RIVER / RUNNING SURFACE WATER,0111,Ammoniacal Nitrogen as N,0.032,MILLIGRAM PER LITRE
https://environment.data.gov.uk/water-quality/sampling-point/TH-PRTS0056/sample/1323494/observation/0119,TH-PRTS0056,THAMES US OF RUNNYMEDE O/F AND DS OF SPELTHORNE INTAKE,-0.4861,51.3945,Thames,THAMES - WEST THAMES,Multiple Values,OPEN,FRESHWATER - RIVERS,2020-03-18T11:06:00,PLANNED INVESTIGATION (LOCAL MONITORING),RIVER / RUNNING SURFACE WATER,0119,Ammonia un-ionised as N,0.00057,MILLIGRAM PER LITRE
https://environment.data.gov.uk/water-quality/sampling-point/TH-PRTS0056/sample/1323494/observation/0135,TH-PRTS0056,THAMES US OF RUNNYMEDE O/F AND DS OF SPELTHORNE INTAKE,-0.4861,51.3945,Thames,THAMES - WEST THAMES,Multiple Values,OPEN,FRESHWATER - RIVERS,2020-03-18T11:06:00,PLANNED INVESTIGATION (LOCAL MONITORING),RIVER / RUNNING SURFACE WATER,0135,"Solids, Suspended at 105 C",12,MILLIGRAM PER LITRE
https://environment.data.gov.uk/water-quality/sampling-point/TH-PRTS0056/sample/1323494/observation/0180,TH-PRTS0056,THAMES US OF RUNNYMEDE O/F AND DS OF SPELTHORNE INTAKE,-0.4861,51.3945,Thames,THAMES - WEST THAMES,Multiple Values,OPEN,FRESHWATER - RIVERS,2020-03-18T11:06:00,PLANNED INVESTIGATION (LOCAL MONITORING),RIVER / RUNNING SURFACE WATER,0180,"Orthophosphate, reactive as P",0.085,MILLIGRAM PER LITRE
https://environment.data.gov.uk/water-quality/sampling-point/TH-PRTS0057/sample/1321042/observation/0061,TH-PRTS0057,R. THAMES UPSTREAM OF SPELTHORNE CHANNEL INTAKE,-0.4857,51.3897,Thames,THAMES - WEST THAMES,Multiple Values,OPEN,FRESHWATER - RIVERS,2020-01-15T11:05:00,PLANNED INVESTIGATION (LOCAL MONITORING),RIVER / RUNNING SURFACE WATER,0061,pH,8.02,PH UNITS
https://environment.data.gov.uk/water-quality/sampling-point/TH-PRTS0057/sample/1321042/observation/0076,TH-PRTS0057,R. THAMES UPSTREAM OF SPELTHORNE CHANNEL INTAKE,-0.4857,51.3897,Thames,THAMES - WEST THAMES,Multiple Values,OPEN,FRESHWATER - RIVERS,2020-01-15T11:05:00,PLANNED INVESTIGATION (LOCAL MONITORING),RIVER / RUNNING SURFACE WATER,0076,Temperature of Water,8.6,CELSIUS
https://environment.data.gov.uk/water-quality/sampling-point/TH-PRTS0057/sample/1321042/observation/0111,TH-PRTS0057,R. THAMES UPSTREAM OF SPELTHORNE CHANNEL INTAKE,-0.4857,51.3897,Thames,THAMES - WEST THAMES,Multiple Values,OPEN,FRESHWATER - RIVERS,2020-01-15T11:05:00,PLANNED INVESTIGATION (LOCAL MONITORING),RIVER / RUNNING SURFACE WATER,0111,Ammoniacal Nitrogen as N,0.055,MILLIGRAM PER LITRE
https://environment.data.gov.uk/water-quality/sampling-point/TH-PRTS0057/sample/1321042/observation/0119,TH-PRTS0057,R. THAMES UPSTREAM OF SPELTHORNE CHANNEL INTAKE,-0.4857,51.3897,Thames,THAMES - WEST THAMES,Multiple Values,OPEN,FRESHWATER - RIVERS,2020-01-15T11:05:00,PLANNED INVESTIGATION (LOCAL MONITORING),RIVER / RUNNING SURFACE WATER,0119,Ammonia un-ionised as N,0.00091,MILLIGRAM PER LITRE
https://environment.data.gov.uk/water-quality/sampling-point/TH-PRTS0057/sample/1321042/observation/0135,TH-PRTS0057,R. THAMES UPSTREAM OF SPELTHORNE CHANNEL INTAKE,-0.4857,51.3897,Thames,THAMES - WEST THAMES,Multiple Values,OPEN,FRESHWATER - RIVERS,2020-01-15T11:05:00,PLANNED INVESTIGATION (LOCAL MONITORING),RIVER / RUNNING SURFACE WATER,0135,"Solids, Suspended at 105 C",26,MILLIGRAM PER LITRE
https://environment.data.gov.uk/water-quality/sampling-point/TH-PRTS0057/sample/1321042/observation/0180,TH-PRTS0057,R. THAMES UPSTREAM OF SPELTHORNE CHANNEL INTAKE,-0.4857,51.3897,Thames,THAMES - WEST THAMES,Multiple Values,OPEN,FRESHWATER - RIVERS,2020-01-15T11:05:00,PLANNED INVESTIGATION (LOCAL MONITORING),RIVER / RUNNING SURFACE WATER,0180,"Orthophosphate, reactive as P",0.13,MILLIGRAM PER LITRE
https://environment.data.gov.uk/water-quality/sampling-point/TH-PRTS0057/sample/1322177/observation/0061,TH-PRTS0057,R. THAMES UPSTREAM OF SPELTHORNE CHANNEL INTAKE,-0.4857,51.3897,Thames,THAMES - WEST THAMES,Multiple Values,OPEN,FRESHWATER - RIVERS,2020-02-12T11:28:00,PLANNED INVESTIGATION (LOCAL MONITORING),RIVER / RUNNING SURFACE WATER,0061,pH,8.6,PH UNITS
https://environment.data.gov.uk/water-quality/sampling-point/TH-PRTS0057/sample/1322177/observation/0076,TH-PRTS0057,R. THAMES UPSTREAM OF SPELTHORNE CHANNEL INTAKE,-0.4857,51.3897,Thames,THAMES - WEST THAMES,Multiple Values,OPEN,FRESHWATER - RIVERS,2020-02-12T11:28:00,PLANNED INVESTIGATION (LOCAL MONITORING),RIVER / RUNNING SURFACE WATER,0076,Temperature of Water,6.3,CELSIUS
https://environment.data.gov.uk/water-quality/sampling-point/TH-PRTS0057/sample/1322177/observation/0111,TH-PRTS0057,R. THAMES UPSTREAM OF SPELTHORNE CHANNEL INTAKE,-0.4857,51.3897,Thames,THAMES - WEST THAMES,Multiple Values,OPEN,FRESHWATER - RIVERS,2020-02-12T11:28:00,PLANNED INVESTIGATION (LOCAL MONITORING),RIVER / RUNNING SURFACE WATER,0111,Ammoniacal Nitrogen as N,0.068,MILLIGRAM PER LITRE
https://environment.data.gov.uk/water-quality/sampling-point/TH-PRTS0057/sample/1322177/observation/0119,TH-PRTS0057,R. THAMES UPSTREAM OF SPELTHORNE CHANNEL INTAKE,-0.4857,51.3897,Thames,THAMES - WEST THAMES,Multiple Values,OPEN,FRESHWATER - RIVERS,2020-02-12T11:28:00,PLANNED INVESTIGATION (LOCAL MONITORING),RIVER / RUNNING SURFACE WATER,0119,Ammonia un-ionised as N,0.00095,MILLIGRAM PER LITRE
https://environment.data.gov.uk/water-quality/sampling-point/TH-PRTS0057/sample/1322177/observation/0135,TH-PRTS0057,R. THAMES UPSTREAM OF SPELTHORNE CHANNEL INTAKE,-0.4857,51.3897,Thames,THAMES - WEST THAMES,Multiple Values,OPEN,FRESHWATER - RIVERS,2020-02-12T11:28:00,PLANNED INVESTIGATION (LOCAL MONITORING),RIVER / RUNNING SURFACE WATER,0135,"Solids, Suspended at 105 C",27,MILLIGRAM PER LITRE
https://environment.data.gov.uk/water-quality/sampling-point/TH-PRTS0057/sample/1322177/observation/0180,TH-PRTS0057,R. THAMES UPSTREAM OF SPELTHORNE CHANNEL INTAKE,-0.4857,51.3897,Thames,THAMES - WEST THAMES,Multiple Values,OPEN,FRESHWATER - RIVERS,2020-02-12T11:28:00,PLANNED INVESTIGATION (LOCAL MONITORING),RIVER / RUNNING SURFACE WATER,0180,"Orthophosphate, reactive as P",0.12,MILLIGRAM PER LITRE
https://environment.data.gov.uk/water-quality/sampling-point/TH-PRTS0057/sample/1323495/observation/0061,TH-PRTS0057,R. THAMES UPSTREAM OF SPELTHORNE CHANNEL INTAKE,-0.4857,51.3897,Thames,THAMES - WEST THAMES,Multiple Values,OPEN,FRESHWATER - RIVERS,2020-03-18T11:14:00,PLANNED INVESTIGATION (LOCAL MONITORING),RIVER / RUNNING SURFACE WATER,0061,pH,8.28,PH UNITS
https://environment.data.gov.uk/water-quality/sampling-point/TH-PRTS0057/sample/1323495/observation/0076,TH-PRTS0057,R. THAMES UPSTREAM OF SPELTHORNE CHANNEL INTAKE,-0.4857,51.3897,Thames,THAMES - WEST THAMES,Multiple Values,OPEN,FRESHWATER - RIVERS,2020-03-18T11:14:00,PLANNED INVESTIGATION (LOCAL MONITORING),RIVER / RUNNING SURFACE WATER,0076,Temperature of Water,9.6,CELSIUS
https://environment.data.gov.uk/water-quality/sampling-point/TH-PRTS0057/sample/1323495/observation/0111,TH-PRTS0057,R. THAMES UPSTREAM OF SPELTHORNE CHANNEL INTAKE,-0.4857,51.3897,Thames,THAMES - WEST THAMES,Multiple Values,OPEN,FRESHWATER - RIVERS,2020-03-18T11:14:00,PLANNED INVESTIGATION (LOCAL MONITORING),RIVER / RUNNING SURFACE WATER,0111,Ammoniacal Nitrogen as N,0.039,MILLIGRAM PER LITRE
https://environment.data.gov.uk/water-quality/sampling-point/TH-PRTS0057/sample/1323495/observation/0119,TH-PRTS0057,R. THAMES UPSTREAM OF SPELTHORNE CHANNEL INTAKE,-0.4857,51.3897,Thames,THAMES - WEST THAMES,Multiple Values,OPEN,FRESHWATER - RIVERS,2020-03-18T11:14:00,PLANNED INVESTIGATION (LOCAL MONITORING),RIVER / RUNNING SURFACE WATER,0119,Ammonia un-ionised as N,0.00069,MILLIGRAM PER LITRE
https://environment.data.gov.uk/water-quality/sampling-point/TH-PRTS0057/sample/1323495/observation/0135,TH-PRTS0057,R. THAMES UPSTREAM OF SPELTHORNE CHANNEL INTAKE,-0.4857,51.3897,Thames,THAMES - WEST THAMES,Multiple Values,OPEN,FRESHWATER - RIVERS,2020-03-18T11:14:00,PLANNED INVESTIGATION (LOCAL MONITORING),RIVER / RUNNING SURFACE WATER,0135,"Solids, Suspended at 105 C",11,MILLIGRAM PER LITRE
https://environment.data.gov.uk/water-quality/sampling-point/TH-PRTS0057/sample/1323495/observation/0180,TH-PRTS0057,R. THAMES UPSTREAM OF SPELTHORNE CHANNEL INTAKE,-0.4857,51.3897,Thames,THAMES - WEST THAMES,Multiple Values,OPEN,FRESHWATER - RIVERS,2020-03-18T11:14:00,PLANNED INVESTIGATION (LOCAL MONITORING),RIVER / RUNNING SURFACE WATER,0180,"Orthophosphate, reactive as P",0.088,MILLIGRAM PER LITRE
https://environment.data.gov.uk/water-quality/sampling-point/TH-PRTS0063/sample/1321043/observation/0061,TH-PRTS0063,R. THAMES U/S OF SPELTHORNE CHANNEL O/F,-0.456,51.3822,Thames,THAMES - WEST THAMES,Multiple Values,OPEN,FRESHWATER - RIVERS,2020-01-15T11:55:00,PLANNED INVESTIGATION (LOCAL MONITORING),RIVER / RUNNING SURFACE WATER,0061,pH,8.09,PH UNITS
https://environment.data.gov.uk/water-quality/sampling-point/TH-PRTS0063/sample/1321043/observation/0076,TH-PRTS0063,R. THAMES U/S OF SPELTHORNE CHANNEL O/F,-0.456,51.3822,Thames,THAMES - WEST THAMES,Multiple Values,OPEN,FRESHWATER - RIVERS,2020-01-15T11:55:00,PLANNED INVESTIGATION (LOCAL MONITORING),RIVER / RUNNING SURFACE WATER,0076,Temperature of Water,8.7,CELSIUS
https://environment.data.gov.uk/water-quality/sampling-point/TH-PRTS0063/sample/1321043/observation/0111,TH-PRTS0063,R. THAMES U/S OF SPELTHORNE CHANNEL O/F,-0.456,51.3822,Thames,THAMES - WEST THAMES,Multiple Values,OPEN,FRESHWATER - RIVERS,2020-01-15T11:55:00,PLANNED INVESTIGATION (LOCAL MONITORING),RIVER / RUNNING SURFACE WATER,0111,Ammoniacal Nitrogen as N,0.082,MILLIGRAM PER LITRE
https://environment.data.gov.uk/water-quality/sampling-point/TH-PRTS0063/sample/1321043/observation/0119,TH-PRTS0063,R. THAMES U/S OF SPELTHORNE CHANNEL O/F,-0.456,51.3822,Thames,THAMES - WEST THAMES,Multiple Values,OPEN,FRESHWATER - RIVERS,2020-01-15T11:55:00,PLANNED INVESTIGATION (LOCAL MONITORING),RIVER / RUNNING SURFACE WATER,0119,Ammonia un-ionised as N,0.00136,MILLIGRAM PER LITRE
https://environment.data.gov.uk/water-quality/sampling-point/TH-PRTS0063/sample/1321043/observation/0135,TH-PRTS0063,R. THAMES U/S OF SPELTHORNE CHANNEL O/F,-0.456,51.3822,Thames,THAMES - WEST THAMES,Multiple Values,OPEN,FRESHWATER - RIVERS,2020-01-15T11:55:00,PLANNED INVESTIGATION (LOCAL MONITORING),RIVER / RUNNING SURFACE WATER,0135,"Solids, Suspended at 105 C",40,MILLIGRAM PER LITRE
https://environment.data.gov.uk/water-quality/sampling-point/TH-PRTS0063/sample/1321043/observation/0180,TH-PRTS0063,R. THAMES U/S OF SPELTHORNE CHANNEL O/F,-0.456,51.3822,Thames,THAMES - WEST THAMES,Multiple Values,OPEN,FRESHWATER - RIVERS,2020-01-15T11:55:00,PLANNED INVESTIGATION (LOCAL MONITORING),RIVER / RUNNING SURFACE WATER,0180,"Orthophosphate, reactive as P",0.14,MILLIGRAM PER LITRE
https://environment.data.gov.uk/water-quality/sampling-point/TH-PRTS0063/sample/1322178/observation/0061,TH-PRTS0063,R. THAMES U/S OF SPELTHORNE CHANNEL O/F,-0.456,51.3822,Thames,THAMES - WEST THAMES,Multiple Values,OPEN,FRESHWATER - RIVERS,2020-02-12T12:25:00,PLANNED INVESTIGATION (LOCAL MONITORING),RIVER / RUNNING SURFACE WATER,0061,pH,8.62,PH UNITS
https://environment.data.gov.uk/water-quality/sampling-point/TH-PRTS0063/sample/1322178/observation/0076,TH-PRTS0063,R. THAMES U/S OF SPELTHORNE CHANNEL O/F,-0.456,51.3822,Thames,THAMES - WEST THAMES,Multiple Values,OPEN,FRESHWATER - RIVERS,2020-02-12T12:25:00,PLANNED INVESTIGATION (LOCAL MONITORING),RIVER / RUNNING SURFACE WATER,0076,Temperature of Water,6.3,CELSIUS
https://environment.data.gov.uk/water-quality/sampling-point/TH-PRTS0063/sample/1322178/observation/0111,TH-PRTS0063,R. THAMES U/S OF SPELTHORNE CHANNEL O/F,-0.456,51.3822,Thames,THAMES - WEST THAMES,Multiple Values,OPEN,FRESHWATER - RIVERS,2020-02-12T12:25:00,PLANNED INVESTIGATION (LOCAL MONITORING),RIVER / RUNNING SURFACE WATER,0111,Ammoniacal Nitrogen as N,0.079,MILLIGRAM PER LITRE
https://environment.data.gov.uk/water-quality/sampling-point/TH-PRTS0063/sample/1322178/observation/0119,TH-PRTS0063,R. THAMES U/S OF SPELTHORNE CHANNEL O/F,-0.456,51.3822,Thames,THAMES - WEST THAMES,Multiple Values,OPEN,FRESHWATER - RIVERS,2020-02-12T12:25:00,PLANNED INVESTIGATION (LOCAL MONITORING),RIVER / RUNNING SURFACE WATER,0119,Ammonia un-ionised as N,0.0011,MILLIGRAM PER LITRE
https://environment.data.gov.uk/water-quality/sampling-point/TH-PRTS0063/sample/1322178/observation/0135,TH-PRTS0063,R. THAMES U/S OF SPELTHORNE CHANNEL O/F,-0.456,51.3822,Thames,THAMES - WEST THAMES,Multiple Values,OPEN,FRESHWATER - RIVERS,2020-02-12T12:25:00,PLANNED INVESTIGATION (LOCAL MONITORING),RIVER / RUNNING SURFACE WATER,0135,"Solids, Suspended at 105 C",26,MILLIGRAM PER LITRE
https://environment.data.gov.uk/water-quality/sampling-point/TH-PRTS0063/sample/1322178/observation/0180,TH-PRTS0063,R. THAMES U/S OF SPELTHORNE CHANNEL O/F,-0.456,51.3822,Thames,THAMES - WEST THAMES,Multiple Values,OPEN,FRESHWATER - RIVERS,2020-02-12T12:25:00,PLANNED INVESTIGATION (LOCAL MONITORING),RIVER / RUNNING SURFACE WATER,0180,"Orthophosphate, reactive as P",0.13,MILLIGRAM PER LITRE
https://environment.data.gov.uk/water-quality/sampling-point/TH-PRTS0063/sample/1323496/observation/0061,TH-PRTS0063,R. THAMES U/S OF SPELTHORNE CHANNEL O/F,-0.456,51.3822,Thames,THAMES - WEST THAMES,Multiple Values,OPEN,FRESHWATER - RIVERS,2020-03-18T11:36:00,PLANNED INVESTIGATION (LOCAL MONITORING),RIVER / RUNNING SURFACE WATER,0061,pH,8.39,PH UNITS
https://environment.data.gov.uk/water-quality/sampling-point/TH-PRTS0063/sample/1323496/observation/0076,TH-PRTS0063,R. THAMES U/S OF SPELTHORNE CHANNEL O/F,-0.456,51.3822,Thames,THAMES - WEST THAMES,Multiple Values,OPEN,FRESHWATER - RIVERS,2020-03-18T11:36:00,PLANNED INVESTIGATION (LOCAL MONITORING),RIVER / RUNNING SURFACE WATER,0076,Temperature of Water,9.7,CELSIUS
https://environment.data.gov.uk/water-quality/sampling-point/TH-PRTS0063/sample/1323496/observation/0111,TH-PRTS0063,R. THAMES U/S OF SPELTHORNE CHANNEL O/F,-0.456,51.3822,Thames,THAMES - WEST THAMES,Multiple Values,OPEN,FRESHWATER - RIVERS,2020-03-18T11:36:00,PLANNED INVESTIGATION (LOCAL MONITORING),RIVER / RUNNING SURFACE WATER,0111,Ammoniacal Nitrogen as N,0.045,MILLIGRAM PER LITRE
https://environment.data.gov.uk/water-quality/sampling-point/TH-PRTS0063/sample/1323496/observation/0119,TH-PRTS0063,R. THAMES U/S OF SPELTHORNE CHANNEL O/F,-0.456,51.3822,Thames,THAMES - WEST THAMES,Multiple Values,OPEN,FRESHWATER - RIVERS,2020-03-18T11:36:00,PLANNED INVESTIGATION (LOCAL MONITORING),RIVER / RUNNING SURFACE WATER,0119,Ammonia un-ionised as N,0.0008,MILLIGRAM PER LITRE
https://environment.data.gov.uk/water-quality/sampling-point/TH-PRTS0063/sample/1323496/observation/0135,TH-PRTS0063,R. THAMES U/S OF SPELTHORNE CHANNEL O/F,-0.456,51.3822,Thames,THAMES - WEST THAMES,Multiple Values,OPEN,FRESHWATER - RIVERS,2020-03-18T11:36:00,PLANNED INVESTIGATION (LOCAL MONITORING),RIVER / RUNNING SURFACE WATER,0135,"Solids, Suspended at 105 C",11,MILLIGRAM PER LITRE
https://environment.data.gov.uk/water-quality/sampling-point/TH-PRTS0063/sample/1323496/observation/0180,TH-PRTS0063,R. THAMES U/S OF SPELTHORNE CHANNEL O/F,-0.456,51.3822,Thames,THAMES - WEST THAMES,Multiple Values,OPEN,FRESHWATER - RIVERS,2020-03-18T11:36:00,PLANNED INVESTIGATION (LOCAL MONITORING),RIVER / RUNNING SURFACE WATER,0180,"Orthophosphate, reactive as P",0.093,MILLIGRAM PER LITRE
https://environment.data.gov.uk/water-quality/sampling-point/TH-PRTS0065/sample/1321044/observation/0061,TH-PRTS0065,R. THAMES D/S OF SPELTHORNE CHANNEL O/F,-0.4503,51.3823,Thames,THAMES - WEST THAMES,Multiple Values,OPEN,FRESHWATER - RIVERS,2020-01-15T11:45:00,PLANNED INVESTIGATION (LOCAL MONITORING),RIVER / RUNNING SURFACE WATER,0061,pH,8.03,PH UNITS
https://environment.data.gov.uk/water-quality/sampling-point/TH-PRTS0065/sample/1321044/observation/0076,TH-PRTS0065,R. THAMES D/S OF SPELTHORNE CHANNEL O/F,-0.4503,51.3823,Thames,THAMES - WEST THAMES,Multiple Values,OPEN,FRESHWATER - RIVERS,2020-01-15T11:45:00,PLANNED INVESTIGATION (LOCAL MONITORING),RIVER / RUNNING SURFACE WATER,0076,Temperature of Water,8.7,CELSIUS
https://environment.data.gov.uk/water-quality/sampling-point/TH-PRTS0065/sample/1321044/observation/0111,TH-PRTS0065,R. THAMES D/S OF SPELTHORNE CHANNEL O/F,-0.4503,51.3823,Thames,THAMES - WEST THAMES,Multiple Values,OPEN,FRESHWATER - RIVERS,2020-01-15T11:45:00,PLANNED INVESTIGATION (LOCAL MONITORING),RIVER / RUNNING SURFACE WATER,0111,Ammoniacal Nitrogen as N,0.088,MILLIGRAM PER LITRE
https://environment.data.gov.uk/water-quality/sampling-point/TH-PRTS0065/sample/1321044/observation/0119,TH-PRTS0065,R. THAMES D/S OF SPELTHORNE CHANNEL O/F,-0.4503,51.3823,Thames,THAMES - WEST THAMES,Multiple Values,OPEN,FRESHWATER - RIVERS,2020-01-15T11:45:00,PLANNED INVESTIGATION (LOCAL MONITORING),RIVER / RUNNING SURFACE WATER,0119,Ammonia un-ionised as N,0.00146,MILLIGRAM PER LITRE
https://environment.data.gov.uk/water-quality/sampling-point/TH-PRTS0065/sample/1321044/observation/0135,TH-PRTS0065,R. THAMES D/S OF SPELTHORNE CHANNEL O/F,-0.4503,51.3823,Thames,THAMES - WEST THAMES,Multiple Values,OPEN,FRESHWATER - RIVERS,2020-01-15T11:45:00,PLANNED INVESTIGATION (LOCAL MONITORING),RIVER / RUNNING SURFACE WATER,0135,"Solids, Suspended at 105 C",38,MILLIGRAM PER LITRE
https://environment.data.gov.uk/water-quality/sampling-point/TH-PRTS0065/sample/1321044/observation/0180,TH-PRTS0065,R. THAMES D/S OF SPELTHORNE CHANNEL O/F,-0.4503,51.3823,Thames,THAMES - WEST THAMES,Multiple Values,OPEN,FRESHWATER - RIVERS,2020-01-15T11:45:00,PLANNED INVESTIGATION (LOCAL MONITORING),RIVER / RUNNING SURFACE WATER,0180,"Orthophosphate, reactive as P",0.14,MILLIGRAM PER LITRE
https://environment.data.gov.uk/water-quality/sampling-point/TH-PRTS0065/sample/1322179/observation/0061,TH-PRTS0065,R. THAMES D/S OF SPELTHORNE CHANNEL O/F,-0.4503,51.3823,Thames,THAMES - WEST THAMES,Multiple Values,OPEN,FRESHWATER - RIVERS,2020-02-12T12:15:00,PLANNED INVESTIGATION (LOCAL MONITORING),RIVER / RUNNING SURFACE WATER,0061,pH,8.59,PH UNITS
https://environment.data.gov.uk/water-quality/sampling-point/TH-PRTS0065/sample/1322179/observation/0076,TH-PRTS0065,R. THAMES D/S OF SPELTHORNE CHANNEL O/F,-0.4503,51.3823,Thames,THAMES - WEST THAMES,Multiple Values,OPEN,FRESHWATER - RIVERS,2020-02-12T12:15:00,PLANNED INVESTIGATION (LOCAL MONITORING),RIVER / RUNNING SURFACE WATER,0076,Temperature of Water,6.3,CELSIUS
https://environment.data.gov.uk/water-quality/sampling-point/TH-PRTS0065/sample/1322179/observation/0111,TH-PRTS0065,R. THAMES D/S OF SPELTHORNE CHANNEL O/F,-0.4503,51.3823,Thames,THAMES - WEST THAMES,Multiple Values,OPEN,FRESHWATER - RIVERS,2020-02-12T12:15:00,PLANNED INVESTIGATION (LOCAL MONITORING),RIVER / RUNNING SURFACE WATER,0111,Ammoniacal Nitrogen as N,0.077,MILLIGRAM PER LITRE
https://environment.data.gov.uk/water-quality/sampling-point/TH-PRTS0065/sample/1322179/observation/0119,TH-PRTS0065,R. THAMES D/S OF SPELTHORNE CHANNEL O/F,-0.4503,51.3823,Thames,THAMES - WEST THAMES,Multiple Values,OPEN,FRESHWATER - RIVERS,2020-02-12T12:15:00,PLANNED INVESTIGATION (LOCAL MONITORING),RIVER / RUNNING SURFACE WATER,0119,Ammonia un-ionised as N,0.00107,MILLIGRAM PER LITRE
https://environment.data.gov.uk/water-quality/sampling-point/TH-PRTS0065/sample/1322179/observation/0135,TH-PRTS0065,R. THAMES D/S OF SPELTHORNE CHANNEL O/F,-0.4503,51.3823,Thames,THAMES - WEST THAMES,Multiple Values,OPEN,FRESHWATER - RIVERS,2020-02-12T12:15:00,PLANNED INVESTIGATION (LOCAL MONITORING),RIVER / RUNNING SURFACE WATER,0135,"Solids, Suspended at 105 C",29,MILLIGRAM PER LITRE
https://environment.data.gov.uk/water-quality/sampling-point/TH-PRTS0065/sample/1322179/observation/0180,TH-PRTS0065,R. THAMES D/S OF SPELTHORNE CHANNEL O/F,-0.4503,51.3823,Thames,THAMES - WEST THAMES,Multiple Values,OPEN,FRESHWATER - RIVERS,2020-02-12T12:15:00,PLANNED INVESTIGATION (LOCAL MONITORING),RIVER / RUNNING SURFACE WATER,0180,"Orthophosphate, reactive as P",0.13,MILLIGRAM PER LITRE
https://environment.data.gov.uk/water-quality/sampling-point/TH-PRTS0065/sample/1323497/observation/0061,TH-PRTS0065,R. THAMES D/S OF SPELTHORNE CHANNEL O/F,-0.4503,51.3823,Thames,THAMES - WEST THAMES,Multiple Values,OPEN,FRESHWATER - RIVERS,2020-03-18T11:56:00,PLANNED INVESTIGATION (LOCAL MONITORING),RIVER / RUNNING SURFACE WATER,0061,pH,8.32,PH UNITS
https://environment.data.gov.uk/water-quality/sampling-point/TH-PRTS0065/sample/1323497/observation/0076,TH-PRTS0065,R. THAMES D/S OF SPELTHORNE CHANNEL O/F,-0.4503,51.3823,Thames,THAMES - WEST THAMES,Multiple Values,OPEN,FRESHWATER - RIVERS,2020-03-18T11:56:00,PLANNED INVESTIGATION (LOCAL MONITORING),RIVER / RUNNING SURFACE WATER,0076,Temperature of Water,9.7,CELSIUS
https://environment.data.gov.uk/water-quality/sampling-point/TH-PRTS0065/sample/1323497/observation/0111,TH-PRTS0065,R. THAMES D/S OF SPELTHORNE CHANNEL O/F,-0.4503,51.3823,Thames,THAMES - WEST THAMES,Multiple Values,OPEN,FRESHWATER - RIVERS,2020-03-18T11:56:00,PLANNED INVESTIGATION (LOCAL MONITORING),RIVER / RUNNING SURFACE WATER,0111,Ammoniacal Nitrogen as N,0.041,MILLIGRAM PER LITRE
https://environment.data.gov.uk/water-quality/sampling-point/TH-PRTS0065/sample/1323497/observation/0119,TH-PRTS0065,R. THAMES D/S OF SPELTHORNE CHANNEL O/F,-0.4503,51.3823,Thames,THAMES - WEST THAMES,Multiple Values,OPEN,FRESHWATER - RIVERS,2020-03-18T11:56:00,PLANNED INVESTIGATION (LOCAL MONITORING),RIVER / RUNNING SURFACE WATER,0119,Ammonia un-ionised as N,0.00073,MILLIGRAM PER LITRE
https://environment.data.gov.uk/water-quality/sampling-point/TH-PRTS0065/sample/1323497/observation/0135,TH-PRTS0065,R. THAMES D/S OF SPELTHORNE CHANNEL O/F,-0.4503,51.3823,Thames,THAMES - WEST THAMES,Multiple Values,OPEN,FRESHWATER - RIVERS,2020-03-18T11:56:00,PLANNED INVESTIGATION (LOCAL MONITORING),RIVER / RUNNING SURFACE WATER,0135,"Solids, Suspended at 105 C",12,MILLIGRAM PER LITRE
https://environment.data.gov.uk/water-quality/sampling-point/TH-PRTS0065/sample/1323497/observation/0180,TH-PRTS0065,R. THAMES D/S OF SPELTHORNE CHANNEL O/F,-0.4503,51.3823,Thames,THAMES - WEST THAMES,Multiple Values,OPEN,FRESHWATER - RIVERS,2020-03-18T11:56:00,PLANNED INVESTIGATION (LOCAL MONITORING),RIVER / RUNNING SURFACE WATER,0180,"Orthophosphate, reactive as P",0.093,MILLIGRAM PER LITRE
https://environment.data.gov.uk/water-quality/sampling-point/TH-PTHR0076/sample/1321526/observation/0061,TH-PTHR0076,"THAMES AT RAVENS AIT, SURBITON",-0.3109,51.398,Thames,THAMES - WEST THAMES,Multiple Values,OPEN,FRESHWATER - RIVERS,2020-01-29T08:42:00,ENVIRONMENTAL MONITORING STATUTORY (EU DIRECTIVES),RIVER / RUNNING SURFACE WATER,0061,pH,7.83,PH UNITS
https://environment.data.gov.uk/water-quality/sampling-point/TH-PTHR0076/sample/1321526/observation/0076,TH-PTHR0076,"THAMES AT RAVENS AIT, SURBITON",-0.3109,51.398,Thames,THAMES - WEST THAMES,Multiple Values,OPEN,FRESHWATER - RIVERS,2020-01-29T08:42:00,ENVIRONMENTAL MONITORING STATUTORY (EU DIRECTIVES),RIVER / RUNNING SURFACE WATER,0076,Temperature of Water,6.5,CELSIUS
https://environment.data.gov.uk/water-quality/sampling-point/TH-PTHR0076/sample/1321526/observation/0077,TH-PTHR0076,"THAMES AT RAVENS AIT, SURBITON",-0.3109,51.398,Thames,THAMES - WEST THAMES,Multiple Values,OPEN,FRESHWATER - RIVERS,2020-01-29T08:42:00,ENVIRONMENTAL MONITORING STATUTORY (EU DIRECTIVES),RIVER / RUNNING SURFACE WATER,0077,Conductivity at 25 C,602,MICROSIEMENS PER CENTIMETRE
https://environment.data.gov.uk/water-quality/sampling-point/TH-PTHR0076/sample/1321526/observation/0111,TH-PTHR0076,"THAMES AT RAVENS AIT, SURBITON",-0.3109,51.398,Thames,THAMES - WEST THAMES,Multiple Values,OPEN,FRESHWATER - RIVERS,2020-01-29T08:42:00,ENVIRONMENTAL MONITORING STATUTORY (EU DIRECTIVES),RIVER / RUNNING SURFACE WATER,0111,Ammoniacal Nitrogen as N,0.11,MILLIGRAM PER LITRE
https://environment.data.gov.uk/water-quality/sampling-point/TH-PTHR0076/sample/1321526/observation/0116,TH-PTHR0076,"THAMES AT RAVENS AIT, SURBITON",-0.3109,51.398,Thames,THAMES - WEST THAMES,Multiple Values,OPEN,FRESHWATER - RIVERS,2020-01-29T08:42:00,ENVIRONMENTAL MONITORING STATUTORY (EU DIRECTIVES),RIVER / RUNNING SURFACE WATER,0116,"Nitrogen, Total Oxidised as N",6.8,MILLIGRAM PER LITRE
https://environment.data.gov.uk/water-quality/sampling-point/TH-PTHR0076/sample/1321526/observation/0117,TH-PTHR0076,"THAMES AT RAVENS AIT, SURBITON",-0.3109,51.398,Thames,THAMES - WEST THAMES,Multiple Values,OPEN,FRESHWATER - RIVERS,2020-01-29T08:42:00,ENVIRONMENTAL MONITORING STATUTORY (EU DIRECTIVES),RIVER / RUNNING SURFACE WATER,0117,Nitrate as N,6.76,MILLIGRAM PER LITRE
https://environment.data.gov.uk/water-quality/sampling-point/TH-PTHR0076/sample/1321526/observation/0118,TH-PTHR0076,"THAMES AT RAVENS AIT, SURBITON",-0.3109,51.398,Thames,THAMES - WEST THAMES,Multiple Values,OPEN,FRESHWATER - RIVERS,2020-01-29T08:42:00,ENVIRONMENTAL MONITORING STATUTORY (EU DIRECTIVES),RIVER / RUNNING SURFACE WATER,0118,Nitrite as N,0.045,MILLIGRAM PER LITRE
https://environment.data.gov.uk/water-quality/sampling-point/TH-PTHR0076/sample/1321526/observation/0119,TH-PTHR0076,"THAMES AT RAVENS AIT, SURBITON",-0.3109,51.398,Thames,THAMES - WEST THAMES,Multiple Values,OPEN,FRESHWATER - RIVERS,2020-01-29T08:42:00,ENVIRONMENTAL MONITORING STATUTORY (EU DIRECTIVES),RIVER / RUNNING SURFACE WATER,0119,Ammonia un-ionised as N,0.00105,MILLIGRAM PER LITRE
https://environment.data.gov.uk/water-quality/sampling-point/TH-PTHR0076/sample/1321526/observation/0162,TH-PTHR0076,"THAMES AT RAVENS AIT, SURBITON",-0.3109,51.398,Thames,THAMES - WEST THAMES,Multiple Values,OPEN,FRESHWATER - RIVERS,2020-01-29T08:42:00,ENVIRONMENTAL MONITORING STATUTORY (EU DIRECTIVES),RIVER / RUNNING SURFACE WATER,0162,Alkalinity to pH 4.5 as CaCO3,190,MILLIGRAM PER LITRE
https://environment.data.gov.uk/water-quality/sampling-point/TH-PTHR0076/sample/1321526/observation/0180,TH-PTHR0076,"THAMES AT RAVENS AIT, SURBITON",-0.3109,51.398,Thames,THAMES - WEST THAMES,Multiple Values,OPEN,FRESHWATER - RIVERS,2020-01-29T08:42:00,ENVIRONMENTAL MONITORING STATUTORY (EU DIRECTIVES),RIVER / RUNNING SURFACE WATER,0180,"Orthophosphate, reactive as P",0.14,MILLIGRAM PER LITRE
https://environment.data.gov.uk/water-quality/sampling-point/TH-PTHR0076/sample/1321526/observation/9901,TH-PTHR0076,"THAMES AT RAVENS AIT, SURBITON",-0.3109,51.398,Thames,THAMES - WEST THAMES,Multiple Values,OPEN,FRESHWATER - RIVERS,2020-01-29T08:42:00,ENVIRONMENTAL MONITORING STATUTORY (EU DIRECTIVES),RIVER / RUNNING SURFACE WATER,9901,"Oxygen, Dissolved, % Saturation",86.2,PERCENTAGE
https://environment.data.gov.uk/water-quality/sampling-point/TH-PTHR0076/sample/1321526/observation/9924,TH-PTHR0076,"THAMES AT RAVENS AIT, SURBITON",-0.3109,51.398,Thames,THAMES - WEST THAMES,Multiple Values,OPEN,FRESHWATER - RIVERS,2020-01-29T08:42:00,ENVIRONMENTAL MONITORING STATUTORY (EU DIRECTIVES),RIVER / RUNNING SURFACE WATER,9924,"Oxygen, Dissolved as O2",10.6,MILLIGRAM PER LITRE
https://environment.data.gov.uk/water-quality/sampling-point/TH-PTHR0076/sample/1322640/observation/0061,TH-PTHR0076,"THAMES AT RAVENS AIT, SURBITON",-0.3109,51.398,Thames,THAMES - WEST THAMES,Multiple Values,OPEN,FRESHWATER - RIVERS,2020-02-18T08:10:00,ENVIRONMENTAL MONITORING STATUTORY (EU DIRECTIVES),RIVER / RUNNING SURFACE WATER,0061,pH,7.49,PH UNITS
https://environment.data.gov.uk/water-quality/sampling-point/TH-PTHR0076/sample/1322640/observation/0076,TH-PTHR0076,"THAMES AT RAVENS AIT, SURBITON",-0.3109,51.398,Thames,THAMES - WEST THAMES,Multiple Values,OPEN,FRESHWATER - RIVERS,2020-02-18T08:10:00,ENVIRONMENTAL MONITORING STATUTORY (EU DIRECTIVES),RIVER / RUNNING SURFACE WATER,0076,Temperature of Water,7.2,CELSIUS
https://environment.data.gov.uk/water-quality/sampling-point/TH-PTHR0076/sample/1322640/observation/0077,TH-PTHR0076,"THAMES AT RAVENS AIT, SURBITON",-0.3109,51.398,Thames,THAMES - WEST THAMES,Multiple Values,OPEN,FRESHWATER - RIVERS,2020-02-18T08:10:00,ENVIRONMENTAL MONITORING STATUTORY (EU DIRECTIVES),RIVER / RUNNING SURFACE WATER,0077,Conductivity at 25 C,406,MICROSIEMENS PER CENTIMETRE
https://environment.data.gov.uk/water-quality/sampling-point/TH-PTHR0076/sample/1322640/observation/0111,TH-PTHR0076,"THAMES AT RAVENS AIT, SURBITON",-0.3109,51.398,Thames,THAMES - WEST THAMES,Multiple Values,OPEN,FRESHWATER - RIVERS,2020-02-18T08:10:00,ENVIRONMENTAL MONITORING STATUTORY (EU DIRECTIVES),RIVER / RUNNING SURFACE WATER,0111,Ammoniacal Nitrogen as N,0.14,MILLIGRAM PER LITRE
https://environment.data.gov.uk/water-quality/sampling-point/TH-PTHR0076/sample/1322640/observation/0116,TH-PTHR0076,"THAMES AT RAVENS AIT, SURBITON",-0.3109,51.398,Thames,THAMES - WEST THAMES,Multiple Values,OPEN,FRESHWATER - RIVERS,2020-02-18T08:10:00,ENVIRONMENTAL MONITORING STATUTORY (EU DIRECTIVES),RIVER / RUNNING SURFACE WATER,0116,"Nitrogen, Total Oxidised as N",3.5,MILLIGRAM PER LITRE
https://environment.data.gov.uk/water-quality/sampling-point/TH-PTHR0076/sample/1322640/observation/0117,TH-PTHR0076,"THAMES AT RAVENS AIT, SURBITON",-0.3109,51.398,Thames,THAMES - WEST THAMES,Multiple Values,OPEN,FRESHWATER - RIVERS,2020-02-18T08:10:00,ENVIRONMENTAL MONITORING STATUTORY (EU DIRECTIVES),RIVER / RUNNING SURFACE WATER,0117,Nitrate as N,3.46,MILLIGRAM PER LITRE
https://environment.data.gov.uk/water-quality/sampling-point/TH-PTHR0076/sample/1322640/observation/0118,TH-PTHR0076,"THAMES AT RAVENS AIT, SURBITON",-0.3109,51.398,Thames,THAMES - WEST THAMES,Multiple Values,OPEN,FRESHWATER - RIVERS,2020-02-18T08:10:00,ENVIRONMENTAL MONITORING STATUTORY (EU DIRECTIVES),RIVER / RUNNING SURFACE WATER,0118,Nitrite as N,0.036,MILLIGRAM PER LITRE
https://environment.data.gov.uk/water-quality/sampling-point/TH-PTHR0076/sample/1322640/observation/0119,TH-PTHR0076,"THAMES AT RAVENS AIT, SURBITON",-0.3109,51.398,Thames,THAMES - WEST THAMES,Multiple Values,OPEN,FRESHWATER - RIVERS,2020-02-18T08:10:00,ENVIRONMENTAL MONITORING STATUTORY (EU DIRECTIVES),RIVER / RUNNING SURFACE WATER,0119,Ammonia un-ionised as N,0.00065,MILLIGRAM PER LITRE
https://environment.data.gov.uk/water-quality/sampling-point/TH-PTHR0076/sample/1322640/observation/0162,TH-PTHR0076,"THAMES AT RAVENS AIT, SURBITON",-0.3109,51.398,Thames,THAMES - WEST THAMES,Multiple Values,OPEN,FRESHWATER - RIVERS,2020-02-18T08:10:00,ENVIRONMENTAL MONITORING STATUTORY (EU DIRECTIVES),RIVER / RUNNING SURFACE WATER,0162,Alkalinity to pH 4.5 as CaCO3,91,MILLIGRAM PER LITRE
https://environment.data.gov.uk/water-quality/sampling-point/TH-PTHR0076/sample/1322640/observation/0180,TH-PTHR0076,"THAMES AT RAVENS AIT, SURBITON",-0.3109,51.398,Thames,THAMES - WEST THAMES,Multiple Values,OPEN,FRESHWATER - RIVERS,2020-02-18T08:10:00,ENVIRONMENTAL MONITORING STATUTORY (EU DIRECTIVES),RIVER / RUNNING SURFACE WATER,0180,"Orthophosphate, reactive as P",0.1,MILLIGRAM PER LITRE
https://environment.data.gov.uk/water-quality/sampling-point/TH-PTHR0076/sample/1322640/observation/9901,TH-PTHR0076,"THAMES AT RAVENS AIT, SURBITON",-0.3109,51.398,Thames,THAMES - WEST THAMES,Multiple Values,OPEN,FRESHWATER - RIVERS,2020-02-18T08:10:00,ENVIRONMENTAL MONITORING STATUTORY (EU DIRECTIVES),RIVER / RUNNING SURFACE WATER,9901,"Oxygen, Dissolved, % Saturation",95.2,PERCENTAGE
https://environment.data.gov.uk/water-quality/sampling-point/TH-PTHR0076/sample/1322640/observation/9924,TH-PTHR0076,"THAMES AT RAVENS AIT, SURBITON",-0.3109,51.398,Thames,THAMES - WEST THAMES,Multiple Values,OPEN,FRESHWATER - RIVERS,2020-02-18T08:10:00,ENVIRONMENTAL MONITORING STATUTORY (EU DIRECTIVES),RIVER / RUNNING SURFACE WATER,9924,"Oxygen, Dissolved as O2",11.5,MILLIGRAM PER LITRE
https://environment.data.gov.uk/water-quality/sampling-point/TH-PTHR0076/sample/1323373/observation/0061,TH-PTHR0076,"THAMES AT RAVENS AIT, SURBITON",-0.3109,51.398,Thames,THAMES - WEST THAMES,Multiple Values,OPEN,FRESHWATER - RIVERS,2020-03-16T11:01:00,ENVIRONMENTAL MONITORING STATUTORY (EU DIRECTIVES),RIVER / RUNNING SURFACE WATER,0061,pH,8.18,PH UNITS
https://environment.data.gov.uk/water-quality/sampling-point/TH-PTHR0076/sample/1323373/observation/0076,TH-PTHR0076,"THAMES AT RAVENS AIT, SURBITON",-0.3109,51.398,Thames,THAMES - WEST THAMES,Multiple Values,OPEN,FRESHWATER - RIVERS,2020-03-16T11:01:00,ENVIRONMENTAL MONITORING STATUTORY (EU DIRECTIVES),RIVER / RUNNING SURFACE WATER,0076,Temperature of Water,9.2,CELSIUS
https://environment.data.gov.uk/water-quality/sampling-point/TH-PTHR0076/sample/1323373/observation/0077,TH-PTHR0076,"THAMES AT RAVENS AIT, SURBITON",-0.3109,51.398,Thames,THAMES - WEST THAMES,Multiple Values,OPEN,FRESHWATER - RIVERS,2020-03-16T11:01:00,ENVIRONMENTAL MONITORING STATUTORY (EU DIRECTIVES),RIVER / RUNNING SURFACE WATER,0077,Conductivity at 25 C,602,MICROSIEMENS PER CENTIMETRE
https://environment.data.gov.uk/water-quality/sampling-point/TH-PTHR0076/sample/1323373/observation/0111,TH-PTHR0076,"THAMES AT RAVENS AIT, SURBITON",-0.3109,51.398,Thames,THAMES - WEST THAMES,Multiple Values,OPEN,FRESHWATER - RIVERS,2020-03-16T11:01:00,ENVIRONMENTAL MONITORING STATUTORY (EU DIRECTIVES),RIVER / RUNNING SURFACE WATER,0111,Ammoniacal Nitrogen as N,0.053,MILLIGRAM PER LITRE
https://environment.data.gov.uk/water-quality/sampling-point/TH-PTHR0076/sample/1323373/observation/0116,TH-PTHR0076,"THAMES AT RAVENS AIT, SURBITON",-0.3109,51.398,Thames,THAMES - WEST THAMES,Multiple Values,OPEN,FRESHWATER - RIVERS,2020-03-16T11:01:00,ENVIRONMENTAL MONITORING STATUTORY (EU DIRECTIVES),RIVER / RUNNING SURFACE WATER,0116,"Nitrogen, Total Oxidised as N",6.1,MILLIGRAM PER LITRE
https://environment.data.gov.uk/water-quality/sampling-point/TH-PTHR0076/sample/1323373/observation/0117,TH-PTHR0076,"THAMES AT RAVENS AIT, SURBITON",-0.3109,51.398,Thames,THAMES - WEST THAMES,Multiple Values,OPEN,FRESHWATER - RIVERS,2020-03-16T11:01:00,ENVIRONMENTAL MONITORING STATUTORY (EU DIRECTIVES),RIVER / RUNNING SURFACE WATER,0117,Nitrate as N,6.07,MILLIGRAM PER LITRE
https://environment.data.gov.uk/water-quality/sampling-point/TH-PTHR0076/sample/1323373/observation/0118,TH-PTHR0076,"THAMES AT RAVENS AIT, SURBITON",-0.3109,51.398,Thames,THAMES - WEST THAMES,Multiple Values,OPEN,FRESHWATER - RIVERS,2020-03-16T11:01:00,ENVIRONMENTAL MONITORING STATUTORY (EU DIRECTIVES),RIVER / RUNNING SURFACE WATER,0118,Nitrite as N,0.034,MILLIGRAM PER LITRE
https://environment.data.gov.uk/water-quality/sampling-point/TH-PTHR0076/sample/1323373/observation/0119,TH-PTHR0076,"THAMES AT RAVENS AIT, SURBITON",-0.3109,51.398,Thames,THAMES - WEST THAMES,Multiple Values,OPEN,FRESHWATER - RIVERS,2020-03-16T11:01:00,ENVIRONMENTAL MONITORING STATUTORY (EU DIRECTIVES),RIVER / RUNNING SURFACE WATER,0119,Ammonia un-ionised as N,0.00091,MILLIGRAM PER LITRE
https://environment.data.gov.uk/water-quality/sampling-point/TH-PTHR0076/sample/1323373/observation/0162,TH-PTHR0076,"THAMES AT RAVENS AIT, SURBITON",-0.3109,51.398,Thames,THAMES - WEST THAMES,Multiple Values,OPEN,FRESHWATER - RIVERS,2020-03-16T11:01:00,ENVIRONMENTAL MONITORING STATUTORY (EU DIRECTIVES),RIVER / RUNNING SURFACE WATER,0162,Alkalinity to pH 4.5 as CaCO3,200,MILLIGRAM PER LITRE
https://environment.data.gov.uk/water-quality/sampling-point/TH-PTHR0076/sample/1323373/observation/0180,TH-PTHR0076,"THAMES AT RAVENS AIT, SURBITON",-0.3109,51.398,Thames,THAMES - WEST THAMES,Multiple Values,OPEN,FRESHWATER - RIVERS,2020-03-16T11:01:00,ENVIRONMENTAL MONITORING STATUTORY (EU DIRECTIVES),RIVER / RUNNING SURFACE WATER,0180,"Orthophosphate, reactive as P",0.099,MILLIGRAM PER LITRE
https://environment.data.gov.uk/water-quality/sampling-point/TH-PTHR0076/sample/1323373/observation/9901,TH-PTHR0076,"THAMES AT RAVENS AIT, SURBITON",-0.3109,51.398,Thames,THAMES - WEST THAMES,Multiple Values,OPEN,FRESHWATER - RIVERS,2020-03-16T11:01:00,ENVIRONMENTAL MONITORING STATUTORY (EU DIRECTIVES),RIVER / RUNNING SURFACE WATER,9901,"Oxygen, Dissolved, % Saturation",97.8,PERCENTAGE
https://environment.data.gov.uk/water-quality/sampling-point/TH-PTHR0076/sample/1323373/observation/9924,TH-PTHR0076,"THAMES AT RAVENS AIT, SURBITON",-0.3109,51.398,Thames,THAMES - WEST THAMES,Multiple Values,OPEN,FRESHWATER - RIVERS,2020-03-16T11:01:00,ENVIRONMENTAL MONITORING STATUTORY (EU DIRECTIVES),RIVER / RUNNING SURFACE WATER,9924,"Oxygen, Dissolved as O2",11.2,MILLIGRAM PER LITRE
https://environment.data.gov.uk/water-quality/sampling-point/TH-PWER0030/sample/1321188/observation/0052,TH-PWER0030,WEY ABOVE THAMES,-0.4571,51.3786,Thames,THAMES - WEST THAMES,Multiple Values,OPEN,FRESHWATER - RIVERS,2020-01-20T11:52:00,ENVIRONMENTAL MONITORING STATUTORY (EU DIRECTIVES),RIVER / RUNNING SURFACE WATER,0052,"Lead, Dissolved",0.23,MICROGRAM PER LITRE
https://environment.data.gov.uk/water-quality/sampling-point/TH-PWER0030/sample/1321188/observation/0061,TH-PWER0030,WEY ABOVE THAMES,-0.4571,51.3786,Thames,THAMES - WEST THAMES,Multiple Values,OPEN,FRESHWATER - RIVERS,2020-01-20T11:52:00,ENVIRONMENTAL MONITORING STATUTORY (EU DIRECTIVES),RIVER / RUNNING SURFACE WATER,0061,pH,7.71,PH UNITS
https://environment.data.gov.uk/water-quality/sampling-point/TH-PWER0030/sample/1321188/observation/0073,TH-PWER0030,WEY ABOVE THAMES,-0.4571,51.3786,Thames,THAMES - WEST THAMES,Multiple Values,OPEN,FRESHWATER - RIVERS,2020-01-20T11:52:00,ENVIRONMENTAL MONITORING STATUTORY (EU DIRECTIVES),RIVER / RUNNING SURFACE WATER,0073,Cypermethrin,0.00005,MICROGRAM PER LITRE
https://environment.data.gov.uk/water-quality/sampling-point/TH-PWER0030/sample/1321188/observation/0076,TH-PWER0030,WEY ABOVE THAMES,-0.4571,51.3786,Thames,THAMES - WEST THAMES,Multiple Values,OPEN,FRESHWATER - RIVERS,2020-01-20T11:52:00,ENVIRONMENTAL MONITORING STATUTORY (EU DIRECTIVES),RIVER / RUNNING SURFACE WATER,0076,Temperature of Water,5.3,CELSIUS
https://environment.data.gov.uk/water-quality/sampling-point/TH-PWER0030/sample/1321188/observation/0077,TH-PWER0030,WEY ABOVE THAMES,-0.4571,51.3786,Thames,THAMES - WEST THAMES,Multiple Values,OPEN,FRESHWATER - RIVERS,2020-01-20T11:52:00,ENVIRONMENTAL MONITORING STATUTORY (EU DIRECTIVES),RIVER / RUNNING SURFACE WATER,0077,Conductivity at 25 C,417,MICROSIEMENS PER CENTIMETRE
https://environment.data.gov.uk/water-quality/sampling-point/TH-PWER0030/sample/1321188/observation/0103,TH-PWER0030,WEY ABOVE THAMES,-0.4571,51.3786,Thames,THAMES - WEST THAMES,Multiple Values,OPEN,FRESHWATER - RIVERS,2020-01-20T11:52:00,ENVIRONMENTAL MONITORING STATUTORY (EU DIRECTIVES),RIVER / RUNNING SURFACE WATER,0103,"Mercury, Dissolved",<0.01,MICROGRAM PER LITRE
https://environment.data.gov.uk/water-quality/sampling-point/TH-PWER0030/sample/1321188/observation/0106,TH-PWER0030,WEY ABOVE THAMES,-0.4571,51.3786,Thames,THAMES - WEST THAMES,Multiple Values,OPEN,FRESHWATER - RIVERS,2020-01-20T11:52:00,ENVIRONMENTAL MONITORING STATUTORY (EU DIRECTIVES),RIVER / RUNNING SURFACE WATER,0106,"Cadmium, Dissolved",0.011,MICROGRAM PER LITRE
https://environment.data.gov.uk/water-quality/sampling-point/TH-PWER0030/sample/1321188/observation/0111,TH-PWER0030,WEY ABOVE THAMES,-0.4571,51.3786,Thames,THAMES - WEST THAMES,Multiple Values,OPEN,FRESHWATER - RIVERS,2020-01-20T11:52:00,ENVIRONMENTAL MONITORING STATUTORY (EU DIRECTIVES),RIVER / RUNNING SURFACE WATER,0111,Ammoniacal Nitrogen as N,0.18,MILLIGRAM PER LITRE
https://environment.data.gov.uk/water-quality/sampling-point/TH-PWER0030/sample/1321188/observation/0116,TH-PWER0030,WEY ABOVE THAMES,-0.4571,51.3786,Thames,THAMES - WEST THAMES,Multiple Values,OPEN,FRESHWATER - RIVERS,2020-01-20T11:52:00,ENVIRONMENTAL MONITORING STATUTORY (EU DIRECTIVES),RIVER / RUNNING SURFACE WATER,0116,"Nitrogen, Total Oxidised as N",4.7,MILLIGRAM PER LITRE
https://environment.data.gov.uk/water-quality/sampling-point/TH-PWER0030/sample/1321188/observation/0117,TH-PWER0030,WEY ABOVE THAMES,-0.4571,51.3786,Thames,THAMES - WEST THAMES,Multiple Values,OPEN,FRESHWATER - RIVERS,2020-01-20T11:52:00,ENVIRONMENTAL MONITORING STATUTORY (EU DIRECTIVES),RIVER / RUNNING SURFACE WATER,0117,Nitrate as N,4.66,MILLIGRAM PER LITRE
https://environment.data.gov.uk/water-quality/sampling-point/TH-PWER0030/sample/1321188/observation/0118,TH-PWER0030,WEY ABOVE THAMES,-0.4571,51.3786,Thames,THAMES - WEST THAMES,Multiple Values,OPEN,FRESHWATER - RIVERS,2020-01-20T11:52:00,ENVIRONMENTAL MONITORING STATUTORY (EU DIRECTIVES),RIVER / RUNNING SURFACE WATER,0118,Nitrite as N,0.042,MILLIGRAM PER LITRE
https://environment.data.gov.uk/water-quality/sampling-point/TH-PWER0030/sample/1321188/observation/0119,TH-PWER0030,WEY ABOVE THAMES,-0.4571,51.3786,Thames,THAMES - WEST THAMES,Multiple Values,OPEN,FRESHWATER - RIVERS,2020-01-20T11:52:00,ENVIRONMENTAL MONITORING STATUTORY (EU DIRECTIVES),RIVER / RUNNING SURFACE WATER,0119,Ammonia un-ionised as N,0.0012,MILLIGRAM PER LITRE
https://environment.data.gov.uk/water-quality/sampling-point/TH-PWER0030/sample/1321188/observation/0158,TH-PWER0030,WEY ABOVE THAMES,-0.4571,51.3786,Thames,THAMES - WEST THAMES,Multiple Values,OPEN,FRESHWATER - RIVERS,2020-01-20T11:52:00,ENVIRONMENTAL MONITORING STATUTORY (EU DIRECTIVES),RIVER / RUNNING SURFACE WATER,0158,"Hardness, Total as CaCO3",158,MILLIGRAM PER LITRE
https://environment.data.gov.uk/water-quality/sampling-point/TH-PWER0030/sample/1321188/observation/0162,TH-PWER0030,WEY ABOVE THAMES,-0.4571,51.3786,Thames,THAMES - WEST THAMES,Multiple Values,OPEN,FRESHWATER - RIVERS,2020-01-20T11:52:00,ENVIRONMENTAL MONITORING STATUTORY (EU DIRECTIVES),RIVER / RUNNING SURFACE WATER,0162,Alkalinity to pH 4.5 as CaCO3,120,MILLIGRAM PER LITRE
https://environment.data.gov.uk/water-quality/sampling-point/TH-PWER0030/sample/1321188/observation/0172,TH-PWER0030,WEY ABOVE THAMES,-0.4571,51.3786,Thames,THAMES - WEST THAMES,Multiple Values,OPEN,FRESHWATER - RIVERS,2020-01-20T11:52:00,ENVIRONMENTAL MONITORING STATUTORY (EU DIRECTIVES),RIVER / RUNNING SURFACE WATER,0172,Chloride,29,MILLIGRAM PER LITRE
https://environment.data.gov.uk/water-quality/sampling-point/TH-PWER0030/sample/1321188/observation/0175,TH-PWER0030,WEY ABOVE THAMES,-0.4571,51.3786,Thames,THAMES - WEST THAMES,Multiple Values,OPEN,FRESHWATER - RIVERS,2020-01-20T11:52:00,ENVIRONMENTAL MONITORING STATUTORY (EU DIRECTIVES),RIVER / RUNNING SURFACE WATER,0175,Cyanide as CN,<0.005,MILLIGRAM PER LITRE
https://environment.data.gov.uk/water-quality/sampling-point/TH-PWER0030/sample/1321188/observation/0180,TH-PWER0030,WEY ABOVE THAMES,-0.4571,51.3786,Thames,THAMES - WEST THAMES,Multiple Values,OPEN,FRESHWATER - RIVERS,2020-01-20T11:52:00,ENVIRONMENTAL MONITORING STATUTORY (EU DIRECTIVES),RIVER / RUNNING SURFACE WATER,0180,"Orthophosphate, reactive as P",0.16,MILLIGRAM PER LITRE
https://environment.data.gov.uk/water-quality/sampling-point/TH-PWER0030/sample/1321188/observation/0182,TH-PWER0030,WEY ABOVE THAMES,-0.4571,51.3786,Thames,THAMES - WEST THAMES,Multiple Values,OPEN,FRESHWATER - RIVERS,2020-01-20T11:52:00,ENVIRONMENTAL MONITORING STATUTORY (EU DIRECTIVES),RIVER / RUNNING SURFACE WATER,0182,"Silica, reactive as SiO2",13,MILLIGRAM PER LITRE
https://environment.data.gov.uk/water-quality/sampling-point/TH-PWER0030/sample/1321188/observation/0205,TH-PWER0030,WEY ABOVE THAMES,-0.4571,51.3786,Thames,THAMES - WEST THAMES,Multiple Values,OPEN,FRESHWATER - RIVERS,2020-01-20T11:52:00,ENVIRONMENTAL MONITORING STATUTORY (EU DIRECTIVES),RIVER / RUNNING SURFACE WATER,0205,"Sodium, Dissolved",19,MILLIGRAM PER LITRE
https://environment.data.gov.uk/water-quality/sampling-point/TH-PWER0030/sample/1321188/observation/0209,TH-PWER0030,WEY ABOVE THAMES,-0.4571,51.3786,Thames,THAMES - WEST THAMES,Multiple Values,OPEN,FRESHWATER - RIVERS,2020-01-20T11:52:00,ENVIRONMENTAL MONITORING STATUTORY (EU DIRECTIVES),RIVER / RUNNING SURFACE WATER,0209,"Potassium, Dissolved",4.4,MILLIGRAM PER LITRE
https://environment.data.gov.uk/water-quality/sampling-point/TH-PWER0030/sample/1321188/observation/0235,TH-PWER0030,WEY ABOVE THAMES,-0.4571,51.3786,Thames,THAMES - WEST THAMES,Multiple Values,OPEN,FRESHWATER - RIVERS,2020-01-20T11:52:00,ENVIRONMENTAL MONITORING STATUTORY (EU DIRECTIVES),RIVER / RUNNING SURFACE WATER,0235,"Magnesium, Dissolved",3.8,MILLIGRAM PER LITRE
https://environment.data.gov.uk/water-quality/sampling-point/TH-PWER0030/sample/1321188/observation/0237,TH-PWER0030,WEY ABOVE THAMES,-0.4571,51.3786,Thames,THAMES - WEST THAMES,Multiple Values,OPEN,FRESHWATER - RIVERS,2020-01-20T11:52:00,ENVIRONMENTAL MONITORING STATUTORY (EU DIRECTIVES),RIVER / RUNNING SURFACE WATER,0237,Magnesium,3.9,MILLIGRAM PER LITRE
https://environment.data.gov.uk/water-quality/sampling-point/TH-PWER0030/sample/1321188/observation/0239,TH-PWER0030,WEY ABOVE THAMES,-0.4571,51.3786,Thames,THAMES - WEST THAMES,Multiple Values,OPEN,FRESHWATER - RIVERS,2020-01-20T11:52:00,ENVIRONMENTAL MONITORING STATUTORY (EU DIRECTIVES),RIVER / RUNNING SURFACE WATER,0239,"Calcium, Dissolved",57,MILLIGRAM PER LITRE
https://environment.data.gov.uk/water-quality/sampling-point/TH-PWER0030/sample/1321188/observation/0241,TH-PWER0030,WEY ABOVE THAMES,-0.4571,51.3786,Thames,THAMES - WEST THAMES,Multiple Values,OPEN,FRESHWATER - RIVERS,2020-01-20T11:52:00,ENVIRONMENTAL MONITORING STATUTORY (EU DIRECTIVES),RIVER / RUNNING SURFACE WATER,0241,Calcium,56,MILLIGRAM PER LITRE
https://environment.data.gov.uk/water-quality/sampling-point/TH-PWER0030/sample/1321188/observation/0301,TH-PWER0030,WEY ABOVE THAMES,-0.4571,51.3786,Thames,THAMES - WEST THAMES,Multiple Values,OPEN,FRESHWATER - RIVERS,2020-01-20T11:52:00,ENVIRONMENTAL MONITORING STATUTORY (EU DIRECTIVES),RIVER / RUNNING SURFACE WATER,0301,"Carbon, Organic, Dissolved as C :- {DOC}",2.4,MILLIGRAM PER LITRE
https://environment.data.gov.uk/water-quality/sampling-point/TH-PWER0030/sample/1321188/observation/0348,TH-PWER0030,WEY ABOVE THAMES,-0.4571,51.3786,Thames,THAMES - WEST THAMES,Multiple Values,OPEN,FRESHWATER - RIVERS,2020-01-20T11:52:00,ENVIRONMENTAL MONITORING STATUTORY (EU DIRECTIVES),RIVER / RUNNING SURFACE WATER,0348,"Phosphorus, Total as P",0.24,MILLIGRAM PER LITRE
https://environment.data.gov.uk/water-quality/sampling-point/TH-PWER0030/sample/1321188/observation/0507,TH-PWER0030,WEY ABOVE THAMES,-0.4571,51.3786,Thames,THAMES - WEST THAMES,Multiple Values,OPEN,FRESHWATER - RIVERS,2020-01-20T11:52:00,ENVIRONMENTAL MONITORING STATUTORY (EU DIRECTIVES),RIVER / RUNNING SURFACE WATER,0507,Dichlorvos,<0.004,MICROGRAM PER LITRE
https://environment.data.gov.uk/water-quality/sampling-point/TH-PWER0030/sample/1321188/observation/0714,TH-PWER0030,WEY ABOVE THAMES,-0.4571,51.3786,Thames,THAMES - WEST THAMES,Multiple Values,OPEN,FRESHWATER - RIVERS,2020-01-20T11:52:00,ENVIRONMENTAL MONITORING STATUTORY (EU DIRECTIVES),RIVER / RUNNING SURFACE WATER,0714,"Benzo(g,h,i)Perylene",0.0073,MICROGRAM PER LITRE
https://environment.data.gov.uk/water-quality/sampling-point/TH-PWER0030/sample/1321188/observation/0731,TH-PWER0030,WEY ABOVE THAMES,-0.4571,51.3786,Thames,THAMES - WEST THAMES,Multiple Values,OPEN,FRESHWATER - RIVERS,2020-01-20T11:52:00,ENVIRONMENTAL MONITORING STATUTORY (EU DIRECTIVES),RIVER / RUNNING SURFACE WATER,0731,Benzo(b)Fluoranthene,0.005,MICROGRAM PER LITRE
https://environment.data.gov.uk/water-quality/sampling-point/TH-PWER0030/sample/1321188/observation/0733,TH-PWER0030,WEY ABOVE THAMES,-0.4571,51.3786,Thames,THAMES - WEST THAMES,Multiple Values,OPEN,FRESHWATER - RIVERS,2020-01-20T11:52:00,ENVIRONMENTAL MONITORING STATUTORY (EU DIRECTIVES),RIVER / RUNNING SURFACE WATER,0733,Benzo(k)Fluoranthene,0.0028,MICROGRAM PER LITRE
https://environment.data.gov.uk/water-quality/sampling-point/TH-PWER0030/sample/1321188/observation/0746,TH-PWER0030,WEY ABOVE THAMES,-0.4571,51.3786,Thames,THAMES - WEST THAMES,Multiple Values,OPEN,FRESHWATER - RIVERS,2020-01-20T11:52:00,ENVIRONMENTAL MONITORING STATUTORY (EU DIRECTIVES),RIVER / RUNNING SURFACE WATER,0746,"Indeno(1,2,3-cd)pyrene",0.0071,MICROGRAM PER LITRE
https://environment.data.gov.uk/water-quality/sampling-point/TH-PWER0030/sample/1321188/observation/3007,TH-PWER0030,WEY ABOVE THAMES,-0.4571,51.3786,Thames,THAMES - WEST THAMES,Multiple Values,OPEN,FRESHWATER - RIVERS,2020-01-20T11:52:00,ENVIRONMENTAL MONITORING STATUTORY (EU DIRECTIVES),RIVER / RUNNING SURFACE WATER,3007,Glyphosate,<0.1,MICROGRAM PER LITRE
https://environment.data.gov.uk/water-quality/sampling-point/TH-PWER0030/sample/1321188/observation/3272,TH-PWER0030,WEY ABOVE THAMES,-0.4571,51.3786,Thames,THAMES - WEST THAMES,Multiple Values,OPEN,FRESHWATER - RIVERS,2020-01-20T11:52:00,ENVIRONMENTAL MONITORING STATUTORY (EU DIRECTIVES),RIVER / RUNNING SURFACE WATER,3272,"1,2-Dichloroethane",<0.1,MICROGRAM PER LITRE
https://environment.data.gov.uk/water-quality/sampling-point/TH-PWER0030/sample/1321188/observation/3299,TH-PWER0030,WEY ABOVE THAMES,-0.4571,51.3786,Thames,THAMES - WEST THAMES,Multiple Values,OPEN,FRESHWATER - RIVERS,2020-01-20T11:52:00,ENVIRONMENTAL MONITORING STATUTORY (EU DIRECTIVES),RIVER / RUNNING SURFACE WATER,3299,Dichloromethane :- {Methylene Dichloride},<3,MICROGRAM PER LITRE
https://environment.data.gov.uk/water-quality/sampling-point/TH-PWER0030/sample/1321188/observation/3373,TH-PWER0030,WEY ABOVE THAMES,-0.4571,51.3786,Thames,THAMES - WEST THAMES,Multiple Values,OPEN,FRESHWATER - RIVERS,2020-01-20T11:52:00,ENVIRONMENTAL MONITORING STATUTORY (EU DIRECTIVES),RIVER / RUNNING SURFACE WATER,3373,Chloroform :- {Trichloromethane},0.1,MICROGRAM PER LITRE
https://environment.data.gov.uk/water-quality/sampling-point/TH-PWER0030/sample/1321188/observation/3377,TH-PWER0030,WEY ABOVE THAMES,-0.4571,51.3786,Thames,THAMES - WEST THAMES,Multiple Values,OPEN,FRESHWATER - RIVERS,2020-01-20T11:52:00,ENVIRONMENTAL MONITORING STATUTORY (EU DIRECTIVES),RIVER / RUNNING SURFACE WATER,3377,Lead : BLM Bioavailable,0.1,MICROGRAM PER LITRE
https://environment.data.gov.uk/water-quality/sampling-point/TH-PWER0030/sample/1321188/observation/3408,TH-PWER0030,WEY ABOVE THAMES,-0.4571,51.3786,Thames,THAMES - WEST THAMES,Multiple Values,OPEN,FRESHWATER - RIVERS,2020-01-20T11:52:00,ENVIRONMENTAL MONITORING STATUTORY (EU DIRECTIVES),RIVER / RUNNING SURFACE WATER,3408,"Zinc, Dissolved",7.7,MICROGRAM PER LITRE
https://environment.data.gov.uk/water-quality/sampling-point/TH-PWER0030/sample/1321188/observation/3409,TH-PWER0030,WEY ABOVE THAMES,-0.4571,51.3786,Thames,THAMES - WEST THAMES,Multiple Values,OPEN,FRESHWATER - RIVERS,2020-01-20T11:52:00,ENVIRONMENTAL MONITORING STATUTORY (EU DIRECTIVES),RIVER / RUNNING SURFACE WATER,3409,"Chromium, Dissolved",<0.5,MICROGRAM PER LITRE
https://environment.data.gov.uk/water-quality/sampling-point/TH-PWER0030/sample/1321188/observation/3410,TH-PWER0030,WEY ABOVE THAMES,-0.4571,51.3786,Thames,THAMES - WEST THAMES,Multiple Values,OPEN,FRESHWATER - RIVERS,2020-01-20T11:52:00,ENVIRONMENTAL MONITORING STATUTORY (EU DIRECTIVES),RIVER / RUNNING SURFACE WATER,3410,"Nickel, Dissolved",4.1,MICROGRAM PER LITRE
https://environment.data.gov.uk/water-quality/sampling-point/TH-PWER0030/sample/1321188/observation/3781,TH-PWER0030,WEY ABOVE THAMES,-0.4571,51.3786,Thames,THAMES - WEST THAMES,Multiple Values,OPEN,FRESHWATER - RIVERS,2020-01-20T11:52:00,ENVIRONMENTAL MONITORING STATUTORY (EU DIRECTIVES),RIVER / RUNNING SURFACE WATER,3781,Benzene,<0.1,MICROGRAM PER LITRE
https://environment.data.gov.uk/water-quality/sampling-point/TH-PWER0030/sample/1321188/observation/3878,TH-PWER0030,WEY ABOVE THAMES,-0.4571,51.3786,Thames,THAMES - WEST THAMES,Multiple Values,OPEN,FRESHWATER - RIVERS,2020-01-20T11:52:00,ENVIRONMENTAL MONITORING STATUTORY (EU DIRECTIVES),RIVER / RUNNING SURFACE WATER,3878,Nickel : BLM Bioavailable,1.5,MICROGRAM PER LITRE
https://environment.data.gov.uk/water-quality/sampling-point/TH-PWER0030/sample/1321188/observation/4621,TH-PWER0030,WEY ABOVE THAMES,-0.4571,51.3786,Thames,THAMES - WEST THAMES,Multiple Values,OPEN,FRESHWATER - RIVERS,2020-01-20T11:52:00,ENVIRONMENTAL MONITORING STATUTORY (EU DIRECTIVES),RIVER / RUNNING SURFACE WATER,4621,"2,4,4-TriBromoDiphenylEther",<0.00006,MICROGRAM PER LITRE
https://environment.data.gov.uk/water-quality/sampling-point/TH-PWER0030/sample/1321188/observation/4820,TH-PWER0030,WEY ABOVE THAMES,-0.4571,51.3786,Thames,THAMES - WEST THAMES,Multiple Values,OPEN,FRESHWATER - RIVERS,2020-01-20T11:52:00,ENVIRONMENTAL MONITORING STATUTORY (EU DIRECTIVES),RIVER / RUNNING SURFACE WATER,4820,Manganese : BLM Bioavailable,25,MICROGRAM PER LITRE
https://environment.data.gov.uk/water-quality/sampling-point/TH-PWER0030/sample/1321188/observation/4821,TH-PWER0030,WEY ABOVE THAMES,-0.4571,51.3786,Thames,THAMES - WEST THAMES,Multiple Values,OPEN,FRESHWATER - RIVERS,2020-01-20T11:52:00,ENVIRONMENTAL MONITORING STATUTORY (EU DIRECTIVES),RIVER / RUNNING SURFACE WATER,4821,Copper : BLM Bioavailable,0.39,MICROGRAM PER LITRE
https://environment.data.gov.uk/water-quality/sampling-point/TH-PWER0030/sample/1321188/observation/4822,TH-PWER0030,WEY ABOVE THAMES,-0.4571,51.3786,Thames,THAMES - WEST THAMES,Multiple Values,OPEN,FRESHWATER - RIVERS,2020-01-20T11:52:00,ENVIRONMENTAL MONITORING STATUTORY (EU DIRECTIVES),RIVER / RUNNING SURFACE WATER,4822,Zinc : BLM Bioavailable,4.4,MICROGRAM PER LITRE
https://environment.data.gov.uk/water-quality/sampling-point/TH-PWER0030/sample/1321188/observation/4994,TH-PWER0030,WEY ABOVE THAMES,-0.4571,51.3786,Thames,THAMES - WEST THAMES,Multiple Values,OPEN,FRESHWATER - RIVERS,2020-01-20T11:52:00,ENVIRONMENTAL MONITORING STATUTORY (EU DIRECTIVES),RIVER / RUNNING SURFACE WATER,4994,GCMS Screen : Target Based multi-residue screening : Semi Quantitative,1,Text Result
https://environment.data.gov.uk/water-quality/sampling-point/TH-PWER0030/sample/1321188/observation/5446,TH-PWER0030,WEY ABOVE THAMES,-0.4571,51.3786,Thames,THAMES - WEST THAMES,Multiple Values,OPEN,FRESHWATER - RIVERS,2020-01-20T11:52:00,ENVIRONMENTAL MONITORING STATUTORY (EU DIRECTIVES),RIVER / RUNNING SURFACE WATER,5446,Cypermethrin Identification,1,Text Result
https://environment.data.gov.uk/water-quality/sampling-point/TH-PWER0030/sample/1321188/observation/5732,TH-PWER0030,WEY ABOVE THAMES,-0.4571,51.3786,Thames,THAMES - WEST THAMES,Multiple Values,OPEN,FRESHWATER - RIVERS,2020-01-20T11:52:00,ENVIRONMENTAL MONITORING STATUTORY (EU DIRECTIVES),RIVER / RUNNING SURFACE WATER,5732,Triphenyl Tin as Cation,<0.0002,MICROGRAM PER LITRE
https://environment.data.gov.uk/water-quality/sampling-point/TH-PWER0030/sample/1321188/observation/5863,TH-PWER0030,WEY ABOVE THAMES,-0.4571,51.3786,Thames,THAMES - WEST THAMES,Multiple Values,OPEN,FRESHWATER - RIVERS,2020-01-20T11:52:00,ENVIRONMENTAL MONITORING STATUTORY (EU DIRECTIVES),RIVER / RUNNING SURFACE WATER,5863,Pentachlorobenzene,<0.001,MICROGRAM PER LITRE
https://environment.data.gov.uk/water-quality/sampling-point/TH-PWER0030/sample/1321188/observation/5889,TH-PWER0030,WEY ABOVE THAMES,-0.4571,51.3786,Thames,THAMES - WEST THAMES,Multiple Values,OPEN,FRESHWATER - RIVERS,2020-01-20T11:52:00,ENVIRONMENTAL MONITORING STATUTORY (EU DIRECTIVES),RIVER / RUNNING SURFACE WATER,5889,Triclosan,<0.01,MICROGRAM PER LITRE
https://environment.data.gov.uk/water-quality/sampling-point/TH-PWER0030/sample/1321188/observation/6045,TH-PWER0030,WEY ABOVE THAMES,-0.4571,51.3786,Thames,THAMES - WEST THAMES,Multiple Values,OPEN,FRESHWATER - RIVERS,2020-01-20T11:52:00,ENVIRONMENTAL MONITORING STATUTORY (EU DIRECTIVES),RIVER / RUNNING SURFACE WATER,6045,"Arsenic, Dissolved",1.1,MICROGRAM PER LITRE
https://environment.data.gov.uk/water-quality/sampling-point/TH-PWER0030/sample/1321188/observation/6396,TH-PWER0030,WEY ABOVE THAMES,-0.4571,51.3786,Thames,THAMES - WEST THAMES,Multiple Values,OPEN,FRESHWATER - RIVERS,2020-01-20T11:52:00,ENVIRONMENTAL MONITORING STATUTORY (EU DIRECTIVES),RIVER / RUNNING SURFACE WATER,6396,Turbidity,17,NEPHELOMETRIC TURBIDITY UNITS
https://environment.data.gov.uk/water-quality/sampling-point/TH-PWER0030/sample/1321188/observation/6399,TH-PWER0030,WEY ABOVE THAMES,-0.4571,51.3786,Thames,THAMES - WEST THAMES,Multiple Values,OPEN,FRESHWATER - RIVERS,2020-01-20T11:52:00,ENVIRONMENTAL MONITORING STATUTORY (EU DIRECTIVES),RIVER / RUNNING SURFACE WATER,6399,Benzo(a)Pyrene,0.0055,MICROGRAM PER LITRE
https://environment.data.gov.uk/water-quality/sampling-point/TH-PWER0030/sample/1321188/observation/6450,TH-PWER0030,WEY ABOVE THAMES,-0.4571,51.3786,Thames,THAMES - WEST THAMES,Multiple Values,OPEN,FRESHWATER - RIVERS,2020-01-20T11:52:00,ENVIRONMENTAL MONITORING STATUTORY (EU DIRECTIVES),RIVER / RUNNING SURFACE WATER,6450,"Copper, Dissolved",3.3,MICROGRAM PER LITRE
https://environment.data.gov.uk/water-quality/sampling-point/TH-PWER0030/sample/1321188/observation/6455,TH-PWER0030,WEY ABOVE THAMES,-0.4571,51.3786,Thames,THAMES - WEST THAMES,Multiple Values,OPEN,FRESHWATER - RIVERS,2020-01-20T11:52:00,ENVIRONMENTAL MONITORING STATUTORY (EU DIRECTIVES),RIVER / RUNNING SURFACE WATER,6455,Zinc,14,MICROGRAM PER LITRE
https://environment.data.gov.uk/water-quality/sampling-point/TH-PWER0030/sample/1321188/observation/6458,TH-PWER0030,WEY ABOVE THAMES,-0.4571,51.3786,Thames,THAMES - WEST THAMES,Multiple Values,OPEN,FRESHWATER - RIVERS,2020-01-20T11:52:00,ENVIRONMENTAL MONITORING STATUTORY (EU DIRECTIVES),RIVER / RUNNING SURFACE WATER,6458,"Manganese, Dissolved",43,MICROGRAM PER LITRE
https://environment.data.gov.uk/water-quality/sampling-point/TH-PWER0030/sample/1321188/observation/6460,TH-PWER0030,WEY ABOVE THAMES,-0.4571,51.3786,Thames,THAMES - WEST THAMES,Multiple Values,OPEN,FRESHWATER - RIVERS,2020-01-20T11:52:00,ENVIRONMENTAL MONITORING STATUTORY (EU DIRECTIVES),RIVER / RUNNING SURFACE WATER,6460,"Iron, Dissolved",250,MICROGRAM PER LITRE
https://environment.data.gov.uk/water-quality/sampling-point/TH-PWER0030/sample/1321188/observation/6619,TH-PWER0030,WEY ABOVE THAMES,-0.4571,51.3786,Thames,THAMES - WEST THAMES,Multiple Values,OPEN,FRESHWATER - RIVERS,2020-01-20T11:52:00,ENVIRONMENTAL MONITORING STATUTORY (EU DIRECTIVES),RIVER / RUNNING SURFACE WATER,6619,"Chromium Hexavalent, Dissolved :- {Cr VI}",<0.05,MICROGRAM PER LITRE
https://environment.data.gov.uk/water-quality/sampling-point/TH-PWER0030/sample/1321188/observation/7859,TH-PWER0030,WEY ABOVE THAMES,-0.4571,51.3786,Thames,THAMES - WEST THAMES,Multiple Values,OPEN,FRESHWATER - RIVERS,2020-01-20T11:52:00,ENVIRONMENTAL MONITORING STATUTORY (EU DIRECTIVES),RIVER / RUNNING SURFACE WATER,7859,"Sulphate, Dissolved as SO4",33,MILLIGRAM PER LITRE
https://environment.data.gov.uk/water-quality/sampling-point/TH-PWER0030/sample/1321188/observation/7887,TH-PWER0030,WEY ABOVE THAMES,-0.4571,51.3786,Thames,THAMES - WEST THAMES,Multiple Values,OPEN,FRESHWATER - RIVERS,2020-01-20T11:52:00,ENVIRONMENTAL MONITORING STATUTORY (EU DIRECTIVES),RIVER / RUNNING SURFACE WATER,7887,Chlorophyll : Acetone Extract,2.8,MICROGRAM PER LITRE
https://environment.data.gov.uk/water-quality/sampling-point/TH-PWER0030/sample/1321188/observation/8944,TH-PWER0030,WEY ABOVE THAMES,-0.4571,51.3786,Thames,THAMES - WEST THAMES,Multiple Values,OPEN,FRESHWATER - RIVERS,2020-01-20T11:52:00,ENVIRONMENTAL MONITORING STATUTORY (EU DIRECTIVES),RIVER / RUNNING SURFACE WATER,8944,Tributyl Tin as Cation,<0.0002,MICROGRAM PER LITRE
https://environment.data.gov.uk/water-quality/sampling-point/TH-PWER0030/sample/1321188/observation/9011,TH-PWER0030,WEY ABOVE THAMES,-0.4571,51.3786,Thames,THAMES - WEST THAMES,Multiple Values,OPEN,FRESHWATER - RIVERS,2020-01-20T11:52:00,ENVIRONMENTAL MONITORING STATUTORY (EU DIRECTIVES),RIVER / RUNNING SURFACE WATER,9011,"2,2,4,4,5,5-Hexabromodiphenyl ether :- {PBDE 153}",<0.00006,MICROGRAM PER LITRE
https://environment.data.gov.uk/water-quality/sampling-point/TH-PWER0030/sample/1321188/observation/9013,TH-PWER0030,WEY ABOVE THAMES,-0.4571,51.3786,Thames,THAMES - WEST THAMES,Multiple Values,OPEN,FRESHWATER - RIVERS,2020-01-20T11:52:00,ENVIRONMENTAL MONITORING STATUTORY (EU DIRECTIVES),RIVER / RUNNING SURFACE WATER,9013,"2,2,4,4,5,6-Hexabromodiphenyl ether :- {PBDE 154}",<0.00006,MICROGRAM PER LITRE
https://environment.data.gov.uk/water-quality/sampling-point/TH-PWER0030/sample/1321188/observation/9015,TH-PWER0030,WEY ABOVE THAMES,-0.4571,51.3786,Thames,THAMES - WEST THAMES,Multiple Values,OPEN,FRESHWATER - RIVERS,2020-01-20T11:52:00,ENVIRONMENTAL MONITORING STATUTORY (EU DIRECTIVES),RIVER / RUNNING SURFACE WATER,9015,"2,2,4,4,5-Pentabromodiphenyl ether :- {PBDE 99}",<0.00006,MICROGRAM PER LITRE
https://environment.data.gov.uk/water-quality/sampling-point/TH-PWER0030/sample/1321188/observation/9017,TH-PWER0030,WEY ABOVE THAMES,-0.4571,51.3786,Thames,THAMES - WEST THAMES,Multiple Values,OPEN,FRESHWATER - RIVERS,2020-01-20T11:52:00,ENVIRONMENTAL MONITORING STATUTORY (EU DIRECTIVES),RIVER / RUNNING SURFACE WATER,9017,"2,2,4,4,6-Pentabromodiphenyl ether :- {PBDE 100}",<0.00006,MICROGRAM PER LITRE
https://environment.data.gov.uk/water-quality/sampling-point/TH-PWER0030/sample/1321188/observation/9019,TH-PWER0030,WEY ABOVE THAMES,-0.4571,51.3786,Thames,THAMES - WEST THAMES,Multiple Values,OPEN,FRESHWATER - RIVERS,2020-01-20T11:52:00,ENVIRONMENTAL MONITORING STATUTORY (EU DIRECTIVES),RIVER / RUNNING SURFACE WATER,9019,"2,2,4,4-Tetrabromodiphenyl ether :- {PBDE 47}",<0.00006,MICROGRAM PER LITRE
https://environment.data.gov.uk/water-quality/sampling-point/TH-PWER0030/sample/1321188/observation/9050,TH-PWER0030,WEY ABOVE THAMES,-0.4571,51.3786,Thames,THAMES - WEST THAMES,Multiple Values,OPEN,FRESHWATER - RIVERS,2020-01-20T11:52:00,ENVIRONMENTAL MONITORING STATUTORY (EU DIRECTIVES),RIVER / RUNNING SURFACE WATER,9050,"1,2,3-Trichlorobenzene",<0.01,MICROGRAM PER LITRE
https://environment.data.gov.uk/water-quality/sampling-point/TH-PWER0030/sample/1321188/observation/9051,TH-PWER0030,WEY ABOVE THAMES,-0.4571,51.3786,Thames,THAMES - WEST THAMES,Multiple Values,OPEN,FRESHWATER - RIVERS,2020-01-20T11:52:00,ENVIRONMENTAL MONITORING STATUTORY (EU DIRECTIVES),RIVER / RUNNING SURFACE WATER,9051,"1,2,4-Trichlorobenzene",<0.01,MICROGRAM PER LITRE
https://environment.data.gov.uk/water-quality/sampling-point/TH-PWER0030/sample/1321188/observation/9052,TH-PWER0030,WEY ABOVE THAMES,-0.4571,51.3786,Thames,THAMES - WEST THAMES,Multiple Values,OPEN,FRESHWATER - RIVERS,2020-01-20T11:52:00,ENVIRONMENTAL MONITORING STATUTORY (EU DIRECTIVES),RIVER / RUNNING SURFACE WATER,9052,"1,3,5-Trichlorobenzene",<0.01,MICROGRAM PER LITRE
https://environment.data.gov.uk/water-quality/sampling-point/TH-PWER0030/sample/1321188/observation/9190,TH-PWER0030,WEY ABOVE THAMES,-0.4571,51.3786,Thames,THAMES - WEST THAMES,Multiple Values,OPEN,FRESHWATER - RIVERS,2020-01-20T11:52:00,ENVIRONMENTAL MONITORING STATUTORY (EU DIRECTIVES),RIVER / RUNNING SURFACE WATER,9190,4-Nonylphenol Branched,<0.04,MICROGRAM PER LITRE
https://environment.data.gov.uk/water-quality/sampling-point/TH-PWER0030/sample/1321188/observation/9267,TH-PWER0030,WEY ABOVE THAMES,-0.4571,51.3786,Thames,THAMES - WEST THAMES,Multiple Values,OPEN,FRESHWATER - RIVERS,2020-01-20T11:52:00,ENVIRONMENTAL MONITORING STATUTORY (EU DIRECTIVES),RIVER / RUNNING SURFACE WATER,9267,4-tert-Octylphenol :- {p-tert-Octylphenol},<0.01,MICROGRAM PER LITRE
https://environment.data.gov.uk/water-quality/sampling-point/TH-PWER0030/sample/1321188/observation/9447,TH-PWER0030,WEY ABOVE THAMES,-0.4571,51.3786,Thames,THAMES - WEST THAMES,Multiple Values,OPEN,FRESHWATER - RIVERS,2020-01-20T11:52:00,ENVIRONMENTAL MONITORING STATUTORY (EU DIRECTIVES),RIVER / RUNNING SURFACE WATER,9447,"Boron, Dissolved",<100,MICROGRAM PER LITRE
https://environment.data.gov.uk/water-quality/sampling-point/TH-PWER0030/sample/1321188/observation/9901,TH-PWER0030,WEY ABOVE THAMES,-0.4571,51.3786,Thames,THAMES - WEST THAMES,Multiple Values,OPEN,FRESHWATER - RIVERS,2020-01-20T11:52:00,ENVIRONMENTAL MONITORING STATUTORY (EU DIRECTIVES),RIVER / RUNNING SURFACE WATER,9901,"Oxygen, Dissolved, % Saturation",94.1,PERCENTAGE
https://environment.data.gov.uk/water-quality/sampling-point/TH-PWER0030/sample/1321188/observation/9924,TH-PWER0030,WEY ABOVE THAMES,-0.4571,51.3786,Thames,THAMES - WEST THAMES,Multiple Values,OPEN,FRESHWATER - RIVERS,2020-01-20T11:52:00,ENVIRONMENTAL MONITORING STATUTORY (EU DIRECTIVES),RIVER / RUNNING SURFACE WATER,9924,"Oxygen, Dissolved as O2",11.9,MILLIGRAM PER LITRE
https://environment.data.gov.uk/water-quality/sampling-point/TH-PWER0030/sample/1321750/observation/0052,TH-PWER0030,WEY ABOVE THAMES,-0.4571,51.3786,Thames,THAMES - WEST THAMES,Multiple Values,OPEN,FRESHWATER - RIVERS,2020-02-04T13:27:00,ENVIRONMENTAL MONITORING STATUTORY (EU DIRECTIVES),RIVER / RUNNING SURFACE WATER,0052,"Lead, Dissolved",0.25,MICROGRAM PER LITRE
https://environment.data.gov.uk/water-quality/sampling-point/TH-PWER0030/sample/1321750/observation/0061,TH-PWER0030,WEY ABOVE THAMES,-0.4571,51.3786,Thames,THAMES - WEST THAMES,Multiple Values,OPEN,FRESHWATER - RIVERS,2020-02-04T13:27:00,ENVIRONMENTAL MONITORING STATUTORY (EU DIRECTIVES),RIVER / RUNNING SURFACE WATER,0061,pH,7.84,PH UNITS
https://environment.data.gov.uk/water-quality/sampling-point/TH-PWER0030/sample/1321750/observation/0073,TH-PWER0030,WEY ABOVE THAMES,-0.4571,51.3786,Thames,THAMES - WEST THAMES,Multiple Values,OPEN,FRESHWATER - RIVERS,2020-02-04T13:27:00,ENVIRONMENTAL MONITORING STATUTORY (EU DIRECTIVES),RIVER / RUNNING SURFACE WATER,0073,Cypermethrin,0.00004,MICROGRAM PER LITRE
https://environment.data.gov.uk/water-quality/sampling-point/TH-PWER0030/sample/1321750/observation/0076,TH-PWER0030,WEY ABOVE THAMES,-0.4571,51.3786,Thames,THAMES - WEST THAMES,Multiple Values,OPEN,FRESHWATER - RIVERS,2020-02-04T13:27:00,ENVIRONMENTAL MONITORING STATUTORY (EU DIRECTIVES),RIVER / RUNNING SURFACE WATER,0076,Temperature of Water,7.8,CELSIUS
https://environment.data.gov.uk/water-quality/sampling-point/TH-PWER0030/sample/1321750/observation/0077,TH-PWER0030,WEY ABOVE THAMES,-0.4571,51.3786,Thames,THAMES - WEST THAMES,Multiple Values,OPEN,FRESHWATER - RIVERS,2020-02-04T13:27:00,ENVIRONMENTAL MONITORING STATUTORY (EU DIRECTIVES),RIVER / RUNNING SURFACE WATER,0077,Conductivity at 25 C,406,MICROSIEMENS PER CENTIMETRE
https://environment.data.gov.uk/water-quality/sampling-point/TH-PWER0030/sample/1321750/observation/0103,TH-PWER0030,WEY ABOVE THAMES,-0.4571,51.3786,Thames,THAMES - WEST THAMES,Multiple Values,OPEN,FRESHWATER - RIVERS,2020-02-04T13:27:00,ENVIRONMENTAL MONITORING STATUTORY (EU DIRECTIVES),RIVER / RUNNING SURFACE WATER,0103,"Mercury, Dissolved",<0.01,MICROGRAM PER LITRE
https://environment.data.gov.uk/water-quality/sampling-point/TH-PWER0030/sample/1321750/observation/0106,TH-PWER0030,WEY ABOVE THAMES,-0.4571,51.3786,Thames,THAMES - WEST THAMES,Multiple Values,OPEN,FRESHWATER - RIVERS,2020-02-04T13:27:00,ENVIRONMENTAL MONITORING STATUTORY (EU DIRECTIVES),RIVER / RUNNING SURFACE WATER,0106,"Cadmium, Dissolved",0.012,MICROGRAM PER LITRE
https://environment.data.gov.uk/water-quality/sampling-point/TH-PWER0030/sample/1321750/observation/0111,TH-PWER0030,WEY ABOVE THAMES,-0.4571,51.3786,Thames,THAMES - WEST THAMES,Multiple Values,OPEN,FRESHWATER - RIVERS,2020-02-04T13:27:00,ENVIRONMENTAL MONITORING STATUTORY (EU DIRECTIVES),RIVER / RUNNING SURFACE WATER,0111,Ammoniacal Nitrogen as N,0.2,MILLIGRAM PER LITRE
https://environment.data.gov.uk/water-quality/sampling-point/TH-PWER0030/sample/1321750/observation/0116,TH-PWER0030,WEY ABOVE THAMES,-0.4571,51.3786,Thames,THAMES - WEST THAMES,Multiple Values,OPEN,FRESHWATER - RIVERS,2020-02-04T13:27:00,ENVIRONMENTAL MONITORING STATUTORY (EU DIRECTIVES),RIVER / RUNNING SURFACE WATER,0116,"Nitrogen, Total Oxidised as N",4.6,MILLIGRAM PER LITRE
https://environment.data.gov.uk/water-quality/sampling-point/TH-PWER0030/sample/1321750/observation/0117,TH-PWER0030,WEY ABOVE THAMES,-0.4571,51.3786,Thames,THAMES - WEST THAMES,Multiple Values,OPEN,FRESHWATER - RIVERS,2020-02-04T13:27:00,ENVIRONMENTAL MONITORING STATUTORY (EU DIRECTIVES),RIVER / RUNNING SURFACE WATER,0117,Nitrate as N,4.55,MILLIGRAM PER LITRE
https://environment.data.gov.uk/water-quality/sampling-point/TH-PWER0030/sample/1321750/observation/0118,TH-PWER0030,WEY ABOVE THAMES,-0.4571,51.3786,Thames,THAMES - WEST THAMES,Multiple Values,OPEN,FRESHWATER - RIVERS,2020-02-04T13:27:00,ENVIRONMENTAL MONITORING STATUTORY (EU DIRECTIVES),RIVER / RUNNING SURFACE WATER,0118,Nitrite as N,0.05,MILLIGRAM PER LITRE
https://environment.data.gov.uk/water-quality/sampling-point/TH-PWER0030/sample/1321750/observation/0119,TH-PWER0030,WEY ABOVE THAMES,-0.4571,51.3786,Thames,THAMES - WEST THAMES,Multiple Values,OPEN,FRESHWATER - RIVERS,2020-02-04T13:27:00,ENVIRONMENTAL MONITORING STATUTORY (EU DIRECTIVES),RIVER / RUNNING SURFACE WATER,0119,Ammonia un-ionised as N,0.00216,MILLIGRAM PER LITRE
https://environment.data.gov.uk/water-quality/sampling-point/TH-PWER0030/sample/1321750/observation/0162,TH-PWER0030,WEY ABOVE THAMES,-0.4571,51.3786,Thames,THAMES - WEST THAMES,Multiple Values,OPEN,FRESHWATER - RIVERS,2020-02-04T13:27:00,ENVIRONMENTAL MONITORING STATUTORY (EU DIRECTIVES),RIVER / RUNNING SURFACE WATER,0162,Alkalinity to pH 4.5 as CaCO3,110,MILLIGRAM PER LITRE
https://environment.data.gov.uk/water-quality/sampling-point/TH-PWER0030/sample/1321750/observation/0172,TH-PWER0030,WEY ABOVE THAMES,-0.4571,51.3786,Thames,THAMES - WEST THAMES,Multiple Values,OPEN,FRESHWATER - RIVERS,2020-02-04T13:27:00,ENVIRONMENTAL MONITORING STATUTORY (EU DIRECTIVES),RIVER / RUNNING SURFACE WATER,0172,Chloride,30,MILLIGRAM PER LITRE
https://environment.data.gov.uk/water-quality/sampling-point/TH-PWER0030/sample/1321750/observation/0180,TH-PWER0030,WEY ABOVE THAMES,-0.4571,51.3786,Thames,THAMES - WEST THAMES,Multiple Values,OPEN,FRESHWATER - RIVERS,2020-02-04T13:27:00,ENVIRONMENTAL MONITORING STATUTORY (EU DIRECTIVES),RIVER / RUNNING SURFACE WATER,0180,"Orthophosphate, reactive as P",0.099,MILLIGRAM PER LITRE
https://environment.data.gov.uk/water-quality/sampling-point/TH-PWER0030/sample/1321750/observation/0182,TH-PWER0030,WEY ABOVE THAMES,-0.4571,51.3786,Thames,THAMES - WEST THAMES,Multiple Values,OPEN,FRESHWATER - RIVERS,2020-02-04T13:27:00,ENVIRONMENTAL MONITORING STATUTORY (EU DIRECTIVES),RIVER / RUNNING SURFACE WATER,0182,"Silica, reactive as SiO2",13,MILLIGRAM PER LITRE
https://environment.data.gov.uk/water-quality/sampling-point/TH-PWER0030/sample/1321750/observation/0205,TH-PWER0030,WEY ABOVE THAMES,-0.4571,51.3786,Thames,THAMES - WEST THAMES,Multiple Values,OPEN,FRESHWATER - RIVERS,2020-02-04T13:27:00,ENVIRONMENTAL MONITORING STATUTORY (EU DIRECTIVES),RIVER / RUNNING SURFACE WATER,0205,"Sodium, Dissolved",20,MILLIGRAM PER LITRE
https://environment.data.gov.uk/water-quality/sampling-point/TH-PWER0030/sample/1321750/observation/0209,TH-PWER0030,WEY ABOVE THAMES,-0.4571,51.3786,Thames,THAMES - WEST THAMES,Multiple Values,OPEN,FRESHWATER - RIVERS,2020-02-04T13:27:00,ENVIRONMENTAL MONITORING STATUTORY (EU DIRECTIVES),RIVER / RUNNING SURFACE WATER,0209,"Potassium, Dissolved",4.7,MILLIGRAM PER LITRE
https://environment.data.gov.uk/water-quality/sampling-point/TH-PWER0030/sample/1321750/observation/0235,TH-PWER0030,WEY ABOVE THAMES,-0.4571,51.3786,Thames,THAMES - WEST THAMES,Multiple Values,OPEN,FRESHWATER - RIVERS,2020-02-04T13:27:00,ENVIRONMENTAL MONITORING STATUTORY (EU DIRECTIVES),RIVER / RUNNING SURFACE WATER,0235,"Magnesium, Dissolved",4.1,MILLIGRAM PER LITRE
https://environment.data.gov.uk/water-quality/sampling-point/TH-PWER0030/sample/1321750/observation/0239,TH-PWER0030,WEY ABOVE THAMES,-0.4571,51.3786,Thames,THAMES - WEST THAMES,Multiple Values,OPEN,FRESHWATER - RIVERS,2020-02-04T13:27:00,ENVIRONMENTAL MONITORING STATUTORY (EU DIRECTIVES),RIVER / RUNNING SURFACE WATER,0239,"Calcium, Dissolved",55,MILLIGRAM PER LITRE
https://environment.data.gov.uk/water-quality/sampling-point/TH-PWER0030/sample/1321750/observation/0301,TH-PWER0030,WEY ABOVE THAMES,-0.4571,51.3786,Thames,THAMES - WEST THAMES,Multiple Values,OPEN,FRESHWATER - RIVERS,2020-02-04T13:27:00,ENVIRONMENTAL MONITORING STATUTORY (EU DIRECTIVES),RIVER / RUNNING SURFACE WATER,0301,"Carbon, Organic, Dissolved as C :- {DOC}",7.4,MILLIGRAM PER LITRE
https://environment.data.gov.uk/water-quality/sampling-point/TH-PWER0030/sample/1321750/observation/0348,TH-PWER0030,WEY ABOVE THAMES,-0.4571,51.3786,Thames,THAMES - WEST THAMES,Multiple Values,OPEN,FRESHWATER - RIVERS,2020-02-04T13:27:00,ENVIRONMENTAL MONITORING STATUTORY (EU DIRECTIVES),RIVER / RUNNING SURFACE WATER,0348,"Phosphorus, Total as P",0.28,MILLIGRAM PER LITRE
https://environment.data.gov.uk/water-quality/sampling-point/TH-PWER0030/sample/1321750/observation/3272,TH-PWER0030,WEY ABOVE THAMES,-0.4571,51.3786,Thames,THAMES - WEST THAMES,Multiple Values,OPEN,FRESHWATER - RIVERS,2020-02-04T13:27:00,ENVIRONMENTAL MONITORING STATUTORY (EU DIRECTIVES),RIVER / RUNNING SURFACE WATER,3272,"1,2-Dichloroethane",<0.1,MICROGRAM PER LITRE
https://environment.data.gov.uk/water-quality/sampling-point/TH-PWER0030/sample/1321750/observation/3299,TH-PWER0030,WEY ABOVE THAMES,-0.4571,51.3786,Thames,THAMES - WEST THAMES,Multiple Values,OPEN,FRESHWATER - RIVERS,2020-02-04T13:27:00,ENVIRONMENTAL MONITORING STATUTORY (EU DIRECTIVES),RIVER / RUNNING SURFACE WATER,3299,Dichloromethane :- {Methylene Dichloride},<3,MICROGRAM PER LITRE
https://environment.data.gov.uk/water-quality/sampling-point/TH-PWER0030/sample/1321750/observation/3373,TH-PWER0030,WEY ABOVE THAMES,-0.4571,51.3786,Thames,THAMES - WEST THAMES,Multiple Values,OPEN,FRESHWATER - RIVERS,2020-02-04T13:27:00,ENVIRONMENTAL MONITORING STATUTORY (EU DIRECTIVES),RIVER / RUNNING SURFACE WATER,3373,Chloroform :- {Trichloromethane},<0.1,MICROGRAM PER LITRE
https://environment.data.gov.uk/water-quality/sampling-point/TH-PWER0030/sample/1321750/observation/3377,TH-PWER0030,WEY ABOVE THAMES,-0.4571,51.3786,Thames,THAMES - WEST THAMES,Multiple Values,OPEN,FRESHWATER - RIVERS,2020-02-04T13:27:00,ENVIRONMENTAL MONITORING STATUTORY (EU DIRECTIVES),RIVER / RUNNING SURFACE WATER,3377,Lead : BLM Bioavailable,0.03,MICROGRAM PER LITRE
https://environment.data.gov.uk/water-quality/sampling-point/TH-PWER0030/sample/1321750/observation/3408,TH-PWER0030,WEY ABOVE THAMES,-0.4571,51.3786,Thames,THAMES - WEST THAMES,Multiple Values,OPEN,FRESHWATER - RIVERS,2020-02-04T13:27:00,ENVIRONMENTAL MONITORING STATUTORY (EU DIRECTIVES),RIVER / RUNNING SURFACE WATER,3408,"Zinc, Dissolved",6.2,MICROGRAM PER LITRE
https://environment.data.gov.uk/water-quality/sampling-point/TH-PWER0030/sample/1321750/observation/3409,TH-PWER0030,WEY ABOVE THAMES,-0.4571,51.3786,Thames,THAMES - WEST THAMES,Multiple Values,OPEN,FRESHWATER - RIVERS,2020-02-04T13:27:00,ENVIRONMENTAL MONITORING STATUTORY (EU DIRECTIVES),RIVER / RUNNING SURFACE WATER,3409,"Chromium, Dissolved",<0.5,MICROGRAM PER LITRE
https://environment.data.gov.uk/water-quality/sampling-point/TH-PWER0030/sample/1321750/observation/3410,TH-PWER0030,WEY ABOVE THAMES,-0.4571,51.3786,Thames,THAMES - WEST THAMES,Multiple Values,OPEN,FRESHWATER - RIVERS,2020-02-04T13:27:00,ENVIRONMENTAL MONITORING STATUTORY (EU DIRECTIVES),RIVER / RUNNING SURFACE WATER,3410,"Nickel, Dissolved",4.2,MICROGRAM PER LITRE
https://environment.data.gov.uk/water-quality/sampling-point/TH-PWER0030/sample/1321750/observation/3781,TH-PWER0030,WEY ABOVE THAMES,-0.4571,51.3786,Thames,THAMES - WEST THAMES,Multiple Values,OPEN,FRESHWATER - RIVERS,2020-02-04T13:27:00,ENVIRONMENTAL MONITORING STATUTORY (EU DIRECTIVES),RIVER / RUNNING SURFACE WATER,3781,Benzene,<0.1,MICROGRAM PER LITRE
https://environment.data.gov.uk/water-quality/sampling-point/TH-PWER0030/sample/1321750/observation/3878,TH-PWER0030,WEY ABOVE THAMES,-0.4571,51.3786,Thames,THAMES - WEST THAMES,Multiple Values,OPEN,FRESHWATER - RIVERS,2020-02-04T13:27:00,ENVIRONMENTAL MONITORING STATUTORY (EU DIRECTIVES),RIVER / RUNNING SURFACE WATER,3878,Nickel : BLM Bioavailable,1.2,MICROGRAM PER LITRE
https://environment.data.gov.uk/water-quality/sampling-point/TH-PWER0030/sample/1321750/observation/4621,TH-PWER0030,WEY ABOVE THAMES,-0.4571,51.3786,Thames,THAMES - WEST THAMES,Multiple Values,OPEN,FRESHWATER - RIVERS,2020-02-04T13:27:00,ENVIRONMENTAL MONITORING STATUTORY (EU DIRECTIVES),RIVER / RUNNING SURFACE WATER,4621,"2,4,4-TriBromoDiphenylEther",<0.00006,MICROGRAM PER LITRE
https://environment.data.gov.uk/water-quality/sampling-point/TH-PWER0030/sample/1321750/observation/4994,TH-PWER0030,WEY ABOVE THAMES,-0.4571,51.3786,Thames,THAMES - WEST THAMES,Multiple Values,OPEN,FRESHWATER - RIVERS,2020-02-04T13:27:00,ENVIRONMENTAL MONITORING STATUTORY (EU DIRECTIVES),RIVER / RUNNING SURFACE WATER,4994,GCMS Screen : Target Based multi-residue screening : Semi Quantitative,1,Text Result
https://environment.data.gov.uk/water-quality/sampling-point/TH-PWER0030/sample/1321750/observation/5446,TH-PWER0030,WEY ABOVE THAMES,-0.4571,51.3786,Thames,THAMES - WEST THAMES,Multiple Values,OPEN,FRESHWATER - RIVERS,2020-02-04T13:27:00,ENVIRONMENTAL MONITORING STATUTORY (EU DIRECTIVES),RIVER / RUNNING SURFACE WATER,5446,Cypermethrin Identification,1,Text Result
https://environment.data.gov.uk/water-quality/sampling-point/TH-PWER0030/sample/1321750/observation/5863,TH-PWER0030,WEY ABOVE THAMES,-0.4571,51.3786,Thames,THAMES - WEST THAMES,Multiple Values,OPEN,FRESHWATER - RIVERS,2020-02-04T13:27:00,ENVIRONMENTAL MONITORING STATUTORY (EU DIRECTIVES),RIVER / RUNNING SURFACE WATER,5863,Pentachlorobenzene,<0.001,MICROGRAM PER LITRE
https://environment.data.gov.uk/water-quality/sampling-point/TH-PWER0030/sample/1321750/observation/5889,TH-PWER0030,WEY ABOVE THAMES,-0.4571,51.3786,Thames,THAMES - WEST THAMES,Multiple Values,OPEN,FRESHWATER - RIVERS,2020-02-04T13:27:00,ENVIRONMENTAL MONITORING STATUTORY (EU DIRECTIVES),RIVER / RUNNING SURFACE WATER,5889,Triclosan,<0.01,MICROGRAM PER LITRE
https://environment.data.gov.uk/water-quality/sampling-point/TH-PWER0030/sample/1321750/observation/6045,TH-PWER0030,WEY ABOVE THAMES,-0.4571,51.3786,Thames,THAMES - WEST THAMES,Multiple Values,OPEN,FRESHWATER - RIVERS,2020-02-04T13:27:00,ENVIRONMENTAL MONITORING STATUTORY (EU DIRECTIVES),RIVER / RUNNING SURFACE WATER,6045,"Arsenic, Dissolved",1.1,MICROGRAM PER LITRE
https://environment.data.gov.uk/water-quality/sampling-point/TH-PWER0030/sample/1321750/observation/6396,TH-PWER0030,WEY ABOVE THAMES,-0.4571,51.3786,Thames,THAMES - WEST THAMES,Multiple Values,OPEN,FRESHWATER - RIVERS,2020-02-04T13:27:00,ENVIRONMENTAL MONITORING STATUTORY (EU DIRECTIVES),RIVER / RUNNING SURFACE WATER,6396,Turbidity,30,NEPHELOMETRIC TURBIDITY UNITS
https://environment.data.gov.uk/water-quality/sampling-point/TH-PWER0030/sample/1321750/observation/6450,TH-PWER0030,WEY ABOVE THAMES,-0.4571,51.3786,Thames,THAMES - WEST THAMES,Multiple Values,OPEN,FRESHWATER - RIVERS,2020-02-04T13:27:00,ENVIRONMENTAL MONITORING STATUTORY (EU DIRECTIVES),RIVER / RUNNING SURFACE WATER,6450,"Copper, Dissolved",2.7,MICROGRAM PER LITRE
https://environment.data.gov.uk/water-quality/sampling-point/TH-PWER0030/sample/1321750/observation/6458,TH-PWER0030,WEY ABOVE THAMES,-0.4571,51.3786,Thames,THAMES - WEST THAMES,Multiple Values,OPEN,FRESHWATER - RIVERS,2020-02-04T13:27:00,ENVIRONMENTAL MONITORING STATUTORY (EU DIRECTIVES),RIVER / RUNNING SURFACE WATER,6458,"Manganese, Dissolved",39,MICROGRAM PER LITRE
https://environment.data.gov.uk/water-quality/sampling-point/TH-PWER0030/sample/1321750/observation/6460,TH-PWER0030,WEY ABOVE THAMES,-0.4571,51.3786,Thames,THAMES - WEST THAMES,Multiple Values,OPEN,FRESHWATER - RIVERS,2020-02-04T13:27:00,ENVIRONMENTAL MONITORING STATUTORY (EU DIRECTIVES),RIVER / RUNNING SURFACE WATER,6460,"Iron, Dissolved",240,MICROGRAM PER LITRE
https://environment.data.gov.uk/water-quality/sampling-point/TH-PWER0030/sample/1321750/observation/7859,TH-PWER0030,WEY ABOVE THAMES,-0.4571,51.3786,Thames,THAMES - WEST THAMES,Multiple Values,OPEN,FRESHWATER - RIVERS,2020-02-04T13:27:00,ENVIRONMENTAL MONITORING STATUTORY (EU DIRECTIVES),RIVER / RUNNING SURFACE WATER,7859,"Sulphate, Dissolved as SO4",33,MILLIGRAM PER LITRE
https://environment.data.gov.uk/water-quality/sampling-point/TH-PWER0030/sample/1321750/observation/7887,TH-PWER0030,WEY ABOVE THAMES,-0.4571,51.3786,Thames,THAMES - WEST THAMES,Multiple Values,OPEN,FRESHWATER - RIVERS,2020-02-04T13:27:00,ENVIRONMENTAL MONITORING STATUTORY (EU DIRECTIVES),RIVER / RUNNING SURFACE WATER,7887,Chlorophyll : Acetone Extract,3.4,MICROGRAM PER LITRE
https://environment.data.gov.uk/water-quality/sampling-point/TH-PWER0030/sample/1321750/observation/8944,TH-PWER0030,WEY ABOVE THAMES,-0.4571,51.3786,Thames,THAMES - WEST THAMES,Multiple Values,OPEN,FRESHWATER - RIVERS,2020-02-04T13:27:00,ENVIRONMENTAL MONITORING STATUTORY (EU DIRECTIVES),RIVER / RUNNING SURFACE WATER,8944,Tributyl Tin as Cation,<0.0002,MICROGRAM PER LITRE
https://environment.data.gov.uk/water-quality/sampling-point/TH-PWER0030/sample/1321750/observation/9005,TH-PWER0030,WEY ABOVE THAMES,-0.4571,51.3786,Thames,THAMES - WEST THAMES,Multiple Values,OPEN,FRESHWATER - RIVERS,2020-02-04T13:27:00,ENVIRONMENTAL MONITORING STATUTORY (EU DIRECTIVES),RIVER / RUNNING SURFACE WATER,9005,"2,2,3,4,4,5,6-Heptabromodiphenyl ether :- {PBDE 183}",<0.00006,MICROGRAM PER LITRE
https://environment.data.gov.uk/water-quality/sampling-point/TH-PWER0030/sample/1321750/observation/9011,TH-PWER0030,WEY ABOVE THAMES,-0.4571,51.3786,Thames,THAMES - WEST THAMES,Multiple Values,OPEN,FRESHWATER - RIVERS,2020-02-04T13:27:00,ENVIRONMENTAL MONITORING STATUTORY (EU DIRECTIVES),RIVER / RUNNING SURFACE WATER,9011,"2,2,4,4,5,5-Hexabromodiphenyl ether :- {PBDE 153}",<0.00006,MICROGRAM PER LITRE
https://environment.data.gov.uk/water-quality/sampling-point/TH-PWER0030/sample/1321750/observation/9013,TH-PWER0030,WEY ABOVE THAMES,-0.4571,51.3786,Thames,THAMES - WEST THAMES,Multiple Values,OPEN,FRESHWATER - RIVERS,2020-02-04T13:27:00,ENVIRONMENTAL MONITORING STATUTORY (EU DIRECTIVES),RIVER / RUNNING SURFACE WATER,9013,"2,2,4,4,5,6-Hexabromodiphenyl ether :- {PBDE 154}",<0.00006,MICROGRAM PER LITRE
https://environment.data.gov.uk/water-quality/sampling-point/TH-PWER0030/sample/1321750/observation/9015,TH-PWER0030,WEY ABOVE THAMES,-0.4571,51.3786,Thames,THAMES - WEST THAMES,Multiple Values,OPEN,FRESHWATER - RIVERS,2020-02-04T13:27:00,ENVIRONMENTAL MONITORING STATUTORY (EU DIRECTIVES),RIVER / RUNNING SURFACE WATER,9015,"2,2,4,4,5-Pentabromodiphenyl ether :- {PBDE 99}",<0.00006,MICROGRAM PER LITRE
https://environment.data.gov.uk/water-quality/sampling-point/TH-PWER0030/sample/1321750/observation/9017,TH-PWER0030,WEY ABOVE THAMES,-0.4571,51.3786,Thames,THAMES - WEST THAMES,Multiple Values,OPEN,FRESHWATER - RIVERS,2020-02-04T13:27:00,ENVIRONMENTAL MONITORING STATUTORY (EU DIRECTIVES),RIVER / RUNNING SURFACE WATER,9017,"2,2,4,4,6-Pentabromodiphenyl ether :- {PBDE 100}",<0.00006,MICROGRAM PER LITRE
https://environment.data.gov.uk/water-quality/sampling-point/TH-PWER0030/sample/1321750/observation/9019,TH-PWER0030,WEY ABOVE THAMES,-0.4571,51.3786,Thames,THAMES - WEST THAMES,Multiple Values,OPEN,FRESHWATER - RIVERS,2020-02-04T13:27:00,ENVIRONMENTAL MONITORING STATUTORY (EU DIRECTIVES),RIVER / RUNNING SURFACE WATER,9019,"2,2,4,4-Tetrabromodiphenyl ether :- {PBDE 47}",<0.00006,MICROGRAM PER LITRE
https://environment.data.gov.uk/water-quality/sampling-point/TH-PWER0030/sample/1321750/observation/9050,TH-PWER0030,WEY ABOVE THAMES,-0.4571,51.3786,Thames,THAMES - WEST THAMES,Multiple Values,OPEN,FRESHWATER - RIVERS,2020-02-04T13:27:00,ENVIRONMENTAL MONITORING STATUTORY (EU DIRECTIVES),RIVER / RUNNING SURFACE WATER,9050,"1,2,3-Trichlorobenzene",<0.01,MICROGRAM PER LITRE
https://environment.data.gov.uk/water-quality/sampling-point/TH-PWER0030/sample/1321750/observation/9051,TH-PWER0030,WEY ABOVE THAMES,-0.4571,51.3786,Thames,THAMES - WEST THAMES,Multiple Values,OPEN,FRESHWATER - RIVERS,2020-02-04T13:27:00,ENVIRONMENTAL MONITORING STATUTORY (EU DIRECTIVES),RIVER / RUNNING SURFACE WATER,9051,"1,2,4-Trichlorobenzene",<0.01,MICROGRAM PER LITRE
https://environment.data.gov.uk/water-quality/sampling-point/TH-PWER0030/sample/1321750/observation/9052,TH-PWER0030,WEY ABOVE THAMES,-0.4571,51.3786,Thames,THAMES - WEST THAMES,Multiple Values,OPEN,FRESHWATER - RIVERS,2020-02-04T13:27:00,ENVIRONMENTAL MONITORING STATUTORY (EU DIRECTIVES),RIVER / RUNNING SURFACE WATER,9052,"1,3,5-Trichlorobenzene",<0.01,MICROGRAM PER LITRE
https://environment.data.gov.uk/water-quality/sampling-point/TH-PWER0030/sample/1321750/observation/9190,TH-PWER0030,WEY ABOVE THAMES,-0.4571,51.3786,Thames,THAMES - WEST THAMES,Multiple Values,OPEN,FRESHWATER - RIVERS,2020-02-04T13:27:00,ENVIRONMENTAL MONITORING STATUTORY (EU DIRECTIVES),RIVER / RUNNING SURFACE WATER,9190,4-Nonylphenol Branched,<0.04,MICROGRAM PER LITRE
https://environment.data.gov.uk/water-quality/sampling-point/TH-PWER0030/sample/1321750/observation/9267,TH-PWER0030,WEY ABOVE THAMES,-0.4571,51.3786,Thames,THAMES - WEST THAMES,Multiple Values,OPEN,FRESHWATER - RIVERS,2020-02-04T13:27:00,ENVIRONMENTAL MONITORING STATUTORY (EU DIRECTIVES),RIVER / RUNNING SURFACE WATER,9267,4-tert-Octylphenol :- {p-tert-Octylphenol},<0.01,MICROGRAM PER LITRE
https://environment.data.gov.uk/water-quality/sampling-point/TH-PWER0030/sample/1321750/observation/9447,TH-PWER0030,WEY ABOVE THAMES,-0.4571,51.3786,Thames,THAMES - WEST THAMES,Multiple Values,OPEN,FRESHWATER - RIVERS,2020-02-04T13:27:00,ENVIRONMENTAL MONITORING STATUTORY (EU DIRECTIVES),RIVER / RUNNING SURFACE WATER,9447,"Boron, Dissolved",<100,MICROGRAM PER LITRE
https://environment.data.gov.uk/water-quality/sampling-point/TH-PWER0030/sample/1321750/observation/9901,TH-PWER0030,WEY ABOVE THAMES,-0.4571,51.3786,Thames,THAMES - WEST THAMES,Multiple Values,OPEN,FRESHWATER - RIVERS,2020-02-04T13:27:00,ENVIRONMENTAL MONITORING STATUTORY (EU DIRECTIVES),RIVER / RUNNING SURFACE WATER,9901,"Oxygen, Dissolved, % Saturation",87.3,PERCENTAGE
https://environment.data.gov.uk/water-quality/sampling-point/TH-PWER0030/sample/1321750/observation/9924,TH-PWER0030,WEY ABOVE THAMES,-0.4571,51.3786,Thames,THAMES - WEST THAMES,Multiple Values,OPEN,FRESHWATER - RIVERS,2020-02-04T13:27:00,ENVIRONMENTAL MONITORING STATUTORY (EU DIRECTIVES),RIVER / RUNNING SURFACE WATER,9924,"Oxygen, Dissolved as O2",10.4,MILLIGRAM PER LITRE
https://environment.data.gov.uk/water-quality/sampling-point/TH-PWER0030/sample/1323291/observation/0061,TH-PWER0030,WEY ABOVE THAMES,-0.4571,51.3786,Thames,THAMES - WEST THAMES,Multiple Values,OPEN,FRESHWATER - RIVERS,2020-03-12T13:47:00,ENVIRONMENTAL MONITORING STATUTORY (EU DIRECTIVES),RIVER / RUNNING SURFACE WATER,0061,pH,7.72,PH UNITS
https://environment.data.gov.uk/water-quality/sampling-point/TH-PWER0030/sample/1323291/observation/0073,TH-PWER0030,WEY ABOVE THAMES,-0.4571,51.3786,Thames,THAMES - WEST THAMES,Multiple Values,OPEN,FRESHWATER - RIVERS,2020-03-12T13:47:00,ENVIRONMENTAL MONITORING STATUTORY (EU DIRECTIVES),RIVER / RUNNING SURFACE WATER,0073,Cypermethrin,<0.00001,MICROGRAM PER LITRE
https://environment.data.gov.uk/water-quality/sampling-point/TH-PWER0030/sample/1323291/observation/0076,TH-PWER0030,WEY ABOVE THAMES,-0.4571,51.3786,Thames,THAMES - WEST THAMES,Multiple Values,OPEN,FRESHWATER - RIVERS,2020-03-12T13:47:00,ENVIRONMENTAL MONITORING STATUTORY (EU DIRECTIVES),RIVER / RUNNING SURFACE WATER,0076,Temperature of Water,9.6,CELSIUS
https://environment.data.gov.uk/water-quality/sampling-point/TH-PWER0030/sample/1323291/observation/0077,TH-PWER0030,WEY ABOVE THAMES,-0.4571,51.3786,Thames,THAMES - WEST THAMES,Multiple Values,OPEN,FRESHWATER - RIVERS,2020-03-12T13:47:00,ENVIRONMENTAL MONITORING STATUTORY (EU DIRECTIVES),RIVER / RUNNING SURFACE WATER,0077,Conductivity at 25 C,410,MICROSIEMENS PER CENTIMETRE
https://environment.data.gov.uk/water-quality/sampling-point/TH-PWER0030/sample/1323291/observation/0111,TH-PWER0030,WEY ABOVE THAMES,-0.4571,51.3786,Thames,THAMES - WEST THAMES,Multiple Values,OPEN,FRESHWATER - RIVERS,2020-03-12T13:47:00,ENVIRONMENTAL MONITORING STATUTORY (EU DIRECTIVES),RIVER / RUNNING SURFACE WATER,0111,Ammoniacal Nitrogen as N,0.16,MILLIGRAM PER LITRE
https://environment.data.gov.uk/water-quality/sampling-point/TH-PWER0030/sample/1323291/observation/0116,TH-PWER0030,WEY ABOVE THAMES,-0.4571,51.3786,Thames,THAMES - WEST THAMES,Multiple Values,OPEN,FRESHWATER - RIVERS,2020-03-12T13:47:00,ENVIRONMENTAL MONITORING STATUTORY (EU DIRECTIVES),RIVER / RUNNING SURFACE WATER,0116,"Nitrogen, Total Oxidised as N",3.8,MILLIGRAM PER LITRE
https://environment.data.gov.uk/water-quality/sampling-point/TH-PWER0030/sample/1323291/observation/0117,TH-PWER0030,WEY ABOVE THAMES,-0.4571,51.3786,Thames,THAMES - WEST THAMES,Multiple Values,OPEN,FRESHWATER - RIVERS,2020-03-12T13:47:00,ENVIRONMENTAL MONITORING STATUTORY (EU DIRECTIVES),RIVER / RUNNING SURFACE WATER,0117,Nitrate as N,3.74,MILLIGRAM PER LITRE
https://environment.data.gov.uk/water-quality/sampling-point/TH-PWER0030/sample/1323291/observation/0118,TH-PWER0030,WEY ABOVE THAMES,-0.4571,51.3786,Thames,THAMES - WEST THAMES,Multiple Values,OPEN,FRESHWATER - RIVERS,2020-03-12T13:47:00,ENVIRONMENTAL MONITORING STATUTORY (EU DIRECTIVES),RIVER / RUNNING SURFACE WATER,0118,Nitrite as N,0.056,MILLIGRAM PER LITRE
https://environment.data.gov.uk/water-quality/sampling-point/TH-PWER0030/sample/1323291/observation/0119,TH-PWER0030,WEY ABOVE THAMES,-0.4571,51.3786,Thames,THAMES - WEST THAMES,Multiple Values,OPEN,FRESHWATER - RIVERS,2020-03-12T13:47:00,ENVIRONMENTAL MONITORING STATUTORY (EU DIRECTIVES),RIVER / RUNNING SURFACE WATER,0119,Ammonia un-ionised as N,0.0015,MILLIGRAM PER LITRE
https://environment.data.gov.uk/water-quality/sampling-point/TH-PWER0030/sample/1323291/observation/0162,TH-PWER0030,WEY ABOVE THAMES,-0.4571,51.3786,Thames,THAMES - WEST THAMES,Multiple Values,OPEN,FRESHWATER - RIVERS,2020-03-12T13:47:00,ENVIRONMENTAL MONITORING STATUTORY (EU DIRECTIVES),RIVER / RUNNING SURFACE WATER,0162,Alkalinity to pH 4.5 as CaCO3,120,MILLIGRAM PER LITRE
https://environment.data.gov.uk/water-quality/sampling-point/TH-PWER0030/sample/1323291/observation/0172,TH-PWER0030,WEY ABOVE THAMES,-0.4571,51.3786,Thames,THAMES - WEST THAMES,Multiple Values,OPEN,FRESHWATER - RIVERS,2020-03-12T13:47:00,ENVIRONMENTAL MONITORING STATUTORY (EU DIRECTIVES),RIVER / RUNNING SURFACE WATER,0172,Chloride,28,MILLIGRAM PER LITRE
https://environment.data.gov.uk/water-quality/sampling-point/TH-PWER0030/sample/1323291/observation/0180,TH-PWER0030,WEY ABOVE THAMES,-0.4571,51.3786,Thames,THAMES - WEST THAMES,Multiple Values,OPEN,FRESHWATER - RIVERS,2020-03-12T13:47:00,ENVIRONMENTAL MONITORING STATUTORY (EU DIRECTIVES),RIVER / RUNNING SURFACE WATER,0180,"Orthophosphate, reactive as P",0.13,MILLIGRAM PER LITRE
https://environment.data.gov.uk/water-quality/sampling-point/TH-PWER0030/sample/1323291/observation/0182,TH-PWER0030,WEY ABOVE THAMES,-0.4571,51.3786,Thames,THAMES - WEST THAMES,Multiple Values,OPEN,FRESHWATER - RIVERS,2020-03-12T13:47:00,ENVIRONMENTAL MONITORING STATUTORY (EU DIRECTIVES),RIVER / RUNNING SURFACE WATER,0182,"Silica, reactive as SiO2",11,MILLIGRAM PER LITRE
https://environment.data.gov.uk/water-quality/sampling-point/TH-PWER0030/sample/1323291/observation/0301,TH-PWER0030,WEY ABOVE THAMES,-0.4571,51.3786,Thames,THAMES - WEST THAMES,Multiple Values,OPEN,FRESHWATER - RIVERS,2020-03-12T13:47:00,ENVIRONMENTAL MONITORING STATUTORY (EU DIRECTIVES),RIVER / RUNNING SURFACE WATER,0301,"Carbon, Organic, Dissolved as C :- {DOC}",7.7,MILLIGRAM PER LITRE
https://environment.data.gov.uk/water-quality/sampling-point/TH-PWER0030/sample/1323291/observation/0348,TH-PWER0030,WEY ABOVE THAMES,-0.4571,51.3786,Thames,THAMES - WEST THAMES,Multiple Values,OPEN,FRESHWATER - RIVERS,2020-03-12T13:47:00,ENVIRONMENTAL MONITORING STATUTORY (EU DIRECTIVES),RIVER / RUNNING SURFACE WATER,0348,"Phosphorus, Total as P",0.044,MILLIGRAM PER LITRE
https://environment.data.gov.uk/water-quality/sampling-point/TH-PWER0030/sample/1323291/observation/3272,TH-PWER0030,WEY ABOVE THAMES,-0.4571,51.3786,Thames,THAMES - WEST THAMES,Multiple Values,OPEN,FRESHWATER - RIVERS,2020-03-12T13:47:00,ENVIRONMENTAL MONITORING STATUTORY (EU DIRECTIVES),RIVER / RUNNING SURFACE WATER,3272,"1,2-Dichloroethane",<0.1,MICROGRAM PER LITRE
https://environment.data.gov.uk/water-quality/sampling-point/TH-PWER0030/sample/1323291/observation/3299,TH-PWER0030,WEY ABOVE THAMES,-0.4571,51.3786,Thames,THAMES - WEST THAMES,Multiple Values,OPEN,FRESHWATER - RIVERS,2020-03-12T13:47:00,ENVIRONMENTAL MONITORING STATUTORY (EU DIRECTIVES),RIVER / RUNNING SURFACE WATER,3299,Dichloromethane :- {Methylene Dichloride},<3,MICROGRAM PER LITRE
https://environment.data.gov.uk/water-quality/sampling-point/TH-PWER0030/sample/1323291/observation/3373,TH-PWER0030,WEY ABOVE THAMES,-0.4571,51.3786,Thames,THAMES - WEST THAMES,Multiple Values,OPEN,FRESHWATER - RIVERS,2020-03-12T13:47:00,ENVIRONMENTAL MONITORING STATUTORY (EU DIRECTIVES),RIVER / RUNNING SURFACE WATER,3373,Chloroform :- {Trichloromethane},<0.1,MICROGRAM PER LITRE
https://environment.data.gov.uk/water-quality/sampling-point/TH-PWER0030/sample/1323291/observation/3781,TH-PWER0030,WEY ABOVE THAMES,-0.4571,51.3786,Thames,THAMES - WEST THAMES,Multiple Values,OPEN,FRESHWATER - RIVERS,2020-03-12T13:47:00,ENVIRONMENTAL MONITORING STATUTORY (EU DIRECTIVES),RIVER / RUNNING SURFACE WATER,3781,Benzene,<0.1,MICROGRAM PER LITRE
https://environment.data.gov.uk/water-quality/sampling-point/TH-PWER0030/sample/1323291/observation/4994,TH-PWER0030,WEY ABOVE THAMES,-0.4571,51.3786,Thames,THAMES - WEST THAMES,Multiple Values,OPEN,FRESHWATER - RIVERS,2020-03-12T13:47:00,ENVIRONMENTAL MONITORING STATUTORY (EU DIRECTIVES),RIVER / RUNNING SURFACE WATER,4994,GCMS Screen : Target Based multi-residue screening : Semi Quantitative,1,Text Result
https://environment.data.gov.uk/water-quality/sampling-point/TH-PWER0030/sample/1323291/observation/5446,TH-PWER0030,WEY ABOVE THAMES,-0.4571,51.3786,Thames,THAMES - WEST THAMES,Multiple Values,OPEN,FRESHWATER - RIVERS,2020-03-12T13:47:00,ENVIRONMENTAL MONITORING STATUTORY (EU DIRECTIVES),RIVER / RUNNING SURFACE WATER,5446,Cypermethrin Identification,1,Text Result
https://environment.data.gov.uk/water-quality/sampling-point/TH-PWER0030/sample/1323291/observation/6396,TH-PWER0030,WEY ABOVE THAMES,-0.4571,51.3786,Thames,THAMES - WEST THAMES,Multiple Values,OPEN,FRESHWATER - RIVERS,2020-03-12T13:47:00,ENVIRONMENTAL MONITORING STATUTORY (EU DIRECTIVES),RIVER / RUNNING SURFACE WATER,6396,Turbidity,21,NEPHELOMETRIC TURBIDITY UNITS
https://environment.data.gov.uk/water-quality/sampling-point/TH-PWER0030/sample/1323291/observation/7887,TH-PWER0030,WEY ABOVE THAMES,-0.4571,51.3786,Thames,THAMES - WEST THAMES,Multiple Values,OPEN,FRESHWATER - RIVERS,2020-03-12T13:47:00,ENVIRONMENTAL MONITORING STATUTORY (EU DIRECTIVES),RIVER / RUNNING SURFACE WATER,7887,Chlorophyll : Acetone Extract,5.9,MICROGRAM PER LITRE
https://environment.data.gov.uk/water-quality/sampling-point/TH-PWER0030/sample/1323291/observation/9901,TH-PWER0030,WEY ABOVE THAMES,-0.4571,51.3786,Thames,THAMES - WEST THAMES,Multiple Values,OPEN,FRESHWATER - RIVERS,2020-03-12T13:47:00,ENVIRONMENTAL MONITORING STATUTORY (EU DIRECTIVES),RIVER / RUNNING SURFACE WATER,9901,"Oxygen, Dissolved, % Saturation",92.5,PERCENTAGE
https://environment.data.gov.uk/water-quality/sampling-point/TH-PWER0030/sample/1323291/observation/9924,TH-PWER0030,WEY ABOVE THAMES,-0.4571,51.3786,Thames,THAMES - WEST THAMES,Multiple Values,OPEN,FRESHWATER - RIVERS,2020-03-12T13:47:00,ENVIRONMENTAL MONITORING STATUTORY (EU DIRECTIVES),RIVER / RUNNING SURFACE WATER,9924,"Oxygen, Dissolved as O2",10.5,MILLIGRAM PER LITRE
