id,samplingPoint.notation,samplingPoint.prefLabel,samplingPoint.longitude,samplingPoint.latitude,samplingPoint.region,samplingPoint.area,samplingPoint.subArea,samplingPoint.samplingPointStatus,samplingPoint.samplingPointType,phenomenonTime,samplingPurpose,sampleMaterialType,determinand.notation,determinand.prefLabel,result,unit
https://environment.data.gov.uk/water-quality/sampling-point/TH-PRTS0045/sample/1341865/observation/0061,TH-PRTS0045,R. THAMES D/S OF RUNNYMEDE CHANNEL INTAKE,-0.5123,51.4195,Thames,THAMES - WEST THAMES,Multiple Values,OPEN,FRESHWATER - RIVERS,2021-01-28T11:45:00,PLANNED INVESTIGATION (NATIONAL AGENCY POLICY),RIVER / RUNNING SURFACE WATER,0061,pH,8.12,PH UNITS
https://environment.data.gov.uk/water-quality/sampling-point/TH-PRTS0045/sample/1341865/observation/0076,TH-PRTS0045,R. THAMES D/S OF RUNNYMEDE CHANNEL INTAKE,-0.5123,51.4195,Thames,THAMES - WEST THAMES,Multiple Values,OPEN,FRESHWATER - RIVERS,2021-01-28T11:45:00,PLANNED INVESTIGATION (NATIONAL AGENCY POLICY),RIVER / RUNNING SURFACE WATER,0076,Temperature of Water,5.3,CELSIUS
https://environment.data.gov.uk/water-quality/sampling-point/TH-PRTS0045/sample/1341865/observation/7608,TH-PRTS0045,R. THAMES D/S OF RUNNYMEDE CHANNEL INTAKE,-0.5123,51.4195,Thames,THAMES - WEST THAMES,Multiple Values,OPEN,FRESHWATER - RIVERS,2021-01-28T11:45:00,PLANNED INVESTIGATION (NATIONAL AGENCY POLICY),RIVER / RUNNING SURFACE WATER,7608,Salinity : In Situ,0.31,Parts per thousand
https://environment.data.gov.uk/water-quality/sampling-point/TH-PRTS0045/sample/1341865/observation/9901,TH-PRTS0045,R. THAMES D/S OF RUNNYMEDE CHANNEL INTAKE,-0.5123,51.4195,Thames,THAMES - WEST THAMES,Multiple Values,OPEN,FRESHWATER - RIVERS,2021-01-28T11:45:00,PLANNED INVESTIGATION (NATIONAL AGENCY POLICY),RIVER / RUNNING SURFACE WATER,9901,"Oxygen, Dissolved, % Saturation",99.2,PERCENTAGE
https://environment.data.gov.uk/water-quality/sampling-point/TH-PRTS0045/sample/1341865/observation/9924,TH-PRTS0045,R. THAMES D/S OF RUNNYMEDE CHANNEL INTAKE,-0.5123,51.4195,Thames,THAMES - WEST THAMES,Multiple Values,OPEN,FRESHWATER - RIVERS,2021-01-28T11:45:00,PLANNED INVESTIGATION (NATIONAL AGENCY POLICY),RIVER / RUNNING SURFACE WATER,9924,"Oxygen, Dissolved as O2",12.5,MILLIGRAM PER LITRE
https://environment.data.gov.uk/water-quality/sampling-point/TH-PRTS0045/sample/1342446/observation/0061,TH-PRTS0045,R. THAMES D/S OF RUNNYMEDE CHANNEL INTAKE,-0.5123,51.4195,Thames,THAMES - WEST THAMES,Multiple Values,OPEN,FRESHWATER - RIVERS,2021-02-23T10:28:00,PLANNED INVESTIGATION (NATIONAL AGENCY POLICY),RIVER / RUNNING SURFACE WATER,0061,pH,8.07,PH UNITS
https://environment.data.gov.uk/water-quality/sampling-point/TH-PRTS0045/sample/1342446/observation/0076,TH-PRTS0045,R. THAMES D/S OF RUNNYMEDE CHANNEL INTAKE,-0.5123,51.4195,Thames,THAMES - WEST THAMES,Multiple Values,OPEN,FRESHWATER - RIVERS,2021-02-23T10:28:00,PLANNED INVESTIGATION (NATIONAL AGENCY POLICY),RIVER / RUNNING SURFACE WATER,0076,Temperature of Water,8.8,CELSIUS
https://environment.data.gov.uk/water-quality/sampling-point/TH-PRTS0045/sample/1342446/observation/7608,TH-PRTS0045,R. THAMES D/S OF RUNNYMEDE CHANNEL INTAKE,-0.5123,51.4195,Thames,THAMES - WEST THAMES,Multiple Values,OPEN,FRESHWATER - RIVERS,2021-02-23T10:28:00,PLANNED INVESTIGATION (NATIONAL AGENCY POLICY),RIVER / RUNNING SURFACE WATER,7608,Salinity : In Situ,0.31,Parts per thousand
https://environment.data.gov.uk/water-quality/sampling-point/TH-PRTS0045/sample/1342446/observation/9901,TH-PRTS0045,R. THAMES D/S OF RUNNYMEDE CHANNEL INTAKE,-0.5123,51.4195,Thames,THAMES - WEST THAMES,Multiple Values,OPEN,FRESHWATER - RIVERS,2021-02-23T10:28:00,PLANNED INVESTIGATION (NATIONAL AGENCY POLICY),RIVER / RUNNING SURFACE WATER,9901,"Oxygen, Dissolved, % Saturation",99.2,PERCENTAGE
https://environment.data.gov.uk/water-quality/sampling-point/TH-PRTS0045/sample/1342446/observation/9924,TH-PRTS0045,R. THAMES D/S OF RUNNYMEDE CHANNEL INTAKE,-0.5123,51.4195,Thames,THAMES - WEST THAMES,Multiple Values,OPEN,FRESHWATER - RIVERS,2021-02-23T10:28:00,PLANNED INVESTIGATION (NATIONAL AGENCY POLICY),RIVER / RUNNING SURFACE WATER,9924,"Oxygen, Dissolved as O2",11.5,MILLIGRAM PER LITRE
https://environment.data.gov.uk/water-quality/sampling-point/TH-PRTS0045/sample/1345434/observation/0061,TH-PRTS0045,R. THAMES D/S OF RUNNYMEDE CHANNEL INTAKE,-0.5123,51.4195,Thames,THAMES - WEST THAMES,Multiple Values,OPEN,FRESHWATER - RIVERS,2021-03-23T11:47:00,PLANNED INVESTIGATION (NATIONAL AGENCY POLICY),RIVER / RUNNING SURFACE WATER,0061,pH,8.2,PH UNITS
https://environment.data.gov.uk/water-quality/sampling-point/TH-PRTS0045/sample/1345434/observation/0076,TH-PRTS0045,R. THAMES D/S OF RUNNYMEDE CHANNEL INTAKE,-0.5123,51.4195,Thames,THAMES - WEST THAMES,Multiple Values,OPEN,FRESHWATER - RIVERS,2021-03-23T11:47:00,PLANNED INVESTIGATION (NATIONAL AGENCY POLICY),RIVER / RUNNING SURFACE WATER,0076,Temperature of Water,9.8,CELSIUS
https://environment.data.gov.uk/water-quality/sampling-point/TH-PRTS0045/sample/1345434/observation/7608,TH-PRTS0045,R. THAMES D/S OF RUNNYMEDE CHANNEL INTAKE,-0.5123,51.4195,Thames,THAMES - WEST THAMES,Multiple Values,OPEN,FRESHWATER - RIVERS,2021-03-23T11:47:00,PLANNED INVESTIGATION (NATIONAL AGENCY POLICY),RIVER / RUNNING SURFACE WATER,7608,Salinity : In Situ,0.42,Parts per thousand
https://environment.data.gov.uk/water-quality/sampling-point/TH-PRTS0045/sample/1345434/observation/9901,TH-PRTS0045,R. THAMES D/S OF RUNNYMEDE CHANNEL INTAKE,-0.5123,51.4195,Thames,THAMES - WEST THAMES,Multiple Values,OPEN,FRESHWATER - RIVERS,2021-03-23T11:47:00,PLANNED INVESTIGATION (NATIONAL AGENCY POLICY),RIVER / RUNNING SURFACE WATER,9901,"Oxygen, Dissolved, % Saturation",106.3,PERCENTAGE
https://environment.data.gov.uk/water-quality/sampling-point/TH-PRTS0045/sample/1345434/observation/9924,TH-PRTS0045,R. THAMES D/S OF RUNNYMEDE CHANNEL INTAKE,-0.5123,51.4195,Thames,THAMES - WEST THAMES,Multiple Values,OPEN,FRESHWATER - RIVERS,2021-03-23T11:47:00,PLANNED INVESTIGATION (NATIONAL AGENCY POLICY),RIVER / RUNNING SURFACE WATER,9924,"Oxygen, Dissolved as O2",12,MILLIGRAM PER LITRE
https://environment.data.gov.uk/water-quality/sampling-point/TH-PRTS0045/sample/1349192/observation/0061,TH-PRTS0045,R. THAMES D/S OF RUNNYMEDE CHANNEL INTAKE,-0.5123,51.4195,Thames,THAMES - WEST THAMES,Multiple Values,OPEN,FRESHWATER - RIVERS,2021-04-29T11:06:00,PLANNED INVESTIGATION (NATIONAL AGENCY POLICY),RIVER / RUNNING SURFACE WATER,0061,pH,8.41,PH UNITS
https://environment.data.gov.uk/water-quality/sampling-point/TH-PRTS0045/sample/1349192/observation/0076,TH-PRTS0045,R. THAMES D/S OF RUNNYMEDE CHANNEL INTAKE,-0.5123,51.4195,Thames,THAMES - WEST THAMES,Multiple Values,OPEN,FRESHWATER - RIVERS,2021-04-29T11:06:00,PLANNED INVESTIGATION (NATIONAL AGENCY POLICY),RIVER / RUNNING SURFACE WATER,0076,Temperature of Water,11.7,CELSIUS
https://environment.data.gov.uk/water-quality/sampling-point/TH-PRTS0045/sample/1349192/observation/7608,TH-PRTS0045,R. THAMES D/S OF RUNNYMEDE CHANNEL INTAKE,-0.5123,51.4195,Thames,THAMES - WEST THAMES,Multiple Values,OPEN,FRESHWATER - RIVERS,2021-04-29T11:06:00,PLANNED INVESTIGATION (NATIONAL AGENCY POLICY),RIVER / RUNNING SURFACE WATER,7608,Salinity : In Situ,0.31,Parts per thousand
https://environment.data.gov.uk/water-quality/sampling-point/TH-PRTS0045/sample/1349192/observation/9901,TH-PRTS0045,R. THAMES D/S OF RUNNYMEDE CHANNEL INTAKE,-0.5123,51.4195,Thames,THAMES - WEST THAMES,Multiple Values,OPEN,FRESHWATER - RIVERS,2021-04-29T11:06:00,PLANNED INVESTIGATION (NATIONAL AGENCY POLICY),RIVER / RUNNING SURFACE WATER,9901,"Oxygen, Dissolved, % Saturation",99.8,PERCENTAGE
https://environment.data.gov.uk/water-quality/sampling-point/TH-PRTS0045/sample/1349192/observation/9924,TH-PRTS0045,R. THAMES D/S OF RUNNYMEDE CHANNEL INTAKE,-0.5123,51.4195,Thames,THAMES - WEST THAMES,Multiple Values,OPEN,FRESHWATER - RIVERS,2021-04-29T11:06:00,PLANNED INVESTIGATION (NATIONAL AGENCY POLICY),RIVER / RUNNING SURFACE WATER,9924,"Oxygen, Dissolved as O2",10.8,MILLIGRAM PER LITRE
https://environment.data.gov.uk/water-quality/sampling-point/TH-PRTS0045/sample/1349546/observation/0061,TH-PRTS0045,R. THAMES D/S OF RUNNYMEDE CHANNEL INTAKE,-0.5123,51.4195,Thames,THAMES - WEST THAMES,Multiple Values,OPEN,FRESHWATER - RIVERS,2021-05-17T10:55:00,ENVIRONMENTAL MONITORING STATUTORY (EU DIRECTIVES),RIVER / RUNNING SURFACE WATER,0061,pH,8.07,PH UNITS
https://environment.data.gov.uk/water-quality/sampling-point/TH-PRTS0045/sample/1349546/observation/0076,TH-PRTS0045,R. THAMES D/S OF RUNNYMEDE CHANNEL INTAKE,-0.5123,51.4195,Thames,THAMES - WEST THAMES,Multiple Values,OPEN,FRESHWATER - RIVERS,2021-05-17T10:55:00,ENVIRONMENTAL MONITORING STATUTORY (EU DIRECTIVES),RIVER / RUNNING SURFACE WATER,0076,Temperature of Water,13.6,CELSIUS
https://environment.data.gov.uk/water-quality/sampling-point/TH-PRTS0045/sample/1349546/observation/0111,TH-PRTS0045,R. THAMES D/S OF RUNNYMEDE CHANNEL INTAKE,-0.5123,51.4195,Thames,THAMES - WEST THAMES,Multiple Values,OPEN,FRESHWATER - RIVERS,2021-05-17T10:55:00,ENVIRONMENTAL MONITORING STATUTORY (EU DIRECTIVES),RIVER / RUNNING SURFACE WATER,0111,Ammoniacal Nitrogen as N,<0.5,MILLIGRAM PER LITRE
https://environment.data.gov.uk/water-quality/sampling-point/TH-PRTS0045/sample/1349546/observation/0119,TH-PRTS0045,R. THAMES D/S OF RUNNYMEDE CHANNEL INTAKE,-0.5123,51.4195,Thames,THAMES - WEST THAMES,Multiple Values,OPEN,FRESHWATER - RIVERS,2021-05-17T10:55:00,ENVIRONMENTAL MONITORING STATUTORY (EU DIRECTIVES),RIVER / RUNNING SURFACE WATER,0119,Ammonia un-ionised as N,<0.0119,MILLIGRAM PER LITRE
https://environment.data.gov.uk/water-quality/sampling-point/TH-PRTS0045/sample/1349546/observation/0135,TH-PRTS0045,R. THAMES D/S OF RUNNYMEDE CHANNEL INTAKE,-0.5123,51.4195,Thames,THAMES - WEST THAMES,Multiple Values,OPEN,FRESHWATER - RIVERS,2021-05-17T10:55:00,ENVIRONMENTAL MONITORING STATUTORY (EU DIRECTIVES),RIVER / RUNNING SURFACE WATER,0135,"Solids, Suspended at 105 C",17,MILLIGRAM PER LITRE
https://environment.data.gov.uk/water-quality/sampling-point/TH-PRTS0045/sample/1349546/observation/0180,TH-PRTS0045,R. THAMES D/S OF RUNNYMEDE CHANNEL INTAKE,-0.5123,51.4195,Thames,THAMES - WEST THAMES,Multiple Values,OPEN,FRESHWATER - RIVERS,2021-05-17T10:55:00,ENVIRONMENTAL MONITORING STATUTORY (EU DIRECTIVES),RIVER / RUNNING SURFACE WATER,0180,"Orthophosphate, reactive as P",0.15,MILLIGRAM PER LITRE
https://environment.data.gov.uk/water-quality/sampling-point/TH-PRTS0045/sample/1349546/observation/7608,TH-PRTS0045,R. THAMES D/S OF RUNNYMEDE CHANNEL INTAKE,-0.5123,51.4195,Thames,THAMES - WEST THAMES,Multiple Values,OPEN,FRESHWATER - RIVERS,2021-05-17T10:55:00,ENVIRONMENTAL MONITORING STATUTORY (EU DIRECTIVES),RIVER / RUNNING SURFACE WATER,7608,Salinity : In Situ,0.33,Parts per thousand
https://environment.data.gov.uk/water-quality/sampling-point/TH-PRTS0045/sample/1349546/observation/9901,TH-PRTS0045,R. THAMES D/S OF RUNNYMEDE CHANNEL INTAKE,-0.5123,51.4195,Thames,THAMES - WEST THAMES,Multiple Values,OPEN,FRESHWATER - RIVERS,2021-05-17T10:55:00,ENVIRONMENTAL MONITORING STATUTORY (EU DIRECTIVES),RIVER / RUNNING SURFACE WATER,9901,"Oxygen, Dissolved, % Saturation",101.4,PERCENTAGE
https://environment.data.gov.uk/water-quality/sampling-point/TH-PRTS0045/sample/1349546/observation/9924,TH-PRTS0045,R. THAMES D/S OF RUNNYMEDE CHANNEL INTAKE,-0.5123,51.4195,Thames,THAMES - WEST THAMES,Multiple Values,OPEN,FRESHWATER - RIVERS,2021-05-17T10:55:00,ENVIRONMENTAL MONITORING STATUTORY (EU DIRECTIVES),RIVER / RUNNING SURFACE WATER,9924,"Oxygen, Dissolved as O2",10.5,MILLIGRAM PER LITRE
https://environment.data.gov.uk/water-quality/sampling-point/TH-PRTS0045/sample/1359651/observation/0061,TH-PRTS0045,R. THAMES D/S OF RUNNYMEDE CHANNEL INTAKE,-0.5123,51.4195,Thames,THAMES - WEST THAMES,Multiple Values,OPEN,FRESHWATER - RIVERS,2021-06-24T09:42:00,ENVIRONMENTAL MONITORING STATUTORY (EU DIRECTIVES),RIVER / RUNNING SURFACE WATER,0061,pH,7.98,PH UNITS
https://environment.data.gov.uk/water-quality/sampling-point/TH-PRTS0045/sample/1359651/observation/0076,TH-PRTS0045,R. THAMES D/S OF RUNNYMEDE CHANNEL INTAKE,-0.5123,51.4195,Thames,THAMES - WEST THAMES,Multiple Values,OPEN,FRESHWATER - RIVERS,2021-06-24T09:42:00,ENVIRONMENTAL MONITORING STATUTORY (EU DIRECTIVES),RIVER / RUNNING SURFACE WATER,0076,Temperature of Water,16.4,CELSIUS
https://environment.data.gov.uk/water-quality/sampling-point/TH-PRTS0045/sample/1359651/observation/0111,TH-PRTS0045,R. THAMES D/S OF RUNNYMEDE CHANNEL INTAKE,-0.5123,51.4195,Thames,THAMES - WEST THAMES,Multiple Values,OPEN,FRESHWATER - RIVERS,2021-06-24T09:42:00,ENVIRONMENTAL MONITORING STATUTORY (EU DIRECTIVES),RIVER / RUNNING SURFACE WATER,0111,Ammoniacal Nitrogen as N,<0.5,MILLIGRAM PER LITRE
https://environment.data.gov.uk/water-quality/sampling-point/TH-PRTS0045/sample/1359651/observation/0119,TH-PRTS0045,R. THAMES D/S OF RUNNYMEDE CHANNEL INTAKE,-0.5123,51.4195,Thames,THAMES - WEST THAMES,Multiple Values,OPEN,FRESHWATER - RIVERS,2021-06-24T09:42:00,ENVIRONMENTAL MONITORING STATUTORY (EU DIRECTIVES),RIVER / RUNNING SURFACE WATER,0119,Ammonia un-ionised as N,<0.0139,MILLIGRAM PER LITRE
https://environment.data.gov.uk/water-quality/sampling-point/TH-PRTS0045/sample/1359651/observation/0135,TH-PRTS0045,R. THAMES D/S OF RUNNYMEDE CHANNEL INTAKE,-0.5123,51.4195,Thames,THAMES - WEST THAMES,Multiple Values,OPEN,FRESHWATER - RIVERS,2021-06-24T09:42:00,ENVIRONMENTAL MONITORING STATUTORY (EU DIRECTIVES),RIVER / RUNNING SURFACE WATER,0135,"Solids, Suspended at 105 C",6.9,MILLIGRAM PER LITRE
https://environment.data.gov.uk/water-quality/sampling-point/TH-PRTS0045/sample/1359651/observation/0180,TH-PRTS0045,R. THAMES D/S OF RUNNYMEDE CHANNEL INTAKE,-0.5123,51.4195,Thames,THAMES - WEST THAMES,Multiple Values,OPEN,FRESHWATER - RIVERS,2021-06-24T09:42:00,ENVIRONMENTAL MONITORING STATUTORY (EU DIRECTIVES),RIVER / RUNNING SURFACE WATER,0180,"Orthophosphate, reactive as P",0.21,MILLIGRAM PER LITRE
https://environment.data.gov.uk/water-quality/sampling-point/TH-PRTS0045/sample/1359651/observation/7608,TH-PRTS0045,R. THAMES D/S OF RUNNYMEDE CHANNEL INTAKE,-0.5123,51.4195,Thames,THAMES - WEST THAMES,Multiple Values,OPEN,FRESHWATER - RIVERS,2021-06-24T09:42:00,ENVIRONMENTAL MONITORING STATUTORY (EU DIRECTIVES),RIVER / RUNNING SURFACE WATER,7608,Salinity : In Situ,0.3,Parts per thousand
https://environment.data.gov.uk/water-quality/sampling-point/TH-PRTS0045/sample/1359651/observation/9274,TH-PRTS0045,R. THAMES D/S OF RUNNYMEDE CHANNEL INTAKE,-0.5123,51.4195,Thames,THAMES - WEST THAMES,Multiple Values,OPEN,FRESHWATER - RIVERS,2021-06-24T09:42:00,ENVIRONMENTAL MONITORING STATUTORY (EU DIRECTIVES),RIVER / RUNNING SURFACE WATER,9274,Perfluorooctanoate anion,0.0044,MICROGRAM PER LITRE
https://environment.data.gov.uk/water-quality/sampling-point/TH-PRTS0045/sample/1359651/observation/9276,TH-PRTS0045,R. THAMES D/S OF RUNNYMEDE CHANNEL INTAKE,-0.5123,51.4195,Thames,THAMES - WEST THAMES,Multiple Values,OPEN,FRESHWATER - RIVERS,2021-06-24T09:42:00,ENVIRONMENTAL MONITORING STATUTORY (EU DIRECTIVES),RIVER / RUNNING SURFACE WATER,9276,Perfluorooctylsulphonate anion,0.0065,MICROGRAM PER LITRE
https://environment.data.gov.uk/water-quality/sampling-point/TH-PRTS0045/sample/1359651/observation/9901,TH-PRTS0045,R. THAMES D/S OF RUNNYMEDE CHANNEL INTAKE,-0.5123,51.4195,Thames,THAMES - WEST THAMES,Multiple Values,OPEN,FRESHWATER - RIVERS,2021-06-24T09:42:00,ENVIRONMENTAL MONITORING STATUTORY (EU DIRECTIVES),RIVER / RUNNING SURFACE WATER,9901,"Oxygen, Dissolved, % Saturation",95.4,PERCENTAGE
https://environment.data.gov.uk/water-quality/sampling-point/TH-PRTS0045/sample/1359651/observation/9924,TH-PRTS0045,R. THAMES D/S OF RUNNYMEDE CHANNEL INTAKE,-0.5123,51.4195,Thames,THAMES - WEST THAMES,Multiple Values,OPEN,FRESHWATER - RIVERS,2021-06-24T09:42:00,ENVIRONMENTAL MONITORING STATUTORY (EU DIRECTIVES),RIVER / RUNNING SURFACE WATER,9924,"Oxygen, Dissolved as O2",9.3,MILLIGRAM PER LITRE
https://environment.data.gov.uk/water-quality/sampling-point/TH-PRTS0045/sample/1360361/observation/0061,TH-PRTS0045,R. THAMES D/S OF RUNNYMEDE CHANNEL INTAKE,-0.5123,51.4195,Thames,THAMES - WEST THAMES,Multiple Values,OPEN,FRESHWATER - RIVERS,2021-07-20T09:51:00,ENVIRONMENTAL MONITORING STATUTORY (EU DIRECTIVES),RIVER / RUNNING SURFACE WATER,0061,pH,8.03,PH UNITS
https://environment.data.gov.uk/water-quality/sampling-point/TH-PRTS0045/sample/1360361/observation/0076,TH-PRTS0045,R. THAMES D/S OF RUNNYMEDE CHANNEL INTAKE,-0.5123,51.4195,Thames,THAMES - WEST THAMES,Multiple Values,OPEN,FRESHWATER - RIVERS,2021-07-20T09:51:00,ENVIRONMENTAL MONITORING STATUTORY (EU DIRECTIVES),RIVER / RUNNING SURFACE WATER,0076,Temperature of Water,22.1,CELSIUS
https://environment.data.gov.uk/water-quality/sampling-point/TH-PRTS0045/sample/1360361/observation/0111,TH-PRTS0045,R. THAMES D/S OF RUNNYMEDE CHANNEL INTAKE,-0.5123,51.4195,Thames,THAMES - WEST THAMES,Multiple Values,OPEN,FRESHWATER - RIVERS,2021-07-20T09:51:00,ENVIRONMENTAL MONITORING STATUTORY (EU DIRECTIVES),RIVER / RUNNING SURFACE WATER,0111,Ammoniacal Nitrogen as N,<0.03,MILLIGRAM PER LITRE
https://environment.data.gov.uk/water-quality/sampling-point/TH-PRTS0045/sample/1360361/observation/0119,TH-PRTS0045,R. THAMES D/S OF RUNNYMEDE CHANNEL INTAKE,-0.5123,51.4195,Thames,THAMES - WEST THAMES,Multiple Values,OPEN,FRESHWATER - RIVERS,2021-07-20T09:51:00,ENVIRONMENTAL MONITORING STATUTORY (EU DIRECTIVES),RIVER / RUNNING SURFACE WATER,0119,Ammonia un-ionised as N,<0.00131,MILLIGRAM PER LITRE
https://environment.data.gov.uk/water-quality/sampling-point/TH-PRTS0045/sample/1360361/observation/0135,TH-PRTS0045,R. THAMES D/S OF RUNNYMEDE CHANNEL INTAKE,-0.5123,51.4195,Thames,THAMES - WEST THAMES,Multiple Values,OPEN,FRESHWATER - RIVERS,2021-07-20T09:51:00,ENVIRONMENTAL MONITORING STATUTORY (EU DIRECTIVES),RIVER / RUNNING SURFACE WATER,0135,"Solids, Suspended at 105 C",4.9,MILLIGRAM PER LITRE
https://environment.data.gov.uk/water-quality/sampling-point/TH-PRTS0045/sample/1360361/observation/0180,TH-PRTS0045,R. THAMES D/S OF RUNNYMEDE CHANNEL INTAKE,-0.5123,51.4195,Thames,THAMES - WEST THAMES,Multiple Values,OPEN,FRESHWATER - RIVERS,2021-07-20T09:51:00,ENVIRONMENTAL MONITORING STATUTORY (EU DIRECTIVES),RIVER / RUNNING SURFACE WATER,0180,"Orthophosphate, reactive as P",0.2,MILLIGRAM PER LITRE
https://environment.data.gov.uk/water-quality/sampling-point/TH-PRTS0045/sample/1360361/observation/2958,TH-PRTS0045,R. THAMES D/S OF RUNNYMEDE CHANNEL INTAKE,-0.5123,51.4195,Thames,THAMES - WEST THAMES,Multiple Values,OPEN,FRESHWATER - RIVERS,2021-07-20T09:51:00,ENVIRONMENTAL MONITORING STATUTORY (EU DIRECTIVES),RIVER / RUNNING SURFACE WATER,2958,Perfluorooctanesulfonic acid (total),0.0082,MICROGRAM PER LITRE
https://environment.data.gov.uk/water-quality/sampling-point/TH-PRTS0045/sample/1360361/observation/2959,TH-PRTS0045,R. THAMES D/S OF RUNNYMEDE CHANNEL INTAKE,-0.5123,51.4195,Thames,THAMES - WEST THAMES,Multiple Values,OPEN,FRESHWATER - RIVERS,2021-07-20T09:51:00,ENVIRONMENTAL MONITORING STATUTORY (EU DIRECTIVES),RIVER / RUNNING SURFACE WATER,2959,Perfluorooctanesulfonic acid (linear),0.0046,MICROGRAM PER LITRE
https://environment.data.gov.uk/water-quality/sampling-point/TH-PRTS0045/sample/1360361/observation/2960,TH-PRTS0045,R. THAMES D/S OF RUNNYMEDE CHANNEL INTAKE,-0.5123,51.4195,Thames,THAMES - WEST THAMES,Multiple Values,OPEN,FRESHWATER - RIVERS,2021-07-20T09:51:00,ENVIRONMENTAL MONITORING STATUTORY (EU DIRECTIVES),RIVER / RUNNING SURFACE WATER,2960,Perfluorooctanesulfonic acid (branched),0.0036,MICROGRAM PER LITRE
https://environment.data.gov.uk/water-quality/sampling-point/TH-PRTS0045/sample/1360361/observation/7608,TH-PRTS0045,R. THAMES D/S OF RUNNYMEDE CHANNEL INTAKE,-0.5123,51.4195,Thames,THAMES - WEST THAMES,Multiple Values,OPEN,FRESHWATER - RIVERS,2021-07-20T09:51:00,ENVIRONMENTAL MONITORING STATUTORY (EU DIRECTIVES),RIVER / RUNNING SURFACE WATER,7608,Salinity : In Situ,0.34,Parts per thousand
https://environment.data.gov.uk/water-quality/sampling-point/TH-PRTS0045/sample/1360361/observation/9274,TH-PRTS0045,R. THAMES D/S OF RUNNYMEDE CHANNEL INTAKE,-0.5123,51.4195,Thames,THAMES - WEST THAMES,Multiple Values,OPEN,FRESHWATER - RIVERS,2021-07-20T09:51:00,ENVIRONMENTAL MONITORING STATUTORY (EU DIRECTIVES),RIVER / RUNNING SURFACE WATER,9274,Perfluorooctanoate anion,0.0046,MICROGRAM PER LITRE
https://environment.data.gov.uk/water-quality/sampling-point/TH-PRTS0045/sample/1360361/observation/9901,TH-PRTS0045,R. THAMES D/S OF RUNNYMEDE CHANNEL INTAKE,-0.5123,51.4195,Thames,THAMES - WEST THAMES,Multiple Values,OPEN,FRESHWATER - RIVERS,2021-07-20T09:51:00,ENVIRONMENTAL MONITORING STATUTORY (EU DIRECTIVES),RIVER / RUNNING SURFACE WATER,9901,"Oxygen, Dissolved, % Saturation",88.9,PERCENTAGE
https://environment.data.gov.uk/water-quality/sampling-point/TH-PRTS0045/sample/1360361/observation/9924,TH-PRTS0045,R. THAMES D/S OF RUNNYMEDE CHANNEL INTAKE,-0.5123,51.4195,Thames,THAMES - WEST THAMES,Multiple Values,OPEN,FRESHWATER - RIVERS,2021-07-20T09:51:00,ENVIRONMENTAL MONITORING STATUTORY (EU DIRECTIVES),RIVER / RUNNING SURFACE WATER,9924,"Oxygen, Dissolved as O2",7.73,MILLIGRAM PER LITRE
https://environment.data.gov.uk/water-quality/sampling-point/TH-PRTS0045/sample/1362264/observation/0061,TH-PRTS0045,R. THAMES D/S OF RUNNYMEDE CHANNEL INTAKE,-0.5123,51.4195,Thames,THAMES - WEST THAMES,Multiple Values,OPEN,FRESHWATER - RIVERS,2021-08-26T09:09:00,ENVIRONMENTAL MONITORING STATUTORY (EU DIRECTIVES),RIVER / RUNNING SURFACE WATER,0061,pH,8.24,PH UNITS
https://environment.data.gov.uk/water-quality/sampling-point/TH-PRTS0045/sample/1362264/observation/0076,TH-PRTS0045,R. THAMES D/S OF RUNNYMEDE CHANNEL INTAKE,-0.5123,51.4195,Thames,THAMES - WEST THAMES,Multiple Values,OPEN,FRESHWATER - RIVERS,2021-08-26T09:09:00,ENVIRONMENTAL MONITORING STATUTORY (EU DIRECTIVES),RIVER / RUNNING SURFACE WATER,0076,Temperature of Water,18.1,CELSIUS
https://environment.data.gov.uk/water-quality/sampling-point/TH-PRTS0045/sample/1362264/observation/0111,TH-PRTS0045,R. THAMES D/S OF RUNNYMEDE CHANNEL INTAKE,-0.5123,51.4195,Thames,THAMES - WEST THAMES,Multiple Values,OPEN,FRESHWATER - RIVERS,2021-08-26T09:09:00,ENVIRONMENTAL MONITORING STATUTORY (EU DIRECTIVES),RIVER / RUNNING SURFACE WATER,0111,Ammoniacal Nitrogen as N,<0.03,MILLIGRAM PER LITRE
https://environment.data.gov.uk/water-quality/sampling-point/TH-PRTS0045/sample/1362264/observation/0119,TH-PRTS0045,R. THAMES D/S OF RUNNYMEDE CHANNEL INTAKE,-0.5123,51.4195,Thames,THAMES - WEST THAMES,Multiple Values,OPEN,FRESHWATER - RIVERS,2021-08-26T09:09:00,ENVIRONMENTAL MONITORING STATUTORY (EU DIRECTIVES),RIVER / RUNNING SURFACE WATER,0119,Ammonia un-ionised as N,<0.00099,MILLIGRAM PER LITRE
https://environment.data.gov.uk/water-quality/sampling-point/TH-PRTS0045/sample/1362264/observation/0135,TH-PRTS0045,R. THAMES D/S OF RUNNYMEDE CHANNEL INTAKE,-0.5123,51.4195,Thames,THAMES - WEST THAMES,Multiple Values,OPEN,FRESHWATER - RIVERS,2021-08-26T09:09:00,ENVIRONMENTAL MONITORING STATUTORY (EU DIRECTIVES),RIVER / RUNNING SURFACE WATER,0135,"Solids, Suspended at 105 C",7.7,MILLIGRAM PER LITRE
https://environment.data.gov.uk/water-quality/sampling-point/TH-PRTS0045/sample/1362264/observation/0180,TH-PRTS0045,R. THAMES D/S OF RUNNYMEDE CHANNEL INTAKE,-0.5123,51.4195,Thames,THAMES - WEST THAMES,Multiple Values,OPEN,FRESHWATER - RIVERS,2021-08-26T09:09:00,ENVIRONMENTAL MONITORING STATUTORY (EU DIRECTIVES),RIVER / RUNNING SURFACE WATER,0180,"Orthophosphate, reactive as P",0.18,MILLIGRAM PER LITRE
https://environment.data.gov.uk/water-quality/sampling-point/TH-PRTS0045/sample/1362264/observation/2958,TH-PRTS0045,R. THAMES D/S OF RUNNYMEDE CHANNEL INTAKE,-0.5123,51.4195,Thames,THAMES - WEST THAMES,Multiple Values,OPEN,FRESHWATER - RIVERS,2021-08-26T09:09:00,ENVIRONMENTAL MONITORING STATUTORY (EU DIRECTIVES),RIVER / RUNNING SURFACE WATER,2958,Perfluorooctanesulfonic acid (total),0.0072,MICROGRAM PER LITRE
https://environment.data.gov.uk/water-quality/sampling-point/TH-PRTS0045/sample/1362264/observation/2959,TH-PRTS0045,R. THAMES D/S OF RUNNYMEDE CHANNEL INTAKE,-0.5123,51.4195,Thames,THAMES - WEST THAMES,Multiple Values,OPEN,FRESHWATER - RIVERS,2021-08-26T09:09:00,ENVIRONMENTAL MONITORING STATUTORY (EU DIRECTIVES),RIVER / RUNNING SURFACE WATER,2959,Perfluorooctanesulfonic acid (linear),0.0038,MICROGRAM PER LITRE
https://environment.data.gov.uk/water-quality/sampling-point/TH-PRTS0045/sample/1362264/observation/2960,TH-PRTS0045,R. THAMES D/S OF RUNNYMEDE CHANNEL INTAKE,-0.5123,51.4195,Thames,THAMES - WEST THAMES,Multiple Values,OPEN,FRESHWATER - RIVERS,2021-08-26T09:09:00,ENVIRONMENTAL MONITORING STATUTORY (EU DIRECTIVES),RIVER / RUNNING SURFACE WATER,2960,Perfluorooctanesulfonic acid (branched),0.0035,MICROGRAM PER LITRE
https://environment.data.gov.uk/water-quality/sampling-point/TH-PRTS0045/sample/1362264/observation/7608,TH-PRTS0045,R. THAMES D/S OF RUNNYMEDE CHANNEL INTAKE,-0.5123,51.4195,Thames,THAMES - WEST THAMES,Multiple Values,OPEN,FRESHWATER - RIVERS,2021-08-26T09:09:00,ENVIRONMENTAL MONITORING STATUTORY (EU DIRECTIVES),RIVER / RUNNING SURFACE WATER,7608,Salinity : In Situ,0.35,Parts per thousand
https://environment.data.gov.uk/water-quality/sampling-point/TH-PRTS0045/sample/1362264/observation/9274,TH-PRTS0045,R. THAMES D/S OF RUNNYMEDE CHANNEL INTAKE,-0.5123,51.4195,Thames,THAMES - WEST THAMES,Multiple Values,OPEN,FRESHWATER - RIVERS,2021-08-26T09:09:00,ENVIRONMENTAL MONITORING STATUTORY (EU DIRECTIVES),RIVER / RUNNING SURFACE WATER,9274,Perfluorooctanoate anion,0.0038,MICROGRAM PER LITRE
https://environment.data.gov.uk/water-quality/sampling-point/TH-PRTS0045/sample/1362264/observation/9276,TH-PRTS0045,R. THAMES D/S OF RUNNYMEDE CHANNEL INTAKE,-0.5123,51.4195,Thames,THAMES - WEST THAMES,Multiple Values,OPEN,FRESHWATER - RIVERS,2021-08-26T09:09:00,ENVIRONMENTAL MONITORING STATUTORY (EU DIRECTIVES),RIVER / RUNNING SURFACE WATER,9276,Perfluorooctylsulphonate anion,0.0056,MICROGRAM PER LITRE
https://environment.data.gov.uk/water-quality/sampling-point/TH-PRTS0045/sample/1362264/observation/9901,TH-PRTS0045,R. THAMES D/S OF RUNNYMEDE CHANNEL INTAKE,-0.5123,51.4195,Thames,THAMES - WEST THAMES,Multiple Values,OPEN,FRESHWATER - RIVERS,2021-08-26T09:09:00,ENVIRONMENTAL MONITORING STATUTORY (EU DIRECTIVES),RIVER / RUNNING SURFACE WATER,9901,"Oxygen, Dissolved, % Saturation",93.1,PERCENTAGE
https://environment.data.gov.uk/water-quality/sampling-point/TH-PRTS0045/sample/1362264/observation/9924,TH-PRTS0045,R. THAMES D/S OF RUNNYMEDE CHANNEL INTAKE,-0.5123,51.4195,Thames,THAMES - WEST THAMES,Multiple Values,OPEN,FRESHWATER - RIVERS,2021-08-26T09:09:00,ENVIRONMENTAL MONITORING STATUTORY (EU DIRECTIVES),RIVER / RUNNING SURFACE WATER,9924,"Oxygen, Dissolved as O2",8.76,MILLIGRAM PER LITRE
https://environment.data.gov.uk/water-quality/sampling-point/TH-PRTS0045/sample/1366089/observation/0061,TH-PRTS0045,R. THAMES D/S OF RUNNYMEDE CHANNEL INTAKE,-0.5123,51.4195,Thames,THAMES - WEST THAMES,Multiple Values,OPEN,FRESHWATER - RIVERS,2021-09-24T10:49:00,ENVIRONMENTAL MONITORING STATUTORY (EU DIRECTIVES),RIVER / RUNNING SURFACE WATER,0061,pH,8.16,PH UNITS
https://environment.data.gov.uk/water-quality/sampling-point/TH-PRTS0045/sample/1366089/observation/0076,TH-PRTS0045,R. THAMES D/S OF RUNNYMEDE CHANNEL INTAKE,-0.5123,51.4195,Thames,THAMES - WEST THAMES,Multiple Values,OPEN,FRESHWATER - RIVERS,2021-09-24T10:49:00,ENVIRONMENTAL MONITORING STATUTORY (EU DIRECTIVES),RIVER / RUNNING SURFACE WATER,0076,Temperature of Water,16.3,CELSIUS
https://environment.data.gov.uk/water-quality/sampling-point/TH-PRTS0045/sample/1366089/observation/0111,TH-PRTS0045,R. THAMES D/S OF RUNNYMEDE CHANNEL INTAKE,-0.5123,51.4195,Thames,THAMES - WEST THAMES,Multiple Values,OPEN,FRESHWATER - RIVERS,2021-09-24T10:49:00,ENVIRONMENTAL MONITORING STATUTORY (EU DIRECTIVES),RIVER / RUNNING SURFACE WATER,0111,Ammoniacal Nitrogen as N,<0.03,MILLIGRAM PER LITRE
https://environment.data.gov.uk/water-quality/sampling-point/TH-PRTS0045/sample/1366089/observation/0119,TH-PRTS0045,R. THAMES D/S OF RUNNYMEDE CHANNEL INTAKE,-0.5123,51.4195,Thames,THAMES - WEST THAMES,Multiple Values,OPEN,FRESHWATER - RIVERS,2021-09-24T10:49:00,ENVIRONMENTAL MONITORING STATUTORY (EU DIRECTIVES),RIVER / RUNNING SURFACE WATER,0119,Ammonia un-ionised as N,<0.00087,MILLIGRAM PER LITRE
https://environment.data.gov.uk/water-quality/sampling-point/TH-PRTS0045/sample/1366089/observation/0135,TH-PRTS0045,R. THAMES D/S OF RUNNYMEDE CHANNEL INTAKE,-0.5123,51.4195,Thames,THAMES - WEST THAMES,Multiple Values,OPEN,FRESHWATER - RIVERS,2021-09-24T10:49:00,ENVIRONMENTAL MONITORING STATUTORY (EU DIRECTIVES),RIVER / RUNNING SURFACE WATER,0135,"Solids, Suspended at 105 C",6.2,MILLIGRAM PER LITRE
https://environment.data.gov.uk/water-quality/sampling-point/TH-PRTS0045/sample/1366089/observation/0180,TH-PRTS0045,R. THAMES D/S OF RUNNYMEDE CHANNEL INTAKE,-0.5123,51.4195,Thames,THAMES - WEST THAMES,Multiple Values,OPEN,FRESHWATER - RIVERS,2021-09-24T10:49:00,ENVIRONMENTAL MONITORING STATUTORY (EU DIRECTIVES),RIVER / RUNNING SURFACE WATER,0180,"Orthophosphate, reactive as P",0.26,MILLIGRAM PER LITRE
https://environment.data.gov.uk/water-quality/sampling-point/TH-PRTS0045/sample/1366089/observation/2958,TH-PRTS0045,R. THAMES D/S OF RUNNYMEDE CHANNEL INTAKE,-0.5123,51.4195,Thames,THAMES - WEST THAMES,Multiple Values,OPEN,FRESHWATER - RIVERS,2021-09-24T10:49:00,ENVIRONMENTAL MONITORING STATUTORY (EU DIRECTIVES),RIVER / RUNNING SURFACE WATER,2958,Perfluorooctanesulfonic acid (total),0.0054,MICROGRAM PER LITRE
https://environment.data.gov.uk/water-quality/sampling-point/TH-PRTS0045/sample/1366089/observation/2959,TH-PRTS0045,R. THAMES D/S OF RUNNYMEDE CHANNEL INTAKE,-0.5123,51.4195,Thames,THAMES - WEST THAMES,Multiple Values,OPEN,FRESHWATER - RIVERS,2021-09-24T10:49:00,ENVIRONMENTAL MONITORING STATUTORY (EU DIRECTIVES),RIVER / RUNNING SURFACE WATER,2959,Perfluorooctanesulfonic acid (linear),0.0031,MICROGRAM PER LITRE
https://environment.data.gov.uk/water-quality/sampling-point/TH-PRTS0045/sample/1366089/observation/2960,TH-PRTS0045,R. THAMES D/S OF RUNNYMEDE CHANNEL INTAKE,-0.5123,51.4195,Thames,THAMES - WEST THAMES,Multiple Values,OPEN,FRESHWATER - RIVERS,2021-09-24T10:49:00,ENVIRONMENTAL MONITORING STATUTORY (EU DIRECTIVES),RIVER / RUNNING SURFACE WATER,2960,Perfluorooctanesulfonic acid (branched),0.0023,MICROGRAM PER LITRE
https://environment.data.gov.uk/water-quality/sampling-point/TH-PRTS0045/sample/1366089/observation/7608,TH-PRTS0045,R. THAMES D/S OF RUNNYMEDE CHANNEL INTAKE,-0.5123,51.4195,Thames,THAMES - WEST THAMES,Multiple Values,OPEN,FRESHWATER - RIVERS,2021-09-24T10:49:00,ENVIRONMENTAL MONITORING STATUTORY (EU DIRECTIVES),RIVER / RUNNING SURFACE WATER,7608,Salinity : In Situ,0.37,Parts per thousand
https://environment.data.gov.uk/water-quality/sampling-point/TH-PRTS0045/sample/1366089/observation/9274,TH-PRTS0045,R. THAMES D/S OF RUNNYMEDE CHANNEL INTAKE,-0.5123,51.4195,Thames,THAMES - WEST THAMES,Multiple Values,OPEN,FRESHWATER - RIVERS,2021-09-24T10:49:00,ENVIRONMENTAL MONITORING STATUTORY (EU DIRECTIVES),RIVER / RUNNING SURFACE WATER,9274,Perfluorooctanoate anion,0.0036,MICROGRAM PER LITRE
https://environment.data.gov.uk/water-quality/sampling-point/TH-PRTS0045/sample/1366089/observation/9901,TH-PRTS0045,R. THAMES D/S OF RUNNYMEDE CHANNEL INTAKE,-0.5123,51.4195,Thames,THAMES - WEST THAMES,Multiple Values,OPEN,FRESHWATER - RIVERS,2021-09-24T10:49:00,ENVIRONMENTAL MONITORING STATUTORY (EU DIRECTIVES),RIVER / RUNNING SURFACE WATER,9901,"Oxygen, Dissolved, % Saturation",94.4,PERCENTAGE
https://environment.data.gov.uk/water-quality/sampling-point/TH-PRTS0045/sample/1366089/observation/9924,TH-PRTS0045,R. THAMES D/S OF RUNNYMEDE CHANNEL INTAKE,-0.5123,51.4195,Thames,THAMES - WEST THAMES,Multiple Values,OPEN,FRESHWATER - RIVERS,2021-09-24T10:49:00,ENVIRONMENTAL MONITORING STATUTORY (EU DIRECTIVES),RIVER / RUNNING SURFACE WATER,9924,"Oxygen, Dissolved as O2",9.22,MILLIGRAM PER LITRE
https://environment.data.gov.uk/water-quality/sampling-point/TH-PRTS0045/sample/1367971/observation/0061,TH-PRTS0045,R. THAMES D/S OF RUNNYMEDE CHANNEL INTAKE,-0.5123,51.4195,Thames,THAMES - WEST THAMES,Multiple Values,OPEN,FRESHWATER - RIVERS,2021-10-26T10:25:00,ENVIRONMENTAL MONITORING STATUTORY (EU DIRECTIVES),RIVER / RUNNING SURFACE WATER,0061,pH,8.13,PH UNITS
https://environment.data.gov.uk/water-quality/sampling-point/TH-PRTS0045/sample/1367971/observation/0076,TH-PRTS0045,R. THAMES D/S OF RUNNYMEDE CHANNEL INTAKE,-0.5123,51.4195,Thames,THAMES - WEST THAMES,Multiple Values,OPEN,FRESHWATER - RIVERS,2021-10-26T10:25:00,ENVIRONMENTAL MONITORING STATUTORY (EU DIRECTIVES),RIVER / RUNNING SURFACE WATER,0076,Temperature of Water,12.2,CELSIUS
https://environment.data.gov.uk/water-quality/sampling-point/TH-PRTS0045/sample/1367971/observation/0111,TH-PRTS0045,R. THAMES D/S OF RUNNYMEDE CHANNEL INTAKE,-0.5123,51.4195,Thames,THAMES - WEST THAMES,Multiple Values,OPEN,FRESHWATER - RIVERS,2021-10-26T10:25:00,ENVIRONMENTAL MONITORING STATUTORY (EU DIRECTIVES),RIVER / RUNNING SURFACE WATER,0111,Ammoniacal Nitrogen as N,0.047,MILLIGRAM PER LITRE
https://environment.data.gov.uk/water-quality/sampling-point/TH-PRTS0045/sample/1367971/observation/0119,TH-PRTS0045,R. THAMES D/S OF RUNNYMEDE CHANNEL INTAKE,-0.5123,51.4195,Thames,THAMES - WEST THAMES,Multiple Values,OPEN,FRESHWATER - RIVERS,2021-10-26T10:25:00,ENVIRONMENTAL MONITORING STATUTORY (EU DIRECTIVES),RIVER / RUNNING SURFACE WATER,0119,Ammonia un-ionised as N,0.00101,MILLIGRAM PER LITRE
https://environment.data.gov.uk/water-quality/sampling-point/TH-PRTS0045/sample/1367971/observation/0135,TH-PRTS0045,R. THAMES D/S OF RUNNYMEDE CHANNEL INTAKE,-0.5123,51.4195,Thames,THAMES - WEST THAMES,Multiple Values,OPEN,FRESHWATER - RIVERS,2021-10-26T10:25:00,ENVIRONMENTAL MONITORING STATUTORY (EU DIRECTIVES),RIVER / RUNNING SURFACE WATER,0135,"Solids, Suspended at 105 C",9.6,MILLIGRAM PER LITRE
https://environment.data.gov.uk/water-quality/sampling-point/TH-PRTS0045/sample/1367971/observation/0180,TH-PRTS0045,R. THAMES D/S OF RUNNYMEDE CHANNEL INTAKE,-0.5123,51.4195,Thames,THAMES - WEST THAMES,Multiple Values,OPEN,FRESHWATER - RIVERS,2021-10-26T10:25:00,ENVIRONMENTAL MONITORING STATUTORY (EU DIRECTIVES),RIVER / RUNNING SURFACE WATER,0180,"Orthophosphate, reactive as P",0.23,MILLIGRAM PER LITRE
https://environment.data.gov.uk/water-quality/sampling-point/TH-PRTS0045/sample/1367971/observation/2958,TH-PRTS0045,R. THAMES D/S OF RUNNYMEDE CHANNEL INTAKE,-0.5123,51.4195,Thames,THAMES - WEST THAMES,Multiple Values,OPEN,FRESHWATER - RIVERS,2021-10-26T10:25:00,ENVIRONMENTAL MONITORING STATUTORY (EU DIRECTIVES),RIVER / RUNNING SURFACE WATER,2958,Perfluorooctanesulfonic acid (total),0.0071,MICROGRAM PER LITRE
https://environment.data.gov.uk/water-quality/sampling-point/TH-PRTS0045/sample/1367971/observation/2959,TH-PRTS0045,R. THAMES D/S OF RUNNYMEDE CHANNEL INTAKE,-0.5123,51.4195,Thames,THAMES - WEST THAMES,Multiple Values,OPEN,FRESHWATER - RIVERS,2021-10-26T10:25:00,ENVIRONMENTAL MONITORING STATUTORY (EU DIRECTIVES),RIVER / RUNNING SURFACE WATER,2959,Perfluorooctanesulfonic acid (linear),0.0038,MICROGRAM PER LITRE
https://environment.data.gov.uk/water-quality/sampling-point/TH-PRTS0045/sample/1367971/observation/2960,TH-PRTS0045,R. THAMES D/S OF RUNNYMEDE CHANNEL INTAKE,-0.5123,51.4195,Thames,THAMES - WEST THAMES,Multiple Values,OPEN,FRESHWATER - RIVERS,2021-10-26T10:25:00,ENVIRONMENTAL MONITORING STATUTORY (EU DIRECTIVES),RIVER / RUNNING SURFACE WATER,2960,Perfluorooctanesulfonic acid (branched),0.0033,MICROGRAM PER LITRE
https://environment.data.gov.uk/water-quality/sampling-point/TH-PRTS0045/sample/1367971/observation/7608,TH-PRTS0045,R. THAMES D/S OF RUNNYMEDE CHANNEL INTAKE,-0.5123,51.4195,Thames,THAMES - WEST THAMES,Multiple Values,OPEN,FRESHWATER - RIVERS,2021-10-26T10:25:00,ENVIRONMENTAL MONITORING STATUTORY (EU DIRECTIVES),RIVER / RUNNING SURFACE WATER,7608,Salinity : In Situ,0.31,Parts per thousand
https://environment.data.gov.uk/water-quality/sampling-point/TH-PRTS0045/sample/1367971/observation/9274,TH-PRTS0045,R. THAMES D/S OF RUNNYMEDE CHANNEL INTAKE,-0.5123,51.4195,Thames,THAMES - WEST THAMES,Multiple Values,OPEN,FRESHWATER - RIVERS,2021-10-26T10:25:00,ENVIRONMENTAL MONITORING STATUTORY (EU DIRECTIVES),RIVER / RUNNING SURFACE WATER,9274,Perfluorooctanoate anion,0.0035,MICROGRAM PER LITRE
https://environment.data.gov.uk/water-quality/sampling-point/TH-PRTS0045/sample/1367971/observation/9901,TH-PRTS0045,R. THAMES D/S OF RUNNYMEDE CHANNEL INTAKE,-0.5123,51.4195,Thames,THAMES - WEST THAMES,Multiple Values,OPEN,FRESHWATER - RIVERS,2021-10-26T10:25:00,ENVIRONMENTAL MONITORING STATUTORY (EU DIRECTIVES),RIVER / RUNNING SURFACE WATER,9901,"Oxygen, Dissolved, % Saturation",89.5,PERCENTAGE
https://environment.data.gov.uk/water-quality/sampling-point/TH-PRTS0045/sample/1367971/observation/9924,TH-PRTS0045,R. THAMES D/S OF RUNNYMEDE CHANNEL INTAKE,-0.5123,51.4195,Thames,THAMES - WEST THAMES,Multiple Values,OPEN,FRESHWATER - RIVERS,2021-10-26T10:25:00,ENVIRONMENTAL MONITORING STATUTORY (EU DIRECTIVES),RIVER / RUNNING SURFACE WATER,9924,"Oxygen, Dissolved as O2",9.56,MILLIGRAM PER LITRE
https://environment.data.gov.uk/water-quality/sampling-point/TH-PRTS0045/sample/1368972/observation/0061,TH-PRTS0045,R. THAMES D/S OF RUNNYMEDE CHANNEL INTAKE,-0.5123,51.4195,Thames,THAMES - WEST THAMES,Multiple Values,OPEN,FRESHWATER - RIVERS,2021-11-23T10:40:00,ENVIRONMENTAL MONITORING STATUTORY (EU DIRECTIVES),RIVER / RUNNING SURFACE WATER,0061,pH,8.15,PH UNITS
https://environment.data.gov.uk/water-quality/sampling-point/TH-PRTS0045/sample/1368972/observation/0076,TH-PRTS0045,R. THAMES D/S OF RUNNYMEDE CHANNEL INTAKE,-0.5123,51.4195,Thames,THAMES - WEST THAMES,Multiple Values,OPEN,FRESHWATER - RIVERS,2021-11-23T10:40:00,ENVIRONMENTAL MONITORING STATUTORY (EU DIRECTIVES),RIVER / RUNNING SURFACE WATER,0076,Temperature of Water,8.3,CELSIUS
https://environment.data.gov.uk/water-quality/sampling-point/TH-PRTS0045/sample/1368972/observation/0111,TH-PRTS0045,R. THAMES D/S OF RUNNYMEDE CHANNEL INTAKE,-0.5123,51.4195,Thames,THAMES - WEST THAMES,Multiple Values,OPEN,FRESHWATER - RIVERS,2021-11-23T10:40:00,ENVIRONMENTAL MONITORING STATUTORY (EU DIRECTIVES),RIVER / RUNNING SURFACE WATER,0111,Ammoniacal Nitrogen as N,0.047,MILLIGRAM PER LITRE
https://environment.data.gov.uk/water-quality/sampling-point/TH-PRTS0045/sample/1368972/observation/0119,TH-PRTS0045,R. THAMES D/S OF RUNNYMEDE CHANNEL INTAKE,-0.5123,51.4195,Thames,THAMES - WEST THAMES,Multiple Values,OPEN,FRESHWATER - RIVERS,2021-11-23T10:40:00,ENVIRONMENTAL MONITORING STATUTORY (EU DIRECTIVES),RIVER / RUNNING SURFACE WATER,0119,Ammonia un-ionised as N,0.00076,MILLIGRAM PER LITRE
https://environment.data.gov.uk/water-quality/sampling-point/TH-PRTS0045/sample/1368972/observation/0135,TH-PRTS0045,R. THAMES D/S OF RUNNYMEDE CHANNEL INTAKE,-0.5123,51.4195,Thames,THAMES - WEST THAMES,Multiple Values,OPEN,FRESHWATER - RIVERS,2021-11-23T10:40:00,ENVIRONMENTAL MONITORING STATUTORY (EU DIRECTIVES),RIVER / RUNNING SURFACE WATER,0135,"Solids, Suspended at 105 C",3.7,MILLIGRAM PER LITRE
https://environment.data.gov.uk/water-quality/sampling-point/TH-PRTS0045/sample/1368972/observation/0180,TH-PRTS0045,R. THAMES D/S OF RUNNYMEDE CHANNEL INTAKE,-0.5123,51.4195,Thames,THAMES - WEST THAMES,Multiple Values,OPEN,FRESHWATER - RIVERS,2021-11-23T10:40:00,ENVIRONMENTAL MONITORING STATUTORY (EU DIRECTIVES),RIVER / RUNNING SURFACE WATER,0180,"Orthophosphate, reactive as P",0.077,MILLIGRAM PER LITRE
https://environment.data.gov.uk/water-quality/sampling-point/TH-PRTS0045/sample/1368972/observation/2958,TH-PRTS0045,R. THAMES D/S OF RUNNYMEDE CHANNEL INTAKE,-0.5123,51.4195,Thames,THAMES - WEST THAMES,Multiple Values,OPEN,FRESHWATER - RIVERS,2021-11-23T10:40:00,ENVIRONMENTAL MONITORING STATUTORY (EU DIRECTIVES),RIVER / RUNNING SURFACE WATER,2958,Perfluorooctanesulfonic acid (total),0.0079,MICROGRAM PER LITRE
https://environment.data.gov.uk/water-quality/sampling-point/TH-PRTS0045/sample/1368972/observation/2959,TH-PRTS0045,R. THAMES D/S OF RUNNYMEDE CHANNEL INTAKE,-0.5123,51.4195,Thames,THAMES - WEST THAMES,Multiple Values,OPEN,FRESHWATER - RIVERS,2021-11-23T10:40:00,ENVIRONMENTAL MONITORING STATUTORY (EU DIRECTIVES),RIVER / RUNNING SURFACE WATER,2959,Perfluorooctanesulfonic acid (linear),0.0035,MICROGRAM PER LITRE
https://environment.data.gov.uk/water-quality/sampling-point/TH-PRTS0045/sample/1368972/observation/2960,TH-PRTS0045,R. THAMES D/S OF RUNNYMEDE CHANNEL INTAKE,-0.5123,51.4195,Thames,THAMES - WEST THAMES,Multiple Values,OPEN,FRESHWATER - RIVERS,2021-11-23T10:40:00,ENVIRONMENTAL MONITORING STATUTORY (EU DIRECTIVES),RIVER / RUNNING SURFACE WATER,2960,Perfluorooctanesulfonic acid (branched),0.0044,MICROGRAM PER LITRE
https://environment.data.gov.uk/water-quality/sampling-point/TH-PRTS0045/sample/1368972/observation/7608,TH-PRTS0045,R. THAMES D/S OF RUNNYMEDE CHANNEL INTAKE,-0.5123,51.4195,Thames,THAMES - WEST THAMES,Multiple Values,OPEN,FRESHWATER - RIVERS,2021-11-23T10:40:00,ENVIRONMENTAL MONITORING STATUTORY (EU DIRECTIVES),RIVER / RUNNING SURFACE WATER,7608,Salinity : In Situ,0.37,Parts per thousand
https://environment.data.gov.uk/water-quality/sampling-point/TH-PRTS0045/sample/1368972/observation/9274,TH-PRTS0045,R. THAMES D/S OF RUNNYMEDE CHANNEL INTAKE,-0.5123,51.4195,Thames,THAMES - WEST THAMES,Multiple Values,OPEN,FRESHWATER - RIVERS,2021-11-23T10:40:00,ENVIRONMENTAL MONITORING STATUTORY (EU DIRECTIVES),RIVER / RUNNING SURFACE WATER,9274,Perfluorooctanoate anion,<0.003,MICROGRAM PER LITRE
https://environment.data.gov.uk/water-quality/sampling-point/TH-PRTS0045/sample/1368972/observation/9901,TH-PRTS0045,R. THAMES D/S OF RUNNYMEDE CHANNEL INTAKE,-0.5123,51.4195,Thames,THAMES - WEST THAMES,Multiple Values,OPEN,FRESHWATER - RIVERS,2021-11-23T10:40:00,ENVIRONMENTAL MONITORING STATUTORY (EU DIRECTIVES),RIVER / RUNNING SURFACE WATER,9901,"Oxygen, Dissolved, % Saturation",95.1,PERCENTAGE
https://environment.data.gov.uk/water-quality/sampling-point/TH-PRTS0045/sample/1368972/observation/9924,TH-PRTS0045,R. THAMES D/S OF RUNNYMEDE CHANNEL INTAKE,-0.5123,51.4195,Thames,THAMES - WEST THAMES,Multiple Values,OPEN,FRESHWATER - RIVERS,2021-11-23T10:40:00,ENVIRONMENTAL MONITORING STATUTORY (EU DIRECTIVES),RIVER / RUNNING SURFACE WATER,9924,"Oxygen, Dissolved as O2",11.1,MILLIGRAM PER LITRE
https://environment.data.gov.uk/water-quality/sampling-point/TH-PRTS0045/sample/1369627/observation/0061,TH-PRTS0045,R. THAMES D/S OF RUNNYMEDE CHANNEL INTAKE,-0.5123,51.4195,Thames,THAMES - WEST THAMES,Multiple Values,OPEN,FRESHWATER - RIVERS,2021-12-14T11:55:00,ENVIRONMENTAL MONITORING STATUTORY (EU DIRECTIVES),RIVER / RUNNING SURFACE WATER,0061,pH,8.12,PH UNITS
https://environment.data.gov.uk/water-quality/sampling-point/TH-PRTS0045/sample/1369627/observation/0076,TH-PRTS0045,R. THAMES D/S OF RUNNYMEDE CHANNEL INTAKE,-0.5123,51.4195,Thames,THAMES - WEST THAMES,Multiple Values,OPEN,FRESHWATER - RIVERS,2021-12-14T11:55:00,ENVIRONMENTAL MONITORING STATUTORY (EU DIRECTIVES),RIVER / RUNNING SURFACE WATER,0076,Temperature of Water,7.5,CELSIUS
https://environment.data.gov.uk/water-quality/sampling-point/TH-PRTS0045/sample/1369627/observation/0111,TH-PRTS0045,R. THAMES D/S OF RUNNYMEDE CHANNEL INTAKE,-0.5123,51.4195,Thames,THAMES - WEST THAMES,Multiple Values,OPEN,FRESHWATER - RIVERS,2021-12-14T11:55:00,ENVIRONMENTAL MONITORING STATUTORY (EU DIRECTIVES),RIVER / RUNNING SURFACE WATER,0111,Ammoniacal Nitrogen as N,0.098,MILLIGRAM PER LITRE
https://environment.data.gov.uk/water-quality/sampling-point/TH-PRTS0045/sample/1369627/observation/0119,TH-PRTS0045,R. THAMES D/S OF RUNNYMEDE CHANNEL INTAKE,-0.5123,51.4195,Thames,THAMES - WEST THAMES,Multiple Values,OPEN,FRESHWATER - RIVERS,2021-12-14T11:55:00,ENVIRONMENTAL MONITORING STATUTORY (EU DIRECTIVES),RIVER / RUNNING SURFACE WATER,0119,Ammonia un-ionised as N,0.00149,MILLIGRAM PER LITRE
https://environment.data.gov.uk/water-quality/sampling-point/TH-PRTS0045/sample/1369627/observation/0135,TH-PRTS0045,R. THAMES D/S OF RUNNYMEDE CHANNEL INTAKE,-0.5123,51.4195,Thames,THAMES - WEST THAMES,Multiple Values,OPEN,FRESHWATER - RIVERS,2021-12-14T11:55:00,ENVIRONMENTAL MONITORING STATUTORY (EU DIRECTIVES),RIVER / RUNNING SURFACE WATER,0135,"Solids, Suspended at 105 C",9.1,MILLIGRAM PER LITRE
https://environment.data.gov.uk/water-quality/sampling-point/TH-PRTS0045/sample/1369627/observation/0180,TH-PRTS0045,R. THAMES D/S OF RUNNYMEDE CHANNEL INTAKE,-0.5123,51.4195,Thames,THAMES - WEST THAMES,Multiple Values,OPEN,FRESHWATER - RIVERS,2021-12-14T11:55:00,ENVIRONMENTAL MONITORING STATUTORY (EU DIRECTIVES),RIVER / RUNNING SURFACE WATER,0180,"Orthophosphate, reactive as P",1.8,MILLIGRAM PER LITRE
https://environment.data.gov.uk/water-quality/sampling-point/TH-PRTS0045/sample/1369627/observation/2958,TH-PRTS0045,R. THAMES D/S OF RUNNYMEDE CHANNEL INTAKE,-0.5123,51.4195,Thames,THAMES - WEST THAMES,Multiple Values,OPEN,FRESHWATER - RIVERS,2021-12-14T11:55:00,ENVIRONMENTAL MONITORING STATUTORY (EU DIRECTIVES),RIVER / RUNNING SURFACE WATER,2958,Perfluorooctanesulfonic acid (total),0.0066,MICROGRAM PER LITRE
https://environment.data.gov.uk/water-quality/sampling-point/TH-PRTS0045/sample/1369627/observation/2959,TH-PRTS0045,R. THAMES D/S OF RUNNYMEDE CHANNEL INTAKE,-0.5123,51.4195,Thames,THAMES - WEST THAMES,Multiple Values,OPEN,FRESHWATER - RIVERS,2021-12-14T11:55:00,ENVIRONMENTAL MONITORING STATUTORY (EU DIRECTIVES),RIVER / RUNNING SURFACE WATER,2959,Perfluorooctanesulfonic acid (linear),0.0037,MICROGRAM PER LITRE
https://environment.data.gov.uk/water-quality/sampling-point/TH-PRTS0045/sample/1369627/observation/2960,TH-PRTS0045,R. THAMES D/S OF RUNNYMEDE CHANNEL INTAKE,-0.5123,51.4195,Thames,THAMES - WEST THAMES,Multiple Values,OPEN,FRESHWATER - RIVERS,2021-12-14T11:55:00,ENVIRONMENTAL MONITORING STATUTORY (EU DIRECTIVES),RIVER / RUNNING SURFACE WATER,2960,Perfluorooctanesulfonic acid (branched),0.0028,MICROGRAM PER LITRE
https://environment.data.gov.uk/water-quality/sampling-point/TH-PRTS0045/sample/1369627/observation/7608,TH-PRTS0045,R. THAMES D/S OF RUNNYMEDE CHANNEL INTAKE,-0.5123,51.4195,Thames,THAMES - WEST THAMES,Multiple Values,OPEN,FRESHWATER - RIVERS,2021-12-14T11:55:00,ENVIRONMENTAL MONITORING STATUTORY (EU DIRECTIVES),RIVER / RUNNING SURFACE WATER,7608,Salinity : In Situ,0.36,Parts per thousand
https://environment.data.gov.uk/water-quality/sampling-point/TH-PRTS0045/sample/1369627/observation/9274,TH-PRTS0045,R. THAMES D/S OF RUNNYMEDE CHANNEL INTAKE,-0.5123,51.4195,Thames,THAMES - WEST THAMES,Multiple Values,OPEN,FRESHWATER - RIVERS,2021-12-14T11:55:00,ENVIRONMENTAL MONITORING STATUTORY (EU DIRECTIVES),RIVER / RUNNING SURFACE WATER,9274,Perfluorooctanoate anion,0.0029,MICROGRAM PER LITRE
https://environment.data.gov.uk/water-quality/sampling-point/TH-PRTS0045/sample/1369627/observation/9901,TH-PRTS0045,R. THAMES D/S OF RUNNYMEDE CHANNEL INTAKE,-0.5123,51.4195,Thames,THAMES - WEST THAMES,Multiple Values,OPEN,FRESHWATER - RIVERS,2021-12-14T11:55:00,ENVIRONMENTAL MONITORING STATUTORY (EU DIRECTIVES),RIVER / RUNNING SURFACE WATER,9901,"Oxygen, Dissolved, % Saturation",98.5,PERCENTAGE
https://environment.data.gov.uk/water-quality/sampling-point/TH-PRTS0045/sample/1369627/observation/9924,TH-PRTS0045,R. THAMES D/S OF RUNNYMEDE CHANNEL INTAKE,-0.5123,51.4195,Thames,THAMES - WEST THAMES,Multiple Values,OPEN,FRESHWATER - RIVERS,2021-12-14T11:55:00,ENVIRONMENTAL MONITORING STATUTORY (EU DIRECTIVES),RIVER / RUNNING SURFACE WATER,9924,"Oxygen, Dissolved as O2",11.8,MILLIGRAM PER LITRE
https://environment.data.gov.uk/water-quality/sampling-point/TH-PRTS0046/sample/1341866/observation/0061,TH-PRTS0046,R. THAMES U/S OF THE RUNNYMEDE CHANNEL INTAKE,-0.5101,51.4227,Thames,THAMES - WEST THAMES,Multiple Values,OPEN,FRESHWATER - RIVERS,2021-01-28T12:04:00,PLANNED INVESTIGATION (NATIONAL AGENCY POLICY),RIVER / RUNNING SURFACE WATER,0061,pH,8.12,PH UNITS
https://environment.data.gov.uk/water-quality/sampling-point/TH-PRTS0046/sample/1341866/observation/0076,TH-PRTS0046,R. THAMES U/S OF THE RUNNYMEDE CHANNEL INTAKE,-0.5101,51.4227,Thames,THAMES - WEST THAMES,Multiple Values,OPEN,FRESHWATER - RIVERS,2021-01-28T12:04:00,PLANNED INVESTIGATION (NATIONAL AGENCY POLICY),RIVER / RUNNING SURFACE WATER,0076,Temperature of Water,5.3,CELSIUS
https://environment.data.gov.uk/water-quality/sampling-point/TH-PRTS0046/sample/1341866/observation/7608,TH-PRTS0046,R. THAMES U/S OF THE RUNNYMEDE CHANNEL INTAKE,-0.5101,51.4227,Thames,THAMES - WEST THAMES,Multiple Values,OPEN,FRESHWATER - RIVERS,2021-01-28T12:04:00,PLANNED INVESTIGATION (NATIONAL AGENCY POLICY),RIVER / RUNNING SURFACE WATER,7608,Salinity : In Situ,0.31,Parts per thousand
https://environment.data.gov.uk/water-quality/sampling-point/TH-PRTS0046/sample/1341866/observation/9901,TH-PRTS0046,R. THAMES U/S OF THE RUNNYMEDE CHANNEL INTAKE,-0.5101,51.4227,Thames,THAMES - WEST THAMES,Multiple Values,OPEN,FRESHWATER - RIVERS,2021-01-28T12:04:00,PLANNED INVESTIGATION (NATIONAL AGENCY POLICY),RIVER / RUNNING SURFACE WATER,9901,"Oxygen, Dissolved, % Saturation",99.3,PERCENTAGE
https://environment.data.gov.uk/water-quality/sampling-point/TH-PRTS0046/sample/1341866/observation/9924,TH-PRTS0046,R. THAMES U/S OF THE RUNNYMEDE CHANNEL INTAKE,-0.5101,51.4227,Thames,THAMES - WEST THAMES,Multiple Values,OPEN,FRESHWATER - RIVERS,2021-01-28T12:04:00,PLANNED INVESTIGATION (NATIONAL AGENCY POLICY),RIVER / RUNNING SURFACE WATER,9924,"Oxygen, Dissolved as O2",12.5,MILLIGRAM PER LITRE
https://environment.data.gov.uk/water-quality/sampling-point/TH-PRTS0046/sample/1342447/observation/0061,TH-PRTS0046,R. THAMES U/S OF THE RUNNYMEDE CHANNEL INTAKE,-0.5101,51.4227,Thames,THAMES - WEST THAMES,Multiple Values,OPEN,FRESHWATER - RIVERS,2021-02-23T10:46:00,PLANNED INVESTIGATION (NATIONAL AGENCY POLICY),RIVER / RUNNING SURFACE WATER,0061,pH,8.1,PH UNITS
https://environment.data.gov.uk/water-quality/sampling-point/TH-PRTS0046/sample/1342447/observation/0076,TH-PRTS0046,R. THAMES U/S OF THE RUNNYMEDE CHANNEL INTAKE,-0.5101,51.4227,Thames,THAMES - WEST THAMES,Multiple Values,OPEN,FRESHWATER - RIVERS,2021-02-23T10:46:00,PLANNED INVESTIGATION (NATIONAL AGENCY POLICY),RIVER / RUNNING SURFACE WATER,0076,Temperature of Water,8.9,CELSIUS
https://environment.data.gov.uk/water-quality/sampling-point/TH-PRTS0046/sample/1342447/observation/7608,TH-PRTS0046,R. THAMES U/S OF THE RUNNYMEDE CHANNEL INTAKE,-0.5101,51.4227,Thames,THAMES - WEST THAMES,Multiple Values,OPEN,FRESHWATER - RIVERS,2021-02-23T10:46:00,PLANNED INVESTIGATION (NATIONAL AGENCY POLICY),RIVER / RUNNING SURFACE WATER,7608,Salinity : In Situ,0.31,Parts per thousand
https://environment.data.gov.uk/water-quality/sampling-point/TH-PRTS0046/sample/1342447/observation/9901,TH-PRTS0046,R. THAMES U/S OF THE RUNNYMEDE CHANNEL INTAKE,-0.5101,51.4227,Thames,THAMES - WEST THAMES,Multiple Values,OPEN,FRESHWATER - RIVERS,2021-02-23T10:46:00,PLANNED INVESTIGATION (NATIONAL AGENCY POLICY),RIVER / RUNNING SURFACE WATER,9901,"Oxygen, Dissolved, % Saturation",99.8,PERCENTAGE
https://environment.data.gov.uk/water-quality/sampling-point/TH-PRTS0046/sample/1342447/observation/9924,TH-PRTS0046,R. THAMES U/S OF THE RUNNYMEDE CHANNEL INTAKE,-0.5101,51.4227,Thames,THAMES - WEST THAMES,Multiple Values,OPEN,FRESHWATER - RIVERS,2021-02-23T10:46:00,PLANNED INVESTIGATION (NATIONAL AGENCY POLICY),RIVER / RUNNING SURFACE WATER,9924,"Oxygen, Dissolved as O2",11.5,MILLIGRAM PER LITRE
https://environment.data.gov.uk/water-quality/sampling-point/TH-PRTS0046/sample/1345435/observation/0061,TH-PRTS0046,R. THAMES U/S OF THE RUNNYMEDE CHANNEL INTAKE,-0.5101,51.4227,Thames,THAMES - WEST THAMES,Multiple Values,OPEN,FRESHWATER - RIVERS,2021-03-23T11:32:00,PLANNED INVESTIGATION (NATIONAL AGENCY POLICY),RIVER / RUNNING SURFACE WATER,0061,pH,8.19,PH UNITS
https://environment.data.gov.uk/water-quality/sampling-point/TH-PRTS0046/sample/1345435/observation/0076,TH-PRTS0046,R. THAMES U/S OF THE RUNNYMEDE CHANNEL INTAKE,-0.5101,51.4227,Thames,THAMES - WEST THAMES,Multiple Values,OPEN,FRESHWATER - RIVERS,2021-03-23T11:32:00,PLANNED INVESTIGATION (NATIONAL AGENCY POLICY),RIVER / RUNNING SURFACE WATER,0076,Temperature of Water,9.8,CELSIUS
https://environment.data.gov.uk/water-quality/sampling-point/TH-PRTS0046/sample/1345435/observation/7608,TH-PRTS0046,R. THAMES U/S OF THE RUNNYMEDE CHANNEL INTAKE,-0.5101,51.4227,Thames,THAMES - WEST THAMES,Multiple Values,OPEN,FRESHWATER - RIVERS,2021-03-23T11:32:00,PLANNED INVESTIGATION (NATIONAL AGENCY POLICY),RIVER / RUNNING SURFACE WATER,7608,Salinity : In Situ,0.41,Parts per thousand
https://environment.data.gov.uk/water-quality/sampling-point/TH-PRTS0046/sample/1345435/observation/9901,TH-PRTS0046,R. THAMES U/S OF THE RUNNYMEDE CHANNEL INTAKE,-0.5101,51.4227,Thames,THAMES - WEST THAMES,Multiple Values,OPEN,FRESHWATER - RIVERS,2021-03-23T11:32:00,PLANNED INVESTIGATION (NATIONAL AGENCY POLICY),RIVER / RUNNING SURFACE WATER,9901,"Oxygen, Dissolved, % Saturation",105.1,PERCENTAGE
https://environment.data.gov.uk/water-quality/sampling-point/TH-PRTS0046/sample/1345435/observation/9924,TH-PRTS0046,R. THAMES U/S OF THE RUNNYMEDE CHANNEL INTAKE,-0.5101,51.4227,Thames,THAMES - WEST THAMES,Multiple Values,OPEN,FRESHWATER - RIVERS,2021-03-23T11:32:00,PLANNED INVESTIGATION (NATIONAL AGENCY POLICY),RIVER / RUNNING SURFACE WATER,9924,"Oxygen, Dissolved as O2",11.9,MILLIGRAM PER LITRE
https://environment.data.gov.uk/water-quality/sampling-point/TH-PRTS0046/sample/1349193/observation/0061,TH-PRTS0046,R. THAMES U/S OF THE RUNNYMEDE CHANNEL INTAKE,-0.5101,51.4227,Thames,THAMES - WEST THAMES,Multiple Values,OPEN,FRESHWATER - RIVERS,2021-04-29T10:55:00,PLANNED INVESTIGATION (NATIONAL AGENCY POLICY),RIVER / RUNNING SURFACE WATER,0061,pH,8.37,PH UNITS
https://environment.data.gov.uk/water-quality/sampling-point/TH-PRTS0046/sample/1349193/observation/0076,TH-PRTS0046,R. THAMES U/S OF THE RUNNYMEDE CHANNEL INTAKE,-0.5101,51.4227,Thames,THAMES - WEST THAMES,Multiple Values,OPEN,FRESHWATER - RIVERS,2021-04-29T10:55:00,PLANNED INVESTIGATION (NATIONAL AGENCY POLICY),RIVER / RUNNING SURFACE WATER,0076,Temperature of Water,11.6,CELSIUS
https://environment.data.gov.uk/water-quality/sampling-point/TH-PRTS0046/sample/1349193/observation/7608,TH-PRTS0046,R. THAMES U/S OF THE RUNNYMEDE CHANNEL INTAKE,-0.5101,51.4227,Thames,THAMES - WEST THAMES,Multiple Values,OPEN,FRESHWATER - RIVERS,2021-04-29T10:55:00,PLANNED INVESTIGATION (NATIONAL AGENCY POLICY),RIVER / RUNNING SURFACE WATER,7608,Salinity : In Situ,0.32,Parts per thousand
https://environment.data.gov.uk/water-quality/sampling-point/TH-PRTS0046/sample/1349193/observation/9901,TH-PRTS0046,R. THAMES U/S OF THE RUNNYMEDE CHANNEL INTAKE,-0.5101,51.4227,Thames,THAMES - WEST THAMES,Multiple Values,OPEN,FRESHWATER - RIVERS,2021-04-29T10:55:00,PLANNED INVESTIGATION (NATIONAL AGENCY POLICY),RIVER / RUNNING SURFACE WATER,9901,"Oxygen, Dissolved, % Saturation",99.7,PERCENTAGE
https://environment.data.gov.uk/water-quality/sampling-point/TH-PRTS0046/sample/1349193/observation/9924,TH-PRTS0046,R. THAMES U/S OF THE RUNNYMEDE CHANNEL INTAKE,-0.5101,51.4227,Thames,THAMES - WEST THAMES,Multiple Values,OPEN,FRESHWATER - RIVERS,2021-04-29T10:55:00,PLANNED INVESTIGATION (NATIONAL AGENCY POLICY),RIVER / RUNNING SURFACE WATER,9924,"Oxygen, Dissolved as O2",10.8,MILLIGRAM PER LITRE
https://environment.data.gov.uk/water-quality/sampling-point/TH-PRTS0046/sample/1349569/observation/0061,TH-PRTS0046,R. THAMES U/S OF THE RUNNYMEDE CHANNEL INTAKE,-0.5101,51.4227,Thames,THAMES - WEST THAMES,Multiple Values,OPEN,FRESHWATER - RIVERS,2021-05-17T11:00:00,ENVIRONMENTAL MONITORING STATUTORY (EU DIRECTIVES),RIVER / RUNNING SURFACE WATER,0061,pH,8.2,PH UNITS
https://environment.data.gov.uk/water-quality/sampling-point/TH-PRTS0046/sample/1349569/observation/0076,TH-PRTS0046,R. THAMES U/S OF THE RUNNYMEDE CHANNEL INTAKE,-0.5101,51.4227,Thames,THAMES - WEST THAMES,Multiple Values,OPEN,FRESHWATER - RIVERS,2021-05-17T11:00:00,ENVIRONMENTAL MONITORING STATUTORY (EU DIRECTIVES),RIVER / RUNNING SURFACE WATER,0076,Temperature of Water,13.6,CELSIUS
https://environment.data.gov.uk/water-quality/sampling-point/TH-PRTS0046/sample/1349569/observation/0085,TH-PRTS0046,R. THAMES U/S OF THE RUNNYMEDE CHANNEL INTAKE,-0.5101,51.4227,Thames,THAMES - WEST THAMES,Multiple Values,OPEN,FRESHWATER - RIVERS,2021-05-17T11:00:00,ENVIRONMENTAL MONITORING STATUTORY (EU DIRECTIVES),RIVER / RUNNING SURFACE WATER,0085,BOD : 5 Day ATU,2.2,MILLIGRAM PER LITRE
https://environment.data.gov.uk/water-quality/sampling-point/TH-PRTS0046/sample/1349569/observation/0111,TH-PRTS0046,R. THAMES U/S OF THE RUNNYMEDE CHANNEL INTAKE,-0.5101,51.4227,Thames,THAMES - WEST THAMES,Multiple Values,OPEN,FRESHWATER - RIVERS,2021-05-17T11:00:00,ENVIRONMENTAL MONITORING STATUTORY (EU DIRECTIVES),RIVER / RUNNING SURFACE WATER,0111,Ammoniacal Nitrogen as N,<0.03,MILLIGRAM PER LITRE
https://environment.data.gov.uk/water-quality/sampling-point/TH-PRTS0046/sample/1349569/observation/0116,TH-PRTS0046,R. THAMES U/S OF THE RUNNYMEDE CHANNEL INTAKE,-0.5101,51.4227,Thames,THAMES - WEST THAMES,Multiple Values,OPEN,FRESHWATER - RIVERS,2021-05-17T11:00:00,ENVIRONMENTAL MONITORING STATUTORY (EU DIRECTIVES),RIVER / RUNNING SURFACE WATER,0116,"Nitrogen, Total Oxidised as N",7.5,MILLIGRAM PER LITRE
https://environment.data.gov.uk/water-quality/sampling-point/TH-PRTS0046/sample/1349569/observation/0119,TH-PRTS0046,R. THAMES U/S OF THE RUNNYMEDE CHANNEL INTAKE,-0.5101,51.4227,Thames,THAMES - WEST THAMES,Multiple Values,OPEN,FRESHWATER - RIVERS,2021-05-17T11:00:00,ENVIRONMENTAL MONITORING STATUTORY (EU DIRECTIVES),RIVER / RUNNING SURFACE WATER,0119,Ammonia un-ionised as N,<0.00071,MILLIGRAM PER LITRE
https://environment.data.gov.uk/water-quality/sampling-point/TH-PRTS0046/sample/1349569/observation/0135,TH-PRTS0046,R. THAMES U/S OF THE RUNNYMEDE CHANNEL INTAKE,-0.5101,51.4227,Thames,THAMES - WEST THAMES,Multiple Values,OPEN,FRESHWATER - RIVERS,2021-05-17T11:00:00,ENVIRONMENTAL MONITORING STATUTORY (EU DIRECTIVES),RIVER / RUNNING SURFACE WATER,0135,"Solids, Suspended at 105 C",17,MILLIGRAM PER LITRE
https://environment.data.gov.uk/water-quality/sampling-point/TH-PRTS0046/sample/1349569/observation/0172,TH-PRTS0046,R. THAMES U/S OF THE RUNNYMEDE CHANNEL INTAKE,-0.5101,51.4227,Thames,THAMES - WEST THAMES,Multiple Values,OPEN,FRESHWATER - RIVERS,2021-05-17T11:00:00,ENVIRONMENTAL MONITORING STATUTORY (EU DIRECTIVES),RIVER / RUNNING SURFACE WATER,0172,Chloride,41,MILLIGRAM PER LITRE
https://environment.data.gov.uk/water-quality/sampling-point/TH-PRTS0046/sample/1349569/observation/0180,TH-PRTS0046,R. THAMES U/S OF THE RUNNYMEDE CHANNEL INTAKE,-0.5101,51.4227,Thames,THAMES - WEST THAMES,Multiple Values,OPEN,FRESHWATER - RIVERS,2021-05-17T11:00:00,ENVIRONMENTAL MONITORING STATUTORY (EU DIRECTIVES),RIVER / RUNNING SURFACE WATER,0180,"Orthophosphate, reactive as P",0.15,MILLIGRAM PER LITRE
https://environment.data.gov.uk/water-quality/sampling-point/TH-PRTS0046/sample/1349569/observation/0664,TH-PRTS0046,R. THAMES U/S OF THE RUNNYMEDE CHANNEL INTAKE,-0.5101,51.4227,Thames,THAMES - WEST THAMES,Multiple Values,OPEN,FRESHWATER - RIVERS,2021-05-17T11:00:00,ENVIRONMENTAL MONITORING STATUTORY (EU DIRECTIVES),RIVER / RUNNING SURFACE WATER,0664,"Visible oil or grease, significant trace: Present/Not found (1/0)",Not found,PRESENT/NOT FOUND
https://environment.data.gov.uk/water-quality/sampling-point/TH-PRTS0046/sample/1349569/observation/6396,TH-PRTS0046,R. THAMES U/S OF THE RUNNYMEDE CHANNEL INTAKE,-0.5101,51.4227,Thames,THAMES - WEST THAMES,Multiple Values,OPEN,FRESHWATER - RIVERS,2021-05-17T11:00:00,ENVIRONMENTAL MONITORING STATUTORY (EU DIRECTIVES),RIVER / RUNNING SURFACE WATER,6396,Turbidity,8.1,NEPHELOMETRIC TURBIDITY UNITS
https://environment.data.gov.uk/water-quality/sampling-point/TH-PRTS0046/sample/1349569/observation/7434,TH-PRTS0046,R. THAMES U/S OF THE RUNNYMEDE CHANNEL INTAKE,-0.5101,51.4227,Thames,THAMES - WEST THAMES,Multiple Values,OPEN,FRESHWATER - RIVERS,2021-05-17T11:00:00,ENVIRONMENTAL MONITORING STATUTORY (EU DIRECTIVES),RIVER / RUNNING SURFACE WATER,7434,National Grid Reference : Whole : Field report,1,UNITLESS VALUE
https://environment.data.gov.uk/water-quality/sampling-point/TH-PRTS0046/sample/1349569/observation/7608,TH-PRTS0046,R. THAMES U/S OF THE RUNNYMEDE CHANNEL INTAKE,-0.5101,51.4227,Thames,THAMES - WEST THAMES,Multiple Values,OPEN,FRESHWATER - RIVERS,2021-05-17T11:00:00,ENVIRONMENTAL MONITORING STATUTORY (EU DIRECTIVES),RIVER / RUNNING SURFACE WATER,7608,Salinity : In Situ,0.33,Parts per thousand
https://environment.data.gov.uk/water-quality/sampling-point/TH-PRTS0046/sample/1349569/observation/9901,TH-PRTS0046,R. THAMES U/S OF THE RUNNYMEDE CHANNEL INTAKE,-0.5101,51.4227,Thames,THAMES - WEST THAMES,Multiple Values,OPEN,FRESHWATER - RIVERS,2021-05-17T11:00:00,ENVIRONMENTAL MONITORING STATUTORY (EU DIRECTIVES),RIVER / RUNNING SURFACE WATER,9901,"Oxygen, Dissolved, % Saturation",101.1,PERCENTAGE
https://environment.data.gov.uk/water-quality/sampling-point/TH-PRTS0046/sample/1351257/observation/0061,TH-PRTS0046,R. THAMES U/S OF THE RUNNYMEDE CHANNEL INTAKE,-0.5101,51.4227,Thames,THAMES - WEST THAMES,Multiple Values,OPEN,FRESHWATER - RIVERS,2021-05-17T17:18:00,PLANNED INVESTIGATION (NATIONAL AGENCY POLICY),RIVER / RUNNING SURFACE WATER,0061,pH,8.2,PH UNITS
https://environment.data.gov.uk/water-quality/sampling-point/TH-PRTS0046/sample/1351257/observation/0076,TH-PRTS0046,R. THAMES U/S OF THE RUNNYMEDE CHANNEL INTAKE,-0.5101,51.4227,Thames,THAMES - WEST THAMES,Multiple Values,OPEN,FRESHWATER - RIVERS,2021-05-17T17:18:00,PLANNED INVESTIGATION (NATIONAL AGENCY POLICY),RIVER / RUNNING SURFACE WATER,0076,Temperature of Water,13.6,CELSIUS
https://environment.data.gov.uk/water-quality/sampling-point/TH-PRTS0046/sample/1351257/observation/7608,TH-PRTS0046,R. THAMES U/S OF THE RUNNYMEDE CHANNEL INTAKE,-0.5101,51.4227,Thames,THAMES - WEST THAMES,Multiple Values,OPEN,FRESHWATER - RIVERS,2021-05-17T17:18:00,PLANNED INVESTIGATION (NATIONAL AGENCY POLICY),RIVER / RUNNING SURFACE WATER,7608,Salinity : In Situ,0.33,Parts per thousand
https://environment.data.gov.uk/water-quality/sampling-point/TH-PRTS0046/sample/1351257/observation/9901,TH-PRTS0046,R. THAMES U/S OF THE RUNNYMEDE CHANNEL INTAKE,-0.5101,51.4227,Thames,THAMES - WEST THAMES,Multiple Values,OPEN,FRESHWATER - RIVERS,2021-05-17T17:18:00,PLANNED INVESTIGATION (NATIONAL AGENCY POLICY),RIVER / RUNNING SURFACE WATER,9901,"Oxygen, Dissolved, % Saturation",101.1,PERCENTAGE
https://environment.data.gov.uk/water-quality/sampling-point/TH-PRTS0046/sample/1351257/observation/9924,TH-PRTS0046,R. THAMES U/S OF THE RUNNYMEDE CHANNEL INTAKE,-0.5101,51.4227,Thames,THAMES - WEST THAMES,Multiple Values,OPEN,FRESHWATER - RIVERS,2021-05-17T17:18:00,PLANNED INVESTIGATION (NATIONAL AGENCY POLICY),RIVER / RUNNING SURFACE WATER,9924,"Oxygen, Dissolved as O2",10.5,MILLIGRAM PER LITRE
https://environment.data.gov.uk/water-quality/sampling-point/TH-PRTS0046/sample/1355098/observation/0111,TH-PRTS0046,R. THAMES U/S OF THE RUNNYMEDE CHANNEL INTAKE,-0.5101,51.4227,Thames,THAMES - WEST THAMES,Multiple Values,OPEN,FRESHWATER - RIVERS,2021-06-08T13:05:00,ENVIRONMENTAL MONITORING STATUTORY (EU DIRECTIVES),RIVER / RUNNING SURFACE WATER,0111,Ammoniacal Nitrogen as N,<0.5,MILLIGRAM PER LITRE
https://environment.data.gov.uk/water-quality/sampling-point/TH-PRTS0046/sample/1355098/observation/0135,TH-PRTS0046,R. THAMES U/S OF THE RUNNYMEDE CHANNEL INTAKE,-0.5101,51.4227,Thames,THAMES - WEST THAMES,Multiple Values,OPEN,FRESHWATER - RIVERS,2021-06-08T13:05:00,ENVIRONMENTAL MONITORING STATUTORY (EU DIRECTIVES),RIVER / RUNNING SURFACE WATER,0135,"Solids, Suspended at 105 C",10,MILLIGRAM PER LITRE
https://environment.data.gov.uk/water-quality/sampling-point/TH-PRTS0046/sample/1355098/observation/0180,TH-PRTS0046,R. THAMES U/S OF THE RUNNYMEDE CHANNEL INTAKE,-0.5101,51.4227,Thames,THAMES - WEST THAMES,Multiple Values,OPEN,FRESHWATER - RIVERS,2021-06-08T13:05:00,ENVIRONMENTAL MONITORING STATUTORY (EU DIRECTIVES),RIVER / RUNNING SURFACE WATER,0180,"Orthophosphate, reactive as P",0.15,MILLIGRAM PER LITRE
https://environment.data.gov.uk/water-quality/sampling-point/TH-PRTS0046/sample/1355098/observation/2348,TH-PRTS0046,R. THAMES U/S OF THE RUNNYMEDE CHANNEL INTAKE,-0.5101,51.4227,Thames,THAMES - WEST THAMES,Multiple Values,OPEN,FRESHWATER - RIVERS,2021-06-08T13:05:00,ENVIRONMENTAL MONITORING STATUTORY (EU DIRECTIVES),RIVER / RUNNING SURFACE WATER,2348,Escherichia coli : Confirmed : MF,290,NUMBER PER HUNDRED MILLILITRES
https://environment.data.gov.uk/water-quality/sampling-point/TH-PRTS0046/sample/1355098/observation/3722,TH-PRTS0046,R. THAMES U/S OF THE RUNNYMEDE CHANNEL INTAKE,-0.5101,51.4227,Thames,THAMES - WEST THAMES,Multiple Values,OPEN,FRESHWATER - RIVERS,2021-06-08T13:05:00,ENVIRONMENTAL MONITORING STATUTORY (EU DIRECTIVES),RIVER / RUNNING SURFACE WATER,3722,Enterococci: Intestinal: Presumptive: MF,36,Colony Forming Units / 100ml
https://environment.data.gov.uk/water-quality/sampling-point/TH-PRTS0046/sample/1355098/observation/3723,TH-PRTS0046,R. THAMES U/S OF THE RUNNYMEDE CHANNEL INTAKE,-0.5101,51.4227,Thames,THAMES - WEST THAMES,Multiple Values,OPEN,FRESHWATER - RIVERS,2021-06-08T13:05:00,ENVIRONMENTAL MONITORING STATUTORY (EU DIRECTIVES),RIVER / RUNNING SURFACE WATER,3723,Enterococci: Intestinal: Confirmed: MF,36,Colony Forming Units / 100ml
https://environment.data.gov.uk/water-quality/sampling-point/TH-PRTS0046/sample/1355098/observation/9274,TH-PRTS0046,R. THAMES U/S OF THE RUNNYMEDE CHANNEL INTAKE,-0.5101,51.4227,Thames,THAMES - WEST THAMES,Multiple Values,OPEN,FRESHWATER - RIVERS,2021-06-08T13:05:00,ENVIRONMENTAL MONITORING STATUTORY (EU DIRECTIVES),RIVER / RUNNING SURFACE WATER,9274,Perfluorooctanoate anion,0.0035,MICROGRAM PER LITRE
https://environment.data.gov.uk/water-quality/sampling-point/TH-PRTS0046/sample/1355098/observation/9276,TH-PRTS0046,R. THAMES U/S OF THE RUNNYMEDE CHANNEL INTAKE,-0.5101,51.4227,Thames,THAMES - WEST THAMES,Multiple Values,OPEN,FRESHWATER - RIVERS,2021-06-08T13:05:00,ENVIRONMENTAL MONITORING STATUTORY (EU DIRECTIVES),RIVER / RUNNING SURFACE WATER,9276,Perfluorooctylsulphonate anion,0.0065,MICROGRAM PER LITRE
https://environment.data.gov.uk/water-quality/sampling-point/TH-PRTS0046/sample/1359451/observation/0061,TH-PRTS0046,R. THAMES U/S OF THE RUNNYMEDE CHANNEL INTAKE,-0.5101,51.4227,Thames,THAMES - WEST THAMES,Multiple Values,OPEN,FRESHWATER - RIVERS,2021-06-17T15:08:00,ENVIRONMENTAL MONITORING STATUTORY (EU DIRECTIVES),RIVER / RUNNING SURFACE WATER,0061,pH,8.21,PH UNITS
https://environment.data.gov.uk/water-quality/sampling-point/TH-PRTS0046/sample/1359451/observation/0062,TH-PRTS0046,R. THAMES U/S OF THE RUNNYMEDE CHANNEL INTAKE,-0.5101,51.4227,Thames,THAMES - WEST THAMES,Multiple Values,OPEN,FRESHWATER - RIVERS,2021-06-17T15:08:00,ENVIRONMENTAL MONITORING STATUTORY (EU DIRECTIVES),RIVER / RUNNING SURFACE WATER,0062,Conductivity at 20 C,711,MICROSIEMENS PER CENTIMETRE
https://environment.data.gov.uk/water-quality/sampling-point/TH-PRTS0046/sample/1359451/observation/0076,TH-PRTS0046,R. THAMES U/S OF THE RUNNYMEDE CHANNEL INTAKE,-0.5101,51.4227,Thames,THAMES - WEST THAMES,Multiple Values,OPEN,FRESHWATER - RIVERS,2021-06-17T15:08:00,ENVIRONMENTAL MONITORING STATUTORY (EU DIRECTIVES),RIVER / RUNNING SURFACE WATER,0076,Temperature of Water,21.4,CELSIUS
https://environment.data.gov.uk/water-quality/sampling-point/TH-PRTS0046/sample/1359451/observation/0111,TH-PRTS0046,R. THAMES U/S OF THE RUNNYMEDE CHANNEL INTAKE,-0.5101,51.4227,Thames,THAMES - WEST THAMES,Multiple Values,OPEN,FRESHWATER - RIVERS,2021-06-17T15:08:00,ENVIRONMENTAL MONITORING STATUTORY (EU DIRECTIVES),RIVER / RUNNING SURFACE WATER,0111,Ammoniacal Nitrogen as N,<0.5,MILLIGRAM PER LITRE
https://environment.data.gov.uk/water-quality/sampling-point/TH-PRTS0046/sample/1359451/observation/0119,TH-PRTS0046,R. THAMES U/S OF THE RUNNYMEDE CHANNEL INTAKE,-0.5101,51.4227,Thames,THAMES - WEST THAMES,Multiple Values,OPEN,FRESHWATER - RIVERS,2021-06-17T15:08:00,ENVIRONMENTAL MONITORING STATUTORY (EU DIRECTIVES),RIVER / RUNNING SURFACE WATER,0119,Ammonia un-ionised as N,<0.0208,MILLIGRAM PER LITRE
https://environment.data.gov.uk/water-quality/sampling-point/TH-PRTS0046/sample/1359451/observation/1198,TH-PRTS0046,R. THAMES U/S OF THE RUNNYMEDE CHANNEL INTAKE,-0.5101,51.4227,Thames,THAMES - WEST THAMES,Multiple Values,OPEN,FRESHWATER - RIVERS,2021-06-17T15:08:00,ENVIRONMENTAL MONITORING STATUTORY (EU DIRECTIVES),RIVER / RUNNING SURFACE WATER,1198,Salinity,0.35,GRAM PER KILOGRAM
https://environment.data.gov.uk/water-quality/sampling-point/TH-PRTS0046/sample/1359451/observation/2348,TH-PRTS0046,R. THAMES U/S OF THE RUNNYMEDE CHANNEL INTAKE,-0.5101,51.4227,Thames,THAMES - WEST THAMES,Multiple Values,OPEN,FRESHWATER - RIVERS,2021-06-17T15:08:00,ENVIRONMENTAL MONITORING STATUTORY (EU DIRECTIVES),RIVER / RUNNING SURFACE WATER,2348,Escherichia coli : Confirmed : MF,270,NUMBER PER HUNDRED MILLILITRES
https://environment.data.gov.uk/water-quality/sampling-point/TH-PRTS0046/sample/1359451/observation/3722,TH-PRTS0046,R. THAMES U/S OF THE RUNNYMEDE CHANNEL INTAKE,-0.5101,51.4227,Thames,THAMES - WEST THAMES,Multiple Values,OPEN,FRESHWATER - RIVERS,2021-06-17T15:08:00,ENVIRONMENTAL MONITORING STATUTORY (EU DIRECTIVES),RIVER / RUNNING SURFACE WATER,3722,Enterococci: Intestinal: Presumptive: MF,81,Colony Forming Units / 100ml
https://environment.data.gov.uk/water-quality/sampling-point/TH-PRTS0046/sample/1359451/observation/3723,TH-PRTS0046,R. THAMES U/S OF THE RUNNYMEDE CHANNEL INTAKE,-0.5101,51.4227,Thames,THAMES - WEST THAMES,Multiple Values,OPEN,FRESHWATER - RIVERS,2021-06-17T15:08:00,ENVIRONMENTAL MONITORING STATUTORY (EU DIRECTIVES),RIVER / RUNNING SURFACE WATER,3723,Enterococci: Intestinal: Confirmed: MF,72,Colony Forming Units / 100ml
https://environment.data.gov.uk/water-quality/sampling-point/TH-PRTS0046/sample/1359451/observation/9901,TH-PRTS0046,R. THAMES U/S OF THE RUNNYMEDE CHANNEL INTAKE,-0.5101,51.4227,Thames,THAMES - WEST THAMES,Multiple Values,OPEN,FRESHWATER - RIVERS,2021-06-17T15:08:00,ENVIRONMENTAL MONITORING STATUTORY (EU DIRECTIVES),RIVER / RUNNING SURFACE WATER,9901,"Oxygen, Dissolved, % Saturation",90.4,PERCENTAGE
https://environment.data.gov.uk/water-quality/sampling-point/TH-PRTS0046/sample/1359543/observation/0061,TH-PRTS0046,R. THAMES U/S OF THE RUNNYMEDE CHANNEL INTAKE,-0.5101,51.4227,Thames,THAMES - WEST THAMES,Multiple Values,OPEN,FRESHWATER - RIVERS,2021-06-21T14:44:00,ENVIRONMENTAL MONITORING STATUTORY (EU DIRECTIVES),RIVER / RUNNING SURFACE WATER,0061,pH,8.07,PH UNITS
https://environment.data.gov.uk/water-quality/sampling-point/TH-PRTS0046/sample/1359543/observation/0062,TH-PRTS0046,R. THAMES U/S OF THE RUNNYMEDE CHANNEL INTAKE,-0.5101,51.4227,Thames,THAMES - WEST THAMES,Multiple Values,OPEN,FRESHWATER - RIVERS,2021-06-21T14:44:00,ENVIRONMENTAL MONITORING STATUTORY (EU DIRECTIVES),RIVER / RUNNING SURFACE WATER,0062,Conductivity at 20 C,599,MICROSIEMENS PER CENTIMETRE
https://environment.data.gov.uk/water-quality/sampling-point/TH-PRTS0046/sample/1359543/observation/0076,TH-PRTS0046,R. THAMES U/S OF THE RUNNYMEDE CHANNEL INTAKE,-0.5101,51.4227,Thames,THAMES - WEST THAMES,Multiple Values,OPEN,FRESHWATER - RIVERS,2021-06-21T14:44:00,ENVIRONMENTAL MONITORING STATUTORY (EU DIRECTIVES),RIVER / RUNNING SURFACE WATER,0076,Temperature of Water,16.7,CELSIUS
https://environment.data.gov.uk/water-quality/sampling-point/TH-PRTS0046/sample/1359543/observation/0111,TH-PRTS0046,R. THAMES U/S OF THE RUNNYMEDE CHANNEL INTAKE,-0.5101,51.4227,Thames,THAMES - WEST THAMES,Multiple Values,OPEN,FRESHWATER - RIVERS,2021-06-21T14:44:00,ENVIRONMENTAL MONITORING STATUTORY (EU DIRECTIVES),RIVER / RUNNING SURFACE WATER,0111,Ammoniacal Nitrogen as N,<0.5,MILLIGRAM PER LITRE
https://environment.data.gov.uk/water-quality/sampling-point/TH-PRTS0046/sample/1359543/observation/0119,TH-PRTS0046,R. THAMES U/S OF THE RUNNYMEDE CHANNEL INTAKE,-0.5101,51.4227,Thames,THAMES - WEST THAMES,Multiple Values,OPEN,FRESHWATER - RIVERS,2021-06-21T14:44:00,ENVIRONMENTAL MONITORING STATUTORY (EU DIRECTIVES),RIVER / RUNNING SURFACE WATER,0119,Ammonia un-ionised as N,<0.0149,MILLIGRAM PER LITRE
https://environment.data.gov.uk/water-quality/sampling-point/TH-PRTS0046/sample/1359543/observation/2348,TH-PRTS0046,R. THAMES U/S OF THE RUNNYMEDE CHANNEL INTAKE,-0.5101,51.4227,Thames,THAMES - WEST THAMES,Multiple Values,OPEN,FRESHWATER - RIVERS,2021-06-21T14:44:00,ENVIRONMENTAL MONITORING STATUTORY (EU DIRECTIVES),RIVER / RUNNING SURFACE WATER,2348,Escherichia coli : Confirmed : MF,410,NUMBER PER HUNDRED MILLILITRES
https://environment.data.gov.uk/water-quality/sampling-point/TH-PRTS0046/sample/1359543/observation/3722,TH-PRTS0046,R. THAMES U/S OF THE RUNNYMEDE CHANNEL INTAKE,-0.5101,51.4227,Thames,THAMES - WEST THAMES,Multiple Values,OPEN,FRESHWATER - RIVERS,2021-06-21T14:44:00,ENVIRONMENTAL MONITORING STATUTORY (EU DIRECTIVES),RIVER / RUNNING SURFACE WATER,3722,Enterococci: Intestinal: Presumptive: MF,720,Colony Forming Units / 100ml
https://environment.data.gov.uk/water-quality/sampling-point/TH-PRTS0046/sample/1359543/observation/3723,TH-PRTS0046,R. THAMES U/S OF THE RUNNYMEDE CHANNEL INTAKE,-0.5101,51.4227,Thames,THAMES - WEST THAMES,Multiple Values,OPEN,FRESHWATER - RIVERS,2021-06-21T14:44:00,ENVIRONMENTAL MONITORING STATUTORY (EU DIRECTIVES),RIVER / RUNNING SURFACE WATER,3723,Enterococci: Intestinal: Confirmed: MF,720,Colony Forming Units / 100ml
https://environment.data.gov.uk/water-quality/sampling-point/TH-PRTS0046/sample/1359543/observation/9901,TH-PRTS0046,R. THAMES U/S OF THE RUNNYMEDE CHANNEL INTAKE,-0.5101,51.4227,Thames,THAMES - WEST THAMES,Multiple Values,OPEN,FRESHWATER - RIVERS,2021-06-21T14:44:00,ENVIRONMENTAL MONITORING STATUTORY (EU DIRECTIVES),RIVER / RUNNING SURFACE WATER,9901,"Oxygen, Dissolved, % Saturation",86.7,PERCENTAGE
https://environment.data.gov.uk/water-quality/sampling-point/TH-PRTS0046/sample/1359652/observation/0061,TH-PRTS0046,R. THAMES U/S OF THE RUNNYMEDE CHANNEL INTAKE,-0.5101,51.4227,Thames,THAMES - WEST THAMES,Multiple Values,OPEN,FRESHWATER - RIVERS,2021-06-24T09:29:00,ENVIRONMENTAL MONITORING STATUTORY (EU DIRECTIVES),RIVER / RUNNING SURFACE WATER,0061,pH,8.01,PH UNITS
https://environment.data.gov.uk/water-quality/sampling-point/TH-PRTS0046/sample/1359652/observation/0076,TH-PRTS0046,R. THAMES U/S OF THE RUNNYMEDE CHANNEL INTAKE,-0.5101,51.4227,Thames,THAMES - WEST THAMES,Multiple Values,OPEN,FRESHWATER - RIVERS,2021-06-24T09:29:00,ENVIRONMENTAL MONITORING STATUTORY (EU DIRECTIVES),RIVER / RUNNING SURFACE WATER,0076,Temperature of Water,16.3,CELSIUS
https://environment.data.gov.uk/water-quality/sampling-point/TH-PRTS0046/sample/1359652/observation/0111,TH-PRTS0046,R. THAMES U/S OF THE RUNNYMEDE CHANNEL INTAKE,-0.5101,51.4227,Thames,THAMES - WEST THAMES,Multiple Values,OPEN,FRESHWATER - RIVERS,2021-06-24T09:29:00,ENVIRONMENTAL MONITORING STATUTORY (EU DIRECTIVES),RIVER / RUNNING SURFACE WATER,0111,Ammoniacal Nitrogen as N,<0.5,MILLIGRAM PER LITRE
https://environment.data.gov.uk/water-quality/sampling-point/TH-PRTS0046/sample/1359652/observation/0119,TH-PRTS0046,R. THAMES U/S OF THE RUNNYMEDE CHANNEL INTAKE,-0.5101,51.4227,Thames,THAMES - WEST THAMES,Multiple Values,OPEN,FRESHWATER - RIVERS,2021-06-24T09:29:00,ENVIRONMENTAL MONITORING STATUTORY (EU DIRECTIVES),RIVER / RUNNING SURFACE WATER,0119,Ammonia un-ionised as N,<0.0144,MILLIGRAM PER LITRE
https://environment.data.gov.uk/water-quality/sampling-point/TH-PRTS0046/sample/1359652/observation/0135,TH-PRTS0046,R. THAMES U/S OF THE RUNNYMEDE CHANNEL INTAKE,-0.5101,51.4227,Thames,THAMES - WEST THAMES,Multiple Values,OPEN,FRESHWATER - RIVERS,2021-06-24T09:29:00,ENVIRONMENTAL MONITORING STATUTORY (EU DIRECTIVES),RIVER / RUNNING SURFACE WATER,0135,"Solids, Suspended at 105 C",6.7,MILLIGRAM PER LITRE
https://environment.data.gov.uk/water-quality/sampling-point/TH-PRTS0046/sample/1359652/observation/0180,TH-PRTS0046,R. THAMES U/S OF THE RUNNYMEDE CHANNEL INTAKE,-0.5101,51.4227,Thames,THAMES - WEST THAMES,Multiple Values,OPEN,FRESHWATER - RIVERS,2021-06-24T09:29:00,ENVIRONMENTAL MONITORING STATUTORY (EU DIRECTIVES),RIVER / RUNNING SURFACE WATER,0180,"Orthophosphate, reactive as P",0.21,MILLIGRAM PER LITRE
https://environment.data.gov.uk/water-quality/sampling-point/TH-PRTS0046/sample/1359652/observation/7608,TH-PRTS0046,R. THAMES U/S OF THE RUNNYMEDE CHANNEL INTAKE,-0.5101,51.4227,Thames,THAMES - WEST THAMES,Multiple Values,OPEN,FRESHWATER - RIVERS,2021-06-24T09:29:00,ENVIRONMENTAL MONITORING STATUTORY (EU DIRECTIVES),RIVER / RUNNING SURFACE WATER,7608,Salinity : In Situ,0.3,Parts per thousand
https://environment.data.gov.uk/water-quality/sampling-point/TH-PRTS0046/sample/1359652/observation/9274,TH-PRTS0046,R. THAMES U/S OF THE RUNNYMEDE CHANNEL INTAKE,-0.5101,51.4227,Thames,THAMES - WEST THAMES,Multiple Values,OPEN,FRESHWATER - RIVERS,2021-06-24T09:29:00,ENVIRONMENTAL MONITORING STATUTORY (EU DIRECTIVES),RIVER / RUNNING SURFACE WATER,9274,Perfluorooctanoate anion,0.0043,MICROGRAM PER LITRE
https://environment.data.gov.uk/water-quality/sampling-point/TH-PRTS0046/sample/1359652/observation/9276,TH-PRTS0046,R. THAMES U/S OF THE RUNNYMEDE CHANNEL INTAKE,-0.5101,51.4227,Thames,THAMES - WEST THAMES,Multiple Values,OPEN,FRESHWATER - RIVERS,2021-06-24T09:29:00,ENVIRONMENTAL MONITORING STATUTORY (EU DIRECTIVES),RIVER / RUNNING SURFACE WATER,9276,Perfluorooctylsulphonate anion,0.0072,MICROGRAM PER LITRE
https://environment.data.gov.uk/water-quality/sampling-point/TH-PRTS0046/sample/1359652/observation/9901,TH-PRTS0046,R. THAMES U/S OF THE RUNNYMEDE CHANNEL INTAKE,-0.5101,51.4227,Thames,THAMES - WEST THAMES,Multiple Values,OPEN,FRESHWATER - RIVERS,2021-06-24T09:29:00,ENVIRONMENTAL MONITORING STATUTORY (EU DIRECTIVES),RIVER / RUNNING SURFACE WATER,9901,"Oxygen, Dissolved, % Saturation",95.3,PERCENTAGE
https://environment.data.gov.uk/water-quality/sampling-point/TH-PRTS0046/sample/1359652/observation/9924,TH-PRTS0046,R. THAMES U/S OF THE RUNNYMEDE CHANNEL INTAKE,-0.5101,51.4227,Thames,THAMES - WEST THAMES,Multiple Values,OPEN,FRESHWATER - RIVERS,2021-06-24T09:29:00,ENVIRONMENTAL MONITORING STATUTORY (EU DIRECTIVES),RIVER / RUNNING SURFACE WATER,9924,"Oxygen, Dissolved as O2",9.31,MILLIGRAM PER LITRE
https://environment.data.gov.uk/water-quality/sampling-point/TH-PRTS0046/sample/1359709/observation/0061,TH-PRTS0046,R. THAMES U/S OF THE RUNNYMEDE CHANNEL INTAKE,-0.5101,51.4227,Thames,THAMES - WEST THAMES,Multiple Values,OPEN,FRESHWATER - RIVERS,2021-06-29T12:40:00,ENVIRONMENTAL MONITORING STATUTORY (EU DIRECTIVES),RIVER / RUNNING SURFACE WATER,0061,pH,8.06,PH UNITS
https://environment.data.gov.uk/water-quality/sampling-point/TH-PRTS0046/sample/1359709/observation/0076,TH-PRTS0046,R. THAMES U/S OF THE RUNNYMEDE CHANNEL INTAKE,-0.5101,51.4227,Thames,THAMES - WEST THAMES,Multiple Values,OPEN,FRESHWATER - RIVERS,2021-06-29T12:40:00,ENVIRONMENTAL MONITORING STATUTORY (EU DIRECTIVES),RIVER / RUNNING SURFACE WATER,0076,Temperature of Water,17.7,CELSIUS
https://environment.data.gov.uk/water-quality/sampling-point/TH-PRTS0046/sample/1359709/observation/0111,TH-PRTS0046,R. THAMES U/S OF THE RUNNYMEDE CHANNEL INTAKE,-0.5101,51.4227,Thames,THAMES - WEST THAMES,Multiple Values,OPEN,FRESHWATER - RIVERS,2021-06-29T12:40:00,ENVIRONMENTAL MONITORING STATUTORY (EU DIRECTIVES),RIVER / RUNNING SURFACE WATER,0111,Ammoniacal Nitrogen as N,<0.5,MILLIGRAM PER LITRE
https://environment.data.gov.uk/water-quality/sampling-point/TH-PRTS0046/sample/1359709/observation/0119,TH-PRTS0046,R. THAMES U/S OF THE RUNNYMEDE CHANNEL INTAKE,-0.5101,51.4227,Thames,THAMES - WEST THAMES,Multiple Values,OPEN,FRESHWATER - RIVERS,2021-06-29T12:40:00,ENVIRONMENTAL MONITORING STATUTORY (EU DIRECTIVES),RIVER / RUNNING SURFACE WATER,0119,Ammonia un-ionised as N,<0.016,MILLIGRAM PER LITRE
https://environment.data.gov.uk/water-quality/sampling-point/TH-PRTS0046/sample/1359709/observation/2348,TH-PRTS0046,R. THAMES U/S OF THE RUNNYMEDE CHANNEL INTAKE,-0.5101,51.4227,Thames,THAMES - WEST THAMES,Multiple Values,OPEN,FRESHWATER - RIVERS,2021-06-29T12:40:00,ENVIRONMENTAL MONITORING STATUTORY (EU DIRECTIVES),RIVER / RUNNING SURFACE WATER,2348,Escherichia coli : Confirmed : MF,3400,NUMBER PER HUNDRED MILLILITRES
https://environment.data.gov.uk/water-quality/sampling-point/TH-PRTS0046/sample/1359709/observation/3170,TH-PRTS0046,R. THAMES U/S OF THE RUNNYMEDE CHANNEL INTAKE,-0.5101,51.4227,Thames,THAMES - WEST THAMES,Multiple Values,OPEN,FRESHWATER - RIVERS,2021-06-29T12:40:00,ENVIRONMENTAL MONITORING STATUTORY (EU DIRECTIVES),RIVER / RUNNING SURFACE WATER,3170,Conductivity : In Situ,662,MICROSIEMENS PER CENTIMETRE
https://environment.data.gov.uk/water-quality/sampling-point/TH-PRTS0046/sample/1359709/observation/3722,TH-PRTS0046,R. THAMES U/S OF THE RUNNYMEDE CHANNEL INTAKE,-0.5101,51.4227,Thames,THAMES - WEST THAMES,Multiple Values,OPEN,FRESHWATER - RIVERS,2021-06-29T12:40:00,ENVIRONMENTAL MONITORING STATUTORY (EU DIRECTIVES),RIVER / RUNNING SURFACE WATER,3722,Enterococci: Intestinal: Presumptive: MF,810,Colony Forming Units / 100ml
https://environment.data.gov.uk/water-quality/sampling-point/TH-PRTS0046/sample/1359709/observation/3723,TH-PRTS0046,R. THAMES U/S OF THE RUNNYMEDE CHANNEL INTAKE,-0.5101,51.4227,Thames,THAMES - WEST THAMES,Multiple Values,OPEN,FRESHWATER - RIVERS,2021-06-29T12:40:00,ENVIRONMENTAL MONITORING STATUTORY (EU DIRECTIVES),RIVER / RUNNING SURFACE WATER,3723,Enterococci: Intestinal: Confirmed: MF,810,Colony Forming Units / 100ml
https://environment.data.gov.uk/water-quality/sampling-point/TH-PRTS0046/sample/1359709/observation/7608,TH-PRTS0046,R. THAMES U/S OF THE RUNNYMEDE CHANNEL INTAKE,-0.5101,51.4227,Thames,THAMES - WEST THAMES,Multiple Values,OPEN,FRESHWATER - RIVERS,2021-06-29T12:40:00,ENVIRONMENTAL MONITORING STATUTORY (EU DIRECTIVES),RIVER / RUNNING SURFACE WATER,7608,Salinity : In Situ,0.32,Parts per thousand
https://environment.data.gov.uk/water-quality/sampling-point/TH-PRTS0046/sample/1359709/observation/9901,TH-PRTS0046,R. THAMES U/S OF THE RUNNYMEDE CHANNEL INTAKE,-0.5101,51.4227,Thames,THAMES - WEST THAMES,Multiple Values,OPEN,FRESHWATER - RIVERS,2021-06-29T12:40:00,ENVIRONMENTAL MONITORING STATUTORY (EU DIRECTIVES),RIVER / RUNNING SURFACE WATER,9901,"Oxygen, Dissolved, % Saturation",94.4,PERCENTAGE
https://environment.data.gov.uk/water-quality/sampling-point/TH-PRTS0046/sample/1359709/observation/9924,TH-PRTS0046,R. THAMES U/S OF THE RUNNYMEDE CHANNEL INTAKE,-0.5101,51.4227,Thames,THAMES - WEST THAMES,Multiple Values,OPEN,FRESHWATER - RIVERS,2021-06-29T12:40:00,ENVIRONMENTAL MONITORING STATUTORY (EU DIRECTIVES),RIVER / RUNNING SURFACE WATER,9924,"Oxygen, Dissolved as O2",8.95,MILLIGRAM PER LITRE
https://environment.data.gov.uk/water-quality/sampling-point/TH-PRTS0046/sample/1360026/observation/0061,TH-PRTS0046,R. THAMES U/S OF THE RUNNYMEDE CHANNEL INTAKE,-0.5101,51.4227,Thames,THAMES - WEST THAMES,Multiple Values,OPEN,FRESHWATER - RIVERS,2021-07-07T13:55:00,ENVIRONMENTAL MONITORING STATUTORY (EU DIRECTIVES),RIVER / RUNNING SURFACE WATER,0061,pH,8.13,PH UNITS
https://environment.data.gov.uk/water-quality/sampling-point/TH-PRTS0046/sample/1360026/observation/0076,TH-PRTS0046,R. THAMES U/S OF THE RUNNYMEDE CHANNEL INTAKE,-0.5101,51.4227,Thames,THAMES - WEST THAMES,Multiple Values,OPEN,FRESHWATER - RIVERS,2021-07-07T13:55:00,ENVIRONMENTAL MONITORING STATUTORY (EU DIRECTIVES),RIVER / RUNNING SURFACE WATER,0076,Temperature of Water,18,CELSIUS
https://environment.data.gov.uk/water-quality/sampling-point/TH-PRTS0046/sample/1360026/observation/0111,TH-PRTS0046,R. THAMES U/S OF THE RUNNYMEDE CHANNEL INTAKE,-0.5101,51.4227,Thames,THAMES - WEST THAMES,Multiple Values,OPEN,FRESHWATER - RIVERS,2021-07-07T13:55:00,ENVIRONMENTAL MONITORING STATUTORY (EU DIRECTIVES),RIVER / RUNNING SURFACE WATER,0111,Ammoniacal Nitrogen as N,0.068,MILLIGRAM PER LITRE
https://environment.data.gov.uk/water-quality/sampling-point/TH-PRTS0046/sample/1360026/observation/0119,TH-PRTS0046,R. THAMES U/S OF THE RUNNYMEDE CHANNEL INTAKE,-0.5101,51.4227,Thames,THAMES - WEST THAMES,Multiple Values,OPEN,FRESHWATER - RIVERS,2021-07-07T13:55:00,ENVIRONMENTAL MONITORING STATUTORY (EU DIRECTIVES),RIVER / RUNNING SURFACE WATER,0119,Ammonia un-ionised as N,0.00222,MILLIGRAM PER LITRE
https://environment.data.gov.uk/water-quality/sampling-point/TH-PRTS0046/sample/1360026/observation/2348,TH-PRTS0046,R. THAMES U/S OF THE RUNNYMEDE CHANNEL INTAKE,-0.5101,51.4227,Thames,THAMES - WEST THAMES,Multiple Values,OPEN,FRESHWATER - RIVERS,2021-07-07T13:55:00,ENVIRONMENTAL MONITORING STATUTORY (EU DIRECTIVES),RIVER / RUNNING SURFACE WATER,2348,Escherichia coli : Confirmed : MF,3600,NUMBER PER HUNDRED MILLILITRES
https://environment.data.gov.uk/water-quality/sampling-point/TH-PRTS0046/sample/1360026/observation/3722,TH-PRTS0046,R. THAMES U/S OF THE RUNNYMEDE CHANNEL INTAKE,-0.5101,51.4227,Thames,THAMES - WEST THAMES,Multiple Values,OPEN,FRESHWATER - RIVERS,2021-07-07T13:55:00,ENVIRONMENTAL MONITORING STATUTORY (EU DIRECTIVES),RIVER / RUNNING SURFACE WATER,3722,Enterococci: Intestinal: Presumptive: MF,1500,Colony Forming Units / 100ml
https://environment.data.gov.uk/water-quality/sampling-point/TH-PRTS0046/sample/1360026/observation/3723,TH-PRTS0046,R. THAMES U/S OF THE RUNNYMEDE CHANNEL INTAKE,-0.5101,51.4227,Thames,THAMES - WEST THAMES,Multiple Values,OPEN,FRESHWATER - RIVERS,2021-07-07T13:55:00,ENVIRONMENTAL MONITORING STATUTORY (EU DIRECTIVES),RIVER / RUNNING SURFACE WATER,3723,Enterococci: Intestinal: Confirmed: MF,1500,Colony Forming Units / 100ml
https://environment.data.gov.uk/water-quality/sampling-point/TH-PRTS0046/sample/1360026/observation/7608,TH-PRTS0046,R. THAMES U/S OF THE RUNNYMEDE CHANNEL INTAKE,-0.5101,51.4227,Thames,THAMES - WEST THAMES,Multiple Values,OPEN,FRESHWATER - RIVERS,2021-07-07T13:55:00,ENVIRONMENTAL MONITORING STATUTORY (EU DIRECTIVES),RIVER / RUNNING SURFACE WATER,7608,Salinity : In Situ,0.31,Parts per thousand
https://environment.data.gov.uk/water-quality/sampling-point/TH-PRTS0046/sample/1360026/observation/9901,TH-PRTS0046,R. THAMES U/S OF THE RUNNYMEDE CHANNEL INTAKE,-0.5101,51.4227,Thames,THAMES - WEST THAMES,Multiple Values,OPEN,FRESHWATER - RIVERS,2021-07-07T13:55:00,ENVIRONMENTAL MONITORING STATUTORY (EU DIRECTIVES),RIVER / RUNNING SURFACE WATER,9901,"Oxygen, Dissolved, % Saturation",95.4,PERCENTAGE
https://environment.data.gov.uk/water-quality/sampling-point/TH-PRTS0046/sample/1360026/observation/9924,TH-PRTS0046,R. THAMES U/S OF THE RUNNYMEDE CHANNEL INTAKE,-0.5101,51.4227,Thames,THAMES - WEST THAMES,Multiple Values,OPEN,FRESHWATER - RIVERS,2021-07-07T13:55:00,ENVIRONMENTAL MONITORING STATUTORY (EU DIRECTIVES),RIVER / RUNNING SURFACE WATER,9924,"Oxygen, Dissolved as O2",8.99,MILLIGRAM PER LITRE
https://environment.data.gov.uk/water-quality/sampling-point/TH-PRTS0046/sample/1360184/observation/0061,TH-PRTS0046,R. THAMES U/S OF THE RUNNYMEDE CHANNEL INTAKE,-0.5101,51.4227,Thames,THAMES - WEST THAMES,Multiple Values,OPEN,FRESHWATER - RIVERS,2021-07-13T10:21:00,ENVIRONMENTAL MONITORING STATUTORY (EU DIRECTIVES),RIVER / RUNNING SURFACE WATER,0061,pH,7,PH UNITS
https://environment.data.gov.uk/water-quality/sampling-point/TH-PRTS0046/sample/1360184/observation/0076,TH-PRTS0046,R. THAMES U/S OF THE RUNNYMEDE CHANNEL INTAKE,-0.5101,51.4227,Thames,THAMES - WEST THAMES,Multiple Values,OPEN,FRESHWATER - RIVERS,2021-07-13T10:21:00,ENVIRONMENTAL MONITORING STATUTORY (EU DIRECTIVES),RIVER / RUNNING SURFACE WATER,0076,Temperature of Water,18.5,CELSIUS
https://environment.data.gov.uk/water-quality/sampling-point/TH-PRTS0046/sample/1360184/observation/0111,TH-PRTS0046,R. THAMES U/S OF THE RUNNYMEDE CHANNEL INTAKE,-0.5101,51.4227,Thames,THAMES - WEST THAMES,Multiple Values,OPEN,FRESHWATER - RIVERS,2021-07-13T10:21:00,ENVIRONMENTAL MONITORING STATUTORY (EU DIRECTIVES),RIVER / RUNNING SURFACE WATER,0111,Ammoniacal Nitrogen as N,<0.03,MILLIGRAM PER LITRE
https://environment.data.gov.uk/water-quality/sampling-point/TH-PRTS0046/sample/1360184/observation/0119,TH-PRTS0046,R. THAMES U/S OF THE RUNNYMEDE CHANNEL INTAKE,-0.5101,51.4227,Thames,THAMES - WEST THAMES,Multiple Values,OPEN,FRESHWATER - RIVERS,2021-07-13T10:21:00,ENVIRONMENTAL MONITORING STATUTORY (EU DIRECTIVES),RIVER / RUNNING SURFACE WATER,0119,Ammonia un-ionised as N,<0.0001,MILLIGRAM PER LITRE
https://environment.data.gov.uk/water-quality/sampling-point/TH-PRTS0046/sample/1360184/observation/2348,TH-PRTS0046,R. THAMES U/S OF THE RUNNYMEDE CHANNEL INTAKE,-0.5101,51.4227,Thames,THAMES - WEST THAMES,Multiple Values,OPEN,FRESHWATER - RIVERS,2021-07-13T10:21:00,ENVIRONMENTAL MONITORING STATUTORY (EU DIRECTIVES),RIVER / RUNNING SURFACE WATER,2348,Escherichia coli : Confirmed : MF,670,NUMBER PER HUNDRED MILLILITRES
https://environment.data.gov.uk/water-quality/sampling-point/TH-PRTS0046/sample/1360184/observation/3722,TH-PRTS0046,R. THAMES U/S OF THE RUNNYMEDE CHANNEL INTAKE,-0.5101,51.4227,Thames,THAMES - WEST THAMES,Multiple Values,OPEN,FRESHWATER - RIVERS,2021-07-13T10:21:00,ENVIRONMENTAL MONITORING STATUTORY (EU DIRECTIVES),RIVER / RUNNING SURFACE WATER,3722,Enterococci: Intestinal: Presumptive: MF,230,Colony Forming Units / 100ml
https://environment.data.gov.uk/water-quality/sampling-point/TH-PRTS0046/sample/1360184/observation/3723,TH-PRTS0046,R. THAMES U/S OF THE RUNNYMEDE CHANNEL INTAKE,-0.5101,51.4227,Thames,THAMES - WEST THAMES,Multiple Values,OPEN,FRESHWATER - RIVERS,2021-07-13T10:21:00,ENVIRONMENTAL MONITORING STATUTORY (EU DIRECTIVES),RIVER / RUNNING SURFACE WATER,3723,Enterococci: Intestinal: Confirmed: MF,210,Colony Forming Units / 100ml
https://environment.data.gov.uk/water-quality/sampling-point/TH-PRTS0046/sample/1360184/observation/7608,TH-PRTS0046,R. THAMES U/S OF THE RUNNYMEDE CHANNEL INTAKE,-0.5101,51.4227,Thames,THAMES - WEST THAMES,Multiple Values,OPEN,FRESHWATER - RIVERS,2021-07-13T10:21:00,ENVIRONMENTAL MONITORING STATUTORY (EU DIRECTIVES),RIVER / RUNNING SURFACE WATER,7608,Salinity : In Situ,0.33,Parts per thousand
https://environment.data.gov.uk/water-quality/sampling-point/TH-PRTS0046/sample/1360184/observation/9901,TH-PRTS0046,R. THAMES U/S OF THE RUNNYMEDE CHANNEL INTAKE,-0.5101,51.4227,Thames,THAMES - WEST THAMES,Multiple Values,OPEN,FRESHWATER - RIVERS,2021-07-13T10:21:00,ENVIRONMENTAL MONITORING STATUTORY (EU DIRECTIVES),RIVER / RUNNING SURFACE WATER,9901,"Oxygen, Dissolved, % Saturation",95.8,PERCENTAGE
https://environment.data.gov.uk/water-quality/sampling-point/TH-PRTS0046/sample/1360184/observation/9924,TH-PRTS0046,R. THAMES U/S OF THE RUNNYMEDE CHANNEL INTAKE,-0.5101,51.4227,Thames,THAMES - WEST THAMES,Multiple Values,OPEN,FRESHWATER - RIVERS,2021-07-13T10:21:00,ENVIRONMENTAL MONITORING STATUTORY (EU DIRECTIVES),RIVER / RUNNING SURFACE WATER,9924,"Oxygen, Dissolved as O2",8.94,MILLIGRAM PER LITRE
https://environment.data.gov.uk/water-quality/sampling-point/TH-PRTS0046/sample/1360362/observation/0061,TH-PRTS0046,R. THAMES U/S OF THE RUNNYMEDE CHANNEL INTAKE,-0.5101,51.4227,Thames,THAMES - WEST THAMES,Multiple Values,OPEN,FRESHWATER - RIVERS,2021-07-20T09:39:00,ENVIRONMENTAL MONITORING STATUTORY (EU DIRECTIVES),RIVER / RUNNING SURFACE WATER,0061,pH,7.96,PH UNITS
https://environment.data.gov.uk/water-quality/sampling-point/TH-PRTS0046/sample/1360362/observation/0076,TH-PRTS0046,R. THAMES U/S OF THE RUNNYMEDE CHANNEL INTAKE,-0.5101,51.4227,Thames,THAMES - WEST THAMES,Multiple Values,OPEN,FRESHWATER - RIVERS,2021-07-20T09:39:00,ENVIRONMENTAL MONITORING STATUTORY (EU DIRECTIVES),RIVER / RUNNING SURFACE WATER,0076,Temperature of Water,22,CELSIUS
https://environment.data.gov.uk/water-quality/sampling-point/TH-PRTS0046/sample/1360362/observation/0111,TH-PRTS0046,R. THAMES U/S OF THE RUNNYMEDE CHANNEL INTAKE,-0.5101,51.4227,Thames,THAMES - WEST THAMES,Multiple Values,OPEN,FRESHWATER - RIVERS,2021-07-20T09:39:00,ENVIRONMENTAL MONITORING STATUTORY (EU DIRECTIVES),RIVER / RUNNING SURFACE WATER,0111,Ammoniacal Nitrogen as N,<0.03,MILLIGRAM PER LITRE
https://environment.data.gov.uk/water-quality/sampling-point/TH-PRTS0046/sample/1360362/observation/0119,TH-PRTS0046,R. THAMES U/S OF THE RUNNYMEDE CHANNEL INTAKE,-0.5101,51.4227,Thames,THAMES - WEST THAMES,Multiple Values,OPEN,FRESHWATER - RIVERS,2021-07-20T09:39:00,ENVIRONMENTAL MONITORING STATUTORY (EU DIRECTIVES),RIVER / RUNNING SURFACE WATER,0119,Ammonia un-ionised as N,<0.00119,MILLIGRAM PER LITRE
https://environment.data.gov.uk/water-quality/sampling-point/TH-PRTS0046/sample/1360362/observation/0135,TH-PRTS0046,R. THAMES U/S OF THE RUNNYMEDE CHANNEL INTAKE,-0.5101,51.4227,Thames,THAMES - WEST THAMES,Multiple Values,OPEN,FRESHWATER - RIVERS,2021-07-20T09:39:00,ENVIRONMENTAL MONITORING STATUTORY (EU DIRECTIVES),RIVER / RUNNING SURFACE WATER,0135,"Solids, Suspended at 105 C",4.3,MILLIGRAM PER LITRE
https://environment.data.gov.uk/water-quality/sampling-point/TH-PRTS0046/sample/1360362/observation/0180,TH-PRTS0046,R. THAMES U/S OF THE RUNNYMEDE CHANNEL INTAKE,-0.5101,51.4227,Thames,THAMES - WEST THAMES,Multiple Values,OPEN,FRESHWATER - RIVERS,2021-07-20T09:39:00,ENVIRONMENTAL MONITORING STATUTORY (EU DIRECTIVES),RIVER / RUNNING SURFACE WATER,0180,"Orthophosphate, reactive as P",0.22,MILLIGRAM PER LITRE
https://environment.data.gov.uk/water-quality/sampling-point/TH-PRTS0046/sample/1360362/observation/2958,TH-PRTS0046,R. THAMES U/S OF THE RUNNYMEDE CHANNEL INTAKE,-0.5101,51.4227,Thames,THAMES - WEST THAMES,Multiple Values,OPEN,FRESHWATER - RIVERS,2021-07-20T09:39:00,ENVIRONMENTAL MONITORING STATUTORY (EU DIRECTIVES),RIVER / RUNNING SURFACE WATER,2958,Perfluorooctanesulfonic acid (total),0.0083,MICROGRAM PER LITRE
https://environment.data.gov.uk/water-quality/sampling-point/TH-PRTS0046/sample/1360362/observation/2959,TH-PRTS0046,R. THAMES U/S OF THE RUNNYMEDE CHANNEL INTAKE,-0.5101,51.4227,Thames,THAMES - WEST THAMES,Multiple Values,OPEN,FRESHWATER - RIVERS,2021-07-20T09:39:00,ENVIRONMENTAL MONITORING STATUTORY (EU DIRECTIVES),RIVER / RUNNING SURFACE WATER,2959,Perfluorooctanesulfonic acid (linear),0.0047,MICROGRAM PER LITRE
https://environment.data.gov.uk/water-quality/sampling-point/TH-PRTS0046/sample/1360362/observation/2960,TH-PRTS0046,R. THAMES U/S OF THE RUNNYMEDE CHANNEL INTAKE,-0.5101,51.4227,Thames,THAMES - WEST THAMES,Multiple Values,OPEN,FRESHWATER - RIVERS,2021-07-20T09:39:00,ENVIRONMENTAL MONITORING STATUTORY (EU DIRECTIVES),RIVER / RUNNING SURFACE WATER,2960,Perfluorooctanesulfonic acid (branched),0.0037,MICROGRAM PER LITRE
https://environment.data.gov.uk/water-quality/sampling-point/TH-PRTS0046/sample/1360362/observation/7608,TH-PRTS0046,R. THAMES U/S OF THE RUNNYMEDE CHANNEL INTAKE,-0.5101,51.4227,Thames,THAMES - WEST THAMES,Multiple Values,OPEN,FRESHWATER - RIVERS,2021-07-20T09:39:00,ENVIRONMENTAL MONITORING STATUTORY (EU DIRECTIVES),RIVER / RUNNING SURFACE WATER,7608,Salinity : In Situ,0.34,Parts per thousand
https://environment.data.gov.uk/water-quality/sampling-point/TH-PRTS0046/sample/1360362/observation/9274,TH-PRTS0046,R. THAMES U/S OF THE RUNNYMEDE CHANNEL INTAKE,-0.5101,51.4227,Thames,THAMES - WEST THAMES,Multiple Values,OPEN,FRESHWATER - RIVERS,2021-07-20T09:39:00,ENVIRONMENTAL MONITORING STATUTORY (EU DIRECTIVES),RIVER / RUNNING SURFACE WATER,9274,Perfluorooctanoate anion,0.0036,MICROGRAM PER LITRE
https://environment.data.gov.uk/water-quality/sampling-point/TH-PRTS0046/sample/1360362/observation/9901,TH-PRTS0046,R. THAMES U/S OF THE RUNNYMEDE CHANNEL INTAKE,-0.5101,51.4227,Thames,THAMES - WEST THAMES,Multiple Values,OPEN,FRESHWATER - RIVERS,2021-07-20T09:39:00,ENVIRONMENTAL MONITORING STATUTORY (EU DIRECTIVES),RIVER / RUNNING SURFACE WATER,9901,"Oxygen, Dissolved, % Saturation",87.3,PERCENTAGE
https://environment.data.gov.uk/water-quality/sampling-point/TH-PRTS0046/sample/1360362/observation/9924,TH-PRTS0046,R. THAMES U/S OF THE RUNNYMEDE CHANNEL INTAKE,-0.5101,51.4227,Thames,THAMES - WEST THAMES,Multiple Values,OPEN,FRESHWATER - RIVERS,2021-07-20T09:39:00,ENVIRONMENTAL MONITORING STATUTORY (EU DIRECTIVES),RIVER / RUNNING SURFACE WATER,9924,"Oxygen, Dissolved as O2",7.6,MILLIGRAM PER LITRE
https://environment.data.gov.uk/water-quality/sampling-point/TH-PRTS0046/sample/1361078/observation/0061,TH-PRTS0046,R. THAMES U/S OF THE RUNNYMEDE CHANNEL INTAKE,-0.5101,51.4227,Thames,THAMES - WEST THAMES,Multiple Values,OPEN,FRESHWATER - RIVERS,2021-07-29T10:56:00,ENVIRONMENTAL MONITORING STATUTORY (EU DIRECTIVES),RIVER / RUNNING SURFACE WATER,0061,pH,7.69,PH UNITS
https://environment.data.gov.uk/water-quality/sampling-point/TH-PRTS0046/sample/1361078/observation/0076,TH-PRTS0046,R. THAMES U/S OF THE RUNNYMEDE CHANNEL INTAKE,-0.5101,51.4227,Thames,THAMES - WEST THAMES,Multiple Values,OPEN,FRESHWATER - RIVERS,2021-07-29T10:56:00,ENVIRONMENTAL MONITORING STATUTORY (EU DIRECTIVES),RIVER / RUNNING SURFACE WATER,0076,Temperature of Water,19.8,CELSIUS
https://environment.data.gov.uk/water-quality/sampling-point/TH-PRTS0046/sample/1361078/observation/0111,TH-PRTS0046,R. THAMES U/S OF THE RUNNYMEDE CHANNEL INTAKE,-0.5101,51.4227,Thames,THAMES - WEST THAMES,Multiple Values,OPEN,FRESHWATER - RIVERS,2021-07-29T10:56:00,ENVIRONMENTAL MONITORING STATUTORY (EU DIRECTIVES),RIVER / RUNNING SURFACE WATER,0111,Ammoniacal Nitrogen as N,<0.03,MILLIGRAM PER LITRE
https://environment.data.gov.uk/water-quality/sampling-point/TH-PRTS0046/sample/1361078/observation/0119,TH-PRTS0046,R. THAMES U/S OF THE RUNNYMEDE CHANNEL INTAKE,-0.5101,51.4227,Thames,THAMES - WEST THAMES,Multiple Values,OPEN,FRESHWATER - RIVERS,2021-07-29T10:56:00,ENVIRONMENTAL MONITORING STATUTORY (EU DIRECTIVES),RIVER / RUNNING SURFACE WATER,0119,Ammonia un-ionised as N,<0.00056,MILLIGRAM PER LITRE
https://environment.data.gov.uk/water-quality/sampling-point/TH-PRTS0046/sample/1361078/observation/2348,TH-PRTS0046,R. THAMES U/S OF THE RUNNYMEDE CHANNEL INTAKE,-0.5101,51.4227,Thames,THAMES - WEST THAMES,Multiple Values,OPEN,FRESHWATER - RIVERS,2021-07-29T10:56:00,ENVIRONMENTAL MONITORING STATUTORY (EU DIRECTIVES),RIVER / RUNNING SURFACE WATER,2348,Escherichia coli : Confirmed : MF,700,NUMBER PER HUNDRED MILLILITRES
https://environment.data.gov.uk/water-quality/sampling-point/TH-PRTS0046/sample/1361078/observation/3722,TH-PRTS0046,R. THAMES U/S OF THE RUNNYMEDE CHANNEL INTAKE,-0.5101,51.4227,Thames,THAMES - WEST THAMES,Multiple Values,OPEN,FRESHWATER - RIVERS,2021-07-29T10:56:00,ENVIRONMENTAL MONITORING STATUTORY (EU DIRECTIVES),RIVER / RUNNING SURFACE WATER,3722,Enterococci: Intestinal: Presumptive: MF,450,Colony Forming Units / 100ml
https://environment.data.gov.uk/water-quality/sampling-point/TH-PRTS0046/sample/1361078/observation/3723,TH-PRTS0046,R. THAMES U/S OF THE RUNNYMEDE CHANNEL INTAKE,-0.5101,51.4227,Thames,THAMES - WEST THAMES,Multiple Values,OPEN,FRESHWATER - RIVERS,2021-07-29T10:56:00,ENVIRONMENTAL MONITORING STATUTORY (EU DIRECTIVES),RIVER / RUNNING SURFACE WATER,3723,Enterococci: Intestinal: Confirmed: MF,450,Colony Forming Units / 100ml
https://environment.data.gov.uk/water-quality/sampling-point/TH-PRTS0046/sample/1361078/observation/7608,TH-PRTS0046,R. THAMES U/S OF THE RUNNYMEDE CHANNEL INTAKE,-0.5101,51.4227,Thames,THAMES - WEST THAMES,Multiple Values,OPEN,FRESHWATER - RIVERS,2021-07-29T10:56:00,ENVIRONMENTAL MONITORING STATUTORY (EU DIRECTIVES),RIVER / RUNNING SURFACE WATER,7608,Salinity : In Situ,0.35,Parts per thousand
https://environment.data.gov.uk/water-quality/sampling-point/TH-PRTS0046/sample/1361078/observation/9901,TH-PRTS0046,R. THAMES U/S OF THE RUNNYMEDE CHANNEL INTAKE,-0.5101,51.4227,Thames,THAMES - WEST THAMES,Multiple Values,OPEN,FRESHWATER - RIVERS,2021-07-29T10:56:00,ENVIRONMENTAL MONITORING STATUTORY (EU DIRECTIVES),RIVER / RUNNING SURFACE WATER,9901,"Oxygen, Dissolved, % Saturation",93.1,PERCENTAGE
https://environment.data.gov.uk/water-quality/sampling-point/TH-PRTS0046/sample/1361078/observation/9924,TH-PRTS0046,R. THAMES U/S OF THE RUNNYMEDE CHANNEL INTAKE,-0.5101,51.4227,Thames,THAMES - WEST THAMES,Multiple Values,OPEN,FRESHWATER - RIVERS,2021-07-29T10:56:00,ENVIRONMENTAL MONITORING STATUTORY (EU DIRECTIVES),RIVER / RUNNING SURFACE WATER,9924,"Oxygen, Dissolved as O2",8.46,MILLIGRAM PER LITRE
https://environment.data.gov.uk/water-quality/sampling-point/TH-PRTS0046/sample/1361188/observation/0061,TH-PRTS0046,R. THAMES U/S OF THE RUNNYMEDE CHANNEL INTAKE,-0.5101,51.4227,Thames,THAMES - WEST THAMES,Multiple Values,OPEN,FRESHWATER - RIVERS,2021-08-03T09:36:00,ENVIRONMENTAL MONITORING STATUTORY (EU DIRECTIVES),RIVER / RUNNING SURFACE WATER,0061,pH,8.21,PH UNITS
https://environment.data.gov.uk/water-quality/sampling-point/TH-PRTS0046/sample/1361188/observation/0076,TH-PRTS0046,R. THAMES U/S OF THE RUNNYMEDE CHANNEL INTAKE,-0.5101,51.4227,Thames,THAMES - WEST THAMES,Multiple Values,OPEN,FRESHWATER - RIVERS,2021-08-03T09:36:00,ENVIRONMENTAL MONITORING STATUTORY (EU DIRECTIVES),RIVER / RUNNING SURFACE WATER,0076,Temperature of Water,18.2,CELSIUS
https://environment.data.gov.uk/water-quality/sampling-point/TH-PRTS0046/sample/1361188/observation/0111,TH-PRTS0046,R. THAMES U/S OF THE RUNNYMEDE CHANNEL INTAKE,-0.5101,51.4227,Thames,THAMES - WEST THAMES,Multiple Values,OPEN,FRESHWATER - RIVERS,2021-08-03T09:36:00,ENVIRONMENTAL MONITORING STATUTORY (EU DIRECTIVES),RIVER / RUNNING SURFACE WATER,0111,Ammoniacal Nitrogen as N,<0.03,MILLIGRAM PER LITRE
https://environment.data.gov.uk/water-quality/sampling-point/TH-PRTS0046/sample/1361188/observation/0119,TH-PRTS0046,R. THAMES U/S OF THE RUNNYMEDE CHANNEL INTAKE,-0.5101,51.4227,Thames,THAMES - WEST THAMES,Multiple Values,OPEN,FRESHWATER - RIVERS,2021-08-03T09:36:00,ENVIRONMENTAL MONITORING STATUTORY (EU DIRECTIVES),RIVER / RUNNING SURFACE WATER,0119,Ammonia un-ionised as N,<0.00099,MILLIGRAM PER LITRE
https://environment.data.gov.uk/water-quality/sampling-point/TH-PRTS0046/sample/1361188/observation/2348,TH-PRTS0046,R. THAMES U/S OF THE RUNNYMEDE CHANNEL INTAKE,-0.5101,51.4227,Thames,THAMES - WEST THAMES,Multiple Values,OPEN,FRESHWATER - RIVERS,2021-08-03T09:36:00,ENVIRONMENTAL MONITORING STATUTORY (EU DIRECTIVES),RIVER / RUNNING SURFACE WATER,2348,Escherichia coli : Confirmed : MF,270,NUMBER PER HUNDRED MILLILITRES
https://environment.data.gov.uk/water-quality/sampling-point/TH-PRTS0046/sample/1361188/observation/3722,TH-PRTS0046,R. THAMES U/S OF THE RUNNYMEDE CHANNEL INTAKE,-0.5101,51.4227,Thames,THAMES - WEST THAMES,Multiple Values,OPEN,FRESHWATER - RIVERS,2021-08-03T09:36:00,ENVIRONMENTAL MONITORING STATUTORY (EU DIRECTIVES),RIVER / RUNNING SURFACE WATER,3722,Enterococci: Intestinal: Presumptive: MF,260,Colony Forming Units / 100ml
https://environment.data.gov.uk/water-quality/sampling-point/TH-PRTS0046/sample/1361188/observation/3723,TH-PRTS0046,R. THAMES U/S OF THE RUNNYMEDE CHANNEL INTAKE,-0.5101,51.4227,Thames,THAMES - WEST THAMES,Multiple Values,OPEN,FRESHWATER - RIVERS,2021-08-03T09:36:00,ENVIRONMENTAL MONITORING STATUTORY (EU DIRECTIVES),RIVER / RUNNING SURFACE WATER,3723,Enterococci: Intestinal: Confirmed: MF,260,Colony Forming Units / 100ml
https://environment.data.gov.uk/water-quality/sampling-point/TH-PRTS0046/sample/1361188/observation/7608,TH-PRTS0046,R. THAMES U/S OF THE RUNNYMEDE CHANNEL INTAKE,-0.5101,51.4227,Thames,THAMES - WEST THAMES,Multiple Values,OPEN,FRESHWATER - RIVERS,2021-08-03T09:36:00,ENVIRONMENTAL MONITORING STATUTORY (EU DIRECTIVES),RIVER / RUNNING SURFACE WATER,7608,Salinity : In Situ,0.35,Parts per thousand
https://environment.data.gov.uk/water-quality/sampling-point/TH-PRTS0046/sample/1361188/observation/9901,TH-PRTS0046,R. THAMES U/S OF THE RUNNYMEDE CHANNEL INTAKE,-0.5101,51.4227,Thames,THAMES - WEST THAMES,Multiple Values,OPEN,FRESHWATER - RIVERS,2021-08-03T09:36:00,ENVIRONMENTAL MONITORING STATUTORY (EU DIRECTIVES),RIVER / RUNNING SURFACE WATER,9901,"Oxygen, Dissolved, % Saturation",87.5,PERCENTAGE
https://environment.data.gov.uk/water-quality/sampling-point/TH-PRTS0046/sample/1361188/observation/9924,TH-PRTS0046,R. THAMES U/S OF THE RUNNYMEDE CHANNEL INTAKE,-0.5101,51.4227,Thames,THAMES - WEST THAMES,Multiple Values,OPEN,FRESHWATER - RIVERS,2021-08-03T09:36:00,ENVIRONMENTAL MONITORING STATUTORY (EU DIRECTIVES),RIVER / RUNNING SURFACE WATER,9924,"Oxygen, Dissolved as O2",8.21,MILLIGRAM PER LITRE
https://environment.data.gov.uk/water-quality/sampling-point/TH-PRTS0046/sample/1361392/observation/0061,TH-PRTS0046,R. THAMES U/S OF THE RUNNYMEDE CHANNEL INTAKE,-0.5101,51.4227,Thames,THAMES - WEST THAMES,Multiple Values,OPEN,FRESHWATER - RIVERS,2021-08-12T10:00:00,ENVIRONMENTAL MONITORING STATUTORY (EU DIRECTIVES),RIVER / RUNNING SURFACE WATER,0061,pH,8.05,PH UNITS
https://environment.data.gov.uk/water-quality/sampling-point/TH-PRTS0046/sample/1361392/observation/0076,TH-PRTS0046,R. THAMES U/S OF THE RUNNYMEDE CHANNEL INTAKE,-0.5101,51.4227,Thames,THAMES - WEST THAMES,Multiple Values,OPEN,FRESHWATER - RIVERS,2021-08-12T10:00:00,ENVIRONMENTAL MONITORING STATUTORY (EU DIRECTIVES),RIVER / RUNNING SURFACE WATER,0076,Temperature of Water,18.5,CELSIUS
https://environment.data.gov.uk/water-quality/sampling-point/TH-PRTS0046/sample/1361392/observation/0111,TH-PRTS0046,R. THAMES U/S OF THE RUNNYMEDE CHANNEL INTAKE,-0.5101,51.4227,Thames,THAMES - WEST THAMES,Multiple Values,OPEN,FRESHWATER - RIVERS,2021-08-12T10:00:00,ENVIRONMENTAL MONITORING STATUTORY (EU DIRECTIVES),RIVER / RUNNING SURFACE WATER,0111,Ammoniacal Nitrogen as N,<0.03,MILLIGRAM PER LITRE
https://environment.data.gov.uk/water-quality/sampling-point/TH-PRTS0046/sample/1361392/observation/0119,TH-PRTS0046,R. THAMES U/S OF THE RUNNYMEDE CHANNEL INTAKE,-0.5101,51.4227,Thames,THAMES - WEST THAMES,Multiple Values,OPEN,FRESHWATER - RIVERS,2021-08-12T10:00:00,ENVIRONMENTAL MONITORING STATUTORY (EU DIRECTIVES),RIVER / RUNNING SURFACE WATER,0119,Ammonia un-ionised as N,<0.00102,MILLIGRAM PER LITRE
https://environment.data.gov.uk/water-quality/sampling-point/TH-PRTS0046/sample/1361392/observation/2348,TH-PRTS0046,R. THAMES U/S OF THE RUNNYMEDE CHANNEL INTAKE,-0.5101,51.4227,Thames,THAMES - WEST THAMES,Multiple Values,OPEN,FRESHWATER - RIVERS,2021-08-12T10:00:00,ENVIRONMENTAL MONITORING STATUTORY (EU DIRECTIVES),RIVER / RUNNING SURFACE WATER,2348,Escherichia coli : Confirmed : MF,690,NUMBER PER HUNDRED MILLILITRES
https://environment.data.gov.uk/water-quality/sampling-point/TH-PRTS0046/sample/1361392/observation/3722,TH-PRTS0046,R. THAMES U/S OF THE RUNNYMEDE CHANNEL INTAKE,-0.5101,51.4227,Thames,THAMES - WEST THAMES,Multiple Values,OPEN,FRESHWATER - RIVERS,2021-08-12T10:00:00,ENVIRONMENTAL MONITORING STATUTORY (EU DIRECTIVES),RIVER / RUNNING SURFACE WATER,3722,Enterococci: Intestinal: Presumptive: MF,150,Colony Forming Units / 100ml
https://environment.data.gov.uk/water-quality/sampling-point/TH-PRTS0046/sample/1361392/observation/3723,TH-PRTS0046,R. THAMES U/S OF THE RUNNYMEDE CHANNEL INTAKE,-0.5101,51.4227,Thames,THAMES - WEST THAMES,Multiple Values,OPEN,FRESHWATER - RIVERS,2021-08-12T10:00:00,ENVIRONMENTAL MONITORING STATUTORY (EU DIRECTIVES),RIVER / RUNNING SURFACE WATER,3723,Enterococci: Intestinal: Confirmed: MF,150,Colony Forming Units / 100ml
https://environment.data.gov.uk/water-quality/sampling-point/TH-PRTS0046/sample/1361392/observation/7608,TH-PRTS0046,R. THAMES U/S OF THE RUNNYMEDE CHANNEL INTAKE,-0.5101,51.4227,Thames,THAMES - WEST THAMES,Multiple Values,OPEN,FRESHWATER - RIVERS,2021-08-12T10:00:00,ENVIRONMENTAL MONITORING STATUTORY (EU DIRECTIVES),RIVER / RUNNING SURFACE WATER,7608,Salinity : In Situ,0.34,Parts per thousand
https://environment.data.gov.uk/water-quality/sampling-point/TH-PRTS0046/sample/1361392/observation/9901,TH-PRTS0046,R. THAMES U/S OF THE RUNNYMEDE CHANNEL INTAKE,-0.5101,51.4227,Thames,THAMES - WEST THAMES,Multiple Values,OPEN,FRESHWATER - RIVERS,2021-08-12T10:00:00,ENVIRONMENTAL MONITORING STATUTORY (EU DIRECTIVES),RIVER / RUNNING SURFACE WATER,9901,"Oxygen, Dissolved, % Saturation",96.3,PERCENTAGE
https://environment.data.gov.uk/water-quality/sampling-point/TH-PRTS0046/sample/1361392/observation/9924,TH-PRTS0046,R. THAMES U/S OF THE RUNNYMEDE CHANNEL INTAKE,-0.5101,51.4227,Thames,THAMES - WEST THAMES,Multiple Values,OPEN,FRESHWATER - RIVERS,2021-08-12T10:00:00,ENVIRONMENTAL MONITORING STATUTORY (EU DIRECTIVES),RIVER / RUNNING SURFACE WATER,9924,"Oxygen, Dissolved as O2",8.98,MILLIGRAM PER LITRE
https://environment.data.gov.uk/water-quality/sampling-point/TH-PRTS0046/sample/1361495/observation/0061,TH-PRTS0046,R. THAMES U/S OF THE RUNNYMEDE CHANNEL INTAKE,-0.5101,51.4227,Thames,THAMES - WEST THAMES,Multiple Values,OPEN,FRESHWATER - RIVERS,2021-08-15T11:26:00,ENVIRONMENTAL MONITORING STATUTORY (EU DIRECTIVES),RIVER / RUNNING SURFACE WATER,0061,pH,8.05,PH UNITS
https://environment.data.gov.uk/water-quality/sampling-point/TH-PRTS0046/sample/1361495/observation/0076,TH-PRTS0046,R. THAMES U/S OF THE RUNNYMEDE CHANNEL INTAKE,-0.5101,51.4227,Thames,THAMES - WEST THAMES,Multiple Values,OPEN,FRESHWATER - RIVERS,2021-08-15T11:26:00,ENVIRONMENTAL MONITORING STATUTORY (EU DIRECTIVES),RIVER / RUNNING SURFACE WATER,0076,Temperature of Water,18.8,CELSIUS
https://environment.data.gov.uk/water-quality/sampling-point/TH-PRTS0046/sample/1361495/observation/0111,TH-PRTS0046,R. THAMES U/S OF THE RUNNYMEDE CHANNEL INTAKE,-0.5101,51.4227,Thames,THAMES - WEST THAMES,Multiple Values,OPEN,FRESHWATER - RIVERS,2021-08-15T11:26:00,ENVIRONMENTAL MONITORING STATUTORY (EU DIRECTIVES),RIVER / RUNNING SURFACE WATER,0111,Ammoniacal Nitrogen as N,<0.03,MILLIGRAM PER LITRE
https://environment.data.gov.uk/water-quality/sampling-point/TH-PRTS0046/sample/1361495/observation/0119,TH-PRTS0046,R. THAMES U/S OF THE RUNNYMEDE CHANNEL INTAKE,-0.5101,51.4227,Thames,THAMES - WEST THAMES,Multiple Values,OPEN,FRESHWATER - RIVERS,2021-08-15T11:26:00,ENVIRONMENTAL MONITORING STATUTORY (EU DIRECTIVES),RIVER / RUNNING SURFACE WATER,0119,Ammonia un-ionised as N,<0.00104,MILLIGRAM PER LITRE
https://environment.data.gov.uk/water-quality/sampling-point/TH-PRTS0046/sample/1361495/observation/2348,TH-PRTS0046,R. THAMES U/S OF THE RUNNYMEDE CHANNEL INTAKE,-0.5101,51.4227,Thames,THAMES - WEST THAMES,Multiple Values,OPEN,FRESHWATER - RIVERS,2021-08-15T11:26:00,ENVIRONMENTAL MONITORING STATUTORY (EU DIRECTIVES),RIVER / RUNNING SURFACE WATER,2348,Escherichia coli : Confirmed : MF,260,NUMBER PER HUNDRED MILLILITRES
https://environment.data.gov.uk/water-quality/sampling-point/TH-PRTS0046/sample/1361495/observation/3722,TH-PRTS0046,R. THAMES U/S OF THE RUNNYMEDE CHANNEL INTAKE,-0.5101,51.4227,Thames,THAMES - WEST THAMES,Multiple Values,OPEN,FRESHWATER - RIVERS,2021-08-15T11:26:00,ENVIRONMENTAL MONITORING STATUTORY (EU DIRECTIVES),RIVER / RUNNING SURFACE WATER,3722,Enterococci: Intestinal: Presumptive: MF,140,Colony Forming Units / 100ml
https://environment.data.gov.uk/water-quality/sampling-point/TH-PRTS0046/sample/1361495/observation/3723,TH-PRTS0046,R. THAMES U/S OF THE RUNNYMEDE CHANNEL INTAKE,-0.5101,51.4227,Thames,THAMES - WEST THAMES,Multiple Values,OPEN,FRESHWATER - RIVERS,2021-08-15T11:26:00,ENVIRONMENTAL MONITORING STATUTORY (EU DIRECTIVES),RIVER / RUNNING SURFACE WATER,3723,Enterococci: Intestinal: Confirmed: MF,140,Colony Forming Units / 100ml
https://environment.data.gov.uk/water-quality/sampling-point/TH-PRTS0046/sample/1361495/observation/7608,TH-PRTS0046,R. THAMES U/S OF THE RUNNYMEDE CHANNEL INTAKE,-0.5101,51.4227,Thames,THAMES - WEST THAMES,Multiple Values,OPEN,FRESHWATER - RIVERS,2021-08-15T11:26:00,ENVIRONMENTAL MONITORING STATUTORY (EU DIRECTIVES),RIVER / RUNNING SURFACE WATER,7608,Salinity : In Situ,0.35,Parts per thousand
https://environment.data.gov.uk/water-quality/sampling-point/TH-PRTS0046/sample/1361495/observation/9901,TH-PRTS0046,R. THAMES U/S OF THE RUNNYMEDE CHANNEL INTAKE,-0.5101,51.4227,Thames,THAMES - WEST THAMES,Multiple Values,OPEN,FRESHWATER - RIVERS,2021-08-15T11:26:00,ENVIRONMENTAL MONITORING STATUTORY (EU DIRECTIVES),RIVER / RUNNING SURFACE WATER,9901,"Oxygen, Dissolved, % Saturation",97.6,PERCENTAGE
https://environment.data.gov.uk/water-quality/sampling-point/TH-PRTS0046/sample/1361495/observation/9924,TH-PRTS0046,R. THAMES U/S OF THE RUNNYMEDE CHANNEL INTAKE,-0.5101,51.4227,Thames,THAMES - WEST THAMES,Multiple Values,OPEN,FRESHWATER - RIVERS,2021-08-15T11:26:00,ENVIRONMENTAL MONITORING STATUTORY (EU DIRECTIVES),RIVER / RUNNING SURFACE WATER,9924,"Oxygen, Dissolved as O2",9.05,MILLIGRAM PER LITRE
https://environment.data.gov.uk/water-quality/sampling-point/TH-PRTS0046/sample/1362100/observation/0061,TH-PRTS0046,R. THAMES U/S OF THE RUNNYMEDE CHANNEL INTAKE,-0.5101,51.4227,Thames,THAMES - WEST THAMES,Multiple Values,OPEN,FRESHWATER - RIVERS,2021-08-20T07:55:00,ENVIRONMENTAL MONITORING STATUTORY (EU DIRECTIVES),RIVER / RUNNING SURFACE WATER,0061,pH,8.13,PH UNITS
https://environment.data.gov.uk/water-quality/sampling-point/TH-PRTS0046/sample/1362100/observation/0076,TH-PRTS0046,R. THAMES U/S OF THE RUNNYMEDE CHANNEL INTAKE,-0.5101,51.4227,Thames,THAMES - WEST THAMES,Multiple Values,OPEN,FRESHWATER - RIVERS,2021-08-20T07:55:00,ENVIRONMENTAL MONITORING STATUTORY (EU DIRECTIVES),RIVER / RUNNING SURFACE WATER,0076,Temperature of Water,17.9,CELSIUS
https://environment.data.gov.uk/water-quality/sampling-point/TH-PRTS0046/sample/1362100/observation/0111,TH-PRTS0046,R. THAMES U/S OF THE RUNNYMEDE CHANNEL INTAKE,-0.5101,51.4227,Thames,THAMES - WEST THAMES,Multiple Values,OPEN,FRESHWATER - RIVERS,2021-08-20T07:55:00,ENVIRONMENTAL MONITORING STATUTORY (EU DIRECTIVES),RIVER / RUNNING SURFACE WATER,0111,Ammoniacal Nitrogen as N,<0.03,MILLIGRAM PER LITRE
https://environment.data.gov.uk/water-quality/sampling-point/TH-PRTS0046/sample/1362100/observation/0119,TH-PRTS0046,R. THAMES U/S OF THE RUNNYMEDE CHANNEL INTAKE,-0.5101,51.4227,Thames,THAMES - WEST THAMES,Multiple Values,OPEN,FRESHWATER - RIVERS,2021-08-20T07:55:00,ENVIRONMENTAL MONITORING STATUTORY (EU DIRECTIVES),RIVER / RUNNING SURFACE WATER,0119,Ammonia un-ionised as N,<0.00097,MILLIGRAM PER LITRE
https://environment.data.gov.uk/water-quality/sampling-point/TH-PRTS0046/sample/1362100/observation/2348,TH-PRTS0046,R. THAMES U/S OF THE RUNNYMEDE CHANNEL INTAKE,-0.5101,51.4227,Thames,THAMES - WEST THAMES,Multiple Values,OPEN,FRESHWATER - RIVERS,2021-08-20T07:55:00,ENVIRONMENTAL MONITORING STATUTORY (EU DIRECTIVES),RIVER / RUNNING SURFACE WATER,2348,Escherichia coli : Confirmed : MF,400,NUMBER PER HUNDRED MILLILITRES
https://environment.data.gov.uk/water-quality/sampling-point/TH-PRTS0046/sample/1362100/observation/3722,TH-PRTS0046,R. THAMES U/S OF THE RUNNYMEDE CHANNEL INTAKE,-0.5101,51.4227,Thames,THAMES - WEST THAMES,Multiple Values,OPEN,FRESHWATER - RIVERS,2021-08-20T07:55:00,ENVIRONMENTAL MONITORING STATUTORY (EU DIRECTIVES),RIVER / RUNNING SURFACE WATER,3722,Enterococci: Intestinal: Presumptive: MF,72,Colony Forming Units / 100ml
https://environment.data.gov.uk/water-quality/sampling-point/TH-PRTS0046/sample/1362100/observation/3723,TH-PRTS0046,R. THAMES U/S OF THE RUNNYMEDE CHANNEL INTAKE,-0.5101,51.4227,Thames,THAMES - WEST THAMES,Multiple Values,OPEN,FRESHWATER - RIVERS,2021-08-20T07:55:00,ENVIRONMENTAL MONITORING STATUTORY (EU DIRECTIVES),RIVER / RUNNING SURFACE WATER,3723,Enterococci: Intestinal: Confirmed: MF,72,Colony Forming Units / 100ml
https://environment.data.gov.uk/water-quality/sampling-point/TH-PRTS0046/sample/1362100/observation/7608,TH-PRTS0046,R. THAMES U/S OF THE RUNNYMEDE CHANNEL INTAKE,-0.5101,51.4227,Thames,THAMES - WEST THAMES,Multiple Values,OPEN,FRESHWATER - RIVERS,2021-08-20T07:55:00,ENVIRONMENTAL MONITORING STATUTORY (EU DIRECTIVES),RIVER / RUNNING SURFACE WATER,7608,Salinity : In Situ,0.35,Parts per thousand
https://environment.data.gov.uk/water-quality/sampling-point/TH-PRTS0046/sample/1362100/observation/9901,TH-PRTS0046,R. THAMES U/S OF THE RUNNYMEDE CHANNEL INTAKE,-0.5101,51.4227,Thames,THAMES - WEST THAMES,Multiple Values,OPEN,FRESHWATER - RIVERS,2021-08-20T07:55:00,ENVIRONMENTAL MONITORING STATUTORY (EU DIRECTIVES),RIVER / RUNNING SURFACE WATER,9901,"Oxygen, Dissolved, % Saturation",90.1,PERCENTAGE
https://environment.data.gov.uk/water-quality/sampling-point/TH-PRTS0046/sample/1362100/observation/9924,TH-PRTS0046,R. THAMES U/S OF THE RUNNYMEDE CHANNEL INTAKE,-0.5101,51.4227,Thames,THAMES - WEST THAMES,Multiple Values,OPEN,FRESHWATER - RIVERS,2021-08-20T07:55:00,ENVIRONMENTAL MONITORING STATUTORY (EU DIRECTIVES),RIVER / RUNNING SURFACE WATER,9924,"Oxygen, Dissolved as O2",8.51,MILLIGRAM PER LITRE
https://environment.data.gov.uk/water-quality/sampling-point/TH-PRTS0046/sample/1362216/observation/0061,TH-PRTS0046,R. THAMES U/S OF THE RUNNYMEDE CHANNEL INTAKE,-0.5101,51.4227,Thames,THAMES - WEST THAMES,Multiple Values,OPEN,FRESHWATER - RIVERS,2021-08-25T09:51:00,ENVIRONMENTAL MONITORING STATUTORY (EU DIRECTIVES),RIVER / RUNNING SURFACE WATER,0061,pH,8.35,PH UNITS
https://environment.data.gov.uk/water-quality/sampling-point/TH-PRTS0046/sample/1362216/observation/0076,TH-PRTS0046,R. THAMES U/S OF THE RUNNYMEDE CHANNEL INTAKE,-0.5101,51.4227,Thames,THAMES - WEST THAMES,Multiple Values,OPEN,FRESHWATER - RIVERS,2021-08-25T09:51:00,ENVIRONMENTAL MONITORING STATUTORY (EU DIRECTIVES),RIVER / RUNNING SURFACE WATER,0076,Temperature of Water,18.1,CELSIUS
https://environment.data.gov.uk/water-quality/sampling-point/TH-PRTS0046/sample/1362216/observation/0111,TH-PRTS0046,R. THAMES U/S OF THE RUNNYMEDE CHANNEL INTAKE,-0.5101,51.4227,Thames,THAMES - WEST THAMES,Multiple Values,OPEN,FRESHWATER - RIVERS,2021-08-25T09:51:00,ENVIRONMENTAL MONITORING STATUTORY (EU DIRECTIVES),RIVER / RUNNING SURFACE WATER,0111,Ammoniacal Nitrogen as N,<0.03,MILLIGRAM PER LITRE
https://environment.data.gov.uk/water-quality/sampling-point/TH-PRTS0046/sample/1362216/observation/0119,TH-PRTS0046,R. THAMES U/S OF THE RUNNYMEDE CHANNEL INTAKE,-0.5101,51.4227,Thames,THAMES - WEST THAMES,Multiple Values,OPEN,FRESHWATER - RIVERS,2021-08-25T09:51:00,ENVIRONMENTAL MONITORING STATUTORY (EU DIRECTIVES),RIVER / RUNNING SURFACE WATER,0119,Ammonia un-ionised as N,<0.00099,MILLIGRAM PER LITRE
https://environment.data.gov.uk/water-quality/sampling-point/TH-PRTS0046/sample/1362216/observation/2348,TH-PRTS0046,R. THAMES U/S OF THE RUNNYMEDE CHANNEL INTAKE,-0.5101,51.4227,Thames,THAMES - WEST THAMES,Multiple Values,OPEN,FRESHWATER - RIVERS,2021-08-25T09:51:00,ENVIRONMENTAL MONITORING STATUTORY (EU DIRECTIVES),RIVER / RUNNING SURFACE WATER,2348,Escherichia coli : Confirmed : MF,320,NUMBER PER HUNDRED MILLILITRES
https://environment.data.gov.uk/water-quality/sampling-point/TH-PRTS0046/sample/1362216/observation/3722,TH-PRTS0046,R. THAMES U/S OF THE RUNNYMEDE CHANNEL INTAKE,-0.5101,51.4227,Thames,THAMES - WEST THAMES,Multiple Values,OPEN,FRESHWATER - RIVERS,2021-08-25T09:51:00,ENVIRONMENTAL MONITORING STATUTORY (EU DIRECTIVES),RIVER / RUNNING SURFACE WATER,3722,Enterococci: Intestinal: Presumptive: MF,150,Colony Forming Units / 100ml
https://environment.data.gov.uk/water-quality/sampling-point/TH-PRTS0046/sample/1362216/observation/3723,TH-PRTS0046,R. THAMES U/S OF THE RUNNYMEDE CHANNEL INTAKE,-0.5101,51.4227,Thames,THAMES - WEST THAMES,Multiple Values,OPEN,FRESHWATER - RIVERS,2021-08-25T09:51:00,ENVIRONMENTAL MONITORING STATUTORY (EU DIRECTIVES),RIVER / RUNNING SURFACE WATER,3723,Enterococci: Intestinal: Confirmed: MF,140,Colony Forming Units / 100ml
https://environment.data.gov.uk/water-quality/sampling-point/TH-PRTS0046/sample/1362216/observation/7608,TH-PRTS0046,R. THAMES U/S OF THE RUNNYMEDE CHANNEL INTAKE,-0.5101,51.4227,Thames,THAMES - WEST THAMES,Multiple Values,OPEN,FRESHWATER - RIVERS,2021-08-25T09:51:00,ENVIRONMENTAL MONITORING STATUTORY (EU DIRECTIVES),RIVER / RUNNING SURFACE WATER,7608,Salinity : In Situ,0.34,Parts per thousand
https://environment.data.gov.uk/water-quality/sampling-point/TH-PRTS0046/sample/1362216/observation/9901,TH-PRTS0046,R. THAMES U/S OF THE RUNNYMEDE CHANNEL INTAKE,-0.5101,51.4227,Thames,THAMES - WEST THAMES,Multiple Values,OPEN,FRESHWATER - RIVERS,2021-08-25T09:51:00,ENVIRONMENTAL MONITORING STATUTORY (EU DIRECTIVES),RIVER / RUNNING SURFACE WATER,9901,"Oxygen, Dissolved, % Saturation",84.2,PERCENTAGE
https://environment.data.gov.uk/water-quality/sampling-point/TH-PRTS0046/sample/1362216/observation/9924,TH-PRTS0046,R. THAMES U/S OF THE RUNNYMEDE CHANNEL INTAKE,-0.5101,51.4227,Thames,THAMES - WEST THAMES,Multiple Values,OPEN,FRESHWATER - RIVERS,2021-08-25T09:51:00,ENVIRONMENTAL MONITORING STATUTORY (EU DIRECTIVES),RIVER / RUNNING SURFACE WATER,9924,"Oxygen, Dissolved as O2",7.92,MILLIGRAM PER LITRE
https://environment.data.gov.uk/water-quality/sampling-point/TH-PRTS0046/sample/1362263/observation/0061,TH-PRTS0046,R. THAMES U/S OF THE RUNNYMEDE CHANNEL INTAKE,-0.5101,51.4227,Thames,THAMES - WEST THAMES,Multiple Values,OPEN,FRESHWATER - RIVERS,2021-08-26T08:54:00,ENVIRONMENTAL MONITORING STATUTORY (EU DIRECTIVES),RIVER / RUNNING SURFACE WATER,0061,pH,7.51,PH UNITS
https://environment.data.gov.uk/water-quality/sampling-point/TH-PRTS0046/sample/1362263/observation/0076,TH-PRTS0046,R. THAMES U/S OF THE RUNNYMEDE CHANNEL INTAKE,-0.5101,51.4227,Thames,THAMES - WEST THAMES,Multiple Values,OPEN,FRESHWATER - RIVERS,2021-08-26T08:54:00,ENVIRONMENTAL MONITORING STATUTORY (EU DIRECTIVES),RIVER / RUNNING SURFACE WATER,0076,Temperature of Water,18.2,CELSIUS
https://environment.data.gov.uk/water-quality/sampling-point/TH-PRTS0046/sample/1362263/observation/0111,TH-PRTS0046,R. THAMES U/S OF THE RUNNYMEDE CHANNEL INTAKE,-0.5101,51.4227,Thames,THAMES - WEST THAMES,Multiple Values,OPEN,FRESHWATER - RIVERS,2021-08-26T08:54:00,ENVIRONMENTAL MONITORING STATUTORY (EU DIRECTIVES),RIVER / RUNNING SURFACE WATER,0111,Ammoniacal Nitrogen as N,<0.03,MILLIGRAM PER LITRE
https://environment.data.gov.uk/water-quality/sampling-point/TH-PRTS0046/sample/1362263/observation/0119,TH-PRTS0046,R. THAMES U/S OF THE RUNNYMEDE CHANNEL INTAKE,-0.5101,51.4227,Thames,THAMES - WEST THAMES,Multiple Values,OPEN,FRESHWATER - RIVERS,2021-08-26T08:54:00,ENVIRONMENTAL MONITORING STATUTORY (EU DIRECTIVES),RIVER / RUNNING SURFACE WATER,0119,Ammonia un-ionised as N,<0.00033,MILLIGRAM PER LITRE
https://environment.data.gov.uk/water-quality/sampling-point/TH-PRTS0046/sample/1362263/observation/0135,TH-PRTS0046,R. THAMES U/S OF THE RUNNYMEDE CHANNEL INTAKE,-0.5101,51.4227,Thames,THAMES - WEST THAMES,Multiple Values,OPEN,FRESHWATER - RIVERS,2021-08-26T08:54:00,ENVIRONMENTAL MONITORING STATUTORY (EU DIRECTIVES),RIVER / RUNNING SURFACE WATER,0135,"Solids, Suspended at 105 C",7.8,MILLIGRAM PER LITRE
https://environment.data.gov.uk/water-quality/sampling-point/TH-PRTS0046/sample/1362263/observation/0180,TH-PRTS0046,R. THAMES U/S OF THE RUNNYMEDE CHANNEL INTAKE,-0.5101,51.4227,Thames,THAMES - WEST THAMES,Multiple Values,OPEN,FRESHWATER - RIVERS,2021-08-26T08:54:00,ENVIRONMENTAL MONITORING STATUTORY (EU DIRECTIVES),RIVER / RUNNING SURFACE WATER,0180,"Orthophosphate, reactive as P",0.2,MILLIGRAM PER LITRE
https://environment.data.gov.uk/water-quality/sampling-point/TH-PRTS0046/sample/1362263/observation/2958,TH-PRTS0046,R. THAMES U/S OF THE RUNNYMEDE CHANNEL INTAKE,-0.5101,51.4227,Thames,THAMES - WEST THAMES,Multiple Values,OPEN,FRESHWATER - RIVERS,2021-08-26T08:54:00,ENVIRONMENTAL MONITORING STATUTORY (EU DIRECTIVES),RIVER / RUNNING SURFACE WATER,2958,Perfluorooctanesulfonic acid (total),0.0073,MICROGRAM PER LITRE
https://environment.data.gov.uk/water-quality/sampling-point/TH-PRTS0046/sample/1362263/observation/2959,TH-PRTS0046,R. THAMES U/S OF THE RUNNYMEDE CHANNEL INTAKE,-0.5101,51.4227,Thames,THAMES - WEST THAMES,Multiple Values,OPEN,FRESHWATER - RIVERS,2021-08-26T08:54:00,ENVIRONMENTAL MONITORING STATUTORY (EU DIRECTIVES),RIVER / RUNNING SURFACE WATER,2959,Perfluorooctanesulfonic acid (linear),0.0038,MICROGRAM PER LITRE
https://environment.data.gov.uk/water-quality/sampling-point/TH-PRTS0046/sample/1362263/observation/2960,TH-PRTS0046,R. THAMES U/S OF THE RUNNYMEDE CHANNEL INTAKE,-0.5101,51.4227,Thames,THAMES - WEST THAMES,Multiple Values,OPEN,FRESHWATER - RIVERS,2021-08-26T08:54:00,ENVIRONMENTAL MONITORING STATUTORY (EU DIRECTIVES),RIVER / RUNNING SURFACE WATER,2960,Perfluorooctanesulfonic acid (branched),0.0035,MICROGRAM PER LITRE
https://environment.data.gov.uk/water-quality/sampling-point/TH-PRTS0046/sample/1362263/observation/7608,TH-PRTS0046,R. THAMES U/S OF THE RUNNYMEDE CHANNEL INTAKE,-0.5101,51.4227,Thames,THAMES - WEST THAMES,Multiple Values,OPEN,FRESHWATER - RIVERS,2021-08-26T08:54:00,ENVIRONMENTAL MONITORING STATUTORY (EU DIRECTIVES),RIVER / RUNNING SURFACE WATER,7608,Salinity : In Situ,0.35,Parts per thousand
https://environment.data.gov.uk/water-quality/sampling-point/TH-PRTS0046/sample/1362263/observation/9274,TH-PRTS0046,R. THAMES U/S OF THE RUNNYMEDE CHANNEL INTAKE,-0.5101,51.4227,Thames,THAMES - WEST THAMES,Multiple Values,OPEN,FRESHWATER - RIVERS,2021-08-26T08:54:00,ENVIRONMENTAL MONITORING STATUTORY (EU DIRECTIVES),RIVER / RUNNING SURFACE WATER,9274,Perfluorooctanoate anion,0.0036,MICROGRAM PER LITRE
https://environment.data.gov.uk/water-quality/sampling-point/TH-PRTS0046/sample/1362263/observation/9276,TH-PRTS0046,R. THAMES U/S OF THE RUNNYMEDE CHANNEL INTAKE,-0.5101,51.4227,Thames,THAMES - WEST THAMES,Multiple Values,OPEN,FRESHWATER - RIVERS,2021-08-26T08:54:00,ENVIRONMENTAL MONITORING STATUTORY (EU DIRECTIVES),RIVER / RUNNING SURFACE WATER,9276,Perfluorooctylsulphonate anion,0.0059,MICROGRAM PER LITRE
https://environment.data.gov.uk/water-quality/sampling-point/TH-PRTS0046/sample/1362263/observation/9901,TH-PRTS0046,R. THAMES U/S OF THE RUNNYMEDE CHANNEL INTAKE,-0.5101,51.4227,Thames,THAMES - WEST THAMES,Multiple Values,OPEN,FRESHWATER - RIVERS,2021-08-26T08:54:00,ENVIRONMENTAL MONITORING STATUTORY (EU DIRECTIVES),RIVER / RUNNING SURFACE WATER,9901,"Oxygen, Dissolved, % Saturation",93.7,PERCENTAGE
https://environment.data.gov.uk/water-quality/sampling-point/TH-PRTS0046/sample/1362263/observation/9924,TH-PRTS0046,R. THAMES U/S OF THE RUNNYMEDE CHANNEL INTAKE,-0.5101,51.4227,Thames,THAMES - WEST THAMES,Multiple Values,OPEN,FRESHWATER - RIVERS,2021-08-26T08:54:00,ENVIRONMENTAL MONITORING STATUTORY (EU DIRECTIVES),RIVER / RUNNING SURFACE WATER,9924,"Oxygen, Dissolved as O2",8.8,MILLIGRAM PER LITRE
https://environment.data.gov.uk/water-quality/sampling-point/TH-PRTS0046/sample/1362349/observation/0061,TH-PRTS0046,R. THAMES U/S OF THE RUNNYMEDE CHANNEL INTAKE,-0.5101,51.4227,Thames,THAMES - WEST THAMES,Multiple Values,OPEN,FRESHWATER - RIVERS,2021-08-31T08:44:00,ENVIRONMENTAL MONITORING STATUTORY (EU DIRECTIVES),RIVER / RUNNING SURFACE WATER,0061,pH,8.06,PH UNITS
https://environment.data.gov.uk/water-quality/sampling-point/TH-PRTS0046/sample/1362349/observation/0076,TH-PRTS0046,R. THAMES U/S OF THE RUNNYMEDE CHANNEL INTAKE,-0.5101,51.4227,Thames,THAMES - WEST THAMES,Multiple Values,OPEN,FRESHWATER - RIVERS,2021-08-31T08:44:00,ENVIRONMENTAL MONITORING STATUTORY (EU DIRECTIVES),RIVER / RUNNING SURFACE WATER,0076,Temperature of Water,16.5,CELSIUS
https://environment.data.gov.uk/water-quality/sampling-point/TH-PRTS0046/sample/1362349/observation/0111,TH-PRTS0046,R. THAMES U/S OF THE RUNNYMEDE CHANNEL INTAKE,-0.5101,51.4227,Thames,THAMES - WEST THAMES,Multiple Values,OPEN,FRESHWATER - RIVERS,2021-08-31T08:44:00,ENVIRONMENTAL MONITORING STATUTORY (EU DIRECTIVES),RIVER / RUNNING SURFACE WATER,0111,Ammoniacal Nitrogen as N,<0.03,MILLIGRAM PER LITRE
https://environment.data.gov.uk/water-quality/sampling-point/TH-PRTS0046/sample/1362349/observation/0119,TH-PRTS0046,R. THAMES U/S OF THE RUNNYMEDE CHANNEL INTAKE,-0.5101,51.4227,Thames,THAMES - WEST THAMES,Multiple Values,OPEN,FRESHWATER - RIVERS,2021-08-31T08:44:00,ENVIRONMENTAL MONITORING STATUTORY (EU DIRECTIVES),RIVER / RUNNING SURFACE WATER,0119,Ammonia un-ionised as N,<0.00088,MILLIGRAM PER LITRE
https://environment.data.gov.uk/water-quality/sampling-point/TH-PRTS0046/sample/1362349/observation/2348,TH-PRTS0046,R. THAMES U/S OF THE RUNNYMEDE CHANNEL INTAKE,-0.5101,51.4227,Thames,THAMES - WEST THAMES,Multiple Values,OPEN,FRESHWATER - RIVERS,2021-08-31T08:44:00,ENVIRONMENTAL MONITORING STATUTORY (EU DIRECTIVES),RIVER / RUNNING SURFACE WATER,2348,Escherichia coli : Confirmed : MF,310,NUMBER PER HUNDRED MILLILITRES
https://environment.data.gov.uk/water-quality/sampling-point/TH-PRTS0046/sample/1362349/observation/3722,TH-PRTS0046,R. THAMES U/S OF THE RUNNYMEDE CHANNEL INTAKE,-0.5101,51.4227,Thames,THAMES - WEST THAMES,Multiple Values,OPEN,FRESHWATER - RIVERS,2021-08-31T08:44:00,ENVIRONMENTAL MONITORING STATUTORY (EU DIRECTIVES),RIVER / RUNNING SURFACE WATER,3722,Enterococci: Intestinal: Presumptive: MF,280,Colony Forming Units / 100ml
https://environment.data.gov.uk/water-quality/sampling-point/TH-PRTS0046/sample/1362349/observation/3723,TH-PRTS0046,R. THAMES U/S OF THE RUNNYMEDE CHANNEL INTAKE,-0.5101,51.4227,Thames,THAMES - WEST THAMES,Multiple Values,OPEN,FRESHWATER - RIVERS,2021-08-31T08:44:00,ENVIRONMENTAL MONITORING STATUTORY (EU DIRECTIVES),RIVER / RUNNING SURFACE WATER,3723,Enterococci: Intestinal: Confirmed: MF,280,Colony Forming Units / 100ml
https://environment.data.gov.uk/water-quality/sampling-point/TH-PRTS0046/sample/1362349/observation/7608,TH-PRTS0046,R. THAMES U/S OF THE RUNNYMEDE CHANNEL INTAKE,-0.5101,51.4227,Thames,THAMES - WEST THAMES,Multiple Values,OPEN,FRESHWATER - RIVERS,2021-08-31T08:44:00,ENVIRONMENTAL MONITORING STATUTORY (EU DIRECTIVES),RIVER / RUNNING SURFACE WATER,7608,Salinity : In Situ,0.24,Parts per thousand
https://environment.data.gov.uk/water-quality/sampling-point/TH-PRTS0046/sample/1362349/observation/9901,TH-PRTS0046,R. THAMES U/S OF THE RUNNYMEDE CHANNEL INTAKE,-0.5101,51.4227,Thames,THAMES - WEST THAMES,Multiple Values,OPEN,FRESHWATER - RIVERS,2021-08-31T08:44:00,ENVIRONMENTAL MONITORING STATUTORY (EU DIRECTIVES),RIVER / RUNNING SURFACE WATER,9901,"Oxygen, Dissolved, % Saturation",83.8,PERCENTAGE
https://environment.data.gov.uk/water-quality/sampling-point/TH-PRTS0046/sample/1362349/observation/9924,TH-PRTS0046,R. THAMES U/S OF THE RUNNYMEDE CHANNEL INTAKE,-0.5101,51.4227,Thames,THAMES - WEST THAMES,Multiple Values,OPEN,FRESHWATER - RIVERS,2021-08-31T08:44:00,ENVIRONMENTAL MONITORING STATUTORY (EU DIRECTIVES),RIVER / RUNNING SURFACE WATER,9924,"Oxygen, Dissolved as O2",8.15,MILLIGRAM PER LITRE
https://environment.data.gov.uk/water-quality/sampling-point/TH-PRTS0046/sample/1362453/observation/0061,TH-PRTS0046,R. THAMES U/S OF THE RUNNYMEDE CHANNEL INTAKE,-0.5101,51.4227,Thames,THAMES - WEST THAMES,Multiple Values,OPEN,FRESHWATER - RIVERS,2021-09-06T10:19:00,ENVIRONMENTAL MONITORING STATUTORY (EU DIRECTIVES),RIVER / RUNNING SURFACE WATER,0061,pH,8.14,PH UNITS
https://environment.data.gov.uk/water-quality/sampling-point/TH-PRTS0046/sample/1362453/observation/0076,TH-PRTS0046,R. THAMES U/S OF THE RUNNYMEDE CHANNEL INTAKE,-0.5101,51.4227,Thames,THAMES - WEST THAMES,Multiple Values,OPEN,FRESHWATER - RIVERS,2021-09-06T10:19:00,ENVIRONMENTAL MONITORING STATUTORY (EU DIRECTIVES),RIVER / RUNNING SURFACE WATER,0076,Temperature of Water,17.5,CELSIUS
https://environment.data.gov.uk/water-quality/sampling-point/TH-PRTS0046/sample/1362453/observation/0111,TH-PRTS0046,R. THAMES U/S OF THE RUNNYMEDE CHANNEL INTAKE,-0.5101,51.4227,Thames,THAMES - WEST THAMES,Multiple Values,OPEN,FRESHWATER - RIVERS,2021-09-06T10:19:00,ENVIRONMENTAL MONITORING STATUTORY (EU DIRECTIVES),RIVER / RUNNING SURFACE WATER,0111,Ammoniacal Nitrogen as N,<0.03,MILLIGRAM PER LITRE
https://environment.data.gov.uk/water-quality/sampling-point/TH-PRTS0046/sample/1362453/observation/0119,TH-PRTS0046,R. THAMES U/S OF THE RUNNYMEDE CHANNEL INTAKE,-0.5101,51.4227,Thames,THAMES - WEST THAMES,Multiple Values,OPEN,FRESHWATER - RIVERS,2021-09-06T10:19:00,ENVIRONMENTAL MONITORING STATUTORY (EU DIRECTIVES),RIVER / RUNNING SURFACE WATER,0119,Ammonia un-ionised as N,<0.00094,MILLIGRAM PER LITRE
https://environment.data.gov.uk/water-quality/sampling-point/TH-PRTS0046/sample/1362453/observation/2348,TH-PRTS0046,R. THAMES U/S OF THE RUNNYMEDE CHANNEL INTAKE,-0.5101,51.4227,Thames,THAMES - WEST THAMES,Multiple Values,OPEN,FRESHWATER - RIVERS,2021-09-06T10:19:00,ENVIRONMENTAL MONITORING STATUTORY (EU DIRECTIVES),RIVER / RUNNING SURFACE WATER,2348,Escherichia coli : Confirmed : MF,270,NUMBER PER HUNDRED MILLILITRES
https://environment.data.gov.uk/water-quality/sampling-point/TH-PRTS0046/sample/1362453/observation/3722,TH-PRTS0046,R. THAMES U/S OF THE RUNNYMEDE CHANNEL INTAKE,-0.5101,51.4227,Thames,THAMES - WEST THAMES,Multiple Values,OPEN,FRESHWATER - RIVERS,2021-09-06T10:19:00,ENVIRONMENTAL MONITORING STATUTORY (EU DIRECTIVES),RIVER / RUNNING SURFACE WATER,3722,Enterococci: Intestinal: Presumptive: MF,150,Colony Forming Units / 100ml
https://environment.data.gov.uk/water-quality/sampling-point/TH-PRTS0046/sample/1362453/observation/3723,TH-PRTS0046,R. THAMES U/S OF THE RUNNYMEDE CHANNEL INTAKE,-0.5101,51.4227,Thames,THAMES - WEST THAMES,Multiple Values,OPEN,FRESHWATER - RIVERS,2021-09-06T10:19:00,ENVIRONMENTAL MONITORING STATUTORY (EU DIRECTIVES),RIVER / RUNNING SURFACE WATER,3723,Enterococci: Intestinal: Confirmed: MF,150,Colony Forming Units / 100ml
https://environment.data.gov.uk/water-quality/sampling-point/TH-PRTS0046/sample/1362453/observation/7608,TH-PRTS0046,R. THAMES U/S OF THE RUNNYMEDE CHANNEL INTAKE,-0.5101,51.4227,Thames,THAMES - WEST THAMES,Multiple Values,OPEN,FRESHWATER - RIVERS,2021-09-06T10:19:00,ENVIRONMENTAL MONITORING STATUTORY (EU DIRECTIVES),RIVER / RUNNING SURFACE WATER,7608,Salinity : In Situ,0.37,Parts per thousand
https://environment.data.gov.uk/water-quality/sampling-point/TH-PRTS0046/sample/1362453/observation/9901,TH-PRTS0046,R. THAMES U/S OF THE RUNNYMEDE CHANNEL INTAKE,-0.5101,51.4227,Thames,THAMES - WEST THAMES,Multiple Values,OPEN,FRESHWATER - RIVERS,2021-09-06T10:19:00,ENVIRONMENTAL MONITORING STATUTORY (EU DIRECTIVES),RIVER / RUNNING SURFACE WATER,9901,"Oxygen, Dissolved, % Saturation",94,PERCENTAGE
https://environment.data.gov.uk/water-quality/sampling-point/TH-PRTS0046/sample/1362453/observation/9924,TH-PRTS0046,R. THAMES U/S OF THE RUNNYMEDE CHANNEL INTAKE,-0.5101,51.4227,Thames,THAMES - WEST THAMES,Multiple Values,OPEN,FRESHWATER - RIVERS,2021-09-06T10:19:00,ENVIRONMENTAL MONITORING STATUTORY (EU DIRECTIVES),RIVER / RUNNING SURFACE WATER,9924,"Oxygen, Dissolved as O2",8.95,MILLIGRAM PER LITRE
https://environment.data.gov.uk/water-quality/sampling-point/TH-PRTS0046/sample/1362574/observation/0061,TH-PRTS0046,R. THAMES U/S OF THE RUNNYMEDE CHANNEL INTAKE,-0.5101,51.4227,Thames,THAMES - WEST THAMES,Multiple Values,OPEN,FRESHWATER - RIVERS,2021-09-12T09:25:00,ENVIRONMENTAL MONITORING STATUTORY (EU DIRECTIVES),RIVER / RUNNING SURFACE WATER,0061,pH,8.15,PH UNITS
https://environment.data.gov.uk/water-quality/sampling-point/TH-PRTS0046/sample/1362574/observation/0076,TH-PRTS0046,R. THAMES U/S OF THE RUNNYMEDE CHANNEL INTAKE,-0.5101,51.4227,Thames,THAMES - WEST THAMES,Multiple Values,OPEN,FRESHWATER - RIVERS,2021-09-12T09:25:00,ENVIRONMENTAL MONITORING STATUTORY (EU DIRECTIVES),RIVER / RUNNING SURFACE WATER,0076,Temperature of Water,18.1,CELSIUS
https://environment.data.gov.uk/water-quality/sampling-point/TH-PRTS0046/sample/1362574/observation/0111,TH-PRTS0046,R. THAMES U/S OF THE RUNNYMEDE CHANNEL INTAKE,-0.5101,51.4227,Thames,THAMES - WEST THAMES,Multiple Values,OPEN,FRESHWATER - RIVERS,2021-09-12T09:25:00,ENVIRONMENTAL MONITORING STATUTORY (EU DIRECTIVES),RIVER / RUNNING SURFACE WATER,0111,Ammoniacal Nitrogen as N,<0.03,MILLIGRAM PER LITRE
https://environment.data.gov.uk/water-quality/sampling-point/TH-PRTS0046/sample/1362574/observation/0119,TH-PRTS0046,R. THAMES U/S OF THE RUNNYMEDE CHANNEL INTAKE,-0.5101,51.4227,Thames,THAMES - WEST THAMES,Multiple Values,OPEN,FRESHWATER - RIVERS,2021-09-12T09:25:00,ENVIRONMENTAL MONITORING STATUTORY (EU DIRECTIVES),RIVER / RUNNING SURFACE WATER,0119,Ammonia un-ionised as N,<0.00099,MILLIGRAM PER LITRE
https://environment.data.gov.uk/water-quality/sampling-point/TH-PRTS0046/sample/1362574/observation/2348,TH-PRTS0046,R. THAMES U/S OF THE RUNNYMEDE CHANNEL INTAKE,-0.5101,51.4227,Thames,THAMES - WEST THAMES,Multiple Values,OPEN,FRESHWATER - RIVERS,2021-09-12T09:25:00,ENVIRONMENTAL MONITORING STATUTORY (EU DIRECTIVES),RIVER / RUNNING SURFACE WATER,2348,Escherichia coli : Confirmed : MF,270,NUMBER PER HUNDRED MILLILITRES
https://environment.data.gov.uk/water-quality/sampling-point/TH-PRTS0046/sample/1362574/observation/3722,TH-PRTS0046,R. THAMES U/S OF THE RUNNYMEDE CHANNEL INTAKE,-0.5101,51.4227,Thames,THAMES - WEST THAMES,Multiple Values,OPEN,FRESHWATER - RIVERS,2021-09-12T09:25:00,ENVIRONMENTAL MONITORING STATUTORY (EU DIRECTIVES),RIVER / RUNNING SURFACE WATER,3722,Enterococci: Intestinal: Presumptive: MF,140,Colony Forming Units / 100ml
https://environment.data.gov.uk/water-quality/sampling-point/TH-PRTS0046/sample/1362574/observation/3723,TH-PRTS0046,R. THAMES U/S OF THE RUNNYMEDE CHANNEL INTAKE,-0.5101,51.4227,Thames,THAMES - WEST THAMES,Multiple Values,OPEN,FRESHWATER - RIVERS,2021-09-12T09:25:00,ENVIRONMENTAL MONITORING STATUTORY (EU DIRECTIVES),RIVER / RUNNING SURFACE WATER,3723,Enterococci: Intestinal: Confirmed: MF,140,Colony Forming Units / 100ml
https://environment.data.gov.uk/water-quality/sampling-point/TH-PRTS0046/sample/1362574/observation/7608,TH-PRTS0046,R. THAMES U/S OF THE RUNNYMEDE CHANNEL INTAKE,-0.5101,51.4227,Thames,THAMES - WEST THAMES,Multiple Values,OPEN,FRESHWATER - RIVERS,2021-09-12T09:25:00,ENVIRONMENTAL MONITORING STATUTORY (EU DIRECTIVES),RIVER / RUNNING SURFACE WATER,7608,Salinity : In Situ,0.37,Parts per thousand
https://environment.data.gov.uk/water-quality/sampling-point/TH-PRTS0046/sample/1362574/observation/9901,TH-PRTS0046,R. THAMES U/S OF THE RUNNYMEDE CHANNEL INTAKE,-0.5101,51.4227,Thames,THAMES - WEST THAMES,Multiple Values,OPEN,FRESHWATER - RIVERS,2021-09-12T09:25:00,ENVIRONMENTAL MONITORING STATUTORY (EU DIRECTIVES),RIVER / RUNNING SURFACE WATER,9901,"Oxygen, Dissolved, % Saturation",85.9,PERCENTAGE
https://environment.data.gov.uk/water-quality/sampling-point/TH-PRTS0046/sample/1362574/observation/9924,TH-PRTS0046,R. THAMES U/S OF THE RUNNYMEDE CHANNEL INTAKE,-0.5101,51.4227,Thames,THAMES - WEST THAMES,Multiple Values,OPEN,FRESHWATER - RIVERS,2021-09-12T09:25:00,ENVIRONMENTAL MONITORING STATUTORY (EU DIRECTIVES),RIVER / RUNNING SURFACE WATER,9924,"Oxygen, Dissolved as O2",8.08,MILLIGRAM PER LITRE
https://environment.data.gov.uk/water-quality/sampling-point/TH-PRTS0046/sample/1362762/observation/0061,TH-PRTS0046,R. THAMES U/S OF THE RUNNYMEDE CHANNEL INTAKE,-0.5101,51.4227,Thames,THAMES - WEST THAMES,Multiple Values,OPEN,FRESHWATER - RIVERS,2021-09-17T09:54:00,ENVIRONMENTAL MONITORING STATUTORY (EU DIRECTIVES),RIVER / RUNNING SURFACE WATER,0061,pH,8.04,PH UNITS
https://environment.data.gov.uk/water-quality/sampling-point/TH-PRTS0046/sample/1362762/observation/0076,TH-PRTS0046,R. THAMES U/S OF THE RUNNYMEDE CHANNEL INTAKE,-0.5101,51.4227,Thames,THAMES - WEST THAMES,Multiple Values,OPEN,FRESHWATER - RIVERS,2021-09-17T09:54:00,ENVIRONMENTAL MONITORING STATUTORY (EU DIRECTIVES),RIVER / RUNNING SURFACE WATER,0076,Temperature of Water,17.7,CELSIUS
https://environment.data.gov.uk/water-quality/sampling-point/TH-PRTS0046/sample/1362762/observation/0111,TH-PRTS0046,R. THAMES U/S OF THE RUNNYMEDE CHANNEL INTAKE,-0.5101,51.4227,Thames,THAMES - WEST THAMES,Multiple Values,OPEN,FRESHWATER - RIVERS,2021-09-17T09:54:00,ENVIRONMENTAL MONITORING STATUTORY (EU DIRECTIVES),RIVER / RUNNING SURFACE WATER,0111,Ammoniacal Nitrogen as N,<0.03,MILLIGRAM PER LITRE
https://environment.data.gov.uk/water-quality/sampling-point/TH-PRTS0046/sample/1362762/observation/0119,TH-PRTS0046,R. THAMES U/S OF THE RUNNYMEDE CHANNEL INTAKE,-0.5101,51.4227,Thames,THAMES - WEST THAMES,Multiple Values,OPEN,FRESHWATER - RIVERS,2021-09-17T09:54:00,ENVIRONMENTAL MONITORING STATUTORY (EU DIRECTIVES),RIVER / RUNNING SURFACE WATER,0119,Ammonia un-ionised as N,<0.00096,MILLIGRAM PER LITRE
https://environment.data.gov.uk/water-quality/sampling-point/TH-PRTS0046/sample/1362762/observation/2348,TH-PRTS0046,R. THAMES U/S OF THE RUNNYMEDE CHANNEL INTAKE,-0.5101,51.4227,Thames,THAMES - WEST THAMES,Multiple Values,OPEN,FRESHWATER - RIVERS,2021-09-17T09:54:00,ENVIRONMENTAL MONITORING STATUTORY (EU DIRECTIVES),RIVER / RUNNING SURFACE WATER,2348,Escherichia coli : Confirmed : MF,240,NUMBER PER HUNDRED MILLILITRES
https://environment.data.gov.uk/water-quality/sampling-point/TH-PRTS0046/sample/1362762/observation/3722,TH-PRTS0046,R. THAMES U/S OF THE RUNNYMEDE CHANNEL INTAKE,-0.5101,51.4227,Thames,THAMES - WEST THAMES,Multiple Values,OPEN,FRESHWATER - RIVERS,2021-09-17T09:54:00,ENVIRONMENTAL MONITORING STATUTORY (EU DIRECTIVES),RIVER / RUNNING SURFACE WATER,3722,Enterococci: Intestinal: Presumptive: MF,6500,Colony Forming Units / 100ml
https://environment.data.gov.uk/water-quality/sampling-point/TH-PRTS0046/sample/1362762/observation/3723,TH-PRTS0046,R. THAMES U/S OF THE RUNNYMEDE CHANNEL INTAKE,-0.5101,51.4227,Thames,THAMES - WEST THAMES,Multiple Values,OPEN,FRESHWATER - RIVERS,2021-09-17T09:54:00,ENVIRONMENTAL MONITORING STATUTORY (EU DIRECTIVES),RIVER / RUNNING SURFACE WATER,3723,Enterococci: Intestinal: Confirmed: MF,6500,Colony Forming Units / 100ml
https://environment.data.gov.uk/water-quality/sampling-point/TH-PRTS0046/sample/1362762/observation/7608,TH-PRTS0046,R. THAMES U/S OF THE RUNNYMEDE CHANNEL INTAKE,-0.5101,51.4227,Thames,THAMES - WEST THAMES,Multiple Values,OPEN,FRESHWATER - RIVERS,2021-09-17T09:54:00,ENVIRONMENTAL MONITORING STATUTORY (EU DIRECTIVES),RIVER / RUNNING SURFACE WATER,7608,Salinity : In Situ,0.36,Parts per thousand
https://environment.data.gov.uk/water-quality/sampling-point/TH-PRTS0046/sample/1362762/observation/9901,TH-PRTS0046,R. THAMES U/S OF THE RUNNYMEDE CHANNEL INTAKE,-0.5101,51.4227,Thames,THAMES - WEST THAMES,Multiple Values,OPEN,FRESHWATER - RIVERS,2021-09-17T09:54:00,ENVIRONMENTAL MONITORING STATUTORY (EU DIRECTIVES),RIVER / RUNNING SURFACE WATER,9901,"Oxygen, Dissolved, % Saturation",95.7,PERCENTAGE
https://environment.data.gov.uk/water-quality/sampling-point/TH-PRTS0046/sample/1362762/observation/9924,TH-PRTS0046,R. THAMES U/S OF THE RUNNYMEDE CHANNEL INTAKE,-0.5101,51.4227,Thames,THAMES - WEST THAMES,Multiple Values,OPEN,FRESHWATER - RIVERS,2021-09-17T09:54:00,ENVIRONMENTAL MONITORING STATUTORY (EU DIRECTIVES),RIVER / RUNNING SURFACE WATER,9924,"Oxygen, Dissolved as O2",9.07,MILLIGRAM PER LITRE
https://environment.data.gov.uk/water-quality/sampling-point/TH-PRTS0046/sample/1363275/observation/0061,TH-PRTS0046,R. THAMES U/S OF THE RUNNYMEDE CHANNEL INTAKE,-0.5101,51.4227,Thames,THAMES - WEST THAMES,Multiple Values,OPEN,FRESHWATER - RIVERS,2021-09-22T09:48:00,ENVIRONMENTAL MONITORING STATUTORY (EU DIRECTIVES),RIVER / RUNNING SURFACE WATER,0061,pH,8.11,PH UNITS
https://environment.data.gov.uk/water-quality/sampling-point/TH-PRTS0046/sample/1363275/observation/0076,TH-PRTS0046,R. THAMES U/S OF THE RUNNYMEDE CHANNEL INTAKE,-0.5101,51.4227,Thames,THAMES - WEST THAMES,Multiple Values,OPEN,FRESHWATER - RIVERS,2021-09-22T09:48:00,ENVIRONMENTAL MONITORING STATUTORY (EU DIRECTIVES),RIVER / RUNNING SURFACE WATER,0076,Temperature of Water,16.4,CELSIUS
https://environment.data.gov.uk/water-quality/sampling-point/TH-PRTS0046/sample/1363275/observation/0111,TH-PRTS0046,R. THAMES U/S OF THE RUNNYMEDE CHANNEL INTAKE,-0.5101,51.4227,Thames,THAMES - WEST THAMES,Multiple Values,OPEN,FRESHWATER - RIVERS,2021-09-22T09:48:00,ENVIRONMENTAL MONITORING STATUTORY (EU DIRECTIVES),RIVER / RUNNING SURFACE WATER,0111,Ammoniacal Nitrogen as N,<0.03,MILLIGRAM PER LITRE
https://environment.data.gov.uk/water-quality/sampling-point/TH-PRTS0046/sample/1363275/observation/0119,TH-PRTS0046,R. THAMES U/S OF THE RUNNYMEDE CHANNEL INTAKE,-0.5101,51.4227,Thames,THAMES - WEST THAMES,Multiple Values,OPEN,FRESHWATER - RIVERS,2021-09-22T09:48:00,ENVIRONMENTAL MONITORING STATUTORY (EU DIRECTIVES),RIVER / RUNNING SURFACE WATER,0119,Ammonia un-ionised as N,<0.00087,MILLIGRAM PER LITRE
https://environment.data.gov.uk/water-quality/sampling-point/TH-PRTS0046/sample/1363275/observation/2348,TH-PRTS0046,R. THAMES U/S OF THE RUNNYMEDE CHANNEL INTAKE,-0.5101,51.4227,Thames,THAMES - WEST THAMES,Multiple Values,OPEN,FRESHWATER - RIVERS,2021-09-22T09:48:00,ENVIRONMENTAL MONITORING STATUTORY (EU DIRECTIVES),RIVER / RUNNING SURFACE WATER,2348,Escherichia coli : Confirmed : MF,260,NUMBER PER HUNDRED MILLILITRES
https://environment.data.gov.uk/water-quality/sampling-point/TH-PRTS0046/sample/1363275/observation/3722,TH-PRTS0046,R. THAMES U/S OF THE RUNNYMEDE CHANNEL INTAKE,-0.5101,51.4227,Thames,THAMES - WEST THAMES,Multiple Values,OPEN,FRESHWATER - RIVERS,2021-09-22T09:48:00,ENVIRONMENTAL MONITORING STATUTORY (EU DIRECTIVES),RIVER / RUNNING SURFACE WATER,3722,Enterococci: Intestinal: Presumptive: MF,200,Colony Forming Units / 100ml
https://environment.data.gov.uk/water-quality/sampling-point/TH-PRTS0046/sample/1363275/observation/3723,TH-PRTS0046,R. THAMES U/S OF THE RUNNYMEDE CHANNEL INTAKE,-0.5101,51.4227,Thames,THAMES - WEST THAMES,Multiple Values,OPEN,FRESHWATER - RIVERS,2021-09-22T09:48:00,ENVIRONMENTAL MONITORING STATUTORY (EU DIRECTIVES),RIVER / RUNNING SURFACE WATER,3723,Enterococci: Intestinal: Confirmed: MF,200,Colony Forming Units / 100ml
https://environment.data.gov.uk/water-quality/sampling-point/TH-PRTS0046/sample/1363275/observation/7608,TH-PRTS0046,R. THAMES U/S OF THE RUNNYMEDE CHANNEL INTAKE,-0.5101,51.4227,Thames,THAMES - WEST THAMES,Multiple Values,OPEN,FRESHWATER - RIVERS,2021-09-22T09:48:00,ENVIRONMENTAL MONITORING STATUTORY (EU DIRECTIVES),RIVER / RUNNING SURFACE WATER,7608,Salinity : In Situ,0.37,Parts per thousand
https://environment.data.gov.uk/water-quality/sampling-point/TH-PRTS0046/sample/1363275/observation/9901,TH-PRTS0046,R. THAMES U/S OF THE RUNNYMEDE CHANNEL INTAKE,-0.5101,51.4227,Thames,THAMES - WEST THAMES,Multiple Values,OPEN,FRESHWATER - RIVERS,2021-09-22T09:48:00,ENVIRONMENTAL MONITORING STATUTORY (EU DIRECTIVES),RIVER / RUNNING SURFACE WATER,9901,"Oxygen, Dissolved, % Saturation",95.8,PERCENTAGE
https://environment.data.gov.uk/water-quality/sampling-point/TH-PRTS0046/sample/1363275/observation/9924,TH-PRTS0046,R. THAMES U/S OF THE RUNNYMEDE CHANNEL INTAKE,-0.5101,51.4227,Thames,THAMES - WEST THAMES,Multiple Values,OPEN,FRESHWATER - RIVERS,2021-09-22T09:48:00,ENVIRONMENTAL MONITORING STATUTORY (EU DIRECTIVES),RIVER / RUNNING SURFACE WATER,9924,"Oxygen, Dissolved as O2",9.33,MILLIGRAM PER LITRE
https://environment.data.gov.uk/water-quality/sampling-point/TH-PRTS0046/sample/1366088/observation/0061,TH-PRTS0046,R. THAMES U/S OF THE RUNNYMEDE CHANNEL INTAKE,-0.5101,51.4227,Thames,THAMES - WEST THAMES,Multiple Values,OPEN,FRESHWATER - RIVERS,2021-09-24T10:32:00,ENVIRONMENTAL MONITORING STATUTORY (EU DIRECTIVES),RIVER / RUNNING SURFACE WATER,0061,pH,8.15,PH UNITS
https://environment.data.gov.uk/water-quality/sampling-point/TH-PRTS0046/sample/1366088/observation/0076,TH-PRTS0046,R. THAMES U/S OF THE RUNNYMEDE CHANNEL INTAKE,-0.5101,51.4227,Thames,THAMES - WEST THAMES,Multiple Values,OPEN,FRESHWATER - RIVERS,2021-09-24T10:32:00,ENVIRONMENTAL MONITORING STATUTORY (EU DIRECTIVES),RIVER / RUNNING SURFACE WATER,0076,Temperature of Water,16.8,CELSIUS
https://environment.data.gov.uk/water-quality/sampling-point/TH-PRTS0046/sample/1366088/observation/0111,TH-PRTS0046,R. THAMES U/S OF THE RUNNYMEDE CHANNEL INTAKE,-0.5101,51.4227,Thames,THAMES - WEST THAMES,Multiple Values,OPEN,FRESHWATER - RIVERS,2021-09-24T10:32:00,ENVIRONMENTAL MONITORING STATUTORY (EU DIRECTIVES),RIVER / RUNNING SURFACE WATER,0111,Ammoniacal Nitrogen as N,<0.03,MILLIGRAM PER LITRE
https://environment.data.gov.uk/water-quality/sampling-point/TH-PRTS0046/sample/1366088/observation/0119,TH-PRTS0046,R. THAMES U/S OF THE RUNNYMEDE CHANNEL INTAKE,-0.5101,51.4227,Thames,THAMES - WEST THAMES,Multiple Values,OPEN,FRESHWATER - RIVERS,2021-09-24T10:32:00,ENVIRONMENTAL MONITORING STATUTORY (EU DIRECTIVES),RIVER / RUNNING SURFACE WATER,0119,Ammonia un-ionised as N,<0.0009,MILLIGRAM PER LITRE
https://environment.data.gov.uk/water-quality/sampling-point/TH-PRTS0046/sample/1366088/observation/0135,TH-PRTS0046,R. THAMES U/S OF THE RUNNYMEDE CHANNEL INTAKE,-0.5101,51.4227,Thames,THAMES - WEST THAMES,Multiple Values,OPEN,FRESHWATER - RIVERS,2021-09-24T10:32:00,ENVIRONMENTAL MONITORING STATUTORY (EU DIRECTIVES),RIVER / RUNNING SURFACE WATER,0135,"Solids, Suspended at 105 C",4.5,MILLIGRAM PER LITRE
https://environment.data.gov.uk/water-quality/sampling-point/TH-PRTS0046/sample/1366088/observation/0180,TH-PRTS0046,R. THAMES U/S OF THE RUNNYMEDE CHANNEL INTAKE,-0.5101,51.4227,Thames,THAMES - WEST THAMES,Multiple Values,OPEN,FRESHWATER - RIVERS,2021-09-24T10:32:00,ENVIRONMENTAL MONITORING STATUTORY (EU DIRECTIVES),RIVER / RUNNING SURFACE WATER,0180,"Orthophosphate, reactive as P",0.26,MILLIGRAM PER LITRE
https://environment.data.gov.uk/water-quality/sampling-point/TH-PRTS0046/sample/1366088/observation/2958,TH-PRTS0046,R. THAMES U/S OF THE RUNNYMEDE CHANNEL INTAKE,-0.5101,51.4227,Thames,THAMES - WEST THAMES,Multiple Values,OPEN,FRESHWATER - RIVERS,2021-09-24T10:32:00,ENVIRONMENTAL MONITORING STATUTORY (EU DIRECTIVES),RIVER / RUNNING SURFACE WATER,2958,Perfluorooctanesulfonic acid (total),0.0052,MICROGRAM PER LITRE
https://environment.data.gov.uk/water-quality/sampling-point/TH-PRTS0046/sample/1366088/observation/2959,TH-PRTS0046,R. THAMES U/S OF THE RUNNYMEDE CHANNEL INTAKE,-0.5101,51.4227,Thames,THAMES - WEST THAMES,Multiple Values,OPEN,FRESHWATER - RIVERS,2021-09-24T10:32:00,ENVIRONMENTAL MONITORING STATUTORY (EU DIRECTIVES),RIVER / RUNNING SURFACE WATER,2959,Perfluorooctanesulfonic acid (linear),0.0029,MICROGRAM PER LITRE
https://environment.data.gov.uk/water-quality/sampling-point/TH-PRTS0046/sample/1366088/observation/2960,TH-PRTS0046,R. THAMES U/S OF THE RUNNYMEDE CHANNEL INTAKE,-0.5101,51.4227,Thames,THAMES - WEST THAMES,Multiple Values,OPEN,FRESHWATER - RIVERS,2021-09-24T10:32:00,ENVIRONMENTAL MONITORING STATUTORY (EU DIRECTIVES),RIVER / RUNNING SURFACE WATER,2960,Perfluorooctanesulfonic acid (branched),0.0023,MICROGRAM PER LITRE
https://environment.data.gov.uk/water-quality/sampling-point/TH-PRTS0046/sample/1366088/observation/7608,TH-PRTS0046,R. THAMES U/S OF THE RUNNYMEDE CHANNEL INTAKE,-0.5101,51.4227,Thames,THAMES - WEST THAMES,Multiple Values,OPEN,FRESHWATER - RIVERS,2021-09-24T10:32:00,ENVIRONMENTAL MONITORING STATUTORY (EU DIRECTIVES),RIVER / RUNNING SURFACE WATER,7608,Salinity : In Situ,0.37,Parts per thousand
https://environment.data.gov.uk/water-quality/sampling-point/TH-PRTS0046/sample/1366088/observation/9274,TH-PRTS0046,R. THAMES U/S OF THE RUNNYMEDE CHANNEL INTAKE,-0.5101,51.4227,Thames,THAMES - WEST THAMES,Multiple Values,OPEN,FRESHWATER - RIVERS,2021-09-24T10:32:00,ENVIRONMENTAL MONITORING STATUTORY (EU DIRECTIVES),RIVER / RUNNING SURFACE WATER,9274,Perfluorooctanoate anion,0.0038,MICROGRAM PER LITRE
https://environment.data.gov.uk/water-quality/sampling-point/TH-PRTS0046/sample/1366088/observation/9901,TH-PRTS0046,R. THAMES U/S OF THE RUNNYMEDE CHANNEL INTAKE,-0.5101,51.4227,Thames,THAMES - WEST THAMES,Multiple Values,OPEN,FRESHWATER - RIVERS,2021-09-24T10:32:00,ENVIRONMENTAL MONITORING STATUTORY (EU DIRECTIVES),RIVER / RUNNING SURFACE WATER,9901,"Oxygen, Dissolved, % Saturation",90.1,PERCENTAGE
https://environment.data.gov.uk/water-quality/sampling-point/TH-PRTS0046/sample/1366088/observation/9924,TH-PRTS0046,R. THAMES U/S OF THE RUNNYMEDE CHANNEL INTAKE,-0.5101,51.4227,Thames,THAMES - WEST THAMES,Multiple Values,OPEN,FRESHWATER - RIVERS,2021-09-24T10:32:00,ENVIRONMENTAL MONITORING STATUTORY (EU DIRECTIVES),RIVER / RUNNING SURFACE WATER,9924,"Oxygen, Dissolved as O2",8.7,MILLIGRAM PER LITRE
https://environment.data.gov.uk/water-quality/sampling-point/TH-PRTS0046/sample/1366900/observation/0061,TH-PRTS0046,R. THAMES U/S OF THE RUNNYMEDE CHANNEL INTAKE,-0.5101,51.4227,Thames,THAMES - WEST THAMES,Multiple Values,OPEN,FRESHWATER - RIVERS,2021-09-27T11:02:00,ENVIRONMENTAL MONITORING STATUTORY (EU DIRECTIVES),RIVER / RUNNING SURFACE WATER,0061,pH,8.12,PH UNITS
https://environment.data.gov.uk/water-quality/sampling-point/TH-PRTS0046/sample/1366900/observation/0076,TH-PRTS0046,R. THAMES U/S OF THE RUNNYMEDE CHANNEL INTAKE,-0.5101,51.4227,Thames,THAMES - WEST THAMES,Multiple Values,OPEN,FRESHWATER - RIVERS,2021-09-27T11:02:00,ENVIRONMENTAL MONITORING STATUTORY (EU DIRECTIVES),RIVER / RUNNING SURFACE WATER,0076,Temperature of Water,17,CELSIUS
https://environment.data.gov.uk/water-quality/sampling-point/TH-PRTS0046/sample/1366900/observation/0111,TH-PRTS0046,R. THAMES U/S OF THE RUNNYMEDE CHANNEL INTAKE,-0.5101,51.4227,Thames,THAMES - WEST THAMES,Multiple Values,OPEN,FRESHWATER - RIVERS,2021-09-27T11:02:00,ENVIRONMENTAL MONITORING STATUTORY (EU DIRECTIVES),RIVER / RUNNING SURFACE WATER,0111,Ammoniacal Nitrogen as N,<0.03,MILLIGRAM PER LITRE
https://environment.data.gov.uk/water-quality/sampling-point/TH-PRTS0046/sample/1366900/observation/0119,TH-PRTS0046,R. THAMES U/S OF THE RUNNYMEDE CHANNEL INTAKE,-0.5101,51.4227,Thames,THAMES - WEST THAMES,Multiple Values,OPEN,FRESHWATER - RIVERS,2021-09-27T11:02:00,ENVIRONMENTAL MONITORING STATUTORY (EU DIRECTIVES),RIVER / RUNNING SURFACE WATER,0119,Ammonia un-ionised as N,<0.00091,MILLIGRAM PER LITRE
https://environment.data.gov.uk/water-quality/sampling-point/TH-PRTS0046/sample/1366900/observation/2348,TH-PRTS0046,R. THAMES U/S OF THE RUNNYMEDE CHANNEL INTAKE,-0.5101,51.4227,Thames,THAMES - WEST THAMES,Multiple Values,OPEN,FRESHWATER - RIVERS,2021-09-27T11:02:00,ENVIRONMENTAL MONITORING STATUTORY (EU DIRECTIVES),RIVER / RUNNING SURFACE WATER,2348,Escherichia coli : Confirmed : MF,960,NUMBER PER HUNDRED MILLILITRES
https://environment.data.gov.uk/water-quality/sampling-point/TH-PRTS0046/sample/1366900/observation/3722,TH-PRTS0046,R. THAMES U/S OF THE RUNNYMEDE CHANNEL INTAKE,-0.5101,51.4227,Thames,THAMES - WEST THAMES,Multiple Values,OPEN,FRESHWATER - RIVERS,2021-09-27T11:02:00,ENVIRONMENTAL MONITORING STATUTORY (EU DIRECTIVES),RIVER / RUNNING SURFACE WATER,3722,Enterococci: Intestinal: Presumptive: MF,1200,Colony Forming Units / 100ml
https://environment.data.gov.uk/water-quality/sampling-point/TH-PRTS0046/sample/1366900/observation/3723,TH-PRTS0046,R. THAMES U/S OF THE RUNNYMEDE CHANNEL INTAKE,-0.5101,51.4227,Thames,THAMES - WEST THAMES,Multiple Values,OPEN,FRESHWATER - RIVERS,2021-09-27T11:02:00,ENVIRONMENTAL MONITORING STATUTORY (EU DIRECTIVES),RIVER / RUNNING SURFACE WATER,3723,Enterococci: Intestinal: Confirmed: MF,1200,Colony Forming Units / 100ml
https://environment.data.gov.uk/water-quality/sampling-point/TH-PRTS0046/sample/1366900/observation/7608,TH-PRTS0046,R. THAMES U/S OF THE RUNNYMEDE CHANNEL INTAKE,-0.5101,51.4227,Thames,THAMES - WEST THAMES,Multiple Values,OPEN,FRESHWATER - RIVERS,2021-09-27T11:02:00,ENVIRONMENTAL MONITORING STATUTORY (EU DIRECTIVES),RIVER / RUNNING SURFACE WATER,7608,Salinity : In Situ,0.37,Parts per thousand
https://environment.data.gov.uk/water-quality/sampling-point/TH-PRTS0046/sample/1366900/observation/9901,TH-PRTS0046,R. THAMES U/S OF THE RUNNYMEDE CHANNEL INTAKE,-0.5101,51.4227,Thames,THAMES - WEST THAMES,Multiple Values,OPEN,FRESHWATER - RIVERS,2021-09-27T11:02:00,ENVIRONMENTAL MONITORING STATUTORY (EU DIRECTIVES),RIVER / RUNNING SURFACE WATER,9901,"Oxygen, Dissolved, % Saturation",93.7,PERCENTAGE
https://environment.data.gov.uk/water-quality/sampling-point/TH-PRTS0046/sample/1366900/observation/9924,TH-PRTS0046,R. THAMES U/S OF THE RUNNYMEDE CHANNEL INTAKE,-0.5101,51.4227,Thames,THAMES - WEST THAMES,Multiple Values,OPEN,FRESHWATER - RIVERS,2021-09-27T11:02:00,ENVIRONMENTAL MONITORING STATUTORY (EU DIRECTIVES),RIVER / RUNNING SURFACE WATER,9924,"Oxygen, Dissolved as O2",9.01,MILLIGRAM PER LITRE
https://environment.data.gov.uk/water-quality/sampling-point/TH-PRTS0046/sample/1366994/observation/0061,TH-PRTS0046,R. THAMES U/S OF THE RUNNYMEDE CHANNEL INTAKE,-0.5101,51.4227,Thames,THAMES - WEST THAMES,Multiple Values,OPEN,FRESHWATER - RIVERS,2021-10-04T10:27:00,ENVIRONMENTAL MONITORING STATUTORY (EU DIRECTIVES),RIVER / RUNNING SURFACE WATER,0061,pH,8.1,PH UNITS
https://environment.data.gov.uk/water-quality/sampling-point/TH-PRTS0046/sample/1366994/observation/0076,TH-PRTS0046,R. THAMES U/S OF THE RUNNYMEDE CHANNEL INTAKE,-0.5101,51.4227,Thames,THAMES - WEST THAMES,Multiple Values,OPEN,FRESHWATER - RIVERS,2021-10-04T10:27:00,ENVIRONMENTAL MONITORING STATUTORY (EU DIRECTIVES),RIVER / RUNNING SURFACE WATER,0076,Temperature of Water,14,CELSIUS
https://environment.data.gov.uk/water-quality/sampling-point/TH-PRTS0046/sample/1366994/observation/0111,TH-PRTS0046,R. THAMES U/S OF THE RUNNYMEDE CHANNEL INTAKE,-0.5101,51.4227,Thames,THAMES - WEST THAMES,Multiple Values,OPEN,FRESHWATER - RIVERS,2021-10-04T10:27:00,ENVIRONMENTAL MONITORING STATUTORY (EU DIRECTIVES),RIVER / RUNNING SURFACE WATER,0111,Ammoniacal Nitrogen as N,0.26,MILLIGRAM PER LITRE
https://environment.data.gov.uk/water-quality/sampling-point/TH-PRTS0046/sample/1366994/observation/0119,TH-PRTS0046,R. THAMES U/S OF THE RUNNYMEDE CHANNEL INTAKE,-0.5101,51.4227,Thames,THAMES - WEST THAMES,Multiple Values,OPEN,FRESHWATER - RIVERS,2021-10-04T10:27:00,ENVIRONMENTAL MONITORING STATUTORY (EU DIRECTIVES),RIVER / RUNNING SURFACE WATER,0119,Ammonia un-ionised as N,0.00635,MILLIGRAM PER LITRE
https://environment.data.gov.uk/water-quality/sampling-point/TH-PRTS0046/sample/1366994/observation/2348,TH-PRTS0046,R. THAMES U/S OF THE RUNNYMEDE CHANNEL INTAKE,-0.5101,51.4227,Thames,THAMES - WEST THAMES,Multiple Values,OPEN,FRESHWATER - RIVERS,2021-10-04T10:27:00,ENVIRONMENTAL MONITORING STATUTORY (EU DIRECTIVES),RIVER / RUNNING SURFACE WATER,2348,Escherichia coli : Confirmed : MF,20000,NUMBER PER HUNDRED MILLILITRES
https://environment.data.gov.uk/water-quality/sampling-point/TH-PRTS0046/sample/1366994/observation/3722,TH-PRTS0046,R. THAMES U/S OF THE RUNNYMEDE CHANNEL INTAKE,-0.5101,51.4227,Thames,THAMES - WEST THAMES,Multiple Values,OPEN,FRESHWATER - RIVERS,2021-10-04T10:27:00,ENVIRONMENTAL MONITORING STATUTORY (EU DIRECTIVES),RIVER / RUNNING SURFACE WATER,3722,Enterococci: Intestinal: Presumptive: MF,3100,Colony Forming Units / 100ml
https://environment.data.gov.uk/water-quality/sampling-point/TH-PRTS0046/sample/1366994/observation/3723,TH-PRTS0046,R. THAMES U/S OF THE RUNNYMEDE CHANNEL INTAKE,-0.5101,51.4227,Thames,THAMES - WEST THAMES,Multiple Values,OPEN,FRESHWATER - RIVERS,2021-10-04T10:27:00,ENVIRONMENTAL MONITORING STATUTORY (EU DIRECTIVES),RIVER / RUNNING SURFACE WATER,3723,Enterococci: Intestinal: Confirmed: MF,3100,Colony Forming Units / 100ml
https://environment.data.gov.uk/water-quality/sampling-point/TH-PRTS0046/sample/1366994/observation/7608,TH-PRTS0046,R. THAMES U/S OF THE RUNNYMEDE CHANNEL INTAKE,-0.5101,51.4227,Thames,THAMES - WEST THAMES,Multiple Values,OPEN,FRESHWATER - RIVERS,2021-10-04T10:27:00,ENVIRONMENTAL MONITORING STATUTORY (EU DIRECTIVES),RIVER / RUNNING SURFACE WATER,7608,Salinity : In Situ,0.33,Parts per thousand
https://environment.data.gov.uk/water-quality/sampling-point/TH-PRTS0046/sample/1366994/observation/9901,TH-PRTS0046,R. THAMES U/S OF THE RUNNYMEDE CHANNEL INTAKE,-0.5101,51.4227,Thames,THAMES - WEST THAMES,Multiple Values,OPEN,FRESHWATER - RIVERS,2021-10-04T10:27:00,ENVIRONMENTAL MONITORING STATUTORY (EU DIRECTIVES),RIVER / RUNNING SURFACE WATER,9901,"Oxygen, Dissolved, % Saturation",91.6,PERCENTAGE
https://environment.data.gov.uk/water-quality/sampling-point/TH-PRTS0046/sample/1366994/observation/9924,TH-PRTS0046,R. THAMES U/S OF THE RUNNYMEDE CHANNEL INTAKE,-0.5101,51.4227,Thames,THAMES - WEST THAMES,Multiple Values,OPEN,FRESHWATER - RIVERS,2021-10-04T10:27:00,ENVIRONMENTAL MONITORING STATUTORY (EU DIRECTIVES),RIVER / RUNNING SURFACE WATER,9924,"Oxygen, Dissolved as O2",9.4,MILLIGRAM PER LITRE
https://environment.data.gov.uk/water-quality/sampling-point/TH-PRTS0046/sample/1367970/observation/0061,TH-PRTS0046,R. THAMES U/S OF THE RUNNYMEDE CHANNEL INTAKE,-0.5101,51.4227,Thames,THAMES - WEST THAMES,Multiple Values,OPEN,FRESHWATER - RIVERS,2021-10-26T10:13:00,ENVIRONMENTAL MONITORING STATUTORY (EU DIRECTIVES),RIVER / RUNNING SURFACE WATER,0061,pH,8.14,PH UNITS
https://environment.data.gov.uk/water-quality/sampling-point/TH-PRTS0046/sample/1367970/observation/0076,TH-PRTS0046,R. THAMES U/S OF THE RUNNYMEDE CHANNEL INTAKE,-0.5101,51.4227,Thames,THAMES - WEST THAMES,Multiple Values,OPEN,FRESHWATER - RIVERS,2021-10-26T10:13:00,ENVIRONMENTAL MONITORING STATUTORY (EU DIRECTIVES),RIVER / RUNNING SURFACE WATER,0076,Temperature of Water,12.2,CELSIUS
https://environment.data.gov.uk/water-quality/sampling-point/TH-PRTS0046/sample/1367970/observation/0111,TH-PRTS0046,R. THAMES U/S OF THE RUNNYMEDE CHANNEL INTAKE,-0.5101,51.4227,Thames,THAMES - WEST THAMES,Multiple Values,OPEN,FRESHWATER - RIVERS,2021-10-26T10:13:00,ENVIRONMENTAL MONITORING STATUTORY (EU DIRECTIVES),RIVER / RUNNING SURFACE WATER,0111,Ammoniacal Nitrogen as N,0.046,MILLIGRAM PER LITRE
https://environment.data.gov.uk/water-quality/sampling-point/TH-PRTS0046/sample/1367970/observation/0119,TH-PRTS0046,R. THAMES U/S OF THE RUNNYMEDE CHANNEL INTAKE,-0.5101,51.4227,Thames,THAMES - WEST THAMES,Multiple Values,OPEN,FRESHWATER - RIVERS,2021-10-26T10:13:00,ENVIRONMENTAL MONITORING STATUTORY (EU DIRECTIVES),RIVER / RUNNING SURFACE WATER,0119,Ammonia un-ionised as N,0.00099,MILLIGRAM PER LITRE
https://environment.data.gov.uk/water-quality/sampling-point/TH-PRTS0046/sample/1367970/observation/0135,TH-PRTS0046,R. THAMES U/S OF THE RUNNYMEDE CHANNEL INTAKE,-0.5101,51.4227,Thames,THAMES - WEST THAMES,Multiple Values,OPEN,FRESHWATER - RIVERS,2021-10-26T10:13:00,ENVIRONMENTAL MONITORING STATUTORY (EU DIRECTIVES),RIVER / RUNNING SURFACE WATER,0135,"Solids, Suspended at 105 C",9.3,MILLIGRAM PER LITRE
https://environment.data.gov.uk/water-quality/sampling-point/TH-PRTS0046/sample/1367970/observation/0180,TH-PRTS0046,R. THAMES U/S OF THE RUNNYMEDE CHANNEL INTAKE,-0.5101,51.4227,Thames,THAMES - WEST THAMES,Multiple Values,OPEN,FRESHWATER - RIVERS,2021-10-26T10:13:00,ENVIRONMENTAL MONITORING STATUTORY (EU DIRECTIVES),RIVER / RUNNING SURFACE WATER,0180,"Orthophosphate, reactive as P",0.23,MILLIGRAM PER LITRE
https://environment.data.gov.uk/water-quality/sampling-point/TH-PRTS0046/sample/1367970/observation/2958,TH-PRTS0046,R. THAMES U/S OF THE RUNNYMEDE CHANNEL INTAKE,-0.5101,51.4227,Thames,THAMES - WEST THAMES,Multiple Values,OPEN,FRESHWATER - RIVERS,2021-10-26T10:13:00,ENVIRONMENTAL MONITORING STATUTORY (EU DIRECTIVES),RIVER / RUNNING SURFACE WATER,2958,Perfluorooctanesulfonic acid (total),0.0066,MICROGRAM PER LITRE
https://environment.data.gov.uk/water-quality/sampling-point/TH-PRTS0046/sample/1367970/observation/2959,TH-PRTS0046,R. THAMES U/S OF THE RUNNYMEDE CHANNEL INTAKE,-0.5101,51.4227,Thames,THAMES - WEST THAMES,Multiple Values,OPEN,FRESHWATER - RIVERS,2021-10-26T10:13:00,ENVIRONMENTAL MONITORING STATUTORY (EU DIRECTIVES),RIVER / RUNNING SURFACE WATER,2959,Perfluorooctanesulfonic acid (linear),0.0038,MICROGRAM PER LITRE
https://environment.data.gov.uk/water-quality/sampling-point/TH-PRTS0046/sample/1367970/observation/2960,TH-PRTS0046,R. THAMES U/S OF THE RUNNYMEDE CHANNEL INTAKE,-0.5101,51.4227,Thames,THAMES - WEST THAMES,Multiple Values,OPEN,FRESHWATER - RIVERS,2021-10-26T10:13:00,ENVIRONMENTAL MONITORING STATUTORY (EU DIRECTIVES),RIVER / RUNNING SURFACE WATER,2960,Perfluorooctanesulfonic acid (branched),0.0029,MICROGRAM PER LITRE
https://environment.data.gov.uk/water-quality/sampling-point/TH-PRTS0046/sample/1367970/observation/7608,TH-PRTS0046,R. THAMES U/S OF THE RUNNYMEDE CHANNEL INTAKE,-0.5101,51.4227,Thames,THAMES - WEST THAMES,Multiple Values,OPEN,FRESHWATER - RIVERS,2021-10-26T10:13:00,ENVIRONMENTAL MONITORING STATUTORY (EU DIRECTIVES),RIVER / RUNNING SURFACE WATER,7608,Salinity : In Situ,0.31,Parts per thousand
https://environment.data.gov.uk/water-quality/sampling-point/TH-PRTS0046/sample/1367970/observation/9274,TH-PRTS0046,R. THAMES U/S OF THE RUNNYMEDE CHANNEL INTAKE,-0.5101,51.4227,Thames,THAMES - WEST THAMES,Multiple Values,OPEN,FRESHWATER - RIVERS,2021-10-26T10:13:00,ENVIRONMENTAL MONITORING STATUTORY (EU DIRECTIVES),RIVER / RUNNING SURFACE WATER,9274,Perfluorooctanoate anion,0.0035,MICROGRAM PER LITRE
https://environment.data.gov.uk/water-quality/sampling-point/TH-PRTS0046/sample/1367970/observation/9901,TH-PRTS0046,R. THAMES U/S OF THE RUNNYMEDE CHANNEL INTAKE,-0.5101,51.4227,Thames,THAMES - WEST THAMES,Multiple Values,OPEN,FRESHWATER - RIVERS,2021-10-26T10:13:00,ENVIRONMENTAL MONITORING STATUTORY (EU DIRECTIVES),RIVER / RUNNING SURFACE WATER,9901,"Oxygen, Dissolved, % Saturation",94.5,PERCENTAGE
https://environment.data.gov.uk/water-quality/sampling-point/TH-PRTS0046/sample/1367970/observation/9924,TH-PRTS0046,R. THAMES U/S OF THE RUNNYMEDE CHANNEL INTAKE,-0.5101,51.4227,Thames,THAMES - WEST THAMES,Multiple Values,OPEN,FRESHWATER - RIVERS,2021-10-26T10:13:00,ENVIRONMENTAL MONITORING STATUTORY (EU DIRECTIVES),RIVER / RUNNING SURFACE WATER,9924,"Oxygen, Dissolved as O2",10.1,MILLIGRAM PER LITRE
https://environment.data.gov.uk/water-quality/sampling-point/TH-PRTS0046/sample/1368971/observation/0061,TH-PRTS0046,R. THAMES U/S OF THE RUNNYMEDE CHANNEL INTAKE,-0.5101,51.4227,Thames,THAMES - WEST THAMES,Multiple Values,OPEN,FRESHWATER - RIVERS,2021-11-23T10:27:00,ENVIRONMENTAL MONITORING STATUTORY (EU DIRECTIVES),RIVER / RUNNING SURFACE WATER,0061,pH,8.14,PH UNITS
https://environment.data.gov.uk/water-quality/sampling-point/TH-PRTS0046/sample/1368971/observation/0076,TH-PRTS0046,R. THAMES U/S OF THE RUNNYMEDE CHANNEL INTAKE,-0.5101,51.4227,Thames,THAMES - WEST THAMES,Multiple Values,OPEN,FRESHWATER - RIVERS,2021-11-23T10:27:00,ENVIRONMENTAL MONITORING STATUTORY (EU DIRECTIVES),RIVER / RUNNING SURFACE WATER,0076,Temperature of Water,8.4,CELSIUS
https://environment.data.gov.uk/water-quality/sampling-point/TH-PRTS0046/sample/1368971/observation/0111,TH-PRTS0046,R. THAMES U/S OF THE RUNNYMEDE CHANNEL INTAKE,-0.5101,51.4227,Thames,THAMES - WEST THAMES,Multiple Values,OPEN,FRESHWATER - RIVERS,2021-11-23T10:27:00,ENVIRONMENTAL MONITORING STATUTORY (EU DIRECTIVES),RIVER / RUNNING SURFACE WATER,0111,Ammoniacal Nitrogen as N,0.052,MILLIGRAM PER LITRE
https://environment.data.gov.uk/water-quality/sampling-point/TH-PRTS0046/sample/1368971/observation/0119,TH-PRTS0046,R. THAMES U/S OF THE RUNNYMEDE CHANNEL INTAKE,-0.5101,51.4227,Thames,THAMES - WEST THAMES,Multiple Values,OPEN,FRESHWATER - RIVERS,2021-11-23T10:27:00,ENVIRONMENTAL MONITORING STATUTORY (EU DIRECTIVES),RIVER / RUNNING SURFACE WATER,0119,Ammonia un-ionised as N,0.00084,MILLIGRAM PER LITRE
https://environment.data.gov.uk/water-quality/sampling-point/TH-PRTS0046/sample/1368971/observation/0135,TH-PRTS0046,R. THAMES U/S OF THE RUNNYMEDE CHANNEL INTAKE,-0.5101,51.4227,Thames,THAMES - WEST THAMES,Multiple Values,OPEN,FRESHWATER - RIVERS,2021-11-23T10:27:00,ENVIRONMENTAL MONITORING STATUTORY (EU DIRECTIVES),RIVER / RUNNING SURFACE WATER,0135,"Solids, Suspended at 105 C",3.1,MILLIGRAM PER LITRE
https://environment.data.gov.uk/water-quality/sampling-point/TH-PRTS0046/sample/1368971/observation/0180,TH-PRTS0046,R. THAMES U/S OF THE RUNNYMEDE CHANNEL INTAKE,-0.5101,51.4227,Thames,THAMES - WEST THAMES,Multiple Values,OPEN,FRESHWATER - RIVERS,2021-11-23T10:27:00,ENVIRONMENTAL MONITORING STATUTORY (EU DIRECTIVES),RIVER / RUNNING SURFACE WATER,0180,"Orthophosphate, reactive as P",0.23,MILLIGRAM PER LITRE
https://environment.data.gov.uk/water-quality/sampling-point/TH-PRTS0046/sample/1368971/observation/2958,TH-PRTS0046,R. THAMES U/S OF THE RUNNYMEDE CHANNEL INTAKE,-0.5101,51.4227,Thames,THAMES - WEST THAMES,Multiple Values,OPEN,FRESHWATER - RIVERS,2021-11-23T10:27:00,ENVIRONMENTAL MONITORING STATUTORY (EU DIRECTIVES),RIVER / RUNNING SURFACE WATER,2958,Perfluorooctanesulfonic acid (total),0.0081,MICROGRAM PER LITRE
https://environment.data.gov.uk/water-quality/sampling-point/TH-PRTS0046/sample/1368971/observation/2959,TH-PRTS0046,R. THAMES U/S OF THE RUNNYMEDE CHANNEL INTAKE,-0.5101,51.4227,Thames,THAMES - WEST THAMES,Multiple Values,OPEN,FRESHWATER - RIVERS,2021-11-23T10:27:00,ENVIRONMENTAL MONITORING STATUTORY (EU DIRECTIVES),RIVER / RUNNING SURFACE WATER,2959,Perfluorooctanesulfonic acid (linear),0.0038,MICROGRAM PER LITRE
https://environment.data.gov.uk/water-quality/sampling-point/TH-PRTS0046/sample/1368971/observation/2960,TH-PRTS0046,R. THAMES U/S OF THE RUNNYMEDE CHANNEL INTAKE,-0.5101,51.4227,Thames,THAMES - WEST THAMES,Multiple Values,OPEN,FRESHWATER - RIVERS,2021-11-23T10:27:00,ENVIRONMENTAL MONITORING STATUTORY (EU DIRECTIVES),RIVER / RUNNING SURFACE WATER,2960,Perfluorooctanesulfonic acid (branched),0.0042,MICROGRAM PER LITRE
https://environment.data.gov.uk/water-quality/sampling-point/TH-PRTS0046/sample/1368971/observation/7608,TH-PRTS0046,R. THAMES U/S OF THE RUNNYMEDE CHANNEL INTAKE,-0.5101,51.4227,Thames,THAMES - WEST THAMES,Multiple Values,OPEN,FRESHWATER - RIVERS,2021-11-23T10:27:00,ENVIRONMENTAL MONITORING STATUTORY (EU DIRECTIVES),RIVER / RUNNING SURFACE WATER,7608,Salinity : In Situ,0.37,Parts per thousand
https://environment.data.gov.uk/water-quality/sampling-point/TH-PRTS0046/sample/1368971/observation/9274,TH-PRTS0046,R. THAMES U/S OF THE RUNNYMEDE CHANNEL INTAKE,-0.5101,51.4227,Thames,THAMES - WEST THAMES,Multiple Values,OPEN,FRESHWATER - RIVERS,2021-11-23T10:27:00,ENVIRONMENTAL MONITORING STATUTORY (EU DIRECTIVES),RIVER / RUNNING SURFACE WATER,9274,Perfluorooctanoate anion,<0.003,MICROGRAM PER LITRE
https://environment.data.gov.uk/water-quality/sampling-point/TH-PRTS0046/sample/1368971/observation/9901,TH-PRTS0046,R. THAMES U/S OF THE RUNNYMEDE CHANNEL INTAKE,-0.5101,51.4227,Thames,THAMES - WEST THAMES,Multiple Values,OPEN,FRESHWATER - RIVERS,2021-11-23T10:27:00,ENVIRONMENTAL MONITORING STATUTORY (EU DIRECTIVES),RIVER / RUNNING SURFACE WATER,9901,"Oxygen, Dissolved, % Saturation",95,PERCENTAGE
https://environment.data.gov.uk/water-quality/sampling-point/TH-PRTS0046/sample/1368971/observation/9924,TH-PRTS0046,R. THAMES U/S OF THE RUNNYMEDE CHANNEL INTAKE,-0.5101,51.4227,Thames,THAMES - WEST THAMES,Multiple Values,OPEN,FRESHWATER - RIVERS,2021-11-23T10:27:00,ENVIRONMENTAL MONITORING STATUTORY (EU DIRECTIVES),RIVER / RUNNING SURFACE WATER,9924,"Oxygen, Dissolved as O2",11.1,MILLIGRAM PER LITRE
https://environment.data.gov.uk/water-quality/sampling-point/TH-PRTS0046/sample/1369626/observation/0061,TH-PRTS0046,R. THAMES U/S OF THE RUNNYMEDE CHANNEL INTAKE,-0.5101,51.4227,Thames,THAMES - WEST THAMES,Multiple Values,OPEN,FRESHWATER - RIVERS,2021-12-14T11:44:00,ENVIRONMENTAL MONITORING STATUTORY (EU DIRECTIVES),RIVER / RUNNING SURFACE WATER,0061,pH,8.07,PH UNITS
https://environment.data.gov.uk/water-quality/sampling-point/TH-PRTS0046/sample/1369626/observation/0076,TH-PRTS0046,R. THAMES U/S OF THE RUNNYMEDE CHANNEL INTAKE,-0.5101,51.4227,Thames,THAMES - WEST THAMES,Multiple Values,OPEN,FRESHWATER - RIVERS,2021-12-14T11:44:00,ENVIRONMENTAL MONITORING STATUTORY (EU DIRECTIVES),RIVER / RUNNING SURFACE WATER,0076,Temperature of Water,7.5,CELSIUS
https://environment.data.gov.uk/water-quality/sampling-point/TH-PRTS0046/sample/1369626/observation/0111,TH-PRTS0046,R. THAMES U/S OF THE RUNNYMEDE CHANNEL INTAKE,-0.5101,51.4227,Thames,THAMES - WEST THAMES,Multiple Values,OPEN,FRESHWATER - RIVERS,2021-12-14T11:44:00,ENVIRONMENTAL MONITORING STATUTORY (EU DIRECTIVES),RIVER / RUNNING SURFACE WATER,0111,Ammoniacal Nitrogen as N,0.031,MILLIGRAM PER LITRE
https://environment.data.gov.uk/water-quality/sampling-point/TH-PRTS0046/sample/1369626/observation/0119,TH-PRTS0046,R. THAMES U/S OF THE RUNNYMEDE CHANNEL INTAKE,-0.5101,51.4227,Thames,THAMES - WEST THAMES,Multiple Values,OPEN,FRESHWATER - RIVERS,2021-12-14T11:44:00,ENVIRONMENTAL MONITORING STATUTORY (EU DIRECTIVES),RIVER / RUNNING SURFACE WATER,0119,Ammonia un-ionised as N,0.00047,MILLIGRAM PER LITRE
https://environment.data.gov.uk/water-quality/sampling-point/TH-PRTS0046/sample/1369626/observation/0135,TH-PRTS0046,R. THAMES U/S OF THE RUNNYMEDE CHANNEL INTAKE,-0.5101,51.4227,Thames,THAMES - WEST THAMES,Multiple Values,OPEN,FRESHWATER - RIVERS,2021-12-14T11:44:00,ENVIRONMENTAL MONITORING STATUTORY (EU DIRECTIVES),RIVER / RUNNING SURFACE WATER,0135,"Solids, Suspended at 105 C",11,MILLIGRAM PER LITRE
https://environment.data.gov.uk/water-quality/sampling-point/TH-PRTS0046/sample/1369626/observation/0180,TH-PRTS0046,R. THAMES U/S OF THE RUNNYMEDE CHANNEL INTAKE,-0.5101,51.4227,Thames,THAMES - WEST THAMES,Multiple Values,OPEN,FRESHWATER - RIVERS,2021-12-14T11:44:00,ENVIRONMENTAL MONITORING STATUTORY (EU DIRECTIVES),RIVER / RUNNING SURFACE WATER,0180,"Orthophosphate, reactive as P",0.22,MILLIGRAM PER LITRE
https://environment.data.gov.uk/water-quality/sampling-point/TH-PRTS0046/sample/1369626/observation/2958,TH-PRTS0046,R. THAMES U/S OF THE RUNNYMEDE CHANNEL INTAKE,-0.5101,51.4227,Thames,THAMES - WEST THAMES,Multiple Values,OPEN,FRESHWATER - RIVERS,2021-12-14T11:44:00,ENVIRONMENTAL MONITORING STATUTORY (EU DIRECTIVES),RIVER / RUNNING SURFACE WATER,2958,Perfluorooctanesulfonic acid (total),0.0072,MICROGRAM PER LITRE
https://environment.data.gov.uk/water-quality/sampling-point/TH-PRTS0046/sample/1369626/observation/2959,TH-PRTS0046,R. THAMES U/S OF THE RUNNYMEDE CHANNEL INTAKE,-0.5101,51.4227,Thames,THAMES - WEST THAMES,Multiple Values,OPEN,FRESHWATER - RIVERS,2021-12-14T11:44:00,ENVIRONMENTAL MONITORING STATUTORY (EU DIRECTIVES),RIVER / RUNNING SURFACE WATER,2959,Perfluorooctanesulfonic acid (linear),0.0036,MICROGRAM PER LITRE
https://environment.data.gov.uk/water-quality/sampling-point/TH-PRTS0046/sample/1369626/observation/2960,TH-PRTS0046,R. THAMES U/S OF THE RUNNYMEDE CHANNEL INTAKE,-0.5101,51.4227,Thames,THAMES - WEST THAMES,Multiple Values,OPEN,FRESHWATER - RIVERS,2021-12-14T11:44:00,ENVIRONMENTAL MONITORING STATUTORY (EU DIRECTIVES),RIVER / RUNNING SURFACE WATER,2960,Perfluorooctanesulfonic acid (branched),0.0035,MICROGRAM PER LITRE
https://environment.data.gov.uk/water-quality/sampling-point/TH-PRTS0046/sample/1369626/observation/7608,TH-PRTS0046,R. THAMES U/S OF THE RUNNYMEDE CHANNEL INTAKE,-0.5101,51.4227,Thames,THAMES - WEST THAMES,Multiple Values,OPEN,FRESHWATER - RIVERS,2021-12-14T11:44:00,ENVIRONMENTAL MONITORING STATUTORY (EU DIRECTIVES),RIVER / RUNNING SURFACE WATER,7608,Salinity : In Situ,0.36,Parts per thousand
https://environment.data.gov.uk/water-quality/sampling-point/TH-PRTS0046/sample/1369626/observation/9274,TH-PRTS0046,R. THAMES U/S OF THE RUNNYMEDE CHANNEL INTAKE,-0.5101,51.4227,Thames,THAMES - WEST THAMES,Multiple Values,OPEN,FRESHWATER - RIVERS,2021-12-14T11:44:00,ENVIRONMENTAL MONITORING STATUTORY (EU DIRECTIVES),RIVER / RUNNING SURFACE WATER,9274,Perfluorooctanoate anion,0.0028,MICROGRAM PER LITRE
https://environment.data.gov.uk/water-quality/sampling-point/TH-PRTS0046/sample/1369626/observation/9901,TH-PRTS0046,R. THAMES U/S OF THE RUNNYMEDE CHANNEL INTAKE,-0.5101,51.4227,Thames,THAMES - WEST THAMES,Multiple Values,OPEN,FRESHWATER - RIVERS,2021-12-14T11:44:00,ENVIRONMENTAL MONITORING STATUTORY (EU DIRECTIVES),RIVER / RUNNING SURFACE WATER,9901,"Oxygen, Dissolved, % Saturation",101.6,PERCENTAGE
https://environment.data.gov.uk/water-quality/sampling-point/TH-PRTS0046/sample/1369626/observation/9924,TH-PRTS0046,R. THAMES U/S OF THE RUNNYMEDE CHANNEL INTAKE,-0.5101,51.4227,Thames,THAMES - WEST THAMES,Multiple Values,OPEN,FRESHWATER - RIVERS,2021-12-14T11:44:00,ENVIRONMENTAL MONITORING STATUTORY (EU DIRECTIVES),RIVER / RUNNING SURFACE WATER,9924,"Oxygen, Dissolved as O2",12.1,MILLIGRAM PER LITRE
https://environment.data.gov.uk/water-quality/sampling-point/TH-PRTS0050/sample/1341868/observation/0061,TH-PRTS0050,ABBEY RIVER UPSTREAM OF INTERSECTION,-0.5037,51.4024,Thames,THAMES - WEST THAMES,Multiple Values,OPEN,FRESHWATER - RIVERS,2021-01-28T14:59:00,PLANNED INVESTIGATION (NATIONAL AGENCY POLICY),RIVER / RUNNING SURFACE WATER,0061,pH,8.12,PH UNITS
https://environment.data.gov.uk/water-quality/sampling-point/TH-PRTS0050/sample/1341868/observation/0076,TH-PRTS0050,ABBEY RIVER UPSTREAM OF INTERSECTION,-0.5037,51.4024,Thames,THAMES - WEST THAMES,Multiple Values,OPEN,FRESHWATER - RIVERS,2021-01-28T14:59:00,PLANNED INVESTIGATION (NATIONAL AGENCY POLICY),RIVER / RUNNING SURFACE WATER,0076,Temperature of Water,5.5,CELSIUS
https://environment.data.gov.uk/water-quality/sampling-point/TH-PRTS0050/sample/1341868/observation/7608,TH-PRTS0050,ABBEY RIVER UPSTREAM OF INTERSECTION,-0.5037,51.4024,Thames,THAMES - WEST THAMES,Multiple Values,OPEN,FRESHWATER - RIVERS,2021-01-28T14:59:00,PLANNED INVESTIGATION (NATIONAL AGENCY POLICY),RIVER / RUNNING SURFACE WATER,7608,Salinity : In Situ,0.3,Parts per thousand
https://environment.data.gov.uk/water-quality/sampling-point/TH-PRTS0050/sample/1341868/observation/9901,TH-PRTS0050,ABBEY RIVER UPSTREAM OF INTERSECTION,-0.5037,51.4024,Thames,THAMES - WEST THAMES,Multiple Values,OPEN,FRESHWATER - RIVERS,2021-01-28T14:59:00,PLANNED INVESTIGATION (NATIONAL AGENCY POLICY),RIVER / RUNNING SURFACE WATER,9901,"Oxygen, Dissolved, % Saturation",99.5,PERCENTAGE
https://environment.data.gov.uk/water-quality/sampling-point/TH-PRTS0050/sample/1341868/observation/9924,TH-PRTS0050,ABBEY RIVER UPSTREAM OF INTERSECTION,-0.5037,51.4024,Thames,THAMES - WEST THAMES,Multiple Values,OPEN,FRESHWATER - RIVERS,2021-01-28T14:59:00,PLANNED INVESTIGATION (NATIONAL AGENCY POLICY),RIVER / RUNNING SURFACE WATER,9924,"Oxygen, Dissolved as O2",12.5,MILLIGRAM PER LITRE
https://environment.data.gov.uk/water-quality/sampling-point/TH-PRTS0050/sample/1342439/observation/0061,TH-PRTS0050,ABBEY RIVER UPSTREAM OF INTERSECTION,-0.5037,51.4024,Thames,THAMES - WEST THAMES,Multiple Values,OPEN,FRESHWATER - RIVERS,2021-02-23T11:44:00,PLANNED INVESTIGATION (NATIONAL AGENCY POLICY),RIVER / RUNNING SURFACE WATER,0061,pH,8.07,PH UNITS
https://environment.data.gov.uk/water-quality/sampling-point/TH-PRTS0050/sample/1342439/observation/0076,TH-PRTS0050,ABBEY RIVER UPSTREAM OF INTERSECTION,-0.5037,51.4024,Thames,THAMES - WEST THAMES,Multiple Values,OPEN,FRESHWATER - RIVERS,2021-02-23T11:44:00,PLANNED INVESTIGATION (NATIONAL AGENCY POLICY),RIVER / RUNNING SURFACE WATER,0076,Temperature of Water,9.1,CELSIUS
https://environment.data.gov.uk/water-quality/sampling-point/TH-PRTS0050/sample/1342439/observation/7608,TH-PRTS0050,ABBEY RIVER UPSTREAM OF INTERSECTION,-0.5037,51.4024,Thames,THAMES - WEST THAMES,Multiple Values,OPEN,FRESHWATER - RIVERS,2021-02-23T11:44:00,PLANNED INVESTIGATION (NATIONAL AGENCY POLICY),RIVER / RUNNING SURFACE WATER,7608,Salinity : In Situ,0.31,Parts per thousand
https://environment.data.gov.uk/water-quality/sampling-point/TH-PRTS0050/sample/1342439/observation/9901,TH-PRTS0050,ABBEY RIVER UPSTREAM OF INTERSECTION,-0.5037,51.4024,Thames,THAMES - WEST THAMES,Multiple Values,OPEN,FRESHWATER - RIVERS,2021-02-23T11:44:00,PLANNED INVESTIGATION (NATIONAL AGENCY POLICY),RIVER / RUNNING SURFACE WATER,9901,"Oxygen, Dissolved, % Saturation",99.9,PERCENTAGE
https://environment.data.gov.uk/water-quality/sampling-point/TH-PRTS0050/sample/1342439/observation/9924,TH-PRTS0050,ABBEY RIVER UPSTREAM OF INTERSECTION,-0.5037,51.4024,Thames,THAMES - WEST THAMES,Multiple Values,OPEN,FRESHWATER - RIVERS,2021-02-23T11:44:00,PLANNED INVESTIGATION (NATIONAL AGENCY POLICY),RIVER / RUNNING SURFACE WATER,9924,"Oxygen, Dissolved as O2",11.5,MILLIGRAM PER LITRE
https://environment.data.gov.uk/water-quality/sampling-point/TH-PRTS0050/sample/1345427/observation/0061,TH-PRTS0050,ABBEY RIVER UPSTREAM OF INTERSECTION,-0.5037,51.4024,Thames,THAMES - WEST THAMES,Multiple Values,OPEN,FRESHWATER - RIVERS,2021-03-23T10:12:00,PLANNED INVESTIGATION (NATIONAL AGENCY POLICY),RIVER / RUNNING SURFACE WATER,0061,pH,8.26,PH UNITS
https://environment.data.gov.uk/water-quality/sampling-point/TH-PRTS0050/sample/1345427/observation/0076,TH-PRTS0050,ABBEY RIVER UPSTREAM OF INTERSECTION,-0.5037,51.4024,Thames,THAMES - WEST THAMES,Multiple Values,OPEN,FRESHWATER - RIVERS,2021-03-23T10:12:00,PLANNED INVESTIGATION (NATIONAL AGENCY POLICY),RIVER / RUNNING SURFACE WATER,0076,Temperature of Water,9.8,CELSIUS
https://environment.data.gov.uk/water-quality/sampling-point/TH-PRTS0050/sample/1345427/observation/7608,TH-PRTS0050,ABBEY RIVER UPSTREAM OF INTERSECTION,-0.5037,51.4024,Thames,THAMES - WEST THAMES,Multiple Values,OPEN,FRESHWATER - RIVERS,2021-03-23T10:12:00,PLANNED INVESTIGATION (NATIONAL AGENCY POLICY),RIVER / RUNNING SURFACE WATER,7608,Salinity : In Situ,0.33,Parts per thousand
https://environment.data.gov.uk/water-quality/sampling-point/TH-PRTS0050/sample/1345427/observation/9901,TH-PRTS0050,ABBEY RIVER UPSTREAM OF INTERSECTION,-0.5037,51.4024,Thames,THAMES - WEST THAMES,Multiple Values,OPEN,FRESHWATER - RIVERS,2021-03-23T10:12:00,PLANNED INVESTIGATION (NATIONAL AGENCY POLICY),RIVER / RUNNING SURFACE WATER,9901,"Oxygen, Dissolved, % Saturation",113.1,PERCENTAGE
https://environment.data.gov.uk/water-quality/sampling-point/TH-PRTS0050/sample/1345427/observation/9924,TH-PRTS0050,ABBEY RIVER UPSTREAM OF INTERSECTION,-0.5037,51.4024,Thames,THAMES - WEST THAMES,Multiple Values,OPEN,FRESHWATER - RIVERS,2021-03-23T10:12:00,PLANNED INVESTIGATION (NATIONAL AGENCY POLICY),RIVER / RUNNING SURFACE WATER,9924,"Oxygen, Dissolved as O2",12.8,MILLIGRAM PER LITRE
https://environment.data.gov.uk/water-quality/sampling-point/TH-PRTS0050/sample/1349185/observation/0061,TH-PRTS0050,ABBEY RIVER UPSTREAM OF INTERSECTION,-0.5037,51.4024,Thames,THAMES - WEST THAMES,Multiple Values,OPEN,FRESHWATER - RIVERS,2021-04-29T11:34:00,PLANNED INVESTIGATION (NATIONAL AGENCY POLICY),RIVER / RUNNING SURFACE WATER,0061,pH,8.58,PH UNITS
https://environment.data.gov.uk/water-quality/sampling-point/TH-PRTS0050/sample/1349185/observation/0076,TH-PRTS0050,ABBEY RIVER UPSTREAM OF INTERSECTION,-0.5037,51.4024,Thames,THAMES - WEST THAMES,Multiple Values,OPEN,FRESHWATER - RIVERS,2021-04-29T11:34:00,PLANNED INVESTIGATION (NATIONAL AGENCY POLICY),RIVER / RUNNING SURFACE WATER,0076,Temperature of Water,12.2,CELSIUS
https://environment.data.gov.uk/water-quality/sampling-point/TH-PRTS0050/sample/1349185/observation/7608,TH-PRTS0050,ABBEY RIVER UPSTREAM OF INTERSECTION,-0.5037,51.4024,Thames,THAMES - WEST THAMES,Multiple Values,OPEN,FRESHWATER - RIVERS,2021-04-29T11:34:00,PLANNED INVESTIGATION (NATIONAL AGENCY POLICY),RIVER / RUNNING SURFACE WATER,7608,Salinity : In Situ,0.31,Parts per thousand
https://environment.data.gov.uk/water-quality/sampling-point/TH-PRTS0050/sample/1349185/observation/9901,TH-PRTS0050,ABBEY RIVER UPSTREAM OF INTERSECTION,-0.5037,51.4024,Thames,THAMES - WEST THAMES,Multiple Values,OPEN,FRESHWATER - RIVERS,2021-04-29T11:34:00,PLANNED INVESTIGATION (NATIONAL AGENCY POLICY),RIVER / RUNNING SURFACE WATER,9901,"Oxygen, Dissolved, % Saturation",107.2,PERCENTAGE
https://environment.data.gov.uk/water-quality/sampling-point/TH-PRTS0050/sample/1349185/observation/9924,TH-PRTS0050,ABBEY RIVER UPSTREAM OF INTERSECTION,-0.5037,51.4024,Thames,THAMES - WEST THAMES,Multiple Values,OPEN,FRESHWATER - RIVERS,2021-04-29T11:34:00,PLANNED INVESTIGATION (NATIONAL AGENCY POLICY),RIVER / RUNNING SURFACE WATER,9924,"Oxygen, Dissolved as O2",11.5,MILLIGRAM PER LITRE
https://environment.data.gov.uk/water-quality/sampling-point/TH-PRTS0050/sample/1349539/observation/0061,TH-PRTS0050,ABBEY RIVER UPSTREAM OF INTERSECTION,-0.5037,51.4024,Thames,THAMES - WEST THAMES,Multiple Values,OPEN,FRESHWATER - RIVERS,2021-05-17T12:29:00,ENVIRONMENTAL MONITORING STATUTORY (EU DIRECTIVES),RIVER / RUNNING SURFACE WATER,0061,pH,8.09,PH UNITS
https://environment.data.gov.uk/water-quality/sampling-point/TH-PRTS0050/sample/1349539/observation/0076,TH-PRTS0050,ABBEY RIVER UPSTREAM OF INTERSECTION,-0.5037,51.4024,Thames,THAMES - WEST THAMES,Multiple Values,OPEN,FRESHWATER - RIVERS,2021-05-17T12:29:00,ENVIRONMENTAL MONITORING STATUTORY (EU DIRECTIVES),RIVER / RUNNING SURFACE WATER,0076,Temperature of Water,13.9,CELSIUS
https://environment.data.gov.uk/water-quality/sampling-point/TH-PRTS0050/sample/1349539/observation/0111,TH-PRTS0050,ABBEY RIVER UPSTREAM OF INTERSECTION,-0.5037,51.4024,Thames,THAMES - WEST THAMES,Multiple Values,OPEN,FRESHWATER - RIVERS,2021-05-17T12:29:00,ENVIRONMENTAL MONITORING STATUTORY (EU DIRECTIVES),RIVER / RUNNING SURFACE WATER,0111,Ammoniacal Nitrogen as N,<0.5,MILLIGRAM PER LITRE
https://environment.data.gov.uk/water-quality/sampling-point/TH-PRTS0050/sample/1349539/observation/0119,TH-PRTS0050,ABBEY RIVER UPSTREAM OF INTERSECTION,-0.5037,51.4024,Thames,THAMES - WEST THAMES,Multiple Values,OPEN,FRESHWATER - RIVERS,2021-05-17T12:29:00,ENVIRONMENTAL MONITORING STATUTORY (EU DIRECTIVES),RIVER / RUNNING SURFACE WATER,0119,Ammonia un-ionised as N,<0.0121,MILLIGRAM PER LITRE
https://environment.data.gov.uk/water-quality/sampling-point/TH-PRTS0050/sample/1349539/observation/0135,TH-PRTS0050,ABBEY RIVER UPSTREAM OF INTERSECTION,-0.5037,51.4024,Thames,THAMES - WEST THAMES,Multiple Values,OPEN,FRESHWATER - RIVERS,2021-05-17T12:29:00,ENVIRONMENTAL MONITORING STATUTORY (EU DIRECTIVES),RIVER / RUNNING SURFACE WATER,0135,"Solids, Suspended at 105 C",10,MILLIGRAM PER LITRE
https://environment.data.gov.uk/water-quality/sampling-point/TH-PRTS0050/sample/1349539/observation/0180,TH-PRTS0050,ABBEY RIVER UPSTREAM OF INTERSECTION,-0.5037,51.4024,Thames,THAMES - WEST THAMES,Multiple Values,OPEN,FRESHWATER - RIVERS,2021-05-17T12:29:00,ENVIRONMENTAL MONITORING STATUTORY (EU DIRECTIVES),RIVER / RUNNING SURFACE WATER,0180,"Orthophosphate, reactive as P",0.14,MILLIGRAM PER LITRE
https://environment.data.gov.uk/water-quality/sampling-point/TH-PRTS0050/sample/1349539/observation/7608,TH-PRTS0050,ABBEY RIVER UPSTREAM OF INTERSECTION,-0.5037,51.4024,Thames,THAMES - WEST THAMES,Multiple Values,OPEN,FRESHWATER - RIVERS,2021-05-17T12:29:00,ENVIRONMENTAL MONITORING STATUTORY (EU DIRECTIVES),RIVER / RUNNING SURFACE WATER,7608,Salinity : In Situ,0.33,Parts per thousand
https://environment.data.gov.uk/water-quality/sampling-point/TH-PRTS0050/sample/1349539/observation/9901,TH-PRTS0050,ABBEY RIVER UPSTREAM OF INTERSECTION,-0.5037,51.4024,Thames,THAMES - WEST THAMES,Multiple Values,OPEN,FRESHWATER - RIVERS,2021-05-17T12:29:00,ENVIRONMENTAL MONITORING STATUTORY (EU DIRECTIVES),RIVER / RUNNING SURFACE WATER,9901,"Oxygen, Dissolved, % Saturation",99.7,PERCENTAGE
https://environment.data.gov.uk/water-quality/sampling-point/TH-PRTS0050/sample/1349539/observation/9924,TH-PRTS0050,ABBEY RIVER UPSTREAM OF INTERSECTION,-0.5037,51.4024,Thames,THAMES - WEST THAMES,Multiple Values,OPEN,FRESHWATER - RIVERS,2021-05-17T12:29:00,ENVIRONMENTAL MONITORING STATUTORY (EU DIRECTIVES),RIVER / RUNNING SURFACE WATER,9924,"Oxygen, Dissolved as O2",10.3,MILLIGRAM PER LITRE
https://environment.data.gov.uk/water-quality/sampling-point/TH-PRTS0050/sample/1359644/observation/0061,TH-PRTS0050,ABBEY RIVER UPSTREAM OF INTERSECTION,-0.5037,51.4024,Thames,THAMES - WEST THAMES,Multiple Values,OPEN,FRESHWATER - RIVERS,2021-06-24T10:45:00,ENVIRONMENTAL MONITORING STATUTORY (EU DIRECTIVES),RIVER / RUNNING SURFACE WATER,0061,pH,8.01,PH UNITS
https://environment.data.gov.uk/water-quality/sampling-point/TH-PRTS0050/sample/1359644/observation/0076,TH-PRTS0050,ABBEY RIVER UPSTREAM OF INTERSECTION,-0.5037,51.4024,Thames,THAMES - WEST THAMES,Multiple Values,OPEN,FRESHWATER - RIVERS,2021-06-24T10:45:00,ENVIRONMENTAL MONITORING STATUTORY (EU DIRECTIVES),RIVER / RUNNING SURFACE WATER,0076,Temperature of Water,16.6,CELSIUS
https://environment.data.gov.uk/water-quality/sampling-point/TH-PRTS0050/sample/1359644/observation/0111,TH-PRTS0050,ABBEY RIVER UPSTREAM OF INTERSECTION,-0.5037,51.4024,Thames,THAMES - WEST THAMES,Multiple Values,OPEN,FRESHWATER - RIVERS,2021-06-24T10:45:00,ENVIRONMENTAL MONITORING STATUTORY (EU DIRECTIVES),RIVER / RUNNING SURFACE WATER,0111,Ammoniacal Nitrogen as N,<0.5,MILLIGRAM PER LITRE
https://environment.data.gov.uk/water-quality/sampling-point/TH-PRTS0050/sample/1359644/observation/0119,TH-PRTS0050,ABBEY RIVER UPSTREAM OF INTERSECTION,-0.5037,51.4024,Thames,THAMES - WEST THAMES,Multiple Values,OPEN,FRESHWATER - RIVERS,2021-06-24T10:45:00,ENVIRONMENTAL MONITORING STATUTORY (EU DIRECTIVES),RIVER / RUNNING SURFACE WATER,0119,Ammonia un-ionised as N,<0.0148,MILLIGRAM PER LITRE
https://environment.data.gov.uk/water-quality/sampling-point/TH-PRTS0050/sample/1359644/observation/0135,TH-PRTS0050,ABBEY RIVER UPSTREAM OF INTERSECTION,-0.5037,51.4024,Thames,THAMES - WEST THAMES,Multiple Values,OPEN,FRESHWATER - RIVERS,2021-06-24T10:45:00,ENVIRONMENTAL MONITORING STATUTORY (EU DIRECTIVES),RIVER / RUNNING SURFACE WATER,0135,"Solids, Suspended at 105 C",11,MILLIGRAM PER LITRE
https://environment.data.gov.uk/water-quality/sampling-point/TH-PRTS0050/sample/1359644/observation/0180,TH-PRTS0050,ABBEY RIVER UPSTREAM OF INTERSECTION,-0.5037,51.4024,Thames,THAMES - WEST THAMES,Multiple Values,OPEN,FRESHWATER - RIVERS,2021-06-24T10:45:00,ENVIRONMENTAL MONITORING STATUTORY (EU DIRECTIVES),RIVER / RUNNING SURFACE WATER,0180,"Orthophosphate, reactive as P",0.22,MILLIGRAM PER LITRE
https://environment.data.gov.uk/water-quality/sampling-point/TH-PRTS0050/sample/1359644/observation/7608,TH-PRTS0050,ABBEY RIVER UPSTREAM OF INTERSECTION,-0.5037,51.4024,Thames,THAMES - WEST THAMES,Multiple Values,OPEN,FRESHWATER - RIVERS,2021-06-24T10:45:00,ENVIRONMENTAL MONITORING STATUTORY (EU DIRECTIVES),RIVER / RUNNING SURFACE WATER,7608,Salinity : In Situ,0.29,Parts per thousand
https://environment.data.gov.uk/water-quality/sampling-point/TH-PRTS0050/sample/1359644/observation/9274,TH-PRTS0050,ABBEY RIVER UPSTREAM OF INTERSECTION,-0.5037,51.4024,Thames,THAMES - WEST THAMES,Multiple Values,OPEN,FRESHWATER - RIVERS,2021-06-24T10:45:00,ENVIRONMENTAL MONITORING STATUTORY (EU DIRECTIVES),RIVER / RUNNING SURFACE WATER,9274,Perfluorooctanoate anion,0.0048,MICROGRAM PER LITRE
https://environment.data.gov.uk/water-quality/sampling-point/TH-PRTS0050/sample/1359644/observation/9276,TH-PRTS0050,ABBEY RIVER UPSTREAM OF INTERSECTION,-0.5037,51.4024,Thames,THAMES - WEST THAMES,Multiple Values,OPEN,FRESHWATER - RIVERS,2021-06-24T10:45:00,ENVIRONMENTAL MONITORING STATUTORY (EU DIRECTIVES),RIVER / RUNNING SURFACE WATER,9276,Perfluorooctylsulphonate anion,0.0079,MICROGRAM PER LITRE
https://environment.data.gov.uk/water-quality/sampling-point/TH-PRTS0050/sample/1359644/observation/9901,TH-PRTS0050,ABBEY RIVER UPSTREAM OF INTERSECTION,-0.5037,51.4024,Thames,THAMES - WEST THAMES,Multiple Values,OPEN,FRESHWATER - RIVERS,2021-06-24T10:45:00,ENVIRONMENTAL MONITORING STATUTORY (EU DIRECTIVES),RIVER / RUNNING SURFACE WATER,9901,"Oxygen, Dissolved, % Saturation",88.8,PERCENTAGE
https://environment.data.gov.uk/water-quality/sampling-point/TH-PRTS0050/sample/1359644/observation/9924,TH-PRTS0050,ABBEY RIVER UPSTREAM OF INTERSECTION,-0.5037,51.4024,Thames,THAMES - WEST THAMES,Multiple Values,OPEN,FRESHWATER - RIVERS,2021-06-24T10:45:00,ENVIRONMENTAL MONITORING STATUTORY (EU DIRECTIVES),RIVER / RUNNING SURFACE WATER,9924,"Oxygen, Dissolved as O2",8.62,MILLIGRAM PER LITRE
https://environment.data.gov.uk/water-quality/sampling-point/TH-PRTS0050/sample/1360354/observation/0061,TH-PRTS0050,ABBEY RIVER UPSTREAM OF INTERSECTION,-0.5037,51.4024,Thames,THAMES - WEST THAMES,Multiple Values,OPEN,FRESHWATER - RIVERS,2021-07-20T11:21:00,ENVIRONMENTAL MONITORING STATUTORY (EU DIRECTIVES),RIVER / RUNNING SURFACE WATER,0061,pH,7.9,PH UNITS
https://environment.data.gov.uk/water-quality/sampling-point/TH-PRTS0050/sample/1360354/observation/0076,TH-PRTS0050,ABBEY RIVER UPSTREAM OF INTERSECTION,-0.5037,51.4024,Thames,THAMES - WEST THAMES,Multiple Values,OPEN,FRESHWATER - RIVERS,2021-07-20T11:21:00,ENVIRONMENTAL MONITORING STATUTORY (EU DIRECTIVES),RIVER / RUNNING SURFACE WATER,0076,Temperature of Water,22.4,CELSIUS
https://environment.data.gov.uk/water-quality/sampling-point/TH-PRTS0050/sample/1360354/observation/0111,TH-PRTS0050,ABBEY RIVER UPSTREAM OF INTERSECTION,-0.5037,51.4024,Thames,THAMES - WEST THAMES,Multiple Values,OPEN,FRESHWATER - RIVERS,2021-07-20T11:21:00,ENVIRONMENTAL MONITORING STATUTORY (EU DIRECTIVES),RIVER / RUNNING SURFACE WATER,0111,Ammoniacal Nitrogen as N,0.051,MILLIGRAM PER LITRE
https://environment.data.gov.uk/water-quality/sampling-point/TH-PRTS0050/sample/1360354/observation/0119,TH-PRTS0050,ABBEY RIVER UPSTREAM OF INTERSECTION,-0.5037,51.4024,Thames,THAMES - WEST THAMES,Multiple Values,OPEN,FRESHWATER - RIVERS,2021-07-20T11:21:00,ENVIRONMENTAL MONITORING STATUTORY (EU DIRECTIVES),RIVER / RUNNING SURFACE WATER,0119,Ammonia un-ionised as N,0.00183,MILLIGRAM PER LITRE
https://environment.data.gov.uk/water-quality/sampling-point/TH-PRTS0050/sample/1360354/observation/0135,TH-PRTS0050,ABBEY RIVER UPSTREAM OF INTERSECTION,-0.5037,51.4024,Thames,THAMES - WEST THAMES,Multiple Values,OPEN,FRESHWATER - RIVERS,2021-07-20T11:21:00,ENVIRONMENTAL MONITORING STATUTORY (EU DIRECTIVES),RIVER / RUNNING SURFACE WATER,0135,"Solids, Suspended at 105 C",19,MILLIGRAM PER LITRE
https://environment.data.gov.uk/water-quality/sampling-point/TH-PRTS0050/sample/1360354/observation/0180,TH-PRTS0050,ABBEY RIVER UPSTREAM OF INTERSECTION,-0.5037,51.4024,Thames,THAMES - WEST THAMES,Multiple Values,OPEN,FRESHWATER - RIVERS,2021-07-20T11:21:00,ENVIRONMENTAL MONITORING STATUTORY (EU DIRECTIVES),RIVER / RUNNING SURFACE WATER,0180,"Orthophosphate, reactive as P",0.21,MILLIGRAM PER LITRE
https://environment.data.gov.uk/water-quality/sampling-point/TH-PRTS0050/sample/1360354/observation/2958,TH-PRTS0050,ABBEY RIVER UPSTREAM OF INTERSECTION,-0.5037,51.4024,Thames,THAMES - WEST THAMES,Multiple Values,OPEN,FRESHWATER - RIVERS,2021-07-20T11:21:00,ENVIRONMENTAL MONITORING STATUTORY (EU DIRECTIVES),RIVER / RUNNING SURFACE WATER,2958,Perfluorooctanesulfonic acid (total),0.0075,MICROGRAM PER LITRE
https://environment.data.gov.uk/water-quality/sampling-point/TH-PRTS0050/sample/1360354/observation/2959,TH-PRTS0050,ABBEY RIVER UPSTREAM OF INTERSECTION,-0.5037,51.4024,Thames,THAMES - WEST THAMES,Multiple Values,OPEN,FRESHWATER - RIVERS,2021-07-20T11:21:00,ENVIRONMENTAL MONITORING STATUTORY (EU DIRECTIVES),RIVER / RUNNING SURFACE WATER,2959,Perfluorooctanesulfonic acid (linear),0.0042,MICROGRAM PER LITRE
https://environment.data.gov.uk/water-quality/sampling-point/TH-PRTS0050/sample/1360354/observation/2960,TH-PRTS0050,ABBEY RIVER UPSTREAM OF INTERSECTION,-0.5037,51.4024,Thames,THAMES - WEST THAMES,Multiple Values,OPEN,FRESHWATER - RIVERS,2021-07-20T11:21:00,ENVIRONMENTAL MONITORING STATUTORY (EU DIRECTIVES),RIVER / RUNNING SURFACE WATER,2960,Perfluorooctanesulfonic acid (branched),0.0033,MICROGRAM PER LITRE
https://environment.data.gov.uk/water-quality/sampling-point/TH-PRTS0050/sample/1360354/observation/7608,TH-PRTS0050,ABBEY RIVER UPSTREAM OF INTERSECTION,-0.5037,51.4024,Thames,THAMES - WEST THAMES,Multiple Values,OPEN,FRESHWATER - RIVERS,2021-07-20T11:21:00,ENVIRONMENTAL MONITORING STATUTORY (EU DIRECTIVES),RIVER / RUNNING SURFACE WATER,7608,Salinity : In Situ,0.34,Parts per thousand
https://environment.data.gov.uk/water-quality/sampling-point/TH-PRTS0050/sample/1360354/observation/9274,TH-PRTS0050,ABBEY RIVER UPSTREAM OF INTERSECTION,-0.5037,51.4024,Thames,THAMES - WEST THAMES,Multiple Values,OPEN,FRESHWATER - RIVERS,2021-07-20T11:21:00,ENVIRONMENTAL MONITORING STATUTORY (EU DIRECTIVES),RIVER / RUNNING SURFACE WATER,9274,Perfluorooctanoate anion,0.0048,MICROGRAM PER LITRE
https://environment.data.gov.uk/water-quality/sampling-point/TH-PRTS0050/sample/1360354/observation/9901,TH-PRTS0050,ABBEY RIVER UPSTREAM OF INTERSECTION,-0.5037,51.4024,Thames,THAMES - WEST THAMES,Multiple Values,OPEN,FRESHWATER - RIVERS,2021-07-20T11:21:00,ENVIRONMENTAL MONITORING STATUTORY (EU DIRECTIVES),RIVER / RUNNING SURFACE WATER,9901,"Oxygen, Dissolved, % Saturation",62.8,PERCENTAGE
https://environment.data.gov.uk/water-quality/sampling-point/TH-PRTS0050/sample/1360354/observation/9924,TH-PRTS0050,ABBEY RIVER UPSTREAM OF INTERSECTION,-0.5037,51.4024,Thames,THAMES - WEST THAMES,Multiple Values,OPEN,FRESHWATER - RIVERS,2021-07-20T11:21:00,ENVIRONMENTAL MONITORING STATUTORY (EU DIRECTIVES),RIVER / RUNNING SURFACE WATER,9924,"Oxygen, Dissolved as O2",5.43,MILLIGRAM PER LITRE
https://environment.data.gov.uk/water-quality/sampling-point/TH-PRTS0050/sample/1362267/observation/0061,TH-PRTS0050,ABBEY RIVER UPSTREAM OF INTERSECTION,-0.5037,51.4024,Thames,THAMES - WEST THAMES,Multiple Values,OPEN,FRESHWATER - RIVERS,2021-08-26T10:37:00,ENVIRONMENTAL MONITORING STATUTORY (EU DIRECTIVES),RIVER / RUNNING SURFACE WATER,0061,pH,8.13,PH UNITS
https://environment.data.gov.uk/water-quality/sampling-point/TH-PRTS0050/sample/1362267/observation/0076,TH-PRTS0050,ABBEY RIVER UPSTREAM OF INTERSECTION,-0.5037,51.4024,Thames,THAMES - WEST THAMES,Multiple Values,OPEN,FRESHWATER - RIVERS,2021-08-26T10:37:00,ENVIRONMENTAL MONITORING STATUTORY (EU DIRECTIVES),RIVER / RUNNING SURFACE WATER,0076,Temperature of Water,18.1,CELSIUS
https://environment.data.gov.uk/water-quality/sampling-point/TH-PRTS0050/sample/1362267/observation/0111,TH-PRTS0050,ABBEY RIVER UPSTREAM OF INTERSECTION,-0.5037,51.4024,Thames,THAMES - WEST THAMES,Multiple Values,OPEN,FRESHWATER - RIVERS,2021-08-26T10:37:00,ENVIRONMENTAL MONITORING STATUTORY (EU DIRECTIVES),RIVER / RUNNING SURFACE WATER,0111,Ammoniacal Nitrogen as N,0.033,MILLIGRAM PER LITRE
https://environment.data.gov.uk/water-quality/sampling-point/TH-PRTS0050/sample/1362267/observation/0119,TH-PRTS0050,ABBEY RIVER UPSTREAM OF INTERSECTION,-0.5037,51.4024,Thames,THAMES - WEST THAMES,Multiple Values,OPEN,FRESHWATER - RIVERS,2021-08-26T10:37:00,ENVIRONMENTAL MONITORING STATUTORY (EU DIRECTIVES),RIVER / RUNNING SURFACE WATER,0119,Ammonia un-ionised as N,0.00109,MILLIGRAM PER LITRE
https://environment.data.gov.uk/water-quality/sampling-point/TH-PRTS0050/sample/1362267/observation/0135,TH-PRTS0050,ABBEY RIVER UPSTREAM OF INTERSECTION,-0.5037,51.4024,Thames,THAMES - WEST THAMES,Multiple Values,OPEN,FRESHWATER - RIVERS,2021-08-26T10:37:00,ENVIRONMENTAL MONITORING STATUTORY (EU DIRECTIVES),RIVER / RUNNING SURFACE WATER,0135,"Solids, Suspended at 105 C",4.4,MILLIGRAM PER LITRE
https://environment.data.gov.uk/water-quality/sampling-point/TH-PRTS0050/sample/1362267/observation/0180,TH-PRTS0050,ABBEY RIVER UPSTREAM OF INTERSECTION,-0.5037,51.4024,Thames,THAMES - WEST THAMES,Multiple Values,OPEN,FRESHWATER - RIVERS,2021-08-26T10:37:00,ENVIRONMENTAL MONITORING STATUTORY (EU DIRECTIVES),RIVER / RUNNING SURFACE WATER,0180,"Orthophosphate, reactive as P",0.17,MILLIGRAM PER LITRE
https://environment.data.gov.uk/water-quality/sampling-point/TH-PRTS0050/sample/1362267/observation/2958,TH-PRTS0050,ABBEY RIVER UPSTREAM OF INTERSECTION,-0.5037,51.4024,Thames,THAMES - WEST THAMES,Multiple Values,OPEN,FRESHWATER - RIVERS,2021-08-26T10:37:00,ENVIRONMENTAL MONITORING STATUTORY (EU DIRECTIVES),RIVER / RUNNING SURFACE WATER,2958,Perfluorooctanesulfonic acid (total),0.0077,MICROGRAM PER LITRE
https://environment.data.gov.uk/water-quality/sampling-point/TH-PRTS0050/sample/1362267/observation/2959,TH-PRTS0050,ABBEY RIVER UPSTREAM OF INTERSECTION,-0.5037,51.4024,Thames,THAMES - WEST THAMES,Multiple Values,OPEN,FRESHWATER - RIVERS,2021-08-26T10:37:00,ENVIRONMENTAL MONITORING STATUTORY (EU DIRECTIVES),RIVER / RUNNING SURFACE WATER,2959,Perfluorooctanesulfonic acid (linear),0.0042,MICROGRAM PER LITRE
https://environment.data.gov.uk/water-quality/sampling-point/TH-PRTS0050/sample/1362267/observation/2960,TH-PRTS0050,ABBEY RIVER UPSTREAM OF INTERSECTION,-0.5037,51.4024,Thames,THAMES - WEST THAMES,Multiple Values,OPEN,FRESHWATER - RIVERS,2021-08-26T10:37:00,ENVIRONMENTAL MONITORING STATUTORY (EU DIRECTIVES),RIVER / RUNNING SURFACE WATER,2960,Perfluorooctanesulfonic acid (branched),0.0035,MICROGRAM PER LITRE
https://environment.data.gov.uk/water-quality/sampling-point/TH-PRTS0050/sample/1362267/observation/7608,TH-PRTS0050,ABBEY RIVER UPSTREAM OF INTERSECTION,-0.5037,51.4024,Thames,THAMES - WEST THAMES,Multiple Values,OPEN,FRESHWATER - RIVERS,2021-08-26T10:37:00,ENVIRONMENTAL MONITORING STATUTORY (EU DIRECTIVES),RIVER / RUNNING SURFACE WATER,7608,Salinity : In Situ,0.32,Parts per thousand
https://environment.data.gov.uk/water-quality/sampling-point/TH-PRTS0050/sample/1362267/observation/9274,TH-PRTS0050,ABBEY RIVER UPSTREAM OF INTERSECTION,-0.5037,51.4024,Thames,THAMES - WEST THAMES,Multiple Values,OPEN,FRESHWATER - RIVERS,2021-08-26T10:37:00,ENVIRONMENTAL MONITORING STATUTORY (EU DIRECTIVES),RIVER / RUNNING SURFACE WATER,9274,Perfluorooctanoate anion,0.0037,MICROGRAM PER LITRE
https://environment.data.gov.uk/water-quality/sampling-point/TH-PRTS0050/sample/1362267/observation/9276,TH-PRTS0050,ABBEY RIVER UPSTREAM OF INTERSECTION,-0.5037,51.4024,Thames,THAMES - WEST THAMES,Multiple Values,OPEN,FRESHWATER - RIVERS,2021-08-26T10:37:00,ENVIRONMENTAL MONITORING STATUTORY (EU DIRECTIVES),RIVER / RUNNING SURFACE WATER,9276,Perfluorooctylsulphonate anion,0.0055,MICROGRAM PER LITRE
https://environment.data.gov.uk/water-quality/sampling-point/TH-PRTS0050/sample/1362267/observation/9901,TH-PRTS0050,ABBEY RIVER UPSTREAM OF INTERSECTION,-0.5037,51.4024,Thames,THAMES - WEST THAMES,Multiple Values,OPEN,FRESHWATER - RIVERS,2021-08-26T10:37:00,ENVIRONMENTAL MONITORING STATUTORY (EU DIRECTIVES),RIVER / RUNNING SURFACE WATER,9901,"Oxygen, Dissolved, % Saturation",79.9,PERCENTAGE
https://environment.data.gov.uk/water-quality/sampling-point/TH-PRTS0050/sample/1362267/observation/9924,TH-PRTS0050,ABBEY RIVER UPSTREAM OF INTERSECTION,-0.5037,51.4024,Thames,THAMES - WEST THAMES,Multiple Values,OPEN,FRESHWATER - RIVERS,2021-08-26T10:37:00,ENVIRONMENTAL MONITORING STATUTORY (EU DIRECTIVES),RIVER / RUNNING SURFACE WATER,9924,"Oxygen, Dissolved as O2",7.52,MILLIGRAM PER LITRE
https://environment.data.gov.uk/water-quality/sampling-point/TH-PRTS0050/sample/1366092/observation/0061,TH-PRTS0050,ABBEY RIVER UPSTREAM OF INTERSECTION,-0.5037,51.4024,Thames,THAMES - WEST THAMES,Multiple Values,OPEN,FRESHWATER - RIVERS,2021-09-24T12:15:00,ENVIRONMENTAL MONITORING STATUTORY (EU DIRECTIVES),RIVER / RUNNING SURFACE WATER,0061,pH,8.02,PH UNITS
https://environment.data.gov.uk/water-quality/sampling-point/TH-PRTS0050/sample/1366092/observation/0076,TH-PRTS0050,ABBEY RIVER UPSTREAM OF INTERSECTION,-0.5037,51.4024,Thames,THAMES - WEST THAMES,Multiple Values,OPEN,FRESHWATER - RIVERS,2021-09-24T12:15:00,ENVIRONMENTAL MONITORING STATUTORY (EU DIRECTIVES),RIVER / RUNNING SURFACE WATER,0076,Temperature of Water,17.1,CELSIUS
https://environment.data.gov.uk/water-quality/sampling-point/TH-PRTS0050/sample/1366092/observation/0111,TH-PRTS0050,ABBEY RIVER UPSTREAM OF INTERSECTION,-0.5037,51.4024,Thames,THAMES - WEST THAMES,Multiple Values,OPEN,FRESHWATER - RIVERS,2021-09-24T12:15:00,ENVIRONMENTAL MONITORING STATUTORY (EU DIRECTIVES),RIVER / RUNNING SURFACE WATER,0111,Ammoniacal Nitrogen as N,<0.03,MILLIGRAM PER LITRE
https://environment.data.gov.uk/water-quality/sampling-point/TH-PRTS0050/sample/1366092/observation/0119,TH-PRTS0050,ABBEY RIVER UPSTREAM OF INTERSECTION,-0.5037,51.4024,Thames,THAMES - WEST THAMES,Multiple Values,OPEN,FRESHWATER - RIVERS,2021-09-24T12:15:00,ENVIRONMENTAL MONITORING STATUTORY (EU DIRECTIVES),RIVER / RUNNING SURFACE WATER,0119,Ammonia un-ionised as N,<0.00092,MILLIGRAM PER LITRE
https://environment.data.gov.uk/water-quality/sampling-point/TH-PRTS0050/sample/1366092/observation/0135,TH-PRTS0050,ABBEY RIVER UPSTREAM OF INTERSECTION,-0.5037,51.4024,Thames,THAMES - WEST THAMES,Multiple Values,OPEN,FRESHWATER - RIVERS,2021-09-24T12:15:00,ENVIRONMENTAL MONITORING STATUTORY (EU DIRECTIVES),RIVER / RUNNING SURFACE WATER,0135,"Solids, Suspended at 105 C",3.7,MILLIGRAM PER LITRE
https://environment.data.gov.uk/water-quality/sampling-point/TH-PRTS0050/sample/1366092/observation/0180,TH-PRTS0050,ABBEY RIVER UPSTREAM OF INTERSECTION,-0.5037,51.4024,Thames,THAMES - WEST THAMES,Multiple Values,OPEN,FRESHWATER - RIVERS,2021-09-24T12:15:00,ENVIRONMENTAL MONITORING STATUTORY (EU DIRECTIVES),RIVER / RUNNING SURFACE WATER,0180,"Orthophosphate, reactive as P",0.27,MILLIGRAM PER LITRE
https://environment.data.gov.uk/water-quality/sampling-point/TH-PRTS0050/sample/1366092/observation/2958,TH-PRTS0050,ABBEY RIVER UPSTREAM OF INTERSECTION,-0.5037,51.4024,Thames,THAMES - WEST THAMES,Multiple Values,OPEN,FRESHWATER - RIVERS,2021-09-24T12:15:00,ENVIRONMENTAL MONITORING STATUTORY (EU DIRECTIVES),RIVER / RUNNING SURFACE WATER,2958,Perfluorooctanesulfonic acid (total),0.0064,MICROGRAM PER LITRE
https://environment.data.gov.uk/water-quality/sampling-point/TH-PRTS0050/sample/1366092/observation/2959,TH-PRTS0050,ABBEY RIVER UPSTREAM OF INTERSECTION,-0.5037,51.4024,Thames,THAMES - WEST THAMES,Multiple Values,OPEN,FRESHWATER - RIVERS,2021-09-24T12:15:00,ENVIRONMENTAL MONITORING STATUTORY (EU DIRECTIVES),RIVER / RUNNING SURFACE WATER,2959,Perfluorooctanesulfonic acid (linear),0.0034,MICROGRAM PER LITRE
https://environment.data.gov.uk/water-quality/sampling-point/TH-PRTS0050/sample/1366092/observation/2960,TH-PRTS0050,ABBEY RIVER UPSTREAM OF INTERSECTION,-0.5037,51.4024,Thames,THAMES - WEST THAMES,Multiple Values,OPEN,FRESHWATER - RIVERS,2021-09-24T12:15:00,ENVIRONMENTAL MONITORING STATUTORY (EU DIRECTIVES),RIVER / RUNNING SURFACE WATER,2960,Perfluorooctanesulfonic acid (branched),0.0029,MICROGRAM PER LITRE
https://environment.data.gov.uk/water-quality/sampling-point/TH-PRTS0050/sample/1366092/observation/7608,TH-PRTS0050,ABBEY RIVER UPSTREAM OF INTERSECTION,-0.5037,51.4024,Thames,THAMES - WEST THAMES,Multiple Values,OPEN,FRESHWATER - RIVERS,2021-09-24T12:15:00,ENVIRONMENTAL MONITORING STATUTORY (EU DIRECTIVES),RIVER / RUNNING SURFACE WATER,7608,Salinity : In Situ,0.37,Parts per thousand
https://environment.data.gov.uk/water-quality/sampling-point/TH-PRTS0050/sample/1366092/observation/9274,TH-PRTS0050,ABBEY RIVER UPSTREAM OF INTERSECTION,-0.5037,51.4024,Thames,THAMES - WEST THAMES,Multiple Values,OPEN,FRESHWATER - RIVERS,2021-09-24T12:15:00,ENVIRONMENTAL MONITORING STATUTORY (EU DIRECTIVES),RIVER / RUNNING SURFACE WATER,9274,Perfluorooctanoate anion,0.0035,MICROGRAM PER LITRE
https://environment.data.gov.uk/water-quality/sampling-point/TH-PRTS0050/sample/1366092/observation/9901,TH-PRTS0050,ABBEY RIVER UPSTREAM OF INTERSECTION,-0.5037,51.4024,Thames,THAMES - WEST THAMES,Multiple Values,OPEN,FRESHWATER - RIVERS,2021-09-24T12:15:00,ENVIRONMENTAL MONITORING STATUTORY (EU DIRECTIVES),RIVER / RUNNING SURFACE WATER,9901,"Oxygen, Dissolved, % Saturation",82.1,PERCENTAGE
https://environment.data.gov.uk/water-quality/sampling-point/TH-PRTS0050/sample/1366092/observation/9924,TH-PRTS0050,ABBEY RIVER UPSTREAM OF INTERSECTION,-0.5037,51.4024,Thames,THAMES - WEST THAMES,Multiple Values,OPEN,FRESHWATER - RIVERS,2021-09-24T12:15:00,ENVIRONMENTAL MONITORING STATUTORY (EU DIRECTIVES),RIVER / RUNNING SURFACE WATER,9924,"Oxygen, Dissolved as O2",7.88,MILLIGRAM PER LITRE
https://environment.data.gov.uk/water-quality/sampling-point/TH-PRTS0050/sample/1367974/observation/0061,TH-PRTS0050,ABBEY RIVER UPSTREAM OF INTERSECTION,-0.5037,51.4024,Thames,THAMES - WEST THAMES,Multiple Values,OPEN,FRESHWATER - RIVERS,2021-10-26T11:35:00,ENVIRONMENTAL MONITORING STATUTORY (EU DIRECTIVES),RIVER / RUNNING SURFACE WATER,0061,pH,8.04,PH UNITS
https://environment.data.gov.uk/water-quality/sampling-point/TH-PRTS0050/sample/1367974/observation/0076,TH-PRTS0050,ABBEY RIVER UPSTREAM OF INTERSECTION,-0.5037,51.4024,Thames,THAMES - WEST THAMES,Multiple Values,OPEN,FRESHWATER - RIVERS,2021-10-26T11:35:00,ENVIRONMENTAL MONITORING STATUTORY (EU DIRECTIVES),RIVER / RUNNING SURFACE WATER,0076,Temperature of Water,12.2,CELSIUS
https://environment.data.gov.uk/water-quality/sampling-point/TH-PRTS0050/sample/1367974/observation/0111,TH-PRTS0050,ABBEY RIVER UPSTREAM OF INTERSECTION,-0.5037,51.4024,Thames,THAMES - WEST THAMES,Multiple Values,OPEN,FRESHWATER - RIVERS,2021-10-26T11:35:00,ENVIRONMENTAL MONITORING STATUTORY (EU DIRECTIVES),RIVER / RUNNING SURFACE WATER,0111,Ammoniacal Nitrogen as N,0.041,MILLIGRAM PER LITRE
https://environment.data.gov.uk/water-quality/sampling-point/TH-PRTS0050/sample/1367974/observation/0119,TH-PRTS0050,ABBEY RIVER UPSTREAM OF INTERSECTION,-0.5037,51.4024,Thames,THAMES - WEST THAMES,Multiple Values,OPEN,FRESHWATER - RIVERS,2021-10-26T11:35:00,ENVIRONMENTAL MONITORING STATUTORY (EU DIRECTIVES),RIVER / RUNNING SURFACE WATER,0119,Ammonia un-ionised as N,0.00088,MILLIGRAM PER LITRE
https://environment.data.gov.uk/water-quality/sampling-point/TH-PRTS0050/sample/1367974/observation/0135,TH-PRTS0050,ABBEY RIVER UPSTREAM OF INTERSECTION,-0.5037,51.4024,Thames,THAMES - WEST THAMES,Multiple Values,OPEN,FRESHWATER - RIVERS,2021-10-26T11:35:00,ENVIRONMENTAL MONITORING STATUTORY (EU DIRECTIVES),RIVER / RUNNING SURFACE WATER,0135,"Solids, Suspended at 105 C",28,MILLIGRAM PER LITRE
https://environment.data.gov.uk/water-quality/sampling-point/TH-PRTS0050/sample/1367974/observation/0180,TH-PRTS0050,ABBEY RIVER UPSTREAM OF INTERSECTION,-0.5037,51.4024,Thames,THAMES - WEST THAMES,Multiple Values,OPEN,FRESHWATER - RIVERS,2021-10-26T11:35:00,ENVIRONMENTAL MONITORING STATUTORY (EU DIRECTIVES),RIVER / RUNNING SURFACE WATER,0180,"Orthophosphate, reactive as P",0.23,MILLIGRAM PER LITRE
https://environment.data.gov.uk/water-quality/sampling-point/TH-PRTS0050/sample/1367974/observation/2958,TH-PRTS0050,ABBEY RIVER UPSTREAM OF INTERSECTION,-0.5037,51.4024,Thames,THAMES - WEST THAMES,Multiple Values,OPEN,FRESHWATER - RIVERS,2021-10-26T11:35:00,ENVIRONMENTAL MONITORING STATUTORY (EU DIRECTIVES),RIVER / RUNNING SURFACE WATER,2958,Perfluorooctanesulfonic acid (total),0.007,MICROGRAM PER LITRE
https://environment.data.gov.uk/water-quality/sampling-point/TH-PRTS0050/sample/1367974/observation/2959,TH-PRTS0050,ABBEY RIVER UPSTREAM OF INTERSECTION,-0.5037,51.4024,Thames,THAMES - WEST THAMES,Multiple Values,OPEN,FRESHWATER - RIVERS,2021-10-26T11:35:00,ENVIRONMENTAL MONITORING STATUTORY (EU DIRECTIVES),RIVER / RUNNING SURFACE WATER,2959,Perfluorooctanesulfonic acid (linear),0.0035,MICROGRAM PER LITRE
https://environment.data.gov.uk/water-quality/sampling-point/TH-PRTS0050/sample/1367974/observation/2960,TH-PRTS0050,ABBEY RIVER UPSTREAM OF INTERSECTION,-0.5037,51.4024,Thames,THAMES - WEST THAMES,Multiple Values,OPEN,FRESHWATER - RIVERS,2021-10-26T11:35:00,ENVIRONMENTAL MONITORING STATUTORY (EU DIRECTIVES),RIVER / RUNNING SURFACE WATER,2960,Perfluorooctanesulfonic acid (branched),0.0035,MICROGRAM PER LITRE
https://environment.data.gov.uk/water-quality/sampling-point/TH-PRTS0050/sample/1367974/observation/7608,TH-PRTS0050,ABBEY RIVER UPSTREAM OF INTERSECTION,-0.5037,51.4024,Thames,THAMES - WEST THAMES,Multiple Values,OPEN,FRESHWATER - RIVERS,2021-10-26T11:35:00,ENVIRONMENTAL MONITORING STATUTORY (EU DIRECTIVES),RIVER / RUNNING SURFACE WATER,7608,Salinity : In Situ,0.31,Parts per thousand
https://environment.data.gov.uk/water-quality/sampling-point/TH-PRTS0050/sample/1367974/observation/9274,TH-PRTS0050,ABBEY RIVER UPSTREAM OF INTERSECTION,-0.5037,51.4024,Thames,THAMES - WEST THAMES,Multiple Values,OPEN,FRESHWATER - RIVERS,2021-10-26T11:35:00,ENVIRONMENTAL MONITORING STATUTORY (EU DIRECTIVES),RIVER / RUNNING SURFACE WATER,9274,Perfluorooctanoate anion,0.0037,MICROGRAM PER LITRE
https://environment.data.gov.uk/water-quality/sampling-point/TH-PRTS0050/sample/1367974/observation/9901,TH-PRTS0050,ABBEY RIVER UPSTREAM OF INTERSECTION,-0.5037,51.4024,Thames,THAMES - WEST THAMES,Multiple Values,OPEN,FRESHWATER - RIVERS,2021-10-26T11:35:00,ENVIRONMENTAL MONITORING STATUTORY (EU DIRECTIVES),RIVER / RUNNING SURFACE WATER,9901,"Oxygen, Dissolved, % Saturation",88.6,PERCENTAGE
https://environment.data.gov.uk/water-quality/sampling-point/TH-PRTS0050/sample/1367974/observation/9924,TH-PRTS0050,ABBEY RIVER UPSTREAM OF INTERSECTION,-0.5037,51.4024,Thames,THAMES - WEST THAMES,Multiple Values,OPEN,FRESHWATER - RIVERS,2021-10-26T11:35:00,ENVIRONMENTAL MONITORING STATUTORY (EU DIRECTIVES),RIVER / RUNNING SURFACE WATER,9924,"Oxygen, Dissolved as O2",9.47,MILLIGRAM PER LITRE
https://environment.data.gov.uk/water-quality/sampling-point/TH-PRTS0050/sample/1368975/observation/0061,TH-PRTS0050,ABBEY RIVER UPSTREAM OF INTERSECTION,-0.5037,51.4024,Thames,THAMES - WEST THAMES,Multiple Values,OPEN,FRESHWATER - RIVERS,2021-11-23T11:54:00,ENVIRONMENTAL MONITORING STATUTORY (EU DIRECTIVES),RIVER / RUNNING SURFACE WATER,0061,pH,8.12,PH UNITS
https://environment.data.gov.uk/water-quality/sampling-point/TH-PRTS0050/sample/1368975/observation/0076,TH-PRTS0050,ABBEY RIVER UPSTREAM OF INTERSECTION,-0.5037,51.4024,Thames,THAMES - WEST THAMES,Multiple Values,OPEN,FRESHWATER - RIVERS,2021-11-23T11:54:00,ENVIRONMENTAL MONITORING STATUTORY (EU DIRECTIVES),RIVER / RUNNING SURFACE WATER,0076,Temperature of Water,7.8,CELSIUS
https://environment.data.gov.uk/water-quality/sampling-point/TH-PRTS0050/sample/1368975/observation/0111,TH-PRTS0050,ABBEY RIVER UPSTREAM OF INTERSECTION,-0.5037,51.4024,Thames,THAMES - WEST THAMES,Multiple Values,OPEN,FRESHWATER - RIVERS,2021-11-23T11:54:00,ENVIRONMENTAL MONITORING STATUTORY (EU DIRECTIVES),RIVER / RUNNING SURFACE WATER,0111,Ammoniacal Nitrogen as N,0.063,MILLIGRAM PER LITRE
https://environment.data.gov.uk/water-quality/sampling-point/TH-PRTS0050/sample/1368975/observation/0119,TH-PRTS0050,ABBEY RIVER UPSTREAM OF INTERSECTION,-0.5037,51.4024,Thames,THAMES - WEST THAMES,Multiple Values,OPEN,FRESHWATER - RIVERS,2021-11-23T11:54:00,ENVIRONMENTAL MONITORING STATUTORY (EU DIRECTIVES),RIVER / RUNNING SURFACE WATER,0119,Ammonia un-ionised as N,0.00098,MILLIGRAM PER LITRE
https://environment.data.gov.uk/water-quality/sampling-point/TH-PRTS0050/sample/1368975/observation/0135,TH-PRTS0050,ABBEY RIVER UPSTREAM OF INTERSECTION,-0.5037,51.4024,Thames,THAMES - WEST THAMES,Multiple Values,OPEN,FRESHWATER - RIVERS,2021-11-23T11:54:00,ENVIRONMENTAL MONITORING STATUTORY (EU DIRECTIVES),RIVER / RUNNING SURFACE WATER,0135,"Solids, Suspended at 105 C",5.7,MILLIGRAM PER LITRE
https://environment.data.gov.uk/water-quality/sampling-point/TH-PRTS0050/sample/1368975/observation/0180,TH-PRTS0050,ABBEY RIVER UPSTREAM OF INTERSECTION,-0.5037,51.4024,Thames,THAMES - WEST THAMES,Multiple Values,OPEN,FRESHWATER - RIVERS,2021-11-23T11:54:00,ENVIRONMENTAL MONITORING STATUTORY (EU DIRECTIVES),RIVER / RUNNING SURFACE WATER,0180,"Orthophosphate, reactive as P",0.21,MILLIGRAM PER LITRE
https://environment.data.gov.uk/water-quality/sampling-point/TH-PRTS0050/sample/1368975/observation/2958,TH-PRTS0050,ABBEY RIVER UPSTREAM OF INTERSECTION,-0.5037,51.4024,Thames,THAMES - WEST THAMES,Multiple Values,OPEN,FRESHWATER - RIVERS,2021-11-23T11:54:00,ENVIRONMENTAL MONITORING STATUTORY (EU DIRECTIVES),RIVER / RUNNING SURFACE WATER,2958,Perfluorooctanesulfonic acid (total),0.0071,MICROGRAM PER LITRE
https://environment.data.gov.uk/water-quality/sampling-point/TH-PRTS0050/sample/1368975/observation/2959,TH-PRTS0050,ABBEY RIVER UPSTREAM OF INTERSECTION,-0.5037,51.4024,Thames,THAMES - WEST THAMES,Multiple Values,OPEN,FRESHWATER - RIVERS,2021-11-23T11:54:00,ENVIRONMENTAL MONITORING STATUTORY (EU DIRECTIVES),RIVER / RUNNING SURFACE WATER,2959,Perfluorooctanesulfonic acid (linear),0.0035,MICROGRAM PER LITRE
https://environment.data.gov.uk/water-quality/sampling-point/TH-PRTS0050/sample/1368975/observation/2960,TH-PRTS0050,ABBEY RIVER UPSTREAM OF INTERSECTION,-0.5037,51.4024,Thames,THAMES - WEST THAMES,Multiple Values,OPEN,FRESHWATER - RIVERS,2021-11-23T11:54:00,ENVIRONMENTAL MONITORING STATUTORY (EU DIRECTIVES),RIVER / RUNNING SURFACE WATER,2960,Perfluorooctanesulfonic acid (branched),0.0037,MICROGRAM PER LITRE
https://environment.data.gov.uk/water-quality/sampling-point/TH-PRTS0050/sample/1368975/observation/7608,TH-PRTS0050,ABBEY RIVER UPSTREAM OF INTERSECTION,-0.5037,51.4024,Thames,THAMES - WEST THAMES,Multiple Values,OPEN,FRESHWATER - RIVERS,2021-11-23T11:54:00,ENVIRONMENTAL MONITORING STATUTORY (EU DIRECTIVES),RIVER / RUNNING SURFACE WATER,7608,Salinity : In Situ,0.3,Parts per thousand
https://environment.data.gov.uk/water-quality/sampling-point/TH-PRTS0050/sample/1368975/observation/9274,TH-PRTS0050,ABBEY RIVER UPSTREAM OF INTERSECTION,-0.5037,51.4024,Thames,THAMES - WEST THAMES,Multiple Values,OPEN,FRESHWATER - RIVERS,2021-11-23T11:54:00,ENVIRONMENTAL MONITORING STATUTORY (EU DIRECTIVES),RIVER / RUNNING SURFACE WATER,9274,Perfluorooctanoate anion,0.0023,MICROGRAM PER LITRE
https://environment.data.gov.uk/water-quality/sampling-point/TH-PRTS0050/sample/1368975/observation/9901,TH-PRTS0050,ABBEY RIVER UPSTREAM OF INTERSECTION,-0.5037,51.4024,Thames,THAMES - WEST THAMES,Multiple Values,OPEN,FRESHWATER - RIVERS,2021-11-23T11:54:00,ENVIRONMENTAL MONITORING STATUTORY (EU DIRECTIVES),RIVER / RUNNING SURFACE WATER,9901,"Oxygen, Dissolved, % Saturation",94,PERCENTAGE
https://environment.data.gov.uk/water-quality/sampling-point/TH-PRTS0050/sample/1368975/observation/9924,TH-PRTS0050,ABBEY RIVER UPSTREAM OF INTERSECTION,-0.5037,51.4024,Thames,THAMES - WEST THAMES,Multiple Values,OPEN,FRESHWATER - RIVERS,2021-11-23T11:54:00,ENVIRONMENTAL MONITORING STATUTORY (EU DIRECTIVES),RIVER / RUNNING SURFACE WATER,9924,"Oxygen, Dissolved as O2",11.2,MILLIGRAM PER LITRE
https://environment.data.gov.uk/water-quality/sampling-point/TH-PRTS0050/sample/1369630/observation/0061,TH-PRTS0050,ABBEY RIVER UPSTREAM OF INTERSECTION,-0.5037,51.4024,Thames,THAMES - WEST THAMES,Multiple Values,OPEN,FRESHWATER - RIVERS,2021-12-14T12:03:00,ENVIRONMENTAL MONITORING STATUTORY (EU DIRECTIVES),RIVER / RUNNING SURFACE WATER,0061,pH,7.81,PH UNITS
https://environment.data.gov.uk/water-quality/sampling-point/TH-PRTS0050/sample/1369630/observation/0076,TH-PRTS0050,ABBEY RIVER UPSTREAM OF INTERSECTION,-0.5037,51.4024,Thames,THAMES - WEST THAMES,Multiple Values,OPEN,FRESHWATER - RIVERS,2021-12-14T12:03:00,ENVIRONMENTAL MONITORING STATUTORY (EU DIRECTIVES),RIVER / RUNNING SURFACE WATER,0076,Temperature of Water,7.8,CELSIUS
https://environment.data.gov.uk/water-quality/sampling-point/TH-PRTS0050/sample/1369630/observation/0111,TH-PRTS0050,ABBEY RIVER UPSTREAM OF INTERSECTION,-0.5037,51.4024,Thames,THAMES - WEST THAMES,Multiple Values,OPEN,FRESHWATER - RIVERS,2021-12-14T12:03:00,ENVIRONMENTAL MONITORING STATUTORY (EU DIRECTIVES),RIVER / RUNNING SURFACE WATER,0111,Ammoniacal Nitrogen as N,0.046,MILLIGRAM PER LITRE
https://environment.data.gov.uk/water-quality/sampling-point/TH-PRTS0050/sample/1369630/observation/0119,TH-PRTS0050,ABBEY RIVER UPSTREAM OF INTERSECTION,-0.5037,51.4024,Thames,THAMES - WEST THAMES,Multiple Values,OPEN,FRESHWATER - RIVERS,2021-12-14T12:03:00,ENVIRONMENTAL MONITORING STATUTORY (EU DIRECTIVES),RIVER / RUNNING SURFACE WATER,0119,Ammonia un-ionised as N,0.00046,MILLIGRAM PER LITRE
https://environment.data.gov.uk/water-quality/sampling-point/TH-PRTS0050/sample/1369630/observation/0135,TH-PRTS0050,ABBEY RIVER UPSTREAM OF INTERSECTION,-0.5037,51.4024,Thames,THAMES - WEST THAMES,Multiple Values,OPEN,FRESHWATER - RIVERS,2021-12-14T12:03:00,ENVIRONMENTAL MONITORING STATUTORY (EU DIRECTIVES),RIVER / RUNNING SURFACE WATER,0135,"Solids, Suspended at 105 C",5.6,MILLIGRAM PER LITRE
https://environment.data.gov.uk/water-quality/sampling-point/TH-PRTS0050/sample/1369630/observation/0180,TH-PRTS0050,ABBEY RIVER UPSTREAM OF INTERSECTION,-0.5037,51.4024,Thames,THAMES - WEST THAMES,Multiple Values,OPEN,FRESHWATER - RIVERS,2021-12-14T12:03:00,ENVIRONMENTAL MONITORING STATUTORY (EU DIRECTIVES),RIVER / RUNNING SURFACE WATER,0180,"Orthophosphate, reactive as P",0.2,MILLIGRAM PER LITRE
https://environment.data.gov.uk/water-quality/sampling-point/TH-PRTS0050/sample/1369630/observation/2958,TH-PRTS0050,ABBEY RIVER UPSTREAM OF INTERSECTION,-0.5037,51.4024,Thames,THAMES - WEST THAMES,Multiple Values,OPEN,FRESHWATER - RIVERS,2021-12-14T12:03:00,ENVIRONMENTAL MONITORING STATUTORY (EU DIRECTIVES),RIVER / RUNNING SURFACE WATER,2958,Perfluorooctanesulfonic acid (total),0.0055,MICROGRAM PER LITRE
https://environment.data.gov.uk/water-quality/sampling-point/TH-PRTS0050/sample/1369630/observation/2959,TH-PRTS0050,ABBEY RIVER UPSTREAM OF INTERSECTION,-0.5037,51.4024,Thames,THAMES - WEST THAMES,Multiple Values,OPEN,FRESHWATER - RIVERS,2021-12-14T12:03:00,ENVIRONMENTAL MONITORING STATUTORY (EU DIRECTIVES),RIVER / RUNNING SURFACE WATER,2959,Perfluorooctanesulfonic acid (linear),0.0028,MICROGRAM PER LITRE
https://environment.data.gov.uk/water-quality/sampling-point/TH-PRTS0050/sample/1369630/observation/2960,TH-PRTS0050,ABBEY RIVER UPSTREAM OF INTERSECTION,-0.5037,51.4024,Thames,THAMES - WEST THAMES,Multiple Values,OPEN,FRESHWATER - RIVERS,2021-12-14T12:03:00,ENVIRONMENTAL MONITORING STATUTORY (EU DIRECTIVES),RIVER / RUNNING SURFACE WATER,2960,Perfluorooctanesulfonic acid (branched),0.0027,MICROGRAM PER LITRE
https://environment.data.gov.uk/water-quality/sampling-point/TH-PRTS0050/sample/1369630/observation/7608,TH-PRTS0050,ABBEY RIVER UPSTREAM OF INTERSECTION,-0.5037,51.4024,Thames,THAMES - WEST THAMES,Multiple Values,OPEN,FRESHWATER - RIVERS,2021-12-14T12:03:00,ENVIRONMENTAL MONITORING STATUTORY (EU DIRECTIVES),RIVER / RUNNING SURFACE WATER,7608,Salinity : In Situ,0.36,Parts per thousand
https://environment.data.gov.uk/water-quality/sampling-point/TH-PRTS0050/sample/1369630/observation/9274,TH-PRTS0050,ABBEY RIVER UPSTREAM OF INTERSECTION,-0.5037,51.4024,Thames,THAMES - WEST THAMES,Multiple Values,OPEN,FRESHWATER - RIVERS,2021-12-14T12:03:00,ENVIRONMENTAL MONITORING STATUTORY (EU DIRECTIVES),RIVER / RUNNING SURFACE WATER,9274,Perfluorooctanoate anion,0.0026,MICROGRAM PER LITRE
https://environment.data.gov.uk/water-quality/sampling-point/TH-PRTS0050/sample/1369630/observation/9901,TH-PRTS0050,ABBEY RIVER UPSTREAM OF INTERSECTION,-0.5037,51.4024,Thames,THAMES - WEST THAMES,Multiple Values,OPEN,FRESHWATER - RIVERS,2021-12-14T12:03:00,ENVIRONMENTAL MONITORING STATUTORY (EU DIRECTIVES),RIVER / RUNNING SURFACE WATER,9901,"Oxygen, Dissolved, % Saturation",75.2,PERCENTAGE
https://environment.data.gov.uk/water-quality/sampling-point/TH-PRTS0050/sample/1369630/observation/9924,TH-PRTS0050,ABBEY RIVER UPSTREAM OF INTERSECTION,-0.5037,51.4024,Thames,THAMES - WEST THAMES,Multiple Values,OPEN,FRESHWATER - RIVERS,2021-12-14T12:03:00,ENVIRONMENTAL MONITORING STATUTORY (EU DIRECTIVES),RIVER / RUNNING SURFACE WATER,9924,"Oxygen, Dissolved as O2",8.92,MILLIGRAM PER LITRE
https://environment.data.gov.uk/water-quality/sampling-point/TH-PRTS0051/sample/1341869/observation/0061,TH-PRTS0051,ABBEY RIVER DOWNSTREAM OF INTERSECTION,-0.5026,51.3957,Thames,THAMES - WEST THAMES,Multiple Values,OPEN,FRESHWATER - RIVERS,2021-01-28T14:19:00,PLANNED INVESTIGATION (NATIONAL AGENCY POLICY),RIVER / RUNNING SURFACE WATER,0061,pH,7.99,PH UNITS
https://environment.data.gov.uk/water-quality/sampling-point/TH-PRTS0051/sample/1341869/observation/0076,TH-PRTS0051,ABBEY RIVER DOWNSTREAM OF INTERSECTION,-0.5026,51.3957,Thames,THAMES - WEST THAMES,Multiple Values,OPEN,FRESHWATER - RIVERS,2021-01-28T14:19:00,PLANNED INVESTIGATION (NATIONAL AGENCY POLICY),RIVER / RUNNING SURFACE WATER,0076,Temperature of Water,5.8,CELSIUS
https://environment.data.gov.uk/water-quality/sampling-point/TH-PRTS0051/sample/1341869/observation/7608,TH-PRTS0051,ABBEY RIVER DOWNSTREAM OF INTERSECTION,-0.5026,51.3957,Thames,THAMES - WEST THAMES,Multiple Values,OPEN,FRESHWATER - RIVERS,2021-01-28T14:19:00,PLANNED INVESTIGATION (NATIONAL AGENCY POLICY),RIVER / RUNNING SURFACE WATER,7608,Salinity : In Situ,0.3,Parts per thousand
https://environment.data.gov.uk/water-quality/sampling-point/TH-PRTS0051/sample/1341869/observation/9901,TH-PRTS0051,ABBEY RIVER DOWNSTREAM OF INTERSECTION,-0.5026,51.3957,Thames,THAMES - WEST THAMES,Multiple Values,OPEN,FRESHWATER - RIVERS,2021-01-28T14:19:00,PLANNED INVESTIGATION (NATIONAL AGENCY POLICY),RIVER / RUNNING SURFACE WATER,9901,"Oxygen, Dissolved, % Saturation",88.9,PERCENTAGE
https://environment.data.gov.uk/water-quality/sampling-point/TH-PRTS0051/sample/1341869/observation/9924,TH-PRTS0051,ABBEY RIVER DOWNSTREAM OF INTERSECTION,-0.5026,51.3957,Thames,THAMES - WEST THAMES,Multiple Values,OPEN,FRESHWATER - RIVERS,2021-01-28T14:19:00,PLANNED INVESTIGATION (NATIONAL AGENCY POLICY),RIVER / RUNNING SURFACE WATER,9924,"Oxygen, Dissolved as O2",11.1,MILLIGRAM PER LITRE
https://environment.data.gov.uk/water-quality/sampling-point/TH-PRTS0051/sample/1342438/observation/0061,TH-PRTS0051,ABBEY RIVER DOWNSTREAM OF INTERSECTION,-0.5026,51.3957,Thames,THAMES - WEST THAMES,Multiple Values,OPEN,FRESHWATER - RIVERS,2021-02-23T12:53:00,PLANNED INVESTIGATION (NATIONAL AGENCY POLICY),RIVER / RUNNING SURFACE WATER,0061,pH,8.13,PH UNITS
https://environment.data.gov.uk/water-quality/sampling-point/TH-PRTS0051/sample/1342438/observation/0076,TH-PRTS0051,ABBEY RIVER DOWNSTREAM OF INTERSECTION,-0.5026,51.3957,Thames,THAMES - WEST THAMES,Multiple Values,OPEN,FRESHWATER - RIVERS,2021-02-23T12:53:00,PLANNED INVESTIGATION (NATIONAL AGENCY POLICY),RIVER / RUNNING SURFACE WATER,0076,Temperature of Water,9.3,CELSIUS
https://environment.data.gov.uk/water-quality/sampling-point/TH-PRTS0051/sample/1342438/observation/7608,TH-PRTS0051,ABBEY RIVER DOWNSTREAM OF INTERSECTION,-0.5026,51.3957,Thames,THAMES - WEST THAMES,Multiple Values,OPEN,FRESHWATER - RIVERS,2021-02-23T12:53:00,PLANNED INVESTIGATION (NATIONAL AGENCY POLICY),RIVER / RUNNING SURFACE WATER,7608,Salinity : In Situ,0.31,Parts per thousand
https://environment.data.gov.uk/water-quality/sampling-point/TH-PRTS0051/sample/1342438/observation/9901,TH-PRTS0051,ABBEY RIVER DOWNSTREAM OF INTERSECTION,-0.5026,51.3957,Thames,THAMES - WEST THAMES,Multiple Values,OPEN,FRESHWATER - RIVERS,2021-02-23T12:53:00,PLANNED INVESTIGATION (NATIONAL AGENCY POLICY),RIVER / RUNNING SURFACE WATER,9901,"Oxygen, Dissolved, % Saturation",99.4,PERCENTAGE
https://environment.data.gov.uk/water-quality/sampling-point/TH-PRTS0051/sample/1342438/observation/9924,TH-PRTS0051,ABBEY RIVER DOWNSTREAM OF INTERSECTION,-0.5026,51.3957,Thames,THAMES - WEST THAMES,Multiple Values,OPEN,FRESHWATER - RIVERS,2021-02-23T12:53:00,PLANNED INVESTIGATION (NATIONAL AGENCY POLICY),RIVER / RUNNING SURFACE WATER,9924,"Oxygen, Dissolved as O2",11.4,MILLIGRAM PER LITRE
https://environment.data.gov.uk/water-quality/sampling-point/TH-PRTS0051/sample/1345426/observation/0061,TH-PRTS0051,ABBEY RIVER DOWNSTREAM OF INTERSECTION,-0.5026,51.3957,Thames,THAMES - WEST THAMES,Multiple Values,OPEN,FRESHWATER - RIVERS,2021-03-23T10:10:00,PLANNED INVESTIGATION (NATIONAL AGENCY POLICY),RIVER / RUNNING SURFACE WATER,0061,pH,8.17,PH UNITS
https://environment.data.gov.uk/water-quality/sampling-point/TH-PRTS0051/sample/1345426/observation/0076,TH-PRTS0051,ABBEY RIVER DOWNSTREAM OF INTERSECTION,-0.5026,51.3957,Thames,THAMES - WEST THAMES,Multiple Values,OPEN,FRESHWATER - RIVERS,2021-03-23T10:10:00,PLANNED INVESTIGATION (NATIONAL AGENCY POLICY),RIVER / RUNNING SURFACE WATER,0076,Temperature of Water,9.4,CELSIUS
https://environment.data.gov.uk/water-quality/sampling-point/TH-PRTS0051/sample/1345426/observation/7608,TH-PRTS0051,ABBEY RIVER DOWNSTREAM OF INTERSECTION,-0.5026,51.3957,Thames,THAMES - WEST THAMES,Multiple Values,OPEN,FRESHWATER - RIVERS,2021-03-23T10:10:00,PLANNED INVESTIGATION (NATIONAL AGENCY POLICY),RIVER / RUNNING SURFACE WATER,7608,Salinity : In Situ,0.33,Parts per thousand
https://environment.data.gov.uk/water-quality/sampling-point/TH-PRTS0051/sample/1345426/observation/9901,TH-PRTS0051,ABBEY RIVER DOWNSTREAM OF INTERSECTION,-0.5026,51.3957,Thames,THAMES - WEST THAMES,Multiple Values,OPEN,FRESHWATER - RIVERS,2021-03-23T10:10:00,PLANNED INVESTIGATION (NATIONAL AGENCY POLICY),RIVER / RUNNING SURFACE WATER,9901,"Oxygen, Dissolved, % Saturation",101.4,PERCENTAGE
https://environment.data.gov.uk/water-quality/sampling-point/TH-PRTS0051/sample/1345426/observation/9924,TH-PRTS0051,ABBEY RIVER DOWNSTREAM OF INTERSECTION,-0.5026,51.3957,Thames,THAMES - WEST THAMES,Multiple Values,OPEN,FRESHWATER - RIVERS,2021-03-23T10:10:00,PLANNED INVESTIGATION (NATIONAL AGENCY POLICY),RIVER / RUNNING SURFACE WATER,9924,"Oxygen, Dissolved as O2",11.6,MILLIGRAM PER LITRE
https://environment.data.gov.uk/water-quality/sampling-point/TH-PRTS0051/sample/1349184/observation/0061,TH-PRTS0051,ABBEY RIVER DOWNSTREAM OF INTERSECTION,-0.5026,51.3957,Thames,THAMES - WEST THAMES,Multiple Values,OPEN,FRESHWATER - RIVERS,2021-04-29T12:02:00,PLANNED INVESTIGATION (NATIONAL AGENCY POLICY),RIVER / RUNNING SURFACE WATER,0061,pH,8.6,PH UNITS
https://environment.data.gov.uk/water-quality/sampling-point/TH-PRTS0051/sample/1349184/observation/0076,TH-PRTS0051,ABBEY RIVER DOWNSTREAM OF INTERSECTION,-0.5026,51.3957,Thames,THAMES - WEST THAMES,Multiple Values,OPEN,FRESHWATER - RIVERS,2021-04-29T12:02:00,PLANNED INVESTIGATION (NATIONAL AGENCY POLICY),RIVER / RUNNING SURFACE WATER,0076,Temperature of Water,11.6,CELSIUS
https://environment.data.gov.uk/water-quality/sampling-point/TH-PRTS0051/sample/1349184/observation/7608,TH-PRTS0051,ABBEY RIVER DOWNSTREAM OF INTERSECTION,-0.5026,51.3957,Thames,THAMES - WEST THAMES,Multiple Values,OPEN,FRESHWATER - RIVERS,2021-04-29T12:02:00,PLANNED INVESTIGATION (NATIONAL AGENCY POLICY),RIVER / RUNNING SURFACE WATER,7608,Salinity : In Situ,0.3,Parts per thousand
https://environment.data.gov.uk/water-quality/sampling-point/TH-PRTS0051/sample/1349184/observation/9901,TH-PRTS0051,ABBEY RIVER DOWNSTREAM OF INTERSECTION,-0.5026,51.3957,Thames,THAMES - WEST THAMES,Multiple Values,OPEN,FRESHWATER - RIVERS,2021-04-29T12:02:00,PLANNED INVESTIGATION (NATIONAL AGENCY POLICY),RIVER / RUNNING SURFACE WATER,9901,"Oxygen, Dissolved, % Saturation",108.9,PERCENTAGE
https://environment.data.gov.uk/water-quality/sampling-point/TH-PRTS0051/sample/1349184/observation/9924,TH-PRTS0051,ABBEY RIVER DOWNSTREAM OF INTERSECTION,-0.5026,51.3957,Thames,THAMES - WEST THAMES,Multiple Values,OPEN,FRESHWATER - RIVERS,2021-04-29T12:02:00,PLANNED INVESTIGATION (NATIONAL AGENCY POLICY),RIVER / RUNNING SURFACE WATER,9924,"Oxygen, Dissolved as O2",11.8,MILLIGRAM PER LITRE
https://environment.data.gov.uk/water-quality/sampling-point/TH-PRTS0051/sample/1349538/observation/0061,TH-PRTS0051,ABBEY RIVER DOWNSTREAM OF INTERSECTION,-0.5026,51.3957,Thames,THAMES - WEST THAMES,Multiple Values,OPEN,FRESHWATER - RIVERS,2021-05-17T13:28:00,ENVIRONMENTAL MONITORING STATUTORY (EU DIRECTIVES),RIVER / RUNNING SURFACE WATER,0061,pH,8.29,PH UNITS
https://environment.data.gov.uk/water-quality/sampling-point/TH-PRTS0051/sample/1349538/observation/0076,TH-PRTS0051,ABBEY RIVER DOWNSTREAM OF INTERSECTION,-0.5026,51.3957,Thames,THAMES - WEST THAMES,Multiple Values,OPEN,FRESHWATER - RIVERS,2021-05-17T13:28:00,ENVIRONMENTAL MONITORING STATUTORY (EU DIRECTIVES),RIVER / RUNNING SURFACE WATER,0076,Temperature of Water,13.8,CELSIUS
https://environment.data.gov.uk/water-quality/sampling-point/TH-PRTS0051/sample/1349538/observation/0111,TH-PRTS0051,ABBEY RIVER DOWNSTREAM OF INTERSECTION,-0.5026,51.3957,Thames,THAMES - WEST THAMES,Multiple Values,OPEN,FRESHWATER - RIVERS,2021-05-17T13:28:00,ENVIRONMENTAL MONITORING STATUTORY (EU DIRECTIVES),RIVER / RUNNING SURFACE WATER,0111,Ammoniacal Nitrogen as N,<0.5,MILLIGRAM PER LITRE
https://environment.data.gov.uk/water-quality/sampling-point/TH-PRTS0051/sample/1349538/observation/0119,TH-PRTS0051,ABBEY RIVER DOWNSTREAM OF INTERSECTION,-0.5026,51.3957,Thames,THAMES - WEST THAMES,Multiple Values,OPEN,FRESHWATER - RIVERS,2021-05-17T13:28:00,ENVIRONMENTAL MONITORING STATUTORY (EU DIRECTIVES),RIVER / RUNNING SURFACE WATER,0119,Ammonia un-ionised as N,<0.012,MILLIGRAM PER LITRE
https://environment.data.gov.uk/water-quality/sampling-point/TH-PRTS0051/sample/1349538/observation/0135,TH-PRTS0051,ABBEY RIVER DOWNSTREAM OF INTERSECTION,-0.5026,51.3957,Thames,THAMES - WEST THAMES,Multiple Values,OPEN,FRESHWATER - RIVERS,2021-05-17T13:28:00,ENVIRONMENTAL MONITORING STATUTORY (EU DIRECTIVES),RIVER / RUNNING SURFACE WATER,0135,"Solids, Suspended at 105 C",7.1,MILLIGRAM PER LITRE
https://environment.data.gov.uk/water-quality/sampling-point/TH-PRTS0051/sample/1349538/observation/0180,TH-PRTS0051,ABBEY RIVER DOWNSTREAM OF INTERSECTION,-0.5026,51.3957,Thames,THAMES - WEST THAMES,Multiple Values,OPEN,FRESHWATER - RIVERS,2021-05-17T13:28:00,ENVIRONMENTAL MONITORING STATUTORY (EU DIRECTIVES),RIVER / RUNNING SURFACE WATER,0180,"Orthophosphate, reactive as P",0.14,MILLIGRAM PER LITRE
https://environment.data.gov.uk/water-quality/sampling-point/TH-PRTS0051/sample/1349538/observation/7608,TH-PRTS0051,ABBEY RIVER DOWNSTREAM OF INTERSECTION,-0.5026,51.3957,Thames,THAMES - WEST THAMES,Multiple Values,OPEN,FRESHWATER - RIVERS,2021-05-17T13:28:00,ENVIRONMENTAL MONITORING STATUTORY (EU DIRECTIVES),RIVER / RUNNING SURFACE WATER,7608,Salinity : In Situ,0.33,Parts per thousand
https://environment.data.gov.uk/water-quality/sampling-point/TH-PRTS0051/sample/1349538/observation/9901,TH-PRTS0051,ABBEY RIVER DOWNSTREAM OF INTERSECTION,-0.5026,51.3957,Thames,THAMES - WEST THAMES,Multiple Values,OPEN,FRESHWATER - RIVERS,2021-05-17T13:28:00,ENVIRONMENTAL MONITORING STATUTORY (EU DIRECTIVES),RIVER / RUNNING SURFACE WATER,9901,"Oxygen, Dissolved, % Saturation",100.4,PERCENTAGE
https://environment.data.gov.uk/water-quality/sampling-point/TH-PRTS0051/sample/1349538/observation/9924,TH-PRTS0051,ABBEY RIVER DOWNSTREAM OF INTERSECTION,-0.5026,51.3957,Thames,THAMES - WEST THAMES,Multiple Values,OPEN,FRESHWATER - RIVERS,2021-05-17T13:28:00,ENVIRONMENTAL MONITORING STATUTORY (EU DIRECTIVES),RIVER / RUNNING SURFACE WATER,9924,"Oxygen, Dissolved as O2",10.3,MILLIGRAM PER LITRE
https://environment.data.gov.uk/water-quality/sampling-point/TH-PRTS0051/sample/1359643/observation/0061,TH-PRTS0051,ABBEY RIVER DOWNSTREAM OF INTERSECTION,-0.5026,51.3957,Thames,THAMES - WEST THAMES,Multiple Values,OPEN,FRESHWATER - RIVERS,2021-06-24T11:32:00,ENVIRONMENTAL MONITORING STATUTORY (EU DIRECTIVES),RIVER / RUNNING SURFACE WATER,0061,pH,7.77,PH UNITS
https://environment.data.gov.uk/water-quality/sampling-point/TH-PRTS0051/sample/1359643/observation/0076,TH-PRTS0051,ABBEY RIVER DOWNSTREAM OF INTERSECTION,-0.5026,51.3957,Thames,THAMES - WEST THAMES,Multiple Values,OPEN,FRESHWATER - RIVERS,2021-06-24T11:32:00,ENVIRONMENTAL MONITORING STATUTORY (EU DIRECTIVES),RIVER / RUNNING SURFACE WATER,0076,Temperature of Water,16.1,CELSIUS
https://environment.data.gov.uk/water-quality/sampling-point/TH-PRTS0051/sample/1359643/observation/0111,TH-PRTS0051,ABBEY RIVER DOWNSTREAM OF INTERSECTION,-0.5026,51.3957,Thames,THAMES - WEST THAMES,Multiple Values,OPEN,FRESHWATER - RIVERS,2021-06-24T11:32:00,ENVIRONMENTAL MONITORING STATUTORY (EU DIRECTIVES),RIVER / RUNNING SURFACE WATER,0111,Ammoniacal Nitrogen as N,<0.5,MILLIGRAM PER LITRE
https://environment.data.gov.uk/water-quality/sampling-point/TH-PRTS0051/sample/1359643/observation/0119,TH-PRTS0051,ABBEY RIVER DOWNSTREAM OF INTERSECTION,-0.5026,51.3957,Thames,THAMES - WEST THAMES,Multiple Values,OPEN,FRESHWATER - RIVERS,2021-06-24T11:32:00,ENVIRONMENTAL MONITORING STATUTORY (EU DIRECTIVES),RIVER / RUNNING SURFACE WATER,0119,Ammonia un-ionised as N,<0.00848,MILLIGRAM PER LITRE
https://environment.data.gov.uk/water-quality/sampling-point/TH-PRTS0051/sample/1359643/observation/0135,TH-PRTS0051,ABBEY RIVER DOWNSTREAM OF INTERSECTION,-0.5026,51.3957,Thames,THAMES - WEST THAMES,Multiple Values,OPEN,FRESHWATER - RIVERS,2021-06-24T11:32:00,ENVIRONMENTAL MONITORING STATUTORY (EU DIRECTIVES),RIVER / RUNNING SURFACE WATER,0135,"Solids, Suspended at 105 C",4.9,MILLIGRAM PER LITRE
https://environment.data.gov.uk/water-quality/sampling-point/TH-PRTS0051/sample/1359643/observation/0180,TH-PRTS0051,ABBEY RIVER DOWNSTREAM OF INTERSECTION,-0.5026,51.3957,Thames,THAMES - WEST THAMES,Multiple Values,OPEN,FRESHWATER - RIVERS,2021-06-24T11:32:00,ENVIRONMENTAL MONITORING STATUTORY (EU DIRECTIVES),RIVER / RUNNING SURFACE WATER,0180,"Orthophosphate, reactive as P",0.21,MILLIGRAM PER LITRE
https://environment.data.gov.uk/water-quality/sampling-point/TH-PRTS0051/sample/1359643/observation/7608,TH-PRTS0051,ABBEY RIVER DOWNSTREAM OF INTERSECTION,-0.5026,51.3957,Thames,THAMES - WEST THAMES,Multiple Values,OPEN,FRESHWATER - RIVERS,2021-06-24T11:32:00,ENVIRONMENTAL MONITORING STATUTORY (EU DIRECTIVES),RIVER / RUNNING SURFACE WATER,7608,Salinity : In Situ,0.29,Parts per thousand
https://environment.data.gov.uk/water-quality/sampling-point/TH-PRTS0051/sample/1359643/observation/9274,TH-PRTS0051,ABBEY RIVER DOWNSTREAM OF INTERSECTION,-0.5026,51.3957,Thames,THAMES - WEST THAMES,Multiple Values,OPEN,FRESHWATER - RIVERS,2021-06-24T11:32:00,ENVIRONMENTAL MONITORING STATUTORY (EU DIRECTIVES),RIVER / RUNNING SURFACE WATER,9274,Perfluorooctanoate anion,0.0042,MICROGRAM PER LITRE
https://environment.data.gov.uk/water-quality/sampling-point/TH-PRTS0051/sample/1359643/observation/9276,TH-PRTS0051,ABBEY RIVER DOWNSTREAM OF INTERSECTION,-0.5026,51.3957,Thames,THAMES - WEST THAMES,Multiple Values,OPEN,FRESHWATER - RIVERS,2021-06-24T11:32:00,ENVIRONMENTAL MONITORING STATUTORY (EU DIRECTIVES),RIVER / RUNNING SURFACE WATER,9276,Perfluorooctylsulphonate anion,0.0069,MICROGRAM PER LITRE
https://environment.data.gov.uk/water-quality/sampling-point/TH-PRTS0051/sample/1359643/observation/9901,TH-PRTS0051,ABBEY RIVER DOWNSTREAM OF INTERSECTION,-0.5026,51.3957,Thames,THAMES - WEST THAMES,Multiple Values,OPEN,FRESHWATER - RIVERS,2021-06-24T11:32:00,ENVIRONMENTAL MONITORING STATUTORY (EU DIRECTIVES),RIVER / RUNNING SURFACE WATER,9901,"Oxygen, Dissolved, % Saturation",76.5,PERCENTAGE
https://environment.data.gov.uk/water-quality/sampling-point/TH-PRTS0051/sample/1359643/observation/9924,TH-PRTS0051,ABBEY RIVER DOWNSTREAM OF INTERSECTION,-0.5026,51.3957,Thames,THAMES - WEST THAMES,Multiple Values,OPEN,FRESHWATER - RIVERS,2021-06-24T11:32:00,ENVIRONMENTAL MONITORING STATUTORY (EU DIRECTIVES),RIVER / RUNNING SURFACE WATER,9924,"Oxygen, Dissolved as O2",7.5,MILLIGRAM PER LITRE
https://environment.data.gov.uk/water-quality/sampling-point/TH-PRTS0051/sample/1360353/observation/0061,TH-PRTS0051,ABBEY RIVER DOWNSTREAM OF INTERSECTION,-0.5026,51.3957,Thames,THAMES - WEST THAMES,Multiple Values,OPEN,FRESHWATER - RIVERS,2021-07-20T12:26:00,ENVIRONMENTAL MONITORING STATUTORY (EU DIRECTIVES),RIVER / RUNNING SURFACE WATER,0061,pH,7.92,PH UNITS
https://environment.data.gov.uk/water-quality/sampling-point/TH-PRTS0051/sample/1360353/observation/0076,TH-PRTS0051,ABBEY RIVER DOWNSTREAM OF INTERSECTION,-0.5026,51.3957,Thames,THAMES - WEST THAMES,Multiple Values,OPEN,FRESHWATER - RIVERS,2021-07-20T12:26:00,ENVIRONMENTAL MONITORING STATUTORY (EU DIRECTIVES),RIVER / RUNNING SURFACE WATER,0076,Temperature of Water,22.1,CELSIUS
https://environment.data.gov.uk/water-quality/sampling-point/TH-PRTS0051/sample/1360353/observation/0111,TH-PRTS0051,ABBEY RIVER DOWNSTREAM OF INTERSECTION,-0.5026,51.3957,Thames,THAMES - WEST THAMES,Multiple Values,OPEN,FRESHWATER - RIVERS,2021-07-20T12:26:00,ENVIRONMENTAL MONITORING STATUTORY (EU DIRECTIVES),RIVER / RUNNING SURFACE WATER,0111,Ammoniacal Nitrogen as N,0.044,MILLIGRAM PER LITRE
https://environment.data.gov.uk/water-quality/sampling-point/TH-PRTS0051/sample/1360353/observation/0119,TH-PRTS0051,ABBEY RIVER DOWNSTREAM OF INTERSECTION,-0.5026,51.3957,Thames,THAMES - WEST THAMES,Multiple Values,OPEN,FRESHWATER - RIVERS,2021-07-20T12:26:00,ENVIRONMENTAL MONITORING STATUTORY (EU DIRECTIVES),RIVER / RUNNING SURFACE WATER,0119,Ammonia un-ionised as N,0.00162,MILLIGRAM PER LITRE
https://environment.data.gov.uk/water-quality/sampling-point/TH-PRTS0051/sample/1360353/observation/0135,TH-PRTS0051,ABBEY RIVER DOWNSTREAM OF INTERSECTION,-0.5026,51.3957,Thames,THAMES - WEST THAMES,Multiple Values,OPEN,FRESHWATER - RIVERS,2021-07-20T12:26:00,ENVIRONMENTAL MONITORING STATUTORY (EU DIRECTIVES),RIVER / RUNNING SURFACE WATER,0135,"Solids, Suspended at 105 C",8.3,MILLIGRAM PER LITRE
https://environment.data.gov.uk/water-quality/sampling-point/TH-PRTS0051/sample/1360353/observation/0180,TH-PRTS0051,ABBEY RIVER DOWNSTREAM OF INTERSECTION,-0.5026,51.3957,Thames,THAMES - WEST THAMES,Multiple Values,OPEN,FRESHWATER - RIVERS,2021-07-20T12:26:00,ENVIRONMENTAL MONITORING STATUTORY (EU DIRECTIVES),RIVER / RUNNING SURFACE WATER,0180,"Orthophosphate, reactive as P",0.22,MILLIGRAM PER LITRE
https://environment.data.gov.uk/water-quality/sampling-point/TH-PRTS0051/sample/1360353/observation/2958,TH-PRTS0051,ABBEY RIVER DOWNSTREAM OF INTERSECTION,-0.5026,51.3957,Thames,THAMES - WEST THAMES,Multiple Values,OPEN,FRESHWATER - RIVERS,2021-07-20T12:26:00,ENVIRONMENTAL MONITORING STATUTORY (EU DIRECTIVES),RIVER / RUNNING SURFACE WATER,2958,Perfluorooctanesulfonic acid (total),0.009,MICROGRAM PER LITRE
https://environment.data.gov.uk/water-quality/sampling-point/TH-PRTS0051/sample/1360353/observation/2959,TH-PRTS0051,ABBEY RIVER DOWNSTREAM OF INTERSECTION,-0.5026,51.3957,Thames,THAMES - WEST THAMES,Multiple Values,OPEN,FRESHWATER - RIVERS,2021-07-20T12:26:00,ENVIRONMENTAL MONITORING STATUTORY (EU DIRECTIVES),RIVER / RUNNING SURFACE WATER,2959,Perfluorooctanesulfonic acid (linear),0.0053,MICROGRAM PER LITRE
https://environment.data.gov.uk/water-quality/sampling-point/TH-PRTS0051/sample/1360353/observation/2960,TH-PRTS0051,ABBEY RIVER DOWNSTREAM OF INTERSECTION,-0.5026,51.3957,Thames,THAMES - WEST THAMES,Multiple Values,OPEN,FRESHWATER - RIVERS,2021-07-20T12:26:00,ENVIRONMENTAL MONITORING STATUTORY (EU DIRECTIVES),RIVER / RUNNING SURFACE WATER,2960,Perfluorooctanesulfonic acid (branched),0.0037,MICROGRAM PER LITRE
https://environment.data.gov.uk/water-quality/sampling-point/TH-PRTS0051/sample/1360353/observation/7608,TH-PRTS0051,ABBEY RIVER DOWNSTREAM OF INTERSECTION,-0.5026,51.3957,Thames,THAMES - WEST THAMES,Multiple Values,OPEN,FRESHWATER - RIVERS,2021-07-20T12:26:00,ENVIRONMENTAL MONITORING STATUTORY (EU DIRECTIVES),RIVER / RUNNING SURFACE WATER,7608,Salinity : In Situ,0.34,Parts per thousand
https://environment.data.gov.uk/water-quality/sampling-point/TH-PRTS0051/sample/1360353/observation/9274,TH-PRTS0051,ABBEY RIVER DOWNSTREAM OF INTERSECTION,-0.5026,51.3957,Thames,THAMES - WEST THAMES,Multiple Values,OPEN,FRESHWATER - RIVERS,2021-07-20T12:26:00,ENVIRONMENTAL MONITORING STATUTORY (EU DIRECTIVES),RIVER / RUNNING SURFACE WATER,9274,Perfluorooctanoate anion,0.0049,MICROGRAM PER LITRE
https://environment.data.gov.uk/water-quality/sampling-point/TH-PRTS0051/sample/1360353/observation/9901,TH-PRTS0051,ABBEY RIVER DOWNSTREAM OF INTERSECTION,-0.5026,51.3957,Thames,THAMES - WEST THAMES,Multiple Values,OPEN,FRESHWATER - RIVERS,2021-07-20T12:26:00,ENVIRONMENTAL MONITORING STATUTORY (EU DIRECTIVES),RIVER / RUNNING SURFACE WATER,9901,"Oxygen, Dissolved, % Saturation",67,PERCENTAGE
https://environment.data.gov.uk/water-quality/sampling-point/TH-PRTS0051/sample/1360353/observation/9924,TH-PRTS0051,ABBEY RIVER DOWNSTREAM OF INTERSECTION,-0.5026,51.3957,Thames,THAMES - WEST THAMES,Multiple Values,OPEN,FRESHWATER - RIVERS,2021-07-20T12:26:00,ENVIRONMENTAL MONITORING STATUTORY (EU DIRECTIVES),RIVER / RUNNING SURFACE WATER,9924,"Oxygen, Dissolved as O2",5.82,MILLIGRAM PER LITRE
https://environment.data.gov.uk/water-quality/sampling-point/TH-PRTS0051/sample/1362271/observation/0061,TH-PRTS0051,ABBEY RIVER DOWNSTREAM OF INTERSECTION,-0.5026,51.3957,Thames,THAMES - WEST THAMES,Multiple Values,OPEN,FRESHWATER - RIVERS,2021-08-26T12:20:00,ENVIRONMENTAL MONITORING STATUTORY (EU DIRECTIVES),RIVER / RUNNING SURFACE WATER,0061,pH,8.1,PH UNITS
https://environment.data.gov.uk/water-quality/sampling-point/TH-PRTS0051/sample/1362271/observation/0076,TH-PRTS0051,ABBEY RIVER DOWNSTREAM OF INTERSECTION,-0.5026,51.3957,Thames,THAMES - WEST THAMES,Multiple Values,OPEN,FRESHWATER - RIVERS,2021-08-26T12:20:00,ENVIRONMENTAL MONITORING STATUTORY (EU DIRECTIVES),RIVER / RUNNING SURFACE WATER,0076,Temperature of Water,17.6,CELSIUS
https://environment.data.gov.uk/water-quality/sampling-point/TH-PRTS0051/sample/1362271/observation/0111,TH-PRTS0051,ABBEY RIVER DOWNSTREAM OF INTERSECTION,-0.5026,51.3957,Thames,THAMES - WEST THAMES,Multiple Values,OPEN,FRESHWATER - RIVERS,2021-08-26T12:20:00,ENVIRONMENTAL MONITORING STATUTORY (EU DIRECTIVES),RIVER / RUNNING SURFACE WATER,0111,Ammoniacal Nitrogen as N,<0.03,MILLIGRAM PER LITRE
https://environment.data.gov.uk/water-quality/sampling-point/TH-PRTS0051/sample/1362271/observation/0119,TH-PRTS0051,ABBEY RIVER DOWNSTREAM OF INTERSECTION,-0.5026,51.3957,Thames,THAMES - WEST THAMES,Multiple Values,OPEN,FRESHWATER - RIVERS,2021-08-26T12:20:00,ENVIRONMENTAL MONITORING STATUTORY (EU DIRECTIVES),RIVER / RUNNING SURFACE WATER,0119,Ammonia un-ionised as N,<0.00095,MILLIGRAM PER LITRE
https://environment.data.gov.uk/water-quality/sampling-point/TH-PRTS0051/sample/1362271/observation/0135,TH-PRTS0051,ABBEY RIVER DOWNSTREAM OF INTERSECTION,-0.5026,51.3957,Thames,THAMES - WEST THAMES,Multiple Values,OPEN,FRESHWATER - RIVERS,2021-08-26T12:20:00,ENVIRONMENTAL MONITORING STATUTORY (EU DIRECTIVES),RIVER / RUNNING SURFACE WATER,0135,"Solids, Suspended at 105 C",5.9,MILLIGRAM PER LITRE
https://environment.data.gov.uk/water-quality/sampling-point/TH-PRTS0051/sample/1362271/observation/0180,TH-PRTS0051,ABBEY RIVER DOWNSTREAM OF INTERSECTION,-0.5026,51.3957,Thames,THAMES - WEST THAMES,Multiple Values,OPEN,FRESHWATER - RIVERS,2021-08-26T12:20:00,ENVIRONMENTAL MONITORING STATUTORY (EU DIRECTIVES),RIVER / RUNNING SURFACE WATER,0180,"Orthophosphate, reactive as P",0.18,MILLIGRAM PER LITRE
https://environment.data.gov.uk/water-quality/sampling-point/TH-PRTS0051/sample/1362271/observation/2958,TH-PRTS0051,ABBEY RIVER DOWNSTREAM OF INTERSECTION,-0.5026,51.3957,Thames,THAMES - WEST THAMES,Multiple Values,OPEN,FRESHWATER - RIVERS,2021-08-26T12:20:00,ENVIRONMENTAL MONITORING STATUTORY (EU DIRECTIVES),RIVER / RUNNING SURFACE WATER,2958,Perfluorooctanesulfonic acid (total),0.008,MICROGRAM PER LITRE
https://environment.data.gov.uk/water-quality/sampling-point/TH-PRTS0051/sample/1362271/observation/2959,TH-PRTS0051,ABBEY RIVER DOWNSTREAM OF INTERSECTION,-0.5026,51.3957,Thames,THAMES - WEST THAMES,Multiple Values,OPEN,FRESHWATER - RIVERS,2021-08-26T12:20:00,ENVIRONMENTAL MONITORING STATUTORY (EU DIRECTIVES),RIVER / RUNNING SURFACE WATER,2959,Perfluorooctanesulfonic acid (linear),0.0042,MICROGRAM PER LITRE
https://environment.data.gov.uk/water-quality/sampling-point/TH-PRTS0051/sample/1362271/observation/2960,TH-PRTS0051,ABBEY RIVER DOWNSTREAM OF INTERSECTION,-0.5026,51.3957,Thames,THAMES - WEST THAMES,Multiple Values,OPEN,FRESHWATER - RIVERS,2021-08-26T12:20:00,ENVIRONMENTAL MONITORING STATUTORY (EU DIRECTIVES),RIVER / RUNNING SURFACE WATER,2960,Perfluorooctanesulfonic acid (branched),0.0038,MICROGRAM PER LITRE
https://environment.data.gov.uk/water-quality/sampling-point/TH-PRTS0051/sample/1362271/observation/7608,TH-PRTS0051,ABBEY RIVER DOWNSTREAM OF INTERSECTION,-0.5026,51.3957,Thames,THAMES - WEST THAMES,Multiple Values,OPEN,FRESHWATER - RIVERS,2021-08-26T12:20:00,ENVIRONMENTAL MONITORING STATUTORY (EU DIRECTIVES),RIVER / RUNNING SURFACE WATER,7608,Salinity : In Situ,0.35,Parts per thousand
https://environment.data.gov.uk/water-quality/sampling-point/TH-PRTS0051/sample/1362271/observation/9274,TH-PRTS0051,ABBEY RIVER DOWNSTREAM OF INTERSECTION,-0.5026,51.3957,Thames,THAMES - WEST THAMES,Multiple Values,OPEN,FRESHWATER - RIVERS,2021-08-26T12:20:00,ENVIRONMENTAL MONITORING STATUTORY (EU DIRECTIVES),RIVER / RUNNING SURFACE WATER,9274,Perfluorooctanoate anion,0.0037,MICROGRAM PER LITRE
https://environment.data.gov.uk/water-quality/sampling-point/TH-PRTS0051/sample/1362271/observation/9276,TH-PRTS0051,ABBEY RIVER DOWNSTREAM OF INTERSECTION,-0.5026,51.3957,Thames,THAMES - WEST THAMES,Multiple Values,OPEN,FRESHWATER - RIVERS,2021-08-26T12:20:00,ENVIRONMENTAL MONITORING STATUTORY (EU DIRECTIVES),RIVER / RUNNING SURFACE WATER,9276,Perfluorooctylsulphonate anion,0.0056,MICROGRAM PER LITRE
https://environment.data.gov.uk/water-quality/sampling-point/TH-PRTS0051/sample/1362271/observation/9901,TH-PRTS0051,ABBEY RIVER DOWNSTREAM OF INTERSECTION,-0.5026,51.3957,Thames,THAMES - WEST THAMES,Multiple Values,OPEN,FRESHWATER - RIVERS,2021-08-26T12:20:00,ENVIRONMENTAL MONITORING STATUTORY (EU DIRECTIVES),RIVER / RUNNING SURFACE WATER,9901,"Oxygen, Dissolved, % Saturation",73.4,PERCENTAGE
https://environment.data.gov.uk/water-quality/sampling-point/TH-PRTS0051/sample/1362271/observation/9924,TH-PRTS0051,ABBEY RIVER DOWNSTREAM OF INTERSECTION,-0.5026,51.3957,Thames,THAMES - WEST THAMES,Multiple Values,OPEN,FRESHWATER - RIVERS,2021-08-26T12:20:00,ENVIRONMENTAL MONITORING STATUTORY (EU DIRECTIVES),RIVER / RUNNING SURFACE WATER,9924,"Oxygen, Dissolved as O2",6.97,MILLIGRAM PER LITRE
https://environment.data.gov.uk/water-quality/sampling-point/TH-PRTS0051/sample/1366096/observation/0061,TH-PRTS0051,ABBEY RIVER DOWNSTREAM OF INTERSECTION,-0.5026,51.3957,Thames,THAMES - WEST THAMES,Multiple Values,OPEN,FRESHWATER - RIVERS,2021-09-24T13:09:00,ENVIRONMENTAL MONITORING STATUTORY (EU DIRECTIVES),RIVER / RUNNING SURFACE WATER,0061,pH,8,PH UNITS
https://environment.data.gov.uk/water-quality/sampling-point/TH-PRTS0051/sample/1366096/observation/0076,TH-PRTS0051,ABBEY RIVER DOWNSTREAM OF INTERSECTION,-0.5026,51.3957,Thames,THAMES - WEST THAMES,Multiple Values,OPEN,FRESHWATER - RIVERS,2021-09-24T13:09:00,ENVIRONMENTAL MONITORING STATUTORY (EU DIRECTIVES),RIVER / RUNNING SURFACE WATER,0076,Temperature of Water,17.4,CELSIUS
https://environment.data.gov.uk/water-quality/sampling-point/TH-PRTS0051/sample/1366096/observation/0111,TH-PRTS0051,ABBEY RIVER DOWNSTREAM OF INTERSECTION,-0.5026,51.3957,Thames,THAMES - WEST THAMES,Multiple Values,OPEN,FRESHWATER - RIVERS,2021-09-24T13:09:00,ENVIRONMENTAL MONITORING STATUTORY (EU DIRECTIVES),RIVER / RUNNING SURFACE WATER,0111,Ammoniacal Nitrogen as N,<0.03,MILLIGRAM PER LITRE
https://environment.data.gov.uk/water-quality/sampling-point/TH-PRTS0051/sample/1366096/observation/0119,TH-PRTS0051,ABBEY RIVER DOWNSTREAM OF INTERSECTION,-0.5026,51.3957,Thames,THAMES - WEST THAMES,Multiple Values,OPEN,FRESHWATER - RIVERS,2021-09-24T13:09:00,ENVIRONMENTAL MONITORING STATUTORY (EU DIRECTIVES),RIVER / RUNNING SURFACE WATER,0119,Ammonia un-ionised as N,<0.00094,MILLIGRAM PER LITRE
https://environment.data.gov.uk/water-quality/sampling-point/TH-PRTS0051/sample/1366096/observation/0135,TH-PRTS0051,ABBEY RIVER DOWNSTREAM OF INTERSECTION,-0.5026,51.3957,Thames,THAMES - WEST THAMES,Multiple Values,OPEN,FRESHWATER - RIVERS,2021-09-24T13:09:00,ENVIRONMENTAL MONITORING STATUTORY (EU DIRECTIVES),RIVER / RUNNING SURFACE WATER,0135,"Solids, Suspended at 105 C",3.2,MILLIGRAM PER LITRE
https://environment.data.gov.uk/water-quality/sampling-point/TH-PRTS0051/sample/1366096/observation/0180,TH-PRTS0051,ABBEY RIVER DOWNSTREAM OF INTERSECTION,-0.5026,51.3957,Thames,THAMES - WEST THAMES,Multiple Values,OPEN,FRESHWATER - RIVERS,2021-09-24T13:09:00,ENVIRONMENTAL MONITORING STATUTORY (EU DIRECTIVES),RIVER / RUNNING SURFACE WATER,0180,"Orthophosphate, reactive as P",0.27,MILLIGRAM PER LITRE
https://environment.data.gov.uk/water-quality/sampling-point/TH-PRTS0051/sample/1366096/observation/2958,TH-PRTS0051,ABBEY RIVER DOWNSTREAM OF INTERSECTION,-0.5026,51.3957,Thames,THAMES - WEST THAMES,Multiple Values,OPEN,FRESHWATER - RIVERS,2021-09-24T13:09:00,ENVIRONMENTAL MONITORING STATUTORY (EU DIRECTIVES),RIVER / RUNNING SURFACE WATER,2958,Perfluorooctanesulfonic acid (total),0.0062,MICROGRAM PER LITRE
https://environment.data.gov.uk/water-quality/sampling-point/TH-PRTS0051/sample/1366096/observation/2959,TH-PRTS0051,ABBEY RIVER DOWNSTREAM OF INTERSECTION,-0.5026,51.3957,Thames,THAMES - WEST THAMES,Multiple Values,OPEN,FRESHWATER - RIVERS,2021-09-24T13:09:00,ENVIRONMENTAL MONITORING STATUTORY (EU DIRECTIVES),RIVER / RUNNING SURFACE WATER,2959,Perfluorooctanesulfonic acid (linear),0.0033,MICROGRAM PER LITRE
https://environment.data.gov.uk/water-quality/sampling-point/TH-PRTS0051/sample/1366096/observation/2960,TH-PRTS0051,ABBEY RIVER DOWNSTREAM OF INTERSECTION,-0.5026,51.3957,Thames,THAMES - WEST THAMES,Multiple Values,OPEN,FRESHWATER - RIVERS,2021-09-24T13:09:00,ENVIRONMENTAL MONITORING STATUTORY (EU DIRECTIVES),RIVER / RUNNING SURFACE WATER,2960,Perfluorooctanesulfonic acid (branched),0.003,MICROGRAM PER LITRE
https://environment.data.gov.uk/water-quality/sampling-point/TH-PRTS0051/sample/1366096/observation/7608,TH-PRTS0051,ABBEY RIVER DOWNSTREAM OF INTERSECTION,-0.5026,51.3957,Thames,THAMES - WEST THAMES,Multiple Values,OPEN,FRESHWATER - RIVERS,2021-09-24T13:09:00,ENVIRONMENTAL MONITORING STATUTORY (EU DIRECTIVES),RIVER / RUNNING SURFACE WATER,7608,Salinity : In Situ,0.35,Parts per thousand
https://environment.data.gov.uk/water-quality/sampling-point/TH-PRTS0051/sample/1366096/observation/9274,TH-PRTS0051,ABBEY RIVER DOWNSTREAM OF INTERSECTION,-0.5026,51.3957,Thames,THAMES - WEST THAMES,Multiple Values,OPEN,FRESHWATER - RIVERS,2021-09-24T13:09:00,ENVIRONMENTAL MONITORING STATUTORY (EU DIRECTIVES),RIVER / RUNNING SURFACE WATER,9274,Perfluorooctanoate anion,0.0035,MICROGRAM PER LITRE
https://environment.data.gov.uk/water-quality/sampling-point/TH-PRTS0051/sample/1366096/observation/9901,TH-PRTS0051,ABBEY RIVER DOWNSTREAM OF INTERSECTION,-0.5026,51.3957,Thames,THAMES - WEST THAMES,Multiple Values,OPEN,FRESHWATER - RIVERS,2021-09-24T13:09:00,ENVIRONMENTAL MONITORING STATUTORY (EU DIRECTIVES),RIVER / RUNNING SURFACE WATER,9901,"Oxygen, Dissolved, % Saturation",77.4,PERCENTAGE
https://environment.data.gov.uk/water-quality/sampling-point/TH-PRTS0051/sample/1366096/observation/9924,TH-PRTS0051,ABBEY RIVER DOWNSTREAM OF INTERSECTION,-0.5026,51.3957,Thames,THAMES - WEST THAMES,Multiple Values,OPEN,FRESHWATER - RIVERS,2021-09-24T13:09:00,ENVIRONMENTAL MONITORING STATUTORY (EU DIRECTIVES),RIVER / RUNNING SURFACE WATER,9924,"Oxygen, Dissolved as O2",7.39,MILLIGRAM PER LITRE
https://environment.data.gov.uk/water-quality/sampling-point/TH-PRTS0051/sample/1367978/observation/0061,TH-PRTS0051,ABBEY RIVER DOWNSTREAM OF INTERSECTION,-0.5026,51.3957,Thames,THAMES - WEST THAMES,Multiple Values,OPEN,FRESHWATER - RIVERS,2021-10-26T12:39:00,ENVIRONMENTAL MONITORING STATUTORY (EU DIRECTIVES),RIVER / RUNNING SURFACE WATER,0061,pH,8.75,PH UNITS
https://environment.data.gov.uk/water-quality/sampling-point/TH-PRTS0051/sample/1367978/observation/0076,TH-PRTS0051,ABBEY RIVER DOWNSTREAM OF INTERSECTION,-0.5026,51.3957,Thames,THAMES - WEST THAMES,Multiple Values,OPEN,FRESHWATER - RIVERS,2021-10-26T12:39:00,ENVIRONMENTAL MONITORING STATUTORY (EU DIRECTIVES),RIVER / RUNNING SURFACE WATER,0076,Temperature of Water,12.2,CELSIUS
https://environment.data.gov.uk/water-quality/sampling-point/TH-PRTS0051/sample/1367978/observation/0111,TH-PRTS0051,ABBEY RIVER DOWNSTREAM OF INTERSECTION,-0.5026,51.3957,Thames,THAMES - WEST THAMES,Multiple Values,OPEN,FRESHWATER - RIVERS,2021-10-26T12:39:00,ENVIRONMENTAL MONITORING STATUTORY (EU DIRECTIVES),RIVER / RUNNING SURFACE WATER,0111,Ammoniacal Nitrogen as N,<0.03,MILLIGRAM PER LITRE
https://environment.data.gov.uk/water-quality/sampling-point/TH-PRTS0051/sample/1367978/observation/0119,TH-PRTS0051,ABBEY RIVER DOWNSTREAM OF INTERSECTION,-0.5026,51.3957,Thames,THAMES - WEST THAMES,Multiple Values,OPEN,FRESHWATER - RIVERS,2021-10-26T12:39:00,ENVIRONMENTAL MONITORING STATUTORY (EU DIRECTIVES),RIVER / RUNNING SURFACE WATER,0119,Ammonia un-ionised as N,<0.00064,MILLIGRAM PER LITRE
https://environment.data.gov.uk/water-quality/sampling-point/TH-PRTS0051/sample/1367978/observation/0135,TH-PRTS0051,ABBEY RIVER DOWNSTREAM OF INTERSECTION,-0.5026,51.3957,Thames,THAMES - WEST THAMES,Multiple Values,OPEN,FRESHWATER - RIVERS,2021-10-26T12:39:00,ENVIRONMENTAL MONITORING STATUTORY (EU DIRECTIVES),RIVER / RUNNING SURFACE WATER,0135,"Solids, Suspended at 105 C",6.6,MILLIGRAM PER LITRE
https://environment.data.gov.uk/water-quality/sampling-point/TH-PRTS0051/sample/1367978/observation/0180,TH-PRTS0051,ABBEY RIVER DOWNSTREAM OF INTERSECTION,-0.5026,51.3957,Thames,THAMES - WEST THAMES,Multiple Values,OPEN,FRESHWATER - RIVERS,2021-10-26T12:39:00,ENVIRONMENTAL MONITORING STATUTORY (EU DIRECTIVES),RIVER / RUNNING SURFACE WATER,0180,"Orthophosphate, reactive as P",0.23,MILLIGRAM PER LITRE
https://environment.data.gov.uk/water-quality/sampling-point/TH-PRTS0051/sample/1367978/observation/2958,TH-PRTS0051,ABBEY RIVER DOWNSTREAM OF INTERSECTION,-0.5026,51.3957,Thames,THAMES - WEST THAMES,Multiple Values,OPEN,FRESHWATER - RIVERS,2021-10-26T12:39:00,ENVIRONMENTAL MONITORING STATUTORY (EU DIRECTIVES),RIVER / RUNNING SURFACE WATER,2958,Perfluorooctanesulfonic acid (total),0.0068,MICROGRAM PER LITRE
https://environment.data.gov.uk/water-quality/sampling-point/TH-PRTS0051/sample/1367978/observation/2959,TH-PRTS0051,ABBEY RIVER DOWNSTREAM OF INTERSECTION,-0.5026,51.3957,Thames,THAMES - WEST THAMES,Multiple Values,OPEN,FRESHWATER - RIVERS,2021-10-26T12:39:00,ENVIRONMENTAL MONITORING STATUTORY (EU DIRECTIVES),RIVER / RUNNING SURFACE WATER,2959,Perfluorooctanesulfonic acid (linear),0.0037,MICROGRAM PER LITRE
https://environment.data.gov.uk/water-quality/sampling-point/TH-PRTS0051/sample/1367978/observation/2960,TH-PRTS0051,ABBEY RIVER DOWNSTREAM OF INTERSECTION,-0.5026,51.3957,Thames,THAMES - WEST THAMES,Multiple Values,OPEN,FRESHWATER - RIVERS,2021-10-26T12:39:00,ENVIRONMENTAL MONITORING STATUTORY (EU DIRECTIVES),RIVER / RUNNING SURFACE WATER,2960,Perfluorooctanesulfonic acid (branched),0.0031,MICROGRAM PER LITRE
https://environment.data.gov.uk/water-quality/sampling-point/TH-PRTS0051/sample/1367978/observation/7608,TH-PRTS0051,ABBEY RIVER DOWNSTREAM OF INTERSECTION,-0.5026,51.3957,Thames,THAMES - WEST THAMES,Multiple Values,OPEN,FRESHWATER - RIVERS,2021-10-26T12:39:00,ENVIRONMENTAL MONITORING STATUTORY (EU DIRECTIVES),RIVER / RUNNING SURFACE WATER,7608,Salinity : In Situ,0.3,Parts per thousand
https://environment.data.gov.uk/water-quality/sampling-point/TH-PRTS0051/sample/1367978/observation/9274,TH-PRTS0051,ABBEY RIVER DOWNSTREAM OF INTERSECTION,-0.5026,51.3957,Thames,THAMES - WEST THAMES,Multiple Values,OPEN,FRESHWATER - RIVERS,2021-10-26T12:39:00,ENVIRONMENTAL MONITORING STATUTORY (EU DIRECTIVES),RIVER / RUNNING SURFACE WATER,9274,Perfluorooctanoate anion,0.0042,MICROGRAM PER LITRE
https://environment.data.gov.uk/water-quality/sampling-point/TH-PRTS0051/sample/1367978/observation/9901,TH-PRTS0051,ABBEY RIVER DOWNSTREAM OF INTERSECTION,-0.5026,51.3957,Thames,THAMES - WEST THAMES,Multiple Values,OPEN,FRESHWATER - RIVERS,2021-10-26T12:39:00,ENVIRONMENTAL MONITORING STATUTORY (EU DIRECTIVES),RIVER / RUNNING SURFACE WATER,9901,"Oxygen, Dissolved, % Saturation",51.7,PERCENTAGE
https://environment.data.gov.uk/water-quality/sampling-point/TH-PRTS0051/sample/1367978/observation/9924,TH-PRTS0051,ABBEY RIVER DOWNSTREAM OF INTERSECTION,-0.5026,51.3957,Thames,THAMES - WEST THAMES,Multiple Values,OPEN,FRESHWATER - RIVERS,2021-10-26T12:39:00,ENVIRONMENTAL MONITORING STATUTORY (EU DIRECTIVES),RIVER / RUNNING SURFACE WATER,9924,"Oxygen, Dissolved as O2",5.52,MILLIGRAM PER LITRE
https://environment.data.gov.uk/water-quality/sampling-point/TH-PRTS0051/sample/1368979/observation/0061,TH-PRTS0051,ABBEY RIVER DOWNSTREAM OF INTERSECTION,-0.5026,51.3957,Thames,THAMES - WEST THAMES,Multiple Values,OPEN,FRESHWATER - RIVERS,2021-11-23T13:18:00,ENVIRONMENTAL MONITORING STATUTORY (EU DIRECTIVES),RIVER / RUNNING SURFACE WATER,0061,pH,8.02,PH UNITS
https://environment.data.gov.uk/water-quality/sampling-point/TH-PRTS0051/sample/1368979/observation/0076,TH-PRTS0051,ABBEY RIVER DOWNSTREAM OF INTERSECTION,-0.5026,51.3957,Thames,THAMES - WEST THAMES,Multiple Values,OPEN,FRESHWATER - RIVERS,2021-11-23T13:18:00,ENVIRONMENTAL MONITORING STATUTORY (EU DIRECTIVES),RIVER / RUNNING SURFACE WATER,0076,Temperature of Water,7.4,CELSIUS
https://environment.data.gov.uk/water-quality/sampling-point/TH-PRTS0051/sample/1368979/observation/0111,TH-PRTS0051,ABBEY RIVER DOWNSTREAM OF INTERSECTION,-0.5026,51.3957,Thames,THAMES - WEST THAMES,Multiple Values,OPEN,FRESHWATER - RIVERS,2021-11-23T13:18:00,ENVIRONMENTAL MONITORING STATUTORY (EU DIRECTIVES),RIVER / RUNNING SURFACE WATER,0111,Ammoniacal Nitrogen as N,0.064,MILLIGRAM PER LITRE
https://environment.data.gov.uk/water-quality/sampling-point/TH-PRTS0051/sample/1368979/observation/0119,TH-PRTS0051,ABBEY RIVER DOWNSTREAM OF INTERSECTION,-0.5026,51.3957,Thames,THAMES - WEST THAMES,Multiple Values,OPEN,FRESHWATER - RIVERS,2021-11-23T13:18:00,ENVIRONMENTAL MONITORING STATUTORY (EU DIRECTIVES),RIVER / RUNNING SURFACE WATER,0119,Ammonia un-ionised as N,0.00096,MILLIGRAM PER LITRE
https://environment.data.gov.uk/water-quality/sampling-point/TH-PRTS0051/sample/1368979/observation/0135,TH-PRTS0051,ABBEY RIVER DOWNSTREAM OF INTERSECTION,-0.5026,51.3957,Thames,THAMES - WEST THAMES,Multiple Values,OPEN,FRESHWATER - RIVERS,2021-11-23T13:18:00,ENVIRONMENTAL MONITORING STATUTORY (EU DIRECTIVES),RIVER / RUNNING SURFACE WATER,0135,"Solids, Suspended at 105 C",4,MILLIGRAM PER LITRE
https://environment.data.gov.uk/water-quality/sampling-point/TH-PRTS0051/sample/1368979/observation/0180,TH-PRTS0051,ABBEY RIVER DOWNSTREAM OF INTERSECTION,-0.5026,51.3957,Thames,THAMES - WEST THAMES,Multiple Values,OPEN,FRESHWATER - RIVERS,2021-11-23T13:18:00,ENVIRONMENTAL MONITORING STATUTORY (EU DIRECTIVES),RIVER / RUNNING SURFACE WATER,0180,"Orthophosphate, reactive as P",0.21,MILLIGRAM PER LITRE
https://environment.data.gov.uk/water-quality/sampling-point/TH-PRTS0051/sample/1368979/observation/2958,TH-PRTS0051,ABBEY RIVER DOWNSTREAM OF INTERSECTION,-0.5026,51.3957,Thames,THAMES - WEST THAMES,Multiple Values,OPEN,FRESHWATER - RIVERS,2021-11-23T13:18:00,ENVIRONMENTAL MONITORING STATUTORY (EU DIRECTIVES),RIVER / RUNNING SURFACE WATER,2958,Perfluorooctanesulfonic acid (total),0.0077,MICROGRAM PER LITRE
https://environment.data.gov.uk/water-quality/sampling-point/TH-PRTS0051/sample/1368979/observation/2959,TH-PRTS0051,ABBEY RIVER DOWNSTREAM OF INTERSECTION,-0.5026,51.3957,Thames,THAMES - WEST THAMES,Multiple Values,OPEN,FRESHWATER - RIVERS,2021-11-23T13:18:00,ENVIRONMENTAL MONITORING STATUTORY (EU DIRECTIVES),RIVER / RUNNING SURFACE WATER,2959,Perfluorooctanesulfonic acid (linear),0.0034,MICROGRAM PER LITRE
https://environment.data.gov.uk/water-quality/sampling-point/TH-PRTS0051/sample/1368979/observation/2960,TH-PRTS0051,ABBEY RIVER DOWNSTREAM OF INTERSECTION,-0.5026,51.3957,Thames,THAMES - WEST THAMES,Multiple Values,OPEN,FRESHWATER - RIVERS,2021-11-23T13:18:00,ENVIRONMENTAL MONITORING STATUTORY (EU DIRECTIVES),RIVER / RUNNING SURFACE WATER,2960,Perfluorooctanesulfonic acid (branched),0.0043,MICROGRAM PER LITRE
https://environment.data.gov.uk/water-quality/sampling-point/TH-PRTS0051/sample/1368979/observation/7608,TH-PRTS0051,ABBEY RIVER DOWNSTREAM OF INTERSECTION,-0.5026,51.3957,Thames,THAMES - WEST THAMES,Multiple Values,OPEN,FRESHWATER - RIVERS,2021-11-23T13:18:00,ENVIRONMENTAL MONITORING STATUTORY (EU DIRECTIVES),RIVER / RUNNING SURFACE WATER,7608,Salinity : In Situ,0.36,Parts per thousand
https://environment.data.gov.uk/water-quality/sampling-point/TH-PRTS0051/sample/1368979/observation/9274,TH-PRTS0051,ABBEY RIVER DOWNSTREAM OF INTERSECTION,-0.5026,51.3957,Thames,THAMES - WEST THAMES,Multiple Values,OPEN,FRESHWATER - RIVERS,2021-11-23T13:18:00,ENVIRONMENTAL MONITORING STATUTORY (EU DIRECTIVES),RIVER / RUNNING SURFACE WATER,9274,Perfluorooctanoate anion,0.0028,MICROGRAM PER LITRE
https://environment.data.gov.uk/water-quality/sampling-point/TH-PRTS0051/sample/1368979/observation/9901,TH-PRTS0051,ABBEY RIVER DOWNSTREAM OF INTERSECTION,-0.5026,51.3957,Thames,THAMES - WEST THAMES,Multiple Values,OPEN,FRESHWATER - RIVERS,2021-11-23T13:18:00,ENVIRONMENTAL MONITORING STATUTORY (EU DIRECTIVES),RIVER / RUNNING SURFACE WATER,9901,"Oxygen, Dissolved, % Saturation",78.4,PERCENTAGE
https://environment.data.gov.uk/water-quality/sampling-point/TH-PRTS0051/sample/1368979/observation/9924,TH-PRTS0051,ABBEY RIVER DOWNSTREAM OF INTERSECTION,-0.5026,51.3957,Thames,THAMES - WEST THAMES,Multiple Values,OPEN,FRESHWATER - RIVERS,2021-11-23T13:18:00,ENVIRONMENTAL MONITORING STATUTORY (EU DIRECTIVES),RIVER / RUNNING SURFACE WATER,9924,"Oxygen, Dissolved as O2",9.39,MILLIGRAM PER LITRE
https://environment.data.gov.uk/water-quality/sampling-point/TH-PRTS0051/sample/1369634/observation/0061,TH-PRTS0051,ABBEY RIVER DOWNSTREAM OF INTERSECTION,-0.5026,51.3957,Thames,THAMES - WEST THAMES,Multiple Values,OPEN,FRESHWATER - RIVERS,2021-12-14T12:26:00,ENVIRONMENTAL MONITORING STATUTORY (EU DIRECTIVES),RIVER / RUNNING SURFACE WATER,0061,pH,8,PH UNITS
https://environment.data.gov.uk/water-quality/sampling-point/TH-PRTS0051/sample/1369634/observation/0076,TH-PRTS0051,ABBEY RIVER DOWNSTREAM OF INTERSECTION,-0.5026,51.3957,Thames,THAMES - WEST THAMES,Multiple Values,OPEN,FRESHWATER - RIVERS,2021-12-14T12:26:00,ENVIRONMENTAL MONITORING STATUTORY (EU DIRECTIVES),RIVER / RUNNING SURFACE WATER,0076,Temperature of Water,7.3,CELSIUS
https://environment.data.gov.uk/water-quality/sampling-point/TH-PRTS0051/sample/1369634/observation/0111,TH-PRTS0051,ABBEY RIVER DOWNSTREAM OF INTERSECTION,-0.5026,51.3957,Thames,THAMES - WEST THAMES,Multiple Values,OPEN,FRESHWATER - RIVERS,2021-12-14T12:26:00,ENVIRONMENTAL MONITORING STATUTORY (EU DIRECTIVES),RIVER / RUNNING SURFACE WATER,0111,Ammoniacal Nitrogen as N,0.033,MILLIGRAM PER LITRE
https://environment.data.gov.uk/water-quality/sampling-point/TH-PRTS0051/sample/1369634/observation/0119,TH-PRTS0051,ABBEY RIVER DOWNSTREAM OF INTERSECTION,-0.5026,51.3957,Thames,THAMES - WEST THAMES,Multiple Values,OPEN,FRESHWATER - RIVERS,2021-12-14T12:26:00,ENVIRONMENTAL MONITORING STATUTORY (EU DIRECTIVES),RIVER / RUNNING SURFACE WATER,0119,Ammonia un-ionised as N,0.00049,MILLIGRAM PER LITRE
https://environment.data.gov.uk/water-quality/sampling-point/TH-PRTS0051/sample/1369634/observation/0135,TH-PRTS0051,ABBEY RIVER DOWNSTREAM OF INTERSECTION,-0.5026,51.3957,Thames,THAMES - WEST THAMES,Multiple Values,OPEN,FRESHWATER - RIVERS,2021-12-14T12:26:00,ENVIRONMENTAL MONITORING STATUTORY (EU DIRECTIVES),RIVER / RUNNING SURFACE WATER,0135,"Solids, Suspended at 105 C",24,MILLIGRAM PER LITRE
https://environment.data.gov.uk/water-quality/sampling-point/TH-PRTS0051/sample/1369634/observation/0180,TH-PRTS0051,ABBEY RIVER DOWNSTREAM OF INTERSECTION,-0.5026,51.3957,Thames,THAMES - WEST THAMES,Multiple Values,OPEN,FRESHWATER - RIVERS,2021-12-14T12:26:00,ENVIRONMENTAL MONITORING STATUTORY (EU DIRECTIVES),RIVER / RUNNING SURFACE WATER,0180,"Orthophosphate, reactive as P",0.2,MILLIGRAM PER LITRE
https://environment.data.gov.uk/water-quality/sampling-point/TH-PRTS0051/sample/1369634/observation/2958,TH-PRTS0051,ABBEY RIVER DOWNSTREAM OF INTERSECTION,-0.5026,51.3957,Thames,THAMES - WEST THAMES,Multiple Values,OPEN,FRESHWATER - RIVERS,2021-12-14T12:26:00,ENVIRONMENTAL MONITORING STATUTORY (EU DIRECTIVES),RIVER / RUNNING SURFACE WATER,2958,Perfluorooctanesulfonic acid (total),0.007,MICROGRAM PER LITRE
https://environment.data.gov.uk/water-quality/sampling-point/TH-PRTS0051/sample/1369634/observation/2959,TH-PRTS0051,ABBEY RIVER DOWNSTREAM OF INTERSECTION,-0.5026,51.3957,Thames,THAMES - WEST THAMES,Multiple Values,OPEN,FRESHWATER - RIVERS,2021-12-14T12:26:00,ENVIRONMENTAL MONITORING STATUTORY (EU DIRECTIVES),RIVER / RUNNING SURFACE WATER,2959,Perfluorooctanesulfonic acid (linear),0.0035,MICROGRAM PER LITRE
https://environment.data.gov.uk/water-quality/sampling-point/TH-PRTS0051/sample/1369634/observation/2960,TH-PRTS0051,ABBEY RIVER DOWNSTREAM OF INTERSECTION,-0.5026,51.3957,Thames,THAMES - WEST THAMES,Multiple Values,OPEN,FRESHWATER - RIVERS,2021-12-14T12:26:00,ENVIRONMENTAL MONITORING STATUTORY (EU DIRECTIVES),RIVER / RUNNING SURFACE WATER,2960,Perfluorooctanesulfonic acid (branched),0.0035,MICROGRAM PER LITRE
https://environment.data.gov.uk/water-quality/sampling-point/TH-PRTS0051/sample/1369634/observation/7608,TH-PRTS0051,ABBEY RIVER DOWNSTREAM OF INTERSECTION,-0.5026,51.3957,Thames,THAMES - WEST THAMES,Multiple Values,OPEN,FRESHWATER - RIVERS,2021-12-14T12:26:00,ENVIRONMENTAL MONITORING STATUTORY (EU DIRECTIVES),RIVER / RUNNING SURFACE WATER,7608,Salinity : In Situ,0.36,Parts per thousand
https://environment.data.gov.uk/water-quality/sampling-point/TH-PRTS0051/sample/1369634/observation/9274,TH-PRTS0051,ABBEY RIVER DOWNSTREAM OF INTERSECTION,-0.5026,51.3957,Thames,THAMES - WEST THAMES,Multiple Values,OPEN,FRESHWATER - RIVERS,2021-12-14T12:26:00,ENVIRONMENTAL MONITORING STATUTORY (EU DIRECTIVES),RIVER / RUNNING SURFACE WATER,9274,Perfluorooctanoate anion,0.0028,MICROGRAM PER LITRE
https://environment.data.gov.uk/water-quality/sampling-point/TH-PRTS0051/sample/1369634/observation/9901,TH-PRTS0051,ABBEY RIVER DOWNSTREAM OF INTERSECTION,-0.5026,51.3957,Thames,THAMES - WEST THAMES,Multiple Values,OPEN,FRESHWATER - RIVERS,2021-12-14T12:26:00,ENVIRONMENTAL MONITORING STATUTORY (EU DIRECTIVES),RIVER / RUNNING SURFACE WATER,9901,"Oxygen, Dissolved, % Saturation",91.1,PERCENTAGE
https://environment.data.gov.uk/water-quality/sampling-point/TH-PRTS0051/sample/1369634/observation/9924,TH-PRTS0051,ABBEY RIVER DOWNSTREAM OF INTERSECTION,-0.5026,51.3957,Thames,THAMES - WEST THAMES,Multiple Values,OPEN,FRESHWATER - RIVERS,2021-12-14T12:26:00,ENVIRONMENTAL MONITORING STATUTORY (EU DIRECTIVES),RIVER / RUNNING SURFACE WATER,9924,"Oxygen, Dissolved as O2",10.9,MILLIGRAM PER LITRE
https://environment.data.gov.uk/water-quality/sampling-point/TH-PRTS0052/sample/1341870/observation/7668,TH-PRTS0052,BURWAY DITCH UPSTREAM OF INTERSECTION,-0.5013,51.3992,Thames,THAMES - WEST THAMES,Multiple Values,OPEN,FRESHWATER - RIVERS,2021-01-28T15:14:00,PLANNED INVESTIGATION (NATIONAL AGENCY POLICY),RIVER / RUNNING SURFACE WATER,7668,No flow /No sample,No flow/discharge at sampling point,Coded Result
https://environment.data.gov.uk/water-quality/sampling-point/TH-PRTS0052/sample/1342440/observation/7668,TH-PRTS0052,BURWAY DITCH UPSTREAM OF INTERSECTION,-0.5013,51.3992,Thames,THAMES - WEST THAMES,Multiple Values,OPEN,FRESHWATER - RIVERS,2021-02-23T12:30:00,PLANNED INVESTIGATION (NATIONAL AGENCY POLICY),RIVER / RUNNING SURFACE WATER,7668,No flow /No sample,No flow/discharge at sampling point,Coded Result
https://environment.data.gov.uk/water-quality/sampling-point/TH-PRTS0052/sample/1345428/observation/7668,TH-PRTS0052,BURWAY DITCH UPSTREAM OF INTERSECTION,-0.5013,51.3992,Thames,THAMES - WEST THAMES,Multiple Values,OPEN,FRESHWATER - RIVERS,2021-03-23T10:28:00,PLANNED INVESTIGATION (NATIONAL AGENCY POLICY),RIVER / RUNNING SURFACE WATER,7668,No flow /No sample,No flow/discharge at sampling point,Coded Result
https://environment.data.gov.uk/water-quality/sampling-point/TH-PRTS0052/sample/1349186/observation/7668,TH-PRTS0052,BURWAY DITCH UPSTREAM OF INTERSECTION,-0.5013,51.3992,Thames,THAMES - WEST THAMES,Multiple Values,OPEN,FRESHWATER - RIVERS,2021-04-29T11:44:00,PLANNED INVESTIGATION (NATIONAL AGENCY POLICY),RIVER / RUNNING SURFACE WATER,7668,No flow /No sample,No flow/discharge at sampling point,Coded Result
https://environment.data.gov.uk/water-quality/sampling-point/TH-PRTS0052/sample/1349540/observation/7668,TH-PRTS0052,BURWAY DITCH UPSTREAM OF INTERSECTION,-0.5013,51.3992,Thames,THAMES - WEST THAMES,Multiple Values,OPEN,FRESHWATER - RIVERS,2021-05-17T13:05:00,ENVIRONMENTAL MONITORING STATUTORY (EU DIRECTIVES),RIVER / RUNNING SURFACE WATER,7668,No flow /No sample,No flow/discharge at sampling point,Coded Result
https://environment.data.gov.uk/water-quality/sampling-point/TH-PRTS0052/sample/1359645/observation/7668,TH-PRTS0052,BURWAY DITCH UPSTREAM OF INTERSECTION,-0.5013,51.3992,Thames,THAMES - WEST THAMES,Multiple Values,OPEN,FRESHWATER - RIVERS,2021-06-24T10:53:00,ENVIRONMENTAL MONITORING STATUTORY (EU DIRECTIVES),RIVER / RUNNING SURFACE WATER,7668,No flow /No sample,No flow/discharge at sampling point,Coded Result
https://environment.data.gov.uk/water-quality/sampling-point/TH-PRTS0052/sample/1360355/observation/7668,TH-PRTS0052,BURWAY DITCH UPSTREAM OF INTERSECTION,-0.5013,51.3992,Thames,THAMES - WEST THAMES,Multiple Values,OPEN,FRESHWATER - RIVERS,2021-07-20T11:01:00,ENVIRONMENTAL MONITORING STATUTORY (EU DIRECTIVES),RIVER / RUNNING SURFACE WATER,7668,No flow /No sample,No flow/discharge at sampling point,Coded Result
https://environment.data.gov.uk/water-quality/sampling-point/TH-PRTS0052/sample/1362268/observation/7668,TH-PRTS0052,BURWAY DITCH UPSTREAM OF INTERSECTION,-0.5013,51.3992,Thames,THAMES - WEST THAMES,Multiple Values,OPEN,FRESHWATER - RIVERS,2021-08-26T10:45:00,ENVIRONMENTAL MONITORING STATUTORY (EU DIRECTIVES),RIVER / RUNNING SURFACE WATER,7668,No flow /No sample,No flow/discharge at sampling point,Coded Result
https://environment.data.gov.uk/water-quality/sampling-point/TH-PRTS0052/sample/1366093/observation/7668,TH-PRTS0052,BURWAY DITCH UPSTREAM OF INTERSECTION,-0.5013,51.3992,Thames,THAMES - WEST THAMES,Multiple Values,OPEN,FRESHWATER - RIVERS,2021-09-24T12:32:00,ENVIRONMENTAL MONITORING STATUTORY (EU DIRECTIVES),RIVER / RUNNING SURFACE WATER,7668,No flow /No sample,No flow/discharge at sampling point,Coded Result
https://environment.data.gov.uk/water-quality/sampling-point/TH-PRTS0052/sample/1367975/observation/7668,TH-PRTS0052,BURWAY DITCH UPSTREAM OF INTERSECTION,-0.5013,51.3992,Thames,THAMES - WEST THAMES,Multiple Values,OPEN,FRESHWATER - RIVERS,2021-10-26T11:45:00,ENVIRONMENTAL MONITORING STATUTORY (EU DIRECTIVES),RIVER / RUNNING SURFACE WATER,7668,No flow /No sample,No flow/discharge at sampling point,Coded Result
https://environment.data.gov.uk/water-quality/sampling-point/TH-PRTS0052/sample/1368976/observation/7668,TH-PRTS0052,BURWAY DITCH UPSTREAM OF INTERSECTION,-0.5013,51.3992,Thames,THAMES - WEST THAMES,Multiple Values,OPEN,FRESHWATER - RIVERS,2021-11-23T12:05:00,ENVIRONMENTAL MONITORING STATUTORY (EU DIRECTIVES),RIVER / RUNNING SURFACE WATER,7668,No flow /No sample,No flow/discharge at sampling point,Coded Result
https://environment.data.gov.uk/water-quality/sampling-point/TH-PRTS0052/sample/1369631/observation/7668,TH-PRTS0052,BURWAY DITCH UPSTREAM OF INTERSECTION,-0.5013,51.3992,Thames,THAMES - WEST THAMES,Multiple Values,OPEN,FRESHWATER - RIVERS,2021-12-14T11:51:00,ENVIRONMENTAL MONITORING STATUTORY (EU DIRECTIVES),RIVER / RUNNING SURFACE WATER,7668,No flow /No sample,No flow/discharge at sampling point,Coded Result
https://environment.data.gov.uk/water-quality/sampling-point/TH-PRTS0054/sample/1341871/observation/0061,TH-PRTS0054,R. THAMES D/S OF RUNNYMEDE CHANNEL O/F,-0.4859,51.389,Thames,THAMES - WEST THAMES,Multiple Values,OPEN,FRESHWATER - RIVERS,2021-01-28T11:21:00,PLANNED INVESTIGATION (NATIONAL AGENCY POLICY),RIVER / RUNNING SURFACE WATER,0061,pH,8.15,PH UNITS
https://environment.data.gov.uk/water-quality/sampling-point/TH-PRTS0054/sample/1341871/observation/0076,TH-PRTS0054,R. THAMES D/S OF RUNNYMEDE CHANNEL O/F,-0.4859,51.389,Thames,THAMES - WEST THAMES,Multiple Values,OPEN,FRESHWATER - RIVERS,2021-01-28T11:21:00,PLANNED INVESTIGATION (NATIONAL AGENCY POLICY),RIVER / RUNNING SURFACE WATER,0076,Temperature of Water,5.1,CELSIUS
https://environment.data.gov.uk/water-quality/sampling-point/TH-PRTS0054/sample/1341871/observation/7608,TH-PRTS0054,R. THAMES D/S OF RUNNYMEDE CHANNEL O/F,-0.4859,51.389,Thames,THAMES - WEST THAMES,Multiple Values,OPEN,FRESHWATER - RIVERS,2021-01-28T11:21:00,PLANNED INVESTIGATION (NATIONAL AGENCY POLICY),RIVER / RUNNING SURFACE WATER,7608,Salinity : In Situ,0.3,Parts per thousand
https://environment.data.gov.uk/water-quality/sampling-point/TH-PRTS0054/sample/1341871/observation/9901,TH-PRTS0054,R. THAMES D/S OF RUNNYMEDE CHANNEL O/F,-0.4859,51.389,Thames,THAMES - WEST THAMES,Multiple Values,OPEN,FRESHWATER - RIVERS,2021-01-28T11:21:00,PLANNED INVESTIGATION (NATIONAL AGENCY POLICY),RIVER / RUNNING SURFACE WATER,9901,"Oxygen, Dissolved, % Saturation",96.9,PERCENTAGE
https://environment.data.gov.uk/water-quality/sampling-point/TH-PRTS0054/sample/1341871/observation/9924,TH-PRTS0054,R. THAMES D/S OF RUNNYMEDE CHANNEL O/F,-0.4859,51.389,Thames,THAMES - WEST THAMES,Multiple Values,OPEN,FRESHWATER - RIVERS,2021-01-28T11:21:00,PLANNED INVESTIGATION (NATIONAL AGENCY POLICY),RIVER / RUNNING SURFACE WATER,9924,"Oxygen, Dissolved as O2",12.3,MILLIGRAM PER LITRE
https://environment.data.gov.uk/water-quality/sampling-point/TH-PRTS0054/sample/1342445/observation/0061,TH-PRTS0054,R. THAMES D/S OF RUNNYMEDE CHANNEL O/F,-0.4859,51.389,Thames,THAMES - WEST THAMES,Multiple Values,OPEN,FRESHWATER - RIVERS,2021-02-23T13:13:00,PLANNED INVESTIGATION (NATIONAL AGENCY POLICY),RIVER / RUNNING SURFACE WATER,0061,pH,8.14,PH UNITS
https://environment.data.gov.uk/water-quality/sampling-point/TH-PRTS0054/sample/1342445/observation/0076,TH-PRTS0054,R. THAMES D/S OF RUNNYMEDE CHANNEL O/F,-0.4859,51.389,Thames,THAMES - WEST THAMES,Multiple Values,OPEN,FRESHWATER - RIVERS,2021-02-23T13:13:00,PLANNED INVESTIGATION (NATIONAL AGENCY POLICY),RIVER / RUNNING SURFACE WATER,0076,Temperature of Water,9.8,CELSIUS
https://environment.data.gov.uk/water-quality/sampling-point/TH-PRTS0054/sample/1342445/observation/7608,TH-PRTS0054,R. THAMES D/S OF RUNNYMEDE CHANNEL O/F,-0.4859,51.389,Thames,THAMES - WEST THAMES,Multiple Values,OPEN,FRESHWATER - RIVERS,2021-02-23T13:13:00,PLANNED INVESTIGATION (NATIONAL AGENCY POLICY),RIVER / RUNNING SURFACE WATER,7608,Salinity : In Situ,0.31,Parts per thousand
https://environment.data.gov.uk/water-quality/sampling-point/TH-PRTS0054/sample/1342445/observation/9901,TH-PRTS0054,R. THAMES D/S OF RUNNYMEDE CHANNEL O/F,-0.4859,51.389,Thames,THAMES - WEST THAMES,Multiple Values,OPEN,FRESHWATER - RIVERS,2021-02-23T13:13:00,PLANNED INVESTIGATION (NATIONAL AGENCY POLICY),RIVER / RUNNING SURFACE WATER,9901,"Oxygen, Dissolved, % Saturation",102.3,PERCENTAGE
https://environment.data.gov.uk/water-quality/sampling-point/TH-PRTS0054/sample/1342445/observation/9924,TH-PRTS0054,R. THAMES D/S OF RUNNYMEDE CHANNEL O/F,-0.4859,51.389,Thames,THAMES - WEST THAMES,Multiple Values,OPEN,FRESHWATER - RIVERS,2021-02-23T13:13:00,PLANNED INVESTIGATION (NATIONAL AGENCY POLICY),RIVER / RUNNING SURFACE WATER,9924,"Oxygen, Dissolved as O2",11.6,MILLIGRAM PER LITRE
https://environment.data.gov.uk/water-quality/sampling-point/TH-PRTS0054/sample/1345433/observation/0061,TH-PRTS0054,R. THAMES D/S OF RUNNYMEDE CHANNEL O/F,-0.4859,51.389,Thames,THAMES - WEST THAMES,Multiple Values,OPEN,FRESHWATER - RIVERS,2021-03-23T10:37:00,PLANNED INVESTIGATION (NATIONAL AGENCY POLICY),RIVER / RUNNING SURFACE WATER,0061,pH,8.2,PH UNITS
https://environment.data.gov.uk/water-quality/sampling-point/TH-PRTS0054/sample/1345433/observation/0076,TH-PRTS0054,R. THAMES D/S OF RUNNYMEDE CHANNEL O/F,-0.4859,51.389,Thames,THAMES - WEST THAMES,Multiple Values,OPEN,FRESHWATER - RIVERS,2021-03-23T10:37:00,PLANNED INVESTIGATION (NATIONAL AGENCY POLICY),RIVER / RUNNING SURFACE WATER,0076,Temperature of Water,10.1,CELSIUS
https://environment.data.gov.uk/water-quality/sampling-point/TH-PRTS0054/sample/1345433/observation/7608,TH-PRTS0054,R. THAMES D/S OF RUNNYMEDE CHANNEL O/F,-0.4859,51.389,Thames,THAMES - WEST THAMES,Multiple Values,OPEN,FRESHWATER - RIVERS,2021-03-23T10:37:00,PLANNED INVESTIGATION (NATIONAL AGENCY POLICY),RIVER / RUNNING SURFACE WATER,7608,Salinity : In Situ,0.33,Parts per thousand
https://environment.data.gov.uk/water-quality/sampling-point/TH-PRTS0054/sample/1345433/observation/9901,TH-PRTS0054,R. THAMES D/S OF RUNNYMEDE CHANNEL O/F,-0.4859,51.389,Thames,THAMES - WEST THAMES,Multiple Values,OPEN,FRESHWATER - RIVERS,2021-03-23T10:37:00,PLANNED INVESTIGATION (NATIONAL AGENCY POLICY),RIVER / RUNNING SURFACE WATER,9901,"Oxygen, Dissolved, % Saturation",109.5,PERCENTAGE
https://environment.data.gov.uk/water-quality/sampling-point/TH-PRTS0054/sample/1345433/observation/9924,TH-PRTS0054,R. THAMES D/S OF RUNNYMEDE CHANNEL O/F,-0.4859,51.389,Thames,THAMES - WEST THAMES,Multiple Values,OPEN,FRESHWATER - RIVERS,2021-03-23T10:37:00,PLANNED INVESTIGATION (NATIONAL AGENCY POLICY),RIVER / RUNNING SURFACE WATER,9924,"Oxygen, Dissolved as O2",12.3,MILLIGRAM PER LITRE
https://environment.data.gov.uk/water-quality/sampling-point/TH-PRTS0054/sample/1349191/observation/0061,TH-PRTS0054,R. THAMES D/S OF RUNNYMEDE CHANNEL O/F,-0.4859,51.389,Thames,THAMES - WEST THAMES,Multiple Values,OPEN,FRESHWATER - RIVERS,2021-04-29T12:46:00,PLANNED INVESTIGATION (NATIONAL AGENCY POLICY),RIVER / RUNNING SURFACE WATER,0061,pH,8.59,PH UNITS
https://environment.data.gov.uk/water-quality/sampling-point/TH-PRTS0054/sample/1349191/observation/0076,TH-PRTS0054,R. THAMES D/S OF RUNNYMEDE CHANNEL O/F,-0.4859,51.389,Thames,THAMES - WEST THAMES,Multiple Values,OPEN,FRESHWATER - RIVERS,2021-04-29T12:46:00,PLANNED INVESTIGATION (NATIONAL AGENCY POLICY),RIVER / RUNNING SURFACE WATER,0076,Temperature of Water,11.8,CELSIUS
https://environment.data.gov.uk/water-quality/sampling-point/TH-PRTS0054/sample/1349191/observation/7608,TH-PRTS0054,R. THAMES D/S OF RUNNYMEDE CHANNEL O/F,-0.4859,51.389,Thames,THAMES - WEST THAMES,Multiple Values,OPEN,FRESHWATER - RIVERS,2021-04-29T12:46:00,PLANNED INVESTIGATION (NATIONAL AGENCY POLICY),RIVER / RUNNING SURFACE WATER,7608,Salinity : In Situ,0.31,Parts per thousand
https://environment.data.gov.uk/water-quality/sampling-point/TH-PRTS0054/sample/1349191/observation/9901,TH-PRTS0054,R. THAMES D/S OF RUNNYMEDE CHANNEL O/F,-0.4859,51.389,Thames,THAMES - WEST THAMES,Multiple Values,OPEN,FRESHWATER - RIVERS,2021-04-29T12:46:00,PLANNED INVESTIGATION (NATIONAL AGENCY POLICY),RIVER / RUNNING SURFACE WATER,9901,"Oxygen, Dissolved, % Saturation",99.8,PERCENTAGE
https://environment.data.gov.uk/water-quality/sampling-point/TH-PRTS0054/sample/1349191/observation/9924,TH-PRTS0054,R. THAMES D/S OF RUNNYMEDE CHANNEL O/F,-0.4859,51.389,Thames,THAMES - WEST THAMES,Multiple Values,OPEN,FRESHWATER - RIVERS,2021-04-29T12:46:00,PLANNED INVESTIGATION (NATIONAL AGENCY POLICY),RIVER / RUNNING SURFACE WATER,9924,"Oxygen, Dissolved as O2",10.8,MILLIGRAM PER LITRE
https://environment.data.gov.uk/water-quality/sampling-point/TH-PRTS0054/sample/1349545/observation/0061,TH-PRTS0054,R. THAMES D/S OF RUNNYMEDE CHANNEL O/F,-0.4859,51.389,Thames,THAMES - WEST THAMES,Multiple Values,OPEN,FRESHWATER - RIVERS,2021-05-17T13:47:00,ENVIRONMENTAL MONITORING STATUTORY (EU DIRECTIVES),RIVER / RUNNING SURFACE WATER,0061,pH,8.29,PH UNITS
https://environment.data.gov.uk/water-quality/sampling-point/TH-PRTS0054/sample/1349545/observation/0076,TH-PRTS0054,R. THAMES D/S OF RUNNYMEDE CHANNEL O/F,-0.4859,51.389,Thames,THAMES - WEST THAMES,Multiple Values,OPEN,FRESHWATER - RIVERS,2021-05-17T13:47:00,ENVIRONMENTAL MONITORING STATUTORY (EU DIRECTIVES),RIVER / RUNNING SURFACE WATER,0076,Temperature of Water,14,CELSIUS
https://environment.data.gov.uk/water-quality/sampling-point/TH-PRTS0054/sample/1349545/observation/0111,TH-PRTS0054,R. THAMES D/S OF RUNNYMEDE CHANNEL O/F,-0.4859,51.389,Thames,THAMES - WEST THAMES,Multiple Values,OPEN,FRESHWATER - RIVERS,2021-05-17T13:47:00,ENVIRONMENTAL MONITORING STATUTORY (EU DIRECTIVES),RIVER / RUNNING SURFACE WATER,0111,Ammoniacal Nitrogen as N,<0.5,MILLIGRAM PER LITRE
https://environment.data.gov.uk/water-quality/sampling-point/TH-PRTS0054/sample/1349545/observation/0119,TH-PRTS0054,R. THAMES D/S OF RUNNYMEDE CHANNEL O/F,-0.4859,51.389,Thames,THAMES - WEST THAMES,Multiple Values,OPEN,FRESHWATER - RIVERS,2021-05-17T13:47:00,ENVIRONMENTAL MONITORING STATUTORY (EU DIRECTIVES),RIVER / RUNNING SURFACE WATER,0119,Ammonia un-ionised as N,<0.0122,MILLIGRAM PER LITRE
https://environment.data.gov.uk/water-quality/sampling-point/TH-PRTS0054/sample/1349545/observation/0135,TH-PRTS0054,R. THAMES D/S OF RUNNYMEDE CHANNEL O/F,-0.4859,51.389,Thames,THAMES - WEST THAMES,Multiple Values,OPEN,FRESHWATER - RIVERS,2021-05-17T13:47:00,ENVIRONMENTAL MONITORING STATUTORY (EU DIRECTIVES),RIVER / RUNNING SURFACE WATER,0135,"Solids, Suspended at 105 C",14,MILLIGRAM PER LITRE
https://environment.data.gov.uk/water-quality/sampling-point/TH-PRTS0054/sample/1349545/observation/0180,TH-PRTS0054,R. THAMES D/S OF RUNNYMEDE CHANNEL O/F,-0.4859,51.389,Thames,THAMES - WEST THAMES,Multiple Values,OPEN,FRESHWATER - RIVERS,2021-05-17T13:47:00,ENVIRONMENTAL MONITORING STATUTORY (EU DIRECTIVES),RIVER / RUNNING SURFACE WATER,0180,"Orthophosphate, reactive as P",0.14,MILLIGRAM PER LITRE
https://environment.data.gov.uk/water-quality/sampling-point/TH-PRTS0054/sample/1349545/observation/7608,TH-PRTS0054,R. THAMES D/S OF RUNNYMEDE CHANNEL O/F,-0.4859,51.389,Thames,THAMES - WEST THAMES,Multiple Values,OPEN,FRESHWATER - RIVERS,2021-05-17T13:47:00,ENVIRONMENTAL MONITORING STATUTORY (EU DIRECTIVES),RIVER / RUNNING SURFACE WATER,7608,Salinity : In Situ,0.33,Parts per thousand
https://environment.data.gov.uk/water-quality/sampling-point/TH-PRTS0054/sample/1349545/observation/9901,TH-PRTS0054,R. THAMES D/S OF RUNNYMEDE CHANNEL O/F,-0.4859,51.389,Thames,THAMES - WEST THAMES,Multiple Values,OPEN,FRESHWATER - RIVERS,2021-05-17T13:47:00,ENVIRONMENTAL MONITORING STATUTORY (EU DIRECTIVES),RIVER / RUNNING SURFACE WATER,9901,"Oxygen, Dissolved, % Saturation",107.8,PERCENTAGE
https://environment.data.gov.uk/water-quality/sampling-point/TH-PRTS0054/sample/1349545/observation/9924,TH-PRTS0054,R. THAMES D/S OF RUNNYMEDE CHANNEL O/F,-0.4859,51.389,Thames,THAMES - WEST THAMES,Multiple Values,OPEN,FRESHWATER - RIVERS,2021-05-17T13:47:00,ENVIRONMENTAL MONITORING STATUTORY (EU DIRECTIVES),RIVER / RUNNING SURFACE WATER,9924,"Oxygen, Dissolved as O2",11.1,MILLIGRAM PER LITRE
https://environment.data.gov.uk/water-quality/sampling-point/TH-PRTS0054/sample/1359650/observation/0061,TH-PRTS0054,R. THAMES D/S OF RUNNYMEDE CHANNEL O/F,-0.4859,51.389,Thames,THAMES - WEST THAMES,Multiple Values,OPEN,FRESHWATER - RIVERS,2021-06-24T11:49:00,ENVIRONMENTAL MONITORING STATUTORY (EU DIRECTIVES),RIVER / RUNNING SURFACE WATER,0061,pH,8.01,PH UNITS
https://environment.data.gov.uk/water-quality/sampling-point/TH-PRTS0054/sample/1359650/observation/0076,TH-PRTS0054,R. THAMES D/S OF RUNNYMEDE CHANNEL O/F,-0.4859,51.389,Thames,THAMES - WEST THAMES,Multiple Values,OPEN,FRESHWATER - RIVERS,2021-06-24T11:49:00,ENVIRONMENTAL MONITORING STATUTORY (EU DIRECTIVES),RIVER / RUNNING SURFACE WATER,0076,Temperature of Water,17.7,CELSIUS
https://environment.data.gov.uk/water-quality/sampling-point/TH-PRTS0054/sample/1359650/observation/0111,TH-PRTS0054,R. THAMES D/S OF RUNNYMEDE CHANNEL O/F,-0.4859,51.389,Thames,THAMES - WEST THAMES,Multiple Values,OPEN,FRESHWATER - RIVERS,2021-06-24T11:49:00,ENVIRONMENTAL MONITORING STATUTORY (EU DIRECTIVES),RIVER / RUNNING SURFACE WATER,0111,Ammoniacal Nitrogen as N,<0.5,MILLIGRAM PER LITRE
https://environment.data.gov.uk/water-quality/sampling-point/TH-PRTS0054/sample/1359650/observation/0119,TH-PRTS0054,R. THAMES D/S OF RUNNYMEDE CHANNEL O/F,-0.4859,51.389,Thames,THAMES - WEST THAMES,Multiple Values,OPEN,FRESHWATER - RIVERS,2021-06-24T11:49:00,ENVIRONMENTAL MONITORING STATUTORY (EU DIRECTIVES),RIVER / RUNNING SURFACE WATER,0119,Ammonia un-ionised as N,<0.016,MILLIGRAM PER LITRE
https://environment.data.gov.uk/water-quality/sampling-point/TH-PRTS0054/sample/1359650/observation/0135,TH-PRTS0054,R. THAMES D/S OF RUNNYMEDE CHANNEL O/F,-0.4859,51.389,Thames,THAMES - WEST THAMES,Multiple Values,OPEN,FRESHWATER - RIVERS,2021-06-24T11:49:00,ENVIRONMENTAL MONITORING STATUTORY (EU DIRECTIVES),RIVER / RUNNING SURFACE WATER,0135,"Solids, Suspended at 105 C",32,MILLIGRAM PER LITRE
https://environment.data.gov.uk/water-quality/sampling-point/TH-PRTS0054/sample/1359650/observation/0180,TH-PRTS0054,R. THAMES D/S OF RUNNYMEDE CHANNEL O/F,-0.4859,51.389,Thames,THAMES - WEST THAMES,Multiple Values,OPEN,FRESHWATER - RIVERS,2021-06-24T11:49:00,ENVIRONMENTAL MONITORING STATUTORY (EU DIRECTIVES),RIVER / RUNNING SURFACE WATER,0180,"Orthophosphate, reactive as P",0.24,MILLIGRAM PER LITRE
https://environment.data.gov.uk/water-quality/sampling-point/TH-PRTS0054/sample/1359650/observation/7608,TH-PRTS0054,R. THAMES D/S OF RUNNYMEDE CHANNEL O/F,-0.4859,51.389,Thames,THAMES - WEST THAMES,Multiple Values,OPEN,FRESHWATER - RIVERS,2021-06-24T11:49:00,ENVIRONMENTAL MONITORING STATUTORY (EU DIRECTIVES),RIVER / RUNNING SURFACE WATER,7608,Salinity : In Situ,0.29,Parts per thousand
https://environment.data.gov.uk/water-quality/sampling-point/TH-PRTS0054/sample/1359650/observation/9274,TH-PRTS0054,R. THAMES D/S OF RUNNYMEDE CHANNEL O/F,-0.4859,51.389,Thames,THAMES - WEST THAMES,Multiple Values,OPEN,FRESHWATER - RIVERS,2021-06-24T11:49:00,ENVIRONMENTAL MONITORING STATUTORY (EU DIRECTIVES),RIVER / RUNNING SURFACE WATER,9274,Perfluorooctanoate anion,0.0042,MICROGRAM PER LITRE
https://environment.data.gov.uk/water-quality/sampling-point/TH-PRTS0054/sample/1359650/observation/9276,TH-PRTS0054,R. THAMES D/S OF RUNNYMEDE CHANNEL O/F,-0.4859,51.389,Thames,THAMES - WEST THAMES,Multiple Values,OPEN,FRESHWATER - RIVERS,2021-06-24T11:49:00,ENVIRONMENTAL MONITORING STATUTORY (EU DIRECTIVES),RIVER / RUNNING SURFACE WATER,9276,Perfluorooctylsulphonate anion,0.0068,MICROGRAM PER LITRE
https://environment.data.gov.uk/water-quality/sampling-point/TH-PRTS0054/sample/1359650/observation/9901,TH-PRTS0054,R. THAMES D/S OF RUNNYMEDE CHANNEL O/F,-0.4859,51.389,Thames,THAMES - WEST THAMES,Multiple Values,OPEN,FRESHWATER - RIVERS,2021-06-24T11:49:00,ENVIRONMENTAL MONITORING STATUTORY (EU DIRECTIVES),RIVER / RUNNING SURFACE WATER,9901,"Oxygen, Dissolved, % Saturation",103.8,PERCENTAGE
https://environment.data.gov.uk/water-quality/sampling-point/TH-PRTS0054/sample/1359650/observation/9924,TH-PRTS0054,R. THAMES D/S OF RUNNYMEDE CHANNEL O/F,-0.4859,51.389,Thames,THAMES - WEST THAMES,Multiple Values,OPEN,FRESHWATER - RIVERS,2021-06-24T11:49:00,ENVIRONMENTAL MONITORING STATUTORY (EU DIRECTIVES),RIVER / RUNNING SURFACE WATER,9924,"Oxygen, Dissolved as O2",9.85,MILLIGRAM PER LITRE
https://environment.data.gov.uk/water-quality/sampling-point/TH-PRTS0054/sample/1360360/observation/0061,TH-PRTS0054,R. THAMES D/S OF RUNNYMEDE CHANNEL O/F,-0.4859,51.389,Thames,THAMES - WEST THAMES,Multiple Values,OPEN,FRESHWATER - RIVERS,2021-07-20T12:43:00,ENVIRONMENTAL MONITORING STATUTORY (EU DIRECTIVES),RIVER / RUNNING SURFACE WATER,0061,pH,8.12,PH UNITS
https://environment.data.gov.uk/water-quality/sampling-point/TH-PRTS0054/sample/1360360/observation/0076,TH-PRTS0054,R. THAMES D/S OF RUNNYMEDE CHANNEL O/F,-0.4859,51.389,Thames,THAMES - WEST THAMES,Multiple Values,OPEN,FRESHWATER - RIVERS,2021-07-20T12:43:00,ENVIRONMENTAL MONITORING STATUTORY (EU DIRECTIVES),RIVER / RUNNING SURFACE WATER,0076,Temperature of Water,23.7,CELSIUS
https://environment.data.gov.uk/water-quality/sampling-point/TH-PRTS0054/sample/1360360/observation/0111,TH-PRTS0054,R. THAMES D/S OF RUNNYMEDE CHANNEL O/F,-0.4859,51.389,Thames,THAMES - WEST THAMES,Multiple Values,OPEN,FRESHWATER - RIVERS,2021-07-20T12:43:00,ENVIRONMENTAL MONITORING STATUTORY (EU DIRECTIVES),RIVER / RUNNING SURFACE WATER,0111,Ammoniacal Nitrogen as N,<0.03,MILLIGRAM PER LITRE
https://environment.data.gov.uk/water-quality/sampling-point/TH-PRTS0054/sample/1360360/observation/0119,TH-PRTS0054,R. THAMES D/S OF RUNNYMEDE CHANNEL O/F,-0.4859,51.389,Thames,THAMES - WEST THAMES,Multiple Values,OPEN,FRESHWATER - RIVERS,2021-07-20T12:43:00,ENVIRONMENTAL MONITORING STATUTORY (EU DIRECTIVES),RIVER / RUNNING SURFACE WATER,0119,Ammonia un-ionised as N,<0.00147,MILLIGRAM PER LITRE
https://environment.data.gov.uk/water-quality/sampling-point/TH-PRTS0054/sample/1360360/observation/0135,TH-PRTS0054,R. THAMES D/S OF RUNNYMEDE CHANNEL O/F,-0.4859,51.389,Thames,THAMES - WEST THAMES,Multiple Values,OPEN,FRESHWATER - RIVERS,2021-07-20T12:43:00,ENVIRONMENTAL MONITORING STATUTORY (EU DIRECTIVES),RIVER / RUNNING SURFACE WATER,0135,"Solids, Suspended at 105 C",9.2,MILLIGRAM PER LITRE
https://environment.data.gov.uk/water-quality/sampling-point/TH-PRTS0054/sample/1360360/observation/0180,TH-PRTS0054,R. THAMES D/S OF RUNNYMEDE CHANNEL O/F,-0.4859,51.389,Thames,THAMES - WEST THAMES,Multiple Values,OPEN,FRESHWATER - RIVERS,2021-07-20T12:43:00,ENVIRONMENTAL MONITORING STATUTORY (EU DIRECTIVES),RIVER / RUNNING SURFACE WATER,0180,"Orthophosphate, reactive as P",0.2,MILLIGRAM PER LITRE
https://environment.data.gov.uk/water-quality/sampling-point/TH-PRTS0054/sample/1360360/observation/2958,TH-PRTS0054,R. THAMES D/S OF RUNNYMEDE CHANNEL O/F,-0.4859,51.389,Thames,THAMES - WEST THAMES,Multiple Values,OPEN,FRESHWATER - RIVERS,2021-07-20T12:43:00,ENVIRONMENTAL MONITORING STATUTORY (EU DIRECTIVES),RIVER / RUNNING SURFACE WATER,2958,Perfluorooctanesulfonic acid (total),0.0087,MICROGRAM PER LITRE
https://environment.data.gov.uk/water-quality/sampling-point/TH-PRTS0054/sample/1360360/observation/2959,TH-PRTS0054,R. THAMES D/S OF RUNNYMEDE CHANNEL O/F,-0.4859,51.389,Thames,THAMES - WEST THAMES,Multiple Values,OPEN,FRESHWATER - RIVERS,2021-07-20T12:43:00,ENVIRONMENTAL MONITORING STATUTORY (EU DIRECTIVES),RIVER / RUNNING SURFACE WATER,2959,Perfluorooctanesulfonic acid (linear),0.005,MICROGRAM PER LITRE
https://environment.data.gov.uk/water-quality/sampling-point/TH-PRTS0054/sample/1360360/observation/2960,TH-PRTS0054,R. THAMES D/S OF RUNNYMEDE CHANNEL O/F,-0.4859,51.389,Thames,THAMES - WEST THAMES,Multiple Values,OPEN,FRESHWATER - RIVERS,2021-07-20T12:43:00,ENVIRONMENTAL MONITORING STATUTORY (EU DIRECTIVES),RIVER / RUNNING SURFACE WATER,2960,Perfluorooctanesulfonic acid (branched),0.0037,MICROGRAM PER LITRE
https://environment.data.gov.uk/water-quality/sampling-point/TH-PRTS0054/sample/1360360/observation/7608,TH-PRTS0054,R. THAMES D/S OF RUNNYMEDE CHANNEL O/F,-0.4859,51.389,Thames,THAMES - WEST THAMES,Multiple Values,OPEN,FRESHWATER - RIVERS,2021-07-20T12:43:00,ENVIRONMENTAL MONITORING STATUTORY (EU DIRECTIVES),RIVER / RUNNING SURFACE WATER,7608,Salinity : In Situ,0.34,Parts per thousand
https://environment.data.gov.uk/water-quality/sampling-point/TH-PRTS0054/sample/1360360/observation/9274,TH-PRTS0054,R. THAMES D/S OF RUNNYMEDE CHANNEL O/F,-0.4859,51.389,Thames,THAMES - WEST THAMES,Multiple Values,OPEN,FRESHWATER - RIVERS,2021-07-20T12:43:00,ENVIRONMENTAL MONITORING STATUTORY (EU DIRECTIVES),RIVER / RUNNING SURFACE WATER,9274,Perfluorooctanoate anion,0.0044,MICROGRAM PER LITRE
https://environment.data.gov.uk/water-quality/sampling-point/TH-PRTS0054/sample/1360360/observation/9901,TH-PRTS0054,R. THAMES D/S OF RUNNYMEDE CHANNEL O/F,-0.4859,51.389,Thames,THAMES - WEST THAMES,Multiple Values,OPEN,FRESHWATER - RIVERS,2021-07-20T12:43:00,ENVIRONMENTAL MONITORING STATUTORY (EU DIRECTIVES),RIVER / RUNNING SURFACE WATER,9901,"Oxygen, Dissolved, % Saturation",85,PERCENTAGE
https://environment.data.gov.uk/water-quality/sampling-point/TH-PRTS0054/sample/1360360/observation/9924,TH-PRTS0054,R. THAMES D/S OF RUNNYMEDE CHANNEL O/F,-0.4859,51.389,Thames,THAMES - WEST THAMES,Multiple Values,OPEN,FRESHWATER - RIVERS,2021-07-20T12:43:00,ENVIRONMENTAL MONITORING STATUTORY (EU DIRECTIVES),RIVER / RUNNING SURFACE WATER,9924,"Oxygen, Dissolved as O2",7.17,MILLIGRAM PER LITRE
https://environment.data.gov.uk/water-quality/sampling-point/TH-PRTS0054/sample/1362272/observation/0061,TH-PRTS0054,R. THAMES D/S OF RUNNYMEDE CHANNEL O/F,-0.4859,51.389,Thames,THAMES - WEST THAMES,Multiple Values,OPEN,FRESHWATER - RIVERS,2021-08-26T12:36:00,ENVIRONMENTAL MONITORING STATUTORY (EU DIRECTIVES),RIVER / RUNNING SURFACE WATER,0061,pH,8.45,PH UNITS
https://environment.data.gov.uk/water-quality/sampling-point/TH-PRTS0054/sample/1362272/observation/0076,TH-PRTS0054,R. THAMES D/S OF RUNNYMEDE CHANNEL O/F,-0.4859,51.389,Thames,THAMES - WEST THAMES,Multiple Values,OPEN,FRESHWATER - RIVERS,2021-08-26T12:36:00,ENVIRONMENTAL MONITORING STATUTORY (EU DIRECTIVES),RIVER / RUNNING SURFACE WATER,0076,Temperature of Water,19,CELSIUS
https://environment.data.gov.uk/water-quality/sampling-point/TH-PRTS0054/sample/1362272/observation/0111,TH-PRTS0054,R. THAMES D/S OF RUNNYMEDE CHANNEL O/F,-0.4859,51.389,Thames,THAMES - WEST THAMES,Multiple Values,OPEN,FRESHWATER - RIVERS,2021-08-26T12:36:00,ENVIRONMENTAL MONITORING STATUTORY (EU DIRECTIVES),RIVER / RUNNING SURFACE WATER,0111,Ammoniacal Nitrogen as N,<0.03,MILLIGRAM PER LITRE
https://environment.data.gov.uk/water-quality/sampling-point/TH-PRTS0054/sample/1362272/observation/0119,TH-PRTS0054,R. THAMES D/S OF RUNNYMEDE CHANNEL O/F,-0.4859,51.389,Thames,THAMES - WEST THAMES,Multiple Values,OPEN,FRESHWATER - RIVERS,2021-08-26T12:36:00,ENVIRONMENTAL MONITORING STATUTORY (EU DIRECTIVES),RIVER / RUNNING SURFACE WATER,0119,Ammonia un-ionised as N,<0.00105,MILLIGRAM PER LITRE
https://environment.data.gov.uk/water-quality/sampling-point/TH-PRTS0054/sample/1362272/observation/0135,TH-PRTS0054,R. THAMES D/S OF RUNNYMEDE CHANNEL O/F,-0.4859,51.389,Thames,THAMES - WEST THAMES,Multiple Values,OPEN,FRESHWATER - RIVERS,2021-08-26T12:36:00,ENVIRONMENTAL MONITORING STATUTORY (EU DIRECTIVES),RIVER / RUNNING SURFACE WATER,0135,"Solids, Suspended at 105 C",13,MILLIGRAM PER LITRE
https://environment.data.gov.uk/water-quality/sampling-point/TH-PRTS0054/sample/1362272/observation/0180,TH-PRTS0054,R. THAMES D/S OF RUNNYMEDE CHANNEL O/F,-0.4859,51.389,Thames,THAMES - WEST THAMES,Multiple Values,OPEN,FRESHWATER - RIVERS,2021-08-26T12:36:00,ENVIRONMENTAL MONITORING STATUTORY (EU DIRECTIVES),RIVER / RUNNING SURFACE WATER,0180,"Orthophosphate, reactive as P",0.16,MILLIGRAM PER LITRE
https://environment.data.gov.uk/water-quality/sampling-point/TH-PRTS0054/sample/1362272/observation/2958,TH-PRTS0054,R. THAMES D/S OF RUNNYMEDE CHANNEL O/F,-0.4859,51.389,Thames,THAMES - WEST THAMES,Multiple Values,OPEN,FRESHWATER - RIVERS,2021-08-26T12:36:00,ENVIRONMENTAL MONITORING STATUTORY (EU DIRECTIVES),RIVER / RUNNING SURFACE WATER,2958,Perfluorooctanesulfonic acid (total),0.0079,MICROGRAM PER LITRE
https://environment.data.gov.uk/water-quality/sampling-point/TH-PRTS0054/sample/1362272/observation/2959,TH-PRTS0054,R. THAMES D/S OF RUNNYMEDE CHANNEL O/F,-0.4859,51.389,Thames,THAMES - WEST THAMES,Multiple Values,OPEN,FRESHWATER - RIVERS,2021-08-26T12:36:00,ENVIRONMENTAL MONITORING STATUTORY (EU DIRECTIVES),RIVER / RUNNING SURFACE WATER,2959,Perfluorooctanesulfonic acid (linear),0.0039,MICROGRAM PER LITRE
https://environment.data.gov.uk/water-quality/sampling-point/TH-PRTS0054/sample/1362272/observation/2960,TH-PRTS0054,R. THAMES D/S OF RUNNYMEDE CHANNEL O/F,-0.4859,51.389,Thames,THAMES - WEST THAMES,Multiple Values,OPEN,FRESHWATER - RIVERS,2021-08-26T12:36:00,ENVIRONMENTAL MONITORING STATUTORY (EU DIRECTIVES),RIVER / RUNNING SURFACE WATER,2960,Perfluorooctanesulfonic acid (branched),0.0041,MICROGRAM PER LITRE
https://environment.data.gov.uk/water-quality/sampling-point/TH-PRTS0054/sample/1362272/observation/7608,TH-PRTS0054,R. THAMES D/S OF RUNNYMEDE CHANNEL O/F,-0.4859,51.389,Thames,THAMES - WEST THAMES,Multiple Values,OPEN,FRESHWATER - RIVERS,2021-08-26T12:36:00,ENVIRONMENTAL MONITORING STATUTORY (EU DIRECTIVES),RIVER / RUNNING SURFACE WATER,7608,Salinity : In Situ,0.34,Parts per thousand
https://environment.data.gov.uk/water-quality/sampling-point/TH-PRTS0054/sample/1362272/observation/9274,TH-PRTS0054,R. THAMES D/S OF RUNNYMEDE CHANNEL O/F,-0.4859,51.389,Thames,THAMES - WEST THAMES,Multiple Values,OPEN,FRESHWATER - RIVERS,2021-08-26T12:36:00,ENVIRONMENTAL MONITORING STATUTORY (EU DIRECTIVES),RIVER / RUNNING SURFACE WATER,9274,Perfluorooctanoate anion,0.0038,MICROGRAM PER LITRE
https://environment.data.gov.uk/water-quality/sampling-point/TH-PRTS0054/sample/1362272/observation/9276,TH-PRTS0054,R. THAMES D/S OF RUNNYMEDE CHANNEL O/F,-0.4859,51.389,Thames,THAMES - WEST THAMES,Multiple Values,OPEN,FRESHWATER - RIVERS,2021-08-26T12:36:00,ENVIRONMENTAL MONITORING STATUTORY (EU DIRECTIVES),RIVER / RUNNING SURFACE WATER,9276,Perfluorooctylsulphonate anion,0.005,MICROGRAM PER LITRE
https://environment.data.gov.uk/water-quality/sampling-point/TH-PRTS0054/sample/1362272/observation/9901,TH-PRTS0054,R. THAMES D/S OF RUNNYMEDE CHANNEL O/F,-0.4859,51.389,Thames,THAMES - WEST THAMES,Multiple Values,OPEN,FRESHWATER - RIVERS,2021-08-26T12:36:00,ENVIRONMENTAL MONITORING STATUTORY (EU DIRECTIVES),RIVER / RUNNING SURFACE WATER,9901,"Oxygen, Dissolved, % Saturation",120.1,PERCENTAGE
https://environment.data.gov.uk/water-quality/sampling-point/TH-PRTS0054/sample/1362272/observation/9924,TH-PRTS0054,R. THAMES D/S OF RUNNYMEDE CHANNEL O/F,-0.4859,51.389,Thames,THAMES - WEST THAMES,Multiple Values,OPEN,FRESHWATER - RIVERS,2021-08-26T12:36:00,ENVIRONMENTAL MONITORING STATUTORY (EU DIRECTIVES),RIVER / RUNNING SURFACE WATER,9924,"Oxygen, Dissolved as O2",11.1,MILLIGRAM PER LITRE
https://environment.data.gov.uk/water-quality/sampling-point/TH-PRTS0054/sample/1366097/observation/0061,TH-PRTS0054,R. THAMES D/S OF RUNNYMEDE CHANNEL O/F,-0.4859,51.389,Thames,THAMES - WEST THAMES,Multiple Values,OPEN,FRESHWATER - RIVERS,2021-09-24T13:29:00,ENVIRONMENTAL MONITORING STATUTORY (EU DIRECTIVES),RIVER / RUNNING SURFACE WATER,0061,pH,8.35,PH UNITS
https://environment.data.gov.uk/water-quality/sampling-point/TH-PRTS0054/sample/1366097/observation/0076,TH-PRTS0054,R. THAMES D/S OF RUNNYMEDE CHANNEL O/F,-0.4859,51.389,Thames,THAMES - WEST THAMES,Multiple Values,OPEN,FRESHWATER - RIVERS,2021-09-24T13:29:00,ENVIRONMENTAL MONITORING STATUTORY (EU DIRECTIVES),RIVER / RUNNING SURFACE WATER,0076,Temperature of Water,18.7,CELSIUS
https://environment.data.gov.uk/water-quality/sampling-point/TH-PRTS0054/sample/1366097/observation/0111,TH-PRTS0054,R. THAMES D/S OF RUNNYMEDE CHANNEL O/F,-0.4859,51.389,Thames,THAMES - WEST THAMES,Multiple Values,OPEN,FRESHWATER - RIVERS,2021-09-24T13:29:00,ENVIRONMENTAL MONITORING STATUTORY (EU DIRECTIVES),RIVER / RUNNING SURFACE WATER,0111,Ammoniacal Nitrogen as N,<0.03,MILLIGRAM PER LITRE
https://environment.data.gov.uk/water-quality/sampling-point/TH-PRTS0054/sample/1366097/observation/0119,TH-PRTS0054,R. THAMES D/S OF RUNNYMEDE CHANNEL O/F,-0.4859,51.389,Thames,THAMES - WEST THAMES,Multiple Values,OPEN,FRESHWATER - RIVERS,2021-09-24T13:29:00,ENVIRONMENTAL MONITORING STATUTORY (EU DIRECTIVES),RIVER / RUNNING SURFACE WATER,0119,Ammonia un-ionised as N,<0.00103,MILLIGRAM PER LITRE
https://environment.data.gov.uk/water-quality/sampling-point/TH-PRTS0054/sample/1366097/observation/0135,TH-PRTS0054,R. THAMES D/S OF RUNNYMEDE CHANNEL O/F,-0.4859,51.389,Thames,THAMES - WEST THAMES,Multiple Values,OPEN,FRESHWATER - RIVERS,2021-09-24T13:29:00,ENVIRONMENTAL MONITORING STATUTORY (EU DIRECTIVES),RIVER / RUNNING SURFACE WATER,0135,"Solids, Suspended at 105 C",6.1,MILLIGRAM PER LITRE
https://environment.data.gov.uk/water-quality/sampling-point/TH-PRTS0054/sample/1366097/observation/0180,TH-PRTS0054,R. THAMES D/S OF RUNNYMEDE CHANNEL O/F,-0.4859,51.389,Thames,THAMES - WEST THAMES,Multiple Values,OPEN,FRESHWATER - RIVERS,2021-09-24T13:29:00,ENVIRONMENTAL MONITORING STATUTORY (EU DIRECTIVES),RIVER / RUNNING SURFACE WATER,0180,"Orthophosphate, reactive as P",0.26,MILLIGRAM PER LITRE
https://environment.data.gov.uk/water-quality/sampling-point/TH-PRTS0054/sample/1366097/observation/2958,TH-PRTS0054,R. THAMES D/S OF RUNNYMEDE CHANNEL O/F,-0.4859,51.389,Thames,THAMES - WEST THAMES,Multiple Values,OPEN,FRESHWATER - RIVERS,2021-09-24T13:29:00,ENVIRONMENTAL MONITORING STATUTORY (EU DIRECTIVES),RIVER / RUNNING SURFACE WATER,2958,Perfluorooctanesulfonic acid (total),0.0055,MICROGRAM PER LITRE
https://environment.data.gov.uk/water-quality/sampling-point/TH-PRTS0054/sample/1366097/observation/2959,TH-PRTS0054,R. THAMES D/S OF RUNNYMEDE CHANNEL O/F,-0.4859,51.389,Thames,THAMES - WEST THAMES,Multiple Values,OPEN,FRESHWATER - RIVERS,2021-09-24T13:29:00,ENVIRONMENTAL MONITORING STATUTORY (EU DIRECTIVES),RIVER / RUNNING SURFACE WATER,2959,Perfluorooctanesulfonic acid (linear),0.0031,MICROGRAM PER LITRE
https://environment.data.gov.uk/water-quality/sampling-point/TH-PRTS0054/sample/1366097/observation/2960,TH-PRTS0054,R. THAMES D/S OF RUNNYMEDE CHANNEL O/F,-0.4859,51.389,Thames,THAMES - WEST THAMES,Multiple Values,OPEN,FRESHWATER - RIVERS,2021-09-24T13:29:00,ENVIRONMENTAL MONITORING STATUTORY (EU DIRECTIVES),RIVER / RUNNING SURFACE WATER,2960,Perfluorooctanesulfonic acid (branched),0.0024,MICROGRAM PER LITRE
https://environment.data.gov.uk/water-quality/sampling-point/TH-PRTS0054/sample/1366097/observation/7608,TH-PRTS0054,R. THAMES D/S OF RUNNYMEDE CHANNEL O/F,-0.4859,51.389,Thames,THAMES - WEST THAMES,Multiple Values,OPEN,FRESHWATER - RIVERS,2021-09-24T13:29:00,ENVIRONMENTAL MONITORING STATUTORY (EU DIRECTIVES),RIVER / RUNNING SURFACE WATER,7608,Salinity : In Situ,0.36,Parts per thousand
https://environment.data.gov.uk/water-quality/sampling-point/TH-PRTS0054/sample/1366097/observation/9274,TH-PRTS0054,R. THAMES D/S OF RUNNYMEDE CHANNEL O/F,-0.4859,51.389,Thames,THAMES - WEST THAMES,Multiple Values,OPEN,FRESHWATER - RIVERS,2021-09-24T13:29:00,ENVIRONMENTAL MONITORING STATUTORY (EU DIRECTIVES),RIVER / RUNNING SURFACE WATER,9274,Perfluorooctanoate anion,0.0035,MICROGRAM PER LITRE
https://environment.data.gov.uk/water-quality/sampling-point/TH-PRTS0054/sample/1366097/observation/9901,TH-PRTS0054,R. THAMES D/S OF RUNNYMEDE CHANNEL O/F,-0.4859,51.389,Thames,THAMES - WEST THAMES,Multiple Values,OPEN,FRESHWATER - RIVERS,2021-09-24T13:29:00,ENVIRONMENTAL MONITORING STATUTORY (EU DIRECTIVES),RIVER / RUNNING SURFACE WATER,9901,"Oxygen, Dissolved, % Saturation",135.5,PERCENTAGE
https://environment.data.gov.uk/water-quality/sampling-point/TH-PRTS0054/sample/1366097/observation/9924,TH-PRTS0054,R. THAMES D/S OF RUNNYMEDE CHANNEL O/F,-0.4859,51.389,Thames,THAMES - WEST THAMES,Multiple Values,OPEN,FRESHWATER - RIVERS,2021-09-24T13:29:00,ENVIRONMENTAL MONITORING STATUTORY (EU DIRECTIVES),RIVER / RUNNING SURFACE WATER,9924,"Oxygen, Dissolved as O2",12.6,MILLIGRAM PER LITRE
https://environment.data.gov.uk/water-quality/sampling-point/TH-PRTS0054/sample/1367979/observation/0061,TH-PRTS0054,R. THAMES D/S OF RUNNYMEDE CHANNEL O/F,-0.4859,51.389,Thames,THAMES - WEST THAMES,Multiple Values,OPEN,FRESHWATER - RIVERS,2021-10-26T12:54:00,ENVIRONMENTAL MONITORING STATUTORY (EU DIRECTIVES),RIVER / RUNNING SURFACE WATER,0061,pH,8.12,PH UNITS
https://environment.data.gov.uk/water-quality/sampling-point/TH-PRTS0054/sample/1367979/observation/0076,TH-PRTS0054,R. THAMES D/S OF RUNNYMEDE CHANNEL O/F,-0.4859,51.389,Thames,THAMES - WEST THAMES,Multiple Values,OPEN,FRESHWATER - RIVERS,2021-10-26T12:54:00,ENVIRONMENTAL MONITORING STATUTORY (EU DIRECTIVES),RIVER / RUNNING SURFACE WATER,0076,Temperature of Water,12.6,CELSIUS
https://environment.data.gov.uk/water-quality/sampling-point/TH-PRTS0054/sample/1367979/observation/0111,TH-PRTS0054,R. THAMES D/S OF RUNNYMEDE CHANNEL O/F,-0.4859,51.389,Thames,THAMES - WEST THAMES,Multiple Values,OPEN,FRESHWATER - RIVERS,2021-10-26T12:54:00,ENVIRONMENTAL MONITORING STATUTORY (EU DIRECTIVES),RIVER / RUNNING SURFACE WATER,0111,Ammoniacal Nitrogen as N,0.044,MILLIGRAM PER LITRE
https://environment.data.gov.uk/water-quality/sampling-point/TH-PRTS0054/sample/1367979/observation/0119,TH-PRTS0054,R. THAMES D/S OF RUNNYMEDE CHANNEL O/F,-0.4859,51.389,Thames,THAMES - WEST THAMES,Multiple Values,OPEN,FRESHWATER - RIVERS,2021-10-26T12:54:00,ENVIRONMENTAL MONITORING STATUTORY (EU DIRECTIVES),RIVER / RUNNING SURFACE WATER,0119,Ammonia un-ionised as N,0.00097,MILLIGRAM PER LITRE
https://environment.data.gov.uk/water-quality/sampling-point/TH-PRTS0054/sample/1367979/observation/0135,TH-PRTS0054,R. THAMES D/S OF RUNNYMEDE CHANNEL O/F,-0.4859,51.389,Thames,THAMES - WEST THAMES,Multiple Values,OPEN,FRESHWATER - RIVERS,2021-10-26T12:54:00,ENVIRONMENTAL MONITORING STATUTORY (EU DIRECTIVES),RIVER / RUNNING SURFACE WATER,0135,"Solids, Suspended at 105 C",9.8,MILLIGRAM PER LITRE
https://environment.data.gov.uk/water-quality/sampling-point/TH-PRTS0054/sample/1367979/observation/0180,TH-PRTS0054,R. THAMES D/S OF RUNNYMEDE CHANNEL O/F,-0.4859,51.389,Thames,THAMES - WEST THAMES,Multiple Values,OPEN,FRESHWATER - RIVERS,2021-10-26T12:54:00,ENVIRONMENTAL MONITORING STATUTORY (EU DIRECTIVES),RIVER / RUNNING SURFACE WATER,0180,"Orthophosphate, reactive as P",0.22,MILLIGRAM PER LITRE
https://environment.data.gov.uk/water-quality/sampling-point/TH-PRTS0054/sample/1367979/observation/2958,TH-PRTS0054,R. THAMES D/S OF RUNNYMEDE CHANNEL O/F,-0.4859,51.389,Thames,THAMES - WEST THAMES,Multiple Values,OPEN,FRESHWATER - RIVERS,2021-10-26T12:54:00,ENVIRONMENTAL MONITORING STATUTORY (EU DIRECTIVES),RIVER / RUNNING SURFACE WATER,2958,Perfluorooctanesulfonic acid (total),0.0067,MICROGRAM PER LITRE
https://environment.data.gov.uk/water-quality/sampling-point/TH-PRTS0054/sample/1367979/observation/2959,TH-PRTS0054,R. THAMES D/S OF RUNNYMEDE CHANNEL O/F,-0.4859,51.389,Thames,THAMES - WEST THAMES,Multiple Values,OPEN,FRESHWATER - RIVERS,2021-10-26T12:54:00,ENVIRONMENTAL MONITORING STATUTORY (EU DIRECTIVES),RIVER / RUNNING SURFACE WATER,2959,Perfluorooctanesulfonic acid (linear),0.0037,MICROGRAM PER LITRE
https://environment.data.gov.uk/water-quality/sampling-point/TH-PRTS0054/sample/1367979/observation/2960,TH-PRTS0054,R. THAMES D/S OF RUNNYMEDE CHANNEL O/F,-0.4859,51.389,Thames,THAMES - WEST THAMES,Multiple Values,OPEN,FRESHWATER - RIVERS,2021-10-26T12:54:00,ENVIRONMENTAL MONITORING STATUTORY (EU DIRECTIVES),RIVER / RUNNING SURFACE WATER,2960,Perfluorooctanesulfonic acid (branched),0.003,MICROGRAM PER LITRE
https://environment.data.gov.uk/water-quality/sampling-point/TH-PRTS0054/sample/1367979/observation/7608,TH-PRTS0054,R. THAMES D/S OF RUNNYMEDE CHANNEL O/F,-0.4859,51.389,Thames,THAMES - WEST THAMES,Multiple Values,OPEN,FRESHWATER - RIVERS,2021-10-26T12:54:00,ENVIRONMENTAL MONITORING STATUTORY (EU DIRECTIVES),RIVER / RUNNING SURFACE WATER,7608,Salinity : In Situ,0.3,Parts per thousand
https://environment.data.gov.uk/water-quality/sampling-point/TH-PRTS0054/sample/1367979/observation/9274,TH-PRTS0054,R. THAMES D/S OF RUNNYMEDE CHANNEL O/F,-0.4859,51.389,Thames,THAMES - WEST THAMES,Multiple Values,OPEN,FRESHWATER - RIVERS,2021-10-26T12:54:00,ENVIRONMENTAL MONITORING STATUTORY (EU DIRECTIVES),RIVER / RUNNING SURFACE WATER,9274,Perfluorooctanoate anion,0.0039,MICROGRAM PER LITRE
https://environment.data.gov.uk/water-quality/sampling-point/TH-PRTS0054/sample/1367979/observation/9901,TH-PRTS0054,R. THAMES D/S OF RUNNYMEDE CHANNEL O/F,-0.4859,51.389,Thames,THAMES - WEST THAMES,Multiple Values,OPEN,FRESHWATER - RIVERS,2021-10-26T12:54:00,ENVIRONMENTAL MONITORING STATUTORY (EU DIRECTIVES),RIVER / RUNNING SURFACE WATER,9901,"Oxygen, Dissolved, % Saturation",97.9,PERCENTAGE
https://environment.data.gov.uk/water-quality/sampling-point/TH-PRTS0054/sample/1367979/observation/9924,TH-PRTS0054,R. THAMES D/S OF RUNNYMEDE CHANNEL O/F,-0.4859,51.389,Thames,THAMES - WEST THAMES,Multiple Values,OPEN,FRESHWATER - RIVERS,2021-10-26T12:54:00,ENVIRONMENTAL MONITORING STATUTORY (EU DIRECTIVES),RIVER / RUNNING SURFACE WATER,9924,"Oxygen, Dissolved as O2",10.4,MILLIGRAM PER LITRE
https://environment.data.gov.uk/water-quality/sampling-point/TH-PRTS0054/sample/1368980/observation/0061,TH-PRTS0054,R. THAMES D/S OF RUNNYMEDE CHANNEL O/F,-0.4859,51.389,Thames,THAMES - WEST THAMES,Multiple Values,OPEN,FRESHWATER - RIVERS,2021-11-23T13:31:00,ENVIRONMENTAL MONITORING STATUTORY (EU DIRECTIVES),RIVER / RUNNING SURFACE WATER,0061,pH,8.22,PH UNITS
https://environment.data.gov.uk/water-quality/sampling-point/TH-PRTS0054/sample/1368980/observation/0076,TH-PRTS0054,R. THAMES D/S OF RUNNYMEDE CHANNEL O/F,-0.4859,51.389,Thames,THAMES - WEST THAMES,Multiple Values,OPEN,FRESHWATER - RIVERS,2021-11-23T13:31:00,ENVIRONMENTAL MONITORING STATUTORY (EU DIRECTIVES),RIVER / RUNNING SURFACE WATER,0076,Temperature of Water,9,CELSIUS
https://environment.data.gov.uk/water-quality/sampling-point/TH-PRTS0054/sample/1368980/observation/0111,TH-PRTS0054,R. THAMES D/S OF RUNNYMEDE CHANNEL O/F,-0.4859,51.389,Thames,THAMES - WEST THAMES,Multiple Values,OPEN,FRESHWATER - RIVERS,2021-11-23T13:31:00,ENVIRONMENTAL MONITORING STATUTORY (EU DIRECTIVES),RIVER / RUNNING SURFACE WATER,0111,Ammoniacal Nitrogen as N,0.031,MILLIGRAM PER LITRE
https://environment.data.gov.uk/water-quality/sampling-point/TH-PRTS0054/sample/1368980/observation/0119,TH-PRTS0054,R. THAMES D/S OF RUNNYMEDE CHANNEL O/F,-0.4859,51.389,Thames,THAMES - WEST THAMES,Multiple Values,OPEN,FRESHWATER - RIVERS,2021-11-23T13:31:00,ENVIRONMENTAL MONITORING STATUTORY (EU DIRECTIVES),RIVER / RUNNING SURFACE WATER,0119,Ammonia un-ionised as N,0.00053,MILLIGRAM PER LITRE
https://environment.data.gov.uk/water-quality/sampling-point/TH-PRTS0054/sample/1368980/observation/0135,TH-PRTS0054,R. THAMES D/S OF RUNNYMEDE CHANNEL O/F,-0.4859,51.389,Thames,THAMES - WEST THAMES,Multiple Values,OPEN,FRESHWATER - RIVERS,2021-11-23T13:31:00,ENVIRONMENTAL MONITORING STATUTORY (EU DIRECTIVES),RIVER / RUNNING SURFACE WATER,0135,"Solids, Suspended at 105 C",<3,MILLIGRAM PER LITRE
https://environment.data.gov.uk/water-quality/sampling-point/TH-PRTS0054/sample/1368980/observation/0180,TH-PRTS0054,R. THAMES D/S OF RUNNYMEDE CHANNEL O/F,-0.4859,51.389,Thames,THAMES - WEST THAMES,Multiple Values,OPEN,FRESHWATER - RIVERS,2021-11-23T13:31:00,ENVIRONMENTAL MONITORING STATUTORY (EU DIRECTIVES),RIVER / RUNNING SURFACE WATER,0180,"Orthophosphate, reactive as P",0.21,MILLIGRAM PER LITRE
https://environment.data.gov.uk/water-quality/sampling-point/TH-PRTS0054/sample/1368980/observation/2958,TH-PRTS0054,R. THAMES D/S OF RUNNYMEDE CHANNEL O/F,-0.4859,51.389,Thames,THAMES - WEST THAMES,Multiple Values,OPEN,FRESHWATER - RIVERS,2021-11-23T13:31:00,ENVIRONMENTAL MONITORING STATUTORY (EU DIRECTIVES),RIVER / RUNNING SURFACE WATER,2958,Perfluorooctanesulfonic acid (total),0.0078,MICROGRAM PER LITRE
https://environment.data.gov.uk/water-quality/sampling-point/TH-PRTS0054/sample/1368980/observation/2959,TH-PRTS0054,R. THAMES D/S OF RUNNYMEDE CHANNEL O/F,-0.4859,51.389,Thames,THAMES - WEST THAMES,Multiple Values,OPEN,FRESHWATER - RIVERS,2021-11-23T13:31:00,ENVIRONMENTAL MONITORING STATUTORY (EU DIRECTIVES),RIVER / RUNNING SURFACE WATER,2959,Perfluorooctanesulfonic acid (linear),0.0038,MICROGRAM PER LITRE
https://environment.data.gov.uk/water-quality/sampling-point/TH-PRTS0054/sample/1368980/observation/2960,TH-PRTS0054,R. THAMES D/S OF RUNNYMEDE CHANNEL O/F,-0.4859,51.389,Thames,THAMES - WEST THAMES,Multiple Values,OPEN,FRESHWATER - RIVERS,2021-11-23T13:31:00,ENVIRONMENTAL MONITORING STATUTORY (EU DIRECTIVES),RIVER / RUNNING SURFACE WATER,2960,Perfluorooctanesulfonic acid (branched),0.0041,MICROGRAM PER LITRE
https://environment.data.gov.uk/water-quality/sampling-point/TH-PRTS0054/sample/1368980/observation/7608,TH-PRTS0054,R. THAMES D/S OF RUNNYMEDE CHANNEL O/F,-0.4859,51.389,Thames,THAMES - WEST THAMES,Multiple Values,OPEN,FRESHWATER - RIVERS,2021-11-23T13:31:00,ENVIRONMENTAL MONITORING STATUTORY (EU DIRECTIVES),RIVER / RUNNING SURFACE WATER,7608,Salinity : In Situ,0.34,Parts per thousand
https://environment.data.gov.uk/water-quality/sampling-point/TH-PRTS0054/sample/1368980/observation/9274,TH-PRTS0054,R. THAMES D/S OF RUNNYMEDE CHANNEL O/F,-0.4859,51.389,Thames,THAMES - WEST THAMES,Multiple Values,OPEN,FRESHWATER - RIVERS,2021-11-23T13:31:00,ENVIRONMENTAL MONITORING STATUTORY (EU DIRECTIVES),RIVER / RUNNING SURFACE WATER,9274,Perfluorooctanoate anion,0.0028,MICROGRAM PER LITRE
https://environment.data.gov.uk/water-quality/sampling-point/TH-PRTS0054/sample/1368980/observation/9901,TH-PRTS0054,R. THAMES D/S OF RUNNYMEDE CHANNEL O/F,-0.4859,51.389,Thames,THAMES - WEST THAMES,Multiple Values,OPEN,FRESHWATER - RIVERS,2021-11-23T13:31:00,ENVIRONMENTAL MONITORING STATUTORY (EU DIRECTIVES),RIVER / RUNNING SURFACE WATER,9901,"Oxygen, Dissolved, % Saturation",98.9,PERCENTAGE
https://environment.data.gov.uk/water-quality/sampling-point/TH-PRTS0054/sample/1368980/observation/9924,TH-PRTS0054,R. THAMES D/S OF RUNNYMEDE CHANNEL O/F,-0.4859,51.389,Thames,THAMES - WEST THAMES,Multiple Values,OPEN,FRESHWATER - RIVERS,2021-11-23T13:31:00,ENVIRONMENTAL MONITORING STATUTORY (EU DIRECTIVES),RIVER / RUNNING SURFACE WATER,9924,"Oxygen, Dissolved as O2",11.4,MILLIGRAM PER LITRE
https://environment.data.gov.uk/water-quality/sampling-point/TH-PRTS0054/sample/1369635/observation/0061,TH-PRTS0054,R. THAMES D/S OF RUNNYMEDE CHANNEL O/F,-0.4859,51.389,Thames,THAMES - WEST THAMES,Multiple Values,OPEN,FRESHWATER - RIVERS,2021-12-14T12:42:00,ENVIRONMENTAL MONITORING STATUTORY (EU DIRECTIVES),RIVER / RUNNING SURFACE WATER,0061,pH,8.29,PH UNITS
https://environment.data.gov.uk/water-quality/sampling-point/TH-PRTS0054/sample/1369635/observation/0076,TH-PRTS0054,R. THAMES D/S OF RUNNYMEDE CHANNEL O/F,-0.4859,51.389,Thames,THAMES - WEST THAMES,Multiple Values,OPEN,FRESHWATER - RIVERS,2021-12-14T12:42:00,ENVIRONMENTAL MONITORING STATUTORY (EU DIRECTIVES),RIVER / RUNNING SURFACE WATER,0076,Temperature of Water,8.3,CELSIUS
https://environment.data.gov.uk/water-quality/sampling-point/TH-PRTS0054/sample/1369635/observation/0111,TH-PRTS0054,R. THAMES D/S OF RUNNYMEDE CHANNEL O/F,-0.4859,51.389,Thames,THAMES - WEST THAMES,Multiple Values,OPEN,FRESHWATER - RIVERS,2021-12-14T12:42:00,ENVIRONMENTAL MONITORING STATUTORY (EU DIRECTIVES),RIVER / RUNNING SURFACE WATER,0111,Ammoniacal Nitrogen as N,<0.03,MILLIGRAM PER LITRE
https://environment.data.gov.uk/water-quality/sampling-point/TH-PRTS0054/sample/1369635/observation/0119,TH-PRTS0054,R. THAMES D/S OF RUNNYMEDE CHANNEL O/F,-0.4859,51.389,Thames,THAMES - WEST THAMES,Multiple Values,OPEN,FRESHWATER - RIVERS,2021-12-14T12:42:00,ENVIRONMENTAL MONITORING STATUTORY (EU DIRECTIVES),RIVER / RUNNING SURFACE WATER,0119,Ammonia un-ionised as N,<0.00048,MILLIGRAM PER LITRE
https://environment.data.gov.uk/water-quality/sampling-point/TH-PRTS0054/sample/1369635/observation/0135,TH-PRTS0054,R. THAMES D/S OF RUNNYMEDE CHANNEL O/F,-0.4859,51.389,Thames,THAMES - WEST THAMES,Multiple Values,OPEN,FRESHWATER - RIVERS,2021-12-14T12:42:00,ENVIRONMENTAL MONITORING STATUTORY (EU DIRECTIVES),RIVER / RUNNING SURFACE WATER,0135,"Solids, Suspended at 105 C",15,MILLIGRAM PER LITRE
https://environment.data.gov.uk/water-quality/sampling-point/TH-PRTS0054/sample/1369635/observation/0180,TH-PRTS0054,R. THAMES D/S OF RUNNYMEDE CHANNEL O/F,-0.4859,51.389,Thames,THAMES - WEST THAMES,Multiple Values,OPEN,FRESHWATER - RIVERS,2021-12-14T12:42:00,ENVIRONMENTAL MONITORING STATUTORY (EU DIRECTIVES),RIVER / RUNNING SURFACE WATER,0180,"Orthophosphate, reactive as P",0.19,MILLIGRAM PER LITRE
https://environment.data.gov.uk/water-quality/sampling-point/TH-PRTS0054/sample/1369635/observation/2958,TH-PRTS0054,R. THAMES D/S OF RUNNYMEDE CHANNEL O/F,-0.4859,51.389,Thames,THAMES - WEST THAMES,Multiple Values,OPEN,FRESHWATER - RIVERS,2021-12-14T12:42:00,ENVIRONMENTAL MONITORING STATUTORY (EU DIRECTIVES),RIVER / RUNNING SURFACE WATER,2958,Perfluorooctanesulfonic acid (total),0.0097,MICROGRAM PER LITRE
https://environment.data.gov.uk/water-quality/sampling-point/TH-PRTS0054/sample/1369635/observation/2959,TH-PRTS0054,R. THAMES D/S OF RUNNYMEDE CHANNEL O/F,-0.4859,51.389,Thames,THAMES - WEST THAMES,Multiple Values,OPEN,FRESHWATER - RIVERS,2021-12-14T12:42:00,ENVIRONMENTAL MONITORING STATUTORY (EU DIRECTIVES),RIVER / RUNNING SURFACE WATER,2959,Perfluorooctanesulfonic acid (linear),0.0055,MICROGRAM PER LITRE
https://environment.data.gov.uk/water-quality/sampling-point/TH-PRTS0054/sample/1369635/observation/2960,TH-PRTS0054,R. THAMES D/S OF RUNNYMEDE CHANNEL O/F,-0.4859,51.389,Thames,THAMES - WEST THAMES,Multiple Values,OPEN,FRESHWATER - RIVERS,2021-12-14T12:42:00,ENVIRONMENTAL MONITORING STATUTORY (EU DIRECTIVES),RIVER / RUNNING SURFACE WATER,2960,Perfluorooctanesulfonic acid (branched),0.0042,MICROGRAM PER LITRE
https://environment.data.gov.uk/water-quality/sampling-point/TH-PRTS0054/sample/1369635/observation/7608,TH-PRTS0054,R. THAMES D/S OF RUNNYMEDE CHANNEL O/F,-0.4859,51.389,Thames,THAMES - WEST THAMES,Multiple Values,OPEN,FRESHWATER - RIVERS,2021-12-14T12:42:00,ENVIRONMENTAL MONITORING STATUTORY (EU DIRECTIVES),RIVER / RUNNING SURFACE WATER,7608,Salinity : In Situ,0.35,Parts per thousand
https://environment.data.gov.uk/water-quality/sampling-point/TH-PRTS0054/sample/1369635/observation/9274,TH-PRTS0054,R. THAMES D/S OF RUNNYMEDE CHANNEL O/F,-0.4859,51.389,Thames,THAMES - WEST THAMES,Multiple Values,OPEN,FRESHWATER - RIVERS,2021-12-14T12:42:00,ENVIRONMENTAL MONITORING STATUTORY (EU DIRECTIVES),RIVER / RUNNING SURFACE WATER,9274,Perfluorooctanoate anion,0.0027,MICROGRAM PER LITRE
https://environment.data.gov.uk/water-quality/sampling-point/TH-PRTS0054/sample/1369635/observation/9901,TH-PRTS0054,R. THAMES D/S OF RUNNYMEDE CHANNEL O/F,-0.4859,51.389,Thames,THAMES - WEST THAMES,Multiple Values,OPEN,FRESHWATER - RIVERS,2021-12-14T12:42:00,ENVIRONMENTAL MONITORING STATUTORY (EU DIRECTIVES),RIVER / RUNNING SURFACE WATER,9901,"Oxygen, Dissolved, % Saturation",122,PERCENTAGE
https://environment.data.gov.uk/water-quality/sampling-point/TH-PRTS0054/sample/1369635/observation/9924,TH-PRTS0054,R. THAMES D/S OF RUNNYMEDE CHANNEL O/F,-0.4859,51.389,Thames,THAMES - WEST THAMES,Multiple Values,OPEN,FRESHWATER - RIVERS,2021-12-14T12:42:00,ENVIRONMENTAL MONITORING STATUTORY (EU DIRECTIVES),RIVER / RUNNING SURFACE WATER,9924,"Oxygen, Dissolved as O2",14.3,MILLIGRAM PER LITRE
https://environment.data.gov.uk/water-quality/sampling-point/TH-PRTS0055/sample/1355102/observation/0111,TH-PRTS0055,THAMES UPSTREAM OF CS3,-0.4864,51.3956,Thames,THAMES - WEST THAMES,Multiple Values,OPEN,FRESHWATER - RIVERS,2021-06-08T14:30:00,ENVIRONMENTAL MONITORING STATUTORY (EU DIRECTIVES),RIVER / RUNNING SURFACE WATER,0111,Ammoniacal Nitrogen as N,<0.5,MILLIGRAM PER LITRE
https://environment.data.gov.uk/water-quality/sampling-point/TH-PRTS0055/sample/1355102/observation/2348,TH-PRTS0055,THAMES UPSTREAM OF CS3,-0.4864,51.3956,Thames,THAMES - WEST THAMES,Multiple Values,OPEN,FRESHWATER - RIVERS,2021-06-08T14:30:00,ENVIRONMENTAL MONITORING STATUTORY (EU DIRECTIVES),RIVER / RUNNING SURFACE WATER,2348,Escherichia coli : Confirmed : MF,230,NUMBER PER HUNDRED MILLILITRES
https://environment.data.gov.uk/water-quality/sampling-point/TH-PRTS0055/sample/1355102/observation/3722,TH-PRTS0055,THAMES UPSTREAM OF CS3,-0.4864,51.3956,Thames,THAMES - WEST THAMES,Multiple Values,OPEN,FRESHWATER - RIVERS,2021-06-08T14:30:00,ENVIRONMENTAL MONITORING STATUTORY (EU DIRECTIVES),RIVER / RUNNING SURFACE WATER,3722,Enterococci: Intestinal: Presumptive: MF,<10,Colony Forming Units / 100ml
https://environment.data.gov.uk/water-quality/sampling-point/TH-PRTS0055/sample/1355102/observation/3723,TH-PRTS0055,THAMES UPSTREAM OF CS3,-0.4864,51.3956,Thames,THAMES - WEST THAMES,Multiple Values,OPEN,FRESHWATER - RIVERS,2021-06-08T14:30:00,ENVIRONMENTAL MONITORING STATUTORY (EU DIRECTIVES),RIVER / RUNNING SURFACE WATER,3723,Enterococci: Intestinal: Confirmed: MF,<10,Colony Forming Units / 100ml
https://environment.data.gov.uk/water-quality/sampling-point/TH-PRTS0055/sample/1359453/observation/0061,TH-PRTS0055,THAMES UPSTREAM OF CS3,-0.4864,51.3956,Thames,THAMES - WEST THAMES,Multiple Values,OPEN,FRESHWATER - RIVERS,2021-06-17T15:36:00,ENVIRONMENTAL MONITORING STATUTORY (EU DIRECTIVES),RIVER / RUNNING SURFACE WATER,0061,pH,8.22,PH UNITS
https://environment.data.gov.uk/water-quality/sampling-point/TH-PRTS0055/sample/1359453/observation/0062,TH-PRTS0055,THAMES UPSTREAM OF CS3,-0.4864,51.3956,Thames,THAMES - WEST THAMES,Multiple Values,OPEN,FRESHWATER - RIVERS,2021-06-17T15:36:00,ENVIRONMENTAL MONITORING STATUTORY (EU DIRECTIVES),RIVER / RUNNING SURFACE WATER,0062,Conductivity at 20 C,703,MICROSIEMENS PER CENTIMETRE
https://environment.data.gov.uk/water-quality/sampling-point/TH-PRTS0055/sample/1359453/observation/0076,TH-PRTS0055,THAMES UPSTREAM OF CS3,-0.4864,51.3956,Thames,THAMES - WEST THAMES,Multiple Values,OPEN,FRESHWATER - RIVERS,2021-06-17T15:36:00,ENVIRONMENTAL MONITORING STATUTORY (EU DIRECTIVES),RIVER / RUNNING SURFACE WATER,0076,Temperature of Water,21.8,CELSIUS
https://environment.data.gov.uk/water-quality/sampling-point/TH-PRTS0055/sample/1359453/observation/0111,TH-PRTS0055,THAMES UPSTREAM OF CS3,-0.4864,51.3956,Thames,THAMES - WEST THAMES,Multiple Values,OPEN,FRESHWATER - RIVERS,2021-06-17T15:36:00,ENVIRONMENTAL MONITORING STATUTORY (EU DIRECTIVES),RIVER / RUNNING SURFACE WATER,0111,Ammoniacal Nitrogen as N,<0.5,MILLIGRAM PER LITRE
https://environment.data.gov.uk/water-quality/sampling-point/TH-PRTS0055/sample/1359453/observation/0119,TH-PRTS0055,THAMES UPSTREAM OF CS3,-0.4864,51.3956,Thames,THAMES - WEST THAMES,Multiple Values,OPEN,FRESHWATER - RIVERS,2021-06-17T15:36:00,ENVIRONMENTAL MONITORING STATUTORY (EU DIRECTIVES),RIVER / RUNNING SURFACE WATER,0119,Ammonia un-ionised as N,<0.0214,MILLIGRAM PER LITRE
https://environment.data.gov.uk/water-quality/sampling-point/TH-PRTS0055/sample/1359453/observation/1198,TH-PRTS0055,THAMES UPSTREAM OF CS3,-0.4864,51.3956,Thames,THAMES - WEST THAMES,Multiple Values,OPEN,FRESHWATER - RIVERS,2021-06-17T15:36:00,ENVIRONMENTAL MONITORING STATUTORY (EU DIRECTIVES),RIVER / RUNNING SURFACE WATER,1198,Salinity,0.34,GRAM PER KILOGRAM
https://environment.data.gov.uk/water-quality/sampling-point/TH-PRTS0055/sample/1359453/observation/2348,TH-PRTS0055,THAMES UPSTREAM OF CS3,-0.4864,51.3956,Thames,THAMES - WEST THAMES,Multiple Values,OPEN,FRESHWATER - RIVERS,2021-06-17T15:36:00,ENVIRONMENTAL MONITORING STATUTORY (EU DIRECTIVES),RIVER / RUNNING SURFACE WATER,2348,Escherichia coli : Confirmed : MF,170,NUMBER PER HUNDRED MILLILITRES
https://environment.data.gov.uk/water-quality/sampling-point/TH-PRTS0055/sample/1359453/observation/3722,TH-PRTS0055,THAMES UPSTREAM OF CS3,-0.4864,51.3956,Thames,THAMES - WEST THAMES,Multiple Values,OPEN,FRESHWATER - RIVERS,2021-06-17T15:36:00,ENVIRONMENTAL MONITORING STATUTORY (EU DIRECTIVES),RIVER / RUNNING SURFACE WATER,3722,Enterococci: Intestinal: Presumptive: MF,27,Colony Forming Units / 100ml
https://environment.data.gov.uk/water-quality/sampling-point/TH-PRTS0055/sample/1359453/observation/3723,TH-PRTS0055,THAMES UPSTREAM OF CS3,-0.4864,51.3956,Thames,THAMES - WEST THAMES,Multiple Values,OPEN,FRESHWATER - RIVERS,2021-06-17T15:36:00,ENVIRONMENTAL MONITORING STATUTORY (EU DIRECTIVES),RIVER / RUNNING SURFACE WATER,3723,Enterococci: Intestinal: Confirmed: MF,18,Colony Forming Units / 100ml
https://environment.data.gov.uk/water-quality/sampling-point/TH-PRTS0055/sample/1359453/observation/9901,TH-PRTS0055,THAMES UPSTREAM OF CS3,-0.4864,51.3956,Thames,THAMES - WEST THAMES,Multiple Values,OPEN,FRESHWATER - RIVERS,2021-06-17T15:36:00,ENVIRONMENTAL MONITORING STATUTORY (EU DIRECTIVES),RIVER / RUNNING SURFACE WATER,9901,"Oxygen, Dissolved, % Saturation",92.5,PERCENTAGE
https://environment.data.gov.uk/water-quality/sampling-point/TH-PRTS0055/sample/1359545/observation/0061,TH-PRTS0055,THAMES UPSTREAM OF CS3,-0.4864,51.3956,Thames,THAMES - WEST THAMES,Multiple Values,OPEN,FRESHWATER - RIVERS,2021-06-21T15:03:00,ENVIRONMENTAL MONITORING STATUTORY (EU DIRECTIVES),RIVER / RUNNING SURFACE WATER,0061,pH,8.09,PH UNITS
https://environment.data.gov.uk/water-quality/sampling-point/TH-PRTS0055/sample/1359545/observation/0062,TH-PRTS0055,THAMES UPSTREAM OF CS3,-0.4864,51.3956,Thames,THAMES - WEST THAMES,Multiple Values,OPEN,FRESHWATER - RIVERS,2021-06-21T15:03:00,ENVIRONMENTAL MONITORING STATUTORY (EU DIRECTIVES),RIVER / RUNNING SURFACE WATER,0062,Conductivity at 20 C,605,MICROSIEMENS PER CENTIMETRE
https://environment.data.gov.uk/water-quality/sampling-point/TH-PRTS0055/sample/1359545/observation/0076,TH-PRTS0055,THAMES UPSTREAM OF CS3,-0.4864,51.3956,Thames,THAMES - WEST THAMES,Multiple Values,OPEN,FRESHWATER - RIVERS,2021-06-21T15:03:00,ENVIRONMENTAL MONITORING STATUTORY (EU DIRECTIVES),RIVER / RUNNING SURFACE WATER,0076,Temperature of Water,17,CELSIUS
https://environment.data.gov.uk/water-quality/sampling-point/TH-PRTS0055/sample/1359545/observation/0111,TH-PRTS0055,THAMES UPSTREAM OF CS3,-0.4864,51.3956,Thames,THAMES - WEST THAMES,Multiple Values,OPEN,FRESHWATER - RIVERS,2021-06-21T15:03:00,ENVIRONMENTAL MONITORING STATUTORY (EU DIRECTIVES),RIVER / RUNNING SURFACE WATER,0111,Ammoniacal Nitrogen as N,<0.5,MILLIGRAM PER LITRE
https://environment.data.gov.uk/water-quality/sampling-point/TH-PRTS0055/sample/1359545/observation/0119,TH-PRTS0055,THAMES UPSTREAM OF CS3,-0.4864,51.3956,Thames,THAMES - WEST THAMES,Multiple Values,OPEN,FRESHWATER - RIVERS,2021-06-21T15:03:00,ENVIRONMENTAL MONITORING STATUTORY (EU DIRECTIVES),RIVER / RUNNING SURFACE WATER,0119,Ammonia un-ionised as N,<0.0152,MILLIGRAM PER LITRE
https://environment.data.gov.uk/water-quality/sampling-point/TH-PRTS0055/sample/1359545/observation/2348,TH-PRTS0055,THAMES UPSTREAM OF CS3,-0.4864,51.3956,Thames,THAMES - WEST THAMES,Multiple Values,OPEN,FRESHWATER - RIVERS,2021-06-21T15:03:00,ENVIRONMENTAL MONITORING STATUTORY (EU DIRECTIVES),RIVER / RUNNING SURFACE WATER,2348,Escherichia coli : Confirmed : MF,390,NUMBER PER HUNDRED MILLILITRES
https://environment.data.gov.uk/water-quality/sampling-point/TH-PRTS0055/sample/1359545/observation/3722,TH-PRTS0055,THAMES UPSTREAM OF CS3,-0.4864,51.3956,Thames,THAMES - WEST THAMES,Multiple Values,OPEN,FRESHWATER - RIVERS,2021-06-21T15:03:00,ENVIRONMENTAL MONITORING STATUTORY (EU DIRECTIVES),RIVER / RUNNING SURFACE WATER,3722,Enterococci: Intestinal: Presumptive: MF,81,Colony Forming Units / 100ml
https://environment.data.gov.uk/water-quality/sampling-point/TH-PRTS0055/sample/1359545/observation/3723,TH-PRTS0055,THAMES UPSTREAM OF CS3,-0.4864,51.3956,Thames,THAMES - WEST THAMES,Multiple Values,OPEN,FRESHWATER - RIVERS,2021-06-21T15:03:00,ENVIRONMENTAL MONITORING STATUTORY (EU DIRECTIVES),RIVER / RUNNING SURFACE WATER,3723,Enterococci: Intestinal: Confirmed: MF,81,Colony Forming Units / 100ml
https://environment.data.gov.uk/water-quality/sampling-point/TH-PRTS0055/sample/1359545/observation/9901,TH-PRTS0055,THAMES UPSTREAM OF CS3,-0.4864,51.3956,Thames,THAMES - WEST THAMES,Multiple Values,OPEN,FRESHWATER - RIVERS,2021-06-21T15:03:00,ENVIRONMENTAL MONITORING STATUTORY (EU DIRECTIVES),RIVER / RUNNING SURFACE WATER,9901,"Oxygen, Dissolved, % Saturation",73.9,PERCENTAGE
https://environment.data.gov.uk/water-quality/sampling-point/TH-PRTS0055/sample/1359711/observation/0061,TH-PRTS0055,THAMES UPSTREAM OF CS3,-0.4864,51.3956,Thames,THAMES - WEST THAMES,Multiple Values,OPEN,FRESHWATER - RIVERS,2021-06-29T13:11:00,ENVIRONMENTAL MONITORING STATUTORY (EU DIRECTIVES),RIVER / RUNNING SURFACE WATER,0061,pH,8.05,PH UNITS
https://environment.data.gov.uk/water-quality/sampling-point/TH-PRTS0055/sample/1359711/observation/0076,TH-PRTS0055,THAMES UPSTREAM OF CS3,-0.4864,51.3956,Thames,THAMES - WEST THAMES,Multiple Values,OPEN,FRESHWATER - RIVERS,2021-06-29T13:11:00,ENVIRONMENTAL MONITORING STATUTORY (EU DIRECTIVES),RIVER / RUNNING SURFACE WATER,0076,Temperature of Water,18,CELSIUS
https://environment.data.gov.uk/water-quality/sampling-point/TH-PRTS0055/sample/1359711/observation/0111,TH-PRTS0055,THAMES UPSTREAM OF CS3,-0.4864,51.3956,Thames,THAMES - WEST THAMES,Multiple Values,OPEN,FRESHWATER - RIVERS,2021-06-29T13:11:00,ENVIRONMENTAL MONITORING STATUTORY (EU DIRECTIVES),RIVER / RUNNING SURFACE WATER,0111,Ammoniacal Nitrogen as N,<0.5,MILLIGRAM PER LITRE
https://environment.data.gov.uk/water-quality/sampling-point/TH-PRTS0055/sample/1359711/observation/0119,TH-PRTS0055,THAMES UPSTREAM OF CS3,-0.4864,51.3956,Thames,THAMES - WEST THAMES,Multiple Values,OPEN,FRESHWATER - RIVERS,2021-06-29T13:11:00,ENVIRONMENTAL MONITORING STATUTORY (EU DIRECTIVES),RIVER / RUNNING SURFACE WATER,0119,Ammonia un-ionised as N,<0.0163,MILLIGRAM PER LITRE
https://environment.data.gov.uk/water-quality/sampling-point/TH-PRTS0055/sample/1359711/observation/2348,TH-PRTS0055,THAMES UPSTREAM OF CS3,-0.4864,51.3956,Thames,THAMES - WEST THAMES,Multiple Values,OPEN,FRESHWATER - RIVERS,2021-06-29T13:11:00,ENVIRONMENTAL MONITORING STATUTORY (EU DIRECTIVES),RIVER / RUNNING SURFACE WATER,2348,Escherichia coli : Confirmed : MF,4100,NUMBER PER HUNDRED MILLILITRES
https://environment.data.gov.uk/water-quality/sampling-point/TH-PRTS0055/sample/1359711/observation/3170,TH-PRTS0055,THAMES UPSTREAM OF CS3,-0.4864,51.3956,Thames,THAMES - WEST THAMES,Multiple Values,OPEN,FRESHWATER - RIVERS,2021-06-29T13:11:00,ENVIRONMENTAL MONITORING STATUTORY (EU DIRECTIVES),RIVER / RUNNING SURFACE WATER,3170,Conductivity : In Situ,651,MICROSIEMENS PER CENTIMETRE
https://environment.data.gov.uk/water-quality/sampling-point/TH-PRTS0055/sample/1359711/observation/3722,TH-PRTS0055,THAMES UPSTREAM OF CS3,-0.4864,51.3956,Thames,THAMES - WEST THAMES,Multiple Values,OPEN,FRESHWATER - RIVERS,2021-06-29T13:11:00,ENVIRONMENTAL MONITORING STATUTORY (EU DIRECTIVES),RIVER / RUNNING SURFACE WATER,3722,Enterococci: Intestinal: Presumptive: MF,730,Colony Forming Units / 100ml
https://environment.data.gov.uk/water-quality/sampling-point/TH-PRTS0055/sample/1359711/observation/3723,TH-PRTS0055,THAMES UPSTREAM OF CS3,-0.4864,51.3956,Thames,THAMES - WEST THAMES,Multiple Values,OPEN,FRESHWATER - RIVERS,2021-06-29T13:11:00,ENVIRONMENTAL MONITORING STATUTORY (EU DIRECTIVES),RIVER / RUNNING SURFACE WATER,3723,Enterococci: Intestinal: Confirmed: MF,730,Colony Forming Units / 100ml
https://environment.data.gov.uk/water-quality/sampling-point/TH-PRTS0055/sample/1359711/observation/7608,TH-PRTS0055,THAMES UPSTREAM OF CS3,-0.4864,51.3956,Thames,THAMES - WEST THAMES,Multiple Values,OPEN,FRESHWATER - RIVERS,2021-06-29T13:11:00,ENVIRONMENTAL MONITORING STATUTORY (EU DIRECTIVES),RIVER / RUNNING SURFACE WATER,7608,Salinity : In Situ,0.32,Parts per thousand
https://environment.data.gov.uk/water-quality/sampling-point/TH-PRTS0055/sample/1359711/observation/9901,TH-PRTS0055,THAMES UPSTREAM OF CS3,-0.4864,51.3956,Thames,THAMES - WEST THAMES,Multiple Values,OPEN,FRESHWATER - RIVERS,2021-06-29T13:11:00,ENVIRONMENTAL MONITORING STATUTORY (EU DIRECTIVES),RIVER / RUNNING SURFACE WATER,9901,"Oxygen, Dissolved, % Saturation",93.1,PERCENTAGE
https://environment.data.gov.uk/water-quality/sampling-point/TH-PRTS0055/sample/1359711/observation/9924,TH-PRTS0055,THAMES UPSTREAM OF CS3,-0.4864,51.3956,Thames,THAMES - WEST THAMES,Multiple Values,OPEN,FRESHWATER - RIVERS,2021-06-29T13:11:00,ENVIRONMENTAL MONITORING STATUTORY (EU DIRECTIVES),RIVER / RUNNING SURFACE WATER,9924,"Oxygen, Dissolved as O2",8.78,MILLIGRAM PER LITRE
https://environment.data.gov.uk/water-quality/sampling-point/TH-PRTS0055/sample/1360028/observation/0061,TH-PRTS0055,THAMES UPSTREAM OF CS3,-0.4864,51.3956,Thames,THAMES - WEST THAMES,Multiple Values,OPEN,FRESHWATER - RIVERS,2021-07-07T14:14:00,ENVIRONMENTAL MONITORING STATUTORY (EU DIRECTIVES),RIVER / RUNNING SURFACE WATER,0061,pH,8.15,PH UNITS
https://environment.data.gov.uk/water-quality/sampling-point/TH-PRTS0055/sample/1360028/observation/0076,TH-PRTS0055,THAMES UPSTREAM OF CS3,-0.4864,51.3956,Thames,THAMES - WEST THAMES,Multiple Values,OPEN,FRESHWATER - RIVERS,2021-07-07T14:14:00,ENVIRONMENTAL MONITORING STATUTORY (EU DIRECTIVES),RIVER / RUNNING SURFACE WATER,0076,Temperature of Water,18.1,CELSIUS
https://environment.data.gov.uk/water-quality/sampling-point/TH-PRTS0055/sample/1360028/observation/0111,TH-PRTS0055,THAMES UPSTREAM OF CS3,-0.4864,51.3956,Thames,THAMES - WEST THAMES,Multiple Values,OPEN,FRESHWATER - RIVERS,2021-07-07T14:14:00,ENVIRONMENTAL MONITORING STATUTORY (EU DIRECTIVES),RIVER / RUNNING SURFACE WATER,0111,Ammoniacal Nitrogen as N,0.036,MILLIGRAM PER LITRE
https://environment.data.gov.uk/water-quality/sampling-point/TH-PRTS0055/sample/1360028/observation/0119,TH-PRTS0055,THAMES UPSTREAM OF CS3,-0.4864,51.3956,Thames,THAMES - WEST THAMES,Multiple Values,OPEN,FRESHWATER - RIVERS,2021-07-07T14:14:00,ENVIRONMENTAL MONITORING STATUTORY (EU DIRECTIVES),RIVER / RUNNING SURFACE WATER,0119,Ammonia un-ionised as N,0.00118,MILLIGRAM PER LITRE
https://environment.data.gov.uk/water-quality/sampling-point/TH-PRTS0055/sample/1360028/observation/2348,TH-PRTS0055,THAMES UPSTREAM OF CS3,-0.4864,51.3956,Thames,THAMES - WEST THAMES,Multiple Values,OPEN,FRESHWATER - RIVERS,2021-07-07T14:14:00,ENVIRONMENTAL MONITORING STATUTORY (EU DIRECTIVES),RIVER / RUNNING SURFACE WATER,2348,Escherichia coli : Confirmed : MF,4900,NUMBER PER HUNDRED MILLILITRES
https://environment.data.gov.uk/water-quality/sampling-point/TH-PRTS0055/sample/1360028/observation/3722,TH-PRTS0055,THAMES UPSTREAM OF CS3,-0.4864,51.3956,Thames,THAMES - WEST THAMES,Multiple Values,OPEN,FRESHWATER - RIVERS,2021-07-07T14:14:00,ENVIRONMENTAL MONITORING STATUTORY (EU DIRECTIVES),RIVER / RUNNING SURFACE WATER,3722,Enterococci: Intestinal: Presumptive: MF,1000,Colony Forming Units / 100ml
https://environment.data.gov.uk/water-quality/sampling-point/TH-PRTS0055/sample/1360028/observation/3723,TH-PRTS0055,THAMES UPSTREAM OF CS3,-0.4864,51.3956,Thames,THAMES - WEST THAMES,Multiple Values,OPEN,FRESHWATER - RIVERS,2021-07-07T14:14:00,ENVIRONMENTAL MONITORING STATUTORY (EU DIRECTIVES),RIVER / RUNNING SURFACE WATER,3723,Enterococci: Intestinal: Confirmed: MF,1000,Colony Forming Units / 100ml
https://environment.data.gov.uk/water-quality/sampling-point/TH-PRTS0055/sample/1360028/observation/7608,TH-PRTS0055,THAMES UPSTREAM OF CS3,-0.4864,51.3956,Thames,THAMES - WEST THAMES,Multiple Values,OPEN,FRESHWATER - RIVERS,2021-07-07T14:14:00,ENVIRONMENTAL MONITORING STATUTORY (EU DIRECTIVES),RIVER / RUNNING SURFACE WATER,7608,Salinity : In Situ,0.31,Parts per thousand
https://environment.data.gov.uk/water-quality/sampling-point/TH-PRTS0055/sample/1360028/observation/9901,TH-PRTS0055,THAMES UPSTREAM OF CS3,-0.4864,51.3956,Thames,THAMES - WEST THAMES,Multiple Values,OPEN,FRESHWATER - RIVERS,2021-07-07T14:14:00,ENVIRONMENTAL MONITORING STATUTORY (EU DIRECTIVES),RIVER / RUNNING SURFACE WATER,9901,"Oxygen, Dissolved, % Saturation",93.7,PERCENTAGE
https://environment.data.gov.uk/water-quality/sampling-point/TH-PRTS0055/sample/1360028/observation/9924,TH-PRTS0055,THAMES UPSTREAM OF CS3,-0.4864,51.3956,Thames,THAMES - WEST THAMES,Multiple Values,OPEN,FRESHWATER - RIVERS,2021-07-07T14:14:00,ENVIRONMENTAL MONITORING STATUTORY (EU DIRECTIVES),RIVER / RUNNING SURFACE WATER,9924,"Oxygen, Dissolved as O2",8.81,MILLIGRAM PER LITRE
https://environment.data.gov.uk/water-quality/sampling-point/TH-PRTS0055/sample/1360186/observation/0061,TH-PRTS0055,THAMES UPSTREAM OF CS3,-0.4864,51.3956,Thames,THAMES - WEST THAMES,Multiple Values,OPEN,FRESHWATER - RIVERS,2021-07-13T12:27:00,ENVIRONMENTAL MONITORING STATUTORY (EU DIRECTIVES),RIVER / RUNNING SURFACE WATER,0061,pH,7.46,PH UNITS
https://environment.data.gov.uk/water-quality/sampling-point/TH-PRTS0055/sample/1360186/observation/0076,TH-PRTS0055,THAMES UPSTREAM OF CS3,-0.4864,51.3956,Thames,THAMES - WEST THAMES,Multiple Values,OPEN,FRESHWATER - RIVERS,2021-07-13T12:27:00,ENVIRONMENTAL MONITORING STATUTORY (EU DIRECTIVES),RIVER / RUNNING SURFACE WATER,0076,Temperature of Water,18.7,CELSIUS
https://environment.data.gov.uk/water-quality/sampling-point/TH-PRTS0055/sample/1360186/observation/0111,TH-PRTS0055,THAMES UPSTREAM OF CS3,-0.4864,51.3956,Thames,THAMES - WEST THAMES,Multiple Values,OPEN,FRESHWATER - RIVERS,2021-07-13T12:27:00,ENVIRONMENTAL MONITORING STATUTORY (EU DIRECTIVES),RIVER / RUNNING SURFACE WATER,0111,Ammoniacal Nitrogen as N,<0.03,MILLIGRAM PER LITRE
https://environment.data.gov.uk/water-quality/sampling-point/TH-PRTS0055/sample/1360186/observation/0119,TH-PRTS0055,THAMES UPSTREAM OF CS3,-0.4864,51.3956,Thames,THAMES - WEST THAMES,Multiple Values,OPEN,FRESHWATER - RIVERS,2021-07-13T12:27:00,ENVIRONMENTAL MONITORING STATUTORY (EU DIRECTIVES),RIVER / RUNNING SURFACE WATER,0119,Ammonia un-ionised as N,<0.0003,MILLIGRAM PER LITRE
https://environment.data.gov.uk/water-quality/sampling-point/TH-PRTS0055/sample/1360186/observation/2348,TH-PRTS0055,THAMES UPSTREAM OF CS3,-0.4864,51.3956,Thames,THAMES - WEST THAMES,Multiple Values,OPEN,FRESHWATER - RIVERS,2021-07-13T12:27:00,ENVIRONMENTAL MONITORING STATUTORY (EU DIRECTIVES),RIVER / RUNNING SURFACE WATER,2348,Escherichia coli : Confirmed : MF,280,NUMBER PER HUNDRED MILLILITRES
https://environment.data.gov.uk/water-quality/sampling-point/TH-PRTS0055/sample/1360186/observation/3722,TH-PRTS0055,THAMES UPSTREAM OF CS3,-0.4864,51.3956,Thames,THAMES - WEST THAMES,Multiple Values,OPEN,FRESHWATER - RIVERS,2021-07-13T12:27:00,ENVIRONMENTAL MONITORING STATUTORY (EU DIRECTIVES),RIVER / RUNNING SURFACE WATER,3722,Enterococci: Intestinal: Presumptive: MF,220,Colony Forming Units / 100ml
https://environment.data.gov.uk/water-quality/sampling-point/TH-PRTS0055/sample/1360186/observation/3723,TH-PRTS0055,THAMES UPSTREAM OF CS3,-0.4864,51.3956,Thames,THAMES - WEST THAMES,Multiple Values,OPEN,FRESHWATER - RIVERS,2021-07-13T12:27:00,ENVIRONMENTAL MONITORING STATUTORY (EU DIRECTIVES),RIVER / RUNNING SURFACE WATER,3723,Enterococci: Intestinal: Confirmed: MF,220,Colony Forming Units / 100ml
https://environment.data.gov.uk/water-quality/sampling-point/TH-PRTS0055/sample/1360186/observation/7608,TH-PRTS0055,THAMES UPSTREAM OF CS3,-0.4864,51.3956,Thames,THAMES - WEST THAMES,Multiple Values,OPEN,FRESHWATER - RIVERS,2021-07-13T12:27:00,ENVIRONMENTAL MONITORING STATUTORY (EU DIRECTIVES),RIVER / RUNNING SURFACE WATER,7608,Salinity : In Situ,0.32,Parts per thousand
https://environment.data.gov.uk/water-quality/sampling-point/TH-PRTS0055/sample/1360186/observation/9901,TH-PRTS0055,THAMES UPSTREAM OF CS3,-0.4864,51.3956,Thames,THAMES - WEST THAMES,Multiple Values,OPEN,FRESHWATER - RIVERS,2021-07-13T12:27:00,ENVIRONMENTAL MONITORING STATUTORY (EU DIRECTIVES),RIVER / RUNNING SURFACE WATER,9901,"Oxygen, Dissolved, % Saturation",94.3,PERCENTAGE
https://environment.data.gov.uk/water-quality/sampling-point/TH-PRTS0055/sample/1360186/observation/9924,TH-PRTS0055,THAMES UPSTREAM OF CS3,-0.4864,51.3956,Thames,THAMES - WEST THAMES,Multiple Values,OPEN,FRESHWATER - RIVERS,2021-07-13T12:27:00,ENVIRONMENTAL MONITORING STATUTORY (EU DIRECTIVES),RIVER / RUNNING SURFACE WATER,9924,"Oxygen, Dissolved as O2",8.76,MILLIGRAM PER LITRE
https://environment.data.gov.uk/water-quality/sampling-point/TH-PRTS0055/sample/1360462/observation/0061,TH-PRTS0055,THAMES UPSTREAM OF CS3,-0.4864,51.3956,Thames,THAMES - WEST THAMES,Multiple Values,OPEN,FRESHWATER - RIVERS,2021-07-23T13:19:00,ENVIRONMENTAL MONITORING STATUTORY (EU DIRECTIVES),RIVER / RUNNING SURFACE WATER,0061,pH,8.13,PH UNITS
https://environment.data.gov.uk/water-quality/sampling-point/TH-PRTS0055/sample/1360462/observation/0076,TH-PRTS0055,THAMES UPSTREAM OF CS3,-0.4864,51.3956,Thames,THAMES - WEST THAMES,Multiple Values,OPEN,FRESHWATER - RIVERS,2021-07-23T13:19:00,ENVIRONMENTAL MONITORING STATUTORY (EU DIRECTIVES),RIVER / RUNNING SURFACE WATER,0076,Temperature of Water,23.9,CELSIUS
https://environment.data.gov.uk/water-quality/sampling-point/TH-PRTS0055/sample/1360462/observation/0111,TH-PRTS0055,THAMES UPSTREAM OF CS3,-0.4864,51.3956,Thames,THAMES - WEST THAMES,Multiple Values,OPEN,FRESHWATER - RIVERS,2021-07-23T13:19:00,ENVIRONMENTAL MONITORING STATUTORY (EU DIRECTIVES),RIVER / RUNNING SURFACE WATER,0111,Ammoniacal Nitrogen as N,<0.03,MILLIGRAM PER LITRE
https://environment.data.gov.uk/water-quality/sampling-point/TH-PRTS0055/sample/1360462/observation/0119,TH-PRTS0055,THAMES UPSTREAM OF CS3,-0.4864,51.3956,Thames,THAMES - WEST THAMES,Multiple Values,OPEN,FRESHWATER - RIVERS,2021-07-23T13:19:00,ENVIRONMENTAL MONITORING STATUTORY (EU DIRECTIVES),RIVER / RUNNING SURFACE WATER,0119,Ammonia un-ionised as N,<0.00149,MILLIGRAM PER LITRE
https://environment.data.gov.uk/water-quality/sampling-point/TH-PRTS0055/sample/1360462/observation/2348,TH-PRTS0055,THAMES UPSTREAM OF CS3,-0.4864,51.3956,Thames,THAMES - WEST THAMES,Multiple Values,OPEN,FRESHWATER - RIVERS,2021-07-23T13:19:00,ENVIRONMENTAL MONITORING STATUTORY (EU DIRECTIVES),RIVER / RUNNING SURFACE WATER,2348,Escherichia coli : Confirmed : MF,180,NUMBER PER HUNDRED MILLILITRES
https://environment.data.gov.uk/water-quality/sampling-point/TH-PRTS0055/sample/1360462/observation/3722,TH-PRTS0055,THAMES UPSTREAM OF CS3,-0.4864,51.3956,Thames,THAMES - WEST THAMES,Multiple Values,OPEN,FRESHWATER - RIVERS,2021-07-23T13:19:00,ENVIRONMENTAL MONITORING STATUTORY (EU DIRECTIVES),RIVER / RUNNING SURFACE WATER,3722,Enterococci: Intestinal: Presumptive: MF,72,Colony Forming Units / 100ml
https://environment.data.gov.uk/water-quality/sampling-point/TH-PRTS0055/sample/1360462/observation/3723,TH-PRTS0055,THAMES UPSTREAM OF CS3,-0.4864,51.3956,Thames,THAMES - WEST THAMES,Multiple Values,OPEN,FRESHWATER - RIVERS,2021-07-23T13:19:00,ENVIRONMENTAL MONITORING STATUTORY (EU DIRECTIVES),RIVER / RUNNING SURFACE WATER,3723,Enterococci: Intestinal: Confirmed: MF,72,Colony Forming Units / 100ml
https://environment.data.gov.uk/water-quality/sampling-point/TH-PRTS0055/sample/1360462/observation/7608,TH-PRTS0055,THAMES UPSTREAM OF CS3,-0.4864,51.3956,Thames,THAMES - WEST THAMES,Multiple Values,OPEN,FRESHWATER - RIVERS,2021-07-23T13:19:00,ENVIRONMENTAL MONITORING STATUTORY (EU DIRECTIVES),RIVER / RUNNING SURFACE WATER,7608,Salinity : In Situ,0.35,Parts per thousand
https://environment.data.gov.uk/water-quality/sampling-point/TH-PRTS0055/sample/1360462/observation/9901,TH-PRTS0055,THAMES UPSTREAM OF CS3,-0.4864,51.3956,Thames,THAMES - WEST THAMES,Multiple Values,OPEN,FRESHWATER - RIVERS,2021-07-23T13:19:00,ENVIRONMENTAL MONITORING STATUTORY (EU DIRECTIVES),RIVER / RUNNING SURFACE WATER,9901,"Oxygen, Dissolved, % Saturation",98,PERCENTAGE
https://environment.data.gov.uk/water-quality/sampling-point/TH-PRTS0055/sample/1360462/observation/9924,TH-PRTS0055,THAMES UPSTREAM OF CS3,-0.4864,51.3956,Thames,THAMES - WEST THAMES,Multiple Values,OPEN,FRESHWATER - RIVERS,2021-07-23T13:19:00,ENVIRONMENTAL MONITORING STATUTORY (EU DIRECTIVES),RIVER / RUNNING SURFACE WATER,9924,"Oxygen, Dissolved as O2",8.23,MILLIGRAM PER LITRE
https://environment.data.gov.uk/water-quality/sampling-point/TH-PRTS0055/sample/1361080/observation/0061,TH-PRTS0055,THAMES UPSTREAM OF CS3,-0.4864,51.3956,Thames,THAMES - WEST THAMES,Multiple Values,OPEN,FRESHWATER - RIVERS,2021-07-29T13:56:00,ENVIRONMENTAL MONITORING STATUTORY (EU DIRECTIVES),RIVER / RUNNING SURFACE WATER,0061,pH,7.64,PH UNITS
https://environment.data.gov.uk/water-quality/sampling-point/TH-PRTS0055/sample/1361080/observation/0076,TH-PRTS0055,THAMES UPSTREAM OF CS3,-0.4864,51.3956,Thames,THAMES - WEST THAMES,Multiple Values,OPEN,FRESHWATER - RIVERS,2021-07-29T13:56:00,ENVIRONMENTAL MONITORING STATUTORY (EU DIRECTIVES),RIVER / RUNNING SURFACE WATER,0076,Temperature of Water,21,CELSIUS
https://environment.data.gov.uk/water-quality/sampling-point/TH-PRTS0055/sample/1361080/observation/0111,TH-PRTS0055,THAMES UPSTREAM OF CS3,-0.4864,51.3956,Thames,THAMES - WEST THAMES,Multiple Values,OPEN,FRESHWATER - RIVERS,2021-07-29T13:56:00,ENVIRONMENTAL MONITORING STATUTORY (EU DIRECTIVES),RIVER / RUNNING SURFACE WATER,0111,Ammoniacal Nitrogen as N,<0.03,MILLIGRAM PER LITRE
https://environment.data.gov.uk/water-quality/sampling-point/TH-PRTS0055/sample/1361080/observation/0119,TH-PRTS0055,THAMES UPSTREAM OF CS3,-0.4864,51.3956,Thames,THAMES - WEST THAMES,Multiple Values,OPEN,FRESHWATER - RIVERS,2021-07-29T13:56:00,ENVIRONMENTAL MONITORING STATUTORY (EU DIRECTIVES),RIVER / RUNNING SURFACE WATER,0119,Ammonia un-ionised as N,<0.00054,MILLIGRAM PER LITRE
https://environment.data.gov.uk/water-quality/sampling-point/TH-PRTS0055/sample/1361080/observation/2348,TH-PRTS0055,THAMES UPSTREAM OF CS3,-0.4864,51.3956,Thames,THAMES - WEST THAMES,Multiple Values,OPEN,FRESHWATER - RIVERS,2021-07-29T13:56:00,ENVIRONMENTAL MONITORING STATUTORY (EU DIRECTIVES),RIVER / RUNNING SURFACE WATER,2348,Escherichia coli : Confirmed : MF,210,NUMBER PER HUNDRED MILLILITRES
https://environment.data.gov.uk/water-quality/sampling-point/TH-PRTS0055/sample/1361080/observation/3722,TH-PRTS0055,THAMES UPSTREAM OF CS3,-0.4864,51.3956,Thames,THAMES - WEST THAMES,Multiple Values,OPEN,FRESHWATER - RIVERS,2021-07-29T13:56:00,ENVIRONMENTAL MONITORING STATUTORY (EU DIRECTIVES),RIVER / RUNNING SURFACE WATER,3722,Enterococci: Intestinal: Presumptive: MF,200,Colony Forming Units / 100ml
https://environment.data.gov.uk/water-quality/sampling-point/TH-PRTS0055/sample/1361080/observation/3723,TH-PRTS0055,THAMES UPSTREAM OF CS3,-0.4864,51.3956,Thames,THAMES - WEST THAMES,Multiple Values,OPEN,FRESHWATER - RIVERS,2021-07-29T13:56:00,ENVIRONMENTAL MONITORING STATUTORY (EU DIRECTIVES),RIVER / RUNNING SURFACE WATER,3723,Enterococci: Intestinal: Confirmed: MF,200,Colony Forming Units / 100ml
https://environment.data.gov.uk/water-quality/sampling-point/TH-PRTS0055/sample/1361080/observation/7608,TH-PRTS0055,THAMES UPSTREAM OF CS3,-0.4864,51.3956,Thames,THAMES - WEST THAMES,Multiple Values,OPEN,FRESHWATER - RIVERS,2021-07-29T13:56:00,ENVIRONMENTAL MONITORING STATUTORY (EU DIRECTIVES),RIVER / RUNNING SURFACE WATER,7608,Salinity : In Situ,0.35,Parts per thousand
https://environment.data.gov.uk/water-quality/sampling-point/TH-PRTS0055/sample/1361080/observation/9901,TH-PRTS0055,THAMES UPSTREAM OF CS3,-0.4864,51.3956,Thames,THAMES - WEST THAMES,Multiple Values,OPEN,FRESHWATER - RIVERS,2021-07-29T13:56:00,ENVIRONMENTAL MONITORING STATUTORY (EU DIRECTIVES),RIVER / RUNNING SURFACE WATER,9901,"Oxygen, Dissolved, % Saturation",98.4,PERCENTAGE
https://environment.data.gov.uk/water-quality/sampling-point/TH-PRTS0055/sample/1361080/observation/9924,TH-PRTS0055,THAMES UPSTREAM OF CS3,-0.4864,51.3956,Thames,THAMES - WEST THAMES,Multiple Values,OPEN,FRESHWATER - RIVERS,2021-07-29T13:56:00,ENVIRONMENTAL MONITORING STATUTORY (EU DIRECTIVES),RIVER / RUNNING SURFACE WATER,9924,"Oxygen, Dissolved as O2",8.74,MILLIGRAM PER LITRE
https://environment.data.gov.uk/water-quality/sampling-point/TH-PRTS0055/sample/1361199/observation/0061,TH-PRTS0055,THAMES UPSTREAM OF CS3,-0.4864,51.3956,Thames,THAMES - WEST THAMES,Multiple Values,OPEN,FRESHWATER - RIVERS,2021-08-03T15:42:00,ENVIRONMENTAL MONITORING STATUTORY (EU DIRECTIVES),RIVER / RUNNING SURFACE WATER,0061,pH,8.15,PH UNITS
https://environment.data.gov.uk/water-quality/sampling-point/TH-PRTS0055/sample/1361199/observation/0076,TH-PRTS0055,THAMES UPSTREAM OF CS3,-0.4864,51.3956,Thames,THAMES - WEST THAMES,Multiple Values,OPEN,FRESHWATER - RIVERS,2021-08-03T15:42:00,ENVIRONMENTAL MONITORING STATUTORY (EU DIRECTIVES),RIVER / RUNNING SURFACE WATER,0076,Temperature of Water,20.2,CELSIUS
https://environment.data.gov.uk/water-quality/sampling-point/TH-PRTS0055/sample/1361199/observation/0111,TH-PRTS0055,THAMES UPSTREAM OF CS3,-0.4864,51.3956,Thames,THAMES - WEST THAMES,Multiple Values,OPEN,FRESHWATER - RIVERS,2021-08-03T15:42:00,ENVIRONMENTAL MONITORING STATUTORY (EU DIRECTIVES),RIVER / RUNNING SURFACE WATER,0111,Ammoniacal Nitrogen as N,<0.03,MILLIGRAM PER LITRE
https://environment.data.gov.uk/water-quality/sampling-point/TH-PRTS0055/sample/1361199/observation/0119,TH-PRTS0055,THAMES UPSTREAM OF CS3,-0.4864,51.3956,Thames,THAMES - WEST THAMES,Multiple Values,OPEN,FRESHWATER - RIVERS,2021-08-03T15:42:00,ENVIRONMENTAL MONITORING STATUTORY (EU DIRECTIVES),RIVER / RUNNING SURFACE WATER,0119,Ammonia un-ionised as N,<0.00115,MILLIGRAM PER LITRE
https://environment.data.gov.uk/water-quality/sampling-point/TH-PRTS0055/sample/1361199/observation/2348,TH-PRTS0055,THAMES UPSTREAM OF CS3,-0.4864,51.3956,Thames,THAMES - WEST THAMES,Multiple Values,OPEN,FRESHWATER - RIVERS,2021-08-03T15:42:00,ENVIRONMENTAL MONITORING STATUTORY (EU DIRECTIVES),RIVER / RUNNING SURFACE WATER,2348,Escherichia coli : Confirmed : MF,130,NUMBER PER HUNDRED MILLILITRES
https://environment.data.gov.uk/water-quality/sampling-point/TH-PRTS0055/sample/1361199/observation/3722,TH-PRTS0055,THAMES UPSTREAM OF CS3,-0.4864,51.3956,Thames,THAMES - WEST THAMES,Multiple Values,OPEN,FRESHWATER - RIVERS,2021-08-03T15:42:00,ENVIRONMENTAL MONITORING STATUTORY (EU DIRECTIVES),RIVER / RUNNING SURFACE WATER,3722,Enterococci: Intestinal: Presumptive: MF,170,Colony Forming Units / 100ml
https://environment.data.gov.uk/water-quality/sampling-point/TH-PRTS0055/sample/1361199/observation/3723,TH-PRTS0055,THAMES UPSTREAM OF CS3,-0.4864,51.3956,Thames,THAMES - WEST THAMES,Multiple Values,OPEN,FRESHWATER - RIVERS,2021-08-03T15:42:00,ENVIRONMENTAL MONITORING STATUTORY (EU DIRECTIVES),RIVER / RUNNING SURFACE WATER,3723,Enterococci: Intestinal: Confirmed: MF,170,Colony Forming Units / 100ml
https://environment.data.gov.uk/water-quality/sampling-point/TH-PRTS0055/sample/1361199/observation/7608,TH-PRTS0055,THAMES UPSTREAM OF CS3,-0.4864,51.3956,Thames,THAMES - WEST THAMES,Multiple Values,OPEN,FRESHWATER - RIVERS,2021-08-03T15:42:00,ENVIRONMENTAL MONITORING STATUTORY (EU DIRECTIVES),RIVER / RUNNING SURFACE WATER,7608,Salinity : In Situ,0.35,Parts per thousand
https://environment.data.gov.uk/water-quality/sampling-point/TH-PRTS0055/sample/1361199/observation/9901,TH-PRTS0055,THAMES UPSTREAM OF CS3,-0.4864,51.3956,Thames,THAMES - WEST THAMES,Multiple Values,OPEN,FRESHWATER - RIVERS,2021-08-03T15:42:00,ENVIRONMENTAL MONITORING STATUTORY (EU DIRECTIVES),RIVER / RUNNING SURFACE WATER,9901,"Oxygen, Dissolved, % Saturation",109.1,PERCENTAGE
https://environment.data.gov.uk/water-quality/sampling-point/TH-PRTS0055/sample/1361199/observation/9924,TH-PRTS0055,THAMES UPSTREAM OF CS3,-0.4864,51.3956,Thames,THAMES - WEST THAMES,Multiple Values,OPEN,FRESHWATER - RIVERS,2021-08-03T15:42:00,ENVIRONMENTAL MONITORING STATUTORY (EU DIRECTIVES),RIVER / RUNNING SURFACE WATER,9924,"Oxygen, Dissolved as O2",9.84,MILLIGRAM PER LITRE
https://environment.data.gov.uk/water-quality/sampling-point/TH-PRTS0055/sample/1361403/observation/0061,TH-PRTS0055,THAMES UPSTREAM OF CS3,-0.4864,51.3956,Thames,THAMES - WEST THAMES,Multiple Values,OPEN,FRESHWATER - RIVERS,2021-08-12T14:17:00,ENVIRONMENTAL MONITORING STATUTORY (EU DIRECTIVES),RIVER / RUNNING SURFACE WATER,0061,pH,8.1,PH UNITS
https://environment.data.gov.uk/water-quality/sampling-point/TH-PRTS0055/sample/1361403/observation/0076,TH-PRTS0055,THAMES UPSTREAM OF CS3,-0.4864,51.3956,Thames,THAMES - WEST THAMES,Multiple Values,OPEN,FRESHWATER - RIVERS,2021-08-12T14:17:00,ENVIRONMENTAL MONITORING STATUTORY (EU DIRECTIVES),RIVER / RUNNING SURFACE WATER,0076,Temperature of Water,19.6,CELSIUS
https://environment.data.gov.uk/water-quality/sampling-point/TH-PRTS0055/sample/1361403/observation/0111,TH-PRTS0055,THAMES UPSTREAM OF CS3,-0.4864,51.3956,Thames,THAMES - WEST THAMES,Multiple Values,OPEN,FRESHWATER - RIVERS,2021-08-12T14:17:00,ENVIRONMENTAL MONITORING STATUTORY (EU DIRECTIVES),RIVER / RUNNING SURFACE WATER,0111,Ammoniacal Nitrogen as N,<0.03,MILLIGRAM PER LITRE
https://environment.data.gov.uk/water-quality/sampling-point/TH-PRTS0055/sample/1361403/observation/0119,TH-PRTS0055,THAMES UPSTREAM OF CS3,-0.4864,51.3956,Thames,THAMES - WEST THAMES,Multiple Values,OPEN,FRESHWATER - RIVERS,2021-08-12T14:17:00,ENVIRONMENTAL MONITORING STATUTORY (EU DIRECTIVES),RIVER / RUNNING SURFACE WATER,0119,Ammonia un-ionised as N,<0.0011,MILLIGRAM PER LITRE
https://environment.data.gov.uk/water-quality/sampling-point/TH-PRTS0055/sample/1361403/observation/2348,TH-PRTS0055,THAMES UPSTREAM OF CS3,-0.4864,51.3956,Thames,THAMES - WEST THAMES,Multiple Values,OPEN,FRESHWATER - RIVERS,2021-08-12T14:17:00,ENVIRONMENTAL MONITORING STATUTORY (EU DIRECTIVES),RIVER / RUNNING SURFACE WATER,2348,Escherichia coli : Confirmed : MF,310,NUMBER PER HUNDRED MILLILITRES
https://environment.data.gov.uk/water-quality/sampling-point/TH-PRTS0055/sample/1361403/observation/3722,TH-PRTS0055,THAMES UPSTREAM OF CS3,-0.4864,51.3956,Thames,THAMES - WEST THAMES,Multiple Values,OPEN,FRESHWATER - RIVERS,2021-08-12T14:17:00,ENVIRONMENTAL MONITORING STATUTORY (EU DIRECTIVES),RIVER / RUNNING SURFACE WATER,3722,Enterococci: Intestinal: Presumptive: MF,63,Colony Forming Units / 100ml
https://environment.data.gov.uk/water-quality/sampling-point/TH-PRTS0055/sample/1361403/observation/3723,TH-PRTS0055,THAMES UPSTREAM OF CS3,-0.4864,51.3956,Thames,THAMES - WEST THAMES,Multiple Values,OPEN,FRESHWATER - RIVERS,2021-08-12T14:17:00,ENVIRONMENTAL MONITORING STATUTORY (EU DIRECTIVES),RIVER / RUNNING SURFACE WATER,3723,Enterococci: Intestinal: Confirmed: MF,63,Colony Forming Units / 100ml
https://environment.data.gov.uk/water-quality/sampling-point/TH-PRTS0055/sample/1361403/observation/7608,TH-PRTS0055,THAMES UPSTREAM OF CS3,-0.4864,51.3956,Thames,THAMES - WEST THAMES,Multiple Values,OPEN,FRESHWATER - RIVERS,2021-08-12T14:17:00,ENVIRONMENTAL MONITORING STATUTORY (EU DIRECTIVES),RIVER / RUNNING SURFACE WATER,7608,Salinity : In Situ,0.33,Parts per thousand
https://environment.data.gov.uk/water-quality/sampling-point/TH-PRTS0055/sample/1361403/observation/9901,TH-PRTS0055,THAMES UPSTREAM OF CS3,-0.4864,51.3956,Thames,THAMES - WEST THAMES,Multiple Values,OPEN,FRESHWATER - RIVERS,2021-08-12T14:17:00,ENVIRONMENTAL MONITORING STATUTORY (EU DIRECTIVES),RIVER / RUNNING SURFACE WATER,9901,"Oxygen, Dissolved, % Saturation",103,PERCENTAGE
https://environment.data.gov.uk/water-quality/sampling-point/TH-PRTS0055/sample/1361403/observation/9924,TH-PRTS0055,THAMES UPSTREAM OF CS3,-0.4864,51.3956,Thames,THAMES - WEST THAMES,Multiple Values,OPEN,FRESHWATER - RIVERS,2021-08-12T14:17:00,ENVIRONMENTAL MONITORING STATUTORY (EU DIRECTIVES),RIVER / RUNNING SURFACE WATER,9924,"Oxygen, Dissolved as O2",9.4,MILLIGRAM PER LITRE
https://environment.data.gov.uk/water-quality/sampling-point/TH-PRTS0055/sample/1361506/observation/0061,TH-PRTS0055,THAMES UPSTREAM OF CS3,-0.4864,51.3956,Thames,THAMES - WEST THAMES,Multiple Values,OPEN,FRESHWATER - RIVERS,2021-08-15T14:28:00,ENVIRONMENTAL MONITORING STATUTORY (EU DIRECTIVES),RIVER / RUNNING SURFACE WATER,0061,pH,8.1,PH UNITS
https://environment.data.gov.uk/water-quality/sampling-point/TH-PRTS0055/sample/1361506/observation/0076,TH-PRTS0055,THAMES UPSTREAM OF CS3,-0.4864,51.3956,Thames,THAMES - WEST THAMES,Multiple Values,OPEN,FRESHWATER - RIVERS,2021-08-15T14:28:00,ENVIRONMENTAL MONITORING STATUTORY (EU DIRECTIVES),RIVER / RUNNING SURFACE WATER,0076,Temperature of Water,20.2,CELSIUS
https://environment.data.gov.uk/water-quality/sampling-point/TH-PRTS0055/sample/1361506/observation/0111,TH-PRTS0055,THAMES UPSTREAM OF CS3,-0.4864,51.3956,Thames,THAMES - WEST THAMES,Multiple Values,OPEN,FRESHWATER - RIVERS,2021-08-15T14:28:00,ENVIRONMENTAL MONITORING STATUTORY (EU DIRECTIVES),RIVER / RUNNING SURFACE WATER,0111,Ammoniacal Nitrogen as N,<0.03,MILLIGRAM PER LITRE
https://environment.data.gov.uk/water-quality/sampling-point/TH-PRTS0055/sample/1361506/observation/0119,TH-PRTS0055,THAMES UPSTREAM OF CS3,-0.4864,51.3956,Thames,THAMES - WEST THAMES,Multiple Values,OPEN,FRESHWATER - RIVERS,2021-08-15T14:28:00,ENVIRONMENTAL MONITORING STATUTORY (EU DIRECTIVES),RIVER / RUNNING SURFACE WATER,0119,Ammonia un-ionised as N,<0.00115,MILLIGRAM PER LITRE
https://environment.data.gov.uk/water-quality/sampling-point/TH-PRTS0055/sample/1361506/observation/2348,TH-PRTS0055,THAMES UPSTREAM OF CS3,-0.4864,51.3956,Thames,THAMES - WEST THAMES,Multiple Values,OPEN,FRESHWATER - RIVERS,2021-08-15T14:28:00,ENVIRONMENTAL MONITORING STATUTORY (EU DIRECTIVES),RIVER / RUNNING SURFACE WATER,2348,Escherichia coli : Confirmed : MF,130,NUMBER PER HUNDRED MILLILITRES
https://environment.data.gov.uk/water-quality/sampling-point/TH-PRTS0055/sample/1361506/observation/3722,TH-PRTS0055,THAMES UPSTREAM OF CS3,-0.4864,51.3956,Thames,THAMES - WEST THAMES,Multiple Values,OPEN,FRESHWATER - RIVERS,2021-08-15T14:28:00,ENVIRONMENTAL MONITORING STATUTORY (EU DIRECTIVES),RIVER / RUNNING SURFACE WATER,3722,Enterococci: Intestinal: Presumptive: MF,150,Colony Forming Units / 100ml
https://environment.data.gov.uk/water-quality/sampling-point/TH-PRTS0055/sample/1361506/observation/3723,TH-PRTS0055,THAMES UPSTREAM OF CS3,-0.4864,51.3956,Thames,THAMES - WEST THAMES,Multiple Values,OPEN,FRESHWATER - RIVERS,2021-08-15T14:28:00,ENVIRONMENTAL MONITORING STATUTORY (EU DIRECTIVES),RIVER / RUNNING SURFACE WATER,3723,Enterococci: Intestinal: Confirmed: MF,150,Colony Forming Units / 100ml
https://environment.data.gov.uk/water-quality/sampling-point/TH-PRTS0055/sample/1361506/observation/7608,TH-PRTS0055,THAMES UPSTREAM OF CS3,-0.4864,51.3956,Thames,THAMES - WEST THAMES,Multiple Values,OPEN,FRESHWATER - RIVERS,2021-08-15T14:28:00,ENVIRONMENTAL MONITORING STATUTORY (EU DIRECTIVES),RIVER / RUNNING SURFACE WATER,7608,Salinity : In Situ,0.35,Parts per thousand
https://environment.data.gov.uk/water-quality/sampling-point/TH-PRTS0055/sample/1361506/observation/9901,TH-PRTS0055,THAMES UPSTREAM OF CS3,-0.4864,51.3956,Thames,THAMES - WEST THAMES,Multiple Values,OPEN,FRESHWATER - RIVERS,2021-08-15T14:28:00,ENVIRONMENTAL MONITORING STATUTORY (EU DIRECTIVES),RIVER / RUNNING SURFACE WATER,9901,"Oxygen, Dissolved, % Saturation",106.9,PERCENTAGE
https://environment.data.gov.uk/water-quality/sampling-point/TH-PRTS0055/sample/1361506/observation/9924,TH-PRTS0055,THAMES UPSTREAM OF CS3,-0.4864,51.3956,Thames,THAMES - WEST THAMES,Multiple Values,OPEN,FRESHWATER - RIVERS,2021-08-15T14:28:00,ENVIRONMENTAL MONITORING STATUTORY (EU DIRECTIVES),RIVER / RUNNING SURFACE WATER,9924,"Oxygen, Dissolved as O2",9.64,MILLIGRAM PER LITRE
https://environment.data.gov.uk/water-quality/sampling-point/TH-PRTS0055/sample/1362127/observation/0061,TH-PRTS0055,THAMES UPSTREAM OF CS3,-0.4864,51.3956,Thames,THAMES - WEST THAMES,Multiple Values,OPEN,FRESHWATER - RIVERS,2021-08-20T11:16:00,ENVIRONMENTAL MONITORING STATUTORY (EU DIRECTIVES),RIVER / RUNNING SURFACE WATER,0061,pH,8.16,PH UNITS
https://environment.data.gov.uk/water-quality/sampling-point/TH-PRTS0055/sample/1362127/observation/0076,TH-PRTS0055,THAMES UPSTREAM OF CS3,-0.4864,51.3956,Thames,THAMES - WEST THAMES,Multiple Values,OPEN,FRESHWATER - RIVERS,2021-08-20T11:16:00,ENVIRONMENTAL MONITORING STATUTORY (EU DIRECTIVES),RIVER / RUNNING SURFACE WATER,0076,Temperature of Water,18.6,CELSIUS
https://environment.data.gov.uk/water-quality/sampling-point/TH-PRTS0055/sample/1362127/observation/0111,TH-PRTS0055,THAMES UPSTREAM OF CS3,-0.4864,51.3956,Thames,THAMES - WEST THAMES,Multiple Values,OPEN,FRESHWATER - RIVERS,2021-08-20T11:16:00,ENVIRONMENTAL MONITORING STATUTORY (EU DIRECTIVES),RIVER / RUNNING SURFACE WATER,0111,Ammoniacal Nitrogen as N,<0.03,MILLIGRAM PER LITRE
https://environment.data.gov.uk/water-quality/sampling-point/TH-PRTS0055/sample/1362127/observation/0119,TH-PRTS0055,THAMES UPSTREAM OF CS3,-0.4864,51.3956,Thames,THAMES - WEST THAMES,Multiple Values,OPEN,FRESHWATER - RIVERS,2021-08-20T11:16:00,ENVIRONMENTAL MONITORING STATUTORY (EU DIRECTIVES),RIVER / RUNNING SURFACE WATER,0119,Ammonia un-ionised as N,<0.00102,MILLIGRAM PER LITRE
https://environment.data.gov.uk/water-quality/sampling-point/TH-PRTS0055/sample/1362127/observation/2348,TH-PRTS0055,THAMES UPSTREAM OF CS3,-0.4864,51.3956,Thames,THAMES - WEST THAMES,Multiple Values,OPEN,FRESHWATER - RIVERS,2021-08-20T11:16:00,ENVIRONMENTAL MONITORING STATUTORY (EU DIRECTIVES),RIVER / RUNNING SURFACE WATER,2348,Escherichia coli : Confirmed : MF,180,NUMBER PER HUNDRED MILLILITRES
https://environment.data.gov.uk/water-quality/sampling-point/TH-PRTS0055/sample/1362127/observation/3722,TH-PRTS0055,THAMES UPSTREAM OF CS3,-0.4864,51.3956,Thames,THAMES - WEST THAMES,Multiple Values,OPEN,FRESHWATER - RIVERS,2021-08-20T11:16:00,ENVIRONMENTAL MONITORING STATUTORY (EU DIRECTIVES),RIVER / RUNNING SURFACE WATER,3722,Enterococci: Intestinal: Presumptive: MF,63,Colony Forming Units / 100ml
https://environment.data.gov.uk/water-quality/sampling-point/TH-PRTS0055/sample/1362127/observation/3723,TH-PRTS0055,THAMES UPSTREAM OF CS3,-0.4864,51.3956,Thames,THAMES - WEST THAMES,Multiple Values,OPEN,FRESHWATER - RIVERS,2021-08-20T11:16:00,ENVIRONMENTAL MONITORING STATUTORY (EU DIRECTIVES),RIVER / RUNNING SURFACE WATER,3723,Enterococci: Intestinal: Confirmed: MF,63,Colony Forming Units / 100ml
https://environment.data.gov.uk/water-quality/sampling-point/TH-PRTS0055/sample/1362127/observation/7608,TH-PRTS0055,THAMES UPSTREAM OF CS3,-0.4864,51.3956,Thames,THAMES - WEST THAMES,Multiple Values,OPEN,FRESHWATER - RIVERS,2021-08-20T11:16:00,ENVIRONMENTAL MONITORING STATUTORY (EU DIRECTIVES),RIVER / RUNNING SURFACE WATER,7608,Salinity : In Situ,0.34,Parts per thousand
https://environment.data.gov.uk/water-quality/sampling-point/TH-PRTS0055/sample/1362127/observation/9901,TH-PRTS0055,THAMES UPSTREAM OF CS3,-0.4864,51.3956,Thames,THAMES - WEST THAMES,Multiple Values,OPEN,FRESHWATER - RIVERS,2021-08-20T11:16:00,ENVIRONMENTAL MONITORING STATUTORY (EU DIRECTIVES),RIVER / RUNNING SURFACE WATER,9901,"Oxygen, Dissolved, % Saturation",96.2,PERCENTAGE
https://environment.data.gov.uk/water-quality/sampling-point/TH-PRTS0055/sample/1362127/observation/9924,TH-PRTS0055,THAMES UPSTREAM OF CS3,-0.4864,51.3956,Thames,THAMES - WEST THAMES,Multiple Values,OPEN,FRESHWATER - RIVERS,2021-08-20T11:16:00,ENVIRONMENTAL MONITORING STATUTORY (EU DIRECTIVES),RIVER / RUNNING SURFACE WATER,9924,"Oxygen, Dissolved as O2",8.96,MILLIGRAM PER LITRE
https://environment.data.gov.uk/water-quality/sampling-point/TH-PRTS0055/sample/1362227/observation/0061,TH-PRTS0055,THAMES UPSTREAM OF CS3,-0.4864,51.3956,Thames,THAMES - WEST THAMES,Multiple Values,OPEN,FRESHWATER - RIVERS,2021-08-25T14:00:00,ENVIRONMENTAL MONITORING STATUTORY (EU DIRECTIVES),RIVER / RUNNING SURFACE WATER,0061,pH,8.54,PH UNITS
https://environment.data.gov.uk/water-quality/sampling-point/TH-PRTS0055/sample/1362227/observation/0076,TH-PRTS0055,THAMES UPSTREAM OF CS3,-0.4864,51.3956,Thames,THAMES - WEST THAMES,Multiple Values,OPEN,FRESHWATER - RIVERS,2021-08-25T14:00:00,ENVIRONMENTAL MONITORING STATUTORY (EU DIRECTIVES),RIVER / RUNNING SURFACE WATER,0076,Temperature of Water,19.1,CELSIUS
https://environment.data.gov.uk/water-quality/sampling-point/TH-PRTS0055/sample/1362227/observation/0111,TH-PRTS0055,THAMES UPSTREAM OF CS3,-0.4864,51.3956,Thames,THAMES - WEST THAMES,Multiple Values,OPEN,FRESHWATER - RIVERS,2021-08-25T14:00:00,ENVIRONMENTAL MONITORING STATUTORY (EU DIRECTIVES),RIVER / RUNNING SURFACE WATER,0111,Ammoniacal Nitrogen as N,<0.03,MILLIGRAM PER LITRE
https://environment.data.gov.uk/water-quality/sampling-point/TH-PRTS0055/sample/1362227/observation/0119,TH-PRTS0055,THAMES UPSTREAM OF CS3,-0.4864,51.3956,Thames,THAMES - WEST THAMES,Multiple Values,OPEN,FRESHWATER - RIVERS,2021-08-25T14:00:00,ENVIRONMENTAL MONITORING STATUTORY (EU DIRECTIVES),RIVER / RUNNING SURFACE WATER,0119,Ammonia un-ionised as N,<0.00106,MILLIGRAM PER LITRE
https://environment.data.gov.uk/water-quality/sampling-point/TH-PRTS0055/sample/1362227/observation/2348,TH-PRTS0055,THAMES UPSTREAM OF CS3,-0.4864,51.3956,Thames,THAMES - WEST THAMES,Multiple Values,OPEN,FRESHWATER - RIVERS,2021-08-25T14:00:00,ENVIRONMENTAL MONITORING STATUTORY (EU DIRECTIVES),RIVER / RUNNING SURFACE WATER,2348,Escherichia coli : Confirmed : MF,99,NUMBER PER HUNDRED MILLILITRES
https://environment.data.gov.uk/water-quality/sampling-point/TH-PRTS0055/sample/1362227/observation/3722,TH-PRTS0055,THAMES UPSTREAM OF CS3,-0.4864,51.3956,Thames,THAMES - WEST THAMES,Multiple Values,OPEN,FRESHWATER - RIVERS,2021-08-25T14:00:00,ENVIRONMENTAL MONITORING STATUTORY (EU DIRECTIVES),RIVER / RUNNING SURFACE WATER,3722,Enterococci: Intestinal: Presumptive: MF,27,Colony Forming Units / 100ml
https://environment.data.gov.uk/water-quality/sampling-point/TH-PRTS0055/sample/1362227/observation/3723,TH-PRTS0055,THAMES UPSTREAM OF CS3,-0.4864,51.3956,Thames,THAMES - WEST THAMES,Multiple Values,OPEN,FRESHWATER - RIVERS,2021-08-25T14:00:00,ENVIRONMENTAL MONITORING STATUTORY (EU DIRECTIVES),RIVER / RUNNING SURFACE WATER,3723,Enterococci: Intestinal: Confirmed: MF,27,Colony Forming Units / 100ml
https://environment.data.gov.uk/water-quality/sampling-point/TH-PRTS0055/sample/1362227/observation/7608,TH-PRTS0055,THAMES UPSTREAM OF CS3,-0.4864,51.3956,Thames,THAMES - WEST THAMES,Multiple Values,OPEN,FRESHWATER - RIVERS,2021-08-25T14:00:00,ENVIRONMENTAL MONITORING STATUTORY (EU DIRECTIVES),RIVER / RUNNING SURFACE WATER,7608,Salinity : In Situ,0.34,Parts per thousand
https://environment.data.gov.uk/water-quality/sampling-point/TH-PRTS0055/sample/1362227/observation/9901,TH-PRTS0055,THAMES UPSTREAM OF CS3,-0.4864,51.3956,Thames,THAMES - WEST THAMES,Multiple Values,OPEN,FRESHWATER - RIVERS,2021-08-25T14:00:00,ENVIRONMENTAL MONITORING STATUTORY (EU DIRECTIVES),RIVER / RUNNING SURFACE WATER,9901,"Oxygen, Dissolved, % Saturation",98.4,PERCENTAGE
https://environment.data.gov.uk/water-quality/sampling-point/TH-PRTS0055/sample/1362227/observation/9924,TH-PRTS0055,THAMES UPSTREAM OF CS3,-0.4864,51.3956,Thames,THAMES - WEST THAMES,Multiple Values,OPEN,FRESHWATER - RIVERS,2021-08-25T14:00:00,ENVIRONMENTAL MONITORING STATUTORY (EU DIRECTIVES),RIVER / RUNNING SURFACE WATER,9924,"Oxygen, Dissolved as O2",9.07,MILLIGRAM PER LITRE
https://environment.data.gov.uk/water-quality/sampling-point/TH-PRTS0055/sample/1362360/observation/0061,TH-PRTS0055,THAMES UPSTREAM OF CS3,-0.4864,51.3956,Thames,THAMES - WEST THAMES,Multiple Values,OPEN,FRESHWATER - RIVERS,2021-08-31T12:20:00,ENVIRONMENTAL MONITORING STATUTORY (EU DIRECTIVES),RIVER / RUNNING SURFACE WATER,0061,pH,8.02,PH UNITS
https://environment.data.gov.uk/water-quality/sampling-point/TH-PRTS0055/sample/1362360/observation/0076,TH-PRTS0055,THAMES UPSTREAM OF CS3,-0.4864,51.3956,Thames,THAMES - WEST THAMES,Multiple Values,OPEN,FRESHWATER - RIVERS,2021-08-31T12:20:00,ENVIRONMENTAL MONITORING STATUTORY (EU DIRECTIVES),RIVER / RUNNING SURFACE WATER,0076,Temperature of Water,17,CELSIUS
https://environment.data.gov.uk/water-quality/sampling-point/TH-PRTS0055/sample/1362360/observation/0111,TH-PRTS0055,THAMES UPSTREAM OF CS3,-0.4864,51.3956,Thames,THAMES - WEST THAMES,Multiple Values,OPEN,FRESHWATER - RIVERS,2021-08-31T12:20:00,ENVIRONMENTAL MONITORING STATUTORY (EU DIRECTIVES),RIVER / RUNNING SURFACE WATER,0111,Ammoniacal Nitrogen as N,<0.03,MILLIGRAM PER LITRE
https://environment.data.gov.uk/water-quality/sampling-point/TH-PRTS0055/sample/1362360/observation/0119,TH-PRTS0055,THAMES UPSTREAM OF CS3,-0.4864,51.3956,Thames,THAMES - WEST THAMES,Multiple Values,OPEN,FRESHWATER - RIVERS,2021-08-31T12:20:00,ENVIRONMENTAL MONITORING STATUTORY (EU DIRECTIVES),RIVER / RUNNING SURFACE WATER,0119,Ammonia un-ionised as N,<0.00091,MILLIGRAM PER LITRE
https://environment.data.gov.uk/water-quality/sampling-point/TH-PRTS0055/sample/1362360/observation/2348,TH-PRTS0055,THAMES UPSTREAM OF CS3,-0.4864,51.3956,Thames,THAMES - WEST THAMES,Multiple Values,OPEN,FRESHWATER - RIVERS,2021-08-31T12:20:00,ENVIRONMENTAL MONITORING STATUTORY (EU DIRECTIVES),RIVER / RUNNING SURFACE WATER,2348,Escherichia coli : Confirmed : MF,130,NUMBER PER HUNDRED MILLILITRES
https://environment.data.gov.uk/water-quality/sampling-point/TH-PRTS0055/sample/1362360/observation/3722,TH-PRTS0055,THAMES UPSTREAM OF CS3,-0.4864,51.3956,Thames,THAMES - WEST THAMES,Multiple Values,OPEN,FRESHWATER - RIVERS,2021-08-31T12:20:00,ENVIRONMENTAL MONITORING STATUTORY (EU DIRECTIVES),RIVER / RUNNING SURFACE WATER,3722,Enterococci: Intestinal: Presumptive: MF,260,Colony Forming Units / 100ml
https://environment.data.gov.uk/water-quality/sampling-point/TH-PRTS0055/sample/1362360/observation/3723,TH-PRTS0055,THAMES UPSTREAM OF CS3,-0.4864,51.3956,Thames,THAMES - WEST THAMES,Multiple Values,OPEN,FRESHWATER - RIVERS,2021-08-31T12:20:00,ENVIRONMENTAL MONITORING STATUTORY (EU DIRECTIVES),RIVER / RUNNING SURFACE WATER,3723,Enterococci: Intestinal: Confirmed: MF,260,Colony Forming Units / 100ml
https://environment.data.gov.uk/water-quality/sampling-point/TH-PRTS0055/sample/1362360/observation/7608,TH-PRTS0055,THAMES UPSTREAM OF CS3,-0.4864,51.3956,Thames,THAMES - WEST THAMES,Multiple Values,OPEN,FRESHWATER - RIVERS,2021-08-31T12:20:00,ENVIRONMENTAL MONITORING STATUTORY (EU DIRECTIVES),RIVER / RUNNING SURFACE WATER,7608,Salinity : In Situ,0.19,Parts per thousand
https://environment.data.gov.uk/water-quality/sampling-point/TH-PRTS0055/sample/1362360/observation/9901,TH-PRTS0055,THAMES UPSTREAM OF CS3,-0.4864,51.3956,Thames,THAMES - WEST THAMES,Multiple Values,OPEN,FRESHWATER - RIVERS,2021-08-31T12:20:00,ENVIRONMENTAL MONITORING STATUTORY (EU DIRECTIVES),RIVER / RUNNING SURFACE WATER,9901,"Oxygen, Dissolved, % Saturation",76.2,PERCENTAGE
https://environment.data.gov.uk/water-quality/sampling-point/TH-PRTS0055/sample/1362360/observation/9924,TH-PRTS0055,THAMES UPSTREAM OF CS3,-0.4864,51.3956,Thames,THAMES - WEST THAMES,Multiple Values,OPEN,FRESHWATER - RIVERS,2021-08-31T12:20:00,ENVIRONMENTAL MONITORING STATUTORY (EU DIRECTIVES),RIVER / RUNNING SURFACE WATER,9924,"Oxygen, Dissolved as O2",7.34,MILLIGRAM PER LITRE
https://environment.data.gov.uk/water-quality/sampling-point/TH-PRTS0055/sample/1362464/observation/0061,TH-PRTS0055,THAMES UPSTREAM OF CS3,-0.4864,51.3956,Thames,THAMES - WEST THAMES,Multiple Values,OPEN,FRESHWATER - RIVERS,2021-09-06T14:18:00,ENVIRONMENTAL MONITORING STATUTORY (EU DIRECTIVES),RIVER / RUNNING SURFACE WATER,0061,pH,8.15,PH UNITS
https://environment.data.gov.uk/water-quality/sampling-point/TH-PRTS0055/sample/1362464/observation/0076,TH-PRTS0055,THAMES UPSTREAM OF CS3,-0.4864,51.3956,Thames,THAMES - WEST THAMES,Multiple Values,OPEN,FRESHWATER - RIVERS,2021-09-06T14:18:00,ENVIRONMENTAL MONITORING STATUTORY (EU DIRECTIVES),RIVER / RUNNING SURFACE WATER,0076,Temperature of Water,18.8,CELSIUS
https://environment.data.gov.uk/water-quality/sampling-point/TH-PRTS0055/sample/1362464/observation/0111,TH-PRTS0055,THAMES UPSTREAM OF CS3,-0.4864,51.3956,Thames,THAMES - WEST THAMES,Multiple Values,OPEN,FRESHWATER - RIVERS,2021-09-06T14:18:00,ENVIRONMENTAL MONITORING STATUTORY (EU DIRECTIVES),RIVER / RUNNING SURFACE WATER,0111,Ammoniacal Nitrogen as N,<0.03,MILLIGRAM PER LITRE
https://environment.data.gov.uk/water-quality/sampling-point/TH-PRTS0055/sample/1362464/observation/0119,TH-PRTS0055,THAMES UPSTREAM OF CS3,-0.4864,51.3956,Thames,THAMES - WEST THAMES,Multiple Values,OPEN,FRESHWATER - RIVERS,2021-09-06T14:18:00,ENVIRONMENTAL MONITORING STATUTORY (EU DIRECTIVES),RIVER / RUNNING SURFACE WATER,0119,Ammonia un-ionised as N,<0.00104,MILLIGRAM PER LITRE
https://environment.data.gov.uk/water-quality/sampling-point/TH-PRTS0055/sample/1362464/observation/2348,TH-PRTS0055,THAMES UPSTREAM OF CS3,-0.4864,51.3956,Thames,THAMES - WEST THAMES,Multiple Values,OPEN,FRESHWATER - RIVERS,2021-09-06T14:18:00,ENVIRONMENTAL MONITORING STATUTORY (EU DIRECTIVES),RIVER / RUNNING SURFACE WATER,2348,Escherichia coli : Confirmed : MF,63,NUMBER PER HUNDRED MILLILITRES
https://environment.data.gov.uk/water-quality/sampling-point/TH-PRTS0055/sample/1362464/observation/3722,TH-PRTS0055,THAMES UPSTREAM OF CS3,-0.4864,51.3956,Thames,THAMES - WEST THAMES,Multiple Values,OPEN,FRESHWATER - RIVERS,2021-09-06T14:18:00,ENVIRONMENTAL MONITORING STATUTORY (EU DIRECTIVES),RIVER / RUNNING SURFACE WATER,3722,Enterococci: Intestinal: Presumptive: MF,99,Colony Forming Units / 100ml
https://environment.data.gov.uk/water-quality/sampling-point/TH-PRTS0055/sample/1362464/observation/3723,TH-PRTS0055,THAMES UPSTREAM OF CS3,-0.4864,51.3956,Thames,THAMES - WEST THAMES,Multiple Values,OPEN,FRESHWATER - RIVERS,2021-09-06T14:18:00,ENVIRONMENTAL MONITORING STATUTORY (EU DIRECTIVES),RIVER / RUNNING SURFACE WATER,3723,Enterococci: Intestinal: Confirmed: MF,99,Colony Forming Units / 100ml
https://environment.data.gov.uk/water-quality/sampling-point/TH-PRTS0055/sample/1362464/observation/7608,TH-PRTS0055,THAMES UPSTREAM OF CS3,-0.4864,51.3956,Thames,THAMES - WEST THAMES,Multiple Values,OPEN,FRESHWATER - RIVERS,2021-09-06T14:18:00,ENVIRONMENTAL MONITORING STATUTORY (EU DIRECTIVES),RIVER / RUNNING SURFACE WATER,7608,Salinity : In Situ,0.37,Parts per thousand
https://environment.data.gov.uk/water-quality/sampling-point/TH-PRTS0055/sample/1362464/observation/9901,TH-PRTS0055,THAMES UPSTREAM OF CS3,-0.4864,51.3956,Thames,THAMES - WEST THAMES,Multiple Values,OPEN,FRESHWATER - RIVERS,2021-09-06T14:18:00,ENVIRONMENTAL MONITORING STATUTORY (EU DIRECTIVES),RIVER / RUNNING SURFACE WATER,9901,"Oxygen, Dissolved, % Saturation",101.4,PERCENTAGE
https://environment.data.gov.uk/water-quality/sampling-point/TH-PRTS0055/sample/1362464/observation/9924,TH-PRTS0055,THAMES UPSTREAM OF CS3,-0.4864,51.3956,Thames,THAMES - WEST THAMES,Multiple Values,OPEN,FRESHWATER - RIVERS,2021-09-06T14:18:00,ENVIRONMENTAL MONITORING STATUTORY (EU DIRECTIVES),RIVER / RUNNING SURFACE WATER,9924,"Oxygen, Dissolved as O2",9.4,MILLIGRAM PER LITRE
https://environment.data.gov.uk/water-quality/sampling-point/TH-PRTS0055/sample/1362585/observation/0061,TH-PRTS0055,THAMES UPSTREAM OF CS3,-0.4864,51.3956,Thames,THAMES - WEST THAMES,Multiple Values,OPEN,FRESHWATER - RIVERS,2021-09-12T13:15:00,ENVIRONMENTAL MONITORING STATUTORY (EU DIRECTIVES),RIVER / RUNNING SURFACE WATER,0061,pH,8.11,PH UNITS
https://environment.data.gov.uk/water-quality/sampling-point/TH-PRTS0055/sample/1362585/observation/0076,TH-PRTS0055,THAMES UPSTREAM OF CS3,-0.4864,51.3956,Thames,THAMES - WEST THAMES,Multiple Values,OPEN,FRESHWATER - RIVERS,2021-09-12T13:15:00,ENVIRONMENTAL MONITORING STATUTORY (EU DIRECTIVES),RIVER / RUNNING SURFACE WATER,0076,Temperature of Water,19.2,CELSIUS
https://environment.data.gov.uk/water-quality/sampling-point/TH-PRTS0055/sample/1362585/observation/0111,TH-PRTS0055,THAMES UPSTREAM OF CS3,-0.4864,51.3956,Thames,THAMES - WEST THAMES,Multiple Values,OPEN,FRESHWATER - RIVERS,2021-09-12T13:15:00,ENVIRONMENTAL MONITORING STATUTORY (EU DIRECTIVES),RIVER / RUNNING SURFACE WATER,0111,Ammoniacal Nitrogen as N,<0.03,MILLIGRAM PER LITRE
https://environment.data.gov.uk/water-quality/sampling-point/TH-PRTS0055/sample/1362585/observation/0119,TH-PRTS0055,THAMES UPSTREAM OF CS3,-0.4864,51.3956,Thames,THAMES - WEST THAMES,Multiple Values,OPEN,FRESHWATER - RIVERS,2021-09-12T13:15:00,ENVIRONMENTAL MONITORING STATUTORY (EU DIRECTIVES),RIVER / RUNNING SURFACE WATER,0119,Ammonia un-ionised as N,<0.00107,MILLIGRAM PER LITRE
https://environment.data.gov.uk/water-quality/sampling-point/TH-PRTS0055/sample/1362585/observation/2348,TH-PRTS0055,THAMES UPSTREAM OF CS3,-0.4864,51.3956,Thames,THAMES - WEST THAMES,Multiple Values,OPEN,FRESHWATER - RIVERS,2021-09-12T13:15:00,ENVIRONMENTAL MONITORING STATUTORY (EU DIRECTIVES),RIVER / RUNNING SURFACE WATER,2348,Escherichia coli : Confirmed : MF,320,NUMBER PER HUNDRED MILLILITRES
https://environment.data.gov.uk/water-quality/sampling-point/TH-PRTS0055/sample/1362585/observation/3722,TH-PRTS0055,THAMES UPSTREAM OF CS3,-0.4864,51.3956,Thames,THAMES - WEST THAMES,Multiple Values,OPEN,FRESHWATER - RIVERS,2021-09-12T13:15:00,ENVIRONMENTAL MONITORING STATUTORY (EU DIRECTIVES),RIVER / RUNNING SURFACE WATER,3722,Enterococci: Intestinal: Presumptive: MF,500,Colony Forming Units / 100ml
https://environment.data.gov.uk/water-quality/sampling-point/TH-PRTS0055/sample/1362585/observation/3723,TH-PRTS0055,THAMES UPSTREAM OF CS3,-0.4864,51.3956,Thames,THAMES - WEST THAMES,Multiple Values,OPEN,FRESHWATER - RIVERS,2021-09-12T13:15:00,ENVIRONMENTAL MONITORING STATUTORY (EU DIRECTIVES),RIVER / RUNNING SURFACE WATER,3723,Enterococci: Intestinal: Confirmed: MF,500,Colony Forming Units / 100ml
https://environment.data.gov.uk/water-quality/sampling-point/TH-PRTS0055/sample/1362585/observation/7608,TH-PRTS0055,THAMES UPSTREAM OF CS3,-0.4864,51.3956,Thames,THAMES - WEST THAMES,Multiple Values,OPEN,FRESHWATER - RIVERS,2021-09-12T13:15:00,ENVIRONMENTAL MONITORING STATUTORY (EU DIRECTIVES),RIVER / RUNNING SURFACE WATER,7608,Salinity : In Situ,0.37,Parts per thousand
https://environment.data.gov.uk/water-quality/sampling-point/TH-PRTS0055/sample/1362585/observation/9901,TH-PRTS0055,THAMES UPSTREAM OF CS3,-0.4864,51.3956,Thames,THAMES - WEST THAMES,Multiple Values,OPEN,FRESHWATER - RIVERS,2021-09-12T13:15:00,ENVIRONMENTAL MONITORING STATUTORY (EU DIRECTIVES),RIVER / RUNNING SURFACE WATER,9901,"Oxygen, Dissolved, % Saturation",88.4,PERCENTAGE
https://environment.data.gov.uk/water-quality/sampling-point/TH-PRTS0055/sample/1362585/observation/9924,TH-PRTS0055,THAMES UPSTREAM OF CS3,-0.4864,51.3956,Thames,THAMES - WEST THAMES,Multiple Values,OPEN,FRESHWATER - RIVERS,2021-09-12T13:15:00,ENVIRONMENTAL MONITORING STATUTORY (EU DIRECTIVES),RIVER / RUNNING SURFACE WATER,9924,"Oxygen, Dissolved as O2",8.13,MILLIGRAM PER LITRE
https://environment.data.gov.uk/water-quality/sampling-point/TH-PRTS0055/sample/1362773/observation/0061,TH-PRTS0055,THAMES UPSTREAM OF CS3,-0.4864,51.3956,Thames,THAMES - WEST THAMES,Multiple Values,OPEN,FRESHWATER - RIVERS,2021-09-17T12:16:00,ENVIRONMENTAL MONITORING STATUTORY (EU DIRECTIVES),RIVER / RUNNING SURFACE WATER,0061,pH,8.08,PH UNITS
https://environment.data.gov.uk/water-quality/sampling-point/TH-PRTS0055/sample/1362773/observation/0076,TH-PRTS0055,THAMES UPSTREAM OF CS3,-0.4864,51.3956,Thames,THAMES - WEST THAMES,Multiple Values,OPEN,FRESHWATER - RIVERS,2021-09-17T12:16:00,ENVIRONMENTAL MONITORING STATUTORY (EU DIRECTIVES),RIVER / RUNNING SURFACE WATER,0076,Temperature of Water,18.6,CELSIUS
https://environment.data.gov.uk/water-quality/sampling-point/TH-PRTS0055/sample/1362773/observation/0111,TH-PRTS0055,THAMES UPSTREAM OF CS3,-0.4864,51.3956,Thames,THAMES - WEST THAMES,Multiple Values,OPEN,FRESHWATER - RIVERS,2021-09-17T12:16:00,ENVIRONMENTAL MONITORING STATUTORY (EU DIRECTIVES),RIVER / RUNNING SURFACE WATER,0111,Ammoniacal Nitrogen as N,0.13,MILLIGRAM PER LITRE
https://environment.data.gov.uk/water-quality/sampling-point/TH-PRTS0055/sample/1362773/observation/0119,TH-PRTS0055,THAMES UPSTREAM OF CS3,-0.4864,51.3956,Thames,THAMES - WEST THAMES,Multiple Values,OPEN,FRESHWATER - RIVERS,2021-09-17T12:16:00,ENVIRONMENTAL MONITORING STATUTORY (EU DIRECTIVES),RIVER / RUNNING SURFACE WATER,0119,Ammonia un-ionised as N,0.00443,MILLIGRAM PER LITRE
https://environment.data.gov.uk/water-quality/sampling-point/TH-PRTS0055/sample/1362773/observation/2348,TH-PRTS0055,THAMES UPSTREAM OF CS3,-0.4864,51.3956,Thames,THAMES - WEST THAMES,Multiple Values,OPEN,FRESHWATER - RIVERS,2021-09-17T12:16:00,ENVIRONMENTAL MONITORING STATUTORY (EU DIRECTIVES),RIVER / RUNNING SURFACE WATER,2348,Escherichia coli : Confirmed : MF,580,NUMBER PER HUNDRED MILLILITRES
https://environment.data.gov.uk/water-quality/sampling-point/TH-PRTS0055/sample/1362773/observation/3722,TH-PRTS0055,THAMES UPSTREAM OF CS3,-0.4864,51.3956,Thames,THAMES - WEST THAMES,Multiple Values,OPEN,FRESHWATER - RIVERS,2021-09-17T12:16:00,ENVIRONMENTAL MONITORING STATUTORY (EU DIRECTIVES),RIVER / RUNNING SURFACE WATER,3722,Enterococci: Intestinal: Presumptive: MF,110,Colony Forming Units / 100ml
https://environment.data.gov.uk/water-quality/sampling-point/TH-PRTS0055/sample/1362773/observation/3723,TH-PRTS0055,THAMES UPSTREAM OF CS3,-0.4864,51.3956,Thames,THAMES - WEST THAMES,Multiple Values,OPEN,FRESHWATER - RIVERS,2021-09-17T12:16:00,ENVIRONMENTAL MONITORING STATUTORY (EU DIRECTIVES),RIVER / RUNNING SURFACE WATER,3723,Enterococci: Intestinal: Confirmed: MF,110,Colony Forming Units / 100ml
https://environment.data.gov.uk/water-quality/sampling-point/TH-PRTS0055/sample/1362773/observation/7608,TH-PRTS0055,THAMES UPSTREAM OF CS3,-0.4864,51.3956,Thames,THAMES - WEST THAMES,Multiple Values,OPEN,FRESHWATER - RIVERS,2021-09-17T12:16:00,ENVIRONMENTAL MONITORING STATUTORY (EU DIRECTIVES),RIVER / RUNNING SURFACE WATER,7608,Salinity : In Situ,0.37,Parts per thousand
https://environment.data.gov.uk/water-quality/sampling-point/TH-PRTS0055/sample/1362773/observation/9901,TH-PRTS0055,THAMES UPSTREAM OF CS3,-0.4864,51.3956,Thames,THAMES - WEST THAMES,Multiple Values,OPEN,FRESHWATER - RIVERS,2021-09-17T12:16:00,ENVIRONMENTAL MONITORING STATUTORY (EU DIRECTIVES),RIVER / RUNNING SURFACE WATER,9901,"Oxygen, Dissolved, % Saturation",98.3,PERCENTAGE
https://environment.data.gov.uk/water-quality/sampling-point/TH-PRTS0055/sample/1362773/observation/9924,TH-PRTS0055,THAMES UPSTREAM OF CS3,-0.4864,51.3956,Thames,THAMES - WEST THAMES,Multiple Values,OPEN,FRESHWATER - RIVERS,2021-09-17T12:16:00,ENVIRONMENTAL MONITORING STATUTORY (EU DIRECTIVES),RIVER / RUNNING SURFACE WATER,9924,"Oxygen, Dissolved as O2",9.15,MILLIGRAM PER LITRE
https://environment.data.gov.uk/water-quality/sampling-point/TH-PRTS0055/sample/1363286/observation/0061,TH-PRTS0055,THAMES UPSTREAM OF CS3,-0.4864,51.3956,Thames,THAMES - WEST THAMES,Multiple Values,OPEN,FRESHWATER - RIVERS,2021-09-22T12:06:00,ENVIRONMENTAL MONITORING STATUTORY (EU DIRECTIVES),RIVER / RUNNING SURFACE WATER,0061,pH,8.15,PH UNITS
https://environment.data.gov.uk/water-quality/sampling-point/TH-PRTS0055/sample/1363286/observation/0076,TH-PRTS0055,THAMES UPSTREAM OF CS3,-0.4864,51.3956,Thames,THAMES - WEST THAMES,Multiple Values,OPEN,FRESHWATER - RIVERS,2021-09-22T12:06:00,ENVIRONMENTAL MONITORING STATUTORY (EU DIRECTIVES),RIVER / RUNNING SURFACE WATER,0076,Temperature of Water,18.1,CELSIUS
https://environment.data.gov.uk/water-quality/sampling-point/TH-PRTS0055/sample/1363286/observation/0111,TH-PRTS0055,THAMES UPSTREAM OF CS3,-0.4864,51.3956,Thames,THAMES - WEST THAMES,Multiple Values,OPEN,FRESHWATER - RIVERS,2021-09-22T12:06:00,ENVIRONMENTAL MONITORING STATUTORY (EU DIRECTIVES),RIVER / RUNNING SURFACE WATER,0111,Ammoniacal Nitrogen as N,<0.03,MILLIGRAM PER LITRE
https://environment.data.gov.uk/water-quality/sampling-point/TH-PRTS0055/sample/1363286/observation/0119,TH-PRTS0055,THAMES UPSTREAM OF CS3,-0.4864,51.3956,Thames,THAMES - WEST THAMES,Multiple Values,OPEN,FRESHWATER - RIVERS,2021-09-22T12:06:00,ENVIRONMENTAL MONITORING STATUTORY (EU DIRECTIVES),RIVER / RUNNING SURFACE WATER,0119,Ammonia un-ionised as N,<0.00099,MILLIGRAM PER LITRE
https://environment.data.gov.uk/water-quality/sampling-point/TH-PRTS0055/sample/1363286/observation/2348,TH-PRTS0055,THAMES UPSTREAM OF CS3,-0.4864,51.3956,Thames,THAMES - WEST THAMES,Multiple Values,OPEN,FRESHWATER - RIVERS,2021-09-22T12:06:00,ENVIRONMENTAL MONITORING STATUTORY (EU DIRECTIVES),RIVER / RUNNING SURFACE WATER,2348,Escherichia coli : Confirmed : MF,200,NUMBER PER HUNDRED MILLILITRES
https://environment.data.gov.uk/water-quality/sampling-point/TH-PRTS0055/sample/1363286/observation/3722,TH-PRTS0055,THAMES UPSTREAM OF CS3,-0.4864,51.3956,Thames,THAMES - WEST THAMES,Multiple Values,OPEN,FRESHWATER - RIVERS,2021-09-22T12:06:00,ENVIRONMENTAL MONITORING STATUTORY (EU DIRECTIVES),RIVER / RUNNING SURFACE WATER,3722,Enterococci: Intestinal: Presumptive: MF,72,Colony Forming Units / 100ml
https://environment.data.gov.uk/water-quality/sampling-point/TH-PRTS0055/sample/1363286/observation/3723,TH-PRTS0055,THAMES UPSTREAM OF CS3,-0.4864,51.3956,Thames,THAMES - WEST THAMES,Multiple Values,OPEN,FRESHWATER - RIVERS,2021-09-22T12:06:00,ENVIRONMENTAL MONITORING STATUTORY (EU DIRECTIVES),RIVER / RUNNING SURFACE WATER,3723,Enterococci: Intestinal: Confirmed: MF,72,Colony Forming Units / 100ml
https://environment.data.gov.uk/water-quality/sampling-point/TH-PRTS0055/sample/1363286/observation/7608,TH-PRTS0055,THAMES UPSTREAM OF CS3,-0.4864,51.3956,Thames,THAMES - WEST THAMES,Multiple Values,OPEN,FRESHWATER - RIVERS,2021-09-22T12:06:00,ENVIRONMENTAL MONITORING STATUTORY (EU DIRECTIVES),RIVER / RUNNING SURFACE WATER,7608,Salinity : In Situ,0.37,Parts per thousand
https://environment.data.gov.uk/water-quality/sampling-point/TH-PRTS0055/sample/1363286/observation/9901,TH-PRTS0055,THAMES UPSTREAM OF CS3,-0.4864,51.3956,Thames,THAMES - WEST THAMES,Multiple Values,OPEN,FRESHWATER - RIVERS,2021-09-22T12:06:00,ENVIRONMENTAL MONITORING STATUTORY (EU DIRECTIVES),RIVER / RUNNING SURFACE WATER,9901,"Oxygen, Dissolved, % Saturation",101.9,PERCENTAGE
https://environment.data.gov.uk/water-quality/sampling-point/TH-PRTS0055/sample/1363286/observation/9924,TH-PRTS0055,THAMES UPSTREAM OF CS3,-0.4864,51.3956,Thames,THAMES - WEST THAMES,Multiple Values,OPEN,FRESHWATER - RIVERS,2021-09-22T12:06:00,ENVIRONMENTAL MONITORING STATUTORY (EU DIRECTIVES),RIVER / RUNNING SURFACE WATER,9924,"Oxygen, Dissolved as O2",9.58,MILLIGRAM PER LITRE
https://environment.data.gov.uk/water-quality/sampling-point/TH-PRTS0055/sample/1366911/observation/0061,TH-PRTS0055,THAMES UPSTREAM OF CS3,-0.4864,51.3956,Thames,THAMES - WEST THAMES,Multiple Values,OPEN,FRESHWATER - RIVERS,2021-09-27T13:54:00,ENVIRONMENTAL MONITORING STATUTORY (EU DIRECTIVES),RIVER / RUNNING SURFACE WATER,0061,pH,8.16,PH UNITS
https://environment.data.gov.uk/water-quality/sampling-point/TH-PRTS0055/sample/1366911/observation/0076,TH-PRTS0055,THAMES UPSTREAM OF CS3,-0.4864,51.3956,Thames,THAMES - WEST THAMES,Multiple Values,OPEN,FRESHWATER - RIVERS,2021-09-27T13:54:00,ENVIRONMENTAL MONITORING STATUTORY (EU DIRECTIVES),RIVER / RUNNING SURFACE WATER,0076,Temperature of Water,17.5,CELSIUS
https://environment.data.gov.uk/water-quality/sampling-point/TH-PRTS0055/sample/1366911/observation/0111,TH-PRTS0055,THAMES UPSTREAM OF CS3,-0.4864,51.3956,Thames,THAMES - WEST THAMES,Multiple Values,OPEN,FRESHWATER - RIVERS,2021-09-27T13:54:00,ENVIRONMENTAL MONITORING STATUTORY (EU DIRECTIVES),RIVER / RUNNING SURFACE WATER,0111,Ammoniacal Nitrogen as N,<0.03,MILLIGRAM PER LITRE
https://environment.data.gov.uk/water-quality/sampling-point/TH-PRTS0055/sample/1366911/observation/0119,TH-PRTS0055,THAMES UPSTREAM OF CS3,-0.4864,51.3956,Thames,THAMES - WEST THAMES,Multiple Values,OPEN,FRESHWATER - RIVERS,2021-09-27T13:54:00,ENVIRONMENTAL MONITORING STATUTORY (EU DIRECTIVES),RIVER / RUNNING SURFACE WATER,0119,Ammonia un-ionised as N,<0.00094,MILLIGRAM PER LITRE
https://environment.data.gov.uk/water-quality/sampling-point/TH-PRTS0055/sample/1366911/observation/2348,TH-PRTS0055,THAMES UPSTREAM OF CS3,-0.4864,51.3956,Thames,THAMES - WEST THAMES,Multiple Values,OPEN,FRESHWATER - RIVERS,2021-09-27T13:54:00,ENVIRONMENTAL MONITORING STATUTORY (EU DIRECTIVES),RIVER / RUNNING SURFACE WATER,2348,Escherichia coli : Confirmed : MF,410,NUMBER PER HUNDRED MILLILITRES
https://environment.data.gov.uk/water-quality/sampling-point/TH-PRTS0055/sample/1366911/observation/3722,TH-PRTS0055,THAMES UPSTREAM OF CS3,-0.4864,51.3956,Thames,THAMES - WEST THAMES,Multiple Values,OPEN,FRESHWATER - RIVERS,2021-09-27T13:54:00,ENVIRONMENTAL MONITORING STATUTORY (EU DIRECTIVES),RIVER / RUNNING SURFACE WATER,3722,Enterococci: Intestinal: Presumptive: MF,420,Colony Forming Units / 100ml
https://environment.data.gov.uk/water-quality/sampling-point/TH-PRTS0055/sample/1366911/observation/3723,TH-PRTS0055,THAMES UPSTREAM OF CS3,-0.4864,51.3956,Thames,THAMES - WEST THAMES,Multiple Values,OPEN,FRESHWATER - RIVERS,2021-09-27T13:54:00,ENVIRONMENTAL MONITORING STATUTORY (EU DIRECTIVES),RIVER / RUNNING SURFACE WATER,3723,Enterococci: Intestinal: Confirmed: MF,420,Colony Forming Units / 100ml
https://environment.data.gov.uk/water-quality/sampling-point/TH-PRTS0055/sample/1366911/observation/7608,TH-PRTS0055,THAMES UPSTREAM OF CS3,-0.4864,51.3956,Thames,THAMES - WEST THAMES,Multiple Values,OPEN,FRESHWATER - RIVERS,2021-09-27T13:54:00,ENVIRONMENTAL MONITORING STATUTORY (EU DIRECTIVES),RIVER / RUNNING SURFACE WATER,7608,Salinity : In Situ,0.37,Parts per thousand
https://environment.data.gov.uk/water-quality/sampling-point/TH-PRTS0055/sample/1366911/observation/9901,TH-PRTS0055,THAMES UPSTREAM OF CS3,-0.4864,51.3956,Thames,THAMES - WEST THAMES,Multiple Values,OPEN,FRESHWATER - RIVERS,2021-09-27T13:54:00,ENVIRONMENTAL MONITORING STATUTORY (EU DIRECTIVES),RIVER / RUNNING SURFACE WATER,9901,"Oxygen, Dissolved, % Saturation",97.4,PERCENTAGE
https://environment.data.gov.uk/water-quality/sampling-point/TH-PRTS0055/sample/1366911/observation/9924,TH-PRTS0055,THAMES UPSTREAM OF CS3,-0.4864,51.3956,Thames,THAMES - WEST THAMES,Multiple Values,OPEN,FRESHWATER - RIVERS,2021-09-27T13:54:00,ENVIRONMENTAL MONITORING STATUTORY (EU DIRECTIVES),RIVER / RUNNING SURFACE WATER,9924,"Oxygen, Dissolved as O2",9.27,MILLIGRAM PER LITRE
https://environment.data.gov.uk/water-quality/sampling-point/TH-PRTS0055/sample/1367005/observation/0061,TH-PRTS0055,THAMES UPSTREAM OF CS3,-0.4864,51.3956,Thames,THAMES - WEST THAMES,Multiple Values,OPEN,FRESHWATER - RIVERS,2021-10-04T13:27:00,ENVIRONMENTAL MONITORING STATUTORY (EU DIRECTIVES),RIVER / RUNNING SURFACE WATER,0061,pH,8.06,PH UNITS
https://environment.data.gov.uk/water-quality/sampling-point/TH-PRTS0055/sample/1367005/observation/0076,TH-PRTS0055,THAMES UPSTREAM OF CS3,-0.4864,51.3956,Thames,THAMES - WEST THAMES,Multiple Values,OPEN,FRESHWATER - RIVERS,2021-10-04T13:27:00,ENVIRONMENTAL MONITORING STATUTORY (EU DIRECTIVES),RIVER / RUNNING SURFACE WATER,0076,Temperature of Water,14.3,CELSIUS
https://environment.data.gov.uk/water-quality/sampling-point/TH-PRTS0055/sample/1367005/observation/0111,TH-PRTS0055,THAMES UPSTREAM OF CS3,-0.4864,51.3956,Thames,THAMES - WEST THAMES,Multiple Values,OPEN,FRESHWATER - RIVERS,2021-10-04T13:27:00,ENVIRONMENTAL MONITORING STATUTORY (EU DIRECTIVES),RIVER / RUNNING SURFACE WATER,0111,Ammoniacal Nitrogen as N,0.17,MILLIGRAM PER LITRE
https://environment.data.gov.uk/water-quality/sampling-point/TH-PRTS0055/sample/1367005/observation/0119,TH-PRTS0055,THAMES UPSTREAM OF CS3,-0.4864,51.3956,Thames,THAMES - WEST THAMES,Multiple Values,OPEN,FRESHWATER - RIVERS,2021-10-04T13:27:00,ENVIRONMENTAL MONITORING STATUTORY (EU DIRECTIVES),RIVER / RUNNING SURFACE WATER,0119,Ammonia un-ionised as N,0.00424,MILLIGRAM PER LITRE
https://environment.data.gov.uk/water-quality/sampling-point/TH-PRTS0055/sample/1367005/observation/2348,TH-PRTS0055,THAMES UPSTREAM OF CS3,-0.4864,51.3956,Thames,THAMES - WEST THAMES,Multiple Values,OPEN,FRESHWATER - RIVERS,2021-10-04T13:27:00,ENVIRONMENTAL MONITORING STATUTORY (EU DIRECTIVES),RIVER / RUNNING SURFACE WATER,2348,Escherichia coli : Confirmed : MF,8500,NUMBER PER HUNDRED MILLILITRES
https://environment.data.gov.uk/water-quality/sampling-point/TH-PRTS0055/sample/1367005/observation/3722,TH-PRTS0055,THAMES UPSTREAM OF CS3,-0.4864,51.3956,Thames,THAMES - WEST THAMES,Multiple Values,OPEN,FRESHWATER - RIVERS,2021-10-04T13:27:00,ENVIRONMENTAL MONITORING STATUTORY (EU DIRECTIVES),RIVER / RUNNING SURFACE WATER,3722,Enterococci: Intestinal: Presumptive: MF,1700,Colony Forming Units / 100ml
https://environment.data.gov.uk/water-quality/sampling-point/TH-PRTS0055/sample/1367005/observation/3723,TH-PRTS0055,THAMES UPSTREAM OF CS3,-0.4864,51.3956,Thames,THAMES - WEST THAMES,Multiple Values,OPEN,FRESHWATER - RIVERS,2021-10-04T13:27:00,ENVIRONMENTAL MONITORING STATUTORY (EU DIRECTIVES),RIVER / RUNNING SURFACE WATER,3723,Enterococci: Intestinal: Confirmed: MF,1600,Colony Forming Units / 100ml
https://environment.data.gov.uk/water-quality/sampling-point/TH-PRTS0055/sample/1367005/observation/7608,TH-PRTS0055,THAMES UPSTREAM OF CS3,-0.4864,51.3956,Thames,THAMES - WEST THAMES,Multiple Values,OPEN,FRESHWATER - RIVERS,2021-10-04T13:27:00,ENVIRONMENTAL MONITORING STATUTORY (EU DIRECTIVES),RIVER / RUNNING SURFACE WATER,7608,Salinity : In Situ,0.33,Parts per thousand
https://environment.data.gov.uk/water-quality/sampling-point/TH-PRTS0055/sample/1367005/observation/9901,TH-PRTS0055,THAMES UPSTREAM OF CS3,-0.4864,51.3956,Thames,THAMES - WEST THAMES,Multiple Values,OPEN,FRESHWATER - RIVERS,2021-10-04T13:27:00,ENVIRONMENTAL MONITORING STATUTORY (EU DIRECTIVES),RIVER / RUNNING SURFACE WATER,9901,"Oxygen, Dissolved, % Saturation",81.6,PERCENTAGE
https://environment.data.gov.uk/water-quality/sampling-point/TH-PRTS0055/sample/1367005/observation/9924,TH-PRTS0055,THAMES UPSTREAM OF CS3,-0.4864,51.3956,Thames,THAMES - WEST THAMES,Multiple Values,OPEN,FRESHWATER - RIVERS,2021-10-04T13:27:00,ENVIRONMENTAL MONITORING STATUTORY (EU DIRECTIVES),RIVER / RUNNING SURFACE WATER,9924,"Oxygen, Dissolved as O2",8.32,MILLIGRAM PER LITRE
https://environment.data.gov.uk/water-quality/sampling-point/TH-PRTS0056/sample/1341872/observation/0061,TH-PRTS0056,THAMES US OF RUNNYMEDE O/F AND DS OF SPELTHORNE INTAKE,-0.4861,51.3945,Thames,THAMES - WEST THAMES,Multiple Values,OPEN,FRESHWATER - RIVERS,2021-01-28T11:04:00,PLANNED INVESTIGATION (NATIONAL AGENCY POLICY),RIVER / RUNNING SURFACE WATER,0061,pH,8.14,PH UNITS
https://environment.data.gov.uk/water-quality/sampling-point/TH-PRTS0056/sample/1341872/observation/0076,TH-PRTS0056,THAMES US OF RUNNYMEDE O/F AND DS OF SPELTHORNE INTAKE,-0.4861,51.3945,Thames,THAMES - WEST THAMES,Multiple Values,OPEN,FRESHWATER - RIVERS,2021-01-28T11:04:00,PLANNED INVESTIGATION (NATIONAL AGENCY POLICY),RIVER / RUNNING SURFACE WATER,0076,Temperature of Water,5,CELSIUS
https://environment.data.gov.uk/water-quality/sampling-point/TH-PRTS0056/sample/1341872/observation/7608,TH-PRTS0056,THAMES US OF RUNNYMEDE O/F AND DS OF SPELTHORNE INTAKE,-0.4861,51.3945,Thames,THAMES - WEST THAMES,Multiple Values,OPEN,FRESHWATER - RIVERS,2021-01-28T11:04:00,PLANNED INVESTIGATION (NATIONAL AGENCY POLICY),RIVER / RUNNING SURFACE WATER,7608,Salinity : In Situ,0.3,Parts per thousand
https://environment.data.gov.uk/water-quality/sampling-point/TH-PRTS0056/sample/1341872/observation/9901,TH-PRTS0056,THAMES US OF RUNNYMEDE O/F AND DS OF SPELTHORNE INTAKE,-0.4861,51.3945,Thames,THAMES - WEST THAMES,Multiple Values,OPEN,FRESHWATER - RIVERS,2021-01-28T11:04:00,PLANNED INVESTIGATION (NATIONAL AGENCY POLICY),RIVER / RUNNING SURFACE WATER,9901,"Oxygen, Dissolved, % Saturation",99.7,PERCENTAGE
https://environment.data.gov.uk/water-quality/sampling-point/TH-PRTS0056/sample/1341872/observation/9924,TH-PRTS0056,THAMES US OF RUNNYMEDE O/F AND DS OF SPELTHORNE INTAKE,-0.4861,51.3945,Thames,THAMES - WEST THAMES,Multiple Values,OPEN,FRESHWATER - RIVERS,2021-01-28T11:04:00,PLANNED INVESTIGATION (NATIONAL AGENCY POLICY),RIVER / RUNNING SURFACE WATER,9924,"Oxygen, Dissolved as O2",12.7,MILLIGRAM PER LITRE
https://environment.data.gov.uk/water-quality/sampling-point/TH-PRTS0056/sample/1342444/observation/0061,TH-PRTS0056,THAMES US OF RUNNYMEDE O/F AND DS OF SPELTHORNE INTAKE,-0.4861,51.3945,Thames,THAMES - WEST THAMES,Multiple Values,OPEN,FRESHWATER - RIVERS,2021-02-23T13:25:00,PLANNED INVESTIGATION (NATIONAL AGENCY POLICY),RIVER / RUNNING SURFACE WATER,0061,pH,8.11,PH UNITS
https://environment.data.gov.uk/water-quality/sampling-point/TH-PRTS0056/sample/1342444/observation/0076,TH-PRTS0056,THAMES US OF RUNNYMEDE O/F AND DS OF SPELTHORNE INTAKE,-0.4861,51.3945,Thames,THAMES - WEST THAMES,Multiple Values,OPEN,FRESHWATER - RIVERS,2021-02-23T13:25:00,PLANNED INVESTIGATION (NATIONAL AGENCY POLICY),RIVER / RUNNING SURFACE WATER,0076,Temperature of Water,9.3,CELSIUS
https://environment.data.gov.uk/water-quality/sampling-point/TH-PRTS0056/sample/1342444/observation/7608,TH-PRTS0056,THAMES US OF RUNNYMEDE O/F AND DS OF SPELTHORNE INTAKE,-0.4861,51.3945,Thames,THAMES - WEST THAMES,Multiple Values,OPEN,FRESHWATER - RIVERS,2021-02-23T13:25:00,PLANNED INVESTIGATION (NATIONAL AGENCY POLICY),RIVER / RUNNING SURFACE WATER,7608,Salinity : In Situ,0.31,Parts per thousand
https://environment.data.gov.uk/water-quality/sampling-point/TH-PRTS0056/sample/1342444/observation/9901,TH-PRTS0056,THAMES US OF RUNNYMEDE O/F AND DS OF SPELTHORNE INTAKE,-0.4861,51.3945,Thames,THAMES - WEST THAMES,Multiple Values,OPEN,FRESHWATER - RIVERS,2021-02-23T13:25:00,PLANNED INVESTIGATION (NATIONAL AGENCY POLICY),RIVER / RUNNING SURFACE WATER,9901,"Oxygen, Dissolved, % Saturation",101.2,PERCENTAGE
https://environment.data.gov.uk/water-quality/sampling-point/TH-PRTS0056/sample/1342444/observation/9924,TH-PRTS0056,THAMES US OF RUNNYMEDE O/F AND DS OF SPELTHORNE INTAKE,-0.4861,51.3945,Thames,THAMES - WEST THAMES,Multiple Values,OPEN,FRESHWATER - RIVERS,2021-02-23T13:25:00,PLANNED INVESTIGATION (NATIONAL AGENCY POLICY),RIVER / RUNNING SURFACE WATER,9924,"Oxygen, Dissolved as O2",11.6,MILLIGRAM PER LITRE
https://environment.data.gov.uk/water-quality/sampling-point/TH-PRTS0056/sample/1345432/observation/0061,TH-PRTS0056,THAMES US OF RUNNYMEDE O/F AND DS OF SPELTHORNE INTAKE,-0.4861,51.3945,Thames,THAMES - WEST THAMES,Multiple Values,OPEN,FRESHWATER - RIVERS,2021-03-23T10:47:00,PLANNED INVESTIGATION (NATIONAL AGENCY POLICY),RIVER / RUNNING SURFACE WATER,0061,pH,8.16,PH UNITS
https://environment.data.gov.uk/water-quality/sampling-point/TH-PRTS0056/sample/1345432/observation/0076,TH-PRTS0056,THAMES US OF RUNNYMEDE O/F AND DS OF SPELTHORNE INTAKE,-0.4861,51.3945,Thames,THAMES - WEST THAMES,Multiple Values,OPEN,FRESHWATER - RIVERS,2021-03-23T10:47:00,PLANNED INVESTIGATION (NATIONAL AGENCY POLICY),RIVER / RUNNING SURFACE WATER,0076,Temperature of Water,9.7,CELSIUS
https://environment.data.gov.uk/water-quality/sampling-point/TH-PRTS0056/sample/1345432/observation/7608,TH-PRTS0056,THAMES US OF RUNNYMEDE O/F AND DS OF SPELTHORNE INTAKE,-0.4861,51.3945,Thames,THAMES - WEST THAMES,Multiple Values,OPEN,FRESHWATER - RIVERS,2021-03-23T10:47:00,PLANNED INVESTIGATION (NATIONAL AGENCY POLICY),RIVER / RUNNING SURFACE WATER,7608,Salinity : In Situ,0.33,Parts per thousand
https://environment.data.gov.uk/water-quality/sampling-point/TH-PRTS0056/sample/1345432/observation/9901,TH-PRTS0056,THAMES US OF RUNNYMEDE O/F AND DS OF SPELTHORNE INTAKE,-0.4861,51.3945,Thames,THAMES - WEST THAMES,Multiple Values,OPEN,FRESHWATER - RIVERS,2021-03-23T10:47:00,PLANNED INVESTIGATION (NATIONAL AGENCY POLICY),RIVER / RUNNING SURFACE WATER,9901,"Oxygen, Dissolved, % Saturation",104,PERCENTAGE
https://environment.data.gov.uk/water-quality/sampling-point/TH-PRTS0056/sample/1345432/observation/9924,TH-PRTS0056,THAMES US OF RUNNYMEDE O/F AND DS OF SPELTHORNE INTAKE,-0.4861,51.3945,Thames,THAMES - WEST THAMES,Multiple Values,OPEN,FRESHWATER - RIVERS,2021-03-23T10:47:00,PLANNED INVESTIGATION (NATIONAL AGENCY POLICY),RIVER / RUNNING SURFACE WATER,9924,"Oxygen, Dissolved as O2",11.8,MILLIGRAM PER LITRE
https://environment.data.gov.uk/water-quality/sampling-point/TH-PRTS0056/sample/1349190/observation/0061,TH-PRTS0056,THAMES US OF RUNNYMEDE O/F AND DS OF SPELTHORNE INTAKE,-0.4861,51.3945,Thames,THAMES - WEST THAMES,Multiple Values,OPEN,FRESHWATER - RIVERS,2021-04-29T12:36:00,PLANNED INVESTIGATION (NATIONAL AGENCY POLICY),RIVER / RUNNING SURFACE WATER,0061,pH,8.49,PH UNITS
https://environment.data.gov.uk/water-quality/sampling-point/TH-PRTS0056/sample/1349190/observation/0076,TH-PRTS0056,THAMES US OF RUNNYMEDE O/F AND DS OF SPELTHORNE INTAKE,-0.4861,51.3945,Thames,THAMES - WEST THAMES,Multiple Values,OPEN,FRESHWATER - RIVERS,2021-04-29T12:36:00,PLANNED INVESTIGATION (NATIONAL AGENCY POLICY),RIVER / RUNNING SURFACE WATER,0076,Temperature of Water,11.8,CELSIUS
https://environment.data.gov.uk/water-quality/sampling-point/TH-PRTS0056/sample/1349190/observation/7608,TH-PRTS0056,THAMES US OF RUNNYMEDE O/F AND DS OF SPELTHORNE INTAKE,-0.4861,51.3945,Thames,THAMES - WEST THAMES,Multiple Values,OPEN,FRESHWATER - RIVERS,2021-04-29T12:36:00,PLANNED INVESTIGATION (NATIONAL AGENCY POLICY),RIVER / RUNNING SURFACE WATER,7608,Salinity : In Situ,0.31,Parts per thousand
https://environment.data.gov.uk/water-quality/sampling-point/TH-PRTS0056/sample/1349190/observation/9901,TH-PRTS0056,THAMES US OF RUNNYMEDE O/F AND DS OF SPELTHORNE INTAKE,-0.4861,51.3945,Thames,THAMES - WEST THAMES,Multiple Values,OPEN,FRESHWATER - RIVERS,2021-04-29T12:36:00,PLANNED INVESTIGATION (NATIONAL AGENCY POLICY),RIVER / RUNNING SURFACE WATER,9901,"Oxygen, Dissolved, % Saturation",100.1,PERCENTAGE
https://environment.data.gov.uk/water-quality/sampling-point/TH-PRTS0056/sample/1349190/observation/9924,TH-PRTS0056,THAMES US OF RUNNYMEDE O/F AND DS OF SPELTHORNE INTAKE,-0.4861,51.3945,Thames,THAMES - WEST THAMES,Multiple Values,OPEN,FRESHWATER - RIVERS,2021-04-29T12:36:00,PLANNED INVESTIGATION (NATIONAL AGENCY POLICY),RIVER / RUNNING SURFACE WATER,9924,"Oxygen, Dissolved as O2",10.8,MILLIGRAM PER LITRE
https://environment.data.gov.uk/water-quality/sampling-point/TH-PRTS0056/sample/1349544/observation/0061,TH-PRTS0056,THAMES US OF RUNNYMEDE O/F AND DS OF SPELTHORNE INTAKE,-0.4861,51.3945,Thames,THAMES - WEST THAMES,Multiple Values,OPEN,FRESHWATER - RIVERS,2021-05-17T13:57:00,ENVIRONMENTAL MONITORING STATUTORY (EU DIRECTIVES),RIVER / RUNNING SURFACE WATER,0061,pH,8.29,PH UNITS
https://environment.data.gov.uk/water-quality/sampling-point/TH-PRTS0056/sample/1349544/observation/0076,TH-PRTS0056,THAMES US OF RUNNYMEDE O/F AND DS OF SPELTHORNE INTAKE,-0.4861,51.3945,Thames,THAMES - WEST THAMES,Multiple Values,OPEN,FRESHWATER - RIVERS,2021-05-17T13:57:00,ENVIRONMENTAL MONITORING STATUTORY (EU DIRECTIVES),RIVER / RUNNING SURFACE WATER,0076,Temperature of Water,13.7,CELSIUS
https://environment.data.gov.uk/water-quality/sampling-point/TH-PRTS0056/sample/1349544/observation/0111,TH-PRTS0056,THAMES US OF RUNNYMEDE O/F AND DS OF SPELTHORNE INTAKE,-0.4861,51.3945,Thames,THAMES - WEST THAMES,Multiple Values,OPEN,FRESHWATER - RIVERS,2021-05-17T13:57:00,ENVIRONMENTAL MONITORING STATUTORY (EU DIRECTIVES),RIVER / RUNNING SURFACE WATER,0111,Ammoniacal Nitrogen as N,<0.5,MILLIGRAM PER LITRE
https://environment.data.gov.uk/water-quality/sampling-point/TH-PRTS0056/sample/1349544/observation/0119,TH-PRTS0056,THAMES US OF RUNNYMEDE O/F AND DS OF SPELTHORNE INTAKE,-0.4861,51.3945,Thames,THAMES - WEST THAMES,Multiple Values,OPEN,FRESHWATER - RIVERS,2021-05-17T13:57:00,ENVIRONMENTAL MONITORING STATUTORY (EU DIRECTIVES),RIVER / RUNNING SURFACE WATER,0119,Ammonia un-ionised as N,<0.0119,MILLIGRAM PER LITRE
https://environment.data.gov.uk/water-quality/sampling-point/TH-PRTS0056/sample/1349544/observation/0135,TH-PRTS0056,THAMES US OF RUNNYMEDE O/F AND DS OF SPELTHORNE INTAKE,-0.4861,51.3945,Thames,THAMES - WEST THAMES,Multiple Values,OPEN,FRESHWATER - RIVERS,2021-05-17T13:57:00,ENVIRONMENTAL MONITORING STATUTORY (EU DIRECTIVES),RIVER / RUNNING SURFACE WATER,0135,"Solids, Suspended at 105 C",18,MILLIGRAM PER LITRE
https://environment.data.gov.uk/water-quality/sampling-point/TH-PRTS0056/sample/1349544/observation/0180,TH-PRTS0056,THAMES US OF RUNNYMEDE O/F AND DS OF SPELTHORNE INTAKE,-0.4861,51.3945,Thames,THAMES - WEST THAMES,Multiple Values,OPEN,FRESHWATER - RIVERS,2021-05-17T13:57:00,ENVIRONMENTAL MONITORING STATUTORY (EU DIRECTIVES),RIVER / RUNNING SURFACE WATER,0180,"Orthophosphate, reactive as P",0.13,MILLIGRAM PER LITRE
https://environment.data.gov.uk/water-quality/sampling-point/TH-PRTS0056/sample/1349544/observation/7608,TH-PRTS0056,THAMES US OF RUNNYMEDE O/F AND DS OF SPELTHORNE INTAKE,-0.4861,51.3945,Thames,THAMES - WEST THAMES,Multiple Values,OPEN,FRESHWATER - RIVERS,2021-05-17T13:57:00,ENVIRONMENTAL MONITORING STATUTORY (EU DIRECTIVES),RIVER / RUNNING SURFACE WATER,7608,Salinity : In Situ,0.33,Parts per thousand
https://environment.data.gov.uk/water-quality/sampling-point/TH-PRTS0056/sample/1349544/observation/9901,TH-PRTS0056,THAMES US OF RUNNYMEDE O/F AND DS OF SPELTHORNE INTAKE,-0.4861,51.3945,Thames,THAMES - WEST THAMES,Multiple Values,OPEN,FRESHWATER - RIVERS,2021-05-17T13:57:00,ENVIRONMENTAL MONITORING STATUTORY (EU DIRECTIVES),RIVER / RUNNING SURFACE WATER,9901,"Oxygen, Dissolved, % Saturation",105.4,PERCENTAGE
https://environment.data.gov.uk/water-quality/sampling-point/TH-PRTS0056/sample/1349544/observation/9924,TH-PRTS0056,THAMES US OF RUNNYMEDE O/F AND DS OF SPELTHORNE INTAKE,-0.4861,51.3945,Thames,THAMES - WEST THAMES,Multiple Values,OPEN,FRESHWATER - RIVERS,2021-05-17T13:57:00,ENVIRONMENTAL MONITORING STATUTORY (EU DIRECTIVES),RIVER / RUNNING SURFACE WATER,9924,"Oxygen, Dissolved as O2",10.9,MILLIGRAM PER LITRE
https://environment.data.gov.uk/water-quality/sampling-point/TH-PRTS0056/sample/1359649/observation/0061,TH-PRTS0056,THAMES US OF RUNNYMEDE O/F AND DS OF SPELTHORNE INTAKE,-0.4861,51.3945,Thames,THAMES - WEST THAMES,Multiple Values,OPEN,FRESHWATER - RIVERS,2021-06-24T11:58:00,ENVIRONMENTAL MONITORING STATUTORY (EU DIRECTIVES),RIVER / RUNNING SURFACE WATER,0061,pH,8,PH UNITS
https://environment.data.gov.uk/water-quality/sampling-point/TH-PRTS0056/sample/1359649/observation/0076,TH-PRTS0056,THAMES US OF RUNNYMEDE O/F AND DS OF SPELTHORNE INTAKE,-0.4861,51.3945,Thames,THAMES - WEST THAMES,Multiple Values,OPEN,FRESHWATER - RIVERS,2021-06-24T11:58:00,ENVIRONMENTAL MONITORING STATUTORY (EU DIRECTIVES),RIVER / RUNNING SURFACE WATER,0076,Temperature of Water,16.8,CELSIUS
https://environment.data.gov.uk/water-quality/sampling-point/TH-PRTS0056/sample/1359649/observation/0111,TH-PRTS0056,THAMES US OF RUNNYMEDE O/F AND DS OF SPELTHORNE INTAKE,-0.4861,51.3945,Thames,THAMES - WEST THAMES,Multiple Values,OPEN,FRESHWATER - RIVERS,2021-06-24T11:58:00,ENVIRONMENTAL MONITORING STATUTORY (EU DIRECTIVES),RIVER / RUNNING SURFACE WATER,0111,Ammoniacal Nitrogen as N,<0.5,MILLIGRAM PER LITRE
https://environment.data.gov.uk/water-quality/sampling-point/TH-PRTS0056/sample/1359649/observation/0119,TH-PRTS0056,THAMES US OF RUNNYMEDE O/F AND DS OF SPELTHORNE INTAKE,-0.4861,51.3945,Thames,THAMES - WEST THAMES,Multiple Values,OPEN,FRESHWATER - RIVERS,2021-06-24T11:58:00,ENVIRONMENTAL MONITORING STATUTORY (EU DIRECTIVES),RIVER / RUNNING SURFACE WATER,0119,Ammonia un-ionised as N,<0.015,MILLIGRAM PER LITRE
https://environment.data.gov.uk/water-quality/sampling-point/TH-PRTS0056/sample/1359649/observation/0135,TH-PRTS0056,THAMES US OF RUNNYMEDE O/F AND DS OF SPELTHORNE INTAKE,-0.4861,51.3945,Thames,THAMES - WEST THAMES,Multiple Values,OPEN,FRESHWATER - RIVERS,2021-06-24T11:58:00,ENVIRONMENTAL MONITORING STATUTORY (EU DIRECTIVES),RIVER / RUNNING SURFACE WATER,0135,"Solids, Suspended at 105 C",8.5,MILLIGRAM PER LITRE
https://environment.data.gov.uk/water-quality/sampling-point/TH-PRTS0056/sample/1359649/observation/0180,TH-PRTS0056,THAMES US OF RUNNYMEDE O/F AND DS OF SPELTHORNE INTAKE,-0.4861,51.3945,Thames,THAMES - WEST THAMES,Multiple Values,OPEN,FRESHWATER - RIVERS,2021-06-24T11:58:00,ENVIRONMENTAL MONITORING STATUTORY (EU DIRECTIVES),RIVER / RUNNING SURFACE WATER,0180,"Orthophosphate, reactive as P",0.22,MILLIGRAM PER LITRE
https://environment.data.gov.uk/water-quality/sampling-point/TH-PRTS0056/sample/1359649/observation/7608,TH-PRTS0056,THAMES US OF RUNNYMEDE O/F AND DS OF SPELTHORNE INTAKE,-0.4861,51.3945,Thames,THAMES - WEST THAMES,Multiple Values,OPEN,FRESHWATER - RIVERS,2021-06-24T11:58:00,ENVIRONMENTAL MONITORING STATUTORY (EU DIRECTIVES),RIVER / RUNNING SURFACE WATER,7608,Salinity : In Situ,0.29,Parts per thousand
https://environment.data.gov.uk/water-quality/sampling-point/TH-PRTS0056/sample/1359649/observation/9274,TH-PRTS0056,THAMES US OF RUNNYMEDE O/F AND DS OF SPELTHORNE INTAKE,-0.4861,51.3945,Thames,THAMES - WEST THAMES,Multiple Values,OPEN,FRESHWATER - RIVERS,2021-06-24T11:58:00,ENVIRONMENTAL MONITORING STATUTORY (EU DIRECTIVES),RIVER / RUNNING SURFACE WATER,9274,Perfluorooctanoate anion,0.0042,MICROGRAM PER LITRE
https://environment.data.gov.uk/water-quality/sampling-point/TH-PRTS0056/sample/1359649/observation/9276,TH-PRTS0056,THAMES US OF RUNNYMEDE O/F AND DS OF SPELTHORNE INTAKE,-0.4861,51.3945,Thames,THAMES - WEST THAMES,Multiple Values,OPEN,FRESHWATER - RIVERS,2021-06-24T11:58:00,ENVIRONMENTAL MONITORING STATUTORY (EU DIRECTIVES),RIVER / RUNNING SURFACE WATER,9276,Perfluorooctylsulphonate anion,0.0066,MICROGRAM PER LITRE
https://environment.data.gov.uk/water-quality/sampling-point/TH-PRTS0056/sample/1359649/observation/9901,TH-PRTS0056,THAMES US OF RUNNYMEDE O/F AND DS OF SPELTHORNE INTAKE,-0.4861,51.3945,Thames,THAMES - WEST THAMES,Multiple Values,OPEN,FRESHWATER - RIVERS,2021-06-24T11:58:00,ENVIRONMENTAL MONITORING STATUTORY (EU DIRECTIVES),RIVER / RUNNING SURFACE WATER,9901,"Oxygen, Dissolved, % Saturation",94.8,PERCENTAGE
https://environment.data.gov.uk/water-quality/sampling-point/TH-PRTS0056/sample/1359649/observation/9924,TH-PRTS0056,THAMES US OF RUNNYMEDE O/F AND DS OF SPELTHORNE INTAKE,-0.4861,51.3945,Thames,THAMES - WEST THAMES,Multiple Values,OPEN,FRESHWATER - RIVERS,2021-06-24T11:58:00,ENVIRONMENTAL MONITORING STATUTORY (EU DIRECTIVES),RIVER / RUNNING SURFACE WATER,9924,"Oxygen, Dissolved as O2",9.16,MILLIGRAM PER LITRE
https://environment.data.gov.uk/water-quality/sampling-point/TH-PRTS0056/sample/1360359/observation/0061,TH-PRTS0056,THAMES US OF RUNNYMEDE O/F AND DS OF SPELTHORNE INTAKE,-0.4861,51.3945,Thames,THAMES - WEST THAMES,Multiple Values,OPEN,FRESHWATER - RIVERS,2021-07-20T12:52:00,ENVIRONMENTAL MONITORING STATUTORY (EU DIRECTIVES),RIVER / RUNNING SURFACE WATER,0061,pH,8.01,PH UNITS
https://environment.data.gov.uk/water-quality/sampling-point/TH-PRTS0056/sample/1360359/observation/0076,TH-PRTS0056,THAMES US OF RUNNYMEDE O/F AND DS OF SPELTHORNE INTAKE,-0.4861,51.3945,Thames,THAMES - WEST THAMES,Multiple Values,OPEN,FRESHWATER - RIVERS,2021-07-20T12:52:00,ENVIRONMENTAL MONITORING STATUTORY (EU DIRECTIVES),RIVER / RUNNING SURFACE WATER,0076,Temperature of Water,21.1,CELSIUS
https://environment.data.gov.uk/water-quality/sampling-point/TH-PRTS0056/sample/1360359/observation/0111,TH-PRTS0056,THAMES US OF RUNNYMEDE O/F AND DS OF SPELTHORNE INTAKE,-0.4861,51.3945,Thames,THAMES - WEST THAMES,Multiple Values,OPEN,FRESHWATER - RIVERS,2021-07-20T12:52:00,ENVIRONMENTAL MONITORING STATUTORY (EU DIRECTIVES),RIVER / RUNNING SURFACE WATER,0111,Ammoniacal Nitrogen as N,<0.03,MILLIGRAM PER LITRE
https://environment.data.gov.uk/water-quality/sampling-point/TH-PRTS0056/sample/1360359/observation/0119,TH-PRTS0056,THAMES US OF RUNNYMEDE O/F AND DS OF SPELTHORNE INTAKE,-0.4861,51.3945,Thames,THAMES - WEST THAMES,Multiple Values,OPEN,FRESHWATER - RIVERS,2021-07-20T12:52:00,ENVIRONMENTAL MONITORING STATUTORY (EU DIRECTIVES),RIVER / RUNNING SURFACE WATER,0119,Ammonia un-ionised as N,<0.00122,MILLIGRAM PER LITRE
https://environment.data.gov.uk/water-quality/sampling-point/TH-PRTS0056/sample/1360359/observation/0135,TH-PRTS0056,THAMES US OF RUNNYMEDE O/F AND DS OF SPELTHORNE INTAKE,-0.4861,51.3945,Thames,THAMES - WEST THAMES,Multiple Values,OPEN,FRESHWATER - RIVERS,2021-07-20T12:52:00,ENVIRONMENTAL MONITORING STATUTORY (EU DIRECTIVES),RIVER / RUNNING SURFACE WATER,0135,"Solids, Suspended at 105 C",4.9,MILLIGRAM PER LITRE
https://environment.data.gov.uk/water-quality/sampling-point/TH-PRTS0056/sample/1360359/observation/0180,TH-PRTS0056,THAMES US OF RUNNYMEDE O/F AND DS OF SPELTHORNE INTAKE,-0.4861,51.3945,Thames,THAMES - WEST THAMES,Multiple Values,OPEN,FRESHWATER - RIVERS,2021-07-20T12:52:00,ENVIRONMENTAL MONITORING STATUTORY (EU DIRECTIVES),RIVER / RUNNING SURFACE WATER,0180,"Orthophosphate, reactive as P",0.2,MILLIGRAM PER LITRE
https://environment.data.gov.uk/water-quality/sampling-point/TH-PRTS0056/sample/1360359/observation/2958,TH-PRTS0056,THAMES US OF RUNNYMEDE O/F AND DS OF SPELTHORNE INTAKE,-0.4861,51.3945,Thames,THAMES - WEST THAMES,Multiple Values,OPEN,FRESHWATER - RIVERS,2021-07-20T12:52:00,ENVIRONMENTAL MONITORING STATUTORY (EU DIRECTIVES),RIVER / RUNNING SURFACE WATER,2958,Perfluorooctanesulfonic acid (total),0.0088,MICROGRAM PER LITRE
https://environment.data.gov.uk/water-quality/sampling-point/TH-PRTS0056/sample/1360359/observation/2959,TH-PRTS0056,THAMES US OF RUNNYMEDE O/F AND DS OF SPELTHORNE INTAKE,-0.4861,51.3945,Thames,THAMES - WEST THAMES,Multiple Values,OPEN,FRESHWATER - RIVERS,2021-07-20T12:52:00,ENVIRONMENTAL MONITORING STATUTORY (EU DIRECTIVES),RIVER / RUNNING SURFACE WATER,2959,Perfluorooctanesulfonic acid (linear),0.0051,MICROGRAM PER LITRE
https://environment.data.gov.uk/water-quality/sampling-point/TH-PRTS0056/sample/1360359/observation/2960,TH-PRTS0056,THAMES US OF RUNNYMEDE O/F AND DS OF SPELTHORNE INTAKE,-0.4861,51.3945,Thames,THAMES - WEST THAMES,Multiple Values,OPEN,FRESHWATER - RIVERS,2021-07-20T12:52:00,ENVIRONMENTAL MONITORING STATUTORY (EU DIRECTIVES),RIVER / RUNNING SURFACE WATER,2960,Perfluorooctanesulfonic acid (branched),0.0037,MICROGRAM PER LITRE
https://environment.data.gov.uk/water-quality/sampling-point/TH-PRTS0056/sample/1360359/observation/7608,TH-PRTS0056,THAMES US OF RUNNYMEDE O/F AND DS OF SPELTHORNE INTAKE,-0.4861,51.3945,Thames,THAMES - WEST THAMES,Multiple Values,OPEN,FRESHWATER - RIVERS,2021-07-20T12:52:00,ENVIRONMENTAL MONITORING STATUTORY (EU DIRECTIVES),RIVER / RUNNING SURFACE WATER,7608,Salinity : In Situ,0.34,Parts per thousand
https://environment.data.gov.uk/water-quality/sampling-point/TH-PRTS0056/sample/1360359/observation/9274,TH-PRTS0056,THAMES US OF RUNNYMEDE O/F AND DS OF SPELTHORNE INTAKE,-0.4861,51.3945,Thames,THAMES - WEST THAMES,Multiple Values,OPEN,FRESHWATER - RIVERS,2021-07-20T12:52:00,ENVIRONMENTAL MONITORING STATUTORY (EU DIRECTIVES),RIVER / RUNNING SURFACE WATER,9274,Perfluorooctanoate anion,0.0048,MICROGRAM PER LITRE
https://environment.data.gov.uk/water-quality/sampling-point/TH-PRTS0056/sample/1360359/observation/9901,TH-PRTS0056,THAMES US OF RUNNYMEDE O/F AND DS OF SPELTHORNE INTAKE,-0.4861,51.3945,Thames,THAMES - WEST THAMES,Multiple Values,OPEN,FRESHWATER - RIVERS,2021-07-20T12:52:00,ENVIRONMENTAL MONITORING STATUTORY (EU DIRECTIVES),RIVER / RUNNING SURFACE WATER,9901,"Oxygen, Dissolved, % Saturation",86.2,PERCENTAGE
https://environment.data.gov.uk/water-quality/sampling-point/TH-PRTS0056/sample/1360359/observation/9924,TH-PRTS0056,THAMES US OF RUNNYMEDE O/F AND DS OF SPELTHORNE INTAKE,-0.4861,51.3945,Thames,THAMES - WEST THAMES,Multiple Values,OPEN,FRESHWATER - RIVERS,2021-07-20T12:52:00,ENVIRONMENTAL MONITORING STATUTORY (EU DIRECTIVES),RIVER / RUNNING SURFACE WATER,9924,"Oxygen, Dissolved as O2",7.64,MILLIGRAM PER LITRE
https://environment.data.gov.uk/water-quality/sampling-point/TH-PRTS0056/sample/1362273/observation/0061,TH-PRTS0056,THAMES US OF RUNNYMEDE O/F AND DS OF SPELTHORNE INTAKE,-0.4861,51.3945,Thames,THAMES - WEST THAMES,Multiple Values,OPEN,FRESHWATER - RIVERS,2021-08-26T12:45:00,ENVIRONMENTAL MONITORING STATUTORY (EU DIRECTIVES),RIVER / RUNNING SURFACE WATER,0061,pH,8.44,PH UNITS
https://environment.data.gov.uk/water-quality/sampling-point/TH-PRTS0056/sample/1362273/observation/0076,TH-PRTS0056,THAMES US OF RUNNYMEDE O/F AND DS OF SPELTHORNE INTAKE,-0.4861,51.3945,Thames,THAMES - WEST THAMES,Multiple Values,OPEN,FRESHWATER - RIVERS,2021-08-26T12:45:00,ENVIRONMENTAL MONITORING STATUTORY (EU DIRECTIVES),RIVER / RUNNING SURFACE WATER,0076,Temperature of Water,18.6,CELSIUS
https://environment.data.gov.uk/water-quality/sampling-point/TH-PRTS0056/sample/1362273/observation/0111,TH-PRTS0056,THAMES US OF RUNNYMEDE O/F AND DS OF SPELTHORNE INTAKE,-0.4861,51.3945,Thames,THAMES - WEST THAMES,Multiple Values,OPEN,FRESHWATER - RIVERS,2021-08-26T12:45:00,ENVIRONMENTAL MONITORING STATUTORY (EU DIRECTIVES),RIVER / RUNNING SURFACE WATER,0111,Ammoniacal Nitrogen as N,<0.03,MILLIGRAM PER LITRE
https://environment.data.gov.uk/water-quality/sampling-point/TH-PRTS0056/sample/1362273/observation/0119,TH-PRTS0056,THAMES US OF RUNNYMEDE O/F AND DS OF SPELTHORNE INTAKE,-0.4861,51.3945,Thames,THAMES - WEST THAMES,Multiple Values,OPEN,FRESHWATER - RIVERS,2021-08-26T12:45:00,ENVIRONMENTAL MONITORING STATUTORY (EU DIRECTIVES),RIVER / RUNNING SURFACE WATER,0119,Ammonia un-ionised as N,<0.00102,MILLIGRAM PER LITRE
https://environment.data.gov.uk/water-quality/sampling-point/TH-PRTS0056/sample/1362273/observation/0135,TH-PRTS0056,THAMES US OF RUNNYMEDE O/F AND DS OF SPELTHORNE INTAKE,-0.4861,51.3945,Thames,THAMES - WEST THAMES,Multiple Values,OPEN,FRESHWATER - RIVERS,2021-08-26T12:45:00,ENVIRONMENTAL MONITORING STATUTORY (EU DIRECTIVES),RIVER / RUNNING SURFACE WATER,0135,"Solids, Suspended at 105 C",7.8,MILLIGRAM PER LITRE
https://environment.data.gov.uk/water-quality/sampling-point/TH-PRTS0056/sample/1362273/observation/0180,TH-PRTS0056,THAMES US OF RUNNYMEDE O/F AND DS OF SPELTHORNE INTAKE,-0.4861,51.3945,Thames,THAMES - WEST THAMES,Multiple Values,OPEN,FRESHWATER - RIVERS,2021-08-26T12:45:00,ENVIRONMENTAL MONITORING STATUTORY (EU DIRECTIVES),RIVER / RUNNING SURFACE WATER,0180,"Orthophosphate, reactive as P",0.17,MILLIGRAM PER LITRE
https://environment.data.gov.uk/water-quality/sampling-point/TH-PRTS0056/sample/1362273/observation/2958,TH-PRTS0056,THAMES US OF RUNNYMEDE O/F AND DS OF SPELTHORNE INTAKE,-0.4861,51.3945,Thames,THAMES - WEST THAMES,Multiple Values,OPEN,FRESHWATER - RIVERS,2021-08-26T12:45:00,ENVIRONMENTAL MONITORING STATUTORY (EU DIRECTIVES),RIVER / RUNNING SURFACE WATER,2958,Perfluorooctanesulfonic acid (total),0.0084,MICROGRAM PER LITRE
https://environment.data.gov.uk/water-quality/sampling-point/TH-PRTS0056/sample/1362273/observation/2959,TH-PRTS0056,THAMES US OF RUNNYMEDE O/F AND DS OF SPELTHORNE INTAKE,-0.4861,51.3945,Thames,THAMES - WEST THAMES,Multiple Values,OPEN,FRESHWATER - RIVERS,2021-08-26T12:45:00,ENVIRONMENTAL MONITORING STATUTORY (EU DIRECTIVES),RIVER / RUNNING SURFACE WATER,2959,Perfluorooctanesulfonic acid (linear),0.0042,MICROGRAM PER LITRE
https://environment.data.gov.uk/water-quality/sampling-point/TH-PRTS0056/sample/1362273/observation/2960,TH-PRTS0056,THAMES US OF RUNNYMEDE O/F AND DS OF SPELTHORNE INTAKE,-0.4861,51.3945,Thames,THAMES - WEST THAMES,Multiple Values,OPEN,FRESHWATER - RIVERS,2021-08-26T12:45:00,ENVIRONMENTAL MONITORING STATUTORY (EU DIRECTIVES),RIVER / RUNNING SURFACE WATER,2960,Perfluorooctanesulfonic acid (branched),0.0042,MICROGRAM PER LITRE
https://environment.data.gov.uk/water-quality/sampling-point/TH-PRTS0056/sample/1362273/observation/7608,TH-PRTS0056,THAMES US OF RUNNYMEDE O/F AND DS OF SPELTHORNE INTAKE,-0.4861,51.3945,Thames,THAMES - WEST THAMES,Multiple Values,OPEN,FRESHWATER - RIVERS,2021-08-26T12:45:00,ENVIRONMENTAL MONITORING STATUTORY (EU DIRECTIVES),RIVER / RUNNING SURFACE WATER,7608,Salinity : In Situ,0.35,Parts per thousand
https://environment.data.gov.uk/water-quality/sampling-point/TH-PRTS0056/sample/1362273/observation/9274,TH-PRTS0056,THAMES US OF RUNNYMEDE O/F AND DS OF SPELTHORNE INTAKE,-0.4861,51.3945,Thames,THAMES - WEST THAMES,Multiple Values,OPEN,FRESHWATER - RIVERS,2021-08-26T12:45:00,ENVIRONMENTAL MONITORING STATUTORY (EU DIRECTIVES),RIVER / RUNNING SURFACE WATER,9274,Perfluorooctanoate anion,0.0038,MICROGRAM PER LITRE
https://environment.data.gov.uk/water-quality/sampling-point/TH-PRTS0056/sample/1362273/observation/9276,TH-PRTS0056,THAMES US OF RUNNYMEDE O/F AND DS OF SPELTHORNE INTAKE,-0.4861,51.3945,Thames,THAMES - WEST THAMES,Multiple Values,OPEN,FRESHWATER - RIVERS,2021-08-26T12:45:00,ENVIRONMENTAL MONITORING STATUTORY (EU DIRECTIVES),RIVER / RUNNING SURFACE WATER,9276,Perfluorooctylsulphonate anion,0.006,MICROGRAM PER LITRE
https://environment.data.gov.uk/water-quality/sampling-point/TH-PRTS0056/sample/1362273/observation/9901,TH-PRTS0056,THAMES US OF RUNNYMEDE O/F AND DS OF SPELTHORNE INTAKE,-0.4861,51.3945,Thames,THAMES - WEST THAMES,Multiple Values,OPEN,FRESHWATER - RIVERS,2021-08-26T12:45:00,ENVIRONMENTAL MONITORING STATUTORY (EU DIRECTIVES),RIVER / RUNNING SURFACE WATER,9901,"Oxygen, Dissolved, % Saturation",105.2,PERCENTAGE
https://environment.data.gov.uk/water-quality/sampling-point/TH-PRTS0056/sample/1362273/observation/9924,TH-PRTS0056,THAMES US OF RUNNYMEDE O/F AND DS OF SPELTHORNE INTAKE,-0.4861,51.3945,Thames,THAMES - WEST THAMES,Multiple Values,OPEN,FRESHWATER - RIVERS,2021-08-26T12:45:00,ENVIRONMENTAL MONITORING STATUTORY (EU DIRECTIVES),RIVER / RUNNING SURFACE WATER,9924,"Oxygen, Dissolved as O2",9.79,MILLIGRAM PER LITRE
https://environment.data.gov.uk/water-quality/sampling-point/TH-PRTS0056/sample/1366098/observation/0061,TH-PRTS0056,THAMES US OF RUNNYMEDE O/F AND DS OF SPELTHORNE INTAKE,-0.4861,51.3945,Thames,THAMES - WEST THAMES,Multiple Values,OPEN,FRESHWATER - RIVERS,2021-09-24T13:37:00,ENVIRONMENTAL MONITORING STATUTORY (EU DIRECTIVES),RIVER / RUNNING SURFACE WATER,0061,pH,8.01,PH UNITS
https://environment.data.gov.uk/water-quality/sampling-point/TH-PRTS0056/sample/1366098/observation/0076,TH-PRTS0056,THAMES US OF RUNNYMEDE O/F AND DS OF SPELTHORNE INTAKE,-0.4861,51.3945,Thames,THAMES - WEST THAMES,Multiple Values,OPEN,FRESHWATER - RIVERS,2021-09-24T13:37:00,ENVIRONMENTAL MONITORING STATUTORY (EU DIRECTIVES),RIVER / RUNNING SURFACE WATER,0076,Temperature of Water,17.3,CELSIUS
https://environment.data.gov.uk/water-quality/sampling-point/TH-PRTS0056/sample/1366098/observation/0111,TH-PRTS0056,THAMES US OF RUNNYMEDE O/F AND DS OF SPELTHORNE INTAKE,-0.4861,51.3945,Thames,THAMES - WEST THAMES,Multiple Values,OPEN,FRESHWATER - RIVERS,2021-09-24T13:37:00,ENVIRONMENTAL MONITORING STATUTORY (EU DIRECTIVES),RIVER / RUNNING SURFACE WATER,0111,Ammoniacal Nitrogen as N,<0.03,MILLIGRAM PER LITRE
https://environment.data.gov.uk/water-quality/sampling-point/TH-PRTS0056/sample/1366098/observation/0119,TH-PRTS0056,THAMES US OF RUNNYMEDE O/F AND DS OF SPELTHORNE INTAKE,-0.4861,51.3945,Thames,THAMES - WEST THAMES,Multiple Values,OPEN,FRESHWATER - RIVERS,2021-09-24T13:37:00,ENVIRONMENTAL MONITORING STATUTORY (EU DIRECTIVES),RIVER / RUNNING SURFACE WATER,0119,Ammonia un-ionised as N,<0.00093,MILLIGRAM PER LITRE
https://environment.data.gov.uk/water-quality/sampling-point/TH-PRTS0056/sample/1366098/observation/0135,TH-PRTS0056,THAMES US OF RUNNYMEDE O/F AND DS OF SPELTHORNE INTAKE,-0.4861,51.3945,Thames,THAMES - WEST THAMES,Multiple Values,OPEN,FRESHWATER - RIVERS,2021-09-24T13:37:00,ENVIRONMENTAL MONITORING STATUTORY (EU DIRECTIVES),RIVER / RUNNING SURFACE WATER,0135,"Solids, Suspended at 105 C",<3,MILLIGRAM PER LITRE
https://environment.data.gov.uk/water-quality/sampling-point/TH-PRTS0056/sample/1366098/observation/0180,TH-PRTS0056,THAMES US OF RUNNYMEDE O/F AND DS OF SPELTHORNE INTAKE,-0.4861,51.3945,Thames,THAMES - WEST THAMES,Multiple Values,OPEN,FRESHWATER - RIVERS,2021-09-24T13:37:00,ENVIRONMENTAL MONITORING STATUTORY (EU DIRECTIVES),RIVER / RUNNING SURFACE WATER,0180,"Orthophosphate, reactive as P",0.28,MILLIGRAM PER LITRE
https://environment.data.gov.uk/water-quality/sampling-point/TH-PRTS0056/sample/1366098/observation/2958,TH-PRTS0056,THAMES US OF RUNNYMEDE O/F AND DS OF SPELTHORNE INTAKE,-0.4861,51.3945,Thames,THAMES - WEST THAMES,Multiple Values,OPEN,FRESHWATER - RIVERS,2021-09-24T13:37:00,ENVIRONMENTAL MONITORING STATUTORY (EU DIRECTIVES),RIVER / RUNNING SURFACE WATER,2958,Perfluorooctanesulfonic acid (total),0.0066,MICROGRAM PER LITRE
https://environment.data.gov.uk/water-quality/sampling-point/TH-PRTS0056/sample/1366098/observation/2959,TH-PRTS0056,THAMES US OF RUNNYMEDE O/F AND DS OF SPELTHORNE INTAKE,-0.4861,51.3945,Thames,THAMES - WEST THAMES,Multiple Values,OPEN,FRESHWATER - RIVERS,2021-09-24T13:37:00,ENVIRONMENTAL MONITORING STATUTORY (EU DIRECTIVES),RIVER / RUNNING SURFACE WATER,2959,Perfluorooctanesulfonic acid (linear),0.0035,MICROGRAM PER LITRE
https://environment.data.gov.uk/water-quality/sampling-point/TH-PRTS0056/sample/1366098/observation/2960,TH-PRTS0056,THAMES US OF RUNNYMEDE O/F AND DS OF SPELTHORNE INTAKE,-0.4861,51.3945,Thames,THAMES - WEST THAMES,Multiple Values,OPEN,FRESHWATER - RIVERS,2021-09-24T13:37:00,ENVIRONMENTAL MONITORING STATUTORY (EU DIRECTIVES),RIVER / RUNNING SURFACE WATER,2960,Perfluorooctanesulfonic acid (branched),0.0031,MICROGRAM PER LITRE
https://environment.data.gov.uk/water-quality/sampling-point/TH-PRTS0056/sample/1366098/observation/7608,TH-PRTS0056,THAMES US OF RUNNYMEDE O/F AND DS OF SPELTHORNE INTAKE,-0.4861,51.3945,Thames,THAMES - WEST THAMES,Multiple Values,OPEN,FRESHWATER - RIVERS,2021-09-24T13:37:00,ENVIRONMENTAL MONITORING STATUTORY (EU DIRECTIVES),RIVER / RUNNING SURFACE WATER,7608,Salinity : In Situ,0.37,Parts per thousand
https://environment.data.gov.uk/water-quality/sampling-point/TH-PRTS0056/sample/1366098/observation/9274,TH-PRTS0056,THAMES US OF RUNNYMEDE O/F AND DS OF SPELTHORNE INTAKE,-0.4861,51.3945,Thames,THAMES - WEST THAMES,Multiple Values,OPEN,FRESHWATER - RIVERS,2021-09-24T13:37:00,ENVIRONMENTAL MONITORING STATUTORY (EU DIRECTIVES),RIVER / RUNNING SURFACE WATER,9274,Perfluorooctanoate anion,0.0033,MICROGRAM PER LITRE
https://environment.data.gov.uk/water-quality/sampling-point/TH-PRTS0056/sample/1366098/observation/9901,TH-PRTS0056,THAMES US OF RUNNYMEDE O/F AND DS OF SPELTHORNE INTAKE,-0.4861,51.3945,Thames,THAMES - WEST THAMES,Multiple Values,OPEN,FRESHWATER - RIVERS,2021-09-24T13:37:00,ENVIRONMENTAL MONITORING STATUTORY (EU DIRECTIVES),RIVER / RUNNING SURFACE WATER,9901,"Oxygen, Dissolved, % Saturation",95.5,PERCENTAGE
https://environment.data.gov.uk/water-quality/sampling-point/TH-PRTS0056/sample/1366098/observation/9924,TH-PRTS0056,THAMES US OF RUNNYMEDE O/F AND DS OF SPELTHORNE INTAKE,-0.4861,51.3945,Thames,THAMES - WEST THAMES,Multiple Values,OPEN,FRESHWATER - RIVERS,2021-09-24T13:37:00,ENVIRONMENTAL MONITORING STATUTORY (EU DIRECTIVES),RIVER / RUNNING SURFACE WATER,9924,"Oxygen, Dissolved as O2",9.13,MILLIGRAM PER LITRE
https://environment.data.gov.uk/water-quality/sampling-point/TH-PRTS0056/sample/1367980/observation/0061,TH-PRTS0056,THAMES US OF RUNNYMEDE O/F AND DS OF SPELTHORNE INTAKE,-0.4861,51.3945,Thames,THAMES - WEST THAMES,Multiple Values,OPEN,FRESHWATER - RIVERS,2021-10-26T13:04:00,ENVIRONMENTAL MONITORING STATUTORY (EU DIRECTIVES),RIVER / RUNNING SURFACE WATER,0061,pH,8.05,PH UNITS
https://environment.data.gov.uk/water-quality/sampling-point/TH-PRTS0056/sample/1367980/observation/0076,TH-PRTS0056,THAMES US OF RUNNYMEDE O/F AND DS OF SPELTHORNE INTAKE,-0.4861,51.3945,Thames,THAMES - WEST THAMES,Multiple Values,OPEN,FRESHWATER - RIVERS,2021-10-26T13:04:00,ENVIRONMENTAL MONITORING STATUTORY (EU DIRECTIVES),RIVER / RUNNING SURFACE WATER,0076,Temperature of Water,12.3,CELSIUS
https://environment.data.gov.uk/water-quality/sampling-point/TH-PRTS0056/sample/1367980/observation/0111,TH-PRTS0056,THAMES US OF RUNNYMEDE O/F AND DS OF SPELTHORNE INTAKE,-0.4861,51.3945,Thames,THAMES - WEST THAMES,Multiple Values,OPEN,FRESHWATER - RIVERS,2021-10-26T13:04:00,ENVIRONMENTAL MONITORING STATUTORY (EU DIRECTIVES),RIVER / RUNNING SURFACE WATER,0111,Ammoniacal Nitrogen as N,0.048,MILLIGRAM PER LITRE
https://environment.data.gov.uk/water-quality/sampling-point/TH-PRTS0056/sample/1367980/observation/0119,TH-PRTS0056,THAMES US OF RUNNYMEDE O/F AND DS OF SPELTHORNE INTAKE,-0.4861,51.3945,Thames,THAMES - WEST THAMES,Multiple Values,OPEN,FRESHWATER - RIVERS,2021-10-26T13:04:00,ENVIRONMENTAL MONITORING STATUTORY (EU DIRECTIVES),RIVER / RUNNING SURFACE WATER,0119,Ammonia un-ionised as N,0.00104,MILLIGRAM PER LITRE
https://environment.data.gov.uk/water-quality/sampling-point/TH-PRTS0056/sample/1367980/observation/0135,TH-PRTS0056,THAMES US OF RUNNYMEDE O/F AND DS OF SPELTHORNE INTAKE,-0.4861,51.3945,Thames,THAMES - WEST THAMES,Multiple Values,OPEN,FRESHWATER - RIVERS,2021-10-26T13:04:00,ENVIRONMENTAL MONITORING STATUTORY (EU DIRECTIVES),RIVER / RUNNING SURFACE WATER,0135,"Solids, Suspended at 105 C",9.4,MILLIGRAM PER LITRE
https://environment.data.gov.uk/water-quality/sampling-point/TH-PRTS0056/sample/1367980/observation/0180,TH-PRTS0056,THAMES US OF RUNNYMEDE O/F AND DS OF SPELTHORNE INTAKE,-0.4861,51.3945,Thames,THAMES - WEST THAMES,Multiple Values,OPEN,FRESHWATER - RIVERS,2021-10-26T13:04:00,ENVIRONMENTAL MONITORING STATUTORY (EU DIRECTIVES),RIVER / RUNNING SURFACE WATER,0180,"Orthophosphate, reactive as P",0.22,MILLIGRAM PER LITRE
https://environment.data.gov.uk/water-quality/sampling-point/TH-PRTS0056/sample/1367980/observation/2958,TH-PRTS0056,THAMES US OF RUNNYMEDE O/F AND DS OF SPELTHORNE INTAKE,-0.4861,51.3945,Thames,THAMES - WEST THAMES,Multiple Values,OPEN,FRESHWATER - RIVERS,2021-10-26T13:04:00,ENVIRONMENTAL MONITORING STATUTORY (EU DIRECTIVES),RIVER / RUNNING SURFACE WATER,2958,Perfluorooctanesulfonic acid (total),0.0066,MICROGRAM PER LITRE
https://environment.data.gov.uk/water-quality/sampling-point/TH-PRTS0056/sample/1367980/observation/2959,TH-PRTS0056,THAMES US OF RUNNYMEDE O/F AND DS OF SPELTHORNE INTAKE,-0.4861,51.3945,Thames,THAMES - WEST THAMES,Multiple Values,OPEN,FRESHWATER - RIVERS,2021-10-26T13:04:00,ENVIRONMENTAL MONITORING STATUTORY (EU DIRECTIVES),RIVER / RUNNING SURFACE WATER,2959,Perfluorooctanesulfonic acid (linear),0.0037,MICROGRAM PER LITRE
https://environment.data.gov.uk/water-quality/sampling-point/TH-PRTS0056/sample/1367980/observation/2960,TH-PRTS0056,THAMES US OF RUNNYMEDE O/F AND DS OF SPELTHORNE INTAKE,-0.4861,51.3945,Thames,THAMES - WEST THAMES,Multiple Values,OPEN,FRESHWATER - RIVERS,2021-10-26T13:04:00,ENVIRONMENTAL MONITORING STATUTORY (EU DIRECTIVES),RIVER / RUNNING SURFACE WATER,2960,Perfluorooctanesulfonic acid (branched),0.0029,MICROGRAM PER LITRE
https://environment.data.gov.uk/water-quality/sampling-point/TH-PRTS0056/sample/1367980/observation/7608,TH-PRTS0056,THAMES US OF RUNNYMEDE O/F AND DS OF SPELTHORNE INTAKE,-0.4861,51.3945,Thames,THAMES - WEST THAMES,Multiple Values,OPEN,FRESHWATER - RIVERS,2021-10-26T13:04:00,ENVIRONMENTAL MONITORING STATUTORY (EU DIRECTIVES),RIVER / RUNNING SURFACE WATER,7608,Salinity : In Situ,0.31,Parts per thousand
https://environment.data.gov.uk/water-quality/sampling-point/TH-PRTS0056/sample/1367980/observation/9274,TH-PRTS0056,THAMES US OF RUNNYMEDE O/F AND DS OF SPELTHORNE INTAKE,-0.4861,51.3945,Thames,THAMES - WEST THAMES,Multiple Values,OPEN,FRESHWATER - RIVERS,2021-10-26T13:04:00,ENVIRONMENTAL MONITORING STATUTORY (EU DIRECTIVES),RIVER / RUNNING SURFACE WATER,9274,Perfluorooctanoate anion,0.0041,MICROGRAM PER LITRE
https://environment.data.gov.uk/water-quality/sampling-point/TH-PRTS0056/sample/1367980/observation/9901,TH-PRTS0056,THAMES US OF RUNNYMEDE O/F AND DS OF SPELTHORNE INTAKE,-0.4861,51.3945,Thames,THAMES - WEST THAMES,Multiple Values,OPEN,FRESHWATER - RIVERS,2021-10-26T13:04:00,ENVIRONMENTAL MONITORING STATUTORY (EU DIRECTIVES),RIVER / RUNNING SURFACE WATER,9901,"Oxygen, Dissolved, % Saturation",92.8,PERCENTAGE
https://environment.data.gov.uk/water-quality/sampling-point/TH-PRTS0056/sample/1367980/observation/9924,TH-PRTS0056,THAMES US OF RUNNYMEDE O/F AND DS OF SPELTHORNE INTAKE,-0.4861,51.3945,Thames,THAMES - WEST THAMES,Multiple Values,OPEN,FRESHWATER - RIVERS,2021-10-26T13:04:00,ENVIRONMENTAL MONITORING STATUTORY (EU DIRECTIVES),RIVER / RUNNING SURFACE WATER,9924,"Oxygen, Dissolved as O2",9.89,MILLIGRAM PER LITRE
https://environment.data.gov.uk/water-quality/sampling-point/TH-PRTS0056/sample/1368981/observation/0061,TH-PRTS0056,THAMES US OF RUNNYMEDE O/F AND DS OF SPELTHORNE INTAKE,-0.4861,51.3945,Thames,THAMES - WEST THAMES,Multiple Values,OPEN,FRESHWATER - RIVERS,2021-11-23T13:39:00,ENVIRONMENTAL MONITORING STATUTORY (EU DIRECTIVES),RIVER / RUNNING SURFACE WATER,0061,pH,8.2,PH UNITS
https://environment.data.gov.uk/water-quality/sampling-point/TH-PRTS0056/sample/1368981/observation/0076,TH-PRTS0056,THAMES US OF RUNNYMEDE O/F AND DS OF SPELTHORNE INTAKE,-0.4861,51.3945,Thames,THAMES - WEST THAMES,Multiple Values,OPEN,FRESHWATER - RIVERS,2021-11-23T13:39:00,ENVIRONMENTAL MONITORING STATUTORY (EU DIRECTIVES),RIVER / RUNNING SURFACE WATER,0076,Temperature of Water,9,CELSIUS
https://environment.data.gov.uk/water-quality/sampling-point/TH-PRTS0056/sample/1368981/observation/0111,TH-PRTS0056,THAMES US OF RUNNYMEDE O/F AND DS OF SPELTHORNE INTAKE,-0.4861,51.3945,Thames,THAMES - WEST THAMES,Multiple Values,OPEN,FRESHWATER - RIVERS,2021-11-23T13:39:00,ENVIRONMENTAL MONITORING STATUTORY (EU DIRECTIVES),RIVER / RUNNING SURFACE WATER,0111,Ammoniacal Nitrogen as N,0.067,MILLIGRAM PER LITRE
https://environment.data.gov.uk/water-quality/sampling-point/TH-PRTS0056/sample/1368981/observation/0119,TH-PRTS0056,THAMES US OF RUNNYMEDE O/F AND DS OF SPELTHORNE INTAKE,-0.4861,51.3945,Thames,THAMES - WEST THAMES,Multiple Values,OPEN,FRESHWATER - RIVERS,2021-11-23T13:39:00,ENVIRONMENTAL MONITORING STATUTORY (EU DIRECTIVES),RIVER / RUNNING SURFACE WATER,0119,Ammonia un-ionised as N,0.00114,MILLIGRAM PER LITRE
https://environment.data.gov.uk/water-quality/sampling-point/TH-PRTS0056/sample/1368981/observation/0135,TH-PRTS0056,THAMES US OF RUNNYMEDE O/F AND DS OF SPELTHORNE INTAKE,-0.4861,51.3945,Thames,THAMES - WEST THAMES,Multiple Values,OPEN,FRESHWATER - RIVERS,2021-11-23T13:39:00,ENVIRONMENTAL MONITORING STATUTORY (EU DIRECTIVES),RIVER / RUNNING SURFACE WATER,0135,"Solids, Suspended at 105 C",7,MILLIGRAM PER LITRE
https://environment.data.gov.uk/water-quality/sampling-point/TH-PRTS0056/sample/1368981/observation/0180,TH-PRTS0056,THAMES US OF RUNNYMEDE O/F AND DS OF SPELTHORNE INTAKE,-0.4861,51.3945,Thames,THAMES - WEST THAMES,Multiple Values,OPEN,FRESHWATER - RIVERS,2021-11-23T13:39:00,ENVIRONMENTAL MONITORING STATUTORY (EU DIRECTIVES),RIVER / RUNNING SURFACE WATER,0180,"Orthophosphate, reactive as P",0.21,MILLIGRAM PER LITRE
https://environment.data.gov.uk/water-quality/sampling-point/TH-PRTS0056/sample/1368981/observation/2958,TH-PRTS0056,THAMES US OF RUNNYMEDE O/F AND DS OF SPELTHORNE INTAKE,-0.4861,51.3945,Thames,THAMES - WEST THAMES,Multiple Values,OPEN,FRESHWATER - RIVERS,2021-11-23T13:39:00,ENVIRONMENTAL MONITORING STATUTORY (EU DIRECTIVES),RIVER / RUNNING SURFACE WATER,2958,Perfluorooctanesulfonic acid (total),0.0085,MICROGRAM PER LITRE
https://environment.data.gov.uk/water-quality/sampling-point/TH-PRTS0056/sample/1368981/observation/2959,TH-PRTS0056,THAMES US OF RUNNYMEDE O/F AND DS OF SPELTHORNE INTAKE,-0.4861,51.3945,Thames,THAMES - WEST THAMES,Multiple Values,OPEN,FRESHWATER - RIVERS,2021-11-23T13:39:00,ENVIRONMENTAL MONITORING STATUTORY (EU DIRECTIVES),RIVER / RUNNING SURFACE WATER,2959,Perfluorooctanesulfonic acid (linear),0.004,MICROGRAM PER LITRE
https://environment.data.gov.uk/water-quality/sampling-point/TH-PRTS0056/sample/1368981/observation/2960,TH-PRTS0056,THAMES US OF RUNNYMEDE O/F AND DS OF SPELTHORNE INTAKE,-0.4861,51.3945,Thames,THAMES - WEST THAMES,Multiple Values,OPEN,FRESHWATER - RIVERS,2021-11-23T13:39:00,ENVIRONMENTAL MONITORING STATUTORY (EU DIRECTIVES),RIVER / RUNNING SURFACE WATER,2960,Perfluorooctanesulfonic acid (branched),0.0045,MICROGRAM PER LITRE
https://environment.data.gov.uk/water-quality/sampling-point/TH-PRTS0056/sample/1368981/observation/7608,TH-PRTS0056,THAMES US OF RUNNYMEDE O/F AND DS OF SPELTHORNE INTAKE,-0.4861,51.3945,Thames,THAMES - WEST THAMES,Multiple Values,OPEN,FRESHWATER - RIVERS,2021-11-23T13:39:00,ENVIRONMENTAL MONITORING STATUTORY (EU DIRECTIVES),RIVER / RUNNING SURFACE WATER,7608,Salinity : In Situ,0.32,Parts per thousand
https://environment.data.gov.uk/water-quality/sampling-point/TH-PRTS0056/sample/1368981/observation/9274,TH-PRTS0056,THAMES US OF RUNNYMEDE O/F AND DS OF SPELTHORNE INTAKE,-0.4861,51.3945,Thames,THAMES - WEST THAMES,Multiple Values,OPEN,FRESHWATER - RIVERS,2021-11-23T13:39:00,ENVIRONMENTAL MONITORING STATUTORY (EU DIRECTIVES),RIVER / RUNNING SURFACE WATER,9274,Perfluorooctanoate anion,0.0027,MICROGRAM PER LITRE
https://environment.data.gov.uk/water-quality/sampling-point/TH-PRTS0056/sample/1368981/observation/9901,TH-PRTS0056,THAMES US OF RUNNYMEDE O/F AND DS OF SPELTHORNE INTAKE,-0.4861,51.3945,Thames,THAMES - WEST THAMES,Multiple Values,OPEN,FRESHWATER - RIVERS,2021-11-23T13:39:00,ENVIRONMENTAL MONITORING STATUTORY (EU DIRECTIVES),RIVER / RUNNING SURFACE WATER,9901,"Oxygen, Dissolved, % Saturation",97.6,PERCENTAGE
https://environment.data.gov.uk/water-quality/sampling-point/TH-PRTS0056/sample/1368981/observation/9924,TH-PRTS0056,THAMES US OF RUNNYMEDE O/F AND DS OF SPELTHORNE INTAKE,-0.4861,51.3945,Thames,THAMES - WEST THAMES,Multiple Values,OPEN,FRESHWATER - RIVERS,2021-11-23T13:39:00,ENVIRONMENTAL MONITORING STATUTORY (EU DIRECTIVES),RIVER / RUNNING SURFACE WATER,9924,"Oxygen, Dissolved as O2",11.2,MILLIGRAM PER LITRE
https://environment.data.gov.uk/water-quality/sampling-point/TH-PRTS0056/sample/1369636/observation/0061,TH-PRTS0056,THAMES US OF RUNNYMEDE O/F AND DS OF SPELTHORNE INTAKE,-0.4861,51.3945,Thames,THAMES - WEST THAMES,Multiple Values,OPEN,FRESHWATER - RIVERS,2021-12-14T13:02:00,ENVIRONMENTAL MONITORING STATUTORY (EU DIRECTIVES),RIVER / RUNNING SURFACE WATER,0061,pH,8.18,PH UNITS
https://environment.data.gov.uk/water-quality/sampling-point/TH-PRTS0056/sample/1369636/observation/0076,TH-PRTS0056,THAMES US OF RUNNYMEDE O/F AND DS OF SPELTHORNE INTAKE,-0.4861,51.3945,Thames,THAMES - WEST THAMES,Multiple Values,OPEN,FRESHWATER - RIVERS,2021-12-14T13:02:00,ENVIRONMENTAL MONITORING STATUTORY (EU DIRECTIVES),RIVER / RUNNING SURFACE WATER,0076,Temperature of Water,7.8,CELSIUS
https://environment.data.gov.uk/water-quality/sampling-point/TH-PRTS0056/sample/1369636/observation/0111,TH-PRTS0056,THAMES US OF RUNNYMEDE O/F AND DS OF SPELTHORNE INTAKE,-0.4861,51.3945,Thames,THAMES - WEST THAMES,Multiple Values,OPEN,FRESHWATER - RIVERS,2021-12-14T13:02:00,ENVIRONMENTAL MONITORING STATUTORY (EU DIRECTIVES),RIVER / RUNNING SURFACE WATER,0111,Ammoniacal Nitrogen as N,<0.03,MILLIGRAM PER LITRE
https://environment.data.gov.uk/water-quality/sampling-point/TH-PRTS0056/sample/1369636/observation/0119,TH-PRTS0056,THAMES US OF RUNNYMEDE O/F AND DS OF SPELTHORNE INTAKE,-0.4861,51.3945,Thames,THAMES - WEST THAMES,Multiple Values,OPEN,FRESHWATER - RIVERS,2021-12-14T13:02:00,ENVIRONMENTAL MONITORING STATUTORY (EU DIRECTIVES),RIVER / RUNNING SURFACE WATER,0119,Ammonia un-ionised as N,<0.00047,MILLIGRAM PER LITRE
https://environment.data.gov.uk/water-quality/sampling-point/TH-PRTS0056/sample/1369636/observation/0135,TH-PRTS0056,THAMES US OF RUNNYMEDE O/F AND DS OF SPELTHORNE INTAKE,-0.4861,51.3945,Thames,THAMES - WEST THAMES,Multiple Values,OPEN,FRESHWATER - RIVERS,2021-12-14T13:02:00,ENVIRONMENTAL MONITORING STATUTORY (EU DIRECTIVES),RIVER / RUNNING SURFACE WATER,0135,"Solids, Suspended at 105 C",16,MILLIGRAM PER LITRE
https://environment.data.gov.uk/water-quality/sampling-point/TH-PRTS0056/sample/1369636/observation/0180,TH-PRTS0056,THAMES US OF RUNNYMEDE O/F AND DS OF SPELTHORNE INTAKE,-0.4861,51.3945,Thames,THAMES - WEST THAMES,Multiple Values,OPEN,FRESHWATER - RIVERS,2021-12-14T13:02:00,ENVIRONMENTAL MONITORING STATUTORY (EU DIRECTIVES),RIVER / RUNNING SURFACE WATER,0180,"Orthophosphate, reactive as P",0.046,MILLIGRAM PER LITRE
https://environment.data.gov.uk/water-quality/sampling-point/TH-PRTS0056/sample/1369636/observation/2958,TH-PRTS0056,THAMES US OF RUNNYMEDE O/F AND DS OF SPELTHORNE INTAKE,-0.4861,51.3945,Thames,THAMES - WEST THAMES,Multiple Values,OPEN,FRESHWATER - RIVERS,2021-12-14T13:02:00,ENVIRONMENTAL MONITORING STATUTORY (EU DIRECTIVES),RIVER / RUNNING SURFACE WATER,2958,Perfluorooctanesulfonic acid (total),0.0063,MICROGRAM PER LITRE
https://environment.data.gov.uk/water-quality/sampling-point/TH-PRTS0056/sample/1369636/observation/2959,TH-PRTS0056,THAMES US OF RUNNYMEDE O/F AND DS OF SPELTHORNE INTAKE,-0.4861,51.3945,Thames,THAMES - WEST THAMES,Multiple Values,OPEN,FRESHWATER - RIVERS,2021-12-14T13:02:00,ENVIRONMENTAL MONITORING STATUTORY (EU DIRECTIVES),RIVER / RUNNING SURFACE WATER,2959,Perfluorooctanesulfonic acid (linear),0.0036,MICROGRAM PER LITRE
https://environment.data.gov.uk/water-quality/sampling-point/TH-PRTS0056/sample/1369636/observation/2960,TH-PRTS0056,THAMES US OF RUNNYMEDE O/F AND DS OF SPELTHORNE INTAKE,-0.4861,51.3945,Thames,THAMES - WEST THAMES,Multiple Values,OPEN,FRESHWATER - RIVERS,2021-12-14T13:02:00,ENVIRONMENTAL MONITORING STATUTORY (EU DIRECTIVES),RIVER / RUNNING SURFACE WATER,2960,Perfluorooctanesulfonic acid (branched),0.0027,MICROGRAM PER LITRE
https://environment.data.gov.uk/water-quality/sampling-point/TH-PRTS0056/sample/1369636/observation/7608,TH-PRTS0056,THAMES US OF RUNNYMEDE O/F AND DS OF SPELTHORNE INTAKE,-0.4861,51.3945,Thames,THAMES - WEST THAMES,Multiple Values,OPEN,FRESHWATER - RIVERS,2021-12-14T13:02:00,ENVIRONMENTAL MONITORING STATUTORY (EU DIRECTIVES),RIVER / RUNNING SURFACE WATER,7608,Salinity : In Situ,0.36,Parts per thousand
https://environment.data.gov.uk/water-quality/sampling-point/TH-PRTS0056/sample/1369636/observation/9274,TH-PRTS0056,THAMES US OF RUNNYMEDE O/F AND DS OF SPELTHORNE INTAKE,-0.4861,51.3945,Thames,THAMES - WEST THAMES,Multiple Values,OPEN,FRESHWATER - RIVERS,2021-12-14T13:02:00,ENVIRONMENTAL MONITORING STATUTORY (EU DIRECTIVES),RIVER / RUNNING SURFACE WATER,9274,Perfluorooctanoate anion,0.0024,MICROGRAM PER LITRE
https://environment.data.gov.uk/water-quality/sampling-point/TH-PRTS0056/sample/1369636/observation/9901,TH-PRTS0056,THAMES US OF RUNNYMEDE O/F AND DS OF SPELTHORNE INTAKE,-0.4861,51.3945,Thames,THAMES - WEST THAMES,Multiple Values,OPEN,FRESHWATER - RIVERS,2021-12-14T13:02:00,ENVIRONMENTAL MONITORING STATUTORY (EU DIRECTIVES),RIVER / RUNNING SURFACE WATER,9901,"Oxygen, Dissolved, % Saturation",102.2,PERCENTAGE
https://environment.data.gov.uk/water-quality/sampling-point/TH-PRTS0056/sample/1369636/observation/9924,TH-PRTS0056,THAMES US OF RUNNYMEDE O/F AND DS OF SPELTHORNE INTAKE,-0.4861,51.3945,Thames,THAMES - WEST THAMES,Multiple Values,OPEN,FRESHWATER - RIVERS,2021-12-14T13:02:00,ENVIRONMENTAL MONITORING STATUTORY (EU DIRECTIVES),RIVER / RUNNING SURFACE WATER,9924,"Oxygen, Dissolved as O2",12.1,MILLIGRAM PER LITRE
https://environment.data.gov.uk/water-quality/sampling-point/TH-PRTS0057/sample/1341873/observation/0061,TH-PRTS0057,R. THAMES UPSTREAM OF SPELTHORNE CHANNEL INTAKE,-0.4857,51.3897,Thames,THAMES - WEST THAMES,Multiple Values,OPEN,FRESHWATER - RIVERS,2021-01-28T10:48:00,PLANNED INVESTIGATION (NATIONAL AGENCY POLICY),RIVER / RUNNING SURFACE WATER,0061,pH,8.15,PH UNITS
https://environment.data.gov.uk/water-quality/sampling-point/TH-PRTS0057/sample/1341873/observation/0076,TH-PRTS0057,R. THAMES UPSTREAM OF SPELTHORNE CHANNEL INTAKE,-0.4857,51.3897,Thames,THAMES - WEST THAMES,Multiple Values,OPEN,FRESHWATER - RIVERS,2021-01-28T10:48:00,PLANNED INVESTIGATION (NATIONAL AGENCY POLICY),RIVER / RUNNING SURFACE WATER,0076,Temperature of Water,4.9,CELSIUS
https://environment.data.gov.uk/water-quality/sampling-point/TH-PRTS0057/sample/1341873/observation/7608,TH-PRTS0057,R. THAMES UPSTREAM OF SPELTHORNE CHANNEL INTAKE,-0.4857,51.3897,Thames,THAMES - WEST THAMES,Multiple Values,OPEN,FRESHWATER - RIVERS,2021-01-28T10:48:00,PLANNED INVESTIGATION (NATIONAL AGENCY POLICY),RIVER / RUNNING SURFACE WATER,7608,Salinity : In Situ,0.3,Parts per thousand
https://environment.data.gov.uk/water-quality/sampling-point/TH-PRTS0057/sample/1341873/observation/9901,TH-PRTS0057,R. THAMES UPSTREAM OF SPELTHORNE CHANNEL INTAKE,-0.4857,51.3897,Thames,THAMES - WEST THAMES,Multiple Values,OPEN,FRESHWATER - RIVERS,2021-01-28T10:48:00,PLANNED INVESTIGATION (NATIONAL AGENCY POLICY),RIVER / RUNNING SURFACE WATER,9901,"Oxygen, Dissolved, % Saturation",100.8,PERCENTAGE
https://environment.data.gov.uk/water-quality/sampling-point/TH-PRTS0057/sample/1341873/observation/9924,TH-PRTS0057,R. THAMES UPSTREAM OF SPELTHORNE CHANNEL INTAKE,-0.4857,51.3897,Thames,THAMES - WEST THAMES,Multiple Values,OPEN,FRESHWATER - RIVERS,2021-01-28T10:48:00,PLANNED INVESTIGATION (NATIONAL AGENCY POLICY),RIVER / RUNNING SURFACE WATER,9924,"Oxygen, Dissolved as O2",12.9,MILLIGRAM PER LITRE
https://environment.data.gov.uk/water-quality/sampling-point/TH-PRTS0057/sample/1342443/observation/0061,TH-PRTS0057,R. THAMES UPSTREAM OF SPELTHORNE CHANNEL INTAKE,-0.4857,51.3897,Thames,THAMES - WEST THAMES,Multiple Values,OPEN,FRESHWATER - RIVERS,2021-02-23T13:35:00,PLANNED INVESTIGATION (NATIONAL AGENCY POLICY),RIVER / RUNNING SURFACE WATER,0061,pH,8.11,PH UNITS
https://environment.data.gov.uk/water-quality/sampling-point/TH-PRTS0057/sample/1342443/observation/0076,TH-PRTS0057,R. THAMES UPSTREAM OF SPELTHORNE CHANNEL INTAKE,-0.4857,51.3897,Thames,THAMES - WEST THAMES,Multiple Values,OPEN,FRESHWATER - RIVERS,2021-02-23T13:35:00,PLANNED INVESTIGATION (NATIONAL AGENCY POLICY),RIVER / RUNNING SURFACE WATER,0076,Temperature of Water,9.1,CELSIUS
https://environment.data.gov.uk/water-quality/sampling-point/TH-PRTS0057/sample/1342443/observation/7608,TH-PRTS0057,R. THAMES UPSTREAM OF SPELTHORNE CHANNEL INTAKE,-0.4857,51.3897,Thames,THAMES - WEST THAMES,Multiple Values,OPEN,FRESHWATER - RIVERS,2021-02-23T13:35:00,PLANNED INVESTIGATION (NATIONAL AGENCY POLICY),RIVER / RUNNING SURFACE WATER,7608,Salinity : In Situ,0.31,Parts per thousand
https://environment.data.gov.uk/water-quality/sampling-point/TH-PRTS0057/sample/1342443/observation/9901,TH-PRTS0057,R. THAMES UPSTREAM OF SPELTHORNE CHANNEL INTAKE,-0.4857,51.3897,Thames,THAMES - WEST THAMES,Multiple Values,OPEN,FRESHWATER - RIVERS,2021-02-23T13:35:00,PLANNED INVESTIGATION (NATIONAL AGENCY POLICY),RIVER / RUNNING SURFACE WATER,9901,"Oxygen, Dissolved, % Saturation",101.1,PERCENTAGE
https://environment.data.gov.uk/water-quality/sampling-point/TH-PRTS0057/sample/1342443/observation/9924,TH-PRTS0057,R. THAMES UPSTREAM OF SPELTHORNE CHANNEL INTAKE,-0.4857,51.3897,Thames,THAMES - WEST THAMES,Multiple Values,OPEN,FRESHWATER - RIVERS,2021-02-23T13:35:00,PLANNED INVESTIGATION (NATIONAL AGENCY POLICY),RIVER / RUNNING SURFACE WATER,9924,"Oxygen, Dissolved as O2",11.6,MILLIGRAM PER LITRE
https://environment.data.gov.uk/water-quality/sampling-point/TH-PRTS0057/sample/1345431/observation/0061,TH-PRTS0057,R. THAMES UPSTREAM OF SPELTHORNE CHANNEL INTAKE,-0.4857,51.3897,Thames,THAMES - WEST THAMES,Multiple Values,OPEN,FRESHWATER - RIVERS,2021-03-23T10:59:00,PLANNED INVESTIGATION (NATIONAL AGENCY POLICY),RIVER / RUNNING SURFACE WATER,0061,pH,8.18,PH UNITS
https://environment.data.gov.uk/water-quality/sampling-point/TH-PRTS0057/sample/1345431/observation/0076,TH-PRTS0057,R. THAMES UPSTREAM OF SPELTHORNE CHANNEL INTAKE,-0.4857,51.3897,Thames,THAMES - WEST THAMES,Multiple Values,OPEN,FRESHWATER - RIVERS,2021-03-23T10:59:00,PLANNED INVESTIGATION (NATIONAL AGENCY POLICY),RIVER / RUNNING SURFACE WATER,0076,Temperature of Water,10.2,CELSIUS
https://environment.data.gov.uk/water-quality/sampling-point/TH-PRTS0057/sample/1345431/observation/7608,TH-PRTS0057,R. THAMES UPSTREAM OF SPELTHORNE CHANNEL INTAKE,-0.4857,51.3897,Thames,THAMES - WEST THAMES,Multiple Values,OPEN,FRESHWATER - RIVERS,2021-03-23T10:59:00,PLANNED INVESTIGATION (NATIONAL AGENCY POLICY),RIVER / RUNNING SURFACE WATER,7608,Salinity : In Situ,0.33,Parts per thousand
https://environment.data.gov.uk/water-quality/sampling-point/TH-PRTS0057/sample/1345431/observation/9901,TH-PRTS0057,R. THAMES UPSTREAM OF SPELTHORNE CHANNEL INTAKE,-0.4857,51.3897,Thames,THAMES - WEST THAMES,Multiple Values,OPEN,FRESHWATER - RIVERS,2021-03-23T10:59:00,PLANNED INVESTIGATION (NATIONAL AGENCY POLICY),RIVER / RUNNING SURFACE WATER,9901,"Oxygen, Dissolved, % Saturation",103,PERCENTAGE
https://environment.data.gov.uk/water-quality/sampling-point/TH-PRTS0057/sample/1345431/observation/9924,TH-PRTS0057,R. THAMES UPSTREAM OF SPELTHORNE CHANNEL INTAKE,-0.4857,51.3897,Thames,THAMES - WEST THAMES,Multiple Values,OPEN,FRESHWATER - RIVERS,2021-03-23T10:59:00,PLANNED INVESTIGATION (NATIONAL AGENCY POLICY),RIVER / RUNNING SURFACE WATER,9924,"Oxygen, Dissolved as O2",11.5,MILLIGRAM PER LITRE
https://environment.data.gov.uk/water-quality/sampling-point/TH-PRTS0057/sample/1349189/observation/0061,TH-PRTS0057,R. THAMES UPSTREAM OF SPELTHORNE CHANNEL INTAKE,-0.4857,51.3897,Thames,THAMES - WEST THAMES,Multiple Values,OPEN,FRESHWATER - RIVERS,2021-04-29T12:27:00,PLANNED INVESTIGATION (NATIONAL AGENCY POLICY),RIVER / RUNNING SURFACE WATER,0061,pH,8.47,PH UNITS
https://environment.data.gov.uk/water-quality/sampling-point/TH-PRTS0057/sample/1349189/observation/0076,TH-PRTS0057,R. THAMES UPSTREAM OF SPELTHORNE CHANNEL INTAKE,-0.4857,51.3897,Thames,THAMES - WEST THAMES,Multiple Values,OPEN,FRESHWATER - RIVERS,2021-04-29T12:27:00,PLANNED INVESTIGATION (NATIONAL AGENCY POLICY),RIVER / RUNNING SURFACE WATER,0076,Temperature of Water,11.7,CELSIUS
https://environment.data.gov.uk/water-quality/sampling-point/TH-PRTS0057/sample/1349189/observation/7608,TH-PRTS0057,R. THAMES UPSTREAM OF SPELTHORNE CHANNEL INTAKE,-0.4857,51.3897,Thames,THAMES - WEST THAMES,Multiple Values,OPEN,FRESHWATER - RIVERS,2021-04-29T12:27:00,PLANNED INVESTIGATION (NATIONAL AGENCY POLICY),RIVER / RUNNING SURFACE WATER,7608,Salinity : In Situ,0.31,Parts per thousand
https://environment.data.gov.uk/water-quality/sampling-point/TH-PRTS0057/sample/1349189/observation/9901,TH-PRTS0057,R. THAMES UPSTREAM OF SPELTHORNE CHANNEL INTAKE,-0.4857,51.3897,Thames,THAMES - WEST THAMES,Multiple Values,OPEN,FRESHWATER - RIVERS,2021-04-29T12:27:00,PLANNED INVESTIGATION (NATIONAL AGENCY POLICY),RIVER / RUNNING SURFACE WATER,9901,"Oxygen, Dissolved, % Saturation",100.3,PERCENTAGE
https://environment.data.gov.uk/water-quality/sampling-point/TH-PRTS0057/sample/1349189/observation/9924,TH-PRTS0057,R. THAMES UPSTREAM OF SPELTHORNE CHANNEL INTAKE,-0.4857,51.3897,Thames,THAMES - WEST THAMES,Multiple Values,OPEN,FRESHWATER - RIVERS,2021-04-29T12:27:00,PLANNED INVESTIGATION (NATIONAL AGENCY POLICY),RIVER / RUNNING SURFACE WATER,9924,"Oxygen, Dissolved as O2",10.8,MILLIGRAM PER LITRE
https://environment.data.gov.uk/water-quality/sampling-point/TH-PRTS0057/sample/1349543/observation/0061,TH-PRTS0057,R. THAMES UPSTREAM OF SPELTHORNE CHANNEL INTAKE,-0.4857,51.3897,Thames,THAMES - WEST THAMES,Multiple Values,OPEN,FRESHWATER - RIVERS,2021-05-17T14:10:00,ENVIRONMENTAL MONITORING STATUTORY (EU DIRECTIVES),RIVER / RUNNING SURFACE WATER,0061,pH,8.3,PH UNITS
https://environment.data.gov.uk/water-quality/sampling-point/TH-PRTS0057/sample/1349543/observation/0076,TH-PRTS0057,R. THAMES UPSTREAM OF SPELTHORNE CHANNEL INTAKE,-0.4857,51.3897,Thames,THAMES - WEST THAMES,Multiple Values,OPEN,FRESHWATER - RIVERS,2021-05-17T14:10:00,ENVIRONMENTAL MONITORING STATUTORY (EU DIRECTIVES),RIVER / RUNNING SURFACE WATER,0076,Temperature of Water,13.7,CELSIUS
https://environment.data.gov.uk/water-quality/sampling-point/TH-PRTS0057/sample/1349543/observation/0111,TH-PRTS0057,R. THAMES UPSTREAM OF SPELTHORNE CHANNEL INTAKE,-0.4857,51.3897,Thames,THAMES - WEST THAMES,Multiple Values,OPEN,FRESHWATER - RIVERS,2021-05-17T14:10:00,ENVIRONMENTAL MONITORING STATUTORY (EU DIRECTIVES),RIVER / RUNNING SURFACE WATER,0111,Ammoniacal Nitrogen as N,<0.5,MILLIGRAM PER LITRE
https://environment.data.gov.uk/water-quality/sampling-point/TH-PRTS0057/sample/1349543/observation/0119,TH-PRTS0057,R. THAMES UPSTREAM OF SPELTHORNE CHANNEL INTAKE,-0.4857,51.3897,Thames,THAMES - WEST THAMES,Multiple Values,OPEN,FRESHWATER - RIVERS,2021-05-17T14:10:00,ENVIRONMENTAL MONITORING STATUTORY (EU DIRECTIVES),RIVER / RUNNING SURFACE WATER,0119,Ammonia un-ionised as N,<0.0119,MILLIGRAM PER LITRE
https://environment.data.gov.uk/water-quality/sampling-point/TH-PRTS0057/sample/1349543/observation/0135,TH-PRTS0057,R. THAMES UPSTREAM OF SPELTHORNE CHANNEL INTAKE,-0.4857,51.3897,Thames,THAMES - WEST THAMES,Multiple Values,OPEN,FRESHWATER - RIVERS,2021-05-17T14:10:00,ENVIRONMENTAL MONITORING STATUTORY (EU DIRECTIVES),RIVER / RUNNING SURFACE WATER,0135,"Solids, Suspended at 105 C",20,MILLIGRAM PER LITRE
https://environment.data.gov.uk/water-quality/sampling-point/TH-PRTS0057/sample/1349543/observation/0180,TH-PRTS0057,R. THAMES UPSTREAM OF SPELTHORNE CHANNEL INTAKE,-0.4857,51.3897,Thames,THAMES - WEST THAMES,Multiple Values,OPEN,FRESHWATER - RIVERS,2021-05-17T14:10:00,ENVIRONMENTAL MONITORING STATUTORY (EU DIRECTIVES),RIVER / RUNNING SURFACE WATER,0180,"Orthophosphate, reactive as P",0.13,MILLIGRAM PER LITRE
https://environment.data.gov.uk/water-quality/sampling-point/TH-PRTS0057/sample/1349543/observation/7608,TH-PRTS0057,R. THAMES UPSTREAM OF SPELTHORNE CHANNEL INTAKE,-0.4857,51.3897,Thames,THAMES - WEST THAMES,Multiple Values,OPEN,FRESHWATER - RIVERS,2021-05-17T14:10:00,ENVIRONMENTAL MONITORING STATUTORY (EU DIRECTIVES),RIVER / RUNNING SURFACE WATER,7608,Salinity : In Situ,0.33,Parts per thousand
https://environment.data.gov.uk/water-quality/sampling-point/TH-PRTS0057/sample/1349543/observation/9901,TH-PRTS0057,R. THAMES UPSTREAM OF SPELTHORNE CHANNEL INTAKE,-0.4857,51.3897,Thames,THAMES - WEST THAMES,Multiple Values,OPEN,FRESHWATER - RIVERS,2021-05-17T14:10:00,ENVIRONMENTAL MONITORING STATUTORY (EU DIRECTIVES),RIVER / RUNNING SURFACE WATER,9901,"Oxygen, Dissolved, % Saturation",105.2,PERCENTAGE
https://environment.data.gov.uk/water-quality/sampling-point/TH-PRTS0057/sample/1349543/observation/9924,TH-PRTS0057,R. THAMES UPSTREAM OF SPELTHORNE CHANNEL INTAKE,-0.4857,51.3897,Thames,THAMES - WEST THAMES,Multiple Values,OPEN,FRESHWATER - RIVERS,2021-05-17T14:10:00,ENVIRONMENTAL MONITORING STATUTORY (EU DIRECTIVES),RIVER / RUNNING SURFACE WATER,9924,"Oxygen, Dissolved as O2",10.9,MILLIGRAM PER LITRE
https://environment.data.gov.uk/water-quality/sampling-point/TH-PRTS0057/sample/1359648/observation/0061,TH-PRTS0057,R. THAMES UPSTREAM OF SPELTHORNE CHANNEL INTAKE,-0.4857,51.3897,Thames,THAMES - WEST THAMES,Multiple Values,OPEN,FRESHWATER - RIVERS,2021-06-24T12:08:00,ENVIRONMENTAL MONITORING STATUTORY (EU DIRECTIVES),RIVER / RUNNING SURFACE WATER,0061,pH,8.03,PH UNITS
https://environment.data.gov.uk/water-quality/sampling-point/TH-PRTS0057/sample/1359648/observation/0076,TH-PRTS0057,R. THAMES UPSTREAM OF SPELTHORNE CHANNEL INTAKE,-0.4857,51.3897,Thames,THAMES - WEST THAMES,Multiple Values,OPEN,FRESHWATER - RIVERS,2021-06-24T12:08:00,ENVIRONMENTAL MONITORING STATUTORY (EU DIRECTIVES),RIVER / RUNNING SURFACE WATER,0076,Temperature of Water,16.9,CELSIUS
https://environment.data.gov.uk/water-quality/sampling-point/TH-PRTS0057/sample/1359648/observation/0111,TH-PRTS0057,R. THAMES UPSTREAM OF SPELTHORNE CHANNEL INTAKE,-0.4857,51.3897,Thames,THAMES - WEST THAMES,Multiple Values,OPEN,FRESHWATER - RIVERS,2021-06-24T12:08:00,ENVIRONMENTAL MONITORING STATUTORY (EU DIRECTIVES),RIVER / RUNNING SURFACE WATER,0111,Ammoniacal Nitrogen as N,<0.5,MILLIGRAM PER LITRE
https://environment.data.gov.uk/water-quality/sampling-point/TH-PRTS0057/sample/1359648/observation/0119,TH-PRTS0057,R. THAMES UPSTREAM OF SPELTHORNE CHANNEL INTAKE,-0.4857,51.3897,Thames,THAMES - WEST THAMES,Multiple Values,OPEN,FRESHWATER - RIVERS,2021-06-24T12:08:00,ENVIRONMENTAL MONITORING STATUTORY (EU DIRECTIVES),RIVER / RUNNING SURFACE WATER,0119,Ammonia un-ionised as N,<0.0151,MILLIGRAM PER LITRE
https://environment.data.gov.uk/water-quality/sampling-point/TH-PRTS0057/sample/1359648/observation/0135,TH-PRTS0057,R. THAMES UPSTREAM OF SPELTHORNE CHANNEL INTAKE,-0.4857,51.3897,Thames,THAMES - WEST THAMES,Multiple Values,OPEN,FRESHWATER - RIVERS,2021-06-24T12:08:00,ENVIRONMENTAL MONITORING STATUTORY (EU DIRECTIVES),RIVER / RUNNING SURFACE WATER,0135,"Solids, Suspended at 105 C",9.8,MILLIGRAM PER LITRE
https://environment.data.gov.uk/water-quality/sampling-point/TH-PRTS0057/sample/1359648/observation/0180,TH-PRTS0057,R. THAMES UPSTREAM OF SPELTHORNE CHANNEL INTAKE,-0.4857,51.3897,Thames,THAMES - WEST THAMES,Multiple Values,OPEN,FRESHWATER - RIVERS,2021-06-24T12:08:00,ENVIRONMENTAL MONITORING STATUTORY (EU DIRECTIVES),RIVER / RUNNING SURFACE WATER,0180,"Orthophosphate, reactive as P",0.21,MILLIGRAM PER LITRE
https://environment.data.gov.uk/water-quality/sampling-point/TH-PRTS0057/sample/1359648/observation/7608,TH-PRTS0057,R. THAMES UPSTREAM OF SPELTHORNE CHANNEL INTAKE,-0.4857,51.3897,Thames,THAMES - WEST THAMES,Multiple Values,OPEN,FRESHWATER - RIVERS,2021-06-24T12:08:00,ENVIRONMENTAL MONITORING STATUTORY (EU DIRECTIVES),RIVER / RUNNING SURFACE WATER,7608,Salinity : In Situ,0.29,Parts per thousand
https://environment.data.gov.uk/water-quality/sampling-point/TH-PRTS0057/sample/1359648/observation/9274,TH-PRTS0057,R. THAMES UPSTREAM OF SPELTHORNE CHANNEL INTAKE,-0.4857,51.3897,Thames,THAMES - WEST THAMES,Multiple Values,OPEN,FRESHWATER - RIVERS,2021-06-24T12:08:00,ENVIRONMENTAL MONITORING STATUTORY (EU DIRECTIVES),RIVER / RUNNING SURFACE WATER,9274,Perfluorooctanoate anion,0.0042,MICROGRAM PER LITRE
https://environment.data.gov.uk/water-quality/sampling-point/TH-PRTS0057/sample/1359648/observation/9276,TH-PRTS0057,R. THAMES UPSTREAM OF SPELTHORNE CHANNEL INTAKE,-0.4857,51.3897,Thames,THAMES - WEST THAMES,Multiple Values,OPEN,FRESHWATER - RIVERS,2021-06-24T12:08:00,ENVIRONMENTAL MONITORING STATUTORY (EU DIRECTIVES),RIVER / RUNNING SURFACE WATER,9276,Perfluorooctylsulphonate anion,0.0081,MICROGRAM PER LITRE
https://environment.data.gov.uk/water-quality/sampling-point/TH-PRTS0057/sample/1359648/observation/9901,TH-PRTS0057,R. THAMES UPSTREAM OF SPELTHORNE CHANNEL INTAKE,-0.4857,51.3897,Thames,THAMES - WEST THAMES,Multiple Values,OPEN,FRESHWATER - RIVERS,2021-06-24T12:08:00,ENVIRONMENTAL MONITORING STATUTORY (EU DIRECTIVES),RIVER / RUNNING SURFACE WATER,9901,"Oxygen, Dissolved, % Saturation",97.4,PERCENTAGE
https://environment.data.gov.uk/water-quality/sampling-point/TH-PRTS0057/sample/1359648/observation/9924,TH-PRTS0057,R. THAMES UPSTREAM OF SPELTHORNE CHANNEL INTAKE,-0.4857,51.3897,Thames,THAMES - WEST THAMES,Multiple Values,OPEN,FRESHWATER - RIVERS,2021-06-24T12:08:00,ENVIRONMENTAL MONITORING STATUTORY (EU DIRECTIVES),RIVER / RUNNING SURFACE WATER,9924,"Oxygen, Dissolved as O2",9.39,MILLIGRAM PER LITRE
https://environment.data.gov.uk/water-quality/sampling-point/TH-PRTS0057/sample/1360358/observation/0061,TH-PRTS0057,R. THAMES UPSTREAM OF SPELTHORNE CHANNEL INTAKE,-0.4857,51.3897,Thames,THAMES - WEST THAMES,Multiple Values,OPEN,FRESHWATER - RIVERS,2021-07-20T13:03:00,ENVIRONMENTAL MONITORING STATUTORY (EU DIRECTIVES),RIVER / RUNNING SURFACE WATER,0061,pH,8.11,PH UNITS
https://environment.data.gov.uk/water-quality/sampling-point/TH-PRTS0057/sample/1360358/observation/0076,TH-PRTS0057,R. THAMES UPSTREAM OF SPELTHORNE CHANNEL INTAKE,-0.4857,51.3897,Thames,THAMES - WEST THAMES,Multiple Values,OPEN,FRESHWATER - RIVERS,2021-07-20T13:03:00,ENVIRONMENTAL MONITORING STATUTORY (EU DIRECTIVES),RIVER / RUNNING SURFACE WATER,0076,Temperature of Water,23.9,CELSIUS
https://environment.data.gov.uk/water-quality/sampling-point/TH-PRTS0057/sample/1360358/observation/0111,TH-PRTS0057,R. THAMES UPSTREAM OF SPELTHORNE CHANNEL INTAKE,-0.4857,51.3897,Thames,THAMES - WEST THAMES,Multiple Values,OPEN,FRESHWATER - RIVERS,2021-07-20T13:03:00,ENVIRONMENTAL MONITORING STATUTORY (EU DIRECTIVES),RIVER / RUNNING SURFACE WATER,0111,Ammoniacal Nitrogen as N,<0.03,MILLIGRAM PER LITRE
https://environment.data.gov.uk/water-quality/sampling-point/TH-PRTS0057/sample/1360358/observation/0119,TH-PRTS0057,R. THAMES UPSTREAM OF SPELTHORNE CHANNEL INTAKE,-0.4857,51.3897,Thames,THAMES - WEST THAMES,Multiple Values,OPEN,FRESHWATER - RIVERS,2021-07-20T13:03:00,ENVIRONMENTAL MONITORING STATUTORY (EU DIRECTIVES),RIVER / RUNNING SURFACE WATER,0119,Ammonia un-ionised as N,<0.00149,MILLIGRAM PER LITRE
https://environment.data.gov.uk/water-quality/sampling-point/TH-PRTS0057/sample/1360358/observation/0135,TH-PRTS0057,R. THAMES UPSTREAM OF SPELTHORNE CHANNEL INTAKE,-0.4857,51.3897,Thames,THAMES - WEST THAMES,Multiple Values,OPEN,FRESHWATER - RIVERS,2021-07-20T13:03:00,ENVIRONMENTAL MONITORING STATUTORY (EU DIRECTIVES),RIVER / RUNNING SURFACE WATER,0135,"Solids, Suspended at 105 C",3.8,MILLIGRAM PER LITRE
https://environment.data.gov.uk/water-quality/sampling-point/TH-PRTS0057/sample/1360358/observation/0180,TH-PRTS0057,R. THAMES UPSTREAM OF SPELTHORNE CHANNEL INTAKE,-0.4857,51.3897,Thames,THAMES - WEST THAMES,Multiple Values,OPEN,FRESHWATER - RIVERS,2021-07-20T13:03:00,ENVIRONMENTAL MONITORING STATUTORY (EU DIRECTIVES),RIVER / RUNNING SURFACE WATER,0180,"Orthophosphate, reactive as P",0.21,MILLIGRAM PER LITRE
https://environment.data.gov.uk/water-quality/sampling-point/TH-PRTS0057/sample/1360358/observation/2958,TH-PRTS0057,R. THAMES UPSTREAM OF SPELTHORNE CHANNEL INTAKE,-0.4857,51.3897,Thames,THAMES - WEST THAMES,Multiple Values,OPEN,FRESHWATER - RIVERS,2021-07-20T13:03:00,ENVIRONMENTAL MONITORING STATUTORY (EU DIRECTIVES),RIVER / RUNNING SURFACE WATER,2958,Perfluorooctanesulfonic acid (total),0.0091,MICROGRAM PER LITRE
https://environment.data.gov.uk/water-quality/sampling-point/TH-PRTS0057/sample/1360358/observation/2959,TH-PRTS0057,R. THAMES UPSTREAM OF SPELTHORNE CHANNEL INTAKE,-0.4857,51.3897,Thames,THAMES - WEST THAMES,Multiple Values,OPEN,FRESHWATER - RIVERS,2021-07-20T13:03:00,ENVIRONMENTAL MONITORING STATUTORY (EU DIRECTIVES),RIVER / RUNNING SURFACE WATER,2959,Perfluorooctanesulfonic acid (linear),0.0051,MICROGRAM PER LITRE
https://environment.data.gov.uk/water-quality/sampling-point/TH-PRTS0057/sample/1360358/observation/2960,TH-PRTS0057,R. THAMES UPSTREAM OF SPELTHORNE CHANNEL INTAKE,-0.4857,51.3897,Thames,THAMES - WEST THAMES,Multiple Values,OPEN,FRESHWATER - RIVERS,2021-07-20T13:03:00,ENVIRONMENTAL MONITORING STATUTORY (EU DIRECTIVES),RIVER / RUNNING SURFACE WATER,2960,Perfluorooctanesulfonic acid (branched),0.004,MICROGRAM PER LITRE
https://environment.data.gov.uk/water-quality/sampling-point/TH-PRTS0057/sample/1360358/observation/7608,TH-PRTS0057,R. THAMES UPSTREAM OF SPELTHORNE CHANNEL INTAKE,-0.4857,51.3897,Thames,THAMES - WEST THAMES,Multiple Values,OPEN,FRESHWATER - RIVERS,2021-07-20T13:03:00,ENVIRONMENTAL MONITORING STATUTORY (EU DIRECTIVES),RIVER / RUNNING SURFACE WATER,7608,Salinity : In Situ,0.34,Parts per thousand
https://environment.data.gov.uk/water-quality/sampling-point/TH-PRTS0057/sample/1360358/observation/9274,TH-PRTS0057,R. THAMES UPSTREAM OF SPELTHORNE CHANNEL INTAKE,-0.4857,51.3897,Thames,THAMES - WEST THAMES,Multiple Values,OPEN,FRESHWATER - RIVERS,2021-07-20T13:03:00,ENVIRONMENTAL MONITORING STATUTORY (EU DIRECTIVES),RIVER / RUNNING SURFACE WATER,9274,Perfluorooctanoate anion,0.0046,MICROGRAM PER LITRE
https://environment.data.gov.uk/water-quality/sampling-point/TH-PRTS0057/sample/1360358/observation/9901,TH-PRTS0057,R. THAMES UPSTREAM OF SPELTHORNE CHANNEL INTAKE,-0.4857,51.3897,Thames,THAMES - WEST THAMES,Multiple Values,OPEN,FRESHWATER - RIVERS,2021-07-20T13:03:00,ENVIRONMENTAL MONITORING STATUTORY (EU DIRECTIVES),RIVER / RUNNING SURFACE WATER,9901,"Oxygen, Dissolved, % Saturation",93.7,PERCENTAGE
https://environment.data.gov.uk/water-quality/sampling-point/TH-PRTS0057/sample/1360358/observation/9924,TH-PRTS0057,R. THAMES UPSTREAM OF SPELTHORNE CHANNEL INTAKE,-0.4857,51.3897,Thames,THAMES - WEST THAMES,Multiple Values,OPEN,FRESHWATER - RIVERS,2021-07-20T13:03:00,ENVIRONMENTAL MONITORING STATUTORY (EU DIRECTIVES),RIVER / RUNNING SURFACE WATER,9924,"Oxygen, Dissolved as O2",7.87,MILLIGRAM PER LITRE
https://environment.data.gov.uk/water-quality/sampling-point/TH-PRTS0057/sample/1362274/observation/0061,TH-PRTS0057,R. THAMES UPSTREAM OF SPELTHORNE CHANNEL INTAKE,-0.4857,51.3897,Thames,THAMES - WEST THAMES,Multiple Values,OPEN,FRESHWATER - RIVERS,2021-08-26T12:56:00,ENVIRONMENTAL MONITORING STATUTORY (EU DIRECTIVES),RIVER / RUNNING SURFACE WATER,0061,pH,8.45,PH UNITS
https://environment.data.gov.uk/water-quality/sampling-point/TH-PRTS0057/sample/1362274/observation/0076,TH-PRTS0057,R. THAMES UPSTREAM OF SPELTHORNE CHANNEL INTAKE,-0.4857,51.3897,Thames,THAMES - WEST THAMES,Multiple Values,OPEN,FRESHWATER - RIVERS,2021-08-26T12:56:00,ENVIRONMENTAL MONITORING STATUTORY (EU DIRECTIVES),RIVER / RUNNING SURFACE WATER,0076,Temperature of Water,18.6,CELSIUS
https://environment.data.gov.uk/water-quality/sampling-point/TH-PRTS0057/sample/1362274/observation/0111,TH-PRTS0057,R. THAMES UPSTREAM OF SPELTHORNE CHANNEL INTAKE,-0.4857,51.3897,Thames,THAMES - WEST THAMES,Multiple Values,OPEN,FRESHWATER - RIVERS,2021-08-26T12:56:00,ENVIRONMENTAL MONITORING STATUTORY (EU DIRECTIVES),RIVER / RUNNING SURFACE WATER,0111,Ammoniacal Nitrogen as N,<0.03,MILLIGRAM PER LITRE
https://environment.data.gov.uk/water-quality/sampling-point/TH-PRTS0057/sample/1362274/observation/0119,TH-PRTS0057,R. THAMES UPSTREAM OF SPELTHORNE CHANNEL INTAKE,-0.4857,51.3897,Thames,THAMES - WEST THAMES,Multiple Values,OPEN,FRESHWATER - RIVERS,2021-08-26T12:56:00,ENVIRONMENTAL MONITORING STATUTORY (EU DIRECTIVES),RIVER / RUNNING SURFACE WATER,0119,Ammonia un-ionised as N,<0.00102,MILLIGRAM PER LITRE
https://environment.data.gov.uk/water-quality/sampling-point/TH-PRTS0057/sample/1362274/observation/0135,TH-PRTS0057,R. THAMES UPSTREAM OF SPELTHORNE CHANNEL INTAKE,-0.4857,51.3897,Thames,THAMES - WEST THAMES,Multiple Values,OPEN,FRESHWATER - RIVERS,2021-08-26T12:56:00,ENVIRONMENTAL MONITORING STATUTORY (EU DIRECTIVES),RIVER / RUNNING SURFACE WATER,0135,"Solids, Suspended at 105 C",10,MILLIGRAM PER LITRE
https://environment.data.gov.uk/water-quality/sampling-point/TH-PRTS0057/sample/1362274/observation/0180,TH-PRTS0057,R. THAMES UPSTREAM OF SPELTHORNE CHANNEL INTAKE,-0.4857,51.3897,Thames,THAMES - WEST THAMES,Multiple Values,OPEN,FRESHWATER - RIVERS,2021-08-26T12:56:00,ENVIRONMENTAL MONITORING STATUTORY (EU DIRECTIVES),RIVER / RUNNING SURFACE WATER,0180,"Orthophosphate, reactive as P",0.17,MILLIGRAM PER LITRE
https://environment.data.gov.uk/water-quality/sampling-point/TH-PRTS0057/sample/1362274/observation/2958,TH-PRTS0057,R. THAMES UPSTREAM OF SPELTHORNE CHANNEL INTAKE,-0.4857,51.3897,Thames,THAMES - WEST THAMES,Multiple Values,OPEN,FRESHWATER - RIVERS,2021-08-26T12:56:00,ENVIRONMENTAL MONITORING STATUTORY (EU DIRECTIVES),RIVER / RUNNING SURFACE WATER,2958,Perfluorooctanesulfonic acid (total),0.0086,MICROGRAM PER LITRE
https://environment.data.gov.uk/water-quality/sampling-point/TH-PRTS0057/sample/1362274/observation/2959,TH-PRTS0057,R. THAMES UPSTREAM OF SPELTHORNE CHANNEL INTAKE,-0.4857,51.3897,Thames,THAMES - WEST THAMES,Multiple Values,OPEN,FRESHWATER - RIVERS,2021-08-26T12:56:00,ENVIRONMENTAL MONITORING STATUTORY (EU DIRECTIVES),RIVER / RUNNING SURFACE WATER,2959,Perfluorooctanesulfonic acid (linear),0.0044,MICROGRAM PER LITRE
https://environment.data.gov.uk/water-quality/sampling-point/TH-PRTS0057/sample/1362274/observation/2960,TH-PRTS0057,R. THAMES UPSTREAM OF SPELTHORNE CHANNEL INTAKE,-0.4857,51.3897,Thames,THAMES - WEST THAMES,Multiple Values,OPEN,FRESHWATER - RIVERS,2021-08-26T12:56:00,ENVIRONMENTAL MONITORING STATUTORY (EU DIRECTIVES),RIVER / RUNNING SURFACE WATER,2960,Perfluorooctanesulfonic acid (branched),0.0043,MICROGRAM PER LITRE
https://environment.data.gov.uk/water-quality/sampling-point/TH-PRTS0057/sample/1362274/observation/7608,TH-PRTS0057,R. THAMES UPSTREAM OF SPELTHORNE CHANNEL INTAKE,-0.4857,51.3897,Thames,THAMES - WEST THAMES,Multiple Values,OPEN,FRESHWATER - RIVERS,2021-08-26T12:56:00,ENVIRONMENTAL MONITORING STATUTORY (EU DIRECTIVES),RIVER / RUNNING SURFACE WATER,7608,Salinity : In Situ,0.34,Parts per thousand
https://environment.data.gov.uk/water-quality/sampling-point/TH-PRTS0057/sample/1362274/observation/9274,TH-PRTS0057,R. THAMES UPSTREAM OF SPELTHORNE CHANNEL INTAKE,-0.4857,51.3897,Thames,THAMES - WEST THAMES,Multiple Values,OPEN,FRESHWATER - RIVERS,2021-08-26T12:56:00,ENVIRONMENTAL MONITORING STATUTORY (EU DIRECTIVES),RIVER / RUNNING SURFACE WATER,9274,Perfluorooctanoate anion,0.0039,MICROGRAM PER LITRE
https://environment.data.gov.uk/water-quality/sampling-point/TH-PRTS0057/sample/1362274/observation/9276,TH-PRTS0057,R. THAMES UPSTREAM OF SPELTHORNE CHANNEL INTAKE,-0.4857,51.3897,Thames,THAMES - WEST THAMES,Multiple Values,OPEN,FRESHWATER - RIVERS,2021-08-26T12:56:00,ENVIRONMENTAL MONITORING STATUTORY (EU DIRECTIVES),RIVER / RUNNING SURFACE WATER,9276,Perfluorooctylsulphonate anion,0.0062,MICROGRAM PER LITRE
https://environment.data.gov.uk/water-quality/sampling-point/TH-PRTS0057/sample/1362274/observation/9901,TH-PRTS0057,R. THAMES UPSTREAM OF SPELTHORNE CHANNEL INTAKE,-0.4857,51.3897,Thames,THAMES - WEST THAMES,Multiple Values,OPEN,FRESHWATER - RIVERS,2021-08-26T12:56:00,ENVIRONMENTAL MONITORING STATUTORY (EU DIRECTIVES),RIVER / RUNNING SURFACE WATER,9901,"Oxygen, Dissolved, % Saturation",106.3,PERCENTAGE
https://environment.data.gov.uk/water-quality/sampling-point/TH-PRTS0057/sample/1362274/observation/9924,TH-PRTS0057,R. THAMES UPSTREAM OF SPELTHORNE CHANNEL INTAKE,-0.4857,51.3897,Thames,THAMES - WEST THAMES,Multiple Values,OPEN,FRESHWATER - RIVERS,2021-08-26T12:56:00,ENVIRONMENTAL MONITORING STATUTORY (EU DIRECTIVES),RIVER / RUNNING SURFACE WATER,9924,"Oxygen, Dissolved as O2",9.9,MILLIGRAM PER LITRE
https://environment.data.gov.uk/water-quality/sampling-point/TH-PRTS0057/sample/1366099/observation/0061,TH-PRTS0057,R. THAMES UPSTREAM OF SPELTHORNE CHANNEL INTAKE,-0.4857,51.3897,Thames,THAMES - WEST THAMES,Multiple Values,OPEN,FRESHWATER - RIVERS,2021-09-24T13:45:00,ENVIRONMENTAL MONITORING STATUTORY (EU DIRECTIVES),RIVER / RUNNING SURFACE WATER,0061,pH,8.15,PH UNITS
https://environment.data.gov.uk/water-quality/sampling-point/TH-PRTS0057/sample/1366099/observation/0076,TH-PRTS0057,R. THAMES UPSTREAM OF SPELTHORNE CHANNEL INTAKE,-0.4857,51.3897,Thames,THAMES - WEST THAMES,Multiple Values,OPEN,FRESHWATER - RIVERS,2021-09-24T13:45:00,ENVIRONMENTAL MONITORING STATUTORY (EU DIRECTIVES),RIVER / RUNNING SURFACE WATER,0076,Temperature of Water,17.4,CELSIUS
https://environment.data.gov.uk/water-quality/sampling-point/TH-PRTS0057/sample/1366099/observation/0111,TH-PRTS0057,R. THAMES UPSTREAM OF SPELTHORNE CHANNEL INTAKE,-0.4857,51.3897,Thames,THAMES - WEST THAMES,Multiple Values,OPEN,FRESHWATER - RIVERS,2021-09-24T13:45:00,ENVIRONMENTAL MONITORING STATUTORY (EU DIRECTIVES),RIVER / RUNNING SURFACE WATER,0111,Ammoniacal Nitrogen as N,0.045,MILLIGRAM PER LITRE
https://environment.data.gov.uk/water-quality/sampling-point/TH-PRTS0057/sample/1366099/observation/0119,TH-PRTS0057,R. THAMES UPSTREAM OF SPELTHORNE CHANNEL INTAKE,-0.4857,51.3897,Thames,THAMES - WEST THAMES,Multiple Values,OPEN,FRESHWATER - RIVERS,2021-09-24T13:45:00,ENVIRONMENTAL MONITORING STATUTORY (EU DIRECTIVES),RIVER / RUNNING SURFACE WATER,0119,Ammonia un-ionised as N,0.00141,MILLIGRAM PER LITRE
https://environment.data.gov.uk/water-quality/sampling-point/TH-PRTS0057/sample/1366099/observation/0135,TH-PRTS0057,R. THAMES UPSTREAM OF SPELTHORNE CHANNEL INTAKE,-0.4857,51.3897,Thames,THAMES - WEST THAMES,Multiple Values,OPEN,FRESHWATER - RIVERS,2021-09-24T13:45:00,ENVIRONMENTAL MONITORING STATUTORY (EU DIRECTIVES),RIVER / RUNNING SURFACE WATER,0135,"Solids, Suspended at 105 C",4.2,MILLIGRAM PER LITRE
https://environment.data.gov.uk/water-quality/sampling-point/TH-PRTS0057/sample/1366099/observation/0180,TH-PRTS0057,R. THAMES UPSTREAM OF SPELTHORNE CHANNEL INTAKE,-0.4857,51.3897,Thames,THAMES - WEST THAMES,Multiple Values,OPEN,FRESHWATER - RIVERS,2021-09-24T13:45:00,ENVIRONMENTAL MONITORING STATUTORY (EU DIRECTIVES),RIVER / RUNNING SURFACE WATER,0180,"Orthophosphate, reactive as P",0.28,MILLIGRAM PER LITRE
https://environment.data.gov.uk/water-quality/sampling-point/TH-PRTS0057/sample/1366099/observation/2958,TH-PRTS0057,R. THAMES UPSTREAM OF SPELTHORNE CHANNEL INTAKE,-0.4857,51.3897,Thames,THAMES - WEST THAMES,Multiple Values,OPEN,FRESHWATER - RIVERS,2021-09-24T13:45:00,ENVIRONMENTAL MONITORING STATUTORY (EU DIRECTIVES),RIVER / RUNNING SURFACE WATER,2958,Perfluorooctanesulfonic acid (total),0.0052,MICROGRAM PER LITRE
https://environment.data.gov.uk/water-quality/sampling-point/TH-PRTS0057/sample/1366099/observation/2959,TH-PRTS0057,R. THAMES UPSTREAM OF SPELTHORNE CHANNEL INTAKE,-0.4857,51.3897,Thames,THAMES - WEST THAMES,Multiple Values,OPEN,FRESHWATER - RIVERS,2021-09-24T13:45:00,ENVIRONMENTAL MONITORING STATUTORY (EU DIRECTIVES),RIVER / RUNNING SURFACE WATER,2959,Perfluorooctanesulfonic acid (linear),0.0029,MICROGRAM PER LITRE
https://environment.data.gov.uk/water-quality/sampling-point/TH-PRTS0057/sample/1366099/observation/2960,TH-PRTS0057,R. THAMES UPSTREAM OF SPELTHORNE CHANNEL INTAKE,-0.4857,51.3897,Thames,THAMES - WEST THAMES,Multiple Values,OPEN,FRESHWATER - RIVERS,2021-09-24T13:45:00,ENVIRONMENTAL MONITORING STATUTORY (EU DIRECTIVES),RIVER / RUNNING SURFACE WATER,2960,Perfluorooctanesulfonic acid (branched),0.0023,MICROGRAM PER LITRE
https://environment.data.gov.uk/water-quality/sampling-point/TH-PRTS0057/sample/1366099/observation/7608,TH-PRTS0057,R. THAMES UPSTREAM OF SPELTHORNE CHANNEL INTAKE,-0.4857,51.3897,Thames,THAMES - WEST THAMES,Multiple Values,OPEN,FRESHWATER - RIVERS,2021-09-24T13:45:00,ENVIRONMENTAL MONITORING STATUTORY (EU DIRECTIVES),RIVER / RUNNING SURFACE WATER,7608,Salinity : In Situ,0.37,Parts per thousand
https://environment.data.gov.uk/water-quality/sampling-point/TH-PRTS0057/sample/1366099/observation/9274,TH-PRTS0057,R. THAMES UPSTREAM OF SPELTHORNE CHANNEL INTAKE,-0.4857,51.3897,Thames,THAMES - WEST THAMES,Multiple Values,OPEN,FRESHWATER - RIVERS,2021-09-24T13:45:00,ENVIRONMENTAL MONITORING STATUTORY (EU DIRECTIVES),RIVER / RUNNING SURFACE WATER,9274,Perfluorooctanoate anion,0.0035,MICROGRAM PER LITRE
https://environment.data.gov.uk/water-quality/sampling-point/TH-PRTS0057/sample/1366099/observation/9901,TH-PRTS0057,R. THAMES UPSTREAM OF SPELTHORNE CHANNEL INTAKE,-0.4857,51.3897,Thames,THAMES - WEST THAMES,Multiple Values,OPEN,FRESHWATER - RIVERS,2021-09-24T13:45:00,ENVIRONMENTAL MONITORING STATUTORY (EU DIRECTIVES),RIVER / RUNNING SURFACE WATER,9901,"Oxygen, Dissolved, % Saturation",100.2,PERCENTAGE
https://environment.data.gov.uk/water-quality/sampling-point/TH-PRTS0057/sample/1366099/observation/9924,TH-PRTS0057,R. THAMES UPSTREAM OF SPELTHORNE CHANNEL INTAKE,-0.4857,51.3897,Thames,THAMES - WEST THAMES,Multiple Values,OPEN,FRESHWATER - RIVERS,2021-09-24T13:45:00,ENVIRONMENTAL MONITORING STATUTORY (EU DIRECTIVES),RIVER / RUNNING SURFACE WATER,9924,"Oxygen, Dissolved as O2",9.56,MILLIGRAM PER LITRE
https://environment.data.gov.uk/water-quality/sampling-point/TH-PRTS0057/sample/1367981/observation/0061,TH-PRTS0057,R. THAMES UPSTREAM OF SPELTHORNE CHANNEL INTAKE,-0.4857,51.3897,Thames,THAMES - WEST THAMES,Multiple Values,OPEN,FRESHWATER - RIVERS,2021-10-26T13:13:00,ENVIRONMENTAL MONITORING STATUTORY (EU DIRECTIVES),RIVER / RUNNING SURFACE WATER,0061,pH,8.08,PH UNITS
https://environment.data.gov.uk/water-quality/sampling-point/TH-PRTS0057/sample/1367981/observation/0076,TH-PRTS0057,R. THAMES UPSTREAM OF SPELTHORNE CHANNEL INTAKE,-0.4857,51.3897,Thames,THAMES - WEST THAMES,Multiple Values,OPEN,FRESHWATER - RIVERS,2021-10-26T13:13:00,ENVIRONMENTAL MONITORING STATUTORY (EU DIRECTIVES),RIVER / RUNNING SURFACE WATER,0076,Temperature of Water,12.4,CELSIUS
https://environment.data.gov.uk/water-quality/sampling-point/TH-PRTS0057/sample/1367981/observation/0111,TH-PRTS0057,R. THAMES UPSTREAM OF SPELTHORNE CHANNEL INTAKE,-0.4857,51.3897,Thames,THAMES - WEST THAMES,Multiple Values,OPEN,FRESHWATER - RIVERS,2021-10-26T13:13:00,ENVIRONMENTAL MONITORING STATUTORY (EU DIRECTIVES),RIVER / RUNNING SURFACE WATER,0111,Ammoniacal Nitrogen as N,0.051,MILLIGRAM PER LITRE
https://environment.data.gov.uk/water-quality/sampling-point/TH-PRTS0057/sample/1367981/observation/0119,TH-PRTS0057,R. THAMES UPSTREAM OF SPELTHORNE CHANNEL INTAKE,-0.4857,51.3897,Thames,THAMES - WEST THAMES,Multiple Values,OPEN,FRESHWATER - RIVERS,2021-10-26T13:13:00,ENVIRONMENTAL MONITORING STATUTORY (EU DIRECTIVES),RIVER / RUNNING SURFACE WATER,0119,Ammonia un-ionised as N,0.00111,MILLIGRAM PER LITRE
https://environment.data.gov.uk/water-quality/sampling-point/TH-PRTS0057/sample/1367981/observation/0135,TH-PRTS0057,R. THAMES UPSTREAM OF SPELTHORNE CHANNEL INTAKE,-0.4857,51.3897,Thames,THAMES - WEST THAMES,Multiple Values,OPEN,FRESHWATER - RIVERS,2021-10-26T13:13:00,ENVIRONMENTAL MONITORING STATUTORY (EU DIRECTIVES),RIVER / RUNNING SURFACE WATER,0135,"Solids, Suspended at 105 C",8,MILLIGRAM PER LITRE
https://environment.data.gov.uk/water-quality/sampling-point/TH-PRTS0057/sample/1367981/observation/0180,TH-PRTS0057,R. THAMES UPSTREAM OF SPELTHORNE CHANNEL INTAKE,-0.4857,51.3897,Thames,THAMES - WEST THAMES,Multiple Values,OPEN,FRESHWATER - RIVERS,2021-10-26T13:13:00,ENVIRONMENTAL MONITORING STATUTORY (EU DIRECTIVES),RIVER / RUNNING SURFACE WATER,0180,"Orthophosphate, reactive as P",0.22,MILLIGRAM PER LITRE
https://environment.data.gov.uk/water-quality/sampling-point/TH-PRTS0057/sample/1367981/observation/2958,TH-PRTS0057,R. THAMES UPSTREAM OF SPELTHORNE CHANNEL INTAKE,-0.4857,51.3897,Thames,THAMES - WEST THAMES,Multiple Values,OPEN,FRESHWATER - RIVERS,2021-10-26T13:13:00,ENVIRONMENTAL MONITORING STATUTORY (EU DIRECTIVES),RIVER / RUNNING SURFACE WATER,2958,Perfluorooctanesulfonic acid (total),0.0073,MICROGRAM PER LITRE
https://environment.data.gov.uk/water-quality/sampling-point/TH-PRTS0057/sample/1367981/observation/2959,TH-PRTS0057,R. THAMES UPSTREAM OF SPELTHORNE CHANNEL INTAKE,-0.4857,51.3897,Thames,THAMES - WEST THAMES,Multiple Values,OPEN,FRESHWATER - RIVERS,2021-10-26T13:13:00,ENVIRONMENTAL MONITORING STATUTORY (EU DIRECTIVES),RIVER / RUNNING SURFACE WATER,2959,Perfluorooctanesulfonic acid (linear),0.0041,MICROGRAM PER LITRE
https://environment.data.gov.uk/water-quality/sampling-point/TH-PRTS0057/sample/1367981/observation/2960,TH-PRTS0057,R. THAMES UPSTREAM OF SPELTHORNE CHANNEL INTAKE,-0.4857,51.3897,Thames,THAMES - WEST THAMES,Multiple Values,OPEN,FRESHWATER - RIVERS,2021-10-26T13:13:00,ENVIRONMENTAL MONITORING STATUTORY (EU DIRECTIVES),RIVER / RUNNING SURFACE WATER,2960,Perfluorooctanesulfonic acid (branched),0.0032,MICROGRAM PER LITRE
https://environment.data.gov.uk/water-quality/sampling-point/TH-PRTS0057/sample/1367981/observation/7608,TH-PRTS0057,R. THAMES UPSTREAM OF SPELTHORNE CHANNEL INTAKE,-0.4857,51.3897,Thames,THAMES - WEST THAMES,Multiple Values,OPEN,FRESHWATER - RIVERS,2021-10-26T13:13:00,ENVIRONMENTAL MONITORING STATUTORY (EU DIRECTIVES),RIVER / RUNNING SURFACE WATER,7608,Salinity : In Situ,0.31,Parts per thousand
https://environment.data.gov.uk/water-quality/sampling-point/TH-PRTS0057/sample/1367981/observation/9274,TH-PRTS0057,R. THAMES UPSTREAM OF SPELTHORNE CHANNEL INTAKE,-0.4857,51.3897,Thames,THAMES - WEST THAMES,Multiple Values,OPEN,FRESHWATER - RIVERS,2021-10-26T13:13:00,ENVIRONMENTAL MONITORING STATUTORY (EU DIRECTIVES),RIVER / RUNNING SURFACE WATER,9274,Perfluorooctanoate anion,0.0034,MICROGRAM PER LITRE
https://environment.data.gov.uk/water-quality/sampling-point/TH-PRTS0057/sample/1367981/observation/9901,TH-PRTS0057,R. THAMES UPSTREAM OF SPELTHORNE CHANNEL INTAKE,-0.4857,51.3897,Thames,THAMES - WEST THAMES,Multiple Values,OPEN,FRESHWATER - RIVERS,2021-10-26T13:13:00,ENVIRONMENTAL MONITORING STATUTORY (EU DIRECTIVES),RIVER / RUNNING SURFACE WATER,9901,"Oxygen, Dissolved, % Saturation",93.7,PERCENTAGE
https://environment.data.gov.uk/water-quality/sampling-point/TH-PRTS0057/sample/1367981/observation/9924,TH-PRTS0057,R. THAMES UPSTREAM OF SPELTHORNE CHANNEL INTAKE,-0.4857,51.3897,Thames,THAMES - WEST THAMES,Multiple Values,OPEN,FRESHWATER - RIVERS,2021-10-26T13:13:00,ENVIRONMENTAL MONITORING STATUTORY (EU DIRECTIVES),RIVER / RUNNING SURFACE WATER,9924,"Oxygen, Dissolved as O2",9.97,MILLIGRAM PER LITRE
https://environment.data.gov.uk/water-quality/sampling-point/TH-PRTS0057/sample/1368982/observation/0061,TH-PRTS0057,R. THAMES UPSTREAM OF SPELTHORNE CHANNEL INTAKE,-0.4857,51.3897,Thames,THAMES - WEST THAMES,Multiple Values,OPEN,FRESHWATER - RIVERS,2021-11-23T13:48:00,ENVIRONMENTAL MONITORING STATUTORY (EU DIRECTIVES),RIVER / RUNNING SURFACE WATER,0061,pH,8.16,PH UNITS
https://environment.data.gov.uk/water-quality/sampling-point/TH-PRTS0057/sample/1368982/observation/0076,TH-PRTS0057,R. THAMES UPSTREAM OF SPELTHORNE CHANNEL INTAKE,-0.4857,51.3897,Thames,THAMES - WEST THAMES,Multiple Values,OPEN,FRESHWATER - RIVERS,2021-11-23T13:48:00,ENVIRONMENTAL MONITORING STATUTORY (EU DIRECTIVES),RIVER / RUNNING SURFACE WATER,0076,Temperature of Water,8.7,CELSIUS
https://environment.data.gov.uk/water-quality/sampling-point/TH-PRTS0057/sample/1368982/observation/0111,TH-PRTS0057,R. THAMES UPSTREAM OF SPELTHORNE CHANNEL INTAKE,-0.4857,51.3897,Thames,THAMES - WEST THAMES,Multiple Values,OPEN,FRESHWATER - RIVERS,2021-11-23T13:48:00,ENVIRONMENTAL MONITORING STATUTORY (EU DIRECTIVES),RIVER / RUNNING SURFACE WATER,0111,Ammoniacal Nitrogen as N,0.038,MILLIGRAM PER LITRE
https://environment.data.gov.uk/water-quality/sampling-point/TH-PRTS0057/sample/1368982/observation/0119,TH-PRTS0057,R. THAMES UPSTREAM OF SPELTHORNE CHANNEL INTAKE,-0.4857,51.3897,Thames,THAMES - WEST THAMES,Multiple Values,OPEN,FRESHWATER - RIVERS,2021-11-23T13:48:00,ENVIRONMENTAL MONITORING STATUTORY (EU DIRECTIVES),RIVER / RUNNING SURFACE WATER,0119,Ammonia un-ionised as N,0.00063,MILLIGRAM PER LITRE
https://environment.data.gov.uk/water-quality/sampling-point/TH-PRTS0057/sample/1368982/observation/0135,TH-PRTS0057,R. THAMES UPSTREAM OF SPELTHORNE CHANNEL INTAKE,-0.4857,51.3897,Thames,THAMES - WEST THAMES,Multiple Values,OPEN,FRESHWATER - RIVERS,2021-11-23T13:48:00,ENVIRONMENTAL MONITORING STATUTORY (EU DIRECTIVES),RIVER / RUNNING SURFACE WATER,0135,"Solids, Suspended at 105 C",3.1,MILLIGRAM PER LITRE
https://environment.data.gov.uk/water-quality/sampling-point/TH-PRTS0057/sample/1368982/observation/0180,TH-PRTS0057,R. THAMES UPSTREAM OF SPELTHORNE CHANNEL INTAKE,-0.4857,51.3897,Thames,THAMES - WEST THAMES,Multiple Values,OPEN,FRESHWATER - RIVERS,2021-11-23T13:48:00,ENVIRONMENTAL MONITORING STATUTORY (EU DIRECTIVES),RIVER / RUNNING SURFACE WATER,0180,"Orthophosphate, reactive as P",0.22,MILLIGRAM PER LITRE
https://environment.data.gov.uk/water-quality/sampling-point/TH-PRTS0057/sample/1368982/observation/2958,TH-PRTS0057,R. THAMES UPSTREAM OF SPELTHORNE CHANNEL INTAKE,-0.4857,51.3897,Thames,THAMES - WEST THAMES,Multiple Values,OPEN,FRESHWATER - RIVERS,2021-11-23T13:48:00,ENVIRONMENTAL MONITORING STATUTORY (EU DIRECTIVES),RIVER / RUNNING SURFACE WATER,2958,Perfluorooctanesulfonic acid (total),0.0072,MICROGRAM PER LITRE
https://environment.data.gov.uk/water-quality/sampling-point/TH-PRTS0057/sample/1368982/observation/2959,TH-PRTS0057,R. THAMES UPSTREAM OF SPELTHORNE CHANNEL INTAKE,-0.4857,51.3897,Thames,THAMES - WEST THAMES,Multiple Values,OPEN,FRESHWATER - RIVERS,2021-11-23T13:48:00,ENVIRONMENTAL MONITORING STATUTORY (EU DIRECTIVES),RIVER / RUNNING SURFACE WATER,2959,Perfluorooctanesulfonic acid (linear),0.0032,MICROGRAM PER LITRE
https://environment.data.gov.uk/water-quality/sampling-point/TH-PRTS0057/sample/1368982/observation/2960,TH-PRTS0057,R. THAMES UPSTREAM OF SPELTHORNE CHANNEL INTAKE,-0.4857,51.3897,Thames,THAMES - WEST THAMES,Multiple Values,OPEN,FRESHWATER - RIVERS,2021-11-23T13:48:00,ENVIRONMENTAL MONITORING STATUTORY (EU DIRECTIVES),RIVER / RUNNING SURFACE WATER,2960,Perfluorooctanesulfonic acid (branched),0.0039,MICROGRAM PER LITRE
https://environment.data.gov.uk/water-quality/sampling-point/TH-PRTS0057/sample/1368982/observation/7608,TH-PRTS0057,R. THAMES UPSTREAM OF SPELTHORNE CHANNEL INTAKE,-0.4857,51.3897,Thames,THAMES - WEST THAMES,Multiple Values,OPEN,FRESHWATER - RIVERS,2021-11-23T13:48:00,ENVIRONMENTAL MONITORING STATUTORY (EU DIRECTIVES),RIVER / RUNNING SURFACE WATER,7608,Salinity : In Situ,0.36,Parts per thousand
https://environment.data.gov.uk/water-quality/sampling-point/TH-PRTS0057/sample/1368982/observation/9274,TH-PRTS0057,R. THAMES UPSTREAM OF SPELTHORNE CHANNEL INTAKE,-0.4857,51.3897,Thames,THAMES - WEST THAMES,Multiple Values,OPEN,FRESHWATER - RIVERS,2021-11-23T13:48:00,ENVIRONMENTAL MONITORING STATUTORY (EU DIRECTIVES),RIVER / RUNNING SURFACE WATER,9274,Perfluorooctanoate anion,0.0023,MICROGRAM PER LITRE
https://environment.data.gov.uk/water-quality/sampling-point/TH-PRTS0057/sample/1368982/observation/9901,TH-PRTS0057,R. THAMES UPSTREAM OF SPELTHORNE CHANNEL INTAKE,-0.4857,51.3897,Thames,THAMES - WEST THAMES,Multiple Values,OPEN,FRESHWATER - RIVERS,2021-11-23T13:48:00,ENVIRONMENTAL MONITORING STATUTORY (EU DIRECTIVES),RIVER / RUNNING SURFACE WATER,9901,"Oxygen, Dissolved, % Saturation",94.2,PERCENTAGE
https://environment.data.gov.uk/water-quality/sampling-point/TH-PRTS0057/sample/1368982/observation/9924,TH-PRTS0057,R. THAMES UPSTREAM OF SPELTHORNE CHANNEL INTAKE,-0.4857,51.3897,Thames,THAMES - WEST THAMES,Multiple Values,OPEN,FRESHWATER - RIVERS,2021-11-23T13:48:00,ENVIRONMENTAL MONITORING STATUTORY (EU DIRECTIVES),RIVER / RUNNING SURFACE WATER,9924,"Oxygen, Dissolved as O2",10.9,MILLIGRAM PER LITRE
https://environment.data.gov.uk/water-quality/sampling-point/TH-PRTS0057/sample/1369637/observation/0061,TH-PRTS0057,R. THAMES UPSTREAM OF SPELTHORNE CHANNEL INTAKE,-0.4857,51.3897,Thames,THAMES - WEST THAMES,Multiple Values,OPEN,FRESHWATER - RIVERS,2021-12-14T13:20:00,ENVIRONMENTAL MONITORING STATUTORY (EU DIRECTIVES),RIVER / RUNNING SURFACE WATER,0061,pH,8.2,PH UNITS
https://environment.data.gov.uk/water-quality/sampling-point/TH-PRTS0057/sample/1369637/observation/0076,TH-PRTS0057,R. THAMES UPSTREAM OF SPELTHORNE CHANNEL INTAKE,-0.4857,51.3897,Thames,THAMES - WEST THAMES,Multiple Values,OPEN,FRESHWATER - RIVERS,2021-12-14T13:20:00,ENVIRONMENTAL MONITORING STATUTORY (EU DIRECTIVES),RIVER / RUNNING SURFACE WATER,0076,Temperature of Water,7.5,CELSIUS
https://environment.data.gov.uk/water-quality/sampling-point/TH-PRTS0057/sample/1369637/observation/0111,TH-PRTS0057,R. THAMES UPSTREAM OF SPELTHORNE CHANNEL INTAKE,-0.4857,51.3897,Thames,THAMES - WEST THAMES,Multiple Values,OPEN,FRESHWATER - RIVERS,2021-12-14T13:20:00,ENVIRONMENTAL MONITORING STATUTORY (EU DIRECTIVES),RIVER / RUNNING SURFACE WATER,0111,Ammoniacal Nitrogen as N,0.036,MILLIGRAM PER LITRE
https://environment.data.gov.uk/water-quality/sampling-point/TH-PRTS0057/sample/1369637/observation/0119,TH-PRTS0057,R. THAMES UPSTREAM OF SPELTHORNE CHANNEL INTAKE,-0.4857,51.3897,Thames,THAMES - WEST THAMES,Multiple Values,OPEN,FRESHWATER - RIVERS,2021-12-14T13:20:00,ENVIRONMENTAL MONITORING STATUTORY (EU DIRECTIVES),RIVER / RUNNING SURFACE WATER,0119,Ammonia un-ionised as N,0.00055,MILLIGRAM PER LITRE
https://environment.data.gov.uk/water-quality/sampling-point/TH-PRTS0057/sample/1369637/observation/0135,TH-PRTS0057,R. THAMES UPSTREAM OF SPELTHORNE CHANNEL INTAKE,-0.4857,51.3897,Thames,THAMES - WEST THAMES,Multiple Values,OPEN,FRESHWATER - RIVERS,2021-12-14T13:20:00,ENVIRONMENTAL MONITORING STATUTORY (EU DIRECTIVES),RIVER / RUNNING SURFACE WATER,0135,"Solids, Suspended at 105 C",8.3,MILLIGRAM PER LITRE
https://environment.data.gov.uk/water-quality/sampling-point/TH-PRTS0057/sample/1369637/observation/0180,TH-PRTS0057,R. THAMES UPSTREAM OF SPELTHORNE CHANNEL INTAKE,-0.4857,51.3897,Thames,THAMES - WEST THAMES,Multiple Values,OPEN,FRESHWATER - RIVERS,2021-12-14T13:20:00,ENVIRONMENTAL MONITORING STATUTORY (EU DIRECTIVES),RIVER / RUNNING SURFACE WATER,0180,"Orthophosphate, reactive as P",0.2,MILLIGRAM PER LITRE
https://environment.data.gov.uk/water-quality/sampling-point/TH-PRTS0057/sample/1369637/observation/2958,TH-PRTS0057,R. THAMES UPSTREAM OF SPELTHORNE CHANNEL INTAKE,-0.4857,51.3897,Thames,THAMES - WEST THAMES,Multiple Values,OPEN,FRESHWATER - RIVERS,2021-12-14T13:20:00,ENVIRONMENTAL MONITORING STATUTORY (EU DIRECTIVES),RIVER / RUNNING SURFACE WATER,2958,Perfluorooctanesulfonic acid (total),0.0073,MICROGRAM PER LITRE
https://environment.data.gov.uk/water-quality/sampling-point/TH-PRTS0057/sample/1369637/observation/2959,TH-PRTS0057,R. THAMES UPSTREAM OF SPELTHORNE CHANNEL INTAKE,-0.4857,51.3897,Thames,THAMES - WEST THAMES,Multiple Values,OPEN,FRESHWATER - RIVERS,2021-12-14T13:20:00,ENVIRONMENTAL MONITORING STATUTORY (EU DIRECTIVES),RIVER / RUNNING SURFACE WATER,2959,Perfluorooctanesulfonic acid (linear),0.0039,MICROGRAM PER LITRE
https://environment.data.gov.uk/water-quality/sampling-point/TH-PRTS0057/sample/1369637/observation/2960,TH-PRTS0057,R. THAMES UPSTREAM OF SPELTHORNE CHANNEL INTAKE,-0.4857,51.3897,Thames,THAMES - WEST THAMES,Multiple Values,OPEN,FRESHWATER - RIVERS,2021-12-14T13:20:00,ENVIRONMENTAL MONITORING STATUTORY (EU DIRECTIVES),RIVER / RUNNING SURFACE WATER,2960,Perfluorooctanesulfonic acid (branched),0.0034,MICROGRAM PER LITRE
https://environment.data.gov.uk/water-quality/sampling-point/TH-PRTS0057/sample/1369637/observation/7608,TH-PRTS0057,R. THAMES UPSTREAM OF SPELTHORNE CHANNEL INTAKE,-0.4857,51.3897,Thames,THAMES - WEST THAMES,Multiple Values,OPEN,FRESHWATER - RIVERS,2021-12-14T13:20:00,ENVIRONMENTAL MONITORING STATUTORY (EU DIRECTIVES),RIVER / RUNNING SURFACE WATER,7608,Salinity : In Situ,0.36,Parts per thousand
https://environment.data.gov.uk/water-quality/sampling-point/TH-PRTS0057/sample/1369637/observation/9274,TH-PRTS0057,R. THAMES UPSTREAM OF SPELTHORNE CHANNEL INTAKE,-0.4857,51.3897,Thames,THAMES - WEST THAMES,Multiple Values,OPEN,FRESHWATER - RIVERS,2021-12-14T13:20:00,ENVIRONMENTAL MONITORING STATUTORY (EU DIRECTIVES),RIVER / RUNNING SURFACE WATER,9274,Perfluorooctanoate anion,0.0026,MICROGRAM PER LITRE
https://environment.data.gov.uk/water-quality/sampling-point/TH-PRTS0057/sample/1369637/observation/9901,TH-PRTS0057,R. THAMES UPSTREAM OF SPELTHORNE CHANNEL INTAKE,-0.4857,51.3897,Thames,THAMES - WEST THAMES,Multiple Values,OPEN,FRESHWATER - RIVERS,2021-12-14T13:20:00,ENVIRONMENTAL MONITORING STATUTORY (EU DIRECTIVES),RIVER / RUNNING SURFACE WATER,9901,"Oxygen, Dissolved, % Saturation",105.3,PERCENTAGE
https://environment.data.gov.uk/water-quality/sampling-point/TH-PRTS0057/sample/1369637/observation/9924,TH-PRTS0057,R. THAMES UPSTREAM OF SPELTHORNE CHANNEL INTAKE,-0.4857,51.3897,Thames,THAMES - WEST THAMES,Multiple Values,OPEN,FRESHWATER - RIVERS,2021-12-14T13:20:00,ENVIRONMENTAL MONITORING STATUTORY (EU DIRECTIVES),RIVER / RUNNING SURFACE WATER,9924,"Oxygen, Dissolved as O2",12.6,MILLIGRAM PER LITRE
https://environment.data.gov.uk/water-quality/sampling-point/TH-PRTS0063/sample/1341874/observation/0061,TH-PRTS0063,R. THAMES U/S OF SPELTHORNE CHANNEL O/F,-0.456,51.3822,Thames,THAMES - WEST THAMES,Multiple Values,OPEN,FRESHWATER - RIVERS,2021-01-28T10:00:00,PLANNED INVESTIGATION (NATIONAL AGENCY POLICY),RIVER / RUNNING SURFACE WATER,0061,pH,8.09,PH UNITS
https://environment.data.gov.uk/water-quality/sampling-point/TH-PRTS0063/sample/1341874/observation/0076,TH-PRTS0063,R. THAMES U/S OF SPELTHORNE CHANNEL O/F,-0.456,51.3822,Thames,THAMES - WEST THAMES,Multiple Values,OPEN,FRESHWATER - RIVERS,2021-01-28T10:00:00,PLANNED INVESTIGATION (NATIONAL AGENCY POLICY),RIVER / RUNNING SURFACE WATER,0076,Temperature of Water,5.1,CELSIUS
https://environment.data.gov.uk/water-quality/sampling-point/TH-PRTS0063/sample/1341874/observation/7608,TH-PRTS0063,R. THAMES U/S OF SPELTHORNE CHANNEL O/F,-0.456,51.3822,Thames,THAMES - WEST THAMES,Multiple Values,OPEN,FRESHWATER - RIVERS,2021-01-28T10:00:00,PLANNED INVESTIGATION (NATIONAL AGENCY POLICY),RIVER / RUNNING SURFACE WATER,7608,Salinity : In Situ,0.29,Parts per thousand
https://environment.data.gov.uk/water-quality/sampling-point/TH-PRTS0063/sample/1341874/observation/9901,TH-PRTS0063,R. THAMES U/S OF SPELTHORNE CHANNEL O/F,-0.456,51.3822,Thames,THAMES - WEST THAMES,Multiple Values,OPEN,FRESHWATER - RIVERS,2021-01-28T10:00:00,PLANNED INVESTIGATION (NATIONAL AGENCY POLICY),RIVER / RUNNING SURFACE WATER,9901,"Oxygen, Dissolved, % Saturation",98.9,PERCENTAGE
https://environment.data.gov.uk/water-quality/sampling-point/TH-PRTS0063/sample/1341874/observation/9924,TH-PRTS0063,R. THAMES U/S OF SPELTHORNE CHANNEL O/F,-0.456,51.3822,Thames,THAMES - WEST THAMES,Multiple Values,OPEN,FRESHWATER - RIVERS,2021-01-28T10:00:00,PLANNED INVESTIGATION (NATIONAL AGENCY POLICY),RIVER / RUNNING SURFACE WATER,9924,"Oxygen, Dissolved as O2",12.6,MILLIGRAM PER LITRE
https://environment.data.gov.uk/water-quality/sampling-point/TH-PRTS0063/sample/1342441/observation/0061,TH-PRTS0063,R. THAMES U/S OF SPELTHORNE CHANNEL O/F,-0.456,51.3822,Thames,THAMES - WEST THAMES,Multiple Values,OPEN,FRESHWATER - RIVERS,2021-02-23T14:00:00,PLANNED INVESTIGATION (NATIONAL AGENCY POLICY),RIVER / RUNNING SURFACE WATER,0061,pH,8.12,PH UNITS
https://environment.data.gov.uk/water-quality/sampling-point/TH-PRTS0063/sample/1342441/observation/0076,TH-PRTS0063,R. THAMES U/S OF SPELTHORNE CHANNEL O/F,-0.456,51.3822,Thames,THAMES - WEST THAMES,Multiple Values,OPEN,FRESHWATER - RIVERS,2021-02-23T14:00:00,PLANNED INVESTIGATION (NATIONAL AGENCY POLICY),RIVER / RUNNING SURFACE WATER,0076,Temperature of Water,9.3,CELSIUS
https://environment.data.gov.uk/water-quality/sampling-point/TH-PRTS0063/sample/1342441/observation/7608,TH-PRTS0063,R. THAMES U/S OF SPELTHORNE CHANNEL O/F,-0.456,51.3822,Thames,THAMES - WEST THAMES,Multiple Values,OPEN,FRESHWATER - RIVERS,2021-02-23T14:00:00,PLANNED INVESTIGATION (NATIONAL AGENCY POLICY),RIVER / RUNNING SURFACE WATER,7608,Salinity : In Situ,0.3,Parts per thousand
https://environment.data.gov.uk/water-quality/sampling-point/TH-PRTS0063/sample/1342441/observation/9901,TH-PRTS0063,R. THAMES U/S OF SPELTHORNE CHANNEL O/F,-0.456,51.3822,Thames,THAMES - WEST THAMES,Multiple Values,OPEN,FRESHWATER - RIVERS,2021-02-23T14:00:00,PLANNED INVESTIGATION (NATIONAL AGENCY POLICY),RIVER / RUNNING SURFACE WATER,9901,"Oxygen, Dissolved, % Saturation",101.5,PERCENTAGE
https://environment.data.gov.uk/water-quality/sampling-point/TH-PRTS0063/sample/1342441/observation/9924,TH-PRTS0063,R. THAMES U/S OF SPELTHORNE CHANNEL O/F,-0.456,51.3822,Thames,THAMES - WEST THAMES,Multiple Values,OPEN,FRESHWATER - RIVERS,2021-02-23T14:00:00,PLANNED INVESTIGATION (NATIONAL AGENCY POLICY),RIVER / RUNNING SURFACE WATER,9924,"Oxygen, Dissolved as O2",11.6,MILLIGRAM PER LITRE
https://environment.data.gov.uk/water-quality/sampling-point/TH-PRTS0063/sample/1345429/observation/0061,TH-PRTS0063,R. THAMES U/S OF SPELTHORNE CHANNEL O/F,-0.456,51.3822,Thames,THAMES - WEST THAMES,Multiple Values,OPEN,FRESHWATER - RIVERS,2021-03-23T11:25:00,PLANNED INVESTIGATION (NATIONAL AGENCY POLICY),RIVER / RUNNING SURFACE WATER,0061,pH,8.17,PH UNITS
https://environment.data.gov.uk/water-quality/sampling-point/TH-PRTS0063/sample/1345429/observation/0076,TH-PRTS0063,R. THAMES U/S OF SPELTHORNE CHANNEL O/F,-0.456,51.3822,Thames,THAMES - WEST THAMES,Multiple Values,OPEN,FRESHWATER - RIVERS,2021-03-23T11:25:00,PLANNED INVESTIGATION (NATIONAL AGENCY POLICY),RIVER / RUNNING SURFACE WATER,0076,Temperature of Water,9.7,CELSIUS
https://environment.data.gov.uk/water-quality/sampling-point/TH-PRTS0063/sample/1345429/observation/7608,TH-PRTS0063,R. THAMES U/S OF SPELTHORNE CHANNEL O/F,-0.456,51.3822,Thames,THAMES - WEST THAMES,Multiple Values,OPEN,FRESHWATER - RIVERS,2021-03-23T11:25:00,PLANNED INVESTIGATION (NATIONAL AGENCY POLICY),RIVER / RUNNING SURFACE WATER,7608,Salinity : In Situ,0.32,Parts per thousand
https://environment.data.gov.uk/water-quality/sampling-point/TH-PRTS0063/sample/1345429/observation/9901,TH-PRTS0063,R. THAMES U/S OF SPELTHORNE CHANNEL O/F,-0.456,51.3822,Thames,THAMES - WEST THAMES,Multiple Values,OPEN,FRESHWATER - RIVERS,2021-03-23T11:25:00,PLANNED INVESTIGATION (NATIONAL AGENCY POLICY),RIVER / RUNNING SURFACE WATER,9901,"Oxygen, Dissolved, % Saturation",102.3,PERCENTAGE
https://environment.data.gov.uk/water-quality/sampling-point/TH-PRTS0063/sample/1345429/observation/9924,TH-PRTS0063,R. THAMES U/S OF SPELTHORNE CHANNEL O/F,-0.456,51.3822,Thames,THAMES - WEST THAMES,Multiple Values,OPEN,FRESHWATER - RIVERS,2021-03-23T11:25:00,PLANNED INVESTIGATION (NATIONAL AGENCY POLICY),RIVER / RUNNING SURFACE WATER,9924,"Oxygen, Dissolved as O2",11.6,MILLIGRAM PER LITRE
https://environment.data.gov.uk/water-quality/sampling-point/TH-PRTS0063/sample/1349187/observation/0061,TH-PRTS0063,R. THAMES U/S OF SPELTHORNE CHANNEL O/F,-0.456,51.3822,Thames,THAMES - WEST THAMES,Multiple Values,OPEN,FRESHWATER - RIVERS,2021-04-29T13:25:00,PLANNED INVESTIGATION (NATIONAL AGENCY POLICY),RIVER / RUNNING SURFACE WATER,0061,pH,8.49,PH UNITS
https://environment.data.gov.uk/water-quality/sampling-point/TH-PRTS0063/sample/1349187/observation/0076,TH-PRTS0063,R. THAMES U/S OF SPELTHORNE CHANNEL O/F,-0.456,51.3822,Thames,THAMES - WEST THAMES,Multiple Values,OPEN,FRESHWATER - RIVERS,2021-04-29T13:25:00,PLANNED INVESTIGATION (NATIONAL AGENCY POLICY),RIVER / RUNNING SURFACE WATER,0076,Temperature of Water,11.3,CELSIUS
https://environment.data.gov.uk/water-quality/sampling-point/TH-PRTS0063/sample/1349187/observation/7608,TH-PRTS0063,R. THAMES U/S OF SPELTHORNE CHANNEL O/F,-0.456,51.3822,Thames,THAMES - WEST THAMES,Multiple Values,OPEN,FRESHWATER - RIVERS,2021-04-29T13:25:00,PLANNED INVESTIGATION (NATIONAL AGENCY POLICY),RIVER / RUNNING SURFACE WATER,7608,Salinity : In Situ,0.28,Parts per thousand
https://environment.data.gov.uk/water-quality/sampling-point/TH-PRTS0063/sample/1349187/observation/9901,TH-PRTS0063,R. THAMES U/S OF SPELTHORNE CHANNEL O/F,-0.456,51.3822,Thames,THAMES - WEST THAMES,Multiple Values,OPEN,FRESHWATER - RIVERS,2021-04-29T13:25:00,PLANNED INVESTIGATION (NATIONAL AGENCY POLICY),RIVER / RUNNING SURFACE WATER,9901,"Oxygen, Dissolved, % Saturation",100.4,PERCENTAGE
https://environment.data.gov.uk/water-quality/sampling-point/TH-PRTS0063/sample/1349187/observation/9924,TH-PRTS0063,R. THAMES U/S OF SPELTHORNE CHANNEL O/F,-0.456,51.3822,Thames,THAMES - WEST THAMES,Multiple Values,OPEN,FRESHWATER - RIVERS,2021-04-29T13:25:00,PLANNED INVESTIGATION (NATIONAL AGENCY POLICY),RIVER / RUNNING SURFACE WATER,9924,"Oxygen, Dissolved as O2",11,MILLIGRAM PER LITRE
https://environment.data.gov.uk/water-quality/sampling-point/TH-PRTS0063/sample/1349541/observation/0061,TH-PRTS0063,R. THAMES U/S OF SPELTHORNE CHANNEL O/F,-0.456,51.3822,Thames,THAMES - WEST THAMES,Multiple Values,OPEN,FRESHWATER - RIVERS,2021-05-17T14:35:00,ENVIRONMENTAL MONITORING STATUTORY (EU DIRECTIVES),RIVER / RUNNING SURFACE WATER,0061,pH,8.33,PH UNITS
https://environment.data.gov.uk/water-quality/sampling-point/TH-PRTS0063/sample/1349541/observation/0076,TH-PRTS0063,R. THAMES U/S OF SPELTHORNE CHANNEL O/F,-0.456,51.3822,Thames,THAMES - WEST THAMES,Multiple Values,OPEN,FRESHWATER - RIVERS,2021-05-17T14:35:00,ENVIRONMENTAL MONITORING STATUTORY (EU DIRECTIVES),RIVER / RUNNING SURFACE WATER,0076,Temperature of Water,13.7,CELSIUS
https://environment.data.gov.uk/water-quality/sampling-point/TH-PRTS0063/sample/1349541/observation/0111,TH-PRTS0063,R. THAMES U/S OF SPELTHORNE CHANNEL O/F,-0.456,51.3822,Thames,THAMES - WEST THAMES,Multiple Values,OPEN,FRESHWATER - RIVERS,2021-05-17T14:35:00,ENVIRONMENTAL MONITORING STATUTORY (EU DIRECTIVES),RIVER / RUNNING SURFACE WATER,0111,Ammoniacal Nitrogen as N,<0.5,MILLIGRAM PER LITRE
https://environment.data.gov.uk/water-quality/sampling-point/TH-PRTS0063/sample/1349541/observation/0119,TH-PRTS0063,R. THAMES U/S OF SPELTHORNE CHANNEL O/F,-0.456,51.3822,Thames,THAMES - WEST THAMES,Multiple Values,OPEN,FRESHWATER - RIVERS,2021-05-17T14:35:00,ENVIRONMENTAL MONITORING STATUTORY (EU DIRECTIVES),RIVER / RUNNING SURFACE WATER,0119,Ammonia un-ionised as N,<0.0119,MILLIGRAM PER LITRE
https://environment.data.gov.uk/water-quality/sampling-point/TH-PRTS0063/sample/1349541/observation/0135,TH-PRTS0063,R. THAMES U/S OF SPELTHORNE CHANNEL O/F,-0.456,51.3822,Thames,THAMES - WEST THAMES,Multiple Values,OPEN,FRESHWATER - RIVERS,2021-05-17T14:35:00,ENVIRONMENTAL MONITORING STATUTORY (EU DIRECTIVES),RIVER / RUNNING SURFACE WATER,0135,"Solids, Suspended at 105 C",30,MILLIGRAM PER LITRE
https://environment.data.gov.uk/water-quality/sampling-point/TH-PRTS0063/sample/1349541/observation/0180,TH-PRTS0063,R. THAMES U/S OF SPELTHORNE CHANNEL O/F,-0.456,51.3822,Thames,THAMES - WEST THAMES,Multiple Values,OPEN,FRESHWATER - RIVERS,2021-05-17T14:35:00,ENVIRONMENTAL MONITORING STATUTORY (EU DIRECTIVES),RIVER / RUNNING SURFACE WATER,0180,"Orthophosphate, reactive as P",0.14,MILLIGRAM PER LITRE
https://environment.data.gov.uk/water-quality/sampling-point/TH-PRTS0063/sample/1349541/observation/7608,TH-PRTS0063,R. THAMES U/S OF SPELTHORNE CHANNEL O/F,-0.456,51.3822,Thames,THAMES - WEST THAMES,Multiple Values,OPEN,FRESHWATER - RIVERS,2021-05-17T14:35:00,ENVIRONMENTAL MONITORING STATUTORY (EU DIRECTIVES),RIVER / RUNNING SURFACE WATER,7608,Salinity : In Situ,0.31,Parts per thousand
https://environment.data.gov.uk/water-quality/sampling-point/TH-PRTS0063/sample/1349541/observation/9901,TH-PRTS0063,R. THAMES U/S OF SPELTHORNE CHANNEL O/F,-0.456,51.3822,Thames,THAMES - WEST THAMES,Multiple Values,OPEN,FRESHWATER - RIVERS,2021-05-17T14:35:00,ENVIRONMENTAL MONITORING STATUTORY (EU DIRECTIVES),RIVER / RUNNING SURFACE WATER,9901,"Oxygen, Dissolved, % Saturation",103.1,PERCENTAGE
https://environment.data.gov.uk/water-quality/sampling-point/TH-PRTS0063/sample/1349541/observation/9924,TH-PRTS0063,R. THAMES U/S OF SPELTHORNE CHANNEL O/F,-0.456,51.3822,Thames,THAMES - WEST THAMES,Multiple Values,OPEN,FRESHWATER - RIVERS,2021-05-17T14:35:00,ENVIRONMENTAL MONITORING STATUTORY (EU DIRECTIVES),RIVER / RUNNING SURFACE WATER,9924,"Oxygen, Dissolved as O2",10.7,MILLIGRAM PER LITRE
https://environment.data.gov.uk/water-quality/sampling-point/TH-PRTS0063/sample/1359646/observation/0061,TH-PRTS0063,R. THAMES U/S OF SPELTHORNE CHANNEL O/F,-0.456,51.3822,Thames,THAMES - WEST THAMES,Multiple Values,OPEN,FRESHWATER - RIVERS,2021-06-24T13:00:00,ENVIRONMENTAL MONITORING STATUTORY (EU DIRECTIVES),RIVER / RUNNING SURFACE WATER,0061,pH,7.94,PH UNITS
https://environment.data.gov.uk/water-quality/sampling-point/TH-PRTS0063/sample/1359646/observation/0076,TH-PRTS0063,R. THAMES U/S OF SPELTHORNE CHANNEL O/F,-0.456,51.3822,Thames,THAMES - WEST THAMES,Multiple Values,OPEN,FRESHWATER - RIVERS,2021-06-24T13:00:00,ENVIRONMENTAL MONITORING STATUTORY (EU DIRECTIVES),RIVER / RUNNING SURFACE WATER,0076,Temperature of Water,16.5,CELSIUS
https://environment.data.gov.uk/water-quality/sampling-point/TH-PRTS0063/sample/1359646/observation/0111,TH-PRTS0063,R. THAMES U/S OF SPELTHORNE CHANNEL O/F,-0.456,51.3822,Thames,THAMES - WEST THAMES,Multiple Values,OPEN,FRESHWATER - RIVERS,2021-06-24T13:00:00,ENVIRONMENTAL MONITORING STATUTORY (EU DIRECTIVES),RIVER / RUNNING SURFACE WATER,0111,Ammoniacal Nitrogen as N,<0.5,MILLIGRAM PER LITRE
https://environment.data.gov.uk/water-quality/sampling-point/TH-PRTS0063/sample/1359646/observation/0119,TH-PRTS0063,R. THAMES U/S OF SPELTHORNE CHANNEL O/F,-0.456,51.3822,Thames,THAMES - WEST THAMES,Multiple Values,OPEN,FRESHWATER - RIVERS,2021-06-24T13:00:00,ENVIRONMENTAL MONITORING STATUTORY (EU DIRECTIVES),RIVER / RUNNING SURFACE WATER,0119,Ammonia un-ionised as N,<0.0128,MILLIGRAM PER LITRE
https://environment.data.gov.uk/water-quality/sampling-point/TH-PRTS0063/sample/1359646/observation/0135,TH-PRTS0063,R. THAMES U/S OF SPELTHORNE CHANNEL O/F,-0.456,51.3822,Thames,THAMES - WEST THAMES,Multiple Values,OPEN,FRESHWATER - RIVERS,2021-06-24T13:00:00,ENVIRONMENTAL MONITORING STATUTORY (EU DIRECTIVES),RIVER / RUNNING SURFACE WATER,0135,"Solids, Suspended at 105 C",8.9,MILLIGRAM PER LITRE
https://environment.data.gov.uk/water-quality/sampling-point/TH-PRTS0063/sample/1359646/observation/0180,TH-PRTS0063,R. THAMES U/S OF SPELTHORNE CHANNEL O/F,-0.456,51.3822,Thames,THAMES - WEST THAMES,Multiple Values,OPEN,FRESHWATER - RIVERS,2021-06-24T13:00:00,ENVIRONMENTAL MONITORING STATUTORY (EU DIRECTIVES),RIVER / RUNNING SURFACE WATER,0180,"Orthophosphate, reactive as P",0.2,MILLIGRAM PER LITRE
https://environment.data.gov.uk/water-quality/sampling-point/TH-PRTS0063/sample/1359646/observation/7608,TH-PRTS0063,R. THAMES U/S OF SPELTHORNE CHANNEL O/F,-0.456,51.3822,Thames,THAMES - WEST THAMES,Multiple Values,OPEN,FRESHWATER - RIVERS,2021-06-24T13:00:00,ENVIRONMENTAL MONITORING STATUTORY (EU DIRECTIVES),RIVER / RUNNING SURFACE WATER,7608,Salinity : In Situ,0.25,Parts per thousand
https://environment.data.gov.uk/water-quality/sampling-point/TH-PRTS0063/sample/1359646/observation/9274,TH-PRTS0063,R. THAMES U/S OF SPELTHORNE CHANNEL O/F,-0.456,51.3822,Thames,THAMES - WEST THAMES,Multiple Values,OPEN,FRESHWATER - RIVERS,2021-06-24T13:00:00,ENVIRONMENTAL MONITORING STATUTORY (EU DIRECTIVES),RIVER / RUNNING SURFACE WATER,9274,Perfluorooctanoate anion,0.0033,MICROGRAM PER LITRE
https://environment.data.gov.uk/water-quality/sampling-point/TH-PRTS0063/sample/1359646/observation/9276,TH-PRTS0063,R. THAMES U/S OF SPELTHORNE CHANNEL O/F,-0.456,51.3822,Thames,THAMES - WEST THAMES,Multiple Values,OPEN,FRESHWATER - RIVERS,2021-06-24T13:00:00,ENVIRONMENTAL MONITORING STATUTORY (EU DIRECTIVES),RIVER / RUNNING SURFACE WATER,9276,Perfluorooctylsulphonate anion,0.0058,MICROGRAM PER LITRE
https://environment.data.gov.uk/water-quality/sampling-point/TH-PRTS0063/sample/1359646/observation/9901,TH-PRTS0063,R. THAMES U/S OF SPELTHORNE CHANNEL O/F,-0.456,51.3822,Thames,THAMES - WEST THAMES,Multiple Values,OPEN,FRESHWATER - RIVERS,2021-06-24T13:00:00,ENVIRONMENTAL MONITORING STATUTORY (EU DIRECTIVES),RIVER / RUNNING SURFACE WATER,9901,"Oxygen, Dissolved, % Saturation",94.5,PERCENTAGE
https://environment.data.gov.uk/water-quality/sampling-point/TH-PRTS0063/sample/1359646/observation/9924,TH-PRTS0063,R. THAMES U/S OF SPELTHORNE CHANNEL O/F,-0.456,51.3822,Thames,THAMES - WEST THAMES,Multiple Values,OPEN,FRESHWATER - RIVERS,2021-06-24T13:00:00,ENVIRONMENTAL MONITORING STATUTORY (EU DIRECTIVES),RIVER / RUNNING SURFACE WATER,9924,"Oxygen, Dissolved as O2",9.19,MILLIGRAM PER LITRE
https://environment.data.gov.uk/water-quality/sampling-point/TH-PRTS0063/sample/1360356/observation/0061,TH-PRTS0063,R. THAMES U/S OF SPELTHORNE CHANNEL O/F,-0.456,51.3822,Thames,THAMES - WEST THAMES,Multiple Values,OPEN,FRESHWATER - RIVERS,2021-07-20T13:32:00,ENVIRONMENTAL MONITORING STATUTORY (EU DIRECTIVES),RIVER / RUNNING SURFACE WATER,0061,pH,8.05,PH UNITS
https://environment.data.gov.uk/water-quality/sampling-point/TH-PRTS0063/sample/1360356/observation/0076,TH-PRTS0063,R. THAMES U/S OF SPELTHORNE CHANNEL O/F,-0.456,51.3822,Thames,THAMES - WEST THAMES,Multiple Values,OPEN,FRESHWATER - RIVERS,2021-07-20T13:32:00,ENVIRONMENTAL MONITORING STATUTORY (EU DIRECTIVES),RIVER / RUNNING SURFACE WATER,0076,Temperature of Water,23,CELSIUS
https://environment.data.gov.uk/water-quality/sampling-point/TH-PRTS0063/sample/1360356/observation/0111,TH-PRTS0063,R. THAMES U/S OF SPELTHORNE CHANNEL O/F,-0.456,51.3822,Thames,THAMES - WEST THAMES,Multiple Values,OPEN,FRESHWATER - RIVERS,2021-07-20T13:32:00,ENVIRONMENTAL MONITORING STATUTORY (EU DIRECTIVES),RIVER / RUNNING SURFACE WATER,0111,Ammoniacal Nitrogen as N,<0.03,MILLIGRAM PER LITRE
https://environment.data.gov.uk/water-quality/sampling-point/TH-PRTS0063/sample/1360356/observation/0119,TH-PRTS0063,R. THAMES U/S OF SPELTHORNE CHANNEL O/F,-0.456,51.3822,Thames,THAMES - WEST THAMES,Multiple Values,OPEN,FRESHWATER - RIVERS,2021-07-20T13:32:00,ENVIRONMENTAL MONITORING STATUTORY (EU DIRECTIVES),RIVER / RUNNING SURFACE WATER,0119,Ammonia un-ionised as N,<0.0014,MILLIGRAM PER LITRE
https://environment.data.gov.uk/water-quality/sampling-point/TH-PRTS0063/sample/1360356/observation/0135,TH-PRTS0063,R. THAMES U/S OF SPELTHORNE CHANNEL O/F,-0.456,51.3822,Thames,THAMES - WEST THAMES,Multiple Values,OPEN,FRESHWATER - RIVERS,2021-07-20T13:32:00,ENVIRONMENTAL MONITORING STATUTORY (EU DIRECTIVES),RIVER / RUNNING SURFACE WATER,0135,"Solids, Suspended at 105 C",6,MILLIGRAM PER LITRE
https://environment.data.gov.uk/water-quality/sampling-point/TH-PRTS0063/sample/1360356/observation/0180,TH-PRTS0063,R. THAMES U/S OF SPELTHORNE CHANNEL O/F,-0.456,51.3822,Thames,THAMES - WEST THAMES,Multiple Values,OPEN,FRESHWATER - RIVERS,2021-07-20T13:32:00,ENVIRONMENTAL MONITORING STATUTORY (EU DIRECTIVES),RIVER / RUNNING SURFACE WATER,0180,"Orthophosphate, reactive as P",0.2,MILLIGRAM PER LITRE
https://environment.data.gov.uk/water-quality/sampling-point/TH-PRTS0063/sample/1360356/observation/2958,TH-PRTS0063,R. THAMES U/S OF SPELTHORNE CHANNEL O/F,-0.456,51.3822,Thames,THAMES - WEST THAMES,Multiple Values,OPEN,FRESHWATER - RIVERS,2021-07-20T13:32:00,ENVIRONMENTAL MONITORING STATUTORY (EU DIRECTIVES),RIVER / RUNNING SURFACE WATER,2958,Perfluorooctanesulfonic acid (total),0.0074,MICROGRAM PER LITRE
https://environment.data.gov.uk/water-quality/sampling-point/TH-PRTS0063/sample/1360356/observation/2959,TH-PRTS0063,R. THAMES U/S OF SPELTHORNE CHANNEL O/F,-0.456,51.3822,Thames,THAMES - WEST THAMES,Multiple Values,OPEN,FRESHWATER - RIVERS,2021-07-20T13:32:00,ENVIRONMENTAL MONITORING STATUTORY (EU DIRECTIVES),RIVER / RUNNING SURFACE WATER,2959,Perfluorooctanesulfonic acid (linear),0.0042,MICROGRAM PER LITRE
https://environment.data.gov.uk/water-quality/sampling-point/TH-PRTS0063/sample/1360356/observation/2960,TH-PRTS0063,R. THAMES U/S OF SPELTHORNE CHANNEL O/F,-0.456,51.3822,Thames,THAMES - WEST THAMES,Multiple Values,OPEN,FRESHWATER - RIVERS,2021-07-20T13:32:00,ENVIRONMENTAL MONITORING STATUTORY (EU DIRECTIVES),RIVER / RUNNING SURFACE WATER,2960,Perfluorooctanesulfonic acid (branched),0.0032,MICROGRAM PER LITRE
https://environment.data.gov.uk/water-quality/sampling-point/TH-PRTS0063/sample/1360356/observation/7608,TH-PRTS0063,R. THAMES U/S OF SPELTHORNE CHANNEL O/F,-0.456,51.3822,Thames,THAMES - WEST THAMES,Multiple Values,OPEN,FRESHWATER - RIVERS,2021-07-20T13:32:00,ENVIRONMENTAL MONITORING STATUTORY (EU DIRECTIVES),RIVER / RUNNING SURFACE WATER,7608,Salinity : In Situ,0.32,Parts per thousand
https://environment.data.gov.uk/water-quality/sampling-point/TH-PRTS0063/sample/1360356/observation/9274,TH-PRTS0063,R. THAMES U/S OF SPELTHORNE CHANNEL O/F,-0.456,51.3822,Thames,THAMES - WEST THAMES,Multiple Values,OPEN,FRESHWATER - RIVERS,2021-07-20T13:32:00,ENVIRONMENTAL MONITORING STATUTORY (EU DIRECTIVES),RIVER / RUNNING SURFACE WATER,9274,Perfluorooctanoate anion,0.0047,MICROGRAM PER LITRE
https://environment.data.gov.uk/water-quality/sampling-point/TH-PRTS0063/sample/1360356/observation/9901,TH-PRTS0063,R. THAMES U/S OF SPELTHORNE CHANNEL O/F,-0.456,51.3822,Thames,THAMES - WEST THAMES,Multiple Values,OPEN,FRESHWATER - RIVERS,2021-07-20T13:32:00,ENVIRONMENTAL MONITORING STATUTORY (EU DIRECTIVES),RIVER / RUNNING SURFACE WATER,9901,"Oxygen, Dissolved, % Saturation",88.7,PERCENTAGE
https://environment.data.gov.uk/water-quality/sampling-point/TH-PRTS0063/sample/1360356/observation/9924,TH-PRTS0063,R. THAMES U/S OF SPELTHORNE CHANNEL O/F,-0.456,51.3822,Thames,THAMES - WEST THAMES,Multiple Values,OPEN,FRESHWATER - RIVERS,2021-07-20T13:32:00,ENVIRONMENTAL MONITORING STATUTORY (EU DIRECTIVES),RIVER / RUNNING SURFACE WATER,9924,"Oxygen, Dissolved as O2",7.58,MILLIGRAM PER LITRE
https://environment.data.gov.uk/water-quality/sampling-point/TH-PRTS0063/sample/1362276/observation/0061,TH-PRTS0063,R. THAMES U/S OF SPELTHORNE CHANNEL O/F,-0.456,51.3822,Thames,THAMES - WEST THAMES,Multiple Values,OPEN,FRESHWATER - RIVERS,2021-08-26T13:23:00,ENVIRONMENTAL MONITORING STATUTORY (EU DIRECTIVES),RIVER / RUNNING SURFACE WATER,0061,pH,8.41,PH UNITS
https://environment.data.gov.uk/water-quality/sampling-point/TH-PRTS0063/sample/1362276/observation/0076,TH-PRTS0063,R. THAMES U/S OF SPELTHORNE CHANNEL O/F,-0.456,51.3822,Thames,THAMES - WEST THAMES,Multiple Values,OPEN,FRESHWATER - RIVERS,2021-08-26T13:23:00,ENVIRONMENTAL MONITORING STATUTORY (EU DIRECTIVES),RIVER / RUNNING SURFACE WATER,0076,Temperature of Water,18.1,CELSIUS
https://environment.data.gov.uk/water-quality/sampling-point/TH-PRTS0063/sample/1362276/observation/0111,TH-PRTS0063,R. THAMES U/S OF SPELTHORNE CHANNEL O/F,-0.456,51.3822,Thames,THAMES - WEST THAMES,Multiple Values,OPEN,FRESHWATER - RIVERS,2021-08-26T13:23:00,ENVIRONMENTAL MONITORING STATUTORY (EU DIRECTIVES),RIVER / RUNNING SURFACE WATER,0111,Ammoniacal Nitrogen as N,<0.03,MILLIGRAM PER LITRE
https://environment.data.gov.uk/water-quality/sampling-point/TH-PRTS0063/sample/1362276/observation/0119,TH-PRTS0063,R. THAMES U/S OF SPELTHORNE CHANNEL O/F,-0.456,51.3822,Thames,THAMES - WEST THAMES,Multiple Values,OPEN,FRESHWATER - RIVERS,2021-08-26T13:23:00,ENVIRONMENTAL MONITORING STATUTORY (EU DIRECTIVES),RIVER / RUNNING SURFACE WATER,0119,Ammonia un-ionised as N,<0.00099,MILLIGRAM PER LITRE
https://environment.data.gov.uk/water-quality/sampling-point/TH-PRTS0063/sample/1362276/observation/0135,TH-PRTS0063,R. THAMES U/S OF SPELTHORNE CHANNEL O/F,-0.456,51.3822,Thames,THAMES - WEST THAMES,Multiple Values,OPEN,FRESHWATER - RIVERS,2021-08-26T13:23:00,ENVIRONMENTAL MONITORING STATUTORY (EU DIRECTIVES),RIVER / RUNNING SURFACE WATER,0135,"Solids, Suspended at 105 C",6.1,MILLIGRAM PER LITRE
https://environment.data.gov.uk/water-quality/sampling-point/TH-PRTS0063/sample/1362276/observation/0180,TH-PRTS0063,R. THAMES U/S OF SPELTHORNE CHANNEL O/F,-0.456,51.3822,Thames,THAMES - WEST THAMES,Multiple Values,OPEN,FRESHWATER - RIVERS,2021-08-26T13:23:00,ENVIRONMENTAL MONITORING STATUTORY (EU DIRECTIVES),RIVER / RUNNING SURFACE WATER,0180,"Orthophosphate, reactive as P",0.16,MILLIGRAM PER LITRE
https://environment.data.gov.uk/water-quality/sampling-point/TH-PRTS0063/sample/1362276/observation/2958,TH-PRTS0063,R. THAMES U/S OF SPELTHORNE CHANNEL O/F,-0.456,51.3822,Thames,THAMES - WEST THAMES,Multiple Values,OPEN,FRESHWATER - RIVERS,2021-08-26T13:23:00,ENVIRONMENTAL MONITORING STATUTORY (EU DIRECTIVES),RIVER / RUNNING SURFACE WATER,2958,Perfluorooctanesulfonic acid (total),0.0062,MICROGRAM PER LITRE
https://environment.data.gov.uk/water-quality/sampling-point/TH-PRTS0063/sample/1362276/observation/2959,TH-PRTS0063,R. THAMES U/S OF SPELTHORNE CHANNEL O/F,-0.456,51.3822,Thames,THAMES - WEST THAMES,Multiple Values,OPEN,FRESHWATER - RIVERS,2021-08-26T13:23:00,ENVIRONMENTAL MONITORING STATUTORY (EU DIRECTIVES),RIVER / RUNNING SURFACE WATER,2959,Perfluorooctanesulfonic acid (linear),0.0031,MICROGRAM PER LITRE
https://environment.data.gov.uk/water-quality/sampling-point/TH-PRTS0063/sample/1362276/observation/2960,TH-PRTS0063,R. THAMES U/S OF SPELTHORNE CHANNEL O/F,-0.456,51.3822,Thames,THAMES - WEST THAMES,Multiple Values,OPEN,FRESHWATER - RIVERS,2021-08-26T13:23:00,ENVIRONMENTAL MONITORING STATUTORY (EU DIRECTIVES),RIVER / RUNNING SURFACE WATER,2960,Perfluorooctanesulfonic acid (branched),0.0031,MICROGRAM PER LITRE
https://environment.data.gov.uk/water-quality/sampling-point/TH-PRTS0063/sample/1362276/observation/7608,TH-PRTS0063,R. THAMES U/S OF SPELTHORNE CHANNEL O/F,-0.456,51.3822,Thames,THAMES - WEST THAMES,Multiple Values,OPEN,FRESHWATER - RIVERS,2021-08-26T13:23:00,ENVIRONMENTAL MONITORING STATUTORY (EU DIRECTIVES),RIVER / RUNNING SURFACE WATER,7608,Salinity : In Situ,0.3,Parts per thousand
https://environment.data.gov.uk/water-quality/sampling-point/TH-PRTS0063/sample/1362276/observation/9274,TH-PRTS0063,R. THAMES U/S OF SPELTHORNE CHANNEL O/F,-0.456,51.3822,Thames,THAMES - WEST THAMES,Multiple Values,OPEN,FRESHWATER - RIVERS,2021-08-26T13:23:00,ENVIRONMENTAL MONITORING STATUTORY (EU DIRECTIVES),RIVER / RUNNING SURFACE WATER,9274,Perfluorooctanoate anion,0.0032,MICROGRAM PER LITRE
https://environment.data.gov.uk/water-quality/sampling-point/TH-PRTS0063/sample/1362276/observation/9276,TH-PRTS0063,R. THAMES U/S OF SPELTHORNE CHANNEL O/F,-0.456,51.3822,Thames,THAMES - WEST THAMES,Multiple Values,OPEN,FRESHWATER - RIVERS,2021-08-26T13:23:00,ENVIRONMENTAL MONITORING STATUTORY (EU DIRECTIVES),RIVER / RUNNING SURFACE WATER,9276,Perfluorooctylsulphonate anion,0.0048,MICROGRAM PER LITRE
https://environment.data.gov.uk/water-quality/sampling-point/TH-PRTS0063/sample/1362276/observation/9901,TH-PRTS0063,R. THAMES U/S OF SPELTHORNE CHANNEL O/F,-0.456,51.3822,Thames,THAMES - WEST THAMES,Multiple Values,OPEN,FRESHWATER - RIVERS,2021-08-26T13:23:00,ENVIRONMENTAL MONITORING STATUTORY (EU DIRECTIVES),RIVER / RUNNING SURFACE WATER,9901,"Oxygen, Dissolved, % Saturation",96.4,PERCENTAGE
https://environment.data.gov.uk/water-quality/sampling-point/TH-PRTS0063/sample/1362276/observation/9924,TH-PRTS0063,R. THAMES U/S OF SPELTHORNE CHANNEL O/F,-0.456,51.3822,Thames,THAMES - WEST THAMES,Multiple Values,OPEN,FRESHWATER - RIVERS,2021-08-26T13:23:00,ENVIRONMENTAL MONITORING STATUTORY (EU DIRECTIVES),RIVER / RUNNING SURFACE WATER,9924,"Oxygen, Dissolved as O2",9.07,MILLIGRAM PER LITRE
https://environment.data.gov.uk/water-quality/sampling-point/TH-PRTS0063/sample/1366101/observation/0061,TH-PRTS0063,R. THAMES U/S OF SPELTHORNE CHANNEL O/F,-0.456,51.3822,Thames,THAMES - WEST THAMES,Multiple Values,OPEN,FRESHWATER - RIVERS,2021-09-24T14:18:00,ENVIRONMENTAL MONITORING STATUTORY (EU DIRECTIVES),RIVER / RUNNING SURFACE WATER,0061,pH,8.1,PH UNITS
https://environment.data.gov.uk/water-quality/sampling-point/TH-PRTS0063/sample/1366101/observation/0076,TH-PRTS0063,R. THAMES U/S OF SPELTHORNE CHANNEL O/F,-0.456,51.3822,Thames,THAMES - WEST THAMES,Multiple Values,OPEN,FRESHWATER - RIVERS,2021-09-24T14:18:00,ENVIRONMENTAL MONITORING STATUTORY (EU DIRECTIVES),RIVER / RUNNING SURFACE WATER,0076,Temperature of Water,17,CELSIUS
https://environment.data.gov.uk/water-quality/sampling-point/TH-PRTS0063/sample/1366101/observation/0111,TH-PRTS0063,R. THAMES U/S OF SPELTHORNE CHANNEL O/F,-0.456,51.3822,Thames,THAMES - WEST THAMES,Multiple Values,OPEN,FRESHWATER - RIVERS,2021-09-24T14:18:00,ENVIRONMENTAL MONITORING STATUTORY (EU DIRECTIVES),RIVER / RUNNING SURFACE WATER,0111,Ammoniacal Nitrogen as N,0.032,MILLIGRAM PER LITRE
https://environment.data.gov.uk/water-quality/sampling-point/TH-PRTS0063/sample/1366101/observation/0119,TH-PRTS0063,R. THAMES U/S OF SPELTHORNE CHANNEL O/F,-0.456,51.3822,Thames,THAMES - WEST THAMES,Multiple Values,OPEN,FRESHWATER - RIVERS,2021-09-24T14:18:00,ENVIRONMENTAL MONITORING STATUTORY (EU DIRECTIVES),RIVER / RUNNING SURFACE WATER,0119,Ammonia un-ionised as N,0.00097,MILLIGRAM PER LITRE
https://environment.data.gov.uk/water-quality/sampling-point/TH-PRTS0063/sample/1366101/observation/0135,TH-PRTS0063,R. THAMES U/S OF SPELTHORNE CHANNEL O/F,-0.456,51.3822,Thames,THAMES - WEST THAMES,Multiple Values,OPEN,FRESHWATER - RIVERS,2021-09-24T14:18:00,ENVIRONMENTAL MONITORING STATUTORY (EU DIRECTIVES),RIVER / RUNNING SURFACE WATER,0135,"Solids, Suspended at 105 C",4.4,MILLIGRAM PER LITRE
https://environment.data.gov.uk/water-quality/sampling-point/TH-PRTS0063/sample/1366101/observation/0180,TH-PRTS0063,R. THAMES U/S OF SPELTHORNE CHANNEL O/F,-0.456,51.3822,Thames,THAMES - WEST THAMES,Multiple Values,OPEN,FRESHWATER - RIVERS,2021-09-24T14:18:00,ENVIRONMENTAL MONITORING STATUTORY (EU DIRECTIVES),RIVER / RUNNING SURFACE WATER,0180,"Orthophosphate, reactive as P",0.26,MILLIGRAM PER LITRE
https://environment.data.gov.uk/water-quality/sampling-point/TH-PRTS0063/sample/1366101/observation/2958,TH-PRTS0063,R. THAMES U/S OF SPELTHORNE CHANNEL O/F,-0.456,51.3822,Thames,THAMES - WEST THAMES,Multiple Values,OPEN,FRESHWATER - RIVERS,2021-09-24T14:18:00,ENVIRONMENTAL MONITORING STATUTORY (EU DIRECTIVES),RIVER / RUNNING SURFACE WATER,2958,Perfluorooctanesulfonic acid (total),0.0045,MICROGRAM PER LITRE
https://environment.data.gov.uk/water-quality/sampling-point/TH-PRTS0063/sample/1366101/observation/2959,TH-PRTS0063,R. THAMES U/S OF SPELTHORNE CHANNEL O/F,-0.456,51.3822,Thames,THAMES - WEST THAMES,Multiple Values,OPEN,FRESHWATER - RIVERS,2021-09-24T14:18:00,ENVIRONMENTAL MONITORING STATUTORY (EU DIRECTIVES),RIVER / RUNNING SURFACE WATER,2959,Perfluorooctanesulfonic acid (linear),0.0026,MICROGRAM PER LITRE
https://environment.data.gov.uk/water-quality/sampling-point/TH-PRTS0063/sample/1366101/observation/2960,TH-PRTS0063,R. THAMES U/S OF SPELTHORNE CHANNEL O/F,-0.456,51.3822,Thames,THAMES - WEST THAMES,Multiple Values,OPEN,FRESHWATER - RIVERS,2021-09-24T14:18:00,ENVIRONMENTAL MONITORING STATUTORY (EU DIRECTIVES),RIVER / RUNNING SURFACE WATER,2960,Perfluorooctanesulfonic acid (branched),0.0019,MICROGRAM PER LITRE
https://environment.data.gov.uk/water-quality/sampling-point/TH-PRTS0063/sample/1366101/observation/7608,TH-PRTS0063,R. THAMES U/S OF SPELTHORNE CHANNEL O/F,-0.456,51.3822,Thames,THAMES - WEST THAMES,Multiple Values,OPEN,FRESHWATER - RIVERS,2021-09-24T14:18:00,ENVIRONMENTAL MONITORING STATUTORY (EU DIRECTIVES),RIVER / RUNNING SURFACE WATER,7608,Salinity : In Situ,0.33,Parts per thousand
https://environment.data.gov.uk/water-quality/sampling-point/TH-PRTS0063/sample/1366101/observation/9274,TH-PRTS0063,R. THAMES U/S OF SPELTHORNE CHANNEL O/F,-0.456,51.3822,Thames,THAMES - WEST THAMES,Multiple Values,OPEN,FRESHWATER - RIVERS,2021-09-24T14:18:00,ENVIRONMENTAL MONITORING STATUTORY (EU DIRECTIVES),RIVER / RUNNING SURFACE WATER,9274,Perfluorooctanoate anion,0.003,MICROGRAM PER LITRE
https://environment.data.gov.uk/water-quality/sampling-point/TH-PRTS0063/sample/1366101/observation/9901,TH-PRTS0063,R. THAMES U/S OF SPELTHORNE CHANNEL O/F,-0.456,51.3822,Thames,THAMES - WEST THAMES,Multiple Values,OPEN,FRESHWATER - RIVERS,2021-09-24T14:18:00,ENVIRONMENTAL MONITORING STATUTORY (EU DIRECTIVES),RIVER / RUNNING SURFACE WATER,9901,"Oxygen, Dissolved, % Saturation",97.7,PERCENTAGE
https://environment.data.gov.uk/water-quality/sampling-point/TH-PRTS0063/sample/1366101/observation/9924,TH-PRTS0063,R. THAMES U/S OF SPELTHORNE CHANNEL O/F,-0.456,51.3822,Thames,THAMES - WEST THAMES,Multiple Values,OPEN,FRESHWATER - RIVERS,2021-09-24T14:18:00,ENVIRONMENTAL MONITORING STATUTORY (EU DIRECTIVES),RIVER / RUNNING SURFACE WATER,9924,"Oxygen, Dissolved as O2",9.4,MILLIGRAM PER LITRE
https://environment.data.gov.uk/water-quality/sampling-point/TH-PRTS0063/sample/1367983/observation/0061,TH-PRTS0063,R. THAMES U/S OF SPELTHORNE CHANNEL O/F,-0.456,51.3822,Thames,THAMES - WEST THAMES,Multiple Values,OPEN,FRESHWATER - RIVERS,2021-10-26T13:41:00,ENVIRONMENTAL MONITORING STATUTORY (EU DIRECTIVES),RIVER / RUNNING SURFACE WATER,0061,pH,7.93,PH UNITS
https://environment.data.gov.uk/water-quality/sampling-point/TH-PRTS0063/sample/1367983/observation/0076,TH-PRTS0063,R. THAMES U/S OF SPELTHORNE CHANNEL O/F,-0.456,51.3822,Thames,THAMES - WEST THAMES,Multiple Values,OPEN,FRESHWATER - RIVERS,2021-10-26T13:41:00,ENVIRONMENTAL MONITORING STATUTORY (EU DIRECTIVES),RIVER / RUNNING SURFACE WATER,0076,Temperature of Water,12,CELSIUS
https://environment.data.gov.uk/water-quality/sampling-point/TH-PRTS0063/sample/1367983/observation/0111,TH-PRTS0063,R. THAMES U/S OF SPELTHORNE CHANNEL O/F,-0.456,51.3822,Thames,THAMES - WEST THAMES,Multiple Values,OPEN,FRESHWATER - RIVERS,2021-10-26T13:41:00,ENVIRONMENTAL MONITORING STATUTORY (EU DIRECTIVES),RIVER / RUNNING SURFACE WATER,0111,Ammoniacal Nitrogen as N,0.076,MILLIGRAM PER LITRE
https://environment.data.gov.uk/water-quality/sampling-point/TH-PRTS0063/sample/1367983/observation/0119,TH-PRTS0063,R. THAMES U/S OF SPELTHORNE CHANNEL O/F,-0.456,51.3822,Thames,THAMES - WEST THAMES,Multiple Values,OPEN,FRESHWATER - RIVERS,2021-10-26T13:41:00,ENVIRONMENTAL MONITORING STATUTORY (EU DIRECTIVES),RIVER / RUNNING SURFACE WATER,0119,Ammonia un-ionised as N,0.00137,MILLIGRAM PER LITRE
https://environment.data.gov.uk/water-quality/sampling-point/TH-PRTS0063/sample/1367983/observation/0135,TH-PRTS0063,R. THAMES U/S OF SPELTHORNE CHANNEL O/F,-0.456,51.3822,Thames,THAMES - WEST THAMES,Multiple Values,OPEN,FRESHWATER - RIVERS,2021-10-26T13:41:00,ENVIRONMENTAL MONITORING STATUTORY (EU DIRECTIVES),RIVER / RUNNING SURFACE WATER,0135,"Solids, Suspended at 105 C",9.6,MILLIGRAM PER LITRE
https://environment.data.gov.uk/water-quality/sampling-point/TH-PRTS0063/sample/1367983/observation/0180,TH-PRTS0063,R. THAMES U/S OF SPELTHORNE CHANNEL O/F,-0.456,51.3822,Thames,THAMES - WEST THAMES,Multiple Values,OPEN,FRESHWATER - RIVERS,2021-10-26T13:41:00,ENVIRONMENTAL MONITORING STATUTORY (EU DIRECTIVES),RIVER / RUNNING SURFACE WATER,0180,"Orthophosphate, reactive as P",0.19,MILLIGRAM PER LITRE
https://environment.data.gov.uk/water-quality/sampling-point/TH-PRTS0063/sample/1367983/observation/2958,TH-PRTS0063,R. THAMES U/S OF SPELTHORNE CHANNEL O/F,-0.456,51.3822,Thames,THAMES - WEST THAMES,Multiple Values,OPEN,FRESHWATER - RIVERS,2021-10-26T13:41:00,ENVIRONMENTAL MONITORING STATUTORY (EU DIRECTIVES),RIVER / RUNNING SURFACE WATER,2958,Perfluorooctanesulfonic acid (total),0.0045,MICROGRAM PER LITRE
https://environment.data.gov.uk/water-quality/sampling-point/TH-PRTS0063/sample/1367983/observation/2959,TH-PRTS0063,R. THAMES U/S OF SPELTHORNE CHANNEL O/F,-0.456,51.3822,Thames,THAMES - WEST THAMES,Multiple Values,OPEN,FRESHWATER - RIVERS,2021-10-26T13:41:00,ENVIRONMENTAL MONITORING STATUTORY (EU DIRECTIVES),RIVER / RUNNING SURFACE WATER,2959,Perfluorooctanesulfonic acid (linear),0.0022,MICROGRAM PER LITRE
https://environment.data.gov.uk/water-quality/sampling-point/TH-PRTS0063/sample/1367983/observation/2960,TH-PRTS0063,R. THAMES U/S OF SPELTHORNE CHANNEL O/F,-0.456,51.3822,Thames,THAMES - WEST THAMES,Multiple Values,OPEN,FRESHWATER - RIVERS,2021-10-26T13:41:00,ENVIRONMENTAL MONITORING STATUTORY (EU DIRECTIVES),RIVER / RUNNING SURFACE WATER,2960,Perfluorooctanesulfonic acid (branched),0.0022,MICROGRAM PER LITRE
https://environment.data.gov.uk/water-quality/sampling-point/TH-PRTS0063/sample/1367983/observation/7608,TH-PRTS0063,R. THAMES U/S OF SPELTHORNE CHANNEL O/F,-0.456,51.3822,Thames,THAMES - WEST THAMES,Multiple Values,OPEN,FRESHWATER - RIVERS,2021-10-26T13:41:00,ENVIRONMENTAL MONITORING STATUTORY (EU DIRECTIVES),RIVER / RUNNING SURFACE WATER,7608,Salinity : In Situ,0.23,Parts per thousand
https://environment.data.gov.uk/water-quality/sampling-point/TH-PRTS0063/sample/1367983/observation/9274,TH-PRTS0063,R. THAMES U/S OF SPELTHORNE CHANNEL O/F,-0.456,51.3822,Thames,THAMES - WEST THAMES,Multiple Values,OPEN,FRESHWATER - RIVERS,2021-10-26T13:41:00,ENVIRONMENTAL MONITORING STATUTORY (EU DIRECTIVES),RIVER / RUNNING SURFACE WATER,9274,Perfluorooctanoate anion,0.0036,MICROGRAM PER LITRE
https://environment.data.gov.uk/water-quality/sampling-point/TH-PRTS0063/sample/1367983/observation/9901,TH-PRTS0063,R. THAMES U/S OF SPELTHORNE CHANNEL O/F,-0.456,51.3822,Thames,THAMES - WEST THAMES,Multiple Values,OPEN,FRESHWATER - RIVERS,2021-10-26T13:41:00,ENVIRONMENTAL MONITORING STATUTORY (EU DIRECTIVES),RIVER / RUNNING SURFACE WATER,9901,"Oxygen, Dissolved, % Saturation",96,PERCENTAGE
https://environment.data.gov.uk/water-quality/sampling-point/TH-PRTS0063/sample/1367983/observation/9924,TH-PRTS0063,R. THAMES U/S OF SPELTHORNE CHANNEL O/F,-0.456,51.3822,Thames,THAMES - WEST THAMES,Multiple Values,OPEN,FRESHWATER - RIVERS,2021-10-26T13:41:00,ENVIRONMENTAL MONITORING STATUTORY (EU DIRECTIVES),RIVER / RUNNING SURFACE WATER,9924,"Oxygen, Dissolved as O2",10.3,MILLIGRAM PER LITRE
https://environment.data.gov.uk/water-quality/sampling-point/TH-PRTS0063/sample/1368984/observation/0061,TH-PRTS0063,R. THAMES U/S OF SPELTHORNE CHANNEL O/F,-0.456,51.3822,Thames,THAMES - WEST THAMES,Multiple Values,OPEN,FRESHWATER - RIVERS,2021-11-23T16:05:00,ENVIRONMENTAL MONITORING STATUTORY (EU DIRECTIVES),RIVER / RUNNING SURFACE WATER,0061,pH,8.19,PH UNITS
https://environment.data.gov.uk/water-quality/sampling-point/TH-PRTS0063/sample/1368984/observation/0076,TH-PRTS0063,R. THAMES U/S OF SPELTHORNE CHANNEL O/F,-0.456,51.3822,Thames,THAMES - WEST THAMES,Multiple Values,OPEN,FRESHWATER - RIVERS,2021-11-23T16:05:00,ENVIRONMENTAL MONITORING STATUTORY (EU DIRECTIVES),RIVER / RUNNING SURFACE WATER,0076,Temperature of Water,8.9,CELSIUS
https://environment.data.gov.uk/water-quality/sampling-point/TH-PRTS0063/sample/1368984/observation/0111,TH-PRTS0063,R. THAMES U/S OF SPELTHORNE CHANNEL O/F,-0.456,51.3822,Thames,THAMES - WEST THAMES,Multiple Values,OPEN,FRESHWATER - RIVERS,2021-11-23T16:05:00,ENVIRONMENTAL MONITORING STATUTORY (EU DIRECTIVES),RIVER / RUNNING SURFACE WATER,0111,Ammoniacal Nitrogen as N,0.083,MILLIGRAM PER LITRE
https://environment.data.gov.uk/water-quality/sampling-point/TH-PRTS0063/sample/1368984/observation/0119,TH-PRTS0063,R. THAMES U/S OF SPELTHORNE CHANNEL O/F,-0.456,51.3822,Thames,THAMES - WEST THAMES,Multiple Values,OPEN,FRESHWATER - RIVERS,2021-11-23T16:05:00,ENVIRONMENTAL MONITORING STATUTORY (EU DIRECTIVES),RIVER / RUNNING SURFACE WATER,0119,Ammonia un-ionised as N,0.0014,MILLIGRAM PER LITRE
https://environment.data.gov.uk/water-quality/sampling-point/TH-PRTS0063/sample/1368984/observation/0135,TH-PRTS0063,R. THAMES U/S OF SPELTHORNE CHANNEL O/F,-0.456,51.3822,Thames,THAMES - WEST THAMES,Multiple Values,OPEN,FRESHWATER - RIVERS,2021-11-23T16:05:00,ENVIRONMENTAL MONITORING STATUTORY (EU DIRECTIVES),RIVER / RUNNING SURFACE WATER,0135,"Solids, Suspended at 105 C",5.8,MILLIGRAM PER LITRE
https://environment.data.gov.uk/water-quality/sampling-point/TH-PRTS0063/sample/1368984/observation/0180,TH-PRTS0063,R. THAMES U/S OF SPELTHORNE CHANNEL O/F,-0.456,51.3822,Thames,THAMES - WEST THAMES,Multiple Values,OPEN,FRESHWATER - RIVERS,2021-11-23T16:05:00,ENVIRONMENTAL MONITORING STATUTORY (EU DIRECTIVES),RIVER / RUNNING SURFACE WATER,0180,"Orthophosphate, reactive as P",0.21,MILLIGRAM PER LITRE
https://environment.data.gov.uk/water-quality/sampling-point/TH-PRTS0063/sample/1368984/observation/2958,TH-PRTS0063,R. THAMES U/S OF SPELTHORNE CHANNEL O/F,-0.456,51.3822,Thames,THAMES - WEST THAMES,Multiple Values,OPEN,FRESHWATER - RIVERS,2021-11-23T16:05:00,ENVIRONMENTAL MONITORING STATUTORY (EU DIRECTIVES),RIVER / RUNNING SURFACE WATER,2958,Perfluorooctanesulfonic acid (total),0.0058,MICROGRAM PER LITRE
https://environment.data.gov.uk/water-quality/sampling-point/TH-PRTS0063/sample/1368984/observation/2959,TH-PRTS0063,R. THAMES U/S OF SPELTHORNE CHANNEL O/F,-0.456,51.3822,Thames,THAMES - WEST THAMES,Multiple Values,OPEN,FRESHWATER - RIVERS,2021-11-23T16:05:00,ENVIRONMENTAL MONITORING STATUTORY (EU DIRECTIVES),RIVER / RUNNING SURFACE WATER,2959,Perfluorooctanesulfonic acid (linear),0.0028,MICROGRAM PER LITRE
https://environment.data.gov.uk/water-quality/sampling-point/TH-PRTS0063/sample/1368984/observation/2960,TH-PRTS0063,R. THAMES U/S OF SPELTHORNE CHANNEL O/F,-0.456,51.3822,Thames,THAMES - WEST THAMES,Multiple Values,OPEN,FRESHWATER - RIVERS,2021-11-23T16:05:00,ENVIRONMENTAL MONITORING STATUTORY (EU DIRECTIVES),RIVER / RUNNING SURFACE WATER,2960,Perfluorooctanesulfonic acid (branched),0.0031,MICROGRAM PER LITRE
https://environment.data.gov.uk/water-quality/sampling-point/TH-PRTS0063/sample/1368984/observation/7608,TH-PRTS0063,R. THAMES U/S OF SPELTHORNE CHANNEL O/F,-0.456,51.3822,Thames,THAMES - WEST THAMES,Multiple Values,OPEN,FRESHWATER - RIVERS,2021-11-23T16:05:00,ENVIRONMENTAL MONITORING STATUTORY (EU DIRECTIVES),RIVER / RUNNING SURFACE WATER,7608,Salinity : In Situ,0.34,Parts per thousand
https://environment.data.gov.uk/water-quality/sampling-point/TH-PRTS0063/sample/1368984/observation/9901,TH-PRTS0063,R. THAMES U/S OF SPELTHORNE CHANNEL O/F,-0.456,51.3822,Thames,THAMES - WEST THAMES,Multiple Values,OPEN,FRESHWATER - RIVERS,2021-11-23T16:05:00,ENVIRONMENTAL MONITORING STATUTORY (EU DIRECTIVES),RIVER / RUNNING SURFACE WATER,9901,"Oxygen, Dissolved, % Saturation",96.3,PERCENTAGE
https://environment.data.gov.uk/water-quality/sampling-point/TH-PRTS0063/sample/1368984/observation/9924,TH-PRTS0063,R. THAMES U/S OF SPELTHORNE CHANNEL O/F,-0.456,51.3822,Thames,THAMES - WEST THAMES,Multiple Values,OPEN,FRESHWATER - RIVERS,2021-11-23T16:05:00,ENVIRONMENTAL MONITORING STATUTORY (EU DIRECTIVES),RIVER / RUNNING SURFACE WATER,9924,"Oxygen, Dissolved as O2",11.1,MILLIGRAM PER LITRE
https://environment.data.gov.uk/water-quality/sampling-point/TH-PRTS0063/sample/1369639/observation/0061,TH-PRTS0063,R. THAMES U/S OF SPELTHORNE CHANNEL O/F,-0.456,51.3822,Thames,THAMES - WEST THAMES,Multiple Values,OPEN,FRESHWATER - RIVERS,2021-12-14T14:17:00,ENVIRONMENTAL MONITORING STATUTORY (EU DIRECTIVES),RIVER / RUNNING SURFACE WATER,0061,pH,8.18,PH UNITS
https://environment.data.gov.uk/water-quality/sampling-point/TH-PRTS0063/sample/1369639/observation/0076,TH-PRTS0063,R. THAMES U/S OF SPELTHORNE CHANNEL O/F,-0.456,51.3822,Thames,THAMES - WEST THAMES,Multiple Values,OPEN,FRESHWATER - RIVERS,2021-12-14T14:17:00,ENVIRONMENTAL MONITORING STATUTORY (EU DIRECTIVES),RIVER / RUNNING SURFACE WATER,0076,Temperature of Water,7.9,CELSIUS
https://environment.data.gov.uk/water-quality/sampling-point/TH-PRTS0063/sample/1369639/observation/0111,TH-PRTS0063,R. THAMES U/S OF SPELTHORNE CHANNEL O/F,-0.456,51.3822,Thames,THAMES - WEST THAMES,Multiple Values,OPEN,FRESHWATER - RIVERS,2021-12-14T14:17:00,ENVIRONMENTAL MONITORING STATUTORY (EU DIRECTIVES),RIVER / RUNNING SURFACE WATER,0111,Ammoniacal Nitrogen as N,<0.03,MILLIGRAM PER LITRE
https://environment.data.gov.uk/water-quality/sampling-point/TH-PRTS0063/sample/1369639/observation/0119,TH-PRTS0063,R. THAMES U/S OF SPELTHORNE CHANNEL O/F,-0.456,51.3822,Thames,THAMES - WEST THAMES,Multiple Values,OPEN,FRESHWATER - RIVERS,2021-12-14T14:17:00,ENVIRONMENTAL MONITORING STATUTORY (EU DIRECTIVES),RIVER / RUNNING SURFACE WATER,0119,Ammonia un-ionised as N,<0.00047,MILLIGRAM PER LITRE
https://environment.data.gov.uk/water-quality/sampling-point/TH-PRTS0063/sample/1369639/observation/0135,TH-PRTS0063,R. THAMES U/S OF SPELTHORNE CHANNEL O/F,-0.456,51.3822,Thames,THAMES - WEST THAMES,Multiple Values,OPEN,FRESHWATER - RIVERS,2021-12-14T14:17:00,ENVIRONMENTAL MONITORING STATUTORY (EU DIRECTIVES),RIVER / RUNNING SURFACE WATER,0135,"Solids, Suspended at 105 C",11,MILLIGRAM PER LITRE
https://environment.data.gov.uk/water-quality/sampling-point/TH-PRTS0063/sample/1369639/observation/0180,TH-PRTS0063,R. THAMES U/S OF SPELTHORNE CHANNEL O/F,-0.456,51.3822,Thames,THAMES - WEST THAMES,Multiple Values,OPEN,FRESHWATER - RIVERS,2021-12-14T14:17:00,ENVIRONMENTAL MONITORING STATUTORY (EU DIRECTIVES),RIVER / RUNNING SURFACE WATER,0180,"Orthophosphate, reactive as P",0.051,MILLIGRAM PER LITRE
https://environment.data.gov.uk/water-quality/sampling-point/TH-PRTS0063/sample/1369639/observation/2958,TH-PRTS0063,R. THAMES U/S OF SPELTHORNE CHANNEL O/F,-0.456,51.3822,Thames,THAMES - WEST THAMES,Multiple Values,OPEN,FRESHWATER - RIVERS,2021-12-14T14:17:00,ENVIRONMENTAL MONITORING STATUTORY (EU DIRECTIVES),RIVER / RUNNING SURFACE WATER,2958,Perfluorooctanesulfonic acid (total),0.0055,MICROGRAM PER LITRE
https://environment.data.gov.uk/water-quality/sampling-point/TH-PRTS0063/sample/1369639/observation/2959,TH-PRTS0063,R. THAMES U/S OF SPELTHORNE CHANNEL O/F,-0.456,51.3822,Thames,THAMES - WEST THAMES,Multiple Values,OPEN,FRESHWATER - RIVERS,2021-12-14T14:17:00,ENVIRONMENTAL MONITORING STATUTORY (EU DIRECTIVES),RIVER / RUNNING SURFACE WATER,2959,Perfluorooctanesulfonic acid (linear),0.003,MICROGRAM PER LITRE
https://environment.data.gov.uk/water-quality/sampling-point/TH-PRTS0063/sample/1369639/observation/2960,TH-PRTS0063,R. THAMES U/S OF SPELTHORNE CHANNEL O/F,-0.456,51.3822,Thames,THAMES - WEST THAMES,Multiple Values,OPEN,FRESHWATER - RIVERS,2021-12-14T14:17:00,ENVIRONMENTAL MONITORING STATUTORY (EU DIRECTIVES),RIVER / RUNNING SURFACE WATER,2960,Perfluorooctanesulfonic acid (branched),0.0025,MICROGRAM PER LITRE
https://environment.data.gov.uk/water-quality/sampling-point/TH-PRTS0063/sample/1369639/observation/7608,TH-PRTS0063,R. THAMES U/S OF SPELTHORNE CHANNEL O/F,-0.456,51.3822,Thames,THAMES - WEST THAMES,Multiple Values,OPEN,FRESHWATER - RIVERS,2021-12-14T14:17:00,ENVIRONMENTAL MONITORING STATUTORY (EU DIRECTIVES),RIVER / RUNNING SURFACE WATER,7608,Salinity : In Situ,0.31,Parts per thousand
https://environment.data.gov.uk/water-quality/sampling-point/TH-PRTS0063/sample/1369639/observation/9274,TH-PRTS0063,R. THAMES U/S OF SPELTHORNE CHANNEL O/F,-0.456,51.3822,Thames,THAMES - WEST THAMES,Multiple Values,OPEN,FRESHWATER - RIVERS,2021-12-14T14:17:00,ENVIRONMENTAL MONITORING STATUTORY (EU DIRECTIVES),RIVER / RUNNING SURFACE WATER,9274,Perfluorooctanoate anion,0.0027,MICROGRAM PER LITRE
https://environment.data.gov.uk/water-quality/sampling-point/TH-PRTS0063/sample/1369639/observation/9901,TH-PRTS0063,R. THAMES U/S OF SPELTHORNE CHANNEL O/F,-0.456,51.3822,Thames,THAMES - WEST THAMES,Multiple Values,OPEN,FRESHWATER - RIVERS,2021-12-14T14:17:00,ENVIRONMENTAL MONITORING STATUTORY (EU DIRECTIVES),RIVER / RUNNING SURFACE WATER,9901,"Oxygen, Dissolved, % Saturation",102.7,PERCENTAGE
https://environment.data.gov.uk/water-quality/sampling-point/TH-PRTS0063/sample/1369639/observation/9924,TH-PRTS0063,R. THAMES U/S OF SPELTHORNE CHANNEL O/F,-0.456,51.3822,Thames,THAMES - WEST THAMES,Multiple Values,OPEN,FRESHWATER - RIVERS,2021-12-14T14:17:00,ENVIRONMENTAL MONITORING STATUTORY (EU DIRECTIVES),RIVER / RUNNING SURFACE WATER,9924,"Oxygen, Dissolved as O2",12.2,MILLIGRAM PER LITRE
https://environment.data.gov.uk/water-quality/sampling-point/TH-PRTS0065/sample/1341875/observation/0061,TH-PRTS0065,R. THAMES D/S OF SPELTHORNE CHANNEL O/F,-0.4503,51.3823,Thames,THAMES - WEST THAMES,Multiple Values,OPEN,FRESHWATER - RIVERS,2021-01-28T10:21:00,PLANNED INVESTIGATION (NATIONAL AGENCY POLICY),RIVER / RUNNING SURFACE WATER,0061,pH,8.12,PH UNITS
https://environment.data.gov.uk/water-quality/sampling-point/TH-PRTS0065/sample/1341875/observation/0076,TH-PRTS0065,R. THAMES D/S OF SPELTHORNE CHANNEL O/F,-0.4503,51.3823,Thames,THAMES - WEST THAMES,Multiple Values,OPEN,FRESHWATER - RIVERS,2021-01-28T10:21:00,PLANNED INVESTIGATION (NATIONAL AGENCY POLICY),RIVER / RUNNING SURFACE WATER,0076,Temperature of Water,5.6,CELSIUS
https://environment.data.gov.uk/water-quality/sampling-point/TH-PRTS0065/sample/1341875/observation/7608,TH-PRTS0065,R. THAMES D/S OF SPELTHORNE CHANNEL O/F,-0.4503,51.3823,Thames,THAMES - WEST THAMES,Multiple Values,OPEN,FRESHWATER - RIVERS,2021-01-28T10:21:00,PLANNED INVESTIGATION (NATIONAL AGENCY POLICY),RIVER / RUNNING SURFACE WATER,7608,Salinity : In Situ,0.29,Parts per thousand
https://environment.data.gov.uk/water-quality/sampling-point/TH-PRTS0065/sample/1341875/observation/9901,TH-PRTS0065,R. THAMES D/S OF SPELTHORNE CHANNEL O/F,-0.4503,51.3823,Thames,THAMES - WEST THAMES,Multiple Values,OPEN,FRESHWATER - RIVERS,2021-01-28T10:21:00,PLANNED INVESTIGATION (NATIONAL AGENCY POLICY),RIVER / RUNNING SURFACE WATER,9901,"Oxygen, Dissolved, % Saturation",101.4,PERCENTAGE
https://environment.data.gov.uk/water-quality/sampling-point/TH-PRTS0065/sample/1341875/observation/9924,TH-PRTS0065,R. THAMES D/S OF SPELTHORNE CHANNEL O/F,-0.4503,51.3823,Thames,THAMES - WEST THAMES,Multiple Values,OPEN,FRESHWATER - RIVERS,2021-01-28T10:21:00,PLANNED INVESTIGATION (NATIONAL AGENCY POLICY),RIVER / RUNNING SURFACE WATER,9924,"Oxygen, Dissolved as O2",12.7,MILLIGRAM PER LITRE
https://environment.data.gov.uk/water-quality/sampling-point/TH-PRTS0065/sample/1342442/observation/0061,TH-PRTS0065,R. THAMES D/S OF SPELTHORNE CHANNEL O/F,-0.4503,51.3823,Thames,THAMES - WEST THAMES,Multiple Values,OPEN,FRESHWATER - RIVERS,2021-02-23T14:21:00,PLANNED INVESTIGATION (NATIONAL AGENCY POLICY),RIVER / RUNNING SURFACE WATER,0061,pH,8.11,PH UNITS
https://environment.data.gov.uk/water-quality/sampling-point/TH-PRTS0065/sample/1342442/observation/0076,TH-PRTS0065,R. THAMES D/S OF SPELTHORNE CHANNEL O/F,-0.4503,51.3823,Thames,THAMES - WEST THAMES,Multiple Values,OPEN,FRESHWATER - RIVERS,2021-02-23T14:21:00,PLANNED INVESTIGATION (NATIONAL AGENCY POLICY),RIVER / RUNNING SURFACE WATER,0076,Temperature of Water,9.4,CELSIUS
https://environment.data.gov.uk/water-quality/sampling-point/TH-PRTS0065/sample/1342442/observation/7608,TH-PRTS0065,R. THAMES D/S OF SPELTHORNE CHANNEL O/F,-0.4503,51.3823,Thames,THAMES - WEST THAMES,Multiple Values,OPEN,FRESHWATER - RIVERS,2021-02-23T14:21:00,PLANNED INVESTIGATION (NATIONAL AGENCY POLICY),RIVER / RUNNING SURFACE WATER,7608,Salinity : In Situ,0.3,Parts per thousand
https://environment.data.gov.uk/water-quality/sampling-point/TH-PRTS0065/sample/1342442/observation/9901,TH-PRTS0065,R. THAMES D/S OF SPELTHORNE CHANNEL O/F,-0.4503,51.3823,Thames,THAMES - WEST THAMES,Multiple Values,OPEN,FRESHWATER - RIVERS,2021-02-23T14:21:00,PLANNED INVESTIGATION (NATIONAL AGENCY POLICY),RIVER / RUNNING SURFACE WATER,9901,"Oxygen, Dissolved, % Saturation",102.4,PERCENTAGE
https://environment.data.gov.uk/water-quality/sampling-point/TH-PRTS0065/sample/1342442/observation/9924,TH-PRTS0065,R. THAMES D/S OF SPELTHORNE CHANNEL O/F,-0.4503,51.3823,Thames,THAMES - WEST THAMES,Multiple Values,OPEN,FRESHWATER - RIVERS,2021-02-23T14:21:00,PLANNED INVESTIGATION (NATIONAL AGENCY POLICY),RIVER / RUNNING SURFACE WATER,9924,"Oxygen, Dissolved as O2",11.7,MILLIGRAM PER LITRE
https://environment.data.gov.uk/water-quality/sampling-point/TH-PRTS0065/sample/1345430/observation/0061,TH-PRTS0065,R. THAMES D/S OF SPELTHORNE CHANNEL O/F,-0.4503,51.3823,Thames,THAMES - WEST THAMES,Multiple Values,OPEN,FRESHWATER - RIVERS,2021-03-23T11:39:00,PLANNED INVESTIGATION (NATIONAL AGENCY POLICY),RIVER / RUNNING SURFACE WATER,0061,pH,8.19,PH UNITS
https://environment.data.gov.uk/water-quality/sampling-point/TH-PRTS0065/sample/1345430/observation/0076,TH-PRTS0065,R. THAMES D/S OF SPELTHORNE CHANNEL O/F,-0.4503,51.3823,Thames,THAMES - WEST THAMES,Multiple Values,OPEN,FRESHWATER - RIVERS,2021-03-23T11:39:00,PLANNED INVESTIGATION (NATIONAL AGENCY POLICY),RIVER / RUNNING SURFACE WATER,0076,Temperature of Water,9.8,CELSIUS
https://environment.data.gov.uk/water-quality/sampling-point/TH-PRTS0065/sample/1345430/observation/7608,TH-PRTS0065,R. THAMES D/S OF SPELTHORNE CHANNEL O/F,-0.4503,51.3823,Thames,THAMES - WEST THAMES,Multiple Values,OPEN,FRESHWATER - RIVERS,2021-03-23T11:39:00,PLANNED INVESTIGATION (NATIONAL AGENCY POLICY),RIVER / RUNNING SURFACE WATER,7608,Salinity : In Situ,0.33,Parts per thousand
https://environment.data.gov.uk/water-quality/sampling-point/TH-PRTS0065/sample/1345430/observation/9901,TH-PRTS0065,R. THAMES D/S OF SPELTHORNE CHANNEL O/F,-0.4503,51.3823,Thames,THAMES - WEST THAMES,Multiple Values,OPEN,FRESHWATER - RIVERS,2021-03-23T11:39:00,PLANNED INVESTIGATION (NATIONAL AGENCY POLICY),RIVER / RUNNING SURFACE WATER,9901,"Oxygen, Dissolved, % Saturation",102.7,PERCENTAGE
https://environment.data.gov.uk/water-quality/sampling-point/TH-PRTS0065/sample/1345430/observation/9924,TH-PRTS0065,R. THAMES D/S OF SPELTHORNE CHANNEL O/F,-0.4503,51.3823,Thames,THAMES - WEST THAMES,Multiple Values,OPEN,FRESHWATER - RIVERS,2021-03-23T11:39:00,PLANNED INVESTIGATION (NATIONAL AGENCY POLICY),RIVER / RUNNING SURFACE WATER,9924,"Oxygen, Dissolved as O2",11.6,MILLIGRAM PER LITRE
https://environment.data.gov.uk/water-quality/sampling-point/TH-PRTS0065/sample/1349188/observation/0061,TH-PRTS0065,R. THAMES D/S OF SPELTHORNE CHANNEL O/F,-0.4503,51.3823,Thames,THAMES - WEST THAMES,Multiple Values,OPEN,FRESHWATER - RIVERS,2021-04-29T13:13:00,PLANNED INVESTIGATION (NATIONAL AGENCY POLICY),RIVER / RUNNING SURFACE WATER,0061,pH,8.51,PH UNITS
https://environment.data.gov.uk/water-quality/sampling-point/TH-PRTS0065/sample/1349188/observation/0076,TH-PRTS0065,R. THAMES D/S OF SPELTHORNE CHANNEL O/F,-0.4503,51.3823,Thames,THAMES - WEST THAMES,Multiple Values,OPEN,FRESHWATER - RIVERS,2021-04-29T13:13:00,PLANNED INVESTIGATION (NATIONAL AGENCY POLICY),RIVER / RUNNING SURFACE WATER,0076,Temperature of Water,11.4,CELSIUS
https://environment.data.gov.uk/water-quality/sampling-point/TH-PRTS0065/sample/1349188/observation/7608,TH-PRTS0065,R. THAMES D/S OF SPELTHORNE CHANNEL O/F,-0.4503,51.3823,Thames,THAMES - WEST THAMES,Multiple Values,OPEN,FRESHWATER - RIVERS,2021-04-29T13:13:00,PLANNED INVESTIGATION (NATIONAL AGENCY POLICY),RIVER / RUNNING SURFACE WATER,7608,Salinity : In Situ,0.29,Parts per thousand
https://environment.data.gov.uk/water-quality/sampling-point/TH-PRTS0065/sample/1349188/observation/9901,TH-PRTS0065,R. THAMES D/S OF SPELTHORNE CHANNEL O/F,-0.4503,51.3823,Thames,THAMES - WEST THAMES,Multiple Values,OPEN,FRESHWATER - RIVERS,2021-04-29T13:13:00,PLANNED INVESTIGATION (NATIONAL AGENCY POLICY),RIVER / RUNNING SURFACE WATER,9901,"Oxygen, Dissolved, % Saturation",100.1,PERCENTAGE
https://environment.data.gov.uk/water-quality/sampling-point/TH-PRTS0065/sample/1349188/observation/9924,TH-PRTS0065,R. THAMES D/S OF SPELTHORNE CHANNEL O/F,-0.4503,51.3823,Thames,THAMES - WEST THAMES,Multiple Values,OPEN,FRESHWATER - RIVERS,2021-04-29T13:13:00,PLANNED INVESTIGATION (NATIONAL AGENCY POLICY),RIVER / RUNNING SURFACE WATER,9924,"Oxygen, Dissolved as O2",10.9,MILLIGRAM PER LITRE
https://environment.data.gov.uk/water-quality/sampling-point/TH-PRTS0065/sample/1349542/observation/0061,TH-PRTS0065,R. THAMES D/S OF SPELTHORNE CHANNEL O/F,-0.4503,51.3823,Thames,THAMES - WEST THAMES,Multiple Values,OPEN,FRESHWATER - RIVERS,2021-05-17T14:49:00,ENVIRONMENTAL MONITORING STATUTORY (EU DIRECTIVES),RIVER / RUNNING SURFACE WATER,0061,pH,8.29,PH UNITS
https://environment.data.gov.uk/water-quality/sampling-point/TH-PRTS0065/sample/1349542/observation/0076,TH-PRTS0065,R. THAMES D/S OF SPELTHORNE CHANNEL O/F,-0.4503,51.3823,Thames,THAMES - WEST THAMES,Multiple Values,OPEN,FRESHWATER - RIVERS,2021-05-17T14:49:00,ENVIRONMENTAL MONITORING STATUTORY (EU DIRECTIVES),RIVER / RUNNING SURFACE WATER,0076,Temperature of Water,13.8,CELSIUS
https://environment.data.gov.uk/water-quality/sampling-point/TH-PRTS0065/sample/1349542/observation/0111,TH-PRTS0065,R. THAMES D/S OF SPELTHORNE CHANNEL O/F,-0.4503,51.3823,Thames,THAMES - WEST THAMES,Multiple Values,OPEN,FRESHWATER - RIVERS,2021-05-17T14:49:00,ENVIRONMENTAL MONITORING STATUTORY (EU DIRECTIVES),RIVER / RUNNING SURFACE WATER,0111,Ammoniacal Nitrogen as N,<0.5,MILLIGRAM PER LITRE
https://environment.data.gov.uk/water-quality/sampling-point/TH-PRTS0065/sample/1349542/observation/0119,TH-PRTS0065,R. THAMES D/S OF SPELTHORNE CHANNEL O/F,-0.4503,51.3823,Thames,THAMES - WEST THAMES,Multiple Values,OPEN,FRESHWATER - RIVERS,2021-05-17T14:49:00,ENVIRONMENTAL MONITORING STATUTORY (EU DIRECTIVES),RIVER / RUNNING SURFACE WATER,0119,Ammonia un-ionised as N,<0.012,MILLIGRAM PER LITRE
https://environment.data.gov.uk/water-quality/sampling-point/TH-PRTS0065/sample/1349542/observation/0135,TH-PRTS0065,R. THAMES D/S OF SPELTHORNE CHANNEL O/F,-0.4503,51.3823,Thames,THAMES - WEST THAMES,Multiple Values,OPEN,FRESHWATER - RIVERS,2021-05-17T14:49:00,ENVIRONMENTAL MONITORING STATUTORY (EU DIRECTIVES),RIVER / RUNNING SURFACE WATER,0135,"Solids, Suspended at 105 C",24,MILLIGRAM PER LITRE
https://environment.data.gov.uk/water-quality/sampling-point/TH-PRTS0065/sample/1349542/observation/0180,TH-PRTS0065,R. THAMES D/S OF SPELTHORNE CHANNEL O/F,-0.4503,51.3823,Thames,THAMES - WEST THAMES,Multiple Values,OPEN,FRESHWATER - RIVERS,2021-05-17T14:49:00,ENVIRONMENTAL MONITORING STATUTORY (EU DIRECTIVES),RIVER / RUNNING SURFACE WATER,0180,"Orthophosphate, reactive as P",0.14,MILLIGRAM PER LITRE
https://environment.data.gov.uk/water-quality/sampling-point/TH-PRTS0065/sample/1349542/observation/7608,TH-PRTS0065,R. THAMES D/S OF SPELTHORNE CHANNEL O/F,-0.4503,51.3823,Thames,THAMES - WEST THAMES,Multiple Values,OPEN,FRESHWATER - RIVERS,2021-05-17T14:49:00,ENVIRONMENTAL MONITORING STATUTORY (EU DIRECTIVES),RIVER / RUNNING SURFACE WATER,7608,Salinity : In Situ,0.31,Parts per thousand
https://environment.data.gov.uk/water-quality/sampling-point/TH-PRTS0065/sample/1349542/observation/9901,TH-PRTS0065,R. THAMES D/S OF SPELTHORNE CHANNEL O/F,-0.4503,51.3823,Thames,THAMES - WEST THAMES,Multiple Values,OPEN,FRESHWATER - RIVERS,2021-05-17T14:49:00,ENVIRONMENTAL MONITORING STATUTORY (EU DIRECTIVES),RIVER / RUNNING SURFACE WATER,9901,"Oxygen, Dissolved, % Saturation",104.1,PERCENTAGE
https://environment.data.gov.uk/water-quality/sampling-point/TH-PRTS0065/sample/1349542/observation/9924,TH-PRTS0065,R. THAMES D/S OF SPELTHORNE CHANNEL O/F,-0.4503,51.3823,Thames,THAMES - WEST THAMES,Multiple Values,OPEN,FRESHWATER - RIVERS,2021-05-17T14:49:00,ENVIRONMENTAL MONITORING STATUTORY (EU DIRECTIVES),RIVER / RUNNING SURFACE WATER,9924,"Oxygen, Dissolved as O2",10.7,MILLIGRAM PER LITRE
https://environment.data.gov.uk/water-quality/sampling-point/TH-PRTS0065/sample/1359647/observation/0061,TH-PRTS0065,R. THAMES D/S OF SPELTHORNE CHANNEL O/F,-0.4503,51.3823,Thames,THAMES - WEST THAMES,Multiple Values,OPEN,FRESHWATER - RIVERS,2021-06-24T12:45:00,ENVIRONMENTAL MONITORING STATUTORY (EU DIRECTIVES),RIVER / RUNNING SURFACE WATER,0061,pH,8.01,PH UNITS
https://environment.data.gov.uk/water-quality/sampling-point/TH-PRTS0065/sample/1359647/observation/0076,TH-PRTS0065,R. THAMES D/S OF SPELTHORNE CHANNEL O/F,-0.4503,51.3823,Thames,THAMES - WEST THAMES,Multiple Values,OPEN,FRESHWATER - RIVERS,2021-06-24T12:45:00,ENVIRONMENTAL MONITORING STATUTORY (EU DIRECTIVES),RIVER / RUNNING SURFACE WATER,0076,Temperature of Water,16.9,CELSIUS
https://environment.data.gov.uk/water-quality/sampling-point/TH-PRTS0065/sample/1359647/observation/0111,TH-PRTS0065,R. THAMES D/S OF SPELTHORNE CHANNEL O/F,-0.4503,51.3823,Thames,THAMES - WEST THAMES,Multiple Values,OPEN,FRESHWATER - RIVERS,2021-06-24T12:45:00,ENVIRONMENTAL MONITORING STATUTORY (EU DIRECTIVES),RIVER / RUNNING SURFACE WATER,0111,Ammoniacal Nitrogen as N,<0.5,MILLIGRAM PER LITRE
https://environment.data.gov.uk/water-quality/sampling-point/TH-PRTS0065/sample/1359647/observation/0119,TH-PRTS0065,R. THAMES D/S OF SPELTHORNE CHANNEL O/F,-0.4503,51.3823,Thames,THAMES - WEST THAMES,Multiple Values,OPEN,FRESHWATER - RIVERS,2021-06-24T12:45:00,ENVIRONMENTAL MONITORING STATUTORY (EU DIRECTIVES),RIVER / RUNNING SURFACE WATER,0119,Ammonia un-ionised as N,<0.0151,MILLIGRAM PER LITRE
https://environment.data.gov.uk/water-quality/sampling-point/TH-PRTS0065/sample/1359647/observation/0135,TH-PRTS0065,R. THAMES D/S OF SPELTHORNE CHANNEL O/F,-0.4503,51.3823,Thames,THAMES - WEST THAMES,Multiple Values,OPEN,FRESHWATER - RIVERS,2021-06-24T12:45:00,ENVIRONMENTAL MONITORING STATUTORY (EU DIRECTIVES),RIVER / RUNNING SURFACE WATER,0135,"Solids, Suspended at 105 C",12,MILLIGRAM PER LITRE
https://environment.data.gov.uk/water-quality/sampling-point/TH-PRTS0065/sample/1359647/observation/0180,TH-PRTS0065,R. THAMES D/S OF SPELTHORNE CHANNEL O/F,-0.4503,51.3823,Thames,THAMES - WEST THAMES,Multiple Values,OPEN,FRESHWATER - RIVERS,2021-06-24T12:45:00,ENVIRONMENTAL MONITORING STATUTORY (EU DIRECTIVES),RIVER / RUNNING SURFACE WATER,0180,"Orthophosphate, reactive as P",0.21,MILLIGRAM PER LITRE
https://environment.data.gov.uk/water-quality/sampling-point/TH-PRTS0065/sample/1359647/observation/7608,TH-PRTS0065,R. THAMES D/S OF SPELTHORNE CHANNEL O/F,-0.4503,51.3823,Thames,THAMES - WEST THAMES,Multiple Values,OPEN,FRESHWATER - RIVERS,2021-06-24T12:45:00,ENVIRONMENTAL MONITORING STATUTORY (EU DIRECTIVES),RIVER / RUNNING SURFACE WATER,7608,Salinity : In Situ,0.27,Parts per thousand
https://environment.data.gov.uk/water-quality/sampling-point/TH-PRTS0065/sample/1359647/observation/9274,TH-PRTS0065,R. THAMES D/S OF SPELTHORNE CHANNEL O/F,-0.4503,51.3823,Thames,THAMES - WEST THAMES,Multiple Values,OPEN,FRESHWATER - RIVERS,2021-06-24T12:45:00,ENVIRONMENTAL MONITORING STATUTORY (EU DIRECTIVES),RIVER / RUNNING SURFACE WATER,9274,Perfluorooctanoate anion,0.0043,MICROGRAM PER LITRE
https://environment.data.gov.uk/water-quality/sampling-point/TH-PRTS0065/sample/1359647/observation/9276,TH-PRTS0065,R. THAMES D/S OF SPELTHORNE CHANNEL O/F,-0.4503,51.3823,Thames,THAMES - WEST THAMES,Multiple Values,OPEN,FRESHWATER - RIVERS,2021-06-24T12:45:00,ENVIRONMENTAL MONITORING STATUTORY (EU DIRECTIVES),RIVER / RUNNING SURFACE WATER,9276,Perfluorooctylsulphonate anion,0.0064,MICROGRAM PER LITRE
https://environment.data.gov.uk/water-quality/sampling-point/TH-PRTS0065/sample/1359647/observation/9901,TH-PRTS0065,R. THAMES D/S OF SPELTHORNE CHANNEL O/F,-0.4503,51.3823,Thames,THAMES - WEST THAMES,Multiple Values,OPEN,FRESHWATER - RIVERS,2021-06-24T12:45:00,ENVIRONMENTAL MONITORING STATUTORY (EU DIRECTIVES),RIVER / RUNNING SURFACE WATER,9901,"Oxygen, Dissolved, % Saturation",97.8,PERCENTAGE
https://environment.data.gov.uk/water-quality/sampling-point/TH-PRTS0065/sample/1359647/observation/9924,TH-PRTS0065,R. THAMES D/S OF SPELTHORNE CHANNEL O/F,-0.4503,51.3823,Thames,THAMES - WEST THAMES,Multiple Values,OPEN,FRESHWATER - RIVERS,2021-06-24T12:45:00,ENVIRONMENTAL MONITORING STATUTORY (EU DIRECTIVES),RIVER / RUNNING SURFACE WATER,9924,"Oxygen, Dissolved as O2",9.43,MILLIGRAM PER LITRE
https://environment.data.gov.uk/water-quality/sampling-point/TH-PRTS0065/sample/1360357/observation/0061,TH-PRTS0065,R. THAMES D/S OF SPELTHORNE CHANNEL O/F,-0.4503,51.3823,Thames,THAMES - WEST THAMES,Multiple Values,OPEN,FRESHWATER - RIVERS,2021-07-20T13:53:00,ENVIRONMENTAL MONITORING STATUTORY (EU DIRECTIVES),RIVER / RUNNING SURFACE WATER,0061,pH,8.07,PH UNITS
https://environment.data.gov.uk/water-quality/sampling-point/TH-PRTS0065/sample/1360357/observation/0076,TH-PRTS0065,R. THAMES D/S OF SPELTHORNE CHANNEL O/F,-0.4503,51.3823,Thames,THAMES - WEST THAMES,Multiple Values,OPEN,FRESHWATER - RIVERS,2021-07-20T13:53:00,ENVIRONMENTAL MONITORING STATUTORY (EU DIRECTIVES),RIVER / RUNNING SURFACE WATER,0076,Temperature of Water,22.9,CELSIUS
https://environment.data.gov.uk/water-quality/sampling-point/TH-PRTS0065/sample/1360357/observation/0111,TH-PRTS0065,R. THAMES D/S OF SPELTHORNE CHANNEL O/F,-0.4503,51.3823,Thames,THAMES - WEST THAMES,Multiple Values,OPEN,FRESHWATER - RIVERS,2021-07-20T13:53:00,ENVIRONMENTAL MONITORING STATUTORY (EU DIRECTIVES),RIVER / RUNNING SURFACE WATER,0111,Ammoniacal Nitrogen as N,<0.03,MILLIGRAM PER LITRE
https://environment.data.gov.uk/water-quality/sampling-point/TH-PRTS0065/sample/1360357/observation/0119,TH-PRTS0065,R. THAMES D/S OF SPELTHORNE CHANNEL O/F,-0.4503,51.3823,Thames,THAMES - WEST THAMES,Multiple Values,OPEN,FRESHWATER - RIVERS,2021-07-20T13:53:00,ENVIRONMENTAL MONITORING STATUTORY (EU DIRECTIVES),RIVER / RUNNING SURFACE WATER,0119,Ammonia un-ionised as N,<0.00139,MILLIGRAM PER LITRE
https://environment.data.gov.uk/water-quality/sampling-point/TH-PRTS0065/sample/1360357/observation/0135,TH-PRTS0065,R. THAMES D/S OF SPELTHORNE CHANNEL O/F,-0.4503,51.3823,Thames,THAMES - WEST THAMES,Multiple Values,OPEN,FRESHWATER - RIVERS,2021-07-20T13:53:00,ENVIRONMENTAL MONITORING STATUTORY (EU DIRECTIVES),RIVER / RUNNING SURFACE WATER,0135,"Solids, Suspended at 105 C",4.5,MILLIGRAM PER LITRE
https://environment.data.gov.uk/water-quality/sampling-point/TH-PRTS0065/sample/1360357/observation/0180,TH-PRTS0065,R. THAMES D/S OF SPELTHORNE CHANNEL O/F,-0.4503,51.3823,Thames,THAMES - WEST THAMES,Multiple Values,OPEN,FRESHWATER - RIVERS,2021-07-20T13:53:00,ENVIRONMENTAL MONITORING STATUTORY (EU DIRECTIVES),RIVER / RUNNING SURFACE WATER,0180,"Orthophosphate, reactive as P",0.2,MILLIGRAM PER LITRE
https://environment.data.gov.uk/water-quality/sampling-point/TH-PRTS0065/sample/1360357/observation/2958,TH-PRTS0065,R. THAMES D/S OF SPELTHORNE CHANNEL O/F,-0.4503,51.3823,Thames,THAMES - WEST THAMES,Multiple Values,OPEN,FRESHWATER - RIVERS,2021-07-20T13:53:00,ENVIRONMENTAL MONITORING STATUTORY (EU DIRECTIVES),RIVER / RUNNING SURFACE WATER,2958,Perfluorooctanesulfonic acid (total),0.0079,MICROGRAM PER LITRE
https://environment.data.gov.uk/water-quality/sampling-point/TH-PRTS0065/sample/1360357/observation/2959,TH-PRTS0065,R. THAMES D/S OF SPELTHORNE CHANNEL O/F,-0.4503,51.3823,Thames,THAMES - WEST THAMES,Multiple Values,OPEN,FRESHWATER - RIVERS,2021-07-20T13:53:00,ENVIRONMENTAL MONITORING STATUTORY (EU DIRECTIVES),RIVER / RUNNING SURFACE WATER,2959,Perfluorooctanesulfonic acid (linear),0.0046,MICROGRAM PER LITRE
https://environment.data.gov.uk/water-quality/sampling-point/TH-PRTS0065/sample/1360357/observation/2960,TH-PRTS0065,R. THAMES D/S OF SPELTHORNE CHANNEL O/F,-0.4503,51.3823,Thames,THAMES - WEST THAMES,Multiple Values,OPEN,FRESHWATER - RIVERS,2021-07-20T13:53:00,ENVIRONMENTAL MONITORING STATUTORY (EU DIRECTIVES),RIVER / RUNNING SURFACE WATER,2960,Perfluorooctanesulfonic acid (branched),0.0032,MICROGRAM PER LITRE
https://environment.data.gov.uk/water-quality/sampling-point/TH-PRTS0065/sample/1360357/observation/7608,TH-PRTS0065,R. THAMES D/S OF SPELTHORNE CHANNEL O/F,-0.4503,51.3823,Thames,THAMES - WEST THAMES,Multiple Values,OPEN,FRESHWATER - RIVERS,2021-07-20T13:53:00,ENVIRONMENTAL MONITORING STATUTORY (EU DIRECTIVES),RIVER / RUNNING SURFACE WATER,7608,Salinity : In Situ,0.32,Parts per thousand
https://environment.data.gov.uk/water-quality/sampling-point/TH-PRTS0065/sample/1360357/observation/9274,TH-PRTS0065,R. THAMES D/S OF SPELTHORNE CHANNEL O/F,-0.4503,51.3823,Thames,THAMES - WEST THAMES,Multiple Values,OPEN,FRESHWATER - RIVERS,2021-07-20T13:53:00,ENVIRONMENTAL MONITORING STATUTORY (EU DIRECTIVES),RIVER / RUNNING SURFACE WATER,9274,Perfluorooctanoate anion,0.0044,MICROGRAM PER LITRE
https://environment.data.gov.uk/water-quality/sampling-point/TH-PRTS0065/sample/1360357/observation/9901,TH-PRTS0065,R. THAMES D/S OF SPELTHORNE CHANNEL O/F,-0.4503,51.3823,Thames,THAMES - WEST THAMES,Multiple Values,OPEN,FRESHWATER - RIVERS,2021-07-20T13:53:00,ENVIRONMENTAL MONITORING STATUTORY (EU DIRECTIVES),RIVER / RUNNING SURFACE WATER,9901,"Oxygen, Dissolved, % Saturation",94.5,PERCENTAGE
https://environment.data.gov.uk/water-quality/sampling-point/TH-PRTS0065/sample/1360357/observation/9924,TH-PRTS0065,R. THAMES D/S OF SPELTHORNE CHANNEL O/F,-0.4503,51.3823,Thames,THAMES - WEST THAMES,Multiple Values,OPEN,FRESHWATER - RIVERS,2021-07-20T13:53:00,ENVIRONMENTAL MONITORING STATUTORY (EU DIRECTIVES),RIVER / RUNNING SURFACE WATER,9924,"Oxygen, Dissolved as O2",8.09,MILLIGRAM PER LITRE
https://environment.data.gov.uk/water-quality/sampling-point/TH-PRTS0065/sample/1362275/observation/0061,TH-PRTS0065,R. THAMES D/S OF SPELTHORNE CHANNEL O/F,-0.4503,51.3823,Thames,THAMES - WEST THAMES,Multiple Values,OPEN,FRESHWATER - RIVERS,2021-08-26T13:37:00,ENVIRONMENTAL MONITORING STATUTORY (EU DIRECTIVES),RIVER / RUNNING SURFACE WATER,0061,pH,8.36,PH UNITS
https://environment.data.gov.uk/water-quality/sampling-point/TH-PRTS0065/sample/1362275/observation/0076,TH-PRTS0065,R. THAMES D/S OF SPELTHORNE CHANNEL O/F,-0.4503,51.3823,Thames,THAMES - WEST THAMES,Multiple Values,OPEN,FRESHWATER - RIVERS,2021-08-26T13:37:00,ENVIRONMENTAL MONITORING STATUTORY (EU DIRECTIVES),RIVER / RUNNING SURFACE WATER,0076,Temperature of Water,18.1,CELSIUS
https://environment.data.gov.uk/water-quality/sampling-point/TH-PRTS0065/sample/1362275/observation/0111,TH-PRTS0065,R. THAMES D/S OF SPELTHORNE CHANNEL O/F,-0.4503,51.3823,Thames,THAMES - WEST THAMES,Multiple Values,OPEN,FRESHWATER - RIVERS,2021-08-26T13:37:00,ENVIRONMENTAL MONITORING STATUTORY (EU DIRECTIVES),RIVER / RUNNING SURFACE WATER,0111,Ammoniacal Nitrogen as N,<0.03,MILLIGRAM PER LITRE
https://environment.data.gov.uk/water-quality/sampling-point/TH-PRTS0065/sample/1362275/observation/0119,TH-PRTS0065,R. THAMES D/S OF SPELTHORNE CHANNEL O/F,-0.4503,51.3823,Thames,THAMES - WEST THAMES,Multiple Values,OPEN,FRESHWATER - RIVERS,2021-08-26T13:37:00,ENVIRONMENTAL MONITORING STATUTORY (EU DIRECTIVES),RIVER / RUNNING SURFACE WATER,0119,Ammonia un-ionised as N,<0.00099,MILLIGRAM PER LITRE
https://environment.data.gov.uk/water-quality/sampling-point/TH-PRTS0065/sample/1362275/observation/0135,TH-PRTS0065,R. THAMES D/S OF SPELTHORNE CHANNEL O/F,-0.4503,51.3823,Thames,THAMES - WEST THAMES,Multiple Values,OPEN,FRESHWATER - RIVERS,2021-08-26T13:37:00,ENVIRONMENTAL MONITORING STATUTORY (EU DIRECTIVES),RIVER / RUNNING SURFACE WATER,0135,"Solids, Suspended at 105 C",7.2,MILLIGRAM PER LITRE
https://environment.data.gov.uk/water-quality/sampling-point/TH-PRTS0065/sample/1362275/observation/0180,TH-PRTS0065,R. THAMES D/S OF SPELTHORNE CHANNEL O/F,-0.4503,51.3823,Thames,THAMES - WEST THAMES,Multiple Values,OPEN,FRESHWATER - RIVERS,2021-08-26T13:37:00,ENVIRONMENTAL MONITORING STATUTORY (EU DIRECTIVES),RIVER / RUNNING SURFACE WATER,0180,"Orthophosphate, reactive as P",0.17,MILLIGRAM PER LITRE
https://environment.data.gov.uk/water-quality/sampling-point/TH-PRTS0065/sample/1362275/observation/2958,TH-PRTS0065,R. THAMES D/S OF SPELTHORNE CHANNEL O/F,-0.4503,51.3823,Thames,THAMES - WEST THAMES,Multiple Values,OPEN,FRESHWATER - RIVERS,2021-08-26T13:37:00,ENVIRONMENTAL MONITORING STATUTORY (EU DIRECTIVES),RIVER / RUNNING SURFACE WATER,2958,Perfluorooctanesulfonic acid (total),0.0073,MICROGRAM PER LITRE
https://environment.data.gov.uk/water-quality/sampling-point/TH-PRTS0065/sample/1362275/observation/2959,TH-PRTS0065,R. THAMES D/S OF SPELTHORNE CHANNEL O/F,-0.4503,51.3823,Thames,THAMES - WEST THAMES,Multiple Values,OPEN,FRESHWATER - RIVERS,2021-08-26T13:37:00,ENVIRONMENTAL MONITORING STATUTORY (EU DIRECTIVES),RIVER / RUNNING SURFACE WATER,2959,Perfluorooctanesulfonic acid (linear),0.004,MICROGRAM PER LITRE
https://environment.data.gov.uk/water-quality/sampling-point/TH-PRTS0065/sample/1362275/observation/2960,TH-PRTS0065,R. THAMES D/S OF SPELTHORNE CHANNEL O/F,-0.4503,51.3823,Thames,THAMES - WEST THAMES,Multiple Values,OPEN,FRESHWATER - RIVERS,2021-08-26T13:37:00,ENVIRONMENTAL MONITORING STATUTORY (EU DIRECTIVES),RIVER / RUNNING SURFACE WATER,2960,Perfluorooctanesulfonic acid (branched),0.0033,MICROGRAM PER LITRE
https://environment.data.gov.uk/water-quality/sampling-point/TH-PRTS0065/sample/1362275/observation/7608,TH-PRTS0065,R. THAMES D/S OF SPELTHORNE CHANNEL O/F,-0.4503,51.3823,Thames,THAMES - WEST THAMES,Multiple Values,OPEN,FRESHWATER - RIVERS,2021-08-26T13:37:00,ENVIRONMENTAL MONITORING STATUTORY (EU DIRECTIVES),RIVER / RUNNING SURFACE WATER,7608,Salinity : In Situ,0.31,Parts per thousand
https://environment.data.gov.uk/water-quality/sampling-point/TH-PRTS0065/sample/1362275/observation/9274,TH-PRTS0065,R. THAMES D/S OF SPELTHORNE CHANNEL O/F,-0.4503,51.3823,Thames,THAMES - WEST THAMES,Multiple Values,OPEN,FRESHWATER - RIVERS,2021-08-26T13:37:00,ENVIRONMENTAL MONITORING STATUTORY (EU DIRECTIVES),RIVER / RUNNING SURFACE WATER,9274,Perfluorooctanoate anion,0.003,MICROGRAM PER LITRE
https://environment.data.gov.uk/water-quality/sampling-point/TH-PRTS0065/sample/1362275/observation/9276,TH-PRTS0065,R. THAMES D/S OF SPELTHORNE CHANNEL O/F,-0.4503,51.3823,Thames,THAMES - WEST THAMES,Multiple Values,OPEN,FRESHWATER - RIVERS,2021-08-26T13:37:00,ENVIRONMENTAL MONITORING STATUTORY (EU DIRECTIVES),RIVER / RUNNING SURFACE WATER,9276,Perfluorooctylsulphonate anion,0.0039,MICROGRAM PER LITRE
https://environment.data.gov.uk/water-quality/sampling-point/TH-PRTS0065/sample/1362275/observation/9901,TH-PRTS0065,R. THAMES D/S OF SPELTHORNE CHANNEL O/F,-0.4503,51.3823,Thames,THAMES - WEST THAMES,Multiple Values,OPEN,FRESHWATER - RIVERS,2021-08-26T13:37:00,ENVIRONMENTAL MONITORING STATUTORY (EU DIRECTIVES),RIVER / RUNNING SURFACE WATER,9901,"Oxygen, Dissolved, % Saturation",95.9,PERCENTAGE
https://environment.data.gov.uk/water-quality/sampling-point/TH-PRTS0065/sample/1362275/observation/9924,TH-PRTS0065,R. THAMES D/S OF SPELTHORNE CHANNEL O/F,-0.4503,51.3823,Thames,THAMES - WEST THAMES,Multiple Values,OPEN,FRESHWATER - RIVERS,2021-08-26T13:37:00,ENVIRONMENTAL MONITORING STATUTORY (EU DIRECTIVES),RIVER / RUNNING SURFACE WATER,9924,"Oxygen, Dissolved as O2",9.02,MILLIGRAM PER LITRE
https://environment.data.gov.uk/water-quality/sampling-point/TH-PRTS0065/sample/1366100/observation/0061,TH-PRTS0065,R. THAMES D/S OF SPELTHORNE CHANNEL O/F,-0.4503,51.3823,Thames,THAMES - WEST THAMES,Multiple Values,OPEN,FRESHWATER - RIVERS,2021-09-24T14:07:00,ENVIRONMENTAL MONITORING STATUTORY (EU DIRECTIVES),RIVER / RUNNING SURFACE WATER,0061,pH,8.11,PH UNITS
https://environment.data.gov.uk/water-quality/sampling-point/TH-PRTS0065/sample/1366100/observation/0076,TH-PRTS0065,R. THAMES D/S OF SPELTHORNE CHANNEL O/F,-0.4503,51.3823,Thames,THAMES - WEST THAMES,Multiple Values,OPEN,FRESHWATER - RIVERS,2021-09-24T14:07:00,ENVIRONMENTAL MONITORING STATUTORY (EU DIRECTIVES),RIVER / RUNNING SURFACE WATER,0076,Temperature of Water,17.3,CELSIUS
https://environment.data.gov.uk/water-quality/sampling-point/TH-PRTS0065/sample/1366100/observation/0111,TH-PRTS0065,R. THAMES D/S OF SPELTHORNE CHANNEL O/F,-0.4503,51.3823,Thames,THAMES - WEST THAMES,Multiple Values,OPEN,FRESHWATER - RIVERS,2021-09-24T14:07:00,ENVIRONMENTAL MONITORING STATUTORY (EU DIRECTIVES),RIVER / RUNNING SURFACE WATER,0111,Ammoniacal Nitrogen as N,<0.03,MILLIGRAM PER LITRE
https://environment.data.gov.uk/water-quality/sampling-point/TH-PRTS0065/sample/1366100/observation/0119,TH-PRTS0065,R. THAMES D/S OF SPELTHORNE CHANNEL O/F,-0.4503,51.3823,Thames,THAMES - WEST THAMES,Multiple Values,OPEN,FRESHWATER - RIVERS,2021-09-24T14:07:00,ENVIRONMENTAL MONITORING STATUTORY (EU DIRECTIVES),RIVER / RUNNING SURFACE WATER,0119,Ammonia un-ionised as N,<0.00093,MILLIGRAM PER LITRE
https://environment.data.gov.uk/water-quality/sampling-point/TH-PRTS0065/sample/1366100/observation/0135,TH-PRTS0065,R. THAMES D/S OF SPELTHORNE CHANNEL O/F,-0.4503,51.3823,Thames,THAMES - WEST THAMES,Multiple Values,OPEN,FRESHWATER - RIVERS,2021-09-24T14:07:00,ENVIRONMENTAL MONITORING STATUTORY (EU DIRECTIVES),RIVER / RUNNING SURFACE WATER,0135,"Solids, Suspended at 105 C",6.3,MILLIGRAM PER LITRE
https://environment.data.gov.uk/water-quality/sampling-point/TH-PRTS0065/sample/1366100/observation/0180,TH-PRTS0065,R. THAMES D/S OF SPELTHORNE CHANNEL O/F,-0.4503,51.3823,Thames,THAMES - WEST THAMES,Multiple Values,OPEN,FRESHWATER - RIVERS,2021-09-24T14:07:00,ENVIRONMENTAL MONITORING STATUTORY (EU DIRECTIVES),RIVER / RUNNING SURFACE WATER,0180,"Orthophosphate, reactive as P",0.26,MILLIGRAM PER LITRE
https://environment.data.gov.uk/water-quality/sampling-point/TH-PRTS0065/sample/1366100/observation/2958,TH-PRTS0065,R. THAMES D/S OF SPELTHORNE CHANNEL O/F,-0.4503,51.3823,Thames,THAMES - WEST THAMES,Multiple Values,OPEN,FRESHWATER - RIVERS,2021-09-24T14:07:00,ENVIRONMENTAL MONITORING STATUTORY (EU DIRECTIVES),RIVER / RUNNING SURFACE WATER,2958,Perfluorooctanesulfonic acid (total),0.0052,MICROGRAM PER LITRE
https://environment.data.gov.uk/water-quality/sampling-point/TH-PRTS0065/sample/1366100/observation/2959,TH-PRTS0065,R. THAMES D/S OF SPELTHORNE CHANNEL O/F,-0.4503,51.3823,Thames,THAMES - WEST THAMES,Multiple Values,OPEN,FRESHWATER - RIVERS,2021-09-24T14:07:00,ENVIRONMENTAL MONITORING STATUTORY (EU DIRECTIVES),RIVER / RUNNING SURFACE WATER,2959,Perfluorooctanesulfonic acid (linear),0.0028,MICROGRAM PER LITRE
https://environment.data.gov.uk/water-quality/sampling-point/TH-PRTS0065/sample/1366100/observation/2960,TH-PRTS0065,R. THAMES D/S OF SPELTHORNE CHANNEL O/F,-0.4503,51.3823,Thames,THAMES - WEST THAMES,Multiple Values,OPEN,FRESHWATER - RIVERS,2021-09-24T14:07:00,ENVIRONMENTAL MONITORING STATUTORY (EU DIRECTIVES),RIVER / RUNNING SURFACE WATER,2960,Perfluorooctanesulfonic acid (branched),0.0024,MICROGRAM PER LITRE
https://environment.data.gov.uk/water-quality/sampling-point/TH-PRTS0065/sample/1366100/observation/7608,TH-PRTS0065,R. THAMES D/S OF SPELTHORNE CHANNEL O/F,-0.4503,51.3823,Thames,THAMES - WEST THAMES,Multiple Values,OPEN,FRESHWATER - RIVERS,2021-09-24T14:07:00,ENVIRONMENTAL MONITORING STATUTORY (EU DIRECTIVES),RIVER / RUNNING SURFACE WATER,7608,Salinity : In Situ,0.32,Parts per thousand
https://environment.data.gov.uk/water-quality/sampling-point/TH-PRTS0065/sample/1366100/observation/9274,TH-PRTS0065,R. THAMES D/S OF SPELTHORNE CHANNEL O/F,-0.4503,51.3823,Thames,THAMES - WEST THAMES,Multiple Values,OPEN,FRESHWATER - RIVERS,2021-09-24T14:07:00,ENVIRONMENTAL MONITORING STATUTORY (EU DIRECTIVES),RIVER / RUNNING SURFACE WATER,9274,Perfluorooctanoate anion,0.0031,MICROGRAM PER LITRE
https://environment.data.gov.uk/water-quality/sampling-point/TH-PRTS0065/sample/1366100/observation/9901,TH-PRTS0065,R. THAMES D/S OF SPELTHORNE CHANNEL O/F,-0.4503,51.3823,Thames,THAMES - WEST THAMES,Multiple Values,OPEN,FRESHWATER - RIVERS,2021-09-24T14:07:00,ENVIRONMENTAL MONITORING STATUTORY (EU DIRECTIVES),RIVER / RUNNING SURFACE WATER,9901,"Oxygen, Dissolved, % Saturation",96.4,PERCENTAGE
https://environment.data.gov.uk/water-quality/sampling-point/TH-PRTS0065/sample/1366100/observation/9924,TH-PRTS0065,R. THAMES D/S OF SPELTHORNE CHANNEL O/F,-0.4503,51.3823,Thames,THAMES - WEST THAMES,Multiple Values,OPEN,FRESHWATER - RIVERS,2021-09-24T14:07:00,ENVIRONMENTAL MONITORING STATUTORY (EU DIRECTIVES),RIVER / RUNNING SURFACE WATER,9924,"Oxygen, Dissolved as O2",9.22,MILLIGRAM PER LITRE
https://environment.data.gov.uk/water-quality/sampling-point/TH-PRTS0065/sample/1367982/observation/0061,TH-PRTS0065,R. THAMES D/S OF SPELTHORNE CHANNEL O/F,-0.4503,51.3823,Thames,THAMES - WEST THAMES,Multiple Values,OPEN,FRESHWATER - RIVERS,2021-10-26T13:31:00,ENVIRONMENTAL MONITORING STATUTORY (EU DIRECTIVES),RIVER / RUNNING SURFACE WATER,0061,pH,8.08,PH UNITS
https://environment.data.gov.uk/water-quality/sampling-point/TH-PRTS0065/sample/1367982/observation/0076,TH-PRTS0065,R. THAMES D/S OF SPELTHORNE CHANNEL O/F,-0.4503,51.3823,Thames,THAMES - WEST THAMES,Multiple Values,OPEN,FRESHWATER - RIVERS,2021-10-26T13:31:00,ENVIRONMENTAL MONITORING STATUTORY (EU DIRECTIVES),RIVER / RUNNING SURFACE WATER,0076,Temperature of Water,12.2,CELSIUS
https://environment.data.gov.uk/water-quality/sampling-point/TH-PRTS0065/sample/1367982/observation/0111,TH-PRTS0065,R. THAMES D/S OF SPELTHORNE CHANNEL O/F,-0.4503,51.3823,Thames,THAMES - WEST THAMES,Multiple Values,OPEN,FRESHWATER - RIVERS,2021-10-26T13:31:00,ENVIRONMENTAL MONITORING STATUTORY (EU DIRECTIVES),RIVER / RUNNING SURFACE WATER,0111,Ammoniacal Nitrogen as N,0.061,MILLIGRAM PER LITRE
https://environment.data.gov.uk/water-quality/sampling-point/TH-PRTS0065/sample/1367982/observation/0119,TH-PRTS0065,R. THAMES D/S OF SPELTHORNE CHANNEL O/F,-0.4503,51.3823,Thames,THAMES - WEST THAMES,Multiple Values,OPEN,FRESHWATER - RIVERS,2021-10-26T13:31:00,ENVIRONMENTAL MONITORING STATUTORY (EU DIRECTIVES),RIVER / RUNNING SURFACE WATER,0119,Ammonia un-ionised as N,0.00131,MILLIGRAM PER LITRE
https://environment.data.gov.uk/water-quality/sampling-point/TH-PRTS0065/sample/1367982/observation/0135,TH-PRTS0065,R. THAMES D/S OF SPELTHORNE CHANNEL O/F,-0.4503,51.3823,Thames,THAMES - WEST THAMES,Multiple Values,OPEN,FRESHWATER - RIVERS,2021-10-26T13:31:00,ENVIRONMENTAL MONITORING STATUTORY (EU DIRECTIVES),RIVER / RUNNING SURFACE WATER,0135,"Solids, Suspended at 105 C",9.2,MILLIGRAM PER LITRE
https://environment.data.gov.uk/water-quality/sampling-point/TH-PRTS0065/sample/1367982/observation/0180,TH-PRTS0065,R. THAMES D/S OF SPELTHORNE CHANNEL O/F,-0.4503,51.3823,Thames,THAMES - WEST THAMES,Multiple Values,OPEN,FRESHWATER - RIVERS,2021-10-26T13:31:00,ENVIRONMENTAL MONITORING STATUTORY (EU DIRECTIVES),RIVER / RUNNING SURFACE WATER,0180,"Orthophosphate, reactive as P",0.21,MILLIGRAM PER LITRE
https://environment.data.gov.uk/water-quality/sampling-point/TH-PRTS0065/sample/1367982/observation/2958,TH-PRTS0065,R. THAMES D/S OF SPELTHORNE CHANNEL O/F,-0.4503,51.3823,Thames,THAMES - WEST THAMES,Multiple Values,OPEN,FRESHWATER - RIVERS,2021-10-26T13:31:00,ENVIRONMENTAL MONITORING STATUTORY (EU DIRECTIVES),RIVER / RUNNING SURFACE WATER,2958,Perfluorooctanesulfonic acid (total),0.0061,MICROGRAM PER LITRE
https://environment.data.gov.uk/water-quality/sampling-point/TH-PRTS0065/sample/1367982/observation/2959,TH-PRTS0065,R. THAMES D/S OF SPELTHORNE CHANNEL O/F,-0.4503,51.3823,Thames,THAMES - WEST THAMES,Multiple Values,OPEN,FRESHWATER - RIVERS,2021-10-26T13:31:00,ENVIRONMENTAL MONITORING STATUTORY (EU DIRECTIVES),RIVER / RUNNING SURFACE WATER,2959,Perfluorooctanesulfonic acid (linear),0.0031,MICROGRAM PER LITRE
https://environment.data.gov.uk/water-quality/sampling-point/TH-PRTS0065/sample/1367982/observation/2960,TH-PRTS0065,R. THAMES D/S OF SPELTHORNE CHANNEL O/F,-0.4503,51.3823,Thames,THAMES - WEST THAMES,Multiple Values,OPEN,FRESHWATER - RIVERS,2021-10-26T13:31:00,ENVIRONMENTAL MONITORING STATUTORY (EU DIRECTIVES),RIVER / RUNNING SURFACE WATER,2960,Perfluorooctanesulfonic acid (branched),0.003,MICROGRAM PER LITRE
https://environment.data.gov.uk/water-quality/sampling-point/TH-PRTS0065/sample/1367982/observation/7608,TH-PRTS0065,R. THAMES D/S OF SPELTHORNE CHANNEL O/F,-0.4503,51.3823,Thames,THAMES - WEST THAMES,Multiple Values,OPEN,FRESHWATER - RIVERS,2021-10-26T13:31:00,ENVIRONMENTAL MONITORING STATUTORY (EU DIRECTIVES),RIVER / RUNNING SURFACE WATER,7608,Salinity : In Situ,0.27,Parts per thousand
https://environment.data.gov.uk/water-quality/sampling-point/TH-PRTS0065/sample/1367982/observation/9274,TH-PRTS0065,R. THAMES D/S OF SPELTHORNE CHANNEL O/F,-0.4503,51.3823,Thames,THAMES - WEST THAMES,Multiple Values,OPEN,FRESHWATER - RIVERS,2021-10-26T13:31:00,ENVIRONMENTAL MONITORING STATUTORY (EU DIRECTIVES),RIVER / RUNNING SURFACE WATER,9274,Perfluorooctanoate anion,0.0039,MICROGRAM PER LITRE
https://environment.data.gov.uk/water-quality/sampling-point/TH-PRTS0065/sample/1367982/observation/9901,TH-PRTS0065,R. THAMES D/S OF SPELTHORNE CHANNEL O/F,-0.4503,51.3823,Thames,THAMES - WEST THAMES,Multiple Values,OPEN,FRESHWATER - RIVERS,2021-10-26T13:31:00,ENVIRONMENTAL MONITORING STATUTORY (EU DIRECTIVES),RIVER / RUNNING SURFACE WATER,9901,"Oxygen, Dissolved, % Saturation",96.9,PERCENTAGE
https://environment.data.gov.uk/water-quality/sampling-point/TH-PRTS0065/sample/1367982/observation/9924,TH-PRTS0065,R. THAMES D/S OF SPELTHORNE CHANNEL O/F,-0.4503,51.3823,Thames,THAMES - WEST THAMES,Multiple Values,OPEN,FRESHWATER - RIVERS,2021-10-26T13:31:00,ENVIRONMENTAL MONITORING STATUTORY (EU DIRECTIVES),RIVER / RUNNING SURFACE WATER,9924,"Oxygen, Dissolved as O2",10.4,MILLIGRAM PER LITRE
https://environment.data.gov.uk/water-quality/sampling-point/TH-PRTS0065/sample/1368983/observation/0061,TH-PRTS0065,R. THAMES D/S OF SPELTHORNE CHANNEL O/F,-0.4503,51.3823,Thames,THAMES - WEST THAMES,Multiple Values,OPEN,FRESHWATER - RIVERS,2021-11-23T14:05:00,ENVIRONMENTAL MONITORING STATUTORY (EU DIRECTIVES),RIVER / RUNNING SURFACE WATER,0061,pH,8.19,PH UNITS
https://environment.data.gov.uk/water-quality/sampling-point/TH-PRTS0065/sample/1368983/observation/0076,TH-PRTS0065,R. THAMES D/S OF SPELTHORNE CHANNEL O/F,-0.4503,51.3823,Thames,THAMES - WEST THAMES,Multiple Values,OPEN,FRESHWATER - RIVERS,2021-11-23T14:05:00,ENVIRONMENTAL MONITORING STATUTORY (EU DIRECTIVES),RIVER / RUNNING SURFACE WATER,0076,Temperature of Water,9,CELSIUS
https://environment.data.gov.uk/water-quality/sampling-point/TH-PRTS0065/sample/1368983/observation/0111,TH-PRTS0065,R. THAMES D/S OF SPELTHORNE CHANNEL O/F,-0.4503,51.3823,Thames,THAMES - WEST THAMES,Multiple Values,OPEN,FRESHWATER - RIVERS,2021-11-23T14:05:00,ENVIRONMENTAL MONITORING STATUTORY (EU DIRECTIVES),RIVER / RUNNING SURFACE WATER,0111,Ammoniacal Nitrogen as N,0.08,MILLIGRAM PER LITRE
https://environment.data.gov.uk/water-quality/sampling-point/TH-PRTS0065/sample/1368983/observation/0119,TH-PRTS0065,R. THAMES D/S OF SPELTHORNE CHANNEL O/F,-0.4503,51.3823,Thames,THAMES - WEST THAMES,Multiple Values,OPEN,FRESHWATER - RIVERS,2021-11-23T14:05:00,ENVIRONMENTAL MONITORING STATUTORY (EU DIRECTIVES),RIVER / RUNNING SURFACE WATER,0119,Ammonia un-ionised as N,0.00136,MILLIGRAM PER LITRE
https://environment.data.gov.uk/water-quality/sampling-point/TH-PRTS0065/sample/1368983/observation/0135,TH-PRTS0065,R. THAMES D/S OF SPELTHORNE CHANNEL O/F,-0.4503,51.3823,Thames,THAMES - WEST THAMES,Multiple Values,OPEN,FRESHWATER - RIVERS,2021-11-23T14:05:00,ENVIRONMENTAL MONITORING STATUTORY (EU DIRECTIVES),RIVER / RUNNING SURFACE WATER,0135,"Solids, Suspended at 105 C",4.2,MILLIGRAM PER LITRE
https://environment.data.gov.uk/water-quality/sampling-point/TH-PRTS0065/sample/1368983/observation/0180,TH-PRTS0065,R. THAMES D/S OF SPELTHORNE CHANNEL O/F,-0.4503,51.3823,Thames,THAMES - WEST THAMES,Multiple Values,OPEN,FRESHWATER - RIVERS,2021-11-23T14:05:00,ENVIRONMENTAL MONITORING STATUTORY (EU DIRECTIVES),RIVER / RUNNING SURFACE WATER,0180,"Orthophosphate, reactive as P",0.21,MILLIGRAM PER LITRE
https://environment.data.gov.uk/water-quality/sampling-point/TH-PRTS0065/sample/1368983/observation/2958,TH-PRTS0065,R. THAMES D/S OF SPELTHORNE CHANNEL O/F,-0.4503,51.3823,Thames,THAMES - WEST THAMES,Multiple Values,OPEN,FRESHWATER - RIVERS,2021-11-23T14:05:00,ENVIRONMENTAL MONITORING STATUTORY (EU DIRECTIVES),RIVER / RUNNING SURFACE WATER,2958,Perfluorooctanesulfonic acid (total),0.0078,MICROGRAM PER LITRE
https://environment.data.gov.uk/water-quality/sampling-point/TH-PRTS0065/sample/1368983/observation/2959,TH-PRTS0065,R. THAMES D/S OF SPELTHORNE CHANNEL O/F,-0.4503,51.3823,Thames,THAMES - WEST THAMES,Multiple Values,OPEN,FRESHWATER - RIVERS,2021-11-23T14:05:00,ENVIRONMENTAL MONITORING STATUTORY (EU DIRECTIVES),RIVER / RUNNING SURFACE WATER,2959,Perfluorooctanesulfonic acid (linear),0.0035,MICROGRAM PER LITRE
https://environment.data.gov.uk/water-quality/sampling-point/TH-PRTS0065/sample/1368983/observation/2960,TH-PRTS0065,R. THAMES D/S OF SPELTHORNE CHANNEL O/F,-0.4503,51.3823,Thames,THAMES - WEST THAMES,Multiple Values,OPEN,FRESHWATER - RIVERS,2021-11-23T14:05:00,ENVIRONMENTAL MONITORING STATUTORY (EU DIRECTIVES),RIVER / RUNNING SURFACE WATER,2960,Perfluorooctanesulfonic acid (branched),0.0044,MICROGRAM PER LITRE
https://environment.data.gov.uk/water-quality/sampling-point/TH-PRTS0065/sample/1368983/observation/7608,TH-PRTS0065,R. THAMES D/S OF SPELTHORNE CHANNEL O/F,-0.4503,51.3823,Thames,THAMES - WEST THAMES,Multiple Values,OPEN,FRESHWATER - RIVERS,2021-11-23T14:05:00,ENVIRONMENTAL MONITORING STATUTORY (EU DIRECTIVES),RIVER / RUNNING SURFACE WATER,7608,Salinity : In Situ,0.33,Parts per thousand
https://environment.data.gov.uk/water-quality/sampling-point/TH-PRTS0065/sample/1368983/observation/9274,TH-PRTS0065,R. THAMES D/S OF SPELTHORNE CHANNEL O/F,-0.4503,51.3823,Thames,THAMES - WEST THAMES,Multiple Values,OPEN,FRESHWATER - RIVERS,2021-11-23T14:05:00,ENVIRONMENTAL MONITORING STATUTORY (EU DIRECTIVES),RIVER / RUNNING SURFACE WATER,9274,Perfluorooctanoate anion,0.0025,MICROGRAM PER LITRE
https://environment.data.gov.uk/water-quality/sampling-point/TH-PRTS0065/sample/1368983/observation/9901,TH-PRTS0065,R. THAMES D/S OF SPELTHORNE CHANNEL O/F,-0.4503,51.3823,Thames,THAMES - WEST THAMES,Multiple Values,OPEN,FRESHWATER - RIVERS,2021-11-23T14:05:00,ENVIRONMENTAL MONITORING STATUTORY (EU DIRECTIVES),RIVER / RUNNING SURFACE WATER,9901,"Oxygen, Dissolved, % Saturation",97.4,PERCENTAGE
https://environment.data.gov.uk/water-quality/sampling-point/TH-PRTS0065/sample/1368983/observation/9924,TH-PRTS0065,R. THAMES D/S OF SPELTHORNE CHANNEL O/F,-0.4503,51.3823,Thames,THAMES - WEST THAMES,Multiple Values,OPEN,FRESHWATER - RIVERS,2021-11-23T14:05:00,ENVIRONMENTAL MONITORING STATUTORY (EU DIRECTIVES),RIVER / RUNNING SURFACE WATER,9924,"Oxygen, Dissolved as O2",11.2,MILLIGRAM PER LITRE
https://environment.data.gov.uk/water-quality/sampling-point/TH-PRTS0065/sample/1369638/observation/0061,TH-PRTS0065,R. THAMES D/S OF SPELTHORNE CHANNEL O/F,-0.4503,51.3823,Thames,THAMES - WEST THAMES,Multiple Values,OPEN,FRESHWATER - RIVERS,2021-12-14T13:54:00,ENVIRONMENTAL MONITORING STATUTORY (EU DIRECTIVES),RIVER / RUNNING SURFACE WATER,0061,pH,8.16,PH UNITS
https://environment.data.gov.uk/water-quality/sampling-point/TH-PRTS0065/sample/1369638/observation/0076,TH-PRTS0065,R. THAMES D/S OF SPELTHORNE CHANNEL O/F,-0.4503,51.3823,Thames,THAMES - WEST THAMES,Multiple Values,OPEN,FRESHWATER - RIVERS,2021-12-14T13:54:00,ENVIRONMENTAL MONITORING STATUTORY (EU DIRECTIVES),RIVER / RUNNING SURFACE WATER,0076,Temperature of Water,7.6,CELSIUS
https://environment.data.gov.uk/water-quality/sampling-point/TH-PRTS0065/sample/1369638/observation/0111,TH-PRTS0065,R. THAMES D/S OF SPELTHORNE CHANNEL O/F,-0.4503,51.3823,Thames,THAMES - WEST THAMES,Multiple Values,OPEN,FRESHWATER - RIVERS,2021-12-14T13:54:00,ENVIRONMENTAL MONITORING STATUTORY (EU DIRECTIVES),RIVER / RUNNING SURFACE WATER,0111,Ammoniacal Nitrogen as N,0.054,MILLIGRAM PER LITRE
https://environment.data.gov.uk/water-quality/sampling-point/TH-PRTS0065/sample/1369638/observation/0119,TH-PRTS0065,R. THAMES D/S OF SPELTHORNE CHANNEL O/F,-0.4503,51.3823,Thames,THAMES - WEST THAMES,Multiple Values,OPEN,FRESHWATER - RIVERS,2021-12-14T13:54:00,ENVIRONMENTAL MONITORING STATUTORY (EU DIRECTIVES),RIVER / RUNNING SURFACE WATER,0119,Ammonia un-ionised as N,0.00083,MILLIGRAM PER LITRE
https://environment.data.gov.uk/water-quality/sampling-point/TH-PRTS0065/sample/1369638/observation/0135,TH-PRTS0065,R. THAMES D/S OF SPELTHORNE CHANNEL O/F,-0.4503,51.3823,Thames,THAMES - WEST THAMES,Multiple Values,OPEN,FRESHWATER - RIVERS,2021-12-14T13:54:00,ENVIRONMENTAL MONITORING STATUTORY (EU DIRECTIVES),RIVER / RUNNING SURFACE WATER,0135,"Solids, Suspended at 105 C",9.9,MILLIGRAM PER LITRE
https://environment.data.gov.uk/water-quality/sampling-point/TH-PRTS0065/sample/1369638/observation/0180,TH-PRTS0065,R. THAMES D/S OF SPELTHORNE CHANNEL O/F,-0.4503,51.3823,Thames,THAMES - WEST THAMES,Multiple Values,OPEN,FRESHWATER - RIVERS,2021-12-14T13:54:00,ENVIRONMENTAL MONITORING STATUTORY (EU DIRECTIVES),RIVER / RUNNING SURFACE WATER,0180,"Orthophosphate, reactive as P",0.19,MILLIGRAM PER LITRE
https://environment.data.gov.uk/water-quality/sampling-point/TH-PRTS0065/sample/1369638/observation/2958,TH-PRTS0065,R. THAMES D/S OF SPELTHORNE CHANNEL O/F,-0.4503,51.3823,Thames,THAMES - WEST THAMES,Multiple Values,OPEN,FRESHWATER - RIVERS,2021-12-14T13:54:00,ENVIRONMENTAL MONITORING STATUTORY (EU DIRECTIVES),RIVER / RUNNING SURFACE WATER,2958,Perfluorooctanesulfonic acid (total),<0.007,MICROGRAM PER LITRE
https://environment.data.gov.uk/water-quality/sampling-point/TH-PRTS0065/sample/1369638/observation/2959,TH-PRTS0065,R. THAMES D/S OF SPELTHORNE CHANNEL O/F,-0.4503,51.3823,Thames,THAMES - WEST THAMES,Multiple Values,OPEN,FRESHWATER - RIVERS,2021-12-14T13:54:00,ENVIRONMENTAL MONITORING STATUTORY (EU DIRECTIVES),RIVER / RUNNING SURFACE WATER,2959,Perfluorooctanesulfonic acid (linear),<0.007,MICROGRAM PER LITRE
https://environment.data.gov.uk/water-quality/sampling-point/TH-PRTS0065/sample/1369638/observation/2960,TH-PRTS0065,R. THAMES D/S OF SPELTHORNE CHANNEL O/F,-0.4503,51.3823,Thames,THAMES - WEST THAMES,Multiple Values,OPEN,FRESHWATER - RIVERS,2021-12-14T13:54:00,ENVIRONMENTAL MONITORING STATUTORY (EU DIRECTIVES),RIVER / RUNNING SURFACE WATER,2960,Perfluorooctanesulfonic acid (branched),<0.007,MICROGRAM PER LITRE
https://environment.data.gov.uk/water-quality/sampling-point/TH-PRTS0065/sample/1369638/observation/7608,TH-PRTS0065,R. THAMES D/S OF SPELTHORNE CHANNEL O/F,-0.4503,51.3823,Thames,THAMES - WEST THAMES,Multiple Values,OPEN,FRESHWATER - RIVERS,2021-12-14T13:54:00,ENVIRONMENTAL MONITORING STATUTORY (EU DIRECTIVES),RIVER / RUNNING SURFACE WATER,7608,Salinity : In Situ,0.32,Parts per thousand
https://environment.data.gov.uk/water-quality/sampling-point/TH-PRTS0065/sample/1369638/observation/9274,TH-PRTS0065,R. THAMES D/S OF SPELTHORNE CHANNEL O/F,-0.4503,51.3823,Thames,THAMES - WEST THAMES,Multiple Values,OPEN,FRESHWATER - RIVERS,2021-12-14T13:54:00,ENVIRONMENTAL MONITORING STATUTORY (EU DIRECTIVES),RIVER / RUNNING SURFACE WATER,9274,Perfluorooctanoate anion,0.0025,MICROGRAM PER LITRE
https://environment.data.gov.uk/water-quality/sampling-point/TH-PRTS0065/sample/1369638/observation/9901,TH-PRTS0065,R. THAMES D/S OF SPELTHORNE CHANNEL O/F,-0.4503,51.3823,Thames,THAMES - WEST THAMES,Multiple Values,OPEN,FRESHWATER - RIVERS,2021-12-14T13:54:00,ENVIRONMENTAL MONITORING STATUTORY (EU DIRECTIVES),RIVER / RUNNING SURFACE WATER,9901,"Oxygen, Dissolved, % Saturation",101.7,PERCENTAGE
https://environment.data.gov.uk/water-quality/sampling-point/TH-PRTS0065/sample/1369638/observation/9924,TH-PRTS0065,R. THAMES D/S OF SPELTHORNE CHANNEL O/F,-0.4503,51.3823,Thames,THAMES - WEST THAMES,Multiple Values,OPEN,FRESHWATER - RIVERS,2021-12-14T13:54:00,ENVIRONMENTAL MONITORING STATUTORY (EU DIRECTIVES),RIVER / RUNNING SURFACE WATER,9924,"Oxygen, Dissolved as O2",12.1,MILLIGRAM PER LITRE
https://environment.data.gov.uk/water-quality/sampling-point/TH-PWER0030/sample/1349052/observation/0052,TH-PWER0030,WEY ABOVE THAMES,-0.4571,51.3786,Thames,THAMES - WEST THAMES,Multiple Values,OPEN,FRESHWATER - RIVERS,2021-04-22T10:24:00,MONITORING  (UK GOVT POLICY - NOT GQA OR RE),RIVER / RUNNING SURFACE WATER,0052,"Lead, Dissolved",0.16,MICROGRAM PER LITRE
https://environment.data.gov.uk/water-quality/sampling-point/TH-PWER0030/sample/1349052/observation/0061,TH-PWER0030,WEY ABOVE THAMES,-0.4571,51.3786,Thames,THAMES - WEST THAMES,Multiple Values,OPEN,FRESHWATER - RIVERS,2021-04-22T10:24:00,MONITORING  (UK GOVT POLICY - NOT GQA OR RE),RIVER / RUNNING SURFACE WATER,0061,pH,8.38,PH UNITS
https://environment.data.gov.uk/water-quality/sampling-point/TH-PWER0030/sample/1349052/observation/0076,TH-PWER0030,WEY ABOVE THAMES,-0.4571,51.3786,Thames,THAMES - WEST THAMES,Multiple Values,OPEN,FRESHWATER - RIVERS,2021-04-22T10:24:00,MONITORING  (UK GOVT POLICY - NOT GQA OR RE),RIVER / RUNNING SURFACE WATER,0076,Temperature of Water,11.1,CELSIUS
https://environment.data.gov.uk/water-quality/sampling-point/TH-PWER0030/sample/1349052/observation/0077,TH-PWER0030,WEY ABOVE THAMES,-0.4571,51.3786,Thames,THAMES - WEST THAMES,Multiple Values,OPEN,FRESHWATER - RIVERS,2021-04-22T10:24:00,MONITORING  (UK GOVT POLICY - NOT GQA OR RE),RIVER / RUNNING SURFACE WATER,0077,Conductivity at 25 C,514,MICROSIEMENS PER CENTIMETRE
https://environment.data.gov.uk/water-quality/sampling-point/TH-PWER0030/sample/1349052/observation/0103,TH-PWER0030,WEY ABOVE THAMES,-0.4571,51.3786,Thames,THAMES - WEST THAMES,Multiple Values,OPEN,FRESHWATER - RIVERS,2021-04-22T10:24:00,MONITORING  (UK GOVT POLICY - NOT GQA OR RE),RIVER / RUNNING SURFACE WATER,0103,"Mercury, Dissolved",<0.01,MICROGRAM PER LITRE
https://environment.data.gov.uk/water-quality/sampling-point/TH-PWER0030/sample/1349052/observation/0106,TH-PWER0030,WEY ABOVE THAMES,-0.4571,51.3786,Thames,THAMES - WEST THAMES,Multiple Values,OPEN,FRESHWATER - RIVERS,2021-04-22T10:24:00,MONITORING  (UK GOVT POLICY - NOT GQA OR RE),RIVER / RUNNING SURFACE WATER,0106,"Cadmium, Dissolved",<0.01,MICROGRAM PER LITRE
https://environment.data.gov.uk/water-quality/sampling-point/TH-PWER0030/sample/1349052/observation/0111,TH-PWER0030,WEY ABOVE THAMES,-0.4571,51.3786,Thames,THAMES - WEST THAMES,Multiple Values,OPEN,FRESHWATER - RIVERS,2021-04-22T10:24:00,MONITORING  (UK GOVT POLICY - NOT GQA OR RE),RIVER / RUNNING SURFACE WATER,0111,Ammoniacal Nitrogen as N,<0.03,MILLIGRAM PER LITRE
https://environment.data.gov.uk/water-quality/sampling-point/TH-PWER0030/sample/1349052/observation/0116,TH-PWER0030,WEY ABOVE THAMES,-0.4571,51.3786,Thames,THAMES - WEST THAMES,Multiple Values,OPEN,FRESHWATER - RIVERS,2021-04-22T10:24:00,MONITORING  (UK GOVT POLICY - NOT GQA OR RE),RIVER / RUNNING SURFACE WATER,0116,"Nitrogen, Total Oxidised as N",7.6,MILLIGRAM PER LITRE
https://environment.data.gov.uk/water-quality/sampling-point/TH-PWER0030/sample/1349052/observation/0117,TH-PWER0030,WEY ABOVE THAMES,-0.4571,51.3786,Thames,THAMES - WEST THAMES,Multiple Values,OPEN,FRESHWATER - RIVERS,2021-04-22T10:24:00,MONITORING  (UK GOVT POLICY - NOT GQA OR RE),RIVER / RUNNING SURFACE WATER,0117,Nitrate as N,7.56,MILLIGRAM PER LITRE
https://environment.data.gov.uk/water-quality/sampling-point/TH-PWER0030/sample/1349052/observation/0118,TH-PWER0030,WEY ABOVE THAMES,-0.4571,51.3786,Thames,THAMES - WEST THAMES,Multiple Values,OPEN,FRESHWATER - RIVERS,2021-04-22T10:24:00,MONITORING  (UK GOVT POLICY - NOT GQA OR RE),RIVER / RUNNING SURFACE WATER,0118,Nitrite as N,0.043,MILLIGRAM PER LITRE
https://environment.data.gov.uk/water-quality/sampling-point/TH-PWER0030/sample/1349052/observation/0119,TH-PWER0030,WEY ABOVE THAMES,-0.4571,51.3786,Thames,THAMES - WEST THAMES,Multiple Values,OPEN,FRESHWATER - RIVERS,2021-04-22T10:24:00,MONITORING  (UK GOVT POLICY - NOT GQA OR RE),RIVER / RUNNING SURFACE WATER,0119,Ammonia un-ionised as N,<0.00059,MILLIGRAM PER LITRE
https://environment.data.gov.uk/water-quality/sampling-point/TH-PWER0030/sample/1349052/observation/0172,TH-PWER0030,WEY ABOVE THAMES,-0.4571,51.3786,Thames,THAMES - WEST THAMES,Multiple Values,OPEN,FRESHWATER - RIVERS,2021-04-22T10:24:00,MONITORING  (UK GOVT POLICY - NOT GQA OR RE),RIVER / RUNNING SURFACE WATER,0172,Chloride,41,MILLIGRAM PER LITRE
https://environment.data.gov.uk/water-quality/sampling-point/TH-PWER0030/sample/1349052/observation/0180,TH-PWER0030,WEY ABOVE THAMES,-0.4571,51.3786,Thames,THAMES - WEST THAMES,Multiple Values,OPEN,FRESHWATER - RIVERS,2021-04-22T10:24:00,MONITORING  (UK GOVT POLICY - NOT GQA OR RE),RIVER / RUNNING SURFACE WATER,0180,"Orthophosphate, reactive as P",0.12,MILLIGRAM PER LITRE
https://environment.data.gov.uk/water-quality/sampling-point/TH-PWER0030/sample/1349052/observation/0182,TH-PWER0030,WEY ABOVE THAMES,-0.4571,51.3786,Thames,THAMES - WEST THAMES,Multiple Values,OPEN,FRESHWATER - RIVERS,2021-04-22T10:24:00,MONITORING  (UK GOVT POLICY - NOT GQA OR RE),RIVER / RUNNING SURFACE WATER,0182,"Silica, reactive as SiO2",3.8,MILLIGRAM PER LITRE
https://environment.data.gov.uk/water-quality/sampling-point/TH-PWER0030/sample/1349052/observation/0205,TH-PWER0030,WEY ABOVE THAMES,-0.4571,51.3786,Thames,THAMES - WEST THAMES,Multiple Values,OPEN,FRESHWATER - RIVERS,2021-04-22T10:24:00,MONITORING  (UK GOVT POLICY - NOT GQA OR RE),RIVER / RUNNING SURFACE WATER,0205,"Sodium, Dissolved",29,MILLIGRAM PER LITRE
https://environment.data.gov.uk/water-quality/sampling-point/TH-PWER0030/sample/1349052/observation/0209,TH-PWER0030,WEY ABOVE THAMES,-0.4571,51.3786,Thames,THAMES - WEST THAMES,Multiple Values,OPEN,FRESHWATER - RIVERS,2021-04-22T10:24:00,MONITORING  (UK GOVT POLICY - NOT GQA OR RE),RIVER / RUNNING SURFACE WATER,0209,"Potassium, Dissolved",6.1,MILLIGRAM PER LITRE
https://environment.data.gov.uk/water-quality/sampling-point/TH-PWER0030/sample/1349052/observation/0301,TH-PWER0030,WEY ABOVE THAMES,-0.4571,51.3786,Thames,THAMES - WEST THAMES,Multiple Values,OPEN,FRESHWATER - RIVERS,2021-04-22T10:24:00,MONITORING  (UK GOVT POLICY - NOT GQA OR RE),RIVER / RUNNING SURFACE WATER,0301,"Carbon, Organic, Dissolved as C :- {DOC}",1.1,MILLIGRAM PER LITRE
https://environment.data.gov.uk/water-quality/sampling-point/TH-PWER0030/sample/1349052/observation/0348,TH-PWER0030,WEY ABOVE THAMES,-0.4571,51.3786,Thames,THAMES - WEST THAMES,Multiple Values,OPEN,FRESHWATER - RIVERS,2021-04-22T10:24:00,MONITORING  (UK GOVT POLICY - NOT GQA OR RE),RIVER / RUNNING SURFACE WATER,0348,"Phosphorus, Total as P",0.27,MILLIGRAM PER LITRE
https://environment.data.gov.uk/water-quality/sampling-point/TH-PWER0030/sample/1349052/observation/3408,TH-PWER0030,WEY ABOVE THAMES,-0.4571,51.3786,Thames,THAMES - WEST THAMES,Multiple Values,OPEN,FRESHWATER - RIVERS,2021-04-22T10:24:00,MONITORING  (UK GOVT POLICY - NOT GQA OR RE),RIVER / RUNNING SURFACE WATER,3408,"Zinc, Dissolved",3.3,MICROGRAM PER LITRE
https://environment.data.gov.uk/water-quality/sampling-point/TH-PWER0030/sample/1349052/observation/3409,TH-PWER0030,WEY ABOVE THAMES,-0.4571,51.3786,Thames,THAMES - WEST THAMES,Multiple Values,OPEN,FRESHWATER - RIVERS,2021-04-22T10:24:00,MONITORING  (UK GOVT POLICY - NOT GQA OR RE),RIVER / RUNNING SURFACE WATER,3409,"Chromium, Dissolved",<0.5,MICROGRAM PER LITRE
https://environment.data.gov.uk/water-quality/sampling-point/TH-PWER0030/sample/1349052/observation/3410,TH-PWER0030,WEY ABOVE THAMES,-0.4571,51.3786,Thames,THAMES - WEST THAMES,Multiple Values,OPEN,FRESHWATER - RIVERS,2021-04-22T10:24:00,MONITORING  (UK GOVT POLICY - NOT GQA OR RE),RIVER / RUNNING SURFACE WATER,3410,"Nickel, Dissolved",3,MICROGRAM PER LITRE
https://environment.data.gov.uk/water-quality/sampling-point/TH-PWER0030/sample/1349052/observation/4994,TH-PWER0030,WEY ABOVE THAMES,-0.4571,51.3786,Thames,THAMES - WEST THAMES,Multiple Values,OPEN,FRESHWATER - RIVERS,2021-04-22T10:24:00,MONITORING  (UK GOVT POLICY - NOT GQA OR RE),RIVER / RUNNING SURFACE WATER,4994,GCMS Screen : Target Based multi-residue screening : Semi Quantitative,1,Text Result
https://environment.data.gov.uk/water-quality/sampling-point/TH-PWER0030/sample/1349052/observation/6045,TH-PWER0030,WEY ABOVE THAMES,-0.4571,51.3786,Thames,THAMES - WEST THAMES,Multiple Values,OPEN,FRESHWATER - RIVERS,2021-04-22T10:24:00,MONITORING  (UK GOVT POLICY - NOT GQA OR RE),RIVER / RUNNING SURFACE WATER,6045,"Arsenic, Dissolved",<1,MICROGRAM PER LITRE
https://environment.data.gov.uk/water-quality/sampling-point/TH-PWER0030/sample/1349052/observation/6396,TH-PWER0030,WEY ABOVE THAMES,-0.4571,51.3786,Thames,THAMES - WEST THAMES,Multiple Values,OPEN,FRESHWATER - RIVERS,2021-04-22T10:24:00,MONITORING  (UK GOVT POLICY - NOT GQA OR RE),RIVER / RUNNING SURFACE WATER,6396,Turbidity,2.1,NEPHELOMETRIC TURBIDITY UNITS
https://environment.data.gov.uk/water-quality/sampling-point/TH-PWER0030/sample/1349052/observation/6450,TH-PWER0030,WEY ABOVE THAMES,-0.4571,51.3786,Thames,THAMES - WEST THAMES,Multiple Values,OPEN,FRESHWATER - RIVERS,2021-04-22T10:24:00,MONITORING  (UK GOVT POLICY - NOT GQA OR RE),RIVER / RUNNING SURFACE WATER,6450,"Copper, Dissolved",2.7,MICROGRAM PER LITRE
https://environment.data.gov.uk/water-quality/sampling-point/TH-PWER0030/sample/1349052/observation/6458,TH-PWER0030,WEY ABOVE THAMES,-0.4571,51.3786,Thames,THAMES - WEST THAMES,Multiple Values,OPEN,FRESHWATER - RIVERS,2021-04-22T10:24:00,MONITORING  (UK GOVT POLICY - NOT GQA OR RE),RIVER / RUNNING SURFACE WATER,6458,"Manganese, Dissolved",19,MICROGRAM PER LITRE
https://environment.data.gov.uk/water-quality/sampling-point/TH-PWER0030/sample/1349052/observation/6460,TH-PWER0030,WEY ABOVE THAMES,-0.4571,51.3786,Thames,THAMES - WEST THAMES,Multiple Values,OPEN,FRESHWATER - RIVERS,2021-04-22T10:24:00,MONITORING  (UK GOVT POLICY - NOT GQA OR RE),RIVER / RUNNING SURFACE WATER,6460,"Iron, Dissolved",130,MICROGRAM PER LITRE
https://environment.data.gov.uk/water-quality/sampling-point/TH-PWER0030/sample/1349052/observation/7859,TH-PWER0030,WEY ABOVE THAMES,-0.4571,51.3786,Thames,THAMES - WEST THAMES,Multiple Values,OPEN,FRESHWATER - RIVERS,2021-04-22T10:24:00,MONITORING  (UK GOVT POLICY - NOT GQA OR RE),RIVER / RUNNING SURFACE WATER,7859,"Sulphate, Dissolved as SO4",42,MILLIGRAM PER LITRE
https://environment.data.gov.uk/water-quality/sampling-point/TH-PWER0030/sample/1349052/observation/7887,TH-PWER0030,WEY ABOVE THAMES,-0.4571,51.3786,Thames,THAMES - WEST THAMES,Multiple Values,OPEN,FRESHWATER - RIVERS,2021-04-22T10:24:00,MONITORING  (UK GOVT POLICY - NOT GQA OR RE),RIVER / RUNNING SURFACE WATER,7887,Chlorophyll : Acetone Extract,44,MICROGRAM PER LITRE
https://environment.data.gov.uk/water-quality/sampling-point/TH-PWER0030/sample/1349052/observation/9447,TH-PWER0030,WEY ABOVE THAMES,-0.4571,51.3786,Thames,THAMES - WEST THAMES,Multiple Values,OPEN,FRESHWATER - RIVERS,2021-04-22T10:24:00,MONITORING  (UK GOVT POLICY - NOT GQA OR RE),RIVER / RUNNING SURFACE WATER,9447,"Boron, Dissolved",<100,MICROGRAM PER LITRE
https://environment.data.gov.uk/water-quality/sampling-point/TH-PWER0030/sample/1349052/observation/9901,TH-PWER0030,WEY ABOVE THAMES,-0.4571,51.3786,Thames,THAMES - WEST THAMES,Multiple Values,OPEN,FRESHWATER - RIVERS,2021-04-22T10:24:00,MONITORING  (UK GOVT POLICY - NOT GQA OR RE),RIVER / RUNNING SURFACE WATER,9901,"Oxygen, Dissolved, % Saturation",108.9,PERCENTAGE
https://environment.data.gov.uk/water-quality/sampling-point/TH-PWER0030/sample/1349052/observation/9924,TH-PWER0030,WEY ABOVE THAMES,-0.4571,51.3786,Thames,THAMES - WEST THAMES,Multiple Values,OPEN,FRESHWATER - RIVERS,2021-04-22T10:24:00,MONITORING  (UK GOVT POLICY - NOT GQA OR RE),RIVER / RUNNING SURFACE WATER,9924,"Oxygen, Dissolved as O2",12,MILLIGRAM PER LITRE
https://environment.data.gov.uk/water-quality/sampling-point/TH-PWER0030/sample/1351267/observation/0052,TH-PWER0030,WEY ABOVE THAMES,-0.4571,51.3786,Thames,THAMES - WEST THAMES,Multiple Values,OPEN,FRESHWATER - RIVERS,2021-05-18T10:43:00,MONITORING  (UK GOVT POLICY - NOT GQA OR RE),RIVER / RUNNING SURFACE WATER,0052,"Lead, Dissolved",0.24,MICROGRAM PER LITRE
https://environment.data.gov.uk/water-quality/sampling-point/TH-PWER0030/sample/1351267/observation/0061,TH-PWER0030,WEY ABOVE THAMES,-0.4571,51.3786,Thames,THAMES - WEST THAMES,Multiple Values,OPEN,FRESHWATER - RIVERS,2021-05-18T10:43:00,MONITORING  (UK GOVT POLICY - NOT GQA OR RE),RIVER / RUNNING SURFACE WATER,0061,pH,7.73,PH UNITS
https://environment.data.gov.uk/water-quality/sampling-point/TH-PWER0030/sample/1351267/observation/0076,TH-PWER0030,WEY ABOVE THAMES,-0.4571,51.3786,Thames,THAMES - WEST THAMES,Multiple Values,OPEN,FRESHWATER - RIVERS,2021-05-18T10:43:00,MONITORING  (UK GOVT POLICY - NOT GQA OR RE),RIVER / RUNNING SURFACE WATER,0076,Temperature of Water,13.1,CELSIUS
https://environment.data.gov.uk/water-quality/sampling-point/TH-PWER0030/sample/1351267/observation/0077,TH-PWER0030,WEY ABOVE THAMES,-0.4571,51.3786,Thames,THAMES - WEST THAMES,Multiple Values,OPEN,FRESHWATER - RIVERS,2021-05-18T10:43:00,MONITORING  (UK GOVT POLICY - NOT GQA OR RE),RIVER / RUNNING SURFACE WATER,0077,Conductivity at 25 C,453,MICROSIEMENS PER CENTIMETRE
https://environment.data.gov.uk/water-quality/sampling-point/TH-PWER0030/sample/1351267/observation/0103,TH-PWER0030,WEY ABOVE THAMES,-0.4571,51.3786,Thames,THAMES - WEST THAMES,Multiple Values,OPEN,FRESHWATER - RIVERS,2021-05-18T10:43:00,MONITORING  (UK GOVT POLICY - NOT GQA OR RE),RIVER / RUNNING SURFACE WATER,0103,"Mercury, Dissolved",<0.01,MICROGRAM PER LITRE
https://environment.data.gov.uk/water-quality/sampling-point/TH-PWER0030/sample/1351267/observation/0106,TH-PWER0030,WEY ABOVE THAMES,-0.4571,51.3786,Thames,THAMES - WEST THAMES,Multiple Values,OPEN,FRESHWATER - RIVERS,2021-05-18T10:43:00,MONITORING  (UK GOVT POLICY - NOT GQA OR RE),RIVER / RUNNING SURFACE WATER,0106,"Cadmium, Dissolved",<0.01,MICROGRAM PER LITRE
https://environment.data.gov.uk/water-quality/sampling-point/TH-PWER0030/sample/1351267/observation/0111,TH-PWER0030,WEY ABOVE THAMES,-0.4571,51.3786,Thames,THAMES - WEST THAMES,Multiple Values,OPEN,FRESHWATER - RIVERS,2021-05-18T10:43:00,MONITORING  (UK GOVT POLICY - NOT GQA OR RE),RIVER / RUNNING SURFACE WATER,0111,Ammoniacal Nitrogen as N,0.15,MILLIGRAM PER LITRE
https://environment.data.gov.uk/water-quality/sampling-point/TH-PWER0030/sample/1351267/observation/0116,TH-PWER0030,WEY ABOVE THAMES,-0.4571,51.3786,Thames,THAMES - WEST THAMES,Multiple Values,OPEN,FRESHWATER - RIVERS,2021-05-18T10:43:00,MONITORING  (UK GOVT POLICY - NOT GQA OR RE),RIVER / RUNNING SURFACE WATER,0116,"Nitrogen, Total Oxidised as N",6.1,MILLIGRAM PER LITRE
https://environment.data.gov.uk/water-quality/sampling-point/TH-PWER0030/sample/1351267/observation/0117,TH-PWER0030,WEY ABOVE THAMES,-0.4571,51.3786,Thames,THAMES - WEST THAMES,Multiple Values,OPEN,FRESHWATER - RIVERS,2021-05-18T10:43:00,MONITORING  (UK GOVT POLICY - NOT GQA OR RE),RIVER / RUNNING SURFACE WATER,0117,Nitrate as N,6.03,MILLIGRAM PER LITRE
https://environment.data.gov.uk/water-quality/sampling-point/TH-PWER0030/sample/1351267/observation/0118,TH-PWER0030,WEY ABOVE THAMES,-0.4571,51.3786,Thames,THAMES - WEST THAMES,Multiple Values,OPEN,FRESHWATER - RIVERS,2021-05-18T10:43:00,MONITORING  (UK GOVT POLICY - NOT GQA OR RE),RIVER / RUNNING SURFACE WATER,0118,Nitrite as N,0.071,MILLIGRAM PER LITRE
https://environment.data.gov.uk/water-quality/sampling-point/TH-PWER0030/sample/1351267/observation/0119,TH-PWER0030,WEY ABOVE THAMES,-0.4571,51.3786,Thames,THAMES - WEST THAMES,Multiple Values,OPEN,FRESHWATER - RIVERS,2021-05-18T10:43:00,MONITORING  (UK GOVT POLICY - NOT GQA OR RE),RIVER / RUNNING SURFACE WATER,0119,Ammonia un-ionised as N,0.00186,MILLIGRAM PER LITRE
https://environment.data.gov.uk/water-quality/sampling-point/TH-PWER0030/sample/1351267/observation/0172,TH-PWER0030,WEY ABOVE THAMES,-0.4571,51.3786,Thames,THAMES - WEST THAMES,Multiple Values,OPEN,FRESHWATER - RIVERS,2021-05-18T10:43:00,MONITORING  (UK GOVT POLICY - NOT GQA OR RE),RIVER / RUNNING SURFACE WATER,0172,Chloride,36,MILLIGRAM PER LITRE
https://environment.data.gov.uk/water-quality/sampling-point/TH-PWER0030/sample/1351267/observation/0180,TH-PWER0030,WEY ABOVE THAMES,-0.4571,51.3786,Thames,THAMES - WEST THAMES,Multiple Values,OPEN,FRESHWATER - RIVERS,2021-05-18T10:43:00,MONITORING  (UK GOVT POLICY - NOT GQA OR RE),RIVER / RUNNING SURFACE WATER,0180,"Orthophosphate, reactive as P",0.19,MILLIGRAM PER LITRE
https://environment.data.gov.uk/water-quality/sampling-point/TH-PWER0030/sample/1351267/observation/0182,TH-PWER0030,WEY ABOVE THAMES,-0.4571,51.3786,Thames,THAMES - WEST THAMES,Multiple Values,OPEN,FRESHWATER - RIVERS,2021-05-18T10:43:00,MONITORING  (UK GOVT POLICY - NOT GQA OR RE),RIVER / RUNNING SURFACE WATER,0182,"Silica, reactive as SiO2",9.4,MILLIGRAM PER LITRE
https://environment.data.gov.uk/water-quality/sampling-point/TH-PWER0030/sample/1351267/observation/0205,TH-PWER0030,WEY ABOVE THAMES,-0.4571,51.3786,Thames,THAMES - WEST THAMES,Multiple Values,OPEN,FRESHWATER - RIVERS,2021-05-18T10:43:00,MONITORING  (UK GOVT POLICY - NOT GQA OR RE),RIVER / RUNNING SURFACE WATER,0205,"Sodium, Dissolved",25,MILLIGRAM PER LITRE
https://environment.data.gov.uk/water-quality/sampling-point/TH-PWER0030/sample/1351267/observation/0209,TH-PWER0030,WEY ABOVE THAMES,-0.4571,51.3786,Thames,THAMES - WEST THAMES,Multiple Values,OPEN,FRESHWATER - RIVERS,2021-05-18T10:43:00,MONITORING  (UK GOVT POLICY - NOT GQA OR RE),RIVER / RUNNING SURFACE WATER,0209,"Potassium, Dissolved",5.2,MILLIGRAM PER LITRE
https://environment.data.gov.uk/water-quality/sampling-point/TH-PWER0030/sample/1351267/observation/0301,TH-PWER0030,WEY ABOVE THAMES,-0.4571,51.3786,Thames,THAMES - WEST THAMES,Multiple Values,OPEN,FRESHWATER - RIVERS,2021-05-18T10:43:00,MONITORING  (UK GOVT POLICY - NOT GQA OR RE),RIVER / RUNNING SURFACE WATER,0301,"Carbon, Organic, Dissolved as C :- {DOC}",4.7,MILLIGRAM PER LITRE
https://environment.data.gov.uk/water-quality/sampling-point/TH-PWER0030/sample/1351267/observation/0348,TH-PWER0030,WEY ABOVE THAMES,-0.4571,51.3786,Thames,THAMES - WEST THAMES,Multiple Values,OPEN,FRESHWATER - RIVERS,2021-05-18T10:43:00,MONITORING  (UK GOVT POLICY - NOT GQA OR RE),RIVER / RUNNING SURFACE WATER,0348,"Phosphorus, Total as P",0.37,MILLIGRAM PER LITRE
https://environment.data.gov.uk/water-quality/sampling-point/TH-PWER0030/sample/1351267/observation/3408,TH-PWER0030,WEY ABOVE THAMES,-0.4571,51.3786,Thames,THAMES - WEST THAMES,Multiple Values,OPEN,FRESHWATER - RIVERS,2021-05-18T10:43:00,MONITORING  (UK GOVT POLICY - NOT GQA OR RE),RIVER / RUNNING SURFACE WATER,3408,"Zinc, Dissolved",4.9,MICROGRAM PER LITRE
https://environment.data.gov.uk/water-quality/sampling-point/TH-PWER0030/sample/1351267/observation/3409,TH-PWER0030,WEY ABOVE THAMES,-0.4571,51.3786,Thames,THAMES - WEST THAMES,Multiple Values,OPEN,FRESHWATER - RIVERS,2021-05-18T10:43:00,MONITORING  (UK GOVT POLICY - NOT GQA OR RE),RIVER / RUNNING SURFACE WATER,3409,"Chromium, Dissolved",<0.5,MICROGRAM PER LITRE
https://environment.data.gov.uk/water-quality/sampling-point/TH-PWER0030/sample/1351267/observation/3410,TH-PWER0030,WEY ABOVE THAMES,-0.4571,51.3786,Thames,THAMES - WEST THAMES,Multiple Values,OPEN,FRESHWATER - RIVERS,2021-05-18T10:43:00,MONITORING  (UK GOVT POLICY - NOT GQA OR RE),RIVER / RUNNING SURFACE WATER,3410,"Nickel, Dissolved",2.8,MICROGRAM PER LITRE
https://environment.data.gov.uk/water-quality/sampling-point/TH-PWER0030/sample/1351267/observation/4994,TH-PWER0030,WEY ABOVE THAMES,-0.4571,51.3786,Thames,THAMES - WEST THAMES,Multiple Values,OPEN,FRESHWATER - RIVERS,2021-05-18T10:43:00,MONITORING  (UK GOVT POLICY - NOT GQA OR RE),RIVER / RUNNING SURFACE WATER,4994,GCMS Screen : Target Based multi-residue screening : Semi Quantitative,1,Text Result
https://environment.data.gov.uk/water-quality/sampling-point/TH-PWER0030/sample/1351267/observation/6045,TH-PWER0030,WEY ABOVE THAMES,-0.4571,51.3786,Thames,THAMES - WEST THAMES,Multiple Values,OPEN,FRESHWATER - RIVERS,2021-05-18T10:43:00,MONITORING  (UK GOVT POLICY - NOT GQA OR RE),RIVER / RUNNING SURFACE WATER,6045,"Arsenic, Dissolved",1.1,MICROGRAM PER LITRE
https://environment.data.gov.uk/water-quality/sampling-point/TH-PWER0030/sample/1351267/observation/6396,TH-PWER0030,WEY ABOVE THAMES,-0.4571,51.3786,Thames,THAMES - WEST THAMES,Multiple Values,OPEN,FRESHWATER - RIVERS,2021-05-18T10:43:00,MONITORING  (UK GOVT POLICY - NOT GQA OR RE),RIVER / RUNNING SURFACE WATER,6396,Turbidity,16,NEPHELOMETRIC TURBIDITY UNITS
https://environment.data.gov.uk/water-quality/sampling-point/TH-PWER0030/sample/1351267/observation/6450,TH-PWER0030,WEY ABOVE THAMES,-0.4571,51.3786,Thames,THAMES - WEST THAMES,Multiple Values,OPEN,FRESHWATER - RIVERS,2021-05-18T10:43:00,MONITORING  (UK GOVT POLICY - NOT GQA OR RE),RIVER / RUNNING SURFACE WATER,6450,"Copper, Dissolved",2.8,MICROGRAM PER LITRE
https://environment.data.gov.uk/water-quality/sampling-point/TH-PWER0030/sample/1351267/observation/6458,TH-PWER0030,WEY ABOVE THAMES,-0.4571,51.3786,Thames,THAMES - WEST THAMES,Multiple Values,OPEN,FRESHWATER - RIVERS,2021-05-18T10:43:00,MONITORING  (UK GOVT POLICY - NOT GQA OR RE),RIVER / RUNNING SURFACE WATER,6458,"Manganese, Dissolved",39,MICROGRAM PER LITRE
https://environment.data.gov.uk/water-quality/sampling-point/TH-PWER0030/sample/1351267/observation/6460,TH-PWER0030,WEY ABOVE THAMES,-0.4571,51.3786,Thames,THAMES - WEST THAMES,Multiple Values,OPEN,FRESHWATER - RIVERS,2021-05-18T10:43:00,MONITORING  (UK GOVT POLICY - NOT GQA OR RE),RIVER / RUNNING SURFACE WATER,6460,"Iron, Dissolved",150,MICROGRAM PER LITRE
https://environment.data.gov.uk/water-quality/sampling-point/TH-PWER0030/sample/1351267/observation/7859,TH-PWER0030,WEY ABOVE THAMES,-0.4571,51.3786,Thames,THAMES - WEST THAMES,Multiple Values,OPEN,FRESHWATER - RIVERS,2021-05-18T10:43:00,MONITORING  (UK GOVT POLICY - NOT GQA OR RE),RIVER / RUNNING SURFACE WATER,7859,"Sulphate, Dissolved as SO4",36,MILLIGRAM PER LITRE
https://environment.data.gov.uk/water-quality/sampling-point/TH-PWER0030/sample/1351267/observation/7887,TH-PWER0030,WEY ABOVE THAMES,-0.4571,51.3786,Thames,THAMES - WEST THAMES,Multiple Values,OPEN,FRESHWATER - RIVERS,2021-05-18T10:43:00,MONITORING  (UK GOVT POLICY - NOT GQA OR RE),RIVER / RUNNING SURFACE WATER,7887,Chlorophyll : Acetone Extract,33,MICROGRAM PER LITRE
https://environment.data.gov.uk/water-quality/sampling-point/TH-PWER0030/sample/1351267/observation/9447,TH-PWER0030,WEY ABOVE THAMES,-0.4571,51.3786,Thames,THAMES - WEST THAMES,Multiple Values,OPEN,FRESHWATER - RIVERS,2021-05-18T10:43:00,MONITORING  (UK GOVT POLICY - NOT GQA OR RE),RIVER / RUNNING SURFACE WATER,9447,"Boron, Dissolved",<100,MICROGRAM PER LITRE
https://environment.data.gov.uk/water-quality/sampling-point/TH-PWER0030/sample/1351267/observation/9901,TH-PWER0030,WEY ABOVE THAMES,-0.4571,51.3786,Thames,THAMES - WEST THAMES,Multiple Values,OPEN,FRESHWATER - RIVERS,2021-05-18T10:43:00,MONITORING  (UK GOVT POLICY - NOT GQA OR RE),RIVER / RUNNING SURFACE WATER,9901,"Oxygen, Dissolved, % Saturation",99.3,PERCENTAGE
https://environment.data.gov.uk/water-quality/sampling-point/TH-PWER0030/sample/1351267/observation/9924,TH-PWER0030,WEY ABOVE THAMES,-0.4571,51.3786,Thames,THAMES - WEST THAMES,Multiple Values,OPEN,FRESHWATER - RIVERS,2021-05-18T10:43:00,MONITORING  (UK GOVT POLICY - NOT GQA OR RE),RIVER / RUNNING SURFACE WATER,9924,"Oxygen, Dissolved as O2",10.4,MILLIGRAM PER LITRE
https://environment.data.gov.uk/water-quality/sampling-point/TH-PWER0030/sample/1359719/observation/0052,TH-PWER0030,WEY ABOVE THAMES,-0.4571,51.3786,Thames,THAMES - WEST THAMES,Multiple Values,OPEN,FRESHWATER - RIVERS,2021-06-29T10:37:00,MONITORING  (UK GOVT POLICY - NOT GQA OR RE),RIVER / RUNNING SURFACE WATER,0052,"Lead, Dissolved",0.2,MICROGRAM PER LITRE
https://environment.data.gov.uk/water-quality/sampling-point/TH-PWER0030/sample/1359719/observation/0061,TH-PWER0030,WEY ABOVE THAMES,-0.4571,51.3786,Thames,THAMES - WEST THAMES,Multiple Values,OPEN,FRESHWATER - RIVERS,2021-06-29T10:37:00,MONITORING  (UK GOVT POLICY - NOT GQA OR RE),RIVER / RUNNING SURFACE WATER,0061,pH,7.95,PH UNITS
https://environment.data.gov.uk/water-quality/sampling-point/TH-PWER0030/sample/1359719/observation/0076,TH-PWER0030,WEY ABOVE THAMES,-0.4571,51.3786,Thames,THAMES - WEST THAMES,Multiple Values,OPEN,FRESHWATER - RIVERS,2021-06-29T10:37:00,MONITORING  (UK GOVT POLICY - NOT GQA OR RE),RIVER / RUNNING SURFACE WATER,0076,Temperature of Water,17.4,CELSIUS
https://environment.data.gov.uk/water-quality/sampling-point/TH-PWER0030/sample/1359719/observation/0077,TH-PWER0030,WEY ABOVE THAMES,-0.4571,51.3786,Thames,THAMES - WEST THAMES,Multiple Values,OPEN,FRESHWATER - RIVERS,2021-06-29T10:37:00,MONITORING  (UK GOVT POLICY - NOT GQA OR RE),RIVER / RUNNING SURFACE WATER,0077,Conductivity at 25 C,479,MICROSIEMENS PER CENTIMETRE
https://environment.data.gov.uk/water-quality/sampling-point/TH-PWER0030/sample/1359719/observation/0103,TH-PWER0030,WEY ABOVE THAMES,-0.4571,51.3786,Thames,THAMES - WEST THAMES,Multiple Values,OPEN,FRESHWATER - RIVERS,2021-06-29T10:37:00,MONITORING  (UK GOVT POLICY - NOT GQA OR RE),RIVER / RUNNING SURFACE WATER,0103,"Mercury, Dissolved",<0.01,MICROGRAM PER LITRE
https://environment.data.gov.uk/water-quality/sampling-point/TH-PWER0030/sample/1359719/observation/0106,TH-PWER0030,WEY ABOVE THAMES,-0.4571,51.3786,Thames,THAMES - WEST THAMES,Multiple Values,OPEN,FRESHWATER - RIVERS,2021-06-29T10:37:00,MONITORING  (UK GOVT POLICY - NOT GQA OR RE),RIVER / RUNNING SURFACE WATER,0106,"Cadmium, Dissolved",<0.01,MICROGRAM PER LITRE
https://environment.data.gov.uk/water-quality/sampling-point/TH-PWER0030/sample/1359719/observation/0111,TH-PWER0030,WEY ABOVE THAMES,-0.4571,51.3786,Thames,THAMES - WEST THAMES,Multiple Values,OPEN,FRESHWATER - RIVERS,2021-06-29T10:37:00,MONITORING  (UK GOVT POLICY - NOT GQA OR RE),RIVER / RUNNING SURFACE WATER,0111,Ammoniacal Nitrogen as N,0.14,MILLIGRAM PER LITRE
https://environment.data.gov.uk/water-quality/sampling-point/TH-PWER0030/sample/1359719/observation/0116,TH-PWER0030,WEY ABOVE THAMES,-0.4571,51.3786,Thames,THAMES - WEST THAMES,Multiple Values,OPEN,FRESHWATER - RIVERS,2021-06-29T10:37:00,MONITORING  (UK GOVT POLICY - NOT GQA OR RE),RIVER / RUNNING SURFACE WATER,0116,"Nitrogen, Total Oxidised as N",6,MILLIGRAM PER LITRE
https://environment.data.gov.uk/water-quality/sampling-point/TH-PWER0030/sample/1359719/observation/0117,TH-PWER0030,WEY ABOVE THAMES,-0.4571,51.3786,Thames,THAMES - WEST THAMES,Multiple Values,OPEN,FRESHWATER - RIVERS,2021-06-29T10:37:00,MONITORING  (UK GOVT POLICY - NOT GQA OR RE),RIVER / RUNNING SURFACE WATER,0117,Nitrate as N,5.9,MILLIGRAM PER LITRE
https://environment.data.gov.uk/water-quality/sampling-point/TH-PWER0030/sample/1359719/observation/0118,TH-PWER0030,WEY ABOVE THAMES,-0.4571,51.3786,Thames,THAMES - WEST THAMES,Multiple Values,OPEN,FRESHWATER - RIVERS,2021-06-29T10:37:00,MONITORING  (UK GOVT POLICY - NOT GQA OR RE),RIVER / RUNNING SURFACE WATER,0118,Nitrite as N,0.1,MILLIGRAM PER LITRE
https://environment.data.gov.uk/water-quality/sampling-point/TH-PWER0030/sample/1359719/observation/0119,TH-PWER0030,WEY ABOVE THAMES,-0.4571,51.3786,Thames,THAMES - WEST THAMES,Multiple Values,OPEN,FRESHWATER - RIVERS,2021-06-29T10:37:00,MONITORING  (UK GOVT POLICY - NOT GQA OR RE),RIVER / RUNNING SURFACE WATER,0119,Ammonia un-ionised as N,0.00391,MILLIGRAM PER LITRE
https://environment.data.gov.uk/water-quality/sampling-point/TH-PWER0030/sample/1359719/observation/0172,TH-PWER0030,WEY ABOVE THAMES,-0.4571,51.3786,Thames,THAMES - WEST THAMES,Multiple Values,OPEN,FRESHWATER - RIVERS,2021-06-29T10:37:00,MONITORING  (UK GOVT POLICY - NOT GQA OR RE),RIVER / RUNNING SURFACE WATER,0172,Chloride,40,MILLIGRAM PER LITRE
https://environment.data.gov.uk/water-quality/sampling-point/TH-PWER0030/sample/1359719/observation/0180,TH-PWER0030,WEY ABOVE THAMES,-0.4571,51.3786,Thames,THAMES - WEST THAMES,Multiple Values,OPEN,FRESHWATER - RIVERS,2021-06-29T10:37:00,MONITORING  (UK GOVT POLICY - NOT GQA OR RE),RIVER / RUNNING SURFACE WATER,0180,"Orthophosphate, reactive as P",0.19,MILLIGRAM PER LITRE
https://environment.data.gov.uk/water-quality/sampling-point/TH-PWER0030/sample/1359719/observation/0182,TH-PWER0030,WEY ABOVE THAMES,-0.4571,51.3786,Thames,THAMES - WEST THAMES,Multiple Values,OPEN,FRESHWATER - RIVERS,2021-06-29T10:37:00,MONITORING  (UK GOVT POLICY - NOT GQA OR RE),RIVER / RUNNING SURFACE WATER,0182,"Silica, reactive as SiO2",14,MILLIGRAM PER LITRE
https://environment.data.gov.uk/water-quality/sampling-point/TH-PWER0030/sample/1359719/observation/0205,TH-PWER0030,WEY ABOVE THAMES,-0.4571,51.3786,Thames,THAMES - WEST THAMES,Multiple Values,OPEN,FRESHWATER - RIVERS,2021-06-29T10:37:00,MONITORING  (UK GOVT POLICY - NOT GQA OR RE),RIVER / RUNNING SURFACE WATER,0205,"Sodium, Dissolved",26,MILLIGRAM PER LITRE
https://environment.data.gov.uk/water-quality/sampling-point/TH-PWER0030/sample/1359719/observation/0209,TH-PWER0030,WEY ABOVE THAMES,-0.4571,51.3786,Thames,THAMES - WEST THAMES,Multiple Values,OPEN,FRESHWATER - RIVERS,2021-06-29T10:37:00,MONITORING  (UK GOVT POLICY - NOT GQA OR RE),RIVER / RUNNING SURFACE WATER,0209,"Potassium, Dissolved",6,MILLIGRAM PER LITRE
https://environment.data.gov.uk/water-quality/sampling-point/TH-PWER0030/sample/1359719/observation/0301,TH-PWER0030,WEY ABOVE THAMES,-0.4571,51.3786,Thames,THAMES - WEST THAMES,Multiple Values,OPEN,FRESHWATER - RIVERS,2021-06-29T10:37:00,MONITORING  (UK GOVT POLICY - NOT GQA OR RE),RIVER / RUNNING SURFACE WATER,0301,"Carbon, Organic, Dissolved as C :- {DOC}",5.9,MILLIGRAM PER LITRE
https://environment.data.gov.uk/water-quality/sampling-point/TH-PWER0030/sample/1359719/observation/0348,TH-PWER0030,WEY ABOVE THAMES,-0.4571,51.3786,Thames,THAMES - WEST THAMES,Multiple Values,OPEN,FRESHWATER - RIVERS,2021-06-29T10:37:00,MONITORING  (UK GOVT POLICY - NOT GQA OR RE),RIVER / RUNNING SURFACE WATER,0348,"Phosphorus, Total as P",0.26,MILLIGRAM PER LITRE
https://environment.data.gov.uk/water-quality/sampling-point/TH-PWER0030/sample/1359719/observation/3408,TH-PWER0030,WEY ABOVE THAMES,-0.4571,51.3786,Thames,THAMES - WEST THAMES,Multiple Values,OPEN,FRESHWATER - RIVERS,2021-06-29T10:37:00,MONITORING  (UK GOVT POLICY - NOT GQA OR RE),RIVER / RUNNING SURFACE WATER,3408,"Zinc, Dissolved",4.6,MICROGRAM PER LITRE
https://environment.data.gov.uk/water-quality/sampling-point/TH-PWER0030/sample/1359719/observation/3409,TH-PWER0030,WEY ABOVE THAMES,-0.4571,51.3786,Thames,THAMES - WEST THAMES,Multiple Values,OPEN,FRESHWATER - RIVERS,2021-06-29T10:37:00,MONITORING  (UK GOVT POLICY - NOT GQA OR RE),RIVER / RUNNING SURFACE WATER,3409,"Chromium, Dissolved",<0.5,MICROGRAM PER LITRE
https://environment.data.gov.uk/water-quality/sampling-point/TH-PWER0030/sample/1359719/observation/3410,TH-PWER0030,WEY ABOVE THAMES,-0.4571,51.3786,Thames,THAMES - WEST THAMES,Multiple Values,OPEN,FRESHWATER - RIVERS,2021-06-29T10:37:00,MONITORING  (UK GOVT POLICY - NOT GQA OR RE),RIVER / RUNNING SURFACE WATER,3410,"Nickel, Dissolved",3.1,MICROGRAM PER LITRE
https://environment.data.gov.uk/water-quality/sampling-point/TH-PWER0030/sample/1359719/observation/4994,TH-PWER0030,WEY ABOVE THAMES,-0.4571,51.3786,Thames,THAMES - WEST THAMES,Multiple Values,OPEN,FRESHWATER - RIVERS,2021-06-29T10:37:00,MONITORING  (UK GOVT POLICY - NOT GQA OR RE),RIVER / RUNNING SURFACE WATER,4994,GCMS Screen : Target Based multi-residue screening : Semi Quantitative,1,Text Result
https://environment.data.gov.uk/water-quality/sampling-point/TH-PWER0030/sample/1359719/observation/6045,TH-PWER0030,WEY ABOVE THAMES,-0.4571,51.3786,Thames,THAMES - WEST THAMES,Multiple Values,OPEN,FRESHWATER - RIVERS,2021-06-29T10:37:00,MONITORING  (UK GOVT POLICY - NOT GQA OR RE),RIVER / RUNNING SURFACE WATER,6045,"Arsenic, Dissolved",1.2,MICROGRAM PER LITRE
https://environment.data.gov.uk/water-quality/sampling-point/TH-PWER0030/sample/1359719/observation/6396,TH-PWER0030,WEY ABOVE THAMES,-0.4571,51.3786,Thames,THAMES - WEST THAMES,Multiple Values,OPEN,FRESHWATER - RIVERS,2021-06-29T10:37:00,MONITORING  (UK GOVT POLICY - NOT GQA OR RE),RIVER / RUNNING SURFACE WATER,6396,Turbidity,8.4,NEPHELOMETRIC TURBIDITY UNITS
https://environment.data.gov.uk/water-quality/sampling-point/TH-PWER0030/sample/1359719/observation/6450,TH-PWER0030,WEY ABOVE THAMES,-0.4571,51.3786,Thames,THAMES - WEST THAMES,Multiple Values,OPEN,FRESHWATER - RIVERS,2021-06-29T10:37:00,MONITORING  (UK GOVT POLICY - NOT GQA OR RE),RIVER / RUNNING SURFACE WATER,6450,"Copper, Dissolved",2.7,MICROGRAM PER LITRE
https://environment.data.gov.uk/water-quality/sampling-point/TH-PWER0030/sample/1359719/observation/6458,TH-PWER0030,WEY ABOVE THAMES,-0.4571,51.3786,Thames,THAMES - WEST THAMES,Multiple Values,OPEN,FRESHWATER - RIVERS,2021-06-29T10:37:00,MONITORING  (UK GOVT POLICY - NOT GQA OR RE),RIVER / RUNNING SURFACE WATER,6458,"Manganese, Dissolved",42,MICROGRAM PER LITRE
https://environment.data.gov.uk/water-quality/sampling-point/TH-PWER0030/sample/1359719/observation/6460,TH-PWER0030,WEY ABOVE THAMES,-0.4571,51.3786,Thames,THAMES - WEST THAMES,Multiple Values,OPEN,FRESHWATER - RIVERS,2021-06-29T10:37:00,MONITORING  (UK GOVT POLICY - NOT GQA OR RE),RIVER / RUNNING SURFACE WATER,6460,"Iron, Dissolved",160,MICROGRAM PER LITRE
https://environment.data.gov.uk/water-quality/sampling-point/TH-PWER0030/sample/1359719/observation/7859,TH-PWER0030,WEY ABOVE THAMES,-0.4571,51.3786,Thames,THAMES - WEST THAMES,Multiple Values,OPEN,FRESHWATER - RIVERS,2021-06-29T10:37:00,MONITORING  (UK GOVT POLICY - NOT GQA OR RE),RIVER / RUNNING SURFACE WATER,7859,"Sulphate, Dissolved as SO4",40,MILLIGRAM PER LITRE
https://environment.data.gov.uk/water-quality/sampling-point/TH-PWER0030/sample/1359719/observation/7887,TH-PWER0030,WEY ABOVE THAMES,-0.4571,51.3786,Thames,THAMES - WEST THAMES,Multiple Values,OPEN,FRESHWATER - RIVERS,2021-06-29T10:37:00,MONITORING  (UK GOVT POLICY - NOT GQA OR RE),RIVER / RUNNING SURFACE WATER,7887,Chlorophyll : Acetone Extract,4.3,MICROGRAM PER LITRE
https://environment.data.gov.uk/water-quality/sampling-point/TH-PWER0030/sample/1359719/observation/9447,TH-PWER0030,WEY ABOVE THAMES,-0.4571,51.3786,Thames,THAMES - WEST THAMES,Multiple Values,OPEN,FRESHWATER - RIVERS,2021-06-29T10:37:00,MONITORING  (UK GOVT POLICY - NOT GQA OR RE),RIVER / RUNNING SURFACE WATER,9447,"Boron, Dissolved",<100,MICROGRAM PER LITRE
https://environment.data.gov.uk/water-quality/sampling-point/TH-PWER0030/sample/1359719/observation/9901,TH-PWER0030,WEY ABOVE THAMES,-0.4571,51.3786,Thames,THAMES - WEST THAMES,Multiple Values,OPEN,FRESHWATER - RIVERS,2021-06-29T10:37:00,MONITORING  (UK GOVT POLICY - NOT GQA OR RE),RIVER / RUNNING SURFACE WATER,9901,"Oxygen, Dissolved, % Saturation",91.6,PERCENTAGE
https://environment.data.gov.uk/water-quality/sampling-point/TH-PWER0030/sample/1359719/observation/9924,TH-PWER0030,WEY ABOVE THAMES,-0.4571,51.3786,Thames,THAMES - WEST THAMES,Multiple Values,OPEN,FRESHWATER - RIVERS,2021-06-29T10:37:00,MONITORING  (UK GOVT POLICY - NOT GQA OR RE),RIVER / RUNNING SURFACE WATER,9924,"Oxygen, Dissolved as O2",8.75,MILLIGRAM PER LITRE
https://environment.data.gov.uk/water-quality/sampling-point/TH-PWER0030/sample/1366935/observation/0052,TH-PWER0030,WEY ABOVE THAMES,-0.4571,51.3786,Thames,THAMES - WEST THAMES,Multiple Values,OPEN,FRESHWATER - RIVERS,2021-09-29T12:19:00,MONITORING  (UK GOVT POLICY - NOT GQA OR RE),RIVER / RUNNING SURFACE WATER,0052,"Lead, Dissolved",0.29,MICROGRAM PER LITRE
https://environment.data.gov.uk/water-quality/sampling-point/TH-PWER0030/sample/1366935/observation/0061,TH-PWER0030,WEY ABOVE THAMES,-0.4571,51.3786,Thames,THAMES - WEST THAMES,Multiple Values,OPEN,FRESHWATER - RIVERS,2021-09-29T12:19:00,MONITORING  (UK GOVT POLICY - NOT GQA OR RE),RIVER / RUNNING SURFACE WATER,0061,pH,7.79,PH UNITS
https://environment.data.gov.uk/water-quality/sampling-point/TH-PWER0030/sample/1366935/observation/0076,TH-PWER0030,WEY ABOVE THAMES,-0.4571,51.3786,Thames,THAMES - WEST THAMES,Multiple Values,OPEN,FRESHWATER - RIVERS,2021-09-29T12:19:00,MONITORING  (UK GOVT POLICY - NOT GQA OR RE),RIVER / RUNNING SURFACE WATER,0076,Temperature of Water,15.1,CELSIUS
https://environment.data.gov.uk/water-quality/sampling-point/TH-PWER0030/sample/1366935/observation/0077,TH-PWER0030,WEY ABOVE THAMES,-0.4571,51.3786,Thames,THAMES - WEST THAMES,Multiple Values,OPEN,FRESHWATER - RIVERS,2021-09-29T12:19:00,MONITORING  (UK GOVT POLICY - NOT GQA OR RE),RIVER / RUNNING SURFACE WATER,0077,Conductivity at 25 C,507,MICROSIEMENS PER CENTIMETRE
https://environment.data.gov.uk/water-quality/sampling-point/TH-PWER0030/sample/1366935/observation/0103,TH-PWER0030,WEY ABOVE THAMES,-0.4571,51.3786,Thames,THAMES - WEST THAMES,Multiple Values,OPEN,FRESHWATER - RIVERS,2021-09-29T12:19:00,MONITORING  (UK GOVT POLICY - NOT GQA OR RE),RIVER / RUNNING SURFACE WATER,0103,"Mercury, Dissolved",<0.01,MICROGRAM PER LITRE
https://environment.data.gov.uk/water-quality/sampling-point/TH-PWER0030/sample/1366935/observation/0106,TH-PWER0030,WEY ABOVE THAMES,-0.4571,51.3786,Thames,THAMES - WEST THAMES,Multiple Values,OPEN,FRESHWATER - RIVERS,2021-09-29T12:19:00,MONITORING  (UK GOVT POLICY - NOT GQA OR RE),RIVER / RUNNING SURFACE WATER,0106,"Cadmium, Dissolved",<0.01,MICROGRAM PER LITRE
https://environment.data.gov.uk/water-quality/sampling-point/TH-PWER0030/sample/1366935/observation/0111,TH-PWER0030,WEY ABOVE THAMES,-0.4571,51.3786,Thames,THAMES - WEST THAMES,Multiple Values,OPEN,FRESHWATER - RIVERS,2021-09-29T12:19:00,MONITORING  (UK GOVT POLICY - NOT GQA OR RE),RIVER / RUNNING SURFACE WATER,0111,Ammoniacal Nitrogen as N,0.24,MILLIGRAM PER LITRE
https://environment.data.gov.uk/water-quality/sampling-point/TH-PWER0030/sample/1366935/observation/0116,TH-PWER0030,WEY ABOVE THAMES,-0.4571,51.3786,Thames,THAMES - WEST THAMES,Multiple Values,OPEN,FRESHWATER - RIVERS,2021-09-29T12:19:00,MONITORING  (UK GOVT POLICY - NOT GQA OR RE),RIVER / RUNNING SURFACE WATER,0116,"Nitrogen, Total Oxidised as N",8.1,MILLIGRAM PER LITRE
https://environment.data.gov.uk/water-quality/sampling-point/TH-PWER0030/sample/1366935/observation/0117,TH-PWER0030,WEY ABOVE THAMES,-0.4571,51.3786,Thames,THAMES - WEST THAMES,Multiple Values,OPEN,FRESHWATER - RIVERS,2021-09-29T12:19:00,MONITORING  (UK GOVT POLICY - NOT GQA OR RE),RIVER / RUNNING SURFACE WATER,0117,Nitrate as N,8.03,MILLIGRAM PER LITRE
https://environment.data.gov.uk/water-quality/sampling-point/TH-PWER0030/sample/1366935/observation/0118,TH-PWER0030,WEY ABOVE THAMES,-0.4571,51.3786,Thames,THAMES - WEST THAMES,Multiple Values,OPEN,FRESHWATER - RIVERS,2021-09-29T12:19:00,MONITORING  (UK GOVT POLICY - NOT GQA OR RE),RIVER / RUNNING SURFACE WATER,0118,Nitrite as N,0.072,MILLIGRAM PER LITRE
https://environment.data.gov.uk/water-quality/sampling-point/TH-PWER0030/sample/1366935/observation/0119,TH-PWER0030,WEY ABOVE THAMES,-0.4571,51.3786,Thames,THAMES - WEST THAMES,Multiple Values,OPEN,FRESHWATER - RIVERS,2021-09-29T12:19:00,MONITORING  (UK GOVT POLICY - NOT GQA OR RE),RIVER / RUNNING SURFACE WATER,0119,Ammonia un-ionised as N,0.00396,MILLIGRAM PER LITRE
https://environment.data.gov.uk/water-quality/sampling-point/TH-PWER0030/sample/1366935/observation/0172,TH-PWER0030,WEY ABOVE THAMES,-0.4571,51.3786,Thames,THAMES - WEST THAMES,Multiple Values,OPEN,FRESHWATER - RIVERS,2021-09-29T12:19:00,MONITORING  (UK GOVT POLICY - NOT GQA OR RE),RIVER / RUNNING SURFACE WATER,0172,Chloride,46,MILLIGRAM PER LITRE
https://environment.data.gov.uk/water-quality/sampling-point/TH-PWER0030/sample/1366935/observation/0180,TH-PWER0030,WEY ABOVE THAMES,-0.4571,51.3786,Thames,THAMES - WEST THAMES,Multiple Values,OPEN,FRESHWATER - RIVERS,2021-09-29T12:19:00,MONITORING  (UK GOVT POLICY - NOT GQA OR RE),RIVER / RUNNING SURFACE WATER,0180,"Orthophosphate, reactive as P",0.26,MILLIGRAM PER LITRE
https://environment.data.gov.uk/water-quality/sampling-point/TH-PWER0030/sample/1366935/observation/0182,TH-PWER0030,WEY ABOVE THAMES,-0.4571,51.3786,Thames,THAMES - WEST THAMES,Multiple Values,OPEN,FRESHWATER - RIVERS,2021-09-29T12:19:00,MONITORING  (UK GOVT POLICY - NOT GQA OR RE),RIVER / RUNNING SURFACE WATER,0182,"Silica, reactive as SiO2",13,MILLIGRAM PER LITRE
https://environment.data.gov.uk/water-quality/sampling-point/TH-PWER0030/sample/1366935/observation/0205,TH-PWER0030,WEY ABOVE THAMES,-0.4571,51.3786,Thames,THAMES - WEST THAMES,Multiple Values,OPEN,FRESHWATER - RIVERS,2021-09-29T12:19:00,MONITORING  (UK GOVT POLICY - NOT GQA OR RE),RIVER / RUNNING SURFACE WATER,0205,"Sodium, Dissolved",31,MILLIGRAM PER LITRE
https://environment.data.gov.uk/water-quality/sampling-point/TH-PWER0030/sample/1366935/observation/0209,TH-PWER0030,WEY ABOVE THAMES,-0.4571,51.3786,Thames,THAMES - WEST THAMES,Multiple Values,OPEN,FRESHWATER - RIVERS,2021-09-29T12:19:00,MONITORING  (UK GOVT POLICY - NOT GQA OR RE),RIVER / RUNNING SURFACE WATER,0209,"Potassium, Dissolved",7.1,MILLIGRAM PER LITRE
https://environment.data.gov.uk/water-quality/sampling-point/TH-PWER0030/sample/1366935/observation/0301,TH-PWER0030,WEY ABOVE THAMES,-0.4571,51.3786,Thames,THAMES - WEST THAMES,Multiple Values,OPEN,FRESHWATER - RIVERS,2021-09-29T12:19:00,MONITORING  (UK GOVT POLICY - NOT GQA OR RE),RIVER / RUNNING SURFACE WATER,0301,"Carbon, Organic, Dissolved as C :- {DOC}",3.8,MILLIGRAM PER LITRE
https://environment.data.gov.uk/water-quality/sampling-point/TH-PWER0030/sample/1366935/observation/0348,TH-PWER0030,WEY ABOVE THAMES,-0.4571,51.3786,Thames,THAMES - WEST THAMES,Multiple Values,OPEN,FRESHWATER - RIVERS,2021-09-29T12:19:00,MONITORING  (UK GOVT POLICY - NOT GQA OR RE),RIVER / RUNNING SURFACE WATER,0348,"Phosphorus, Total as P",0.46,MILLIGRAM PER LITRE
https://environment.data.gov.uk/water-quality/sampling-point/TH-PWER0030/sample/1366935/observation/3408,TH-PWER0030,WEY ABOVE THAMES,-0.4571,51.3786,Thames,THAMES - WEST THAMES,Multiple Values,OPEN,FRESHWATER - RIVERS,2021-09-29T12:19:00,MONITORING  (UK GOVT POLICY - NOT GQA OR RE),RIVER / RUNNING SURFACE WATER,3408,"Zinc, Dissolved",5.6,MICROGRAM PER LITRE
https://environment.data.gov.uk/water-quality/sampling-point/TH-PWER0030/sample/1366935/observation/3409,TH-PWER0030,WEY ABOVE THAMES,-0.4571,51.3786,Thames,THAMES - WEST THAMES,Multiple Values,OPEN,FRESHWATER - RIVERS,2021-09-29T12:19:00,MONITORING  (UK GOVT POLICY - NOT GQA OR RE),RIVER / RUNNING SURFACE WATER,3409,"Chromium, Dissolved",<0.5,MICROGRAM PER LITRE
https://environment.data.gov.uk/water-quality/sampling-point/TH-PWER0030/sample/1366935/observation/3410,TH-PWER0030,WEY ABOVE THAMES,-0.4571,51.3786,Thames,THAMES - WEST THAMES,Multiple Values,OPEN,FRESHWATER - RIVERS,2021-09-29T12:19:00,MONITORING  (UK GOVT POLICY - NOT GQA OR RE),RIVER / RUNNING SURFACE WATER,3410,"Nickel, Dissolved",2.4,MICROGRAM PER LITRE
https://environment.data.gov.uk/water-quality/sampling-point/TH-PWER0030/sample/1366935/observation/6045,TH-PWER0030,WEY ABOVE THAMES,-0.4571,51.3786,Thames,THAMES - WEST THAMES,Multiple Values,OPEN,FRESHWATER - RIVERS,2021-09-29T12:19:00,MONITORING  (UK GOVT POLICY - NOT GQA OR RE),RIVER / RUNNING SURFACE WATER,6045,"Arsenic, Dissolved",1.2,MICROGRAM PER LITRE
https://environment.data.gov.uk/water-quality/sampling-point/TH-PWER0030/sample/1366935/observation/6396,TH-PWER0030,WEY ABOVE THAMES,-0.4571,51.3786,Thames,THAMES - WEST THAMES,Multiple Values,OPEN,FRESHWATER - RIVERS,2021-09-29T12:19:00,MONITORING  (UK GOVT POLICY - NOT GQA OR RE),RIVER / RUNNING SURFACE WATER,6396,Turbidity,13,NEPHELOMETRIC TURBIDITY UNITS
https://environment.data.gov.uk/water-quality/sampling-point/TH-PWER0030/sample/1366935/observation/6450,TH-PWER0030,WEY ABOVE THAMES,-0.4571,51.3786,Thames,THAMES - WEST THAMES,Multiple Values,OPEN,FRESHWATER - RIVERS,2021-09-29T12:19:00,MONITORING  (UK GOVT POLICY - NOT GQA OR RE),RIVER / RUNNING SURFACE WATER,6450,"Copper, Dissolved",2.9,MICROGRAM PER LITRE
https://environment.data.gov.uk/water-quality/sampling-point/TH-PWER0030/sample/1366935/observation/6458,TH-PWER0030,WEY ABOVE THAMES,-0.4571,51.3786,Thames,THAMES - WEST THAMES,Multiple Values,OPEN,FRESHWATER - RIVERS,2021-09-29T12:19:00,MONITORING  (UK GOVT POLICY - NOT GQA OR RE),RIVER / RUNNING SURFACE WATER,6458,"Manganese, Dissolved",27,MICROGRAM PER LITRE
https://environment.data.gov.uk/water-quality/sampling-point/TH-PWER0030/sample/1366935/observation/6460,TH-PWER0030,WEY ABOVE THAMES,-0.4571,51.3786,Thames,THAMES - WEST THAMES,Multiple Values,OPEN,FRESHWATER - RIVERS,2021-09-29T12:19:00,MONITORING  (UK GOVT POLICY - NOT GQA OR RE),RIVER / RUNNING SURFACE WATER,6460,"Iron, Dissolved",190,MICROGRAM PER LITRE
https://environment.data.gov.uk/water-quality/sampling-point/TH-PWER0030/sample/1366935/observation/7859,TH-PWER0030,WEY ABOVE THAMES,-0.4571,51.3786,Thames,THAMES - WEST THAMES,Multiple Values,OPEN,FRESHWATER - RIVERS,2021-09-29T12:19:00,MONITORING  (UK GOVT POLICY - NOT GQA OR RE),RIVER / RUNNING SURFACE WATER,7859,"Sulphate, Dissolved as SO4",41,MILLIGRAM PER LITRE
https://environment.data.gov.uk/water-quality/sampling-point/TH-PWER0030/sample/1366935/observation/7887,TH-PWER0030,WEY ABOVE THAMES,-0.4571,51.3786,Thames,THAMES - WEST THAMES,Multiple Values,OPEN,FRESHWATER - RIVERS,2021-09-29T12:19:00,MONITORING  (UK GOVT POLICY - NOT GQA OR RE),RIVER / RUNNING SURFACE WATER,7887,Chlorophyll : Acetone Extract,7.2,MICROGRAM PER LITRE
https://environment.data.gov.uk/water-quality/sampling-point/TH-PWER0030/sample/1366935/observation/9447,TH-PWER0030,WEY ABOVE THAMES,-0.4571,51.3786,Thames,THAMES - WEST THAMES,Multiple Values,OPEN,FRESHWATER - RIVERS,2021-09-29T12:19:00,MONITORING  (UK GOVT POLICY - NOT GQA OR RE),RIVER / RUNNING SURFACE WATER,9447,"Boron, Dissolved",<100,MICROGRAM PER LITRE
https://environment.data.gov.uk/water-quality/sampling-point/TH-PWER0030/sample/1366935/observation/9901,TH-PWER0030,WEY ABOVE THAMES,-0.4571,51.3786,Thames,THAMES - WEST THAMES,Multiple Values,OPEN,FRESHWATER - RIVERS,2021-09-29T12:19:00,MONITORING  (UK GOVT POLICY - NOT GQA OR RE),RIVER / RUNNING SURFACE WATER,9901,"Oxygen, Dissolved, % Saturation",94.6,PERCENTAGE
https://environment.data.gov.uk/water-quality/sampling-point/TH-PWER0030/sample/1366935/observation/9924,TH-PWER0030,WEY ABOVE THAMES,-0.4571,51.3786,Thames,THAMES - WEST THAMES,Multiple Values,OPEN,FRESHWATER - RIVERS,2021-09-29T12:19:00,MONITORING  (UK GOVT POLICY - NOT GQA OR RE),RIVER / RUNNING SURFACE WATER,9924,"Oxygen, Dissolved as O2",9.49,MILLIGRAM PER LITRE
https://environment.data.gov.uk/water-quality/sampling-point/TH-PWER0030/sample/1368161/observation/0052,TH-PWER0030,WEY ABOVE THAMES,-0.4571,51.3786,Thames,THAMES - WEST THAMES,Multiple Values,OPEN,FRESHWATER - RIVERS,2021-11-03T13:34:00,MONITORING  (UK GOVT POLICY - NOT GQA OR RE),RIVER / RUNNING SURFACE WATER,0052,"Lead, Dissolved",0.37,MICROGRAM PER LITRE
https://environment.data.gov.uk/water-quality/sampling-point/TH-PWER0030/sample/1368161/observation/0061,TH-PWER0030,WEY ABOVE THAMES,-0.4571,51.3786,Thames,THAMES - WEST THAMES,Multiple Values,OPEN,FRESHWATER - RIVERS,2021-11-03T13:34:00,MONITORING  (UK GOVT POLICY - NOT GQA OR RE),RIVER / RUNNING SURFACE WATER,0061,pH,8.03,PH UNITS
https://environment.data.gov.uk/water-quality/sampling-point/TH-PWER0030/sample/1368161/observation/0076,TH-PWER0030,WEY ABOVE THAMES,-0.4571,51.3786,Thames,THAMES - WEST THAMES,Multiple Values,OPEN,FRESHWATER - RIVERS,2021-11-03T13:34:00,MONITORING  (UK GOVT POLICY - NOT GQA OR RE),RIVER / RUNNING SURFACE WATER,0076,Temperature of Water,9.4,CELSIUS
https://environment.data.gov.uk/water-quality/sampling-point/TH-PWER0030/sample/1368161/observation/0077,TH-PWER0030,WEY ABOVE THAMES,-0.4571,51.3786,Thames,THAMES - WEST THAMES,Multiple Values,OPEN,FRESHWATER - RIVERS,2021-11-03T13:34:00,MONITORING  (UK GOVT POLICY - NOT GQA OR RE),RIVER / RUNNING SURFACE WATER,0077,Conductivity at 25 C,372,MICROSIEMENS PER CENTIMETRE
https://environment.data.gov.uk/water-quality/sampling-point/TH-PWER0030/sample/1368161/observation/0103,TH-PWER0030,WEY ABOVE THAMES,-0.4571,51.3786,Thames,THAMES - WEST THAMES,Multiple Values,OPEN,FRESHWATER - RIVERS,2021-11-03T13:34:00,MONITORING  (UK GOVT POLICY - NOT GQA OR RE),RIVER / RUNNING SURFACE WATER,0103,"Mercury, Dissolved",<0.01,MICROGRAM PER LITRE
https://environment.data.gov.uk/water-quality/sampling-point/TH-PWER0030/sample/1368161/observation/0106,TH-PWER0030,WEY ABOVE THAMES,-0.4571,51.3786,Thames,THAMES - WEST THAMES,Multiple Values,OPEN,FRESHWATER - RIVERS,2021-11-03T13:34:00,MONITORING  (UK GOVT POLICY - NOT GQA OR RE),RIVER / RUNNING SURFACE WATER,0106,"Cadmium, Dissolved",0.011,MICROGRAM PER LITRE
https://environment.data.gov.uk/water-quality/sampling-point/TH-PWER0030/sample/1368161/observation/0111,TH-PWER0030,WEY ABOVE THAMES,-0.4571,51.3786,Thames,THAMES - WEST THAMES,Multiple Values,OPEN,FRESHWATER - RIVERS,2021-11-03T13:34:00,MONITORING  (UK GOVT POLICY - NOT GQA OR RE),RIVER / RUNNING SURFACE WATER,0111,Ammoniacal Nitrogen as N,0.096,MILLIGRAM PER LITRE
https://environment.data.gov.uk/water-quality/sampling-point/TH-PWER0030/sample/1368161/observation/0116,TH-PWER0030,WEY ABOVE THAMES,-0.4571,51.3786,Thames,THAMES - WEST THAMES,Multiple Values,OPEN,FRESHWATER - RIVERS,2021-11-03T13:34:00,MONITORING  (UK GOVT POLICY - NOT GQA OR RE),RIVER / RUNNING SURFACE WATER,0116,"Nitrogen, Total Oxidised as N",4.2,MILLIGRAM PER LITRE
https://environment.data.gov.uk/water-quality/sampling-point/TH-PWER0030/sample/1368161/observation/0117,TH-PWER0030,WEY ABOVE THAMES,-0.4571,51.3786,Thames,THAMES - WEST THAMES,Multiple Values,OPEN,FRESHWATER - RIVERS,2021-11-03T13:34:00,MONITORING  (UK GOVT POLICY - NOT GQA OR RE),RIVER / RUNNING SURFACE WATER,0117,Nitrate as N,4.16,MILLIGRAM PER LITRE
https://environment.data.gov.uk/water-quality/sampling-point/TH-PWER0030/sample/1368161/observation/0118,TH-PWER0030,WEY ABOVE THAMES,-0.4571,51.3786,Thames,THAMES - WEST THAMES,Multiple Values,OPEN,FRESHWATER - RIVERS,2021-11-03T13:34:00,MONITORING  (UK GOVT POLICY - NOT GQA OR RE),RIVER / RUNNING SURFACE WATER,0118,Nitrite as N,0.045,MILLIGRAM PER LITRE
https://environment.data.gov.uk/water-quality/sampling-point/TH-PWER0030/sample/1368161/observation/0119,TH-PWER0030,WEY ABOVE THAMES,-0.4571,51.3786,Thames,THAMES - WEST THAMES,Multiple Values,OPEN,FRESHWATER - RIVERS,2021-11-03T13:34:00,MONITORING  (UK GOVT POLICY - NOT GQA OR RE),RIVER / RUNNING SURFACE WATER,0119,Ammonia un-ionised as N,0.00168,MILLIGRAM PER LITRE
https://environment.data.gov.uk/water-quality/sampling-point/TH-PWER0030/sample/1368161/observation/0172,TH-PWER0030,WEY ABOVE THAMES,-0.4571,51.3786,Thames,THAMES - WEST THAMES,Multiple Values,OPEN,FRESHWATER - RIVERS,2021-11-03T13:34:00,MONITORING  (UK GOVT POLICY - NOT GQA OR RE),RIVER / RUNNING SURFACE WATER,0172,Chloride,28,MILLIGRAM PER LITRE
https://environment.data.gov.uk/water-quality/sampling-point/TH-PWER0030/sample/1368161/observation/0180,TH-PWER0030,WEY ABOVE THAMES,-0.4571,51.3786,Thames,THAMES - WEST THAMES,Multiple Values,OPEN,FRESHWATER - RIVERS,2021-11-03T13:34:00,MONITORING  (UK GOVT POLICY - NOT GQA OR RE),RIVER / RUNNING SURFACE WATER,0180,"Orthophosphate, reactive as P",0.2,MILLIGRAM PER LITRE
https://environment.data.gov.uk/water-quality/sampling-point/TH-PWER0030/sample/1368161/observation/0182,TH-PWER0030,WEY ABOVE THAMES,-0.4571,51.3786,Thames,THAMES - WEST THAMES,Multiple Values,OPEN,FRESHWATER - RIVERS,2021-11-03T13:34:00,MONITORING  (UK GOVT POLICY - NOT GQA OR RE),RIVER / RUNNING SURFACE WATER,0182,"Silica, reactive as SiO2",14,MILLIGRAM PER LITRE
https://environment.data.gov.uk/water-quality/sampling-point/TH-PWER0030/sample/1368161/observation/0205,TH-PWER0030,WEY ABOVE THAMES,-0.4571,51.3786,Thames,THAMES - WEST THAMES,Multiple Values,OPEN,FRESHWATER - RIVERS,2021-11-03T13:34:00,MONITORING  (UK GOVT POLICY - NOT GQA OR RE),RIVER / RUNNING SURFACE WATER,0205,"Sodium, Dissolved",18,MILLIGRAM PER LITRE
https://environment.data.gov.uk/water-quality/sampling-point/TH-PWER0030/sample/1368161/observation/0209,TH-PWER0030,WEY ABOVE THAMES,-0.4571,51.3786,Thames,THAMES - WEST THAMES,Multiple Values,OPEN,FRESHWATER - RIVERS,2021-11-03T13:34:00,MONITORING  (UK GOVT POLICY - NOT GQA OR RE),RIVER / RUNNING SURFACE WATER,0209,"Potassium, Dissolved",5.4,MILLIGRAM PER LITRE
https://environment.data.gov.uk/water-quality/sampling-point/TH-PWER0030/sample/1368161/observation/0301,TH-PWER0030,WEY ABOVE THAMES,-0.4571,51.3786,Thames,THAMES - WEST THAMES,Multiple Values,OPEN,FRESHWATER - RIVERS,2021-11-03T13:34:00,MONITORING  (UK GOVT POLICY - NOT GQA OR RE),RIVER / RUNNING SURFACE WATER,0301,"Carbon, Organic, Dissolved as C :- {DOC}",10,MILLIGRAM PER LITRE
https://environment.data.gov.uk/water-quality/sampling-point/TH-PWER0030/sample/1368161/observation/0348,TH-PWER0030,WEY ABOVE THAMES,-0.4571,51.3786,Thames,THAMES - WEST THAMES,Multiple Values,OPEN,FRESHWATER - RIVERS,2021-11-03T13:34:00,MONITORING  (UK GOVT POLICY - NOT GQA OR RE),RIVER / RUNNING SURFACE WATER,0348,"Phosphorus, Total as P",0.28,MILLIGRAM PER LITRE
https://environment.data.gov.uk/water-quality/sampling-point/TH-PWER0030/sample/1368161/observation/3408,TH-PWER0030,WEY ABOVE THAMES,-0.4571,51.3786,Thames,THAMES - WEST THAMES,Multiple Values,OPEN,FRESHWATER - RIVERS,2021-11-03T13:34:00,MONITORING  (UK GOVT POLICY - NOT GQA OR RE),RIVER / RUNNING SURFACE WATER,3408,"Zinc, Dissolved",6.1,MICROGRAM PER LITRE
https://environment.data.gov.uk/water-quality/sampling-point/TH-PWER0030/sample/1368161/observation/3409,TH-PWER0030,WEY ABOVE THAMES,-0.4571,51.3786,Thames,THAMES - WEST THAMES,Multiple Values,OPEN,FRESHWATER - RIVERS,2021-11-03T13:34:00,MONITORING  (UK GOVT POLICY - NOT GQA OR RE),RIVER / RUNNING SURFACE WATER,3409,"Chromium, Dissolved",<0.5,MICROGRAM PER LITRE
https://environment.data.gov.uk/water-quality/sampling-point/TH-PWER0030/sample/1368161/observation/3410,TH-PWER0030,WEY ABOVE THAMES,-0.4571,51.3786,Thames,THAMES - WEST THAMES,Multiple Values,OPEN,FRESHWATER - RIVERS,2021-11-03T13:34:00,MONITORING  (UK GOVT POLICY - NOT GQA OR RE),RIVER / RUNNING SURFACE WATER,3410,"Nickel, Dissolved",3.5,MICROGRAM PER LITRE
https://environment.data.gov.uk/water-quality/sampling-point/TH-PWER0030/sample/1368161/observation/6045,TH-PWER0030,WEY ABOVE THAMES,-0.4571,51.3786,Thames,THAMES - WEST THAMES,Multiple Values,OPEN,FRESHWATER - RIVERS,2021-11-03T13:34:00,MONITORING  (UK GOVT POLICY - NOT GQA OR RE),RIVER / RUNNING SURFACE WATER,6045,"Arsenic, Dissolved",1.2,MICROGRAM PER LITRE
https://environment.data.gov.uk/water-quality/sampling-point/TH-PWER0030/sample/1368161/observation/6396,TH-PWER0030,WEY ABOVE THAMES,-0.4571,51.3786,Thames,THAMES - WEST THAMES,Multiple Values,OPEN,FRESHWATER - RIVERS,2021-11-03T13:34:00,MONITORING  (UK GOVT POLICY - NOT GQA OR RE),RIVER / RUNNING SURFACE WATER,6396,Turbidity,27,NEPHELOMETRIC TURBIDITY UNITS
https://environment.data.gov.uk/water-quality/sampling-point/TH-PWER0030/sample/1368161/observation/6450,TH-PWER0030,WEY ABOVE THAMES,-0.4571,51.3786,Thames,THAMES - WEST THAMES,Multiple Values,OPEN,FRESHWATER - RIVERS,2021-11-03T13:34:00,MONITORING  (UK GOVT POLICY - NOT GQA OR RE),RIVER / RUNNING SURFACE WATER,6450,"Copper, Dissolved",3.2,MICROGRAM PER LITRE
https://environment.data.gov.uk/water-quality/sampling-point/TH-PWER0030/sample/1368161/observation/6458,TH-PWER0030,WEY ABOVE THAMES,-0.4571,51.3786,Thames,THAMES - WEST THAMES,Multiple Values,OPEN,FRESHWATER - RIVERS,2021-11-03T13:34:00,MONITORING  (UK GOVT POLICY - NOT GQA OR RE),RIVER / RUNNING SURFACE WATER,6458,"Manganese, Dissolved",34,MICROGRAM PER LITRE
https://environment.data.gov.uk/water-quality/sampling-point/TH-PWER0030/sample/1368161/observation/6460,TH-PWER0030,WEY ABOVE THAMES,-0.4571,51.3786,Thames,THAMES - WEST THAMES,Multiple Values,OPEN,FRESHWATER - RIVERS,2021-11-03T13:34:00,MONITORING  (UK GOVT POLICY - NOT GQA OR RE),RIVER / RUNNING SURFACE WATER,6460,"Iron, Dissolved",380,MICROGRAM PER LITRE
https://environment.data.gov.uk/water-quality/sampling-point/TH-PWER0030/sample/1368161/observation/7859,TH-PWER0030,WEY ABOVE THAMES,-0.4571,51.3786,Thames,THAMES - WEST THAMES,Multiple Values,OPEN,FRESHWATER - RIVERS,2021-11-03T13:34:00,MONITORING  (UK GOVT POLICY - NOT GQA OR RE),RIVER / RUNNING SURFACE WATER,7859,"Sulphate, Dissolved as SO4",30,MILLIGRAM PER LITRE
https://environment.data.gov.uk/water-quality/sampling-point/TH-PWER0030/sample/1368161/observation/7887,TH-PWER0030,WEY ABOVE THAMES,-0.4571,51.3786,Thames,THAMES - WEST THAMES,Multiple Values,OPEN,FRESHWATER - RIVERS,2021-11-03T13:34:00,MONITORING  (UK GOVT POLICY - NOT GQA OR RE),RIVER / RUNNING SURFACE WATER,7887,Chlorophyll : Acetone Extract,4.1,MICROGRAM PER LITRE
https://environment.data.gov.uk/water-quality/sampling-point/TH-PWER0030/sample/1368161/observation/9447,TH-PWER0030,WEY ABOVE THAMES,-0.4571,51.3786,Thames,THAMES - WEST THAMES,Multiple Values,OPEN,FRESHWATER - RIVERS,2021-11-03T13:34:00,MONITORING  (UK GOVT POLICY - NOT GQA OR RE),RIVER / RUNNING SURFACE WATER,9447,"Boron, Dissolved",<100,MICROGRAM PER LITRE
https://environment.data.gov.uk/water-quality/sampling-point/TH-PWER0030/sample/1368161/observation/9901,TH-PWER0030,WEY ABOVE THAMES,-0.4571,51.3786,Thames,THAMES - WEST THAMES,Multiple Values,OPEN,FRESHWATER - RIVERS,2021-11-03T13:34:00,MONITORING  (UK GOVT POLICY - NOT GQA OR RE),RIVER / RUNNING SURFACE WATER,9901,"Oxygen, Dissolved, % Saturation",92.4,PERCENTAGE
https://environment.data.gov.uk/water-quality/sampling-point/TH-PWER0030/sample/1368161/observation/9924,TH-PWER0030,WEY ABOVE THAMES,-0.4571,51.3786,Thames,THAMES - WEST THAMES,Multiple Values,OPEN,FRESHWATER - RIVERS,2021-11-03T13:34:00,MONITORING  (UK GOVT POLICY - NOT GQA OR RE),RIVER / RUNNING SURFACE WATER,9924,"Oxygen, Dissolved as O2",10.6,MILLIGRAM PER LITRE
https://environment.data.gov.uk/water-quality/sampling-point/TH-PWER0030/sample/1369237/observation/0052,TH-PWER0030,WEY ABOVE THAMES,-0.4571,51.3786,Thames,THAMES - WEST THAMES,Multiple Values,OPEN,FRESHWATER - RIVERS,2021-11-24T10:04:00,MONITORING  (UK GOVT POLICY - NOT GQA OR RE),RIVER / RUNNING SURFACE WATER,0052,"Lead, Dissolved",<0.1,MICROGRAM PER LITRE
https://environment.data.gov.uk/water-quality/sampling-point/TH-PWER0030/sample/1369237/observation/0061,TH-PWER0030,WEY ABOVE THAMES,-0.4571,51.3786,Thames,THAMES - WEST THAMES,Multiple Values,OPEN,FRESHWATER - RIVERS,2021-11-24T10:04:00,MONITORING  (UK GOVT POLICY - NOT GQA OR RE),RIVER / RUNNING SURFACE WATER,0061,pH,7.86,PH UNITS
https://environment.data.gov.uk/water-quality/sampling-point/TH-PWER0030/sample/1369237/observation/0076,TH-PWER0030,WEY ABOVE THAMES,-0.4571,51.3786,Thames,THAMES - WEST THAMES,Multiple Values,OPEN,FRESHWATER - RIVERS,2021-11-24T10:04:00,MONITORING  (UK GOVT POLICY - NOT GQA OR RE),RIVER / RUNNING SURFACE WATER,0076,Temperature of Water,7.2,CELSIUS
https://environment.data.gov.uk/water-quality/sampling-point/TH-PWER0030/sample/1369237/observation/0077,TH-PWER0030,WEY ABOVE THAMES,-0.4571,51.3786,Thames,THAMES - WEST THAMES,Multiple Values,OPEN,FRESHWATER - RIVERS,2021-11-24T10:04:00,MONITORING  (UK GOVT POLICY - NOT GQA OR RE),RIVER / RUNNING SURFACE WATER,0077,Conductivity at 25 C,511,MICROSIEMENS PER CENTIMETRE
https://environment.data.gov.uk/water-quality/sampling-point/TH-PWER0030/sample/1369237/observation/0103,TH-PWER0030,WEY ABOVE THAMES,-0.4571,51.3786,Thames,THAMES - WEST THAMES,Multiple Values,OPEN,FRESHWATER - RIVERS,2021-11-24T10:04:00,MONITORING  (UK GOVT POLICY - NOT GQA OR RE),RIVER / RUNNING SURFACE WATER,0103,"Mercury, Dissolved",<0.01,MICROGRAM PER LITRE
https://environment.data.gov.uk/water-quality/sampling-point/TH-PWER0030/sample/1369237/observation/0106,TH-PWER0030,WEY ABOVE THAMES,-0.4571,51.3786,Thames,THAMES - WEST THAMES,Multiple Values,OPEN,FRESHWATER - RIVERS,2021-11-24T10:04:00,MONITORING  (UK GOVT POLICY - NOT GQA OR RE),RIVER / RUNNING SURFACE WATER,0106,"Cadmium, Dissolved",<0.01,MICROGRAM PER LITRE
https://environment.data.gov.uk/water-quality/sampling-point/TH-PWER0030/sample/1369237/observation/0111,TH-PWER0030,WEY ABOVE THAMES,-0.4571,51.3786,Thames,THAMES - WEST THAMES,Multiple Values,OPEN,FRESHWATER - RIVERS,2021-11-24T10:04:00,MONITORING  (UK GOVT POLICY - NOT GQA OR RE),RIVER / RUNNING SURFACE WATER,0111,Ammoniacal Nitrogen as N,0.11,MILLIGRAM PER LITRE
https://environment.data.gov.uk/water-quality/sampling-point/TH-PWER0030/sample/1369237/observation/0116,TH-PWER0030,WEY ABOVE THAMES,-0.4571,51.3786,Thames,THAMES - WEST THAMES,Multiple Values,OPEN,FRESHWATER - RIVERS,2021-11-24T10:04:00,MONITORING  (UK GOVT POLICY - NOT GQA OR RE),RIVER / RUNNING SURFACE WATER,0116,"Nitrogen, Total Oxidised as N",7.4,MILLIGRAM PER LITRE
https://environment.data.gov.uk/water-quality/sampling-point/TH-PWER0030/sample/1369237/observation/0117,TH-PWER0030,WEY ABOVE THAMES,-0.4571,51.3786,Thames,THAMES - WEST THAMES,Multiple Values,OPEN,FRESHWATER - RIVERS,2021-11-24T10:04:00,MONITORING  (UK GOVT POLICY - NOT GQA OR RE),RIVER / RUNNING SURFACE WATER,0117,Nitrate as N,7.33,MILLIGRAM PER LITRE
https://environment.data.gov.uk/water-quality/sampling-point/TH-PWER0030/sample/1369237/observation/0118,TH-PWER0030,WEY ABOVE THAMES,-0.4571,51.3786,Thames,THAMES - WEST THAMES,Multiple Values,OPEN,FRESHWATER - RIVERS,2021-11-24T10:04:00,MONITORING  (UK GOVT POLICY - NOT GQA OR RE),RIVER / RUNNING SURFACE WATER,0118,Nitrite as N,0.067,MILLIGRAM PER LITRE
https://environment.data.gov.uk/water-quality/sampling-point/TH-PWER0030/sample/1369237/observation/0119,TH-PWER0030,WEY ABOVE THAMES,-0.4571,51.3786,Thames,THAMES - WEST THAMES,Multiple Values,OPEN,FRESHWATER - RIVERS,2021-11-24T10:04:00,MONITORING  (UK GOVT POLICY - NOT GQA OR RE),RIVER / RUNNING SURFACE WATER,0119,Ammonia un-ionised as N,0.00119,MILLIGRAM PER LITRE
https://environment.data.gov.uk/water-quality/sampling-point/TH-PWER0030/sample/1369237/observation/0172,TH-PWER0030,WEY ABOVE THAMES,-0.4571,51.3786,Thames,THAMES - WEST THAMES,Multiple Values,OPEN,FRESHWATER - RIVERS,2021-11-24T10:04:00,MONITORING  (UK GOVT POLICY - NOT GQA OR RE),RIVER / RUNNING SURFACE WATER,0172,Chloride,43,MILLIGRAM PER LITRE
https://environment.data.gov.uk/water-quality/sampling-point/TH-PWER0030/sample/1369237/observation/0180,TH-PWER0030,WEY ABOVE THAMES,-0.4571,51.3786,Thames,THAMES - WEST THAMES,Multiple Values,OPEN,FRESHWATER - RIVERS,2021-11-24T10:04:00,MONITORING  (UK GOVT POLICY - NOT GQA OR RE),RIVER / RUNNING SURFACE WATER,0180,"Orthophosphate, reactive as P",0.19,MILLIGRAM PER LITRE
https://environment.data.gov.uk/water-quality/sampling-point/TH-PWER0030/sample/1369237/observation/0182,TH-PWER0030,WEY ABOVE THAMES,-0.4571,51.3786,Thames,THAMES - WEST THAMES,Multiple Values,OPEN,FRESHWATER - RIVERS,2021-11-24T10:04:00,MONITORING  (UK GOVT POLICY - NOT GQA OR RE),RIVER / RUNNING SURFACE WATER,0182,"Silica, reactive as SiO2",16,MILLIGRAM PER LITRE
https://environment.data.gov.uk/water-quality/sampling-point/TH-PWER0030/sample/1369237/observation/0205,TH-PWER0030,WEY ABOVE THAMES,-0.4571,51.3786,Thames,THAMES - WEST THAMES,Multiple Values,OPEN,FRESHWATER - RIVERS,2021-11-24T10:04:00,MONITORING  (UK GOVT POLICY - NOT GQA OR RE),RIVER / RUNNING SURFACE WATER,0205,"Sodium, Dissolved",28,MILLIGRAM PER LITRE
https://environment.data.gov.uk/water-quality/sampling-point/TH-PWER0030/sample/1369237/observation/0209,TH-PWER0030,WEY ABOVE THAMES,-0.4571,51.3786,Thames,THAMES - WEST THAMES,Multiple Values,OPEN,FRESHWATER - RIVERS,2021-11-24T10:04:00,MONITORING  (UK GOVT POLICY - NOT GQA OR RE),RIVER / RUNNING SURFACE WATER,0209,"Potassium, Dissolved",6.5,MILLIGRAM PER LITRE
https://environment.data.gov.uk/water-quality/sampling-point/TH-PWER0030/sample/1369237/observation/0301,TH-PWER0030,WEY ABOVE THAMES,-0.4571,51.3786,Thames,THAMES - WEST THAMES,Multiple Values,OPEN,FRESHWATER - RIVERS,2021-11-24T10:04:00,MONITORING  (UK GOVT POLICY - NOT GQA OR RE),RIVER / RUNNING SURFACE WATER,0301,"Carbon, Organic, Dissolved as C :- {DOC}",4.3,MILLIGRAM PER LITRE
https://environment.data.gov.uk/water-quality/sampling-point/TH-PWER0030/sample/1369237/observation/0348,TH-PWER0030,WEY ABOVE THAMES,-0.4571,51.3786,Thames,THAMES - WEST THAMES,Multiple Values,OPEN,FRESHWATER - RIVERS,2021-11-24T10:04:00,MONITORING  (UK GOVT POLICY - NOT GQA OR RE),RIVER / RUNNING SURFACE WATER,0348,"Phosphorus, Total as P",0.23,MILLIGRAM PER LITRE
https://environment.data.gov.uk/water-quality/sampling-point/TH-PWER0030/sample/1369237/observation/3408,TH-PWER0030,WEY ABOVE THAMES,-0.4571,51.3786,Thames,THAMES - WEST THAMES,Multiple Values,OPEN,FRESHWATER - RIVERS,2021-11-24T10:04:00,MONITORING  (UK GOVT POLICY - NOT GQA OR RE),RIVER / RUNNING SURFACE WATER,3408,"Zinc, Dissolved",5,MICROGRAM PER LITRE
https://environment.data.gov.uk/water-quality/sampling-point/TH-PWER0030/sample/1369237/observation/3409,TH-PWER0030,WEY ABOVE THAMES,-0.4571,51.3786,Thames,THAMES - WEST THAMES,Multiple Values,OPEN,FRESHWATER - RIVERS,2021-11-24T10:04:00,MONITORING  (UK GOVT POLICY - NOT GQA OR RE),RIVER / RUNNING SURFACE WATER,3409,"Chromium, Dissolved",<0.5,MICROGRAM PER LITRE
https://environment.data.gov.uk/water-quality/sampling-point/TH-PWER0030/sample/1369237/observation/3410,TH-PWER0030,WEY ABOVE THAMES,-0.4571,51.3786,Thames,THAMES - WEST THAMES,Multiple Values,OPEN,FRESHWATER - RIVERS,2021-11-24T10:04:00,MONITORING  (UK GOVT POLICY - NOT GQA OR RE),RIVER / RUNNING SURFACE WATER,3410,"Nickel, Dissolved",3,MICROGRAM PER LITRE
https://environment.data.gov.uk/water-quality/sampling-point/TH-PWER0030/sample/1369237/observation/4994,TH-PWER0030,WEY ABOVE THAMES,-0.4571,51.3786,Thames,THAMES - WEST THAMES,Multiple Values,OPEN,FRESHWATER - RIVERS,2021-11-24T10:04:00,MONITORING  (UK GOVT POLICY - NOT GQA OR RE),RIVER / RUNNING SURFACE WATER,4994,GCMS Screen : Target Based multi-residue screening : Semi Quantitative,1,Text Result
https://environment.data.gov.uk/water-quality/sampling-point/TH-PWER0030/sample/1369237/observation/6045,TH-PWER0030,WEY ABOVE THAMES,-0.4571,51.3786,Thames,THAMES - WEST THAMES,Multiple Values,OPEN,FRESHWATER - RIVERS,2021-11-24T10:04:00,MONITORING  (UK GOVT POLICY - NOT GQA OR RE),RIVER / RUNNING SURFACE WATER,6045,"Arsenic, Dissolved",<1,MICROGRAM PER LITRE
https://environment.data.gov.uk/water-quality/sampling-point/TH-PWER0030/sample/1369237/observation/6396,TH-PWER0030,WEY ABOVE THAMES,-0.4571,51.3786,Thames,THAMES - WEST THAMES,Multiple Values,OPEN,FRESHWATER - RIVERS,2021-11-24T10:04:00,MONITORING  (UK GOVT POLICY - NOT GQA OR RE),RIVER / RUNNING SURFACE WATER,6396,Turbidity,3.9,NEPHELOMETRIC TURBIDITY UNITS
https://environment.data.gov.uk/water-quality/sampling-point/TH-PWER0030/sample/1369237/observation/6450,TH-PWER0030,WEY ABOVE THAMES,-0.4571,51.3786,Thames,THAMES - WEST THAMES,Multiple Values,OPEN,FRESHWATER - RIVERS,2021-11-24T10:04:00,MONITORING  (UK GOVT POLICY - NOT GQA OR RE),RIVER / RUNNING SURFACE WATER,6450,"Copper, Dissolved",2,MICROGRAM PER LITRE
https://environment.data.gov.uk/water-quality/sampling-point/TH-PWER0030/sample/1369237/observation/6458,TH-PWER0030,WEY ABOVE THAMES,-0.4571,51.3786,Thames,THAMES - WEST THAMES,Multiple Values,OPEN,FRESHWATER - RIVERS,2021-11-24T10:04:00,MONITORING  (UK GOVT POLICY - NOT GQA OR RE),RIVER / RUNNING SURFACE WATER,6458,"Manganese, Dissolved",28,MICROGRAM PER LITRE
https://environment.data.gov.uk/water-quality/sampling-point/TH-PWER0030/sample/1369237/observation/6460,TH-PWER0030,WEY ABOVE THAMES,-0.4571,51.3786,Thames,THAMES - WEST THAMES,Multiple Values,OPEN,FRESHWATER - RIVERS,2021-11-24T10:04:00,MONITORING  (UK GOVT POLICY - NOT GQA OR RE),RIVER / RUNNING SURFACE WATER,6460,"Iron, Dissolved",110,MICROGRAM PER LITRE
https://environment.data.gov.uk/water-quality/sampling-point/TH-PWER0030/sample/1369237/observation/7859,TH-PWER0030,WEY ABOVE THAMES,-0.4571,51.3786,Thames,THAMES - WEST THAMES,Multiple Values,OPEN,FRESHWATER - RIVERS,2021-11-24T10:04:00,MONITORING  (UK GOVT POLICY - NOT GQA OR RE),RIVER / RUNNING SURFACE WATER,7859,"Sulphate, Dissolved as SO4",42,MILLIGRAM PER LITRE
https://environment.data.gov.uk/water-quality/sampling-point/TH-PWER0030/sample/1369237/observation/9447,TH-PWER0030,WEY ABOVE THAMES,-0.4571,51.3786,Thames,THAMES - WEST THAMES,Multiple Values,OPEN,FRESHWATER - RIVERS,2021-11-24T10:04:00,MONITORING  (UK GOVT POLICY - NOT GQA OR RE),RIVER / RUNNING SURFACE WATER,9447,"Boron, Dissolved",<100,MICROGRAM PER LITRE
https://environment.data.gov.uk/water-quality/sampling-point/TH-PWER0030/sample/1369237/observation/9901,TH-PWER0030,WEY ABOVE THAMES,-0.4571,51.3786,Thames,THAMES - WEST THAMES,Multiple Values,OPEN,FRESHWATER - RIVERS,2021-11-24T10:04:00,MONITORING  (UK GOVT POLICY - NOT GQA OR RE),RIVER / RUNNING SURFACE WATER,9901,"Oxygen, Dissolved, % Saturation",92,PERCENTAGE
https://environment.data.gov.uk/water-quality/sampling-point/TH-PWER0030/sample/1369237/observation/9924,TH-PWER0030,WEY ABOVE THAMES,-0.4571,51.3786,Thames,THAMES - WEST THAMES,Multiple Values,OPEN,FRESHWATER - RIVERS,2021-11-24T10:04:00,MONITORING  (UK GOVT POLICY - NOT GQA OR RE),RIVER / RUNNING SURFACE WATER,9924,"Oxygen, Dissolved as O2",11.1,MILLIGRAM PER LITRE
https://environment.data.gov.uk/water-quality/sampling-point/TH-PWER0030/sample/1369419/observation/0052,TH-PWER0030,WEY ABOVE THAMES,-0.4571,51.3786,Thames,THAMES - WEST THAMES,Multiple Values,OPEN,FRESHWATER - RIVERS,2021-12-02T11:45:00,MONITORING  (UK GOVT POLICY - NOT GQA OR RE),RIVER / RUNNING SURFACE WATER,0052,"Lead, Dissolved",<0.1,MICROGRAM PER LITRE
https://environment.data.gov.uk/water-quality/sampling-point/TH-PWER0030/sample/1369419/observation/0061,TH-PWER0030,WEY ABOVE THAMES,-0.4571,51.3786,Thames,THAMES - WEST THAMES,Multiple Values,OPEN,FRESHWATER - RIVERS,2021-12-02T11:45:00,MONITORING  (UK GOVT POLICY - NOT GQA OR RE),RIVER / RUNNING SURFACE WATER,0061,pH,8.1,PH UNITS
https://environment.data.gov.uk/water-quality/sampling-point/TH-PWER0030/sample/1369419/observation/0076,TH-PWER0030,WEY ABOVE THAMES,-0.4571,51.3786,Thames,THAMES - WEST THAMES,Multiple Values,OPEN,FRESHWATER - RIVERS,2021-12-02T11:45:00,MONITORING  (UK GOVT POLICY - NOT GQA OR RE),RIVER / RUNNING SURFACE WATER,0076,Temperature of Water,6.3,CELSIUS
https://environment.data.gov.uk/water-quality/sampling-point/TH-PWER0030/sample/1369419/observation/0077,TH-PWER0030,WEY ABOVE THAMES,-0.4571,51.3786,Thames,THAMES - WEST THAMES,Multiple Values,OPEN,FRESHWATER - RIVERS,2021-12-02T11:45:00,MONITORING  (UK GOVT POLICY - NOT GQA OR RE),RIVER / RUNNING SURFACE WATER,0077,Conductivity at 25 C,536,MICROSIEMENS PER CENTIMETRE
https://environment.data.gov.uk/water-quality/sampling-point/TH-PWER0030/sample/1369419/observation/0103,TH-PWER0030,WEY ABOVE THAMES,-0.4571,51.3786,Thames,THAMES - WEST THAMES,Multiple Values,OPEN,FRESHWATER - RIVERS,2021-12-02T11:45:00,MONITORING  (UK GOVT POLICY - NOT GQA OR RE),RIVER / RUNNING SURFACE WATER,0103,"Mercury, Dissolved",<0.01,MICROGRAM PER LITRE
https://environment.data.gov.uk/water-quality/sampling-point/TH-PWER0030/sample/1369419/observation/0106,TH-PWER0030,WEY ABOVE THAMES,-0.4571,51.3786,Thames,THAMES - WEST THAMES,Multiple Values,OPEN,FRESHWATER - RIVERS,2021-12-02T11:45:00,MONITORING  (UK GOVT POLICY - NOT GQA OR RE),RIVER / RUNNING SURFACE WATER,0106,"Cadmium, Dissolved",<0.01,MICROGRAM PER LITRE
https://environment.data.gov.uk/water-quality/sampling-point/TH-PWER0030/sample/1369419/observation/0111,TH-PWER0030,WEY ABOVE THAMES,-0.4571,51.3786,Thames,THAMES - WEST THAMES,Multiple Values,OPEN,FRESHWATER - RIVERS,2021-12-02T11:45:00,MONITORING  (UK GOVT POLICY - NOT GQA OR RE),RIVER / RUNNING SURFACE WATER,0111,Ammoniacal Nitrogen as N,0.17,MILLIGRAM PER LITRE
https://environment.data.gov.uk/water-quality/sampling-point/TH-PWER0030/sample/1369419/observation/0116,TH-PWER0030,WEY ABOVE THAMES,-0.4571,51.3786,Thames,THAMES - WEST THAMES,Multiple Values,OPEN,FRESHWATER - RIVERS,2021-12-02T11:45:00,MONITORING  (UK GOVT POLICY - NOT GQA OR RE),RIVER / RUNNING SURFACE WATER,0116,"Nitrogen, Total Oxidised as N",7.4,MILLIGRAM PER LITRE
https://environment.data.gov.uk/water-quality/sampling-point/TH-PWER0030/sample/1369419/observation/0117,TH-PWER0030,WEY ABOVE THAMES,-0.4571,51.3786,Thames,THAMES - WEST THAMES,Multiple Values,OPEN,FRESHWATER - RIVERS,2021-12-02T11:45:00,MONITORING  (UK GOVT POLICY - NOT GQA OR RE),RIVER / RUNNING SURFACE WATER,0117,Nitrate as N,7.3,MILLIGRAM PER LITRE
https://environment.data.gov.uk/water-quality/sampling-point/TH-PWER0030/sample/1369419/observation/0118,TH-PWER0030,WEY ABOVE THAMES,-0.4571,51.3786,Thames,THAMES - WEST THAMES,Multiple Values,OPEN,FRESHWATER - RIVERS,2021-12-02T11:45:00,MONITORING  (UK GOVT POLICY - NOT GQA OR RE),RIVER / RUNNING SURFACE WATER,0118,Nitrite as N,0.099,MILLIGRAM PER LITRE
https://environment.data.gov.uk/water-quality/sampling-point/TH-PWER0030/sample/1369419/observation/0119,TH-PWER0030,WEY ABOVE THAMES,-0.4571,51.3786,Thames,THAMES - WEST THAMES,Multiple Values,OPEN,FRESHWATER - RIVERS,2021-12-02T11:45:00,MONITORING  (UK GOVT POLICY - NOT GQA OR RE),RIVER / RUNNING SURFACE WATER,0119,Ammonia un-ionised as N,0.00236,MILLIGRAM PER LITRE
https://environment.data.gov.uk/water-quality/sampling-point/TH-PWER0030/sample/1369419/observation/0172,TH-PWER0030,WEY ABOVE THAMES,-0.4571,51.3786,Thames,THAMES - WEST THAMES,Multiple Values,OPEN,FRESHWATER - RIVERS,2021-12-02T11:45:00,MONITORING  (UK GOVT POLICY - NOT GQA OR RE),RIVER / RUNNING SURFACE WATER,0172,Chloride,48,MILLIGRAM PER LITRE
https://environment.data.gov.uk/water-quality/sampling-point/TH-PWER0030/sample/1369419/observation/0180,TH-PWER0030,WEY ABOVE THAMES,-0.4571,51.3786,Thames,THAMES - WEST THAMES,Multiple Values,OPEN,FRESHWATER - RIVERS,2021-12-02T11:45:00,MONITORING  (UK GOVT POLICY - NOT GQA OR RE),RIVER / RUNNING SURFACE WATER,0180,"Orthophosphate, reactive as P",0.18,MILLIGRAM PER LITRE
https://environment.data.gov.uk/water-quality/sampling-point/TH-PWER0030/sample/1369419/observation/0182,TH-PWER0030,WEY ABOVE THAMES,-0.4571,51.3786,Thames,THAMES - WEST THAMES,Multiple Values,OPEN,FRESHWATER - RIVERS,2021-12-02T11:45:00,MONITORING  (UK GOVT POLICY - NOT GQA OR RE),RIVER / RUNNING SURFACE WATER,0182,"Silica, reactive as SiO2",15,MILLIGRAM PER LITRE
https://environment.data.gov.uk/water-quality/sampling-point/TH-PWER0030/sample/1369419/observation/0205,TH-PWER0030,WEY ABOVE THAMES,-0.4571,51.3786,Thames,THAMES - WEST THAMES,Multiple Values,OPEN,FRESHWATER - RIVERS,2021-12-02T11:45:00,MONITORING  (UK GOVT POLICY - NOT GQA OR RE),RIVER / RUNNING SURFACE WATER,0205,"Sodium, Dissolved",33,MILLIGRAM PER LITRE
https://environment.data.gov.uk/water-quality/sampling-point/TH-PWER0030/sample/1369419/observation/0209,TH-PWER0030,WEY ABOVE THAMES,-0.4571,51.3786,Thames,THAMES - WEST THAMES,Multiple Values,OPEN,FRESHWATER - RIVERS,2021-12-02T11:45:00,MONITORING  (UK GOVT POLICY - NOT GQA OR RE),RIVER / RUNNING SURFACE WATER,0209,"Potassium, Dissolved",6.6,MILLIGRAM PER LITRE
https://environment.data.gov.uk/water-quality/sampling-point/TH-PWER0030/sample/1369419/observation/0301,TH-PWER0030,WEY ABOVE THAMES,-0.4571,51.3786,Thames,THAMES - WEST THAMES,Multiple Values,OPEN,FRESHWATER - RIVERS,2021-12-02T11:45:00,MONITORING  (UK GOVT POLICY - NOT GQA OR RE),RIVER / RUNNING SURFACE WATER,0301,"Carbon, Organic, Dissolved as C :- {DOC}",4.3,MILLIGRAM PER LITRE
https://environment.data.gov.uk/water-quality/sampling-point/TH-PWER0030/sample/1369419/observation/0348,TH-PWER0030,WEY ABOVE THAMES,-0.4571,51.3786,Thames,THAMES - WEST THAMES,Multiple Values,OPEN,FRESHWATER - RIVERS,2021-12-02T11:45:00,MONITORING  (UK GOVT POLICY - NOT GQA OR RE),RIVER / RUNNING SURFACE WATER,0348,"Phosphorus, Total as P",0.2,MILLIGRAM PER LITRE
https://environment.data.gov.uk/water-quality/sampling-point/TH-PWER0030/sample/1369419/observation/3408,TH-PWER0030,WEY ABOVE THAMES,-0.4571,51.3786,Thames,THAMES - WEST THAMES,Multiple Values,OPEN,FRESHWATER - RIVERS,2021-12-02T11:45:00,MONITORING  (UK GOVT POLICY - NOT GQA OR RE),RIVER / RUNNING SURFACE WATER,3408,"Zinc, Dissolved",5.4,MICROGRAM PER LITRE
https://environment.data.gov.uk/water-quality/sampling-point/TH-PWER0030/sample/1369419/observation/3409,TH-PWER0030,WEY ABOVE THAMES,-0.4571,51.3786,Thames,THAMES - WEST THAMES,Multiple Values,OPEN,FRESHWATER - RIVERS,2021-12-02T11:45:00,MONITORING  (UK GOVT POLICY - NOT GQA OR RE),RIVER / RUNNING SURFACE WATER,3409,"Chromium, Dissolved",<0.5,MICROGRAM PER LITRE
https://environment.data.gov.uk/water-quality/sampling-point/TH-PWER0030/sample/1369419/observation/3410,TH-PWER0030,WEY ABOVE THAMES,-0.4571,51.3786,Thames,THAMES - WEST THAMES,Multiple Values,OPEN,FRESHWATER - RIVERS,2021-12-02T11:45:00,MONITORING  (UK GOVT POLICY - NOT GQA OR RE),RIVER / RUNNING SURFACE WATER,3410,"Nickel, Dissolved",3,MICROGRAM PER LITRE
https://environment.data.gov.uk/water-quality/sampling-point/TH-PWER0030/sample/1369419/observation/6045,TH-PWER0030,WEY ABOVE THAMES,-0.4571,51.3786,Thames,THAMES - WEST THAMES,Multiple Values,OPEN,FRESHWATER - RIVERS,2021-12-02T11:45:00,MONITORING  (UK GOVT POLICY - NOT GQA OR RE),RIVER / RUNNING SURFACE WATER,6045,"Arsenic, Dissolved",<1,MICROGRAM PER LITRE
https://environment.data.gov.uk/water-quality/sampling-point/TH-PWER0030/sample/1369419/observation/6396,TH-PWER0030,WEY ABOVE THAMES,-0.4571,51.3786,Thames,THAMES - WEST THAMES,Multiple Values,OPEN,FRESHWATER - RIVERS,2021-12-02T11:45:00,MONITORING  (UK GOVT POLICY - NOT GQA OR RE),RIVER / RUNNING SURFACE WATER,6396,Turbidity,4.7,NEPHELOMETRIC TURBIDITY UNITS
https://environment.data.gov.uk/water-quality/sampling-point/TH-PWER0030/sample/1369419/observation/6450,TH-PWER0030,WEY ABOVE THAMES,-0.4571,51.3786,Thames,THAMES - WEST THAMES,Multiple Values,OPEN,FRESHWATER - RIVERS,2021-12-02T11:45:00,MONITORING  (UK GOVT POLICY - NOT GQA OR RE),RIVER / RUNNING SURFACE WATER,6450,"Copper, Dissolved",2.1,MICROGRAM PER LITRE
https://environment.data.gov.uk/water-quality/sampling-point/TH-PWER0030/sample/1369419/observation/6458,TH-PWER0030,WEY ABOVE THAMES,-0.4571,51.3786,Thames,THAMES - WEST THAMES,Multiple Values,OPEN,FRESHWATER - RIVERS,2021-12-02T11:45:00,MONITORING  (UK GOVT POLICY - NOT GQA OR RE),RIVER / RUNNING SURFACE WATER,6458,"Manganese, Dissolved",26,MICROGRAM PER LITRE
https://environment.data.gov.uk/water-quality/sampling-point/TH-PWER0030/sample/1369419/observation/6460,TH-PWER0030,WEY ABOVE THAMES,-0.4571,51.3786,Thames,THAMES - WEST THAMES,Multiple Values,OPEN,FRESHWATER - RIVERS,2021-12-02T11:45:00,MONITORING  (UK GOVT POLICY - NOT GQA OR RE),RIVER / RUNNING SURFACE WATER,6460,"Iron, Dissolved",100,MICROGRAM PER LITRE
https://environment.data.gov.uk/water-quality/sampling-point/TH-PWER0030/sample/1369419/observation/7859,TH-PWER0030,WEY ABOVE THAMES,-0.4571,51.3786,Thames,THAMES - WEST THAMES,Multiple Values,OPEN,FRESHWATER - RIVERS,2021-12-02T11:45:00,MONITORING  (UK GOVT POLICY - NOT GQA OR RE),RIVER / RUNNING SURFACE WATER,7859,"Sulphate, Dissolved as SO4",44,MILLIGRAM PER LITRE
https://environment.data.gov.uk/water-quality/sampling-point/TH-PWER0030/sample/1369419/observation/9447,TH-PWER0030,WEY ABOVE THAMES,-0.4571,51.3786,Thames,THAMES - WEST THAMES,Multiple Values,OPEN,FRESHWATER - RIVERS,2021-12-02T11:45:00,MONITORING  (UK GOVT POLICY - NOT GQA OR RE),RIVER / RUNNING SURFACE WATER,9447,"Boron, Dissolved",<100,MICROGRAM PER LITRE
https://environment.data.gov.uk/water-quality/sampling-point/TH-PWER0030/sample/1369419/observation/9901,TH-PWER0030,WEY ABOVE THAMES,-0.4571,51.3786,Thames,THAMES - WEST THAMES,Multiple Values,OPEN,FRESHWATER - RIVERS,2021-12-02T11:45:00,MONITORING  (UK GOVT POLICY - NOT GQA OR RE),RIVER / RUNNING SURFACE WATER,9901,"Oxygen, Dissolved, % Saturation",96.2,PERCENTAGE
https://environment.data.gov.uk/water-quality/sampling-point/TH-PWER0030/sample/1369419/observation/9924,TH-PWER0030,WEY ABOVE THAMES,-0.4571,51.3786,Thames,THAMES - WEST THAMES,Multiple Values,OPEN,FRESHWATER - RIVERS,2021-12-02T11:45:00,MONITORING  (UK GOVT POLICY - NOT GQA OR RE),RIVER / RUNNING SURFACE WATER,9924,"Oxygen, Dissolved as O2",11.9,MILLIGRAM PER LITRE
https://environment.data.gov.uk/water-quality/sampling-point/TH-PWER0030/sample/1369727/observation/0052,TH-PWER0030,WEY ABOVE THAMES,-0.4571,51.3786,Thames,THAMES - WEST THAMES,Multiple Values,OPEN,FRESHWATER - RIVERS,2021-12-16T09:20:00,MONITORING  (UK GOVT POLICY - NOT GQA OR RE),RIVER / RUNNING SURFACE WATER,0052,"Lead, Dissolved",0.1,MICROGRAM PER LITRE
https://environment.data.gov.uk/water-quality/sampling-point/TH-PWER0030/sample/1369727/observation/0061,TH-PWER0030,WEY ABOVE THAMES,-0.4571,51.3786,Thames,THAMES - WEST THAMES,Multiple Values,OPEN,FRESHWATER - RIVERS,2021-12-16T09:20:00,MONITORING  (UK GOVT POLICY - NOT GQA OR RE),RIVER / RUNNING SURFACE WATER,0061,pH,7.94,PH UNITS
https://environment.data.gov.uk/water-quality/sampling-point/TH-PWER0030/sample/1369727/observation/0076,TH-PWER0030,WEY ABOVE THAMES,-0.4571,51.3786,Thames,THAMES - WEST THAMES,Multiple Values,OPEN,FRESHWATER - RIVERS,2021-12-16T09:20:00,MONITORING  (UK GOVT POLICY - NOT GQA OR RE),RIVER / RUNNING SURFACE WATER,0076,Temperature of Water,9.8,CELSIUS
https://environment.data.gov.uk/water-quality/sampling-point/TH-PWER0030/sample/1369727/observation/0077,TH-PWER0030,WEY ABOVE THAMES,-0.4571,51.3786,Thames,THAMES - WEST THAMES,Multiple Values,OPEN,FRESHWATER - RIVERS,2021-12-16T09:20:00,MONITORING  (UK GOVT POLICY - NOT GQA OR RE),RIVER / RUNNING SURFACE WATER,0077,Conductivity at 25 C,473,MICROSIEMENS PER CENTIMETRE
https://environment.data.gov.uk/water-quality/sampling-point/TH-PWER0030/sample/1369727/observation/0103,TH-PWER0030,WEY ABOVE THAMES,-0.4571,51.3786,Thames,THAMES - WEST THAMES,Multiple Values,OPEN,FRESHWATER - RIVERS,2021-12-16T09:20:00,MONITORING  (UK GOVT POLICY - NOT GQA OR RE),RIVER / RUNNING SURFACE WATER,0103,"Mercury, Dissolved",<0.01,MICROGRAM PER LITRE
https://environment.data.gov.uk/water-quality/sampling-point/TH-PWER0030/sample/1369727/observation/0106,TH-PWER0030,WEY ABOVE THAMES,-0.4571,51.3786,Thames,THAMES - WEST THAMES,Multiple Values,OPEN,FRESHWATER - RIVERS,2021-12-16T09:20:00,MONITORING  (UK GOVT POLICY - NOT GQA OR RE),RIVER / RUNNING SURFACE WATER,0106,"Cadmium, Dissolved",<0.01,MICROGRAM PER LITRE
https://environment.data.gov.uk/water-quality/sampling-point/TH-PWER0030/sample/1369727/observation/0111,TH-PWER0030,WEY ABOVE THAMES,-0.4571,51.3786,Thames,THAMES - WEST THAMES,Multiple Values,OPEN,FRESHWATER - RIVERS,2021-12-16T09:20:00,MONITORING  (UK GOVT POLICY - NOT GQA OR RE),RIVER / RUNNING SURFACE WATER,0111,Ammoniacal Nitrogen as N,0.11,MILLIGRAM PER LITRE
https://environment.data.gov.uk/water-quality/sampling-point/TH-PWER0030/sample/1369727/observation/0116,TH-PWER0030,WEY ABOVE THAMES,-0.4571,51.3786,Thames,THAMES - WEST THAMES,Multiple Values,OPEN,FRESHWATER - RIVERS,2021-12-16T09:20:00,MONITORING  (UK GOVT POLICY - NOT GQA OR RE),RIVER / RUNNING SURFACE WATER,0116,"Nitrogen, Total Oxidised as N",6.4,MILLIGRAM PER LITRE
https://environment.data.gov.uk/water-quality/sampling-point/TH-PWER0030/sample/1369727/observation/0117,TH-PWER0030,WEY ABOVE THAMES,-0.4571,51.3786,Thames,THAMES - WEST THAMES,Multiple Values,OPEN,FRESHWATER - RIVERS,2021-12-16T09:20:00,MONITORING  (UK GOVT POLICY - NOT GQA OR RE),RIVER / RUNNING SURFACE WATER,0117,Nitrate as N,6.34,MILLIGRAM PER LITRE
https://environment.data.gov.uk/water-quality/sampling-point/TH-PWER0030/sample/1369727/observation/0118,TH-PWER0030,WEY ABOVE THAMES,-0.4571,51.3786,Thames,THAMES - WEST THAMES,Multiple Values,OPEN,FRESHWATER - RIVERS,2021-12-16T09:20:00,MONITORING  (UK GOVT POLICY - NOT GQA OR RE),RIVER / RUNNING SURFACE WATER,0118,Nitrite as N,0.064,MILLIGRAM PER LITRE
https://environment.data.gov.uk/water-quality/sampling-point/TH-PWER0030/sample/1369727/observation/0119,TH-PWER0030,WEY ABOVE THAMES,-0.4571,51.3786,Thames,THAMES - WEST THAMES,Multiple Values,OPEN,FRESHWATER - RIVERS,2021-12-16T09:20:00,MONITORING  (UK GOVT POLICY - NOT GQA OR RE),RIVER / RUNNING SURFACE WATER,0119,Ammonia un-ionised as N,0.00173,MILLIGRAM PER LITRE
https://environment.data.gov.uk/water-quality/sampling-point/TH-PWER0030/sample/1369727/observation/0172,TH-PWER0030,WEY ABOVE THAMES,-0.4571,51.3786,Thames,THAMES - WEST THAMES,Multiple Values,OPEN,FRESHWATER - RIVERS,2021-12-16T09:20:00,MONITORING  (UK GOVT POLICY - NOT GQA OR RE),RIVER / RUNNING SURFACE WATER,0172,Chloride,39,MILLIGRAM PER LITRE
https://environment.data.gov.uk/water-quality/sampling-point/TH-PWER0030/sample/1369727/observation/0180,TH-PWER0030,WEY ABOVE THAMES,-0.4571,51.3786,Thames,THAMES - WEST THAMES,Multiple Values,OPEN,FRESHWATER - RIVERS,2021-12-16T09:20:00,MONITORING  (UK GOVT POLICY - NOT GQA OR RE),RIVER / RUNNING SURFACE WATER,0180,"Orthophosphate, reactive as P",0.18,MILLIGRAM PER LITRE
https://environment.data.gov.uk/water-quality/sampling-point/TH-PWER0030/sample/1369727/observation/0182,TH-PWER0030,WEY ABOVE THAMES,-0.4571,51.3786,Thames,THAMES - WEST THAMES,Multiple Values,OPEN,FRESHWATER - RIVERS,2021-12-16T09:20:00,MONITORING  (UK GOVT POLICY - NOT GQA OR RE),RIVER / RUNNING SURFACE WATER,0182,"Silica, reactive as SiO2",14,MILLIGRAM PER LITRE
https://environment.data.gov.uk/water-quality/sampling-point/TH-PWER0030/sample/1369727/observation/0205,TH-PWER0030,WEY ABOVE THAMES,-0.4571,51.3786,Thames,THAMES - WEST THAMES,Multiple Values,OPEN,FRESHWATER - RIVERS,2021-12-16T09:20:00,MONITORING  (UK GOVT POLICY - NOT GQA OR RE),RIVER / RUNNING SURFACE WATER,0205,"Sodium, Dissolved",25,MILLIGRAM PER LITRE
https://environment.data.gov.uk/water-quality/sampling-point/TH-PWER0030/sample/1369727/observation/0209,TH-PWER0030,WEY ABOVE THAMES,-0.4571,51.3786,Thames,THAMES - WEST THAMES,Multiple Values,OPEN,FRESHWATER - RIVERS,2021-12-16T09:20:00,MONITORING  (UK GOVT POLICY - NOT GQA OR RE),RIVER / RUNNING SURFACE WATER,0209,"Potassium, Dissolved",5.8,MILLIGRAM PER LITRE
https://environment.data.gov.uk/water-quality/sampling-point/TH-PWER0030/sample/1369727/observation/0301,TH-PWER0030,WEY ABOVE THAMES,-0.4571,51.3786,Thames,THAMES - WEST THAMES,Multiple Values,OPEN,FRESHWATER - RIVERS,2021-12-16T09:20:00,MONITORING  (UK GOVT POLICY - NOT GQA OR RE),RIVER / RUNNING SURFACE WATER,0301,"Carbon, Organic, Dissolved as C :- {DOC}",5.5,MILLIGRAM PER LITRE
https://environment.data.gov.uk/water-quality/sampling-point/TH-PWER0030/sample/1369727/observation/0348,TH-PWER0030,WEY ABOVE THAMES,-0.4571,51.3786,Thames,THAMES - WEST THAMES,Multiple Values,OPEN,FRESHWATER - RIVERS,2021-12-16T09:20:00,MONITORING  (UK GOVT POLICY - NOT GQA OR RE),RIVER / RUNNING SURFACE WATER,0348,"Phosphorus, Total as P",0.22,MILLIGRAM PER LITRE
https://environment.data.gov.uk/water-quality/sampling-point/TH-PWER0030/sample/1369727/observation/3408,TH-PWER0030,WEY ABOVE THAMES,-0.4571,51.3786,Thames,THAMES - WEST THAMES,Multiple Values,OPEN,FRESHWATER - RIVERS,2021-12-16T09:20:00,MONITORING  (UK GOVT POLICY - NOT GQA OR RE),RIVER / RUNNING SURFACE WATER,3408,"Zinc, Dissolved",5.2,MICROGRAM PER LITRE
https://environment.data.gov.uk/water-quality/sampling-point/TH-PWER0030/sample/1369727/observation/3409,TH-PWER0030,WEY ABOVE THAMES,-0.4571,51.3786,Thames,THAMES - WEST THAMES,Multiple Values,OPEN,FRESHWATER - RIVERS,2021-12-16T09:20:00,MONITORING  (UK GOVT POLICY - NOT GQA OR RE),RIVER / RUNNING SURFACE WATER,3409,"Chromium, Dissolved",<0.5,MICROGRAM PER LITRE
https://environment.data.gov.uk/water-quality/sampling-point/TH-PWER0030/sample/1369727/observation/3410,TH-PWER0030,WEY ABOVE THAMES,-0.4571,51.3786,Thames,THAMES - WEST THAMES,Multiple Values,OPEN,FRESHWATER - RIVERS,2021-12-16T09:20:00,MONITORING  (UK GOVT POLICY - NOT GQA OR RE),RIVER / RUNNING SURFACE WATER,3410,"Nickel, Dissolved",3.1,MICROGRAM PER LITRE
https://environment.data.gov.uk/water-quality/sampling-point/TH-PWER0030/sample/1369727/observation/6045,TH-PWER0030,WEY ABOVE THAMES,-0.4571,51.3786,Thames,THAMES - WEST THAMES,Multiple Values,OPEN,FRESHWATER - RIVERS,2021-12-16T09:20:00,MONITORING  (UK GOVT POLICY - NOT GQA OR RE),RIVER / RUNNING SURFACE WATER,6045,"Arsenic, Dissolved",<1,MICROGRAM PER LITRE
https://environment.data.gov.uk/water-quality/sampling-point/TH-PWER0030/sample/1369727/observation/6396,TH-PWER0030,WEY ABOVE THAMES,-0.4571,51.3786,Thames,THAMES - WEST THAMES,Multiple Values,OPEN,FRESHWATER - RIVERS,2021-12-16T09:20:00,MONITORING  (UK GOVT POLICY - NOT GQA OR RE),RIVER / RUNNING SURFACE WATER,6396,Turbidity,6.4,NEPHELOMETRIC TURBIDITY UNITS
https://environment.data.gov.uk/water-quality/sampling-point/TH-PWER0030/sample/1369727/observation/6450,TH-PWER0030,WEY ABOVE THAMES,-0.4571,51.3786,Thames,THAMES - WEST THAMES,Multiple Values,OPEN,FRESHWATER - RIVERS,2021-12-16T09:20:00,MONITORING  (UK GOVT POLICY - NOT GQA OR RE),RIVER / RUNNING SURFACE WATER,6450,"Copper, Dissolved",2.2,MICROGRAM PER LITRE
https://environment.data.gov.uk/water-quality/sampling-point/TH-PWER0030/sample/1369727/observation/6458,TH-PWER0030,WEY ABOVE THAMES,-0.4571,51.3786,Thames,THAMES - WEST THAMES,Multiple Values,OPEN,FRESHWATER - RIVERS,2021-12-16T09:20:00,MONITORING  (UK GOVT POLICY - NOT GQA OR RE),RIVER / RUNNING SURFACE WATER,6458,"Manganese, Dissolved",36,MICROGRAM PER LITRE
https://environment.data.gov.uk/water-quality/sampling-point/TH-PWER0030/sample/1369727/observation/6460,TH-PWER0030,WEY ABOVE THAMES,-0.4571,51.3786,Thames,THAMES - WEST THAMES,Multiple Values,OPEN,FRESHWATER - RIVERS,2021-12-16T09:20:00,MONITORING  (UK GOVT POLICY - NOT GQA OR RE),RIVER / RUNNING SURFACE WATER,6460,"Iron, Dissolved",140,MICROGRAM PER LITRE
https://environment.data.gov.uk/water-quality/sampling-point/TH-PWER0030/sample/1369727/observation/7859,TH-PWER0030,WEY ABOVE THAMES,-0.4571,51.3786,Thames,THAMES - WEST THAMES,Multiple Values,OPEN,FRESHWATER - RIVERS,2021-12-16T09:20:00,MONITORING  (UK GOVT POLICY - NOT GQA OR RE),RIVER / RUNNING SURFACE WATER,7859,"Sulphate, Dissolved as SO4",41,MILLIGRAM PER LITRE
https://environment.data.gov.uk/water-quality/sampling-point/TH-PWER0030/sample/1369727/observation/9447,TH-PWER0030,WEY ABOVE THAMES,-0.4571,51.3786,Thames,THAMES - WEST THAMES,Multiple Values,OPEN,FRESHWATER - RIVERS,2021-12-16T09:20:00,MONITORING  (UK GOVT POLICY - NOT GQA OR RE),RIVER / RUNNING SURFACE WATER,9447,"Boron, Dissolved",<100,MICROGRAM PER LITRE
https://environment.data.gov.uk/water-quality/sampling-point/TH-PWER0030/sample/1369727/observation/9901,TH-PWER0030,WEY ABOVE THAMES,-0.4571,51.3786,Thames,THAMES - WEST THAMES,Multiple Values,OPEN,FRESHWATER - RIVERS,2021-12-16T09:20:00,MONITORING  (UK GOVT POLICY - NOT GQA OR RE),RIVER / RUNNING SURFACE WATER,9901,"Oxygen, Dissolved, % Saturation",96.3,PERCENTAGE
https://environment.data.gov.uk/water-quality/sampling-point/TH-PWER0030/sample/1369727/observation/9924,TH-PWER0030,WEY ABOVE THAMES,-0.4571,51.3786,Thames,THAMES - WEST THAMES,Multiple Values,OPEN,FRESHWATER - RIVERS,2021-12-16T09:20:00,MONITORING  (UK GOVT POLICY - NOT GQA OR RE),RIVER / RUNNING SURFACE WATER,9924,"Oxygen, Dissolved as O2",10.9,MILLIGRAM PER LITRE
https://environment.data.gov.uk/water-quality/sampling-point/TH-RSN1629/sample/1341788/observation/0061,TH-RSN1629,RSN1629 100M US SUNBURY WEIR,-0.4133,51.3999,Thames,THAMES - WEST THAMES,Multiple Values,OPEN,FRESHWATER - RIVERS,2021-01-19T12:39:00,MONITORING  (NATIONAL AGENCY POLICY),RIVER / RUNNING SURFACE WATER,0061,pH,8.15,PH UNITS
https://environment.data.gov.uk/water-quality/sampling-point/TH-RSN1629/sample/1341788/observation/0076,TH-RSN1629,RSN1629 100M US SUNBURY WEIR,-0.4133,51.3999,Thames,THAMES - WEST THAMES,Multiple Values,OPEN,FRESHWATER - RIVERS,2021-01-19T12:39:00,MONITORING  (NATIONAL AGENCY POLICY),RIVER / RUNNING SURFACE WATER,0076,Temperature of Water,6.3,CELSIUS
https://environment.data.gov.uk/water-quality/sampling-point/TH-RSN1629/sample/1341788/observation/0077,TH-RSN1629,RSN1629 100M US SUNBURY WEIR,-0.4133,51.3999,Thames,THAMES - WEST THAMES,Multiple Values,OPEN,FRESHWATER - RIVERS,2021-01-19T12:39:00,MONITORING  (NATIONAL AGENCY POLICY),RIVER / RUNNING SURFACE WATER,0077,Conductivity at 25 C,600,MICROSIEMENS PER CENTIMETRE
https://environment.data.gov.uk/water-quality/sampling-point/TH-RSN1629/sample/1341788/observation/0111,TH-RSN1629,RSN1629 100M US SUNBURY WEIR,-0.4133,51.3999,Thames,THAMES - WEST THAMES,Multiple Values,OPEN,FRESHWATER - RIVERS,2021-01-19T12:39:00,MONITORING  (NATIONAL AGENCY POLICY),RIVER / RUNNING SURFACE WATER,0111,Ammoniacal Nitrogen as N,0.061,MILLIGRAM PER LITRE
https://environment.data.gov.uk/water-quality/sampling-point/TH-RSN1629/sample/1341788/observation/0116,TH-RSN1629,RSN1629 100M US SUNBURY WEIR,-0.4133,51.3999,Thames,THAMES - WEST THAMES,Multiple Values,OPEN,FRESHWATER - RIVERS,2021-01-19T12:39:00,MONITORING  (NATIONAL AGENCY POLICY),RIVER / RUNNING SURFACE WATER,0116,"Nitrogen, Total Oxidised as N",6.3,MILLIGRAM PER LITRE
https://environment.data.gov.uk/water-quality/sampling-point/TH-RSN1629/sample/1341788/observation/0117,TH-RSN1629,RSN1629 100M US SUNBURY WEIR,-0.4133,51.3999,Thames,THAMES - WEST THAMES,Multiple Values,OPEN,FRESHWATER - RIVERS,2021-01-19T12:39:00,MONITORING  (NATIONAL AGENCY POLICY),RIVER / RUNNING SURFACE WATER,0117,Nitrate as N,6.27,MILLIGRAM PER LITRE
https://environment.data.gov.uk/water-quality/sampling-point/TH-RSN1629/sample/1341788/observation/0118,TH-RSN1629,RSN1629 100M US SUNBURY WEIR,-0.4133,51.3999,Thames,THAMES - WEST THAMES,Multiple Values,OPEN,FRESHWATER - RIVERS,2021-01-19T12:39:00,MONITORING  (NATIONAL AGENCY POLICY),RIVER / RUNNING SURFACE WATER,0118,Nitrite as N,0.033,MILLIGRAM PER LITRE
https://environment.data.gov.uk/water-quality/sampling-point/TH-RSN1629/sample/1341788/observation/0119,TH-RSN1629,RSN1629 100M US SUNBURY WEIR,-0.4133,51.3999,Thames,THAMES - WEST THAMES,Multiple Values,OPEN,FRESHWATER - RIVERS,2021-01-19T12:39:00,MONITORING  (NATIONAL AGENCY POLICY),RIVER / RUNNING SURFACE WATER,0119,Ammonia un-ionised as N,0.00085,MILLIGRAM PER LITRE
https://environment.data.gov.uk/water-quality/sampling-point/TH-RSN1629/sample/1341788/observation/0162,TH-RSN1629,RSN1629 100M US SUNBURY WEIR,-0.4133,51.3999,Thames,THAMES - WEST THAMES,Multiple Values,OPEN,FRESHWATER - RIVERS,2021-01-19T12:39:00,MONITORING  (NATIONAL AGENCY POLICY),RIVER / RUNNING SURFACE WATER,0162,Alkalinity to pH 4.5 as CaCO3,190,MILLIGRAM PER LITRE
https://environment.data.gov.uk/water-quality/sampling-point/TH-RSN1629/sample/1341788/observation/0172,TH-RSN1629,RSN1629 100M US SUNBURY WEIR,-0.4133,51.3999,Thames,THAMES - WEST THAMES,Multiple Values,OPEN,FRESHWATER - RIVERS,2021-01-19T12:39:00,MONITORING  (NATIONAL AGENCY POLICY),RIVER / RUNNING SURFACE WATER,0172,Chloride,40,MILLIGRAM PER LITRE
https://environment.data.gov.uk/water-quality/sampling-point/TH-RSN1629/sample/1341788/observation/0180,TH-RSN1629,RSN1629 100M US SUNBURY WEIR,-0.4133,51.3999,Thames,THAMES - WEST THAMES,Multiple Values,OPEN,FRESHWATER - RIVERS,2021-01-19T12:39:00,MONITORING  (NATIONAL AGENCY POLICY),RIVER / RUNNING SURFACE WATER,0180,"Orthophosphate, reactive as P",0.14,MILLIGRAM PER LITRE
https://environment.data.gov.uk/water-quality/sampling-point/TH-RSN1629/sample/1341788/observation/0182,TH-RSN1629,RSN1629 100M US SUNBURY WEIR,-0.4133,51.3999,Thames,THAMES - WEST THAMES,Multiple Values,OPEN,FRESHWATER - RIVERS,2021-01-19T12:39:00,MONITORING  (NATIONAL AGENCY POLICY),RIVER / RUNNING SURFACE WATER,0182,"Silica, reactive as SiO2",11,MILLIGRAM PER LITRE
https://environment.data.gov.uk/water-quality/sampling-point/TH-RSN1629/sample/1341788/observation/0301,TH-RSN1629,RSN1629 100M US SUNBURY WEIR,-0.4133,51.3999,Thames,THAMES - WEST THAMES,Multiple Values,OPEN,FRESHWATER - RIVERS,2021-01-19T12:39:00,MONITORING  (NATIONAL AGENCY POLICY),RIVER / RUNNING SURFACE WATER,0301,"Carbon, Organic, Dissolved as C :- {DOC}",5.5,MILLIGRAM PER LITRE
https://environment.data.gov.uk/water-quality/sampling-point/TH-RSN1629/sample/1341788/observation/0348,TH-RSN1629,RSN1629 100M US SUNBURY WEIR,-0.4133,51.3999,Thames,THAMES - WEST THAMES,Multiple Values,OPEN,FRESHWATER - RIVERS,2021-01-19T12:39:00,MONITORING  (NATIONAL AGENCY POLICY),RIVER / RUNNING SURFACE WATER,0348,"Phosphorus, Total as P",0.2,MILLIGRAM PER LITRE
https://environment.data.gov.uk/water-quality/sampling-point/TH-RSN1629/sample/1341788/observation/9686,TH-RSN1629,RSN1629 100M US SUNBURY WEIR,-0.4133,51.3999,Thames,THAMES - WEST THAMES,Multiple Values,OPEN,FRESHWATER - RIVERS,2021-01-19T12:39:00,MONITORING  (NATIONAL AGENCY POLICY),RIVER / RUNNING SURFACE WATER,9686,"Nitrogen, Total as N",6.9,MILLIGRAM PER LITRE
https://environment.data.gov.uk/water-quality/sampling-point/TH-RSN1629/sample/1341788/observation/9901,TH-RSN1629,RSN1629 100M US SUNBURY WEIR,-0.4133,51.3999,Thames,THAMES - WEST THAMES,Multiple Values,OPEN,FRESHWATER - RIVERS,2021-01-19T12:39:00,MONITORING  (NATIONAL AGENCY POLICY),RIVER / RUNNING SURFACE WATER,9901,"Oxygen, Dissolved, % Saturation",99.8,PERCENTAGE
https://environment.data.gov.uk/water-quality/sampling-point/TH-RSN1629/sample/1341788/observation/9924,TH-RSN1629,RSN1629 100M US SUNBURY WEIR,-0.4133,51.3999,Thames,THAMES - WEST THAMES,Multiple Values,OPEN,FRESHWATER - RIVERS,2021-01-19T12:39:00,MONITORING  (NATIONAL AGENCY POLICY),RIVER / RUNNING SURFACE WATER,9924,"Oxygen, Dissolved as O2",12.3,MILLIGRAM PER LITRE
https://environment.data.gov.uk/water-quality/sampling-point/TH-RSN1629/sample/1342260/observation/0061,TH-RSN1629,RSN1629 100M US SUNBURY WEIR,-0.4133,51.3999,Thames,THAMES - WEST THAMES,Multiple Values,OPEN,FRESHWATER - RIVERS,2021-02-05T11:39:00,MONITORING  (NATIONAL AGENCY POLICY),RIVER / RUNNING SURFACE WATER,0061,pH,8.03,PH UNITS
https://environment.data.gov.uk/water-quality/sampling-point/TH-RSN1629/sample/1342260/observation/0076,TH-RSN1629,RSN1629 100M US SUNBURY WEIR,-0.4133,51.3999,Thames,THAMES - WEST THAMES,Multiple Values,OPEN,FRESHWATER - RIVERS,2021-02-05T11:39:00,MONITORING  (NATIONAL AGENCY POLICY),RIVER / RUNNING SURFACE WATER,0076,Temperature of Water,6.6,CELSIUS
https://environment.data.gov.uk/water-quality/sampling-point/TH-RSN1629/sample/1342260/observation/0077,TH-RSN1629,RSN1629 100M US SUNBURY WEIR,-0.4133,51.3999,Thames,THAMES - WEST THAMES,Multiple Values,OPEN,FRESHWATER - RIVERS,2021-02-05T11:39:00,MONITORING  (NATIONAL AGENCY POLICY),RIVER / RUNNING SURFACE WATER,0077,Conductivity at 25 C,521,MICROSIEMENS PER CENTIMETRE
https://environment.data.gov.uk/water-quality/sampling-point/TH-RSN1629/sample/1342260/observation/0111,TH-RSN1629,RSN1629 100M US SUNBURY WEIR,-0.4133,51.3999,Thames,THAMES - WEST THAMES,Multiple Values,OPEN,FRESHWATER - RIVERS,2021-02-05T11:39:00,MONITORING  (NATIONAL AGENCY POLICY),RIVER / RUNNING SURFACE WATER,0111,Ammoniacal Nitrogen as N,0.084,MILLIGRAM PER LITRE
https://environment.data.gov.uk/water-quality/sampling-point/TH-RSN1629/sample/1342260/observation/0116,TH-RSN1629,RSN1629 100M US SUNBURY WEIR,-0.4133,51.3999,Thames,THAMES - WEST THAMES,Multiple Values,OPEN,FRESHWATER - RIVERS,2021-02-05T11:39:00,MONITORING  (NATIONAL AGENCY POLICY),RIVER / RUNNING SURFACE WATER,0116,"Nitrogen, Total Oxidised as N",4.8,MILLIGRAM PER LITRE
https://environment.data.gov.uk/water-quality/sampling-point/TH-RSN1629/sample/1342260/observation/0117,TH-RSN1629,RSN1629 100M US SUNBURY WEIR,-0.4133,51.3999,Thames,THAMES - WEST THAMES,Multiple Values,OPEN,FRESHWATER - RIVERS,2021-02-05T11:39:00,MONITORING  (NATIONAL AGENCY POLICY),RIVER / RUNNING SURFACE WATER,0117,Nitrate as N,4.77,MILLIGRAM PER LITRE
https://environment.data.gov.uk/water-quality/sampling-point/TH-RSN1629/sample/1342260/observation/0118,TH-RSN1629,RSN1629 100M US SUNBURY WEIR,-0.4133,51.3999,Thames,THAMES - WEST THAMES,Multiple Values,OPEN,FRESHWATER - RIVERS,2021-02-05T11:39:00,MONITORING  (NATIONAL AGENCY POLICY),RIVER / RUNNING SURFACE WATER,0118,Nitrite as N,0.032,MILLIGRAM PER LITRE
https://environment.data.gov.uk/water-quality/sampling-point/TH-RSN1629/sample/1342260/observation/0119,TH-RSN1629,RSN1629 100M US SUNBURY WEIR,-0.4133,51.3999,Thames,THAMES - WEST THAMES,Multiple Values,OPEN,FRESHWATER - RIVERS,2021-02-05T11:39:00,MONITORING  (NATIONAL AGENCY POLICY),RIVER / RUNNING SURFACE WATER,0119,Ammonia un-ionised as N,0.00119,MILLIGRAM PER LITRE
https://environment.data.gov.uk/water-quality/sampling-point/TH-RSN1629/sample/1342260/observation/0162,TH-RSN1629,RSN1629 100M US SUNBURY WEIR,-0.4133,51.3999,Thames,THAMES - WEST THAMES,Multiple Values,OPEN,FRESHWATER - RIVERS,2021-02-05T11:39:00,MONITORING  (NATIONAL AGENCY POLICY),RIVER / RUNNING SURFACE WATER,0162,Alkalinity to pH 4.5 as CaCO3,170,MILLIGRAM PER LITRE
https://environment.data.gov.uk/water-quality/sampling-point/TH-RSN1629/sample/1342260/observation/0172,TH-RSN1629,RSN1629 100M US SUNBURY WEIR,-0.4133,51.3999,Thames,THAMES - WEST THAMES,Multiple Values,OPEN,FRESHWATER - RIVERS,2021-02-05T11:39:00,MONITORING  (NATIONAL AGENCY POLICY),RIVER / RUNNING SURFACE WATER,0172,Chloride,28,MILLIGRAM PER LITRE
https://environment.data.gov.uk/water-quality/sampling-point/TH-RSN1629/sample/1342260/observation/0180,TH-RSN1629,RSN1629 100M US SUNBURY WEIR,-0.4133,51.3999,Thames,THAMES - WEST THAMES,Multiple Values,OPEN,FRESHWATER - RIVERS,2021-02-05T11:39:00,MONITORING  (NATIONAL AGENCY POLICY),RIVER / RUNNING SURFACE WATER,0180,"Orthophosphate, reactive as P",0.09,MILLIGRAM PER LITRE
https://environment.data.gov.uk/water-quality/sampling-point/TH-RSN1629/sample/1342260/observation/0182,TH-RSN1629,RSN1629 100M US SUNBURY WEIR,-0.4133,51.3999,Thames,THAMES - WEST THAMES,Multiple Values,OPEN,FRESHWATER - RIVERS,2021-02-05T11:39:00,MONITORING  (NATIONAL AGENCY POLICY),RIVER / RUNNING SURFACE WATER,0182,"Silica, reactive as SiO2",10,MILLIGRAM PER LITRE
https://environment.data.gov.uk/water-quality/sampling-point/TH-RSN1629/sample/1342260/observation/0301,TH-RSN1629,RSN1629 100M US SUNBURY WEIR,-0.4133,51.3999,Thames,THAMES - WEST THAMES,Multiple Values,OPEN,FRESHWATER - RIVERS,2021-02-05T11:39:00,MONITORING  (NATIONAL AGENCY POLICY),RIVER / RUNNING SURFACE WATER,0301,"Carbon, Organic, Dissolved as C :- {DOC}",5.9,MILLIGRAM PER LITRE
https://environment.data.gov.uk/water-quality/sampling-point/TH-RSN1629/sample/1342260/observation/0348,TH-RSN1629,RSN1629 100M US SUNBURY WEIR,-0.4133,51.3999,Thames,THAMES - WEST THAMES,Multiple Values,OPEN,FRESHWATER - RIVERS,2021-02-05T11:39:00,MONITORING  (NATIONAL AGENCY POLICY),RIVER / RUNNING SURFACE WATER,0348,"Phosphorus, Total as P",0.17,MILLIGRAM PER LITRE
https://environment.data.gov.uk/water-quality/sampling-point/TH-RSN1629/sample/1342260/observation/9686,TH-RSN1629,RSN1629 100M US SUNBURY WEIR,-0.4133,51.3999,Thames,THAMES - WEST THAMES,Multiple Values,OPEN,FRESHWATER - RIVERS,2021-02-05T11:39:00,MONITORING  (NATIONAL AGENCY POLICY),RIVER / RUNNING SURFACE WATER,9686,"Nitrogen, Total as N",5.6,MILLIGRAM PER LITRE
https://environment.data.gov.uk/water-quality/sampling-point/TH-RSN1629/sample/1342260/observation/9901,TH-RSN1629,RSN1629 100M US SUNBURY WEIR,-0.4133,51.3999,Thames,THAMES - WEST THAMES,Multiple Values,OPEN,FRESHWATER - RIVERS,2021-02-05T11:39:00,MONITORING  (NATIONAL AGENCY POLICY),RIVER / RUNNING SURFACE WATER,9901,"Oxygen, Dissolved, % Saturation",96.7,PERCENTAGE
https://environment.data.gov.uk/water-quality/sampling-point/TH-RSN1629/sample/1342260/observation/9924,TH-RSN1629,RSN1629 100M US SUNBURY WEIR,-0.4133,51.3999,Thames,THAMES - WEST THAMES,Multiple Values,OPEN,FRESHWATER - RIVERS,2021-02-05T11:39:00,MONITORING  (NATIONAL AGENCY POLICY),RIVER / RUNNING SURFACE WATER,9924,"Oxygen, Dissolved as O2",11.8,MILLIGRAM PER LITRE
https://environment.data.gov.uk/water-quality/sampling-point/TH-RSN1629/sample/1345226/observation/0061,TH-RSN1629,RSN1629 100M US SUNBURY WEIR,-0.4133,51.3999,Thames,THAMES - WEST THAMES,Multiple Values,OPEN,FRESHWATER - RIVERS,2021-03-15T11:38:00,MONITORING  (NATIONAL AGENCY POLICY),RIVER / RUNNING SURFACE WATER,0061,pH,8.15,PH UNITS
https://environment.data.gov.uk/water-quality/sampling-point/TH-RSN1629/sample/1345226/observation/0076,TH-RSN1629,RSN1629 100M US SUNBURY WEIR,-0.4133,51.3999,Thames,THAMES - WEST THAMES,Multiple Values,OPEN,FRESHWATER - RIVERS,2021-03-15T11:38:00,MONITORING  (NATIONAL AGENCY POLICY),RIVER / RUNNING SURFACE WATER,0076,Temperature of Water,8.1,CELSIUS
https://environment.data.gov.uk/water-quality/sampling-point/TH-RSN1629/sample/1345226/observation/0077,TH-RSN1629,RSN1629 100M US SUNBURY WEIR,-0.4133,51.3999,Thames,THAMES - WEST THAMES,Multiple Values,OPEN,FRESHWATER - RIVERS,2021-03-15T11:38:00,MONITORING  (NATIONAL AGENCY POLICY),RIVER / RUNNING SURFACE WATER,0077,Conductivity at 25 C,643,MICROSIEMENS PER CENTIMETRE
https://environment.data.gov.uk/water-quality/sampling-point/TH-RSN1629/sample/1345226/observation/0111,TH-RSN1629,RSN1629 100M US SUNBURY WEIR,-0.4133,51.3999,Thames,THAMES - WEST THAMES,Multiple Values,OPEN,FRESHWATER - RIVERS,2021-03-15T11:38:00,MONITORING  (NATIONAL AGENCY POLICY),RIVER / RUNNING SURFACE WATER,0111,Ammoniacal Nitrogen as N,0.055,MILLIGRAM PER LITRE
https://environment.data.gov.uk/water-quality/sampling-point/TH-RSN1629/sample/1345226/observation/0116,TH-RSN1629,RSN1629 100M US SUNBURY WEIR,-0.4133,51.3999,Thames,THAMES - WEST THAMES,Multiple Values,OPEN,FRESHWATER - RIVERS,2021-03-15T11:38:00,MONITORING  (NATIONAL AGENCY POLICY),RIVER / RUNNING SURFACE WATER,0116,"Nitrogen, Total Oxidised as N",7.2,MILLIGRAM PER LITRE
https://environment.data.gov.uk/water-quality/sampling-point/TH-RSN1629/sample/1345226/observation/0117,TH-RSN1629,RSN1629 100M US SUNBURY WEIR,-0.4133,51.3999,Thames,THAMES - WEST THAMES,Multiple Values,OPEN,FRESHWATER - RIVERS,2021-03-15T11:38:00,MONITORING  (NATIONAL AGENCY POLICY),RIVER / RUNNING SURFACE WATER,0117,Nitrate as N,7.17,MILLIGRAM PER LITRE
https://environment.data.gov.uk/water-quality/sampling-point/TH-RSN1629/sample/1345226/observation/0118,TH-RSN1629,RSN1629 100M US SUNBURY WEIR,-0.4133,51.3999,Thames,THAMES - WEST THAMES,Multiple Values,OPEN,FRESHWATER - RIVERS,2021-03-15T11:38:00,MONITORING  (NATIONAL AGENCY POLICY),RIVER / RUNNING SURFACE WATER,0118,Nitrite as N,0.033,MILLIGRAM PER LITRE
https://environment.data.gov.uk/water-quality/sampling-point/TH-RSN1629/sample/1345226/observation/0119,TH-RSN1629,RSN1629 100M US SUNBURY WEIR,-0.4133,51.3999,Thames,THAMES - WEST THAMES,Multiple Values,OPEN,FRESHWATER - RIVERS,2021-03-15T11:38:00,MONITORING  (NATIONAL AGENCY POLICY),RIVER / RUNNING SURFACE WATER,0119,Ammonia un-ionised as N,0.00087,MILLIGRAM PER LITRE
https://environment.data.gov.uk/water-quality/sampling-point/TH-RSN1629/sample/1345226/observation/0162,TH-RSN1629,RSN1629 100M US SUNBURY WEIR,-0.4133,51.3999,Thames,THAMES - WEST THAMES,Multiple Values,OPEN,FRESHWATER - RIVERS,2021-03-15T11:38:00,MONITORING  (NATIONAL AGENCY POLICY),RIVER / RUNNING SURFACE WATER,0162,Alkalinity to pH 4.5 as CaCO3,210,MILLIGRAM PER LITRE
https://environment.data.gov.uk/water-quality/sampling-point/TH-RSN1629/sample/1345226/observation/0172,TH-RSN1629,RSN1629 100M US SUNBURY WEIR,-0.4133,51.3999,Thames,THAMES - WEST THAMES,Multiple Values,OPEN,FRESHWATER - RIVERS,2021-03-15T11:38:00,MONITORING  (NATIONAL AGENCY POLICY),RIVER / RUNNING SURFACE WATER,0172,Chloride,37,MILLIGRAM PER LITRE
https://environment.data.gov.uk/water-quality/sampling-point/TH-RSN1629/sample/1345226/observation/0180,TH-RSN1629,RSN1629 100M US SUNBURY WEIR,-0.4133,51.3999,Thames,THAMES - WEST THAMES,Multiple Values,OPEN,FRESHWATER - RIVERS,2021-03-15T11:38:00,MONITORING  (NATIONAL AGENCY POLICY),RIVER / RUNNING SURFACE WATER,0180,"Orthophosphate, reactive as P",0.11,MILLIGRAM PER LITRE
https://environment.data.gov.uk/water-quality/sampling-point/TH-RSN1629/sample/1345226/observation/0182,TH-RSN1629,RSN1629 100M US SUNBURY WEIR,-0.4133,51.3999,Thames,THAMES - WEST THAMES,Multiple Values,OPEN,FRESHWATER - RIVERS,2021-03-15T11:38:00,MONITORING  (NATIONAL AGENCY POLICY),RIVER / RUNNING SURFACE WATER,0182,"Silica, reactive as SiO2",10,MILLIGRAM PER LITRE
https://environment.data.gov.uk/water-quality/sampling-point/TH-RSN1629/sample/1345226/observation/0301,TH-RSN1629,RSN1629 100M US SUNBURY WEIR,-0.4133,51.3999,Thames,THAMES - WEST THAMES,Multiple Values,OPEN,FRESHWATER - RIVERS,2021-03-15T11:38:00,MONITORING  (NATIONAL AGENCY POLICY),RIVER / RUNNING SURFACE WATER,0301,"Carbon, Organic, Dissolved as C :- {DOC}",3.5,MILLIGRAM PER LITRE
https://environment.data.gov.uk/water-quality/sampling-point/TH-RSN1629/sample/1345226/observation/0348,TH-RSN1629,RSN1629 100M US SUNBURY WEIR,-0.4133,51.3999,Thames,THAMES - WEST THAMES,Multiple Values,OPEN,FRESHWATER - RIVERS,2021-03-15T11:38:00,MONITORING  (NATIONAL AGENCY POLICY),RIVER / RUNNING SURFACE WATER,0348,"Phosphorus, Total as P",0.16,MILLIGRAM PER LITRE
https://environment.data.gov.uk/water-quality/sampling-point/TH-RSN1629/sample/1345226/observation/9686,TH-RSN1629,RSN1629 100M US SUNBURY WEIR,-0.4133,51.3999,Thames,THAMES - WEST THAMES,Multiple Values,OPEN,FRESHWATER - RIVERS,2021-03-15T11:38:00,MONITORING  (NATIONAL AGENCY POLICY),RIVER / RUNNING SURFACE WATER,9686,"Nitrogen, Total as N",7.6,MILLIGRAM PER LITRE
https://environment.data.gov.uk/water-quality/sampling-point/TH-RSN1629/sample/1345226/observation/9901,TH-RSN1629,RSN1629 100M US SUNBURY WEIR,-0.4133,51.3999,Thames,THAMES - WEST THAMES,Multiple Values,OPEN,FRESHWATER - RIVERS,2021-03-15T11:38:00,MONITORING  (NATIONAL AGENCY POLICY),RIVER / RUNNING SURFACE WATER,9901,"Oxygen, Dissolved, % Saturation",101.7,PERCENTAGE
https://environment.data.gov.uk/water-quality/sampling-point/TH-RSN1629/sample/1345226/observation/9924,TH-RSN1629,RSN1629 100M US SUNBURY WEIR,-0.4133,51.3999,Thames,THAMES - WEST THAMES,Multiple Values,OPEN,FRESHWATER - RIVERS,2021-03-15T11:38:00,MONITORING  (NATIONAL AGENCY POLICY),RIVER / RUNNING SURFACE WATER,9924,"Oxygen, Dissolved as O2",12,MILLIGRAM PER LITRE
https://environment.data.gov.uk/water-quality/sampling-point/TH-RSN1629/sample/1349057/observation/0061,TH-RSN1629,RSN1629 100M US SUNBURY WEIR,-0.4133,51.3999,Thames,THAMES - WEST THAMES,Multiple Values,OPEN,FRESHWATER - RIVERS,2021-04-22T10:48:00,MONITORING  (NATIONAL AGENCY POLICY),RIVER / RUNNING SURFACE WATER,0061,pH,8.61,PH UNITS
https://environment.data.gov.uk/water-quality/sampling-point/TH-RSN1629/sample/1349057/observation/0076,TH-RSN1629,RSN1629 100M US SUNBURY WEIR,-0.4133,51.3999,Thames,THAMES - WEST THAMES,Multiple Values,OPEN,FRESHWATER - RIVERS,2021-04-22T10:48:00,MONITORING  (NATIONAL AGENCY POLICY),RIVER / RUNNING SURFACE WATER,0076,Temperature of Water,11.8,CELSIUS
https://environment.data.gov.uk/water-quality/sampling-point/TH-RSN1629/sample/1349057/observation/0077,TH-RSN1629,RSN1629 100M US SUNBURY WEIR,-0.4133,51.3999,Thames,THAMES - WEST THAMES,Multiple Values,OPEN,FRESHWATER - RIVERS,2021-04-22T10:48:00,MONITORING  (NATIONAL AGENCY POLICY),RIVER / RUNNING SURFACE WATER,0077,Conductivity at 25 C,636,MICROSIEMENS PER CENTIMETRE
https://environment.data.gov.uk/water-quality/sampling-point/TH-RSN1629/sample/1349057/observation/0111,TH-RSN1629,RSN1629 100M US SUNBURY WEIR,-0.4133,51.3999,Thames,THAMES - WEST THAMES,Multiple Values,OPEN,FRESHWATER - RIVERS,2021-04-22T10:48:00,MONITORING  (NATIONAL AGENCY POLICY),RIVER / RUNNING SURFACE WATER,0111,Ammoniacal Nitrogen as N,<0.03,MILLIGRAM PER LITRE
https://environment.data.gov.uk/water-quality/sampling-point/TH-RSN1629/sample/1349057/observation/0116,TH-RSN1629,RSN1629 100M US SUNBURY WEIR,-0.4133,51.3999,Thames,THAMES - WEST THAMES,Multiple Values,OPEN,FRESHWATER - RIVERS,2021-04-22T10:48:00,MONITORING  (NATIONAL AGENCY POLICY),RIVER / RUNNING SURFACE WATER,0116,"Nitrogen, Total Oxidised as N",7.1,MILLIGRAM PER LITRE
https://environment.data.gov.uk/water-quality/sampling-point/TH-RSN1629/sample/1349057/observation/0117,TH-RSN1629,RSN1629 100M US SUNBURY WEIR,-0.4133,51.3999,Thames,THAMES - WEST THAMES,Multiple Values,OPEN,FRESHWATER - RIVERS,2021-04-22T10:48:00,MONITORING  (NATIONAL AGENCY POLICY),RIVER / RUNNING SURFACE WATER,0117,Nitrate as N,7.08,MILLIGRAM PER LITRE
https://environment.data.gov.uk/water-quality/sampling-point/TH-RSN1629/sample/1349057/observation/0118,TH-RSN1629,RSN1629 100M US SUNBURY WEIR,-0.4133,51.3999,Thames,THAMES - WEST THAMES,Multiple Values,OPEN,FRESHWATER - RIVERS,2021-04-22T10:48:00,MONITORING  (NATIONAL AGENCY POLICY),RIVER / RUNNING SURFACE WATER,0118,Nitrite as N,0.022,MILLIGRAM PER LITRE
https://environment.data.gov.uk/water-quality/sampling-point/TH-RSN1629/sample/1349057/observation/0119,TH-RSN1629,RSN1629 100M US SUNBURY WEIR,-0.4133,51.3999,Thames,THAMES - WEST THAMES,Multiple Values,OPEN,FRESHWATER - RIVERS,2021-04-22T10:48:00,MONITORING  (NATIONAL AGENCY POLICY),RIVER / RUNNING SURFACE WATER,0119,Ammonia un-ionised as N,<0.00062,MILLIGRAM PER LITRE
https://environment.data.gov.uk/water-quality/sampling-point/TH-RSN1629/sample/1349057/observation/0162,TH-RSN1629,RSN1629 100M US SUNBURY WEIR,-0.4133,51.3999,Thames,THAMES - WEST THAMES,Multiple Values,OPEN,FRESHWATER - RIVERS,2021-04-22T10:48:00,MONITORING  (NATIONAL AGENCY POLICY),RIVER / RUNNING SURFACE WATER,0162,Alkalinity to pH 4.5 as CaCO3,200,MILLIGRAM PER LITRE
https://environment.data.gov.uk/water-quality/sampling-point/TH-RSN1629/sample/1349057/observation/0172,TH-RSN1629,RSN1629 100M US SUNBURY WEIR,-0.4133,51.3999,Thames,THAMES - WEST THAMES,Multiple Values,OPEN,FRESHWATER - RIVERS,2021-04-22T10:48:00,MONITORING  (NATIONAL AGENCY POLICY),RIVER / RUNNING SURFACE WATER,0172,Chloride,41,MILLIGRAM PER LITRE
https://environment.data.gov.uk/water-quality/sampling-point/TH-RSN1629/sample/1349057/observation/0180,TH-RSN1629,RSN1629 100M US SUNBURY WEIR,-0.4133,51.3999,Thames,THAMES - WEST THAMES,Multiple Values,OPEN,FRESHWATER - RIVERS,2021-04-22T10:48:00,MONITORING  (NATIONAL AGENCY POLICY),RIVER / RUNNING SURFACE WATER,0180,"Orthophosphate, reactive as P",0.028,MILLIGRAM PER LITRE
https://environment.data.gov.uk/water-quality/sampling-point/TH-RSN1629/sample/1349057/observation/0182,TH-RSN1629,RSN1629 100M US SUNBURY WEIR,-0.4133,51.3999,Thames,THAMES - WEST THAMES,Multiple Values,OPEN,FRESHWATER - RIVERS,2021-04-22T10:48:00,MONITORING  (NATIONAL AGENCY POLICY),RIVER / RUNNING SURFACE WATER,0182,"Silica, reactive as SiO2",2.7,MILLIGRAM PER LITRE
https://environment.data.gov.uk/water-quality/sampling-point/TH-RSN1629/sample/1349057/observation/0301,TH-RSN1629,RSN1629 100M US SUNBURY WEIR,-0.4133,51.3999,Thames,THAMES - WEST THAMES,Multiple Values,OPEN,FRESHWATER - RIVERS,2021-04-22T10:48:00,MONITORING  (NATIONAL AGENCY POLICY),RIVER / RUNNING SURFACE WATER,0301,"Carbon, Organic, Dissolved as C :- {DOC}",3.9,MILLIGRAM PER LITRE
https://environment.data.gov.uk/water-quality/sampling-point/TH-RSN1629/sample/1349057/observation/0348,TH-RSN1629,RSN1629 100M US SUNBURY WEIR,-0.4133,51.3999,Thames,THAMES - WEST THAMES,Multiple Values,OPEN,FRESHWATER - RIVERS,2021-04-22T10:48:00,MONITORING  (NATIONAL AGENCY POLICY),RIVER / RUNNING SURFACE WATER,0348,"Phosphorus, Total as P",0.15,MILLIGRAM PER LITRE
https://environment.data.gov.uk/water-quality/sampling-point/TH-RSN1629/sample/1349057/observation/9686,TH-RSN1629,RSN1629 100M US SUNBURY WEIR,-0.4133,51.3999,Thames,THAMES - WEST THAMES,Multiple Values,OPEN,FRESHWATER - RIVERS,2021-04-22T10:48:00,MONITORING  (NATIONAL AGENCY POLICY),RIVER / RUNNING SURFACE WATER,9686,"Nitrogen, Total as N",8.2,MILLIGRAM PER LITRE
https://environment.data.gov.uk/water-quality/sampling-point/TH-RSN1629/sample/1349057/observation/9901,TH-RSN1629,RSN1629 100M US SUNBURY WEIR,-0.4133,51.3999,Thames,THAMES - WEST THAMES,Multiple Values,OPEN,FRESHWATER - RIVERS,2021-04-22T10:48:00,MONITORING  (NATIONAL AGENCY POLICY),RIVER / RUNNING SURFACE WATER,9901,"Oxygen, Dissolved, % Saturation",118,PERCENTAGE
https://environment.data.gov.uk/water-quality/sampling-point/TH-RSN1629/sample/1349057/observation/9924,TH-RSN1629,RSN1629 100M US SUNBURY WEIR,-0.4133,51.3999,Thames,THAMES - WEST THAMES,Multiple Values,OPEN,FRESHWATER - RIVERS,2021-04-22T10:48:00,MONITORING  (NATIONAL AGENCY POLICY),RIVER / RUNNING SURFACE WATER,9924,"Oxygen, Dissolved as O2",12.7,MILLIGRAM PER LITRE
https://environment.data.gov.uk/water-quality/sampling-point/TH-RSN1629/sample/1351294/observation/0061,TH-RSN1629,RSN1629 100M US SUNBURY WEIR,-0.4133,51.3999,Thames,THAMES - WEST THAMES,Multiple Values,OPEN,FRESHWATER - RIVERS,2021-05-18T11:05:00,MONITORING  (NATIONAL AGENCY POLICY),RIVER / RUNNING SURFACE WATER,0061,pH,8.12,PH UNITS
https://environment.data.gov.uk/water-quality/sampling-point/TH-RSN1629/sample/1351294/observation/0076,TH-RSN1629,RSN1629 100M US SUNBURY WEIR,-0.4133,51.3999,Thames,THAMES - WEST THAMES,Multiple Values,OPEN,FRESHWATER - RIVERS,2021-05-18T11:05:00,MONITORING  (NATIONAL AGENCY POLICY),RIVER / RUNNING SURFACE WATER,0076,Temperature of Water,13.7,CELSIUS
https://environment.data.gov.uk/water-quality/sampling-point/TH-RSN1629/sample/1351294/observation/0077,TH-RSN1629,RSN1629 100M US SUNBURY WEIR,-0.4133,51.3999,Thames,THAMES - WEST THAMES,Multiple Values,OPEN,FRESHWATER - RIVERS,2021-05-18T11:05:00,MONITORING  (NATIONAL AGENCY POLICY),RIVER / RUNNING SURFACE WATER,0077,Conductivity at 25 C,634,MICROSIEMENS PER CENTIMETRE
https://environment.data.gov.uk/water-quality/sampling-point/TH-RSN1629/sample/1351294/observation/0111,TH-RSN1629,RSN1629 100M US SUNBURY WEIR,-0.4133,51.3999,Thames,THAMES - WEST THAMES,Multiple Values,OPEN,FRESHWATER - RIVERS,2021-05-18T11:05:00,MONITORING  (NATIONAL AGENCY POLICY),RIVER / RUNNING SURFACE WATER,0111,Ammoniacal Nitrogen as N,0.11,MILLIGRAM PER LITRE
https://environment.data.gov.uk/water-quality/sampling-point/TH-RSN1629/sample/1351294/observation/0116,TH-RSN1629,RSN1629 100M US SUNBURY WEIR,-0.4133,51.3999,Thames,THAMES - WEST THAMES,Multiple Values,OPEN,FRESHWATER - RIVERS,2021-05-18T11:05:00,MONITORING  (NATIONAL AGENCY POLICY),RIVER / RUNNING SURFACE WATER,0116,"Nitrogen, Total Oxidised as N",7.2,MILLIGRAM PER LITRE
https://environment.data.gov.uk/water-quality/sampling-point/TH-RSN1629/sample/1351294/observation/0117,TH-RSN1629,RSN1629 100M US SUNBURY WEIR,-0.4133,51.3999,Thames,THAMES - WEST THAMES,Multiple Values,OPEN,FRESHWATER - RIVERS,2021-05-18T11:05:00,MONITORING  (NATIONAL AGENCY POLICY),RIVER / RUNNING SURFACE WATER,0117,Nitrate as N,7.16,MILLIGRAM PER LITRE
https://environment.data.gov.uk/water-quality/sampling-point/TH-RSN1629/sample/1351294/observation/0118,TH-RSN1629,RSN1629 100M US SUNBURY WEIR,-0.4133,51.3999,Thames,THAMES - WEST THAMES,Multiple Values,OPEN,FRESHWATER - RIVERS,2021-05-18T11:05:00,MONITORING  (NATIONAL AGENCY POLICY),RIVER / RUNNING SURFACE WATER,0118,Nitrite as N,0.042,MILLIGRAM PER LITRE
https://environment.data.gov.uk/water-quality/sampling-point/TH-RSN1629/sample/1351294/observation/0119,TH-RSN1629,RSN1629 100M US SUNBURY WEIR,-0.4133,51.3999,Thames,THAMES - WEST THAMES,Multiple Values,OPEN,FRESHWATER - RIVERS,2021-05-18T11:05:00,MONITORING  (NATIONAL AGENCY POLICY),RIVER / RUNNING SURFACE WATER,0119,Ammonia un-ionised as N,0.00263,MILLIGRAM PER LITRE
https://environment.data.gov.uk/water-quality/sampling-point/TH-RSN1629/sample/1351294/observation/0162,TH-RSN1629,RSN1629 100M US SUNBURY WEIR,-0.4133,51.3999,Thames,THAMES - WEST THAMES,Multiple Values,OPEN,FRESHWATER - RIVERS,2021-05-18T11:05:00,MONITORING  (NATIONAL AGENCY POLICY),RIVER / RUNNING SURFACE WATER,0162,Alkalinity to pH 4.5 as CaCO3,200,MILLIGRAM PER LITRE
https://environment.data.gov.uk/water-quality/sampling-point/TH-RSN1629/sample/1351294/observation/0172,TH-RSN1629,RSN1629 100M US SUNBURY WEIR,-0.4133,51.3999,Thames,THAMES - WEST THAMES,Multiple Values,OPEN,FRESHWATER - RIVERS,2021-05-18T11:05:00,MONITORING  (NATIONAL AGENCY POLICY),RIVER / RUNNING SURFACE WATER,0172,Chloride,40,MILLIGRAM PER LITRE
https://environment.data.gov.uk/water-quality/sampling-point/TH-RSN1629/sample/1351294/observation/0180,TH-RSN1629,RSN1629 100M US SUNBURY WEIR,-0.4133,51.3999,Thames,THAMES - WEST THAMES,Multiple Values,OPEN,FRESHWATER - RIVERS,2021-05-18T11:05:00,MONITORING  (NATIONAL AGENCY POLICY),RIVER / RUNNING SURFACE WATER,0180,"Orthophosphate, reactive as P",0.15,MILLIGRAM PER LITRE
https://environment.data.gov.uk/water-quality/sampling-point/TH-RSN1629/sample/1351294/observation/0182,TH-RSN1629,RSN1629 100M US SUNBURY WEIR,-0.4133,51.3999,Thames,THAMES - WEST THAMES,Multiple Values,OPEN,FRESHWATER - RIVERS,2021-05-18T11:05:00,MONITORING  (NATIONAL AGENCY POLICY),RIVER / RUNNING SURFACE WATER,0182,"Silica, reactive as SiO2",8.5,MILLIGRAM PER LITRE
https://environment.data.gov.uk/water-quality/sampling-point/TH-RSN1629/sample/1351294/observation/0301,TH-RSN1629,RSN1629 100M US SUNBURY WEIR,-0.4133,51.3999,Thames,THAMES - WEST THAMES,Multiple Values,OPEN,FRESHWATER - RIVERS,2021-05-18T11:05:00,MONITORING  (NATIONAL AGENCY POLICY),RIVER / RUNNING SURFACE WATER,0301,"Carbon, Organic, Dissolved as C :- {DOC}",4,MILLIGRAM PER LITRE
https://environment.data.gov.uk/water-quality/sampling-point/TH-RSN1629/sample/1351294/observation/0348,TH-RSN1629,RSN1629 100M US SUNBURY WEIR,-0.4133,51.3999,Thames,THAMES - WEST THAMES,Multiple Values,OPEN,FRESHWATER - RIVERS,2021-05-18T11:05:00,MONITORING  (NATIONAL AGENCY POLICY),RIVER / RUNNING SURFACE WATER,0348,"Phosphorus, Total as P",0.2,MILLIGRAM PER LITRE
https://environment.data.gov.uk/water-quality/sampling-point/TH-RSN1629/sample/1351294/observation/9686,TH-RSN1629,RSN1629 100M US SUNBURY WEIR,-0.4133,51.3999,Thames,THAMES - WEST THAMES,Multiple Values,OPEN,FRESHWATER - RIVERS,2021-05-18T11:05:00,MONITORING  (NATIONAL AGENCY POLICY),RIVER / RUNNING SURFACE WATER,9686,"Nitrogen, Total as N",7.3,MILLIGRAM PER LITRE
https://environment.data.gov.uk/water-quality/sampling-point/TH-RSN1629/sample/1351294/observation/9901,TH-RSN1629,RSN1629 100M US SUNBURY WEIR,-0.4133,51.3999,Thames,THAMES - WEST THAMES,Multiple Values,OPEN,FRESHWATER - RIVERS,2021-05-18T11:05:00,MONITORING  (NATIONAL AGENCY POLICY),RIVER / RUNNING SURFACE WATER,9901,"Oxygen, Dissolved, % Saturation",102.9,PERCENTAGE
https://environment.data.gov.uk/water-quality/sampling-point/TH-RSN1629/sample/1351294/observation/9924,TH-RSN1629,RSN1629 100M US SUNBURY WEIR,-0.4133,51.3999,Thames,THAMES - WEST THAMES,Multiple Values,OPEN,FRESHWATER - RIVERS,2021-05-18T11:05:00,MONITORING  (NATIONAL AGENCY POLICY),RIVER / RUNNING SURFACE WATER,9924,"Oxygen, Dissolved as O2",10.6,MILLIGRAM PER LITRE
https://environment.data.gov.uk/water-quality/sampling-point/TH-RSN1629/sample/1356687/observation/0061,TH-RSN1629,RSN1629 100M US SUNBURY WEIR,-0.4133,51.3999,Thames,THAMES - WEST THAMES,Multiple Values,OPEN,FRESHWATER - RIVERS,2021-06-11T13:08:00,MONITORING  (NATIONAL AGENCY POLICY),RIVER / RUNNING SURFACE WATER,0061,pH,8.3,PH UNITS
https://environment.data.gov.uk/water-quality/sampling-point/TH-RSN1629/sample/1356687/observation/0076,TH-RSN1629,RSN1629 100M US SUNBURY WEIR,-0.4133,51.3999,Thames,THAMES - WEST THAMES,Multiple Values,OPEN,FRESHWATER - RIVERS,2021-06-11T13:08:00,MONITORING  (NATIONAL AGENCY POLICY),RIVER / RUNNING SURFACE WATER,0076,Temperature of Water,20.3,CELSIUS
https://environment.data.gov.uk/water-quality/sampling-point/TH-RSN1629/sample/1356687/observation/0077,TH-RSN1629,RSN1629 100M US SUNBURY WEIR,-0.4133,51.3999,Thames,THAMES - WEST THAMES,Multiple Values,OPEN,FRESHWATER - RIVERS,2021-06-11T13:08:00,MONITORING  (NATIONAL AGENCY POLICY),RIVER / RUNNING SURFACE WATER,0077,Conductivity at 25 C,667,MICROSIEMENS PER CENTIMETRE
https://environment.data.gov.uk/water-quality/sampling-point/TH-RSN1629/sample/1356687/observation/0111,TH-RSN1629,RSN1629 100M US SUNBURY WEIR,-0.4133,51.3999,Thames,THAMES - WEST THAMES,Multiple Values,OPEN,FRESHWATER - RIVERS,2021-06-11T13:08:00,MONITORING  (NATIONAL AGENCY POLICY),RIVER / RUNNING SURFACE WATER,0111,Ammoniacal Nitrogen as N,0.047,MILLIGRAM PER LITRE
https://environment.data.gov.uk/water-quality/sampling-point/TH-RSN1629/sample/1356687/observation/0116,TH-RSN1629,RSN1629 100M US SUNBURY WEIR,-0.4133,51.3999,Thames,THAMES - WEST THAMES,Multiple Values,OPEN,FRESHWATER - RIVERS,2021-06-11T13:08:00,MONITORING  (NATIONAL AGENCY POLICY),RIVER / RUNNING SURFACE WATER,0116,"Nitrogen, Total Oxidised as N",7,MILLIGRAM PER LITRE
https://environment.data.gov.uk/water-quality/sampling-point/TH-RSN1629/sample/1356687/observation/0117,TH-RSN1629,RSN1629 100M US SUNBURY WEIR,-0.4133,51.3999,Thames,THAMES - WEST THAMES,Multiple Values,OPEN,FRESHWATER - RIVERS,2021-06-11T13:08:00,MONITORING  (NATIONAL AGENCY POLICY),RIVER / RUNNING SURFACE WATER,0117,Nitrate as N,6.97,MILLIGRAM PER LITRE
https://environment.data.gov.uk/water-quality/sampling-point/TH-RSN1629/sample/1356687/observation/0118,TH-RSN1629,RSN1629 100M US SUNBURY WEIR,-0.4133,51.3999,Thames,THAMES - WEST THAMES,Multiple Values,OPEN,FRESHWATER - RIVERS,2021-06-11T13:08:00,MONITORING  (NATIONAL AGENCY POLICY),RIVER / RUNNING SURFACE WATER,0118,Nitrite as N,0.028,MILLIGRAM PER LITRE
https://environment.data.gov.uk/water-quality/sampling-point/TH-RSN1629/sample/1356687/observation/0119,TH-RSN1629,RSN1629 100M US SUNBURY WEIR,-0.4133,51.3999,Thames,THAMES - WEST THAMES,Multiple Values,OPEN,FRESHWATER - RIVERS,2021-06-11T13:08:00,MONITORING  (NATIONAL AGENCY POLICY),RIVER / RUNNING SURFACE WATER,0119,Ammonia un-ionised as N,0.00181,MILLIGRAM PER LITRE
https://environment.data.gov.uk/water-quality/sampling-point/TH-RSN1629/sample/1356687/observation/0162,TH-RSN1629,RSN1629 100M US SUNBURY WEIR,-0.4133,51.3999,Thames,THAMES - WEST THAMES,Multiple Values,OPEN,FRESHWATER - RIVERS,2021-06-11T13:08:00,MONITORING  (NATIONAL AGENCY POLICY),RIVER / RUNNING SURFACE WATER,0162,Alkalinity to pH 4.5 as CaCO3,210,MILLIGRAM PER LITRE
https://environment.data.gov.uk/water-quality/sampling-point/TH-RSN1629/sample/1356687/observation/0172,TH-RSN1629,RSN1629 100M US SUNBURY WEIR,-0.4133,51.3999,Thames,THAMES - WEST THAMES,Multiple Values,OPEN,FRESHWATER - RIVERS,2021-06-11T13:08:00,MONITORING  (NATIONAL AGENCY POLICY),RIVER / RUNNING SURFACE WATER,0172,Chloride,44,MILLIGRAM PER LITRE
https://environment.data.gov.uk/water-quality/sampling-point/TH-RSN1629/sample/1356687/observation/0180,TH-RSN1629,RSN1629 100M US SUNBURY WEIR,-0.4133,51.3999,Thames,THAMES - WEST THAMES,Multiple Values,OPEN,FRESHWATER - RIVERS,2021-06-11T13:08:00,MONITORING  (NATIONAL AGENCY POLICY),RIVER / RUNNING SURFACE WATER,0180,"Orthophosphate, reactive as P",0.15,MILLIGRAM PER LITRE
https://environment.data.gov.uk/water-quality/sampling-point/TH-RSN1629/sample/1356687/observation/0182,TH-RSN1629,RSN1629 100M US SUNBURY WEIR,-0.4133,51.3999,Thames,THAMES - WEST THAMES,Multiple Values,OPEN,FRESHWATER - RIVERS,2021-06-11T13:08:00,MONITORING  (NATIONAL AGENCY POLICY),RIVER / RUNNING SURFACE WATER,0182,"Silica, reactive as SiO2",10,MILLIGRAM PER LITRE
https://environment.data.gov.uk/water-quality/sampling-point/TH-RSN1629/sample/1356687/observation/0301,TH-RSN1629,RSN1629 100M US SUNBURY WEIR,-0.4133,51.3999,Thames,THAMES - WEST THAMES,Multiple Values,OPEN,FRESHWATER - RIVERS,2021-06-11T13:08:00,MONITORING  (NATIONAL AGENCY POLICY),RIVER / RUNNING SURFACE WATER,0301,"Carbon, Organic, Dissolved as C :- {DOC}",3.7,MILLIGRAM PER LITRE
https://environment.data.gov.uk/water-quality/sampling-point/TH-RSN1629/sample/1356687/observation/0348,TH-RSN1629,RSN1629 100M US SUNBURY WEIR,-0.4133,51.3999,Thames,THAMES - WEST THAMES,Multiple Values,OPEN,FRESHWATER - RIVERS,2021-06-11T13:08:00,MONITORING  (NATIONAL AGENCY POLICY),RIVER / RUNNING SURFACE WATER,0348,"Phosphorus, Total as P",0.22,MILLIGRAM PER LITRE
https://environment.data.gov.uk/water-quality/sampling-point/TH-RSN1629/sample/1356687/observation/9686,TH-RSN1629,RSN1629 100M US SUNBURY WEIR,-0.4133,51.3999,Thames,THAMES - WEST THAMES,Multiple Values,OPEN,FRESHWATER - RIVERS,2021-06-11T13:08:00,MONITORING  (NATIONAL AGENCY POLICY),RIVER / RUNNING SURFACE WATER,9686,"Nitrogen, Total as N",7.4,MILLIGRAM PER LITRE
https://environment.data.gov.uk/water-quality/sampling-point/TH-RSN1629/sample/1356687/observation/9901,TH-RSN1629,RSN1629 100M US SUNBURY WEIR,-0.4133,51.3999,Thames,THAMES - WEST THAMES,Multiple Values,OPEN,FRESHWATER - RIVERS,2021-06-11T13:08:00,MONITORING  (NATIONAL AGENCY POLICY),RIVER / RUNNING SURFACE WATER,9901,"Oxygen, Dissolved, % Saturation",92.2,PERCENTAGE
https://environment.data.gov.uk/water-quality/sampling-point/TH-RSN1629/sample/1356687/observation/9924,TH-RSN1629,RSN1629 100M US SUNBURY WEIR,-0.4133,51.3999,Thames,THAMES - WEST THAMES,Multiple Values,OPEN,FRESHWATER - RIVERS,2021-06-11T13:08:00,MONITORING  (NATIONAL AGENCY POLICY),RIVER / RUNNING SURFACE WATER,9924,"Oxygen, Dissolved as O2",8.31,MILLIGRAM PER LITRE
https://environment.data.gov.uk/water-quality/sampling-point/TH-RSN1629/sample/1361302/observation/0061,TH-RSN1629,RSN1629 100M US SUNBURY WEIR,-0.4133,51.3999,Thames,THAMES - WEST THAMES,Multiple Values,OPEN,FRESHWATER - RIVERS,2021-08-06T09:30:00,MONITORING  (NATIONAL AGENCY POLICY),RIVER / RUNNING SURFACE WATER,0061,pH,8.11,PH UNITS
https://environment.data.gov.uk/water-quality/sampling-point/TH-RSN1629/sample/1361302/observation/0076,TH-RSN1629,RSN1629 100M US SUNBURY WEIR,-0.4133,51.3999,Thames,THAMES - WEST THAMES,Multiple Values,OPEN,FRESHWATER - RIVERS,2021-08-06T09:30:00,MONITORING  (NATIONAL AGENCY POLICY),RIVER / RUNNING SURFACE WATER,0076,Temperature of Water,18.7,CELSIUS
https://environment.data.gov.uk/water-quality/sampling-point/TH-RSN1629/sample/1361302/observation/0077,TH-RSN1629,RSN1629 100M US SUNBURY WEIR,-0.4133,51.3999,Thames,THAMES - WEST THAMES,Multiple Values,OPEN,FRESHWATER - RIVERS,2021-08-06T09:30:00,MONITORING  (NATIONAL AGENCY POLICY),RIVER / RUNNING SURFACE WATER,0077,Conductivity at 25 C,645,MICROSIEMENS PER CENTIMETRE
https://environment.data.gov.uk/water-quality/sampling-point/TH-RSN1629/sample/1361302/observation/0111,TH-RSN1629,RSN1629 100M US SUNBURY WEIR,-0.4133,51.3999,Thames,THAMES - WEST THAMES,Multiple Values,OPEN,FRESHWATER - RIVERS,2021-08-06T09:30:00,MONITORING  (NATIONAL AGENCY POLICY),RIVER / RUNNING SURFACE WATER,0111,Ammoniacal Nitrogen as N,0.043,MILLIGRAM PER LITRE
https://environment.data.gov.uk/water-quality/sampling-point/TH-RSN1629/sample/1361302/observation/0116,TH-RSN1629,RSN1629 100M US SUNBURY WEIR,-0.4133,51.3999,Thames,THAMES - WEST THAMES,Multiple Values,OPEN,FRESHWATER - RIVERS,2021-08-06T09:30:00,MONITORING  (NATIONAL AGENCY POLICY),RIVER / RUNNING SURFACE WATER,0116,"Nitrogen, Total Oxidised as N",7,MILLIGRAM PER LITRE
https://environment.data.gov.uk/water-quality/sampling-point/TH-RSN1629/sample/1361302/observation/0117,TH-RSN1629,RSN1629 100M US SUNBURY WEIR,-0.4133,51.3999,Thames,THAMES - WEST THAMES,Multiple Values,OPEN,FRESHWATER - RIVERS,2021-08-06T09:30:00,MONITORING  (NATIONAL AGENCY POLICY),RIVER / RUNNING SURFACE WATER,0117,Nitrate as N,6.98,MILLIGRAM PER LITRE
https://environment.data.gov.uk/water-quality/sampling-point/TH-RSN1629/sample/1361302/observation/0118,TH-RSN1629,RSN1629 100M US SUNBURY WEIR,-0.4133,51.3999,Thames,THAMES - WEST THAMES,Multiple Values,OPEN,FRESHWATER - RIVERS,2021-08-06T09:30:00,MONITORING  (NATIONAL AGENCY POLICY),RIVER / RUNNING SURFACE WATER,0118,Nitrite as N,0.02,MILLIGRAM PER LITRE
https://environment.data.gov.uk/water-quality/sampling-point/TH-RSN1629/sample/1361302/observation/0119,TH-RSN1629,RSN1629 100M US SUNBURY WEIR,-0.4133,51.3999,Thames,THAMES - WEST THAMES,Multiple Values,OPEN,FRESHWATER - RIVERS,2021-08-06T09:30:00,MONITORING  (NATIONAL AGENCY POLICY),RIVER / RUNNING SURFACE WATER,0119,Ammonia un-ionised as N,0.00148,MILLIGRAM PER LITRE
https://environment.data.gov.uk/water-quality/sampling-point/TH-RSN1629/sample/1361302/observation/0162,TH-RSN1629,RSN1629 100M US SUNBURY WEIR,-0.4133,51.3999,Thames,THAMES - WEST THAMES,Multiple Values,OPEN,FRESHWATER - RIVERS,2021-08-06T09:30:00,MONITORING  (NATIONAL AGENCY POLICY),RIVER / RUNNING SURFACE WATER,0162,Alkalinity to pH 4.5 as CaCO3,180,MILLIGRAM PER LITRE
https://environment.data.gov.uk/water-quality/sampling-point/TH-RSN1629/sample/1361302/observation/0172,TH-RSN1629,RSN1629 100M US SUNBURY WEIR,-0.4133,51.3999,Thames,THAMES - WEST THAMES,Multiple Values,OPEN,FRESHWATER - RIVERS,2021-08-06T09:30:00,MONITORING  (NATIONAL AGENCY POLICY),RIVER / RUNNING SURFACE WATER,0172,Chloride,48,MILLIGRAM PER LITRE
https://environment.data.gov.uk/water-quality/sampling-point/TH-RSN1629/sample/1361302/observation/0180,TH-RSN1629,RSN1629 100M US SUNBURY WEIR,-0.4133,51.3999,Thames,THAMES - WEST THAMES,Multiple Values,OPEN,FRESHWATER - RIVERS,2021-08-06T09:30:00,MONITORING  (NATIONAL AGENCY POLICY),RIVER / RUNNING SURFACE WATER,0180,"Orthophosphate, reactive as P",0.22,MILLIGRAM PER LITRE
https://environment.data.gov.uk/water-quality/sampling-point/TH-RSN1629/sample/1361302/observation/0182,TH-RSN1629,RSN1629 100M US SUNBURY WEIR,-0.4133,51.3999,Thames,THAMES - WEST THAMES,Multiple Values,OPEN,FRESHWATER - RIVERS,2021-08-06T09:30:00,MONITORING  (NATIONAL AGENCY POLICY),RIVER / RUNNING SURFACE WATER,0182,"Silica, reactive as SiO2",13,MILLIGRAM PER LITRE
https://environment.data.gov.uk/water-quality/sampling-point/TH-RSN1629/sample/1361302/observation/0301,TH-RSN1629,RSN1629 100M US SUNBURY WEIR,-0.4133,51.3999,Thames,THAMES - WEST THAMES,Multiple Values,OPEN,FRESHWATER - RIVERS,2021-08-06T09:30:00,MONITORING  (NATIONAL AGENCY POLICY),RIVER / RUNNING SURFACE WATER,0301,"Carbon, Organic, Dissolved as C :- {DOC}",4,MILLIGRAM PER LITRE
https://environment.data.gov.uk/water-quality/sampling-point/TH-RSN1629/sample/1361302/observation/0348,TH-RSN1629,RSN1629 100M US SUNBURY WEIR,-0.4133,51.3999,Thames,THAMES - WEST THAMES,Multiple Values,OPEN,FRESHWATER - RIVERS,2021-08-06T09:30:00,MONITORING  (NATIONAL AGENCY POLICY),RIVER / RUNNING SURFACE WATER,0348,"Phosphorus, Total as P",0.25,MILLIGRAM PER LITRE
https://environment.data.gov.uk/water-quality/sampling-point/TH-RSN1629/sample/1361302/observation/9686,TH-RSN1629,RSN1629 100M US SUNBURY WEIR,-0.4133,51.3999,Thames,THAMES - WEST THAMES,Multiple Values,OPEN,FRESHWATER - RIVERS,2021-08-06T09:30:00,MONITORING  (NATIONAL AGENCY POLICY),RIVER / RUNNING SURFACE WATER,9686,"Nitrogen, Total as N",7.2,MILLIGRAM PER LITRE
https://environment.data.gov.uk/water-quality/sampling-point/TH-RSN1629/sample/1361302/observation/9901,TH-RSN1629,RSN1629 100M US SUNBURY WEIR,-0.4133,51.3999,Thames,THAMES - WEST THAMES,Multiple Values,OPEN,FRESHWATER - RIVERS,2021-08-06T09:30:00,MONITORING  (NATIONAL AGENCY POLICY),RIVER / RUNNING SURFACE WATER,9901,"Oxygen, Dissolved, % Saturation",86.1,PERCENTAGE
https://environment.data.gov.uk/water-quality/sampling-point/TH-RSN1629/sample/1361302/observation/9924,TH-RSN1629,RSN1629 100M US SUNBURY WEIR,-0.4133,51.3999,Thames,THAMES - WEST THAMES,Multiple Values,OPEN,FRESHWATER - RIVERS,2021-08-06T09:30:00,MONITORING  (NATIONAL AGENCY POLICY),RIVER / RUNNING SURFACE WATER,9924,"Oxygen, Dissolved as O2",8.01,MILLIGRAM PER LITRE
https://environment.data.gov.uk/water-quality/sampling-point/TH-RSN1629/sample/1362705/observation/0061,TH-RSN1629,RSN1629 100M US SUNBURY WEIR,-0.4133,51.3999,Thames,THAMES - WEST THAMES,Multiple Values,OPEN,FRESHWATER - RIVERS,2021-09-15T12:05:00,MONITORING  (NATIONAL AGENCY POLICY),RIVER / RUNNING SURFACE WATER,0061,pH,7.95,PH UNITS
https://environment.data.gov.uk/water-quality/sampling-point/TH-RSN1629/sample/1362705/observation/0076,TH-RSN1629,RSN1629 100M US SUNBURY WEIR,-0.4133,51.3999,Thames,THAMES - WEST THAMES,Multiple Values,OPEN,FRESHWATER - RIVERS,2021-09-15T12:05:00,MONITORING  (NATIONAL AGENCY POLICY),RIVER / RUNNING SURFACE WATER,0076,Temperature of Water,18.1,CELSIUS
https://environment.data.gov.uk/water-quality/sampling-point/TH-RSN1629/sample/1362705/observation/0077,TH-RSN1629,RSN1629 100M US SUNBURY WEIR,-0.4133,51.3999,Thames,THAMES - WEST THAMES,Multiple Values,OPEN,FRESHWATER - RIVERS,2021-09-15T12:05:00,MONITORING  (NATIONAL AGENCY POLICY),RIVER / RUNNING SURFACE WATER,0077,Conductivity at 25 C,660,MICROSIEMENS PER CENTIMETRE
https://environment.data.gov.uk/water-quality/sampling-point/TH-RSN1629/sample/1362705/observation/0111,TH-RSN1629,RSN1629 100M US SUNBURY WEIR,-0.4133,51.3999,Thames,THAMES - WEST THAMES,Multiple Values,OPEN,FRESHWATER - RIVERS,2021-09-15T12:05:00,MONITORING  (NATIONAL AGENCY POLICY),RIVER / RUNNING SURFACE WATER,0111,Ammoniacal Nitrogen as N,0.082,MILLIGRAM PER LITRE
https://environment.data.gov.uk/water-quality/sampling-point/TH-RSN1629/sample/1362705/observation/0116,TH-RSN1629,RSN1629 100M US SUNBURY WEIR,-0.4133,51.3999,Thames,THAMES - WEST THAMES,Multiple Values,OPEN,FRESHWATER - RIVERS,2021-09-15T12:05:00,MONITORING  (NATIONAL AGENCY POLICY),RIVER / RUNNING SURFACE WATER,0116,"Nitrogen, Total Oxidised as N",8.1,MILLIGRAM PER LITRE
https://environment.data.gov.uk/water-quality/sampling-point/TH-RSN1629/sample/1362705/observation/0117,TH-RSN1629,RSN1629 100M US SUNBURY WEIR,-0.4133,51.3999,Thames,THAMES - WEST THAMES,Multiple Values,OPEN,FRESHWATER - RIVERS,2021-09-15T12:05:00,MONITORING  (NATIONAL AGENCY POLICY),RIVER / RUNNING SURFACE WATER,0117,Nitrate as N,8.08,MILLIGRAM PER LITRE
https://environment.data.gov.uk/water-quality/sampling-point/TH-RSN1629/sample/1362705/observation/0118,TH-RSN1629,RSN1629 100M US SUNBURY WEIR,-0.4133,51.3999,Thames,THAMES - WEST THAMES,Multiple Values,OPEN,FRESHWATER - RIVERS,2021-09-15T12:05:00,MONITORING  (NATIONAL AGENCY POLICY),RIVER / RUNNING SURFACE WATER,0118,Nitrite as N,0.025,MILLIGRAM PER LITRE
https://environment.data.gov.uk/water-quality/sampling-point/TH-RSN1629/sample/1362705/observation/0119,TH-RSN1629,RSN1629 100M US SUNBURY WEIR,-0.4133,51.3999,Thames,THAMES - WEST THAMES,Multiple Values,OPEN,FRESHWATER - RIVERS,2021-09-15T12:05:00,MONITORING  (NATIONAL AGENCY POLICY),RIVER / RUNNING SURFACE WATER,0119,Ammonia un-ionised as N,0.00241,MILLIGRAM PER LITRE
https://environment.data.gov.uk/water-quality/sampling-point/TH-RSN1629/sample/1362705/observation/0162,TH-RSN1629,RSN1629 100M US SUNBURY WEIR,-0.4133,51.3999,Thames,THAMES - WEST THAMES,Multiple Values,OPEN,FRESHWATER - RIVERS,2021-09-15T12:05:00,MONITORING  (NATIONAL AGENCY POLICY),RIVER / RUNNING SURFACE WATER,0162,Alkalinity to pH 4.5 as CaCO3,190,MILLIGRAM PER LITRE
https://environment.data.gov.uk/water-quality/sampling-point/TH-RSN1629/sample/1362705/observation/0172,TH-RSN1629,RSN1629 100M US SUNBURY WEIR,-0.4133,51.3999,Thames,THAMES - WEST THAMES,Multiple Values,OPEN,FRESHWATER - RIVERS,2021-09-15T12:05:00,MONITORING  (NATIONAL AGENCY POLICY),RIVER / RUNNING SURFACE WATER,0172,Chloride,53,MILLIGRAM PER LITRE
https://environment.data.gov.uk/water-quality/sampling-point/TH-RSN1629/sample/1362705/observation/0180,TH-RSN1629,RSN1629 100M US SUNBURY WEIR,-0.4133,51.3999,Thames,THAMES - WEST THAMES,Multiple Values,OPEN,FRESHWATER - RIVERS,2021-09-15T12:05:00,MONITORING  (NATIONAL AGENCY POLICY),RIVER / RUNNING SURFACE WATER,0180,"Orthophosphate, reactive as P",0.24,MILLIGRAM PER LITRE
https://environment.data.gov.uk/water-quality/sampling-point/TH-RSN1629/sample/1362705/observation/0182,TH-RSN1629,RSN1629 100M US SUNBURY WEIR,-0.4133,51.3999,Thames,THAMES - WEST THAMES,Multiple Values,OPEN,FRESHWATER - RIVERS,2021-09-15T12:05:00,MONITORING  (NATIONAL AGENCY POLICY),RIVER / RUNNING SURFACE WATER,0182,"Silica, reactive as SiO2",14,MILLIGRAM PER LITRE
https://environment.data.gov.uk/water-quality/sampling-point/TH-RSN1629/sample/1362705/observation/0301,TH-RSN1629,RSN1629 100M US SUNBURY WEIR,-0.4133,51.3999,Thames,THAMES - WEST THAMES,Multiple Values,OPEN,FRESHWATER - RIVERS,2021-09-15T12:05:00,MONITORING  (NATIONAL AGENCY POLICY),RIVER / RUNNING SURFACE WATER,0301,"Carbon, Organic, Dissolved as C :- {DOC}",3.6,MILLIGRAM PER LITRE
https://environment.data.gov.uk/water-quality/sampling-point/TH-RSN1629/sample/1362705/observation/0348,TH-RSN1629,RSN1629 100M US SUNBURY WEIR,-0.4133,51.3999,Thames,THAMES - WEST THAMES,Multiple Values,OPEN,FRESHWATER - RIVERS,2021-09-15T12:05:00,MONITORING  (NATIONAL AGENCY POLICY),RIVER / RUNNING SURFACE WATER,0348,"Phosphorus, Total as P",0.27,MILLIGRAM PER LITRE
https://environment.data.gov.uk/water-quality/sampling-point/TH-RSN1629/sample/1362705/observation/9686,TH-RSN1629,RSN1629 100M US SUNBURY WEIR,-0.4133,51.3999,Thames,THAMES - WEST THAMES,Multiple Values,OPEN,FRESHWATER - RIVERS,2021-09-15T12:05:00,MONITORING  (NATIONAL AGENCY POLICY),RIVER / RUNNING SURFACE WATER,9686,"Nitrogen, Total as N",8.4,MILLIGRAM PER LITRE
https://environment.data.gov.uk/water-quality/sampling-point/TH-RSN1629/sample/1362705/observation/9901,TH-RSN1629,RSN1629 100M US SUNBURY WEIR,-0.4133,51.3999,Thames,THAMES - WEST THAMES,Multiple Values,OPEN,FRESHWATER - RIVERS,2021-09-15T12:05:00,MONITORING  (NATIONAL AGENCY POLICY),RIVER / RUNNING SURFACE WATER,9901,"Oxygen, Dissolved, % Saturation",93.3,PERCENTAGE
https://environment.data.gov.uk/water-quality/sampling-point/TH-RSN1629/sample/1362705/observation/9924,TH-RSN1629,RSN1629 100M US SUNBURY WEIR,-0.4133,51.3999,Thames,THAMES - WEST THAMES,Multiple Values,OPEN,FRESHWATER - RIVERS,2021-09-15T12:05:00,MONITORING  (NATIONAL AGENCY POLICY),RIVER / RUNNING SURFACE WATER,9924,"Oxygen, Dissolved as O2",8.79,MILLIGRAM PER LITRE
https://environment.data.gov.uk/water-quality/sampling-point/TH-RSN1629/sample/1366931/observation/0061,TH-RSN1629,RSN1629 100M US SUNBURY WEIR,-0.4133,51.3999,Thames,THAMES - WEST THAMES,Multiple Values,OPEN,FRESHWATER - RIVERS,2021-09-29T12:43:00,MONITORING  (NATIONAL AGENCY POLICY),RIVER / RUNNING SURFACE WATER,0061,pH,8.09,PH UNITS
https://environment.data.gov.uk/water-quality/sampling-point/TH-RSN1629/sample/1366931/observation/0076,TH-RSN1629,RSN1629 100M US SUNBURY WEIR,-0.4133,51.3999,Thames,THAMES - WEST THAMES,Multiple Values,OPEN,FRESHWATER - RIVERS,2021-09-29T12:43:00,MONITORING  (NATIONAL AGENCY POLICY),RIVER / RUNNING SURFACE WATER,0076,Temperature of Water,15.9,CELSIUS
https://environment.data.gov.uk/water-quality/sampling-point/TH-RSN1629/sample/1366931/observation/0077,TH-RSN1629,RSN1629 100M US SUNBURY WEIR,-0.4133,51.3999,Thames,THAMES - WEST THAMES,Multiple Values,OPEN,FRESHWATER - RIVERS,2021-09-29T12:43:00,MONITORING  (NATIONAL AGENCY POLICY),RIVER / RUNNING SURFACE WATER,0077,Conductivity at 25 C,669,MICROSIEMENS PER CENTIMETRE
https://environment.data.gov.uk/water-quality/sampling-point/TH-RSN1629/sample/1366931/observation/0111,TH-RSN1629,RSN1629 100M US SUNBURY WEIR,-0.4133,51.3999,Thames,THAMES - WEST THAMES,Multiple Values,OPEN,FRESHWATER - RIVERS,2021-09-29T12:43:00,MONITORING  (NATIONAL AGENCY POLICY),RIVER / RUNNING SURFACE WATER,0111,Ammoniacal Nitrogen as N,0.035,MILLIGRAM PER LITRE
https://environment.data.gov.uk/water-quality/sampling-point/TH-RSN1629/sample/1366931/observation/0116,TH-RSN1629,RSN1629 100M US SUNBURY WEIR,-0.4133,51.3999,Thames,THAMES - WEST THAMES,Multiple Values,OPEN,FRESHWATER - RIVERS,2021-09-29T12:43:00,MONITORING  (NATIONAL AGENCY POLICY),RIVER / RUNNING SURFACE WATER,0116,"Nitrogen, Total Oxidised as N",8.1,MILLIGRAM PER LITRE
https://environment.data.gov.uk/water-quality/sampling-point/TH-RSN1629/sample/1366931/observation/0117,TH-RSN1629,RSN1629 100M US SUNBURY WEIR,-0.4133,51.3999,Thames,THAMES - WEST THAMES,Multiple Values,OPEN,FRESHWATER - RIVERS,2021-09-29T12:43:00,MONITORING  (NATIONAL AGENCY POLICY),RIVER / RUNNING SURFACE WATER,0117,Nitrate as N,8.08,MILLIGRAM PER LITRE
https://environment.data.gov.uk/water-quality/sampling-point/TH-RSN1629/sample/1366931/observation/0118,TH-RSN1629,RSN1629 100M US SUNBURY WEIR,-0.4133,51.3999,Thames,THAMES - WEST THAMES,Multiple Values,OPEN,FRESHWATER - RIVERS,2021-09-29T12:43:00,MONITORING  (NATIONAL AGENCY POLICY),RIVER / RUNNING SURFACE WATER,0118,Nitrite as N,0.025,MILLIGRAM PER LITRE
https://environment.data.gov.uk/water-quality/sampling-point/TH-RSN1629/sample/1366931/observation/0119,TH-RSN1629,RSN1629 100M US SUNBURY WEIR,-0.4133,51.3999,Thames,THAMES - WEST THAMES,Multiple Values,OPEN,FRESHWATER - RIVERS,2021-09-29T12:43:00,MONITORING  (NATIONAL AGENCY POLICY),RIVER / RUNNING SURFACE WATER,0119,Ammonia un-ionised as N,0.00098,MILLIGRAM PER LITRE
https://environment.data.gov.uk/water-quality/sampling-point/TH-RSN1629/sample/1366931/observation/0162,TH-RSN1629,RSN1629 100M US SUNBURY WEIR,-0.4133,51.3999,Thames,THAMES - WEST THAMES,Multiple Values,OPEN,FRESHWATER - RIVERS,2021-09-29T12:43:00,MONITORING  (NATIONAL AGENCY POLICY),RIVER / RUNNING SURFACE WATER,0162,Alkalinity to pH 4.5 as CaCO3,190,MILLIGRAM PER LITRE
https://environment.data.gov.uk/water-quality/sampling-point/TH-RSN1629/sample/1366931/observation/0172,TH-RSN1629,RSN1629 100M US SUNBURY WEIR,-0.4133,51.3999,Thames,THAMES - WEST THAMES,Multiple Values,OPEN,FRESHWATER - RIVERS,2021-09-29T12:43:00,MONITORING  (NATIONAL AGENCY POLICY),RIVER / RUNNING SURFACE WATER,0172,Chloride,53,MILLIGRAM PER LITRE
https://environment.data.gov.uk/water-quality/sampling-point/TH-RSN1629/sample/1366931/observation/0180,TH-RSN1629,RSN1629 100M US SUNBURY WEIR,-0.4133,51.3999,Thames,THAMES - WEST THAMES,Multiple Values,OPEN,FRESHWATER - RIVERS,2021-09-29T12:43:00,MONITORING  (NATIONAL AGENCY POLICY),RIVER / RUNNING SURFACE WATER,0180,"Orthophosphate, reactive as P",0.24,MILLIGRAM PER LITRE
https://environment.data.gov.uk/water-quality/sampling-point/TH-RSN1629/sample/1366931/observation/0182,TH-RSN1629,RSN1629 100M US SUNBURY WEIR,-0.4133,51.3999,Thames,THAMES - WEST THAMES,Multiple Values,OPEN,FRESHWATER - RIVERS,2021-09-29T12:43:00,MONITORING  (NATIONAL AGENCY POLICY),RIVER / RUNNING SURFACE WATER,0182,"Silica, reactive as SiO2",14,MILLIGRAM PER LITRE
https://environment.data.gov.uk/water-quality/sampling-point/TH-RSN1629/sample/1366931/observation/0301,TH-RSN1629,RSN1629 100M US SUNBURY WEIR,-0.4133,51.3999,Thames,THAMES - WEST THAMES,Multiple Values,OPEN,FRESHWATER - RIVERS,2021-09-29T12:43:00,MONITORING  (NATIONAL AGENCY POLICY),RIVER / RUNNING SURFACE WATER,0301,"Carbon, Organic, Dissolved as C :- {DOC}",3.5,MILLIGRAM PER LITRE
https://environment.data.gov.uk/water-quality/sampling-point/TH-RSN1629/sample/1366931/observation/0348,TH-RSN1629,RSN1629 100M US SUNBURY WEIR,-0.4133,51.3999,Thames,THAMES - WEST THAMES,Multiple Values,OPEN,FRESHWATER - RIVERS,2021-09-29T12:43:00,MONITORING  (NATIONAL AGENCY POLICY),RIVER / RUNNING SURFACE WATER,0348,"Phosphorus, Total as P",0.32,MILLIGRAM PER LITRE
https://environment.data.gov.uk/water-quality/sampling-point/TH-RSN1629/sample/1366931/observation/9686,TH-RSN1629,RSN1629 100M US SUNBURY WEIR,-0.4133,51.3999,Thames,THAMES - WEST THAMES,Multiple Values,OPEN,FRESHWATER - RIVERS,2021-09-29T12:43:00,MONITORING  (NATIONAL AGENCY POLICY),RIVER / RUNNING SURFACE WATER,9686,"Nitrogen, Total as N",9.7,MILLIGRAM PER LITRE
https://environment.data.gov.uk/water-quality/sampling-point/TH-RSN1629/sample/1366931/observation/9901,TH-RSN1629,RSN1629 100M US SUNBURY WEIR,-0.4133,51.3999,Thames,THAMES - WEST THAMES,Multiple Values,OPEN,FRESHWATER - RIVERS,2021-09-29T12:43:00,MONITORING  (NATIONAL AGENCY POLICY),RIVER / RUNNING SURFACE WATER,9901,"Oxygen, Dissolved, % Saturation",89.4,PERCENTAGE
https://environment.data.gov.uk/water-quality/sampling-point/TH-RSN1629/sample/1366931/observation/9924,TH-RSN1629,RSN1629 100M US SUNBURY WEIR,-0.4133,51.3999,Thames,THAMES - WEST THAMES,Multiple Values,OPEN,FRESHWATER - RIVERS,2021-09-29T12:43:00,MONITORING  (NATIONAL AGENCY POLICY),RIVER / RUNNING SURFACE WATER,9924,"Oxygen, Dissolved as O2",8.82,MILLIGRAM PER LITRE
https://environment.data.gov.uk/water-quality/sampling-point/TH-RSN1629/sample/1367757/observation/0061,TH-RSN1629,RSN1629 100M US SUNBURY WEIR,-0.4133,51.3999,Thames,THAMES - WEST THAMES,Multiple Values,OPEN,FRESHWATER - RIVERS,2021-10-20T11:11:00,MONITORING  (NATIONAL AGENCY POLICY),RIVER / RUNNING SURFACE WATER,0061,pH,7.31,PH UNITS
https://environment.data.gov.uk/water-quality/sampling-point/TH-RSN1629/sample/1367757/observation/0076,TH-RSN1629,RSN1629 100M US SUNBURY WEIR,-0.4133,51.3999,Thames,THAMES - WEST THAMES,Multiple Values,OPEN,FRESHWATER - RIVERS,2021-10-20T11:11:00,MONITORING  (NATIONAL AGENCY POLICY),RIVER / RUNNING SURFACE WATER,0076,Temperature of Water,14.4,CELSIUS
https://environment.data.gov.uk/water-quality/sampling-point/TH-RSN1629/sample/1367757/observation/0077,TH-RSN1629,RSN1629 100M US SUNBURY WEIR,-0.4133,51.3999,Thames,THAMES - WEST THAMES,Multiple Values,OPEN,FRESHWATER - RIVERS,2021-10-20T11:11:00,MONITORING  (NATIONAL AGENCY POLICY),RIVER / RUNNING SURFACE WATER,0077,Conductivity at 25 C,644,MICROSIEMENS PER CENTIMETRE
https://environment.data.gov.uk/water-quality/sampling-point/TH-RSN1629/sample/1367757/observation/0111,TH-RSN1629,RSN1629 100M US SUNBURY WEIR,-0.4133,51.3999,Thames,THAMES - WEST THAMES,Multiple Values,OPEN,FRESHWATER - RIVERS,2021-10-20T11:11:00,MONITORING  (NATIONAL AGENCY POLICY),RIVER / RUNNING SURFACE WATER,0111,Ammoniacal Nitrogen as N,0.047,MILLIGRAM PER LITRE
https://environment.data.gov.uk/water-quality/sampling-point/TH-RSN1629/sample/1367757/observation/0116,TH-RSN1629,RSN1629 100M US SUNBURY WEIR,-0.4133,51.3999,Thames,THAMES - WEST THAMES,Multiple Values,OPEN,FRESHWATER - RIVERS,2021-10-20T11:11:00,MONITORING  (NATIONAL AGENCY POLICY),RIVER / RUNNING SURFACE WATER,0116,"Nitrogen, Total Oxidised as N",7.7,MILLIGRAM PER LITRE
https://environment.data.gov.uk/water-quality/sampling-point/TH-RSN1629/sample/1367757/observation/0117,TH-RSN1629,RSN1629 100M US SUNBURY WEIR,-0.4133,51.3999,Thames,THAMES - WEST THAMES,Multiple Values,OPEN,FRESHWATER - RIVERS,2021-10-20T11:11:00,MONITORING  (NATIONAL AGENCY POLICY),RIVER / RUNNING SURFACE WATER,0117,Nitrate as N,7.67,MILLIGRAM PER LITRE
https://environment.data.gov.uk/water-quality/sampling-point/TH-RSN1629/sample/1367757/observation/0118,TH-RSN1629,RSN1629 100M US SUNBURY WEIR,-0.4133,51.3999,Thames,THAMES - WEST THAMES,Multiple Values,OPEN,FRESHWATER - RIVERS,2021-10-20T11:11:00,MONITORING  (NATIONAL AGENCY POLICY),RIVER / RUNNING SURFACE WATER,0118,Nitrite as N,0.031,MILLIGRAM PER LITRE
https://environment.data.gov.uk/water-quality/sampling-point/TH-RSN1629/sample/1367757/observation/0119,TH-RSN1629,RSN1629 100M US SUNBURY WEIR,-0.4133,51.3999,Thames,THAMES - WEST THAMES,Multiple Values,OPEN,FRESHWATER - RIVERS,2021-10-20T11:11:00,MONITORING  (NATIONAL AGENCY POLICY),RIVER / RUNNING SURFACE WATER,0119,Ammonia un-ionised as N,0.00025,MILLIGRAM PER LITRE
https://environment.data.gov.uk/water-quality/sampling-point/TH-RSN1629/sample/1367757/observation/0162,TH-RSN1629,RSN1629 100M US SUNBURY WEIR,-0.4133,51.3999,Thames,THAMES - WEST THAMES,Multiple Values,OPEN,FRESHWATER - RIVERS,2021-10-20T11:11:00,MONITORING  (NATIONAL AGENCY POLICY),RIVER / RUNNING SURFACE WATER,0162,Alkalinity to pH 4.5 as CaCO3,170,MILLIGRAM PER LITRE
https://environment.data.gov.uk/water-quality/sampling-point/TH-RSN1629/sample/1367757/observation/0172,TH-RSN1629,RSN1629 100M US SUNBURY WEIR,-0.4133,51.3999,Thames,THAMES - WEST THAMES,Multiple Values,OPEN,FRESHWATER - RIVERS,2021-10-20T11:11:00,MONITORING  (NATIONAL AGENCY POLICY),RIVER / RUNNING SURFACE WATER,0172,Chloride,52,MILLIGRAM PER LITRE
https://environment.data.gov.uk/water-quality/sampling-point/TH-RSN1629/sample/1367757/observation/0180,TH-RSN1629,RSN1629 100M US SUNBURY WEIR,-0.4133,51.3999,Thames,THAMES - WEST THAMES,Multiple Values,OPEN,FRESHWATER - RIVERS,2021-10-20T11:11:00,MONITORING  (NATIONAL AGENCY POLICY),RIVER / RUNNING SURFACE WATER,0180,"Orthophosphate, reactive as P",0.23,MILLIGRAM PER LITRE
https://environment.data.gov.uk/water-quality/sampling-point/TH-RSN1629/sample/1367757/observation/0182,TH-RSN1629,RSN1629 100M US SUNBURY WEIR,-0.4133,51.3999,Thames,THAMES - WEST THAMES,Multiple Values,OPEN,FRESHWATER - RIVERS,2021-10-20T11:11:00,MONITORING  (NATIONAL AGENCY POLICY),RIVER / RUNNING SURFACE WATER,0182,"Silica, reactive as SiO2",15,MILLIGRAM PER LITRE
https://environment.data.gov.uk/water-quality/sampling-point/TH-RSN1629/sample/1367757/observation/0301,TH-RSN1629,RSN1629 100M US SUNBURY WEIR,-0.4133,51.3999,Thames,THAMES - WEST THAMES,Multiple Values,OPEN,FRESHWATER - RIVERS,2021-10-20T11:11:00,MONITORING  (NATIONAL AGENCY POLICY),RIVER / RUNNING SURFACE WATER,0301,"Carbon, Organic, Dissolved as C :- {DOC}",4.4,MILLIGRAM PER LITRE
https://environment.data.gov.uk/water-quality/sampling-point/TH-RSN1629/sample/1367757/observation/0348,TH-RSN1629,RSN1629 100M US SUNBURY WEIR,-0.4133,51.3999,Thames,THAMES - WEST THAMES,Multiple Values,OPEN,FRESHWATER - RIVERS,2021-10-20T11:11:00,MONITORING  (NATIONAL AGENCY POLICY),RIVER / RUNNING SURFACE WATER,0348,"Phosphorus, Total as P",0.27,MILLIGRAM PER LITRE
https://environment.data.gov.uk/water-quality/sampling-point/TH-RSN1629/sample/1367757/observation/9686,TH-RSN1629,RSN1629 100M US SUNBURY WEIR,-0.4133,51.3999,Thames,THAMES - WEST THAMES,Multiple Values,OPEN,FRESHWATER - RIVERS,2021-10-20T11:11:00,MONITORING  (NATIONAL AGENCY POLICY),RIVER / RUNNING SURFACE WATER,9686,"Nitrogen, Total as N",9.1,MILLIGRAM PER LITRE
https://environment.data.gov.uk/water-quality/sampling-point/TH-RSN1629/sample/1367757/observation/9901,TH-RSN1629,RSN1629 100M US SUNBURY WEIR,-0.4133,51.3999,Thames,THAMES - WEST THAMES,Multiple Values,OPEN,FRESHWATER - RIVERS,2021-10-20T11:11:00,MONITORING  (NATIONAL AGENCY POLICY),RIVER / RUNNING SURFACE WATER,9901,"Oxygen, Dissolved, % Saturation",87.6,PERCENTAGE
https://environment.data.gov.uk/water-quality/sampling-point/TH-RSN1629/sample/1367757/observation/9924,TH-RSN1629,RSN1629 100M US SUNBURY WEIR,-0.4133,51.3999,Thames,THAMES - WEST THAMES,Multiple Values,OPEN,FRESHWATER - RIVERS,2021-10-20T11:11:00,MONITORING  (NATIONAL AGENCY POLICY),RIVER / RUNNING SURFACE WATER,9924,"Oxygen, Dissolved as O2",8.92,MILLIGRAM PER LITRE
https://environment.data.gov.uk/water-quality/sampling-point/TH-RSN1629/sample/1368264/observation/0061,TH-RSN1629,RSN1629 100M US SUNBURY WEIR,-0.4133,51.3999,Thames,THAMES - WEST THAMES,Multiple Values,OPEN,FRESHWATER - RIVERS,2021-11-10T14:12:00,MONITORING  (NATIONAL AGENCY POLICY),RIVER / RUNNING SURFACE WATER,0061,pH,7.97,PH UNITS
https://environment.data.gov.uk/water-quality/sampling-point/TH-RSN1629/sample/1368264/observation/0076,TH-RSN1629,RSN1629 100M US SUNBURY WEIR,-0.4133,51.3999,Thames,THAMES - WEST THAMES,Multiple Values,OPEN,FRESHWATER - RIVERS,2021-11-10T14:12:00,MONITORING  (NATIONAL AGENCY POLICY),RIVER / RUNNING SURFACE WATER,0076,Temperature of Water,11.2,CELSIUS
https://environment.data.gov.uk/water-quality/sampling-point/TH-RSN1629/sample/1368264/observation/0077,TH-RSN1629,RSN1629 100M US SUNBURY WEIR,-0.4133,51.3999,Thames,THAMES - WEST THAMES,Multiple Values,OPEN,FRESHWATER - RIVERS,2021-11-10T14:12:00,MONITORING  (NATIONAL AGENCY POLICY),RIVER / RUNNING SURFACE WATER,0077,Conductivity at 25 C,698,MICROSIEMENS PER CENTIMETRE
https://environment.data.gov.uk/water-quality/sampling-point/TH-RSN1629/sample/1368264/observation/0111,TH-RSN1629,RSN1629 100M US SUNBURY WEIR,-0.4133,51.3999,Thames,THAMES - WEST THAMES,Multiple Values,OPEN,FRESHWATER - RIVERS,2021-11-10T14:12:00,MONITORING  (NATIONAL AGENCY POLICY),RIVER / RUNNING SURFACE WATER,0111,Ammoniacal Nitrogen as N,0.062,MILLIGRAM PER LITRE
https://environment.data.gov.uk/water-quality/sampling-point/TH-RSN1629/sample/1368264/observation/0116,TH-RSN1629,RSN1629 100M US SUNBURY WEIR,-0.4133,51.3999,Thames,THAMES - WEST THAMES,Multiple Values,OPEN,FRESHWATER - RIVERS,2021-11-10T14:12:00,MONITORING  (NATIONAL AGENCY POLICY),RIVER / RUNNING SURFACE WATER,0116,"Nitrogen, Total Oxidised as N",7.1,MILLIGRAM PER LITRE
https://environment.data.gov.uk/water-quality/sampling-point/TH-RSN1629/sample/1368264/observation/0117,TH-RSN1629,RSN1629 100M US SUNBURY WEIR,-0.4133,51.3999,Thames,THAMES - WEST THAMES,Multiple Values,OPEN,FRESHWATER - RIVERS,2021-11-10T14:12:00,MONITORING  (NATIONAL AGENCY POLICY),RIVER / RUNNING SURFACE WATER,0117,Nitrate as N,7.07,MILLIGRAM PER LITRE
https://environment.data.gov.uk/water-quality/sampling-point/TH-RSN1629/sample/1368264/observation/0118,TH-RSN1629,RSN1629 100M US SUNBURY WEIR,-0.4133,51.3999,Thames,THAMES - WEST THAMES,Multiple Values,OPEN,FRESHWATER - RIVERS,2021-11-10T14:12:00,MONITORING  (NATIONAL AGENCY POLICY),RIVER / RUNNING SURFACE WATER,0118,Nitrite as N,0.033,MILLIGRAM PER LITRE
https://environment.data.gov.uk/water-quality/sampling-point/TH-RSN1629/sample/1368264/observation/0119,TH-RSN1629,RSN1629 100M US SUNBURY WEIR,-0.4133,51.3999,Thames,THAMES - WEST THAMES,Multiple Values,OPEN,FRESHWATER - RIVERS,2021-11-10T14:12:00,MONITORING  (NATIONAL AGENCY POLICY),RIVER / RUNNING SURFACE WATER,0119,Ammonia un-ionised as N,0.00115,MILLIGRAM PER LITRE
https://environment.data.gov.uk/water-quality/sampling-point/TH-RSN1629/sample/1368264/observation/0162,TH-RSN1629,RSN1629 100M US SUNBURY WEIR,-0.4133,51.3999,Thames,THAMES - WEST THAMES,Multiple Values,OPEN,FRESHWATER - RIVERS,2021-11-10T14:12:00,MONITORING  (NATIONAL AGENCY POLICY),RIVER / RUNNING SURFACE WATER,0162,Alkalinity to pH 4.5 as CaCO3,170,MILLIGRAM PER LITRE
https://environment.data.gov.uk/water-quality/sampling-point/TH-RSN1629/sample/1368264/observation/0172,TH-RSN1629,RSN1629 100M US SUNBURY WEIR,-0.4133,51.3999,Thames,THAMES - WEST THAMES,Multiple Values,OPEN,FRESHWATER - RIVERS,2021-11-10T14:12:00,MONITORING  (NATIONAL AGENCY POLICY),RIVER / RUNNING SURFACE WATER,0172,Chloride,41,MILLIGRAM PER LITRE
https://environment.data.gov.uk/water-quality/sampling-point/TH-RSN1629/sample/1368264/observation/0180,TH-RSN1629,RSN1629 100M US SUNBURY WEIR,-0.4133,51.3999,Thames,THAMES - WEST THAMES,Multiple Values,OPEN,FRESHWATER - RIVERS,2021-11-10T14:12:00,MONITORING  (NATIONAL AGENCY POLICY),RIVER / RUNNING SURFACE WATER,0180,"Orthophosphate, reactive as P",0.2,MILLIGRAM PER LITRE
https://environment.data.gov.uk/water-quality/sampling-point/TH-RSN1629/sample/1368264/observation/0182,TH-RSN1629,RSN1629 100M US SUNBURY WEIR,-0.4133,51.3999,Thames,THAMES - WEST THAMES,Multiple Values,OPEN,FRESHWATER - RIVERS,2021-11-10T14:12:00,MONITORING  (NATIONAL AGENCY POLICY),RIVER / RUNNING SURFACE WATER,0182,"Silica, reactive as SiO2",14,MILLIGRAM PER LITRE
https://environment.data.gov.uk/water-quality/sampling-point/TH-RSN1629/sample/1368264/observation/0301,TH-RSN1629,RSN1629 100M US SUNBURY WEIR,-0.4133,51.3999,Thames,THAMES - WEST THAMES,Multiple Values,OPEN,FRESHWATER - RIVERS,2021-11-10T14:12:00,MONITORING  (NATIONAL AGENCY POLICY),RIVER / RUNNING SURFACE WATER,0301,"Carbon, Organic, Dissolved as C :- {DOC}",5.5,MILLIGRAM PER LITRE
https://environment.data.gov.uk/water-quality/sampling-point/TH-RSN1629/sample/1368264/observation/0348,TH-RSN1629,RSN1629 100M US SUNBURY WEIR,-0.4133,51.3999,Thames,THAMES - WEST THAMES,Multiple Values,OPEN,FRESHWATER - RIVERS,2021-11-10T14:12:00,MONITORING  (NATIONAL AGENCY POLICY),RIVER / RUNNING SURFACE WATER,0348,"Phosphorus, Total as P",0.23,MILLIGRAM PER LITRE
https://environment.data.gov.uk/water-quality/sampling-point/TH-RSN1629/sample/1368264/observation/9686,TH-RSN1629,RSN1629 100M US SUNBURY WEIR,-0.4133,51.3999,Thames,THAMES - WEST THAMES,Multiple Values,OPEN,FRESHWATER - RIVERS,2021-11-10T14:12:00,MONITORING  (NATIONAL AGENCY POLICY),RIVER / RUNNING SURFACE WATER,9686,"Nitrogen, Total as N",7.8,MILLIGRAM PER LITRE
https://environment.data.gov.uk/water-quality/sampling-point/TH-RSN1629/sample/1368264/observation/9901,TH-RSN1629,RSN1629 100M US SUNBURY WEIR,-0.4133,51.3999,Thames,THAMES - WEST THAMES,Multiple Values,OPEN,FRESHWATER - RIVERS,2021-11-10T14:12:00,MONITORING  (NATIONAL AGENCY POLICY),RIVER / RUNNING SURFACE WATER,9901,"Oxygen, Dissolved, % Saturation",98.1,PERCENTAGE
https://environment.data.gov.uk/water-quality/sampling-point/TH-RSN1629/sample/1368264/observation/9924,TH-RSN1629,RSN1629 100M US SUNBURY WEIR,-0.4133,51.3999,Thames,THAMES - WEST THAMES,Multiple Values,OPEN,FRESHWATER - RIVERS,2021-11-10T14:12:00,MONITORING  (NATIONAL AGENCY POLICY),RIVER / RUNNING SURFACE WATER,9924,"Oxygen, Dissolved as O2",10.7,MILLIGRAM PER LITRE
https://environment.data.gov.uk/water-quality/sampling-point/TH-RSN1629/sample/1369435/observation/0061,TH-RSN1629,RSN1629 100M US SUNBURY WEIR,-0.4133,51.3999,Thames,THAMES - WEST THAMES,Multiple Values,OPEN,FRESHWATER - RIVERS,2021-12-02T12:07:00,MONITORING  (NATIONAL AGENCY POLICY),RIVER / RUNNING SURFACE WATER,0061,pH,8.23,PH UNITS
https://environment.data.gov.uk/water-quality/sampling-point/TH-RSN1629/sample/1369435/observation/0076,TH-RSN1629,RSN1629 100M US SUNBURY WEIR,-0.4133,51.3999,Thames,THAMES - WEST THAMES,Multiple Values,OPEN,FRESHWATER - RIVERS,2021-12-02T12:07:00,MONITORING  (NATIONAL AGENCY POLICY),RIVER / RUNNING SURFACE WATER,0076,Temperature of Water,6.1,CELSIUS
https://environment.data.gov.uk/water-quality/sampling-point/TH-RSN1629/sample/1369435/observation/0077,TH-RSN1629,RSN1629 100M US SUNBURY WEIR,-0.4133,51.3999,Thames,THAMES - WEST THAMES,Multiple Values,OPEN,FRESHWATER - RIVERS,2021-12-02T12:07:00,MONITORING  (NATIONAL AGENCY POLICY),RIVER / RUNNING SURFACE WATER,0077,Conductivity at 25 C,694,MICROSIEMENS PER CENTIMETRE
https://environment.data.gov.uk/water-quality/sampling-point/TH-RSN1629/sample/1369435/observation/0111,TH-RSN1629,RSN1629 100M US SUNBURY WEIR,-0.4133,51.3999,Thames,THAMES - WEST THAMES,Multiple Values,OPEN,FRESHWATER - RIVERS,2021-12-02T12:07:00,MONITORING  (NATIONAL AGENCY POLICY),RIVER / RUNNING SURFACE WATER,0111,Ammoniacal Nitrogen as N,0.072,MILLIGRAM PER LITRE
https://environment.data.gov.uk/water-quality/sampling-point/TH-RSN1629/sample/1369435/observation/0116,TH-RSN1629,RSN1629 100M US SUNBURY WEIR,-0.4133,51.3999,Thames,THAMES - WEST THAMES,Multiple Values,OPEN,FRESHWATER - RIVERS,2021-12-02T12:07:00,MONITORING  (NATIONAL AGENCY POLICY),RIVER / RUNNING SURFACE WATER,0116,"Nitrogen, Total Oxidised as N",8.7,MILLIGRAM PER LITRE
https://environment.data.gov.uk/water-quality/sampling-point/TH-RSN1629/sample/1369435/observation/0117,TH-RSN1629,RSN1629 100M US SUNBURY WEIR,-0.4133,51.3999,Thames,THAMES - WEST THAMES,Multiple Values,OPEN,FRESHWATER - RIVERS,2021-12-02T12:07:00,MONITORING  (NATIONAL AGENCY POLICY),RIVER / RUNNING SURFACE WATER,0117,Nitrate as N,8.66,MILLIGRAM PER LITRE
https://environment.data.gov.uk/water-quality/sampling-point/TH-RSN1629/sample/1369435/observation/0118,TH-RSN1629,RSN1629 100M US SUNBURY WEIR,-0.4133,51.3999,Thames,THAMES - WEST THAMES,Multiple Values,OPEN,FRESHWATER - RIVERS,2021-12-02T12:07:00,MONITORING  (NATIONAL AGENCY POLICY),RIVER / RUNNING SURFACE WATER,0118,Nitrite as N,0.044,MILLIGRAM PER LITRE
https://environment.data.gov.uk/water-quality/sampling-point/TH-RSN1629/sample/1369435/observation/0119,TH-RSN1629,RSN1629 100M US SUNBURY WEIR,-0.4133,51.3999,Thames,THAMES - WEST THAMES,Multiple Values,OPEN,FRESHWATER - RIVERS,2021-12-02T12:07:00,MONITORING  (NATIONAL AGENCY POLICY),RIVER / RUNNING SURFACE WATER,0119,Ammonia un-ionised as N,0.00099,MILLIGRAM PER LITRE
https://environment.data.gov.uk/water-quality/sampling-point/TH-RSN1629/sample/1369435/observation/0162,TH-RSN1629,RSN1629 100M US SUNBURY WEIR,-0.4133,51.3999,Thames,THAMES - WEST THAMES,Multiple Values,OPEN,FRESHWATER - RIVERS,2021-12-02T12:07:00,MONITORING  (NATIONAL AGENCY POLICY),RIVER / RUNNING SURFACE WATER,0162,Alkalinity to pH 4.5 as CaCO3,200,MILLIGRAM PER LITRE
https://environment.data.gov.uk/water-quality/sampling-point/TH-RSN1629/sample/1369435/observation/0172,TH-RSN1629,RSN1629 100M US SUNBURY WEIR,-0.4133,51.3999,Thames,THAMES - WEST THAMES,Multiple Values,OPEN,FRESHWATER - RIVERS,2021-12-02T12:07:00,MONITORING  (NATIONAL AGENCY POLICY),RIVER / RUNNING SURFACE WATER,0172,Chloride,51,MILLIGRAM PER LITRE
https://environment.data.gov.uk/water-quality/sampling-point/TH-RSN1629/sample/1369435/observation/0180,TH-RSN1629,RSN1629 100M US SUNBURY WEIR,-0.4133,51.3999,Thames,THAMES - WEST THAMES,Multiple Values,OPEN,FRESHWATER - RIVERS,2021-12-02T12:07:00,MONITORING  (NATIONAL AGENCY POLICY),RIVER / RUNNING SURFACE WATER,0180,"Orthophosphate, reactive as P",0.21,MILLIGRAM PER LITRE
https://environment.data.gov.uk/water-quality/sampling-point/TH-RSN1629/sample/1369435/observation/0182,TH-RSN1629,RSN1629 100M US SUNBURY WEIR,-0.4133,51.3999,Thames,THAMES - WEST THAMES,Multiple Values,OPEN,FRESHWATER - RIVERS,2021-12-02T12:07:00,MONITORING  (NATIONAL AGENCY POLICY),RIVER / RUNNING SURFACE WATER,0182,"Silica, reactive as SiO2",15,MILLIGRAM PER LITRE
https://environment.data.gov.uk/water-quality/sampling-point/TH-RSN1629/sample/1369435/observation/0301,TH-RSN1629,RSN1629 100M US SUNBURY WEIR,-0.4133,51.3999,Thames,THAMES - WEST THAMES,Multiple Values,OPEN,FRESHWATER - RIVERS,2021-12-02T12:07:00,MONITORING  (NATIONAL AGENCY POLICY),RIVER / RUNNING SURFACE WATER,0301,"Carbon, Organic, Dissolved as C :- {DOC}",3.7,MILLIGRAM PER LITRE
https://environment.data.gov.uk/water-quality/sampling-point/TH-RSN1629/sample/1369435/observation/0348,TH-RSN1629,RSN1629 100M US SUNBURY WEIR,-0.4133,51.3999,Thames,THAMES - WEST THAMES,Multiple Values,OPEN,FRESHWATER - RIVERS,2021-12-02T12:07:00,MONITORING  (NATIONAL AGENCY POLICY),RIVER / RUNNING SURFACE WATER,0348,"Phosphorus, Total as P",0.23,MILLIGRAM PER LITRE
https://environment.data.gov.uk/water-quality/sampling-point/TH-RSN1629/sample/1369435/observation/9686,TH-RSN1629,RSN1629 100M US SUNBURY WEIR,-0.4133,51.3999,Thames,THAMES - WEST THAMES,Multiple Values,OPEN,FRESHWATER - RIVERS,2021-12-02T12:07:00,MONITORING  (NATIONAL AGENCY POLICY),RIVER / RUNNING SURFACE WATER,9686,"Nitrogen, Total as N",9.2,MILLIGRAM PER LITRE
https://environment.data.gov.uk/water-quality/sampling-point/TH-RSN1629/sample/1369435/observation/9901,TH-RSN1629,RSN1629 100M US SUNBURY WEIR,-0.4133,51.3999,Thames,THAMES - WEST THAMES,Multiple Values,OPEN,FRESHWATER - RIVERS,2021-12-02T12:07:00,MONITORING  (NATIONAL AGENCY POLICY),RIVER / RUNNING SURFACE WATER,9901,"Oxygen, Dissolved, % Saturation",95.5,PERCENTAGE
https://environment.data.gov.uk/water-quality/sampling-point/TH-RSN1629/sample/1369435/observation/9924,TH-RSN1629,RSN1629 100M US SUNBURY WEIR,-0.4133,51.3999,Thames,THAMES - WEST THAMES,Multiple Values,OPEN,FRESHWATER - RIVERS,2021-12-02T12:07:00,MONITORING  (NATIONAL AGENCY POLICY),RIVER / RUNNING SURFACE WATER,9924,"Oxygen, Dissolved as O2",11.8,MILLIGRAM PER LITRE
