id,samplingPoint.notation,samplingPoint.prefLabel,samplingPoint.longitude,samplingPoint.latitude,samplingPoint.region,samplingPoint.area,samplingPoint.subArea,samplingPoint.samplingPointStatus,samplingPoint.samplingPointType,phenomenonTime,sourceYear,samplingPurpose,sampleMaterialType,determinand.notation,determinand.prefLabel,result,unit
https://environment.data.gov.uk/water-quality/sampling-point/TH-PRTS0046/sample/1423375/observation/0061,TH-PRTS0046,R. THAMES U/S OF THE RUNNYMEDE CHANNEL INTAKE,-0.5101,51.4227,Thames,THAMES - WEST THAMES,Multiple Values,OPEN,FRESHWATER - RIVERS,2025-01-30T10:17:00,2025,MONITORING  (NATIONAL AGENCY POLICY),RIVER / RUNNING SURFACE WATER,61,pH,8.07,PH UNITS
https://environment.data.gov.uk/water-quality/sampling-point/TH-PRTS0046/sample/1423375/observation/0076,TH-PRTS0046,R. THAMES U/S OF THE RUNNYMEDE CHANNEL INTAKE,-0.5101,51.4227,Thames,THAMES - WEST THAMES,Multiple Values,OPEN,FRESHWATER - RIVERS,2025-01-30T10:17:00,2025,MONITORING  (NATIONAL AGENCY POLICY),RIVER / RUNNING SURFACE WATER,76,Temperature of Water,6.2,CELSIUS
https://environment.data.gov.uk/water-quality/sampling-point/TH-PRTS0046/sample/1423375/observation/0077,TH-PRTS0046,R. THAMES U/S OF THE RUNNYMEDE CHANNEL INTAKE,-0.5101,51.4227,Thames,THAMES - WEST THAMES,Multiple Values,OPEN,FRESHWATER - RIVERS,2025-01-30T10:17:00,2025,MONITORING  (NATIONAL AGENCY POLICY),RIVER / RUNNING SURFACE WATER,77,Conductivity at 25 C,516,MICROSIEMENS PER CENTIMETRE
https://environment.data.gov.uk/water-quality/sampling-point/TH-PRTS0046/sample/1423375/observation/0085,TH-PRTS0046,R. THAMES U/S OF THE RUNNYMEDE CHANNEL INTAKE,-0.5101,51.4227,Thames,THAMES - WEST THAMES,Multiple Values,OPEN,FRESHWATER - RIVERS,2025-01-30T10:17:00,2025,MONITORING  (NATIONAL AGENCY POLICY),RIVER / RUNNING SURFACE WATER,85,BOD : 5 Day ATU,1.9,MILLIGRAM PER LITRE
https://environment.data.gov.uk/water-quality/sampling-point/TH-PRTS0046/sample/1423375/observation/0111,TH-PRTS0046,R. THAMES U/S OF THE RUNNYMEDE CHANNEL INTAKE,-0.5101,51.4227,Thames,THAMES - WEST THAMES,Multiple Values,OPEN,FRESHWATER - RIVERS,2025-01-30T10:17:00,2025,MONITORING  (NATIONAL AGENCY POLICY),RIVER / RUNNING SURFACE WATER,111,Ammoniacal Nitrogen as N,0.072,MILLIGRAM PER LITRE
https://environment.data.gov.uk/water-quality/sampling-point/TH-PRTS0046/sample/1423375/observation/0116,TH-PRTS0046,R. THAMES U/S OF THE RUNNYMEDE CHANNEL INTAKE,-0.5101,51.4227,Thames,THAMES - WEST THAMES,Multiple Values,OPEN,FRESHWATER - RIVERS,2025-01-30T10:17:00,2025,MONITORING  (NATIONAL AGENCY POLICY),RIVER / RUNNING SURFACE WATER,116,"Nitrogen, Total Oxidised as N",4.4,MILLIGRAM PER LITRE
https://environment.data.gov.uk/water-quality/sampling-point/TH-PRTS0046/sample/1423375/observation/0117,TH-PRTS0046,R. THAMES U/S OF THE RUNNYMEDE CHANNEL INTAKE,-0.5101,51.4227,Thames,THAMES - WEST THAMES,Multiple Values,OPEN,FRESHWATER - RIVERS,2025-01-30T10:17:00,2025,MONITORING  (NATIONAL AGENCY POLICY),RIVER / RUNNING SURFACE WATER,117,Nitrate as N,4.36,MILLIGRAM PER LITRE
https://environment.data.gov.uk/water-quality/sampling-point/TH-PRTS0046/sample/1423375/observation/0118,TH-PRTS0046,R. THAMES U/S OF THE RUNNYMEDE CHANNEL INTAKE,-0.5101,51.4227,Thames,THAMES - WEST THAMES,Multiple Values,OPEN,FRESHWATER - RIVERS,2025-01-30T10:17:00,2025,MONITORING  (NATIONAL AGENCY POLICY),RIVER / RUNNING SURFACE WATER,118,Nitrite as N,0.042,MILLIGRAM PER LITRE
https://environment.data.gov.uk/water-quality/sampling-point/TH-PRTS0046/sample/1423375/observation/0119,TH-PRTS0046,R. THAMES U/S OF THE RUNNYMEDE CHANNEL INTAKE,-0.5101,51.4227,Thames,THAMES - WEST THAMES,Multiple Values,OPEN,FRESHWATER - RIVERS,2025-01-30T10:17:00,2025,MONITORING  (NATIONAL AGENCY POLICY),RIVER / RUNNING SURFACE WATER,119,Ammonia un-ionised as N,0.00099,MILLIGRAM PER LITRE
https://environment.data.gov.uk/water-quality/sampling-point/TH-PRTS0046/sample/1423375/observation/0162,TH-PRTS0046,R. THAMES U/S OF THE RUNNYMEDE CHANNEL INTAKE,-0.5101,51.4227,Thames,THAMES - WEST THAMES,Multiple Values,OPEN,FRESHWATER - RIVERS,2025-01-30T10:17:00,2025,MONITORING  (NATIONAL AGENCY POLICY),RIVER / RUNNING SURFACE WATER,162,Alkalinity to pH 4.5 as CaCO3,170,MILLIGRAM PER LITRE
https://environment.data.gov.uk/water-quality/sampling-point/TH-PRTS0046/sample/1423375/observation/0180,TH-PRTS0046,R. THAMES U/S OF THE RUNNYMEDE CHANNEL INTAKE,-0.5101,51.4227,Thames,THAMES - WEST THAMES,Multiple Values,OPEN,FRESHWATER - RIVERS,2025-01-30T10:17:00,2025,MONITORING  (NATIONAL AGENCY POLICY),RIVER / RUNNING SURFACE WATER,180,"Orthophosphate, reactive as P",0.13,MILLIGRAM PER LITRE
https://environment.data.gov.uk/water-quality/sampling-point/TH-PRTS0046/sample/1423375/observation/2921,TH-PRTS0046,R. THAMES U/S OF THE RUNNYMEDE CHANNEL INTAKE,-0.5101,51.4227,Thames,THAMES - WEST THAMES,Multiple Values,OPEN,FRESHWATER - RIVERS,2025-01-30T10:17:00,2025,MONITORING  (NATIONAL AGENCY POLICY),RIVER / RUNNING SURFACE WATER,2921,Perfluoro-3-methoxypropanoic acid,<0.0005,MICROGRAM PER LITRE
https://environment.data.gov.uk/water-quality/sampling-point/TH-PRTS0046/sample/1423375/observation/2922,TH-PRTS0046,R. THAMES U/S OF THE RUNNYMEDE CHANNEL INTAKE,-0.5101,51.4227,Thames,THAMES - WEST THAMES,Multiple Values,OPEN,FRESHWATER - RIVERS,2025-01-30T10:17:00,2025,MONITORING  (NATIONAL AGENCY POLICY),RIVER / RUNNING SURFACE WATER,2922,"Perfluoro-3,6-dioxaheptanoic acid",<0.0005,MICROGRAM PER LITRE
https://environment.data.gov.uk/water-quality/sampling-point/TH-PRTS0046/sample/1423375/observation/2923,TH-PRTS0046,R. THAMES U/S OF THE RUNNYMEDE CHANNEL INTAKE,-0.5101,51.4227,Thames,THAMES - WEST THAMES,Multiple Values,OPEN,FRESHWATER - RIVERS,2025-01-30T10:17:00,2025,MONITORING  (NATIONAL AGENCY POLICY),RIVER / RUNNING SURFACE WATER,2923,Perfluoro(4-methoxybutanoic) acid,<0.0005,MICROGRAM PER LITRE
https://environment.data.gov.uk/water-quality/sampling-point/TH-PRTS0046/sample/1423375/observation/2924,TH-PRTS0046,R. THAMES U/S OF THE RUNNYMEDE CHANNEL INTAKE,-0.5101,51.4227,Thames,THAMES - WEST THAMES,Multiple Values,OPEN,FRESHWATER - RIVERS,2025-01-30T10:17:00,2025,MONITORING  (NATIONAL AGENCY POLICY),RIVER / RUNNING SURFACE WATER,2924,Perfluoro(2-ethoxyethane)sulfonic acid,<0.0005,MICROGRAM PER LITRE
https://environment.data.gov.uk/water-quality/sampling-point/TH-PRTS0046/sample/1423375/observation/2925,TH-PRTS0046,R. THAMES U/S OF THE RUNNYMEDE CHANNEL INTAKE,-0.5101,51.4227,Thames,THAMES - WEST THAMES,Multiple Values,OPEN,FRESHWATER - RIVERS,2025-01-30T10:17:00,2025,MONITORING  (NATIONAL AGENCY POLICY),RIVER / RUNNING SURFACE WATER,2925,3-Perfluoroheptylpropanoic acid,<0.0005,MICROGRAM PER LITRE
https://environment.data.gov.uk/water-quality/sampling-point/TH-PRTS0046/sample/1423375/observation/2926,TH-PRTS0046,R. THAMES U/S OF THE RUNNYMEDE CHANNEL INTAKE,-0.5101,51.4227,Thames,THAMES - WEST THAMES,Multiple Values,OPEN,FRESHWATER - RIVERS,2025-01-30T10:17:00,2025,MONITORING  (NATIONAL AGENCY POLICY),RIVER / RUNNING SURFACE WATER,2926,3:3 Fluorotelomer carboxylic acid,<0.004,MICROGRAM PER LITRE
https://environment.data.gov.uk/water-quality/sampling-point/TH-PRTS0046/sample/1423375/observation/2942,TH-PRTS0046,R. THAMES U/S OF THE RUNNYMEDE CHANNEL INTAKE,-0.5101,51.4227,Thames,THAMES - WEST THAMES,Multiple Values,OPEN,FRESHWATER - RIVERS,2025-01-30T10:17:00,2025,MONITORING  (NATIONAL AGENCY POLICY),RIVER / RUNNING SURFACE WATER,2942,2-(N-Ethylperfluorooctanesulfonamido)acetic acid (B),<0.001,MICROGRAM PER LITRE
https://environment.data.gov.uk/water-quality/sampling-point/TH-PRTS0046/sample/1423375/observation/2943,TH-PRTS0046,R. THAMES U/S OF THE RUNNYMEDE CHANNEL INTAKE,-0.5101,51.4227,Thames,THAMES - WEST THAMES,Multiple Values,OPEN,FRESHWATER - RIVERS,2025-01-30T10:17:00,2025,MONITORING  (NATIONAL AGENCY POLICY),RIVER / RUNNING SURFACE WATER,2943,2-(N-Methylperfluorooctanesulfonamido)acetic acid (B),<0.002,MICROGRAM PER LITRE
https://environment.data.gov.uk/water-quality/sampling-point/TH-PRTS0046/sample/1423375/observation/2944,TH-PRTS0046,R. THAMES U/S OF THE RUNNYMEDE CHANNEL INTAKE,-0.5101,51.4227,Thames,THAMES - WEST THAMES,Multiple Values,OPEN,FRESHWATER - RIVERS,2025-01-30T10:17:00,2025,MONITORING  (NATIONAL AGENCY POLICY),RIVER / RUNNING SURFACE WATER,2944,Perfluorohexanesulfonic acid (B),<0.0005,MICROGRAM PER LITRE
https://environment.data.gov.uk/water-quality/sampling-point/TH-PRTS0046/sample/1423375/observation/2953,TH-PRTS0046,R. THAMES U/S OF THE RUNNYMEDE CHANNEL INTAKE,-0.5101,51.4227,Thames,THAMES - WEST THAMES,Multiple Values,OPEN,FRESHWATER - RIVERS,2025-01-30T10:17:00,2025,MONITORING  (NATIONAL AGENCY POLICY),RIVER / RUNNING SURFACE WATER,2953,Perfluoroundecane sulfonic acid,<0.004,MICROGRAM PER LITRE
https://environment.data.gov.uk/water-quality/sampling-point/TH-PRTS0046/sample/1423375/observation/2955,TH-PRTS0046,R. THAMES U/S OF THE RUNNYMEDE CHANNEL INTAKE,-0.5101,51.4227,Thames,THAMES - WEST THAMES,Multiple Values,OPEN,FRESHWATER - RIVERS,2025-01-30T10:17:00,2025,MONITORING  (NATIONAL AGENCY POLICY),RIVER / RUNNING SURFACE WATER,2955,Perfluorotridecanoic acid,<0.005,MICROGRAM PER LITRE
https://environment.data.gov.uk/water-quality/sampling-point/TH-PRTS0046/sample/1423375/observation/2957,TH-PRTS0046,R. THAMES U/S OF THE RUNNYMEDE CHANNEL INTAKE,-0.5101,51.4227,Thames,THAMES - WEST THAMES,Multiple Values,OPEN,FRESHWATER - RIVERS,2025-01-30T10:17:00,2025,MONITORING  (NATIONAL AGENCY POLICY),RIVER / RUNNING SURFACE WATER,2957,Perfluoropentanesulfonic acid,<0.0005,MICROGRAM PER LITRE
https://environment.data.gov.uk/water-quality/sampling-point/TH-PRTS0046/sample/1423375/observation/2959,TH-PRTS0046,R. THAMES U/S OF THE RUNNYMEDE CHANNEL INTAKE,-0.5101,51.4227,Thames,THAMES - WEST THAMES,Multiple Values,OPEN,FRESHWATER - RIVERS,2025-01-30T10:17:00,2025,MONITORING  (NATIONAL AGENCY POLICY),RIVER / RUNNING SURFACE WATER,2959,Perfluorooctanesulfonic acid (linear),0.002,MICROGRAM PER LITRE
https://environment.data.gov.uk/water-quality/sampling-point/TH-PRTS0046/sample/1423375/observation/2960,TH-PRTS0046,R. THAMES U/S OF THE RUNNYMEDE CHANNEL INTAKE,-0.5101,51.4227,Thames,THAMES - WEST THAMES,Multiple Values,OPEN,FRESHWATER - RIVERS,2025-01-30T10:17:00,2025,MONITORING  (NATIONAL AGENCY POLICY),RIVER / RUNNING SURFACE WATER,2960,Perfluorooctanesulfonic acid (branched),0.0017,MICROGRAM PER LITRE
https://environment.data.gov.uk/water-quality/sampling-point/TH-PRTS0046/sample/1423375/observation/2961,TH-PRTS0046,R. THAMES U/S OF THE RUNNYMEDE CHANNEL INTAKE,-0.5101,51.4227,Thames,THAMES - WEST THAMES,Multiple Values,OPEN,FRESHWATER - RIVERS,2025-01-30T10:17:00,2025,MONITORING  (NATIONAL AGENCY POLICY),RIVER / RUNNING SURFACE WATER,2961,Perfluorooctanesulfonamide,<0.001,MICROGRAM PER LITRE
https://environment.data.gov.uk/water-quality/sampling-point/TH-PRTS0046/sample/1423375/observation/2962,TH-PRTS0046,R. THAMES U/S OF THE RUNNYMEDE CHANNEL INTAKE,-0.5101,51.4227,Thames,THAMES - WEST THAMES,Multiple Values,OPEN,FRESHWATER - RIVERS,2025-01-30T10:17:00,2025,MONITORING  (NATIONAL AGENCY POLICY),RIVER / RUNNING SURFACE WATER,2962,Perfluorooctadecanoic acid,<0.002,MICROGRAM PER LITRE
https://environment.data.gov.uk/water-quality/sampling-point/TH-PRTS0046/sample/1423375/observation/2963,TH-PRTS0046,R. THAMES U/S OF THE RUNNYMEDE CHANNEL INTAKE,-0.5101,51.4227,Thames,THAMES - WEST THAMES,Multiple Values,OPEN,FRESHWATER - RIVERS,2025-01-30T10:17:00,2025,MONITORING  (NATIONAL AGENCY POLICY),RIVER / RUNNING SURFACE WATER,2963,Perfluorononanesulfonic acid,<0.0005,MICROGRAM PER LITRE
https://environment.data.gov.uk/water-quality/sampling-point/TH-PRTS0046/sample/1423375/observation/2964,TH-PRTS0046,R. THAMES U/S OF THE RUNNYMEDE CHANNEL INTAKE,-0.5101,51.4227,Thames,THAMES - WEST THAMES,Multiple Values,OPEN,FRESHWATER - RIVERS,2025-01-30T10:17:00,2025,MONITORING  (NATIONAL AGENCY POLICY),RIVER / RUNNING SURFACE WATER,2964,Perfluorohexanesulfonic acid (L),0.002,MICROGRAM PER LITRE
https://environment.data.gov.uk/water-quality/sampling-point/TH-PRTS0046/sample/1423375/observation/2965,TH-PRTS0046,R. THAMES U/S OF THE RUNNYMEDE CHANNEL INTAKE,-0.5101,51.4227,Thames,THAMES - WEST THAMES,Multiple Values,OPEN,FRESHWATER - RIVERS,2025-01-30T10:17:00,2025,MONITORING  (NATIONAL AGENCY POLICY),RIVER / RUNNING SURFACE WATER,2965,Perfluorohexanesulfonamide,<0.0005,MICROGRAM PER LITRE
https://environment.data.gov.uk/water-quality/sampling-point/TH-PRTS0046/sample/1423375/observation/2967,TH-PRTS0046,R. THAMES U/S OF THE RUNNYMEDE CHANNEL INTAKE,-0.5101,51.4227,Thames,THAMES - WEST THAMES,Multiple Values,OPEN,FRESHWATER - RIVERS,2025-01-30T10:17:00,2025,MONITORING  (NATIONAL AGENCY POLICY),RIVER / RUNNING SURFACE WATER,2967,Perfluoroheptanesulfonic acid,<0.0005,MICROGRAM PER LITRE
https://environment.data.gov.uk/water-quality/sampling-point/TH-PRTS0046/sample/1423375/observation/2968,TH-PRTS0046,R. THAMES U/S OF THE RUNNYMEDE CHANNEL INTAKE,-0.5101,51.4227,Thames,THAMES - WEST THAMES,Multiple Values,OPEN,FRESHWATER - RIVERS,2025-01-30T10:17:00,2025,MONITORING  (NATIONAL AGENCY POLICY),RIVER / RUNNING SURFACE WATER,2968,Perfluorododecane sulfonic acid,<0.005,MICROGRAM PER LITRE
https://environment.data.gov.uk/water-quality/sampling-point/TH-PRTS0046/sample/1423375/observation/2969,TH-PRTS0046,R. THAMES U/S OF THE RUNNYMEDE CHANNEL INTAKE,-0.5101,51.4227,Thames,THAMES - WEST THAMES,Multiple Values,OPEN,FRESHWATER - RIVERS,2025-01-30T10:17:00,2025,MONITORING  (NATIONAL AGENCY POLICY),RIVER / RUNNING SURFACE WATER,2969,Perfluorodecanesulfonic acid,<0.002,MICROGRAM PER LITRE
https://environment.data.gov.uk/water-quality/sampling-point/TH-PRTS0046/sample/1423375/observation/2970,TH-PRTS0046,R. THAMES U/S OF THE RUNNYMEDE CHANNEL INTAKE,-0.5101,51.4227,Thames,THAMES - WEST THAMES,Multiple Values,OPEN,FRESHWATER - RIVERS,2025-01-30T10:17:00,2025,MONITORING  (NATIONAL AGENCY POLICY),RIVER / RUNNING SURFACE WATER,2970,Perfluorobutylsulfonamide (perfluorobutane sulfonamide),<0.0005,MICROGRAM PER LITRE
https://environment.data.gov.uk/water-quality/sampling-point/TH-PRTS0046/sample/1423375/observation/2972,TH-PRTS0046,R. THAMES U/S OF THE RUNNYMEDE CHANNEL INTAKE,-0.5101,51.4227,Thames,THAMES - WEST THAMES,Multiple Values,OPEN,FRESHWATER - RIVERS,2025-01-30T10:17:00,2025,MONITORING  (NATIONAL AGENCY POLICY),RIVER / RUNNING SURFACE WATER,2972,Perfluorobutanesulfonic acid,0.0023,MICROGRAM PER LITRE
https://environment.data.gov.uk/water-quality/sampling-point/TH-PRTS0046/sample/1423375/observation/2973,TH-PRTS0046,R. THAMES U/S OF THE RUNNYMEDE CHANNEL INTAKE,-0.5101,51.4227,Thames,THAMES - WEST THAMES,Multiple Values,OPEN,FRESHWATER - RIVERS,2025-01-30T10:17:00,2025,MONITORING  (NATIONAL AGENCY POLICY),RIVER / RUNNING SURFACE WATER,2973,Perfluoro-4-ethylcyclohexanesulfonic acid,<0.0005,MICROGRAM PER LITRE
https://environment.data.gov.uk/water-quality/sampling-point/TH-PRTS0046/sample/1423375/observation/2975,TH-PRTS0046,R. THAMES U/S OF THE RUNNYMEDE CHANNEL INTAKE,-0.5101,51.4227,Thames,THAMES - WEST THAMES,Multiple Values,OPEN,FRESHWATER - RIVERS,2025-01-30T10:17:00,2025,MONITORING  (NATIONAL AGENCY POLICY),RIVER / RUNNING SURFACE WATER,2975,N-methylperfluorooctanesulfonamide,<0.002,MICROGRAM PER LITRE
https://environment.data.gov.uk/water-quality/sampling-point/TH-PRTS0046/sample/1423375/observation/2977,TH-PRTS0046,R. THAMES U/S OF THE RUNNYMEDE CHANNEL INTAKE,-0.5101,51.4227,Thames,THAMES - WEST THAMES,Multiple Values,OPEN,FRESHWATER - RIVERS,2025-01-30T10:17:00,2025,MONITORING  (NATIONAL AGENCY POLICY),RIVER / RUNNING SURFACE WATER,2977,N-Ethylperfluorooctanesulfonamide,<0.002,MICROGRAM PER LITRE
https://environment.data.gov.uk/water-quality/sampling-point/TH-PRTS0046/sample/1423375/observation/2981,TH-PRTS0046,R. THAMES U/S OF THE RUNNYMEDE CHANNEL INTAKE,-0.5101,51.4227,Thames,THAMES - WEST THAMES,Multiple Values,OPEN,FRESHWATER - RIVERS,2025-01-30T10:17:00,2025,MONITORING  (NATIONAL AGENCY POLICY),RIVER / RUNNING SURFACE WATER,2981,Hexafluoropropylene oxide dimer acid (Gen X),<0.001,MICROGRAM PER LITRE
https://environment.data.gov.uk/water-quality/sampling-point/TH-PRTS0046/sample/1423375/observation/2982,TH-PRTS0046,R. THAMES U/S OF THE RUNNYMEDE CHANNEL INTAKE,-0.5101,51.4227,Thames,THAMES - WEST THAMES,Multiple Values,OPEN,FRESHWATER - RIVERS,2025-01-30T10:17:00,2025,MONITORING  (NATIONAL AGENCY POLICY),RIVER / RUNNING SURFACE WATER,2982,9-chlorohexadecafluoro-3-oxanonane-1-sulfonic acid,<0.0005,MICROGRAM PER LITRE
https://environment.data.gov.uk/water-quality/sampling-point/TH-PRTS0046/sample/1423375/observation/2983,TH-PRTS0046,R. THAMES U/S OF THE RUNNYMEDE CHANNEL INTAKE,-0.5101,51.4227,Thames,THAMES - WEST THAMES,Multiple Values,OPEN,FRESHWATER - RIVERS,2025-01-30T10:17:00,2025,MONITORING  (NATIONAL AGENCY POLICY),RIVER / RUNNING SURFACE WATER,2983,8:2 Fluorotelomer sulfonic acid,<0.001,MICROGRAM PER LITRE
https://environment.data.gov.uk/water-quality/sampling-point/TH-PRTS0046/sample/1423375/observation/2984,TH-PRTS0046,R. THAMES U/S OF THE RUNNYMEDE CHANNEL INTAKE,-0.5101,51.4227,Thames,THAMES - WEST THAMES,Multiple Values,OPEN,FRESHWATER - RIVERS,2025-01-30T10:17:00,2025,MONITORING  (NATIONAL AGENCY POLICY),RIVER / RUNNING SURFACE WATER,2984,6:2 Fluorotelomer sulfonic acid,<0.001,MICROGRAM PER LITRE
https://environment.data.gov.uk/water-quality/sampling-point/TH-PRTS0046/sample/1423375/observation/2987,TH-PRTS0046,R. THAMES U/S OF THE RUNNYMEDE CHANNEL INTAKE,-0.5101,51.4227,Thames,THAMES - WEST THAMES,Multiple Values,OPEN,FRESHWATER - RIVERS,2025-01-30T10:17:00,2025,MONITORING  (NATIONAL AGENCY POLICY),RIVER / RUNNING SURFACE WATER,2987,4:2 Fluorotelomer sulfonic acid,<0.0005,MICROGRAM PER LITRE
https://environment.data.gov.uk/water-quality/sampling-point/TH-PRTS0046/sample/1423375/observation/2988,TH-PRTS0046,R. THAMES U/S OF THE RUNNYMEDE CHANNEL INTAKE,-0.5101,51.4227,Thames,THAMES - WEST THAMES,Multiple Values,OPEN,FRESHWATER - RIVERS,2025-01-30T10:17:00,2025,MONITORING  (NATIONAL AGENCY POLICY),RIVER / RUNNING SURFACE WATER,2988,"4,8-Dioxa-3H-perfluorononanoic acid (ADONA)",<0.005,MICROGRAM PER LITRE
https://environment.data.gov.uk/water-quality/sampling-point/TH-PRTS0046/sample/1423375/observation/2989,TH-PRTS0046,R. THAMES U/S OF THE RUNNYMEDE CHANNEL INTAKE,-0.5101,51.4227,Thames,THAMES - WEST THAMES,Multiple Values,OPEN,FRESHWATER - RIVERS,2025-01-30T10:17:00,2025,MONITORING  (NATIONAL AGENCY POLICY),RIVER / RUNNING SURFACE WATER,2989,"2H,2H,3H,3H-Perfluorooctanoic acid",<0.001,MICROGRAM PER LITRE
https://environment.data.gov.uk/water-quality/sampling-point/TH-PRTS0046/sample/1423375/observation/2990,TH-PRTS0046,R. THAMES U/S OF THE RUNNYMEDE CHANNEL INTAKE,-0.5101,51.4227,Thames,THAMES - WEST THAMES,Multiple Values,OPEN,FRESHWATER - RIVERS,2025-01-30T10:17:00,2025,MONITORING  (NATIONAL AGENCY POLICY),RIVER / RUNNING SURFACE WATER,2990,2-(N-Methylperfluorooctanesulfonamido)acetic acid (L),<0.0005,MICROGRAM PER LITRE
https://environment.data.gov.uk/water-quality/sampling-point/TH-PRTS0046/sample/1423375/observation/2991,TH-PRTS0046,R. THAMES U/S OF THE RUNNYMEDE CHANNEL INTAKE,-0.5101,51.4227,Thames,THAMES - WEST THAMES,Multiple Values,OPEN,FRESHWATER - RIVERS,2025-01-30T10:17:00,2025,MONITORING  (NATIONAL AGENCY POLICY),RIVER / RUNNING SURFACE WATER,2991,2-(N-Ethylperfluorooctanesulfonamido)acetic acid (L),<0.001,MICROGRAM PER LITRE
https://environment.data.gov.uk/water-quality/sampling-point/TH-PRTS0046/sample/1423375/observation/2993,TH-PRTS0046,R. THAMES U/S OF THE RUNNYMEDE CHANNEL INTAKE,-0.5101,51.4227,Thames,THAMES - WEST THAMES,Multiple Values,OPEN,FRESHWATER - RIVERS,2025-01-30T10:17:00,2025,MONITORING  (NATIONAL AGENCY POLICY),RIVER / RUNNING SURFACE WATER,2993,11-chloroeicosafluoro-3-oxaundecane-1-sulfonic acid (F-53B Minor),<0.001,MICROGRAM PER LITRE
https://environment.data.gov.uk/water-quality/sampling-point/TH-PRTS0046/sample/1423375/observation/2995,TH-PRTS0046,R. THAMES U/S OF THE RUNNYMEDE CHANNEL INTAKE,-0.5101,51.4227,Thames,THAMES - WEST THAMES,Multiple Values,OPEN,FRESHWATER - RIVERS,2025-01-30T10:17:00,2025,MONITORING  (NATIONAL AGENCY POLICY),RIVER / RUNNING SURFACE WATER,2995,Perfluorobutanoic acid,<0.003,MICROGRAM PER LITRE
https://environment.data.gov.uk/water-quality/sampling-point/TH-PRTS0046/sample/1423375/observation/8887,TH-PRTS0046,R. THAMES U/S OF THE RUNNYMEDE CHANNEL INTAKE,-0.5101,51.4227,Thames,THAMES - WEST THAMES,Multiple Values,OPEN,FRESHWATER - RIVERS,2025-01-30T10:17:00,2025,MONITORING  (NATIONAL AGENCY POLICY),RIVER / RUNNING SURFACE WATER,8887,Perfluoropentanoic acid,<0.002,MICROGRAM PER LITRE
https://environment.data.gov.uk/water-quality/sampling-point/TH-PRTS0046/sample/1423375/observation/8888,TH-PRTS0046,R. THAMES U/S OF THE RUNNYMEDE CHANNEL INTAKE,-0.5101,51.4227,Thames,THAMES - WEST THAMES,Multiple Values,OPEN,FRESHWATER - RIVERS,2025-01-30T10:17:00,2025,MONITORING  (NATIONAL AGENCY POLICY),RIVER / RUNNING SURFACE WATER,8888,Perfluorohexanoic acid,0.0023,MICROGRAM PER LITRE
https://environment.data.gov.uk/water-quality/sampling-point/TH-PRTS0046/sample/1423375/observation/8889,TH-PRTS0046,R. THAMES U/S OF THE RUNNYMEDE CHANNEL INTAKE,-0.5101,51.4227,Thames,THAMES - WEST THAMES,Multiple Values,OPEN,FRESHWATER - RIVERS,2025-01-30T10:17:00,2025,MONITORING  (NATIONAL AGENCY POLICY),RIVER / RUNNING SURFACE WATER,8889,Perfluoroheptanoic acid,0.0012,MICROGRAM PER LITRE
https://environment.data.gov.uk/water-quality/sampling-point/TH-PRTS0046/sample/1423375/observation/8890,TH-PRTS0046,R. THAMES U/S OF THE RUNNYMEDE CHANNEL INTAKE,-0.5101,51.4227,Thames,THAMES - WEST THAMES,Multiple Values,OPEN,FRESHWATER - RIVERS,2025-01-30T10:17:00,2025,MONITORING  (NATIONAL AGENCY POLICY),RIVER / RUNNING SURFACE WATER,8890,Perfluorooctanoic acid,0.0022,MICROGRAM PER LITRE
https://environment.data.gov.uk/water-quality/sampling-point/TH-PRTS0046/sample/1423375/observation/8891,TH-PRTS0046,R. THAMES U/S OF THE RUNNYMEDE CHANNEL INTAKE,-0.5101,51.4227,Thames,THAMES - WEST THAMES,Multiple Values,OPEN,FRESHWATER - RIVERS,2025-01-30T10:17:00,2025,MONITORING  (NATIONAL AGENCY POLICY),RIVER / RUNNING SURFACE WATER,8891,Perfluorononanoic acid,<0.001,MICROGRAM PER LITRE
https://environment.data.gov.uk/water-quality/sampling-point/TH-PRTS0046/sample/1423375/observation/8892,TH-PRTS0046,R. THAMES U/S OF THE RUNNYMEDE CHANNEL INTAKE,-0.5101,51.4227,Thames,THAMES - WEST THAMES,Multiple Values,OPEN,FRESHWATER - RIVERS,2025-01-30T10:17:00,2025,MONITORING  (NATIONAL AGENCY POLICY),RIVER / RUNNING SURFACE WATER,8892,Perfluorodecanoic acid,<0.002,MICROGRAM PER LITRE
https://environment.data.gov.uk/water-quality/sampling-point/TH-PRTS0046/sample/1423375/observation/8893,TH-PRTS0046,R. THAMES U/S OF THE RUNNYMEDE CHANNEL INTAKE,-0.5101,51.4227,Thames,THAMES - WEST THAMES,Multiple Values,OPEN,FRESHWATER - RIVERS,2025-01-30T10:17:00,2025,MONITORING  (NATIONAL AGENCY POLICY),RIVER / RUNNING SURFACE WATER,8893,Perfluoroundecanoic acid,<0.002,MICROGRAM PER LITRE
https://environment.data.gov.uk/water-quality/sampling-point/TH-PRTS0046/sample/1423375/observation/8894,TH-PRTS0046,R. THAMES U/S OF THE RUNNYMEDE CHANNEL INTAKE,-0.5101,51.4227,Thames,THAMES - WEST THAMES,Multiple Values,OPEN,FRESHWATER - RIVERS,2025-01-30T10:17:00,2025,MONITORING  (NATIONAL AGENCY POLICY),RIVER / RUNNING SURFACE WATER,8894,Perfluorododecanoic acid,<0.002,MICROGRAM PER LITRE
https://environment.data.gov.uk/water-quality/sampling-point/TH-PRTS0046/sample/1423375/observation/8895,TH-PRTS0046,R. THAMES U/S OF THE RUNNYMEDE CHANNEL INTAKE,-0.5101,51.4227,Thames,THAMES - WEST THAMES,Multiple Values,OPEN,FRESHWATER - RIVERS,2025-01-30T10:17:00,2025,MONITORING  (NATIONAL AGENCY POLICY),RIVER / RUNNING SURFACE WATER,8895,Perfluorotetradecanoic acid,<0.006,MICROGRAM PER LITRE
https://environment.data.gov.uk/water-quality/sampling-point/TH-PRTS0046/sample/1423375/observation/9901,TH-PRTS0046,R. THAMES U/S OF THE RUNNYMEDE CHANNEL INTAKE,-0.5101,51.4227,Thames,THAMES - WEST THAMES,Multiple Values,OPEN,FRESHWATER - RIVERS,2025-01-30T10:17:00,2025,MONITORING  (NATIONAL AGENCY POLICY),RIVER / RUNNING SURFACE WATER,9901,"Oxygen, Dissolved, % Saturation",97.9,PERCENTAGE
https://environment.data.gov.uk/water-quality/sampling-point/TH-PRTS0046/sample/1423375/observation/9924,TH-PRTS0046,R. THAMES U/S OF THE RUNNYMEDE CHANNEL INTAKE,-0.5101,51.4227,Thames,THAMES - WEST THAMES,Multiple Values,OPEN,FRESHWATER - RIVERS,2025-01-30T10:17:00,2025,MONITORING  (NATIONAL AGENCY POLICY),RIVER / RUNNING SURFACE WATER,9924,"Oxygen, Dissolved as O2",12.1,MILLIGRAM PER LITRE
https://environment.data.gov.uk/water-quality/sampling-point/TH-PRTS0046/sample/1424254/observation/0061,TH-PRTS0046,R. THAMES U/S OF THE RUNNYMEDE CHANNEL INTAKE,-0.5101,51.4227,Thames,THAMES - WEST THAMES,Multiple Values,OPEN,FRESHWATER - RIVERS,2025-02-20T12:55:00,2025,MONITORING  (NATIONAL AGENCY POLICY),RIVER / RUNNING SURFACE WATER,61,pH,8.25,PH UNITS
https://environment.data.gov.uk/water-quality/sampling-point/TH-PRTS0046/sample/1424254/observation/0076,TH-PRTS0046,R. THAMES U/S OF THE RUNNYMEDE CHANNEL INTAKE,-0.5101,51.4227,Thames,THAMES - WEST THAMES,Multiple Values,OPEN,FRESHWATER - RIVERS,2025-02-20T12:55:00,2025,MONITORING  (NATIONAL AGENCY POLICY),RIVER / RUNNING SURFACE WATER,76,Temperature of Water,7.5,CELSIUS
https://environment.data.gov.uk/water-quality/sampling-point/TH-PRTS0046/sample/1424254/observation/0077,TH-PRTS0046,R. THAMES U/S OF THE RUNNYMEDE CHANNEL INTAKE,-0.5101,51.4227,Thames,THAMES - WEST THAMES,Multiple Values,OPEN,FRESHWATER - RIVERS,2025-02-20T12:55:00,2025,MONITORING  (NATIONAL AGENCY POLICY),RIVER / RUNNING SURFACE WATER,77,Conductivity at 25 C,680,MICROSIEMENS PER CENTIMETRE
https://environment.data.gov.uk/water-quality/sampling-point/TH-PRTS0046/sample/1424254/observation/0085,TH-PRTS0046,R. THAMES U/S OF THE RUNNYMEDE CHANNEL INTAKE,-0.5101,51.4227,Thames,THAMES - WEST THAMES,Multiple Values,OPEN,FRESHWATER - RIVERS,2025-02-20T12:55:00,2025,MONITORING  (NATIONAL AGENCY POLICY),RIVER / RUNNING SURFACE WATER,85,BOD : 5 Day ATU,1.2,MILLIGRAM PER LITRE
https://environment.data.gov.uk/water-quality/sampling-point/TH-PRTS0046/sample/1424254/observation/0111,TH-PRTS0046,R. THAMES U/S OF THE RUNNYMEDE CHANNEL INTAKE,-0.5101,51.4227,Thames,THAMES - WEST THAMES,Multiple Values,OPEN,FRESHWATER - RIVERS,2025-02-20T12:55:00,2025,MONITORING  (NATIONAL AGENCY POLICY),RIVER / RUNNING SURFACE WATER,111,Ammoniacal Nitrogen as N,0.042,MILLIGRAM PER LITRE
https://environment.data.gov.uk/water-quality/sampling-point/TH-PRTS0046/sample/1424254/observation/0116,TH-PRTS0046,R. THAMES U/S OF THE RUNNYMEDE CHANNEL INTAKE,-0.5101,51.4227,Thames,THAMES - WEST THAMES,Multiple Values,OPEN,FRESHWATER - RIVERS,2025-02-20T12:55:00,2025,MONITORING  (NATIONAL AGENCY POLICY),RIVER / RUNNING SURFACE WATER,116,"Nitrogen, Total Oxidised as N",7.3,MILLIGRAM PER LITRE
https://environment.data.gov.uk/water-quality/sampling-point/TH-PRTS0046/sample/1424254/observation/0117,TH-PRTS0046,R. THAMES U/S OF THE RUNNYMEDE CHANNEL INTAKE,-0.5101,51.4227,Thames,THAMES - WEST THAMES,Multiple Values,OPEN,FRESHWATER - RIVERS,2025-02-20T12:55:00,2025,MONITORING  (NATIONAL AGENCY POLICY),RIVER / RUNNING SURFACE WATER,117,Nitrate as N,7.27,MILLIGRAM PER LITRE
https://environment.data.gov.uk/water-quality/sampling-point/TH-PRTS0046/sample/1424254/observation/0118,TH-PRTS0046,R. THAMES U/S OF THE RUNNYMEDE CHANNEL INTAKE,-0.5101,51.4227,Thames,THAMES - WEST THAMES,Multiple Values,OPEN,FRESHWATER - RIVERS,2025-02-20T12:55:00,2025,MONITORING  (NATIONAL AGENCY POLICY),RIVER / RUNNING SURFACE WATER,118,Nitrite as N,0.033,MILLIGRAM PER LITRE
https://environment.data.gov.uk/water-quality/sampling-point/TH-PRTS0046/sample/1424254/observation/0119,TH-PRTS0046,R. THAMES U/S OF THE RUNNYMEDE CHANNEL INTAKE,-0.5101,51.4227,Thames,THAMES - WEST THAMES,Multiple Values,OPEN,FRESHWATER - RIVERS,2025-02-20T12:55:00,2025,MONITORING  (NATIONAL AGENCY POLICY),RIVER / RUNNING SURFACE WATER,119,Ammonia un-ionised as N,0.00064,MILLIGRAM PER LITRE
https://environment.data.gov.uk/water-quality/sampling-point/TH-PRTS0046/sample/1424254/observation/0162,TH-PRTS0046,R. THAMES U/S OF THE RUNNYMEDE CHANNEL INTAKE,-0.5101,51.4227,Thames,THAMES - WEST THAMES,Multiple Values,OPEN,FRESHWATER - RIVERS,2025-02-20T12:55:00,2025,MONITORING  (NATIONAL AGENCY POLICY),RIVER / RUNNING SURFACE WATER,162,Alkalinity to pH 4.5 as CaCO3,240,MILLIGRAM PER LITRE
https://environment.data.gov.uk/water-quality/sampling-point/TH-PRTS0046/sample/1424254/observation/0180,TH-PRTS0046,R. THAMES U/S OF THE RUNNYMEDE CHANNEL INTAKE,-0.5101,51.4227,Thames,THAMES - WEST THAMES,Multiple Values,OPEN,FRESHWATER - RIVERS,2025-02-20T12:55:00,2025,MONITORING  (NATIONAL AGENCY POLICY),RIVER / RUNNING SURFACE WATER,180,"Orthophosphate, reactive as P",0.092,MILLIGRAM PER LITRE
https://environment.data.gov.uk/water-quality/sampling-point/TH-PRTS0046/sample/1424254/observation/9901,TH-PRTS0046,R. THAMES U/S OF THE RUNNYMEDE CHANNEL INTAKE,-0.5101,51.4227,Thames,THAMES - WEST THAMES,Multiple Values,OPEN,FRESHWATER - RIVERS,2025-02-20T12:55:00,2025,MONITORING  (NATIONAL AGENCY POLICY),RIVER / RUNNING SURFACE WATER,9901,"Oxygen, Dissolved, % Saturation",101.8,PERCENTAGE
https://environment.data.gov.uk/water-quality/sampling-point/TH-PRTS0046/sample/1424254/observation/9924,TH-PRTS0046,R. THAMES U/S OF THE RUNNYMEDE CHANNEL INTAKE,-0.5101,51.4227,Thames,THAMES - WEST THAMES,Multiple Values,OPEN,FRESHWATER - RIVERS,2025-02-20T12:55:00,2025,MONITORING  (NATIONAL AGENCY POLICY),RIVER / RUNNING SURFACE WATER,9924,"Oxygen, Dissolved as O2",12.2,MILLIGRAM PER LITRE
https://environment.data.gov.uk/water-quality/sampling-point/TH-PRTS0046/sample/1431561/observation/0061,TH-PRTS0046,R. THAMES U/S OF THE RUNNYMEDE CHANNEL INTAKE,-0.5101,51.4227,Thames,THAMES - WEST THAMES,Multiple Values,OPEN,FRESHWATER - RIVERS,2025-03-11T13:00:00,2025,MONITORING  (NATIONAL AGENCY POLICY),RIVER / RUNNING SURFACE WATER,61,pH,8.25,PH UNITS
https://environment.data.gov.uk/water-quality/sampling-point/TH-PRTS0046/sample/1431561/observation/0076,TH-PRTS0046,R. THAMES U/S OF THE RUNNYMEDE CHANNEL INTAKE,-0.5101,51.4227,Thames,THAMES - WEST THAMES,Multiple Values,OPEN,FRESHWATER - RIVERS,2025-03-11T13:00:00,2025,MONITORING  (NATIONAL AGENCY POLICY),RIVER / RUNNING SURFACE WATER,76,Temperature of Water,9.9,CELSIUS
https://environment.data.gov.uk/water-quality/sampling-point/TH-PRTS0046/sample/1431561/observation/0077,TH-PRTS0046,R. THAMES U/S OF THE RUNNYMEDE CHANNEL INTAKE,-0.5101,51.4227,Thames,THAMES - WEST THAMES,Multiple Values,OPEN,FRESHWATER - RIVERS,2025-03-11T13:00:00,2025,MONITORING  (NATIONAL AGENCY POLICY),RIVER / RUNNING SURFACE WATER,77,Conductivity at 25 C,671,MICROSIEMENS PER CENTIMETRE
https://environment.data.gov.uk/water-quality/sampling-point/TH-PRTS0046/sample/1431561/observation/0085,TH-PRTS0046,R. THAMES U/S OF THE RUNNYMEDE CHANNEL INTAKE,-0.5101,51.4227,Thames,THAMES - WEST THAMES,Multiple Values,OPEN,FRESHWATER - RIVERS,2025-03-11T13:00:00,2025,MONITORING  (NATIONAL AGENCY POLICY),RIVER / RUNNING SURFACE WATER,85,BOD : 5 Day ATU,1.6,MILLIGRAM PER LITRE
https://environment.data.gov.uk/water-quality/sampling-point/TH-PRTS0046/sample/1431561/observation/0111,TH-PRTS0046,R. THAMES U/S OF THE RUNNYMEDE CHANNEL INTAKE,-0.5101,51.4227,Thames,THAMES - WEST THAMES,Multiple Values,OPEN,FRESHWATER - RIVERS,2025-03-11T13:00:00,2025,MONITORING  (NATIONAL AGENCY POLICY),RIVER / RUNNING SURFACE WATER,111,Ammoniacal Nitrogen as N,0.032,MILLIGRAM PER LITRE
https://environment.data.gov.uk/water-quality/sampling-point/TH-PRTS0046/sample/1431561/observation/0116,TH-PRTS0046,R. THAMES U/S OF THE RUNNYMEDE CHANNEL INTAKE,-0.5101,51.4227,Thames,THAMES - WEST THAMES,Multiple Values,OPEN,FRESHWATER - RIVERS,2025-03-11T13:00:00,2025,MONITORING  (NATIONAL AGENCY POLICY),RIVER / RUNNING SURFACE WATER,116,"Nitrogen, Total Oxidised as N",6.9,MILLIGRAM PER LITRE
https://environment.data.gov.uk/water-quality/sampling-point/TH-PRTS0046/sample/1431561/observation/0117,TH-PRTS0046,R. THAMES U/S OF THE RUNNYMEDE CHANNEL INTAKE,-0.5101,51.4227,Thames,THAMES - WEST THAMES,Multiple Values,OPEN,FRESHWATER - RIVERS,2025-03-11T13:00:00,2025,MONITORING  (NATIONAL AGENCY POLICY),RIVER / RUNNING SURFACE WATER,117,Nitrate as N,6.87,MILLIGRAM PER LITRE
https://environment.data.gov.uk/water-quality/sampling-point/TH-PRTS0046/sample/1431561/observation/0118,TH-PRTS0046,R. THAMES U/S OF THE RUNNYMEDE CHANNEL INTAKE,-0.5101,51.4227,Thames,THAMES - WEST THAMES,Multiple Values,OPEN,FRESHWATER - RIVERS,2025-03-11T13:00:00,2025,MONITORING  (NATIONAL AGENCY POLICY),RIVER / RUNNING SURFACE WATER,118,Nitrite as N,0.029,MILLIGRAM PER LITRE
https://environment.data.gov.uk/water-quality/sampling-point/TH-PRTS0046/sample/1431561/observation/0119,TH-PRTS0046,R. THAMES U/S OF THE RUNNYMEDE CHANNEL INTAKE,-0.5101,51.4227,Thames,THAMES - WEST THAMES,Multiple Values,OPEN,FRESHWATER - RIVERS,2025-03-11T13:00:00,2025,MONITORING  (NATIONAL AGENCY POLICY),RIVER / RUNNING SURFACE WATER,119,Ammonia un-ionised as N,0.00058,MILLIGRAM PER LITRE
https://environment.data.gov.uk/water-quality/sampling-point/TH-PRTS0046/sample/1431561/observation/0162,TH-PRTS0046,R. THAMES U/S OF THE RUNNYMEDE CHANNEL INTAKE,-0.5101,51.4227,Thames,THAMES - WEST THAMES,Multiple Values,OPEN,FRESHWATER - RIVERS,2025-03-11T13:00:00,2025,MONITORING  (NATIONAL AGENCY POLICY),RIVER / RUNNING SURFACE WATER,162,Alkalinity to pH 4.5 as CaCO3,240,MILLIGRAM PER LITRE
https://environment.data.gov.uk/water-quality/sampling-point/TH-PRTS0046/sample/1431561/observation/0180,TH-PRTS0046,R. THAMES U/S OF THE RUNNYMEDE CHANNEL INTAKE,-0.5101,51.4227,Thames,THAMES - WEST THAMES,Multiple Values,OPEN,FRESHWATER - RIVERS,2025-03-11T13:00:00,2025,MONITORING  (NATIONAL AGENCY POLICY),RIVER / RUNNING SURFACE WATER,180,"Orthophosphate, reactive as P",0.097,MILLIGRAM PER LITRE
https://environment.data.gov.uk/water-quality/sampling-point/TH-PRTS0046/sample/1431561/observation/9901,TH-PRTS0046,R. THAMES U/S OF THE RUNNYMEDE CHANNEL INTAKE,-0.5101,51.4227,Thames,THAMES - WEST THAMES,Multiple Values,OPEN,FRESHWATER - RIVERS,2025-03-11T13:00:00,2025,MONITORING  (NATIONAL AGENCY POLICY),RIVER / RUNNING SURFACE WATER,9901,"Oxygen, Dissolved, % Saturation",105.2,PERCENTAGE
https://environment.data.gov.uk/water-quality/sampling-point/TH-PRTS0046/sample/1431561/observation/9924,TH-PRTS0046,R. THAMES U/S OF THE RUNNYMEDE CHANNEL INTAKE,-0.5101,51.4227,Thames,THAMES - WEST THAMES,Multiple Values,OPEN,FRESHWATER - RIVERS,2025-03-11T13:00:00,2025,MONITORING  (NATIONAL AGENCY POLICY),RIVER / RUNNING SURFACE WATER,9924,"Oxygen, Dissolved as O2",11.9,MILLIGRAM PER LITRE
https://environment.data.gov.uk/water-quality/sampling-point/TH-PRTS0046/sample/1437547/observation/0061,TH-PRTS0046,R. THAMES U/S OF THE RUNNYMEDE CHANNEL INTAKE,-0.5101,51.4227,Thames,THAMES - WEST THAMES,Multiple Values,OPEN,FRESHWATER - RIVERS,2025-05-07T09:44:00,2025,MONITORING  (NATIONAL AGENCY POLICY),RIVER / RUNNING SURFACE WATER,61,pH,8.51,PH UNITS
https://environment.data.gov.uk/water-quality/sampling-point/TH-PRTS0046/sample/1437547/observation/0076,TH-PRTS0046,R. THAMES U/S OF THE RUNNYMEDE CHANNEL INTAKE,-0.5101,51.4227,Thames,THAMES - WEST THAMES,Multiple Values,OPEN,FRESHWATER - RIVERS,2025-05-07T09:44:00,2025,MONITORING  (NATIONAL AGENCY POLICY),RIVER / RUNNING SURFACE WATER,76,Temperature of Water,13.1,CELSIUS
https://environment.data.gov.uk/water-quality/sampling-point/TH-PRTS0046/sample/1437547/observation/0077,TH-PRTS0046,R. THAMES U/S OF THE RUNNYMEDE CHANNEL INTAKE,-0.5101,51.4227,Thames,THAMES - WEST THAMES,Multiple Values,OPEN,FRESHWATER - RIVERS,2025-05-07T09:44:00,2025,MONITORING  (NATIONAL AGENCY POLICY),RIVER / RUNNING SURFACE WATER,77,Conductivity at 25 C,686,MICROSIEMENS PER CENTIMETRE
https://environment.data.gov.uk/water-quality/sampling-point/TH-PRTS0046/sample/1437547/observation/0085,TH-PRTS0046,R. THAMES U/S OF THE RUNNYMEDE CHANNEL INTAKE,-0.5101,51.4227,Thames,THAMES - WEST THAMES,Multiple Values,OPEN,FRESHWATER - RIVERS,2025-05-07T09:44:00,2025,MONITORING  (NATIONAL AGENCY POLICY),RIVER / RUNNING SURFACE WATER,85,BOD : 5 Day ATU,3.7,MILLIGRAM PER LITRE
https://environment.data.gov.uk/water-quality/sampling-point/TH-PRTS0046/sample/1437547/observation/0111,TH-PRTS0046,R. THAMES U/S OF THE RUNNYMEDE CHANNEL INTAKE,-0.5101,51.4227,Thames,THAMES - WEST THAMES,Multiple Values,OPEN,FRESHWATER - RIVERS,2025-05-07T09:44:00,2025,MONITORING  (NATIONAL AGENCY POLICY),RIVER / RUNNING SURFACE WATER,111,Ammoniacal Nitrogen as N,<0.03,MILLIGRAM PER LITRE
https://environment.data.gov.uk/water-quality/sampling-point/TH-PRTS0046/sample/1437547/observation/0116,TH-PRTS0046,R. THAMES U/S OF THE RUNNYMEDE CHANNEL INTAKE,-0.5101,51.4227,Thames,THAMES - WEST THAMES,Multiple Values,OPEN,FRESHWATER - RIVERS,2025-05-07T09:44:00,2025,MONITORING  (NATIONAL AGENCY POLICY),RIVER / RUNNING SURFACE WATER,116,"Nitrogen, Total Oxidised as N",7.9,MILLIGRAM PER LITRE
https://environment.data.gov.uk/water-quality/sampling-point/TH-PRTS0046/sample/1437547/observation/0117,TH-PRTS0046,R. THAMES U/S OF THE RUNNYMEDE CHANNEL INTAKE,-0.5101,51.4227,Thames,THAMES - WEST THAMES,Multiple Values,OPEN,FRESHWATER - RIVERS,2025-05-07T09:44:00,2025,MONITORING  (NATIONAL AGENCY POLICY),RIVER / RUNNING SURFACE WATER,117,Nitrate as N,7.88,MILLIGRAM PER LITRE
https://environment.data.gov.uk/water-quality/sampling-point/TH-PRTS0046/sample/1437547/observation/0118,TH-PRTS0046,R. THAMES U/S OF THE RUNNYMEDE CHANNEL INTAKE,-0.5101,51.4227,Thames,THAMES - WEST THAMES,Multiple Values,OPEN,FRESHWATER - RIVERS,2025-05-07T09:44:00,2025,MONITORING  (NATIONAL AGENCY POLICY),RIVER / RUNNING SURFACE WATER,118,Nitrite as N,0.024,MILLIGRAM PER LITRE
https://environment.data.gov.uk/water-quality/sampling-point/TH-PRTS0046/sample/1437547/observation/0119,TH-PRTS0046,R. THAMES U/S OF THE RUNNYMEDE CHANNEL INTAKE,-0.5101,51.4227,Thames,THAMES - WEST THAMES,Multiple Values,OPEN,FRESHWATER - RIVERS,2025-05-07T09:44:00,2025,MONITORING  (NATIONAL AGENCY POLICY),RIVER / RUNNING SURFACE WATER,119,Ammonia un-ionised as N,<0.00069,MILLIGRAM PER LITRE
https://environment.data.gov.uk/water-quality/sampling-point/TH-PRTS0046/sample/1437547/observation/0162,TH-PRTS0046,R. THAMES U/S OF THE RUNNYMEDE CHANNEL INTAKE,-0.5101,51.4227,Thames,THAMES - WEST THAMES,Multiple Values,OPEN,FRESHWATER - RIVERS,2025-05-07T09:44:00,2025,MONITORING  (NATIONAL AGENCY POLICY),RIVER / RUNNING SURFACE WATER,162,Alkalinity to pH 4.5 as CaCO3,230,MILLIGRAM PER LITRE
https://environment.data.gov.uk/water-quality/sampling-point/TH-PRTS0046/sample/1437547/observation/0180,TH-PRTS0046,R. THAMES U/S OF THE RUNNYMEDE CHANNEL INTAKE,-0.5101,51.4227,Thames,THAMES - WEST THAMES,Multiple Values,OPEN,FRESHWATER - RIVERS,2025-05-07T09:44:00,2025,MONITORING  (NATIONAL AGENCY POLICY),RIVER / RUNNING SURFACE WATER,180,"Orthophosphate, reactive as P",0.098,MILLIGRAM PER LITRE
https://environment.data.gov.uk/water-quality/sampling-point/TH-PRTS0046/sample/1437547/observation/9901,TH-PRTS0046,R. THAMES U/S OF THE RUNNYMEDE CHANNEL INTAKE,-0.5101,51.4227,Thames,THAMES - WEST THAMES,Multiple Values,OPEN,FRESHWATER - RIVERS,2025-05-07T09:44:00,2025,MONITORING  (NATIONAL AGENCY POLICY),RIVER / RUNNING SURFACE WATER,9901,"Oxygen, Dissolved, % Saturation",107.8,PERCENTAGE
https://environment.data.gov.uk/water-quality/sampling-point/TH-PRTS0046/sample/1437547/observation/9924,TH-PRTS0046,R. THAMES U/S OF THE RUNNYMEDE CHANNEL INTAKE,-0.5101,51.4227,Thames,THAMES - WEST THAMES,Multiple Values,OPEN,FRESHWATER - RIVERS,2025-05-07T09:44:00,2025,MONITORING  (NATIONAL AGENCY POLICY),RIVER / RUNNING SURFACE WATER,9924,"Oxygen, Dissolved as O2",11.3,MILLIGRAM PER LITRE
https://environment.data.gov.uk/water-quality/sampling-point/TH-PRTS0046/sample/1439592/observation/0061,TH-PRTS0046,R. THAMES U/S OF THE RUNNYMEDE CHANNEL INTAKE,-0.5101,51.4227,Thames,THAMES - WEST THAMES,Multiple Values,OPEN,FRESHWATER - RIVERS,2025-05-30T08:40:00,2025,MONITORING  (NATIONAL AGENCY POLICY),RIVER / RUNNING SURFACE WATER,61,pH,8.32,PH UNITS
https://environment.data.gov.uk/water-quality/sampling-point/TH-PRTS0046/sample/1439592/observation/0076,TH-PRTS0046,R. THAMES U/S OF THE RUNNYMEDE CHANNEL INTAKE,-0.5101,51.4227,Thames,THAMES - WEST THAMES,Multiple Values,OPEN,FRESHWATER - RIVERS,2025-05-30T08:40:00,2025,MONITORING  (NATIONAL AGENCY POLICY),RIVER / RUNNING SURFACE WATER,76,Temperature of Water,17.2,CELSIUS
https://environment.data.gov.uk/water-quality/sampling-point/TH-PRTS0046/sample/1439592/observation/0077,TH-PRTS0046,R. THAMES U/S OF THE RUNNYMEDE CHANNEL INTAKE,-0.5101,51.4227,Thames,THAMES - WEST THAMES,Multiple Values,OPEN,FRESHWATER - RIVERS,2025-05-30T08:40:00,2025,MONITORING  (NATIONAL AGENCY POLICY),RIVER / RUNNING SURFACE WATER,77,Conductivity at 25 C,695,MICROSIEMENS PER CENTIMETRE
https://environment.data.gov.uk/water-quality/sampling-point/TH-PRTS0046/sample/1439592/observation/0111,TH-PRTS0046,R. THAMES U/S OF THE RUNNYMEDE CHANNEL INTAKE,-0.5101,51.4227,Thames,THAMES - WEST THAMES,Multiple Values,OPEN,FRESHWATER - RIVERS,2025-05-30T08:40:00,2025,MONITORING  (NATIONAL AGENCY POLICY),RIVER / RUNNING SURFACE WATER,111,Ammoniacal Nitrogen as N,<0.03,MILLIGRAM PER LITRE
https://environment.data.gov.uk/water-quality/sampling-point/TH-PRTS0046/sample/1439592/observation/0116,TH-PRTS0046,R. THAMES U/S OF THE RUNNYMEDE CHANNEL INTAKE,-0.5101,51.4227,Thames,THAMES - WEST THAMES,Multiple Values,OPEN,FRESHWATER - RIVERS,2025-05-30T08:40:00,2025,MONITORING  (NATIONAL AGENCY POLICY),RIVER / RUNNING SURFACE WATER,116,"Nitrogen, Total Oxidised as N",7.6,MILLIGRAM PER LITRE
https://environment.data.gov.uk/water-quality/sampling-point/TH-PRTS0046/sample/1439592/observation/0117,TH-PRTS0046,R. THAMES U/S OF THE RUNNYMEDE CHANNEL INTAKE,-0.5101,51.4227,Thames,THAMES - WEST THAMES,Multiple Values,OPEN,FRESHWATER - RIVERS,2025-05-30T08:40:00,2025,MONITORING  (NATIONAL AGENCY POLICY),RIVER / RUNNING SURFACE WATER,117,Nitrate as N,7.58,MILLIGRAM PER LITRE
https://environment.data.gov.uk/water-quality/sampling-point/TH-PRTS0046/sample/1439592/observation/0118,TH-PRTS0046,R. THAMES U/S OF THE RUNNYMEDE CHANNEL INTAKE,-0.5101,51.4227,Thames,THAMES - WEST THAMES,Multiple Values,OPEN,FRESHWATER - RIVERS,2025-05-30T08:40:00,2025,MONITORING  (NATIONAL AGENCY POLICY),RIVER / RUNNING SURFACE WATER,118,Nitrite as N,0.023,MILLIGRAM PER LITRE
https://environment.data.gov.uk/water-quality/sampling-point/TH-PRTS0046/sample/1439592/observation/0119,TH-PRTS0046,R. THAMES U/S OF THE RUNNYMEDE CHANNEL INTAKE,-0.5101,51.4227,Thames,THAMES - WEST THAMES,Multiple Values,OPEN,FRESHWATER - RIVERS,2025-05-30T08:40:00,2025,MONITORING  (NATIONAL AGENCY POLICY),RIVER / RUNNING SURFACE WATER,119,Ammonia un-ionised as N,<0.00092,MILLIGRAM PER LITRE
https://environment.data.gov.uk/water-quality/sampling-point/TH-PRTS0046/sample/1439592/observation/0162,TH-PRTS0046,R. THAMES U/S OF THE RUNNYMEDE CHANNEL INTAKE,-0.5101,51.4227,Thames,THAMES - WEST THAMES,Multiple Values,OPEN,FRESHWATER - RIVERS,2025-05-30T08:40:00,2025,MONITORING  (NATIONAL AGENCY POLICY),RIVER / RUNNING SURFACE WATER,162,Alkalinity to pH 4.5 as CaCO3,240,MILLIGRAM PER LITRE
https://environment.data.gov.uk/water-quality/sampling-point/TH-PRTS0046/sample/1439592/observation/0180,TH-PRTS0046,R. THAMES U/S OF THE RUNNYMEDE CHANNEL INTAKE,-0.5101,51.4227,Thames,THAMES - WEST THAMES,Multiple Values,OPEN,FRESHWATER - RIVERS,2025-05-30T08:40:00,2025,MONITORING  (NATIONAL AGENCY POLICY),RIVER / RUNNING SURFACE WATER,180,"Orthophosphate, reactive as P",0.096,MILLIGRAM PER LITRE
https://environment.data.gov.uk/water-quality/sampling-point/TH-PRTS0046/sample/1439592/observation/9901,TH-PRTS0046,R. THAMES U/S OF THE RUNNYMEDE CHANNEL INTAKE,-0.5101,51.4227,Thames,THAMES - WEST THAMES,Multiple Values,OPEN,FRESHWATER - RIVERS,2025-05-30T08:40:00,2025,MONITORING  (NATIONAL AGENCY POLICY),RIVER / RUNNING SURFACE WATER,9901,"Oxygen, Dissolved, % Saturation",107.7,PERCENTAGE
https://environment.data.gov.uk/water-quality/sampling-point/TH-PRTS0046/sample/1439592/observation/9924,TH-PRTS0046,R. THAMES U/S OF THE RUNNYMEDE CHANNEL INTAKE,-0.5101,51.4227,Thames,THAMES - WEST THAMES,Multiple Values,OPEN,FRESHWATER - RIVERS,2025-05-30T08:40:00,2025,MONITORING  (NATIONAL AGENCY POLICY),RIVER / RUNNING SURFACE WATER,9924,"Oxygen, Dissolved as O2",10.3,MILLIGRAM PER LITRE
https://environment.data.gov.uk/water-quality/sampling-point/TH-PRTS0046/sample/1440125/observation/0061,TH-PRTS0046,R. THAMES U/S OF THE RUNNYMEDE CHANNEL INTAKE,-0.5101,51.4227,Thames,THAMES - WEST THAMES,Multiple Values,OPEN,FRESHWATER - RIVERS,2025-06-18T11:05:00,2025,MONITORING  (NATIONAL AGENCY POLICY),RIVER / RUNNING SURFACE WATER,61,pH,8.19,PH UNITS
https://environment.data.gov.uk/water-quality/sampling-point/TH-PRTS0046/sample/1440125/observation/0076,TH-PRTS0046,R. THAMES U/S OF THE RUNNYMEDE CHANNEL INTAKE,-0.5101,51.4227,Thames,THAMES - WEST THAMES,Multiple Values,OPEN,FRESHWATER - RIVERS,2025-06-18T11:05:00,2025,MONITORING  (NATIONAL AGENCY POLICY),RIVER / RUNNING SURFACE WATER,76,Temperature of Water,20.9,CELSIUS
https://environment.data.gov.uk/water-quality/sampling-point/TH-PRTS0046/sample/1440125/observation/0077,TH-PRTS0046,R. THAMES U/S OF THE RUNNYMEDE CHANNEL INTAKE,-0.5101,51.4227,Thames,THAMES - WEST THAMES,Multiple Values,OPEN,FRESHWATER - RIVERS,2025-06-18T11:05:00,2025,MONITORING  (NATIONAL AGENCY POLICY),RIVER / RUNNING SURFACE WATER,77,Conductivity at 25 C,718,MICROSIEMENS PER CENTIMETRE
https://environment.data.gov.uk/water-quality/sampling-point/TH-PRTS0046/sample/1440125/observation/0085,TH-PRTS0046,R. THAMES U/S OF THE RUNNYMEDE CHANNEL INTAKE,-0.5101,51.4227,Thames,THAMES - WEST THAMES,Multiple Values,OPEN,FRESHWATER - RIVERS,2025-06-18T11:05:00,2025,MONITORING  (NATIONAL AGENCY POLICY),RIVER / RUNNING SURFACE WATER,85,BOD : 5 Day ATU,1.3,MILLIGRAM PER LITRE
https://environment.data.gov.uk/water-quality/sampling-point/TH-PRTS0046/sample/1440125/observation/0111,TH-PRTS0046,R. THAMES U/S OF THE RUNNYMEDE CHANNEL INTAKE,-0.5101,51.4227,Thames,THAMES - WEST THAMES,Multiple Values,OPEN,FRESHWATER - RIVERS,2025-06-18T11:05:00,2025,MONITORING  (NATIONAL AGENCY POLICY),RIVER / RUNNING SURFACE WATER,111,Ammoniacal Nitrogen as N,<0.03,MILLIGRAM PER LITRE
https://environment.data.gov.uk/water-quality/sampling-point/TH-PRTS0046/sample/1440125/observation/0116,TH-PRTS0046,R. THAMES U/S OF THE RUNNYMEDE CHANNEL INTAKE,-0.5101,51.4227,Thames,THAMES - WEST THAMES,Multiple Values,OPEN,FRESHWATER - RIVERS,2025-06-18T11:05:00,2025,MONITORING  (NATIONAL AGENCY POLICY),RIVER / RUNNING SURFACE WATER,116,"Nitrogen, Total Oxidised as N",8.1,MILLIGRAM PER LITRE
https://environment.data.gov.uk/water-quality/sampling-point/TH-PRTS0046/sample/1440125/observation/0117,TH-PRTS0046,R. THAMES U/S OF THE RUNNYMEDE CHANNEL INTAKE,-0.5101,51.4227,Thames,THAMES - WEST THAMES,Multiple Values,OPEN,FRESHWATER - RIVERS,2025-06-18T11:05:00,2025,MONITORING  (NATIONAL AGENCY POLICY),RIVER / RUNNING SURFACE WATER,117,Nitrate as N,8.09,MILLIGRAM PER LITRE
https://environment.data.gov.uk/water-quality/sampling-point/TH-PRTS0046/sample/1440125/observation/0118,TH-PRTS0046,R. THAMES U/S OF THE RUNNYMEDE CHANNEL INTAKE,-0.5101,51.4227,Thames,THAMES - WEST THAMES,Multiple Values,OPEN,FRESHWATER - RIVERS,2025-06-18T11:05:00,2025,MONITORING  (NATIONAL AGENCY POLICY),RIVER / RUNNING SURFACE WATER,118,Nitrite as N,0.015,MILLIGRAM PER LITRE
https://environment.data.gov.uk/water-quality/sampling-point/TH-PRTS0046/sample/1440125/observation/0119,TH-PRTS0046,R. THAMES U/S OF THE RUNNYMEDE CHANNEL INTAKE,-0.5101,51.4227,Thames,THAMES - WEST THAMES,Multiple Values,OPEN,FRESHWATER - RIVERS,2025-06-18T11:05:00,2025,MONITORING  (NATIONAL AGENCY POLICY),RIVER / RUNNING SURFACE WATER,119,Ammonia un-ionised as N,<0.00121,MILLIGRAM PER LITRE
https://environment.data.gov.uk/water-quality/sampling-point/TH-PRTS0046/sample/1440125/observation/0162,TH-PRTS0046,R. THAMES U/S OF THE RUNNYMEDE CHANNEL INTAKE,-0.5101,51.4227,Thames,THAMES - WEST THAMES,Multiple Values,OPEN,FRESHWATER - RIVERS,2025-06-18T11:05:00,2025,MONITORING  (NATIONAL AGENCY POLICY),RIVER / RUNNING SURFACE WATER,162,Alkalinity to pH 4.5 as CaCO3,230,MILLIGRAM PER LITRE
https://environment.data.gov.uk/water-quality/sampling-point/TH-PRTS0046/sample/1440125/observation/0180,TH-PRTS0046,R. THAMES U/S OF THE RUNNYMEDE CHANNEL INTAKE,-0.5101,51.4227,Thames,THAMES - WEST THAMES,Multiple Values,OPEN,FRESHWATER - RIVERS,2025-06-18T11:05:00,2025,MONITORING  (NATIONAL AGENCY POLICY),RIVER / RUNNING SURFACE WATER,180,"Orthophosphate, reactive as P",0.18,MILLIGRAM PER LITRE
https://environment.data.gov.uk/water-quality/sampling-point/TH-PRTS0046/sample/1440125/observation/9901,TH-PRTS0046,R. THAMES U/S OF THE RUNNYMEDE CHANNEL INTAKE,-0.5101,51.4227,Thames,THAMES - WEST THAMES,Multiple Values,OPEN,FRESHWATER - RIVERS,2025-06-18T11:05:00,2025,MONITORING  (NATIONAL AGENCY POLICY),RIVER / RUNNING SURFACE WATER,9901,"Oxygen, Dissolved, % Saturation",99.2,PERCENTAGE
https://environment.data.gov.uk/water-quality/sampling-point/TH-PRTS0046/sample/1440125/observation/9924,TH-PRTS0046,R. THAMES U/S OF THE RUNNYMEDE CHANNEL INTAKE,-0.5101,51.4227,Thames,THAMES - WEST THAMES,Multiple Values,OPEN,FRESHWATER - RIVERS,2025-06-18T11:05:00,2025,MONITORING  (NATIONAL AGENCY POLICY),RIVER / RUNNING SURFACE WATER,9924,"Oxygen, Dissolved as O2",8.84,MILLIGRAM PER LITRE
https://environment.data.gov.uk/water-quality/sampling-point/TH-PRTS0046/sample/1441991/observation/0061,TH-PRTS0046,R. THAMES U/S OF THE RUNNYMEDE CHANNEL INTAKE,-0.5101,51.4227,Thames,THAMES - WEST THAMES,Multiple Values,OPEN,FRESHWATER - RIVERS,2025-07-30T11:52:00,2025,MONITORING  (NATIONAL AGENCY POLICY),RIVER / RUNNING SURFACE WATER,61,pH,8.14,PH UNITS
https://environment.data.gov.uk/water-quality/sampling-point/TH-PRTS0046/sample/1441991/observation/0076,TH-PRTS0046,R. THAMES U/S OF THE RUNNYMEDE CHANNEL INTAKE,-0.5101,51.4227,Thames,THAMES - WEST THAMES,Multiple Values,OPEN,FRESHWATER - RIVERS,2025-07-30T11:52:00,2025,MONITORING  (NATIONAL AGENCY POLICY),RIVER / RUNNING SURFACE WATER,76,Temperature of Water,19.2,CELSIUS
https://environment.data.gov.uk/water-quality/sampling-point/TH-PRTS0046/sample/1441991/observation/0077,TH-PRTS0046,R. THAMES U/S OF THE RUNNYMEDE CHANNEL INTAKE,-0.5101,51.4227,Thames,THAMES - WEST THAMES,Multiple Values,OPEN,FRESHWATER - RIVERS,2025-07-30T11:52:00,2025,MONITORING  (NATIONAL AGENCY POLICY),RIVER / RUNNING SURFACE WATER,77,Conductivity at 25 C,746,MICROSIEMENS PER CENTIMETRE
https://environment.data.gov.uk/water-quality/sampling-point/TH-PRTS0046/sample/1441991/observation/0085,TH-PRTS0046,R. THAMES U/S OF THE RUNNYMEDE CHANNEL INTAKE,-0.5101,51.4227,Thames,THAMES - WEST THAMES,Multiple Values,OPEN,FRESHWATER - RIVERS,2025-07-30T11:52:00,2025,MONITORING  (NATIONAL AGENCY POLICY),RIVER / RUNNING SURFACE WATER,85,BOD : 5 Day ATU,1.1,MILLIGRAM PER LITRE
https://environment.data.gov.uk/water-quality/sampling-point/TH-PRTS0046/sample/1441991/observation/0111,TH-PRTS0046,R. THAMES U/S OF THE RUNNYMEDE CHANNEL INTAKE,-0.5101,51.4227,Thames,THAMES - WEST THAMES,Multiple Values,OPEN,FRESHWATER - RIVERS,2025-07-30T11:52:00,2025,MONITORING  (NATIONAL AGENCY POLICY),RIVER / RUNNING SURFACE WATER,111,Ammoniacal Nitrogen as N,<0.03,MILLIGRAM PER LITRE
https://environment.data.gov.uk/water-quality/sampling-point/TH-PRTS0046/sample/1441991/observation/0116,TH-PRTS0046,R. THAMES U/S OF THE RUNNYMEDE CHANNEL INTAKE,-0.5101,51.4227,Thames,THAMES - WEST THAMES,Multiple Values,OPEN,FRESHWATER - RIVERS,2025-07-30T11:52:00,2025,MONITORING  (NATIONAL AGENCY POLICY),RIVER / RUNNING SURFACE WATER,116,"Nitrogen, Total Oxidised as N",8.9,MILLIGRAM PER LITRE
https://environment.data.gov.uk/water-quality/sampling-point/TH-PRTS0046/sample/1441991/observation/0117,TH-PRTS0046,R. THAMES U/S OF THE RUNNYMEDE CHANNEL INTAKE,-0.5101,51.4227,Thames,THAMES - WEST THAMES,Multiple Values,OPEN,FRESHWATER - RIVERS,2025-07-30T11:52:00,2025,MONITORING  (NATIONAL AGENCY POLICY),RIVER / RUNNING SURFACE WATER,117,Nitrate as N,8.88,MILLIGRAM PER LITRE
https://environment.data.gov.uk/water-quality/sampling-point/TH-PRTS0046/sample/1441991/observation/0118,TH-PRTS0046,R. THAMES U/S OF THE RUNNYMEDE CHANNEL INTAKE,-0.5101,51.4227,Thames,THAMES - WEST THAMES,Multiple Values,OPEN,FRESHWATER - RIVERS,2025-07-30T11:52:00,2025,MONITORING  (NATIONAL AGENCY POLICY),RIVER / RUNNING SURFACE WATER,118,Nitrite as N,0.018,MILLIGRAM PER LITRE
https://environment.data.gov.uk/water-quality/sampling-point/TH-PRTS0046/sample/1441991/observation/0119,TH-PRTS0046,R. THAMES U/S OF THE RUNNYMEDE CHANNEL INTAKE,-0.5101,51.4227,Thames,THAMES - WEST THAMES,Multiple Values,OPEN,FRESHWATER - RIVERS,2025-07-30T11:52:00,2025,MONITORING  (NATIONAL AGENCY POLICY),RIVER / RUNNING SURFACE WATER,119,Ammonia un-ionised as N,<0.00107,MILLIGRAM PER LITRE
https://environment.data.gov.uk/water-quality/sampling-point/TH-PRTS0046/sample/1441991/observation/0162,TH-PRTS0046,R. THAMES U/S OF THE RUNNYMEDE CHANNEL INTAKE,-0.5101,51.4227,Thames,THAMES - WEST THAMES,Multiple Values,OPEN,FRESHWATER - RIVERS,2025-07-30T11:52:00,2025,MONITORING  (NATIONAL AGENCY POLICY),RIVER / RUNNING SURFACE WATER,162,Alkalinity to pH 4.5 as CaCO3,230,MILLIGRAM PER LITRE
https://environment.data.gov.uk/water-quality/sampling-point/TH-PRTS0046/sample/1441991/observation/0180,TH-PRTS0046,R. THAMES U/S OF THE RUNNYMEDE CHANNEL INTAKE,-0.5101,51.4227,Thames,THAMES - WEST THAMES,Multiple Values,OPEN,FRESHWATER - RIVERS,2025-07-30T11:52:00,2025,MONITORING  (NATIONAL AGENCY POLICY),RIVER / RUNNING SURFACE WATER,180,"Orthophosphate, reactive as P",0.21,MILLIGRAM PER LITRE
https://environment.data.gov.uk/water-quality/sampling-point/TH-PRTS0046/sample/1441991/observation/9901,TH-PRTS0046,R. THAMES U/S OF THE RUNNYMEDE CHANNEL INTAKE,-0.5101,51.4227,Thames,THAMES - WEST THAMES,Multiple Values,OPEN,FRESHWATER - RIVERS,2025-07-30T11:52:00,2025,MONITORING  (NATIONAL AGENCY POLICY),RIVER / RUNNING SURFACE WATER,9901,"Oxygen, Dissolved, % Saturation",96.6,PERCENTAGE
https://environment.data.gov.uk/water-quality/sampling-point/TH-PRTS0046/sample/1441991/observation/9924,TH-PRTS0046,R. THAMES U/S OF THE RUNNYMEDE CHANNEL INTAKE,-0.5101,51.4227,Thames,THAMES - WEST THAMES,Multiple Values,OPEN,FRESHWATER - RIVERS,2025-07-30T11:52:00,2025,MONITORING  (NATIONAL AGENCY POLICY),RIVER / RUNNING SURFACE WATER,9924,"Oxygen, Dissolved as O2",8.9,MILLIGRAM PER LITRE
https://environment.data.gov.uk/water-quality/sampling-point/TH-PRTS0046/sample/1443023/observation/0061,TH-PRTS0046,R. THAMES U/S OF THE RUNNYMEDE CHANNEL INTAKE,-0.5101,51.4227,Thames,THAMES - WEST THAMES,Multiple Values,OPEN,FRESHWATER - RIVERS,2025-08-21T12:30:00,2025,MONITORING  (NATIONAL AGENCY POLICY),RIVER / RUNNING SURFACE WATER,61,pH,8.01,PH UNITS
https://environment.data.gov.uk/water-quality/sampling-point/TH-PRTS0046/sample/1443023/observation/0076,TH-PRTS0046,R. THAMES U/S OF THE RUNNYMEDE CHANNEL INTAKE,-0.5101,51.4227,Thames,THAMES - WEST THAMES,Multiple Values,OPEN,FRESHWATER - RIVERS,2025-08-21T12:30:00,2025,MONITORING  (NATIONAL AGENCY POLICY),RIVER / RUNNING SURFACE WATER,76,Temperature of Water,19.4,CELSIUS
https://environment.data.gov.uk/water-quality/sampling-point/TH-PRTS0046/sample/1443023/observation/0077,TH-PRTS0046,R. THAMES U/S OF THE RUNNYMEDE CHANNEL INTAKE,-0.5101,51.4227,Thames,THAMES - WEST THAMES,Multiple Values,OPEN,FRESHWATER - RIVERS,2025-08-21T12:30:00,2025,MONITORING  (NATIONAL AGENCY POLICY),RIVER / RUNNING SURFACE WATER,77,Conductivity at 25 C,773,MICROSIEMENS PER CENTIMETRE
https://environment.data.gov.uk/water-quality/sampling-point/TH-PRTS0046/sample/1443023/observation/0085,TH-PRTS0046,R. THAMES U/S OF THE RUNNYMEDE CHANNEL INTAKE,-0.5101,51.4227,Thames,THAMES - WEST THAMES,Multiple Values,OPEN,FRESHWATER - RIVERS,2025-08-21T12:30:00,2025,MONITORING  (NATIONAL AGENCY POLICY),RIVER / RUNNING SURFACE WATER,85,BOD : 5 Day ATU,<1,MILLIGRAM PER LITRE
https://environment.data.gov.uk/water-quality/sampling-point/TH-PRTS0046/sample/1443023/observation/0111,TH-PRTS0046,R. THAMES U/S OF THE RUNNYMEDE CHANNEL INTAKE,-0.5101,51.4227,Thames,THAMES - WEST THAMES,Multiple Values,OPEN,FRESHWATER - RIVERS,2025-08-21T12:30:00,2025,MONITORING  (NATIONAL AGENCY POLICY),RIVER / RUNNING SURFACE WATER,111,Ammoniacal Nitrogen as N,<0.03,MILLIGRAM PER LITRE
https://environment.data.gov.uk/water-quality/sampling-point/TH-PRTS0046/sample/1443023/observation/0116,TH-PRTS0046,R. THAMES U/S OF THE RUNNYMEDE CHANNEL INTAKE,-0.5101,51.4227,Thames,THAMES - WEST THAMES,Multiple Values,OPEN,FRESHWATER - RIVERS,2025-08-21T12:30:00,2025,MONITORING  (NATIONAL AGENCY POLICY),RIVER / RUNNING SURFACE WATER,116,"Nitrogen, Total Oxidised as N",8.7,MILLIGRAM PER LITRE
https://environment.data.gov.uk/water-quality/sampling-point/TH-PRTS0046/sample/1443023/observation/0117,TH-PRTS0046,R. THAMES U/S OF THE RUNNYMEDE CHANNEL INTAKE,-0.5101,51.4227,Thames,THAMES - WEST THAMES,Multiple Values,OPEN,FRESHWATER - RIVERS,2025-08-21T12:30:00,2025,MONITORING  (NATIONAL AGENCY POLICY),RIVER / RUNNING SURFACE WATER,117,Nitrate as N,8.68,MILLIGRAM PER LITRE
https://environment.data.gov.uk/water-quality/sampling-point/TH-PRTS0046/sample/1443023/observation/0118,TH-PRTS0046,R. THAMES U/S OF THE RUNNYMEDE CHANNEL INTAKE,-0.5101,51.4227,Thames,THAMES - WEST THAMES,Multiple Values,OPEN,FRESHWATER - RIVERS,2025-08-21T12:30:00,2025,MONITORING  (NATIONAL AGENCY POLICY),RIVER / RUNNING SURFACE WATER,118,Nitrite as N,0.016,MILLIGRAM PER LITRE
https://environment.data.gov.uk/water-quality/sampling-point/TH-PRTS0046/sample/1443023/observation/0119,TH-PRTS0046,R. THAMES U/S OF THE RUNNYMEDE CHANNEL INTAKE,-0.5101,51.4227,Thames,THAMES - WEST THAMES,Multiple Values,OPEN,FRESHWATER - RIVERS,2025-08-21T12:30:00,2025,MONITORING  (NATIONAL AGENCY POLICY),RIVER / RUNNING SURFACE WATER,119,Ammonia un-ionised as N,<0.00108,MILLIGRAM PER LITRE
https://environment.data.gov.uk/water-quality/sampling-point/TH-PRTS0046/sample/1443023/observation/0162,TH-PRTS0046,R. THAMES U/S OF THE RUNNYMEDE CHANNEL INTAKE,-0.5101,51.4227,Thames,THAMES - WEST THAMES,Multiple Values,OPEN,FRESHWATER - RIVERS,2025-08-21T12:30:00,2025,MONITORING  (NATIONAL AGENCY POLICY),RIVER / RUNNING SURFACE WATER,162,Alkalinity to pH 4.5 as CaCO3,230,MILLIGRAM PER LITRE
https://environment.data.gov.uk/water-quality/sampling-point/TH-PRTS0046/sample/1443023/observation/0180,TH-PRTS0046,R. THAMES U/S OF THE RUNNYMEDE CHANNEL INTAKE,-0.5101,51.4227,Thames,THAMES - WEST THAMES,Multiple Values,OPEN,FRESHWATER - RIVERS,2025-08-21T12:30:00,2025,MONITORING  (NATIONAL AGENCY POLICY),RIVER / RUNNING SURFACE WATER,180,"Orthophosphate, reactive as P",0.19,MILLIGRAM PER LITRE
https://environment.data.gov.uk/water-quality/sampling-point/TH-PRTS0046/sample/1443023/observation/9901,TH-PRTS0046,R. THAMES U/S OF THE RUNNYMEDE CHANNEL INTAKE,-0.5101,51.4227,Thames,THAMES - WEST THAMES,Multiple Values,OPEN,FRESHWATER - RIVERS,2025-08-21T12:30:00,2025,MONITORING  (NATIONAL AGENCY POLICY),RIVER / RUNNING SURFACE WATER,9901,"Oxygen, Dissolved, % Saturation",90.9,PERCENTAGE
https://environment.data.gov.uk/water-quality/sampling-point/TH-PRTS0046/sample/1443023/observation/9924,TH-PRTS0046,R. THAMES U/S OF THE RUNNYMEDE CHANNEL INTAKE,-0.5101,51.4227,Thames,THAMES - WEST THAMES,Multiple Values,OPEN,FRESHWATER - RIVERS,2025-08-21T12:30:00,2025,MONITORING  (NATIONAL AGENCY POLICY),RIVER / RUNNING SURFACE WATER,9924,"Oxygen, Dissolved as O2",8.34,MILLIGRAM PER LITRE
https://environment.data.gov.uk/water-quality/sampling-point/TH-PRTS0046/sample/1444961/observation/0061,TH-PRTS0046,R. THAMES U/S OF THE RUNNYMEDE CHANNEL INTAKE,-0.5101,51.4227,Thames,THAMES - WEST THAMES,Multiple Values,OPEN,FRESHWATER - RIVERS,2025-09-24T11:02:00,2025,MONITORING  (NATIONAL AGENCY POLICY),RIVER / RUNNING SURFACE WATER,61,pH,8.03,PH UNITS
https://environment.data.gov.uk/water-quality/sampling-point/TH-PRTS0046/sample/1444961/observation/0076,TH-PRTS0046,R. THAMES U/S OF THE RUNNYMEDE CHANNEL INTAKE,-0.5101,51.4227,Thames,THAMES - WEST THAMES,Multiple Values,OPEN,FRESHWATER - RIVERS,2025-09-24T11:02:00,2025,MONITORING  (NATIONAL AGENCY POLICY),RIVER / RUNNING SURFACE WATER,76,Temperature of Water,15.2,CELSIUS
https://environment.data.gov.uk/water-quality/sampling-point/TH-PRTS0046/sample/1444961/observation/0077,TH-PRTS0046,R. THAMES U/S OF THE RUNNYMEDE CHANNEL INTAKE,-0.5101,51.4227,Thames,THAMES - WEST THAMES,Multiple Values,OPEN,FRESHWATER - RIVERS,2025-09-24T11:02:00,2025,MONITORING  (NATIONAL AGENCY POLICY),RIVER / RUNNING SURFACE WATER,77,Conductivity at 25 C,757,MICROSIEMENS PER CENTIMETRE
https://environment.data.gov.uk/water-quality/sampling-point/TH-PRTS0046/sample/1444961/observation/0085,TH-PRTS0046,R. THAMES U/S OF THE RUNNYMEDE CHANNEL INTAKE,-0.5101,51.4227,Thames,THAMES - WEST THAMES,Multiple Values,OPEN,FRESHWATER - RIVERS,2025-09-24T11:02:00,2025,MONITORING  (NATIONAL AGENCY POLICY),RIVER / RUNNING SURFACE WATER,85,BOD : 5 Day ATU,2.4,MILLIGRAM PER LITRE
https://environment.data.gov.uk/water-quality/sampling-point/TH-PRTS0046/sample/1444961/observation/0111,TH-PRTS0046,R. THAMES U/S OF THE RUNNYMEDE CHANNEL INTAKE,-0.5101,51.4227,Thames,THAMES - WEST THAMES,Multiple Values,OPEN,FRESHWATER - RIVERS,2025-09-24T11:02:00,2025,MONITORING  (NATIONAL AGENCY POLICY),RIVER / RUNNING SURFACE WATER,111,Ammoniacal Nitrogen as N,0.056,MILLIGRAM PER LITRE
https://environment.data.gov.uk/water-quality/sampling-point/TH-PRTS0046/sample/1444961/observation/0116,TH-PRTS0046,R. THAMES U/S OF THE RUNNYMEDE CHANNEL INTAKE,-0.5101,51.4227,Thames,THAMES - WEST THAMES,Multiple Values,OPEN,FRESHWATER - RIVERS,2025-09-24T11:02:00,2025,MONITORING  (NATIONAL AGENCY POLICY),RIVER / RUNNING SURFACE WATER,116,"Nitrogen, Total Oxidised as N",9.2,MILLIGRAM PER LITRE
https://environment.data.gov.uk/water-quality/sampling-point/TH-PRTS0046/sample/1444961/observation/0117,TH-PRTS0046,R. THAMES U/S OF THE RUNNYMEDE CHANNEL INTAKE,-0.5101,51.4227,Thames,THAMES - WEST THAMES,Multiple Values,OPEN,FRESHWATER - RIVERS,2025-09-24T11:02:00,2025,MONITORING  (NATIONAL AGENCY POLICY),RIVER / RUNNING SURFACE WATER,117,Nitrate as N,9.17,MILLIGRAM PER LITRE
https://environment.data.gov.uk/water-quality/sampling-point/TH-PRTS0046/sample/1444961/observation/0118,TH-PRTS0046,R. THAMES U/S OF THE RUNNYMEDE CHANNEL INTAKE,-0.5101,51.4227,Thames,THAMES - WEST THAMES,Multiple Values,OPEN,FRESHWATER - RIVERS,2025-09-24T11:02:00,2025,MONITORING  (NATIONAL AGENCY POLICY),RIVER / RUNNING SURFACE WATER,118,Nitrite as N,0.026,MILLIGRAM PER LITRE
https://environment.data.gov.uk/water-quality/sampling-point/TH-PRTS0046/sample/1444961/observation/0119,TH-PRTS0046,R. THAMES U/S OF THE RUNNYMEDE CHANNEL INTAKE,-0.5101,51.4227,Thames,THAMES - WEST THAMES,Multiple Values,OPEN,FRESHWATER - RIVERS,2025-09-24T11:02:00,2025,MONITORING  (NATIONAL AGENCY POLICY),RIVER / RUNNING SURFACE WATER,119,Ammonia un-ionised as N,0.00149,MILLIGRAM PER LITRE
https://environment.data.gov.uk/water-quality/sampling-point/TH-PRTS0046/sample/1444961/observation/0162,TH-PRTS0046,R. THAMES U/S OF THE RUNNYMEDE CHANNEL INTAKE,-0.5101,51.4227,Thames,THAMES - WEST THAMES,Multiple Values,OPEN,FRESHWATER - RIVERS,2025-09-24T11:02:00,2025,MONITORING  (NATIONAL AGENCY POLICY),RIVER / RUNNING SURFACE WATER,162,Alkalinity to pH 4.5 as CaCO3,200,MILLIGRAM PER LITRE
https://environment.data.gov.uk/water-quality/sampling-point/TH-PRTS0046/sample/1444961/observation/0180,TH-PRTS0046,R. THAMES U/S OF THE RUNNYMEDE CHANNEL INTAKE,-0.5101,51.4227,Thames,THAMES - WEST THAMES,Multiple Values,OPEN,FRESHWATER - RIVERS,2025-09-24T11:02:00,2025,MONITORING  (NATIONAL AGENCY POLICY),RIVER / RUNNING SURFACE WATER,180,"Orthophosphate, reactive as P",0.27,MILLIGRAM PER LITRE
https://environment.data.gov.uk/water-quality/sampling-point/TH-PRTS0046/sample/1444961/observation/9901,TH-PRTS0046,R. THAMES U/S OF THE RUNNYMEDE CHANNEL INTAKE,-0.5101,51.4227,Thames,THAMES - WEST THAMES,Multiple Values,OPEN,FRESHWATER - RIVERS,2025-09-24T11:02:00,2025,MONITORING  (NATIONAL AGENCY POLICY),RIVER / RUNNING SURFACE WATER,9901,"Oxygen, Dissolved, % Saturation",93.3,PERCENTAGE
https://environment.data.gov.uk/water-quality/sampling-point/TH-PRTS0046/sample/1444961/observation/9924,TH-PRTS0046,R. THAMES U/S OF THE RUNNYMEDE CHANNEL INTAKE,-0.5101,51.4227,Thames,THAMES - WEST THAMES,Multiple Values,OPEN,FRESHWATER - RIVERS,2025-09-24T11:02:00,2025,MONITORING  (NATIONAL AGENCY POLICY),RIVER / RUNNING SURFACE WATER,9924,"Oxygen, Dissolved as O2",9.34,MILLIGRAM PER LITRE
https://environment.data.gov.uk/water-quality/sampling-point/TH-PRTS0046/sample/1451012/observation/0061,TH-PRTS0046,R. THAMES U/S OF THE RUNNYMEDE CHANNEL INTAKE,-0.5101,51.4227,Thames,THAMES - WEST THAMES,Multiple Values,OPEN,FRESHWATER - RIVERS,2025-10-21T11:02:00,2025,MONITORING  (NATIONAL AGENCY POLICY),RIVER / RUNNING SURFACE WATER,61,pH,7.88,PH UNITS
https://environment.data.gov.uk/water-quality/sampling-point/TH-PRTS0046/sample/1451012/observation/0076,TH-PRTS0046,R. THAMES U/S OF THE RUNNYMEDE CHANNEL INTAKE,-0.5101,51.4227,Thames,THAMES - WEST THAMES,Multiple Values,OPEN,FRESHWATER - RIVERS,2025-10-21T11:02:00,2025,MONITORING  (NATIONAL AGENCY POLICY),RIVER / RUNNING SURFACE WATER,76,Temperature of Water,14.3,CELSIUS
https://environment.data.gov.uk/water-quality/sampling-point/TH-PRTS0046/sample/1451012/observation/0077,TH-PRTS0046,R. THAMES U/S OF THE RUNNYMEDE CHANNEL INTAKE,-0.5101,51.4227,Thames,THAMES - WEST THAMES,Multiple Values,OPEN,FRESHWATER - RIVERS,2025-10-21T11:02:00,2025,MONITORING  (NATIONAL AGENCY POLICY),RIVER / RUNNING SURFACE WATER,77,Conductivity at 25 C,711,MICROSIEMENS PER CENTIMETRE
https://environment.data.gov.uk/water-quality/sampling-point/TH-PRTS0046/sample/1451012/observation/0085,TH-PRTS0046,R. THAMES U/S OF THE RUNNYMEDE CHANNEL INTAKE,-0.5101,51.4227,Thames,THAMES - WEST THAMES,Multiple Values,OPEN,FRESHWATER - RIVERS,2025-10-21T11:02:00,2025,MONITORING  (NATIONAL AGENCY POLICY),RIVER / RUNNING SURFACE WATER,85,BOD : 5 Day ATU,<4,MILLIGRAM PER LITRE
https://environment.data.gov.uk/water-quality/sampling-point/TH-PRTS0046/sample/1451012/observation/0111,TH-PRTS0046,R. THAMES U/S OF THE RUNNYMEDE CHANNEL INTAKE,-0.5101,51.4227,Thames,THAMES - WEST THAMES,Multiple Values,OPEN,FRESHWATER - RIVERS,2025-10-21T11:02:00,2025,MONITORING  (NATIONAL AGENCY POLICY),RIVER / RUNNING SURFACE WATER,111,Ammoniacal Nitrogen as N,0.068,MILLIGRAM PER LITRE
https://environment.data.gov.uk/water-quality/sampling-point/TH-PRTS0046/sample/1451012/observation/0116,TH-PRTS0046,R. THAMES U/S OF THE RUNNYMEDE CHANNEL INTAKE,-0.5101,51.4227,Thames,THAMES - WEST THAMES,Multiple Values,OPEN,FRESHWATER - RIVERS,2025-10-21T11:02:00,2025,MONITORING  (NATIONAL AGENCY POLICY),RIVER / RUNNING SURFACE WATER,116,"Nitrogen, Total Oxidised as N",9.6,MILLIGRAM PER LITRE
https://environment.data.gov.uk/water-quality/sampling-point/TH-PRTS0046/sample/1451012/observation/0117,TH-PRTS0046,R. THAMES U/S OF THE RUNNYMEDE CHANNEL INTAKE,-0.5101,51.4227,Thames,THAMES - WEST THAMES,Multiple Values,OPEN,FRESHWATER - RIVERS,2025-10-21T11:02:00,2025,MONITORING  (NATIONAL AGENCY POLICY),RIVER / RUNNING SURFACE WATER,117,Nitrate as N,9.56,MILLIGRAM PER LITRE
https://environment.data.gov.uk/water-quality/sampling-point/TH-PRTS0046/sample/1451012/observation/0118,TH-PRTS0046,R. THAMES U/S OF THE RUNNYMEDE CHANNEL INTAKE,-0.5101,51.4227,Thames,THAMES - WEST THAMES,Multiple Values,OPEN,FRESHWATER - RIVERS,2025-10-21T11:02:00,2025,MONITORING  (NATIONAL AGENCY POLICY),RIVER / RUNNING SURFACE WATER,118,Nitrite as N,0.042,MILLIGRAM PER LITRE
https://environment.data.gov.uk/water-quality/sampling-point/TH-PRTS0046/sample/1451012/observation/0119,TH-PRTS0046,R. THAMES U/S OF THE RUNNYMEDE CHANNEL INTAKE,-0.5101,51.4227,Thames,THAMES - WEST THAMES,Multiple Values,OPEN,FRESHWATER - RIVERS,2025-10-21T11:02:00,2025,MONITORING  (NATIONAL AGENCY POLICY),RIVER / RUNNING SURFACE WATER,119,Ammonia un-ionised as N,0.0013,MILLIGRAM PER LITRE
https://environment.data.gov.uk/water-quality/sampling-point/TH-PRTS0046/sample/1451012/observation/0162,TH-PRTS0046,R. THAMES U/S OF THE RUNNYMEDE CHANNEL INTAKE,-0.5101,51.4227,Thames,THAMES - WEST THAMES,Multiple Values,OPEN,FRESHWATER - RIVERS,2025-10-21T11:02:00,2025,MONITORING  (NATIONAL AGENCY POLICY),RIVER / RUNNING SURFACE WATER,162,Alkalinity to pH 4.5 as CaCO3,170,MILLIGRAM PER LITRE
https://environment.data.gov.uk/water-quality/sampling-point/TH-PRTS0046/sample/1451012/observation/0180,TH-PRTS0046,R. THAMES U/S OF THE RUNNYMEDE CHANNEL INTAKE,-0.5101,51.4227,Thames,THAMES - WEST THAMES,Multiple Values,OPEN,FRESHWATER - RIVERS,2025-10-21T11:02:00,2025,MONITORING  (NATIONAL AGENCY POLICY),RIVER / RUNNING SURFACE WATER,180,"Orthophosphate, reactive as P",0.24,MILLIGRAM PER LITRE
https://environment.data.gov.uk/water-quality/sampling-point/TH-PRTS0046/sample/1451012/observation/9901,TH-PRTS0046,R. THAMES U/S OF THE RUNNYMEDE CHANNEL INTAKE,-0.5101,51.4227,Thames,THAMES - WEST THAMES,Multiple Values,OPEN,FRESHWATER - RIVERS,2025-10-21T11:02:00,2025,MONITORING  (NATIONAL AGENCY POLICY),RIVER / RUNNING SURFACE WATER,9901,"Oxygen, Dissolved, % Saturation",92.7,PERCENTAGE
https://environment.data.gov.uk/water-quality/sampling-point/TH-PRTS0046/sample/1451012/observation/9924,TH-PRTS0046,R. THAMES U/S OF THE RUNNYMEDE CHANNEL INTAKE,-0.5101,51.4227,Thames,THAMES - WEST THAMES,Multiple Values,OPEN,FRESHWATER - RIVERS,2025-10-21T11:02:00,2025,MONITORING  (NATIONAL AGENCY POLICY),RIVER / RUNNING SURFACE WATER,9924,"Oxygen, Dissolved as O2",9.47,MILLIGRAM PER LITRE
https://environment.data.gov.uk/water-quality/sampling-point/TH-PRTS0046/sample/1451714/observation/0061,TH-PRTS0046,R. THAMES U/S OF THE RUNNYMEDE CHANNEL INTAKE,-0.5101,51.4227,Thames,THAMES - WEST THAMES,Multiple Values,OPEN,FRESHWATER - RIVERS,2025-11-07T09:18:00,2025,MONITORING  (NATIONAL AGENCY POLICY),RIVER / RUNNING SURFACE WATER,61,pH,8.01,PH UNITS
https://environment.data.gov.uk/water-quality/sampling-point/TH-PRTS0046/sample/1451714/observation/0076,TH-PRTS0046,R. THAMES U/S OF THE RUNNYMEDE CHANNEL INTAKE,-0.5101,51.4227,Thames,THAMES - WEST THAMES,Multiple Values,OPEN,FRESHWATER - RIVERS,2025-11-07T09:18:00,2025,MONITORING  (NATIONAL AGENCY POLICY),RIVER / RUNNING SURFACE WATER,76,Temperature of Water,12.7,CELSIUS
https://environment.data.gov.uk/water-quality/sampling-point/TH-PRTS0046/sample/1451714/observation/0077,TH-PRTS0046,R. THAMES U/S OF THE RUNNYMEDE CHANNEL INTAKE,-0.5101,51.4227,Thames,THAMES - WEST THAMES,Multiple Values,OPEN,FRESHWATER - RIVERS,2025-11-07T09:18:00,2025,MONITORING  (NATIONAL AGENCY POLICY),RIVER / RUNNING SURFACE WATER,77,Conductivity at 25 C,782,MICROSIEMENS PER CENTIMETRE
https://environment.data.gov.uk/water-quality/sampling-point/TH-PRTS0046/sample/1451714/observation/0085,TH-PRTS0046,R. THAMES U/S OF THE RUNNYMEDE CHANNEL INTAKE,-0.5101,51.4227,Thames,THAMES - WEST THAMES,Multiple Values,OPEN,FRESHWATER - RIVERS,2025-11-07T09:18:00,2025,MONITORING  (NATIONAL AGENCY POLICY),RIVER / RUNNING SURFACE WATER,85,BOD : 5 Day ATU,<1,MILLIGRAM PER LITRE
https://environment.data.gov.uk/water-quality/sampling-point/TH-PRTS0046/sample/1451714/observation/0111,TH-PRTS0046,R. THAMES U/S OF THE RUNNYMEDE CHANNEL INTAKE,-0.5101,51.4227,Thames,THAMES - WEST THAMES,Multiple Values,OPEN,FRESHWATER - RIVERS,2025-11-07T09:18:00,2025,MONITORING  (NATIONAL AGENCY POLICY),RIVER / RUNNING SURFACE WATER,111,Ammoniacal Nitrogen as N,0.05,MILLIGRAM PER LITRE
https://environment.data.gov.uk/water-quality/sampling-point/TH-PRTS0046/sample/1451714/observation/0116,TH-PRTS0046,R. THAMES U/S OF THE RUNNYMEDE CHANNEL INTAKE,-0.5101,51.4227,Thames,THAMES - WEST THAMES,Multiple Values,OPEN,FRESHWATER - RIVERS,2025-11-07T09:18:00,2025,MONITORING  (NATIONAL AGENCY POLICY),RIVER / RUNNING SURFACE WATER,116,"Nitrogen, Total Oxidised as N",9.9,MILLIGRAM PER LITRE
https://environment.data.gov.uk/water-quality/sampling-point/TH-PRTS0046/sample/1451714/observation/0117,TH-PRTS0046,R. THAMES U/S OF THE RUNNYMEDE CHANNEL INTAKE,-0.5101,51.4227,Thames,THAMES - WEST THAMES,Multiple Values,OPEN,FRESHWATER - RIVERS,2025-11-07T09:18:00,2025,MONITORING  (NATIONAL AGENCY POLICY),RIVER / RUNNING SURFACE WATER,117,Nitrate as N,9.87,MILLIGRAM PER LITRE
https://environment.data.gov.uk/water-quality/sampling-point/TH-PRTS0046/sample/1451714/observation/0118,TH-PRTS0046,R. THAMES U/S OF THE RUNNYMEDE CHANNEL INTAKE,-0.5101,51.4227,Thames,THAMES - WEST THAMES,Multiple Values,OPEN,FRESHWATER - RIVERS,2025-11-07T09:18:00,2025,MONITORING  (NATIONAL AGENCY POLICY),RIVER / RUNNING SURFACE WATER,118,Nitrite as N,0.034,MILLIGRAM PER LITRE
https://environment.data.gov.uk/water-quality/sampling-point/TH-PRTS0046/sample/1451714/observation/0119,TH-PRTS0046,R. THAMES U/S OF THE RUNNYMEDE CHANNEL INTAKE,-0.5101,51.4227,Thames,THAMES - WEST THAMES,Multiple Values,OPEN,FRESHWATER - RIVERS,2025-11-07T09:18:00,2025,MONITORING  (NATIONAL AGENCY POLICY),RIVER / RUNNING SURFACE WATER,119,Ammonia un-ionised as N,0.00111,MILLIGRAM PER LITRE
https://environment.data.gov.uk/water-quality/sampling-point/TH-PRTS0046/sample/1451714/observation/0162,TH-PRTS0046,R. THAMES U/S OF THE RUNNYMEDE CHANNEL INTAKE,-0.5101,51.4227,Thames,THAMES - WEST THAMES,Multiple Values,OPEN,FRESHWATER - RIVERS,2025-11-07T09:18:00,2025,MONITORING  (NATIONAL AGENCY POLICY),RIVER / RUNNING SURFACE WATER,162,Alkalinity to pH 4.5 as CaCO3,230,MILLIGRAM PER LITRE
https://environment.data.gov.uk/water-quality/sampling-point/TH-PRTS0046/sample/1451714/observation/0180,TH-PRTS0046,R. THAMES U/S OF THE RUNNYMEDE CHANNEL INTAKE,-0.5101,51.4227,Thames,THAMES - WEST THAMES,Multiple Values,OPEN,FRESHWATER - RIVERS,2025-11-07T09:18:00,2025,MONITORING  (NATIONAL AGENCY POLICY),RIVER / RUNNING SURFACE WATER,180,"Orthophosphate, reactive as P",0.26,MILLIGRAM PER LITRE
https://environment.data.gov.uk/water-quality/sampling-point/TH-PRTS0046/sample/1451714/observation/9901,TH-PRTS0046,R. THAMES U/S OF THE RUNNYMEDE CHANNEL INTAKE,-0.5101,51.4227,Thames,THAMES - WEST THAMES,Multiple Values,OPEN,FRESHWATER - RIVERS,2025-11-07T09:18:00,2025,MONITORING  (NATIONAL AGENCY POLICY),RIVER / RUNNING SURFACE WATER,9901,"Oxygen, Dissolved, % Saturation",91.4,PERCENTAGE
https://environment.data.gov.uk/water-quality/sampling-point/TH-PRTS0046/sample/1451714/observation/9924,TH-PRTS0046,R. THAMES U/S OF THE RUNNYMEDE CHANNEL INTAKE,-0.5101,51.4227,Thames,THAMES - WEST THAMES,Multiple Values,OPEN,FRESHWATER - RIVERS,2025-11-07T09:18:00,2025,MONITORING  (NATIONAL AGENCY POLICY),RIVER / RUNNING SURFACE WATER,9924,"Oxygen, Dissolved as O2",9.67,MILLIGRAM PER LITRE
https://environment.data.gov.uk/water-quality/sampling-point/TH-PRTS0046/sample/1453811/observation/0061,TH-PRTS0046,R. THAMES U/S OF THE RUNNYMEDE CHANNEL INTAKE,-0.5101,51.4227,Thames,THAMES - WEST THAMES,Multiple Values,OPEN,FRESHWATER - RIVERS,2025-12-12T11:23:00,2025,MONITORING  (NATIONAL AGENCY POLICY),RIVER / RUNNING SURFACE WATER,61,pH,8.08,PH UNITS
https://environment.data.gov.uk/water-quality/sampling-point/TH-PRTS0046/sample/1453811/observation/0076,TH-PRTS0046,R. THAMES U/S OF THE RUNNYMEDE CHANNEL INTAKE,-0.5101,51.4227,Thames,THAMES - WEST THAMES,Multiple Values,OPEN,FRESHWATER - RIVERS,2025-12-12T11:23:00,2025,MONITORING  (NATIONAL AGENCY POLICY),RIVER / RUNNING SURFACE WATER,76,Temperature of Water,10.5,CELSIUS
https://environment.data.gov.uk/water-quality/sampling-point/TH-PRTS0046/sample/1453811/observation/0077,TH-PRTS0046,R. THAMES U/S OF THE RUNNYMEDE CHANNEL INTAKE,-0.5101,51.4227,Thames,THAMES - WEST THAMES,Multiple Values,OPEN,FRESHWATER - RIVERS,2025-12-12T11:23:00,2025,MONITORING  (NATIONAL AGENCY POLICY),RIVER / RUNNING SURFACE WATER,77,Conductivity at 25 C,613,MICROSIEMENS PER CENTIMETRE
https://environment.data.gov.uk/water-quality/sampling-point/TH-PRTS0046/sample/1453811/observation/0085,TH-PRTS0046,R. THAMES U/S OF THE RUNNYMEDE CHANNEL INTAKE,-0.5101,51.4227,Thames,THAMES - WEST THAMES,Multiple Values,OPEN,FRESHWATER - RIVERS,2025-12-12T11:23:00,2025,MONITORING  (NATIONAL AGENCY POLICY),RIVER / RUNNING SURFACE WATER,85,BOD : 5 Day ATU,<3,MILLIGRAM PER LITRE
https://environment.data.gov.uk/water-quality/sampling-point/TH-PRTS0046/sample/1453811/observation/0111,TH-PRTS0046,R. THAMES U/S OF THE RUNNYMEDE CHANNEL INTAKE,-0.5101,51.4227,Thames,THAMES - WEST THAMES,Multiple Values,OPEN,FRESHWATER - RIVERS,2025-12-12T11:23:00,2025,MONITORING  (NATIONAL AGENCY POLICY),RIVER / RUNNING SURFACE WATER,111,Ammoniacal Nitrogen as N,<0.03,MILLIGRAM PER LITRE
https://environment.data.gov.uk/water-quality/sampling-point/TH-PRTS0046/sample/1453811/observation/0116,TH-PRTS0046,R. THAMES U/S OF THE RUNNYMEDE CHANNEL INTAKE,-0.5101,51.4227,Thames,THAMES - WEST THAMES,Multiple Values,OPEN,FRESHWATER - RIVERS,2025-12-12T11:23:00,2025,MONITORING  (NATIONAL AGENCY POLICY),RIVER / RUNNING SURFACE WATER,116,"Nitrogen, Total Oxidised as N",7.1,MILLIGRAM PER LITRE
https://environment.data.gov.uk/water-quality/sampling-point/TH-PRTS0046/sample/1453811/observation/0117,TH-PRTS0046,R. THAMES U/S OF THE RUNNYMEDE CHANNEL INTAKE,-0.5101,51.4227,Thames,THAMES - WEST THAMES,Multiple Values,OPEN,FRESHWATER - RIVERS,2025-12-12T11:23:00,2025,MONITORING  (NATIONAL AGENCY POLICY),RIVER / RUNNING SURFACE WATER,117,Nitrate as N,7.09,MILLIGRAM PER LITRE
https://environment.data.gov.uk/water-quality/sampling-point/TH-PRTS0046/sample/1453811/observation/0118,TH-PRTS0046,R. THAMES U/S OF THE RUNNYMEDE CHANNEL INTAKE,-0.5101,51.4227,Thames,THAMES - WEST THAMES,Multiple Values,OPEN,FRESHWATER - RIVERS,2025-12-12T11:23:00,2025,MONITORING  (NATIONAL AGENCY POLICY),RIVER / RUNNING SURFACE WATER,118,Nitrite as N,0.013,MILLIGRAM PER LITRE
https://environment.data.gov.uk/water-quality/sampling-point/TH-PRTS0046/sample/1453811/observation/0119,TH-PRTS0046,R. THAMES U/S OF THE RUNNYMEDE CHANNEL INTAKE,-0.5101,51.4227,Thames,THAMES - WEST THAMES,Multiple Values,OPEN,FRESHWATER - RIVERS,2025-12-12T11:23:00,2025,MONITORING  (NATIONAL AGENCY POLICY),RIVER / RUNNING SURFACE WATER,119,Ammonia un-ionised as N,<0.00057,MILLIGRAM PER LITRE
https://environment.data.gov.uk/water-quality/sampling-point/TH-PRTS0046/sample/1453811/observation/0162,TH-PRTS0046,R. THAMES U/S OF THE RUNNYMEDE CHANNEL INTAKE,-0.5101,51.4227,Thames,THAMES - WEST THAMES,Multiple Values,OPEN,FRESHWATER - RIVERS,2025-12-12T11:23:00,2025,MONITORING  (NATIONAL AGENCY POLICY),RIVER / RUNNING SURFACE WATER,162,Alkalinity to pH 4.5 as CaCO3,180,MILLIGRAM PER LITRE
https://environment.data.gov.uk/water-quality/sampling-point/TH-PRTS0046/sample/1453811/observation/0180,TH-PRTS0046,R. THAMES U/S OF THE RUNNYMEDE CHANNEL INTAKE,-0.5101,51.4227,Thames,THAMES - WEST THAMES,Multiple Values,OPEN,FRESHWATER - RIVERS,2025-12-12T11:23:00,2025,MONITORING  (NATIONAL AGENCY POLICY),RIVER / RUNNING SURFACE WATER,180,"Orthophosphate, reactive as P",0.15,MILLIGRAM PER LITRE
https://environment.data.gov.uk/water-quality/sampling-point/TH-PRTS0046/sample/1453811/observation/9901,TH-PRTS0046,R. THAMES U/S OF THE RUNNYMEDE CHANNEL INTAKE,-0.5101,51.4227,Thames,THAMES - WEST THAMES,Multiple Values,OPEN,FRESHWATER - RIVERS,2025-12-12T11:23:00,2025,MONITORING  (NATIONAL AGENCY POLICY),RIVER / RUNNING SURFACE WATER,9901,"Oxygen, Dissolved, % Saturation",99.8,PERCENTAGE
https://environment.data.gov.uk/water-quality/sampling-point/TH-PRTS0046/sample/1453811/observation/9924,TH-PRTS0046,R. THAMES U/S OF THE RUNNYMEDE CHANNEL INTAKE,-0.5101,51.4227,Thames,THAMES - WEST THAMES,Multiple Values,OPEN,FRESHWATER - RIVERS,2025-12-12T11:23:00,2025,MONITORING  (NATIONAL AGENCY POLICY),RIVER / RUNNING SURFACE WATER,9924,"Oxygen, Dissolved as O2",11.1,MILLIGRAM PER LITRE
https://environment.data.gov.uk/water-quality/sampling-point/TH-PRTS0065/sample/1423275/observation/0061,TH-PRTS0065,R. THAMES D/S OF SPELTHORNE CHANNEL O/F,-0.4503,51.3823,Thames,THAMES - WEST THAMES,Multiple Values,OPEN,FRESHWATER - RIVERS,2025-01-28T12:10:00,2025,MONITORING  (NATIONAL AGENCY POLICY),RIVER / RUNNING SURFACE WATER,61,pH,8.01,PH UNITS
https://environment.data.gov.uk/water-quality/sampling-point/TH-PRTS0065/sample/1423275/observation/0076,TH-PRTS0065,R. THAMES D/S OF SPELTHORNE CHANNEL O/F,-0.4503,51.3823,Thames,THAMES - WEST THAMES,Multiple Values,OPEN,FRESHWATER - RIVERS,2025-01-28T12:10:00,2025,MONITORING  (NATIONAL AGENCY POLICY),RIVER / RUNNING SURFACE WATER,76,Temperature of Water,6.7,CELSIUS
https://environment.data.gov.uk/water-quality/sampling-point/TH-PRTS0065/sample/1423275/observation/0077,TH-PRTS0065,R. THAMES D/S OF SPELTHORNE CHANNEL O/F,-0.4503,51.3823,Thames,THAMES - WEST THAMES,Multiple Values,OPEN,FRESHWATER - RIVERS,2025-01-28T12:10:00,2025,MONITORING  (NATIONAL AGENCY POLICY),RIVER / RUNNING SURFACE WATER,77,Conductivity at 25 C,513,MICROSIEMENS PER CENTIMETRE
https://environment.data.gov.uk/water-quality/sampling-point/TH-PRTS0065/sample/1423275/observation/0085,TH-PRTS0065,R. THAMES D/S OF SPELTHORNE CHANNEL O/F,-0.4503,51.3823,Thames,THAMES - WEST THAMES,Multiple Values,OPEN,FRESHWATER - RIVERS,2025-01-28T12:10:00,2025,MONITORING  (NATIONAL AGENCY POLICY),RIVER / RUNNING SURFACE WATER,85,BOD : 5 Day ATU,1.9,MILLIGRAM PER LITRE
https://environment.data.gov.uk/water-quality/sampling-point/TH-PRTS0065/sample/1423275/observation/0111,TH-PRTS0065,R. THAMES D/S OF SPELTHORNE CHANNEL O/F,-0.4503,51.3823,Thames,THAMES - WEST THAMES,Multiple Values,OPEN,FRESHWATER - RIVERS,2025-01-28T12:10:00,2025,MONITORING  (NATIONAL AGENCY POLICY),RIVER / RUNNING SURFACE WATER,111,Ammoniacal Nitrogen as N,0.11,MILLIGRAM PER LITRE
https://environment.data.gov.uk/water-quality/sampling-point/TH-PRTS0065/sample/1423275/observation/0116,TH-PRTS0065,R. THAMES D/S OF SPELTHORNE CHANNEL O/F,-0.4503,51.3823,Thames,THAMES - WEST THAMES,Multiple Values,OPEN,FRESHWATER - RIVERS,2025-01-28T12:10:00,2025,MONITORING  (NATIONAL AGENCY POLICY),RIVER / RUNNING SURFACE WATER,116,"Nitrogen, Total Oxidised as N",4.5,MILLIGRAM PER LITRE
https://environment.data.gov.uk/water-quality/sampling-point/TH-PRTS0065/sample/1423275/observation/0117,TH-PRTS0065,R. THAMES D/S OF SPELTHORNE CHANNEL O/F,-0.4503,51.3823,Thames,THAMES - WEST THAMES,Multiple Values,OPEN,FRESHWATER - RIVERS,2025-01-28T12:10:00,2025,MONITORING  (NATIONAL AGENCY POLICY),RIVER / RUNNING SURFACE WATER,117,Nitrate as N,4.46,MILLIGRAM PER LITRE
https://environment.data.gov.uk/water-quality/sampling-point/TH-PRTS0065/sample/1423275/observation/0118,TH-PRTS0065,R. THAMES D/S OF SPELTHORNE CHANNEL O/F,-0.4503,51.3823,Thames,THAMES - WEST THAMES,Multiple Values,OPEN,FRESHWATER - RIVERS,2025-01-28T12:10:00,2025,MONITORING  (NATIONAL AGENCY POLICY),RIVER / RUNNING SURFACE WATER,118,Nitrite as N,0.041,MILLIGRAM PER LITRE
https://environment.data.gov.uk/water-quality/sampling-point/TH-PRTS0065/sample/1423275/observation/0119,TH-PRTS0065,R. THAMES D/S OF SPELTHORNE CHANNEL O/F,-0.4503,51.3823,Thames,THAMES - WEST THAMES,Multiple Values,OPEN,FRESHWATER - RIVERS,2025-01-28T12:10:00,2025,MONITORING  (NATIONAL AGENCY POLICY),RIVER / RUNNING SURFACE WATER,119,Ammonia un-ionised as N,0.00157,MILLIGRAM PER LITRE
https://environment.data.gov.uk/water-quality/sampling-point/TH-PRTS0065/sample/1423275/observation/0162,TH-PRTS0065,R. THAMES D/S OF SPELTHORNE CHANNEL O/F,-0.4503,51.3823,Thames,THAMES - WEST THAMES,Multiple Values,OPEN,FRESHWATER - RIVERS,2025-01-28T12:10:00,2025,MONITORING  (NATIONAL AGENCY POLICY),RIVER / RUNNING SURFACE WATER,162,Alkalinity to pH 4.5 as CaCO3,160,MILLIGRAM PER LITRE
https://environment.data.gov.uk/water-quality/sampling-point/TH-PRTS0065/sample/1423275/observation/0180,TH-PRTS0065,R. THAMES D/S OF SPELTHORNE CHANNEL O/F,-0.4503,51.3823,Thames,THAMES - WEST THAMES,Multiple Values,OPEN,FRESHWATER - RIVERS,2025-01-28T12:10:00,2025,MONITORING  (NATIONAL AGENCY POLICY),RIVER / RUNNING SURFACE WATER,180,"Orthophosphate, reactive as P",0.14,MILLIGRAM PER LITRE
https://environment.data.gov.uk/water-quality/sampling-point/TH-PRTS0065/sample/1423275/observation/2921,TH-PRTS0065,R. THAMES D/S OF SPELTHORNE CHANNEL O/F,-0.4503,51.3823,Thames,THAMES - WEST THAMES,Multiple Values,OPEN,FRESHWATER - RIVERS,2025-01-28T12:10:00,2025,MONITORING  (NATIONAL AGENCY POLICY),RIVER / RUNNING SURFACE WATER,2921,Perfluoro-3-methoxypropanoic acid,<0.0005,MICROGRAM PER LITRE
https://environment.data.gov.uk/water-quality/sampling-point/TH-PRTS0065/sample/1423275/observation/2922,TH-PRTS0065,R. THAMES D/S OF SPELTHORNE CHANNEL O/F,-0.4503,51.3823,Thames,THAMES - WEST THAMES,Multiple Values,OPEN,FRESHWATER - RIVERS,2025-01-28T12:10:00,2025,MONITORING  (NATIONAL AGENCY POLICY),RIVER / RUNNING SURFACE WATER,2922,"Perfluoro-3,6-dioxaheptanoic acid",<0.0005,MICROGRAM PER LITRE
https://environment.data.gov.uk/water-quality/sampling-point/TH-PRTS0065/sample/1423275/observation/2923,TH-PRTS0065,R. THAMES D/S OF SPELTHORNE CHANNEL O/F,-0.4503,51.3823,Thames,THAMES - WEST THAMES,Multiple Values,OPEN,FRESHWATER - RIVERS,2025-01-28T12:10:00,2025,MONITORING  (NATIONAL AGENCY POLICY),RIVER / RUNNING SURFACE WATER,2923,Perfluoro(4-methoxybutanoic) acid,<0.0005,MICROGRAM PER LITRE
https://environment.data.gov.uk/water-quality/sampling-point/TH-PRTS0065/sample/1423275/observation/2924,TH-PRTS0065,R. THAMES D/S OF SPELTHORNE CHANNEL O/F,-0.4503,51.3823,Thames,THAMES - WEST THAMES,Multiple Values,OPEN,FRESHWATER - RIVERS,2025-01-28T12:10:00,2025,MONITORING  (NATIONAL AGENCY POLICY),RIVER / RUNNING SURFACE WATER,2924,Perfluoro(2-ethoxyethane)sulfonic acid,<0.0005,MICROGRAM PER LITRE
https://environment.data.gov.uk/water-quality/sampling-point/TH-PRTS0065/sample/1423275/observation/2925,TH-PRTS0065,R. THAMES D/S OF SPELTHORNE CHANNEL O/F,-0.4503,51.3823,Thames,THAMES - WEST THAMES,Multiple Values,OPEN,FRESHWATER - RIVERS,2025-01-28T12:10:00,2025,MONITORING  (NATIONAL AGENCY POLICY),RIVER / RUNNING SURFACE WATER,2925,3-Perfluoroheptylpropanoic acid,<0.0005,MICROGRAM PER LITRE
https://environment.data.gov.uk/water-quality/sampling-point/TH-PRTS0065/sample/1423275/observation/2926,TH-PRTS0065,R. THAMES D/S OF SPELTHORNE CHANNEL O/F,-0.4503,51.3823,Thames,THAMES - WEST THAMES,Multiple Values,OPEN,FRESHWATER - RIVERS,2025-01-28T12:10:00,2025,MONITORING  (NATIONAL AGENCY POLICY),RIVER / RUNNING SURFACE WATER,2926,3:3 Fluorotelomer carboxylic acid,<0.004,MICROGRAM PER LITRE
https://environment.data.gov.uk/water-quality/sampling-point/TH-PRTS0065/sample/1423275/observation/2942,TH-PRTS0065,R. THAMES D/S OF SPELTHORNE CHANNEL O/F,-0.4503,51.3823,Thames,THAMES - WEST THAMES,Multiple Values,OPEN,FRESHWATER - RIVERS,2025-01-28T12:10:00,2025,MONITORING  (NATIONAL AGENCY POLICY),RIVER / RUNNING SURFACE WATER,2942,2-(N-Ethylperfluorooctanesulfonamido)acetic acid (B),<0.001,MICROGRAM PER LITRE
https://environment.data.gov.uk/water-quality/sampling-point/TH-PRTS0065/sample/1423275/observation/2943,TH-PRTS0065,R. THAMES D/S OF SPELTHORNE CHANNEL O/F,-0.4503,51.3823,Thames,THAMES - WEST THAMES,Multiple Values,OPEN,FRESHWATER - RIVERS,2025-01-28T12:10:00,2025,MONITORING  (NATIONAL AGENCY POLICY),RIVER / RUNNING SURFACE WATER,2943,2-(N-Methylperfluorooctanesulfonamido)acetic acid (B),<0.002,MICROGRAM PER LITRE
https://environment.data.gov.uk/water-quality/sampling-point/TH-PRTS0065/sample/1423275/observation/2944,TH-PRTS0065,R. THAMES D/S OF SPELTHORNE CHANNEL O/F,-0.4503,51.3823,Thames,THAMES - WEST THAMES,Multiple Values,OPEN,FRESHWATER - RIVERS,2025-01-28T12:10:00,2025,MONITORING  (NATIONAL AGENCY POLICY),RIVER / RUNNING SURFACE WATER,2944,Perfluorohexanesulfonic acid (B),<0.0005,MICROGRAM PER LITRE
https://environment.data.gov.uk/water-quality/sampling-point/TH-PRTS0065/sample/1423275/observation/2953,TH-PRTS0065,R. THAMES D/S OF SPELTHORNE CHANNEL O/F,-0.4503,51.3823,Thames,THAMES - WEST THAMES,Multiple Values,OPEN,FRESHWATER - RIVERS,2025-01-28T12:10:00,2025,MONITORING  (NATIONAL AGENCY POLICY),RIVER / RUNNING SURFACE WATER,2953,Perfluoroundecane sulfonic acid,<0.004,MICROGRAM PER LITRE
https://environment.data.gov.uk/water-quality/sampling-point/TH-PRTS0065/sample/1423275/observation/2955,TH-PRTS0065,R. THAMES D/S OF SPELTHORNE CHANNEL O/F,-0.4503,51.3823,Thames,THAMES - WEST THAMES,Multiple Values,OPEN,FRESHWATER - RIVERS,2025-01-28T12:10:00,2025,MONITORING  (NATIONAL AGENCY POLICY),RIVER / RUNNING SURFACE WATER,2955,Perfluorotridecanoic acid,<0.005,MICROGRAM PER LITRE
https://environment.data.gov.uk/water-quality/sampling-point/TH-PRTS0065/sample/1423275/observation/2957,TH-PRTS0065,R. THAMES D/S OF SPELTHORNE CHANNEL O/F,-0.4503,51.3823,Thames,THAMES - WEST THAMES,Multiple Values,OPEN,FRESHWATER - RIVERS,2025-01-28T12:10:00,2025,MONITORING  (NATIONAL AGENCY POLICY),RIVER / RUNNING SURFACE WATER,2957,Perfluoropentanesulfonic acid,<0.0005,MICROGRAM PER LITRE
https://environment.data.gov.uk/water-quality/sampling-point/TH-PRTS0065/sample/1423275/observation/2959,TH-PRTS0065,R. THAMES D/S OF SPELTHORNE CHANNEL O/F,-0.4503,51.3823,Thames,THAMES - WEST THAMES,Multiple Values,OPEN,FRESHWATER - RIVERS,2025-01-28T12:10:00,2025,MONITORING  (NATIONAL AGENCY POLICY),RIVER / RUNNING SURFACE WATER,2959,Perfluorooctanesulfonic acid (linear),0.0026,MICROGRAM PER LITRE
https://environment.data.gov.uk/water-quality/sampling-point/TH-PRTS0065/sample/1423275/observation/2960,TH-PRTS0065,R. THAMES D/S OF SPELTHORNE CHANNEL O/F,-0.4503,51.3823,Thames,THAMES - WEST THAMES,Multiple Values,OPEN,FRESHWATER - RIVERS,2025-01-28T12:10:00,2025,MONITORING  (NATIONAL AGENCY POLICY),RIVER / RUNNING SURFACE WATER,2960,Perfluorooctanesulfonic acid (branched),0.0019,MICROGRAM PER LITRE
https://environment.data.gov.uk/water-quality/sampling-point/TH-PRTS0065/sample/1423275/observation/2961,TH-PRTS0065,R. THAMES D/S OF SPELTHORNE CHANNEL O/F,-0.4503,51.3823,Thames,THAMES - WEST THAMES,Multiple Values,OPEN,FRESHWATER - RIVERS,2025-01-28T12:10:00,2025,MONITORING  (NATIONAL AGENCY POLICY),RIVER / RUNNING SURFACE WATER,2961,Perfluorooctanesulfonamide,<0.001,MICROGRAM PER LITRE
https://environment.data.gov.uk/water-quality/sampling-point/TH-PRTS0065/sample/1423275/observation/2962,TH-PRTS0065,R. THAMES D/S OF SPELTHORNE CHANNEL O/F,-0.4503,51.3823,Thames,THAMES - WEST THAMES,Multiple Values,OPEN,FRESHWATER - RIVERS,2025-01-28T12:10:00,2025,MONITORING  (NATIONAL AGENCY POLICY),RIVER / RUNNING SURFACE WATER,2962,Perfluorooctadecanoic acid,<0.002,MICROGRAM PER LITRE
https://environment.data.gov.uk/water-quality/sampling-point/TH-PRTS0065/sample/1423275/observation/2963,TH-PRTS0065,R. THAMES D/S OF SPELTHORNE CHANNEL O/F,-0.4503,51.3823,Thames,THAMES - WEST THAMES,Multiple Values,OPEN,FRESHWATER - RIVERS,2025-01-28T12:10:00,2025,MONITORING  (NATIONAL AGENCY POLICY),RIVER / RUNNING SURFACE WATER,2963,Perfluorononanesulfonic acid,<0.0005,MICROGRAM PER LITRE
https://environment.data.gov.uk/water-quality/sampling-point/TH-PRTS0065/sample/1423275/observation/2964,TH-PRTS0065,R. THAMES D/S OF SPELTHORNE CHANNEL O/F,-0.4503,51.3823,Thames,THAMES - WEST THAMES,Multiple Values,OPEN,FRESHWATER - RIVERS,2025-01-28T12:10:00,2025,MONITORING  (NATIONAL AGENCY POLICY),RIVER / RUNNING SURFACE WATER,2964,Perfluorohexanesulfonic acid (L),0.0019,MICROGRAM PER LITRE
https://environment.data.gov.uk/water-quality/sampling-point/TH-PRTS0065/sample/1423275/observation/2965,TH-PRTS0065,R. THAMES D/S OF SPELTHORNE CHANNEL O/F,-0.4503,51.3823,Thames,THAMES - WEST THAMES,Multiple Values,OPEN,FRESHWATER - RIVERS,2025-01-28T12:10:00,2025,MONITORING  (NATIONAL AGENCY POLICY),RIVER / RUNNING SURFACE WATER,2965,Perfluorohexanesulfonamide,<0.0005,MICROGRAM PER LITRE
https://environment.data.gov.uk/water-quality/sampling-point/TH-PRTS0065/sample/1423275/observation/2967,TH-PRTS0065,R. THAMES D/S OF SPELTHORNE CHANNEL O/F,-0.4503,51.3823,Thames,THAMES - WEST THAMES,Multiple Values,OPEN,FRESHWATER - RIVERS,2025-01-28T12:10:00,2025,MONITORING  (NATIONAL AGENCY POLICY),RIVER / RUNNING SURFACE WATER,2967,Perfluoroheptanesulfonic acid,<0.0005,MICROGRAM PER LITRE
https://environment.data.gov.uk/water-quality/sampling-point/TH-PRTS0065/sample/1423275/observation/2968,TH-PRTS0065,R. THAMES D/S OF SPELTHORNE CHANNEL O/F,-0.4503,51.3823,Thames,THAMES - WEST THAMES,Multiple Values,OPEN,FRESHWATER - RIVERS,2025-01-28T12:10:00,2025,MONITORING  (NATIONAL AGENCY POLICY),RIVER / RUNNING SURFACE WATER,2968,Perfluorododecane sulfonic acid,<0.005,MICROGRAM PER LITRE
https://environment.data.gov.uk/water-quality/sampling-point/TH-PRTS0065/sample/1423275/observation/2969,TH-PRTS0065,R. THAMES D/S OF SPELTHORNE CHANNEL O/F,-0.4503,51.3823,Thames,THAMES - WEST THAMES,Multiple Values,OPEN,FRESHWATER - RIVERS,2025-01-28T12:10:00,2025,MONITORING  (NATIONAL AGENCY POLICY),RIVER / RUNNING SURFACE WATER,2969,Perfluorodecanesulfonic acid,<0.002,MICROGRAM PER LITRE
https://environment.data.gov.uk/water-quality/sampling-point/TH-PRTS0065/sample/1423275/observation/2970,TH-PRTS0065,R. THAMES D/S OF SPELTHORNE CHANNEL O/F,-0.4503,51.3823,Thames,THAMES - WEST THAMES,Multiple Values,OPEN,FRESHWATER - RIVERS,2025-01-28T12:10:00,2025,MONITORING  (NATIONAL AGENCY POLICY),RIVER / RUNNING SURFACE WATER,2970,Perfluorobutylsulfonamide (perfluorobutane sulfonamide),<0.0005,MICROGRAM PER LITRE
https://environment.data.gov.uk/water-quality/sampling-point/TH-PRTS0065/sample/1423275/observation/2972,TH-PRTS0065,R. THAMES D/S OF SPELTHORNE CHANNEL O/F,-0.4503,51.3823,Thames,THAMES - WEST THAMES,Multiple Values,OPEN,FRESHWATER - RIVERS,2025-01-28T12:10:00,2025,MONITORING  (NATIONAL AGENCY POLICY),RIVER / RUNNING SURFACE WATER,2972,Perfluorobutanesulfonic acid,0.0022,MICROGRAM PER LITRE
https://environment.data.gov.uk/water-quality/sampling-point/TH-PRTS0065/sample/1423275/observation/2973,TH-PRTS0065,R. THAMES D/S OF SPELTHORNE CHANNEL O/F,-0.4503,51.3823,Thames,THAMES - WEST THAMES,Multiple Values,OPEN,FRESHWATER - RIVERS,2025-01-28T12:10:00,2025,MONITORING  (NATIONAL AGENCY POLICY),RIVER / RUNNING SURFACE WATER,2973,Perfluoro-4-ethylcyclohexanesulfonic acid,<0.0005,MICROGRAM PER LITRE
https://environment.data.gov.uk/water-quality/sampling-point/TH-PRTS0065/sample/1423275/observation/2975,TH-PRTS0065,R. THAMES D/S OF SPELTHORNE CHANNEL O/F,-0.4503,51.3823,Thames,THAMES - WEST THAMES,Multiple Values,OPEN,FRESHWATER - RIVERS,2025-01-28T12:10:00,2025,MONITORING  (NATIONAL AGENCY POLICY),RIVER / RUNNING SURFACE WATER,2975,N-methylperfluorooctanesulfonamide,<0.002,MICROGRAM PER LITRE
https://environment.data.gov.uk/water-quality/sampling-point/TH-PRTS0065/sample/1423275/observation/2977,TH-PRTS0065,R. THAMES D/S OF SPELTHORNE CHANNEL O/F,-0.4503,51.3823,Thames,THAMES - WEST THAMES,Multiple Values,OPEN,FRESHWATER - RIVERS,2025-01-28T12:10:00,2025,MONITORING  (NATIONAL AGENCY POLICY),RIVER / RUNNING SURFACE WATER,2977,N-Ethylperfluorooctanesulfonamide,<0.002,MICROGRAM PER LITRE
https://environment.data.gov.uk/water-quality/sampling-point/TH-PRTS0065/sample/1423275/observation/2981,TH-PRTS0065,R. THAMES D/S OF SPELTHORNE CHANNEL O/F,-0.4503,51.3823,Thames,THAMES - WEST THAMES,Multiple Values,OPEN,FRESHWATER - RIVERS,2025-01-28T12:10:00,2025,MONITORING  (NATIONAL AGENCY POLICY),RIVER / RUNNING SURFACE WATER,2981,Hexafluoropropylene oxide dimer acid (Gen X),<0.001,MICROGRAM PER LITRE
https://environment.data.gov.uk/water-quality/sampling-point/TH-PRTS0065/sample/1423275/observation/2982,TH-PRTS0065,R. THAMES D/S OF SPELTHORNE CHANNEL O/F,-0.4503,51.3823,Thames,THAMES - WEST THAMES,Multiple Values,OPEN,FRESHWATER - RIVERS,2025-01-28T12:10:00,2025,MONITORING  (NATIONAL AGENCY POLICY),RIVER / RUNNING SURFACE WATER,2982,9-chlorohexadecafluoro-3-oxanonane-1-sulfonic acid,<0.0005,MICROGRAM PER LITRE
https://environment.data.gov.uk/water-quality/sampling-point/TH-PRTS0065/sample/1423275/observation/2983,TH-PRTS0065,R. THAMES D/S OF SPELTHORNE CHANNEL O/F,-0.4503,51.3823,Thames,THAMES - WEST THAMES,Multiple Values,OPEN,FRESHWATER - RIVERS,2025-01-28T12:10:00,2025,MONITORING  (NATIONAL AGENCY POLICY),RIVER / RUNNING SURFACE WATER,2983,8:2 Fluorotelomer sulfonic acid,<0.001,MICROGRAM PER LITRE
https://environment.data.gov.uk/water-quality/sampling-point/TH-PRTS0065/sample/1423275/observation/2984,TH-PRTS0065,R. THAMES D/S OF SPELTHORNE CHANNEL O/F,-0.4503,51.3823,Thames,THAMES - WEST THAMES,Multiple Values,OPEN,FRESHWATER - RIVERS,2025-01-28T12:10:00,2025,MONITORING  (NATIONAL AGENCY POLICY),RIVER / RUNNING SURFACE WATER,2984,6:2 Fluorotelomer sulfonic acid,<0.001,MICROGRAM PER LITRE
https://environment.data.gov.uk/water-quality/sampling-point/TH-PRTS0065/sample/1423275/observation/2987,TH-PRTS0065,R. THAMES D/S OF SPELTHORNE CHANNEL O/F,-0.4503,51.3823,Thames,THAMES - WEST THAMES,Multiple Values,OPEN,FRESHWATER - RIVERS,2025-01-28T12:10:00,2025,MONITORING  (NATIONAL AGENCY POLICY),RIVER / RUNNING SURFACE WATER,2987,4:2 Fluorotelomer sulfonic acid,<0.0005,MICROGRAM PER LITRE
https://environment.data.gov.uk/water-quality/sampling-point/TH-PRTS0065/sample/1423275/observation/2988,TH-PRTS0065,R. THAMES D/S OF SPELTHORNE CHANNEL O/F,-0.4503,51.3823,Thames,THAMES - WEST THAMES,Multiple Values,OPEN,FRESHWATER - RIVERS,2025-01-28T12:10:00,2025,MONITORING  (NATIONAL AGENCY POLICY),RIVER / RUNNING SURFACE WATER,2988,"4,8-Dioxa-3H-perfluorononanoic acid (ADONA)",<0.005,MICROGRAM PER LITRE
https://environment.data.gov.uk/water-quality/sampling-point/TH-PRTS0065/sample/1423275/observation/2989,TH-PRTS0065,R. THAMES D/S OF SPELTHORNE CHANNEL O/F,-0.4503,51.3823,Thames,THAMES - WEST THAMES,Multiple Values,OPEN,FRESHWATER - RIVERS,2025-01-28T12:10:00,2025,MONITORING  (NATIONAL AGENCY POLICY),RIVER / RUNNING SURFACE WATER,2989,"2H,2H,3H,3H-Perfluorooctanoic acid",<0.001,MICROGRAM PER LITRE
https://environment.data.gov.uk/water-quality/sampling-point/TH-PRTS0065/sample/1423275/observation/2990,TH-PRTS0065,R. THAMES D/S OF SPELTHORNE CHANNEL O/F,-0.4503,51.3823,Thames,THAMES - WEST THAMES,Multiple Values,OPEN,FRESHWATER - RIVERS,2025-01-28T12:10:00,2025,MONITORING  (NATIONAL AGENCY POLICY),RIVER / RUNNING SURFACE WATER,2990,2-(N-Methylperfluorooctanesulfonamido)acetic acid (L),<0.0005,MICROGRAM PER LITRE
https://environment.data.gov.uk/water-quality/sampling-point/TH-PRTS0065/sample/1423275/observation/2991,TH-PRTS0065,R. THAMES D/S OF SPELTHORNE CHANNEL O/F,-0.4503,51.3823,Thames,THAMES - WEST THAMES,Multiple Values,OPEN,FRESHWATER - RIVERS,2025-01-28T12:10:00,2025,MONITORING  (NATIONAL AGENCY POLICY),RIVER / RUNNING SURFACE WATER,2991,2-(N-Ethylperfluorooctanesulfonamido)acetic acid (L),<0.001,MICROGRAM PER LITRE
https://environment.data.gov.uk/water-quality/sampling-point/TH-PRTS0065/sample/1423275/observation/2993,TH-PRTS0065,R. THAMES D/S OF SPELTHORNE CHANNEL O/F,-0.4503,51.3823,Thames,THAMES - WEST THAMES,Multiple Values,OPEN,FRESHWATER - RIVERS,2025-01-28T12:10:00,2025,MONITORING  (NATIONAL AGENCY POLICY),RIVER / RUNNING SURFACE WATER,2993,11-chloroeicosafluoro-3-oxaundecane-1-sulfonic acid (F-53B Minor),<0.001,MICROGRAM PER LITRE
https://environment.data.gov.uk/water-quality/sampling-point/TH-PRTS0065/sample/1423275/observation/2995,TH-PRTS0065,R. THAMES D/S OF SPELTHORNE CHANNEL O/F,-0.4503,51.3823,Thames,THAMES - WEST THAMES,Multiple Values,OPEN,FRESHWATER - RIVERS,2025-01-28T12:10:00,2025,MONITORING  (NATIONAL AGENCY POLICY),RIVER / RUNNING SURFACE WATER,2995,Perfluorobutanoic acid,0.0029,MICROGRAM PER LITRE
https://environment.data.gov.uk/water-quality/sampling-point/TH-PRTS0065/sample/1423275/observation/8887,TH-PRTS0065,R. THAMES D/S OF SPELTHORNE CHANNEL O/F,-0.4503,51.3823,Thames,THAMES - WEST THAMES,Multiple Values,OPEN,FRESHWATER - RIVERS,2025-01-28T12:10:00,2025,MONITORING  (NATIONAL AGENCY POLICY),RIVER / RUNNING SURFACE WATER,8887,Perfluoropentanoic acid,0.002,MICROGRAM PER LITRE
https://environment.data.gov.uk/water-quality/sampling-point/TH-PRTS0065/sample/1423275/observation/8888,TH-PRTS0065,R. THAMES D/S OF SPELTHORNE CHANNEL O/F,-0.4503,51.3823,Thames,THAMES - WEST THAMES,Multiple Values,OPEN,FRESHWATER - RIVERS,2025-01-28T12:10:00,2025,MONITORING  (NATIONAL AGENCY POLICY),RIVER / RUNNING SURFACE WATER,8888,Perfluorohexanoic acid,<0.002,MICROGRAM PER LITRE
https://environment.data.gov.uk/water-quality/sampling-point/TH-PRTS0065/sample/1423275/observation/8889,TH-PRTS0065,R. THAMES D/S OF SPELTHORNE CHANNEL O/F,-0.4503,51.3823,Thames,THAMES - WEST THAMES,Multiple Values,OPEN,FRESHWATER - RIVERS,2025-01-28T12:10:00,2025,MONITORING  (NATIONAL AGENCY POLICY),RIVER / RUNNING SURFACE WATER,8889,Perfluoroheptanoic acid,0.0012,MICROGRAM PER LITRE
https://environment.data.gov.uk/water-quality/sampling-point/TH-PRTS0065/sample/1423275/observation/8890,TH-PRTS0065,R. THAMES D/S OF SPELTHORNE CHANNEL O/F,-0.4503,51.3823,Thames,THAMES - WEST THAMES,Multiple Values,OPEN,FRESHWATER - RIVERS,2025-01-28T12:10:00,2025,MONITORING  (NATIONAL AGENCY POLICY),RIVER / RUNNING SURFACE WATER,8890,Perfluorooctanoic acid,0.0023,MICROGRAM PER LITRE
https://environment.data.gov.uk/water-quality/sampling-point/TH-PRTS0065/sample/1423275/observation/8891,TH-PRTS0065,R. THAMES D/S OF SPELTHORNE CHANNEL O/F,-0.4503,51.3823,Thames,THAMES - WEST THAMES,Multiple Values,OPEN,FRESHWATER - RIVERS,2025-01-28T12:10:00,2025,MONITORING  (NATIONAL AGENCY POLICY),RIVER / RUNNING SURFACE WATER,8891,Perfluorononanoic acid,<0.001,MICROGRAM PER LITRE
https://environment.data.gov.uk/water-quality/sampling-point/TH-PRTS0065/sample/1423275/observation/8892,TH-PRTS0065,R. THAMES D/S OF SPELTHORNE CHANNEL O/F,-0.4503,51.3823,Thames,THAMES - WEST THAMES,Multiple Values,OPEN,FRESHWATER - RIVERS,2025-01-28T12:10:00,2025,MONITORING  (NATIONAL AGENCY POLICY),RIVER / RUNNING SURFACE WATER,8892,Perfluorodecanoic acid,<0.002,MICROGRAM PER LITRE
https://environment.data.gov.uk/water-quality/sampling-point/TH-PRTS0065/sample/1423275/observation/8893,TH-PRTS0065,R. THAMES D/S OF SPELTHORNE CHANNEL O/F,-0.4503,51.3823,Thames,THAMES - WEST THAMES,Multiple Values,OPEN,FRESHWATER - RIVERS,2025-01-28T12:10:00,2025,MONITORING  (NATIONAL AGENCY POLICY),RIVER / RUNNING SURFACE WATER,8893,Perfluoroundecanoic acid,<0.002,MICROGRAM PER LITRE
https://environment.data.gov.uk/water-quality/sampling-point/TH-PRTS0065/sample/1423275/observation/8894,TH-PRTS0065,R. THAMES D/S OF SPELTHORNE CHANNEL O/F,-0.4503,51.3823,Thames,THAMES - WEST THAMES,Multiple Values,OPEN,FRESHWATER - RIVERS,2025-01-28T12:10:00,2025,MONITORING  (NATIONAL AGENCY POLICY),RIVER / RUNNING SURFACE WATER,8894,Perfluorododecanoic acid,<0.002,MICROGRAM PER LITRE
https://environment.data.gov.uk/water-quality/sampling-point/TH-PRTS0065/sample/1423275/observation/8895,TH-PRTS0065,R. THAMES D/S OF SPELTHORNE CHANNEL O/F,-0.4503,51.3823,Thames,THAMES - WEST THAMES,Multiple Values,OPEN,FRESHWATER - RIVERS,2025-01-28T12:10:00,2025,MONITORING  (NATIONAL AGENCY POLICY),RIVER / RUNNING SURFACE WATER,8895,Perfluorotetradecanoic acid,<0.006,MICROGRAM PER LITRE
https://environment.data.gov.uk/water-quality/sampling-point/TH-PRTS0065/sample/1423275/observation/9901,TH-PRTS0065,R. THAMES D/S OF SPELTHORNE CHANNEL O/F,-0.4503,51.3823,Thames,THAMES - WEST THAMES,Multiple Values,OPEN,FRESHWATER - RIVERS,2025-01-28T12:10:00,2025,MONITORING  (NATIONAL AGENCY POLICY),RIVER / RUNNING SURFACE WATER,9901,"Oxygen, Dissolved, % Saturation",98.2,PERCENTAGE
https://environment.data.gov.uk/water-quality/sampling-point/TH-PRTS0065/sample/1423275/observation/9924,TH-PRTS0065,R. THAMES D/S OF SPELTHORNE CHANNEL O/F,-0.4503,51.3823,Thames,THAMES - WEST THAMES,Multiple Values,OPEN,FRESHWATER - RIVERS,2025-01-28T12:10:00,2025,MONITORING  (NATIONAL AGENCY POLICY),RIVER / RUNNING SURFACE WATER,9924,"Oxygen, Dissolved as O2",12,MILLIGRAM PER LITRE
https://environment.data.gov.uk/water-quality/sampling-point/TH-PRTS0065/sample/1424150/observation/0061,TH-PRTS0065,R. THAMES D/S OF SPELTHORNE CHANNEL O/F,-0.4503,51.3823,Thames,THAMES - WEST THAMES,Multiple Values,OPEN,FRESHWATER - RIVERS,2025-02-18T12:19:00,2025,MONITORING  (NATIONAL AGENCY POLICY),RIVER / RUNNING SURFACE WATER,61,pH,8.25,PH UNITS
https://environment.data.gov.uk/water-quality/sampling-point/TH-PRTS0065/sample/1424150/observation/0076,TH-PRTS0065,R. THAMES D/S OF SPELTHORNE CHANNEL O/F,-0.4503,51.3823,Thames,THAMES - WEST THAMES,Multiple Values,OPEN,FRESHWATER - RIVERS,2025-02-18T12:19:00,2025,MONITORING  (NATIONAL AGENCY POLICY),RIVER / RUNNING SURFACE WATER,76,Temperature of Water,5.6,CELSIUS
https://environment.data.gov.uk/water-quality/sampling-point/TH-PRTS0065/sample/1424150/observation/0077,TH-PRTS0065,R. THAMES D/S OF SPELTHORNE CHANNEL O/F,-0.4503,51.3823,Thames,THAMES - WEST THAMES,Multiple Values,OPEN,FRESHWATER - RIVERS,2025-02-18T12:19:00,2025,MONITORING  (NATIONAL AGENCY POLICY),RIVER / RUNNING SURFACE WATER,77,Conductivity at 25 C,647,MICROSIEMENS PER CENTIMETRE
https://environment.data.gov.uk/water-quality/sampling-point/TH-PRTS0065/sample/1424150/observation/0085,TH-PRTS0065,R. THAMES D/S OF SPELTHORNE CHANNEL O/F,-0.4503,51.3823,Thames,THAMES - WEST THAMES,Multiple Values,OPEN,FRESHWATER - RIVERS,2025-02-18T12:19:00,2025,MONITORING  (NATIONAL AGENCY POLICY),RIVER / RUNNING SURFACE WATER,85,BOD : 5 Day ATU,1.8,MILLIGRAM PER LITRE
https://environment.data.gov.uk/water-quality/sampling-point/TH-PRTS0065/sample/1424150/observation/0111,TH-PRTS0065,R. THAMES D/S OF SPELTHORNE CHANNEL O/F,-0.4503,51.3823,Thames,THAMES - WEST THAMES,Multiple Values,OPEN,FRESHWATER - RIVERS,2025-02-18T12:19:00,2025,MONITORING  (NATIONAL AGENCY POLICY),RIVER / RUNNING SURFACE WATER,111,Ammoniacal Nitrogen as N,0.052,MILLIGRAM PER LITRE
https://environment.data.gov.uk/water-quality/sampling-point/TH-PRTS0065/sample/1424150/observation/0116,TH-PRTS0065,R. THAMES D/S OF SPELTHORNE CHANNEL O/F,-0.4503,51.3823,Thames,THAMES - WEST THAMES,Multiple Values,OPEN,FRESHWATER - RIVERS,2025-02-18T12:19:00,2025,MONITORING  (NATIONAL AGENCY POLICY),RIVER / RUNNING SURFACE WATER,116,"Nitrogen, Total Oxidised as N",6.6,MILLIGRAM PER LITRE
https://environment.data.gov.uk/water-quality/sampling-point/TH-PRTS0065/sample/1424150/observation/0117,TH-PRTS0065,R. THAMES D/S OF SPELTHORNE CHANNEL O/F,-0.4503,51.3823,Thames,THAMES - WEST THAMES,Multiple Values,OPEN,FRESHWATER - RIVERS,2025-02-18T12:19:00,2025,MONITORING  (NATIONAL AGENCY POLICY),RIVER / RUNNING SURFACE WATER,117,Nitrate as N,6.56,MILLIGRAM PER LITRE
https://environment.data.gov.uk/water-quality/sampling-point/TH-PRTS0065/sample/1424150/observation/0118,TH-PRTS0065,R. THAMES D/S OF SPELTHORNE CHANNEL O/F,-0.4503,51.3823,Thames,THAMES - WEST THAMES,Multiple Values,OPEN,FRESHWATER - RIVERS,2025-02-18T12:19:00,2025,MONITORING  (NATIONAL AGENCY POLICY),RIVER / RUNNING SURFACE WATER,118,Nitrite as N,0.037,MILLIGRAM PER LITRE
https://environment.data.gov.uk/water-quality/sampling-point/TH-PRTS0065/sample/1424150/observation/0119,TH-PRTS0065,R. THAMES D/S OF SPELTHORNE CHANNEL O/F,-0.4503,51.3823,Thames,THAMES - WEST THAMES,Multiple Values,OPEN,FRESHWATER - RIVERS,2025-02-18T12:19:00,2025,MONITORING  (NATIONAL AGENCY POLICY),RIVER / RUNNING SURFACE WATER,119,Ammonia un-ionised as N,0.00069,MILLIGRAM PER LITRE
https://environment.data.gov.uk/water-quality/sampling-point/TH-PRTS0065/sample/1424150/observation/0162,TH-PRTS0065,R. THAMES D/S OF SPELTHORNE CHANNEL O/F,-0.4503,51.3823,Thames,THAMES - WEST THAMES,Multiple Values,OPEN,FRESHWATER - RIVERS,2025-02-18T12:19:00,2025,MONITORING  (NATIONAL AGENCY POLICY),RIVER / RUNNING SURFACE WATER,162,Alkalinity to pH 4.5 as CaCO3,230,MILLIGRAM PER LITRE
https://environment.data.gov.uk/water-quality/sampling-point/TH-PRTS0065/sample/1424150/observation/0180,TH-PRTS0065,R. THAMES D/S OF SPELTHORNE CHANNEL O/F,-0.4503,51.3823,Thames,THAMES - WEST THAMES,Multiple Values,OPEN,FRESHWATER - RIVERS,2025-02-18T12:19:00,2025,MONITORING  (NATIONAL AGENCY POLICY),RIVER / RUNNING SURFACE WATER,180,"Orthophosphate, reactive as P",0.092,MILLIGRAM PER LITRE
https://environment.data.gov.uk/water-quality/sampling-point/TH-PRTS0065/sample/1424150/observation/9901,TH-PRTS0065,R. THAMES D/S OF SPELTHORNE CHANNEL O/F,-0.4503,51.3823,Thames,THAMES - WEST THAMES,Multiple Values,OPEN,FRESHWATER - RIVERS,2025-02-18T12:19:00,2025,MONITORING  (NATIONAL AGENCY POLICY),RIVER / RUNNING SURFACE WATER,9901,"Oxygen, Dissolved, % Saturation",102.5,PERCENTAGE
https://environment.data.gov.uk/water-quality/sampling-point/TH-PRTS0065/sample/1424150/observation/9924,TH-PRTS0065,R. THAMES D/S OF SPELTHORNE CHANNEL O/F,-0.4503,51.3823,Thames,THAMES - WEST THAMES,Multiple Values,OPEN,FRESHWATER - RIVERS,2025-02-18T12:19:00,2025,MONITORING  (NATIONAL AGENCY POLICY),RIVER / RUNNING SURFACE WATER,9924,"Oxygen, Dissolved as O2",12.9,MILLIGRAM PER LITRE
https://environment.data.gov.uk/water-quality/sampling-point/TH-PRTS0065/sample/1425082/observation/0061,TH-PRTS0065,R. THAMES D/S OF SPELTHORNE CHANNEL O/F,-0.4503,51.3823,Thames,THAMES - WEST THAMES,Multiple Values,OPEN,FRESHWATER - RIVERS,2025-03-05T12:40:00,2025,MONITORING  (NATIONAL AGENCY POLICY),RIVER / RUNNING SURFACE WATER,61,pH,8.16,PH UNITS
https://environment.data.gov.uk/water-quality/sampling-point/TH-PRTS0065/sample/1425082/observation/0076,TH-PRTS0065,R. THAMES D/S OF SPELTHORNE CHANNEL O/F,-0.4503,51.3823,Thames,THAMES - WEST THAMES,Multiple Values,OPEN,FRESHWATER - RIVERS,2025-03-05T12:40:00,2025,MONITORING  (NATIONAL AGENCY POLICY),RIVER / RUNNING SURFACE WATER,76,Temperature of Water,7.1,CELSIUS
https://environment.data.gov.uk/water-quality/sampling-point/TH-PRTS0065/sample/1425082/observation/0077,TH-PRTS0065,R. THAMES D/S OF SPELTHORNE CHANNEL O/F,-0.4503,51.3823,Thames,THAMES - WEST THAMES,Multiple Values,OPEN,FRESHWATER - RIVERS,2025-03-05T12:40:00,2025,MONITORING  (NATIONAL AGENCY POLICY),RIVER / RUNNING SURFACE WATER,77,Conductivity at 25 C,628,MICROSIEMENS PER CENTIMETRE
https://environment.data.gov.uk/water-quality/sampling-point/TH-PRTS0065/sample/1425082/observation/0085,TH-PRTS0065,R. THAMES D/S OF SPELTHORNE CHANNEL O/F,-0.4503,51.3823,Thames,THAMES - WEST THAMES,Multiple Values,OPEN,FRESHWATER - RIVERS,2025-03-05T12:40:00,2025,MONITORING  (NATIONAL AGENCY POLICY),RIVER / RUNNING SURFACE WATER,85,BOD : 5 Day ATU,<2,MILLIGRAM PER LITRE
https://environment.data.gov.uk/water-quality/sampling-point/TH-PRTS0065/sample/1425082/observation/0111,TH-PRTS0065,R. THAMES D/S OF SPELTHORNE CHANNEL O/F,-0.4503,51.3823,Thames,THAMES - WEST THAMES,Multiple Values,OPEN,FRESHWATER - RIVERS,2025-03-05T12:40:00,2025,MONITORING  (NATIONAL AGENCY POLICY),RIVER / RUNNING SURFACE WATER,111,Ammoniacal Nitrogen as N,0.044,MILLIGRAM PER LITRE
https://environment.data.gov.uk/water-quality/sampling-point/TH-PRTS0065/sample/1425082/observation/0116,TH-PRTS0065,R. THAMES D/S OF SPELTHORNE CHANNEL O/F,-0.4503,51.3823,Thames,THAMES - WEST THAMES,Multiple Values,OPEN,FRESHWATER - RIVERS,2025-03-05T12:40:00,2025,MONITORING  (NATIONAL AGENCY POLICY),RIVER / RUNNING SURFACE WATER,116,"Nitrogen, Total Oxidised as N",6,MILLIGRAM PER LITRE
https://environment.data.gov.uk/water-quality/sampling-point/TH-PRTS0065/sample/1425082/observation/0117,TH-PRTS0065,R. THAMES D/S OF SPELTHORNE CHANNEL O/F,-0.4503,51.3823,Thames,THAMES - WEST THAMES,Multiple Values,OPEN,FRESHWATER - RIVERS,2025-03-05T12:40:00,2025,MONITORING  (NATIONAL AGENCY POLICY),RIVER / RUNNING SURFACE WATER,117,Nitrate as N,5.97,MILLIGRAM PER LITRE
https://environment.data.gov.uk/water-quality/sampling-point/TH-PRTS0065/sample/1425082/observation/0118,TH-PRTS0065,R. THAMES D/S OF SPELTHORNE CHANNEL O/F,-0.4503,51.3823,Thames,THAMES - WEST THAMES,Multiple Values,OPEN,FRESHWATER - RIVERS,2025-03-05T12:40:00,2025,MONITORING  (NATIONAL AGENCY POLICY),RIVER / RUNNING SURFACE WATER,118,Nitrite as N,0.033,MILLIGRAM PER LITRE
https://environment.data.gov.uk/water-quality/sampling-point/TH-PRTS0065/sample/1425082/observation/0119,TH-PRTS0065,R. THAMES D/S OF SPELTHORNE CHANNEL O/F,-0.4503,51.3823,Thames,THAMES - WEST THAMES,Multiple Values,OPEN,FRESHWATER - RIVERS,2025-03-05T12:40:00,2025,MONITORING  (NATIONAL AGENCY POLICY),RIVER / RUNNING SURFACE WATER,119,Ammonia un-ionised as N,0.00065,MILLIGRAM PER LITRE
https://environment.data.gov.uk/water-quality/sampling-point/TH-PRTS0065/sample/1425082/observation/0162,TH-PRTS0065,R. THAMES D/S OF SPELTHORNE CHANNEL O/F,-0.4503,51.3823,Thames,THAMES - WEST THAMES,Multiple Values,OPEN,FRESHWATER - RIVERS,2025-03-05T12:40:00,2025,MONITORING  (NATIONAL AGENCY POLICY),RIVER / RUNNING SURFACE WATER,162,Alkalinity to pH 4.5 as CaCO3,220,MILLIGRAM PER LITRE
https://environment.data.gov.uk/water-quality/sampling-point/TH-PRTS0065/sample/1425082/observation/0180,TH-PRTS0065,R. THAMES D/S OF SPELTHORNE CHANNEL O/F,-0.4503,51.3823,Thames,THAMES - WEST THAMES,Multiple Values,OPEN,FRESHWATER - RIVERS,2025-03-05T12:40:00,2025,MONITORING  (NATIONAL AGENCY POLICY),RIVER / RUNNING SURFACE WATER,180,"Orthophosphate, reactive as P",0.083,MILLIGRAM PER LITRE
https://environment.data.gov.uk/water-quality/sampling-point/TH-PRTS0065/sample/1425082/observation/9901,TH-PRTS0065,R. THAMES D/S OF SPELTHORNE CHANNEL O/F,-0.4503,51.3823,Thames,THAMES - WEST THAMES,Multiple Values,OPEN,FRESHWATER - RIVERS,2025-03-05T12:40:00,2025,MONITORING  (NATIONAL AGENCY POLICY),RIVER / RUNNING SURFACE WATER,9901,"Oxygen, Dissolved, % Saturation",102.1,PERCENTAGE
https://environment.data.gov.uk/water-quality/sampling-point/TH-PRTS0065/sample/1425082/observation/9924,TH-PRTS0065,R. THAMES D/S OF SPELTHORNE CHANNEL O/F,-0.4503,51.3823,Thames,THAMES - WEST THAMES,Multiple Values,OPEN,FRESHWATER - RIVERS,2025-03-05T12:40:00,2025,MONITORING  (NATIONAL AGENCY POLICY),RIVER / RUNNING SURFACE WATER,9924,"Oxygen, Dissolved as O2",12.3,MILLIGRAM PER LITRE
https://environment.data.gov.uk/water-quality/sampling-point/TH-PRTS0065/sample/1436192/observation/0076,TH-PRTS0065,R. THAMES D/S OF SPELTHORNE CHANNEL O/F,-0.4503,51.3823,Thames,THAMES - WEST THAMES,Multiple Values,OPEN,FRESHWATER - RIVERS,2025-04-03T13:24:00,2025,MONITORING  (NATIONAL AGENCY POLICY),RIVER / RUNNING SURFACE WATER,76,Temperature of Water,12.6,CELSIUS
https://environment.data.gov.uk/water-quality/sampling-point/TH-PRTS0065/sample/1436192/observation/0077,TH-PRTS0065,R. THAMES D/S OF SPELTHORNE CHANNEL O/F,-0.4503,51.3823,Thames,THAMES - WEST THAMES,Multiple Values,OPEN,FRESHWATER - RIVERS,2025-04-03T13:24:00,2025,MONITORING  (NATIONAL AGENCY POLICY),RIVER / RUNNING SURFACE WATER,77,Conductivity at 25 C,665,MICROSIEMENS PER CENTIMETRE
https://environment.data.gov.uk/water-quality/sampling-point/TH-PRTS0065/sample/1436192/observation/0085,TH-PRTS0065,R. THAMES D/S OF SPELTHORNE CHANNEL O/F,-0.4503,51.3823,Thames,THAMES - WEST THAMES,Multiple Values,OPEN,FRESHWATER - RIVERS,2025-04-03T13:24:00,2025,MONITORING  (NATIONAL AGENCY POLICY),RIVER / RUNNING SURFACE WATER,85,BOD : 5 Day ATU,2.5,MILLIGRAM PER LITRE
https://environment.data.gov.uk/water-quality/sampling-point/TH-PRTS0065/sample/1436192/observation/0111,TH-PRTS0065,R. THAMES D/S OF SPELTHORNE CHANNEL O/F,-0.4503,51.3823,Thames,THAMES - WEST THAMES,Multiple Values,OPEN,FRESHWATER - RIVERS,2025-04-03T13:24:00,2025,MONITORING  (NATIONAL AGENCY POLICY),RIVER / RUNNING SURFACE WATER,111,Ammoniacal Nitrogen as N,<0.03,MILLIGRAM PER LITRE
https://environment.data.gov.uk/water-quality/sampling-point/TH-PRTS0065/sample/1436192/observation/0116,TH-PRTS0065,R. THAMES D/S OF SPELTHORNE CHANNEL O/F,-0.4503,51.3823,Thames,THAMES - WEST THAMES,Multiple Values,OPEN,FRESHWATER - RIVERS,2025-04-03T13:24:00,2025,MONITORING  (NATIONAL AGENCY POLICY),RIVER / RUNNING SURFACE WATER,116,"Nitrogen, Total Oxidised as N",7.5,MILLIGRAM PER LITRE
https://environment.data.gov.uk/water-quality/sampling-point/TH-PRTS0065/sample/1436192/observation/0117,TH-PRTS0065,R. THAMES D/S OF SPELTHORNE CHANNEL O/F,-0.4503,51.3823,Thames,THAMES - WEST THAMES,Multiple Values,OPEN,FRESHWATER - RIVERS,2025-04-03T13:24:00,2025,MONITORING  (NATIONAL AGENCY POLICY),RIVER / RUNNING SURFACE WATER,117,Nitrate as N,7.48,MILLIGRAM PER LITRE
https://environment.data.gov.uk/water-quality/sampling-point/TH-PRTS0065/sample/1436192/observation/0118,TH-PRTS0065,R. THAMES D/S OF SPELTHORNE CHANNEL O/F,-0.4503,51.3823,Thames,THAMES - WEST THAMES,Multiple Values,OPEN,FRESHWATER - RIVERS,2025-04-03T13:24:00,2025,MONITORING  (NATIONAL AGENCY POLICY),RIVER / RUNNING SURFACE WATER,118,Nitrite as N,0.022,MILLIGRAM PER LITRE
https://environment.data.gov.uk/water-quality/sampling-point/TH-PRTS0065/sample/1436192/observation/0162,TH-PRTS0065,R. THAMES D/S OF SPELTHORNE CHANNEL O/F,-0.4503,51.3823,Thames,THAMES - WEST THAMES,Multiple Values,OPEN,FRESHWATER - RIVERS,2025-04-03T13:24:00,2025,MONITORING  (NATIONAL AGENCY POLICY),RIVER / RUNNING SURFACE WATER,162,Alkalinity to pH 4.5 as CaCO3,230,MILLIGRAM PER LITRE
https://environment.data.gov.uk/water-quality/sampling-point/TH-PRTS0065/sample/1436192/observation/0180,TH-PRTS0065,R. THAMES D/S OF SPELTHORNE CHANNEL O/F,-0.4503,51.3823,Thames,THAMES - WEST THAMES,Multiple Values,OPEN,FRESHWATER - RIVERS,2025-04-03T13:24:00,2025,MONITORING  (NATIONAL AGENCY POLICY),RIVER / RUNNING SURFACE WATER,180,"Orthophosphate, reactive as P",0.058,MILLIGRAM PER LITRE
https://environment.data.gov.uk/water-quality/sampling-point/TH-PRTS0065/sample/1436192/observation/9901,TH-PRTS0065,R. THAMES D/S OF SPELTHORNE CHANNEL O/F,-0.4503,51.3823,Thames,THAMES - WEST THAMES,Multiple Values,OPEN,FRESHWATER - RIVERS,2025-04-03T13:24:00,2025,MONITORING  (NATIONAL AGENCY POLICY),RIVER / RUNNING SURFACE WATER,9901,"Oxygen, Dissolved, % Saturation",111.3,PERCENTAGE
https://environment.data.gov.uk/water-quality/sampling-point/TH-PRTS0065/sample/1436192/observation/9924,TH-PRTS0065,R. THAMES D/S OF SPELTHORNE CHANNEL O/F,-0.4503,51.3823,Thames,THAMES - WEST THAMES,Multiple Values,OPEN,FRESHWATER - RIVERS,2025-04-03T13:24:00,2025,MONITORING  (NATIONAL AGENCY POLICY),RIVER / RUNNING SURFACE WATER,9924,"Oxygen, Dissolved as O2",11.8,MILLIGRAM PER LITRE
https://environment.data.gov.uk/water-quality/sampling-point/TH-PRTS0065/sample/1438977/observation/0061,TH-PRTS0065,R. THAMES D/S OF SPELTHORNE CHANNEL O/F,-0.4503,51.3823,Thames,THAMES - WEST THAMES,Multiple Values,OPEN,FRESHWATER - RIVERS,2025-05-22T14:52:00,2025,MONITORING  (NATIONAL AGENCY POLICY),RIVER / RUNNING SURFACE WATER,61,pH,8.12,PH UNITS
https://environment.data.gov.uk/water-quality/sampling-point/TH-PRTS0065/sample/1438977/observation/0076,TH-PRTS0065,R. THAMES D/S OF SPELTHORNE CHANNEL O/F,-0.4503,51.3823,Thames,THAMES - WEST THAMES,Multiple Values,OPEN,FRESHWATER - RIVERS,2025-05-22T14:52:00,2025,MONITORING  (NATIONAL AGENCY POLICY),RIVER / RUNNING SURFACE WATER,76,Temperature of Water,15.9,CELSIUS
https://environment.data.gov.uk/water-quality/sampling-point/TH-PRTS0065/sample/1438977/observation/0077,TH-PRTS0065,R. THAMES D/S OF SPELTHORNE CHANNEL O/F,-0.4503,51.3823,Thames,THAMES - WEST THAMES,Multiple Values,OPEN,FRESHWATER - RIVERS,2025-05-22T14:52:00,2025,MONITORING  (NATIONAL AGENCY POLICY),RIVER / RUNNING SURFACE WATER,77,Conductivity at 25 C,762,MICROSIEMENS PER CENTIMETRE
https://environment.data.gov.uk/water-quality/sampling-point/TH-PRTS0065/sample/1438977/observation/0085,TH-PRTS0065,R. THAMES D/S OF SPELTHORNE CHANNEL O/F,-0.4503,51.3823,Thames,THAMES - WEST THAMES,Multiple Values,OPEN,FRESHWATER - RIVERS,2025-05-22T14:52:00,2025,MONITORING  (NATIONAL AGENCY POLICY),RIVER / RUNNING SURFACE WATER,85,BOD : 5 Day ATU,4.1,MILLIGRAM PER LITRE
https://environment.data.gov.uk/water-quality/sampling-point/TH-PRTS0065/sample/1438977/observation/0111,TH-PRTS0065,R. THAMES D/S OF SPELTHORNE CHANNEL O/F,-0.4503,51.3823,Thames,THAMES - WEST THAMES,Multiple Values,OPEN,FRESHWATER - RIVERS,2025-05-22T14:52:00,2025,MONITORING  (NATIONAL AGENCY POLICY),RIVER / RUNNING SURFACE WATER,111,Ammoniacal Nitrogen as N,<0.03,MILLIGRAM PER LITRE
https://environment.data.gov.uk/water-quality/sampling-point/TH-PRTS0065/sample/1438977/observation/0116,TH-PRTS0065,R. THAMES D/S OF SPELTHORNE CHANNEL O/F,-0.4503,51.3823,Thames,THAMES - WEST THAMES,Multiple Values,OPEN,FRESHWATER - RIVERS,2025-05-22T14:52:00,2025,MONITORING  (NATIONAL AGENCY POLICY),RIVER / RUNNING SURFACE WATER,116,"Nitrogen, Total Oxidised as N",7.8,MILLIGRAM PER LITRE
https://environment.data.gov.uk/water-quality/sampling-point/TH-PRTS0065/sample/1438977/observation/0117,TH-PRTS0065,R. THAMES D/S OF SPELTHORNE CHANNEL O/F,-0.4503,51.3823,Thames,THAMES - WEST THAMES,Multiple Values,OPEN,FRESHWATER - RIVERS,2025-05-22T14:52:00,2025,MONITORING  (NATIONAL AGENCY POLICY),RIVER / RUNNING SURFACE WATER,117,Nitrate as N,7.74,MILLIGRAM PER LITRE
https://environment.data.gov.uk/water-quality/sampling-point/TH-PRTS0065/sample/1438977/observation/0118,TH-PRTS0065,R. THAMES D/S OF SPELTHORNE CHANNEL O/F,-0.4503,51.3823,Thames,THAMES - WEST THAMES,Multiple Values,OPEN,FRESHWATER - RIVERS,2025-05-22T14:52:00,2025,MONITORING  (NATIONAL AGENCY POLICY),RIVER / RUNNING SURFACE WATER,118,Nitrite as N,0.058,MILLIGRAM PER LITRE
https://environment.data.gov.uk/water-quality/sampling-point/TH-PRTS0065/sample/1438977/observation/0119,TH-PRTS0065,R. THAMES D/S OF SPELTHORNE CHANNEL O/F,-0.4503,51.3823,Thames,THAMES - WEST THAMES,Multiple Values,OPEN,FRESHWATER - RIVERS,2025-05-22T14:52:00,2025,MONITORING  (NATIONAL AGENCY POLICY),RIVER / RUNNING SURFACE WATER,119,Ammonia un-ionised as N,<0.00084,MILLIGRAM PER LITRE
https://environment.data.gov.uk/water-quality/sampling-point/TH-PRTS0065/sample/1438977/observation/0162,TH-PRTS0065,R. THAMES D/S OF SPELTHORNE CHANNEL O/F,-0.4503,51.3823,Thames,THAMES - WEST THAMES,Multiple Values,OPEN,FRESHWATER - RIVERS,2025-05-22T14:52:00,2025,MONITORING  (NATIONAL AGENCY POLICY),RIVER / RUNNING SURFACE WATER,162,Alkalinity to pH 4.5 as CaCO3,230,MILLIGRAM PER LITRE
https://environment.data.gov.uk/water-quality/sampling-point/TH-PRTS0065/sample/1438977/observation/0180,TH-PRTS0065,R. THAMES D/S OF SPELTHORNE CHANNEL O/F,-0.4503,51.3823,Thames,THAMES - WEST THAMES,Multiple Values,OPEN,FRESHWATER - RIVERS,2025-05-22T14:52:00,2025,MONITORING  (NATIONAL AGENCY POLICY),RIVER / RUNNING SURFACE WATER,180,"Orthophosphate, reactive as P",0.086,MILLIGRAM PER LITRE
https://environment.data.gov.uk/water-quality/sampling-point/TH-PRTS0065/sample/1438977/observation/9901,TH-PRTS0065,R. THAMES D/S OF SPELTHORNE CHANNEL O/F,-0.4503,51.3823,Thames,THAMES - WEST THAMES,Multiple Values,OPEN,FRESHWATER - RIVERS,2025-05-22T14:52:00,2025,MONITORING  (NATIONAL AGENCY POLICY),RIVER / RUNNING SURFACE WATER,9901,"Oxygen, Dissolved, % Saturation",94.7,PERCENTAGE
https://environment.data.gov.uk/water-quality/sampling-point/TH-PRTS0065/sample/1438977/observation/9924,TH-PRTS0065,R. THAMES D/S OF SPELTHORNE CHANNEL O/F,-0.4503,51.3823,Thames,THAMES - WEST THAMES,Multiple Values,OPEN,FRESHWATER - RIVERS,2025-05-22T14:52:00,2025,MONITORING  (NATIONAL AGENCY POLICY),RIVER / RUNNING SURFACE WATER,9924,"Oxygen, Dissolved as O2",9.34,MILLIGRAM PER LITRE
https://environment.data.gov.uk/water-quality/sampling-point/TH-PRTS0065/sample/1440172/observation/0061,TH-PRTS0065,R. THAMES D/S OF SPELTHORNE CHANNEL O/F,-0.4503,51.3823,Thames,THAMES - WEST THAMES,Multiple Values,OPEN,FRESHWATER - RIVERS,2025-06-19T09:50:00,2025,MONITORING  (NATIONAL AGENCY POLICY),RIVER / RUNNING SURFACE WATER,61,pH,8.15,PH UNITS
https://environment.data.gov.uk/water-quality/sampling-point/TH-PRTS0065/sample/1440172/observation/0076,TH-PRTS0065,R. THAMES D/S OF SPELTHORNE CHANNEL O/F,-0.4503,51.3823,Thames,THAMES - WEST THAMES,Multiple Values,OPEN,FRESHWATER - RIVERS,2025-06-19T09:50:00,2025,MONITORING  (NATIONAL AGENCY POLICY),RIVER / RUNNING SURFACE WATER,76,Temperature of Water,21.3,CELSIUS
https://environment.data.gov.uk/water-quality/sampling-point/TH-PRTS0065/sample/1440172/observation/0077,TH-PRTS0065,R. THAMES D/S OF SPELTHORNE CHANNEL O/F,-0.4503,51.3823,Thames,THAMES - WEST THAMES,Multiple Values,OPEN,FRESHWATER - RIVERS,2025-06-19T09:50:00,2025,MONITORING  (NATIONAL AGENCY POLICY),RIVER / RUNNING SURFACE WATER,77,Conductivity at 25 C,658,MICROSIEMENS PER CENTIMETRE
https://environment.data.gov.uk/water-quality/sampling-point/TH-PRTS0065/sample/1440172/observation/0085,TH-PRTS0065,R. THAMES D/S OF SPELTHORNE CHANNEL O/F,-0.4503,51.3823,Thames,THAMES - WEST THAMES,Multiple Values,OPEN,FRESHWATER - RIVERS,2025-06-19T09:50:00,2025,MONITORING  (NATIONAL AGENCY POLICY),RIVER / RUNNING SURFACE WATER,85,BOD : 5 Day ATU,<1,MILLIGRAM PER LITRE
https://environment.data.gov.uk/water-quality/sampling-point/TH-PRTS0065/sample/1440172/observation/0111,TH-PRTS0065,R. THAMES D/S OF SPELTHORNE CHANNEL O/F,-0.4503,51.3823,Thames,THAMES - WEST THAMES,Multiple Values,OPEN,FRESHWATER - RIVERS,2025-06-19T09:50:00,2025,MONITORING  (NATIONAL AGENCY POLICY),RIVER / RUNNING SURFACE WATER,111,Ammoniacal Nitrogen as N,0.053,MILLIGRAM PER LITRE
https://environment.data.gov.uk/water-quality/sampling-point/TH-PRTS0065/sample/1440172/observation/0116,TH-PRTS0065,R. THAMES D/S OF SPELTHORNE CHANNEL O/F,-0.4503,51.3823,Thames,THAMES - WEST THAMES,Multiple Values,OPEN,FRESHWATER - RIVERS,2025-06-19T09:50:00,2025,MONITORING  (NATIONAL AGENCY POLICY),RIVER / RUNNING SURFACE WATER,116,"Nitrogen, Total Oxidised as N",8.3,MILLIGRAM PER LITRE
https://environment.data.gov.uk/water-quality/sampling-point/TH-PRTS0065/sample/1440172/observation/0117,TH-PRTS0065,R. THAMES D/S OF SPELTHORNE CHANNEL O/F,-0.4503,51.3823,Thames,THAMES - WEST THAMES,Multiple Values,OPEN,FRESHWATER - RIVERS,2025-06-19T09:50:00,2025,MONITORING  (NATIONAL AGENCY POLICY),RIVER / RUNNING SURFACE WATER,117,Nitrate as N,8.26,MILLIGRAM PER LITRE
https://environment.data.gov.uk/water-quality/sampling-point/TH-PRTS0065/sample/1440172/observation/0118,TH-PRTS0065,R. THAMES D/S OF SPELTHORNE CHANNEL O/F,-0.4503,51.3823,Thames,THAMES - WEST THAMES,Multiple Values,OPEN,FRESHWATER - RIVERS,2025-06-19T09:50:00,2025,MONITORING  (NATIONAL AGENCY POLICY),RIVER / RUNNING SURFACE WATER,118,Nitrite as N,0.037,MILLIGRAM PER LITRE
https://environment.data.gov.uk/water-quality/sampling-point/TH-PRTS0065/sample/1440172/observation/0119,TH-PRTS0065,R. THAMES D/S OF SPELTHORNE CHANNEL O/F,-0.4503,51.3823,Thames,THAMES - WEST THAMES,Multiple Values,OPEN,FRESHWATER - RIVERS,2025-06-19T09:50:00,2025,MONITORING  (NATIONAL AGENCY POLICY),RIVER / RUNNING SURFACE WATER,119,Ammonia un-ionised as N,0.00219,MILLIGRAM PER LITRE
https://environment.data.gov.uk/water-quality/sampling-point/TH-PRTS0065/sample/1440172/observation/0162,TH-PRTS0065,R. THAMES D/S OF SPELTHORNE CHANNEL O/F,-0.4503,51.3823,Thames,THAMES - WEST THAMES,Multiple Values,OPEN,FRESHWATER - RIVERS,2025-06-19T09:50:00,2025,MONITORING  (NATIONAL AGENCY POLICY),RIVER / RUNNING SURFACE WATER,162,Alkalinity to pH 4.5 as CaCO3,190,MILLIGRAM PER LITRE
https://environment.data.gov.uk/water-quality/sampling-point/TH-PRTS0065/sample/1440172/observation/0180,TH-PRTS0065,R. THAMES D/S OF SPELTHORNE CHANNEL O/F,-0.4503,51.3823,Thames,THAMES - WEST THAMES,Multiple Values,OPEN,FRESHWATER - RIVERS,2025-06-19T09:50:00,2025,MONITORING  (NATIONAL AGENCY POLICY),RIVER / RUNNING SURFACE WATER,180,"Orthophosphate, reactive as P",0.18,MILLIGRAM PER LITRE
https://environment.data.gov.uk/water-quality/sampling-point/TH-PRTS0065/sample/1440172/observation/9901,TH-PRTS0065,R. THAMES D/S OF SPELTHORNE CHANNEL O/F,-0.4503,51.3823,Thames,THAMES - WEST THAMES,Multiple Values,OPEN,FRESHWATER - RIVERS,2025-06-19T09:50:00,2025,MONITORING  (NATIONAL AGENCY POLICY),RIVER / RUNNING SURFACE WATER,9901,"Oxygen, Dissolved, % Saturation",96,PERCENTAGE
https://environment.data.gov.uk/water-quality/sampling-point/TH-PRTS0065/sample/1440172/observation/9924,TH-PRTS0065,R. THAMES D/S OF SPELTHORNE CHANNEL O/F,-0.4503,51.3823,Thames,THAMES - WEST THAMES,Multiple Values,OPEN,FRESHWATER - RIVERS,2025-06-19T09:50:00,2025,MONITORING  (NATIONAL AGENCY POLICY),RIVER / RUNNING SURFACE WATER,9924,"Oxygen, Dissolved as O2",8.49,MILLIGRAM PER LITRE
https://environment.data.gov.uk/water-quality/sampling-point/TH-PRTS0065/sample/1441058/observation/0061,TH-PRTS0065,R. THAMES D/S OF SPELTHORNE CHANNEL O/F,-0.4503,51.3823,Thames,THAMES - WEST THAMES,Multiple Values,OPEN,FRESHWATER - RIVERS,2025-07-03T11:05:00,2025,MONITORING  (NATIONAL AGENCY POLICY),RIVER / RUNNING SURFACE WATER,61,pH,8.11,PH UNITS
https://environment.data.gov.uk/water-quality/sampling-point/TH-PRTS0065/sample/1441058/observation/0076,TH-PRTS0065,R. THAMES D/S OF SPELTHORNE CHANNEL O/F,-0.4503,51.3823,Thames,THAMES - WEST THAMES,Multiple Values,OPEN,FRESHWATER - RIVERS,2025-07-03T11:05:00,2025,MONITORING  (NATIONAL AGENCY POLICY),RIVER / RUNNING SURFACE WATER,76,Temperature of Water,22.5,CELSIUS
https://environment.data.gov.uk/water-quality/sampling-point/TH-PRTS0065/sample/1441058/observation/0077,TH-PRTS0065,R. THAMES D/S OF SPELTHORNE CHANNEL O/F,-0.4503,51.3823,Thames,THAMES - WEST THAMES,Multiple Values,OPEN,FRESHWATER - RIVERS,2025-07-03T11:05:00,2025,MONITORING  (NATIONAL AGENCY POLICY),RIVER / RUNNING SURFACE WATER,77,Conductivity at 25 C,684,MICROSIEMENS PER CENTIMETRE
https://environment.data.gov.uk/water-quality/sampling-point/TH-PRTS0065/sample/1441058/observation/0085,TH-PRTS0065,R. THAMES D/S OF SPELTHORNE CHANNEL O/F,-0.4503,51.3823,Thames,THAMES - WEST THAMES,Multiple Values,OPEN,FRESHWATER - RIVERS,2025-07-03T11:05:00,2025,MONITORING  (NATIONAL AGENCY POLICY),RIVER / RUNNING SURFACE WATER,85,BOD : 5 Day ATU,<1,MILLIGRAM PER LITRE
https://environment.data.gov.uk/water-quality/sampling-point/TH-PRTS0065/sample/1441058/observation/0111,TH-PRTS0065,R. THAMES D/S OF SPELTHORNE CHANNEL O/F,-0.4503,51.3823,Thames,THAMES - WEST THAMES,Multiple Values,OPEN,FRESHWATER - RIVERS,2025-07-03T11:05:00,2025,MONITORING  (NATIONAL AGENCY POLICY),RIVER / RUNNING SURFACE WATER,111,Ammoniacal Nitrogen as N,0.032,MILLIGRAM PER LITRE
https://environment.data.gov.uk/water-quality/sampling-point/TH-PRTS0065/sample/1441058/observation/0116,TH-PRTS0065,R. THAMES D/S OF SPELTHORNE CHANNEL O/F,-0.4503,51.3823,Thames,THAMES - WEST THAMES,Multiple Values,OPEN,FRESHWATER - RIVERS,2025-07-03T11:05:00,2025,MONITORING  (NATIONAL AGENCY POLICY),RIVER / RUNNING SURFACE WATER,116,"Nitrogen, Total Oxidised as N",8.2,MILLIGRAM PER LITRE
https://environment.data.gov.uk/water-quality/sampling-point/TH-PRTS0065/sample/1441058/observation/0117,TH-PRTS0065,R. THAMES D/S OF SPELTHORNE CHANNEL O/F,-0.4503,51.3823,Thames,THAMES - WEST THAMES,Multiple Values,OPEN,FRESHWATER - RIVERS,2025-07-03T11:05:00,2025,MONITORING  (NATIONAL AGENCY POLICY),RIVER / RUNNING SURFACE WATER,117,Nitrate as N,8.17,MILLIGRAM PER LITRE
https://environment.data.gov.uk/water-quality/sampling-point/TH-PRTS0065/sample/1441058/observation/0118,TH-PRTS0065,R. THAMES D/S OF SPELTHORNE CHANNEL O/F,-0.4503,51.3823,Thames,THAMES - WEST THAMES,Multiple Values,OPEN,FRESHWATER - RIVERS,2025-07-03T11:05:00,2025,MONITORING  (NATIONAL AGENCY POLICY),RIVER / RUNNING SURFACE WATER,118,Nitrite as N,0.03,MILLIGRAM PER LITRE
https://environment.data.gov.uk/water-quality/sampling-point/TH-PRTS0065/sample/1441058/observation/0119,TH-PRTS0065,R. THAMES D/S OF SPELTHORNE CHANNEL O/F,-0.4503,51.3823,Thames,THAMES - WEST THAMES,Multiple Values,OPEN,FRESHWATER - RIVERS,2025-07-03T11:05:00,2025,MONITORING  (NATIONAL AGENCY POLICY),RIVER / RUNNING SURFACE WATER,119,Ammonia un-ionised as N,0.00144,MILLIGRAM PER LITRE
https://environment.data.gov.uk/water-quality/sampling-point/TH-PRTS0065/sample/1441058/observation/0162,TH-PRTS0065,R. THAMES D/S OF SPELTHORNE CHANNEL O/F,-0.4503,51.3823,Thames,THAMES - WEST THAMES,Multiple Values,OPEN,FRESHWATER - RIVERS,2025-07-03T11:05:00,2025,MONITORING  (NATIONAL AGENCY POLICY),RIVER / RUNNING SURFACE WATER,162,Alkalinity to pH 4.5 as CaCO3,200,MILLIGRAM PER LITRE
https://environment.data.gov.uk/water-quality/sampling-point/TH-PRTS0065/sample/1441058/observation/0180,TH-PRTS0065,R. THAMES D/S OF SPELTHORNE CHANNEL O/F,-0.4503,51.3823,Thames,THAMES - WEST THAMES,Multiple Values,OPEN,FRESHWATER - RIVERS,2025-07-03T11:05:00,2025,MONITORING  (NATIONAL AGENCY POLICY),RIVER / RUNNING SURFACE WATER,180,"Orthophosphate, reactive as P",0.2,MILLIGRAM PER LITRE
https://environment.data.gov.uk/water-quality/sampling-point/TH-PRTS0065/sample/1441058/observation/9901,TH-PRTS0065,R. THAMES D/S OF SPELTHORNE CHANNEL O/F,-0.4503,51.3823,Thames,THAMES - WEST THAMES,Multiple Values,OPEN,FRESHWATER - RIVERS,2025-07-03T11:05:00,2025,MONITORING  (NATIONAL AGENCY POLICY),RIVER / RUNNING SURFACE WATER,9901,"Oxygen, Dissolved, % Saturation",90.7,PERCENTAGE
https://environment.data.gov.uk/water-quality/sampling-point/TH-PRTS0065/sample/1441058/observation/9924,TH-PRTS0065,R. THAMES D/S OF SPELTHORNE CHANNEL O/F,-0.4503,51.3823,Thames,THAMES - WEST THAMES,Multiple Values,OPEN,FRESHWATER - RIVERS,2025-07-03T11:05:00,2025,MONITORING  (NATIONAL AGENCY POLICY),RIVER / RUNNING SURFACE WATER,9924,"Oxygen, Dissolved as O2",7.84,MILLIGRAM PER LITRE
https://environment.data.gov.uk/water-quality/sampling-point/TH-PRTS0065/sample/1443024/observation/0061,TH-PRTS0065,R. THAMES D/S OF SPELTHORNE CHANNEL O/F,-0.4503,51.3823,Thames,THAMES - WEST THAMES,Multiple Values,OPEN,FRESHWATER - RIVERS,2025-08-21T10:00:00,2025,MONITORING  (NATIONAL AGENCY POLICY),RIVER / RUNNING SURFACE WATER,61,pH,8.11,PH UNITS
https://environment.data.gov.uk/water-quality/sampling-point/TH-PRTS0065/sample/1443024/observation/0076,TH-PRTS0065,R. THAMES D/S OF SPELTHORNE CHANNEL O/F,-0.4503,51.3823,Thames,THAMES - WEST THAMES,Multiple Values,OPEN,FRESHWATER - RIVERS,2025-08-21T10:00:00,2025,MONITORING  (NATIONAL AGENCY POLICY),RIVER / RUNNING SURFACE WATER,76,Temperature of Water,18.7,CELSIUS
https://environment.data.gov.uk/water-quality/sampling-point/TH-PRTS0065/sample/1443024/observation/0077,TH-PRTS0065,R. THAMES D/S OF SPELTHORNE CHANNEL O/F,-0.4503,51.3823,Thames,THAMES - WEST THAMES,Multiple Values,OPEN,FRESHWATER - RIVERS,2025-08-21T10:00:00,2025,MONITORING  (NATIONAL AGENCY POLICY),RIVER / RUNNING SURFACE WATER,77,Conductivity at 25 C,708,MICROSIEMENS PER CENTIMETRE
https://environment.data.gov.uk/water-quality/sampling-point/TH-PRTS0065/sample/1443024/observation/0085,TH-PRTS0065,R. THAMES D/S OF SPELTHORNE CHANNEL O/F,-0.4503,51.3823,Thames,THAMES - WEST THAMES,Multiple Values,OPEN,FRESHWATER - RIVERS,2025-08-21T10:00:00,2025,MONITORING  (NATIONAL AGENCY POLICY),RIVER / RUNNING SURFACE WATER,85,BOD : 5 Day ATU,<1,MILLIGRAM PER LITRE
https://environment.data.gov.uk/water-quality/sampling-point/TH-PRTS0065/sample/1443024/observation/0111,TH-PRTS0065,R. THAMES D/S OF SPELTHORNE CHANNEL O/F,-0.4503,51.3823,Thames,THAMES - WEST THAMES,Multiple Values,OPEN,FRESHWATER - RIVERS,2025-08-21T10:00:00,2025,MONITORING  (NATIONAL AGENCY POLICY),RIVER / RUNNING SURFACE WATER,111,Ammoniacal Nitrogen as N,0.038,MILLIGRAM PER LITRE
https://environment.data.gov.uk/water-quality/sampling-point/TH-PRTS0065/sample/1443024/observation/0116,TH-PRTS0065,R. THAMES D/S OF SPELTHORNE CHANNEL O/F,-0.4503,51.3823,Thames,THAMES - WEST THAMES,Multiple Values,OPEN,FRESHWATER - RIVERS,2025-08-21T10:00:00,2025,MONITORING  (NATIONAL AGENCY POLICY),RIVER / RUNNING SURFACE WATER,116,"Nitrogen, Total Oxidised as N",9.1,MILLIGRAM PER LITRE
https://environment.data.gov.uk/water-quality/sampling-point/TH-PRTS0065/sample/1443024/observation/0117,TH-PRTS0065,R. THAMES D/S OF SPELTHORNE CHANNEL O/F,-0.4503,51.3823,Thames,THAMES - WEST THAMES,Multiple Values,OPEN,FRESHWATER - RIVERS,2025-08-21T10:00:00,2025,MONITORING  (NATIONAL AGENCY POLICY),RIVER / RUNNING SURFACE WATER,117,Nitrate as N,9.08,MILLIGRAM PER LITRE
https://environment.data.gov.uk/water-quality/sampling-point/TH-PRTS0065/sample/1443024/observation/0118,TH-PRTS0065,R. THAMES D/S OF SPELTHORNE CHANNEL O/F,-0.4503,51.3823,Thames,THAMES - WEST THAMES,Multiple Values,OPEN,FRESHWATER - RIVERS,2025-08-21T10:00:00,2025,MONITORING  (NATIONAL AGENCY POLICY),RIVER / RUNNING SURFACE WATER,118,Nitrite as N,0.019,MILLIGRAM PER LITRE
https://environment.data.gov.uk/water-quality/sampling-point/TH-PRTS0065/sample/1443024/observation/0119,TH-PRTS0065,R. THAMES D/S OF SPELTHORNE CHANNEL O/F,-0.4503,51.3823,Thames,THAMES - WEST THAMES,Multiple Values,OPEN,FRESHWATER - RIVERS,2025-08-21T10:00:00,2025,MONITORING  (NATIONAL AGENCY POLICY),RIVER / RUNNING SURFACE WATER,119,Ammonia un-ionised as N,0.0013,MILLIGRAM PER LITRE
https://environment.data.gov.uk/water-quality/sampling-point/TH-PRTS0065/sample/1443024/observation/0162,TH-PRTS0065,R. THAMES D/S OF SPELTHORNE CHANNEL O/F,-0.4503,51.3823,Thames,THAMES - WEST THAMES,Multiple Values,OPEN,FRESHWATER - RIVERS,2025-08-21T10:00:00,2025,MONITORING  (NATIONAL AGENCY POLICY),RIVER / RUNNING SURFACE WATER,162,Alkalinity to pH 4.5 as CaCO3,220,MILLIGRAM PER LITRE
https://environment.data.gov.uk/water-quality/sampling-point/TH-PRTS0065/sample/1443024/observation/0180,TH-PRTS0065,R. THAMES D/S OF SPELTHORNE CHANNEL O/F,-0.4503,51.3823,Thames,THAMES - WEST THAMES,Multiple Values,OPEN,FRESHWATER - RIVERS,2025-08-21T10:00:00,2025,MONITORING  (NATIONAL AGENCY POLICY),RIVER / RUNNING SURFACE WATER,180,"Orthophosphate, reactive as P",0.2,MILLIGRAM PER LITRE
https://environment.data.gov.uk/water-quality/sampling-point/TH-PRTS0065/sample/1443024/observation/9901,TH-PRTS0065,R. THAMES D/S OF SPELTHORNE CHANNEL O/F,-0.4503,51.3823,Thames,THAMES - WEST THAMES,Multiple Values,OPEN,FRESHWATER - RIVERS,2025-08-21T10:00:00,2025,MONITORING  (NATIONAL AGENCY POLICY),RIVER / RUNNING SURFACE WATER,9901,"Oxygen, Dissolved, % Saturation",91.3,PERCENTAGE
https://environment.data.gov.uk/water-quality/sampling-point/TH-PRTS0065/sample/1443024/observation/9924,TH-PRTS0065,R. THAMES D/S OF SPELTHORNE CHANNEL O/F,-0.4503,51.3823,Thames,THAMES - WEST THAMES,Multiple Values,OPEN,FRESHWATER - RIVERS,2025-08-21T10:00:00,2025,MONITORING  (NATIONAL AGENCY POLICY),RIVER / RUNNING SURFACE WATER,9924,"Oxygen, Dissolved as O2",8.5,MILLIGRAM PER LITRE
https://environment.data.gov.uk/water-quality/sampling-point/TH-PRTS0065/sample/1445066/observation/0061,TH-PRTS0065,R. THAMES D/S OF SPELTHORNE CHANNEL O/F,-0.4503,51.3823,Thames,THAMES - WEST THAMES,Multiple Values,OPEN,FRESHWATER - RIVERS,2025-09-29T10:30:00,2025,MONITORING  (NATIONAL AGENCY POLICY),RIVER / RUNNING SURFACE WATER,61,pH,7.91,PH UNITS
https://environment.data.gov.uk/water-quality/sampling-point/TH-PRTS0065/sample/1445066/observation/0076,TH-PRTS0065,R. THAMES D/S OF SPELTHORNE CHANNEL O/F,-0.4503,51.3823,Thames,THAMES - WEST THAMES,Multiple Values,OPEN,FRESHWATER - RIVERS,2025-09-29T10:30:00,2025,MONITORING  (NATIONAL AGENCY POLICY),RIVER / RUNNING SURFACE WATER,76,Temperature of Water,13.1,CELSIUS
https://environment.data.gov.uk/water-quality/sampling-point/TH-PRTS0065/sample/1445066/observation/0077,TH-PRTS0065,R. THAMES D/S OF SPELTHORNE CHANNEL O/F,-0.4503,51.3823,Thames,THAMES - WEST THAMES,Multiple Values,OPEN,FRESHWATER - RIVERS,2025-09-29T10:30:00,2025,MONITORING  (NATIONAL AGENCY POLICY),RIVER / RUNNING SURFACE WATER,77,Conductivity at 25 C,670,MICROSIEMENS PER CENTIMETRE
https://environment.data.gov.uk/water-quality/sampling-point/TH-PRTS0065/sample/1445066/observation/0085,TH-PRTS0065,R. THAMES D/S OF SPELTHORNE CHANNEL O/F,-0.4503,51.3823,Thames,THAMES - WEST THAMES,Multiple Values,OPEN,FRESHWATER - RIVERS,2025-09-29T10:30:00,2025,MONITORING  (NATIONAL AGENCY POLICY),RIVER / RUNNING SURFACE WATER,85,BOD : 5 Day ATU,<4,MILLIGRAM PER LITRE
https://environment.data.gov.uk/water-quality/sampling-point/TH-PRTS0065/sample/1445066/observation/0111,TH-PRTS0065,R. THAMES D/S OF SPELTHORNE CHANNEL O/F,-0.4503,51.3823,Thames,THAMES - WEST THAMES,Multiple Values,OPEN,FRESHWATER - RIVERS,2025-09-29T10:30:00,2025,MONITORING  (NATIONAL AGENCY POLICY),RIVER / RUNNING SURFACE WATER,111,Ammoniacal Nitrogen as N,0.043,MILLIGRAM PER LITRE
https://environment.data.gov.uk/water-quality/sampling-point/TH-PRTS0065/sample/1445066/observation/0116,TH-PRTS0065,R. THAMES D/S OF SPELTHORNE CHANNEL O/F,-0.4503,51.3823,Thames,THAMES - WEST THAMES,Multiple Values,OPEN,FRESHWATER - RIVERS,2025-09-29T10:30:00,2025,MONITORING  (NATIONAL AGENCY POLICY),RIVER / RUNNING SURFACE WATER,116,"Nitrogen, Total Oxidised as N",9.4,MILLIGRAM PER LITRE
https://environment.data.gov.uk/water-quality/sampling-point/TH-PRTS0065/sample/1445066/observation/0117,TH-PRTS0065,R. THAMES D/S OF SPELTHORNE CHANNEL O/F,-0.4503,51.3823,Thames,THAMES - WEST THAMES,Multiple Values,OPEN,FRESHWATER - RIVERS,2025-09-29T10:30:00,2025,MONITORING  (NATIONAL AGENCY POLICY),RIVER / RUNNING SURFACE WATER,117,Nitrate as N,9.37,MILLIGRAM PER LITRE
https://environment.data.gov.uk/water-quality/sampling-point/TH-PRTS0065/sample/1445066/observation/0118,TH-PRTS0065,R. THAMES D/S OF SPELTHORNE CHANNEL O/F,-0.4503,51.3823,Thames,THAMES - WEST THAMES,Multiple Values,OPEN,FRESHWATER - RIVERS,2025-09-29T10:30:00,2025,MONITORING  (NATIONAL AGENCY POLICY),RIVER / RUNNING SURFACE WATER,118,Nitrite as N,0.028,MILLIGRAM PER LITRE
https://environment.data.gov.uk/water-quality/sampling-point/TH-PRTS0065/sample/1445066/observation/0119,TH-PRTS0065,R. THAMES D/S OF SPELTHORNE CHANNEL O/F,-0.4503,51.3823,Thames,THAMES - WEST THAMES,Multiple Values,OPEN,FRESHWATER - RIVERS,2025-09-29T10:30:00,2025,MONITORING  (NATIONAL AGENCY POLICY),RIVER / RUNNING SURFACE WATER,119,Ammonia un-ionised as N,0.0008,MILLIGRAM PER LITRE
https://environment.data.gov.uk/water-quality/sampling-point/TH-PRTS0065/sample/1445066/observation/0162,TH-PRTS0065,R. THAMES D/S OF SPELTHORNE CHANNEL O/F,-0.4503,51.3823,Thames,THAMES - WEST THAMES,Multiple Values,OPEN,FRESHWATER - RIVERS,2025-09-29T10:30:00,2025,MONITORING  (NATIONAL AGENCY POLICY),RIVER / RUNNING SURFACE WATER,162,Alkalinity to pH 4.5 as CaCO3,160,MILLIGRAM PER LITRE
https://environment.data.gov.uk/water-quality/sampling-point/TH-PRTS0065/sample/1445066/observation/0180,TH-PRTS0065,R. THAMES D/S OF SPELTHORNE CHANNEL O/F,-0.4503,51.3823,Thames,THAMES - WEST THAMES,Multiple Values,OPEN,FRESHWATER - RIVERS,2025-09-29T10:30:00,2025,MONITORING  (NATIONAL AGENCY POLICY),RIVER / RUNNING SURFACE WATER,180,"Orthophosphate, reactive as P",0.21,MILLIGRAM PER LITRE
https://environment.data.gov.uk/water-quality/sampling-point/TH-PRTS0065/sample/1445066/observation/9901,TH-PRTS0065,R. THAMES D/S OF SPELTHORNE CHANNEL O/F,-0.4503,51.3823,Thames,THAMES - WEST THAMES,Multiple Values,OPEN,FRESHWATER - RIVERS,2025-09-29T10:30:00,2025,MONITORING  (NATIONAL AGENCY POLICY),RIVER / RUNNING SURFACE WATER,9901,"Oxygen, Dissolved, % Saturation",96.1,PERCENTAGE
https://environment.data.gov.uk/water-quality/sampling-point/TH-PRTS0065/sample/1445066/observation/9924,TH-PRTS0065,R. THAMES D/S OF SPELTHORNE CHANNEL O/F,-0.4503,51.3823,Thames,THAMES - WEST THAMES,Multiple Values,OPEN,FRESHWATER - RIVERS,2025-09-29T10:30:00,2025,MONITORING  (NATIONAL AGENCY POLICY),RIVER / RUNNING SURFACE WATER,9924,"Oxygen, Dissolved as O2",10.1,MILLIGRAM PER LITRE
https://environment.data.gov.uk/water-quality/sampling-point/TH-PRTS0065/sample/1451013/observation/0061,TH-PRTS0065,R. THAMES D/S OF SPELTHORNE CHANNEL O/F,-0.4503,51.3823,Thames,THAMES - WEST THAMES,Multiple Values,OPEN,FRESHWATER - RIVERS,2025-10-21T10:52:00,2025,MONITORING  (NATIONAL AGENCY POLICY),RIVER / RUNNING SURFACE WATER,61,pH,7.85,PH UNITS
https://environment.data.gov.uk/water-quality/sampling-point/TH-PRTS0065/sample/1451013/observation/0076,TH-PRTS0065,R. THAMES D/S OF SPELTHORNE CHANNEL O/F,-0.4503,51.3823,Thames,THAMES - WEST THAMES,Multiple Values,OPEN,FRESHWATER - RIVERS,2025-10-21T10:52:00,2025,MONITORING  (NATIONAL AGENCY POLICY),RIVER / RUNNING SURFACE WATER,76,Temperature of Water,14.1,CELSIUS
https://environment.data.gov.uk/water-quality/sampling-point/TH-PRTS0065/sample/1451013/observation/0077,TH-PRTS0065,R. THAMES D/S OF SPELTHORNE CHANNEL O/F,-0.4503,51.3823,Thames,THAMES - WEST THAMES,Multiple Values,OPEN,FRESHWATER - RIVERS,2025-10-21T10:52:00,2025,MONITORING  (NATIONAL AGENCY POLICY),RIVER / RUNNING SURFACE WATER,77,Conductivity at 25 C,686,MICROSIEMENS PER CENTIMETRE
https://environment.data.gov.uk/water-quality/sampling-point/TH-PRTS0065/sample/1451013/observation/0085,TH-PRTS0065,R. THAMES D/S OF SPELTHORNE CHANNEL O/F,-0.4503,51.3823,Thames,THAMES - WEST THAMES,Multiple Values,OPEN,FRESHWATER - RIVERS,2025-10-21T10:52:00,2025,MONITORING  (NATIONAL AGENCY POLICY),RIVER / RUNNING SURFACE WATER,85,BOD : 5 Day ATU,1.4,MILLIGRAM PER LITRE
https://environment.data.gov.uk/water-quality/sampling-point/TH-PRTS0065/sample/1451013/observation/0111,TH-PRTS0065,R. THAMES D/S OF SPELTHORNE CHANNEL O/F,-0.4503,51.3823,Thames,THAMES - WEST THAMES,Multiple Values,OPEN,FRESHWATER - RIVERS,2025-10-21T10:52:00,2025,MONITORING  (NATIONAL AGENCY POLICY),RIVER / RUNNING SURFACE WATER,111,Ammoniacal Nitrogen as N,0.078,MILLIGRAM PER LITRE
https://environment.data.gov.uk/water-quality/sampling-point/TH-PRTS0065/sample/1451013/observation/0116,TH-PRTS0065,R. THAMES D/S OF SPELTHORNE CHANNEL O/F,-0.4503,51.3823,Thames,THAMES - WEST THAMES,Multiple Values,OPEN,FRESHWATER - RIVERS,2025-10-21T10:52:00,2025,MONITORING  (NATIONAL AGENCY POLICY),RIVER / RUNNING SURFACE WATER,116,"Nitrogen, Total Oxidised as N",9.9,MILLIGRAM PER LITRE
https://environment.data.gov.uk/water-quality/sampling-point/TH-PRTS0065/sample/1451013/observation/0117,TH-PRTS0065,R. THAMES D/S OF SPELTHORNE CHANNEL O/F,-0.4503,51.3823,Thames,THAMES - WEST THAMES,Multiple Values,OPEN,FRESHWATER - RIVERS,2025-10-21T10:52:00,2025,MONITORING  (NATIONAL AGENCY POLICY),RIVER / RUNNING SURFACE WATER,117,Nitrate as N,9.85,MILLIGRAM PER LITRE
https://environment.data.gov.uk/water-quality/sampling-point/TH-PRTS0065/sample/1451013/observation/0118,TH-PRTS0065,R. THAMES D/S OF SPELTHORNE CHANNEL O/F,-0.4503,51.3823,Thames,THAMES - WEST THAMES,Multiple Values,OPEN,FRESHWATER - RIVERS,2025-10-21T10:52:00,2025,MONITORING  (NATIONAL AGENCY POLICY),RIVER / RUNNING SURFACE WATER,118,Nitrite as N,0.046,MILLIGRAM PER LITRE
https://environment.data.gov.uk/water-quality/sampling-point/TH-PRTS0065/sample/1451013/observation/0119,TH-PRTS0065,R. THAMES D/S OF SPELTHORNE CHANNEL O/F,-0.4503,51.3823,Thames,THAMES - WEST THAMES,Multiple Values,OPEN,FRESHWATER - RIVERS,2025-10-21T10:52:00,2025,MONITORING  (NATIONAL AGENCY POLICY),RIVER / RUNNING SURFACE WATER,119,Ammonia un-ionised as N,0.00137,MILLIGRAM PER LITRE
https://environment.data.gov.uk/water-quality/sampling-point/TH-PRTS0065/sample/1451013/observation/0162,TH-PRTS0065,R. THAMES D/S OF SPELTHORNE CHANNEL O/F,-0.4503,51.3823,Thames,THAMES - WEST THAMES,Multiple Values,OPEN,FRESHWATER - RIVERS,2025-10-21T10:52:00,2025,MONITORING  (NATIONAL AGENCY POLICY),RIVER / RUNNING SURFACE WATER,162,Alkalinity to pH 4.5 as CaCO3,160,MILLIGRAM PER LITRE
https://environment.data.gov.uk/water-quality/sampling-point/TH-PRTS0065/sample/1451013/observation/0180,TH-PRTS0065,R. THAMES D/S OF SPELTHORNE CHANNEL O/F,-0.4503,51.3823,Thames,THAMES - WEST THAMES,Multiple Values,OPEN,FRESHWATER - RIVERS,2025-10-21T10:52:00,2025,MONITORING  (NATIONAL AGENCY POLICY),RIVER / RUNNING SURFACE WATER,180,"Orthophosphate, reactive as P",0.23,MILLIGRAM PER LITRE
https://environment.data.gov.uk/water-quality/sampling-point/TH-PRTS0065/sample/1451013/observation/9901,TH-PRTS0065,R. THAMES D/S OF SPELTHORNE CHANNEL O/F,-0.4503,51.3823,Thames,THAMES - WEST THAMES,Multiple Values,OPEN,FRESHWATER - RIVERS,2025-10-21T10:52:00,2025,MONITORING  (NATIONAL AGENCY POLICY),RIVER / RUNNING SURFACE WATER,9901,"Oxygen, Dissolved, % Saturation",96.1,PERCENTAGE
https://environment.data.gov.uk/water-quality/sampling-point/TH-PRTS0065/sample/1451013/observation/9924,TH-PRTS0065,R. THAMES D/S OF SPELTHORNE CHANNEL O/F,-0.4503,51.3823,Thames,THAMES - WEST THAMES,Multiple Values,OPEN,FRESHWATER - RIVERS,2025-10-21T10:52:00,2025,MONITORING  (NATIONAL AGENCY POLICY),RIVER / RUNNING SURFACE WATER,9924,"Oxygen, Dissolved as O2",9.86,MILLIGRAM PER LITRE
https://environment.data.gov.uk/water-quality/sampling-point/TH-PRTS0065/sample/1451897/observation/0061,TH-PRTS0065,R. THAMES D/S OF SPELTHORNE CHANNEL O/F,-0.4503,51.3823,Thames,THAMES - WEST THAMES,Multiple Values,OPEN,FRESHWATER - RIVERS,2025-11-12T11:32:00,2025,MONITORING  (NATIONAL AGENCY POLICY),RIVER / RUNNING SURFACE WATER,61,pH,7.99,PH UNITS
https://environment.data.gov.uk/water-quality/sampling-point/TH-PRTS0065/sample/1451897/observation/0076,TH-PRTS0065,R. THAMES D/S OF SPELTHORNE CHANNEL O/F,-0.4503,51.3823,Thames,THAMES - WEST THAMES,Multiple Values,OPEN,FRESHWATER - RIVERS,2025-11-12T11:32:00,2025,MONITORING  (NATIONAL AGENCY POLICY),RIVER / RUNNING SURFACE WATER,76,Temperature of Water,13,CELSIUS
https://environment.data.gov.uk/water-quality/sampling-point/TH-PRTS0065/sample/1451897/observation/0077,TH-PRTS0065,R. THAMES D/S OF SPELTHORNE CHANNEL O/F,-0.4503,51.3823,Thames,THAMES - WEST THAMES,Multiple Values,OPEN,FRESHWATER - RIVERS,2025-11-12T11:32:00,2025,MONITORING  (NATIONAL AGENCY POLICY),RIVER / RUNNING SURFACE WATER,77,Conductivity at 25 C,673,MICROSIEMENS PER CENTIMETRE
https://environment.data.gov.uk/water-quality/sampling-point/TH-PRTS0065/sample/1451897/observation/0085,TH-PRTS0065,R. THAMES D/S OF SPELTHORNE CHANNEL O/F,-0.4503,51.3823,Thames,THAMES - WEST THAMES,Multiple Values,OPEN,FRESHWATER - RIVERS,2025-11-12T11:32:00,2025,MONITORING  (NATIONAL AGENCY POLICY),RIVER / RUNNING SURFACE WATER,85,BOD : 5 Day ATU,1.1,MILLIGRAM PER LITRE
https://environment.data.gov.uk/water-quality/sampling-point/TH-PRTS0065/sample/1451897/observation/0111,TH-PRTS0065,R. THAMES D/S OF SPELTHORNE CHANNEL O/F,-0.4503,51.3823,Thames,THAMES - WEST THAMES,Multiple Values,OPEN,FRESHWATER - RIVERS,2025-11-12T11:32:00,2025,MONITORING  (NATIONAL AGENCY POLICY),RIVER / RUNNING SURFACE WATER,111,Ammoniacal Nitrogen as N,0.068,MILLIGRAM PER LITRE
https://environment.data.gov.uk/water-quality/sampling-point/TH-PRTS0065/sample/1451897/observation/0116,TH-PRTS0065,R. THAMES D/S OF SPELTHORNE CHANNEL O/F,-0.4503,51.3823,Thames,THAMES - WEST THAMES,Multiple Values,OPEN,FRESHWATER - RIVERS,2025-11-12T11:32:00,2025,MONITORING  (NATIONAL AGENCY POLICY),RIVER / RUNNING SURFACE WATER,116,"Nitrogen, Total Oxidised as N",8.4,MILLIGRAM PER LITRE
https://environment.data.gov.uk/water-quality/sampling-point/TH-PRTS0065/sample/1451897/observation/0117,TH-PRTS0065,R. THAMES D/S OF SPELTHORNE CHANNEL O/F,-0.4503,51.3823,Thames,THAMES - WEST THAMES,Multiple Values,OPEN,FRESHWATER - RIVERS,2025-11-12T11:32:00,2025,MONITORING  (NATIONAL AGENCY POLICY),RIVER / RUNNING SURFACE WATER,117,Nitrate as N,8.35,MILLIGRAM PER LITRE
https://environment.data.gov.uk/water-quality/sampling-point/TH-PRTS0065/sample/1451897/observation/0118,TH-PRTS0065,R. THAMES D/S OF SPELTHORNE CHANNEL O/F,-0.4503,51.3823,Thames,THAMES - WEST THAMES,Multiple Values,OPEN,FRESHWATER - RIVERS,2025-11-12T11:32:00,2025,MONITORING  (NATIONAL AGENCY POLICY),RIVER / RUNNING SURFACE WATER,118,Nitrite as N,0.047,MILLIGRAM PER LITRE
https://environment.data.gov.uk/water-quality/sampling-point/TH-PRTS0065/sample/1451897/observation/0119,TH-PRTS0065,R. THAMES D/S OF SPELTHORNE CHANNEL O/F,-0.4503,51.3823,Thames,THAMES - WEST THAMES,Multiple Values,OPEN,FRESHWATER - RIVERS,2025-11-12T11:32:00,2025,MONITORING  (NATIONAL AGENCY POLICY),RIVER / RUNNING SURFACE WATER,119,Ammonia un-ionised as N,0.00151,MILLIGRAM PER LITRE
https://environment.data.gov.uk/water-quality/sampling-point/TH-PRTS0065/sample/1451897/observation/0162,TH-PRTS0065,R. THAMES D/S OF SPELTHORNE CHANNEL O/F,-0.4503,51.3823,Thames,THAMES - WEST THAMES,Multiple Values,OPEN,FRESHWATER - RIVERS,2025-11-12T11:32:00,2025,MONITORING  (NATIONAL AGENCY POLICY),RIVER / RUNNING SURFACE WATER,162,Alkalinity to pH 4.5 as CaCO3,180,MILLIGRAM PER LITRE
https://environment.data.gov.uk/water-quality/sampling-point/TH-PRTS0065/sample/1451897/observation/0180,TH-PRTS0065,R. THAMES D/S OF SPELTHORNE CHANNEL O/F,-0.4503,51.3823,Thames,THAMES - WEST THAMES,Multiple Values,OPEN,FRESHWATER - RIVERS,2025-11-12T11:32:00,2025,MONITORING  (NATIONAL AGENCY POLICY),RIVER / RUNNING SURFACE WATER,180,"Orthophosphate, reactive as P",0.21,MILLIGRAM PER LITRE
https://environment.data.gov.uk/water-quality/sampling-point/TH-PRTS0065/sample/1451897/observation/9901,TH-PRTS0065,R. THAMES D/S OF SPELTHORNE CHANNEL O/F,-0.4503,51.3823,Thames,THAMES - WEST THAMES,Multiple Values,OPEN,FRESHWATER - RIVERS,2025-11-12T11:32:00,2025,MONITORING  (NATIONAL AGENCY POLICY),RIVER / RUNNING SURFACE WATER,9901,"Oxygen, Dissolved, % Saturation",96.5,PERCENTAGE
https://environment.data.gov.uk/water-quality/sampling-point/TH-PRTS0065/sample/1451897/observation/9924,TH-PRTS0065,R. THAMES D/S OF SPELTHORNE CHANNEL O/F,-0.4503,51.3823,Thames,THAMES - WEST THAMES,Multiple Values,OPEN,FRESHWATER - RIVERS,2025-11-12T11:32:00,2025,MONITORING  (NATIONAL AGENCY POLICY),RIVER / RUNNING SURFACE WATER,9924,"Oxygen, Dissolved as O2",10.1,MILLIGRAM PER LITRE
https://environment.data.gov.uk/water-quality/sampling-point/TH-PRTS0065/sample/1453022/observation/0061,TH-PRTS0065,R. THAMES D/S OF SPELTHORNE CHANNEL O/F,-0.4503,51.3823,Thames,THAMES - WEST THAMES,Multiple Values,OPEN,FRESHWATER - RIVERS,2025-12-01T12:13:00,2025,MONITORING  (NATIONAL AGENCY POLICY),RIVER / RUNNING SURFACE WATER,61,pH,8.06,PH UNITS
https://environment.data.gov.uk/water-quality/sampling-point/TH-PRTS0065/sample/1453022/observation/0076,TH-PRTS0065,R. THAMES D/S OF SPELTHORNE CHANNEL O/F,-0.4503,51.3823,Thames,THAMES - WEST THAMES,Multiple Values,OPEN,FRESHWATER - RIVERS,2025-12-01T12:13:00,2025,MONITORING  (NATIONAL AGENCY POLICY),RIVER / RUNNING SURFACE WATER,76,Temperature of Water,8.2,CELSIUS
https://environment.data.gov.uk/water-quality/sampling-point/TH-PRTS0065/sample/1453022/observation/0077,TH-PRTS0065,R. THAMES D/S OF SPELTHORNE CHANNEL O/F,-0.4503,51.3823,Thames,THAMES - WEST THAMES,Multiple Values,OPEN,FRESHWATER - RIVERS,2025-12-01T12:13:00,2025,MONITORING  (NATIONAL AGENCY POLICY),RIVER / RUNNING SURFACE WATER,77,Conductivity at 25 C,582,MICROSIEMENS PER CENTIMETRE
https://environment.data.gov.uk/water-quality/sampling-point/TH-PRTS0065/sample/1453022/observation/0085,TH-PRTS0065,R. THAMES D/S OF SPELTHORNE CHANNEL O/F,-0.4503,51.3823,Thames,THAMES - WEST THAMES,Multiple Values,OPEN,FRESHWATER - RIVERS,2025-12-01T12:13:00,2025,MONITORING  (NATIONAL AGENCY POLICY),RIVER / RUNNING SURFACE WATER,85,BOD : 5 Day ATU,1.3,MILLIGRAM PER LITRE
https://environment.data.gov.uk/water-quality/sampling-point/TH-PRTS0065/sample/1453022/observation/0111,TH-PRTS0065,R. THAMES D/S OF SPELTHORNE CHANNEL O/F,-0.4503,51.3823,Thames,THAMES - WEST THAMES,Multiple Values,OPEN,FRESHWATER - RIVERS,2025-12-01T12:13:00,2025,MONITORING  (NATIONAL AGENCY POLICY),RIVER / RUNNING SURFACE WATER,111,Ammoniacal Nitrogen as N,0.064,MILLIGRAM PER LITRE
https://environment.data.gov.uk/water-quality/sampling-point/TH-PRTS0065/sample/1453022/observation/0116,TH-PRTS0065,R. THAMES D/S OF SPELTHORNE CHANNEL O/F,-0.4503,51.3823,Thames,THAMES - WEST THAMES,Multiple Values,OPEN,FRESHWATER - RIVERS,2025-12-01T12:13:00,2025,MONITORING  (NATIONAL AGENCY POLICY),RIVER / RUNNING SURFACE WATER,116,"Nitrogen, Total Oxidised as N",8.3,MILLIGRAM PER LITRE
https://environment.data.gov.uk/water-quality/sampling-point/TH-PRTS0065/sample/1453022/observation/0117,TH-PRTS0065,R. THAMES D/S OF SPELTHORNE CHANNEL O/F,-0.4503,51.3823,Thames,THAMES - WEST THAMES,Multiple Values,OPEN,FRESHWATER - RIVERS,2025-12-01T12:13:00,2025,MONITORING  (NATIONAL AGENCY POLICY),RIVER / RUNNING SURFACE WATER,117,Nitrate as N,8.26,MILLIGRAM PER LITRE
https://environment.data.gov.uk/water-quality/sampling-point/TH-PRTS0065/sample/1453022/observation/0118,TH-PRTS0065,R. THAMES D/S OF SPELTHORNE CHANNEL O/F,-0.4503,51.3823,Thames,THAMES - WEST THAMES,Multiple Values,OPEN,FRESHWATER - RIVERS,2025-12-01T12:13:00,2025,MONITORING  (NATIONAL AGENCY POLICY),RIVER / RUNNING SURFACE WATER,118,Nitrite as N,0.04,MILLIGRAM PER LITRE
https://environment.data.gov.uk/water-quality/sampling-point/TH-PRTS0065/sample/1453022/observation/0119,TH-PRTS0065,R. THAMES D/S OF SPELTHORNE CHANNEL O/F,-0.4503,51.3823,Thames,THAMES - WEST THAMES,Multiple Values,OPEN,FRESHWATER - RIVERS,2025-12-01T12:13:00,2025,MONITORING  (NATIONAL AGENCY POLICY),RIVER / RUNNING SURFACE WATER,119,Ammonia un-ionised as N,0.00102,MILLIGRAM PER LITRE
https://environment.data.gov.uk/water-quality/sampling-point/TH-PRTS0065/sample/1453022/observation/0162,TH-PRTS0065,R. THAMES D/S OF SPELTHORNE CHANNEL O/F,-0.4503,51.3823,Thames,THAMES - WEST THAMES,Multiple Values,OPEN,FRESHWATER - RIVERS,2025-12-01T12:13:00,2025,MONITORING  (NATIONAL AGENCY POLICY),RIVER / RUNNING SURFACE WATER,162,Alkalinity to pH 4.5 as CaCO3,180,MILLIGRAM PER LITRE
https://environment.data.gov.uk/water-quality/sampling-point/TH-PRTS0065/sample/1453022/observation/0180,TH-PRTS0065,R. THAMES D/S OF SPELTHORNE CHANNEL O/F,-0.4503,51.3823,Thames,THAMES - WEST THAMES,Multiple Values,OPEN,FRESHWATER - RIVERS,2025-12-01T12:13:00,2025,MONITORING  (NATIONAL AGENCY POLICY),RIVER / RUNNING SURFACE WATER,180,"Orthophosphate, reactive as P",0.17,MILLIGRAM PER LITRE
https://environment.data.gov.uk/water-quality/sampling-point/TH-PRTS0065/sample/1453022/observation/9901,TH-PRTS0065,R. THAMES D/S OF SPELTHORNE CHANNEL O/F,-0.4503,51.3823,Thames,THAMES - WEST THAMES,Multiple Values,OPEN,FRESHWATER - RIVERS,2025-12-01T12:13:00,2025,MONITORING  (NATIONAL AGENCY POLICY),RIVER / RUNNING SURFACE WATER,9901,"Oxygen, Dissolved, % Saturation",101.5,PERCENTAGE
https://environment.data.gov.uk/water-quality/sampling-point/TH-PRTS0065/sample/1453022/observation/9924,TH-PRTS0065,R. THAMES D/S OF SPELTHORNE CHANNEL O/F,-0.4503,51.3823,Thames,THAMES - WEST THAMES,Multiple Values,OPEN,FRESHWATER - RIVERS,2025-12-01T12:13:00,2025,MONITORING  (NATIONAL AGENCY POLICY),RIVER / RUNNING SURFACE WATER,9924,"Oxygen, Dissolved as O2",11.9,MILLIGRAM PER LITRE
https://environment.data.gov.uk/water-quality/sampling-point/TH-PTHR0076/sample/1422952/observation/0061,TH-PTHR0076,"THAMES AT RAVENS AIT, SURBITON",-0.3109,51.398,Thames,THAMES - WEST THAMES,Multiple Values,OPEN,FRESHWATER - RIVERS,2025-01-22T11:05:00,2025,MONITORING  (NATIONAL AGENCY POLICY),RIVER / RUNNING SURFACE WATER,61,pH,8.18,PH UNITS
https://environment.data.gov.uk/water-quality/sampling-point/TH-PTHR0076/sample/1422952/observation/0076,TH-PTHR0076,"THAMES AT RAVENS AIT, SURBITON",-0.3109,51.398,Thames,THAMES - WEST THAMES,Multiple Values,OPEN,FRESHWATER - RIVERS,2025-01-22T11:05:00,2025,MONITORING  (NATIONAL AGENCY POLICY),RIVER / RUNNING SURFACE WATER,76,Temperature of Water,6.3,CELSIUS
https://environment.data.gov.uk/water-quality/sampling-point/TH-PTHR0076/sample/1422952/observation/0077,TH-PTHR0076,"THAMES AT RAVENS AIT, SURBITON",-0.3109,51.398,Thames,THAMES - WEST THAMES,Multiple Values,OPEN,FRESHWATER - RIVERS,2025-01-22T11:05:00,2025,MONITORING  (NATIONAL AGENCY POLICY),RIVER / RUNNING SURFACE WATER,77,Conductivity at 25 C,646,MICROSIEMENS PER CENTIMETRE
https://environment.data.gov.uk/water-quality/sampling-point/TH-PTHR0076/sample/1422952/observation/0085,TH-PTHR0076,"THAMES AT RAVENS AIT, SURBITON",-0.3109,51.398,Thames,THAMES - WEST THAMES,Multiple Values,OPEN,FRESHWATER - RIVERS,2025-01-22T11:05:00,2025,MONITORING  (NATIONAL AGENCY POLICY),RIVER / RUNNING SURFACE WATER,85,BOD : 5 Day ATU,1.5,MILLIGRAM PER LITRE
https://environment.data.gov.uk/water-quality/sampling-point/TH-PTHR0076/sample/1422952/observation/0111,TH-PTHR0076,"THAMES AT RAVENS AIT, SURBITON",-0.3109,51.398,Thames,THAMES - WEST THAMES,Multiple Values,OPEN,FRESHWATER - RIVERS,2025-01-22T11:05:00,2025,MONITORING  (NATIONAL AGENCY POLICY),RIVER / RUNNING SURFACE WATER,111,Ammoniacal Nitrogen as N,0.08,MILLIGRAM PER LITRE
https://environment.data.gov.uk/water-quality/sampling-point/TH-PTHR0076/sample/1422952/observation/0116,TH-PTHR0076,"THAMES AT RAVENS AIT, SURBITON",-0.3109,51.398,Thames,THAMES - WEST THAMES,Multiple Values,OPEN,FRESHWATER - RIVERS,2025-01-22T11:05:00,2025,MONITORING  (NATIONAL AGENCY POLICY),RIVER / RUNNING SURFACE WATER,116,"Nitrogen, Total Oxidised as N",7.1,MILLIGRAM PER LITRE
https://environment.data.gov.uk/water-quality/sampling-point/TH-PTHR0076/sample/1422952/observation/0117,TH-PTHR0076,"THAMES AT RAVENS AIT, SURBITON",-0.3109,51.398,Thames,THAMES - WEST THAMES,Multiple Values,OPEN,FRESHWATER - RIVERS,2025-01-22T11:05:00,2025,MONITORING  (NATIONAL AGENCY POLICY),RIVER / RUNNING SURFACE WATER,117,Nitrate as N,7.06,MILLIGRAM PER LITRE
https://environment.data.gov.uk/water-quality/sampling-point/TH-PTHR0076/sample/1422952/observation/0118,TH-PTHR0076,"THAMES AT RAVENS AIT, SURBITON",-0.3109,51.398,Thames,THAMES - WEST THAMES,Multiple Values,OPEN,FRESHWATER - RIVERS,2025-01-22T11:05:00,2025,MONITORING  (NATIONAL AGENCY POLICY),RIVER / RUNNING SURFACE WATER,118,Nitrite as N,0.042,MILLIGRAM PER LITRE
https://environment.data.gov.uk/water-quality/sampling-point/TH-PTHR0076/sample/1422952/observation/0119,TH-PTHR0076,"THAMES AT RAVENS AIT, SURBITON",-0.3109,51.398,Thames,THAMES - WEST THAMES,Multiple Values,OPEN,FRESHWATER - RIVERS,2025-01-22T11:05:00,2025,MONITORING  (NATIONAL AGENCY POLICY),RIVER / RUNNING SURFACE WATER,119,Ammonia un-ionised as N,0.00111,MILLIGRAM PER LITRE
https://environment.data.gov.uk/water-quality/sampling-point/TH-PTHR0076/sample/1422952/observation/0162,TH-PTHR0076,"THAMES AT RAVENS AIT, SURBITON",-0.3109,51.398,Thames,THAMES - WEST THAMES,Multiple Values,OPEN,FRESHWATER - RIVERS,2025-01-22T11:05:00,2025,MONITORING  (NATIONAL AGENCY POLICY),RIVER / RUNNING SURFACE WATER,162,Alkalinity to pH 4.5 as CaCO3,220,MILLIGRAM PER LITRE
https://environment.data.gov.uk/water-quality/sampling-point/TH-PTHR0076/sample/1422952/observation/0180,TH-PTHR0076,"THAMES AT RAVENS AIT, SURBITON",-0.3109,51.398,Thames,THAMES - WEST THAMES,Multiple Values,OPEN,FRESHWATER - RIVERS,2025-01-22T11:05:00,2025,MONITORING  (NATIONAL AGENCY POLICY),RIVER / RUNNING SURFACE WATER,180,"Orthophosphate, reactive as P",0.13,MILLIGRAM PER LITRE
https://environment.data.gov.uk/water-quality/sampling-point/TH-PTHR0076/sample/1422952/observation/9901,TH-PTHR0076,"THAMES AT RAVENS AIT, SURBITON",-0.3109,51.398,Thames,THAMES - WEST THAMES,Multiple Values,OPEN,FRESHWATER - RIVERS,2025-01-22T11:05:00,2025,MONITORING  (NATIONAL AGENCY POLICY),RIVER / RUNNING SURFACE WATER,9901,"Oxygen, Dissolved, % Saturation",101.1,PERCENTAGE
https://environment.data.gov.uk/water-quality/sampling-point/TH-PTHR0076/sample/1422952/observation/9924,TH-PTHR0076,"THAMES AT RAVENS AIT, SURBITON",-0.3109,51.398,Thames,THAMES - WEST THAMES,Multiple Values,OPEN,FRESHWATER - RIVERS,2025-01-22T11:05:00,2025,MONITORING  (NATIONAL AGENCY POLICY),RIVER / RUNNING SURFACE WATER,9924,"Oxygen, Dissolved as O2",12.5,MILLIGRAM PER LITRE
https://environment.data.gov.uk/water-quality/sampling-point/TH-PTHR0076/sample/1423748/observation/0061,TH-PTHR0076,"THAMES AT RAVENS AIT, SURBITON",-0.3109,51.398,Thames,THAMES - WEST THAMES,Multiple Values,OPEN,FRESHWATER - RIVERS,2025-02-10T11:38:00,2025,MONITORING  (NATIONAL AGENCY POLICY),RIVER / RUNNING SURFACE WATER,61,pH,8.14,PH UNITS
https://environment.data.gov.uk/water-quality/sampling-point/TH-PTHR0076/sample/1423748/observation/0076,TH-PTHR0076,"THAMES AT RAVENS AIT, SURBITON",-0.3109,51.398,Thames,THAMES - WEST THAMES,Multiple Values,OPEN,FRESHWATER - RIVERS,2025-02-10T11:38:00,2025,MONITORING  (NATIONAL AGENCY POLICY),RIVER / RUNNING SURFACE WATER,76,Temperature of Water,5.9,CELSIUS
https://environment.data.gov.uk/water-quality/sampling-point/TH-PTHR0076/sample/1423748/observation/0077,TH-PTHR0076,"THAMES AT RAVENS AIT, SURBITON",-0.3109,51.398,Thames,THAMES - WEST THAMES,Multiple Values,OPEN,FRESHWATER - RIVERS,2025-02-10T11:38:00,2025,MONITORING  (NATIONAL AGENCY POLICY),RIVER / RUNNING SURFACE WATER,77,Conductivity at 25 C,649,MICROSIEMENS PER CENTIMETRE
https://environment.data.gov.uk/water-quality/sampling-point/TH-PTHR0076/sample/1423748/observation/0085,TH-PTHR0076,"THAMES AT RAVENS AIT, SURBITON",-0.3109,51.398,Thames,THAMES - WEST THAMES,Multiple Values,OPEN,FRESHWATER - RIVERS,2025-02-10T11:38:00,2025,MONITORING  (NATIONAL AGENCY POLICY),RIVER / RUNNING SURFACE WATER,85,BOD : 5 Day ATU,2,MILLIGRAM PER LITRE
https://environment.data.gov.uk/water-quality/sampling-point/TH-PTHR0076/sample/1423748/observation/0111,TH-PTHR0076,"THAMES AT RAVENS AIT, SURBITON",-0.3109,51.398,Thames,THAMES - WEST THAMES,Multiple Values,OPEN,FRESHWATER - RIVERS,2025-02-10T11:38:00,2025,MONITORING  (NATIONAL AGENCY POLICY),RIVER / RUNNING SURFACE WATER,111,Ammoniacal Nitrogen as N,0.075,MILLIGRAM PER LITRE
https://environment.data.gov.uk/water-quality/sampling-point/TH-PTHR0076/sample/1423748/observation/0116,TH-PTHR0076,"THAMES AT RAVENS AIT, SURBITON",-0.3109,51.398,Thames,THAMES - WEST THAMES,Multiple Values,OPEN,FRESHWATER - RIVERS,2025-02-10T11:38:00,2025,MONITORING  (NATIONAL AGENCY POLICY),RIVER / RUNNING SURFACE WATER,116,"Nitrogen, Total Oxidised as N",6.8,MILLIGRAM PER LITRE
https://environment.data.gov.uk/water-quality/sampling-point/TH-PTHR0076/sample/1423748/observation/0117,TH-PTHR0076,"THAMES AT RAVENS AIT, SURBITON",-0.3109,51.398,Thames,THAMES - WEST THAMES,Multiple Values,OPEN,FRESHWATER - RIVERS,2025-02-10T11:38:00,2025,MONITORING  (NATIONAL AGENCY POLICY),RIVER / RUNNING SURFACE WATER,117,Nitrate as N,6.76,MILLIGRAM PER LITRE
https://environment.data.gov.uk/water-quality/sampling-point/TH-PTHR0076/sample/1423748/observation/0118,TH-PTHR0076,"THAMES AT RAVENS AIT, SURBITON",-0.3109,51.398,Thames,THAMES - WEST THAMES,Multiple Values,OPEN,FRESHWATER - RIVERS,2025-02-10T11:38:00,2025,MONITORING  (NATIONAL AGENCY POLICY),RIVER / RUNNING SURFACE WATER,118,Nitrite as N,0.044,MILLIGRAM PER LITRE
https://environment.data.gov.uk/water-quality/sampling-point/TH-PTHR0076/sample/1423748/observation/0119,TH-PTHR0076,"THAMES AT RAVENS AIT, SURBITON",-0.3109,51.398,Thames,THAMES - WEST THAMES,Multiple Values,OPEN,FRESHWATER - RIVERS,2025-02-10T11:38:00,2025,MONITORING  (NATIONAL AGENCY POLICY),RIVER / RUNNING SURFACE WATER,119,Ammonia un-ionised as N,0.00101,MILLIGRAM PER LITRE
https://environment.data.gov.uk/water-quality/sampling-point/TH-PTHR0076/sample/1423748/observation/0162,TH-PTHR0076,"THAMES AT RAVENS AIT, SURBITON",-0.3109,51.398,Thames,THAMES - WEST THAMES,Multiple Values,OPEN,FRESHWATER - RIVERS,2025-02-10T11:38:00,2025,MONITORING  (NATIONAL AGENCY POLICY),RIVER / RUNNING SURFACE WATER,162,Alkalinity to pH 4.5 as CaCO3,210,MILLIGRAM PER LITRE
https://environment.data.gov.uk/water-quality/sampling-point/TH-PTHR0076/sample/1423748/observation/0180,TH-PTHR0076,"THAMES AT RAVENS AIT, SURBITON",-0.3109,51.398,Thames,THAMES - WEST THAMES,Multiple Values,OPEN,FRESHWATER - RIVERS,2025-02-10T11:38:00,2025,MONITORING  (NATIONAL AGENCY POLICY),RIVER / RUNNING SURFACE WATER,180,"Orthophosphate, reactive as P",0.11,MILLIGRAM PER LITRE
https://environment.data.gov.uk/water-quality/sampling-point/TH-PTHR0076/sample/1423748/observation/9901,TH-PTHR0076,"THAMES AT RAVENS AIT, SURBITON",-0.3109,51.398,Thames,THAMES - WEST THAMES,Multiple Values,OPEN,FRESHWATER - RIVERS,2025-02-10T11:38:00,2025,MONITORING  (NATIONAL AGENCY POLICY),RIVER / RUNNING SURFACE WATER,9901,"Oxygen, Dissolved, % Saturation",102.8,PERCENTAGE
https://environment.data.gov.uk/water-quality/sampling-point/TH-PTHR0076/sample/1423748/observation/9924,TH-PTHR0076,"THAMES AT RAVENS AIT, SURBITON",-0.3109,51.398,Thames,THAMES - WEST THAMES,Multiple Values,OPEN,FRESHWATER - RIVERS,2025-02-10T11:38:00,2025,MONITORING  (NATIONAL AGENCY POLICY),RIVER / RUNNING SURFACE WATER,9924,"Oxygen, Dissolved as O2",12.8,MILLIGRAM PER LITRE
https://environment.data.gov.uk/water-quality/sampling-point/TH-PTHR0076/sample/1435471/observation/0061,TH-PTHR0076,"THAMES AT RAVENS AIT, SURBITON",-0.3109,51.398,Thames,THAMES - WEST THAMES,Multiple Values,OPEN,FRESHWATER - RIVERS,2025-03-26T13:13:00,2025,MONITORING  (NATIONAL AGENCY POLICY),RIVER / RUNNING SURFACE WATER,61,pH,8.28,PH UNITS
https://environment.data.gov.uk/water-quality/sampling-point/TH-PTHR0076/sample/1435471/observation/0076,TH-PTHR0076,"THAMES AT RAVENS AIT, SURBITON",-0.3109,51.398,Thames,THAMES - WEST THAMES,Multiple Values,OPEN,FRESHWATER - RIVERS,2025-03-26T13:13:00,2025,MONITORING  (NATIONAL AGENCY POLICY),RIVER / RUNNING SURFACE WATER,76,Temperature of Water,12.5,CELSIUS
https://environment.data.gov.uk/water-quality/sampling-point/TH-PTHR0076/sample/1435471/observation/0077,TH-PTHR0076,"THAMES AT RAVENS AIT, SURBITON",-0.3109,51.398,Thames,THAMES - WEST THAMES,Multiple Values,OPEN,FRESHWATER - RIVERS,2025-03-26T13:13:00,2025,MONITORING  (NATIONAL AGENCY POLICY),RIVER / RUNNING SURFACE WATER,77,Conductivity at 25 C,650,MICROSIEMENS PER CENTIMETRE
https://environment.data.gov.uk/water-quality/sampling-point/TH-PTHR0076/sample/1435471/observation/0085,TH-PTHR0076,"THAMES AT RAVENS AIT, SURBITON",-0.3109,51.398,Thames,THAMES - WEST THAMES,Multiple Values,OPEN,FRESHWATER - RIVERS,2025-03-26T13:13:00,2025,MONITORING  (NATIONAL AGENCY POLICY),RIVER / RUNNING SURFACE WATER,85,BOD : 5 Day ATU,2.1,MILLIGRAM PER LITRE
https://environment.data.gov.uk/water-quality/sampling-point/TH-PTHR0076/sample/1435471/observation/0111,TH-PTHR0076,"THAMES AT RAVENS AIT, SURBITON",-0.3109,51.398,Thames,THAMES - WEST THAMES,Multiple Values,OPEN,FRESHWATER - RIVERS,2025-03-26T13:13:00,2025,MONITORING  (NATIONAL AGENCY POLICY),RIVER / RUNNING SURFACE WATER,111,Ammoniacal Nitrogen as N,0.035,MILLIGRAM PER LITRE
https://environment.data.gov.uk/water-quality/sampling-point/TH-PTHR0076/sample/1435471/observation/0116,TH-PTHR0076,"THAMES AT RAVENS AIT, SURBITON",-0.3109,51.398,Thames,THAMES - WEST THAMES,Multiple Values,OPEN,FRESHWATER - RIVERS,2025-03-26T13:13:00,2025,MONITORING  (NATIONAL AGENCY POLICY),RIVER / RUNNING SURFACE WATER,116,"Nitrogen, Total Oxidised as N",7.6,MILLIGRAM PER LITRE
https://environment.data.gov.uk/water-quality/sampling-point/TH-PTHR0076/sample/1435471/observation/0117,TH-PTHR0076,"THAMES AT RAVENS AIT, SURBITON",-0.3109,51.398,Thames,THAMES - WEST THAMES,Multiple Values,OPEN,FRESHWATER - RIVERS,2025-03-26T13:13:00,2025,MONITORING  (NATIONAL AGENCY POLICY),RIVER / RUNNING SURFACE WATER,117,Nitrate as N,7.57,MILLIGRAM PER LITRE
https://environment.data.gov.uk/water-quality/sampling-point/TH-PTHR0076/sample/1435471/observation/0118,TH-PTHR0076,"THAMES AT RAVENS AIT, SURBITON",-0.3109,51.398,Thames,THAMES - WEST THAMES,Multiple Values,OPEN,FRESHWATER - RIVERS,2025-03-26T13:13:00,2025,MONITORING  (NATIONAL AGENCY POLICY),RIVER / RUNNING SURFACE WATER,118,Nitrite as N,0.033,MILLIGRAM PER LITRE
https://environment.data.gov.uk/water-quality/sampling-point/TH-PTHR0076/sample/1435471/observation/0119,TH-PTHR0076,"THAMES AT RAVENS AIT, SURBITON",-0.3109,51.398,Thames,THAMES - WEST THAMES,Multiple Values,OPEN,FRESHWATER - RIVERS,2025-03-26T13:13:00,2025,MONITORING  (NATIONAL AGENCY POLICY),RIVER / RUNNING SURFACE WATER,119,Ammonia un-ionised as N,0.00077,MILLIGRAM PER LITRE
https://environment.data.gov.uk/water-quality/sampling-point/TH-PTHR0076/sample/1435471/observation/0162,TH-PTHR0076,"THAMES AT RAVENS AIT, SURBITON",-0.3109,51.398,Thames,THAMES - WEST THAMES,Multiple Values,OPEN,FRESHWATER - RIVERS,2025-03-26T13:13:00,2025,MONITORING  (NATIONAL AGENCY POLICY),RIVER / RUNNING SURFACE WATER,162,Alkalinity to pH 4.5 as CaCO3,230,MILLIGRAM PER LITRE
https://environment.data.gov.uk/water-quality/sampling-point/TH-PTHR0076/sample/1435471/observation/0180,TH-PTHR0076,"THAMES AT RAVENS AIT, SURBITON",-0.3109,51.398,Thames,THAMES - WEST THAMES,Multiple Values,OPEN,FRESHWATER - RIVERS,2025-03-26T13:13:00,2025,MONITORING  (NATIONAL AGENCY POLICY),RIVER / RUNNING SURFACE WATER,180,"Orthophosphate, reactive as P",0.095,MILLIGRAM PER LITRE
https://environment.data.gov.uk/water-quality/sampling-point/TH-PTHR0076/sample/1435471/observation/9901,TH-PTHR0076,"THAMES AT RAVENS AIT, SURBITON",-0.3109,51.398,Thames,THAMES - WEST THAMES,Multiple Values,OPEN,FRESHWATER - RIVERS,2025-03-26T13:13:00,2025,MONITORING  (NATIONAL AGENCY POLICY),RIVER / RUNNING SURFACE WATER,9901,"Oxygen, Dissolved, % Saturation",108.5,PERCENTAGE
https://environment.data.gov.uk/water-quality/sampling-point/TH-PTHR0076/sample/1435471/observation/9924,TH-PTHR0076,"THAMES AT RAVENS AIT, SURBITON",-0.3109,51.398,Thames,THAMES - WEST THAMES,Multiple Values,OPEN,FRESHWATER - RIVERS,2025-03-26T13:13:00,2025,MONITORING  (NATIONAL AGENCY POLICY),RIVER / RUNNING SURFACE WATER,9924,"Oxygen, Dissolved as O2",11.5,MILLIGRAM PER LITRE
https://environment.data.gov.uk/water-quality/sampling-point/TH-PTHR0076/sample/1437357/observation/0061,TH-PTHR0076,"THAMES AT RAVENS AIT, SURBITON",-0.3109,51.398,Thames,THAMES - WEST THAMES,Multiple Values,OPEN,FRESHWATER - RIVERS,2025-04-30T13:28:00,2025,MONITORING  (NATIONAL AGENCY POLICY),RIVER / RUNNING SURFACE WATER,61,pH,8.57,PH UNITS
https://environment.data.gov.uk/water-quality/sampling-point/TH-PTHR0076/sample/1437357/observation/0076,TH-PTHR0076,"THAMES AT RAVENS AIT, SURBITON",-0.3109,51.398,Thames,THAMES - WEST THAMES,Multiple Values,OPEN,FRESHWATER - RIVERS,2025-04-30T13:28:00,2025,MONITORING  (NATIONAL AGENCY POLICY),RIVER / RUNNING SURFACE WATER,76,Temperature of Water,17,CELSIUS
https://environment.data.gov.uk/water-quality/sampling-point/TH-PTHR0076/sample/1437357/observation/0077,TH-PTHR0076,"THAMES AT RAVENS AIT, SURBITON",-0.3109,51.398,Thames,THAMES - WEST THAMES,Multiple Values,OPEN,FRESHWATER - RIVERS,2025-04-30T13:28:00,2025,MONITORING  (NATIONAL AGENCY POLICY),RIVER / RUNNING SURFACE WATER,77,Conductivity at 25 C,608,MICROSIEMENS PER CENTIMETRE
https://environment.data.gov.uk/water-quality/sampling-point/TH-PTHR0076/sample/1437357/observation/0085,TH-PTHR0076,"THAMES AT RAVENS AIT, SURBITON",-0.3109,51.398,Thames,THAMES - WEST THAMES,Multiple Values,OPEN,FRESHWATER - RIVERS,2025-04-30T13:28:00,2025,MONITORING  (NATIONAL AGENCY POLICY),RIVER / RUNNING SURFACE WATER,85,BOD : 5 Day ATU,5.8,MILLIGRAM PER LITRE
https://environment.data.gov.uk/water-quality/sampling-point/TH-PTHR0076/sample/1437357/observation/0111,TH-PTHR0076,"THAMES AT RAVENS AIT, SURBITON",-0.3109,51.398,Thames,THAMES - WEST THAMES,Multiple Values,OPEN,FRESHWATER - RIVERS,2025-04-30T13:28:00,2025,MONITORING  (NATIONAL AGENCY POLICY),RIVER / RUNNING SURFACE WATER,111,Ammoniacal Nitrogen as N,<0.03,MILLIGRAM PER LITRE
https://environment.data.gov.uk/water-quality/sampling-point/TH-PTHR0076/sample/1437357/observation/0116,TH-PTHR0076,"THAMES AT RAVENS AIT, SURBITON",-0.3109,51.398,Thames,THAMES - WEST THAMES,Multiple Values,OPEN,FRESHWATER - RIVERS,2025-04-30T13:28:00,2025,MONITORING  (NATIONAL AGENCY POLICY),RIVER / RUNNING SURFACE WATER,116,"Nitrogen, Total Oxidised as N",6.9,MILLIGRAM PER LITRE
https://environment.data.gov.uk/water-quality/sampling-point/TH-PTHR0076/sample/1437357/observation/0117,TH-PTHR0076,"THAMES AT RAVENS AIT, SURBITON",-0.3109,51.398,Thames,THAMES - WEST THAMES,Multiple Values,OPEN,FRESHWATER - RIVERS,2025-04-30T13:28:00,2025,MONITORING  (NATIONAL AGENCY POLICY),RIVER / RUNNING SURFACE WATER,117,Nitrate as N,6.87,MILLIGRAM PER LITRE
https://environment.data.gov.uk/water-quality/sampling-point/TH-PTHR0076/sample/1437357/observation/0118,TH-PTHR0076,"THAMES AT RAVENS AIT, SURBITON",-0.3109,51.398,Thames,THAMES - WEST THAMES,Multiple Values,OPEN,FRESHWATER - RIVERS,2025-04-30T13:28:00,2025,MONITORING  (NATIONAL AGENCY POLICY),RIVER / RUNNING SURFACE WATER,118,Nitrite as N,0.034,MILLIGRAM PER LITRE
https://environment.data.gov.uk/water-quality/sampling-point/TH-PTHR0076/sample/1437357/observation/0119,TH-PTHR0076,"THAMES AT RAVENS AIT, SURBITON",-0.3109,51.398,Thames,THAMES - WEST THAMES,Multiple Values,OPEN,FRESHWATER - RIVERS,2025-04-30T13:28:00,2025,MONITORING  (NATIONAL AGENCY POLICY),RIVER / RUNNING SURFACE WATER,119,Ammonia un-ionised as N,<0.00091,MILLIGRAM PER LITRE
https://environment.data.gov.uk/water-quality/sampling-point/TH-PTHR0076/sample/1437357/observation/0162,TH-PTHR0076,"THAMES AT RAVENS AIT, SURBITON",-0.3109,51.398,Thames,THAMES - WEST THAMES,Multiple Values,OPEN,FRESHWATER - RIVERS,2025-04-30T13:28:00,2025,MONITORING  (NATIONAL AGENCY POLICY),RIVER / RUNNING SURFACE WATER,162,Alkalinity to pH 4.5 as CaCO3,180,MILLIGRAM PER LITRE
https://environment.data.gov.uk/water-quality/sampling-point/TH-PTHR0076/sample/1437357/observation/0180,TH-PTHR0076,"THAMES AT RAVENS AIT, SURBITON",-0.3109,51.398,Thames,THAMES - WEST THAMES,Multiple Values,OPEN,FRESHWATER - RIVERS,2025-04-30T13:28:00,2025,MONITORING  (NATIONAL AGENCY POLICY),RIVER / RUNNING SURFACE WATER,180,"Orthophosphate, reactive as P",0.019,MILLIGRAM PER LITRE
https://environment.data.gov.uk/water-quality/sampling-point/TH-PTHR0076/sample/1437357/observation/0348,TH-PTHR0076,"THAMES AT RAVENS AIT, SURBITON",-0.3109,51.398,Thames,THAMES - WEST THAMES,Multiple Values,OPEN,FRESHWATER - RIVERS,2025-04-30T13:28:00,2025,MONITORING  (NATIONAL AGENCY POLICY),RIVER / RUNNING SURFACE WATER,348,"Phosphorus, Total as P",0.17,MILLIGRAM PER LITRE
https://environment.data.gov.uk/water-quality/sampling-point/TH-PTHR0076/sample/1437357/observation/9901,TH-PTHR0076,"THAMES AT RAVENS AIT, SURBITON",-0.3109,51.398,Thames,THAMES - WEST THAMES,Multiple Values,OPEN,FRESHWATER - RIVERS,2025-04-30T13:28:00,2025,MONITORING  (NATIONAL AGENCY POLICY),RIVER / RUNNING SURFACE WATER,9901,"Oxygen, Dissolved, % Saturation",138.3,PERCENTAGE
https://environment.data.gov.uk/water-quality/sampling-point/TH-PTHR0076/sample/1437357/observation/9924,TH-PTHR0076,"THAMES AT RAVENS AIT, SURBITON",-0.3109,51.398,Thames,THAMES - WEST THAMES,Multiple Values,OPEN,FRESHWATER - RIVERS,2025-04-30T13:28:00,2025,MONITORING  (NATIONAL AGENCY POLICY),RIVER / RUNNING SURFACE WATER,9924,"Oxygen, Dissolved as O2",13.3,MILLIGRAM PER LITRE
https://environment.data.gov.uk/water-quality/sampling-point/TH-PTHR0076/sample/1438457/observation/0061,TH-PTHR0076,"THAMES AT RAVENS AIT, SURBITON",-0.3109,51.398,Thames,THAMES - WEST THAMES,Multiple Values,OPEN,FRESHWATER - RIVERS,2025-05-14T10:55:00,2025,MONITORING  (NATIONAL AGENCY POLICY),RIVER / RUNNING SURFACE WATER,61,pH,8.47,PH UNITS
https://environment.data.gov.uk/water-quality/sampling-point/TH-PTHR0076/sample/1438457/observation/0076,TH-PTHR0076,"THAMES AT RAVENS AIT, SURBITON",-0.3109,51.398,Thames,THAMES - WEST THAMES,Multiple Values,OPEN,FRESHWATER - RIVERS,2025-05-14T10:55:00,2025,MONITORING  (NATIONAL AGENCY POLICY),RIVER / RUNNING SURFACE WATER,76,Temperature of Water,17.6,CELSIUS
https://environment.data.gov.uk/water-quality/sampling-point/TH-PTHR0076/sample/1438457/observation/0077,TH-PTHR0076,"THAMES AT RAVENS AIT, SURBITON",-0.3109,51.398,Thames,THAMES - WEST THAMES,Multiple Values,OPEN,FRESHWATER - RIVERS,2025-05-14T10:55:00,2025,MONITORING  (NATIONAL AGENCY POLICY),RIVER / RUNNING SURFACE WATER,77,Conductivity at 25 C,644,MICROSIEMENS PER CENTIMETRE
https://environment.data.gov.uk/water-quality/sampling-point/TH-PTHR0076/sample/1438457/observation/0085,TH-PTHR0076,"THAMES AT RAVENS AIT, SURBITON",-0.3109,51.398,Thames,THAMES - WEST THAMES,Multiple Values,OPEN,FRESHWATER - RIVERS,2025-05-14T10:55:00,2025,MONITORING  (NATIONAL AGENCY POLICY),RIVER / RUNNING SURFACE WATER,85,BOD : 5 Day ATU,3.6,MILLIGRAM PER LITRE
https://environment.data.gov.uk/water-quality/sampling-point/TH-PTHR0076/sample/1438457/observation/0111,TH-PTHR0076,"THAMES AT RAVENS AIT, SURBITON",-0.3109,51.398,Thames,THAMES - WEST THAMES,Multiple Values,OPEN,FRESHWATER - RIVERS,2025-05-14T10:55:00,2025,MONITORING  (NATIONAL AGENCY POLICY),RIVER / RUNNING SURFACE WATER,111,Ammoniacal Nitrogen as N,<0.03,MILLIGRAM PER LITRE
https://environment.data.gov.uk/water-quality/sampling-point/TH-PTHR0076/sample/1438457/observation/0116,TH-PTHR0076,"THAMES AT RAVENS AIT, SURBITON",-0.3109,51.398,Thames,THAMES - WEST THAMES,Multiple Values,OPEN,FRESHWATER - RIVERS,2025-05-14T10:55:00,2025,MONITORING  (NATIONAL AGENCY POLICY),RIVER / RUNNING SURFACE WATER,116,"Nitrogen, Total Oxidised as N",7.9,MILLIGRAM PER LITRE
https://environment.data.gov.uk/water-quality/sampling-point/TH-PTHR0076/sample/1438457/observation/0117,TH-PTHR0076,"THAMES AT RAVENS AIT, SURBITON",-0.3109,51.398,Thames,THAMES - WEST THAMES,Multiple Values,OPEN,FRESHWATER - RIVERS,2025-05-14T10:55:00,2025,MONITORING  (NATIONAL AGENCY POLICY),RIVER / RUNNING SURFACE WATER,117,Nitrate as N,7.87,MILLIGRAM PER LITRE
https://environment.data.gov.uk/water-quality/sampling-point/TH-PTHR0076/sample/1438457/observation/0118,TH-PTHR0076,"THAMES AT RAVENS AIT, SURBITON",-0.3109,51.398,Thames,THAMES - WEST THAMES,Multiple Values,OPEN,FRESHWATER - RIVERS,2025-05-14T10:55:00,2025,MONITORING  (NATIONAL AGENCY POLICY),RIVER / RUNNING SURFACE WATER,118,Nitrite as N,0.035,MILLIGRAM PER LITRE
https://environment.data.gov.uk/water-quality/sampling-point/TH-PTHR0076/sample/1438457/observation/0119,TH-PTHR0076,"THAMES AT RAVENS AIT, SURBITON",-0.3109,51.398,Thames,THAMES - WEST THAMES,Multiple Values,OPEN,FRESHWATER - RIVERS,2025-05-14T10:55:00,2025,MONITORING  (NATIONAL AGENCY POLICY),RIVER / RUNNING SURFACE WATER,119,Ammonia un-ionised as N,<0.00095,MILLIGRAM PER LITRE
https://environment.data.gov.uk/water-quality/sampling-point/TH-PTHR0076/sample/1438457/observation/0162,TH-PTHR0076,"THAMES AT RAVENS AIT, SURBITON",-0.3109,51.398,Thames,THAMES - WEST THAMES,Multiple Values,OPEN,FRESHWATER - RIVERS,2025-05-14T10:55:00,2025,MONITORING  (NATIONAL AGENCY POLICY),RIVER / RUNNING SURFACE WATER,162,Alkalinity to pH 4.5 as CaCO3,220,MILLIGRAM PER LITRE
https://environment.data.gov.uk/water-quality/sampling-point/TH-PTHR0076/sample/1438457/observation/0180,TH-PTHR0076,"THAMES AT RAVENS AIT, SURBITON",-0.3109,51.398,Thames,THAMES - WEST THAMES,Multiple Values,OPEN,FRESHWATER - RIVERS,2025-05-14T10:55:00,2025,MONITORING  (NATIONAL AGENCY POLICY),RIVER / RUNNING SURFACE WATER,180,"Orthophosphate, reactive as P",0.11,MILLIGRAM PER LITRE
https://environment.data.gov.uk/water-quality/sampling-point/TH-PTHR0076/sample/1438457/observation/9901,TH-PTHR0076,"THAMES AT RAVENS AIT, SURBITON",-0.3109,51.398,Thames,THAMES - WEST THAMES,Multiple Values,OPEN,FRESHWATER - RIVERS,2025-05-14T10:55:00,2025,MONITORING  (NATIONAL AGENCY POLICY),RIVER / RUNNING SURFACE WATER,9901,"Oxygen, Dissolved, % Saturation",112,PERCENTAGE
https://environment.data.gov.uk/water-quality/sampling-point/TH-PTHR0076/sample/1438457/observation/9924,TH-PTHR0076,"THAMES AT RAVENS AIT, SURBITON",-0.3109,51.398,Thames,THAMES - WEST THAMES,Multiple Values,OPEN,FRESHWATER - RIVERS,2025-05-14T10:55:00,2025,MONITORING  (NATIONAL AGENCY POLICY),RIVER / RUNNING SURFACE WATER,9924,"Oxygen, Dissolved as O2",10.7,MILLIGRAM PER LITRE
https://environment.data.gov.uk/water-quality/sampling-point/TH-PTHR0076/sample/1439746/observation/0061,TH-PTHR0076,"THAMES AT RAVENS AIT, SURBITON",-0.3109,51.398,Thames,THAMES - WEST THAMES,Multiple Values,OPEN,FRESHWATER - RIVERS,2025-06-05T12:29:00,2025,MONITORING  (NATIONAL AGENCY POLICY),RIVER / RUNNING SURFACE WATER,61,pH,8.14,PH UNITS
https://environment.data.gov.uk/water-quality/sampling-point/TH-PTHR0076/sample/1439746/observation/0076,TH-PTHR0076,"THAMES AT RAVENS AIT, SURBITON",-0.3109,51.398,Thames,THAMES - WEST THAMES,Multiple Values,OPEN,FRESHWATER - RIVERS,2025-06-05T12:29:00,2025,MONITORING  (NATIONAL AGENCY POLICY),RIVER / RUNNING SURFACE WATER,76,Temperature of Water,17.3,CELSIUS
https://environment.data.gov.uk/water-quality/sampling-point/TH-PTHR0076/sample/1439746/observation/0077,TH-PTHR0076,"THAMES AT RAVENS AIT, SURBITON",-0.3109,51.398,Thames,THAMES - WEST THAMES,Multiple Values,OPEN,FRESHWATER - RIVERS,2025-06-05T12:29:00,2025,MONITORING  (NATIONAL AGENCY POLICY),RIVER / RUNNING SURFACE WATER,77,Conductivity at 25 C,645,MICROSIEMENS PER CENTIMETRE
https://environment.data.gov.uk/water-quality/sampling-point/TH-PTHR0076/sample/1439746/observation/0111,TH-PTHR0076,"THAMES AT RAVENS AIT, SURBITON",-0.3109,51.398,Thames,THAMES - WEST THAMES,Multiple Values,OPEN,FRESHWATER - RIVERS,2025-06-05T12:29:00,2025,MONITORING  (NATIONAL AGENCY POLICY),RIVER / RUNNING SURFACE WATER,111,Ammoniacal Nitrogen as N,0.04,MILLIGRAM PER LITRE
https://environment.data.gov.uk/water-quality/sampling-point/TH-PTHR0076/sample/1439746/observation/0116,TH-PTHR0076,"THAMES AT RAVENS AIT, SURBITON",-0.3109,51.398,Thames,THAMES - WEST THAMES,Multiple Values,OPEN,FRESHWATER - RIVERS,2025-06-05T12:29:00,2025,MONITORING  (NATIONAL AGENCY POLICY),RIVER / RUNNING SURFACE WATER,116,"Nitrogen, Total Oxidised as N",8.1,MILLIGRAM PER LITRE
https://environment.data.gov.uk/water-quality/sampling-point/TH-PTHR0076/sample/1439746/observation/0117,TH-PTHR0076,"THAMES AT RAVENS AIT, SURBITON",-0.3109,51.398,Thames,THAMES - WEST THAMES,Multiple Values,OPEN,FRESHWATER - RIVERS,2025-06-05T12:29:00,2025,MONITORING  (NATIONAL AGENCY POLICY),RIVER / RUNNING SURFACE WATER,117,Nitrate as N,8.07,MILLIGRAM PER LITRE
https://environment.data.gov.uk/water-quality/sampling-point/TH-PTHR0076/sample/1439746/observation/0118,TH-PTHR0076,"THAMES AT RAVENS AIT, SURBITON",-0.3109,51.398,Thames,THAMES - WEST THAMES,Multiple Values,OPEN,FRESHWATER - RIVERS,2025-06-05T12:29:00,2025,MONITORING  (NATIONAL AGENCY POLICY),RIVER / RUNNING SURFACE WATER,118,Nitrite as N,0.033,MILLIGRAM PER LITRE
https://environment.data.gov.uk/water-quality/sampling-point/TH-PTHR0076/sample/1439746/observation/0119,TH-PTHR0076,"THAMES AT RAVENS AIT, SURBITON",-0.3109,51.398,Thames,THAMES - WEST THAMES,Multiple Values,OPEN,FRESHWATER - RIVERS,2025-06-05T12:29:00,2025,MONITORING  (NATIONAL AGENCY POLICY),RIVER / RUNNING SURFACE WATER,119,Ammonia un-ionised as N,0.00124,MILLIGRAM PER LITRE
https://environment.data.gov.uk/water-quality/sampling-point/TH-PTHR0076/sample/1439746/observation/0162,TH-PTHR0076,"THAMES AT RAVENS AIT, SURBITON",-0.3109,51.398,Thames,THAMES - WEST THAMES,Multiple Values,OPEN,FRESHWATER - RIVERS,2025-06-05T12:29:00,2025,MONITORING  (NATIONAL AGENCY POLICY),RIVER / RUNNING SURFACE WATER,162,Alkalinity to pH 4.5 as CaCO3,190,MILLIGRAM PER LITRE
https://environment.data.gov.uk/water-quality/sampling-point/TH-PTHR0076/sample/1439746/observation/0180,TH-PTHR0076,"THAMES AT RAVENS AIT, SURBITON",-0.3109,51.398,Thames,THAMES - WEST THAMES,Multiple Values,OPEN,FRESHWATER - RIVERS,2025-06-05T12:29:00,2025,MONITORING  (NATIONAL AGENCY POLICY),RIVER / RUNNING SURFACE WATER,180,"Orthophosphate, reactive as P",0.16,MILLIGRAM PER LITRE
https://environment.data.gov.uk/water-quality/sampling-point/TH-PTHR0076/sample/1439746/observation/9901,TH-PTHR0076,"THAMES AT RAVENS AIT, SURBITON",-0.3109,51.398,Thames,THAMES - WEST THAMES,Multiple Values,OPEN,FRESHWATER - RIVERS,2025-06-05T12:29:00,2025,MONITORING  (NATIONAL AGENCY POLICY),RIVER / RUNNING SURFACE WATER,9901,"Oxygen, Dissolved, % Saturation",95.3,PERCENTAGE
https://environment.data.gov.uk/water-quality/sampling-point/TH-PTHR0076/sample/1439746/observation/9924,TH-PTHR0076,"THAMES AT RAVENS AIT, SURBITON",-0.3109,51.398,Thames,THAMES - WEST THAMES,Multiple Values,OPEN,FRESHWATER - RIVERS,2025-06-05T12:29:00,2025,MONITORING  (NATIONAL AGENCY POLICY),RIVER / RUNNING SURFACE WATER,9924,"Oxygen, Dissolved as O2",9.13,MILLIGRAM PER LITRE
https://environment.data.gov.uk/water-quality/sampling-point/TH-PTHR0076/sample/1440982/observation/0061,TH-PTHR0076,"THAMES AT RAVENS AIT, SURBITON",-0.3109,51.398,Thames,THAMES - WEST THAMES,Multiple Values,OPEN,FRESHWATER - RIVERS,2025-07-02T12:32:00,2025,MONITORING  (NATIONAL AGENCY POLICY),RIVER / RUNNING SURFACE WATER,61,pH,7.92,PH UNITS
https://environment.data.gov.uk/water-quality/sampling-point/TH-PTHR0076/sample/1440982/observation/0076,TH-PTHR0076,"THAMES AT RAVENS AIT, SURBITON",-0.3109,51.398,Thames,THAMES - WEST THAMES,Multiple Values,OPEN,FRESHWATER - RIVERS,2025-07-02T12:32:00,2025,MONITORING  (NATIONAL AGENCY POLICY),RIVER / RUNNING SURFACE WATER,76,Temperature of Water,22.9,CELSIUS
https://environment.data.gov.uk/water-quality/sampling-point/TH-PTHR0076/sample/1440982/observation/0077,TH-PTHR0076,"THAMES AT RAVENS AIT, SURBITON",-0.3109,51.398,Thames,THAMES - WEST THAMES,Multiple Values,OPEN,FRESHWATER - RIVERS,2025-07-02T12:32:00,2025,MONITORING  (NATIONAL AGENCY POLICY),RIVER / RUNNING SURFACE WATER,77,Conductivity at 25 C,701,MICROSIEMENS PER CENTIMETRE
https://environment.data.gov.uk/water-quality/sampling-point/TH-PTHR0076/sample/1440982/observation/0085,TH-PTHR0076,"THAMES AT RAVENS AIT, SURBITON",-0.3109,51.398,Thames,THAMES - WEST THAMES,Multiple Values,OPEN,FRESHWATER - RIVERS,2025-07-02T12:32:00,2025,MONITORING  (NATIONAL AGENCY POLICY),RIVER / RUNNING SURFACE WATER,85,BOD : 5 Day ATU,<1,MILLIGRAM PER LITRE
https://environment.data.gov.uk/water-quality/sampling-point/TH-PTHR0076/sample/1440982/observation/0111,TH-PTHR0076,"THAMES AT RAVENS AIT, SURBITON",-0.3109,51.398,Thames,THAMES - WEST THAMES,Multiple Values,OPEN,FRESHWATER - RIVERS,2025-07-02T12:32:00,2025,MONITORING  (NATIONAL AGENCY POLICY),RIVER / RUNNING SURFACE WATER,111,Ammoniacal Nitrogen as N,0.098,MILLIGRAM PER LITRE
https://environment.data.gov.uk/water-quality/sampling-point/TH-PTHR0076/sample/1440982/observation/0116,TH-PTHR0076,"THAMES AT RAVENS AIT, SURBITON",-0.3109,51.398,Thames,THAMES - WEST THAMES,Multiple Values,OPEN,FRESHWATER - RIVERS,2025-07-02T12:32:00,2025,MONITORING  (NATIONAL AGENCY POLICY),RIVER / RUNNING SURFACE WATER,116,"Nitrogen, Total Oxidised as N",8.7,MILLIGRAM PER LITRE
https://environment.data.gov.uk/water-quality/sampling-point/TH-PTHR0076/sample/1440982/observation/0117,TH-PTHR0076,"THAMES AT RAVENS AIT, SURBITON",-0.3109,51.398,Thames,THAMES - WEST THAMES,Multiple Values,OPEN,FRESHWATER - RIVERS,2025-07-02T12:32:00,2025,MONITORING  (NATIONAL AGENCY POLICY),RIVER / RUNNING SURFACE WATER,117,Nitrate as N,8.64,MILLIGRAM PER LITRE
https://environment.data.gov.uk/water-quality/sampling-point/TH-PTHR0076/sample/1440982/observation/0118,TH-PTHR0076,"THAMES AT RAVENS AIT, SURBITON",-0.3109,51.398,Thames,THAMES - WEST THAMES,Multiple Values,OPEN,FRESHWATER - RIVERS,2025-07-02T12:32:00,2025,MONITORING  (NATIONAL AGENCY POLICY),RIVER / RUNNING SURFACE WATER,118,Nitrite as N,0.056,MILLIGRAM PER LITRE
https://environment.data.gov.uk/water-quality/sampling-point/TH-PTHR0076/sample/1440982/observation/0119,TH-PTHR0076,"THAMES AT RAVENS AIT, SURBITON",-0.3109,51.398,Thames,THAMES - WEST THAMES,Multiple Values,OPEN,FRESHWATER - RIVERS,2025-07-02T12:32:00,2025,MONITORING  (NATIONAL AGENCY POLICY),RIVER / RUNNING SURFACE WATER,119,Ammonia un-ionised as N,0.00381,MILLIGRAM PER LITRE
https://environment.data.gov.uk/water-quality/sampling-point/TH-PTHR0076/sample/1440982/observation/0162,TH-PTHR0076,"THAMES AT RAVENS AIT, SURBITON",-0.3109,51.398,Thames,THAMES - WEST THAMES,Multiple Values,OPEN,FRESHWATER - RIVERS,2025-07-02T12:32:00,2025,MONITORING  (NATIONAL AGENCY POLICY),RIVER / RUNNING SURFACE WATER,162,Alkalinity to pH 4.5 as CaCO3,190,MILLIGRAM PER LITRE
https://environment.data.gov.uk/water-quality/sampling-point/TH-PTHR0076/sample/1440982/observation/0180,TH-PTHR0076,"THAMES AT RAVENS AIT, SURBITON",-0.3109,51.398,Thames,THAMES - WEST THAMES,Multiple Values,OPEN,FRESHWATER - RIVERS,2025-07-02T12:32:00,2025,MONITORING  (NATIONAL AGENCY POLICY),RIVER / RUNNING SURFACE WATER,180,"Orthophosphate, reactive as P",0.21,MILLIGRAM PER LITRE
https://environment.data.gov.uk/water-quality/sampling-point/TH-PTHR0076/sample/1440982/observation/9901,TH-PTHR0076,"THAMES AT RAVENS AIT, SURBITON",-0.3109,51.398,Thames,THAMES - WEST THAMES,Multiple Values,OPEN,FRESHWATER - RIVERS,2025-07-02T12:32:00,2025,MONITORING  (NATIONAL AGENCY POLICY),RIVER / RUNNING SURFACE WATER,9901,"Oxygen, Dissolved, % Saturation",89.1,PERCENTAGE
https://environment.data.gov.uk/water-quality/sampling-point/TH-PTHR0076/sample/1440982/observation/9924,TH-PTHR0076,"THAMES AT RAVENS AIT, SURBITON",-0.3109,51.398,Thames,THAMES - WEST THAMES,Multiple Values,OPEN,FRESHWATER - RIVERS,2025-07-02T12:32:00,2025,MONITORING  (NATIONAL AGENCY POLICY),RIVER / RUNNING SURFACE WATER,9924,"Oxygen, Dissolved as O2",7.64,MILLIGRAM PER LITRE
https://environment.data.gov.uk/water-quality/sampling-point/TH-PTHR0076/sample/1442380/observation/0061,TH-PTHR0076,"THAMES AT RAVENS AIT, SURBITON",-0.3109,51.398,Thames,THAMES - WEST THAMES,Multiple Values,OPEN,FRESHWATER - RIVERS,2025-08-12T11:47:00,2025,MONITORING  (NATIONAL AGENCY POLICY),RIVER / RUNNING SURFACE WATER,61,pH,7.98,PH UNITS
https://environment.data.gov.uk/water-quality/sampling-point/TH-PTHR0076/sample/1442380/observation/0076,TH-PTHR0076,"THAMES AT RAVENS AIT, SURBITON",-0.3109,51.398,Thames,THAMES - WEST THAMES,Multiple Values,OPEN,FRESHWATER - RIVERS,2025-08-12T11:47:00,2025,MONITORING  (NATIONAL AGENCY POLICY),RIVER / RUNNING SURFACE WATER,76,Temperature of Water,22.4,CELSIUS
https://environment.data.gov.uk/water-quality/sampling-point/TH-PTHR0076/sample/1442380/observation/0077,TH-PTHR0076,"THAMES AT RAVENS AIT, SURBITON",-0.3109,51.398,Thames,THAMES - WEST THAMES,Multiple Values,OPEN,FRESHWATER - RIVERS,2025-08-12T11:47:00,2025,MONITORING  (NATIONAL AGENCY POLICY),RIVER / RUNNING SURFACE WATER,77,Conductivity at 25 C,688,MICROSIEMENS PER CENTIMETRE
https://environment.data.gov.uk/water-quality/sampling-point/TH-PTHR0076/sample/1442380/observation/0085,TH-PTHR0076,"THAMES AT RAVENS AIT, SURBITON",-0.3109,51.398,Thames,THAMES - WEST THAMES,Multiple Values,OPEN,FRESHWATER - RIVERS,2025-08-12T11:47:00,2025,MONITORING  (NATIONAL AGENCY POLICY),RIVER / RUNNING SURFACE WATER,85,BOD : 5 Day ATU,<1,MILLIGRAM PER LITRE
https://environment.data.gov.uk/water-quality/sampling-point/TH-PTHR0076/sample/1442380/observation/0111,TH-PTHR0076,"THAMES AT RAVENS AIT, SURBITON",-0.3109,51.398,Thames,THAMES - WEST THAMES,Multiple Values,OPEN,FRESHWATER - RIVERS,2025-08-12T11:47:00,2025,MONITORING  (NATIONAL AGENCY POLICY),RIVER / RUNNING SURFACE WATER,111,Ammoniacal Nitrogen as N,0.032,MILLIGRAM PER LITRE
https://environment.data.gov.uk/water-quality/sampling-point/TH-PTHR0076/sample/1442380/observation/0116,TH-PTHR0076,"THAMES AT RAVENS AIT, SURBITON",-0.3109,51.398,Thames,THAMES - WEST THAMES,Multiple Values,OPEN,FRESHWATER - RIVERS,2025-08-12T11:47:00,2025,MONITORING  (NATIONAL AGENCY POLICY),RIVER / RUNNING SURFACE WATER,116,"Nitrogen, Total Oxidised as N",8.4,MILLIGRAM PER LITRE
https://environment.data.gov.uk/water-quality/sampling-point/TH-PTHR0076/sample/1442380/observation/0117,TH-PTHR0076,"THAMES AT RAVENS AIT, SURBITON",-0.3109,51.398,Thames,THAMES - WEST THAMES,Multiple Values,OPEN,FRESHWATER - RIVERS,2025-08-12T11:47:00,2025,MONITORING  (NATIONAL AGENCY POLICY),RIVER / RUNNING SURFACE WATER,117,Nitrate as N,8.37,MILLIGRAM PER LITRE
https://environment.data.gov.uk/water-quality/sampling-point/TH-PTHR0076/sample/1442380/observation/0118,TH-PTHR0076,"THAMES AT RAVENS AIT, SURBITON",-0.3109,51.398,Thames,THAMES - WEST THAMES,Multiple Values,OPEN,FRESHWATER - RIVERS,2025-08-12T11:47:00,2025,MONITORING  (NATIONAL AGENCY POLICY),RIVER / RUNNING SURFACE WATER,118,Nitrite as N,0.035,MILLIGRAM PER LITRE
https://environment.data.gov.uk/water-quality/sampling-point/TH-PTHR0076/sample/1442380/observation/0119,TH-PTHR0076,"THAMES AT RAVENS AIT, SURBITON",-0.3109,51.398,Thames,THAMES - WEST THAMES,Multiple Values,OPEN,FRESHWATER - RIVERS,2025-08-12T11:47:00,2025,MONITORING  (NATIONAL AGENCY POLICY),RIVER / RUNNING SURFACE WATER,119,Ammonia un-ionised as N,0.00137,MILLIGRAM PER LITRE
https://environment.data.gov.uk/water-quality/sampling-point/TH-PTHR0076/sample/1442380/observation/0162,TH-PTHR0076,"THAMES AT RAVENS AIT, SURBITON",-0.3109,51.398,Thames,THAMES - WEST THAMES,Multiple Values,OPEN,FRESHWATER - RIVERS,2025-08-12T11:47:00,2025,MONITORING  (NATIONAL AGENCY POLICY),RIVER / RUNNING SURFACE WATER,162,Alkalinity to pH 4.5 as CaCO3,190,MILLIGRAM PER LITRE
https://environment.data.gov.uk/water-quality/sampling-point/TH-PTHR0076/sample/1442380/observation/0180,TH-PTHR0076,"THAMES AT RAVENS AIT, SURBITON",-0.3109,51.398,Thames,THAMES - WEST THAMES,Multiple Values,OPEN,FRESHWATER - RIVERS,2025-08-12T11:47:00,2025,MONITORING  (NATIONAL AGENCY POLICY),RIVER / RUNNING SURFACE WATER,180,"Orthophosphate, reactive as P",0.22,MILLIGRAM PER LITRE
https://environment.data.gov.uk/water-quality/sampling-point/TH-PTHR0076/sample/1442380/observation/9901,TH-PTHR0076,"THAMES AT RAVENS AIT, SURBITON",-0.3109,51.398,Thames,THAMES - WEST THAMES,Multiple Values,OPEN,FRESHWATER - RIVERS,2025-08-12T11:47:00,2025,MONITORING  (NATIONAL AGENCY POLICY),RIVER / RUNNING SURFACE WATER,9901,"Oxygen, Dissolved, % Saturation",103.6,PERCENTAGE
https://environment.data.gov.uk/water-quality/sampling-point/TH-PTHR0076/sample/1442380/observation/9924,TH-PTHR0076,"THAMES AT RAVENS AIT, SURBITON",-0.3109,51.398,Thames,THAMES - WEST THAMES,Multiple Values,OPEN,FRESHWATER - RIVERS,2025-08-12T11:47:00,2025,MONITORING  (NATIONAL AGENCY POLICY),RIVER / RUNNING SURFACE WATER,9924,"Oxygen, Dissolved as O2",8.97,MILLIGRAM PER LITRE
https://environment.data.gov.uk/water-quality/sampling-point/TH-PTHR0076/sample/1444335/observation/0061,TH-PTHR0076,"THAMES AT RAVENS AIT, SURBITON",-0.3109,51.398,Thames,THAMES - WEST THAMES,Multiple Values,OPEN,FRESHWATER - RIVERS,2025-09-19T11:40:00,2025,MONITORING  (NATIONAL AGENCY POLICY),RIVER / RUNNING SURFACE WATER,61,pH,8.03,PH UNITS
https://environment.data.gov.uk/water-quality/sampling-point/TH-PTHR0076/sample/1444335/observation/0076,TH-PTHR0076,"THAMES AT RAVENS AIT, SURBITON",-0.3109,51.398,Thames,THAMES - WEST THAMES,Multiple Values,OPEN,FRESHWATER - RIVERS,2025-09-19T11:40:00,2025,MONITORING  (NATIONAL AGENCY POLICY),RIVER / RUNNING SURFACE WATER,76,Temperature of Water,17.3,CELSIUS
https://environment.data.gov.uk/water-quality/sampling-point/TH-PTHR0076/sample/1444335/observation/0077,TH-PTHR0076,"THAMES AT RAVENS AIT, SURBITON",-0.3109,51.398,Thames,THAMES - WEST THAMES,Multiple Values,OPEN,FRESHWATER - RIVERS,2025-09-19T11:40:00,2025,MONITORING  (NATIONAL AGENCY POLICY),RIVER / RUNNING SURFACE WATER,77,Conductivity at 25 C,677,MICROSIEMENS PER CENTIMETRE
https://environment.data.gov.uk/water-quality/sampling-point/TH-PTHR0076/sample/1444335/observation/0085,TH-PTHR0076,"THAMES AT RAVENS AIT, SURBITON",-0.3109,51.398,Thames,THAMES - WEST THAMES,Multiple Values,OPEN,FRESHWATER - RIVERS,2025-09-19T11:40:00,2025,MONITORING  (NATIONAL AGENCY POLICY),RIVER / RUNNING SURFACE WATER,85,BOD : 5 Day ATU,<3,MILLIGRAM PER LITRE
https://environment.data.gov.uk/water-quality/sampling-point/TH-PTHR0076/sample/1444335/observation/0111,TH-PTHR0076,"THAMES AT RAVENS AIT, SURBITON",-0.3109,51.398,Thames,THAMES - WEST THAMES,Multiple Values,OPEN,FRESHWATER - RIVERS,2025-09-19T11:40:00,2025,MONITORING  (NATIONAL AGENCY POLICY),RIVER / RUNNING SURFACE WATER,111,Ammoniacal Nitrogen as N,0.031,MILLIGRAM PER LITRE
https://environment.data.gov.uk/water-quality/sampling-point/TH-PTHR0076/sample/1444335/observation/0116,TH-PTHR0076,"THAMES AT RAVENS AIT, SURBITON",-0.3109,51.398,Thames,THAMES - WEST THAMES,Multiple Values,OPEN,FRESHWATER - RIVERS,2025-09-19T11:40:00,2025,MONITORING  (NATIONAL AGENCY POLICY),RIVER / RUNNING SURFACE WATER,116,"Nitrogen, Total Oxidised as N",8.4,MILLIGRAM PER LITRE
https://environment.data.gov.uk/water-quality/sampling-point/TH-PTHR0076/sample/1444335/observation/0117,TH-PTHR0076,"THAMES AT RAVENS AIT, SURBITON",-0.3109,51.398,Thames,THAMES - WEST THAMES,Multiple Values,OPEN,FRESHWATER - RIVERS,2025-09-19T11:40:00,2025,MONITORING  (NATIONAL AGENCY POLICY),RIVER / RUNNING SURFACE WATER,117,Nitrate as N,8.37,MILLIGRAM PER LITRE
https://environment.data.gov.uk/water-quality/sampling-point/TH-PTHR0076/sample/1444335/observation/0118,TH-PTHR0076,"THAMES AT RAVENS AIT, SURBITON",-0.3109,51.398,Thames,THAMES - WEST THAMES,Multiple Values,OPEN,FRESHWATER - RIVERS,2025-09-19T11:40:00,2025,MONITORING  (NATIONAL AGENCY POLICY),RIVER / RUNNING SURFACE WATER,118,Nitrite as N,0.032,MILLIGRAM PER LITRE
https://environment.data.gov.uk/water-quality/sampling-point/TH-PTHR0076/sample/1444335/observation/0119,TH-PTHR0076,"THAMES AT RAVENS AIT, SURBITON",-0.3109,51.398,Thames,THAMES - WEST THAMES,Multiple Values,OPEN,FRESHWATER - RIVERS,2025-09-19T11:40:00,2025,MONITORING  (NATIONAL AGENCY POLICY),RIVER / RUNNING SURFACE WATER,119,Ammonia un-ionised as N,0.00096,MILLIGRAM PER LITRE
https://environment.data.gov.uk/water-quality/sampling-point/TH-PTHR0076/sample/1444335/observation/0162,TH-PTHR0076,"THAMES AT RAVENS AIT, SURBITON",-0.3109,51.398,Thames,THAMES - WEST THAMES,Multiple Values,OPEN,FRESHWATER - RIVERS,2025-09-19T11:40:00,2025,MONITORING  (NATIONAL AGENCY POLICY),RIVER / RUNNING SURFACE WATER,162,Alkalinity to pH 4.5 as CaCO3,170,MILLIGRAM PER LITRE
https://environment.data.gov.uk/water-quality/sampling-point/TH-PTHR0076/sample/1444335/observation/0180,TH-PTHR0076,"THAMES AT RAVENS AIT, SURBITON",-0.3109,51.398,Thames,THAMES - WEST THAMES,Multiple Values,OPEN,FRESHWATER - RIVERS,2025-09-19T11:40:00,2025,MONITORING  (NATIONAL AGENCY POLICY),RIVER / RUNNING SURFACE WATER,180,"Orthophosphate, reactive as P",0.35,MILLIGRAM PER LITRE
https://environment.data.gov.uk/water-quality/sampling-point/TH-PTHR0076/sample/1444335/observation/9901,TH-PTHR0076,"THAMES AT RAVENS AIT, SURBITON",-0.3109,51.398,Thames,THAMES - WEST THAMES,Multiple Values,OPEN,FRESHWATER - RIVERS,2025-09-19T11:40:00,2025,MONITORING  (NATIONAL AGENCY POLICY),RIVER / RUNNING SURFACE WATER,9901,"Oxygen, Dissolved, % Saturation",93,PERCENTAGE
https://environment.data.gov.uk/water-quality/sampling-point/TH-PTHR0076/sample/1444335/observation/9924,TH-PTHR0076,"THAMES AT RAVENS AIT, SURBITON",-0.3109,51.398,Thames,THAMES - WEST THAMES,Multiple Values,OPEN,FRESHWATER - RIVERS,2025-09-19T11:40:00,2025,MONITORING  (NATIONAL AGENCY POLICY),RIVER / RUNNING SURFACE WATER,9924,"Oxygen, Dissolved as O2",8.91,MILLIGRAM PER LITRE
https://environment.data.gov.uk/water-quality/sampling-point/TH-PTHR0076/sample/1451009/observation/0061,TH-PTHR0076,"THAMES AT RAVENS AIT, SURBITON",-0.3109,51.398,Thames,THAMES - WEST THAMES,Multiple Values,OPEN,FRESHWATER - RIVERS,2025-10-21T11:37:00,2025,MONITORING  (NATIONAL AGENCY POLICY),RIVER / RUNNING SURFACE WATER,61,pH,8.02,PH UNITS
https://environment.data.gov.uk/water-quality/sampling-point/TH-PTHR0076/sample/1451009/observation/0076,TH-PTHR0076,"THAMES AT RAVENS AIT, SURBITON",-0.3109,51.398,Thames,THAMES - WEST THAMES,Multiple Values,OPEN,FRESHWATER - RIVERS,2025-10-21T11:37:00,2025,MONITORING  (NATIONAL AGENCY POLICY),RIVER / RUNNING SURFACE WATER,76,Temperature of Water,13.8,CELSIUS
https://environment.data.gov.uk/water-quality/sampling-point/TH-PTHR0076/sample/1451009/observation/0077,TH-PTHR0076,"THAMES AT RAVENS AIT, SURBITON",-0.3109,51.398,Thames,THAMES - WEST THAMES,Multiple Values,OPEN,FRESHWATER - RIVERS,2025-10-21T11:37:00,2025,MONITORING  (NATIONAL AGENCY POLICY),RIVER / RUNNING SURFACE WATER,77,Conductivity at 25 C,728,MICROSIEMENS PER CENTIMETRE
https://environment.data.gov.uk/water-quality/sampling-point/TH-PTHR0076/sample/1451009/observation/0085,TH-PTHR0076,"THAMES AT RAVENS AIT, SURBITON",-0.3109,51.398,Thames,THAMES - WEST THAMES,Multiple Values,OPEN,FRESHWATER - RIVERS,2025-10-21T11:37:00,2025,MONITORING  (NATIONAL AGENCY POLICY),RIVER / RUNNING SURFACE WATER,85,BOD : 5 Day ATU,<1,MILLIGRAM PER LITRE
https://environment.data.gov.uk/water-quality/sampling-point/TH-PTHR0076/sample/1451009/observation/0111,TH-PTHR0076,"THAMES AT RAVENS AIT, SURBITON",-0.3109,51.398,Thames,THAMES - WEST THAMES,Multiple Values,OPEN,FRESHWATER - RIVERS,2025-10-21T11:37:00,2025,MONITORING  (NATIONAL AGENCY POLICY),RIVER / RUNNING SURFACE WATER,111,Ammoniacal Nitrogen as N,0.057,MILLIGRAM PER LITRE
https://environment.data.gov.uk/water-quality/sampling-point/TH-PTHR0076/sample/1451009/observation/0116,TH-PTHR0076,"THAMES AT RAVENS AIT, SURBITON",-0.3109,51.398,Thames,THAMES - WEST THAMES,Multiple Values,OPEN,FRESHWATER - RIVERS,2025-10-21T11:37:00,2025,MONITORING  (NATIONAL AGENCY POLICY),RIVER / RUNNING SURFACE WATER,116,"Nitrogen, Total Oxidised as N",10,MILLIGRAM PER LITRE
https://environment.data.gov.uk/water-quality/sampling-point/TH-PTHR0076/sample/1451009/observation/0117,TH-PTHR0076,"THAMES AT RAVENS AIT, SURBITON",-0.3109,51.398,Thames,THAMES - WEST THAMES,Multiple Values,OPEN,FRESHWATER - RIVERS,2025-10-21T11:37:00,2025,MONITORING  (NATIONAL AGENCY POLICY),RIVER / RUNNING SURFACE WATER,117,Nitrate as N,9.97,MILLIGRAM PER LITRE
https://environment.data.gov.uk/water-quality/sampling-point/TH-PTHR0076/sample/1451009/observation/0118,TH-PTHR0076,"THAMES AT RAVENS AIT, SURBITON",-0.3109,51.398,Thames,THAMES - WEST THAMES,Multiple Values,OPEN,FRESHWATER - RIVERS,2025-10-21T11:37:00,2025,MONITORING  (NATIONAL AGENCY POLICY),RIVER / RUNNING SURFACE WATER,118,Nitrite as N,0.026,MILLIGRAM PER LITRE
https://environment.data.gov.uk/water-quality/sampling-point/TH-PTHR0076/sample/1451009/observation/0119,TH-PTHR0076,"THAMES AT RAVENS AIT, SURBITON",-0.3109,51.398,Thames,THAMES - WEST THAMES,Multiple Values,OPEN,FRESHWATER - RIVERS,2025-10-21T11:37:00,2025,MONITORING  (NATIONAL AGENCY POLICY),RIVER / RUNNING SURFACE WATER,119,Ammonia un-ionised as N,0.00137,MILLIGRAM PER LITRE
https://environment.data.gov.uk/water-quality/sampling-point/TH-PTHR0076/sample/1451009/observation/0162,TH-PTHR0076,"THAMES AT RAVENS AIT, SURBITON",-0.3109,51.398,Thames,THAMES - WEST THAMES,Multiple Values,OPEN,FRESHWATER - RIVERS,2025-10-21T11:37:00,2025,MONITORING  (NATIONAL AGENCY POLICY),RIVER / RUNNING SURFACE WATER,162,Alkalinity to pH 4.5 as CaCO3,170,MILLIGRAM PER LITRE
https://environment.data.gov.uk/water-quality/sampling-point/TH-PTHR0076/sample/1451009/observation/0180,TH-PTHR0076,"THAMES AT RAVENS AIT, SURBITON",-0.3109,51.398,Thames,THAMES - WEST THAMES,Multiple Values,OPEN,FRESHWATER - RIVERS,2025-10-21T11:37:00,2025,MONITORING  (NATIONAL AGENCY POLICY),RIVER / RUNNING SURFACE WATER,180,"Orthophosphate, reactive as P",0.25,MILLIGRAM PER LITRE
https://environment.data.gov.uk/water-quality/sampling-point/TH-PTHR0076/sample/1451009/observation/0348,TH-PTHR0076,"THAMES AT RAVENS AIT, SURBITON",-0.3109,51.398,Thames,THAMES - WEST THAMES,Multiple Values,OPEN,FRESHWATER - RIVERS,2025-10-21T11:37:00,2025,MONITORING  (NATIONAL AGENCY POLICY),RIVER / RUNNING SURFACE WATER,348,"Phosphorus, Total as P",0.27,MILLIGRAM PER LITRE
https://environment.data.gov.uk/water-quality/sampling-point/TH-PTHR0076/sample/1451009/observation/9901,TH-PTHR0076,"THAMES AT RAVENS AIT, SURBITON",-0.3109,51.398,Thames,THAMES - WEST THAMES,Multiple Values,OPEN,FRESHWATER - RIVERS,2025-10-21T11:37:00,2025,MONITORING  (NATIONAL AGENCY POLICY),RIVER / RUNNING SURFACE WATER,9901,"Oxygen, Dissolved, % Saturation",94.9,PERCENTAGE
https://environment.data.gov.uk/water-quality/sampling-point/TH-PTHR0076/sample/1451009/observation/9924,TH-PTHR0076,"THAMES AT RAVENS AIT, SURBITON",-0.3109,51.398,Thames,THAMES - WEST THAMES,Multiple Values,OPEN,FRESHWATER - RIVERS,2025-10-21T11:37:00,2025,MONITORING  (NATIONAL AGENCY POLICY),RIVER / RUNNING SURFACE WATER,9924,"Oxygen, Dissolved as O2",9.8,MILLIGRAM PER LITRE
https://environment.data.gov.uk/water-quality/sampling-point/TH-PTHR0076/sample/1451481/observation/0061,TH-PTHR0076,"THAMES AT RAVENS AIT, SURBITON",-0.3109,51.398,Thames,THAMES - WEST THAMES,Multiple Values,OPEN,FRESHWATER - RIVERS,2025-11-04T11:19:00,2025,MONITORING  (NATIONAL AGENCY POLICY),RIVER / RUNNING SURFACE WATER,61,pH,7.87,PH UNITS
https://environment.data.gov.uk/water-quality/sampling-point/TH-PTHR0076/sample/1451481/observation/0076,TH-PTHR0076,"THAMES AT RAVENS AIT, SURBITON",-0.3109,51.398,Thames,THAMES - WEST THAMES,Multiple Values,OPEN,FRESHWATER - RIVERS,2025-11-04T11:19:00,2025,MONITORING  (NATIONAL AGENCY POLICY),RIVER / RUNNING SURFACE WATER,76,Temperature of Water,12.4,CELSIUS
https://environment.data.gov.uk/water-quality/sampling-point/TH-PTHR0076/sample/1451481/observation/0077,TH-PTHR0076,"THAMES AT RAVENS AIT, SURBITON",-0.3109,51.398,Thames,THAMES - WEST THAMES,Multiple Values,OPEN,FRESHWATER - RIVERS,2025-11-04T11:19:00,2025,MONITORING  (NATIONAL AGENCY POLICY),RIVER / RUNNING SURFACE WATER,77,Conductivity at 25 C,586,MICROSIEMENS PER CENTIMETRE
https://environment.data.gov.uk/water-quality/sampling-point/TH-PTHR0076/sample/1451481/observation/0085,TH-PTHR0076,"THAMES AT RAVENS AIT, SURBITON",-0.3109,51.398,Thames,THAMES - WEST THAMES,Multiple Values,OPEN,FRESHWATER - RIVERS,2025-11-04T11:19:00,2025,MONITORING  (NATIONAL AGENCY POLICY),RIVER / RUNNING SURFACE WATER,85,BOD : 5 Day ATU,1.1,MILLIGRAM PER LITRE
https://environment.data.gov.uk/water-quality/sampling-point/TH-PTHR0076/sample/1451481/observation/0111,TH-PTHR0076,"THAMES AT RAVENS AIT, SURBITON",-0.3109,51.398,Thames,THAMES - WEST THAMES,Multiple Values,OPEN,FRESHWATER - RIVERS,2025-11-04T11:19:00,2025,MONITORING  (NATIONAL AGENCY POLICY),RIVER / RUNNING SURFACE WATER,111,Ammoniacal Nitrogen as N,0.052,MILLIGRAM PER LITRE
https://environment.data.gov.uk/water-quality/sampling-point/TH-PTHR0076/sample/1451481/observation/0116,TH-PTHR0076,"THAMES AT RAVENS AIT, SURBITON",-0.3109,51.398,Thames,THAMES - WEST THAMES,Multiple Values,OPEN,FRESHWATER - RIVERS,2025-11-04T11:19:00,2025,MONITORING  (NATIONAL AGENCY POLICY),RIVER / RUNNING SURFACE WATER,116,"Nitrogen, Total Oxidised as N",7.9,MILLIGRAM PER LITRE
https://environment.data.gov.uk/water-quality/sampling-point/TH-PTHR0076/sample/1451481/observation/0117,TH-PTHR0076,"THAMES AT RAVENS AIT, SURBITON",-0.3109,51.398,Thames,THAMES - WEST THAMES,Multiple Values,OPEN,FRESHWATER - RIVERS,2025-11-04T11:19:00,2025,MONITORING  (NATIONAL AGENCY POLICY),RIVER / RUNNING SURFACE WATER,117,Nitrate as N,7.86,MILLIGRAM PER LITRE
https://environment.data.gov.uk/water-quality/sampling-point/TH-PTHR0076/sample/1451481/observation/0118,TH-PTHR0076,"THAMES AT RAVENS AIT, SURBITON",-0.3109,51.398,Thames,THAMES - WEST THAMES,Multiple Values,OPEN,FRESHWATER - RIVERS,2025-11-04T11:19:00,2025,MONITORING  (NATIONAL AGENCY POLICY),RIVER / RUNNING SURFACE WATER,118,Nitrite as N,0.039,MILLIGRAM PER LITRE
https://environment.data.gov.uk/water-quality/sampling-point/TH-PTHR0076/sample/1451481/observation/0119,TH-PTHR0076,"THAMES AT RAVENS AIT, SURBITON",-0.3109,51.398,Thames,THAMES - WEST THAMES,Multiple Values,OPEN,FRESHWATER - RIVERS,2025-11-04T11:19:00,2025,MONITORING  (NATIONAL AGENCY POLICY),RIVER / RUNNING SURFACE WATER,119,Ammonia un-ionised as N,0.00084,MILLIGRAM PER LITRE
https://environment.data.gov.uk/water-quality/sampling-point/TH-PTHR0076/sample/1451481/observation/0162,TH-PTHR0076,"THAMES AT RAVENS AIT, SURBITON",-0.3109,51.398,Thames,THAMES - WEST THAMES,Multiple Values,OPEN,FRESHWATER - RIVERS,2025-11-04T11:19:00,2025,MONITORING  (NATIONAL AGENCY POLICY),RIVER / RUNNING SURFACE WATER,162,Alkalinity to pH 4.5 as CaCO3,140,MILLIGRAM PER LITRE
https://environment.data.gov.uk/water-quality/sampling-point/TH-PTHR0076/sample/1451481/observation/0180,TH-PTHR0076,"THAMES AT RAVENS AIT, SURBITON",-0.3109,51.398,Thames,THAMES - WEST THAMES,Multiple Values,OPEN,FRESHWATER - RIVERS,2025-11-04T11:19:00,2025,MONITORING  (NATIONAL AGENCY POLICY),RIVER / RUNNING SURFACE WATER,180,"Orthophosphate, reactive as P",0.21,MILLIGRAM PER LITRE
https://environment.data.gov.uk/water-quality/sampling-point/TH-PTHR0076/sample/1451481/observation/0348,TH-PTHR0076,"THAMES AT RAVENS AIT, SURBITON",-0.3109,51.398,Thames,THAMES - WEST THAMES,Multiple Values,OPEN,FRESHWATER - RIVERS,2025-11-04T11:19:00,2025,MONITORING  (NATIONAL AGENCY POLICY),RIVER / RUNNING SURFACE WATER,348,"Phosphorus, Total as P",0.23,MILLIGRAM PER LITRE
https://environment.data.gov.uk/water-quality/sampling-point/TH-PTHR0076/sample/1451481/observation/9901,TH-PTHR0076,"THAMES AT RAVENS AIT, SURBITON",-0.3109,51.398,Thames,THAMES - WEST THAMES,Multiple Values,OPEN,FRESHWATER - RIVERS,2025-11-04T11:19:00,2025,MONITORING  (NATIONAL AGENCY POLICY),RIVER / RUNNING SURFACE WATER,9901,"Oxygen, Dissolved, % Saturation",95.6,PERCENTAGE
https://environment.data.gov.uk/water-quality/sampling-point/TH-PTHR0076/sample/1451481/observation/9924,TH-PTHR0076,"THAMES AT RAVENS AIT, SURBITON",-0.3109,51.398,Thames,THAMES - WEST THAMES,Multiple Values,OPEN,FRESHWATER - RIVERS,2025-11-04T11:19:00,2025,MONITORING  (NATIONAL AGENCY POLICY),RIVER / RUNNING SURFACE WATER,9924,"Oxygen, Dissolved as O2",10.2,MILLIGRAM PER LITRE
https://environment.data.gov.uk/water-quality/sampling-point/TH-PTHR0076/sample/1453070/observation/0061,TH-PTHR0076,"THAMES AT RAVENS AIT, SURBITON",-0.3109,51.398,Thames,THAMES - WEST THAMES,Multiple Values,OPEN,FRESHWATER - RIVERS,2025-12-02T11:26:00,2025,MONITORING  (NATIONAL AGENCY POLICY),RIVER / RUNNING SURFACE WATER,61,pH,8.05,PH UNITS
https://environment.data.gov.uk/water-quality/sampling-point/TH-PTHR0076/sample/1453070/observation/0076,TH-PTHR0076,"THAMES AT RAVENS AIT, SURBITON",-0.3109,51.398,Thames,THAMES - WEST THAMES,Multiple Values,OPEN,FRESHWATER - RIVERS,2025-12-02T11:26:00,2025,MONITORING  (NATIONAL AGENCY POLICY),RIVER / RUNNING SURFACE WATER,76,Temperature of Water,8.7,CELSIUS
https://environment.data.gov.uk/water-quality/sampling-point/TH-PTHR0076/sample/1453070/observation/0077,TH-PTHR0076,"THAMES AT RAVENS AIT, SURBITON",-0.3109,51.398,Thames,THAMES - WEST THAMES,Multiple Values,OPEN,FRESHWATER - RIVERS,2025-12-02T11:26:00,2025,MONITORING  (NATIONAL AGENCY POLICY),RIVER / RUNNING SURFACE WATER,77,Conductivity at 25 C,670,MICROSIEMENS PER CENTIMETRE
https://environment.data.gov.uk/water-quality/sampling-point/TH-PTHR0076/sample/1453070/observation/0085,TH-PTHR0076,"THAMES AT RAVENS AIT, SURBITON",-0.3109,51.398,Thames,THAMES - WEST THAMES,Multiple Values,OPEN,FRESHWATER - RIVERS,2025-12-02T11:26:00,2025,MONITORING  (NATIONAL AGENCY POLICY),RIVER / RUNNING SURFACE WATER,85,BOD : 5 Day ATU,1.4,MILLIGRAM PER LITRE
https://environment.data.gov.uk/water-quality/sampling-point/TH-PTHR0076/sample/1453070/observation/0111,TH-PTHR0076,"THAMES AT RAVENS AIT, SURBITON",-0.3109,51.398,Thames,THAMES - WEST THAMES,Multiple Values,OPEN,FRESHWATER - RIVERS,2025-12-02T11:26:00,2025,MONITORING  (NATIONAL AGENCY POLICY),RIVER / RUNNING SURFACE WATER,111,Ammoniacal Nitrogen as N,0.057,MILLIGRAM PER LITRE
https://environment.data.gov.uk/water-quality/sampling-point/TH-PTHR0076/sample/1453070/observation/0116,TH-PTHR0076,"THAMES AT RAVENS AIT, SURBITON",-0.3109,51.398,Thames,THAMES - WEST THAMES,Multiple Values,OPEN,FRESHWATER - RIVERS,2025-12-02T11:26:00,2025,MONITORING  (NATIONAL AGENCY POLICY),RIVER / RUNNING SURFACE WATER,116,"Nitrogen, Total Oxidised as N",8.3,MILLIGRAM PER LITRE
https://environment.data.gov.uk/water-quality/sampling-point/TH-PTHR0076/sample/1453070/observation/0117,TH-PTHR0076,"THAMES AT RAVENS AIT, SURBITON",-0.3109,51.398,Thames,THAMES - WEST THAMES,Multiple Values,OPEN,FRESHWATER - RIVERS,2025-12-02T11:26:00,2025,MONITORING  (NATIONAL AGENCY POLICY),RIVER / RUNNING SURFACE WATER,117,Nitrate as N,8.26,MILLIGRAM PER LITRE
https://environment.data.gov.uk/water-quality/sampling-point/TH-PTHR0076/sample/1453070/observation/0118,TH-PTHR0076,"THAMES AT RAVENS AIT, SURBITON",-0.3109,51.398,Thames,THAMES - WEST THAMES,Multiple Values,OPEN,FRESHWATER - RIVERS,2025-12-02T11:26:00,2025,MONITORING  (NATIONAL AGENCY POLICY),RIVER / RUNNING SURFACE WATER,118,Nitrite as N,0.037,MILLIGRAM PER LITRE
https://environment.data.gov.uk/water-quality/sampling-point/TH-PTHR0076/sample/1453070/observation/0119,TH-PTHR0076,"THAMES AT RAVENS AIT, SURBITON",-0.3109,51.398,Thames,THAMES - WEST THAMES,Multiple Values,OPEN,FRESHWATER - RIVERS,2025-12-02T11:26:00,2025,MONITORING  (NATIONAL AGENCY POLICY),RIVER / RUNNING SURFACE WATER,119,Ammonia un-ionised as N,0.00095,MILLIGRAM PER LITRE
https://environment.data.gov.uk/water-quality/sampling-point/TH-PTHR0076/sample/1453070/observation/0162,TH-PTHR0076,"THAMES AT RAVENS AIT, SURBITON",-0.3109,51.398,Thames,THAMES - WEST THAMES,Multiple Values,OPEN,FRESHWATER - RIVERS,2025-12-02T11:26:00,2025,MONITORING  (NATIONAL AGENCY POLICY),RIVER / RUNNING SURFACE WATER,162,Alkalinity to pH 4.5 as CaCO3,180,MILLIGRAM PER LITRE
https://environment.data.gov.uk/water-quality/sampling-point/TH-PTHR0076/sample/1453070/observation/0180,TH-PTHR0076,"THAMES AT RAVENS AIT, SURBITON",-0.3109,51.398,Thames,THAMES - WEST THAMES,Multiple Values,OPEN,FRESHWATER - RIVERS,2025-12-02T11:26:00,2025,MONITORING  (NATIONAL AGENCY POLICY),RIVER / RUNNING SURFACE WATER,180,"Orthophosphate, reactive as P",0.2,MILLIGRAM PER LITRE
https://environment.data.gov.uk/water-quality/sampling-point/TH-PTHR0076/sample/1453070/observation/0348,TH-PTHR0076,"THAMES AT RAVENS AIT, SURBITON",-0.3109,51.398,Thames,THAMES - WEST THAMES,Multiple Values,OPEN,FRESHWATER - RIVERS,2025-12-02T11:26:00,2025,MONITORING  (NATIONAL AGENCY POLICY),RIVER / RUNNING SURFACE WATER,348,"Phosphorus, Total as P",0.22,MILLIGRAM PER LITRE
https://environment.data.gov.uk/water-quality/sampling-point/TH-PTHR0076/sample/1453070/observation/9901,TH-PTHR0076,"THAMES AT RAVENS AIT, SURBITON",-0.3109,51.398,Thames,THAMES - WEST THAMES,Multiple Values,OPEN,FRESHWATER - RIVERS,2025-12-02T11:26:00,2025,MONITORING  (NATIONAL AGENCY POLICY),RIVER / RUNNING SURFACE WATER,9901,"Oxygen, Dissolved, % Saturation",98.6,PERCENTAGE
https://environment.data.gov.uk/water-quality/sampling-point/TH-PTHR0076/sample/1453070/observation/9924,TH-PTHR0076,"THAMES AT RAVENS AIT, SURBITON",-0.3109,51.398,Thames,THAMES - WEST THAMES,Multiple Values,OPEN,FRESHWATER - RIVERS,2025-12-02T11:26:00,2025,MONITORING  (NATIONAL AGENCY POLICY),RIVER / RUNNING SURFACE WATER,9924,"Oxygen, Dissolved as O2",11.5,MILLIGRAM PER LITRE
https://environment.data.gov.uk/water-quality/sampling-point/TH-PWER0030/sample/1423847/observation/0052,TH-PWER0030,WEY ABOVE THAMES,-0.4571,51.3786,Thames,THAMES - WEST THAMES,Multiple Values,OPEN,FRESHWATER - RIVERS,2025-02-12T11:06:00,2025,ENVIRONMENTAL MONITORING STATUTORY (EU DIRECTIVES),RIVER / RUNNING SURFACE WATER,52,"Lead, Dissolved",0.17,MICROGRAM PER LITRE
https://environment.data.gov.uk/water-quality/sampling-point/TH-PWER0030/sample/1423847/observation/0061,TH-PWER0030,WEY ABOVE THAMES,-0.4571,51.3786,Thames,THAMES - WEST THAMES,Multiple Values,OPEN,FRESHWATER - RIVERS,2025-02-12T11:06:00,2025,ENVIRONMENTAL MONITORING STATUTORY (EU DIRECTIVES),RIVER / RUNNING SURFACE WATER,61,pH,7.83,PH UNITS
https://environment.data.gov.uk/water-quality/sampling-point/TH-PWER0030/sample/1423847/observation/0076,TH-PWER0030,WEY ABOVE THAMES,-0.4571,51.3786,Thames,THAMES - WEST THAMES,Multiple Values,OPEN,FRESHWATER - RIVERS,2025-02-12T11:06:00,2025,ENVIRONMENTAL MONITORING STATUTORY (EU DIRECTIVES),RIVER / RUNNING SURFACE WATER,76,Temperature of Water,6.1,CELSIUS
https://environment.data.gov.uk/water-quality/sampling-point/TH-PWER0030/sample/1423847/observation/0077,TH-PWER0030,WEY ABOVE THAMES,-0.4571,51.3786,Thames,THAMES - WEST THAMES,Multiple Values,OPEN,FRESHWATER - RIVERS,2025-02-12T11:06:00,2025,ENVIRONMENTAL MONITORING STATUTORY (EU DIRECTIVES),RIVER / RUNNING SURFACE WATER,77,Conductivity at 25 C,452,MICROSIEMENS PER CENTIMETRE
https://environment.data.gov.uk/water-quality/sampling-point/TH-PWER0030/sample/1423847/observation/0085,TH-PWER0030,WEY ABOVE THAMES,-0.4571,51.3786,Thames,THAMES - WEST THAMES,Multiple Values,OPEN,FRESHWATER - RIVERS,2025-02-12T11:06:00,2025,ENVIRONMENTAL MONITORING STATUTORY (EU DIRECTIVES),RIVER / RUNNING SURFACE WATER,85,BOD : 5 Day ATU,1.9,MILLIGRAM PER LITRE
https://environment.data.gov.uk/water-quality/sampling-point/TH-PWER0030/sample/1423847/observation/0103,TH-PWER0030,WEY ABOVE THAMES,-0.4571,51.3786,Thames,THAMES - WEST THAMES,Multiple Values,OPEN,FRESHWATER - RIVERS,2025-02-12T11:06:00,2025,ENVIRONMENTAL MONITORING STATUTORY (EU DIRECTIVES),RIVER / RUNNING SURFACE WATER,103,"Mercury, Dissolved",<0.01,MICROGRAM PER LITRE
https://environment.data.gov.uk/water-quality/sampling-point/TH-PWER0030/sample/1423847/observation/0106,TH-PWER0030,WEY ABOVE THAMES,-0.4571,51.3786,Thames,THAMES - WEST THAMES,Multiple Values,OPEN,FRESHWATER - RIVERS,2025-02-12T11:06:00,2025,ENVIRONMENTAL MONITORING STATUTORY (EU DIRECTIVES),RIVER / RUNNING SURFACE WATER,106,"Cadmium, Dissolved",<0.01,MICROGRAM PER LITRE
https://environment.data.gov.uk/water-quality/sampling-point/TH-PWER0030/sample/1423847/observation/0111,TH-PWER0030,WEY ABOVE THAMES,-0.4571,51.3786,Thames,THAMES - WEST THAMES,Multiple Values,OPEN,FRESHWATER - RIVERS,2025-02-12T11:06:00,2025,ENVIRONMENTAL MONITORING STATUTORY (EU DIRECTIVES),RIVER / RUNNING SURFACE WATER,111,Ammoniacal Nitrogen as N,0.31,MILLIGRAM PER LITRE
https://environment.data.gov.uk/water-quality/sampling-point/TH-PWER0030/sample/1423847/observation/0116,TH-PWER0030,WEY ABOVE THAMES,-0.4571,51.3786,Thames,THAMES - WEST THAMES,Multiple Values,OPEN,FRESHWATER - RIVERS,2025-02-12T11:06:00,2025,ENVIRONMENTAL MONITORING STATUTORY (EU DIRECTIVES),RIVER / RUNNING SURFACE WATER,116,"Nitrogen, Total Oxidised as N",4.9,MILLIGRAM PER LITRE
https://environment.data.gov.uk/water-quality/sampling-point/TH-PWER0030/sample/1423847/observation/0117,TH-PWER0030,WEY ABOVE THAMES,-0.4571,51.3786,Thames,THAMES - WEST THAMES,Multiple Values,OPEN,FRESHWATER - RIVERS,2025-02-12T11:06:00,2025,ENVIRONMENTAL MONITORING STATUTORY (EU DIRECTIVES),RIVER / RUNNING SURFACE WATER,117,Nitrate as N,4.83,MILLIGRAM PER LITRE
https://environment.data.gov.uk/water-quality/sampling-point/TH-PWER0030/sample/1423847/observation/0118,TH-PWER0030,WEY ABOVE THAMES,-0.4571,51.3786,Thames,THAMES - WEST THAMES,Multiple Values,OPEN,FRESHWATER - RIVERS,2025-02-12T11:06:00,2025,ENVIRONMENTAL MONITORING STATUTORY (EU DIRECTIVES),RIVER / RUNNING SURFACE WATER,118,Nitrite as N,0.072,MILLIGRAM PER LITRE
https://environment.data.gov.uk/water-quality/sampling-point/TH-PWER0030/sample/1423847/observation/0119,TH-PWER0030,WEY ABOVE THAMES,-0.4571,51.3786,Thames,THAMES - WEST THAMES,Multiple Values,OPEN,FRESHWATER - RIVERS,2025-02-12T11:06:00,2025,ENVIRONMENTAL MONITORING STATUTORY (EU DIRECTIVES),RIVER / RUNNING SURFACE WATER,119,Ammonia un-ionised as N,0.00288,MILLIGRAM PER LITRE
https://environment.data.gov.uk/water-quality/sampling-point/TH-PWER0030/sample/1423847/observation/0162,TH-PWER0030,WEY ABOVE THAMES,-0.4571,51.3786,Thames,THAMES - WEST THAMES,Multiple Values,OPEN,FRESHWATER - RIVERS,2025-02-12T11:06:00,2025,ENVIRONMENTAL MONITORING STATUTORY (EU DIRECTIVES),RIVER / RUNNING SURFACE WATER,162,Alkalinity to pH 4.5 as CaCO3,130,MILLIGRAM PER LITRE
https://environment.data.gov.uk/water-quality/sampling-point/TH-PWER0030/sample/1423847/observation/0180,TH-PWER0030,WEY ABOVE THAMES,-0.4571,51.3786,Thames,THAMES - WEST THAMES,Multiple Values,OPEN,FRESHWATER - RIVERS,2025-02-12T11:06:00,2025,ENVIRONMENTAL MONITORING STATUTORY (EU DIRECTIVES),RIVER / RUNNING SURFACE WATER,180,"Orthophosphate, reactive as P",0.14,MILLIGRAM PER LITRE
https://environment.data.gov.uk/water-quality/sampling-point/TH-PWER0030/sample/1423847/observation/0205,TH-PWER0030,WEY ABOVE THAMES,-0.4571,51.3786,Thames,THAMES - WEST THAMES,Multiple Values,OPEN,FRESHWATER - RIVERS,2025-02-12T11:06:00,2025,ENVIRONMENTAL MONITORING STATUTORY (EU DIRECTIVES),RIVER / RUNNING SURFACE WATER,205,"Sodium, Dissolved",23,MILLIGRAM PER LITRE
https://environment.data.gov.uk/water-quality/sampling-point/TH-PWER0030/sample/1423847/observation/0209,TH-PWER0030,WEY ABOVE THAMES,-0.4571,51.3786,Thames,THAMES - WEST THAMES,Multiple Values,OPEN,FRESHWATER - RIVERS,2025-02-12T11:06:00,2025,ENVIRONMENTAL MONITORING STATUTORY (EU DIRECTIVES),RIVER / RUNNING SURFACE WATER,209,"Potassium, Dissolved",4.5,MILLIGRAM PER LITRE
https://environment.data.gov.uk/water-quality/sampling-point/TH-PWER0030/sample/1423847/observation/0235,TH-PWER0030,WEY ABOVE THAMES,-0.4571,51.3786,Thames,THAMES - WEST THAMES,Multiple Values,OPEN,FRESHWATER - RIVERS,2025-02-12T11:06:00,2025,ENVIRONMENTAL MONITORING STATUTORY (EU DIRECTIVES),RIVER / RUNNING SURFACE WATER,235,"Magnesium, Dissolved",4.1,MILLIGRAM PER LITRE
https://environment.data.gov.uk/water-quality/sampling-point/TH-PWER0030/sample/1423847/observation/0239,TH-PWER0030,WEY ABOVE THAMES,-0.4571,51.3786,Thames,THAMES - WEST THAMES,Multiple Values,OPEN,FRESHWATER - RIVERS,2025-02-12T11:06:00,2025,ENVIRONMENTAL MONITORING STATUTORY (EU DIRECTIVES),RIVER / RUNNING SURFACE WATER,239,"Calcium, Dissolved",58,MILLIGRAM PER LITRE
https://environment.data.gov.uk/water-quality/sampling-point/TH-PWER0030/sample/1423847/observation/0301,TH-PWER0030,WEY ABOVE THAMES,-0.4571,51.3786,Thames,THAMES - WEST THAMES,Multiple Values,OPEN,FRESHWATER - RIVERS,2025-02-12T11:06:00,2025,ENVIRONMENTAL MONITORING STATUTORY (EU DIRECTIVES),RIVER / RUNNING SURFACE WATER,301,"Carbon, Organic, Dissolved as C :- {DOC}",5.7,MILLIGRAM PER LITRE
https://environment.data.gov.uk/water-quality/sampling-point/TH-PWER0030/sample/1423847/observation/1049,TH-PWER0030,WEY ABOVE THAMES,-0.4571,51.3786,Thames,THAMES - WEST THAMES,Multiple Values,OPEN,FRESHWATER - RIVERS,2025-02-12T11:06:00,2025,ENVIRONMENTAL MONITORING STATUTORY (EU DIRECTIVES),RIVER / RUNNING SURFACE WATER,1049,Carbon tetrachloride :- {Tetrachloromethane},<0.1,MICROGRAM PER LITRE
https://environment.data.gov.uk/water-quality/sampling-point/TH-PWER0030/sample/1423847/observation/1085,TH-PWER0030,WEY ABOVE THAMES,-0.4571,51.3786,Thames,THAMES - WEST THAMES,Multiple Values,OPEN,FRESHWATER - RIVERS,2025-02-12T11:06:00,2025,ENVIRONMENTAL MONITORING STATUTORY (EU DIRECTIVES),RIVER / RUNNING SURFACE WATER,1085,Pentachlorophenol,<0.02,MICROGRAM PER LITRE
https://environment.data.gov.uk/water-quality/sampling-point/TH-PWER0030/sample/1423847/observation/3268,TH-PWER0030,WEY ABOVE THAMES,-0.4571,51.3786,Thames,THAMES - WEST THAMES,Multiple Values,OPEN,FRESHWATER - RIVERS,2025-02-12T11:06:00,2025,ENVIRONMENTAL MONITORING STATUTORY (EU DIRECTIVES),RIVER / RUNNING SURFACE WATER,3268,"1,1,1-Trichloroethane",<0.1,MICROGRAM PER LITRE
https://environment.data.gov.uk/water-quality/sampling-point/TH-PWER0030/sample/1423847/observation/3269,TH-PWER0030,WEY ABOVE THAMES,-0.4571,51.3786,Thames,THAMES - WEST THAMES,Multiple Values,OPEN,FRESHWATER - RIVERS,2025-02-12T11:06:00,2025,ENVIRONMENTAL MONITORING STATUTORY (EU DIRECTIVES),RIVER / RUNNING SURFACE WATER,3269,"1,1-Dichloroethane",<0.1,MICROGRAM PER LITRE
https://environment.data.gov.uk/water-quality/sampling-point/TH-PWER0030/sample/1423847/observation/3272,TH-PWER0030,WEY ABOVE THAMES,-0.4571,51.3786,Thames,THAMES - WEST THAMES,Multiple Values,OPEN,FRESHWATER - RIVERS,2025-02-12T11:06:00,2025,ENVIRONMENTAL MONITORING STATUTORY (EU DIRECTIVES),RIVER / RUNNING SURFACE WATER,3272,"1,2-Dichloroethane",<0.1,MICROGRAM PER LITRE
https://environment.data.gov.uk/water-quality/sampling-point/TH-PWER0030/sample/1423847/observation/3282,TH-PWER0030,WEY ABOVE THAMES,-0.4571,51.3786,Thames,THAMES - WEST THAMES,Multiple Values,OPEN,FRESHWATER - RIVERS,2025-02-12T11:06:00,2025,ENVIRONMENTAL MONITORING STATUTORY (EU DIRECTIVES),RIVER / RUNNING SURFACE WATER,3282,Bromodichloromethane,<0.1,MICROGRAM PER LITRE
https://environment.data.gov.uk/water-quality/sampling-point/TH-PWER0030/sample/1423847/observation/3283,TH-PWER0030,WEY ABOVE THAMES,-0.4571,51.3786,Thames,THAMES - WEST THAMES,Multiple Values,OPEN,FRESHWATER - RIVERS,2025-02-12T11:06:00,2025,ENVIRONMENTAL MONITORING STATUTORY (EU DIRECTIVES),RIVER / RUNNING SURFACE WATER,3283,Bromoform :- {Tribromomethane},<0.1,MICROGRAM PER LITRE
https://environment.data.gov.uk/water-quality/sampling-point/TH-PWER0030/sample/1423847/observation/3290,TH-PWER0030,WEY ABOVE THAMES,-0.4571,51.3786,Thames,THAMES - WEST THAMES,Multiple Values,OPEN,FRESHWATER - RIVERS,2025-02-12T11:06:00,2025,ENVIRONMENTAL MONITORING STATUTORY (EU DIRECTIVES),RIVER / RUNNING SURFACE WATER,3290,Chlorobenzene,<0.1,MICROGRAM PER LITRE
https://environment.data.gov.uk/water-quality/sampling-point/TH-PWER0030/sample/1423847/observation/3292,TH-PWER0030,WEY ABOVE THAMES,-0.4571,51.3786,Thames,THAMES - WEST THAMES,Multiple Values,OPEN,FRESHWATER - RIVERS,2025-02-12T11:06:00,2025,ENVIRONMENTAL MONITORING STATUTORY (EU DIRECTIVES),RIVER / RUNNING SURFACE WATER,3292,Chlorodibromomethane,<0.1,MICROGRAM PER LITRE
https://environment.data.gov.uk/water-quality/sampling-point/TH-PWER0030/sample/1423847/observation/3299,TH-PWER0030,WEY ABOVE THAMES,-0.4571,51.3786,Thames,THAMES - WEST THAMES,Multiple Values,OPEN,FRESHWATER - RIVERS,2025-02-12T11:06:00,2025,ENVIRONMENTAL MONITORING STATUTORY (EU DIRECTIVES),RIVER / RUNNING SURFACE WATER,3299,Dichloromethane :- {Methylene Dichloride},<0.5,MICROGRAM PER LITRE
https://environment.data.gov.uk/water-quality/sampling-point/TH-PWER0030/sample/1423847/observation/3328,TH-PWER0030,WEY ABOVE THAMES,-0.4571,51.3786,Thames,THAMES - WEST THAMES,Multiple Values,OPEN,FRESHWATER - RIVERS,2025-02-12T11:06:00,2025,ENVIRONMENTAL MONITORING STATUTORY (EU DIRECTIVES),RIVER / RUNNING SURFACE WATER,3328,Tetrachloroethylene :- {Perchloroethylene},<0.1,MICROGRAM PER LITRE
https://environment.data.gov.uk/water-quality/sampling-point/TH-PWER0030/sample/1423847/observation/3334,TH-PWER0030,WEY ABOVE THAMES,-0.4571,51.3786,Thames,THAMES - WEST THAMES,Multiple Values,OPEN,FRESHWATER - RIVERS,2025-02-12T11:06:00,2025,ENVIRONMENTAL MONITORING STATUTORY (EU DIRECTIVES),RIVER / RUNNING SURFACE WATER,3334,Trichloroethylene :- {Trichloroethene},<0.1,MICROGRAM PER LITRE
https://environment.data.gov.uk/water-quality/sampling-point/TH-PWER0030/sample/1423847/observation/3341,TH-PWER0030,WEY ABOVE THAMES,-0.4571,51.3786,Thames,THAMES - WEST THAMES,Multiple Values,OPEN,FRESHWATER - RIVERS,2025-02-12T11:06:00,2025,ENVIRONMENTAL MONITORING STATUTORY (EU DIRECTIVES),RIVER / RUNNING SURFACE WATER,3341,4-Chloro-2-methylphenol :- {p-Chloro-o-cresol},<0.02,MICROGRAM PER LITRE
https://environment.data.gov.uk/water-quality/sampling-point/TH-PWER0030/sample/1423847/observation/3342,TH-PWER0030,WEY ABOVE THAMES,-0.4571,51.3786,Thames,THAMES - WEST THAMES,Multiple Values,OPEN,FRESHWATER - RIVERS,2025-02-12T11:06:00,2025,ENVIRONMENTAL MONITORING STATUTORY (EU DIRECTIVES),RIVER / RUNNING SURFACE WATER,3342,4-Chloro-3-methylphenol :- {p-Chloro-m-cresol},<0.02,MICROGRAM PER LITRE
https://environment.data.gov.uk/water-quality/sampling-point/TH-PWER0030/sample/1423847/observation/3343,TH-PWER0030,WEY ABOVE THAMES,-0.4571,51.3786,Thames,THAMES - WEST THAMES,Multiple Values,OPEN,FRESHWATER - RIVERS,2025-02-12T11:06:00,2025,ENVIRONMENTAL MONITORING STATUTORY (EU DIRECTIVES),RIVER / RUNNING SURFACE WATER,3343,"2,4-Dimethylphenol :- {2,4-Xylenol}",<0.02,MICROGRAM PER LITRE
https://environment.data.gov.uk/water-quality/sampling-point/TH-PWER0030/sample/1423847/observation/3373,TH-PWER0030,WEY ABOVE THAMES,-0.4571,51.3786,Thames,THAMES - WEST THAMES,Multiple Values,OPEN,FRESHWATER - RIVERS,2025-02-12T11:06:00,2025,ENVIRONMENTAL MONITORING STATUTORY (EU DIRECTIVES),RIVER / RUNNING SURFACE WATER,3373,Chloroform :- {Trichloromethane},<0.1,MICROGRAM PER LITRE
https://environment.data.gov.uk/water-quality/sampling-point/TH-PWER0030/sample/1423847/observation/3377,TH-PWER0030,WEY ABOVE THAMES,-0.4571,51.3786,Thames,THAMES - WEST THAMES,Multiple Values,OPEN,FRESHWATER - RIVERS,2025-02-12T11:06:00,2025,ENVIRONMENTAL MONITORING STATUTORY (EU DIRECTIVES),RIVER / RUNNING SURFACE WATER,3377,Lead : BLM Bioavailable,0.03,MICROGRAM PER LITRE
https://environment.data.gov.uk/water-quality/sampling-point/TH-PWER0030/sample/1423847/observation/3408,TH-PWER0030,WEY ABOVE THAMES,-0.4571,51.3786,Thames,THAMES - WEST THAMES,Multiple Values,OPEN,FRESHWATER - RIVERS,2025-02-12T11:06:00,2025,ENVIRONMENTAL MONITORING STATUTORY (EU DIRECTIVES),RIVER / RUNNING SURFACE WATER,3408,"Zinc, Dissolved",5.3,MICROGRAM PER LITRE
https://environment.data.gov.uk/water-quality/sampling-point/TH-PWER0030/sample/1423847/observation/3409,TH-PWER0030,WEY ABOVE THAMES,-0.4571,51.3786,Thames,THAMES - WEST THAMES,Multiple Values,OPEN,FRESHWATER - RIVERS,2025-02-12T11:06:00,2025,ENVIRONMENTAL MONITORING STATUTORY (EU DIRECTIVES),RIVER / RUNNING SURFACE WATER,3409,"Chromium, Dissolved",<0.5,MICROGRAM PER LITRE
https://environment.data.gov.uk/water-quality/sampling-point/TH-PWER0030/sample/1423847/observation/3410,TH-PWER0030,WEY ABOVE THAMES,-0.4571,51.3786,Thames,THAMES - WEST THAMES,Multiple Values,OPEN,FRESHWATER - RIVERS,2025-02-12T11:06:00,2025,ENVIRONMENTAL MONITORING STATUTORY (EU DIRECTIVES),RIVER / RUNNING SURFACE WATER,3410,"Nickel, Dissolved",3.2,MICROGRAM PER LITRE
https://environment.data.gov.uk/water-quality/sampling-point/TH-PWER0030/sample/1423847/observation/3781,TH-PWER0030,WEY ABOVE THAMES,-0.4571,51.3786,Thames,THAMES - WEST THAMES,Multiple Values,OPEN,FRESHWATER - RIVERS,2025-02-12T11:06:00,2025,ENVIRONMENTAL MONITORING STATUTORY (EU DIRECTIVES),RIVER / RUNNING SURFACE WATER,3781,Benzene,<0.1,MICROGRAM PER LITRE
https://environment.data.gov.uk/water-quality/sampling-point/TH-PWER0030/sample/1423847/observation/3783,TH-PWER0030,WEY ABOVE THAMES,-0.4571,51.3786,Thames,THAMES - WEST THAMES,Multiple Values,OPEN,FRESHWATER - RIVERS,2025-02-12T11:06:00,2025,ENVIRONMENTAL MONITORING STATUTORY (EU DIRECTIVES),RIVER / RUNNING SURFACE WATER,3783,Dibromomethane,<0.1,MICROGRAM PER LITRE
https://environment.data.gov.uk/water-quality/sampling-point/TH-PWER0030/sample/1423847/observation/3784,TH-PWER0030,WEY ABOVE THAMES,-0.4571,51.3786,Thames,THAMES - WEST THAMES,Multiple Values,OPEN,FRESHWATER - RIVERS,2025-02-12T11:06:00,2025,ENVIRONMENTAL MONITORING STATUTORY (EU DIRECTIVES),RIVER / RUNNING SURFACE WATER,3784,Toluene :- {Methylbenzene},<0.1,MICROGRAM PER LITRE
https://environment.data.gov.uk/water-quality/sampling-point/TH-PWER0030/sample/1423847/observation/3878,TH-PWER0030,WEY ABOVE THAMES,-0.4571,51.3786,Thames,THAMES - WEST THAMES,Multiple Values,OPEN,FRESHWATER - RIVERS,2025-02-12T11:06:00,2025,ENVIRONMENTAL MONITORING STATUTORY (EU DIRECTIVES),RIVER / RUNNING SURFACE WATER,3878,Nickel : BLM Bioavailable,1,MICROGRAM PER LITRE
https://environment.data.gov.uk/water-quality/sampling-point/TH-PWER0030/sample/1423847/observation/4049,TH-PWER0030,WEY ABOVE THAMES,-0.4571,51.3786,Thames,THAMES - WEST THAMES,Multiple Values,OPEN,FRESHWATER - RIVERS,2025-02-12T11:06:00,2025,ENVIRONMENTAL MONITORING STATUTORY (EU DIRECTIVES),RIVER / RUNNING SURFACE WATER,4049,"1,4-Dichlorobenzene",<0.1,MICROGRAM PER LITRE
https://environment.data.gov.uk/water-quality/sampling-point/TH-PWER0030/sample/1423847/observation/4117,TH-PWER0030,WEY ABOVE THAMES,-0.4571,51.3786,Thames,THAMES - WEST THAMES,Multiple Values,OPEN,FRESHWATER - RIVERS,2025-02-12T11:06:00,2025,ENVIRONMENTAL MONITORING STATUTORY (EU DIRECTIVES),RIVER / RUNNING SURFACE WATER,4117,Ethylbenzene,<0.1,MICROGRAM PER LITRE
https://environment.data.gov.uk/water-quality/sampling-point/TH-PWER0030/sample/1423847/observation/4201,TH-PWER0030,WEY ABOVE THAMES,-0.4571,51.3786,Thames,THAMES - WEST THAMES,Multiple Values,OPEN,FRESHWATER - RIVERS,2025-02-12T11:06:00,2025,ENVIRONMENTAL MONITORING STATUTORY (EU DIRECTIVES),RIVER / RUNNING SURFACE WATER,4201,"Lithium, Dissolved",<100,MICROGRAM PER LITRE
https://environment.data.gov.uk/water-quality/sampling-point/TH-PWER0030/sample/1423847/observation/4621,TH-PWER0030,WEY ABOVE THAMES,-0.4571,51.3786,Thames,THAMES - WEST THAMES,Multiple Values,OPEN,FRESHWATER - RIVERS,2025-02-12T11:06:00,2025,ENVIRONMENTAL MONITORING STATUTORY (EU DIRECTIVES),RIVER / RUNNING SURFACE WATER,4621,"2,4,4-TriBromoDiphenylEther",<0.00006,MICROGRAM PER LITRE
https://environment.data.gov.uk/water-quality/sampling-point/TH-PWER0030/sample/1423847/observation/4820,TH-PWER0030,WEY ABOVE THAMES,-0.4571,51.3786,Thames,THAMES - WEST THAMES,Multiple Values,OPEN,FRESHWATER - RIVERS,2025-02-12T11:06:00,2025,ENVIRONMENTAL MONITORING STATUTORY (EU DIRECTIVES),RIVER / RUNNING SURFACE WATER,4820,Manganese : BLM Bioavailable,28,MICROGRAM PER LITRE
https://environment.data.gov.uk/water-quality/sampling-point/TH-PWER0030/sample/1423847/observation/4821,TH-PWER0030,WEY ABOVE THAMES,-0.4571,51.3786,Thames,THAMES - WEST THAMES,Multiple Values,OPEN,FRESHWATER - RIVERS,2025-02-12T11:06:00,2025,ENVIRONMENTAL MONITORING STATUTORY (EU DIRECTIVES),RIVER / RUNNING SURFACE WATER,4821,Copper : BLM Bioavailable,0.09,MICROGRAM PER LITRE
https://environment.data.gov.uk/water-quality/sampling-point/TH-PWER0030/sample/1423847/observation/4822,TH-PWER0030,WEY ABOVE THAMES,-0.4571,51.3786,Thames,THAMES - WEST THAMES,Multiple Values,OPEN,FRESHWATER - RIVERS,2025-02-12T11:06:00,2025,ENVIRONMENTAL MONITORING STATUTORY (EU DIRECTIVES),RIVER / RUNNING SURFACE WATER,4822,Zinc : BLM Bioavailable,1.9,MICROGRAM PER LITRE
https://environment.data.gov.uk/water-quality/sampling-point/TH-PWER0030/sample/1423847/observation/5234,TH-PWER0030,WEY ABOVE THAMES,-0.4571,51.3786,Thames,THAMES - WEST THAMES,Multiple Values,OPEN,FRESHWATER - RIVERS,2025-02-12T11:06:00,2025,ENVIRONMENTAL MONITORING STATUTORY (EU DIRECTIVES),RIVER / RUNNING SURFACE WATER,5234,Hexachloroethane,<0.1,MICROGRAM PER LITRE
https://environment.data.gov.uk/water-quality/sampling-point/TH-PWER0030/sample/1423847/observation/5558,TH-PWER0030,WEY ABOVE THAMES,-0.4571,51.3786,Thames,THAMES - WEST THAMES,Multiple Values,OPEN,FRESHWATER - RIVERS,2025-02-12T11:06:00,2025,ENVIRONMENTAL MONITORING STATUTORY (EU DIRECTIVES),RIVER / RUNNING SURFACE WATER,5558,"3,5-Dimethylphenol :- {3,5-Xylenol}",<0.02,MICROGRAM PER LITRE
https://environment.data.gov.uk/water-quality/sampling-point/TH-PWER0030/sample/1423847/observation/5560,TH-PWER0030,WEY ABOVE THAMES,-0.4571,51.3786,Thames,THAMES - WEST THAMES,Multiple Values,OPEN,FRESHWATER - RIVERS,2025-02-12T11:06:00,2025,ENVIRONMENTAL MONITORING STATUTORY (EU DIRECTIVES),RIVER / RUNNING SURFACE WATER,5560,4-Methylphenol :- {p-Cresol},0.047,MICROGRAM PER LITRE
https://environment.data.gov.uk/water-quality/sampling-point/TH-PWER0030/sample/1423847/observation/5561,TH-PWER0030,WEY ABOVE THAMES,-0.4571,51.3786,Thames,THAMES - WEST THAMES,Multiple Values,OPEN,FRESHWATER - RIVERS,2025-02-12T11:06:00,2025,ENVIRONMENTAL MONITORING STATUTORY (EU DIRECTIVES),RIVER / RUNNING SURFACE WATER,5561,3-Methylphenol :- {m-Cresol},<0.02,MICROGRAM PER LITRE
https://environment.data.gov.uk/water-quality/sampling-point/TH-PWER0030/sample/1423847/observation/5562,TH-PWER0030,WEY ABOVE THAMES,-0.4571,51.3786,Thames,THAMES - WEST THAMES,Multiple Values,OPEN,FRESHWATER - RIVERS,2025-02-12T11:06:00,2025,ENVIRONMENTAL MONITORING STATUTORY (EU DIRECTIVES),RIVER / RUNNING SURFACE WATER,5562,2-Methylphenol :- {o-Cresol},<0.02,MICROGRAM PER LITRE
https://environment.data.gov.uk/water-quality/sampling-point/TH-PWER0030/sample/1423847/observation/5568,TH-PWER0030,WEY ABOVE THAMES,-0.4571,51.3786,Thames,THAMES - WEST THAMES,Multiple Values,OPEN,FRESHWATER - RIVERS,2025-02-12T11:06:00,2025,ENVIRONMENTAL MONITORING STATUTORY (EU DIRECTIVES),RIVER / RUNNING SURFACE WATER,5568,3-Chlorotoluene :- {3-Chloromethylbenzene},<0.1,MICROGRAM PER LITRE
https://environment.data.gov.uk/water-quality/sampling-point/TH-PWER0030/sample/1423847/observation/5732,TH-PWER0030,WEY ABOVE THAMES,-0.4571,51.3786,Thames,THAMES - WEST THAMES,Multiple Values,OPEN,FRESHWATER - RIVERS,2025-02-12T11:06:00,2025,ENVIRONMENTAL MONITORING STATUTORY (EU DIRECTIVES),RIVER / RUNNING SURFACE WATER,5732,Triphenyl Tin as Cation,<0.0002,MICROGRAM PER LITRE
https://environment.data.gov.uk/water-quality/sampling-point/TH-PWER0030/sample/1423847/observation/5889,TH-PWER0030,WEY ABOVE THAMES,-0.4571,51.3786,Thames,THAMES - WEST THAMES,Multiple Values,OPEN,FRESHWATER - RIVERS,2025-02-12T11:06:00,2025,ENVIRONMENTAL MONITORING STATUTORY (EU DIRECTIVES),RIVER / RUNNING SURFACE WATER,5889,Triclosan,<0.01,MICROGRAM PER LITRE
https://environment.data.gov.uk/water-quality/sampling-point/TH-PWER0030/sample/1423847/observation/6037,TH-PWER0030,WEY ABOVE THAMES,-0.4571,51.3786,Thames,THAMES - WEST THAMES,Multiple Values,OPEN,FRESHWATER - RIVERS,2025-02-12T11:06:00,2025,ENVIRONMENTAL MONITORING STATUTORY (EU DIRECTIVES),RIVER / RUNNING SURFACE WATER,6037,"Aluminium, Dissolved",23,MICROGRAM PER LITRE
https://environment.data.gov.uk/water-quality/sampling-point/TH-PWER0030/sample/1423847/observation/6376,TH-PWER0030,WEY ABOVE THAMES,-0.4571,51.3786,Thames,THAMES - WEST THAMES,Multiple Values,OPEN,FRESHWATER - RIVERS,2025-02-12T11:06:00,2025,ENVIRONMENTAL MONITORING STATUTORY (EU DIRECTIVES),RIVER / RUNNING SURFACE WATER,6376,Chloromethane :- {Methyl Chloride},<0.5,MICROGRAM PER LITRE
https://environment.data.gov.uk/water-quality/sampling-point/TH-PWER0030/sample/1423847/observation/6450,TH-PWER0030,WEY ABOVE THAMES,-0.4571,51.3786,Thames,THAMES - WEST THAMES,Multiple Values,OPEN,FRESHWATER - RIVERS,2025-02-12T11:06:00,2025,ENVIRONMENTAL MONITORING STATUTORY (EU DIRECTIVES),RIVER / RUNNING SURFACE WATER,6450,"Copper, Dissolved",2,MICROGRAM PER LITRE
https://environment.data.gov.uk/water-quality/sampling-point/TH-PWER0030/sample/1423847/observation/6458,TH-PWER0030,WEY ABOVE THAMES,-0.4571,51.3786,Thames,THAMES - WEST THAMES,Multiple Values,OPEN,FRESHWATER - RIVERS,2025-02-12T11:06:00,2025,ENVIRONMENTAL MONITORING STATUTORY (EU DIRECTIVES),RIVER / RUNNING SURFACE WATER,6458,"Manganese, Dissolved",38,MICROGRAM PER LITRE
https://environment.data.gov.uk/water-quality/sampling-point/TH-PWER0030/sample/1423847/observation/6460,TH-PWER0030,WEY ABOVE THAMES,-0.4571,51.3786,Thames,THAMES - WEST THAMES,Multiple Values,OPEN,FRESHWATER - RIVERS,2025-02-12T11:06:00,2025,ENVIRONMENTAL MONITORING STATUTORY (EU DIRECTIVES),RIVER / RUNNING SURFACE WATER,6460,"Iron, Dissolved",220,MICROGRAM PER LITRE
https://environment.data.gov.uk/water-quality/sampling-point/TH-PWER0030/sample/1423847/observation/6534,TH-PWER0030,WEY ABOVE THAMES,-0.4571,51.3786,Thames,THAMES - WEST THAMES,Multiple Values,OPEN,FRESHWATER - RIVERS,2025-02-12T11:06:00,2025,ENVIRONMENTAL MONITORING STATUTORY (EU DIRECTIVES),RIVER / RUNNING SURFACE WATER,6534,"1,1,1,2-Tetrachloroethane",<0.1,MICROGRAM PER LITRE
https://environment.data.gov.uk/water-quality/sampling-point/TH-PWER0030/sample/1423847/observation/6537,TH-PWER0030,WEY ABOVE THAMES,-0.4571,51.3786,Thames,THAMES - WEST THAMES,Multiple Values,OPEN,FRESHWATER - RIVERS,2025-02-12T11:06:00,2025,ENVIRONMENTAL MONITORING STATUTORY (EU DIRECTIVES),RIVER / RUNNING SURFACE WATER,6537,"1,2-Dibromo-3-chloropropane",<0.1,MICROGRAM PER LITRE
https://environment.data.gov.uk/water-quality/sampling-point/TH-PWER0030/sample/1423847/observation/6538,TH-PWER0030,WEY ABOVE THAMES,-0.4571,51.3786,Thames,THAMES - WEST THAMES,Multiple Values,OPEN,FRESHWATER - RIVERS,2025-02-12T11:06:00,2025,ENVIRONMENTAL MONITORING STATUTORY (EU DIRECTIVES),RIVER / RUNNING SURFACE WATER,6538,"cis-1,2-Dichloroethylene :- {cis-1,2-Dichloroethene}",0.15,MICROGRAM PER LITRE
https://environment.data.gov.uk/water-quality/sampling-point/TH-PWER0030/sample/1423847/observation/6539,TH-PWER0030,WEY ABOVE THAMES,-0.4571,51.3786,Thames,THAMES - WEST THAMES,Multiple Values,OPEN,FRESHWATER - RIVERS,2025-02-12T11:06:00,2025,ENVIRONMENTAL MONITORING STATUTORY (EU DIRECTIVES),RIVER / RUNNING SURFACE WATER,6539,"trans-1,2-Dichloroethylene :- {trans-1,2-Dichloroethene}",<0.1,MICROGRAM PER LITRE
https://environment.data.gov.uk/water-quality/sampling-point/TH-PWER0030/sample/1423847/observation/6540,TH-PWER0030,WEY ABOVE THAMES,-0.4571,51.3786,Thames,THAMES - WEST THAMES,Multiple Values,OPEN,FRESHWATER - RIVERS,2025-02-12T11:06:00,2025,ENVIRONMENTAL MONITORING STATUTORY (EU DIRECTIVES),RIVER / RUNNING SURFACE WATER,6540,"1,2-Dichloropropane",<0.1,MICROGRAM PER LITRE
https://environment.data.gov.uk/water-quality/sampling-point/TH-PWER0030/sample/1423847/observation/6541,TH-PWER0030,WEY ABOVE THAMES,-0.4571,51.3786,Thames,THAMES - WEST THAMES,Multiple Values,OPEN,FRESHWATER - RIVERS,2025-02-12T11:06:00,2025,ENVIRONMENTAL MONITORING STATUTORY (EU DIRECTIVES),RIVER / RUNNING SURFACE WATER,6541,"1,2,3-Trichloropropane",<0.5,MICROGRAM PER LITRE
https://environment.data.gov.uk/water-quality/sampling-point/TH-PWER0030/sample/1423847/observation/6542,TH-PWER0030,WEY ABOVE THAMES,-0.4571,51.3786,Thames,THAMES - WEST THAMES,Multiple Values,OPEN,FRESHWATER - RIVERS,2025-02-12T11:06:00,2025,ENVIRONMENTAL MONITORING STATUTORY (EU DIRECTIVES),RIVER / RUNNING SURFACE WATER,6542,"1,3-Dichloropropane",<0.1,MICROGRAM PER LITRE
https://environment.data.gov.uk/water-quality/sampling-point/TH-PWER0030/sample/1423847/observation/6543,TH-PWER0030,WEY ABOVE THAMES,-0.4571,51.3786,Thames,THAMES - WEST THAMES,Multiple Values,OPEN,FRESHWATER - RIVERS,2025-02-12T11:06:00,2025,ENVIRONMENTAL MONITORING STATUTORY (EU DIRECTIVES),RIVER / RUNNING SURFACE WATER,6543,"cis-1,3-Dichloropropylene :- {cis-1,3-Dichloropropene}",<0.1,MICROGRAM PER LITRE
https://environment.data.gov.uk/water-quality/sampling-point/TH-PWER0030/sample/1423847/observation/6544,TH-PWER0030,WEY ABOVE THAMES,-0.4571,51.3786,Thames,THAMES - WEST THAMES,Multiple Values,OPEN,FRESHWATER - RIVERS,2025-02-12T11:06:00,2025,ENVIRONMENTAL MONITORING STATUTORY (EU DIRECTIVES),RIVER / RUNNING SURFACE WATER,6544,"trans-1,3-Dichloropropylene :- {trans-1,3-Dichloropropene}",<0.5,MICROGRAM PER LITRE
https://environment.data.gov.uk/water-quality/sampling-point/TH-PWER0030/sample/1423847/observation/6547,TH-PWER0030,WEY ABOVE THAMES,-0.4571,51.3786,Thames,THAMES - WEST THAMES,Multiple Values,OPEN,FRESHWATER - RIVERS,2025-02-12T11:06:00,2025,ENVIRONMENTAL MONITORING STATUTORY (EU DIRECTIVES),RIVER / RUNNING SURFACE WATER,6547,2-Chlorotoluene :- {1-Chloro-2-methylbenzene},<0.1,MICROGRAM PER LITRE
https://environment.data.gov.uk/water-quality/sampling-point/TH-PWER0030/sample/1423847/observation/6569,TH-PWER0030,WEY ABOVE THAMES,-0.4571,51.3786,Thames,THAMES - WEST THAMES,Multiple Values,OPEN,FRESHWATER - RIVERS,2025-02-12T11:06:00,2025,ENVIRONMENTAL MONITORING STATUTORY (EU DIRECTIVES),RIVER / RUNNING SURFACE WATER,6569,"2,6-Dimethylphenol :- {2,6-Xylenol}",<0.02,MICROGRAM PER LITRE
https://environment.data.gov.uk/water-quality/sampling-point/TH-PWER0030/sample/1423847/observation/6577,TH-PWER0030,WEY ABOVE THAMES,-0.4571,51.3786,Thames,THAMES - WEST THAMES,Multiple Values,OPEN,FRESHWATER - RIVERS,2025-02-12T11:06:00,2025,ENVIRONMENTAL MONITORING STATUTORY (EU DIRECTIVES),RIVER / RUNNING SURFACE WATER,6577,"3,4-Dimethylphenol :- {3,4-Xylenol}",<0.02,MICROGRAM PER LITRE
https://environment.data.gov.uk/water-quality/sampling-point/TH-PWER0030/sample/1423847/observation/6578,TH-PWER0030,WEY ABOVE THAMES,-0.4571,51.3786,Thames,THAMES - WEST THAMES,Multiple Values,OPEN,FRESHWATER - RIVERS,2025-02-12T11:06:00,2025,ENVIRONMENTAL MONITORING STATUTORY (EU DIRECTIVES),RIVER / RUNNING SURFACE WATER,6578,4-Chlorotoluene :- {1-Chloro-4-methylbenzene},<0.1,MICROGRAM PER LITRE
https://environment.data.gov.uk/water-quality/sampling-point/TH-PWER0030/sample/1423847/observation/6579,TH-PWER0030,WEY ABOVE THAMES,-0.4571,51.3786,Thames,THAMES - WEST THAMES,Multiple Values,OPEN,FRESHWATER - RIVERS,2025-02-12T11:06:00,2025,ENVIRONMENTAL MONITORING STATUTORY (EU DIRECTIVES),RIVER / RUNNING SURFACE WATER,6579,4-Isopropyltoluene :- {4-methyl-Isopropylbenzene},<0.1,MICROGRAM PER LITRE
https://environment.data.gov.uk/water-quality/sampling-point/TH-PWER0030/sample/1423847/observation/6584,TH-PWER0030,WEY ABOVE THAMES,-0.4571,51.3786,Thames,THAMES - WEST THAMES,Multiple Values,OPEN,FRESHWATER - RIVERS,2025-02-12T11:06:00,2025,ENVIRONMENTAL MONITORING STATUTORY (EU DIRECTIVES),RIVER / RUNNING SURFACE WATER,6584,"4-Chloro-3,5-dimethylphenol :- {PCMX}",0.039,MICROGRAM PER LITRE
https://environment.data.gov.uk/water-quality/sampling-point/TH-PWER0030/sample/1423847/observation/6604,TH-PWER0030,WEY ABOVE THAMES,-0.4571,51.3786,Thames,THAMES - WEST THAMES,Multiple Values,OPEN,FRESHWATER - RIVERS,2025-02-12T11:06:00,2025,ENVIRONMENTAL MONITORING STATUTORY (EU DIRECTIVES),RIVER / RUNNING SURFACE WATER,6604,Bromobenzene,<0.1,MICROGRAM PER LITRE
https://environment.data.gov.uk/water-quality/sampling-point/TH-PWER0030/sample/1423847/observation/6605,TH-PWER0030,WEY ABOVE THAMES,-0.4571,51.3786,Thames,THAMES - WEST THAMES,Multiple Values,OPEN,FRESHWATER - RIVERS,2025-02-12T11:06:00,2025,ENVIRONMENTAL MONITORING STATUTORY (EU DIRECTIVES),RIVER / RUNNING SURFACE WATER,6605,Bromochloromethane,<0.1,MICROGRAM PER LITRE
https://environment.data.gov.uk/water-quality/sampling-point/TH-PWER0030/sample/1423847/observation/6656,TH-PWER0030,WEY ABOVE THAMES,-0.4571,51.3786,Thames,THAMES - WEST THAMES,Multiple Values,OPEN,FRESHWATER - RIVERS,2025-02-12T11:06:00,2025,ENVIRONMENTAL MONITORING STATUTORY (EU DIRECTIVES),RIVER / RUNNING SURFACE WATER,6656,MTBE :- {Methyl tert-butyl ether},<0.1,MICROGRAM PER LITRE
https://environment.data.gov.uk/water-quality/sampling-point/TH-PWER0030/sample/1423847/observation/6658,TH-PWER0030,WEY ABOVE THAMES,-0.4571,51.3786,Thames,THAMES - WEST THAMES,Multiple Values,OPEN,FRESHWATER - RIVERS,2025-02-12T11:06:00,2025,ENVIRONMENTAL MONITORING STATUTORY (EU DIRECTIVES),RIVER / RUNNING SURFACE WATER,6658,n-ButylBenzene :- {1-Phenylbutane},<0.1,MICROGRAM PER LITRE
https://environment.data.gov.uk/water-quality/sampling-point/TH-PWER0030/sample/1423847/observation/6659,TH-PWER0030,WEY ABOVE THAMES,-0.4571,51.3786,Thames,THAMES - WEST THAMES,Multiple Values,OPEN,FRESHWATER - RIVERS,2025-02-12T11:06:00,2025,ENVIRONMENTAL MONITORING STATUTORY (EU DIRECTIVES),RIVER / RUNNING SURFACE WATER,6659,n-Propylbenzene :- {1-Phenylpropane},<0.1,MICROGRAM PER LITRE
https://environment.data.gov.uk/water-quality/sampling-point/TH-PWER0030/sample/1423847/observation/6690,TH-PWER0030,WEY ABOVE THAMES,-0.4571,51.3786,Thames,THAMES - WEST THAMES,Multiple Values,OPEN,FRESHWATER - RIVERS,2025-02-12T11:06:00,2025,ENVIRONMENTAL MONITORING STATUTORY (EU DIRECTIVES),RIVER / RUNNING SURFACE WATER,6690,sec-Butylbenzene :- {1-Methylpropylbenzene},<0.1,MICROGRAM PER LITRE
https://environment.data.gov.uk/water-quality/sampling-point/TH-PWER0030/sample/1423847/observation/6693,TH-PWER0030,WEY ABOVE THAMES,-0.4571,51.3786,Thames,THAMES - WEST THAMES,Multiple Values,OPEN,FRESHWATER - RIVERS,2025-02-12T11:06:00,2025,ENVIRONMENTAL MONITORING STATUTORY (EU DIRECTIVES),RIVER / RUNNING SURFACE WATER,6693,"Strontium, Filtered",190,MICROGRAM PER LITRE
https://environment.data.gov.uk/water-quality/sampling-point/TH-PWER0030/sample/1423847/observation/6697,TH-PWER0030,WEY ABOVE THAMES,-0.4571,51.3786,Thames,THAMES - WEST THAMES,Multiple Values,OPEN,FRESHWATER - RIVERS,2025-02-12T11:06:00,2025,ENVIRONMENTAL MONITORING STATUTORY (EU DIRECTIVES),RIVER / RUNNING SURFACE WATER,6697,"tert-Butylbenzene :- {(1,1-Dimethylethyl)benzene}",<0.1,MICROGRAM PER LITRE
https://environment.data.gov.uk/water-quality/sampling-point/TH-PWER0030/sample/1423847/observation/6711,TH-PWER0030,WEY ABOVE THAMES,-0.4571,51.3786,Thames,THAMES - WEST THAMES,Multiple Values,OPEN,FRESHWATER - RIVERS,2025-02-12T11:06:00,2025,ENVIRONMENTAL MONITORING STATUTORY (EU DIRECTIVES),RIVER / RUNNING SURFACE WATER,6711,Trichlorofluoromethane,<0.1,MICROGRAM PER LITRE
https://environment.data.gov.uk/water-quality/sampling-point/TH-PWER0030/sample/1423847/observation/6715,TH-PWER0030,WEY ABOVE THAMES,-0.4571,51.3786,Thames,THAMES - WEST THAMES,Multiple Values,OPEN,FRESHWATER - RIVERS,2025-02-12T11:06:00,2025,ENVIRONMENTAL MONITORING STATUTORY (EU DIRECTIVES),RIVER / RUNNING SURFACE WATER,6715,Vinyl chloride :- {Chloroethylene},<0.1,MICROGRAM PER LITRE
https://environment.data.gov.uk/water-quality/sampling-point/TH-PWER0030/sample/1423847/observation/6716,TH-PWER0030,WEY ABOVE THAMES,-0.4571,51.3786,Thames,THAMES - WEST THAMES,Multiple Values,OPEN,FRESHWATER - RIVERS,2025-02-12T11:06:00,2025,ENVIRONMENTAL MONITORING STATUTORY (EU DIRECTIVES),RIVER / RUNNING SURFACE WATER,6716,"Dimethylbenzene : Sum of isomers (1,3- 1,4-)",<0.2,MICROGRAM PER LITRE
https://environment.data.gov.uk/water-quality/sampling-point/TH-PWER0030/sample/1423847/observation/6724,TH-PWER0030,WEY ABOVE THAMES,-0.4571,51.3786,Thames,THAMES - WEST THAMES,Multiple Values,OPEN,FRESHWATER - RIVERS,2025-02-12T11:06:00,2025,ENVIRONMENTAL MONITORING STATUTORY (EU DIRECTIVES),RIVER / RUNNING SURFACE WATER,6724,Di(2-ethylhexyl) phthalate :- {DEHP},<0.2,MICROGRAM PER LITRE
https://environment.data.gov.uk/water-quality/sampling-point/TH-PWER0030/sample/1423847/observation/6744,TH-PWER0030,WEY ABOVE THAMES,-0.4571,51.3786,Thames,THAMES - WEST THAMES,Multiple Values,OPEN,FRESHWATER - RIVERS,2025-02-12T11:06:00,2025,ENVIRONMENTAL MONITORING STATUTORY (EU DIRECTIVES),RIVER / RUNNING SURFACE WATER,6744,"2,2-Dichloropropane",<0.1,MICROGRAM PER LITRE
https://environment.data.gov.uk/water-quality/sampling-point/TH-PWER0030/sample/1423847/observation/7531,TH-PWER0030,WEY ABOVE THAMES,-0.4571,51.3786,Thames,THAMES - WEST THAMES,Multiple Values,OPEN,FRESHWATER - RIVERS,2025-02-12T11:06:00,2025,ENVIRONMENTAL MONITORING STATUTORY (EU DIRECTIVES),RIVER / RUNNING SURFACE WATER,7531,"1,1,2,2-Tetrachloroethane",<0.1,MICROGRAM PER LITRE
https://environment.data.gov.uk/water-quality/sampling-point/TH-PWER0030/sample/1423847/observation/7574,TH-PWER0030,WEY ABOVE THAMES,-0.4571,51.3786,Thames,THAMES - WEST THAMES,Multiple Values,OPEN,FRESHWATER - RIVERS,2025-02-12T11:06:00,2025,ENVIRONMENTAL MONITORING STATUTORY (EU DIRECTIVES),RIVER / RUNNING SURFACE WATER,7574,Isopropylbenzene :- {Methylethylbenzene},<0.1,MICROGRAM PER LITRE
https://environment.data.gov.uk/water-quality/sampling-point/TH-PWER0030/sample/1423847/observation/7859,TH-PWER0030,WEY ABOVE THAMES,-0.4571,51.3786,Thames,THAMES - WEST THAMES,Multiple Values,OPEN,FRESHWATER - RIVERS,2025-02-12T11:06:00,2025,ENVIRONMENTAL MONITORING STATUTORY (EU DIRECTIVES),RIVER / RUNNING SURFACE WATER,7859,"Sulphate, Dissolved as SO4",34,MILLIGRAM PER LITRE
https://environment.data.gov.uk/water-quality/sampling-point/TH-PWER0030/sample/1423847/observation/8847,TH-PWER0030,WEY ABOVE THAMES,-0.4571,51.3786,Thames,THAMES - WEST THAMES,Multiple Values,OPEN,FRESHWATER - RIVERS,2025-02-12T11:06:00,2025,ENVIRONMENTAL MONITORING STATUTORY (EU DIRECTIVES),RIVER / RUNNING SURFACE WATER,8847,Carbon Disulphide,<0.1,MICROGRAM PER LITRE
https://environment.data.gov.uk/water-quality/sampling-point/TH-PWER0030/sample/1423847/observation/8944,TH-PWER0030,WEY ABOVE THAMES,-0.4571,51.3786,Thames,THAMES - WEST THAMES,Multiple Values,OPEN,FRESHWATER - RIVERS,2025-02-12T11:06:00,2025,ENVIRONMENTAL MONITORING STATUTORY (EU DIRECTIVES),RIVER / RUNNING SURFACE WATER,8944,Tributyl Tin as Cation,<0.0002,MICROGRAM PER LITRE
https://environment.data.gov.uk/water-quality/sampling-point/TH-PWER0030/sample/1423847/observation/9005,TH-PWER0030,WEY ABOVE THAMES,-0.4571,51.3786,Thames,THAMES - WEST THAMES,Multiple Values,OPEN,FRESHWATER - RIVERS,2025-02-12T11:06:00,2025,ENVIRONMENTAL MONITORING STATUTORY (EU DIRECTIVES),RIVER / RUNNING SURFACE WATER,9005,"2,2,3,4,4,5,6-Heptabromodiphenyl ether :- {PBDE 183}",<0.00006,MICROGRAM PER LITRE
https://environment.data.gov.uk/water-quality/sampling-point/TH-PWER0030/sample/1423847/observation/9007,TH-PWER0030,WEY ABOVE THAMES,-0.4571,51.3786,Thames,THAMES - WEST THAMES,Multiple Values,OPEN,FRESHWATER - RIVERS,2025-02-12T11:06:00,2025,ENVIRONMENTAL MONITORING STATUTORY (EU DIRECTIVES),RIVER / RUNNING SURFACE WATER,9007,"2,2,3,4,4,5-Hexabromodiphenyl ether :- {PBDE 138}",<0.00009,MICROGRAM PER LITRE
https://environment.data.gov.uk/water-quality/sampling-point/TH-PWER0030/sample/1423847/observation/9009,TH-PWER0030,WEY ABOVE THAMES,-0.4571,51.3786,Thames,THAMES - WEST THAMES,Multiple Values,OPEN,FRESHWATER - RIVERS,2025-02-12T11:06:00,2025,ENVIRONMENTAL MONITORING STATUTORY (EU DIRECTIVES),RIVER / RUNNING SURFACE WATER,9009,"2,2,3,4,4-Pentabromodiphenyl ether :- {PBDE 85}",<0.00006,MICROGRAM PER LITRE
https://environment.data.gov.uk/water-quality/sampling-point/TH-PWER0030/sample/1423847/observation/9011,TH-PWER0030,WEY ABOVE THAMES,-0.4571,51.3786,Thames,THAMES - WEST THAMES,Multiple Values,OPEN,FRESHWATER - RIVERS,2025-02-12T11:06:00,2025,ENVIRONMENTAL MONITORING STATUTORY (EU DIRECTIVES),RIVER / RUNNING SURFACE WATER,9011,"2,2,4,4,5,5-Hexabromodiphenyl ether :- {PBDE 153}",<0.00006,MICROGRAM PER LITRE
https://environment.data.gov.uk/water-quality/sampling-point/TH-PWER0030/sample/1423847/observation/9013,TH-PWER0030,WEY ABOVE THAMES,-0.4571,51.3786,Thames,THAMES - WEST THAMES,Multiple Values,OPEN,FRESHWATER - RIVERS,2025-02-12T11:06:00,2025,ENVIRONMENTAL MONITORING STATUTORY (EU DIRECTIVES),RIVER / RUNNING SURFACE WATER,9013,"2,2,4,4,5,6-Hexabromodiphenyl ether :- {PBDE 154}",<0.00006,MICROGRAM PER LITRE
https://environment.data.gov.uk/water-quality/sampling-point/TH-PWER0030/sample/1423847/observation/9015,TH-PWER0030,WEY ABOVE THAMES,-0.4571,51.3786,Thames,THAMES - WEST THAMES,Multiple Values,OPEN,FRESHWATER - RIVERS,2025-02-12T11:06:00,2025,ENVIRONMENTAL MONITORING STATUTORY (EU DIRECTIVES),RIVER / RUNNING SURFACE WATER,9015,"2,2,4,4,5-Pentabromodiphenyl ether :- {PBDE 99}",<0.00006,MICROGRAM PER LITRE
https://environment.data.gov.uk/water-quality/sampling-point/TH-PWER0030/sample/1423847/observation/9017,TH-PWER0030,WEY ABOVE THAMES,-0.4571,51.3786,Thames,THAMES - WEST THAMES,Multiple Values,OPEN,FRESHWATER - RIVERS,2025-02-12T11:06:00,2025,ENVIRONMENTAL MONITORING STATUTORY (EU DIRECTIVES),RIVER / RUNNING SURFACE WATER,9017,"2,2,4,4,6-Pentabromodiphenyl ether :- {PBDE 100}",<0.00006,MICROGRAM PER LITRE
https://environment.data.gov.uk/water-quality/sampling-point/TH-PWER0030/sample/1423847/observation/9019,TH-PWER0030,WEY ABOVE THAMES,-0.4571,51.3786,Thames,THAMES - WEST THAMES,Multiple Values,OPEN,FRESHWATER - RIVERS,2025-02-12T11:06:00,2025,ENVIRONMENTAL MONITORING STATUTORY (EU DIRECTIVES),RIVER / RUNNING SURFACE WATER,9019,"2,2,4,4-Tetrabromodiphenyl ether :- {PBDE 47}",<0.00006,MICROGRAM PER LITRE
https://environment.data.gov.uk/water-quality/sampling-point/TH-PWER0030/sample/1423847/observation/9021,TH-PWER0030,WEY ABOVE THAMES,-0.4571,51.3786,Thames,THAMES - WEST THAMES,Multiple Values,OPEN,FRESHWATER - RIVERS,2025-02-12T11:06:00,2025,ENVIRONMENTAL MONITORING STATUTORY (EU DIRECTIVES),RIVER / RUNNING SURFACE WATER,9021,"2,3,4,4-Tetrabromodiphenyl ether :- {PBDE 66}",<0.00007,MICROGRAM PER LITRE
https://environment.data.gov.uk/water-quality/sampling-point/TH-PWER0030/sample/1423847/observation/9051,TH-PWER0030,WEY ABOVE THAMES,-0.4571,51.3786,Thames,THAMES - WEST THAMES,Multiple Values,OPEN,FRESHWATER - RIVERS,2025-02-12T11:06:00,2025,ENVIRONMENTAL MONITORING STATUTORY (EU DIRECTIVES),RIVER / RUNNING SURFACE WATER,9051,"1,2,4-Trichlorobenzene",<0.1,MICROGRAM PER LITRE
https://environment.data.gov.uk/water-quality/sampling-point/TH-PWER0030/sample/1423847/observation/9091,TH-PWER0030,WEY ABOVE THAMES,-0.4571,51.3786,Thames,THAMES - WEST THAMES,Multiple Values,OPEN,FRESHWATER - RIVERS,2025-02-12T11:06:00,2025,ENVIRONMENTAL MONITORING STATUTORY (EU DIRECTIVES),RIVER / RUNNING SURFACE WATER,9091,"2,5-Dichlorophenol",<0.02,MICROGRAM PER LITRE
https://environment.data.gov.uk/water-quality/sampling-point/TH-PWER0030/sample/1423847/observation/9094,TH-PWER0030,WEY ABOVE THAMES,-0.4571,51.3786,Thames,THAMES - WEST THAMES,Multiple Values,OPEN,FRESHWATER - RIVERS,2025-02-12T11:06:00,2025,ENVIRONMENTAL MONITORING STATUTORY (EU DIRECTIVES),RIVER / RUNNING SURFACE WATER,9094,"2,5-Dimethylphenol :- {2,5-Xylenol}",<0.02,MICROGRAM PER LITRE
https://environment.data.gov.uk/water-quality/sampling-point/TH-PWER0030/sample/1423847/observation/9145,TH-PWER0030,WEY ABOVE THAMES,-0.4571,51.3786,Thames,THAMES - WEST THAMES,Multiple Values,OPEN,FRESHWATER - RIVERS,2025-02-12T11:06:00,2025,ENVIRONMENTAL MONITORING STATUTORY (EU DIRECTIVES),RIVER / RUNNING SURFACE WATER,9145,"1,2-Dibromoethane",<0.1,MICROGRAM PER LITRE
https://environment.data.gov.uk/water-quality/sampling-point/TH-PWER0030/sample/1423847/observation/9190,TH-PWER0030,WEY ABOVE THAMES,-0.4571,51.3786,Thames,THAMES - WEST THAMES,Multiple Values,OPEN,FRESHWATER - RIVERS,2025-02-12T11:06:00,2025,ENVIRONMENTAL MONITORING STATUTORY (EU DIRECTIVES),RIVER / RUNNING SURFACE WATER,9190,4-Nonylphenol Branched,0.042,MICROGRAM PER LITRE
https://environment.data.gov.uk/water-quality/sampling-point/TH-PWER0030/sample/1423847/observation/9248,TH-PWER0030,WEY ABOVE THAMES,-0.4571,51.3786,Thames,THAMES - WEST THAMES,Multiple Values,OPEN,FRESHWATER - RIVERS,2025-02-12T11:06:00,2025,ENVIRONMENTAL MONITORING STATUTORY (EU DIRECTIVES),RIVER / RUNNING SURFACE WATER,9248,"Hexabromocyclododecane Total: (Sum of a, b, g)",<0.0002,MICROGRAM PER LITRE
https://environment.data.gov.uk/water-quality/sampling-point/TH-PWER0030/sample/1423847/observation/9267,TH-PWER0030,WEY ABOVE THAMES,-0.4571,51.3786,Thames,THAMES - WEST THAMES,Multiple Values,OPEN,FRESHWATER - RIVERS,2025-02-12T11:06:00,2025,ENVIRONMENTAL MONITORING STATUTORY (EU DIRECTIVES),RIVER / RUNNING SURFACE WATER,9267,4-tert-Octylphenol :- {p-tert-Octylphenol},<0.01,MICROGRAM PER LITRE
https://environment.data.gov.uk/water-quality/sampling-point/TH-PWER0030/sample/1423847/observation/9446,TH-PWER0030,WEY ABOVE THAMES,-0.4571,51.3786,Thames,THAMES - WEST THAMES,Multiple Values,OPEN,FRESHWATER - RIVERS,2025-02-12T11:06:00,2025,ENVIRONMENTAL MONITORING STATUTORY (EU DIRECTIVES),RIVER / RUNNING SURFACE WATER,9446,"Barium, Dissolved",26,MICROGRAM PER LITRE
https://environment.data.gov.uk/water-quality/sampling-point/TH-PWER0030/sample/1423847/observation/9447,TH-PWER0030,WEY ABOVE THAMES,-0.4571,51.3786,Thames,THAMES - WEST THAMES,Multiple Values,OPEN,FRESHWATER - RIVERS,2025-02-12T11:06:00,2025,ENVIRONMENTAL MONITORING STATUTORY (EU DIRECTIVES),RIVER / RUNNING SURFACE WATER,9447,"Boron, Dissolved",<100,MICROGRAM PER LITRE
https://environment.data.gov.uk/water-quality/sampling-point/TH-PWER0030/sample/1423847/observation/9451,TH-PWER0030,WEY ABOVE THAMES,-0.4571,51.3786,Thames,THAMES - WEST THAMES,Multiple Values,OPEN,FRESHWATER - RIVERS,2025-02-12T11:06:00,2025,ENVIRONMENTAL MONITORING STATUTORY (EU DIRECTIVES),RIVER / RUNNING SURFACE WATER,9451,"2,3-Dimethylphenol :- {2,3-Xylenol}",<0.02,MICROGRAM PER LITRE
https://environment.data.gov.uk/water-quality/sampling-point/TH-PWER0030/sample/1423847/observation/9453,TH-PWER0030,WEY ABOVE THAMES,-0.4571,51.3786,Thames,THAMES - WEST THAMES,Multiple Values,OPEN,FRESHWATER - RIVERS,2025-02-12T11:06:00,2025,ENVIRONMENTAL MONITORING STATUTORY (EU DIRECTIVES),RIVER / RUNNING SURFACE WATER,9453,"2,3-Dichlorophenol",<0.02,MICROGRAM PER LITRE
https://environment.data.gov.uk/water-quality/sampling-point/TH-PWER0030/sample/1423847/observation/9454,TH-PWER0030,WEY ABOVE THAMES,-0.4571,51.3786,Thames,THAMES - WEST THAMES,Multiple Values,OPEN,FRESHWATER - RIVERS,2025-02-12T11:06:00,2025,ENVIRONMENTAL MONITORING STATUTORY (EU DIRECTIVES),RIVER / RUNNING SURFACE WATER,9454,2-Ethyl phenol,<0.02,MICROGRAM PER LITRE
https://environment.data.gov.uk/water-quality/sampling-point/TH-PWER0030/sample/1423847/observation/9456,TH-PWER0030,WEY ABOVE THAMES,-0.4571,51.3786,Thames,THAMES - WEST THAMES,Multiple Values,OPEN,FRESHWATER - RIVERS,2025-02-12T11:06:00,2025,ENVIRONMENTAL MONITORING STATUTORY (EU DIRECTIVES),RIVER / RUNNING SURFACE WATER,9456,"1,2,4-Trimethylbenzene",<0.1,MICROGRAM PER LITRE
https://environment.data.gov.uk/water-quality/sampling-point/TH-PWER0030/sample/1423847/observation/9457,TH-PWER0030,WEY ABOVE THAMES,-0.4571,51.3786,Thames,THAMES - WEST THAMES,Multiple Values,OPEN,FRESHWATER - RIVERS,2025-02-12T11:06:00,2025,ENVIRONMENTAL MONITORING STATUTORY (EU DIRECTIVES),RIVER / RUNNING SURFACE WATER,9457,"1,2,3-Trimethylbenzene",<0.1,MICROGRAM PER LITRE
https://environment.data.gov.uk/water-quality/sampling-point/TH-PWER0030/sample/1423847/observation/9458,TH-PWER0030,WEY ABOVE THAMES,-0.4571,51.3786,Thames,THAMES - WEST THAMES,Multiple Values,OPEN,FRESHWATER - RIVERS,2025-02-12T11:06:00,2025,ENVIRONMENTAL MONITORING STATUTORY (EU DIRECTIVES),RIVER / RUNNING SURFACE WATER,9458,"1,3,5-Trimethylbenzene :- {Mesitylene}",<0.1,MICROGRAM PER LITRE
https://environment.data.gov.uk/water-quality/sampling-point/TH-PWER0030/sample/1423847/observation/9522,TH-PWER0030,WEY ABOVE THAMES,-0.4571,51.3786,Thames,THAMES - WEST THAMES,Multiple Values,OPEN,FRESHWATER - RIVERS,2025-02-12T11:06:00,2025,ENVIRONMENTAL MONITORING STATUTORY (EU DIRECTIVES),RIVER / RUNNING SURFACE WATER,9522,Phenol,0.35,MICROGRAM PER LITRE
https://environment.data.gov.uk/water-quality/sampling-point/TH-PWER0030/sample/1423847/observation/9618,TH-PWER0030,WEY ABOVE THAMES,-0.4571,51.3786,Thames,THAMES - WEST THAMES,Multiple Values,OPEN,FRESHWATER - RIVERS,2025-02-12T11:06:00,2025,ENVIRONMENTAL MONITORING STATUTORY (EU DIRECTIVES),RIVER / RUNNING SURFACE WATER,9618,"1,2-Dichlorobenzene",<0.1,MICROGRAM PER LITRE
https://environment.data.gov.uk/water-quality/sampling-point/TH-PWER0030/sample/1423847/observation/9619,TH-PWER0030,WEY ABOVE THAMES,-0.4571,51.3786,Thames,THAMES - WEST THAMES,Multiple Values,OPEN,FRESHWATER - RIVERS,2025-02-12T11:06:00,2025,ENVIRONMENTAL MONITORING STATUTORY (EU DIRECTIVES),RIVER / RUNNING SURFACE WATER,9619,"1,3-Dichlorobenzene",<0.1,MICROGRAM PER LITRE
https://environment.data.gov.uk/water-quality/sampling-point/TH-PWER0030/sample/1423847/observation/9684,TH-PWER0030,WEY ABOVE THAMES,-0.4571,51.3786,Thames,THAMES - WEST THAMES,Multiple Values,OPEN,FRESHWATER - RIVERS,2025-02-12T11:06:00,2025,ENVIRONMENTAL MONITORING STATUTORY (EU DIRECTIVES),RIVER / RUNNING SURFACE WATER,9684,"1,1-Dichloropropylene :- {1,1-Dichloropropene}",<0.1,MICROGRAM PER LITRE
https://environment.data.gov.uk/water-quality/sampling-point/TH-PWER0030/sample/1423847/observation/9703,TH-PWER0030,WEY ABOVE THAMES,-0.4571,51.3786,Thames,THAMES - WEST THAMES,Multiple Values,OPEN,FRESHWATER - RIVERS,2025-02-12T11:06:00,2025,ENVIRONMENTAL MONITORING STATUTORY (EU DIRECTIVES),RIVER / RUNNING SURFACE WATER,9703,3-Chlorophenol,<0.02,MICROGRAM PER LITRE
https://environment.data.gov.uk/water-quality/sampling-point/TH-PWER0030/sample/1423847/observation/9811,TH-PWER0030,WEY ABOVE THAMES,-0.4571,51.3786,Thames,THAMES - WEST THAMES,Multiple Values,OPEN,FRESHWATER - RIVERS,2025-02-12T11:06:00,2025,ENVIRONMENTAL MONITORING STATUTORY (EU DIRECTIVES),RIVER / RUNNING SURFACE WATER,9811,"1,1,2-Trichloroethane",<0.1,MICROGRAM PER LITRE
https://environment.data.gov.uk/water-quality/sampling-point/TH-PWER0030/sample/1423847/observation/9814,TH-PWER0030,WEY ABOVE THAMES,-0.4571,51.3786,Thames,THAMES - WEST THAMES,Multiple Values,OPEN,FRESHWATER - RIVERS,2025-02-12T11:06:00,2025,ENVIRONMENTAL MONITORING STATUTORY (EU DIRECTIVES),RIVER / RUNNING SURFACE WATER,9814,2-Chlorophenol,<0.02,MICROGRAM PER LITRE
https://environment.data.gov.uk/water-quality/sampling-point/TH-PWER0030/sample/1423847/observation/9815,TH-PWER0030,WEY ABOVE THAMES,-0.4571,51.3786,Thames,THAMES - WEST THAMES,Multiple Values,OPEN,FRESHWATER - RIVERS,2025-02-12T11:06:00,2025,ENVIRONMENTAL MONITORING STATUTORY (EU DIRECTIVES),RIVER / RUNNING SURFACE WATER,9815,4-Chlorophenol,<0.02,MICROGRAM PER LITRE
https://environment.data.gov.uk/water-quality/sampling-point/TH-PWER0030/sample/1423847/observation/9816,TH-PWER0030,WEY ABOVE THAMES,-0.4571,51.3786,Thames,THAMES - WEST THAMES,Multiple Values,OPEN,FRESHWATER - RIVERS,2025-02-12T11:06:00,2025,ENVIRONMENTAL MONITORING STATUTORY (EU DIRECTIVES),RIVER / RUNNING SURFACE WATER,9816,"2,4-Dichlorophenol",<0.02,MICROGRAM PER LITRE
https://environment.data.gov.uk/water-quality/sampling-point/TH-PWER0030/sample/1423847/observation/9817,TH-PWER0030,WEY ABOVE THAMES,-0.4571,51.3786,Thames,THAMES - WEST THAMES,Multiple Values,OPEN,FRESHWATER - RIVERS,2025-02-12T11:06:00,2025,ENVIRONMENTAL MONITORING STATUTORY (EU DIRECTIVES),RIVER / RUNNING SURFACE WATER,9817,"2,6-Dichlorophenol",<0.02,MICROGRAM PER LITRE
https://environment.data.gov.uk/water-quality/sampling-point/TH-PWER0030/sample/1423847/observation/9818,TH-PWER0030,WEY ABOVE THAMES,-0.4571,51.3786,Thames,THAMES - WEST THAMES,Multiple Values,OPEN,FRESHWATER - RIVERS,2025-02-12T11:06:00,2025,ENVIRONMENTAL MONITORING STATUTORY (EU DIRECTIVES),RIVER / RUNNING SURFACE WATER,9818,"2,4,5-Trichlorophenol",<0.02,MICROGRAM PER LITRE
https://environment.data.gov.uk/water-quality/sampling-point/TH-PWER0030/sample/1423847/observation/9819,TH-PWER0030,WEY ABOVE THAMES,-0.4571,51.3786,Thames,THAMES - WEST THAMES,Multiple Values,OPEN,FRESHWATER - RIVERS,2025-02-12T11:06:00,2025,ENVIRONMENTAL MONITORING STATUTORY (EU DIRECTIVES),RIVER / RUNNING SURFACE WATER,9819,"2,4,6-Trichlorophenol",<0.02,MICROGRAM PER LITRE
https://environment.data.gov.uk/water-quality/sampling-point/TH-PWER0030/sample/1423847/observation/9836,TH-PWER0030,WEY ABOVE THAMES,-0.4571,51.3786,Thames,THAMES - WEST THAMES,Multiple Values,OPEN,FRESHWATER - RIVERS,2025-02-12T11:06:00,2025,ENVIRONMENTAL MONITORING STATUTORY (EU DIRECTIVES),RIVER / RUNNING SURFACE WATER,9836,"1,1-Dichloroethylene :- {1,1-Dichloroethene}",<0.1,MICROGRAM PER LITRE
https://environment.data.gov.uk/water-quality/sampling-point/TH-PWER0030/sample/1423847/observation/9839,TH-PWER0030,WEY ABOVE THAMES,-0.4571,51.3786,Thames,THAMES - WEST THAMES,Multiple Values,OPEN,FRESHWATER - RIVERS,2025-02-12T11:06:00,2025,ENVIRONMENTAL MONITORING STATUTORY (EU DIRECTIVES),RIVER / RUNNING SURFACE WATER,9839,tert-Amyl methyl ether :- {TAME},<0.1,MICROGRAM PER LITRE
https://environment.data.gov.uk/water-quality/sampling-point/TH-PWER0030/sample/1423847/observation/9844,TH-PWER0030,WEY ABOVE THAMES,-0.4571,51.3786,Thames,THAMES - WEST THAMES,Multiple Values,OPEN,FRESHWATER - RIVERS,2025-02-12T11:06:00,2025,ENVIRONMENTAL MONITORING STATUTORY (EU DIRECTIVES),RIVER / RUNNING SURFACE WATER,9844,Ethyl tert-butyl ether :- {ETBE},<0.1,MICROGRAM PER LITRE
https://environment.data.gov.uk/water-quality/sampling-point/TH-PWER0030/sample/1423847/observation/9845,TH-PWER0030,WEY ABOVE THAMES,-0.4571,51.3786,Thames,THAMES - WEST THAMES,Multiple Values,OPEN,FRESHWATER - RIVERS,2025-02-12T11:06:00,2025,ENVIRONMENTAL MONITORING STATUTORY (EU DIRECTIVES),RIVER / RUNNING SURFACE WATER,9845,"1,2-Dimethylbenzene :- {o-Xylene}",<0.1,MICROGRAM PER LITRE
https://environment.data.gov.uk/water-quality/sampling-point/TH-PWER0030/sample/1423847/observation/9888,TH-PWER0030,WEY ABOVE THAMES,-0.4571,51.3786,Thames,THAMES - WEST THAMES,Multiple Values,OPEN,FRESHWATER - RIVERS,2025-02-12T11:06:00,2025,ENVIRONMENTAL MONITORING STATUTORY (EU DIRECTIVES),RIVER / RUNNING SURFACE WATER,9888,Styrene :- {Vinylbenzene},<0.1,MICROGRAM PER LITRE
https://environment.data.gov.uk/water-quality/sampling-point/TH-PWER0030/sample/1423847/observation/9901,TH-PWER0030,WEY ABOVE THAMES,-0.4571,51.3786,Thames,THAMES - WEST THAMES,Multiple Values,OPEN,FRESHWATER - RIVERS,2025-02-12T11:06:00,2025,ENVIRONMENTAL MONITORING STATUTORY (EU DIRECTIVES),RIVER / RUNNING SURFACE WATER,9901,"Oxygen, Dissolved, % Saturation",95.8,PERCENTAGE
https://environment.data.gov.uk/water-quality/sampling-point/TH-PWER0030/sample/1423847/observation/9924,TH-PWER0030,WEY ABOVE THAMES,-0.4571,51.3786,Thames,THAMES - WEST THAMES,Multiple Values,OPEN,FRESHWATER - RIVERS,2025-02-12T11:06:00,2025,ENVIRONMENTAL MONITORING STATUTORY (EU DIRECTIVES),RIVER / RUNNING SURFACE WATER,9924,"Oxygen, Dissolved as O2",11.9,MILLIGRAM PER LITRE
https://environment.data.gov.uk/water-quality/sampling-point/TH-PWER0030/sample/1424440/observation/0052,TH-PWER0030,WEY ABOVE THAMES,-0.4571,51.3786,Thames,THAMES - WEST THAMES,Multiple Values,OPEN,FRESHWATER - RIVERS,2025-02-26T16:15:00,2025,ENVIRONMENTAL MONITORING STATUTORY (EU DIRECTIVES),RIVER / RUNNING SURFACE WATER,52,"Lead, Dissolved",0.33,MICROGRAM PER LITRE
https://environment.data.gov.uk/water-quality/sampling-point/TH-PWER0030/sample/1424440/observation/0061,TH-PWER0030,WEY ABOVE THAMES,-0.4571,51.3786,Thames,THAMES - WEST THAMES,Multiple Values,OPEN,FRESHWATER - RIVERS,2025-02-26T16:15:00,2025,ENVIRONMENTAL MONITORING STATUTORY (EU DIRECTIVES),RIVER / RUNNING SURFACE WATER,61,pH,7.66,PH UNITS
https://environment.data.gov.uk/water-quality/sampling-point/TH-PWER0030/sample/1424440/observation/0076,TH-PWER0030,WEY ABOVE THAMES,-0.4571,51.3786,Thames,THAMES - WEST THAMES,Multiple Values,OPEN,FRESHWATER - RIVERS,2025-02-26T16:15:00,2025,ENVIRONMENTAL MONITORING STATUTORY (EU DIRECTIVES),RIVER / RUNNING SURFACE WATER,76,Temperature of Water,8.4,CELSIUS
https://environment.data.gov.uk/water-quality/sampling-point/TH-PWER0030/sample/1424440/observation/0077,TH-PWER0030,WEY ABOVE THAMES,-0.4571,51.3786,Thames,THAMES - WEST THAMES,Multiple Values,OPEN,FRESHWATER - RIVERS,2025-02-26T16:15:00,2025,ENVIRONMENTAL MONITORING STATUTORY (EU DIRECTIVES),RIVER / RUNNING SURFACE WATER,77,Conductivity at 25 C,298,MICROSIEMENS PER CENTIMETRE
https://environment.data.gov.uk/water-quality/sampling-point/TH-PWER0030/sample/1424440/observation/0085,TH-PWER0030,WEY ABOVE THAMES,-0.4571,51.3786,Thames,THAMES - WEST THAMES,Multiple Values,OPEN,FRESHWATER - RIVERS,2025-02-26T16:15:00,2025,ENVIRONMENTAL MONITORING STATUTORY (EU DIRECTIVES),RIVER / RUNNING SURFACE WATER,85,BOD : 5 Day ATU,2.2,MILLIGRAM PER LITRE
https://environment.data.gov.uk/water-quality/sampling-point/TH-PWER0030/sample/1424440/observation/0103,TH-PWER0030,WEY ABOVE THAMES,-0.4571,51.3786,Thames,THAMES - WEST THAMES,Multiple Values,OPEN,FRESHWATER - RIVERS,2025-02-26T16:15:00,2025,ENVIRONMENTAL MONITORING STATUTORY (EU DIRECTIVES),RIVER / RUNNING SURFACE WATER,103,"Mercury, Dissolved",<0.01,MICROGRAM PER LITRE
https://environment.data.gov.uk/water-quality/sampling-point/TH-PWER0030/sample/1424440/observation/0106,TH-PWER0030,WEY ABOVE THAMES,-0.4571,51.3786,Thames,THAMES - WEST THAMES,Multiple Values,OPEN,FRESHWATER - RIVERS,2025-02-26T16:15:00,2025,ENVIRONMENTAL MONITORING STATUTORY (EU DIRECTIVES),RIVER / RUNNING SURFACE WATER,106,"Cadmium, Dissolved",0.01,MICROGRAM PER LITRE
https://environment.data.gov.uk/water-quality/sampling-point/TH-PWER0030/sample/1424440/observation/0111,TH-PWER0030,WEY ABOVE THAMES,-0.4571,51.3786,Thames,THAMES - WEST THAMES,Multiple Values,OPEN,FRESHWATER - RIVERS,2025-02-26T16:15:00,2025,ENVIRONMENTAL MONITORING STATUTORY (EU DIRECTIVES),RIVER / RUNNING SURFACE WATER,111,Ammoniacal Nitrogen as N,0.11,MILLIGRAM PER LITRE
https://environment.data.gov.uk/water-quality/sampling-point/TH-PWER0030/sample/1424440/observation/0116,TH-PWER0030,WEY ABOVE THAMES,-0.4571,51.3786,Thames,THAMES - WEST THAMES,Multiple Values,OPEN,FRESHWATER - RIVERS,2025-02-26T16:15:00,2025,ENVIRONMENTAL MONITORING STATUTORY (EU DIRECTIVES),RIVER / RUNNING SURFACE WATER,116,"Nitrogen, Total Oxidised as N",2.7,MILLIGRAM PER LITRE
https://environment.data.gov.uk/water-quality/sampling-point/TH-PWER0030/sample/1424440/observation/0117,TH-PWER0030,WEY ABOVE THAMES,-0.4571,51.3786,Thames,THAMES - WEST THAMES,Multiple Values,OPEN,FRESHWATER - RIVERS,2025-02-26T16:15:00,2025,ENVIRONMENTAL MONITORING STATUTORY (EU DIRECTIVES),RIVER / RUNNING SURFACE WATER,117,Nitrate as N,2.67,MILLIGRAM PER LITRE
https://environment.data.gov.uk/water-quality/sampling-point/TH-PWER0030/sample/1424440/observation/0118,TH-PWER0030,WEY ABOVE THAMES,-0.4571,51.3786,Thames,THAMES - WEST THAMES,Multiple Values,OPEN,FRESHWATER - RIVERS,2025-02-26T16:15:00,2025,ENVIRONMENTAL MONITORING STATUTORY (EU DIRECTIVES),RIVER / RUNNING SURFACE WATER,118,Nitrite as N,0.026,MILLIGRAM PER LITRE
https://environment.data.gov.uk/water-quality/sampling-point/TH-PWER0030/sample/1424440/observation/0119,TH-PWER0030,WEY ABOVE THAMES,-0.4571,51.3786,Thames,THAMES - WEST THAMES,Multiple Values,OPEN,FRESHWATER - RIVERS,2025-02-26T16:15:00,2025,ENVIRONMENTAL MONITORING STATUTORY (EU DIRECTIVES),RIVER / RUNNING SURFACE WATER,119,Ammonia un-ionised as N,0.00082,MILLIGRAM PER LITRE
https://environment.data.gov.uk/water-quality/sampling-point/TH-PWER0030/sample/1424440/observation/0162,TH-PWER0030,WEY ABOVE THAMES,-0.4571,51.3786,Thames,THAMES - WEST THAMES,Multiple Values,OPEN,FRESHWATER - RIVERS,2025-02-26T16:15:00,2025,ENVIRONMENTAL MONITORING STATUTORY (EU DIRECTIVES),RIVER / RUNNING SURFACE WATER,162,Alkalinity to pH 4.5 as CaCO3,84,MILLIGRAM PER LITRE
https://environment.data.gov.uk/water-quality/sampling-point/TH-PWER0030/sample/1424440/observation/0174,TH-PWER0030,WEY ABOVE THAMES,-0.4571,51.3786,Thames,THAMES - WEST THAMES,Multiple Values,OPEN,FRESHWATER - RIVERS,2025-02-26T16:15:00,2025,ENVIRONMENTAL MONITORING STATUTORY (EU DIRECTIVES),RIVER / RUNNING SURFACE WATER,174,Cyanide : Free as CN,<0.005,MILLIGRAM PER LITRE
https://environment.data.gov.uk/water-quality/sampling-point/TH-PWER0030/sample/1424440/observation/0180,TH-PWER0030,WEY ABOVE THAMES,-0.4571,51.3786,Thames,THAMES - WEST THAMES,Multiple Values,OPEN,FRESHWATER - RIVERS,2025-02-26T16:15:00,2025,ENVIRONMENTAL MONITORING STATUTORY (EU DIRECTIVES),RIVER / RUNNING SURFACE WATER,180,"Orthophosphate, reactive as P",0.15,MILLIGRAM PER LITRE
https://environment.data.gov.uk/water-quality/sampling-point/TH-PWER0030/sample/1424440/observation/0205,TH-PWER0030,WEY ABOVE THAMES,-0.4571,51.3786,Thames,THAMES - WEST THAMES,Multiple Values,OPEN,FRESHWATER - RIVERS,2025-02-26T16:15:00,2025,ENVIRONMENTAL MONITORING STATUTORY (EU DIRECTIVES),RIVER / RUNNING SURFACE WATER,205,"Sodium, Dissolved",15,MILLIGRAM PER LITRE
https://environment.data.gov.uk/water-quality/sampling-point/TH-PWER0030/sample/1424440/observation/0209,TH-PWER0030,WEY ABOVE THAMES,-0.4571,51.3786,Thames,THAMES - WEST THAMES,Multiple Values,OPEN,FRESHWATER - RIVERS,2025-02-26T16:15:00,2025,ENVIRONMENTAL MONITORING STATUTORY (EU DIRECTIVES),RIVER / RUNNING SURFACE WATER,209,"Potassium, Dissolved",3.7,MILLIGRAM PER LITRE
https://environment.data.gov.uk/water-quality/sampling-point/TH-PWER0030/sample/1424440/observation/0235,TH-PWER0030,WEY ABOVE THAMES,-0.4571,51.3786,Thames,THAMES - WEST THAMES,Multiple Values,OPEN,FRESHWATER - RIVERS,2025-02-26T16:15:00,2025,ENVIRONMENTAL MONITORING STATUTORY (EU DIRECTIVES),RIVER / RUNNING SURFACE WATER,235,"Magnesium, Dissolved",3,MILLIGRAM PER LITRE
https://environment.data.gov.uk/water-quality/sampling-point/TH-PWER0030/sample/1424440/observation/0239,TH-PWER0030,WEY ABOVE THAMES,-0.4571,51.3786,Thames,THAMES - WEST THAMES,Multiple Values,OPEN,FRESHWATER - RIVERS,2025-02-26T16:15:00,2025,ENVIRONMENTAL MONITORING STATUTORY (EU DIRECTIVES),RIVER / RUNNING SURFACE WATER,239,"Calcium, Dissolved",41,MILLIGRAM PER LITRE
https://environment.data.gov.uk/water-quality/sampling-point/TH-PWER0030/sample/1424440/observation/0301,TH-PWER0030,WEY ABOVE THAMES,-0.4571,51.3786,Thames,THAMES - WEST THAMES,Multiple Values,OPEN,FRESHWATER - RIVERS,2025-02-26T16:15:00,2025,ENVIRONMENTAL MONITORING STATUTORY (EU DIRECTIVES),RIVER / RUNNING SURFACE WATER,301,"Carbon, Organic, Dissolved as C :- {DOC}",8.5,MILLIGRAM PER LITRE
https://environment.data.gov.uk/water-quality/sampling-point/TH-PWER0030/sample/1424440/observation/0714,TH-PWER0030,WEY ABOVE THAMES,-0.4571,51.3786,Thames,THAMES - WEST THAMES,Multiple Values,OPEN,FRESHWATER - RIVERS,2025-02-26T16:15:00,2025,ENVIRONMENTAL MONITORING STATUTORY (EU DIRECTIVES),RIVER / RUNNING SURFACE WATER,714,"Benzo(g,h,i)Perylene",0.014,MICROGRAM PER LITRE
https://environment.data.gov.uk/water-quality/sampling-point/TH-PWER0030/sample/1424440/observation/0731,TH-PWER0030,WEY ABOVE THAMES,-0.4571,51.3786,Thames,THAMES - WEST THAMES,Multiple Values,OPEN,FRESHWATER - RIVERS,2025-02-26T16:15:00,2025,ENVIRONMENTAL MONITORING STATUTORY (EU DIRECTIVES),RIVER / RUNNING SURFACE WATER,731,Benzo(b)Fluoranthene,0.0086,MICROGRAM PER LITRE
https://environment.data.gov.uk/water-quality/sampling-point/TH-PWER0030/sample/1424440/observation/0733,TH-PWER0030,WEY ABOVE THAMES,-0.4571,51.3786,Thames,THAMES - WEST THAMES,Multiple Values,OPEN,FRESHWATER - RIVERS,2025-02-26T16:15:00,2025,ENVIRONMENTAL MONITORING STATUTORY (EU DIRECTIVES),RIVER / RUNNING SURFACE WATER,733,Benzo(k)Fluoranthene,0.0045,MICROGRAM PER LITRE
https://environment.data.gov.uk/water-quality/sampling-point/TH-PWER0030/sample/1424440/observation/0736,TH-PWER0030,WEY ABOVE THAMES,-0.4571,51.3786,Thames,THAMES - WEST THAMES,Multiple Values,OPEN,FRESHWATER - RIVERS,2025-02-26T16:15:00,2025,ENVIRONMENTAL MONITORING STATUTORY (EU DIRECTIVES),RIVER / RUNNING SURFACE WATER,736,Fluoranthene,0.0095,MICROGRAM PER LITRE
https://environment.data.gov.uk/water-quality/sampling-point/TH-PWER0030/sample/1424440/observation/0746,TH-PWER0030,WEY ABOVE THAMES,-0.4571,51.3786,Thames,THAMES - WEST THAMES,Multiple Values,OPEN,FRESHWATER - RIVERS,2025-02-26T16:15:00,2025,ENVIRONMENTAL MONITORING STATUTORY (EU DIRECTIVES),RIVER / RUNNING SURFACE WATER,746,"Indeno(1,2,3-cd)pyrene",0.012,MICROGRAM PER LITRE
https://environment.data.gov.uk/water-quality/sampling-point/TH-PWER0030/sample/1424440/observation/0772,TH-PWER0030,WEY ABOVE THAMES,-0.4571,51.3786,Thames,THAMES - WEST THAMES,Multiple Values,OPEN,FRESHWATER - RIVERS,2025-02-26T16:15:00,2025,ENVIRONMENTAL MONITORING STATUTORY (EU DIRECTIVES),RIVER / RUNNING SURFACE WATER,772,Benzo(a)Anthracene,0.024,MICROGRAM PER LITRE
https://environment.data.gov.uk/water-quality/sampling-point/TH-PWER0030/sample/1424440/observation/1049,TH-PWER0030,WEY ABOVE THAMES,-0.4571,51.3786,Thames,THAMES - WEST THAMES,Multiple Values,OPEN,FRESHWATER - RIVERS,2025-02-26T16:15:00,2025,ENVIRONMENTAL MONITORING STATUTORY (EU DIRECTIVES),RIVER / RUNNING SURFACE WATER,1049,Carbon tetrachloride :- {Tetrachloromethane},<0.1,MICROGRAM PER LITRE
https://environment.data.gov.uk/water-quality/sampling-point/TH-PWER0030/sample/1424440/observation/1085,TH-PWER0030,WEY ABOVE THAMES,-0.4571,51.3786,Thames,THAMES - WEST THAMES,Multiple Values,OPEN,FRESHWATER - RIVERS,2025-02-26T16:15:00,2025,ENVIRONMENTAL MONITORING STATUTORY (EU DIRECTIVES),RIVER / RUNNING SURFACE WATER,1085,Pentachlorophenol,<0.02,MICROGRAM PER LITRE
https://environment.data.gov.uk/water-quality/sampling-point/TH-PWER0030/sample/1424440/observation/3004,TH-PWER0030,WEY ABOVE THAMES,-0.4571,51.3786,Thames,THAMES - WEST THAMES,Multiple Values,OPEN,FRESHWATER - RIVERS,2025-02-26T16:15:00,2025,ENVIRONMENTAL MONITORING STATUTORY (EU DIRECTIVES),RIVER / RUNNING SURFACE WATER,3004,Asulam,<0.02,MICROGRAM PER LITRE
https://environment.data.gov.uk/water-quality/sampling-point/TH-PWER0030/sample/1424440/observation/3007,TH-PWER0030,WEY ABOVE THAMES,-0.4571,51.3786,Thames,THAMES - WEST THAMES,Multiple Values,OPEN,FRESHWATER - RIVERS,2025-02-26T16:15:00,2025,ENVIRONMENTAL MONITORING STATUTORY (EU DIRECTIVES),RIVER / RUNNING SURFACE WATER,3007,Glyphosate,<0.1,MICROGRAM PER LITRE
https://environment.data.gov.uk/water-quality/sampling-point/TH-PWER0030/sample/1424440/observation/3086,TH-PWER0030,WEY ABOVE THAMES,-0.4571,51.3786,Thames,THAMES - WEST THAMES,Multiple Values,OPEN,FRESHWATER - RIVERS,2025-02-26T16:15:00,2025,ENVIRONMENTAL MONITORING STATUTORY (EU DIRECTIVES),RIVER / RUNNING SURFACE WATER,3086,Carbofuran,<0.005,MICROGRAM PER LITRE
https://environment.data.gov.uk/water-quality/sampling-point/TH-PWER0030/sample/1424440/observation/3117,TH-PWER0030,WEY ABOVE THAMES,-0.4571,51.3786,Thames,THAMES - WEST THAMES,Multiple Values,OPEN,FRESHWATER - RIVERS,2025-02-26T16:15:00,2025,ENVIRONMENTAL MONITORING STATUTORY (EU DIRECTIVES),RIVER / RUNNING SURFACE WATER,3117,Isoproturon,<0.01,MICROGRAM PER LITRE
https://environment.data.gov.uk/water-quality/sampling-point/TH-PWER0030/sample/1424440/observation/3118,TH-PWER0030,WEY ABOVE THAMES,-0.4571,51.3786,Thames,THAMES - WEST THAMES,Multiple Values,OPEN,FRESHWATER - RIVERS,2025-02-26T16:15:00,2025,ENVIRONMENTAL MONITORING STATUTORY (EU DIRECTIVES),RIVER / RUNNING SURFACE WATER,3118,Linuron,<0.01,MICROGRAM PER LITRE
https://environment.data.gov.uk/water-quality/sampling-point/TH-PWER0030/sample/1424440/observation/3130,TH-PWER0030,WEY ABOVE THAMES,-0.4571,51.3786,Thames,THAMES - WEST THAMES,Multiple Values,OPEN,FRESHWATER - RIVERS,2025-02-26T16:15:00,2025,ENVIRONMENTAL MONITORING STATUTORY (EU DIRECTIVES),RIVER / RUNNING SURFACE WATER,3130,Metoxuron,<0.01,MICROGRAM PER LITRE
https://environment.data.gov.uk/water-quality/sampling-point/TH-PWER0030/sample/1424440/observation/3268,TH-PWER0030,WEY ABOVE THAMES,-0.4571,51.3786,Thames,THAMES - WEST THAMES,Multiple Values,OPEN,FRESHWATER - RIVERS,2025-02-26T16:15:00,2025,ENVIRONMENTAL MONITORING STATUTORY (EU DIRECTIVES),RIVER / RUNNING SURFACE WATER,3268,"1,1,1-Trichloroethane",<0.1,MICROGRAM PER LITRE
https://environment.data.gov.uk/water-quality/sampling-point/TH-PWER0030/sample/1424440/observation/3269,TH-PWER0030,WEY ABOVE THAMES,-0.4571,51.3786,Thames,THAMES - WEST THAMES,Multiple Values,OPEN,FRESHWATER - RIVERS,2025-02-26T16:15:00,2025,ENVIRONMENTAL MONITORING STATUTORY (EU DIRECTIVES),RIVER / RUNNING SURFACE WATER,3269,"1,1-Dichloroethane",<0.1,MICROGRAM PER LITRE
https://environment.data.gov.uk/water-quality/sampling-point/TH-PWER0030/sample/1424440/observation/3272,TH-PWER0030,WEY ABOVE THAMES,-0.4571,51.3786,Thames,THAMES - WEST THAMES,Multiple Values,OPEN,FRESHWATER - RIVERS,2025-02-26T16:15:00,2025,ENVIRONMENTAL MONITORING STATUTORY (EU DIRECTIVES),RIVER / RUNNING SURFACE WATER,3272,"1,2-Dichloroethane",<0.1,MICROGRAM PER LITRE
https://environment.data.gov.uk/water-quality/sampling-point/TH-PWER0030/sample/1424440/observation/3282,TH-PWER0030,WEY ABOVE THAMES,-0.4571,51.3786,Thames,THAMES - WEST THAMES,Multiple Values,OPEN,FRESHWATER - RIVERS,2025-02-26T16:15:00,2025,ENVIRONMENTAL MONITORING STATUTORY (EU DIRECTIVES),RIVER / RUNNING SURFACE WATER,3282,Bromodichloromethane,<0.1,MICROGRAM PER LITRE
https://environment.data.gov.uk/water-quality/sampling-point/TH-PWER0030/sample/1424440/observation/3283,TH-PWER0030,WEY ABOVE THAMES,-0.4571,51.3786,Thames,THAMES - WEST THAMES,Multiple Values,OPEN,FRESHWATER - RIVERS,2025-02-26T16:15:00,2025,ENVIRONMENTAL MONITORING STATUTORY (EU DIRECTIVES),RIVER / RUNNING SURFACE WATER,3283,Bromoform :- {Tribromomethane},<0.1,MICROGRAM PER LITRE
https://environment.data.gov.uk/water-quality/sampling-point/TH-PWER0030/sample/1424440/observation/3290,TH-PWER0030,WEY ABOVE THAMES,-0.4571,51.3786,Thames,THAMES - WEST THAMES,Multiple Values,OPEN,FRESHWATER - RIVERS,2025-02-26T16:15:00,2025,ENVIRONMENTAL MONITORING STATUTORY (EU DIRECTIVES),RIVER / RUNNING SURFACE WATER,3290,Chlorobenzene,<0.1,MICROGRAM PER LITRE
https://environment.data.gov.uk/water-quality/sampling-point/TH-PWER0030/sample/1424440/observation/3292,TH-PWER0030,WEY ABOVE THAMES,-0.4571,51.3786,Thames,THAMES - WEST THAMES,Multiple Values,OPEN,FRESHWATER - RIVERS,2025-02-26T16:15:00,2025,ENVIRONMENTAL MONITORING STATUTORY (EU DIRECTIVES),RIVER / RUNNING SURFACE WATER,3292,Chlorodibromomethane,<0.1,MICROGRAM PER LITRE
https://environment.data.gov.uk/water-quality/sampling-point/TH-PWER0030/sample/1424440/observation/3299,TH-PWER0030,WEY ABOVE THAMES,-0.4571,51.3786,Thames,THAMES - WEST THAMES,Multiple Values,OPEN,FRESHWATER - RIVERS,2025-02-26T16:15:00,2025,ENVIRONMENTAL MONITORING STATUTORY (EU DIRECTIVES),RIVER / RUNNING SURFACE WATER,3299,Dichloromethane :- {Methylene Dichloride},<0.5,MICROGRAM PER LITRE
https://environment.data.gov.uk/water-quality/sampling-point/TH-PWER0030/sample/1424440/observation/3328,TH-PWER0030,WEY ABOVE THAMES,-0.4571,51.3786,Thames,THAMES - WEST THAMES,Multiple Values,OPEN,FRESHWATER - RIVERS,2025-02-26T16:15:00,2025,ENVIRONMENTAL MONITORING STATUTORY (EU DIRECTIVES),RIVER / RUNNING SURFACE WATER,3328,Tetrachloroethylene :- {Perchloroethylene},<0.1,MICROGRAM PER LITRE
https://environment.data.gov.uk/water-quality/sampling-point/TH-PWER0030/sample/1424440/observation/3334,TH-PWER0030,WEY ABOVE THAMES,-0.4571,51.3786,Thames,THAMES - WEST THAMES,Multiple Values,OPEN,FRESHWATER - RIVERS,2025-02-26T16:15:00,2025,ENVIRONMENTAL MONITORING STATUTORY (EU DIRECTIVES),RIVER / RUNNING SURFACE WATER,3334,Trichloroethylene :- {Trichloroethene},<0.1,MICROGRAM PER LITRE
https://environment.data.gov.uk/water-quality/sampling-point/TH-PWER0030/sample/1424440/observation/3341,TH-PWER0030,WEY ABOVE THAMES,-0.4571,51.3786,Thames,THAMES - WEST THAMES,Multiple Values,OPEN,FRESHWATER - RIVERS,2025-02-26T16:15:00,2025,ENVIRONMENTAL MONITORING STATUTORY (EU DIRECTIVES),RIVER / RUNNING SURFACE WATER,3341,4-Chloro-2-methylphenol :- {p-Chloro-o-cresol},<0.02,MICROGRAM PER LITRE
https://environment.data.gov.uk/water-quality/sampling-point/TH-PWER0030/sample/1424440/observation/3342,TH-PWER0030,WEY ABOVE THAMES,-0.4571,51.3786,Thames,THAMES - WEST THAMES,Multiple Values,OPEN,FRESHWATER - RIVERS,2025-02-26T16:15:00,2025,ENVIRONMENTAL MONITORING STATUTORY (EU DIRECTIVES),RIVER / RUNNING SURFACE WATER,3342,4-Chloro-3-methylphenol :- {p-Chloro-m-cresol},<0.02,MICROGRAM PER LITRE
https://environment.data.gov.uk/water-quality/sampling-point/TH-PWER0030/sample/1424440/observation/3343,TH-PWER0030,WEY ABOVE THAMES,-0.4571,51.3786,Thames,THAMES - WEST THAMES,Multiple Values,OPEN,FRESHWATER - RIVERS,2025-02-26T16:15:00,2025,ENVIRONMENTAL MONITORING STATUTORY (EU DIRECTIVES),RIVER / RUNNING SURFACE WATER,3343,"2,4-Dimethylphenol :- {2,4-Xylenol}",<0.02,MICROGRAM PER LITRE
https://environment.data.gov.uk/water-quality/sampling-point/TH-PWER0030/sample/1424440/observation/3373,TH-PWER0030,WEY ABOVE THAMES,-0.4571,51.3786,Thames,THAMES - WEST THAMES,Multiple Values,OPEN,FRESHWATER - RIVERS,2025-02-26T16:15:00,2025,ENVIRONMENTAL MONITORING STATUTORY (EU DIRECTIVES),RIVER / RUNNING SURFACE WATER,3373,Chloroform :- {Trichloromethane},<0.1,MICROGRAM PER LITRE
https://environment.data.gov.uk/water-quality/sampling-point/TH-PWER0030/sample/1424440/observation/3377,TH-PWER0030,WEY ABOVE THAMES,-0.4571,51.3786,Thames,THAMES - WEST THAMES,Multiple Values,OPEN,FRESHWATER - RIVERS,2025-02-26T16:15:00,2025,ENVIRONMENTAL MONITORING STATUTORY (EU DIRECTIVES),RIVER / RUNNING SURFACE WATER,3377,Lead : BLM Bioavailable,0.04,MICROGRAM PER LITRE
https://environment.data.gov.uk/water-quality/sampling-point/TH-PWER0030/sample/1424440/observation/3399,TH-PWER0030,WEY ABOVE THAMES,-0.4571,51.3786,Thames,THAMES - WEST THAMES,Multiple Values,OPEN,FRESHWATER - RIVERS,2025-02-26T16:15:00,2025,ENVIRONMENTAL MONITORING STATUTORY (EU DIRECTIVES),RIVER / RUNNING SURFACE WATER,3399,Chloroxuron,<0.01,MICROGRAM PER LITRE
https://environment.data.gov.uk/water-quality/sampling-point/TH-PWER0030/sample/1424440/observation/3400,TH-PWER0030,WEY ABOVE THAMES,-0.4571,51.3786,Thames,THAMES - WEST THAMES,Multiple Values,OPEN,FRESHWATER - RIVERS,2025-02-26T16:15:00,2025,ENVIRONMENTAL MONITORING STATUTORY (EU DIRECTIVES),RIVER / RUNNING SURFACE WATER,3400,Monuron,<0.01,MICROGRAM PER LITRE
https://environment.data.gov.uk/water-quality/sampling-point/TH-PWER0030/sample/1424440/observation/3408,TH-PWER0030,WEY ABOVE THAMES,-0.4571,51.3786,Thames,THAMES - WEST THAMES,Multiple Values,OPEN,FRESHWATER - RIVERS,2025-02-26T16:15:00,2025,ENVIRONMENTAL MONITORING STATUTORY (EU DIRECTIVES),RIVER / RUNNING SURFACE WATER,3408,"Zinc, Dissolved",5.6,MICROGRAM PER LITRE
https://environment.data.gov.uk/water-quality/sampling-point/TH-PWER0030/sample/1424440/observation/3409,TH-PWER0030,WEY ABOVE THAMES,-0.4571,51.3786,Thames,THAMES - WEST THAMES,Multiple Values,OPEN,FRESHWATER - RIVERS,2025-02-26T16:15:00,2025,ENVIRONMENTAL MONITORING STATUTORY (EU DIRECTIVES),RIVER / RUNNING SURFACE WATER,3409,"Chromium, Dissolved",<0.5,MICROGRAM PER LITRE
https://environment.data.gov.uk/water-quality/sampling-point/TH-PWER0030/sample/1424440/observation/3410,TH-PWER0030,WEY ABOVE THAMES,-0.4571,51.3786,Thames,THAMES - WEST THAMES,Multiple Values,OPEN,FRESHWATER - RIVERS,2025-02-26T16:15:00,2025,ENVIRONMENTAL MONITORING STATUTORY (EU DIRECTIVES),RIVER / RUNNING SURFACE WATER,3410,"Nickel, Dissolved",3,MICROGRAM PER LITRE
https://environment.data.gov.uk/water-quality/sampling-point/TH-PWER0030/sample/1424440/observation/3475,TH-PWER0030,WEY ABOVE THAMES,-0.4571,51.3786,Thames,THAMES - WEST THAMES,Multiple Values,OPEN,FRESHWATER - RIVERS,2025-02-26T16:15:00,2025,ENVIRONMENTAL MONITORING STATUTORY (EU DIRECTIVES),RIVER / RUNNING SURFACE WATER,3475,Carbendazim,<0.01,MICROGRAM PER LITRE
https://environment.data.gov.uk/water-quality/sampling-point/TH-PWER0030/sample/1424440/observation/3545,TH-PWER0030,WEY ABOVE THAMES,-0.4571,51.3786,Thames,THAMES - WEST THAMES,Multiple Values,OPEN,FRESHWATER - RIVERS,2025-02-26T16:15:00,2025,ENVIRONMENTAL MONITORING STATUTORY (EU DIRECTIVES),RIVER / RUNNING SURFACE WATER,3545,"2,4-D :- {2,4-Dichlorophenoxyacetic acid}",<0.005,MICROGRAM PER LITRE
https://environment.data.gov.uk/water-quality/sampling-point/TH-PWER0030/sample/1424440/observation/3546,TH-PWER0030,WEY ABOVE THAMES,-0.4571,51.3786,Thames,THAMES - WEST THAMES,Multiple Values,OPEN,FRESHWATER - RIVERS,2025-02-26T16:15:00,2025,ENVIRONMENTAL MONITORING STATUTORY (EU DIRECTIVES),RIVER / RUNNING SURFACE WATER,3546,"2,4,5-T :- {2,4,5-Trichlorophenoxyacetic acid}",<0.005,MICROGRAM PER LITRE
https://environment.data.gov.uk/water-quality/sampling-point/TH-PWER0030/sample/1424440/observation/3547,TH-PWER0030,WEY ABOVE THAMES,-0.4571,51.3786,Thames,THAMES - WEST THAMES,Multiple Values,OPEN,FRESHWATER - RIVERS,2025-02-26T16:15:00,2025,ENVIRONMENTAL MONITORING STATUTORY (EU DIRECTIVES),RIVER / RUNNING SURFACE WATER,3547,4-Chlorophenoxyacetic acid,<0.005,MICROGRAM PER LITRE
https://environment.data.gov.uk/water-quality/sampling-point/TH-PWER0030/sample/1424440/observation/3548,TH-PWER0030,WEY ABOVE THAMES,-0.4571,51.3786,Thames,THAMES - WEST THAMES,Multiple Values,OPEN,FRESHWATER - RIVERS,2025-02-26T16:15:00,2025,ENVIRONMENTAL MONITORING STATUTORY (EU DIRECTIVES),RIVER / RUNNING SURFACE WATER,3548,MCPA :- {4-Chloro-2-methylphenoxyacetic acid} ,<0.005,MICROGRAM PER LITRE
https://environment.data.gov.uk/water-quality/sampling-point/TH-PWER0030/sample/1424440/observation/3549,TH-PWER0030,WEY ABOVE THAMES,-0.4571,51.3786,Thames,THAMES - WEST THAMES,Multiple Values,OPEN,FRESHWATER - RIVERS,2025-02-26T16:15:00,2025,ENVIRONMENTAL MONITORING STATUTORY (EU DIRECTIVES),RIVER / RUNNING SURFACE WATER,3549,Mecoprop,0.0051,MICROGRAM PER LITRE
https://environment.data.gov.uk/water-quality/sampling-point/TH-PWER0030/sample/1424440/observation/3550,TH-PWER0030,WEY ABOVE THAMES,-0.4571,51.3786,Thames,THAMES - WEST THAMES,Multiple Values,OPEN,FRESHWATER - RIVERS,2025-02-26T16:15:00,2025,ENVIRONMENTAL MONITORING STATUTORY (EU DIRECTIVES),RIVER / RUNNING SURFACE WATER,3550,Dicamba,<0.01,MICROGRAM PER LITRE
https://environment.data.gov.uk/water-quality/sampling-point/TH-PWER0030/sample/1424440/observation/3551,TH-PWER0030,WEY ABOVE THAMES,-0.4571,51.3786,Thames,THAMES - WEST THAMES,Multiple Values,OPEN,FRESHWATER - RIVERS,2025-02-26T16:15:00,2025,ENVIRONMENTAL MONITORING STATUTORY (EU DIRECTIVES),RIVER / RUNNING SURFACE WATER,3551,"Dichlorprop :- {2,4-DP}",<0.005,MICROGRAM PER LITRE
https://environment.data.gov.uk/water-quality/sampling-point/TH-PWER0030/sample/1424440/observation/3552,TH-PWER0030,WEY ABOVE THAMES,-0.4571,51.3786,Thames,THAMES - WEST THAMES,Multiple Values,OPEN,FRESHWATER - RIVERS,2025-02-26T16:15:00,2025,ENVIRONMENTAL MONITORING STATUTORY (EU DIRECTIVES),RIVER / RUNNING SURFACE WATER,3552,Fenoprop,<0.005,MICROGRAM PER LITRE
https://environment.data.gov.uk/water-quality/sampling-point/TH-PWER0030/sample/1424440/observation/3555,TH-PWER0030,WEY ABOVE THAMES,-0.4571,51.3786,Thames,THAMES - WEST THAMES,Multiple Values,OPEN,FRESHWATER - RIVERS,2025-02-26T16:15:00,2025,ENVIRONMENTAL MONITORING STATUTORY (EU DIRECTIVES),RIVER / RUNNING SURFACE WATER,3555,Triclopyr,<0.005,MICROGRAM PER LITRE
https://environment.data.gov.uk/water-quality/sampling-point/TH-PWER0030/sample/1424440/observation/3781,TH-PWER0030,WEY ABOVE THAMES,-0.4571,51.3786,Thames,THAMES - WEST THAMES,Multiple Values,OPEN,FRESHWATER - RIVERS,2025-02-26T16:15:00,2025,ENVIRONMENTAL MONITORING STATUTORY (EU DIRECTIVES),RIVER / RUNNING SURFACE WATER,3781,Benzene,<0.1,MICROGRAM PER LITRE
https://environment.data.gov.uk/water-quality/sampling-point/TH-PWER0030/sample/1424440/observation/3783,TH-PWER0030,WEY ABOVE THAMES,-0.4571,51.3786,Thames,THAMES - WEST THAMES,Multiple Values,OPEN,FRESHWATER - RIVERS,2025-02-26T16:15:00,2025,ENVIRONMENTAL MONITORING STATUTORY (EU DIRECTIVES),RIVER / RUNNING SURFACE WATER,3783,Dibromomethane,<0.1,MICROGRAM PER LITRE
https://environment.data.gov.uk/water-quality/sampling-point/TH-PWER0030/sample/1424440/observation/3784,TH-PWER0030,WEY ABOVE THAMES,-0.4571,51.3786,Thames,THAMES - WEST THAMES,Multiple Values,OPEN,FRESHWATER - RIVERS,2025-02-26T16:15:00,2025,ENVIRONMENTAL MONITORING STATUTORY (EU DIRECTIVES),RIVER / RUNNING SURFACE WATER,3784,Toluene :- {Methylbenzene},<0.1,MICROGRAM PER LITRE
https://environment.data.gov.uk/water-quality/sampling-point/TH-PWER0030/sample/1424440/observation/3790,TH-PWER0030,WEY ABOVE THAMES,-0.4571,51.3786,Thames,THAMES - WEST THAMES,Multiple Values,OPEN,FRESHWATER - RIVERS,2025-02-26T16:15:00,2025,ENVIRONMENTAL MONITORING STATUTORY (EU DIRECTIVES),RIVER / RUNNING SURFACE WATER,3790,MCPB :- {4-Chloro-2-methylphenoxybutyric acid},<0.005,MICROGRAM PER LITRE
https://environment.data.gov.uk/water-quality/sampling-point/TH-PWER0030/sample/1424440/observation/3791,TH-PWER0030,WEY ABOVE THAMES,-0.4571,51.3786,Thames,THAMES - WEST THAMES,Multiple Values,OPEN,FRESHWATER - RIVERS,2025-02-26T16:15:00,2025,ENVIRONMENTAL MONITORING STATUTORY (EU DIRECTIVES),RIVER / RUNNING SURFACE WATER,3791,"2,4-DB :- {4-(2,4-dichlorophenoxy)butyric acid}",<0.005,MICROGRAM PER LITRE
https://environment.data.gov.uk/water-quality/sampling-point/TH-PWER0030/sample/1424440/observation/3792,TH-PWER0030,WEY ABOVE THAMES,-0.4571,51.3786,Thames,THAMES - WEST THAMES,Multiple Values,OPEN,FRESHWATER - RIVERS,2025-02-26T16:15:00,2025,ENVIRONMENTAL MONITORING STATUTORY (EU DIRECTIVES),RIVER / RUNNING SURFACE WATER,3792,Benazolin,<0.005,MICROGRAM PER LITRE
https://environment.data.gov.uk/water-quality/sampling-point/TH-PWER0030/sample/1424440/observation/3811,TH-PWER0030,WEY ABOVE THAMES,-0.4571,51.3786,Thames,THAMES - WEST THAMES,Multiple Values,OPEN,FRESHWATER - RIVERS,2025-02-26T16:15:00,2025,ENVIRONMENTAL MONITORING STATUTORY (EU DIRECTIVES),RIVER / RUNNING SURFACE WATER,3811,Diuron,<0.01,MICROGRAM PER LITRE
https://environment.data.gov.uk/water-quality/sampling-point/TH-PWER0030/sample/1424440/observation/3878,TH-PWER0030,WEY ABOVE THAMES,-0.4571,51.3786,Thames,THAMES - WEST THAMES,Multiple Values,OPEN,FRESHWATER - RIVERS,2025-02-26T16:15:00,2025,ENVIRONMENTAL MONITORING STATUTORY (EU DIRECTIVES),RIVER / RUNNING SURFACE WATER,3878,Nickel : BLM Bioavailable,0.78,MICROGRAM PER LITRE
https://environment.data.gov.uk/water-quality/sampling-point/TH-PWER0030/sample/1424440/observation/3925,TH-PWER0030,WEY ABOVE THAMES,-0.4571,51.3786,Thames,THAMES - WEST THAMES,Multiple Values,OPEN,FRESHWATER - RIVERS,2025-02-26T16:15:00,2025,ENVIRONMENTAL MONITORING STATUTORY (EU DIRECTIVES),RIVER / RUNNING SURFACE WATER,3925,Monolinuron,<0.01,MICROGRAM PER LITRE
https://environment.data.gov.uk/water-quality/sampling-point/TH-PWER0030/sample/1424440/observation/4049,TH-PWER0030,WEY ABOVE THAMES,-0.4571,51.3786,Thames,THAMES - WEST THAMES,Multiple Values,OPEN,FRESHWATER - RIVERS,2025-02-26T16:15:00,2025,ENVIRONMENTAL MONITORING STATUTORY (EU DIRECTIVES),RIVER / RUNNING SURFACE WATER,4049,"1,4-Dichlorobenzene",<0.1,MICROGRAM PER LITRE
https://environment.data.gov.uk/water-quality/sampling-point/TH-PWER0030/sample/1424440/observation/4064,TH-PWER0030,WEY ABOVE THAMES,-0.4571,51.3786,Thames,THAMES - WEST THAMES,Multiple Values,OPEN,FRESHWATER - RIVERS,2025-02-26T16:15:00,2025,ENVIRONMENTAL MONITORING STATUTORY (EU DIRECTIVES),RIVER / RUNNING SURFACE WATER,4064,Fluroxypyr,<0.005,MICROGRAM PER LITRE
https://environment.data.gov.uk/water-quality/sampling-point/TH-PWER0030/sample/1424440/observation/4065,TH-PWER0030,WEY ABOVE THAMES,-0.4571,51.3786,Thames,THAMES - WEST THAMES,Multiple Values,OPEN,FRESHWATER - RIVERS,2025-02-26T16:15:00,2025,ENVIRONMENTAL MONITORING STATUTORY (EU DIRECTIVES),RIVER / RUNNING SURFACE WATER,4065,Bentazone,<0.003,MICROGRAM PER LITRE
https://environment.data.gov.uk/water-quality/sampling-point/TH-PWER0030/sample/1424440/observation/4117,TH-PWER0030,WEY ABOVE THAMES,-0.4571,51.3786,Thames,THAMES - WEST THAMES,Multiple Values,OPEN,FRESHWATER - RIVERS,2025-02-26T16:15:00,2025,ENVIRONMENTAL MONITORING STATUTORY (EU DIRECTIVES),RIVER / RUNNING SURFACE WATER,4117,Ethylbenzene,<0.1,MICROGRAM PER LITRE
https://environment.data.gov.uk/water-quality/sampling-point/TH-PWER0030/sample/1424440/observation/4201,TH-PWER0030,WEY ABOVE THAMES,-0.4571,51.3786,Thames,THAMES - WEST THAMES,Multiple Values,OPEN,FRESHWATER - RIVERS,2025-02-26T16:15:00,2025,ENVIRONMENTAL MONITORING STATUTORY (EU DIRECTIVES),RIVER / RUNNING SURFACE WATER,4201,"Lithium, Dissolved",<100,MICROGRAM PER LITRE
https://environment.data.gov.uk/water-quality/sampling-point/TH-PWER0030/sample/1424440/observation/4621,TH-PWER0030,WEY ABOVE THAMES,-0.4571,51.3786,Thames,THAMES - WEST THAMES,Multiple Values,OPEN,FRESHWATER - RIVERS,2025-02-26T16:15:00,2025,ENVIRONMENTAL MONITORING STATUTORY (EU DIRECTIVES),RIVER / RUNNING SURFACE WATER,4621,"2,4,4-TriBromoDiphenylEther",<0.00006,MICROGRAM PER LITRE
https://environment.data.gov.uk/water-quality/sampling-point/TH-PWER0030/sample/1424440/observation/4820,TH-PWER0030,WEY ABOVE THAMES,-0.4571,51.3786,Thames,THAMES - WEST THAMES,Multiple Values,OPEN,FRESHWATER - RIVERS,2025-02-26T16:15:00,2025,ENVIRONMENTAL MONITORING STATUTORY (EU DIRECTIVES),RIVER / RUNNING SURFACE WATER,4820,Manganese : BLM Bioavailable,14,MICROGRAM PER LITRE
https://environment.data.gov.uk/water-quality/sampling-point/TH-PWER0030/sample/1424440/observation/4821,TH-PWER0030,WEY ABOVE THAMES,-0.4571,51.3786,Thames,THAMES - WEST THAMES,Multiple Values,OPEN,FRESHWATER - RIVERS,2025-02-26T16:15:00,2025,ENVIRONMENTAL MONITORING STATUTORY (EU DIRECTIVES),RIVER / RUNNING SURFACE WATER,4821,Copper : BLM Bioavailable,0.07,MICROGRAM PER LITRE
https://environment.data.gov.uk/water-quality/sampling-point/TH-PWER0030/sample/1424440/observation/4822,TH-PWER0030,WEY ABOVE THAMES,-0.4571,51.3786,Thames,THAMES - WEST THAMES,Multiple Values,OPEN,FRESHWATER - RIVERS,2025-02-26T16:15:00,2025,ENVIRONMENTAL MONITORING STATUTORY (EU DIRECTIVES),RIVER / RUNNING SURFACE WATER,4822,Zinc : BLM Bioavailable,1.6,MICROGRAM PER LITRE
https://environment.data.gov.uk/water-quality/sampling-point/TH-PWER0030/sample/1424440/observation/5042,TH-PWER0030,WEY ABOVE THAMES,-0.4571,51.3786,Thames,THAMES - WEST THAMES,Multiple Values,OPEN,FRESHWATER - RIVERS,2025-02-26T16:15:00,2025,ENVIRONMENTAL MONITORING STATUTORY (EU DIRECTIVES),RIVER / RUNNING SURFACE WATER,5042,Sulcotrione,<0.1,MICROGRAM PER LITRE
https://environment.data.gov.uk/water-quality/sampling-point/TH-PWER0030/sample/1424440/observation/5047,TH-PWER0030,WEY ABOVE THAMES,-0.4571,51.3786,Thames,THAMES - WEST THAMES,Multiple Values,OPEN,FRESHWATER - RIVERS,2025-02-26T16:15:00,2025,ENVIRONMENTAL MONITORING STATUTORY (EU DIRECTIVES),RIVER / RUNNING SURFACE WATER,5047,Ethirimol,<0.05,MICROGRAM PER LITRE
https://environment.data.gov.uk/water-quality/sampling-point/TH-PWER0030/sample/1424440/observation/5234,TH-PWER0030,WEY ABOVE THAMES,-0.4571,51.3786,Thames,THAMES - WEST THAMES,Multiple Values,OPEN,FRESHWATER - RIVERS,2025-02-26T16:15:00,2025,ENVIRONMENTAL MONITORING STATUTORY (EU DIRECTIVES),RIVER / RUNNING SURFACE WATER,5234,Hexachloroethane,<0.1,MICROGRAM PER LITRE
https://environment.data.gov.uk/water-quality/sampling-point/TH-PWER0030/sample/1424440/observation/5558,TH-PWER0030,WEY ABOVE THAMES,-0.4571,51.3786,Thames,THAMES - WEST THAMES,Multiple Values,OPEN,FRESHWATER - RIVERS,2025-02-26T16:15:00,2025,ENVIRONMENTAL MONITORING STATUTORY (EU DIRECTIVES),RIVER / RUNNING SURFACE WATER,5558,"3,5-Dimethylphenol :- {3,5-Xylenol}",0.043,MICROGRAM PER LITRE
https://environment.data.gov.uk/water-quality/sampling-point/TH-PWER0030/sample/1424440/observation/5560,TH-PWER0030,WEY ABOVE THAMES,-0.4571,51.3786,Thames,THAMES - WEST THAMES,Multiple Values,OPEN,FRESHWATER - RIVERS,2025-02-26T16:15:00,2025,ENVIRONMENTAL MONITORING STATUTORY (EU DIRECTIVES),RIVER / RUNNING SURFACE WATER,5560,4-Methylphenol :- {p-Cresol},0.065,MICROGRAM PER LITRE
https://environment.data.gov.uk/water-quality/sampling-point/TH-PWER0030/sample/1424440/observation/5561,TH-PWER0030,WEY ABOVE THAMES,-0.4571,51.3786,Thames,THAMES - WEST THAMES,Multiple Values,OPEN,FRESHWATER - RIVERS,2025-02-26T16:15:00,2025,ENVIRONMENTAL MONITORING STATUTORY (EU DIRECTIVES),RIVER / RUNNING SURFACE WATER,5561,3-Methylphenol :- {m-Cresol},<0.02,MICROGRAM PER LITRE
https://environment.data.gov.uk/water-quality/sampling-point/TH-PWER0030/sample/1424440/observation/5562,TH-PWER0030,WEY ABOVE THAMES,-0.4571,51.3786,Thames,THAMES - WEST THAMES,Multiple Values,OPEN,FRESHWATER - RIVERS,2025-02-26T16:15:00,2025,ENVIRONMENTAL MONITORING STATUTORY (EU DIRECTIVES),RIVER / RUNNING SURFACE WATER,5562,2-Methylphenol :- {o-Cresol},<0.02,MICROGRAM PER LITRE
https://environment.data.gov.uk/water-quality/sampling-point/TH-PWER0030/sample/1424440/observation/5568,TH-PWER0030,WEY ABOVE THAMES,-0.4571,51.3786,Thames,THAMES - WEST THAMES,Multiple Values,OPEN,FRESHWATER - RIVERS,2025-02-26T16:15:00,2025,ENVIRONMENTAL MONITORING STATUTORY (EU DIRECTIVES),RIVER / RUNNING SURFACE WATER,5568,3-Chlorotoluene :- {3-Chloromethylbenzene},<0.1,MICROGRAM PER LITRE
https://environment.data.gov.uk/water-quality/sampling-point/TH-PWER0030/sample/1424440/observation/5732,TH-PWER0030,WEY ABOVE THAMES,-0.4571,51.3786,Thames,THAMES - WEST THAMES,Multiple Values,OPEN,FRESHWATER - RIVERS,2025-02-26T16:15:00,2025,ENVIRONMENTAL MONITORING STATUTORY (EU DIRECTIVES),RIVER / RUNNING SURFACE WATER,5732,Triphenyl Tin as Cation,<0.0002,MICROGRAM PER LITRE
https://environment.data.gov.uk/water-quality/sampling-point/TH-PWER0030/sample/1424440/observation/5889,TH-PWER0030,WEY ABOVE THAMES,-0.4571,51.3786,Thames,THAMES - WEST THAMES,Multiple Values,OPEN,FRESHWATER - RIVERS,2025-02-26T16:15:00,2025,ENVIRONMENTAL MONITORING STATUTORY (EU DIRECTIVES),RIVER / RUNNING SURFACE WATER,5889,Triclosan,<0.01,MICROGRAM PER LITRE
https://environment.data.gov.uk/water-quality/sampling-point/TH-PWER0030/sample/1424440/observation/6037,TH-PWER0030,WEY ABOVE THAMES,-0.4571,51.3786,Thames,THAMES - WEST THAMES,Multiple Values,OPEN,FRESHWATER - RIVERS,2025-02-26T16:15:00,2025,ENVIRONMENTAL MONITORING STATUTORY (EU DIRECTIVES),RIVER / RUNNING SURFACE WATER,6037,"Aluminium, Dissolved",33,MICROGRAM PER LITRE
https://environment.data.gov.uk/water-quality/sampling-point/TH-PWER0030/sample/1424440/observation/6045,TH-PWER0030,WEY ABOVE THAMES,-0.4571,51.3786,Thames,THAMES - WEST THAMES,Multiple Values,OPEN,FRESHWATER - RIVERS,2025-02-26T16:15:00,2025,ENVIRONMENTAL MONITORING STATUTORY (EU DIRECTIVES),RIVER / RUNNING SURFACE WATER,6045,"Arsenic, Dissolved",<1,MICROGRAM PER LITRE
https://environment.data.gov.uk/water-quality/sampling-point/TH-PWER0030/sample/1424440/observation/6047,TH-PWER0030,WEY ABOVE THAMES,-0.4571,51.3786,Thames,THAMES - WEST THAMES,Multiple Values,OPEN,FRESHWATER - RIVERS,2025-02-26T16:15:00,2025,ENVIRONMENTAL MONITORING STATUTORY (EU DIRECTIVES),RIVER / RUNNING SURFACE WATER,6047,"Selenium, Dissolved",<1,MICROGRAM PER LITRE
https://environment.data.gov.uk/water-quality/sampling-point/TH-PWER0030/sample/1424440/observation/6376,TH-PWER0030,WEY ABOVE THAMES,-0.4571,51.3786,Thames,THAMES - WEST THAMES,Multiple Values,OPEN,FRESHWATER - RIVERS,2025-02-26T16:15:00,2025,ENVIRONMENTAL MONITORING STATUTORY (EU DIRECTIVES),RIVER / RUNNING SURFACE WATER,6376,Chloromethane :- {Methyl Chloride},<0.5,MICROGRAM PER LITRE
https://environment.data.gov.uk/water-quality/sampling-point/TH-PWER0030/sample/1424440/observation/6399,TH-PWER0030,WEY ABOVE THAMES,-0.4571,51.3786,Thames,THAMES - WEST THAMES,Multiple Values,OPEN,FRESHWATER - RIVERS,2025-02-26T16:15:00,2025,ENVIRONMENTAL MONITORING STATUTORY (EU DIRECTIVES),RIVER / RUNNING SURFACE WATER,6399,Benzo(a)Pyrene,0.011,MICROGRAM PER LITRE
https://environment.data.gov.uk/water-quality/sampling-point/TH-PWER0030/sample/1424440/observation/6449,TH-PWER0030,WEY ABOVE THAMES,-0.4571,51.3786,Thames,THAMES - WEST THAMES,Multiple Values,OPEN,FRESHWATER - RIVERS,2025-02-26T16:15:00,2025,ENVIRONMENTAL MONITORING STATUTORY (EU DIRECTIVES),RIVER / RUNNING SURFACE WATER,6449,Bromoxynil,<0.005,MICROGRAM PER LITRE
https://environment.data.gov.uk/water-quality/sampling-point/TH-PWER0030/sample/1424440/observation/6450,TH-PWER0030,WEY ABOVE THAMES,-0.4571,51.3786,Thames,THAMES - WEST THAMES,Multiple Values,OPEN,FRESHWATER - RIVERS,2025-02-26T16:15:00,2025,ENVIRONMENTAL MONITORING STATUTORY (EU DIRECTIVES),RIVER / RUNNING SURFACE WATER,6450,"Copper, Dissolved",2.7,MICROGRAM PER LITRE
https://environment.data.gov.uk/water-quality/sampling-point/TH-PWER0030/sample/1424440/observation/6458,TH-PWER0030,WEY ABOVE THAMES,-0.4571,51.3786,Thames,THAMES - WEST THAMES,Multiple Values,OPEN,FRESHWATER - RIVERS,2025-02-26T16:15:00,2025,ENVIRONMENTAL MONITORING STATUTORY (EU DIRECTIVES),RIVER / RUNNING SURFACE WATER,6458,"Manganese, Dissolved",27,MICROGRAM PER LITRE
https://environment.data.gov.uk/water-quality/sampling-point/TH-PWER0030/sample/1424440/observation/6460,TH-PWER0030,WEY ABOVE THAMES,-0.4571,51.3786,Thames,THAMES - WEST THAMES,Multiple Values,OPEN,FRESHWATER - RIVERS,2025-02-26T16:15:00,2025,ENVIRONMENTAL MONITORING STATUTORY (EU DIRECTIVES),RIVER / RUNNING SURFACE WATER,6460,"Iron, Dissolved",290,MICROGRAM PER LITRE
https://environment.data.gov.uk/water-quality/sampling-point/TH-PWER0030/sample/1424440/observation/6534,TH-PWER0030,WEY ABOVE THAMES,-0.4571,51.3786,Thames,THAMES - WEST THAMES,Multiple Values,OPEN,FRESHWATER - RIVERS,2025-02-26T16:15:00,2025,ENVIRONMENTAL MONITORING STATUTORY (EU DIRECTIVES),RIVER / RUNNING SURFACE WATER,6534,"1,1,1,2-Tetrachloroethane",<0.1,MICROGRAM PER LITRE
https://environment.data.gov.uk/water-quality/sampling-point/TH-PWER0030/sample/1424440/observation/6537,TH-PWER0030,WEY ABOVE THAMES,-0.4571,51.3786,Thames,THAMES - WEST THAMES,Multiple Values,OPEN,FRESHWATER - RIVERS,2025-02-26T16:15:00,2025,ENVIRONMENTAL MONITORING STATUTORY (EU DIRECTIVES),RIVER / RUNNING SURFACE WATER,6537,"1,2-Dibromo-3-chloropropane",<0.1,MICROGRAM PER LITRE
https://environment.data.gov.uk/water-quality/sampling-point/TH-PWER0030/sample/1424440/observation/6538,TH-PWER0030,WEY ABOVE THAMES,-0.4571,51.3786,Thames,THAMES - WEST THAMES,Multiple Values,OPEN,FRESHWATER - RIVERS,2025-02-26T16:15:00,2025,ENVIRONMENTAL MONITORING STATUTORY (EU DIRECTIVES),RIVER / RUNNING SURFACE WATER,6538,"cis-1,2-Dichloroethylene :- {cis-1,2-Dichloroethene}",<0.1,MICROGRAM PER LITRE
https://environment.data.gov.uk/water-quality/sampling-point/TH-PWER0030/sample/1424440/observation/6539,TH-PWER0030,WEY ABOVE THAMES,-0.4571,51.3786,Thames,THAMES - WEST THAMES,Multiple Values,OPEN,FRESHWATER - RIVERS,2025-02-26T16:15:00,2025,ENVIRONMENTAL MONITORING STATUTORY (EU DIRECTIVES),RIVER / RUNNING SURFACE WATER,6539,"trans-1,2-Dichloroethylene :- {trans-1,2-Dichloroethene}",<0.1,MICROGRAM PER LITRE
https://environment.data.gov.uk/water-quality/sampling-point/TH-PWER0030/sample/1424440/observation/6540,TH-PWER0030,WEY ABOVE THAMES,-0.4571,51.3786,Thames,THAMES - WEST THAMES,Multiple Values,OPEN,FRESHWATER - RIVERS,2025-02-26T16:15:00,2025,ENVIRONMENTAL MONITORING STATUTORY (EU DIRECTIVES),RIVER / RUNNING SURFACE WATER,6540,"1,2-Dichloropropane",<0.1,MICROGRAM PER LITRE
https://environment.data.gov.uk/water-quality/sampling-point/TH-PWER0030/sample/1424440/observation/6541,TH-PWER0030,WEY ABOVE THAMES,-0.4571,51.3786,Thames,THAMES - WEST THAMES,Multiple Values,OPEN,FRESHWATER - RIVERS,2025-02-26T16:15:00,2025,ENVIRONMENTAL MONITORING STATUTORY (EU DIRECTIVES),RIVER / RUNNING SURFACE WATER,6541,"1,2,3-Trichloropropane",<0.5,MICROGRAM PER LITRE
https://environment.data.gov.uk/water-quality/sampling-point/TH-PWER0030/sample/1424440/observation/6542,TH-PWER0030,WEY ABOVE THAMES,-0.4571,51.3786,Thames,THAMES - WEST THAMES,Multiple Values,OPEN,FRESHWATER - RIVERS,2025-02-26T16:15:00,2025,ENVIRONMENTAL MONITORING STATUTORY (EU DIRECTIVES),RIVER / RUNNING SURFACE WATER,6542,"1,3-Dichloropropane",<0.1,MICROGRAM PER LITRE
https://environment.data.gov.uk/water-quality/sampling-point/TH-PWER0030/sample/1424440/observation/6543,TH-PWER0030,WEY ABOVE THAMES,-0.4571,51.3786,Thames,THAMES - WEST THAMES,Multiple Values,OPEN,FRESHWATER - RIVERS,2025-02-26T16:15:00,2025,ENVIRONMENTAL MONITORING STATUTORY (EU DIRECTIVES),RIVER / RUNNING SURFACE WATER,6543,"cis-1,3-Dichloropropylene :- {cis-1,3-Dichloropropene}",<0.1,MICROGRAM PER LITRE
https://environment.data.gov.uk/water-quality/sampling-point/TH-PWER0030/sample/1424440/observation/6544,TH-PWER0030,WEY ABOVE THAMES,-0.4571,51.3786,Thames,THAMES - WEST THAMES,Multiple Values,OPEN,FRESHWATER - RIVERS,2025-02-26T16:15:00,2025,ENVIRONMENTAL MONITORING STATUTORY (EU DIRECTIVES),RIVER / RUNNING SURFACE WATER,6544,"trans-1,3-Dichloropropylene :- {trans-1,3-Dichloropropene}",<0.5,MICROGRAM PER LITRE
https://environment.data.gov.uk/water-quality/sampling-point/TH-PWER0030/sample/1424440/observation/6547,TH-PWER0030,WEY ABOVE THAMES,-0.4571,51.3786,Thames,THAMES - WEST THAMES,Multiple Values,OPEN,FRESHWATER - RIVERS,2025-02-26T16:15:00,2025,ENVIRONMENTAL MONITORING STATUTORY (EU DIRECTIVES),RIVER / RUNNING SURFACE WATER,6547,2-Chlorotoluene :- {1-Chloro-2-methylbenzene},<0.1,MICROGRAM PER LITRE
https://environment.data.gov.uk/water-quality/sampling-point/TH-PWER0030/sample/1424440/observation/6569,TH-PWER0030,WEY ABOVE THAMES,-0.4571,51.3786,Thames,THAMES - WEST THAMES,Multiple Values,OPEN,FRESHWATER - RIVERS,2025-02-26T16:15:00,2025,ENVIRONMENTAL MONITORING STATUTORY (EU DIRECTIVES),RIVER / RUNNING SURFACE WATER,6569,"2,6-Dimethylphenol :- {2,6-Xylenol}",<0.02,MICROGRAM PER LITRE
https://environment.data.gov.uk/water-quality/sampling-point/TH-PWER0030/sample/1424440/observation/6577,TH-PWER0030,WEY ABOVE THAMES,-0.4571,51.3786,Thames,THAMES - WEST THAMES,Multiple Values,OPEN,FRESHWATER - RIVERS,2025-02-26T16:15:00,2025,ENVIRONMENTAL MONITORING STATUTORY (EU DIRECTIVES),RIVER / RUNNING SURFACE WATER,6577,"3,4-Dimethylphenol :- {3,4-Xylenol}",<0.02,MICROGRAM PER LITRE
https://environment.data.gov.uk/water-quality/sampling-point/TH-PWER0030/sample/1424440/observation/6578,TH-PWER0030,WEY ABOVE THAMES,-0.4571,51.3786,Thames,THAMES - WEST THAMES,Multiple Values,OPEN,FRESHWATER - RIVERS,2025-02-26T16:15:00,2025,ENVIRONMENTAL MONITORING STATUTORY (EU DIRECTIVES),RIVER / RUNNING SURFACE WATER,6578,4-Chlorotoluene :- {1-Chloro-4-methylbenzene},<0.1,MICROGRAM PER LITRE
https://environment.data.gov.uk/water-quality/sampling-point/TH-PWER0030/sample/1424440/observation/6579,TH-PWER0030,WEY ABOVE THAMES,-0.4571,51.3786,Thames,THAMES - WEST THAMES,Multiple Values,OPEN,FRESHWATER - RIVERS,2025-02-26T16:15:00,2025,ENVIRONMENTAL MONITORING STATUTORY (EU DIRECTIVES),RIVER / RUNNING SURFACE WATER,6579,4-Isopropyltoluene :- {4-methyl-Isopropylbenzene},<0.1,MICROGRAM PER LITRE
https://environment.data.gov.uk/water-quality/sampling-point/TH-PWER0030/sample/1424440/observation/6584,TH-PWER0030,WEY ABOVE THAMES,-0.4571,51.3786,Thames,THAMES - WEST THAMES,Multiple Values,OPEN,FRESHWATER - RIVERS,2025-02-26T16:15:00,2025,ENVIRONMENTAL MONITORING STATUTORY (EU DIRECTIVES),RIVER / RUNNING SURFACE WATER,6584,"4-Chloro-3,5-dimethylphenol :- {PCMX}",0.021,MICROGRAM PER LITRE
https://environment.data.gov.uk/water-quality/sampling-point/TH-PWER0030/sample/1424440/observation/6604,TH-PWER0030,WEY ABOVE THAMES,-0.4571,51.3786,Thames,THAMES - WEST THAMES,Multiple Values,OPEN,FRESHWATER - RIVERS,2025-02-26T16:15:00,2025,ENVIRONMENTAL MONITORING STATUTORY (EU DIRECTIVES),RIVER / RUNNING SURFACE WATER,6604,Bromobenzene,<0.1,MICROGRAM PER LITRE
https://environment.data.gov.uk/water-quality/sampling-point/TH-PWER0030/sample/1424440/observation/6605,TH-PWER0030,WEY ABOVE THAMES,-0.4571,51.3786,Thames,THAMES - WEST THAMES,Multiple Values,OPEN,FRESHWATER - RIVERS,2025-02-26T16:15:00,2025,ENVIRONMENTAL MONITORING STATUTORY (EU DIRECTIVES),RIVER / RUNNING SURFACE WATER,6605,Bromochloromethane,<0.1,MICROGRAM PER LITRE
https://environment.data.gov.uk/water-quality/sampling-point/TH-PWER0030/sample/1424440/observation/6619,TH-PWER0030,WEY ABOVE THAMES,-0.4571,51.3786,Thames,THAMES - WEST THAMES,Multiple Values,OPEN,FRESHWATER - RIVERS,2025-02-26T16:15:00,2025,ENVIRONMENTAL MONITORING STATUTORY (EU DIRECTIVES),RIVER / RUNNING SURFACE WATER,6619,"Chromium Hexavalent, Dissolved :- {Cr VI}",<0.05,MICROGRAM PER LITRE
https://environment.data.gov.uk/water-quality/sampling-point/TH-PWER0030/sample/1424440/observation/6620,TH-PWER0030,WEY ABOVE THAMES,-0.4571,51.3786,Thames,THAMES - WEST THAMES,Multiple Values,OPEN,FRESHWATER - RIVERS,2025-02-26T16:15:00,2025,ENVIRONMENTAL MONITORING STATUTORY (EU DIRECTIVES),RIVER / RUNNING SURFACE WATER,6620,Clopyralid,<0.005,MICROGRAM PER LITRE
https://environment.data.gov.uk/water-quality/sampling-point/TH-PWER0030/sample/1424440/observation/6656,TH-PWER0030,WEY ABOVE THAMES,-0.4571,51.3786,Thames,THAMES - WEST THAMES,Multiple Values,OPEN,FRESHWATER - RIVERS,2025-02-26T16:15:00,2025,ENVIRONMENTAL MONITORING STATUTORY (EU DIRECTIVES),RIVER / RUNNING SURFACE WATER,6656,MTBE :- {Methyl tert-butyl ether},<0.1,MICROGRAM PER LITRE
https://environment.data.gov.uk/water-quality/sampling-point/TH-PWER0030/sample/1424440/observation/6658,TH-PWER0030,WEY ABOVE THAMES,-0.4571,51.3786,Thames,THAMES - WEST THAMES,Multiple Values,OPEN,FRESHWATER - RIVERS,2025-02-26T16:15:00,2025,ENVIRONMENTAL MONITORING STATUTORY (EU DIRECTIVES),RIVER / RUNNING SURFACE WATER,6658,n-ButylBenzene :- {1-Phenylbutane},<0.1,MICROGRAM PER LITRE
https://environment.data.gov.uk/water-quality/sampling-point/TH-PWER0030/sample/1424440/observation/6659,TH-PWER0030,WEY ABOVE THAMES,-0.4571,51.3786,Thames,THAMES - WEST THAMES,Multiple Values,OPEN,FRESHWATER - RIVERS,2025-02-26T16:15:00,2025,ENVIRONMENTAL MONITORING STATUTORY (EU DIRECTIVES),RIVER / RUNNING SURFACE WATER,6659,n-Propylbenzene :- {1-Phenylpropane},<0.1,MICROGRAM PER LITRE
https://environment.data.gov.uk/water-quality/sampling-point/TH-PWER0030/sample/1424440/observation/6671,TH-PWER0030,WEY ABOVE THAMES,-0.4571,51.3786,Thames,THAMES - WEST THAMES,Multiple Values,OPEN,FRESHWATER - RIVERS,2025-02-26T16:15:00,2025,ENVIRONMENTAL MONITORING STATUTORY (EU DIRECTIVES),RIVER / RUNNING SURFACE WATER,6671,Phenoxyacetic acid :- {PAA},0.32,MICROGRAM PER LITRE
https://environment.data.gov.uk/water-quality/sampling-point/TH-PWER0030/sample/1424440/observation/6672,TH-PWER0030,WEY ABOVE THAMES,-0.4571,51.3786,Thames,THAMES - WEST THAMES,Multiple Values,OPEN,FRESHWATER - RIVERS,2025-02-26T16:15:00,2025,ENVIRONMENTAL MONITORING STATUTORY (EU DIRECTIVES),RIVER / RUNNING SURFACE WATER,6672,4-Phenoxybutyric acid :- {PBA},<0.005,MICROGRAM PER LITRE
https://environment.data.gov.uk/water-quality/sampling-point/TH-PWER0030/sample/1424440/observation/6673,TH-PWER0030,WEY ABOVE THAMES,-0.4571,51.3786,Thames,THAMES - WEST THAMES,Multiple Values,OPEN,FRESHWATER - RIVERS,2025-02-26T16:15:00,2025,ENVIRONMENTAL MONITORING STATUTORY (EU DIRECTIVES),RIVER / RUNNING SURFACE WATER,6673,2-Phenoxypropionic acid :- {PPA},<0.005,MICROGRAM PER LITRE
https://environment.data.gov.uk/water-quality/sampling-point/TH-PWER0030/sample/1424440/observation/6690,TH-PWER0030,WEY ABOVE THAMES,-0.4571,51.3786,Thames,THAMES - WEST THAMES,Multiple Values,OPEN,FRESHWATER - RIVERS,2025-02-26T16:15:00,2025,ENVIRONMENTAL MONITORING STATUTORY (EU DIRECTIVES),RIVER / RUNNING SURFACE WATER,6690,sec-Butylbenzene :- {1-Methylpropylbenzene},<0.1,MICROGRAM PER LITRE
https://environment.data.gov.uk/water-quality/sampling-point/TH-PWER0030/sample/1424440/observation/6693,TH-PWER0030,WEY ABOVE THAMES,-0.4571,51.3786,Thames,THAMES - WEST THAMES,Multiple Values,OPEN,FRESHWATER - RIVERS,2025-02-26T16:15:00,2025,ENVIRONMENTAL MONITORING STATUTORY (EU DIRECTIVES),RIVER / RUNNING SURFACE WATER,6693,"Strontium, Filtered",130,MICROGRAM PER LITRE
https://environment.data.gov.uk/water-quality/sampling-point/TH-PWER0030/sample/1424440/observation/6697,TH-PWER0030,WEY ABOVE THAMES,-0.4571,51.3786,Thames,THAMES - WEST THAMES,Multiple Values,OPEN,FRESHWATER - RIVERS,2025-02-26T16:15:00,2025,ENVIRONMENTAL MONITORING STATUTORY (EU DIRECTIVES),RIVER / RUNNING SURFACE WATER,6697,"tert-Butylbenzene :- {(1,1-Dimethylethyl)benzene}",<0.1,MICROGRAM PER LITRE
https://environment.data.gov.uk/water-quality/sampling-point/TH-PWER0030/sample/1424440/observation/6711,TH-PWER0030,WEY ABOVE THAMES,-0.4571,51.3786,Thames,THAMES - WEST THAMES,Multiple Values,OPEN,FRESHWATER - RIVERS,2025-02-26T16:15:00,2025,ENVIRONMENTAL MONITORING STATUTORY (EU DIRECTIVES),RIVER / RUNNING SURFACE WATER,6711,Trichlorofluoromethane,<0.1,MICROGRAM PER LITRE
https://environment.data.gov.uk/water-quality/sampling-point/TH-PWER0030/sample/1424440/observation/6715,TH-PWER0030,WEY ABOVE THAMES,-0.4571,51.3786,Thames,THAMES - WEST THAMES,Multiple Values,OPEN,FRESHWATER - RIVERS,2025-02-26T16:15:00,2025,ENVIRONMENTAL MONITORING STATUTORY (EU DIRECTIVES),RIVER / RUNNING SURFACE WATER,6715,Vinyl chloride :- {Chloroethylene},<0.1,MICROGRAM PER LITRE
https://environment.data.gov.uk/water-quality/sampling-point/TH-PWER0030/sample/1424440/observation/6716,TH-PWER0030,WEY ABOVE THAMES,-0.4571,51.3786,Thames,THAMES - WEST THAMES,Multiple Values,OPEN,FRESHWATER - RIVERS,2025-02-26T16:15:00,2025,ENVIRONMENTAL MONITORING STATUTORY (EU DIRECTIVES),RIVER / RUNNING SURFACE WATER,6716,"Dimethylbenzene : Sum of isomers (1,3- 1,4-)",<0.2,MICROGRAM PER LITRE
https://environment.data.gov.uk/water-quality/sampling-point/TH-PWER0030/sample/1424440/observation/6724,TH-PWER0030,WEY ABOVE THAMES,-0.4571,51.3786,Thames,THAMES - WEST THAMES,Multiple Values,OPEN,FRESHWATER - RIVERS,2025-02-26T16:15:00,2025,ENVIRONMENTAL MONITORING STATUTORY (EU DIRECTIVES),RIVER / RUNNING SURFACE WATER,6724,Di(2-ethylhexyl) phthalate :- {DEHP},<0.2,MICROGRAM PER LITRE
https://environment.data.gov.uk/water-quality/sampling-point/TH-PWER0030/sample/1424440/observation/6744,TH-PWER0030,WEY ABOVE THAMES,-0.4571,51.3786,Thames,THAMES - WEST THAMES,Multiple Values,OPEN,FRESHWATER - RIVERS,2025-02-26T16:15:00,2025,ENVIRONMENTAL MONITORING STATUTORY (EU DIRECTIVES),RIVER / RUNNING SURFACE WATER,6744,"2,2-Dichloropropane",<0.1,MICROGRAM PER LITRE
https://environment.data.gov.uk/water-quality/sampling-point/TH-PWER0030/sample/1424440/observation/6753,TH-PWER0030,WEY ABOVE THAMES,-0.4571,51.3786,Thames,THAMES - WEST THAMES,Multiple Values,OPEN,FRESHWATER - RIVERS,2025-02-26T16:15:00,2025,ENVIRONMENTAL MONITORING STATUTORY (EU DIRECTIVES),RIVER / RUNNING SURFACE WATER,6753,Anthracene,<0.01,MICROGRAM PER LITRE
https://environment.data.gov.uk/water-quality/sampling-point/TH-PWER0030/sample/1424440/observation/6760,TH-PWER0030,WEY ABOVE THAMES,-0.4571,51.3786,Thames,THAMES - WEST THAMES,Multiple Values,OPEN,FRESHWATER - RIVERS,2025-02-26T16:15:00,2025,ENVIRONMENTAL MONITORING STATUTORY (EU DIRECTIVES),RIVER / RUNNING SURFACE WATER,6760,Chloridazon,<0.01,MICROGRAM PER LITRE
https://environment.data.gov.uk/water-quality/sampling-point/TH-PWER0030/sample/1424440/observation/6955,TH-PWER0030,WEY ABOVE THAMES,-0.4571,51.3786,Thames,THAMES - WEST THAMES,Multiple Values,OPEN,FRESHWATER - RIVERS,2025-02-26T16:15:00,2025,ENVIRONMENTAL MONITORING STATUTORY (EU DIRECTIVES),RIVER / RUNNING SURFACE WATER,6955,Ethiofencarb,<0.005,MICROGRAM PER LITRE
https://environment.data.gov.uk/water-quality/sampling-point/TH-PWER0030/sample/1424440/observation/6971,TH-PWER0030,WEY ABOVE THAMES,-0.4571,51.3786,Thames,THAMES - WEST THAMES,Multiple Values,OPEN,FRESHWATER - RIVERS,2025-02-26T16:15:00,2025,ENVIRONMENTAL MONITORING STATUTORY (EU DIRECTIVES),RIVER / RUNNING SURFACE WATER,6971,Methiocarb,<0.001,MICROGRAM PER LITRE
https://environment.data.gov.uk/water-quality/sampling-point/TH-PWER0030/sample/1424440/observation/6972,TH-PWER0030,WEY ABOVE THAMES,-0.4571,51.3786,Thames,THAMES - WEST THAMES,Multiple Values,OPEN,FRESHWATER - RIVERS,2025-02-26T16:15:00,2025,ENVIRONMENTAL MONITORING STATUTORY (EU DIRECTIVES),RIVER / RUNNING SURFACE WATER,6972,Methomyl,<0.005,MICROGRAM PER LITRE
https://environment.data.gov.uk/water-quality/sampling-point/TH-PWER0030/sample/1424440/observation/6980,TH-PWER0030,WEY ABOVE THAMES,-0.4571,51.3786,Thames,THAMES - WEST THAMES,Multiple Values,OPEN,FRESHWATER - RIVERS,2025-02-26T16:15:00,2025,ENVIRONMENTAL MONITORING STATUTORY (EU DIRECTIVES),RIVER / RUNNING SURFACE WATER,6980,Oxamyl,<0.005,MICROGRAM PER LITRE
https://environment.data.gov.uk/water-quality/sampling-point/TH-PWER0030/sample/1424440/observation/6987,TH-PWER0030,WEY ABOVE THAMES,-0.4571,51.3786,Thames,THAMES - WEST THAMES,Multiple Values,OPEN,FRESHWATER - RIVERS,2025-02-26T16:15:00,2025,ENVIRONMENTAL MONITORING STATUTORY (EU DIRECTIVES),RIVER / RUNNING SURFACE WATER,6987,Propoxur,<0.005,MICROGRAM PER LITRE
https://environment.data.gov.uk/water-quality/sampling-point/TH-PWER0030/sample/1424440/observation/7025,TH-PWER0030,WEY ABOVE THAMES,-0.4571,51.3786,Thames,THAMES - WEST THAMES,Multiple Values,OPEN,FRESHWATER - RIVERS,2025-02-26T16:15:00,2025,ENVIRONMENTAL MONITORING STATUTORY (EU DIRECTIVES),RIVER / RUNNING SURFACE WATER,7025,Imazapyr,<0.005,MICROGRAM PER LITRE
https://environment.data.gov.uk/water-quality/sampling-point/TH-PWER0030/sample/1424440/observation/7053,TH-PWER0030,WEY ABOVE THAMES,-0.4571,51.3786,Thames,THAMES - WEST THAMES,Multiple Values,OPEN,FRESHWATER - RIVERS,2025-02-26T16:15:00,2025,ENVIRONMENTAL MONITORING STATUTORY (EU DIRECTIVES),RIVER / RUNNING SURFACE WATER,7053,Methabenzthiazuron,<0.01,MICROGRAM PER LITRE
https://environment.data.gov.uk/water-quality/sampling-point/TH-PWER0030/sample/1424440/observation/7125,TH-PWER0030,WEY ABOVE THAMES,-0.4571,51.3786,Thames,THAMES - WEST THAMES,Multiple Values,OPEN,FRESHWATER - RIVERS,2025-02-26T16:15:00,2025,ENVIRONMENTAL MONITORING STATUTORY (EU DIRECTIVES),RIVER / RUNNING SURFACE WATER,7125,Aminomethylphosphonic acid,<0.2,MICROGRAM PER LITRE
https://environment.data.gov.uk/water-quality/sampling-point/TH-PWER0030/sample/1424440/observation/7325,TH-PWER0030,WEY ABOVE THAMES,-0.4571,51.3786,Thames,THAMES - WEST THAMES,Multiple Values,OPEN,FRESHWATER - RIVERS,2025-02-26T16:15:00,2025,ENVIRONMENTAL MONITORING STATUTORY (EU DIRECTIVES),RIVER / RUNNING SURFACE WATER,7325,Pyrene,0.053,MICROGRAM PER LITRE
https://environment.data.gov.uk/water-quality/sampling-point/TH-PWER0030/sample/1424440/observation/7395,TH-PWER0030,WEY ABOVE THAMES,-0.4571,51.3786,Thames,THAMES - WEST THAMES,Multiple Values,OPEN,FRESHWATER - RIVERS,2025-02-26T16:15:00,2025,ENVIRONMENTAL MONITORING STATUTORY (EU DIRECTIVES),RIVER / RUNNING SURFACE WATER,7395,Acenaphthene,<0.01,MICROGRAM PER LITRE
https://environment.data.gov.uk/water-quality/sampling-point/TH-PWER0030/sample/1424440/observation/7531,TH-PWER0030,WEY ABOVE THAMES,-0.4571,51.3786,Thames,THAMES - WEST THAMES,Multiple Values,OPEN,FRESHWATER - RIVERS,2025-02-26T16:15:00,2025,ENVIRONMENTAL MONITORING STATUTORY (EU DIRECTIVES),RIVER / RUNNING SURFACE WATER,7531,"1,1,2,2-Tetrachloroethane",<0.1,MICROGRAM PER LITRE
https://environment.data.gov.uk/water-quality/sampling-point/TH-PWER0030/sample/1424440/observation/7574,TH-PWER0030,WEY ABOVE THAMES,-0.4571,51.3786,Thames,THAMES - WEST THAMES,Multiple Values,OPEN,FRESHWATER - RIVERS,2025-02-26T16:15:00,2025,ENVIRONMENTAL MONITORING STATUTORY (EU DIRECTIVES),RIVER / RUNNING SURFACE WATER,7574,Isopropylbenzene :- {Methylethylbenzene},<0.1,MICROGRAM PER LITRE
https://environment.data.gov.uk/water-quality/sampling-point/TH-PWER0030/sample/1424440/observation/7726,TH-PWER0030,WEY ABOVE THAMES,-0.4571,51.3786,Thames,THAMES - WEST THAMES,Multiple Values,OPEN,FRESHWATER - RIVERS,2025-02-26T16:15:00,2025,ENVIRONMENTAL MONITORING STATUTORY (EU DIRECTIVES),RIVER / RUNNING SURFACE WATER,7726,"2,3,6-TBA :- {2,3,6-Trichlorobenzoic acid}",<0.02,MICROGRAM PER LITRE
https://environment.data.gov.uk/water-quality/sampling-point/TH-PWER0030/sample/1424440/observation/7859,TH-PWER0030,WEY ABOVE THAMES,-0.4571,51.3786,Thames,THAMES - WEST THAMES,Multiple Values,OPEN,FRESHWATER - RIVERS,2025-02-26T16:15:00,2025,ENVIRONMENTAL MONITORING STATUTORY (EU DIRECTIVES),RIVER / RUNNING SURFACE WATER,7859,"Sulphate, Dissolved as SO4",22,MILLIGRAM PER LITRE
https://environment.data.gov.uk/water-quality/sampling-point/TH-PWER0030/sample/1424440/observation/7864,TH-PWER0030,WEY ABOVE THAMES,-0.4571,51.3786,Thames,THAMES - WEST THAMES,Multiple Values,OPEN,FRESHWATER - RIVERS,2025-02-26T16:15:00,2025,ENVIRONMENTAL MONITORING STATUTORY (EU DIRECTIVES),RIVER / RUNNING SURFACE WATER,7864,Fluorene,<0.01,MICROGRAM PER LITRE
https://environment.data.gov.uk/water-quality/sampling-point/TH-PWER0030/sample/1424440/observation/8162,TH-PWER0030,WEY ABOVE THAMES,-0.4571,51.3786,Thames,THAMES - WEST THAMES,Multiple Values,OPEN,FRESHWATER - RIVERS,2025-02-26T16:15:00,2025,ENVIRONMENTAL MONITORING STATUTORY (EU DIRECTIVES),RIVER / RUNNING SURFACE WATER,8162,Benzyl butyl phthalate,<1,MICROGRAM PER LITRE
https://environment.data.gov.uk/water-quality/sampling-point/TH-PWER0030/sample/1424440/observation/8310,TH-PWER0030,WEY ABOVE THAMES,-0.4571,51.3786,Thames,THAMES - WEST THAMES,Multiple Values,OPEN,FRESHWATER - RIVERS,2025-02-26T16:15:00,2025,ENVIRONMENTAL MONITORING STATUTORY (EU DIRECTIVES),RIVER / RUNNING SURFACE WATER,8310,Chrysene,0.028,MICROGRAM PER LITRE
https://environment.data.gov.uk/water-quality/sampling-point/TH-PWER0030/sample/1424440/observation/8311,TH-PWER0030,WEY ABOVE THAMES,-0.4571,51.3786,Thames,THAMES - WEST THAMES,Multiple Values,OPEN,FRESHWATER - RIVERS,2025-02-26T16:15:00,2025,ENVIRONMENTAL MONITORING STATUTORY (EU DIRECTIVES),RIVER / RUNNING SURFACE WATER,8311,Acenaphthylene,<0.01,MICROGRAM PER LITRE
https://environment.data.gov.uk/water-quality/sampling-point/TH-PWER0030/sample/1424440/observation/8360,TH-PWER0030,WEY ABOVE THAMES,-0.4571,51.3786,Thames,THAMES - WEST THAMES,Multiple Values,OPEN,FRESHWATER - RIVERS,2025-02-26T16:15:00,2025,ENVIRONMENTAL MONITORING STATUTORY (EU DIRECTIVES),RIVER / RUNNING SURFACE WATER,8360,"Dibenzo(a,h)Anthracene",<0.01,MICROGRAM PER LITRE
https://environment.data.gov.uk/water-quality/sampling-point/TH-PWER0030/sample/1424440/observation/8806,TH-PWER0030,WEY ABOVE THAMES,-0.4571,51.3786,Thames,THAMES - WEST THAMES,Multiple Values,OPEN,FRESHWATER - RIVERS,2025-02-26T16:15:00,2025,ENVIRONMENTAL MONITORING STATUTORY (EU DIRECTIVES),RIVER / RUNNING SURFACE WATER,8806,Aldicarb sulfoxide,<0.005,MICROGRAM PER LITRE
https://environment.data.gov.uk/water-quality/sampling-point/TH-PWER0030/sample/1424440/observation/8807,TH-PWER0030,WEY ABOVE THAMES,-0.4571,51.3786,Thames,THAMES - WEST THAMES,Multiple Values,OPEN,FRESHWATER - RIVERS,2025-02-26T16:15:00,2025,ENVIRONMENTAL MONITORING STATUTORY (EU DIRECTIVES),RIVER / RUNNING SURFACE WATER,8807,Aldoxycarb :- {Aldicarb Sulfone},<0.005,MICROGRAM PER LITRE
https://environment.data.gov.uk/water-quality/sampling-point/TH-PWER0030/sample/1424440/observation/8847,TH-PWER0030,WEY ABOVE THAMES,-0.4571,51.3786,Thames,THAMES - WEST THAMES,Multiple Values,OPEN,FRESHWATER - RIVERS,2025-02-26T16:15:00,2025,ENVIRONMENTAL MONITORING STATUTORY (EU DIRECTIVES),RIVER / RUNNING SURFACE WATER,8847,Carbon Disulphide,<0.1,MICROGRAM PER LITRE
https://environment.data.gov.uk/water-quality/sampling-point/TH-PWER0030/sample/1424440/observation/8940,TH-PWER0030,WEY ABOVE THAMES,-0.4571,51.3786,Thames,THAMES - WEST THAMES,Multiple Values,OPEN,FRESHWATER - RIVERS,2025-02-26T16:15:00,2025,ENVIRONMENTAL MONITORING STATUTORY (EU DIRECTIVES),RIVER / RUNNING SURFACE WATER,8940,Benzo(e)Pyrene,0.053,MICROGRAM PER LITRE
https://environment.data.gov.uk/water-quality/sampling-point/TH-PWER0030/sample/1424440/observation/8944,TH-PWER0030,WEY ABOVE THAMES,-0.4571,51.3786,Thames,THAMES - WEST THAMES,Multiple Values,OPEN,FRESHWATER - RIVERS,2025-02-26T16:15:00,2025,ENVIRONMENTAL MONITORING STATUTORY (EU DIRECTIVES),RIVER / RUNNING SURFACE WATER,8944,Tributyl Tin as Cation,<0.0002,MICROGRAM PER LITRE
https://environment.data.gov.uk/water-quality/sampling-point/TH-PWER0030/sample/1424440/observation/9003,TH-PWER0030,WEY ABOVE THAMES,-0.4571,51.3786,Thames,THAMES - WEST THAMES,Multiple Values,OPEN,FRESHWATER - RIVERS,2025-02-26T16:15:00,2025,ENVIRONMENTAL MONITORING STATUTORY (EU DIRECTIVES),RIVER / RUNNING SURFACE WATER,9003,Perylene,0.02,MICROGRAM PER LITRE
https://environment.data.gov.uk/water-quality/sampling-point/TH-PWER0030/sample/1424440/observation/9005,TH-PWER0030,WEY ABOVE THAMES,-0.4571,51.3786,Thames,THAMES - WEST THAMES,Multiple Values,OPEN,FRESHWATER - RIVERS,2025-02-26T16:15:00,2025,ENVIRONMENTAL MONITORING STATUTORY (EU DIRECTIVES),RIVER / RUNNING SURFACE WATER,9005,"2,2,3,4,4,5,6-Heptabromodiphenyl ether :- {PBDE 183}",<0.00006,MICROGRAM PER LITRE
https://environment.data.gov.uk/water-quality/sampling-point/TH-PWER0030/sample/1424440/observation/9007,TH-PWER0030,WEY ABOVE THAMES,-0.4571,51.3786,Thames,THAMES - WEST THAMES,Multiple Values,OPEN,FRESHWATER - RIVERS,2025-02-26T16:15:00,2025,ENVIRONMENTAL MONITORING STATUTORY (EU DIRECTIVES),RIVER / RUNNING SURFACE WATER,9007,"2,2,3,4,4,5-Hexabromodiphenyl ether :- {PBDE 138}",<0.00009,MICROGRAM PER LITRE
https://environment.data.gov.uk/water-quality/sampling-point/TH-PWER0030/sample/1424440/observation/9009,TH-PWER0030,WEY ABOVE THAMES,-0.4571,51.3786,Thames,THAMES - WEST THAMES,Multiple Values,OPEN,FRESHWATER - RIVERS,2025-02-26T16:15:00,2025,ENVIRONMENTAL MONITORING STATUTORY (EU DIRECTIVES),RIVER / RUNNING SURFACE WATER,9009,"2,2,3,4,4-Pentabromodiphenyl ether :- {PBDE 85}",<0.00006,MICROGRAM PER LITRE
https://environment.data.gov.uk/water-quality/sampling-point/TH-PWER0030/sample/1424440/observation/9011,TH-PWER0030,WEY ABOVE THAMES,-0.4571,51.3786,Thames,THAMES - WEST THAMES,Multiple Values,OPEN,FRESHWATER - RIVERS,2025-02-26T16:15:00,2025,ENVIRONMENTAL MONITORING STATUTORY (EU DIRECTIVES),RIVER / RUNNING SURFACE WATER,9011,"2,2,4,4,5,5-Hexabromodiphenyl ether :- {PBDE 153}",<0.00006,MICROGRAM PER LITRE
https://environment.data.gov.uk/water-quality/sampling-point/TH-PWER0030/sample/1424440/observation/9013,TH-PWER0030,WEY ABOVE THAMES,-0.4571,51.3786,Thames,THAMES - WEST THAMES,Multiple Values,OPEN,FRESHWATER - RIVERS,2025-02-26T16:15:00,2025,ENVIRONMENTAL MONITORING STATUTORY (EU DIRECTIVES),RIVER / RUNNING SURFACE WATER,9013,"2,2,4,4,5,6-Hexabromodiphenyl ether :- {PBDE 154}",<0.00006,MICROGRAM PER LITRE
https://environment.data.gov.uk/water-quality/sampling-point/TH-PWER0030/sample/1424440/observation/9015,TH-PWER0030,WEY ABOVE THAMES,-0.4571,51.3786,Thames,THAMES - WEST THAMES,Multiple Values,OPEN,FRESHWATER - RIVERS,2025-02-26T16:15:00,2025,ENVIRONMENTAL MONITORING STATUTORY (EU DIRECTIVES),RIVER / RUNNING SURFACE WATER,9015,"2,2,4,4,5-Pentabromodiphenyl ether :- {PBDE 99}",<0.00006,MICROGRAM PER LITRE
https://environment.data.gov.uk/water-quality/sampling-point/TH-PWER0030/sample/1424440/observation/9017,TH-PWER0030,WEY ABOVE THAMES,-0.4571,51.3786,Thames,THAMES - WEST THAMES,Multiple Values,OPEN,FRESHWATER - RIVERS,2025-02-26T16:15:00,2025,ENVIRONMENTAL MONITORING STATUTORY (EU DIRECTIVES),RIVER / RUNNING SURFACE WATER,9017,"2,2,4,4,6-Pentabromodiphenyl ether :- {PBDE 100}",<0.00006,MICROGRAM PER LITRE
https://environment.data.gov.uk/water-quality/sampling-point/TH-PWER0030/sample/1424440/observation/9019,TH-PWER0030,WEY ABOVE THAMES,-0.4571,51.3786,Thames,THAMES - WEST THAMES,Multiple Values,OPEN,FRESHWATER - RIVERS,2025-02-26T16:15:00,2025,ENVIRONMENTAL MONITORING STATUTORY (EU DIRECTIVES),RIVER / RUNNING SURFACE WATER,9019,"2,2,4,4-Tetrabromodiphenyl ether :- {PBDE 47}",<0.00006,MICROGRAM PER LITRE
https://environment.data.gov.uk/water-quality/sampling-point/TH-PWER0030/sample/1424440/observation/9021,TH-PWER0030,WEY ABOVE THAMES,-0.4571,51.3786,Thames,THAMES - WEST THAMES,Multiple Values,OPEN,FRESHWATER - RIVERS,2025-02-26T16:15:00,2025,ENVIRONMENTAL MONITORING STATUTORY (EU DIRECTIVES),RIVER / RUNNING SURFACE WATER,9021,"2,3,4,4-Tetrabromodiphenyl ether :- {PBDE 66}",<0.00007,MICROGRAM PER LITRE
https://environment.data.gov.uk/water-quality/sampling-point/TH-PWER0030/sample/1424440/observation/9051,TH-PWER0030,WEY ABOVE THAMES,-0.4571,51.3786,Thames,THAMES - WEST THAMES,Multiple Values,OPEN,FRESHWATER - RIVERS,2025-02-26T16:15:00,2025,ENVIRONMENTAL MONITORING STATUTORY (EU DIRECTIVES),RIVER / RUNNING SURFACE WATER,9051,"1,2,4-Trichlorobenzene",<0.1,MICROGRAM PER LITRE
https://environment.data.gov.uk/water-quality/sampling-point/TH-PWER0030/sample/1424440/observation/9068,TH-PWER0030,WEY ABOVE THAMES,-0.4571,51.3786,Thames,THAMES - WEST THAMES,Multiple Values,OPEN,FRESHWATER - RIVERS,2025-02-26T16:15:00,2025,ENVIRONMENTAL MONITORING STATUTORY (EU DIRECTIVES),RIVER / RUNNING SURFACE WATER,9068,Ioxynil,<0.005,MICROGRAM PER LITRE
https://environment.data.gov.uk/water-quality/sampling-point/TH-PWER0030/sample/1424440/observation/9073,TH-PWER0030,WEY ABOVE THAMES,-0.4571,51.3786,Thames,THAMES - WEST THAMES,Multiple Values,OPEN,FRESHWATER - RIVERS,2025-02-26T16:15:00,2025,ENVIRONMENTAL MONITORING STATUTORY (EU DIRECTIVES),RIVER / RUNNING SURFACE WATER,9073,Carbetamide,<0.01,MICROGRAM PER LITRE
https://environment.data.gov.uk/water-quality/sampling-point/TH-PWER0030/sample/1424440/observation/9091,TH-PWER0030,WEY ABOVE THAMES,-0.4571,51.3786,Thames,THAMES - WEST THAMES,Multiple Values,OPEN,FRESHWATER - RIVERS,2025-02-26T16:15:00,2025,ENVIRONMENTAL MONITORING STATUTORY (EU DIRECTIVES),RIVER / RUNNING SURFACE WATER,9091,"2,5-Dichlorophenol",<0.02,MICROGRAM PER LITRE
https://environment.data.gov.uk/water-quality/sampling-point/TH-PWER0030/sample/1424440/observation/9094,TH-PWER0030,WEY ABOVE THAMES,-0.4571,51.3786,Thames,THAMES - WEST THAMES,Multiple Values,OPEN,FRESHWATER - RIVERS,2025-02-26T16:15:00,2025,ENVIRONMENTAL MONITORING STATUTORY (EU DIRECTIVES),RIVER / RUNNING SURFACE WATER,9094,"2,5-Dimethylphenol :- {2,5-Xylenol}",<0.02,MICROGRAM PER LITRE
https://environment.data.gov.uk/water-quality/sampling-point/TH-PWER0030/sample/1424440/observation/9145,TH-PWER0030,WEY ABOVE THAMES,-0.4571,51.3786,Thames,THAMES - WEST THAMES,Multiple Values,OPEN,FRESHWATER - RIVERS,2025-02-26T16:15:00,2025,ENVIRONMENTAL MONITORING STATUTORY (EU DIRECTIVES),RIVER / RUNNING SURFACE WATER,9145,"1,2-Dibromoethane",<0.1,MICROGRAM PER LITRE
https://environment.data.gov.uk/water-quality/sampling-point/TH-PWER0030/sample/1424440/observation/9190,TH-PWER0030,WEY ABOVE THAMES,-0.4571,51.3786,Thames,THAMES - WEST THAMES,Multiple Values,OPEN,FRESHWATER - RIVERS,2025-02-26T16:15:00,2025,ENVIRONMENTAL MONITORING STATUTORY (EU DIRECTIVES),RIVER / RUNNING SURFACE WATER,9190,4-Nonylphenol Branched,<0.04,MICROGRAM PER LITRE
https://environment.data.gov.uk/water-quality/sampling-point/TH-PWER0030/sample/1424440/observation/9248,TH-PWER0030,WEY ABOVE THAMES,-0.4571,51.3786,Thames,THAMES - WEST THAMES,Multiple Values,OPEN,FRESHWATER - RIVERS,2025-02-26T16:15:00,2025,ENVIRONMENTAL MONITORING STATUTORY (EU DIRECTIVES),RIVER / RUNNING SURFACE WATER,9248,"Hexabromocyclododecane Total: (Sum of a, b, g)",<0.0002,MICROGRAM PER LITRE
https://environment.data.gov.uk/water-quality/sampling-point/TH-PWER0030/sample/1424440/observation/9267,TH-PWER0030,WEY ABOVE THAMES,-0.4571,51.3786,Thames,THAMES - WEST THAMES,Multiple Values,OPEN,FRESHWATER - RIVERS,2025-02-26T16:15:00,2025,ENVIRONMENTAL MONITORING STATUTORY (EU DIRECTIVES),RIVER / RUNNING SURFACE WATER,9267,4-tert-Octylphenol :- {p-tert-Octylphenol},<0.01,MICROGRAM PER LITRE
https://environment.data.gov.uk/water-quality/sampling-point/TH-PWER0030/sample/1424440/observation/9274,TH-PWER0030,WEY ABOVE THAMES,-0.4571,51.3786,Thames,THAMES - WEST THAMES,Multiple Values,OPEN,FRESHWATER - RIVERS,2025-02-26T16:15:00,2025,ENVIRONMENTAL MONITORING STATUTORY (EU DIRECTIVES),RIVER / RUNNING SURFACE WATER,9274,Perfluorooctanoate anion,0.002,MICROGRAM PER LITRE
https://environment.data.gov.uk/water-quality/sampling-point/TH-PWER0030/sample/1424440/observation/9276,TH-PWER0030,WEY ABOVE THAMES,-0.4571,51.3786,Thames,THAMES - WEST THAMES,Multiple Values,OPEN,FRESHWATER - RIVERS,2025-02-26T16:15:00,2025,ENVIRONMENTAL MONITORING STATUTORY (EU DIRECTIVES),RIVER / RUNNING SURFACE WATER,9276,Perfluorooctylsulphonate anion,0.0023,MICROGRAM PER LITRE
https://environment.data.gov.uk/water-quality/sampling-point/TH-PWER0030/sample/1424440/observation/9339,TH-PWER0030,WEY ABOVE THAMES,-0.4571,51.3786,Thames,THAMES - WEST THAMES,Multiple Values,OPEN,FRESHWATER - RIVERS,2025-02-26T16:15:00,2025,ENVIRONMENTAL MONITORING STATUTORY (EU DIRECTIVES),RIVER / RUNNING SURFACE WATER,9339,Fenuron,<0.01,MICROGRAM PER LITRE
https://environment.data.gov.uk/water-quality/sampling-point/TH-PWER0030/sample/1424440/observation/9343,TH-PWER0030,WEY ABOVE THAMES,-0.4571,51.3786,Thames,THAMES - WEST THAMES,Multiple Values,OPEN,FRESHWATER - RIVERS,2025-02-26T16:15:00,2025,ENVIRONMENTAL MONITORING STATUTORY (EU DIRECTIVES),RIVER / RUNNING SURFACE WATER,9343,Carbaryl,<0.01,MICROGRAM PER LITRE
https://environment.data.gov.uk/water-quality/sampling-point/TH-PWER0030/sample/1424440/observation/9344,TH-PWER0030,WEY ABOVE THAMES,-0.4571,51.3786,Thames,THAMES - WEST THAMES,Multiple Values,OPEN,FRESHWATER - RIVERS,2025-02-26T16:15:00,2025,ENVIRONMENTAL MONITORING STATUTORY (EU DIRECTIVES),RIVER / RUNNING SURFACE WATER,9344,Aldicarb,<0.005,MICROGRAM PER LITRE
https://environment.data.gov.uk/water-quality/sampling-point/TH-PWER0030/sample/1424440/observation/9345,TH-PWER0030,WEY ABOVE THAMES,-0.4571,51.3786,Thames,THAMES - WEST THAMES,Multiple Values,OPEN,FRESHWATER - RIVERS,2025-02-26T16:15:00,2025,ENVIRONMENTAL MONITORING STATUTORY (EU DIRECTIVES),RIVER / RUNNING SURFACE WATER,9345,Diflurobenzuron,<0.01,MICROGRAM PER LITRE
https://environment.data.gov.uk/water-quality/sampling-point/TH-PWER0030/sample/1424440/observation/9348,TH-PWER0030,WEY ABOVE THAMES,-0.4571,51.3786,Thames,THAMES - WEST THAMES,Multiple Values,OPEN,FRESHWATER - RIVERS,2025-02-26T16:15:00,2025,ENVIRONMENTAL MONITORING STATUTORY (EU DIRECTIVES),RIVER / RUNNING SURFACE WATER,9348,Chlorotoluron,<0.01,MICROGRAM PER LITRE
https://environment.data.gov.uk/water-quality/sampling-point/TH-PWER0030/sample/1424440/observation/9446,TH-PWER0030,WEY ABOVE THAMES,-0.4571,51.3786,Thames,THAMES - WEST THAMES,Multiple Values,OPEN,FRESHWATER - RIVERS,2025-02-26T16:15:00,2025,ENVIRONMENTAL MONITORING STATUTORY (EU DIRECTIVES),RIVER / RUNNING SURFACE WATER,9446,"Barium, Dissolved",22,MICROGRAM PER LITRE
https://environment.data.gov.uk/water-quality/sampling-point/TH-PWER0030/sample/1424440/observation/9447,TH-PWER0030,WEY ABOVE THAMES,-0.4571,51.3786,Thames,THAMES - WEST THAMES,Multiple Values,OPEN,FRESHWATER - RIVERS,2025-02-26T16:15:00,2025,ENVIRONMENTAL MONITORING STATUTORY (EU DIRECTIVES),RIVER / RUNNING SURFACE WATER,9447,"Boron, Dissolved",<100,MICROGRAM PER LITRE
https://environment.data.gov.uk/water-quality/sampling-point/TH-PWER0030/sample/1424440/observation/9451,TH-PWER0030,WEY ABOVE THAMES,-0.4571,51.3786,Thames,THAMES - WEST THAMES,Multiple Values,OPEN,FRESHWATER - RIVERS,2025-02-26T16:15:00,2025,ENVIRONMENTAL MONITORING STATUTORY (EU DIRECTIVES),RIVER / RUNNING SURFACE WATER,9451,"2,3-Dimethylphenol :- {2,3-Xylenol}",<0.02,MICROGRAM PER LITRE
https://environment.data.gov.uk/water-quality/sampling-point/TH-PWER0030/sample/1424440/observation/9453,TH-PWER0030,WEY ABOVE THAMES,-0.4571,51.3786,Thames,THAMES - WEST THAMES,Multiple Values,OPEN,FRESHWATER - RIVERS,2025-02-26T16:15:00,2025,ENVIRONMENTAL MONITORING STATUTORY (EU DIRECTIVES),RIVER / RUNNING SURFACE WATER,9453,"2,3-Dichlorophenol",<0.02,MICROGRAM PER LITRE
https://environment.data.gov.uk/water-quality/sampling-point/TH-PWER0030/sample/1424440/observation/9454,TH-PWER0030,WEY ABOVE THAMES,-0.4571,51.3786,Thames,THAMES - WEST THAMES,Multiple Values,OPEN,FRESHWATER - RIVERS,2025-02-26T16:15:00,2025,ENVIRONMENTAL MONITORING STATUTORY (EU DIRECTIVES),RIVER / RUNNING SURFACE WATER,9454,2-Ethyl phenol,<0.02,MICROGRAM PER LITRE
https://environment.data.gov.uk/water-quality/sampling-point/TH-PWER0030/sample/1424440/observation/9456,TH-PWER0030,WEY ABOVE THAMES,-0.4571,51.3786,Thames,THAMES - WEST THAMES,Multiple Values,OPEN,FRESHWATER - RIVERS,2025-02-26T16:15:00,2025,ENVIRONMENTAL MONITORING STATUTORY (EU DIRECTIVES),RIVER / RUNNING SURFACE WATER,9456,"1,2,4-Trimethylbenzene",<0.1,MICROGRAM PER LITRE
https://environment.data.gov.uk/water-quality/sampling-point/TH-PWER0030/sample/1424440/observation/9457,TH-PWER0030,WEY ABOVE THAMES,-0.4571,51.3786,Thames,THAMES - WEST THAMES,Multiple Values,OPEN,FRESHWATER - RIVERS,2025-02-26T16:15:00,2025,ENVIRONMENTAL MONITORING STATUTORY (EU DIRECTIVES),RIVER / RUNNING SURFACE WATER,9457,"1,2,3-Trimethylbenzene",<0.1,MICROGRAM PER LITRE
https://environment.data.gov.uk/water-quality/sampling-point/TH-PWER0030/sample/1424440/observation/9458,TH-PWER0030,WEY ABOVE THAMES,-0.4571,51.3786,Thames,THAMES - WEST THAMES,Multiple Values,OPEN,FRESHWATER - RIVERS,2025-02-26T16:15:00,2025,ENVIRONMENTAL MONITORING STATUTORY (EU DIRECTIVES),RIVER / RUNNING SURFACE WATER,9458,"1,3,5-Trimethylbenzene :- {Mesitylene}",<0.1,MICROGRAM PER LITRE
https://environment.data.gov.uk/water-quality/sampling-point/TH-PWER0030/sample/1424440/observation/9522,TH-PWER0030,WEY ABOVE THAMES,-0.4571,51.3786,Thames,THAMES - WEST THAMES,Multiple Values,OPEN,FRESHWATER - RIVERS,2025-02-26T16:15:00,2025,ENVIRONMENTAL MONITORING STATUTORY (EU DIRECTIVES),RIVER / RUNNING SURFACE WATER,9522,Phenol,0.055,MICROGRAM PER LITRE
https://environment.data.gov.uk/water-quality/sampling-point/TH-PWER0030/sample/1424440/observation/9618,TH-PWER0030,WEY ABOVE THAMES,-0.4571,51.3786,Thames,THAMES - WEST THAMES,Multiple Values,OPEN,FRESHWATER - RIVERS,2025-02-26T16:15:00,2025,ENVIRONMENTAL MONITORING STATUTORY (EU DIRECTIVES),RIVER / RUNNING SURFACE WATER,9618,"1,2-Dichlorobenzene",<0.1,MICROGRAM PER LITRE
https://environment.data.gov.uk/water-quality/sampling-point/TH-PWER0030/sample/1424440/observation/9619,TH-PWER0030,WEY ABOVE THAMES,-0.4571,51.3786,Thames,THAMES - WEST THAMES,Multiple Values,OPEN,FRESHWATER - RIVERS,2025-02-26T16:15:00,2025,ENVIRONMENTAL MONITORING STATUTORY (EU DIRECTIVES),RIVER / RUNNING SURFACE WATER,9619,"1,3-Dichlorobenzene",<0.1,MICROGRAM PER LITRE
https://environment.data.gov.uk/water-quality/sampling-point/TH-PWER0030/sample/1424440/observation/9669,TH-PWER0030,WEY ABOVE THAMES,-0.4571,51.3786,Thames,THAMES - WEST THAMES,Multiple Values,OPEN,FRESHWATER - RIVERS,2025-02-26T16:15:00,2025,ENVIRONMENTAL MONITORING STATUTORY (EU DIRECTIVES),RIVER / RUNNING SURFACE WATER,9669,Naphthalene,<0.01,MICROGRAM PER LITRE
https://environment.data.gov.uk/water-quality/sampling-point/TH-PWER0030/sample/1424440/observation/9671,TH-PWER0030,WEY ABOVE THAMES,-0.4571,51.3786,Thames,THAMES - WEST THAMES,Multiple Values,OPEN,FRESHWATER - RIVERS,2025-02-26T16:15:00,2025,ENVIRONMENTAL MONITORING STATUTORY (EU DIRECTIVES),RIVER / RUNNING SURFACE WATER,9671,Phenanthrene,0.012,MICROGRAM PER LITRE
https://environment.data.gov.uk/water-quality/sampling-point/TH-PWER0030/sample/1424440/observation/9684,TH-PWER0030,WEY ABOVE THAMES,-0.4571,51.3786,Thames,THAMES - WEST THAMES,Multiple Values,OPEN,FRESHWATER - RIVERS,2025-02-26T16:15:00,2025,ENVIRONMENTAL MONITORING STATUTORY (EU DIRECTIVES),RIVER / RUNNING SURFACE WATER,9684,"1,1-Dichloropropylene :- {1,1-Dichloropropene}",<0.1,MICROGRAM PER LITRE
https://environment.data.gov.uk/water-quality/sampling-point/TH-PWER0030/sample/1424440/observation/9703,TH-PWER0030,WEY ABOVE THAMES,-0.4571,51.3786,Thames,THAMES - WEST THAMES,Multiple Values,OPEN,FRESHWATER - RIVERS,2025-02-26T16:15:00,2025,ENVIRONMENTAL MONITORING STATUTORY (EU DIRECTIVES),RIVER / RUNNING SURFACE WATER,9703,3-Chlorophenol,<0.02,MICROGRAM PER LITRE
https://environment.data.gov.uk/water-quality/sampling-point/TH-PWER0030/sample/1424440/observation/9756,TH-PWER0030,WEY ABOVE THAMES,-0.4571,51.3786,Thames,THAMES - WEST THAMES,Multiple Values,OPEN,FRESHWATER - RIVERS,2025-02-26T16:15:00,2025,ENVIRONMENTAL MONITORING STATUTORY (EU DIRECTIVES),RIVER / RUNNING SURFACE WATER,9756,Neburon,<0.01,MICROGRAM PER LITRE
https://environment.data.gov.uk/water-quality/sampling-point/TH-PWER0030/sample/1424440/observation/9811,TH-PWER0030,WEY ABOVE THAMES,-0.4571,51.3786,Thames,THAMES - WEST THAMES,Multiple Values,OPEN,FRESHWATER - RIVERS,2025-02-26T16:15:00,2025,ENVIRONMENTAL MONITORING STATUTORY (EU DIRECTIVES),RIVER / RUNNING SURFACE WATER,9811,"1,1,2-Trichloroethane",<0.1,MICROGRAM PER LITRE
https://environment.data.gov.uk/water-quality/sampling-point/TH-PWER0030/sample/1424440/observation/9814,TH-PWER0030,WEY ABOVE THAMES,-0.4571,51.3786,Thames,THAMES - WEST THAMES,Multiple Values,OPEN,FRESHWATER - RIVERS,2025-02-26T16:15:00,2025,ENVIRONMENTAL MONITORING STATUTORY (EU DIRECTIVES),RIVER / RUNNING SURFACE WATER,9814,2-Chlorophenol,<0.02,MICROGRAM PER LITRE
https://environment.data.gov.uk/water-quality/sampling-point/TH-PWER0030/sample/1424440/observation/9815,TH-PWER0030,WEY ABOVE THAMES,-0.4571,51.3786,Thames,THAMES - WEST THAMES,Multiple Values,OPEN,FRESHWATER - RIVERS,2025-02-26T16:15:00,2025,ENVIRONMENTAL MONITORING STATUTORY (EU DIRECTIVES),RIVER / RUNNING SURFACE WATER,9815,4-Chlorophenol,<0.02,MICROGRAM PER LITRE
https://environment.data.gov.uk/water-quality/sampling-point/TH-PWER0030/sample/1424440/observation/9816,TH-PWER0030,WEY ABOVE THAMES,-0.4571,51.3786,Thames,THAMES - WEST THAMES,Multiple Values,OPEN,FRESHWATER - RIVERS,2025-02-26T16:15:00,2025,ENVIRONMENTAL MONITORING STATUTORY (EU DIRECTIVES),RIVER / RUNNING SURFACE WATER,9816,"2,4-Dichlorophenol",<0.02,MICROGRAM PER LITRE
https://environment.data.gov.uk/water-quality/sampling-point/TH-PWER0030/sample/1424440/observation/9817,TH-PWER0030,WEY ABOVE THAMES,-0.4571,51.3786,Thames,THAMES - WEST THAMES,Multiple Values,OPEN,FRESHWATER - RIVERS,2025-02-26T16:15:00,2025,ENVIRONMENTAL MONITORING STATUTORY (EU DIRECTIVES),RIVER / RUNNING SURFACE WATER,9817,"2,6-Dichlorophenol",<0.02,MICROGRAM PER LITRE
https://environment.data.gov.uk/water-quality/sampling-point/TH-PWER0030/sample/1424440/observation/9818,TH-PWER0030,WEY ABOVE THAMES,-0.4571,51.3786,Thames,THAMES - WEST THAMES,Multiple Values,OPEN,FRESHWATER - RIVERS,2025-02-26T16:15:00,2025,ENVIRONMENTAL MONITORING STATUTORY (EU DIRECTIVES),RIVER / RUNNING SURFACE WATER,9818,"2,4,5-Trichlorophenol",<0.02,MICROGRAM PER LITRE
https://environment.data.gov.uk/water-quality/sampling-point/TH-PWER0030/sample/1424440/observation/9819,TH-PWER0030,WEY ABOVE THAMES,-0.4571,51.3786,Thames,THAMES - WEST THAMES,Multiple Values,OPEN,FRESHWATER - RIVERS,2025-02-26T16:15:00,2025,ENVIRONMENTAL MONITORING STATUTORY (EU DIRECTIVES),RIVER / RUNNING SURFACE WATER,9819,"2,4,6-Trichlorophenol",<0.02,MICROGRAM PER LITRE
https://environment.data.gov.uk/water-quality/sampling-point/TH-PWER0030/sample/1424440/observation/9836,TH-PWER0030,WEY ABOVE THAMES,-0.4571,51.3786,Thames,THAMES - WEST THAMES,Multiple Values,OPEN,FRESHWATER - RIVERS,2025-02-26T16:15:00,2025,ENVIRONMENTAL MONITORING STATUTORY (EU DIRECTIVES),RIVER / RUNNING SURFACE WATER,9836,"1,1-Dichloroethylene :- {1,1-Dichloroethene}",<0.1,MICROGRAM PER LITRE
https://environment.data.gov.uk/water-quality/sampling-point/TH-PWER0030/sample/1424440/observation/9839,TH-PWER0030,WEY ABOVE THAMES,-0.4571,51.3786,Thames,THAMES - WEST THAMES,Multiple Values,OPEN,FRESHWATER - RIVERS,2025-02-26T16:15:00,2025,ENVIRONMENTAL MONITORING STATUTORY (EU DIRECTIVES),RIVER / RUNNING SURFACE WATER,9839,tert-Amyl methyl ether :- {TAME},<0.1,MICROGRAM PER LITRE
https://environment.data.gov.uk/water-quality/sampling-point/TH-PWER0030/sample/1424440/observation/9844,TH-PWER0030,WEY ABOVE THAMES,-0.4571,51.3786,Thames,THAMES - WEST THAMES,Multiple Values,OPEN,FRESHWATER - RIVERS,2025-02-26T16:15:00,2025,ENVIRONMENTAL MONITORING STATUTORY (EU DIRECTIVES),RIVER / RUNNING SURFACE WATER,9844,Ethyl tert-butyl ether :- {ETBE},<0.1,MICROGRAM PER LITRE
https://environment.data.gov.uk/water-quality/sampling-point/TH-PWER0030/sample/1424440/observation/9845,TH-PWER0030,WEY ABOVE THAMES,-0.4571,51.3786,Thames,THAMES - WEST THAMES,Multiple Values,OPEN,FRESHWATER - RIVERS,2025-02-26T16:15:00,2025,ENVIRONMENTAL MONITORING STATUTORY (EU DIRECTIVES),RIVER / RUNNING SURFACE WATER,9845,"1,2-Dimethylbenzene :- {o-Xylene}",<0.1,MICROGRAM PER LITRE
https://environment.data.gov.uk/water-quality/sampling-point/TH-PWER0030/sample/1424440/observation/9861,TH-PWER0030,WEY ABOVE THAMES,-0.4571,51.3786,Thames,THAMES - WEST THAMES,Multiple Values,OPEN,FRESHWATER - RIVERS,2025-02-26T16:15:00,2025,ENVIRONMENTAL MONITORING STATUTORY (EU DIRECTIVES),RIVER / RUNNING SURFACE WATER,9861,Metsulfuron-methyl,<0.01,MICROGRAM PER LITRE
https://environment.data.gov.uk/water-quality/sampling-point/TH-PWER0030/sample/1424440/observation/9883,TH-PWER0030,WEY ABOVE THAMES,-0.4571,51.3786,Thames,THAMES - WEST THAMES,Multiple Values,OPEN,FRESHWATER - RIVERS,2025-02-26T16:15:00,2025,ENVIRONMENTAL MONITORING STATUTORY (EU DIRECTIVES),RIVER / RUNNING SURFACE WATER,9883,Picloram,<0.005,MICROGRAM PER LITRE
https://environment.data.gov.uk/water-quality/sampling-point/TH-PWER0030/sample/1424440/observation/9888,TH-PWER0030,WEY ABOVE THAMES,-0.4571,51.3786,Thames,THAMES - WEST THAMES,Multiple Values,OPEN,FRESHWATER - RIVERS,2025-02-26T16:15:00,2025,ENVIRONMENTAL MONITORING STATUTORY (EU DIRECTIVES),RIVER / RUNNING SURFACE WATER,9888,Styrene :- {Vinylbenzene},<0.1,MICROGRAM PER LITRE
https://environment.data.gov.uk/water-quality/sampling-point/TH-PWER0030/sample/1424440/observation/9901,TH-PWER0030,WEY ABOVE THAMES,-0.4571,51.3786,Thames,THAMES - WEST THAMES,Multiple Values,OPEN,FRESHWATER - RIVERS,2025-02-26T16:15:00,2025,ENVIRONMENTAL MONITORING STATUTORY (EU DIRECTIVES),RIVER / RUNNING SURFACE WATER,9901,"Oxygen, Dissolved, % Saturation",94.7,PERCENTAGE
https://environment.data.gov.uk/water-quality/sampling-point/TH-PWER0030/sample/1424440/observation/9924,TH-PWER0030,WEY ABOVE THAMES,-0.4571,51.3786,Thames,THAMES - WEST THAMES,Multiple Values,OPEN,FRESHWATER - RIVERS,2025-02-26T16:15:00,2025,ENVIRONMENTAL MONITORING STATUTORY (EU DIRECTIVES),RIVER / RUNNING SURFACE WATER,9924,"Oxygen, Dissolved as O2",11.1,MILLIGRAM PER LITRE
https://environment.data.gov.uk/water-quality/sampling-point/TH-PWER0030/sample/1435319/observation/0052,TH-PWER0030,WEY ABOVE THAMES,-0.4571,51.3786,Thames,THAMES - WEST THAMES,Multiple Values,OPEN,FRESHWATER - RIVERS,2025-03-20T14:54:00,2025,ENVIRONMENTAL MONITORING STATUTORY (EU DIRECTIVES),RIVER / RUNNING SURFACE WATER,52,"Lead, Dissolved",<0.1,MICROGRAM PER LITRE
https://environment.data.gov.uk/water-quality/sampling-point/TH-PWER0030/sample/1435319/observation/0061,TH-PWER0030,WEY ABOVE THAMES,-0.4571,51.3786,Thames,THAMES - WEST THAMES,Multiple Values,OPEN,FRESHWATER - RIVERS,2025-03-20T14:54:00,2025,ENVIRONMENTAL MONITORING STATUTORY (EU DIRECTIVES),RIVER / RUNNING SURFACE WATER,61,pH,7.84,PH UNITS
https://environment.data.gov.uk/water-quality/sampling-point/TH-PWER0030/sample/1435319/observation/0076,TH-PWER0030,WEY ABOVE THAMES,-0.4571,51.3786,Thames,THAMES - WEST THAMES,Multiple Values,OPEN,FRESHWATER - RIVERS,2025-03-20T14:54:00,2025,ENVIRONMENTAL MONITORING STATUTORY (EU DIRECTIVES),RIVER / RUNNING SURFACE WATER,76,Temperature of Water,10.3,CELSIUS
https://environment.data.gov.uk/water-quality/sampling-point/TH-PWER0030/sample/1435319/observation/0077,TH-PWER0030,WEY ABOVE THAMES,-0.4571,51.3786,Thames,THAMES - WEST THAMES,Multiple Values,OPEN,FRESHWATER - RIVERS,2025-03-20T14:54:00,2025,ENVIRONMENTAL MONITORING STATUTORY (EU DIRECTIVES),RIVER / RUNNING SURFACE WATER,77,Conductivity at 25 C,506,MICROSIEMENS PER CENTIMETRE
https://environment.data.gov.uk/water-quality/sampling-point/TH-PWER0030/sample/1435319/observation/0085,TH-PWER0030,WEY ABOVE THAMES,-0.4571,51.3786,Thames,THAMES - WEST THAMES,Multiple Values,OPEN,FRESHWATER - RIVERS,2025-03-20T14:54:00,2025,ENVIRONMENTAL MONITORING STATUTORY (EU DIRECTIVES),RIVER / RUNNING SURFACE WATER,85,BOD : 5 Day ATU,1.8,MILLIGRAM PER LITRE
https://environment.data.gov.uk/water-quality/sampling-point/TH-PWER0030/sample/1435319/observation/0103,TH-PWER0030,WEY ABOVE THAMES,-0.4571,51.3786,Thames,THAMES - WEST THAMES,Multiple Values,OPEN,FRESHWATER - RIVERS,2025-03-20T14:54:00,2025,ENVIRONMENTAL MONITORING STATUTORY (EU DIRECTIVES),RIVER / RUNNING SURFACE WATER,103,"Mercury, Dissolved",<0.01,MICROGRAM PER LITRE
https://environment.data.gov.uk/water-quality/sampling-point/TH-PWER0030/sample/1435319/observation/0106,TH-PWER0030,WEY ABOVE THAMES,-0.4571,51.3786,Thames,THAMES - WEST THAMES,Multiple Values,OPEN,FRESHWATER - RIVERS,2025-03-20T14:54:00,2025,ENVIRONMENTAL MONITORING STATUTORY (EU DIRECTIVES),RIVER / RUNNING SURFACE WATER,106,"Cadmium, Dissolved",<0.01,MICROGRAM PER LITRE
https://environment.data.gov.uk/water-quality/sampling-point/TH-PWER0030/sample/1435319/observation/0111,TH-PWER0030,WEY ABOVE THAMES,-0.4571,51.3786,Thames,THAMES - WEST THAMES,Multiple Values,OPEN,FRESHWATER - RIVERS,2025-03-20T14:54:00,2025,ENVIRONMENTAL MONITORING STATUTORY (EU DIRECTIVES),RIVER / RUNNING SURFACE WATER,111,Ammoniacal Nitrogen as N,0.23,MILLIGRAM PER LITRE
https://environment.data.gov.uk/water-quality/sampling-point/TH-PWER0030/sample/1435319/observation/0116,TH-PWER0030,WEY ABOVE THAMES,-0.4571,51.3786,Thames,THAMES - WEST THAMES,Multiple Values,OPEN,FRESHWATER - RIVERS,2025-03-20T14:54:00,2025,ENVIRONMENTAL MONITORING STATUTORY (EU DIRECTIVES),RIVER / RUNNING SURFACE WATER,116,"Nitrogen, Total Oxidised as N",7.4,MILLIGRAM PER LITRE
https://environment.data.gov.uk/water-quality/sampling-point/TH-PWER0030/sample/1435319/observation/0117,TH-PWER0030,WEY ABOVE THAMES,-0.4571,51.3786,Thames,THAMES - WEST THAMES,Multiple Values,OPEN,FRESHWATER - RIVERS,2025-03-20T14:54:00,2025,ENVIRONMENTAL MONITORING STATUTORY (EU DIRECTIVES),RIVER / RUNNING SURFACE WATER,117,Nitrate as N,7.32,MILLIGRAM PER LITRE
https://environment.data.gov.uk/water-quality/sampling-point/TH-PWER0030/sample/1435319/observation/0118,TH-PWER0030,WEY ABOVE THAMES,-0.4571,51.3786,Thames,THAMES - WEST THAMES,Multiple Values,OPEN,FRESHWATER - RIVERS,2025-03-20T14:54:00,2025,ENVIRONMENTAL MONITORING STATUTORY (EU DIRECTIVES),RIVER / RUNNING SURFACE WATER,118,Nitrite as N,0.079,MILLIGRAM PER LITRE
https://environment.data.gov.uk/water-quality/sampling-point/TH-PWER0030/sample/1435319/observation/0119,TH-PWER0030,WEY ABOVE THAMES,-0.4571,51.3786,Thames,THAMES - WEST THAMES,Multiple Values,OPEN,FRESHWATER - RIVERS,2025-03-20T14:54:00,2025,ENVIRONMENTAL MONITORING STATUTORY (EU DIRECTIVES),RIVER / RUNNING SURFACE WATER,119,Ammonia un-ionised as N,0.00298,MILLIGRAM PER LITRE
https://environment.data.gov.uk/water-quality/sampling-point/TH-PWER0030/sample/1435319/observation/0162,TH-PWER0030,WEY ABOVE THAMES,-0.4571,51.3786,Thames,THAMES - WEST THAMES,Multiple Values,OPEN,FRESHWATER - RIVERS,2025-03-20T14:54:00,2025,ENVIRONMENTAL MONITORING STATUTORY (EU DIRECTIVES),RIVER / RUNNING SURFACE WATER,162,Alkalinity to pH 4.5 as CaCO3,140,MILLIGRAM PER LITRE
https://environment.data.gov.uk/water-quality/sampling-point/TH-PWER0030/sample/1435319/observation/0180,TH-PWER0030,WEY ABOVE THAMES,-0.4571,51.3786,Thames,THAMES - WEST THAMES,Multiple Values,OPEN,FRESHWATER - RIVERS,2025-03-20T14:54:00,2025,ENVIRONMENTAL MONITORING STATUTORY (EU DIRECTIVES),RIVER / RUNNING SURFACE WATER,180,"Orthophosphate, reactive as P",0.1,MILLIGRAM PER LITRE
https://environment.data.gov.uk/water-quality/sampling-point/TH-PWER0030/sample/1435319/observation/0205,TH-PWER0030,WEY ABOVE THAMES,-0.4571,51.3786,Thames,THAMES - WEST THAMES,Multiple Values,OPEN,FRESHWATER - RIVERS,2025-03-20T14:54:00,2025,ENVIRONMENTAL MONITORING STATUTORY (EU DIRECTIVES),RIVER / RUNNING SURFACE WATER,205,"Sodium, Dissolved",25,MILLIGRAM PER LITRE
https://environment.data.gov.uk/water-quality/sampling-point/TH-PWER0030/sample/1435319/observation/0209,TH-PWER0030,WEY ABOVE THAMES,-0.4571,51.3786,Thames,THAMES - WEST THAMES,Multiple Values,OPEN,FRESHWATER - RIVERS,2025-03-20T14:54:00,2025,ENVIRONMENTAL MONITORING STATUTORY (EU DIRECTIVES),RIVER / RUNNING SURFACE WATER,209,"Potassium, Dissolved",5.3,MILLIGRAM PER LITRE
https://environment.data.gov.uk/water-quality/sampling-point/TH-PWER0030/sample/1435319/observation/0235,TH-PWER0030,WEY ABOVE THAMES,-0.4571,51.3786,Thames,THAMES - WEST THAMES,Multiple Values,OPEN,FRESHWATER - RIVERS,2025-03-20T14:54:00,2025,ENVIRONMENTAL MONITORING STATUTORY (EU DIRECTIVES),RIVER / RUNNING SURFACE WATER,235,"Magnesium, Dissolved",4.1,MILLIGRAM PER LITRE
https://environment.data.gov.uk/water-quality/sampling-point/TH-PWER0030/sample/1435319/observation/0239,TH-PWER0030,WEY ABOVE THAMES,-0.4571,51.3786,Thames,THAMES - WEST THAMES,Multiple Values,OPEN,FRESHWATER - RIVERS,2025-03-20T14:54:00,2025,ENVIRONMENTAL MONITORING STATUTORY (EU DIRECTIVES),RIVER / RUNNING SURFACE WATER,239,"Calcium, Dissolved",70,MILLIGRAM PER LITRE
https://environment.data.gov.uk/water-quality/sampling-point/TH-PWER0030/sample/1435319/observation/0301,TH-PWER0030,WEY ABOVE THAMES,-0.4571,51.3786,Thames,THAMES - WEST THAMES,Multiple Values,OPEN,FRESHWATER - RIVERS,2025-03-20T14:54:00,2025,ENVIRONMENTAL MONITORING STATUTORY (EU DIRECTIVES),RIVER / RUNNING SURFACE WATER,301,"Carbon, Organic, Dissolved as C :- {DOC}",3.8,MILLIGRAM PER LITRE
https://environment.data.gov.uk/water-quality/sampling-point/TH-PWER0030/sample/1435319/observation/1049,TH-PWER0030,WEY ABOVE THAMES,-0.4571,51.3786,Thames,THAMES - WEST THAMES,Multiple Values,OPEN,FRESHWATER - RIVERS,2025-03-20T14:54:00,2025,ENVIRONMENTAL MONITORING STATUTORY (EU DIRECTIVES),RIVER / RUNNING SURFACE WATER,1049,Carbon tetrachloride :- {Tetrachloromethane},<0.1,MICROGRAM PER LITRE
https://environment.data.gov.uk/water-quality/sampling-point/TH-PWER0030/sample/1435319/observation/1085,TH-PWER0030,WEY ABOVE THAMES,-0.4571,51.3786,Thames,THAMES - WEST THAMES,Multiple Values,OPEN,FRESHWATER - RIVERS,2025-03-20T14:54:00,2025,ENVIRONMENTAL MONITORING STATUTORY (EU DIRECTIVES),RIVER / RUNNING SURFACE WATER,1085,Pentachlorophenol,<0.02,MICROGRAM PER LITRE
https://environment.data.gov.uk/water-quality/sampling-point/TH-PWER0030/sample/1435319/observation/3268,TH-PWER0030,WEY ABOVE THAMES,-0.4571,51.3786,Thames,THAMES - WEST THAMES,Multiple Values,OPEN,FRESHWATER - RIVERS,2025-03-20T14:54:00,2025,ENVIRONMENTAL MONITORING STATUTORY (EU DIRECTIVES),RIVER / RUNNING SURFACE WATER,3268,"1,1,1-Trichloroethane",<0.1,MICROGRAM PER LITRE
https://environment.data.gov.uk/water-quality/sampling-point/TH-PWER0030/sample/1435319/observation/3269,TH-PWER0030,WEY ABOVE THAMES,-0.4571,51.3786,Thames,THAMES - WEST THAMES,Multiple Values,OPEN,FRESHWATER - RIVERS,2025-03-20T14:54:00,2025,ENVIRONMENTAL MONITORING STATUTORY (EU DIRECTIVES),RIVER / RUNNING SURFACE WATER,3269,"1,1-Dichloroethane",<0.1,MICROGRAM PER LITRE
https://environment.data.gov.uk/water-quality/sampling-point/TH-PWER0030/sample/1435319/observation/3272,TH-PWER0030,WEY ABOVE THAMES,-0.4571,51.3786,Thames,THAMES - WEST THAMES,Multiple Values,OPEN,FRESHWATER - RIVERS,2025-03-20T14:54:00,2025,ENVIRONMENTAL MONITORING STATUTORY (EU DIRECTIVES),RIVER / RUNNING SURFACE WATER,3272,"1,2-Dichloroethane",<0.1,MICROGRAM PER LITRE
https://environment.data.gov.uk/water-quality/sampling-point/TH-PWER0030/sample/1435319/observation/3282,TH-PWER0030,WEY ABOVE THAMES,-0.4571,51.3786,Thames,THAMES - WEST THAMES,Multiple Values,OPEN,FRESHWATER - RIVERS,2025-03-20T14:54:00,2025,ENVIRONMENTAL MONITORING STATUTORY (EU DIRECTIVES),RIVER / RUNNING SURFACE WATER,3282,Bromodichloromethane,<0.1,MICROGRAM PER LITRE
https://environment.data.gov.uk/water-quality/sampling-point/TH-PWER0030/sample/1435319/observation/3283,TH-PWER0030,WEY ABOVE THAMES,-0.4571,51.3786,Thames,THAMES - WEST THAMES,Multiple Values,OPEN,FRESHWATER - RIVERS,2025-03-20T14:54:00,2025,ENVIRONMENTAL MONITORING STATUTORY (EU DIRECTIVES),RIVER / RUNNING SURFACE WATER,3283,Bromoform :- {Tribromomethane},<0.1,MICROGRAM PER LITRE
https://environment.data.gov.uk/water-quality/sampling-point/TH-PWER0030/sample/1435319/observation/3290,TH-PWER0030,WEY ABOVE THAMES,-0.4571,51.3786,Thames,THAMES - WEST THAMES,Multiple Values,OPEN,FRESHWATER - RIVERS,2025-03-20T14:54:00,2025,ENVIRONMENTAL MONITORING STATUTORY (EU DIRECTIVES),RIVER / RUNNING SURFACE WATER,3290,Chlorobenzene,<0.1,MICROGRAM PER LITRE
https://environment.data.gov.uk/water-quality/sampling-point/TH-PWER0030/sample/1435319/observation/3292,TH-PWER0030,WEY ABOVE THAMES,-0.4571,51.3786,Thames,THAMES - WEST THAMES,Multiple Values,OPEN,FRESHWATER - RIVERS,2025-03-20T14:54:00,2025,ENVIRONMENTAL MONITORING STATUTORY (EU DIRECTIVES),RIVER / RUNNING SURFACE WATER,3292,Chlorodibromomethane,<0.1,MICROGRAM PER LITRE
https://environment.data.gov.uk/water-quality/sampling-point/TH-PWER0030/sample/1435319/observation/3299,TH-PWER0030,WEY ABOVE THAMES,-0.4571,51.3786,Thames,THAMES - WEST THAMES,Multiple Values,OPEN,FRESHWATER - RIVERS,2025-03-20T14:54:00,2025,ENVIRONMENTAL MONITORING STATUTORY (EU DIRECTIVES),RIVER / RUNNING SURFACE WATER,3299,Dichloromethane :- {Methylene Dichloride},<0.5,MICROGRAM PER LITRE
https://environment.data.gov.uk/water-quality/sampling-point/TH-PWER0030/sample/1435319/observation/3328,TH-PWER0030,WEY ABOVE THAMES,-0.4571,51.3786,Thames,THAMES - WEST THAMES,Multiple Values,OPEN,FRESHWATER - RIVERS,2025-03-20T14:54:00,2025,ENVIRONMENTAL MONITORING STATUTORY (EU DIRECTIVES),RIVER / RUNNING SURFACE WATER,3328,Tetrachloroethylene :- {Perchloroethylene},<0.1,MICROGRAM PER LITRE
https://environment.data.gov.uk/water-quality/sampling-point/TH-PWER0030/sample/1435319/observation/3334,TH-PWER0030,WEY ABOVE THAMES,-0.4571,51.3786,Thames,THAMES - WEST THAMES,Multiple Values,OPEN,FRESHWATER - RIVERS,2025-03-20T14:54:00,2025,ENVIRONMENTAL MONITORING STATUTORY (EU DIRECTIVES),RIVER / RUNNING SURFACE WATER,3334,Trichloroethylene :- {Trichloroethene},<0.1,MICROGRAM PER LITRE
https://environment.data.gov.uk/water-quality/sampling-point/TH-PWER0030/sample/1435319/observation/3341,TH-PWER0030,WEY ABOVE THAMES,-0.4571,51.3786,Thames,THAMES - WEST THAMES,Multiple Values,OPEN,FRESHWATER - RIVERS,2025-03-20T14:54:00,2025,ENVIRONMENTAL MONITORING STATUTORY (EU DIRECTIVES),RIVER / RUNNING SURFACE WATER,3341,4-Chloro-2-methylphenol :- {p-Chloro-o-cresol},<0.02,MICROGRAM PER LITRE
https://environment.data.gov.uk/water-quality/sampling-point/TH-PWER0030/sample/1435319/observation/3342,TH-PWER0030,WEY ABOVE THAMES,-0.4571,51.3786,Thames,THAMES - WEST THAMES,Multiple Values,OPEN,FRESHWATER - RIVERS,2025-03-20T14:54:00,2025,ENVIRONMENTAL MONITORING STATUTORY (EU DIRECTIVES),RIVER / RUNNING SURFACE WATER,3342,4-Chloro-3-methylphenol :- {p-Chloro-m-cresol},<0.02,MICROGRAM PER LITRE
https://environment.data.gov.uk/water-quality/sampling-point/TH-PWER0030/sample/1435319/observation/3343,TH-PWER0030,WEY ABOVE THAMES,-0.4571,51.3786,Thames,THAMES - WEST THAMES,Multiple Values,OPEN,FRESHWATER - RIVERS,2025-03-20T14:54:00,2025,ENVIRONMENTAL MONITORING STATUTORY (EU DIRECTIVES),RIVER / RUNNING SURFACE WATER,3343,"2,4-Dimethylphenol :- {2,4-Xylenol}",<0.02,MICROGRAM PER LITRE
https://environment.data.gov.uk/water-quality/sampling-point/TH-PWER0030/sample/1435319/observation/3373,TH-PWER0030,WEY ABOVE THAMES,-0.4571,51.3786,Thames,THAMES - WEST THAMES,Multiple Values,OPEN,FRESHWATER - RIVERS,2025-03-20T14:54:00,2025,ENVIRONMENTAL MONITORING STATUTORY (EU DIRECTIVES),RIVER / RUNNING SURFACE WATER,3373,Chloroform :- {Trichloromethane},<0.1,MICROGRAM PER LITRE
https://environment.data.gov.uk/water-quality/sampling-point/TH-PWER0030/sample/1435319/observation/3377,TH-PWER0030,WEY ABOVE THAMES,-0.4571,51.3786,Thames,THAMES - WEST THAMES,Multiple Values,OPEN,FRESHWATER - RIVERS,2025-03-20T14:54:00,2025,ENVIRONMENTAL MONITORING STATUTORY (EU DIRECTIVES),RIVER / RUNNING SURFACE WATER,3377,Lead : BLM Bioavailable,0.01,MICROGRAM PER LITRE
https://environment.data.gov.uk/water-quality/sampling-point/TH-PWER0030/sample/1435319/observation/3408,TH-PWER0030,WEY ABOVE THAMES,-0.4571,51.3786,Thames,THAMES - WEST THAMES,Multiple Values,OPEN,FRESHWATER - RIVERS,2025-03-20T14:54:00,2025,ENVIRONMENTAL MONITORING STATUTORY (EU DIRECTIVES),RIVER / RUNNING SURFACE WATER,3408,"Zinc, Dissolved",4.4,MICROGRAM PER LITRE
https://environment.data.gov.uk/water-quality/sampling-point/TH-PWER0030/sample/1435319/observation/3409,TH-PWER0030,WEY ABOVE THAMES,-0.4571,51.3786,Thames,THAMES - WEST THAMES,Multiple Values,OPEN,FRESHWATER - RIVERS,2025-03-20T14:54:00,2025,ENVIRONMENTAL MONITORING STATUTORY (EU DIRECTIVES),RIVER / RUNNING SURFACE WATER,3409,"Chromium, Dissolved",<0.5,MICROGRAM PER LITRE
https://environment.data.gov.uk/water-quality/sampling-point/TH-PWER0030/sample/1435319/observation/3410,TH-PWER0030,WEY ABOVE THAMES,-0.4571,51.3786,Thames,THAMES - WEST THAMES,Multiple Values,OPEN,FRESHWATER - RIVERS,2025-03-20T14:54:00,2025,ENVIRONMENTAL MONITORING STATUTORY (EU DIRECTIVES),RIVER / RUNNING SURFACE WATER,3410,"Nickel, Dissolved",2.8,MICROGRAM PER LITRE
https://environment.data.gov.uk/water-quality/sampling-point/TH-PWER0030/sample/1435319/observation/3781,TH-PWER0030,WEY ABOVE THAMES,-0.4571,51.3786,Thames,THAMES - WEST THAMES,Multiple Values,OPEN,FRESHWATER - RIVERS,2025-03-20T14:54:00,2025,ENVIRONMENTAL MONITORING STATUTORY (EU DIRECTIVES),RIVER / RUNNING SURFACE WATER,3781,Benzene,<0.1,MICROGRAM PER LITRE
https://environment.data.gov.uk/water-quality/sampling-point/TH-PWER0030/sample/1435319/observation/3783,TH-PWER0030,WEY ABOVE THAMES,-0.4571,51.3786,Thames,THAMES - WEST THAMES,Multiple Values,OPEN,FRESHWATER - RIVERS,2025-03-20T14:54:00,2025,ENVIRONMENTAL MONITORING STATUTORY (EU DIRECTIVES),RIVER / RUNNING SURFACE WATER,3783,Dibromomethane,<0.1,MICROGRAM PER LITRE
https://environment.data.gov.uk/water-quality/sampling-point/TH-PWER0030/sample/1435319/observation/3784,TH-PWER0030,WEY ABOVE THAMES,-0.4571,51.3786,Thames,THAMES - WEST THAMES,Multiple Values,OPEN,FRESHWATER - RIVERS,2025-03-20T14:54:00,2025,ENVIRONMENTAL MONITORING STATUTORY (EU DIRECTIVES),RIVER / RUNNING SURFACE WATER,3784,Toluene :- {Methylbenzene},<0.1,MICROGRAM PER LITRE
https://environment.data.gov.uk/water-quality/sampling-point/TH-PWER0030/sample/1435319/observation/3878,TH-PWER0030,WEY ABOVE THAMES,-0.4571,51.3786,Thames,THAMES - WEST THAMES,Multiple Values,OPEN,FRESHWATER - RIVERS,2025-03-20T14:54:00,2025,ENVIRONMENTAL MONITORING STATUTORY (EU DIRECTIVES),RIVER / RUNNING SURFACE WATER,3878,Nickel : BLM Bioavailable,0.94,MICROGRAM PER LITRE
https://environment.data.gov.uk/water-quality/sampling-point/TH-PWER0030/sample/1435319/observation/4049,TH-PWER0030,WEY ABOVE THAMES,-0.4571,51.3786,Thames,THAMES - WEST THAMES,Multiple Values,OPEN,FRESHWATER - RIVERS,2025-03-20T14:54:00,2025,ENVIRONMENTAL MONITORING STATUTORY (EU DIRECTIVES),RIVER / RUNNING SURFACE WATER,4049,"1,4-Dichlorobenzene",<0.1,MICROGRAM PER LITRE
https://environment.data.gov.uk/water-quality/sampling-point/TH-PWER0030/sample/1435319/observation/4117,TH-PWER0030,WEY ABOVE THAMES,-0.4571,51.3786,Thames,THAMES - WEST THAMES,Multiple Values,OPEN,FRESHWATER - RIVERS,2025-03-20T14:54:00,2025,ENVIRONMENTAL MONITORING STATUTORY (EU DIRECTIVES),RIVER / RUNNING SURFACE WATER,4117,Ethylbenzene,<0.1,MICROGRAM PER LITRE
https://environment.data.gov.uk/water-quality/sampling-point/TH-PWER0030/sample/1435319/observation/4201,TH-PWER0030,WEY ABOVE THAMES,-0.4571,51.3786,Thames,THAMES - WEST THAMES,Multiple Values,OPEN,FRESHWATER - RIVERS,2025-03-20T14:54:00,2025,ENVIRONMENTAL MONITORING STATUTORY (EU DIRECTIVES),RIVER / RUNNING SURFACE WATER,4201,"Lithium, Dissolved",<100,MICROGRAM PER LITRE
https://environment.data.gov.uk/water-quality/sampling-point/TH-PWER0030/sample/1435319/observation/4621,TH-PWER0030,WEY ABOVE THAMES,-0.4571,51.3786,Thames,THAMES - WEST THAMES,Multiple Values,OPEN,FRESHWATER - RIVERS,2025-03-20T14:54:00,2025,ENVIRONMENTAL MONITORING STATUTORY (EU DIRECTIVES),RIVER / RUNNING SURFACE WATER,4621,"2,4,4-TriBromoDiphenylEther",<0.00006,MICROGRAM PER LITRE
https://environment.data.gov.uk/water-quality/sampling-point/TH-PWER0030/sample/1435319/observation/4820,TH-PWER0030,WEY ABOVE THAMES,-0.4571,51.3786,Thames,THAMES - WEST THAMES,Multiple Values,OPEN,FRESHWATER - RIVERS,2025-03-20T14:54:00,2025,ENVIRONMENTAL MONITORING STATUTORY (EU DIRECTIVES),RIVER / RUNNING SURFACE WATER,4820,Manganese : BLM Bioavailable,15,MICROGRAM PER LITRE
https://environment.data.gov.uk/water-quality/sampling-point/TH-PWER0030/sample/1435319/observation/4821,TH-PWER0030,WEY ABOVE THAMES,-0.4571,51.3786,Thames,THAMES - WEST THAMES,Multiple Values,OPEN,FRESHWATER - RIVERS,2025-03-20T14:54:00,2025,ENVIRONMENTAL MONITORING STATUTORY (EU DIRECTIVES),RIVER / RUNNING SURFACE WATER,4821,Copper : BLM Bioavailable,0.14,MICROGRAM PER LITRE
https://environment.data.gov.uk/water-quality/sampling-point/TH-PWER0030/sample/1435319/observation/4822,TH-PWER0030,WEY ABOVE THAMES,-0.4571,51.3786,Thames,THAMES - WEST THAMES,Multiple Values,OPEN,FRESHWATER - RIVERS,2025-03-20T14:54:00,2025,ENVIRONMENTAL MONITORING STATUTORY (EU DIRECTIVES),RIVER / RUNNING SURFACE WATER,4822,Zinc : BLM Bioavailable,2,MICROGRAM PER LITRE
https://environment.data.gov.uk/water-quality/sampling-point/TH-PWER0030/sample/1435319/observation/5234,TH-PWER0030,WEY ABOVE THAMES,-0.4571,51.3786,Thames,THAMES - WEST THAMES,Multiple Values,OPEN,FRESHWATER - RIVERS,2025-03-20T14:54:00,2025,ENVIRONMENTAL MONITORING STATUTORY (EU DIRECTIVES),RIVER / RUNNING SURFACE WATER,5234,Hexachloroethane,<0.1,MICROGRAM PER LITRE
https://environment.data.gov.uk/water-quality/sampling-point/TH-PWER0030/sample/1435319/observation/5558,TH-PWER0030,WEY ABOVE THAMES,-0.4571,51.3786,Thames,THAMES - WEST THAMES,Multiple Values,OPEN,FRESHWATER - RIVERS,2025-03-20T14:54:00,2025,ENVIRONMENTAL MONITORING STATUTORY (EU DIRECTIVES),RIVER / RUNNING SURFACE WATER,5558,"3,5-Dimethylphenol :- {3,5-Xylenol}",0.028,MICROGRAM PER LITRE
https://environment.data.gov.uk/water-quality/sampling-point/TH-PWER0030/sample/1435319/observation/5560,TH-PWER0030,WEY ABOVE THAMES,-0.4571,51.3786,Thames,THAMES - WEST THAMES,Multiple Values,OPEN,FRESHWATER - RIVERS,2025-03-20T14:54:00,2025,ENVIRONMENTAL MONITORING STATUTORY (EU DIRECTIVES),RIVER / RUNNING SURFACE WATER,5560,4-Methylphenol :- {p-Cresol},0.033,MICROGRAM PER LITRE
https://environment.data.gov.uk/water-quality/sampling-point/TH-PWER0030/sample/1435319/observation/5561,TH-PWER0030,WEY ABOVE THAMES,-0.4571,51.3786,Thames,THAMES - WEST THAMES,Multiple Values,OPEN,FRESHWATER - RIVERS,2025-03-20T14:54:00,2025,ENVIRONMENTAL MONITORING STATUTORY (EU DIRECTIVES),RIVER / RUNNING SURFACE WATER,5561,3-Methylphenol :- {m-Cresol},<0.02,MICROGRAM PER LITRE
https://environment.data.gov.uk/water-quality/sampling-point/TH-PWER0030/sample/1435319/observation/5562,TH-PWER0030,WEY ABOVE THAMES,-0.4571,51.3786,Thames,THAMES - WEST THAMES,Multiple Values,OPEN,FRESHWATER - RIVERS,2025-03-20T14:54:00,2025,ENVIRONMENTAL MONITORING STATUTORY (EU DIRECTIVES),RIVER / RUNNING SURFACE WATER,5562,2-Methylphenol :- {o-Cresol},<0.02,MICROGRAM PER LITRE
https://environment.data.gov.uk/water-quality/sampling-point/TH-PWER0030/sample/1435319/observation/5568,TH-PWER0030,WEY ABOVE THAMES,-0.4571,51.3786,Thames,THAMES - WEST THAMES,Multiple Values,OPEN,FRESHWATER - RIVERS,2025-03-20T14:54:00,2025,ENVIRONMENTAL MONITORING STATUTORY (EU DIRECTIVES),RIVER / RUNNING SURFACE WATER,5568,3-Chlorotoluene :- {3-Chloromethylbenzene},<0.1,MICROGRAM PER LITRE
https://environment.data.gov.uk/water-quality/sampling-point/TH-PWER0030/sample/1435319/observation/5732,TH-PWER0030,WEY ABOVE THAMES,-0.4571,51.3786,Thames,THAMES - WEST THAMES,Multiple Values,OPEN,FRESHWATER - RIVERS,2025-03-20T14:54:00,2025,ENVIRONMENTAL MONITORING STATUTORY (EU DIRECTIVES),RIVER / RUNNING SURFACE WATER,5732,Triphenyl Tin as Cation,<0.0002,MICROGRAM PER LITRE
https://environment.data.gov.uk/water-quality/sampling-point/TH-PWER0030/sample/1435319/observation/5889,TH-PWER0030,WEY ABOVE THAMES,-0.4571,51.3786,Thames,THAMES - WEST THAMES,Multiple Values,OPEN,FRESHWATER - RIVERS,2025-03-20T14:54:00,2025,ENVIRONMENTAL MONITORING STATUTORY (EU DIRECTIVES),RIVER / RUNNING SURFACE WATER,5889,Triclosan,<0.01,MICROGRAM PER LITRE
https://environment.data.gov.uk/water-quality/sampling-point/TH-PWER0030/sample/1435319/observation/6037,TH-PWER0030,WEY ABOVE THAMES,-0.4571,51.3786,Thames,THAMES - WEST THAMES,Multiple Values,OPEN,FRESHWATER - RIVERS,2025-03-20T14:54:00,2025,ENVIRONMENTAL MONITORING STATUTORY (EU DIRECTIVES),RIVER / RUNNING SURFACE WATER,6037,"Aluminium, Dissolved",<20,MICROGRAM PER LITRE
https://environment.data.gov.uk/water-quality/sampling-point/TH-PWER0030/sample/1435319/observation/6376,TH-PWER0030,WEY ABOVE THAMES,-0.4571,51.3786,Thames,THAMES - WEST THAMES,Multiple Values,OPEN,FRESHWATER - RIVERS,2025-03-20T14:54:00,2025,ENVIRONMENTAL MONITORING STATUTORY (EU DIRECTIVES),RIVER / RUNNING SURFACE WATER,6376,Chloromethane :- {Methyl Chloride},<0.5,MICROGRAM PER LITRE
https://environment.data.gov.uk/water-quality/sampling-point/TH-PWER0030/sample/1435319/observation/6450,TH-PWER0030,WEY ABOVE THAMES,-0.4571,51.3786,Thames,THAMES - WEST THAMES,Multiple Values,OPEN,FRESHWATER - RIVERS,2025-03-20T14:54:00,2025,ENVIRONMENTAL MONITORING STATUTORY (EU DIRECTIVES),RIVER / RUNNING SURFACE WATER,6450,"Copper, Dissolved",1.8,MICROGRAM PER LITRE
https://environment.data.gov.uk/water-quality/sampling-point/TH-PWER0030/sample/1435319/observation/6458,TH-PWER0030,WEY ABOVE THAMES,-0.4571,51.3786,Thames,THAMES - WEST THAMES,Multiple Values,OPEN,FRESHWATER - RIVERS,2025-03-20T14:54:00,2025,ENVIRONMENTAL MONITORING STATUTORY (EU DIRECTIVES),RIVER / RUNNING SURFACE WATER,6458,"Manganese, Dissolved",37,MICROGRAM PER LITRE
https://environment.data.gov.uk/water-quality/sampling-point/TH-PWER0030/sample/1435319/observation/6460,TH-PWER0030,WEY ABOVE THAMES,-0.4571,51.3786,Thames,THAMES - WEST THAMES,Multiple Values,OPEN,FRESHWATER - RIVERS,2025-03-20T14:54:00,2025,ENVIRONMENTAL MONITORING STATUTORY (EU DIRECTIVES),RIVER / RUNNING SURFACE WATER,6460,"Iron, Dissolved",57,MICROGRAM PER LITRE
https://environment.data.gov.uk/water-quality/sampling-point/TH-PWER0030/sample/1435319/observation/6534,TH-PWER0030,WEY ABOVE THAMES,-0.4571,51.3786,Thames,THAMES - WEST THAMES,Multiple Values,OPEN,FRESHWATER - RIVERS,2025-03-20T14:54:00,2025,ENVIRONMENTAL MONITORING STATUTORY (EU DIRECTIVES),RIVER / RUNNING SURFACE WATER,6534,"1,1,1,2-Tetrachloroethane",<0.1,MICROGRAM PER LITRE
https://environment.data.gov.uk/water-quality/sampling-point/TH-PWER0030/sample/1435319/observation/6537,TH-PWER0030,WEY ABOVE THAMES,-0.4571,51.3786,Thames,THAMES - WEST THAMES,Multiple Values,OPEN,FRESHWATER - RIVERS,2025-03-20T14:54:00,2025,ENVIRONMENTAL MONITORING STATUTORY (EU DIRECTIVES),RIVER / RUNNING SURFACE WATER,6537,"1,2-Dibromo-3-chloropropane",<0.1,MICROGRAM PER LITRE
https://environment.data.gov.uk/water-quality/sampling-point/TH-PWER0030/sample/1435319/observation/6538,TH-PWER0030,WEY ABOVE THAMES,-0.4571,51.3786,Thames,THAMES - WEST THAMES,Multiple Values,OPEN,FRESHWATER - RIVERS,2025-03-20T14:54:00,2025,ENVIRONMENTAL MONITORING STATUTORY (EU DIRECTIVES),RIVER / RUNNING SURFACE WATER,6538,"cis-1,2-Dichloroethylene :- {cis-1,2-Dichloroethene}",0.34,MICROGRAM PER LITRE
https://environment.data.gov.uk/water-quality/sampling-point/TH-PWER0030/sample/1435319/observation/6539,TH-PWER0030,WEY ABOVE THAMES,-0.4571,51.3786,Thames,THAMES - WEST THAMES,Multiple Values,OPEN,FRESHWATER - RIVERS,2025-03-20T14:54:00,2025,ENVIRONMENTAL MONITORING STATUTORY (EU DIRECTIVES),RIVER / RUNNING SURFACE WATER,6539,"trans-1,2-Dichloroethylene :- {trans-1,2-Dichloroethene}",<0.1,MICROGRAM PER LITRE
https://environment.data.gov.uk/water-quality/sampling-point/TH-PWER0030/sample/1435319/observation/6540,TH-PWER0030,WEY ABOVE THAMES,-0.4571,51.3786,Thames,THAMES - WEST THAMES,Multiple Values,OPEN,FRESHWATER - RIVERS,2025-03-20T14:54:00,2025,ENVIRONMENTAL MONITORING STATUTORY (EU DIRECTIVES),RIVER / RUNNING SURFACE WATER,6540,"1,2-Dichloropropane",<0.1,MICROGRAM PER LITRE
https://environment.data.gov.uk/water-quality/sampling-point/TH-PWER0030/sample/1435319/observation/6541,TH-PWER0030,WEY ABOVE THAMES,-0.4571,51.3786,Thames,THAMES - WEST THAMES,Multiple Values,OPEN,FRESHWATER - RIVERS,2025-03-20T14:54:00,2025,ENVIRONMENTAL MONITORING STATUTORY (EU DIRECTIVES),RIVER / RUNNING SURFACE WATER,6541,"1,2,3-Trichloropropane",<0.5,MICROGRAM PER LITRE
https://environment.data.gov.uk/water-quality/sampling-point/TH-PWER0030/sample/1435319/observation/6542,TH-PWER0030,WEY ABOVE THAMES,-0.4571,51.3786,Thames,THAMES - WEST THAMES,Multiple Values,OPEN,FRESHWATER - RIVERS,2025-03-20T14:54:00,2025,ENVIRONMENTAL MONITORING STATUTORY (EU DIRECTIVES),RIVER / RUNNING SURFACE WATER,6542,"1,3-Dichloropropane",<0.1,MICROGRAM PER LITRE
https://environment.data.gov.uk/water-quality/sampling-point/TH-PWER0030/sample/1435319/observation/6543,TH-PWER0030,WEY ABOVE THAMES,-0.4571,51.3786,Thames,THAMES - WEST THAMES,Multiple Values,OPEN,FRESHWATER - RIVERS,2025-03-20T14:54:00,2025,ENVIRONMENTAL MONITORING STATUTORY (EU DIRECTIVES),RIVER / RUNNING SURFACE WATER,6543,"cis-1,3-Dichloropropylene :- {cis-1,3-Dichloropropene}",<0.1,MICROGRAM PER LITRE
https://environment.data.gov.uk/water-quality/sampling-point/TH-PWER0030/sample/1435319/observation/6544,TH-PWER0030,WEY ABOVE THAMES,-0.4571,51.3786,Thames,THAMES - WEST THAMES,Multiple Values,OPEN,FRESHWATER - RIVERS,2025-03-20T14:54:00,2025,ENVIRONMENTAL MONITORING STATUTORY (EU DIRECTIVES),RIVER / RUNNING SURFACE WATER,6544,"trans-1,3-Dichloropropylene :- {trans-1,3-Dichloropropene}",<0.5,MICROGRAM PER LITRE
https://environment.data.gov.uk/water-quality/sampling-point/TH-PWER0030/sample/1435319/observation/6547,TH-PWER0030,WEY ABOVE THAMES,-0.4571,51.3786,Thames,THAMES - WEST THAMES,Multiple Values,OPEN,FRESHWATER - RIVERS,2025-03-20T14:54:00,2025,ENVIRONMENTAL MONITORING STATUTORY (EU DIRECTIVES),RIVER / RUNNING SURFACE WATER,6547,2-Chlorotoluene :- {1-Chloro-2-methylbenzene},<0.1,MICROGRAM PER LITRE
https://environment.data.gov.uk/water-quality/sampling-point/TH-PWER0030/sample/1435319/observation/6569,TH-PWER0030,WEY ABOVE THAMES,-0.4571,51.3786,Thames,THAMES - WEST THAMES,Multiple Values,OPEN,FRESHWATER - RIVERS,2025-03-20T14:54:00,2025,ENVIRONMENTAL MONITORING STATUTORY (EU DIRECTIVES),RIVER / RUNNING SURFACE WATER,6569,"2,6-Dimethylphenol :- {2,6-Xylenol}",<0.02,MICROGRAM PER LITRE
https://environment.data.gov.uk/water-quality/sampling-point/TH-PWER0030/sample/1435319/observation/6577,TH-PWER0030,WEY ABOVE THAMES,-0.4571,51.3786,Thames,THAMES - WEST THAMES,Multiple Values,OPEN,FRESHWATER - RIVERS,2025-03-20T14:54:00,2025,ENVIRONMENTAL MONITORING STATUTORY (EU DIRECTIVES),RIVER / RUNNING SURFACE WATER,6577,"3,4-Dimethylphenol :- {3,4-Xylenol}",<0.02,MICROGRAM PER LITRE
https://environment.data.gov.uk/water-quality/sampling-point/TH-PWER0030/sample/1435319/observation/6578,TH-PWER0030,WEY ABOVE THAMES,-0.4571,51.3786,Thames,THAMES - WEST THAMES,Multiple Values,OPEN,FRESHWATER - RIVERS,2025-03-20T14:54:00,2025,ENVIRONMENTAL MONITORING STATUTORY (EU DIRECTIVES),RIVER / RUNNING SURFACE WATER,6578,4-Chlorotoluene :- {1-Chloro-4-methylbenzene},<0.1,MICROGRAM PER LITRE
https://environment.data.gov.uk/water-quality/sampling-point/TH-PWER0030/sample/1435319/observation/6579,TH-PWER0030,WEY ABOVE THAMES,-0.4571,51.3786,Thames,THAMES - WEST THAMES,Multiple Values,OPEN,FRESHWATER - RIVERS,2025-03-20T14:54:00,2025,ENVIRONMENTAL MONITORING STATUTORY (EU DIRECTIVES),RIVER / RUNNING SURFACE WATER,6579,4-Isopropyltoluene :- {4-methyl-Isopropylbenzene},<0.1,MICROGRAM PER LITRE
https://environment.data.gov.uk/water-quality/sampling-point/TH-PWER0030/sample/1435319/observation/6584,TH-PWER0030,WEY ABOVE THAMES,-0.4571,51.3786,Thames,THAMES - WEST THAMES,Multiple Values,OPEN,FRESHWATER - RIVERS,2025-03-20T14:54:00,2025,ENVIRONMENTAL MONITORING STATUTORY (EU DIRECTIVES),RIVER / RUNNING SURFACE WATER,6584,"4-Chloro-3,5-dimethylphenol :- {PCMX}",0.041,MICROGRAM PER LITRE
https://environment.data.gov.uk/water-quality/sampling-point/TH-PWER0030/sample/1435319/observation/6604,TH-PWER0030,WEY ABOVE THAMES,-0.4571,51.3786,Thames,THAMES - WEST THAMES,Multiple Values,OPEN,FRESHWATER - RIVERS,2025-03-20T14:54:00,2025,ENVIRONMENTAL MONITORING STATUTORY (EU DIRECTIVES),RIVER / RUNNING SURFACE WATER,6604,Bromobenzene,<0.1,MICROGRAM PER LITRE
https://environment.data.gov.uk/water-quality/sampling-point/TH-PWER0030/sample/1435319/observation/6605,TH-PWER0030,WEY ABOVE THAMES,-0.4571,51.3786,Thames,THAMES - WEST THAMES,Multiple Values,OPEN,FRESHWATER - RIVERS,2025-03-20T14:54:00,2025,ENVIRONMENTAL MONITORING STATUTORY (EU DIRECTIVES),RIVER / RUNNING SURFACE WATER,6605,Bromochloromethane,<0.1,MICROGRAM PER LITRE
https://environment.data.gov.uk/water-quality/sampling-point/TH-PWER0030/sample/1435319/observation/6656,TH-PWER0030,WEY ABOVE THAMES,-0.4571,51.3786,Thames,THAMES - WEST THAMES,Multiple Values,OPEN,FRESHWATER - RIVERS,2025-03-20T14:54:00,2025,ENVIRONMENTAL MONITORING STATUTORY (EU DIRECTIVES),RIVER / RUNNING SURFACE WATER,6656,MTBE :- {Methyl tert-butyl ether},<0.1,MICROGRAM PER LITRE
https://environment.data.gov.uk/water-quality/sampling-point/TH-PWER0030/sample/1435319/observation/6658,TH-PWER0030,WEY ABOVE THAMES,-0.4571,51.3786,Thames,THAMES - WEST THAMES,Multiple Values,OPEN,FRESHWATER - RIVERS,2025-03-20T14:54:00,2025,ENVIRONMENTAL MONITORING STATUTORY (EU DIRECTIVES),RIVER / RUNNING SURFACE WATER,6658,n-ButylBenzene :- {1-Phenylbutane},<0.1,MICROGRAM PER LITRE
https://environment.data.gov.uk/water-quality/sampling-point/TH-PWER0030/sample/1435319/observation/6659,TH-PWER0030,WEY ABOVE THAMES,-0.4571,51.3786,Thames,THAMES - WEST THAMES,Multiple Values,OPEN,FRESHWATER - RIVERS,2025-03-20T14:54:00,2025,ENVIRONMENTAL MONITORING STATUTORY (EU DIRECTIVES),RIVER / RUNNING SURFACE WATER,6659,n-Propylbenzene :- {1-Phenylpropane},<0.1,MICROGRAM PER LITRE
https://environment.data.gov.uk/water-quality/sampling-point/TH-PWER0030/sample/1435319/observation/6690,TH-PWER0030,WEY ABOVE THAMES,-0.4571,51.3786,Thames,THAMES - WEST THAMES,Multiple Values,OPEN,FRESHWATER - RIVERS,2025-03-20T14:54:00,2025,ENVIRONMENTAL MONITORING STATUTORY (EU DIRECTIVES),RIVER / RUNNING SURFACE WATER,6690,sec-Butylbenzene :- {1-Methylpropylbenzene},<0.1,MICROGRAM PER LITRE
https://environment.data.gov.uk/water-quality/sampling-point/TH-PWER0030/sample/1435319/observation/6693,TH-PWER0030,WEY ABOVE THAMES,-0.4571,51.3786,Thames,THAMES - WEST THAMES,Multiple Values,OPEN,FRESHWATER - RIVERS,2025-03-20T14:54:00,2025,ENVIRONMENTAL MONITORING STATUTORY (EU DIRECTIVES),RIVER / RUNNING SURFACE WATER,6693,"Strontium, Filtered",220,MICROGRAM PER LITRE
https://environment.data.gov.uk/water-quality/sampling-point/TH-PWER0030/sample/1435319/observation/6697,TH-PWER0030,WEY ABOVE THAMES,-0.4571,51.3786,Thames,THAMES - WEST THAMES,Multiple Values,OPEN,FRESHWATER - RIVERS,2025-03-20T14:54:00,2025,ENVIRONMENTAL MONITORING STATUTORY (EU DIRECTIVES),RIVER / RUNNING SURFACE WATER,6697,"tert-Butylbenzene :- {(1,1-Dimethylethyl)benzene}",<0.1,MICROGRAM PER LITRE
https://environment.data.gov.uk/water-quality/sampling-point/TH-PWER0030/sample/1435319/observation/6711,TH-PWER0030,WEY ABOVE THAMES,-0.4571,51.3786,Thames,THAMES - WEST THAMES,Multiple Values,OPEN,FRESHWATER - RIVERS,2025-03-20T14:54:00,2025,ENVIRONMENTAL MONITORING STATUTORY (EU DIRECTIVES),RIVER / RUNNING SURFACE WATER,6711,Trichlorofluoromethane,<0.1,MICROGRAM PER LITRE
https://environment.data.gov.uk/water-quality/sampling-point/TH-PWER0030/sample/1435319/observation/6715,TH-PWER0030,WEY ABOVE THAMES,-0.4571,51.3786,Thames,THAMES - WEST THAMES,Multiple Values,OPEN,FRESHWATER - RIVERS,2025-03-20T14:54:00,2025,ENVIRONMENTAL MONITORING STATUTORY (EU DIRECTIVES),RIVER / RUNNING SURFACE WATER,6715,Vinyl chloride :- {Chloroethylene},<0.1,MICROGRAM PER LITRE
https://environment.data.gov.uk/water-quality/sampling-point/TH-PWER0030/sample/1435319/observation/6716,TH-PWER0030,WEY ABOVE THAMES,-0.4571,51.3786,Thames,THAMES - WEST THAMES,Multiple Values,OPEN,FRESHWATER - RIVERS,2025-03-20T14:54:00,2025,ENVIRONMENTAL MONITORING STATUTORY (EU DIRECTIVES),RIVER / RUNNING SURFACE WATER,6716,"Dimethylbenzene : Sum of isomers (1,3- 1,4-)",<0.2,MICROGRAM PER LITRE
https://environment.data.gov.uk/water-quality/sampling-point/TH-PWER0030/sample/1435319/observation/6724,TH-PWER0030,WEY ABOVE THAMES,-0.4571,51.3786,Thames,THAMES - WEST THAMES,Multiple Values,OPEN,FRESHWATER - RIVERS,2025-03-20T14:54:00,2025,ENVIRONMENTAL MONITORING STATUTORY (EU DIRECTIVES),RIVER / RUNNING SURFACE WATER,6724,Di(2-ethylhexyl) phthalate :- {DEHP},<0.2,MICROGRAM PER LITRE
https://environment.data.gov.uk/water-quality/sampling-point/TH-PWER0030/sample/1435319/observation/6744,TH-PWER0030,WEY ABOVE THAMES,-0.4571,51.3786,Thames,THAMES - WEST THAMES,Multiple Values,OPEN,FRESHWATER - RIVERS,2025-03-20T14:54:00,2025,ENVIRONMENTAL MONITORING STATUTORY (EU DIRECTIVES),RIVER / RUNNING SURFACE WATER,6744,"2,2-Dichloropropane",<0.1,MICROGRAM PER LITRE
https://environment.data.gov.uk/water-quality/sampling-point/TH-PWER0030/sample/1435319/observation/7531,TH-PWER0030,WEY ABOVE THAMES,-0.4571,51.3786,Thames,THAMES - WEST THAMES,Multiple Values,OPEN,FRESHWATER - RIVERS,2025-03-20T14:54:00,2025,ENVIRONMENTAL MONITORING STATUTORY (EU DIRECTIVES),RIVER / RUNNING SURFACE WATER,7531,"1,1,2,2-Tetrachloroethane",<0.1,MICROGRAM PER LITRE
https://environment.data.gov.uk/water-quality/sampling-point/TH-PWER0030/sample/1435319/observation/7574,TH-PWER0030,WEY ABOVE THAMES,-0.4571,51.3786,Thames,THAMES - WEST THAMES,Multiple Values,OPEN,FRESHWATER - RIVERS,2025-03-20T14:54:00,2025,ENVIRONMENTAL MONITORING STATUTORY (EU DIRECTIVES),RIVER / RUNNING SURFACE WATER,7574,Isopropylbenzene :- {Methylethylbenzene},<0.1,MICROGRAM PER LITRE
https://environment.data.gov.uk/water-quality/sampling-point/TH-PWER0030/sample/1435319/observation/7859,TH-PWER0030,WEY ABOVE THAMES,-0.4571,51.3786,Thames,THAMES - WEST THAMES,Multiple Values,OPEN,FRESHWATER - RIVERS,2025-03-20T14:54:00,2025,ENVIRONMENTAL MONITORING STATUTORY (EU DIRECTIVES),RIVER / RUNNING SURFACE WATER,7859,"Sulphate, Dissolved as SO4",40,MILLIGRAM PER LITRE
https://environment.data.gov.uk/water-quality/sampling-point/TH-PWER0030/sample/1435319/observation/8847,TH-PWER0030,WEY ABOVE THAMES,-0.4571,51.3786,Thames,THAMES - WEST THAMES,Multiple Values,OPEN,FRESHWATER - RIVERS,2025-03-20T14:54:00,2025,ENVIRONMENTAL MONITORING STATUTORY (EU DIRECTIVES),RIVER / RUNNING SURFACE WATER,8847,Carbon Disulphide,<0.1,MICROGRAM PER LITRE
https://environment.data.gov.uk/water-quality/sampling-point/TH-PWER0030/sample/1435319/observation/8944,TH-PWER0030,WEY ABOVE THAMES,-0.4571,51.3786,Thames,THAMES - WEST THAMES,Multiple Values,OPEN,FRESHWATER - RIVERS,2025-03-20T14:54:00,2025,ENVIRONMENTAL MONITORING STATUTORY (EU DIRECTIVES),RIVER / RUNNING SURFACE WATER,8944,Tributyl Tin as Cation,<0.0002,MICROGRAM PER LITRE
https://environment.data.gov.uk/water-quality/sampling-point/TH-PWER0030/sample/1435319/observation/9005,TH-PWER0030,WEY ABOVE THAMES,-0.4571,51.3786,Thames,THAMES - WEST THAMES,Multiple Values,OPEN,FRESHWATER - RIVERS,2025-03-20T14:54:00,2025,ENVIRONMENTAL MONITORING STATUTORY (EU DIRECTIVES),RIVER / RUNNING SURFACE WATER,9005,"2,2,3,4,4,5,6-Heptabromodiphenyl ether :- {PBDE 183}",<0.00006,MICROGRAM PER LITRE
https://environment.data.gov.uk/water-quality/sampling-point/TH-PWER0030/sample/1435319/observation/9007,TH-PWER0030,WEY ABOVE THAMES,-0.4571,51.3786,Thames,THAMES - WEST THAMES,Multiple Values,OPEN,FRESHWATER - RIVERS,2025-03-20T14:54:00,2025,ENVIRONMENTAL MONITORING STATUTORY (EU DIRECTIVES),RIVER / RUNNING SURFACE WATER,9007,"2,2,3,4,4,5-Hexabromodiphenyl ether :- {PBDE 138}",<0.00009,MICROGRAM PER LITRE
https://environment.data.gov.uk/water-quality/sampling-point/TH-PWER0030/sample/1435319/observation/9009,TH-PWER0030,WEY ABOVE THAMES,-0.4571,51.3786,Thames,THAMES - WEST THAMES,Multiple Values,OPEN,FRESHWATER - RIVERS,2025-03-20T14:54:00,2025,ENVIRONMENTAL MONITORING STATUTORY (EU DIRECTIVES),RIVER / RUNNING SURFACE WATER,9009,"2,2,3,4,4-Pentabromodiphenyl ether :- {PBDE 85}",<0.00006,MICROGRAM PER LITRE
https://environment.data.gov.uk/water-quality/sampling-point/TH-PWER0030/sample/1435319/observation/9011,TH-PWER0030,WEY ABOVE THAMES,-0.4571,51.3786,Thames,THAMES - WEST THAMES,Multiple Values,OPEN,FRESHWATER - RIVERS,2025-03-20T14:54:00,2025,ENVIRONMENTAL MONITORING STATUTORY (EU DIRECTIVES),RIVER / RUNNING SURFACE WATER,9011,"2,2,4,4,5,5-Hexabromodiphenyl ether :- {PBDE 153}",<0.00006,MICROGRAM PER LITRE
https://environment.data.gov.uk/water-quality/sampling-point/TH-PWER0030/sample/1435319/observation/9013,TH-PWER0030,WEY ABOVE THAMES,-0.4571,51.3786,Thames,THAMES - WEST THAMES,Multiple Values,OPEN,FRESHWATER - RIVERS,2025-03-20T14:54:00,2025,ENVIRONMENTAL MONITORING STATUTORY (EU DIRECTIVES),RIVER / RUNNING SURFACE WATER,9013,"2,2,4,4,5,6-Hexabromodiphenyl ether :- {PBDE 154}",<0.00006,MICROGRAM PER LITRE
https://environment.data.gov.uk/water-quality/sampling-point/TH-PWER0030/sample/1435319/observation/9015,TH-PWER0030,WEY ABOVE THAMES,-0.4571,51.3786,Thames,THAMES - WEST THAMES,Multiple Values,OPEN,FRESHWATER - RIVERS,2025-03-20T14:54:00,2025,ENVIRONMENTAL MONITORING STATUTORY (EU DIRECTIVES),RIVER / RUNNING SURFACE WATER,9015,"2,2,4,4,5-Pentabromodiphenyl ether :- {PBDE 99}",<0.00006,MICROGRAM PER LITRE
https://environment.data.gov.uk/water-quality/sampling-point/TH-PWER0030/sample/1435319/observation/9017,TH-PWER0030,WEY ABOVE THAMES,-0.4571,51.3786,Thames,THAMES - WEST THAMES,Multiple Values,OPEN,FRESHWATER - RIVERS,2025-03-20T14:54:00,2025,ENVIRONMENTAL MONITORING STATUTORY (EU DIRECTIVES),RIVER / RUNNING SURFACE WATER,9017,"2,2,4,4,6-Pentabromodiphenyl ether :- {PBDE 100}",<0.00006,MICROGRAM PER LITRE
https://environment.data.gov.uk/water-quality/sampling-point/TH-PWER0030/sample/1435319/observation/9019,TH-PWER0030,WEY ABOVE THAMES,-0.4571,51.3786,Thames,THAMES - WEST THAMES,Multiple Values,OPEN,FRESHWATER - RIVERS,2025-03-20T14:54:00,2025,ENVIRONMENTAL MONITORING STATUTORY (EU DIRECTIVES),RIVER / RUNNING SURFACE WATER,9019,"2,2,4,4-Tetrabromodiphenyl ether :- {PBDE 47}",0.00007,MICROGRAM PER LITRE
https://environment.data.gov.uk/water-quality/sampling-point/TH-PWER0030/sample/1435319/observation/9021,TH-PWER0030,WEY ABOVE THAMES,-0.4571,51.3786,Thames,THAMES - WEST THAMES,Multiple Values,OPEN,FRESHWATER - RIVERS,2025-03-20T14:54:00,2025,ENVIRONMENTAL MONITORING STATUTORY (EU DIRECTIVES),RIVER / RUNNING SURFACE WATER,9021,"2,3,4,4-Tetrabromodiphenyl ether :- {PBDE 66}",<0.00007,MICROGRAM PER LITRE
https://environment.data.gov.uk/water-quality/sampling-point/TH-PWER0030/sample/1435319/observation/9051,TH-PWER0030,WEY ABOVE THAMES,-0.4571,51.3786,Thames,THAMES - WEST THAMES,Multiple Values,OPEN,FRESHWATER - RIVERS,2025-03-20T14:54:00,2025,ENVIRONMENTAL MONITORING STATUTORY (EU DIRECTIVES),RIVER / RUNNING SURFACE WATER,9051,"1,2,4-Trichlorobenzene",<0.1,MICROGRAM PER LITRE
https://environment.data.gov.uk/water-quality/sampling-point/TH-PWER0030/sample/1435319/observation/9091,TH-PWER0030,WEY ABOVE THAMES,-0.4571,51.3786,Thames,THAMES - WEST THAMES,Multiple Values,OPEN,FRESHWATER - RIVERS,2025-03-20T14:54:00,2025,ENVIRONMENTAL MONITORING STATUTORY (EU DIRECTIVES),RIVER / RUNNING SURFACE WATER,9091,"2,5-Dichlorophenol",<0.02,MICROGRAM PER LITRE
https://environment.data.gov.uk/water-quality/sampling-point/TH-PWER0030/sample/1435319/observation/9094,TH-PWER0030,WEY ABOVE THAMES,-0.4571,51.3786,Thames,THAMES - WEST THAMES,Multiple Values,OPEN,FRESHWATER - RIVERS,2025-03-20T14:54:00,2025,ENVIRONMENTAL MONITORING STATUTORY (EU DIRECTIVES),RIVER / RUNNING SURFACE WATER,9094,"2,5-Dimethylphenol :- {2,5-Xylenol}",<0.02,MICROGRAM PER LITRE
https://environment.data.gov.uk/water-quality/sampling-point/TH-PWER0030/sample/1435319/observation/9145,TH-PWER0030,WEY ABOVE THAMES,-0.4571,51.3786,Thames,THAMES - WEST THAMES,Multiple Values,OPEN,FRESHWATER - RIVERS,2025-03-20T14:54:00,2025,ENVIRONMENTAL MONITORING STATUTORY (EU DIRECTIVES),RIVER / RUNNING SURFACE WATER,9145,"1,2-Dibromoethane",<0.1,MICROGRAM PER LITRE
https://environment.data.gov.uk/water-quality/sampling-point/TH-PWER0030/sample/1435319/observation/9190,TH-PWER0030,WEY ABOVE THAMES,-0.4571,51.3786,Thames,THAMES - WEST THAMES,Multiple Values,OPEN,FRESHWATER - RIVERS,2025-03-20T14:54:00,2025,ENVIRONMENTAL MONITORING STATUTORY (EU DIRECTIVES),RIVER / RUNNING SURFACE WATER,9190,4-Nonylphenol Branched,<0.04,MICROGRAM PER LITRE
https://environment.data.gov.uk/water-quality/sampling-point/TH-PWER0030/sample/1435319/observation/9248,TH-PWER0030,WEY ABOVE THAMES,-0.4571,51.3786,Thames,THAMES - WEST THAMES,Multiple Values,OPEN,FRESHWATER - RIVERS,2025-03-20T14:54:00,2025,ENVIRONMENTAL MONITORING STATUTORY (EU DIRECTIVES),RIVER / RUNNING SURFACE WATER,9248,"Hexabromocyclododecane Total: (Sum of a, b, g)",<0.0002,MICROGRAM PER LITRE
https://environment.data.gov.uk/water-quality/sampling-point/TH-PWER0030/sample/1435319/observation/9267,TH-PWER0030,WEY ABOVE THAMES,-0.4571,51.3786,Thames,THAMES - WEST THAMES,Multiple Values,OPEN,FRESHWATER - RIVERS,2025-03-20T14:54:00,2025,ENVIRONMENTAL MONITORING STATUTORY (EU DIRECTIVES),RIVER / RUNNING SURFACE WATER,9267,4-tert-Octylphenol :- {p-tert-Octylphenol},<0.01,MICROGRAM PER LITRE
https://environment.data.gov.uk/water-quality/sampling-point/TH-PWER0030/sample/1435319/observation/9446,TH-PWER0030,WEY ABOVE THAMES,-0.4571,51.3786,Thames,THAMES - WEST THAMES,Multiple Values,OPEN,FRESHWATER - RIVERS,2025-03-20T14:54:00,2025,ENVIRONMENTAL MONITORING STATUTORY (EU DIRECTIVES),RIVER / RUNNING SURFACE WATER,9446,"Barium, Dissolved",29,MICROGRAM PER LITRE
https://environment.data.gov.uk/water-quality/sampling-point/TH-PWER0030/sample/1435319/observation/9447,TH-PWER0030,WEY ABOVE THAMES,-0.4571,51.3786,Thames,THAMES - WEST THAMES,Multiple Values,OPEN,FRESHWATER - RIVERS,2025-03-20T14:54:00,2025,ENVIRONMENTAL MONITORING STATUTORY (EU DIRECTIVES),RIVER / RUNNING SURFACE WATER,9447,"Boron, Dissolved",<100,MICROGRAM PER LITRE
https://environment.data.gov.uk/water-quality/sampling-point/TH-PWER0030/sample/1435319/observation/9451,TH-PWER0030,WEY ABOVE THAMES,-0.4571,51.3786,Thames,THAMES - WEST THAMES,Multiple Values,OPEN,FRESHWATER - RIVERS,2025-03-20T14:54:00,2025,ENVIRONMENTAL MONITORING STATUTORY (EU DIRECTIVES),RIVER / RUNNING SURFACE WATER,9451,"2,3-Dimethylphenol :- {2,3-Xylenol}",<0.02,MICROGRAM PER LITRE
https://environment.data.gov.uk/water-quality/sampling-point/TH-PWER0030/sample/1435319/observation/9453,TH-PWER0030,WEY ABOVE THAMES,-0.4571,51.3786,Thames,THAMES - WEST THAMES,Multiple Values,OPEN,FRESHWATER - RIVERS,2025-03-20T14:54:00,2025,ENVIRONMENTAL MONITORING STATUTORY (EU DIRECTIVES),RIVER / RUNNING SURFACE WATER,9453,"2,3-Dichlorophenol",<0.02,MICROGRAM PER LITRE
https://environment.data.gov.uk/water-quality/sampling-point/TH-PWER0030/sample/1435319/observation/9454,TH-PWER0030,WEY ABOVE THAMES,-0.4571,51.3786,Thames,THAMES - WEST THAMES,Multiple Values,OPEN,FRESHWATER - RIVERS,2025-03-20T14:54:00,2025,ENVIRONMENTAL MONITORING STATUTORY (EU DIRECTIVES),RIVER / RUNNING SURFACE WATER,9454,2-Ethyl phenol,<0.02,MICROGRAM PER LITRE
https://environment.data.gov.uk/water-quality/sampling-point/TH-PWER0030/sample/1435319/observation/9456,TH-PWER0030,WEY ABOVE THAMES,-0.4571,51.3786,Thames,THAMES - WEST THAMES,Multiple Values,OPEN,FRESHWATER - RIVERS,2025-03-20T14:54:00,2025,ENVIRONMENTAL MONITORING STATUTORY (EU DIRECTIVES),RIVER / RUNNING SURFACE WATER,9456,"1,2,4-Trimethylbenzene",<0.1,MICROGRAM PER LITRE
https://environment.data.gov.uk/water-quality/sampling-point/TH-PWER0030/sample/1435319/observation/9457,TH-PWER0030,WEY ABOVE THAMES,-0.4571,51.3786,Thames,THAMES - WEST THAMES,Multiple Values,OPEN,FRESHWATER - RIVERS,2025-03-20T14:54:00,2025,ENVIRONMENTAL MONITORING STATUTORY (EU DIRECTIVES),RIVER / RUNNING SURFACE WATER,9457,"1,2,3-Trimethylbenzene",<0.1,MICROGRAM PER LITRE
https://environment.data.gov.uk/water-quality/sampling-point/TH-PWER0030/sample/1435319/observation/9458,TH-PWER0030,WEY ABOVE THAMES,-0.4571,51.3786,Thames,THAMES - WEST THAMES,Multiple Values,OPEN,FRESHWATER - RIVERS,2025-03-20T14:54:00,2025,ENVIRONMENTAL MONITORING STATUTORY (EU DIRECTIVES),RIVER / RUNNING SURFACE WATER,9458,"1,3,5-Trimethylbenzene :- {Mesitylene}",<0.1,MICROGRAM PER LITRE
https://environment.data.gov.uk/water-quality/sampling-point/TH-PWER0030/sample/1435319/observation/9522,TH-PWER0030,WEY ABOVE THAMES,-0.4571,51.3786,Thames,THAMES - WEST THAMES,Multiple Values,OPEN,FRESHWATER - RIVERS,2025-03-20T14:54:00,2025,ENVIRONMENTAL MONITORING STATUTORY (EU DIRECTIVES),RIVER / RUNNING SURFACE WATER,9522,Phenol,0.071,MICROGRAM PER LITRE
https://environment.data.gov.uk/water-quality/sampling-point/TH-PWER0030/sample/1435319/observation/9618,TH-PWER0030,WEY ABOVE THAMES,-0.4571,51.3786,Thames,THAMES - WEST THAMES,Multiple Values,OPEN,FRESHWATER - RIVERS,2025-03-20T14:54:00,2025,ENVIRONMENTAL MONITORING STATUTORY (EU DIRECTIVES),RIVER / RUNNING SURFACE WATER,9618,"1,2-Dichlorobenzene",<0.1,MICROGRAM PER LITRE
https://environment.data.gov.uk/water-quality/sampling-point/TH-PWER0030/sample/1435319/observation/9619,TH-PWER0030,WEY ABOVE THAMES,-0.4571,51.3786,Thames,THAMES - WEST THAMES,Multiple Values,OPEN,FRESHWATER - RIVERS,2025-03-20T14:54:00,2025,ENVIRONMENTAL MONITORING STATUTORY (EU DIRECTIVES),RIVER / RUNNING SURFACE WATER,9619,"1,3-Dichlorobenzene",<0.1,MICROGRAM PER LITRE
https://environment.data.gov.uk/water-quality/sampling-point/TH-PWER0030/sample/1435319/observation/9684,TH-PWER0030,WEY ABOVE THAMES,-0.4571,51.3786,Thames,THAMES - WEST THAMES,Multiple Values,OPEN,FRESHWATER - RIVERS,2025-03-20T14:54:00,2025,ENVIRONMENTAL MONITORING STATUTORY (EU DIRECTIVES),RIVER / RUNNING SURFACE WATER,9684,"1,1-Dichloropropylene :- {1,1-Dichloropropene}",<0.1,MICROGRAM PER LITRE
https://environment.data.gov.uk/water-quality/sampling-point/TH-PWER0030/sample/1435319/observation/9703,TH-PWER0030,WEY ABOVE THAMES,-0.4571,51.3786,Thames,THAMES - WEST THAMES,Multiple Values,OPEN,FRESHWATER - RIVERS,2025-03-20T14:54:00,2025,ENVIRONMENTAL MONITORING STATUTORY (EU DIRECTIVES),RIVER / RUNNING SURFACE WATER,9703,3-Chlorophenol,<0.02,MICROGRAM PER LITRE
https://environment.data.gov.uk/water-quality/sampling-point/TH-PWER0030/sample/1435319/observation/9811,TH-PWER0030,WEY ABOVE THAMES,-0.4571,51.3786,Thames,THAMES - WEST THAMES,Multiple Values,OPEN,FRESHWATER - RIVERS,2025-03-20T14:54:00,2025,ENVIRONMENTAL MONITORING STATUTORY (EU DIRECTIVES),RIVER / RUNNING SURFACE WATER,9811,"1,1,2-Trichloroethane",<0.1,MICROGRAM PER LITRE
https://environment.data.gov.uk/water-quality/sampling-point/TH-PWER0030/sample/1435319/observation/9814,TH-PWER0030,WEY ABOVE THAMES,-0.4571,51.3786,Thames,THAMES - WEST THAMES,Multiple Values,OPEN,FRESHWATER - RIVERS,2025-03-20T14:54:00,2025,ENVIRONMENTAL MONITORING STATUTORY (EU DIRECTIVES),RIVER / RUNNING SURFACE WATER,9814,2-Chlorophenol,<0.02,MICROGRAM PER LITRE
https://environment.data.gov.uk/water-quality/sampling-point/TH-PWER0030/sample/1435319/observation/9815,TH-PWER0030,WEY ABOVE THAMES,-0.4571,51.3786,Thames,THAMES - WEST THAMES,Multiple Values,OPEN,FRESHWATER - RIVERS,2025-03-20T14:54:00,2025,ENVIRONMENTAL MONITORING STATUTORY (EU DIRECTIVES),RIVER / RUNNING SURFACE WATER,9815,4-Chlorophenol,<0.02,MICROGRAM PER LITRE
https://environment.data.gov.uk/water-quality/sampling-point/TH-PWER0030/sample/1435319/observation/9816,TH-PWER0030,WEY ABOVE THAMES,-0.4571,51.3786,Thames,THAMES - WEST THAMES,Multiple Values,OPEN,FRESHWATER - RIVERS,2025-03-20T14:54:00,2025,ENVIRONMENTAL MONITORING STATUTORY (EU DIRECTIVES),RIVER / RUNNING SURFACE WATER,9816,"2,4-Dichlorophenol",<0.02,MICROGRAM PER LITRE
https://environment.data.gov.uk/water-quality/sampling-point/TH-PWER0030/sample/1435319/observation/9817,TH-PWER0030,WEY ABOVE THAMES,-0.4571,51.3786,Thames,THAMES - WEST THAMES,Multiple Values,OPEN,FRESHWATER - RIVERS,2025-03-20T14:54:00,2025,ENVIRONMENTAL MONITORING STATUTORY (EU DIRECTIVES),RIVER / RUNNING SURFACE WATER,9817,"2,6-Dichlorophenol",<0.02,MICROGRAM PER LITRE
https://environment.data.gov.uk/water-quality/sampling-point/TH-PWER0030/sample/1435319/observation/9818,TH-PWER0030,WEY ABOVE THAMES,-0.4571,51.3786,Thames,THAMES - WEST THAMES,Multiple Values,OPEN,FRESHWATER - RIVERS,2025-03-20T14:54:00,2025,ENVIRONMENTAL MONITORING STATUTORY (EU DIRECTIVES),RIVER / RUNNING SURFACE WATER,9818,"2,4,5-Trichlorophenol",<0.02,MICROGRAM PER LITRE
https://environment.data.gov.uk/water-quality/sampling-point/TH-PWER0030/sample/1435319/observation/9819,TH-PWER0030,WEY ABOVE THAMES,-0.4571,51.3786,Thames,THAMES - WEST THAMES,Multiple Values,OPEN,FRESHWATER - RIVERS,2025-03-20T14:54:00,2025,ENVIRONMENTAL MONITORING STATUTORY (EU DIRECTIVES),RIVER / RUNNING SURFACE WATER,9819,"2,4,6-Trichlorophenol",<0.02,MICROGRAM PER LITRE
https://environment.data.gov.uk/water-quality/sampling-point/TH-PWER0030/sample/1435319/observation/9836,TH-PWER0030,WEY ABOVE THAMES,-0.4571,51.3786,Thames,THAMES - WEST THAMES,Multiple Values,OPEN,FRESHWATER - RIVERS,2025-03-20T14:54:00,2025,ENVIRONMENTAL MONITORING STATUTORY (EU DIRECTIVES),RIVER / RUNNING SURFACE WATER,9836,"1,1-Dichloroethylene :- {1,1-Dichloroethene}",<0.1,MICROGRAM PER LITRE
https://environment.data.gov.uk/water-quality/sampling-point/TH-PWER0030/sample/1435319/observation/9839,TH-PWER0030,WEY ABOVE THAMES,-0.4571,51.3786,Thames,THAMES - WEST THAMES,Multiple Values,OPEN,FRESHWATER - RIVERS,2025-03-20T14:54:00,2025,ENVIRONMENTAL MONITORING STATUTORY (EU DIRECTIVES),RIVER / RUNNING SURFACE WATER,9839,tert-Amyl methyl ether :- {TAME},<0.1,MICROGRAM PER LITRE
https://environment.data.gov.uk/water-quality/sampling-point/TH-PWER0030/sample/1435319/observation/9844,TH-PWER0030,WEY ABOVE THAMES,-0.4571,51.3786,Thames,THAMES - WEST THAMES,Multiple Values,OPEN,FRESHWATER - RIVERS,2025-03-20T14:54:00,2025,ENVIRONMENTAL MONITORING STATUTORY (EU DIRECTIVES),RIVER / RUNNING SURFACE WATER,9844,Ethyl tert-butyl ether :- {ETBE},<0.1,MICROGRAM PER LITRE
https://environment.data.gov.uk/water-quality/sampling-point/TH-PWER0030/sample/1435319/observation/9845,TH-PWER0030,WEY ABOVE THAMES,-0.4571,51.3786,Thames,THAMES - WEST THAMES,Multiple Values,OPEN,FRESHWATER - RIVERS,2025-03-20T14:54:00,2025,ENVIRONMENTAL MONITORING STATUTORY (EU DIRECTIVES),RIVER / RUNNING SURFACE WATER,9845,"1,2-Dimethylbenzene :- {o-Xylene}",<0.1,MICROGRAM PER LITRE
https://environment.data.gov.uk/water-quality/sampling-point/TH-PWER0030/sample/1435319/observation/9888,TH-PWER0030,WEY ABOVE THAMES,-0.4571,51.3786,Thames,THAMES - WEST THAMES,Multiple Values,OPEN,FRESHWATER - RIVERS,2025-03-20T14:54:00,2025,ENVIRONMENTAL MONITORING STATUTORY (EU DIRECTIVES),RIVER / RUNNING SURFACE WATER,9888,Styrene :- {Vinylbenzene},<0.1,MICROGRAM PER LITRE
https://environment.data.gov.uk/water-quality/sampling-point/TH-PWER0030/sample/1435319/observation/9901,TH-PWER0030,WEY ABOVE THAMES,-0.4571,51.3786,Thames,THAMES - WEST THAMES,Multiple Values,OPEN,FRESHWATER - RIVERS,2025-03-20T14:54:00,2025,ENVIRONMENTAL MONITORING STATUTORY (EU DIRECTIVES),RIVER / RUNNING SURFACE WATER,9901,"Oxygen, Dissolved, % Saturation",103.1,PERCENTAGE
https://environment.data.gov.uk/water-quality/sampling-point/TH-PWER0030/sample/1435319/observation/9924,TH-PWER0030,WEY ABOVE THAMES,-0.4571,51.3786,Thames,THAMES - WEST THAMES,Multiple Values,OPEN,FRESHWATER - RIVERS,2025-03-20T14:54:00,2025,ENVIRONMENTAL MONITORING STATUTORY (EU DIRECTIVES),RIVER / RUNNING SURFACE WATER,9924,"Oxygen, Dissolved as O2",11.5,MILLIGRAM PER LITRE
https://environment.data.gov.uk/water-quality/sampling-point/TH-PWER0030/sample/1436418/observation/0052,TH-PWER0030,WEY ABOVE THAMES,-0.4571,51.3786,Thames,THAMES - WEST THAMES,Multiple Values,OPEN,FRESHWATER - RIVERS,2025-04-10T16:28:00,2025,ENVIRONMENTAL MONITORING STATUTORY (EU DIRECTIVES),RIVER / RUNNING SURFACE WATER,52,"Lead, Dissolved",<0.1,MICROGRAM PER LITRE
https://environment.data.gov.uk/water-quality/sampling-point/TH-PWER0030/sample/1436418/observation/0061,TH-PWER0030,WEY ABOVE THAMES,-0.4571,51.3786,Thames,THAMES - WEST THAMES,Multiple Values,OPEN,FRESHWATER - RIVERS,2025-04-10T16:28:00,2025,ENVIRONMENTAL MONITORING STATUTORY (EU DIRECTIVES),RIVER / RUNNING SURFACE WATER,61,pH,8.34,PH UNITS
https://environment.data.gov.uk/water-quality/sampling-point/TH-PWER0030/sample/1436418/observation/0076,TH-PWER0030,WEY ABOVE THAMES,-0.4571,51.3786,Thames,THAMES - WEST THAMES,Multiple Values,OPEN,FRESHWATER - RIVERS,2025-04-10T16:28:00,2025,ENVIRONMENTAL MONITORING STATUTORY (EU DIRECTIVES),RIVER / RUNNING SURFACE WATER,76,Temperature of Water,12.6,CELSIUS
https://environment.data.gov.uk/water-quality/sampling-point/TH-PWER0030/sample/1436418/observation/0077,TH-PWER0030,WEY ABOVE THAMES,-0.4571,51.3786,Thames,THAMES - WEST THAMES,Multiple Values,OPEN,FRESHWATER - RIVERS,2025-04-10T16:28:00,2025,ENVIRONMENTAL MONITORING STATUTORY (EU DIRECTIVES),RIVER / RUNNING SURFACE WATER,77,Conductivity at 25 C,499,MICROSIEMENS PER CENTIMETRE
https://environment.data.gov.uk/water-quality/sampling-point/TH-PWER0030/sample/1436418/observation/0085,TH-PWER0030,WEY ABOVE THAMES,-0.4571,51.3786,Thames,THAMES - WEST THAMES,Multiple Values,OPEN,FRESHWATER - RIVERS,2025-04-10T16:28:00,2025,ENVIRONMENTAL MONITORING STATUTORY (EU DIRECTIVES),RIVER / RUNNING SURFACE WATER,85,BOD : 5 Day ATU,4.9,MILLIGRAM PER LITRE
https://environment.data.gov.uk/water-quality/sampling-point/TH-PWER0030/sample/1436418/observation/0103,TH-PWER0030,WEY ABOVE THAMES,-0.4571,51.3786,Thames,THAMES - WEST THAMES,Multiple Values,OPEN,FRESHWATER - RIVERS,2025-04-10T16:28:00,2025,ENVIRONMENTAL MONITORING STATUTORY (EU DIRECTIVES),RIVER / RUNNING SURFACE WATER,103,"Mercury, Dissolved",<0.01,MICROGRAM PER LITRE
https://environment.data.gov.uk/water-quality/sampling-point/TH-PWER0030/sample/1436418/observation/0106,TH-PWER0030,WEY ABOVE THAMES,-0.4571,51.3786,Thames,THAMES - WEST THAMES,Multiple Values,OPEN,FRESHWATER - RIVERS,2025-04-10T16:28:00,2025,ENVIRONMENTAL MONITORING STATUTORY (EU DIRECTIVES),RIVER / RUNNING SURFACE WATER,106,"Cadmium, Dissolved",<0.01,MICROGRAM PER LITRE
https://environment.data.gov.uk/water-quality/sampling-point/TH-PWER0030/sample/1436418/observation/0111,TH-PWER0030,WEY ABOVE THAMES,-0.4571,51.3786,Thames,THAMES - WEST THAMES,Multiple Values,OPEN,FRESHWATER - RIVERS,2025-04-10T16:28:00,2025,ENVIRONMENTAL MONITORING STATUTORY (EU DIRECTIVES),RIVER / RUNNING SURFACE WATER,111,Ammoniacal Nitrogen as N,<0.03,MILLIGRAM PER LITRE
https://environment.data.gov.uk/water-quality/sampling-point/TH-PWER0030/sample/1436418/observation/0116,TH-PWER0030,WEY ABOVE THAMES,-0.4571,51.3786,Thames,THAMES - WEST THAMES,Multiple Values,OPEN,FRESHWATER - RIVERS,2025-04-10T16:28:00,2025,ENVIRONMENTAL MONITORING STATUTORY (EU DIRECTIVES),RIVER / RUNNING SURFACE WATER,116,"Nitrogen, Total Oxidised as N",6.9,MILLIGRAM PER LITRE
https://environment.data.gov.uk/water-quality/sampling-point/TH-PWER0030/sample/1436418/observation/0117,TH-PWER0030,WEY ABOVE THAMES,-0.4571,51.3786,Thames,THAMES - WEST THAMES,Multiple Values,OPEN,FRESHWATER - RIVERS,2025-04-10T16:28:00,2025,ENVIRONMENTAL MONITORING STATUTORY (EU DIRECTIVES),RIVER / RUNNING SURFACE WATER,117,Nitrate as N,6.85,MILLIGRAM PER LITRE
https://environment.data.gov.uk/water-quality/sampling-point/TH-PWER0030/sample/1436418/observation/0118,TH-PWER0030,WEY ABOVE THAMES,-0.4571,51.3786,Thames,THAMES - WEST THAMES,Multiple Values,OPEN,FRESHWATER - RIVERS,2025-04-10T16:28:00,2025,ENVIRONMENTAL MONITORING STATUTORY (EU DIRECTIVES),RIVER / RUNNING SURFACE WATER,118,Nitrite as N,0.049,MILLIGRAM PER LITRE
https://environment.data.gov.uk/water-quality/sampling-point/TH-PWER0030/sample/1436418/observation/0119,TH-PWER0030,WEY ABOVE THAMES,-0.4571,51.3786,Thames,THAMES - WEST THAMES,Multiple Values,OPEN,FRESHWATER - RIVERS,2025-04-10T16:28:00,2025,ENVIRONMENTAL MONITORING STATUTORY (EU DIRECTIVES),RIVER / RUNNING SURFACE WATER,119,Ammonia un-ionised as N,<0.00066,MILLIGRAM PER LITRE
https://environment.data.gov.uk/water-quality/sampling-point/TH-PWER0030/sample/1436418/observation/0162,TH-PWER0030,WEY ABOVE THAMES,-0.4571,51.3786,Thames,THAMES - WEST THAMES,Multiple Values,OPEN,FRESHWATER - RIVERS,2025-04-10T16:28:00,2025,ENVIRONMENTAL MONITORING STATUTORY (EU DIRECTIVES),RIVER / RUNNING SURFACE WATER,162,Alkalinity to pH 4.5 as CaCO3,130,MILLIGRAM PER LITRE
https://environment.data.gov.uk/water-quality/sampling-point/TH-PWER0030/sample/1436418/observation/0172,TH-PWER0030,WEY ABOVE THAMES,-0.4571,51.3786,Thames,THAMES - WEST THAMES,Multiple Values,OPEN,FRESHWATER - RIVERS,2025-04-10T16:28:00,2025,ENVIRONMENTAL MONITORING STATUTORY (EU DIRECTIVES),RIVER / RUNNING SURFACE WATER,172,Chloride,39,MILLIGRAM PER LITRE
https://environment.data.gov.uk/water-quality/sampling-point/TH-PWER0030/sample/1436418/observation/0180,TH-PWER0030,WEY ABOVE THAMES,-0.4571,51.3786,Thames,THAMES - WEST THAMES,Multiple Values,OPEN,FRESHWATER - RIVERS,2025-04-10T16:28:00,2025,ENVIRONMENTAL MONITORING STATUTORY (EU DIRECTIVES),RIVER / RUNNING SURFACE WATER,180,"Orthophosphate, reactive as P",0.06,MILLIGRAM PER LITRE
https://environment.data.gov.uk/water-quality/sampling-point/TH-PWER0030/sample/1436418/observation/0182,TH-PWER0030,WEY ABOVE THAMES,-0.4571,51.3786,Thames,THAMES - WEST THAMES,Multiple Values,OPEN,FRESHWATER - RIVERS,2025-04-10T16:28:00,2025,ENVIRONMENTAL MONITORING STATUTORY (EU DIRECTIVES),RIVER / RUNNING SURFACE WATER,182,"Silica, reactive as SiO2",6.2,MILLIGRAM PER LITRE
https://environment.data.gov.uk/water-quality/sampling-point/TH-PWER0030/sample/1436418/observation/0205,TH-PWER0030,WEY ABOVE THAMES,-0.4571,51.3786,Thames,THAMES - WEST THAMES,Multiple Values,OPEN,FRESHWATER - RIVERS,2025-04-10T16:28:00,2025,ENVIRONMENTAL MONITORING STATUTORY (EU DIRECTIVES),RIVER / RUNNING SURFACE WATER,205,"Sodium, Dissolved",25,MILLIGRAM PER LITRE
https://environment.data.gov.uk/water-quality/sampling-point/TH-PWER0030/sample/1436418/observation/0209,TH-PWER0030,WEY ABOVE THAMES,-0.4571,51.3786,Thames,THAMES - WEST THAMES,Multiple Values,OPEN,FRESHWATER - RIVERS,2025-04-10T16:28:00,2025,ENVIRONMENTAL MONITORING STATUTORY (EU DIRECTIVES),RIVER / RUNNING SURFACE WATER,209,"Potassium, Dissolved",5.5,MILLIGRAM PER LITRE
https://environment.data.gov.uk/water-quality/sampling-point/TH-PWER0030/sample/1436418/observation/0301,TH-PWER0030,WEY ABOVE THAMES,-0.4571,51.3786,Thames,THAMES - WEST THAMES,Multiple Values,OPEN,FRESHWATER - RIVERS,2025-04-10T16:28:00,2025,ENVIRONMENTAL MONITORING STATUTORY (EU DIRECTIVES),RIVER / RUNNING SURFACE WATER,301,"Carbon, Organic, Dissolved as C :- {DOC}",3.8,MILLIGRAM PER LITRE
https://environment.data.gov.uk/water-quality/sampling-point/TH-PWER0030/sample/1436418/observation/0348,TH-PWER0030,WEY ABOVE THAMES,-0.4571,51.3786,Thames,THAMES - WEST THAMES,Multiple Values,OPEN,FRESHWATER - RIVERS,2025-04-10T16:28:00,2025,ENVIRONMENTAL MONITORING STATUTORY (EU DIRECTIVES),RIVER / RUNNING SURFACE WATER,348,"Phosphorus, Total as P",0.23,MILLIGRAM PER LITRE
https://environment.data.gov.uk/water-quality/sampling-point/TH-PWER0030/sample/1436418/observation/0483,TH-PWER0030,WEY ABOVE THAMES,-0.4571,51.3786,Thames,THAMES - WEST THAMES,Multiple Values,OPEN,FRESHWATER - RIVERS,2025-04-10T16:28:00,2025,ENVIRONMENTAL MONITORING STATUTORY (EU DIRECTIVES),RIVER / RUNNING SURFACE WATER,483,Aldrin,<0.0001,MICROGRAM PER LITRE
https://environment.data.gov.uk/water-quality/sampling-point/TH-PWER0030/sample/1436418/observation/0487,TH-PWER0030,WEY ABOVE THAMES,-0.4571,51.3786,Thames,THAMES - WEST THAMES,Multiple Values,OPEN,FRESHWATER - RIVERS,2025-04-10T16:28:00,2025,ENVIRONMENTAL MONITORING STATUTORY (EU DIRECTIVES),RIVER / RUNNING SURFACE WATER,487,HCH -alpha,<0.0001,MICROGRAM PER LITRE
https://environment.data.gov.uk/water-quality/sampling-point/TH-PWER0030/sample/1436418/observation/0491,TH-PWER0030,WEY ABOVE THAMES,-0.4571,51.3786,Thames,THAMES - WEST THAMES,Multiple Values,OPEN,FRESHWATER - RIVERS,2025-04-10T16:28:00,2025,ENVIRONMENTAL MONITORING STATUTORY (EU DIRECTIVES),RIVER / RUNNING SURFACE WATER,491,HCH -beta,<0.0001,MICROGRAM PER LITRE
https://environment.data.gov.uk/water-quality/sampling-point/TH-PWER0030/sample/1436418/observation/0495,TH-PWER0030,WEY ABOVE THAMES,-0.4571,51.3786,Thames,THAMES - WEST THAMES,Multiple Values,OPEN,FRESHWATER - RIVERS,2025-04-10T16:28:00,2025,ENVIRONMENTAL MONITORING STATUTORY (EU DIRECTIVES),RIVER / RUNNING SURFACE WATER,495,HCH -delta,<0.0001,MICROGRAM PER LITRE
https://environment.data.gov.uk/water-quality/sampling-point/TH-PWER0030/sample/1436418/observation/0499,TH-PWER0030,WEY ABOVE THAMES,-0.4571,51.3786,Thames,THAMES - WEST THAMES,Multiple Values,OPEN,FRESHWATER - RIVERS,2025-04-10T16:28:00,2025,ENVIRONMENTAL MONITORING STATUTORY (EU DIRECTIVES),RIVER / RUNNING SURFACE WATER,499,HCH -gamma :- {Lindane},0.00042,MICROGRAM PER LITRE
https://environment.data.gov.uk/water-quality/sampling-point/TH-PWER0030/sample/1436418/observation/0503,TH-PWER0030,WEY ABOVE THAMES,-0.4571,51.3786,Thames,THAMES - WEST THAMES,Multiple Values,OPEN,FRESHWATER - RIVERS,2025-04-10T16:28:00,2025,ENVIRONMENTAL MONITORING STATUTORY (EU DIRECTIVES),RIVER / RUNNING SURFACE WATER,503,Chlorfenvinphos,<0.0001,MICROGRAM PER LITRE
https://environment.data.gov.uk/water-quality/sampling-point/TH-PWER0030/sample/1436418/observation/0507,TH-PWER0030,WEY ABOVE THAMES,-0.4571,51.3786,Thames,THAMES - WEST THAMES,Multiple Values,OPEN,FRESHWATER - RIVERS,2025-04-10T16:28:00,2025,ENVIRONMENTAL MONITORING STATUTORY (EU DIRECTIVES),RIVER / RUNNING SURFACE WATER,507,Dichlorvos,<0.00004,MICROGRAM PER LITRE
https://environment.data.gov.uk/water-quality/sampling-point/TH-PWER0030/sample/1436418/observation/0511,TH-PWER0030,WEY ABOVE THAMES,-0.4571,51.3786,Thames,THAMES - WEST THAMES,Multiple Values,OPEN,FRESHWATER - RIVERS,2025-04-10T16:28:00,2025,ENVIRONMENTAL MONITORING STATUTORY (EU DIRECTIVES),RIVER / RUNNING SURFACE WATER,511,Dieldrin,0.00022,MICROGRAM PER LITRE
https://environment.data.gov.uk/water-quality/sampling-point/TH-PWER0030/sample/1436418/observation/0527,TH-PWER0030,WEY ABOVE THAMES,-0.4571,51.3786,Thames,THAMES - WEST THAMES,Multiple Values,OPEN,FRESHWATER - RIVERS,2025-04-10T16:28:00,2025,ENVIRONMENTAL MONITORING STATUTORY (EU DIRECTIVES),RIVER / RUNNING SURFACE WATER,527,Heptachlor,<0.00004,MICROGRAM PER LITRE
https://environment.data.gov.uk/water-quality/sampling-point/TH-PWER0030/sample/1436418/observation/0535,TH-PWER0030,WEY ABOVE THAMES,-0.4571,51.3786,Thames,THAMES - WEST THAMES,Multiple Values,OPEN,FRESHWATER - RIVERS,2025-04-10T16:28:00,2025,ENVIRONMENTAL MONITORING STATUTORY (EU DIRECTIVES),RIVER / RUNNING SURFACE WATER,535,Malathion,<0.0001,MICROGRAM PER LITRE
https://environment.data.gov.uk/water-quality/sampling-point/TH-PWER0030/sample/1436418/observation/0539,TH-PWER0030,WEY ABOVE THAMES,-0.4571,51.3786,Thames,THAMES - WEST THAMES,Multiple Values,OPEN,FRESHWATER - RIVERS,2025-04-10T16:28:00,2025,ENVIRONMENTAL MONITORING STATUTORY (EU DIRECTIVES),RIVER / RUNNING SURFACE WATER,539,DDT -op,<0.0001,MICROGRAM PER LITRE
https://environment.data.gov.uk/water-quality/sampling-point/TH-PWER0030/sample/1436418/observation/0551,TH-PWER0030,WEY ABOVE THAMES,-0.4571,51.3786,Thames,THAMES - WEST THAMES,Multiple Values,OPEN,FRESHWATER - RIVERS,2025-04-10T16:28:00,2025,ENVIRONMENTAL MONITORING STATUTORY (EU DIRECTIVES),RIVER / RUNNING SURFACE WATER,551,DDE -pp,<0.0001,MICROGRAM PER LITRE
https://environment.data.gov.uk/water-quality/sampling-point/TH-PWER0030/sample/1436418/observation/0555,TH-PWER0030,WEY ABOVE THAMES,-0.4571,51.3786,Thames,THAMES - WEST THAMES,Multiple Values,OPEN,FRESHWATER - RIVERS,2025-04-10T16:28:00,2025,ENVIRONMENTAL MONITORING STATUTORY (EU DIRECTIVES),RIVER / RUNNING SURFACE WATER,555,DDT -pp,<0.0001,MICROGRAM PER LITRE
https://environment.data.gov.uk/water-quality/sampling-point/TH-PWER0030/sample/1436418/observation/0559,TH-PWER0030,WEY ABOVE THAMES,-0.4571,51.3786,Thames,THAMES - WEST THAMES,Multiple Values,OPEN,FRESHWATER - RIVERS,2025-04-10T16:28:00,2025,ENVIRONMENTAL MONITORING STATUTORY (EU DIRECTIVES),RIVER / RUNNING SURFACE WATER,559,TDE -pp,<0.0001,MICROGRAM PER LITRE
https://environment.data.gov.uk/water-quality/sampling-point/TH-PWER0030/sample/1436418/observation/0562,TH-PWER0030,WEY ABOVE THAMES,-0.4571,51.3786,Thames,THAMES - WEST THAMES,Multiple Values,OPEN,FRESHWATER - RIVERS,2025-04-10T16:28:00,2025,ENVIRONMENTAL MONITORING STATUTORY (EU DIRECTIVES),RIVER / RUNNING SURFACE WATER,562,Endrin,<0.0001,MICROGRAM PER LITRE
https://environment.data.gov.uk/water-quality/sampling-point/TH-PWER0030/sample/1436418/observation/0569,TH-PWER0030,WEY ABOVE THAMES,-0.4571,51.3786,Thames,THAMES - WEST THAMES,Multiple Values,OPEN,FRESHWATER - RIVERS,2025-04-10T16:28:00,2025,ENVIRONMENTAL MONITORING STATUTORY (EU DIRECTIVES),RIVER / RUNNING SURFACE WATER,569,Endosulfan A,<0.0001,MICROGRAM PER LITRE
https://environment.data.gov.uk/water-quality/sampling-point/TH-PWER0030/sample/1436418/observation/0570,TH-PWER0030,WEY ABOVE THAMES,-0.4571,51.3786,Thames,THAMES - WEST THAMES,Multiple Values,OPEN,FRESHWATER - RIVERS,2025-04-10T16:28:00,2025,ENVIRONMENTAL MONITORING STATUTORY (EU DIRECTIVES),RIVER / RUNNING SURFACE WATER,570,Endosulfan B,<0.0001,MICROGRAM PER LITRE
https://environment.data.gov.uk/water-quality/sampling-point/TH-PWER0030/sample/1436418/observation/0575,TH-PWER0030,WEY ABOVE THAMES,-0.4571,51.3786,Thames,THAMES - WEST THAMES,Multiple Values,OPEN,FRESHWATER - RIVERS,2025-04-10T16:28:00,2025,ENVIRONMENTAL MONITORING STATUTORY (EU DIRECTIVES),RIVER / RUNNING SURFACE WATER,575,DDT : Sum of components,<0.0004,MICROGRAM PER LITRE
https://environment.data.gov.uk/water-quality/sampling-point/TH-PWER0030/sample/1436418/observation/0576,TH-PWER0030,WEY ABOVE THAMES,-0.4571,51.3786,Thames,THAMES - WEST THAMES,Multiple Values,OPEN,FRESHWATER - RIVERS,2025-04-10T16:28:00,2025,ENVIRONMENTAL MONITORING STATUTORY (EU DIRECTIVES),RIVER / RUNNING SURFACE WATER,576,Hexachlorobenzene,<0.0001,MICROGRAM PER LITRE
https://environment.data.gov.uk/water-quality/sampling-point/TH-PWER0030/sample/1436418/observation/0714,TH-PWER0030,WEY ABOVE THAMES,-0.4571,51.3786,Thames,THAMES - WEST THAMES,Multiple Values,OPEN,FRESHWATER - RIVERS,2025-04-10T16:28:00,2025,ENVIRONMENTAL MONITORING STATUTORY (EU DIRECTIVES),RIVER / RUNNING SURFACE WATER,714,"Benzo(g,h,i)Perylene",0.0047,MICROGRAM PER LITRE
https://environment.data.gov.uk/water-quality/sampling-point/TH-PWER0030/sample/1436418/observation/0723,TH-PWER0030,WEY ABOVE THAMES,-0.4571,51.3786,Thames,THAMES - WEST THAMES,Multiple Values,OPEN,FRESHWATER - RIVERS,2025-04-10T16:28:00,2025,ENVIRONMENTAL MONITORING STATUTORY (EU DIRECTIVES),RIVER / RUNNING SURFACE WATER,723,Diazinon,<0.0001,MICROGRAM PER LITRE
https://environment.data.gov.uk/water-quality/sampling-point/TH-PWER0030/sample/1436418/observation/0731,TH-PWER0030,WEY ABOVE THAMES,-0.4571,51.3786,Thames,THAMES - WEST THAMES,Multiple Values,OPEN,FRESHWATER - RIVERS,2025-04-10T16:28:00,2025,ENVIRONMENTAL MONITORING STATUTORY (EU DIRECTIVES),RIVER / RUNNING SURFACE WATER,731,Benzo(b)Fluoranthene,0.0026,MICROGRAM PER LITRE
https://environment.data.gov.uk/water-quality/sampling-point/TH-PWER0030/sample/1436418/observation/0733,TH-PWER0030,WEY ABOVE THAMES,-0.4571,51.3786,Thames,THAMES - WEST THAMES,Multiple Values,OPEN,FRESHWATER - RIVERS,2025-04-10T16:28:00,2025,ENVIRONMENTAL MONITORING STATUTORY (EU DIRECTIVES),RIVER / RUNNING SURFACE WATER,733,Benzo(k)Fluoranthene,0.0014,MICROGRAM PER LITRE
https://environment.data.gov.uk/water-quality/sampling-point/TH-PWER0030/sample/1436418/observation/0736,TH-PWER0030,WEY ABOVE THAMES,-0.4571,51.3786,Thames,THAMES - WEST THAMES,Multiple Values,OPEN,FRESHWATER - RIVERS,2025-04-10T16:28:00,2025,ENVIRONMENTAL MONITORING STATUTORY (EU DIRECTIVES),RIVER / RUNNING SURFACE WATER,736,Fluoranthene,0.0042,MICROGRAM PER LITRE
https://environment.data.gov.uk/water-quality/sampling-point/TH-PWER0030/sample/1436418/observation/0746,TH-PWER0030,WEY ABOVE THAMES,-0.4571,51.3786,Thames,THAMES - WEST THAMES,Multiple Values,OPEN,FRESHWATER - RIVERS,2025-04-10T16:28:00,2025,ENVIRONMENTAL MONITORING STATUTORY (EU DIRECTIVES),RIVER / RUNNING SURFACE WATER,746,"Indeno(1,2,3-cd)pyrene",0.0039,MICROGRAM PER LITRE
https://environment.data.gov.uk/water-quality/sampling-point/TH-PWER0030/sample/1436418/observation/0772,TH-PWER0030,WEY ABOVE THAMES,-0.4571,51.3786,Thames,THAMES - WEST THAMES,Multiple Values,OPEN,FRESHWATER - RIVERS,2025-04-10T16:28:00,2025,ENVIRONMENTAL MONITORING STATUTORY (EU DIRECTIVES),RIVER / RUNNING SURFACE WATER,772,Benzo(a)Anthracene,<0.01,MICROGRAM PER LITRE
https://environment.data.gov.uk/water-quality/sampling-point/TH-PWER0030/sample/1436418/observation/1109,TH-PWER0030,WEY ABOVE THAMES,-0.4571,51.3786,Thames,THAMES - WEST THAMES,Multiple Values,OPEN,FRESHWATER - RIVERS,2025-04-10T16:28:00,2025,ENVIRONMENTAL MONITORING STATUTORY (EU DIRECTIVES),RIVER / RUNNING SURFACE WATER,1109,Endosulfan : Total (A + B),<0.0002,MICROGRAM PER LITRE
https://environment.data.gov.uk/water-quality/sampling-point/TH-PWER0030/sample/1436418/observation/3001,TH-PWER0030,WEY ABOVE THAMES,-0.4571,51.3786,Thames,THAMES - WEST THAMES,Multiple Values,OPEN,FRESHWATER - RIVERS,2025-04-10T16:28:00,2025,ENVIRONMENTAL MONITORING STATUTORY (EU DIRECTIVES),RIVER / RUNNING SURFACE WATER,3001,Simazine,0.0022,MICROGRAM PER LITRE
https://environment.data.gov.uk/water-quality/sampling-point/TH-PWER0030/sample/1436418/observation/3002,TH-PWER0030,WEY ABOVE THAMES,-0.4571,51.3786,Thames,THAMES - WEST THAMES,Multiple Values,OPEN,FRESHWATER - RIVERS,2025-04-10T16:28:00,2025,ENVIRONMENTAL MONITORING STATUTORY (EU DIRECTIVES),RIVER / RUNNING SURFACE WATER,3002,Atrazine,0.0022,MICROGRAM PER LITRE
https://environment.data.gov.uk/water-quality/sampling-point/TH-PWER0030/sample/1436418/observation/3004,TH-PWER0030,WEY ABOVE THAMES,-0.4571,51.3786,Thames,THAMES - WEST THAMES,Multiple Values,OPEN,FRESHWATER - RIVERS,2025-04-10T16:28:00,2025,ENVIRONMENTAL MONITORING STATUTORY (EU DIRECTIVES),RIVER / RUNNING SURFACE WATER,3004,Asulam,<0.02,MICROGRAM PER LITRE
https://environment.data.gov.uk/water-quality/sampling-point/TH-PWER0030/sample/1436418/observation/3007,TH-PWER0030,WEY ABOVE THAMES,-0.4571,51.3786,Thames,THAMES - WEST THAMES,Multiple Values,OPEN,FRESHWATER - RIVERS,2025-04-10T16:28:00,2025,ENVIRONMENTAL MONITORING STATUTORY (EU DIRECTIVES),RIVER / RUNNING SURFACE WATER,3007,Glyphosate,0.32,MICROGRAM PER LITRE
https://environment.data.gov.uk/water-quality/sampling-point/TH-PWER0030/sample/1436418/observation/3009,TH-PWER0030,WEY ABOVE THAMES,-0.4571,51.3786,Thames,THAMES - WEST THAMES,Multiple Values,OPEN,FRESHWATER - RIVERS,2025-04-10T16:28:00,2025,ENVIRONMENTAL MONITORING STATUTORY (EU DIRECTIVES),RIVER / RUNNING SURFACE WATER,3009,Terbutryn,0.00074,MICROGRAM PER LITRE
https://environment.data.gov.uk/water-quality/sampling-point/TH-PWER0030/sample/1436418/observation/3086,TH-PWER0030,WEY ABOVE THAMES,-0.4571,51.3786,Thames,THAMES - WEST THAMES,Multiple Values,OPEN,FRESHWATER - RIVERS,2025-04-10T16:28:00,2025,ENVIRONMENTAL MONITORING STATUTORY (EU DIRECTIVES),RIVER / RUNNING SURFACE WATER,3086,Carbofuran,<0.005,MICROGRAM PER LITRE
https://environment.data.gov.uk/water-quality/sampling-point/TH-PWER0030/sample/1436418/observation/3117,TH-PWER0030,WEY ABOVE THAMES,-0.4571,51.3786,Thames,THAMES - WEST THAMES,Multiple Values,OPEN,FRESHWATER - RIVERS,2025-04-10T16:28:00,2025,ENVIRONMENTAL MONITORING STATUTORY (EU DIRECTIVES),RIVER / RUNNING SURFACE WATER,3117,Isoproturon,<0.01,MICROGRAM PER LITRE
https://environment.data.gov.uk/water-quality/sampling-point/TH-PWER0030/sample/1436418/observation/3118,TH-PWER0030,WEY ABOVE THAMES,-0.4571,51.3786,Thames,THAMES - WEST THAMES,Multiple Values,OPEN,FRESHWATER - RIVERS,2025-04-10T16:28:00,2025,ENVIRONMENTAL MONITORING STATUTORY (EU DIRECTIVES),RIVER / RUNNING SURFACE WATER,3118,Linuron,<0.01,MICROGRAM PER LITRE
https://environment.data.gov.uk/water-quality/sampling-point/TH-PWER0030/sample/1436418/observation/3130,TH-PWER0030,WEY ABOVE THAMES,-0.4571,51.3786,Thames,THAMES - WEST THAMES,Multiple Values,OPEN,FRESHWATER - RIVERS,2025-04-10T16:28:00,2025,ENVIRONMENTAL MONITORING STATUTORY (EU DIRECTIVES),RIVER / RUNNING SURFACE WATER,3130,Metoxuron,<0.01,MICROGRAM PER LITRE
https://environment.data.gov.uk/water-quality/sampling-point/TH-PWER0030/sample/1436418/observation/3399,TH-PWER0030,WEY ABOVE THAMES,-0.4571,51.3786,Thames,THAMES - WEST THAMES,Multiple Values,OPEN,FRESHWATER - RIVERS,2025-04-10T16:28:00,2025,ENVIRONMENTAL MONITORING STATUTORY (EU DIRECTIVES),RIVER / RUNNING SURFACE WATER,3399,Chloroxuron,<0.01,MICROGRAM PER LITRE
https://environment.data.gov.uk/water-quality/sampling-point/TH-PWER0030/sample/1436418/observation/3400,TH-PWER0030,WEY ABOVE THAMES,-0.4571,51.3786,Thames,THAMES - WEST THAMES,Multiple Values,OPEN,FRESHWATER - RIVERS,2025-04-10T16:28:00,2025,ENVIRONMENTAL MONITORING STATUTORY (EU DIRECTIVES),RIVER / RUNNING SURFACE WATER,3400,Monuron,<0.01,MICROGRAM PER LITRE
https://environment.data.gov.uk/water-quality/sampling-point/TH-PWER0030/sample/1436418/observation/3408,TH-PWER0030,WEY ABOVE THAMES,-0.4571,51.3786,Thames,THAMES - WEST THAMES,Multiple Values,OPEN,FRESHWATER - RIVERS,2025-04-10T16:28:00,2025,ENVIRONMENTAL MONITORING STATUTORY (EU DIRECTIVES),RIVER / RUNNING SURFACE WATER,3408,"Zinc, Dissolved",4.8,MICROGRAM PER LITRE
https://environment.data.gov.uk/water-quality/sampling-point/TH-PWER0030/sample/1436418/observation/3409,TH-PWER0030,WEY ABOVE THAMES,-0.4571,51.3786,Thames,THAMES - WEST THAMES,Multiple Values,OPEN,FRESHWATER - RIVERS,2025-04-10T16:28:00,2025,ENVIRONMENTAL MONITORING STATUTORY (EU DIRECTIVES),RIVER / RUNNING SURFACE WATER,3409,"Chromium, Dissolved",<0.5,MICROGRAM PER LITRE
https://environment.data.gov.uk/water-quality/sampling-point/TH-PWER0030/sample/1436418/observation/3410,TH-PWER0030,WEY ABOVE THAMES,-0.4571,51.3786,Thames,THAMES - WEST THAMES,Multiple Values,OPEN,FRESHWATER - RIVERS,2025-04-10T16:28:00,2025,ENVIRONMENTAL MONITORING STATUTORY (EU DIRECTIVES),RIVER / RUNNING SURFACE WATER,3410,"Nickel, Dissolved",3.3,MICROGRAM PER LITRE
https://environment.data.gov.uk/water-quality/sampling-point/TH-PWER0030/sample/1436418/observation/3472,TH-PWER0030,WEY ABOVE THAMES,-0.4571,51.3786,Thames,THAMES - WEST THAMES,Multiple Values,OPEN,FRESHWATER - RIVERS,2025-04-10T16:28:00,2025,ENVIRONMENTAL MONITORING STATUTORY (EU DIRECTIVES),RIVER / RUNNING SURFACE WATER,3472,Dichlorobenzophenone,<0.0001,MICROGRAM PER LITRE
https://environment.data.gov.uk/water-quality/sampling-point/TH-PWER0030/sample/1436418/observation/3475,TH-PWER0030,WEY ABOVE THAMES,-0.4571,51.3786,Thames,THAMES - WEST THAMES,Multiple Values,OPEN,FRESHWATER - RIVERS,2025-04-10T16:28:00,2025,ENVIRONMENTAL MONITORING STATUTORY (EU DIRECTIVES),RIVER / RUNNING SURFACE WATER,3475,Carbendazim,<0.01,MICROGRAM PER LITRE
https://environment.data.gov.uk/water-quality/sampling-point/TH-PWER0030/sample/1436418/observation/3478,TH-PWER0030,WEY ABOVE THAMES,-0.4571,51.3786,Thames,THAMES - WEST THAMES,Multiple Values,OPEN,FRESHWATER - RIVERS,2025-04-10T16:28:00,2025,ENVIRONMENTAL MONITORING STATUTORY (EU DIRECTIVES),RIVER / RUNNING SURFACE WATER,3478,Aclonifen,<0.0001,MICROGRAM PER LITRE
https://environment.data.gov.uk/water-quality/sampling-point/TH-PWER0030/sample/1436418/observation/3811,TH-PWER0030,WEY ABOVE THAMES,-0.4571,51.3786,Thames,THAMES - WEST THAMES,Multiple Values,OPEN,FRESHWATER - RIVERS,2025-04-10T16:28:00,2025,ENVIRONMENTAL MONITORING STATUTORY (EU DIRECTIVES),RIVER / RUNNING SURFACE WATER,3811,Diuron,<0.01,MICROGRAM PER LITRE
https://environment.data.gov.uk/water-quality/sampling-point/TH-PWER0030/sample/1436418/observation/3925,TH-PWER0030,WEY ABOVE THAMES,-0.4571,51.3786,Thames,THAMES - WEST THAMES,Multiple Values,OPEN,FRESHWATER - RIVERS,2025-04-10T16:28:00,2025,ENVIRONMENTAL MONITORING STATUTORY (EU DIRECTIVES),RIVER / RUNNING SURFACE WATER,3925,Monolinuron,<0.01,MICROGRAM PER LITRE
https://environment.data.gov.uk/water-quality/sampling-point/TH-PWER0030/sample/1436418/observation/5042,TH-PWER0030,WEY ABOVE THAMES,-0.4571,51.3786,Thames,THAMES - WEST THAMES,Multiple Values,OPEN,FRESHWATER - RIVERS,2025-04-10T16:28:00,2025,ENVIRONMENTAL MONITORING STATUTORY (EU DIRECTIVES),RIVER / RUNNING SURFACE WATER,5042,Sulcotrione,<0.1,MICROGRAM PER LITRE
https://environment.data.gov.uk/water-quality/sampling-point/TH-PWER0030/sample/1436418/observation/5047,TH-PWER0030,WEY ABOVE THAMES,-0.4571,51.3786,Thames,THAMES - WEST THAMES,Multiple Values,OPEN,FRESHWATER - RIVERS,2025-04-10T16:28:00,2025,ENVIRONMENTAL MONITORING STATUTORY (EU DIRECTIVES),RIVER / RUNNING SURFACE WATER,5047,Ethirimol,<0.05,MICROGRAM PER LITRE
https://environment.data.gov.uk/water-quality/sampling-point/TH-PWER0030/sample/1436418/observation/5050,TH-PWER0030,WEY ABOVE THAMES,-0.4571,51.3786,Thames,THAMES - WEST THAMES,Multiple Values,OPEN,FRESHWATER - RIVERS,2025-04-10T16:28:00,2025,ENVIRONMENTAL MONITORING STATUTORY (EU DIRECTIVES),RIVER / RUNNING SURFACE WATER,5050,Azoxystrobin,<0.02,MICROGRAM PER LITRE
https://environment.data.gov.uk/water-quality/sampling-point/TH-PWER0030/sample/1436418/observation/5157,TH-PWER0030,WEY ABOVE THAMES,-0.4571,51.3786,Thames,THAMES - WEST THAMES,Multiple Values,OPEN,FRESHWATER - RIVERS,2025-04-10T16:28:00,2025,ENVIRONMENTAL MONITORING STATUTORY (EU DIRECTIVES),RIVER / RUNNING SURFACE WATER,5157,Quinoxyfen,<0.0001,MICROGRAM PER LITRE
https://environment.data.gov.uk/water-quality/sampling-point/TH-PWER0030/sample/1436418/observation/5863,TH-PWER0030,WEY ABOVE THAMES,-0.4571,51.3786,Thames,THAMES - WEST THAMES,Multiple Values,OPEN,FRESHWATER - RIVERS,2025-04-10T16:28:00,2025,ENVIRONMENTAL MONITORING STATUTORY (EU DIRECTIVES),RIVER / RUNNING SURFACE WATER,5863,Pentachlorobenzene,<0.0001,MICROGRAM PER LITRE
https://environment.data.gov.uk/water-quality/sampling-point/TH-PWER0030/sample/1436418/observation/6045,TH-PWER0030,WEY ABOVE THAMES,-0.4571,51.3786,Thames,THAMES - WEST THAMES,Multiple Values,OPEN,FRESHWATER - RIVERS,2025-04-10T16:28:00,2025,ENVIRONMENTAL MONITORING STATUTORY (EU DIRECTIVES),RIVER / RUNNING SURFACE WATER,6045,"Arsenic, Dissolved",<1,MICROGRAM PER LITRE
https://environment.data.gov.uk/water-quality/sampling-point/TH-PWER0030/sample/1436418/observation/6396,TH-PWER0030,WEY ABOVE THAMES,-0.4571,51.3786,Thames,THAMES - WEST THAMES,Multiple Values,OPEN,FRESHWATER - RIVERS,2025-04-10T16:28:00,2025,ENVIRONMENTAL MONITORING STATUTORY (EU DIRECTIVES),RIVER / RUNNING SURFACE WATER,6396,Turbidity,12,NEPHELOMETRIC TURBIDITY UNITS
https://environment.data.gov.uk/water-quality/sampling-point/TH-PWER0030/sample/1436418/observation/6399,TH-PWER0030,WEY ABOVE THAMES,-0.4571,51.3786,Thames,THAMES - WEST THAMES,Multiple Values,OPEN,FRESHWATER - RIVERS,2025-04-10T16:28:00,2025,ENVIRONMENTAL MONITORING STATUTORY (EU DIRECTIVES),RIVER / RUNNING SURFACE WATER,6399,Benzo(a)Pyrene,0.0028,MICROGRAM PER LITRE
https://environment.data.gov.uk/water-quality/sampling-point/TH-PWER0030/sample/1436418/observation/6447,TH-PWER0030,WEY ABOVE THAMES,-0.4571,51.3786,Thames,THAMES - WEST THAMES,Multiple Values,OPEN,FRESHWATER - RIVERS,2025-04-10T16:28:00,2025,ENVIRONMENTAL MONITORING STATUTORY (EU DIRECTIVES),RIVER / RUNNING SURFACE WATER,6447,Dimethoate,<0.0001,MICROGRAM PER LITRE
https://environment.data.gov.uk/water-quality/sampling-point/TH-PWER0030/sample/1436418/observation/6450,TH-PWER0030,WEY ABOVE THAMES,-0.4571,51.3786,Thames,THAMES - WEST THAMES,Multiple Values,OPEN,FRESHWATER - RIVERS,2025-04-10T16:28:00,2025,ENVIRONMENTAL MONITORING STATUTORY (EU DIRECTIVES),RIVER / RUNNING SURFACE WATER,6450,"Copper, Dissolved",2,MICROGRAM PER LITRE
https://environment.data.gov.uk/water-quality/sampling-point/TH-PWER0030/sample/1436418/observation/6458,TH-PWER0030,WEY ABOVE THAMES,-0.4571,51.3786,Thames,THAMES - WEST THAMES,Multiple Values,OPEN,FRESHWATER - RIVERS,2025-04-10T16:28:00,2025,ENVIRONMENTAL MONITORING STATUTORY (EU DIRECTIVES),RIVER / RUNNING SURFACE WATER,6458,"Manganese, Dissolved",22,MICROGRAM PER LITRE
https://environment.data.gov.uk/water-quality/sampling-point/TH-PWER0030/sample/1436418/observation/6460,TH-PWER0030,WEY ABOVE THAMES,-0.4571,51.3786,Thames,THAMES - WEST THAMES,Multiple Values,OPEN,FRESHWATER - RIVERS,2025-04-10T16:28:00,2025,ENVIRONMENTAL MONITORING STATUTORY (EU DIRECTIVES),RIVER / RUNNING SURFACE WATER,6460,"Iron, Dissolved",81,MICROGRAM PER LITRE
https://environment.data.gov.uk/water-quality/sampling-point/TH-PWER0030/sample/1436418/observation/6603,TH-PWER0030,WEY ABOVE THAMES,-0.4571,51.3786,Thames,THAMES - WEST THAMES,Multiple Values,OPEN,FRESHWATER - RIVERS,2025-04-10T16:28:00,2025,ENVIRONMENTAL MONITORING STATUTORY (EU DIRECTIVES),RIVER / RUNNING SURFACE WATER,6603,Bifenox,<0.0001,MICROGRAM PER LITRE
https://environment.data.gov.uk/water-quality/sampling-point/TH-PWER0030/sample/1436418/observation/6615,TH-PWER0030,WEY ABOVE THAMES,-0.4571,51.3786,Thames,THAMES - WEST THAMES,Multiple Values,OPEN,FRESHWATER - RIVERS,2025-04-10T16:28:00,2025,ENVIRONMENTAL MONITORING STATUTORY (EU DIRECTIVES),RIVER / RUNNING SURFACE WATER,6615,Chlorothalonil,<0.0005,MICROGRAM PER LITRE
https://environment.data.gov.uk/water-quality/sampling-point/TH-PWER0030/sample/1436418/observation/6648,TH-PWER0030,WEY ABOVE THAMES,-0.4571,51.3786,Thames,THAMES - WEST THAMES,Multiple Values,OPEN,FRESHWATER - RIVERS,2025-04-10T16:28:00,2025,ENVIRONMENTAL MONITORING STATUTORY (EU DIRECTIVES),RIVER / RUNNING SURFACE WATER,6648,Hexachlorobutadiene,<0.0001,MICROGRAM PER LITRE
https://environment.data.gov.uk/water-quality/sampling-point/TH-PWER0030/sample/1436418/observation/6753,TH-PWER0030,WEY ABOVE THAMES,-0.4571,51.3786,Thames,THAMES - WEST THAMES,Multiple Values,OPEN,FRESHWATER - RIVERS,2025-04-10T16:28:00,2025,ENVIRONMENTAL MONITORING STATUTORY (EU DIRECTIVES),RIVER / RUNNING SURFACE WATER,6753,Anthracene,<0.01,MICROGRAM PER LITRE
https://environment.data.gov.uk/water-quality/sampling-point/TH-PWER0030/sample/1436418/observation/6760,TH-PWER0030,WEY ABOVE THAMES,-0.4571,51.3786,Thames,THAMES - WEST THAMES,Multiple Values,OPEN,FRESHWATER - RIVERS,2025-04-10T16:28:00,2025,ENVIRONMENTAL MONITORING STATUTORY (EU DIRECTIVES),RIVER / RUNNING SURFACE WATER,6760,Chloridazon,<0.01,MICROGRAM PER LITRE
https://environment.data.gov.uk/water-quality/sampling-point/TH-PWER0030/sample/1436418/observation/6955,TH-PWER0030,WEY ABOVE THAMES,-0.4571,51.3786,Thames,THAMES - WEST THAMES,Multiple Values,OPEN,FRESHWATER - RIVERS,2025-04-10T16:28:00,2025,ENVIRONMENTAL MONITORING STATUTORY (EU DIRECTIVES),RIVER / RUNNING SURFACE WATER,6955,Ethiofencarb,<0.005,MICROGRAM PER LITRE
https://environment.data.gov.uk/water-quality/sampling-point/TH-PWER0030/sample/1436418/observation/6971,TH-PWER0030,WEY ABOVE THAMES,-0.4571,51.3786,Thames,THAMES - WEST THAMES,Multiple Values,OPEN,FRESHWATER - RIVERS,2025-04-10T16:28:00,2025,ENVIRONMENTAL MONITORING STATUTORY (EU DIRECTIVES),RIVER / RUNNING SURFACE WATER,6971,Methiocarb,<0.001,MICROGRAM PER LITRE
https://environment.data.gov.uk/water-quality/sampling-point/TH-PWER0030/sample/1436418/observation/6972,TH-PWER0030,WEY ABOVE THAMES,-0.4571,51.3786,Thames,THAMES - WEST THAMES,Multiple Values,OPEN,FRESHWATER - RIVERS,2025-04-10T16:28:00,2025,ENVIRONMENTAL MONITORING STATUTORY (EU DIRECTIVES),RIVER / RUNNING SURFACE WATER,6972,Methomyl,<0.005,MICROGRAM PER LITRE
https://environment.data.gov.uk/water-quality/sampling-point/TH-PWER0030/sample/1436418/observation/6980,TH-PWER0030,WEY ABOVE THAMES,-0.4571,51.3786,Thames,THAMES - WEST THAMES,Multiple Values,OPEN,FRESHWATER - RIVERS,2025-04-10T16:28:00,2025,ENVIRONMENTAL MONITORING STATUTORY (EU DIRECTIVES),RIVER / RUNNING SURFACE WATER,6980,Oxamyl,<0.005,MICROGRAM PER LITRE
https://environment.data.gov.uk/water-quality/sampling-point/TH-PWER0030/sample/1436418/observation/6987,TH-PWER0030,WEY ABOVE THAMES,-0.4571,51.3786,Thames,THAMES - WEST THAMES,Multiple Values,OPEN,FRESHWATER - RIVERS,2025-04-10T16:28:00,2025,ENVIRONMENTAL MONITORING STATUTORY (EU DIRECTIVES),RIVER / RUNNING SURFACE WATER,6987,Propoxur,<0.005,MICROGRAM PER LITRE
https://environment.data.gov.uk/water-quality/sampling-point/TH-PWER0030/sample/1436418/observation/7053,TH-PWER0030,WEY ABOVE THAMES,-0.4571,51.3786,Thames,THAMES - WEST THAMES,Multiple Values,OPEN,FRESHWATER - RIVERS,2025-04-10T16:28:00,2025,ENVIRONMENTAL MONITORING STATUTORY (EU DIRECTIVES),RIVER / RUNNING SURFACE WATER,7053,Methabenzthiazuron,<0.01,MICROGRAM PER LITRE
https://environment.data.gov.uk/water-quality/sampling-point/TH-PWER0030/sample/1436418/observation/7086,TH-PWER0030,WEY ABOVE THAMES,-0.4571,51.3786,Thames,THAMES - WEST THAMES,Multiple Values,OPEN,FRESHWATER - RIVERS,2025-04-10T16:28:00,2025,ENVIRONMENTAL MONITORING STATUTORY (EU DIRECTIVES),RIVER / RUNNING SURFACE WATER,7086,Alachlor,<0.0001,MICROGRAM PER LITRE
https://environment.data.gov.uk/water-quality/sampling-point/TH-PWER0030/sample/1436418/observation/7125,TH-PWER0030,WEY ABOVE THAMES,-0.4571,51.3786,Thames,THAMES - WEST THAMES,Multiple Values,OPEN,FRESHWATER - RIVERS,2025-04-10T16:28:00,2025,ENVIRONMENTAL MONITORING STATUTORY (EU DIRECTIVES),RIVER / RUNNING SURFACE WATER,7125,Aminomethylphosphonic acid,0.21,MICROGRAM PER LITRE
https://environment.data.gov.uk/water-quality/sampling-point/TH-PWER0030/sample/1436418/observation/7325,TH-PWER0030,WEY ABOVE THAMES,-0.4571,51.3786,Thames,THAMES - WEST THAMES,Multiple Values,OPEN,FRESHWATER - RIVERS,2025-04-10T16:28:00,2025,ENVIRONMENTAL MONITORING STATUTORY (EU DIRECTIVES),RIVER / RUNNING SURFACE WATER,7325,Pyrene,0.014,MICROGRAM PER LITRE
https://environment.data.gov.uk/water-quality/sampling-point/TH-PWER0030/sample/1436418/observation/7395,TH-PWER0030,WEY ABOVE THAMES,-0.4571,51.3786,Thames,THAMES - WEST THAMES,Multiple Values,OPEN,FRESHWATER - RIVERS,2025-04-10T16:28:00,2025,ENVIRONMENTAL MONITORING STATUTORY (EU DIRECTIVES),RIVER / RUNNING SURFACE WATER,7395,Acenaphthene,<0.01,MICROGRAM PER LITRE
https://environment.data.gov.uk/water-quality/sampling-point/TH-PWER0030/sample/1436418/observation/7859,TH-PWER0030,WEY ABOVE THAMES,-0.4571,51.3786,Thames,THAMES - WEST THAMES,Multiple Values,OPEN,FRESHWATER - RIVERS,2025-04-10T16:28:00,2025,ENVIRONMENTAL MONITORING STATUTORY (EU DIRECTIVES),RIVER / RUNNING SURFACE WATER,7859,"Sulphate, Dissolved as SO4",41,MILLIGRAM PER LITRE
https://environment.data.gov.uk/water-quality/sampling-point/TH-PWER0030/sample/1436418/observation/7864,TH-PWER0030,WEY ABOVE THAMES,-0.4571,51.3786,Thames,THAMES - WEST THAMES,Multiple Values,OPEN,FRESHWATER - RIVERS,2025-04-10T16:28:00,2025,ENVIRONMENTAL MONITORING STATUTORY (EU DIRECTIVES),RIVER / RUNNING SURFACE WATER,7864,Fluorene,<0.01,MICROGRAM PER LITRE
https://environment.data.gov.uk/water-quality/sampling-point/TH-PWER0030/sample/1436418/observation/7887,TH-PWER0030,WEY ABOVE THAMES,-0.4571,51.3786,Thames,THAMES - WEST THAMES,Multiple Values,OPEN,FRESHWATER - RIVERS,2025-04-10T16:28:00,2025,ENVIRONMENTAL MONITORING STATUTORY (EU DIRECTIVES),RIVER / RUNNING SURFACE WATER,7887,Chlorophyll : Acetone Extract,92,MICROGRAM PER LITRE
https://environment.data.gov.uk/water-quality/sampling-point/TH-PWER0030/sample/1436418/observation/8310,TH-PWER0030,WEY ABOVE THAMES,-0.4571,51.3786,Thames,THAMES - WEST THAMES,Multiple Values,OPEN,FRESHWATER - RIVERS,2025-04-10T16:28:00,2025,ENVIRONMENTAL MONITORING STATUTORY (EU DIRECTIVES),RIVER / RUNNING SURFACE WATER,8310,Chrysene,<0.01,MICROGRAM PER LITRE
https://environment.data.gov.uk/water-quality/sampling-point/TH-PWER0030/sample/1436418/observation/8311,TH-PWER0030,WEY ABOVE THAMES,-0.4571,51.3786,Thames,THAMES - WEST THAMES,Multiple Values,OPEN,FRESHWATER - RIVERS,2025-04-10T16:28:00,2025,ENVIRONMENTAL MONITORING STATUTORY (EU DIRECTIVES),RIVER / RUNNING SURFACE WATER,8311,Acenaphthylene,<0.01,MICROGRAM PER LITRE
https://environment.data.gov.uk/water-quality/sampling-point/TH-PWER0030/sample/1436418/observation/8360,TH-PWER0030,WEY ABOVE THAMES,-0.4571,51.3786,Thames,THAMES - WEST THAMES,Multiple Values,OPEN,FRESHWATER - RIVERS,2025-04-10T16:28:00,2025,ENVIRONMENTAL MONITORING STATUTORY (EU DIRECTIVES),RIVER / RUNNING SURFACE WATER,8360,"Dibenzo(a,h)Anthracene",<0.01,MICROGRAM PER LITRE
https://environment.data.gov.uk/water-quality/sampling-point/TH-PWER0030/sample/1436418/observation/8806,TH-PWER0030,WEY ABOVE THAMES,-0.4571,51.3786,Thames,THAMES - WEST THAMES,Multiple Values,OPEN,FRESHWATER - RIVERS,2025-04-10T16:28:00,2025,ENVIRONMENTAL MONITORING STATUTORY (EU DIRECTIVES),RIVER / RUNNING SURFACE WATER,8806,Aldicarb sulfoxide,<0.005,MICROGRAM PER LITRE
https://environment.data.gov.uk/water-quality/sampling-point/TH-PWER0030/sample/1436418/observation/8807,TH-PWER0030,WEY ABOVE THAMES,-0.4571,51.3786,Thames,THAMES - WEST THAMES,Multiple Values,OPEN,FRESHWATER - RIVERS,2025-04-10T16:28:00,2025,ENVIRONMENTAL MONITORING STATUTORY (EU DIRECTIVES),RIVER / RUNNING SURFACE WATER,8807,Aldoxycarb :- {Aldicarb Sulfone},<0.005,MICROGRAM PER LITRE
https://environment.data.gov.uk/water-quality/sampling-point/TH-PWER0030/sample/1436418/observation/8864,TH-PWER0030,WEY ABOVE THAMES,-0.4571,51.3786,Thames,THAMES - WEST THAMES,Multiple Values,OPEN,FRESHWATER - RIVERS,2025-04-10T16:28:00,2025,ENVIRONMENTAL MONITORING STATUTORY (EU DIRECTIVES),RIVER / RUNNING SURFACE WATER,8864,cis-Heptachlor epoxide,<0.00004,MICROGRAM PER LITRE
https://environment.data.gov.uk/water-quality/sampling-point/TH-PWER0030/sample/1436418/observation/8865,TH-PWER0030,WEY ABOVE THAMES,-0.4571,51.3786,Thames,THAMES - WEST THAMES,Multiple Values,OPEN,FRESHWATER - RIVERS,2025-04-10T16:28:00,2025,ENVIRONMENTAL MONITORING STATUTORY (EU DIRECTIVES),RIVER / RUNNING SURFACE WATER,8865,trans-Heptachlor epoxide,<0.00004,MICROGRAM PER LITRE
https://environment.data.gov.uk/water-quality/sampling-point/TH-PWER0030/sample/1436418/observation/8940,TH-PWER0030,WEY ABOVE THAMES,-0.4571,51.3786,Thames,THAMES - WEST THAMES,Multiple Values,OPEN,FRESHWATER - RIVERS,2025-04-10T16:28:00,2025,ENVIRONMENTAL MONITORING STATUTORY (EU DIRECTIVES),RIVER / RUNNING SURFACE WATER,8940,Benzo(e)Pyrene,0.012,MICROGRAM PER LITRE
https://environment.data.gov.uk/water-quality/sampling-point/TH-PWER0030/sample/1436418/observation/8999,TH-PWER0030,WEY ABOVE THAMES,-0.4571,51.3786,Thames,THAMES - WEST THAMES,Multiple Values,OPEN,FRESHWATER - RIVERS,2025-04-10T16:28:00,2025,ENVIRONMENTAL MONITORING STATUTORY (EU DIRECTIVES),RIVER / RUNNING SURFACE WATER,8999,Irgarol 1051,<0.0001,MICROGRAM PER LITRE
https://environment.data.gov.uk/water-quality/sampling-point/TH-PWER0030/sample/1436418/observation/9003,TH-PWER0030,WEY ABOVE THAMES,-0.4571,51.3786,Thames,THAMES - WEST THAMES,Multiple Values,OPEN,FRESHWATER - RIVERS,2025-04-10T16:28:00,2025,ENVIRONMENTAL MONITORING STATUTORY (EU DIRECTIVES),RIVER / RUNNING SURFACE WATER,9003,Perylene,<0.01,MICROGRAM PER LITRE
https://environment.data.gov.uk/water-quality/sampling-point/TH-PWER0030/sample/1436418/observation/9050,TH-PWER0030,WEY ABOVE THAMES,-0.4571,51.3786,Thames,THAMES - WEST THAMES,Multiple Values,OPEN,FRESHWATER - RIVERS,2025-04-10T16:28:00,2025,ENVIRONMENTAL MONITORING STATUTORY (EU DIRECTIVES),RIVER / RUNNING SURFACE WATER,9050,"1,2,3-Trichlorobenzene",<0.0001,MICROGRAM PER LITRE
https://environment.data.gov.uk/water-quality/sampling-point/TH-PWER0030/sample/1436418/observation/9052,TH-PWER0030,WEY ABOVE THAMES,-0.4571,51.3786,Thames,THAMES - WEST THAMES,Multiple Values,OPEN,FRESHWATER - RIVERS,2025-04-10T16:28:00,2025,ENVIRONMENTAL MONITORING STATUTORY (EU DIRECTIVES),RIVER / RUNNING SURFACE WATER,9052,"1,3,5-Trichlorobenzene",<0.0001,MICROGRAM PER LITRE
https://environment.data.gov.uk/water-quality/sampling-point/TH-PWER0030/sample/1436418/observation/9073,TH-PWER0030,WEY ABOVE THAMES,-0.4571,51.3786,Thames,THAMES - WEST THAMES,Multiple Values,OPEN,FRESHWATER - RIVERS,2025-04-10T16:28:00,2025,ENVIRONMENTAL MONITORING STATUTORY (EU DIRECTIVES),RIVER / RUNNING SURFACE WATER,9073,Carbetamide,<0.01,MICROGRAM PER LITRE
https://environment.data.gov.uk/water-quality/sampling-point/TH-PWER0030/sample/1436418/observation/9274,TH-PWER0030,WEY ABOVE THAMES,-0.4571,51.3786,Thames,THAMES - WEST THAMES,Multiple Values,OPEN,FRESHWATER - RIVERS,2025-04-10T16:28:00,2025,ENVIRONMENTAL MONITORING STATUTORY (EU DIRECTIVES),RIVER / RUNNING SURFACE WATER,9274,Perfluorooctanoate anion,0.0021,MICROGRAM PER LITRE
https://environment.data.gov.uk/water-quality/sampling-point/TH-PWER0030/sample/1436418/observation/9276,TH-PWER0030,WEY ABOVE THAMES,-0.4571,51.3786,Thames,THAMES - WEST THAMES,Multiple Values,OPEN,FRESHWATER - RIVERS,2025-04-10T16:28:00,2025,ENVIRONMENTAL MONITORING STATUTORY (EU DIRECTIVES),RIVER / RUNNING SURFACE WATER,9276,Perfluorooctylsulphonate anion,0.0024,MICROGRAM PER LITRE
https://environment.data.gov.uk/water-quality/sampling-point/TH-PWER0030/sample/1436418/observation/9339,TH-PWER0030,WEY ABOVE THAMES,-0.4571,51.3786,Thames,THAMES - WEST THAMES,Multiple Values,OPEN,FRESHWATER - RIVERS,2025-04-10T16:28:00,2025,ENVIRONMENTAL MONITORING STATUTORY (EU DIRECTIVES),RIVER / RUNNING SURFACE WATER,9339,Fenuron,<0.01,MICROGRAM PER LITRE
https://environment.data.gov.uk/water-quality/sampling-point/TH-PWER0030/sample/1436418/observation/9341,TH-PWER0030,WEY ABOVE THAMES,-0.4571,51.3786,Thames,THAMES - WEST THAMES,Multiple Values,OPEN,FRESHWATER - RIVERS,2025-04-10T16:28:00,2025,ENVIRONMENTAL MONITORING STATUTORY (EU DIRECTIVES),RIVER / RUNNING SURFACE WATER,9341,cis-Permethrin,<0.0001,MICROGRAM PER LITRE
https://environment.data.gov.uk/water-quality/sampling-point/TH-PWER0030/sample/1436418/observation/9342,TH-PWER0030,WEY ABOVE THAMES,-0.4571,51.3786,Thames,THAMES - WEST THAMES,Multiple Values,OPEN,FRESHWATER - RIVERS,2025-04-10T16:28:00,2025,ENVIRONMENTAL MONITORING STATUTORY (EU DIRECTIVES),RIVER / RUNNING SURFACE WATER,9342,trans-Permethrin,0.00012,MICROGRAM PER LITRE
https://environment.data.gov.uk/water-quality/sampling-point/TH-PWER0030/sample/1436418/observation/9343,TH-PWER0030,WEY ABOVE THAMES,-0.4571,51.3786,Thames,THAMES - WEST THAMES,Multiple Values,OPEN,FRESHWATER - RIVERS,2025-04-10T16:28:00,2025,ENVIRONMENTAL MONITORING STATUTORY (EU DIRECTIVES),RIVER / RUNNING SURFACE WATER,9343,Carbaryl,<0.01,MICROGRAM PER LITRE
https://environment.data.gov.uk/water-quality/sampling-point/TH-PWER0030/sample/1436418/observation/9344,TH-PWER0030,WEY ABOVE THAMES,-0.4571,51.3786,Thames,THAMES - WEST THAMES,Multiple Values,OPEN,FRESHWATER - RIVERS,2025-04-10T16:28:00,2025,ENVIRONMENTAL MONITORING STATUTORY (EU DIRECTIVES),RIVER / RUNNING SURFACE WATER,9344,Aldicarb,<0.005,MICROGRAM PER LITRE
https://environment.data.gov.uk/water-quality/sampling-point/TH-PWER0030/sample/1436418/observation/9345,TH-PWER0030,WEY ABOVE THAMES,-0.4571,51.3786,Thames,THAMES - WEST THAMES,Multiple Values,OPEN,FRESHWATER - RIVERS,2025-04-10T16:28:00,2025,ENVIRONMENTAL MONITORING STATUTORY (EU DIRECTIVES),RIVER / RUNNING SURFACE WATER,9345,Diflurobenzuron,<0.01,MICROGRAM PER LITRE
https://environment.data.gov.uk/water-quality/sampling-point/TH-PWER0030/sample/1436418/observation/9348,TH-PWER0030,WEY ABOVE THAMES,-0.4571,51.3786,Thames,THAMES - WEST THAMES,Multiple Values,OPEN,FRESHWATER - RIVERS,2025-04-10T16:28:00,2025,ENVIRONMENTAL MONITORING STATUTORY (EU DIRECTIVES),RIVER / RUNNING SURFACE WATER,9348,Chlorotoluron,<0.01,MICROGRAM PER LITRE
https://environment.data.gov.uk/water-quality/sampling-point/TH-PWER0030/sample/1436418/observation/9447,TH-PWER0030,WEY ABOVE THAMES,-0.4571,51.3786,Thames,THAMES - WEST THAMES,Multiple Values,OPEN,FRESHWATER - RIVERS,2025-04-10T16:28:00,2025,ENVIRONMENTAL MONITORING STATUTORY (EU DIRECTIVES),RIVER / RUNNING SURFACE WATER,9447,"Boron, Dissolved",<100,MICROGRAM PER LITRE
https://environment.data.gov.uk/water-quality/sampling-point/TH-PWER0030/sample/1436418/observation/9494,TH-PWER0030,WEY ABOVE THAMES,-0.4571,51.3786,Thames,THAMES - WEST THAMES,Multiple Values,OPEN,FRESHWATER - RIVERS,2025-04-10T16:28:00,2025,ENVIRONMENTAL MONITORING STATUTORY (EU DIRECTIVES),RIVER / RUNNING SURFACE WATER,9494,Isodrin,<0.0001,MICROGRAM PER LITRE
https://environment.data.gov.uk/water-quality/sampling-point/TH-PWER0030/sample/1436418/observation/9669,TH-PWER0030,WEY ABOVE THAMES,-0.4571,51.3786,Thames,THAMES - WEST THAMES,Multiple Values,OPEN,FRESHWATER - RIVERS,2025-04-10T16:28:00,2025,ENVIRONMENTAL MONITORING STATUTORY (EU DIRECTIVES),RIVER / RUNNING SURFACE WATER,9669,Naphthalene,<0.01,MICROGRAM PER LITRE
https://environment.data.gov.uk/water-quality/sampling-point/TH-PWER0030/sample/1436418/observation/9671,TH-PWER0030,WEY ABOVE THAMES,-0.4571,51.3786,Thames,THAMES - WEST THAMES,Multiple Values,OPEN,FRESHWATER - RIVERS,2025-04-10T16:28:00,2025,ENVIRONMENTAL MONITORING STATUTORY (EU DIRECTIVES),RIVER / RUNNING SURFACE WATER,9671,Phenanthrene,<0.01,MICROGRAM PER LITRE
https://environment.data.gov.uk/water-quality/sampling-point/TH-PWER0030/sample/1436418/observation/9716,TH-PWER0030,WEY ABOVE THAMES,-0.4571,51.3786,Thames,THAMES - WEST THAMES,Multiple Values,OPEN,FRESHWATER - RIVERS,2025-04-10T16:28:00,2025,ENVIRONMENTAL MONITORING STATUTORY (EU DIRECTIVES),RIVER / RUNNING SURFACE WATER,9716,Fenitrothion,<0.0001,MICROGRAM PER LITRE
https://environment.data.gov.uk/water-quality/sampling-point/TH-PWER0030/sample/1436418/observation/9756,TH-PWER0030,WEY ABOVE THAMES,-0.4571,51.3786,Thames,THAMES - WEST THAMES,Multiple Values,OPEN,FRESHWATER - RIVERS,2025-04-10T16:28:00,2025,ENVIRONMENTAL MONITORING STATUTORY (EU DIRECTIVES),RIVER / RUNNING SURFACE WATER,9756,Neburon,<0.01,MICROGRAM PER LITRE
https://environment.data.gov.uk/water-quality/sampling-point/TH-PWER0030/sample/1436418/observation/9861,TH-PWER0030,WEY ABOVE THAMES,-0.4571,51.3786,Thames,THAMES - WEST THAMES,Multiple Values,OPEN,FRESHWATER - RIVERS,2025-04-10T16:28:00,2025,ENVIRONMENTAL MONITORING STATUTORY (EU DIRECTIVES),RIVER / RUNNING SURFACE WATER,9861,Metsulfuron-methyl,<0.01,MICROGRAM PER LITRE
https://environment.data.gov.uk/water-quality/sampling-point/TH-PWER0030/sample/1436418/observation/9892,TH-PWER0030,WEY ABOVE THAMES,-0.4571,51.3786,Thames,THAMES - WEST THAMES,Multiple Values,OPEN,FRESHWATER - RIVERS,2025-04-10T16:28:00,2025,ENVIRONMENTAL MONITORING STATUTORY (EU DIRECTIVES),RIVER / RUNNING SURFACE WATER,9892,Pendimethalin,<0.0005,MICROGRAM PER LITRE
https://environment.data.gov.uk/water-quality/sampling-point/TH-PWER0030/sample/1436418/observation/9901,TH-PWER0030,WEY ABOVE THAMES,-0.4571,51.3786,Thames,THAMES - WEST THAMES,Multiple Values,OPEN,FRESHWATER - RIVERS,2025-04-10T16:28:00,2025,ENVIRONMENTAL MONITORING STATUTORY (EU DIRECTIVES),RIVER / RUNNING SURFACE WATER,9901,"Oxygen, Dissolved, % Saturation",105.7,PERCENTAGE
https://environment.data.gov.uk/water-quality/sampling-point/TH-PWER0030/sample/1436418/observation/9924,TH-PWER0030,WEY ABOVE THAMES,-0.4571,51.3786,Thames,THAMES - WEST THAMES,Multiple Values,OPEN,FRESHWATER - RIVERS,2025-04-10T16:28:00,2025,ENVIRONMENTAL MONITORING STATUTORY (EU DIRECTIVES),RIVER / RUNNING SURFACE WATER,9924,"Oxygen, Dissolved as O2",11.2,MILLIGRAM PER LITRE
https://environment.data.gov.uk/water-quality/sampling-point/TH-PWER0030/sample/1436418/observation/9978,TH-PWER0030,WEY ABOVE THAMES,-0.4571,51.3786,Thames,THAMES - WEST THAMES,Multiple Values,OPEN,FRESHWATER - RIVERS,2025-04-10T16:28:00,2025,ENVIRONMENTAL MONITORING STATUTORY (EU DIRECTIVES),RIVER / RUNNING SURFACE WATER,9978,Chlorpyrifos-ethyl,<0.0002,MICROGRAM PER LITRE
https://environment.data.gov.uk/water-quality/sampling-point/TH-PWER0030/sample/1436418/observation/9989,TH-PWER0030,WEY ABOVE THAMES,-0.4571,51.3786,Thames,THAMES - WEST THAMES,Multiple Values,OPEN,FRESHWATER - RIVERS,2025-04-10T16:28:00,2025,ENVIRONMENTAL MONITORING STATUTORY (EU DIRECTIVES),RIVER / RUNNING SURFACE WATER,9989,Trifluralin,<0.0001,MICROGRAM PER LITRE
https://environment.data.gov.uk/water-quality/sampling-point/TH-PWER0030/sample/1438942/observation/0052,TH-PWER0030,WEY ABOVE THAMES,-0.4571,51.3786,Thames,THAMES - WEST THAMES,Multiple Values,OPEN,FRESHWATER - RIVERS,2025-05-22T13:54:00,2025,ENVIRONMENTAL MONITORING STATUTORY (EU DIRECTIVES),RIVER / RUNNING SURFACE WATER,52,"Lead, Dissolved",<0.1,MICROGRAM PER LITRE
https://environment.data.gov.uk/water-quality/sampling-point/TH-PWER0030/sample/1438942/observation/0061,TH-PWER0030,WEY ABOVE THAMES,-0.4571,51.3786,Thames,THAMES - WEST THAMES,Multiple Values,OPEN,FRESHWATER - RIVERS,2025-05-22T13:54:00,2025,ENVIRONMENTAL MONITORING STATUTORY (EU DIRECTIVES),RIVER / RUNNING SURFACE WATER,61,pH,7.69,PH UNITS
https://environment.data.gov.uk/water-quality/sampling-point/TH-PWER0030/sample/1438942/observation/0076,TH-PWER0030,WEY ABOVE THAMES,-0.4571,51.3786,Thames,THAMES - WEST THAMES,Multiple Values,OPEN,FRESHWATER - RIVERS,2025-05-22T13:54:00,2025,ENVIRONMENTAL MONITORING STATUTORY (EU DIRECTIVES),RIVER / RUNNING SURFACE WATER,76,Temperature of Water,16.1,CELSIUS
https://environment.data.gov.uk/water-quality/sampling-point/TH-PWER0030/sample/1438942/observation/0077,TH-PWER0030,WEY ABOVE THAMES,-0.4571,51.3786,Thames,THAMES - WEST THAMES,Multiple Values,OPEN,FRESHWATER - RIVERS,2025-05-22T13:54:00,2025,ENVIRONMENTAL MONITORING STATUTORY (EU DIRECTIVES),RIVER / RUNNING SURFACE WATER,77,Conductivity at 25 C,521,MICROSIEMENS PER CENTIMETRE
https://environment.data.gov.uk/water-quality/sampling-point/TH-PWER0030/sample/1438942/observation/0085,TH-PWER0030,WEY ABOVE THAMES,-0.4571,51.3786,Thames,THAMES - WEST THAMES,Multiple Values,OPEN,FRESHWATER - RIVERS,2025-05-22T13:54:00,2025,ENVIRONMENTAL MONITORING STATUTORY (EU DIRECTIVES),RIVER / RUNNING SURFACE WATER,85,BOD : 5 Day ATU,1.2,MILLIGRAM PER LITRE
https://environment.data.gov.uk/water-quality/sampling-point/TH-PWER0030/sample/1438942/observation/0103,TH-PWER0030,WEY ABOVE THAMES,-0.4571,51.3786,Thames,THAMES - WEST THAMES,Multiple Values,OPEN,FRESHWATER - RIVERS,2025-05-22T13:54:00,2025,ENVIRONMENTAL MONITORING STATUTORY (EU DIRECTIVES),RIVER / RUNNING SURFACE WATER,103,"Mercury, Dissolved",<0.01,MICROGRAM PER LITRE
https://environment.data.gov.uk/water-quality/sampling-point/TH-PWER0030/sample/1438942/observation/0106,TH-PWER0030,WEY ABOVE THAMES,-0.4571,51.3786,Thames,THAMES - WEST THAMES,Multiple Values,OPEN,FRESHWATER - RIVERS,2025-05-22T13:54:00,2025,ENVIRONMENTAL MONITORING STATUTORY (EU DIRECTIVES),RIVER / RUNNING SURFACE WATER,106,"Cadmium, Dissolved",<0.01,MICROGRAM PER LITRE
https://environment.data.gov.uk/water-quality/sampling-point/TH-PWER0030/sample/1438942/observation/0111,TH-PWER0030,WEY ABOVE THAMES,-0.4571,51.3786,Thames,THAMES - WEST THAMES,Multiple Values,OPEN,FRESHWATER - RIVERS,2025-05-22T13:54:00,2025,ENVIRONMENTAL MONITORING STATUTORY (EU DIRECTIVES),RIVER / RUNNING SURFACE WATER,111,Ammoniacal Nitrogen as N,0.13,MILLIGRAM PER LITRE
https://environment.data.gov.uk/water-quality/sampling-point/TH-PWER0030/sample/1438942/observation/0116,TH-PWER0030,WEY ABOVE THAMES,-0.4571,51.3786,Thames,THAMES - WEST THAMES,Multiple Values,OPEN,FRESHWATER - RIVERS,2025-05-22T13:54:00,2025,ENVIRONMENTAL MONITORING STATUTORY (EU DIRECTIVES),RIVER / RUNNING SURFACE WATER,116,"Nitrogen, Total Oxidised as N",8.2,MILLIGRAM PER LITRE
https://environment.data.gov.uk/water-quality/sampling-point/TH-PWER0030/sample/1438942/observation/0117,TH-PWER0030,WEY ABOVE THAMES,-0.4571,51.3786,Thames,THAMES - WEST THAMES,Multiple Values,OPEN,FRESHWATER - RIVERS,2025-05-22T13:54:00,2025,ENVIRONMENTAL MONITORING STATUTORY (EU DIRECTIVES),RIVER / RUNNING SURFACE WATER,117,Nitrate as N,8.1,MILLIGRAM PER LITRE
https://environment.data.gov.uk/water-quality/sampling-point/TH-PWER0030/sample/1438942/observation/0118,TH-PWER0030,WEY ABOVE THAMES,-0.4571,51.3786,Thames,THAMES - WEST THAMES,Multiple Values,OPEN,FRESHWATER - RIVERS,2025-05-22T13:54:00,2025,ENVIRONMENTAL MONITORING STATUTORY (EU DIRECTIVES),RIVER / RUNNING SURFACE WATER,118,Nitrite as N,0.1,MILLIGRAM PER LITRE
https://environment.data.gov.uk/water-quality/sampling-point/TH-PWER0030/sample/1438942/observation/0119,TH-PWER0030,WEY ABOVE THAMES,-0.4571,51.3786,Thames,THAMES - WEST THAMES,Multiple Values,OPEN,FRESHWATER - RIVERS,2025-05-22T13:54:00,2025,ENVIRONMENTAL MONITORING STATUTORY (EU DIRECTIVES),RIVER / RUNNING SURFACE WATER,119,Ammonia un-ionised as N,0.00184,MILLIGRAM PER LITRE
https://environment.data.gov.uk/water-quality/sampling-point/TH-PWER0030/sample/1438942/observation/0162,TH-PWER0030,WEY ABOVE THAMES,-0.4571,51.3786,Thames,THAMES - WEST THAMES,Multiple Values,OPEN,FRESHWATER - RIVERS,2025-05-22T13:54:00,2025,ENVIRONMENTAL MONITORING STATUTORY (EU DIRECTIVES),RIVER / RUNNING SURFACE WATER,162,Alkalinity to pH 4.5 as CaCO3,100,MILLIGRAM PER LITRE
https://environment.data.gov.uk/water-quality/sampling-point/TH-PWER0030/sample/1438942/observation/0180,TH-PWER0030,WEY ABOVE THAMES,-0.4571,51.3786,Thames,THAMES - WEST THAMES,Multiple Values,OPEN,FRESHWATER - RIVERS,2025-05-22T13:54:00,2025,ENVIRONMENTAL MONITORING STATUTORY (EU DIRECTIVES),RIVER / RUNNING SURFACE WATER,180,"Orthophosphate, reactive as P",0.17,MILLIGRAM PER LITRE
https://environment.data.gov.uk/water-quality/sampling-point/TH-PWER0030/sample/1438942/observation/0205,TH-PWER0030,WEY ABOVE THAMES,-0.4571,51.3786,Thames,THAMES - WEST THAMES,Multiple Values,OPEN,FRESHWATER - RIVERS,2025-05-22T13:54:00,2025,ENVIRONMENTAL MONITORING STATUTORY (EU DIRECTIVES),RIVER / RUNNING SURFACE WATER,205,"Sodium, Dissolved",29,MILLIGRAM PER LITRE
https://environment.data.gov.uk/water-quality/sampling-point/TH-PWER0030/sample/1438942/observation/0209,TH-PWER0030,WEY ABOVE THAMES,-0.4571,51.3786,Thames,THAMES - WEST THAMES,Multiple Values,OPEN,FRESHWATER - RIVERS,2025-05-22T13:54:00,2025,ENVIRONMENTAL MONITORING STATUTORY (EU DIRECTIVES),RIVER / RUNNING SURFACE WATER,209,"Potassium, Dissolved",6.4,MILLIGRAM PER LITRE
https://environment.data.gov.uk/water-quality/sampling-point/TH-PWER0030/sample/1438942/observation/0235,TH-PWER0030,WEY ABOVE THAMES,-0.4571,51.3786,Thames,THAMES - WEST THAMES,Multiple Values,OPEN,FRESHWATER - RIVERS,2025-05-22T13:54:00,2025,ENVIRONMENTAL MONITORING STATUTORY (EU DIRECTIVES),RIVER / RUNNING SURFACE WATER,235,"Magnesium, Dissolved",4.1,MILLIGRAM PER LITRE
https://environment.data.gov.uk/water-quality/sampling-point/TH-PWER0030/sample/1438942/observation/0239,TH-PWER0030,WEY ABOVE THAMES,-0.4571,51.3786,Thames,THAMES - WEST THAMES,Multiple Values,OPEN,FRESHWATER - RIVERS,2025-05-22T13:54:00,2025,ENVIRONMENTAL MONITORING STATUTORY (EU DIRECTIVES),RIVER / RUNNING SURFACE WATER,239,"Calcium, Dissolved",64,MILLIGRAM PER LITRE
https://environment.data.gov.uk/water-quality/sampling-point/TH-PWER0030/sample/1438942/observation/1049,TH-PWER0030,WEY ABOVE THAMES,-0.4571,51.3786,Thames,THAMES - WEST THAMES,Multiple Values,OPEN,FRESHWATER - RIVERS,2025-05-22T13:54:00,2025,ENVIRONMENTAL MONITORING STATUTORY (EU DIRECTIVES),RIVER / RUNNING SURFACE WATER,1049,Carbon tetrachloride :- {Tetrachloromethane},<0.1,MICROGRAM PER LITRE
https://environment.data.gov.uk/water-quality/sampling-point/TH-PWER0030/sample/1438942/observation/1085,TH-PWER0030,WEY ABOVE THAMES,-0.4571,51.3786,Thames,THAMES - WEST THAMES,Multiple Values,OPEN,FRESHWATER - RIVERS,2025-05-22T13:54:00,2025,ENVIRONMENTAL MONITORING STATUTORY (EU DIRECTIVES),RIVER / RUNNING SURFACE WATER,1085,Pentachlorophenol,<0.02,MICROGRAM PER LITRE
https://environment.data.gov.uk/water-quality/sampling-point/TH-PWER0030/sample/1438942/observation/3268,TH-PWER0030,WEY ABOVE THAMES,-0.4571,51.3786,Thames,THAMES - WEST THAMES,Multiple Values,OPEN,FRESHWATER - RIVERS,2025-05-22T13:54:00,2025,ENVIRONMENTAL MONITORING STATUTORY (EU DIRECTIVES),RIVER / RUNNING SURFACE WATER,3268,"1,1,1-Trichloroethane",<0.1,MICROGRAM PER LITRE
https://environment.data.gov.uk/water-quality/sampling-point/TH-PWER0030/sample/1438942/observation/3269,TH-PWER0030,WEY ABOVE THAMES,-0.4571,51.3786,Thames,THAMES - WEST THAMES,Multiple Values,OPEN,FRESHWATER - RIVERS,2025-05-22T13:54:00,2025,ENVIRONMENTAL MONITORING STATUTORY (EU DIRECTIVES),RIVER / RUNNING SURFACE WATER,3269,"1,1-Dichloroethane",<0.1,MICROGRAM PER LITRE
https://environment.data.gov.uk/water-quality/sampling-point/TH-PWER0030/sample/1438942/observation/3272,TH-PWER0030,WEY ABOVE THAMES,-0.4571,51.3786,Thames,THAMES - WEST THAMES,Multiple Values,OPEN,FRESHWATER - RIVERS,2025-05-22T13:54:00,2025,ENVIRONMENTAL MONITORING STATUTORY (EU DIRECTIVES),RIVER / RUNNING SURFACE WATER,3272,"1,2-Dichloroethane",<0.1,MICROGRAM PER LITRE
https://environment.data.gov.uk/water-quality/sampling-point/TH-PWER0030/sample/1438942/observation/3282,TH-PWER0030,WEY ABOVE THAMES,-0.4571,51.3786,Thames,THAMES - WEST THAMES,Multiple Values,OPEN,FRESHWATER - RIVERS,2025-05-22T13:54:00,2025,ENVIRONMENTAL MONITORING STATUTORY (EU DIRECTIVES),RIVER / RUNNING SURFACE WATER,3282,Bromodichloromethane,<0.1,MICROGRAM PER LITRE
https://environment.data.gov.uk/water-quality/sampling-point/TH-PWER0030/sample/1438942/observation/3283,TH-PWER0030,WEY ABOVE THAMES,-0.4571,51.3786,Thames,THAMES - WEST THAMES,Multiple Values,OPEN,FRESHWATER - RIVERS,2025-05-22T13:54:00,2025,ENVIRONMENTAL MONITORING STATUTORY (EU DIRECTIVES),RIVER / RUNNING SURFACE WATER,3283,Bromoform :- {Tribromomethane},<0.1,MICROGRAM PER LITRE
https://environment.data.gov.uk/water-quality/sampling-point/TH-PWER0030/sample/1438942/observation/3290,TH-PWER0030,WEY ABOVE THAMES,-0.4571,51.3786,Thames,THAMES - WEST THAMES,Multiple Values,OPEN,FRESHWATER - RIVERS,2025-05-22T13:54:00,2025,ENVIRONMENTAL MONITORING STATUTORY (EU DIRECTIVES),RIVER / RUNNING SURFACE WATER,3290,Chlorobenzene,<0.1,MICROGRAM PER LITRE
https://environment.data.gov.uk/water-quality/sampling-point/TH-PWER0030/sample/1438942/observation/3292,TH-PWER0030,WEY ABOVE THAMES,-0.4571,51.3786,Thames,THAMES - WEST THAMES,Multiple Values,OPEN,FRESHWATER - RIVERS,2025-05-22T13:54:00,2025,ENVIRONMENTAL MONITORING STATUTORY (EU DIRECTIVES),RIVER / RUNNING SURFACE WATER,3292,Chlorodibromomethane,<0.1,MICROGRAM PER LITRE
https://environment.data.gov.uk/water-quality/sampling-point/TH-PWER0030/sample/1438942/observation/3299,TH-PWER0030,WEY ABOVE THAMES,-0.4571,51.3786,Thames,THAMES - WEST THAMES,Multiple Values,OPEN,FRESHWATER - RIVERS,2025-05-22T13:54:00,2025,ENVIRONMENTAL MONITORING STATUTORY (EU DIRECTIVES),RIVER / RUNNING SURFACE WATER,3299,Dichloromethane :- {Methylene Dichloride},<0.5,MICROGRAM PER LITRE
https://environment.data.gov.uk/water-quality/sampling-point/TH-PWER0030/sample/1438942/observation/3328,TH-PWER0030,WEY ABOVE THAMES,-0.4571,51.3786,Thames,THAMES - WEST THAMES,Multiple Values,OPEN,FRESHWATER - RIVERS,2025-05-22T13:54:00,2025,ENVIRONMENTAL MONITORING STATUTORY (EU DIRECTIVES),RIVER / RUNNING SURFACE WATER,3328,Tetrachloroethylene :- {Perchloroethylene},<0.1,MICROGRAM PER LITRE
https://environment.data.gov.uk/water-quality/sampling-point/TH-PWER0030/sample/1438942/observation/3334,TH-PWER0030,WEY ABOVE THAMES,-0.4571,51.3786,Thames,THAMES - WEST THAMES,Multiple Values,OPEN,FRESHWATER - RIVERS,2025-05-22T13:54:00,2025,ENVIRONMENTAL MONITORING STATUTORY (EU DIRECTIVES),RIVER / RUNNING SURFACE WATER,3334,Trichloroethylene :- {Trichloroethene},<0.1,MICROGRAM PER LITRE
https://environment.data.gov.uk/water-quality/sampling-point/TH-PWER0030/sample/1438942/observation/3341,TH-PWER0030,WEY ABOVE THAMES,-0.4571,51.3786,Thames,THAMES - WEST THAMES,Multiple Values,OPEN,FRESHWATER - RIVERS,2025-05-22T13:54:00,2025,ENVIRONMENTAL MONITORING STATUTORY (EU DIRECTIVES),RIVER / RUNNING SURFACE WATER,3341,4-Chloro-2-methylphenol :- {p-Chloro-o-cresol},<0.02,MICROGRAM PER LITRE
https://environment.data.gov.uk/water-quality/sampling-point/TH-PWER0030/sample/1438942/observation/3342,TH-PWER0030,WEY ABOVE THAMES,-0.4571,51.3786,Thames,THAMES - WEST THAMES,Multiple Values,OPEN,FRESHWATER - RIVERS,2025-05-22T13:54:00,2025,ENVIRONMENTAL MONITORING STATUTORY (EU DIRECTIVES),RIVER / RUNNING SURFACE WATER,3342,4-Chloro-3-methylphenol :- {p-Chloro-m-cresol},<0.02,MICROGRAM PER LITRE
https://environment.data.gov.uk/water-quality/sampling-point/TH-PWER0030/sample/1438942/observation/3343,TH-PWER0030,WEY ABOVE THAMES,-0.4571,51.3786,Thames,THAMES - WEST THAMES,Multiple Values,OPEN,FRESHWATER - RIVERS,2025-05-22T13:54:00,2025,ENVIRONMENTAL MONITORING STATUTORY (EU DIRECTIVES),RIVER / RUNNING SURFACE WATER,3343,"2,4-Dimethylphenol :- {2,4-Xylenol}",<0.02,MICROGRAM PER LITRE
https://environment.data.gov.uk/water-quality/sampling-point/TH-PWER0030/sample/1438942/observation/3373,TH-PWER0030,WEY ABOVE THAMES,-0.4571,51.3786,Thames,THAMES - WEST THAMES,Multiple Values,OPEN,FRESHWATER - RIVERS,2025-05-22T13:54:00,2025,ENVIRONMENTAL MONITORING STATUTORY (EU DIRECTIVES),RIVER / RUNNING SURFACE WATER,3373,Chloroform :- {Trichloromethane},<0.1,MICROGRAM PER LITRE
https://environment.data.gov.uk/water-quality/sampling-point/TH-PWER0030/sample/1438942/observation/3408,TH-PWER0030,WEY ABOVE THAMES,-0.4571,51.3786,Thames,THAMES - WEST THAMES,Multiple Values,OPEN,FRESHWATER - RIVERS,2025-05-22T13:54:00,2025,ENVIRONMENTAL MONITORING STATUTORY (EU DIRECTIVES),RIVER / RUNNING SURFACE WATER,3408,"Zinc, Dissolved",3.4,MICROGRAM PER LITRE
https://environment.data.gov.uk/water-quality/sampling-point/TH-PWER0030/sample/1438942/observation/3409,TH-PWER0030,WEY ABOVE THAMES,-0.4571,51.3786,Thames,THAMES - WEST THAMES,Multiple Values,OPEN,FRESHWATER - RIVERS,2025-05-22T13:54:00,2025,ENVIRONMENTAL MONITORING STATUTORY (EU DIRECTIVES),RIVER / RUNNING SURFACE WATER,3409,"Chromium, Dissolved",<0.5,MICROGRAM PER LITRE
https://environment.data.gov.uk/water-quality/sampling-point/TH-PWER0030/sample/1438942/observation/3410,TH-PWER0030,WEY ABOVE THAMES,-0.4571,51.3786,Thames,THAMES - WEST THAMES,Multiple Values,OPEN,FRESHWATER - RIVERS,2025-05-22T13:54:00,2025,ENVIRONMENTAL MONITORING STATUTORY (EU DIRECTIVES),RIVER / RUNNING SURFACE WATER,3410,"Nickel, Dissolved",2.9,MICROGRAM PER LITRE
https://environment.data.gov.uk/water-quality/sampling-point/TH-PWER0030/sample/1438942/observation/3781,TH-PWER0030,WEY ABOVE THAMES,-0.4571,51.3786,Thames,THAMES - WEST THAMES,Multiple Values,OPEN,FRESHWATER - RIVERS,2025-05-22T13:54:00,2025,ENVIRONMENTAL MONITORING STATUTORY (EU DIRECTIVES),RIVER / RUNNING SURFACE WATER,3781,Benzene,<0.1,MICROGRAM PER LITRE
https://environment.data.gov.uk/water-quality/sampling-point/TH-PWER0030/sample/1438942/observation/3783,TH-PWER0030,WEY ABOVE THAMES,-0.4571,51.3786,Thames,THAMES - WEST THAMES,Multiple Values,OPEN,FRESHWATER - RIVERS,2025-05-22T13:54:00,2025,ENVIRONMENTAL MONITORING STATUTORY (EU DIRECTIVES),RIVER / RUNNING SURFACE WATER,3783,Dibromomethane,<0.1,MICROGRAM PER LITRE
https://environment.data.gov.uk/water-quality/sampling-point/TH-PWER0030/sample/1438942/observation/3784,TH-PWER0030,WEY ABOVE THAMES,-0.4571,51.3786,Thames,THAMES - WEST THAMES,Multiple Values,OPEN,FRESHWATER - RIVERS,2025-05-22T13:54:00,2025,ENVIRONMENTAL MONITORING STATUTORY (EU DIRECTIVES),RIVER / RUNNING SURFACE WATER,3784,Toluene :- {Methylbenzene},<0.1,MICROGRAM PER LITRE
https://environment.data.gov.uk/water-quality/sampling-point/TH-PWER0030/sample/1438942/observation/4049,TH-PWER0030,WEY ABOVE THAMES,-0.4571,51.3786,Thames,THAMES - WEST THAMES,Multiple Values,OPEN,FRESHWATER - RIVERS,2025-05-22T13:54:00,2025,ENVIRONMENTAL MONITORING STATUTORY (EU DIRECTIVES),RIVER / RUNNING SURFACE WATER,4049,"1,4-Dichlorobenzene",<0.1,MICROGRAM PER LITRE
https://environment.data.gov.uk/water-quality/sampling-point/TH-PWER0030/sample/1438942/observation/4117,TH-PWER0030,WEY ABOVE THAMES,-0.4571,51.3786,Thames,THAMES - WEST THAMES,Multiple Values,OPEN,FRESHWATER - RIVERS,2025-05-22T13:54:00,2025,ENVIRONMENTAL MONITORING STATUTORY (EU DIRECTIVES),RIVER / RUNNING SURFACE WATER,4117,Ethylbenzene,<0.1,MICROGRAM PER LITRE
https://environment.data.gov.uk/water-quality/sampling-point/TH-PWER0030/sample/1438942/observation/4201,TH-PWER0030,WEY ABOVE THAMES,-0.4571,51.3786,Thames,THAMES - WEST THAMES,Multiple Values,OPEN,FRESHWATER - RIVERS,2025-05-22T13:54:00,2025,ENVIRONMENTAL MONITORING STATUTORY (EU DIRECTIVES),RIVER / RUNNING SURFACE WATER,4201,"Lithium, Dissolved",<100,MICROGRAM PER LITRE
https://environment.data.gov.uk/water-quality/sampling-point/TH-PWER0030/sample/1438942/observation/4621,TH-PWER0030,WEY ABOVE THAMES,-0.4571,51.3786,Thames,THAMES - WEST THAMES,Multiple Values,OPEN,FRESHWATER - RIVERS,2025-05-22T13:54:00,2025,ENVIRONMENTAL MONITORING STATUTORY (EU DIRECTIVES),RIVER / RUNNING SURFACE WATER,4621,"2,4,4-TriBromoDiphenylEther",<0.00006,MICROGRAM PER LITRE
https://environment.data.gov.uk/water-quality/sampling-point/TH-PWER0030/sample/1438942/observation/5234,TH-PWER0030,WEY ABOVE THAMES,-0.4571,51.3786,Thames,THAMES - WEST THAMES,Multiple Values,OPEN,FRESHWATER - RIVERS,2025-05-22T13:54:00,2025,ENVIRONMENTAL MONITORING STATUTORY (EU DIRECTIVES),RIVER / RUNNING SURFACE WATER,5234,Hexachloroethane,<0.1,MICROGRAM PER LITRE
https://environment.data.gov.uk/water-quality/sampling-point/TH-PWER0030/sample/1438942/observation/5558,TH-PWER0030,WEY ABOVE THAMES,-0.4571,51.3786,Thames,THAMES - WEST THAMES,Multiple Values,OPEN,FRESHWATER - RIVERS,2025-05-22T13:54:00,2025,ENVIRONMENTAL MONITORING STATUTORY (EU DIRECTIVES),RIVER / RUNNING SURFACE WATER,5558,"3,5-Dimethylphenol :- {3,5-Xylenol}",<0.02,MICROGRAM PER LITRE
https://environment.data.gov.uk/water-quality/sampling-point/TH-PWER0030/sample/1438942/observation/5560,TH-PWER0030,WEY ABOVE THAMES,-0.4571,51.3786,Thames,THAMES - WEST THAMES,Multiple Values,OPEN,FRESHWATER - RIVERS,2025-05-22T13:54:00,2025,ENVIRONMENTAL MONITORING STATUTORY (EU DIRECTIVES),RIVER / RUNNING SURFACE WATER,5560,4-Methylphenol :- {p-Cresol},<0.02,MICROGRAM PER LITRE
https://environment.data.gov.uk/water-quality/sampling-point/TH-PWER0030/sample/1438942/observation/5561,TH-PWER0030,WEY ABOVE THAMES,-0.4571,51.3786,Thames,THAMES - WEST THAMES,Multiple Values,OPEN,FRESHWATER - RIVERS,2025-05-22T13:54:00,2025,ENVIRONMENTAL MONITORING STATUTORY (EU DIRECTIVES),RIVER / RUNNING SURFACE WATER,5561,3-Methylphenol :- {m-Cresol},<0.02,MICROGRAM PER LITRE
https://environment.data.gov.uk/water-quality/sampling-point/TH-PWER0030/sample/1438942/observation/5562,TH-PWER0030,WEY ABOVE THAMES,-0.4571,51.3786,Thames,THAMES - WEST THAMES,Multiple Values,OPEN,FRESHWATER - RIVERS,2025-05-22T13:54:00,2025,ENVIRONMENTAL MONITORING STATUTORY (EU DIRECTIVES),RIVER / RUNNING SURFACE WATER,5562,2-Methylphenol :- {o-Cresol},<0.02,MICROGRAM PER LITRE
https://environment.data.gov.uk/water-quality/sampling-point/TH-PWER0030/sample/1438942/observation/5568,TH-PWER0030,WEY ABOVE THAMES,-0.4571,51.3786,Thames,THAMES - WEST THAMES,Multiple Values,OPEN,FRESHWATER - RIVERS,2025-05-22T13:54:00,2025,ENVIRONMENTAL MONITORING STATUTORY (EU DIRECTIVES),RIVER / RUNNING SURFACE WATER,5568,3-Chlorotoluene :- {3-Chloromethylbenzene},<0.1,MICROGRAM PER LITRE
https://environment.data.gov.uk/water-quality/sampling-point/TH-PWER0030/sample/1438942/observation/5732,TH-PWER0030,WEY ABOVE THAMES,-0.4571,51.3786,Thames,THAMES - WEST THAMES,Multiple Values,OPEN,FRESHWATER - RIVERS,2025-05-22T13:54:00,2025,ENVIRONMENTAL MONITORING STATUTORY (EU DIRECTIVES),RIVER / RUNNING SURFACE WATER,5732,Triphenyl Tin as Cation,<0.00002,MICROGRAM PER LITRE
https://environment.data.gov.uk/water-quality/sampling-point/TH-PWER0030/sample/1438942/observation/5889,TH-PWER0030,WEY ABOVE THAMES,-0.4571,51.3786,Thames,THAMES - WEST THAMES,Multiple Values,OPEN,FRESHWATER - RIVERS,2025-05-22T13:54:00,2025,ENVIRONMENTAL MONITORING STATUTORY (EU DIRECTIVES),RIVER / RUNNING SURFACE WATER,5889,Triclosan,<0.01,MICROGRAM PER LITRE
https://environment.data.gov.uk/water-quality/sampling-point/TH-PWER0030/sample/1438942/observation/6037,TH-PWER0030,WEY ABOVE THAMES,-0.4571,51.3786,Thames,THAMES - WEST THAMES,Multiple Values,OPEN,FRESHWATER - RIVERS,2025-05-22T13:54:00,2025,ENVIRONMENTAL MONITORING STATUTORY (EU DIRECTIVES),RIVER / RUNNING SURFACE WATER,6037,"Aluminium, Dissolved",<20,MICROGRAM PER LITRE
https://environment.data.gov.uk/water-quality/sampling-point/TH-PWER0030/sample/1438942/observation/6045,TH-PWER0030,WEY ABOVE THAMES,-0.4571,51.3786,Thames,THAMES - WEST THAMES,Multiple Values,OPEN,FRESHWATER - RIVERS,2025-05-22T13:54:00,2025,ENVIRONMENTAL MONITORING STATUTORY (EU DIRECTIVES),RIVER / RUNNING SURFACE WATER,6045,"Arsenic, Dissolved",1.1,MICROGRAM PER LITRE
https://environment.data.gov.uk/water-quality/sampling-point/TH-PWER0030/sample/1438942/observation/6376,TH-PWER0030,WEY ABOVE THAMES,-0.4571,51.3786,Thames,THAMES - WEST THAMES,Multiple Values,OPEN,FRESHWATER - RIVERS,2025-05-22T13:54:00,2025,ENVIRONMENTAL MONITORING STATUTORY (EU DIRECTIVES),RIVER / RUNNING SURFACE WATER,6376,Chloromethane :- {Methyl Chloride},<0.5,MICROGRAM PER LITRE
https://environment.data.gov.uk/water-quality/sampling-point/TH-PWER0030/sample/1438942/observation/6450,TH-PWER0030,WEY ABOVE THAMES,-0.4571,51.3786,Thames,THAMES - WEST THAMES,Multiple Values,OPEN,FRESHWATER - RIVERS,2025-05-22T13:54:00,2025,ENVIRONMENTAL MONITORING STATUTORY (EU DIRECTIVES),RIVER / RUNNING SURFACE WATER,6450,"Copper, Dissolved",2.3,MICROGRAM PER LITRE
https://environment.data.gov.uk/water-quality/sampling-point/TH-PWER0030/sample/1438942/observation/6458,TH-PWER0030,WEY ABOVE THAMES,-0.4571,51.3786,Thames,THAMES - WEST THAMES,Multiple Values,OPEN,FRESHWATER - RIVERS,2025-05-22T13:54:00,2025,ENVIRONMENTAL MONITORING STATUTORY (EU DIRECTIVES),RIVER / RUNNING SURFACE WATER,6458,"Manganese, Dissolved",33,MICROGRAM PER LITRE
https://environment.data.gov.uk/water-quality/sampling-point/TH-PWER0030/sample/1438942/observation/6460,TH-PWER0030,WEY ABOVE THAMES,-0.4571,51.3786,Thames,THAMES - WEST THAMES,Multiple Values,OPEN,FRESHWATER - RIVERS,2025-05-22T13:54:00,2025,ENVIRONMENTAL MONITORING STATUTORY (EU DIRECTIVES),RIVER / RUNNING SURFACE WATER,6460,"Iron, Dissolved",56,MICROGRAM PER LITRE
https://environment.data.gov.uk/water-quality/sampling-point/TH-PWER0030/sample/1438942/observation/6534,TH-PWER0030,WEY ABOVE THAMES,-0.4571,51.3786,Thames,THAMES - WEST THAMES,Multiple Values,OPEN,FRESHWATER - RIVERS,2025-05-22T13:54:00,2025,ENVIRONMENTAL MONITORING STATUTORY (EU DIRECTIVES),RIVER / RUNNING SURFACE WATER,6534,"1,1,1,2-Tetrachloroethane",<0.1,MICROGRAM PER LITRE
https://environment.data.gov.uk/water-quality/sampling-point/TH-PWER0030/sample/1438942/observation/6537,TH-PWER0030,WEY ABOVE THAMES,-0.4571,51.3786,Thames,THAMES - WEST THAMES,Multiple Values,OPEN,FRESHWATER - RIVERS,2025-05-22T13:54:00,2025,ENVIRONMENTAL MONITORING STATUTORY (EU DIRECTIVES),RIVER / RUNNING SURFACE WATER,6537,"1,2-Dibromo-3-chloropropane",<0.1,MICROGRAM PER LITRE
https://environment.data.gov.uk/water-quality/sampling-point/TH-PWER0030/sample/1438942/observation/6538,TH-PWER0030,WEY ABOVE THAMES,-0.4571,51.3786,Thames,THAMES - WEST THAMES,Multiple Values,OPEN,FRESHWATER - RIVERS,2025-05-22T13:54:00,2025,ENVIRONMENTAL MONITORING STATUTORY (EU DIRECTIVES),RIVER / RUNNING SURFACE WATER,6538,"cis-1,2-Dichloroethylene :- {cis-1,2-Dichloroethene}",0.45,MICROGRAM PER LITRE
https://environment.data.gov.uk/water-quality/sampling-point/TH-PWER0030/sample/1438942/observation/6539,TH-PWER0030,WEY ABOVE THAMES,-0.4571,51.3786,Thames,THAMES - WEST THAMES,Multiple Values,OPEN,FRESHWATER - RIVERS,2025-05-22T13:54:00,2025,ENVIRONMENTAL MONITORING STATUTORY (EU DIRECTIVES),RIVER / RUNNING SURFACE WATER,6539,"trans-1,2-Dichloroethylene :- {trans-1,2-Dichloroethene}",<0.1,MICROGRAM PER LITRE
https://environment.data.gov.uk/water-quality/sampling-point/TH-PWER0030/sample/1438942/observation/6540,TH-PWER0030,WEY ABOVE THAMES,-0.4571,51.3786,Thames,THAMES - WEST THAMES,Multiple Values,OPEN,FRESHWATER - RIVERS,2025-05-22T13:54:00,2025,ENVIRONMENTAL MONITORING STATUTORY (EU DIRECTIVES),RIVER / RUNNING SURFACE WATER,6540,"1,2-Dichloropropane",<0.1,MICROGRAM PER LITRE
https://environment.data.gov.uk/water-quality/sampling-point/TH-PWER0030/sample/1438942/observation/6541,TH-PWER0030,WEY ABOVE THAMES,-0.4571,51.3786,Thames,THAMES - WEST THAMES,Multiple Values,OPEN,FRESHWATER - RIVERS,2025-05-22T13:54:00,2025,ENVIRONMENTAL MONITORING STATUTORY (EU DIRECTIVES),RIVER / RUNNING SURFACE WATER,6541,"1,2,3-Trichloropropane",<0.5,MICROGRAM PER LITRE
https://environment.data.gov.uk/water-quality/sampling-point/TH-PWER0030/sample/1438942/observation/6542,TH-PWER0030,WEY ABOVE THAMES,-0.4571,51.3786,Thames,THAMES - WEST THAMES,Multiple Values,OPEN,FRESHWATER - RIVERS,2025-05-22T13:54:00,2025,ENVIRONMENTAL MONITORING STATUTORY (EU DIRECTIVES),RIVER / RUNNING SURFACE WATER,6542,"1,3-Dichloropropane",<0.1,MICROGRAM PER LITRE
https://environment.data.gov.uk/water-quality/sampling-point/TH-PWER0030/sample/1438942/observation/6543,TH-PWER0030,WEY ABOVE THAMES,-0.4571,51.3786,Thames,THAMES - WEST THAMES,Multiple Values,OPEN,FRESHWATER - RIVERS,2025-05-22T13:54:00,2025,ENVIRONMENTAL MONITORING STATUTORY (EU DIRECTIVES),RIVER / RUNNING SURFACE WATER,6543,"cis-1,3-Dichloropropylene :- {cis-1,3-Dichloropropene}",<0.1,MICROGRAM PER LITRE
https://environment.data.gov.uk/water-quality/sampling-point/TH-PWER0030/sample/1438942/observation/6544,TH-PWER0030,WEY ABOVE THAMES,-0.4571,51.3786,Thames,THAMES - WEST THAMES,Multiple Values,OPEN,FRESHWATER - RIVERS,2025-05-22T13:54:00,2025,ENVIRONMENTAL MONITORING STATUTORY (EU DIRECTIVES),RIVER / RUNNING SURFACE WATER,6544,"trans-1,3-Dichloropropylene :- {trans-1,3-Dichloropropene}",<0.5,MICROGRAM PER LITRE
https://environment.data.gov.uk/water-quality/sampling-point/TH-PWER0030/sample/1438942/observation/6547,TH-PWER0030,WEY ABOVE THAMES,-0.4571,51.3786,Thames,THAMES - WEST THAMES,Multiple Values,OPEN,FRESHWATER - RIVERS,2025-05-22T13:54:00,2025,ENVIRONMENTAL MONITORING STATUTORY (EU DIRECTIVES),RIVER / RUNNING SURFACE WATER,6547,2-Chlorotoluene :- {1-Chloro-2-methylbenzene},<0.1,MICROGRAM PER LITRE
https://environment.data.gov.uk/water-quality/sampling-point/TH-PWER0030/sample/1438942/observation/6569,TH-PWER0030,WEY ABOVE THAMES,-0.4571,51.3786,Thames,THAMES - WEST THAMES,Multiple Values,OPEN,FRESHWATER - RIVERS,2025-05-22T13:54:00,2025,ENVIRONMENTAL MONITORING STATUTORY (EU DIRECTIVES),RIVER / RUNNING SURFACE WATER,6569,"2,6-Dimethylphenol :- {2,6-Xylenol}",<0.02,MICROGRAM PER LITRE
https://environment.data.gov.uk/water-quality/sampling-point/TH-PWER0030/sample/1438942/observation/6577,TH-PWER0030,WEY ABOVE THAMES,-0.4571,51.3786,Thames,THAMES - WEST THAMES,Multiple Values,OPEN,FRESHWATER - RIVERS,2025-05-22T13:54:00,2025,ENVIRONMENTAL MONITORING STATUTORY (EU DIRECTIVES),RIVER / RUNNING SURFACE WATER,6577,"3,4-Dimethylphenol :- {3,4-Xylenol}",<0.02,MICROGRAM PER LITRE
https://environment.data.gov.uk/water-quality/sampling-point/TH-PWER0030/sample/1438942/observation/6578,TH-PWER0030,WEY ABOVE THAMES,-0.4571,51.3786,Thames,THAMES - WEST THAMES,Multiple Values,OPEN,FRESHWATER - RIVERS,2025-05-22T13:54:00,2025,ENVIRONMENTAL MONITORING STATUTORY (EU DIRECTIVES),RIVER / RUNNING SURFACE WATER,6578,4-Chlorotoluene :- {1-Chloro-4-methylbenzene},<0.1,MICROGRAM PER LITRE
https://environment.data.gov.uk/water-quality/sampling-point/TH-PWER0030/sample/1438942/observation/6579,TH-PWER0030,WEY ABOVE THAMES,-0.4571,51.3786,Thames,THAMES - WEST THAMES,Multiple Values,OPEN,FRESHWATER - RIVERS,2025-05-22T13:54:00,2025,ENVIRONMENTAL MONITORING STATUTORY (EU DIRECTIVES),RIVER / RUNNING SURFACE WATER,6579,4-Isopropyltoluene :- {4-methyl-Isopropylbenzene},<0.1,MICROGRAM PER LITRE
https://environment.data.gov.uk/water-quality/sampling-point/TH-PWER0030/sample/1438942/observation/6584,TH-PWER0030,WEY ABOVE THAMES,-0.4571,51.3786,Thames,THAMES - WEST THAMES,Multiple Values,OPEN,FRESHWATER - RIVERS,2025-05-22T13:54:00,2025,ENVIRONMENTAL MONITORING STATUTORY (EU DIRECTIVES),RIVER / RUNNING SURFACE WATER,6584,"4-Chloro-3,5-dimethylphenol :- {PCMX}",0.026,MICROGRAM PER LITRE
https://environment.data.gov.uk/water-quality/sampling-point/TH-PWER0030/sample/1438942/observation/6604,TH-PWER0030,WEY ABOVE THAMES,-0.4571,51.3786,Thames,THAMES - WEST THAMES,Multiple Values,OPEN,FRESHWATER - RIVERS,2025-05-22T13:54:00,2025,ENVIRONMENTAL MONITORING STATUTORY (EU DIRECTIVES),RIVER / RUNNING SURFACE WATER,6604,Bromobenzene,<0.1,MICROGRAM PER LITRE
https://environment.data.gov.uk/water-quality/sampling-point/TH-PWER0030/sample/1438942/observation/6605,TH-PWER0030,WEY ABOVE THAMES,-0.4571,51.3786,Thames,THAMES - WEST THAMES,Multiple Values,OPEN,FRESHWATER - RIVERS,2025-05-22T13:54:00,2025,ENVIRONMENTAL MONITORING STATUTORY (EU DIRECTIVES),RIVER / RUNNING SURFACE WATER,6605,Bromochloromethane,<0.1,MICROGRAM PER LITRE
https://environment.data.gov.uk/water-quality/sampling-point/TH-PWER0030/sample/1438942/observation/6656,TH-PWER0030,WEY ABOVE THAMES,-0.4571,51.3786,Thames,THAMES - WEST THAMES,Multiple Values,OPEN,FRESHWATER - RIVERS,2025-05-22T13:54:00,2025,ENVIRONMENTAL MONITORING STATUTORY (EU DIRECTIVES),RIVER / RUNNING SURFACE WATER,6656,MTBE :- {Methyl tert-butyl ether},<0.1,MICROGRAM PER LITRE
https://environment.data.gov.uk/water-quality/sampling-point/TH-PWER0030/sample/1438942/observation/6658,TH-PWER0030,WEY ABOVE THAMES,-0.4571,51.3786,Thames,THAMES - WEST THAMES,Multiple Values,OPEN,FRESHWATER - RIVERS,2025-05-22T13:54:00,2025,ENVIRONMENTAL MONITORING STATUTORY (EU DIRECTIVES),RIVER / RUNNING SURFACE WATER,6658,n-ButylBenzene :- {1-Phenylbutane},<0.1,MICROGRAM PER LITRE
https://environment.data.gov.uk/water-quality/sampling-point/TH-PWER0030/sample/1438942/observation/6659,TH-PWER0030,WEY ABOVE THAMES,-0.4571,51.3786,Thames,THAMES - WEST THAMES,Multiple Values,OPEN,FRESHWATER - RIVERS,2025-05-22T13:54:00,2025,ENVIRONMENTAL MONITORING STATUTORY (EU DIRECTIVES),RIVER / RUNNING SURFACE WATER,6659,n-Propylbenzene :- {1-Phenylpropane},<0.1,MICROGRAM PER LITRE
https://environment.data.gov.uk/water-quality/sampling-point/TH-PWER0030/sample/1438942/observation/6690,TH-PWER0030,WEY ABOVE THAMES,-0.4571,51.3786,Thames,THAMES - WEST THAMES,Multiple Values,OPEN,FRESHWATER - RIVERS,2025-05-22T13:54:00,2025,ENVIRONMENTAL MONITORING STATUTORY (EU DIRECTIVES),RIVER / RUNNING SURFACE WATER,6690,sec-Butylbenzene :- {1-Methylpropylbenzene},<0.1,MICROGRAM PER LITRE
https://environment.data.gov.uk/water-quality/sampling-point/TH-PWER0030/sample/1438942/observation/6693,TH-PWER0030,WEY ABOVE THAMES,-0.4571,51.3786,Thames,THAMES - WEST THAMES,Multiple Values,OPEN,FRESHWATER - RIVERS,2025-05-22T13:54:00,2025,ENVIRONMENTAL MONITORING STATUTORY (EU DIRECTIVES),RIVER / RUNNING SURFACE WATER,6693,"Strontium, Filtered",210,MICROGRAM PER LITRE
https://environment.data.gov.uk/water-quality/sampling-point/TH-PWER0030/sample/1438942/observation/6697,TH-PWER0030,WEY ABOVE THAMES,-0.4571,51.3786,Thames,THAMES - WEST THAMES,Multiple Values,OPEN,FRESHWATER - RIVERS,2025-05-22T13:54:00,2025,ENVIRONMENTAL MONITORING STATUTORY (EU DIRECTIVES),RIVER / RUNNING SURFACE WATER,6697,"tert-Butylbenzene :- {(1,1-Dimethylethyl)benzene}",<0.1,MICROGRAM PER LITRE
https://environment.data.gov.uk/water-quality/sampling-point/TH-PWER0030/sample/1438942/observation/6711,TH-PWER0030,WEY ABOVE THAMES,-0.4571,51.3786,Thames,THAMES - WEST THAMES,Multiple Values,OPEN,FRESHWATER - RIVERS,2025-05-22T13:54:00,2025,ENVIRONMENTAL MONITORING STATUTORY (EU DIRECTIVES),RIVER / RUNNING SURFACE WATER,6711,Trichlorofluoromethane,<0.1,MICROGRAM PER LITRE
https://environment.data.gov.uk/water-quality/sampling-point/TH-PWER0030/sample/1438942/observation/6715,TH-PWER0030,WEY ABOVE THAMES,-0.4571,51.3786,Thames,THAMES - WEST THAMES,Multiple Values,OPEN,FRESHWATER - RIVERS,2025-05-22T13:54:00,2025,ENVIRONMENTAL MONITORING STATUTORY (EU DIRECTIVES),RIVER / RUNNING SURFACE WATER,6715,Vinyl chloride :- {Chloroethylene},<0.1,MICROGRAM PER LITRE
https://environment.data.gov.uk/water-quality/sampling-point/TH-PWER0030/sample/1438942/observation/6716,TH-PWER0030,WEY ABOVE THAMES,-0.4571,51.3786,Thames,THAMES - WEST THAMES,Multiple Values,OPEN,FRESHWATER - RIVERS,2025-05-22T13:54:00,2025,ENVIRONMENTAL MONITORING STATUTORY (EU DIRECTIVES),RIVER / RUNNING SURFACE WATER,6716,"Dimethylbenzene : Sum of isomers (1,3- 1,4-)",<0.2,MICROGRAM PER LITRE
https://environment.data.gov.uk/water-quality/sampling-point/TH-PWER0030/sample/1438942/observation/6724,TH-PWER0030,WEY ABOVE THAMES,-0.4571,51.3786,Thames,THAMES - WEST THAMES,Multiple Values,OPEN,FRESHWATER - RIVERS,2025-05-22T13:54:00,2025,ENVIRONMENTAL MONITORING STATUTORY (EU DIRECTIVES),RIVER / RUNNING SURFACE WATER,6724,Di(2-ethylhexyl) phthalate :- {DEHP},<0.2,MICROGRAM PER LITRE
https://environment.data.gov.uk/water-quality/sampling-point/TH-PWER0030/sample/1438942/observation/6744,TH-PWER0030,WEY ABOVE THAMES,-0.4571,51.3786,Thames,THAMES - WEST THAMES,Multiple Values,OPEN,FRESHWATER - RIVERS,2025-05-22T13:54:00,2025,ENVIRONMENTAL MONITORING STATUTORY (EU DIRECTIVES),RIVER / RUNNING SURFACE WATER,6744,"2,2-Dichloropropane",<0.1,MICROGRAM PER LITRE
https://environment.data.gov.uk/water-quality/sampling-point/TH-PWER0030/sample/1438942/observation/7531,TH-PWER0030,WEY ABOVE THAMES,-0.4571,51.3786,Thames,THAMES - WEST THAMES,Multiple Values,OPEN,FRESHWATER - RIVERS,2025-05-22T13:54:00,2025,ENVIRONMENTAL MONITORING STATUTORY (EU DIRECTIVES),RIVER / RUNNING SURFACE WATER,7531,"1,1,2,2-Tetrachloroethane",<0.1,MICROGRAM PER LITRE
https://environment.data.gov.uk/water-quality/sampling-point/TH-PWER0030/sample/1438942/observation/7574,TH-PWER0030,WEY ABOVE THAMES,-0.4571,51.3786,Thames,THAMES - WEST THAMES,Multiple Values,OPEN,FRESHWATER - RIVERS,2025-05-22T13:54:00,2025,ENVIRONMENTAL MONITORING STATUTORY (EU DIRECTIVES),RIVER / RUNNING SURFACE WATER,7574,Isopropylbenzene :- {Methylethylbenzene},<0.1,MICROGRAM PER LITRE
https://environment.data.gov.uk/water-quality/sampling-point/TH-PWER0030/sample/1438942/observation/7859,TH-PWER0030,WEY ABOVE THAMES,-0.4571,51.3786,Thames,THAMES - WEST THAMES,Multiple Values,OPEN,FRESHWATER - RIVERS,2025-05-22T13:54:00,2025,ENVIRONMENTAL MONITORING STATUTORY (EU DIRECTIVES),RIVER / RUNNING SURFACE WATER,7859,"Sulphate, Dissolved as SO4",43,MILLIGRAM PER LITRE
https://environment.data.gov.uk/water-quality/sampling-point/TH-PWER0030/sample/1438942/observation/8847,TH-PWER0030,WEY ABOVE THAMES,-0.4571,51.3786,Thames,THAMES - WEST THAMES,Multiple Values,OPEN,FRESHWATER - RIVERS,2025-05-22T13:54:00,2025,ENVIRONMENTAL MONITORING STATUTORY (EU DIRECTIVES),RIVER / RUNNING SURFACE WATER,8847,Carbon Disulphide,<0.1,MICROGRAM PER LITRE
https://environment.data.gov.uk/water-quality/sampling-point/TH-PWER0030/sample/1438942/observation/8944,TH-PWER0030,WEY ABOVE THAMES,-0.4571,51.3786,Thames,THAMES - WEST THAMES,Multiple Values,OPEN,FRESHWATER - RIVERS,2025-05-22T13:54:00,2025,ENVIRONMENTAL MONITORING STATUTORY (EU DIRECTIVES),RIVER / RUNNING SURFACE WATER,8944,Tributyl Tin as Cation,0.00009,MICROGRAM PER LITRE
https://environment.data.gov.uk/water-quality/sampling-point/TH-PWER0030/sample/1438942/observation/9005,TH-PWER0030,WEY ABOVE THAMES,-0.4571,51.3786,Thames,THAMES - WEST THAMES,Multiple Values,OPEN,FRESHWATER - RIVERS,2025-05-22T13:54:00,2025,ENVIRONMENTAL MONITORING STATUTORY (EU DIRECTIVES),RIVER / RUNNING SURFACE WATER,9005,"2,2,3,4,4,5,6-Heptabromodiphenyl ether :- {PBDE 183}",<0.00006,MICROGRAM PER LITRE
https://environment.data.gov.uk/water-quality/sampling-point/TH-PWER0030/sample/1438942/observation/9007,TH-PWER0030,WEY ABOVE THAMES,-0.4571,51.3786,Thames,THAMES - WEST THAMES,Multiple Values,OPEN,FRESHWATER - RIVERS,2025-05-22T13:54:00,2025,ENVIRONMENTAL MONITORING STATUTORY (EU DIRECTIVES),RIVER / RUNNING SURFACE WATER,9007,"2,2,3,4,4,5-Hexabromodiphenyl ether :- {PBDE 138}",<0.00009,MICROGRAM PER LITRE
https://environment.data.gov.uk/water-quality/sampling-point/TH-PWER0030/sample/1438942/observation/9009,TH-PWER0030,WEY ABOVE THAMES,-0.4571,51.3786,Thames,THAMES - WEST THAMES,Multiple Values,OPEN,FRESHWATER - RIVERS,2025-05-22T13:54:00,2025,ENVIRONMENTAL MONITORING STATUTORY (EU DIRECTIVES),RIVER / RUNNING SURFACE WATER,9009,"2,2,3,4,4-Pentabromodiphenyl ether :- {PBDE 85}",<0.00006,MICROGRAM PER LITRE
https://environment.data.gov.uk/water-quality/sampling-point/TH-PWER0030/sample/1438942/observation/9011,TH-PWER0030,WEY ABOVE THAMES,-0.4571,51.3786,Thames,THAMES - WEST THAMES,Multiple Values,OPEN,FRESHWATER - RIVERS,2025-05-22T13:54:00,2025,ENVIRONMENTAL MONITORING STATUTORY (EU DIRECTIVES),RIVER / RUNNING SURFACE WATER,9011,"2,2,4,4,5,5-Hexabromodiphenyl ether :- {PBDE 153}",<0.00006,MICROGRAM PER LITRE
https://environment.data.gov.uk/water-quality/sampling-point/TH-PWER0030/sample/1438942/observation/9013,TH-PWER0030,WEY ABOVE THAMES,-0.4571,51.3786,Thames,THAMES - WEST THAMES,Multiple Values,OPEN,FRESHWATER - RIVERS,2025-05-22T13:54:00,2025,ENVIRONMENTAL MONITORING STATUTORY (EU DIRECTIVES),RIVER / RUNNING SURFACE WATER,9013,"2,2,4,4,5,6-Hexabromodiphenyl ether :- {PBDE 154}",<0.00006,MICROGRAM PER LITRE
https://environment.data.gov.uk/water-quality/sampling-point/TH-PWER0030/sample/1438942/observation/9015,TH-PWER0030,WEY ABOVE THAMES,-0.4571,51.3786,Thames,THAMES - WEST THAMES,Multiple Values,OPEN,FRESHWATER - RIVERS,2025-05-22T13:54:00,2025,ENVIRONMENTAL MONITORING STATUTORY (EU DIRECTIVES),RIVER / RUNNING SURFACE WATER,9015,"2,2,4,4,5-Pentabromodiphenyl ether :- {PBDE 99}",<0.00006,MICROGRAM PER LITRE
https://environment.data.gov.uk/water-quality/sampling-point/TH-PWER0030/sample/1438942/observation/9017,TH-PWER0030,WEY ABOVE THAMES,-0.4571,51.3786,Thames,THAMES - WEST THAMES,Multiple Values,OPEN,FRESHWATER - RIVERS,2025-05-22T13:54:00,2025,ENVIRONMENTAL MONITORING STATUTORY (EU DIRECTIVES),RIVER / RUNNING SURFACE WATER,9017,"2,2,4,4,6-Pentabromodiphenyl ether :- {PBDE 100}",<0.00006,MICROGRAM PER LITRE
https://environment.data.gov.uk/water-quality/sampling-point/TH-PWER0030/sample/1438942/observation/9019,TH-PWER0030,WEY ABOVE THAMES,-0.4571,51.3786,Thames,THAMES - WEST THAMES,Multiple Values,OPEN,FRESHWATER - RIVERS,2025-05-22T13:54:00,2025,ENVIRONMENTAL MONITORING STATUTORY (EU DIRECTIVES),RIVER / RUNNING SURFACE WATER,9019,"2,2,4,4-Tetrabromodiphenyl ether :- {PBDE 47}",<0.00006,MICROGRAM PER LITRE
https://environment.data.gov.uk/water-quality/sampling-point/TH-PWER0030/sample/1438942/observation/9021,TH-PWER0030,WEY ABOVE THAMES,-0.4571,51.3786,Thames,THAMES - WEST THAMES,Multiple Values,OPEN,FRESHWATER - RIVERS,2025-05-22T13:54:00,2025,ENVIRONMENTAL MONITORING STATUTORY (EU DIRECTIVES),RIVER / RUNNING SURFACE WATER,9021,"2,3,4,4-Tetrabromodiphenyl ether :- {PBDE 66}",<0.00007,MICROGRAM PER LITRE
https://environment.data.gov.uk/water-quality/sampling-point/TH-PWER0030/sample/1438942/observation/9051,TH-PWER0030,WEY ABOVE THAMES,-0.4571,51.3786,Thames,THAMES - WEST THAMES,Multiple Values,OPEN,FRESHWATER - RIVERS,2025-05-22T13:54:00,2025,ENVIRONMENTAL MONITORING STATUTORY (EU DIRECTIVES),RIVER / RUNNING SURFACE WATER,9051,"1,2,4-Trichlorobenzene",<0.1,MICROGRAM PER LITRE
https://environment.data.gov.uk/water-quality/sampling-point/TH-PWER0030/sample/1438942/observation/9091,TH-PWER0030,WEY ABOVE THAMES,-0.4571,51.3786,Thames,THAMES - WEST THAMES,Multiple Values,OPEN,FRESHWATER - RIVERS,2025-05-22T13:54:00,2025,ENVIRONMENTAL MONITORING STATUTORY (EU DIRECTIVES),RIVER / RUNNING SURFACE WATER,9091,"2,5-Dichlorophenol",<0.02,MICROGRAM PER LITRE
https://environment.data.gov.uk/water-quality/sampling-point/TH-PWER0030/sample/1438942/observation/9094,TH-PWER0030,WEY ABOVE THAMES,-0.4571,51.3786,Thames,THAMES - WEST THAMES,Multiple Values,OPEN,FRESHWATER - RIVERS,2025-05-22T13:54:00,2025,ENVIRONMENTAL MONITORING STATUTORY (EU DIRECTIVES),RIVER / RUNNING SURFACE WATER,9094,"2,5-Dimethylphenol :- {2,5-Xylenol}",<0.02,MICROGRAM PER LITRE
https://environment.data.gov.uk/water-quality/sampling-point/TH-PWER0030/sample/1438942/observation/9145,TH-PWER0030,WEY ABOVE THAMES,-0.4571,51.3786,Thames,THAMES - WEST THAMES,Multiple Values,OPEN,FRESHWATER - RIVERS,2025-05-22T13:54:00,2025,ENVIRONMENTAL MONITORING STATUTORY (EU DIRECTIVES),RIVER / RUNNING SURFACE WATER,9145,"1,2-Dibromoethane",<0.1,MICROGRAM PER LITRE
https://environment.data.gov.uk/water-quality/sampling-point/TH-PWER0030/sample/1438942/observation/9190,TH-PWER0030,WEY ABOVE THAMES,-0.4571,51.3786,Thames,THAMES - WEST THAMES,Multiple Values,OPEN,FRESHWATER - RIVERS,2025-05-22T13:54:00,2025,ENVIRONMENTAL MONITORING STATUTORY (EU DIRECTIVES),RIVER / RUNNING SURFACE WATER,9190,4-Nonylphenol Branched,<0.04,MICROGRAM PER LITRE
https://environment.data.gov.uk/water-quality/sampling-point/TH-PWER0030/sample/1438942/observation/9267,TH-PWER0030,WEY ABOVE THAMES,-0.4571,51.3786,Thames,THAMES - WEST THAMES,Multiple Values,OPEN,FRESHWATER - RIVERS,2025-05-22T13:54:00,2025,ENVIRONMENTAL MONITORING STATUTORY (EU DIRECTIVES),RIVER / RUNNING SURFACE WATER,9267,4-tert-Octylphenol :- {p-tert-Octylphenol},<0.01,MICROGRAM PER LITRE
https://environment.data.gov.uk/water-quality/sampling-point/TH-PWER0030/sample/1438942/observation/9446,TH-PWER0030,WEY ABOVE THAMES,-0.4571,51.3786,Thames,THAMES - WEST THAMES,Multiple Values,OPEN,FRESHWATER - RIVERS,2025-05-22T13:54:00,2025,ENVIRONMENTAL MONITORING STATUTORY (EU DIRECTIVES),RIVER / RUNNING SURFACE WATER,9446,"Barium, Dissolved",33,MICROGRAM PER LITRE
https://environment.data.gov.uk/water-quality/sampling-point/TH-PWER0030/sample/1438942/observation/9447,TH-PWER0030,WEY ABOVE THAMES,-0.4571,51.3786,Thames,THAMES - WEST THAMES,Multiple Values,OPEN,FRESHWATER - RIVERS,2025-05-22T13:54:00,2025,ENVIRONMENTAL MONITORING STATUTORY (EU DIRECTIVES),RIVER / RUNNING SURFACE WATER,9447,"Boron, Dissolved",<100,MICROGRAM PER LITRE
https://environment.data.gov.uk/water-quality/sampling-point/TH-PWER0030/sample/1438942/observation/9451,TH-PWER0030,WEY ABOVE THAMES,-0.4571,51.3786,Thames,THAMES - WEST THAMES,Multiple Values,OPEN,FRESHWATER - RIVERS,2025-05-22T13:54:00,2025,ENVIRONMENTAL MONITORING STATUTORY (EU DIRECTIVES),RIVER / RUNNING SURFACE WATER,9451,"2,3-Dimethylphenol :- {2,3-Xylenol}",<0.02,MICROGRAM PER LITRE
https://environment.data.gov.uk/water-quality/sampling-point/TH-PWER0030/sample/1438942/observation/9453,TH-PWER0030,WEY ABOVE THAMES,-0.4571,51.3786,Thames,THAMES - WEST THAMES,Multiple Values,OPEN,FRESHWATER - RIVERS,2025-05-22T13:54:00,2025,ENVIRONMENTAL MONITORING STATUTORY (EU DIRECTIVES),RIVER / RUNNING SURFACE WATER,9453,"2,3-Dichlorophenol",<0.02,MICROGRAM PER LITRE
https://environment.data.gov.uk/water-quality/sampling-point/TH-PWER0030/sample/1438942/observation/9454,TH-PWER0030,WEY ABOVE THAMES,-0.4571,51.3786,Thames,THAMES - WEST THAMES,Multiple Values,OPEN,FRESHWATER - RIVERS,2025-05-22T13:54:00,2025,ENVIRONMENTAL MONITORING STATUTORY (EU DIRECTIVES),RIVER / RUNNING SURFACE WATER,9454,2-Ethyl phenol,<0.02,MICROGRAM PER LITRE
https://environment.data.gov.uk/water-quality/sampling-point/TH-PWER0030/sample/1438942/observation/9456,TH-PWER0030,WEY ABOVE THAMES,-0.4571,51.3786,Thames,THAMES - WEST THAMES,Multiple Values,OPEN,FRESHWATER - RIVERS,2025-05-22T13:54:00,2025,ENVIRONMENTAL MONITORING STATUTORY (EU DIRECTIVES),RIVER / RUNNING SURFACE WATER,9456,"1,2,4-Trimethylbenzene",<0.1,MICROGRAM PER LITRE
https://environment.data.gov.uk/water-quality/sampling-point/TH-PWER0030/sample/1438942/observation/9457,TH-PWER0030,WEY ABOVE THAMES,-0.4571,51.3786,Thames,THAMES - WEST THAMES,Multiple Values,OPEN,FRESHWATER - RIVERS,2025-05-22T13:54:00,2025,ENVIRONMENTAL MONITORING STATUTORY (EU DIRECTIVES),RIVER / RUNNING SURFACE WATER,9457,"1,2,3-Trimethylbenzene",<0.1,MICROGRAM PER LITRE
https://environment.data.gov.uk/water-quality/sampling-point/TH-PWER0030/sample/1438942/observation/9458,TH-PWER0030,WEY ABOVE THAMES,-0.4571,51.3786,Thames,THAMES - WEST THAMES,Multiple Values,OPEN,FRESHWATER - RIVERS,2025-05-22T13:54:00,2025,ENVIRONMENTAL MONITORING STATUTORY (EU DIRECTIVES),RIVER / RUNNING SURFACE WATER,9458,"1,3,5-Trimethylbenzene :- {Mesitylene}",<0.1,MICROGRAM PER LITRE
https://environment.data.gov.uk/water-quality/sampling-point/TH-PWER0030/sample/1438942/observation/9522,TH-PWER0030,WEY ABOVE THAMES,-0.4571,51.3786,Thames,THAMES - WEST THAMES,Multiple Values,OPEN,FRESHWATER - RIVERS,2025-05-22T13:54:00,2025,ENVIRONMENTAL MONITORING STATUTORY (EU DIRECTIVES),RIVER / RUNNING SURFACE WATER,9522,Phenol,0.1,MICROGRAM PER LITRE
https://environment.data.gov.uk/water-quality/sampling-point/TH-PWER0030/sample/1438942/observation/9618,TH-PWER0030,WEY ABOVE THAMES,-0.4571,51.3786,Thames,THAMES - WEST THAMES,Multiple Values,OPEN,FRESHWATER - RIVERS,2025-05-22T13:54:00,2025,ENVIRONMENTAL MONITORING STATUTORY (EU DIRECTIVES),RIVER / RUNNING SURFACE WATER,9618,"1,2-Dichlorobenzene",<0.1,MICROGRAM PER LITRE
https://environment.data.gov.uk/water-quality/sampling-point/TH-PWER0030/sample/1438942/observation/9619,TH-PWER0030,WEY ABOVE THAMES,-0.4571,51.3786,Thames,THAMES - WEST THAMES,Multiple Values,OPEN,FRESHWATER - RIVERS,2025-05-22T13:54:00,2025,ENVIRONMENTAL MONITORING STATUTORY (EU DIRECTIVES),RIVER / RUNNING SURFACE WATER,9619,"1,3-Dichlorobenzene",<0.1,MICROGRAM PER LITRE
https://environment.data.gov.uk/water-quality/sampling-point/TH-PWER0030/sample/1438942/observation/9684,TH-PWER0030,WEY ABOVE THAMES,-0.4571,51.3786,Thames,THAMES - WEST THAMES,Multiple Values,OPEN,FRESHWATER - RIVERS,2025-05-22T13:54:00,2025,ENVIRONMENTAL MONITORING STATUTORY (EU DIRECTIVES),RIVER / RUNNING SURFACE WATER,9684,"1,1-Dichloropropylene :- {1,1-Dichloropropene}",<0.1,MICROGRAM PER LITRE
https://environment.data.gov.uk/water-quality/sampling-point/TH-PWER0030/sample/1438942/observation/9703,TH-PWER0030,WEY ABOVE THAMES,-0.4571,51.3786,Thames,THAMES - WEST THAMES,Multiple Values,OPEN,FRESHWATER - RIVERS,2025-05-22T13:54:00,2025,ENVIRONMENTAL MONITORING STATUTORY (EU DIRECTIVES),RIVER / RUNNING SURFACE WATER,9703,3-Chlorophenol,<0.02,MICROGRAM PER LITRE
https://environment.data.gov.uk/water-quality/sampling-point/TH-PWER0030/sample/1438942/observation/9811,TH-PWER0030,WEY ABOVE THAMES,-0.4571,51.3786,Thames,THAMES - WEST THAMES,Multiple Values,OPEN,FRESHWATER - RIVERS,2025-05-22T13:54:00,2025,ENVIRONMENTAL MONITORING STATUTORY (EU DIRECTIVES),RIVER / RUNNING SURFACE WATER,9811,"1,1,2-Trichloroethane",<0.1,MICROGRAM PER LITRE
https://environment.data.gov.uk/water-quality/sampling-point/TH-PWER0030/sample/1438942/observation/9814,TH-PWER0030,WEY ABOVE THAMES,-0.4571,51.3786,Thames,THAMES - WEST THAMES,Multiple Values,OPEN,FRESHWATER - RIVERS,2025-05-22T13:54:00,2025,ENVIRONMENTAL MONITORING STATUTORY (EU DIRECTIVES),RIVER / RUNNING SURFACE WATER,9814,2-Chlorophenol,<0.02,MICROGRAM PER LITRE
https://environment.data.gov.uk/water-quality/sampling-point/TH-PWER0030/sample/1438942/observation/9815,TH-PWER0030,WEY ABOVE THAMES,-0.4571,51.3786,Thames,THAMES - WEST THAMES,Multiple Values,OPEN,FRESHWATER - RIVERS,2025-05-22T13:54:00,2025,ENVIRONMENTAL MONITORING STATUTORY (EU DIRECTIVES),RIVER / RUNNING SURFACE WATER,9815,4-Chlorophenol,<0.02,MICROGRAM PER LITRE
https://environment.data.gov.uk/water-quality/sampling-point/TH-PWER0030/sample/1438942/observation/9816,TH-PWER0030,WEY ABOVE THAMES,-0.4571,51.3786,Thames,THAMES - WEST THAMES,Multiple Values,OPEN,FRESHWATER - RIVERS,2025-05-22T13:54:00,2025,ENVIRONMENTAL MONITORING STATUTORY (EU DIRECTIVES),RIVER / RUNNING SURFACE WATER,9816,"2,4-Dichlorophenol",<0.02,MICROGRAM PER LITRE
https://environment.data.gov.uk/water-quality/sampling-point/TH-PWER0030/sample/1438942/observation/9817,TH-PWER0030,WEY ABOVE THAMES,-0.4571,51.3786,Thames,THAMES - WEST THAMES,Multiple Values,OPEN,FRESHWATER - RIVERS,2025-05-22T13:54:00,2025,ENVIRONMENTAL MONITORING STATUTORY (EU DIRECTIVES),RIVER / RUNNING SURFACE WATER,9817,"2,6-Dichlorophenol",<0.02,MICROGRAM PER LITRE
https://environment.data.gov.uk/water-quality/sampling-point/TH-PWER0030/sample/1438942/observation/9818,TH-PWER0030,WEY ABOVE THAMES,-0.4571,51.3786,Thames,THAMES - WEST THAMES,Multiple Values,OPEN,FRESHWATER - RIVERS,2025-05-22T13:54:00,2025,ENVIRONMENTAL MONITORING STATUTORY (EU DIRECTIVES),RIVER / RUNNING SURFACE WATER,9818,"2,4,5-Trichlorophenol",<0.02,MICROGRAM PER LITRE
https://environment.data.gov.uk/water-quality/sampling-point/TH-PWER0030/sample/1438942/observation/9819,TH-PWER0030,WEY ABOVE THAMES,-0.4571,51.3786,Thames,THAMES - WEST THAMES,Multiple Values,OPEN,FRESHWATER - RIVERS,2025-05-22T13:54:00,2025,ENVIRONMENTAL MONITORING STATUTORY (EU DIRECTIVES),RIVER / RUNNING SURFACE WATER,9819,"2,4,6-Trichlorophenol",<0.02,MICROGRAM PER LITRE
https://environment.data.gov.uk/water-quality/sampling-point/TH-PWER0030/sample/1438942/observation/9836,TH-PWER0030,WEY ABOVE THAMES,-0.4571,51.3786,Thames,THAMES - WEST THAMES,Multiple Values,OPEN,FRESHWATER - RIVERS,2025-05-22T13:54:00,2025,ENVIRONMENTAL MONITORING STATUTORY (EU DIRECTIVES),RIVER / RUNNING SURFACE WATER,9836,"1,1-Dichloroethylene :- {1,1-Dichloroethene}",<0.1,MICROGRAM PER LITRE
https://environment.data.gov.uk/water-quality/sampling-point/TH-PWER0030/sample/1438942/observation/9839,TH-PWER0030,WEY ABOVE THAMES,-0.4571,51.3786,Thames,THAMES - WEST THAMES,Multiple Values,OPEN,FRESHWATER - RIVERS,2025-05-22T13:54:00,2025,ENVIRONMENTAL MONITORING STATUTORY (EU DIRECTIVES),RIVER / RUNNING SURFACE WATER,9839,tert-Amyl methyl ether :- {TAME},<0.1,MICROGRAM PER LITRE
https://environment.data.gov.uk/water-quality/sampling-point/TH-PWER0030/sample/1438942/observation/9844,TH-PWER0030,WEY ABOVE THAMES,-0.4571,51.3786,Thames,THAMES - WEST THAMES,Multiple Values,OPEN,FRESHWATER - RIVERS,2025-05-22T13:54:00,2025,ENVIRONMENTAL MONITORING STATUTORY (EU DIRECTIVES),RIVER / RUNNING SURFACE WATER,9844,Ethyl tert-butyl ether :- {ETBE},<0.1,MICROGRAM PER LITRE
https://environment.data.gov.uk/water-quality/sampling-point/TH-PWER0030/sample/1438942/observation/9845,TH-PWER0030,WEY ABOVE THAMES,-0.4571,51.3786,Thames,THAMES - WEST THAMES,Multiple Values,OPEN,FRESHWATER - RIVERS,2025-05-22T13:54:00,2025,ENVIRONMENTAL MONITORING STATUTORY (EU DIRECTIVES),RIVER / RUNNING SURFACE WATER,9845,"1,2-Dimethylbenzene :- {o-Xylene}",<0.1,MICROGRAM PER LITRE
https://environment.data.gov.uk/water-quality/sampling-point/TH-PWER0030/sample/1438942/observation/9888,TH-PWER0030,WEY ABOVE THAMES,-0.4571,51.3786,Thames,THAMES - WEST THAMES,Multiple Values,OPEN,FRESHWATER - RIVERS,2025-05-22T13:54:00,2025,ENVIRONMENTAL MONITORING STATUTORY (EU DIRECTIVES),RIVER / RUNNING SURFACE WATER,9888,Styrene :- {Vinylbenzene},<0.1,MICROGRAM PER LITRE
https://environment.data.gov.uk/water-quality/sampling-point/TH-PWER0030/sample/1438942/observation/9901,TH-PWER0030,WEY ABOVE THAMES,-0.4571,51.3786,Thames,THAMES - WEST THAMES,Multiple Values,OPEN,FRESHWATER - RIVERS,2025-05-22T13:54:00,2025,ENVIRONMENTAL MONITORING STATUTORY (EU DIRECTIVES),RIVER / RUNNING SURFACE WATER,9901,"Oxygen, Dissolved, % Saturation",94.4,PERCENTAGE
https://environment.data.gov.uk/water-quality/sampling-point/TH-PWER0030/sample/1438942/observation/9924,TH-PWER0030,WEY ABOVE THAMES,-0.4571,51.3786,Thames,THAMES - WEST THAMES,Multiple Values,OPEN,FRESHWATER - RIVERS,2025-05-22T13:54:00,2025,ENVIRONMENTAL MONITORING STATUTORY (EU DIRECTIVES),RIVER / RUNNING SURFACE WATER,9924,"Oxygen, Dissolved as O2",9.27,MILLIGRAM PER LITRE
https://environment.data.gov.uk/water-quality/sampling-point/TH-PWER0030/sample/1439873/observation/0052,TH-PWER0030,WEY ABOVE THAMES,-0.4571,51.3786,Thames,THAMES - WEST THAMES,Multiple Values,OPEN,FRESHWATER - RIVERS,2025-06-09T14:38:00,2025,ENVIRONMENTAL MONITORING STATUTORY (EU DIRECTIVES),RIVER / RUNNING SURFACE WATER,52,"Lead, Dissolved",0.13,MICROGRAM PER LITRE
https://environment.data.gov.uk/water-quality/sampling-point/TH-PWER0030/sample/1439873/observation/0061,TH-PWER0030,WEY ABOVE THAMES,-0.4571,51.3786,Thames,THAMES - WEST THAMES,Multiple Values,OPEN,FRESHWATER - RIVERS,2025-06-09T14:38:00,2025,ENVIRONMENTAL MONITORING STATUTORY (EU DIRECTIVES),RIVER / RUNNING SURFACE WATER,61,pH,7.89,PH UNITS
https://environment.data.gov.uk/water-quality/sampling-point/TH-PWER0030/sample/1439873/observation/0076,TH-PWER0030,WEY ABOVE THAMES,-0.4571,51.3786,Thames,THAMES - WEST THAMES,Multiple Values,OPEN,FRESHWATER - RIVERS,2025-06-09T14:38:00,2025,ENVIRONMENTAL MONITORING STATUTORY (EU DIRECTIVES),RIVER / RUNNING SURFACE WATER,76,Temperature of Water,16.1,CELSIUS
https://environment.data.gov.uk/water-quality/sampling-point/TH-PWER0030/sample/1439873/observation/0077,TH-PWER0030,WEY ABOVE THAMES,-0.4571,51.3786,Thames,THAMES - WEST THAMES,Multiple Values,OPEN,FRESHWATER - RIVERS,2025-06-09T14:38:00,2025,ENVIRONMENTAL MONITORING STATUTORY (EU DIRECTIVES),RIVER / RUNNING SURFACE WATER,77,Conductivity at 25 C,477,MICROSIEMENS PER CENTIMETRE
https://environment.data.gov.uk/water-quality/sampling-point/TH-PWER0030/sample/1439873/observation/0085,TH-PWER0030,WEY ABOVE THAMES,-0.4571,51.3786,Thames,THAMES - WEST THAMES,Multiple Values,OPEN,FRESHWATER - RIVERS,2025-06-09T14:38:00,2025,ENVIRONMENTAL MONITORING STATUTORY (EU DIRECTIVES),RIVER / RUNNING SURFACE WATER,85,BOD : 5 Day ATU,1.4,MILLIGRAM PER LITRE
https://environment.data.gov.uk/water-quality/sampling-point/TH-PWER0030/sample/1439873/observation/0103,TH-PWER0030,WEY ABOVE THAMES,-0.4571,51.3786,Thames,THAMES - WEST THAMES,Multiple Values,OPEN,FRESHWATER - RIVERS,2025-06-09T14:38:00,2025,ENVIRONMENTAL MONITORING STATUTORY (EU DIRECTIVES),RIVER / RUNNING SURFACE WATER,103,"Mercury, Dissolved",<0.01,MICROGRAM PER LITRE
https://environment.data.gov.uk/water-quality/sampling-point/TH-PWER0030/sample/1439873/observation/0106,TH-PWER0030,WEY ABOVE THAMES,-0.4571,51.3786,Thames,THAMES - WEST THAMES,Multiple Values,OPEN,FRESHWATER - RIVERS,2025-06-09T14:38:00,2025,ENVIRONMENTAL MONITORING STATUTORY (EU DIRECTIVES),RIVER / RUNNING SURFACE WATER,106,"Cadmium, Dissolved",<0.01,MICROGRAM PER LITRE
https://environment.data.gov.uk/water-quality/sampling-point/TH-PWER0030/sample/1439873/observation/0111,TH-PWER0030,WEY ABOVE THAMES,-0.4571,51.3786,Thames,THAMES - WEST THAMES,Multiple Values,OPEN,FRESHWATER - RIVERS,2025-06-09T14:38:00,2025,ENVIRONMENTAL MONITORING STATUTORY (EU DIRECTIVES),RIVER / RUNNING SURFACE WATER,111,Ammoniacal Nitrogen as N,0.17,MILLIGRAM PER LITRE
https://environment.data.gov.uk/water-quality/sampling-point/TH-PWER0030/sample/1439873/observation/0116,TH-PWER0030,WEY ABOVE THAMES,-0.4571,51.3786,Thames,THAMES - WEST THAMES,Multiple Values,OPEN,FRESHWATER - RIVERS,2025-06-09T14:38:00,2025,ENVIRONMENTAL MONITORING STATUTORY (EU DIRECTIVES),RIVER / RUNNING SURFACE WATER,116,"Nitrogen, Total Oxidised as N",6.8,MILLIGRAM PER LITRE
https://environment.data.gov.uk/water-quality/sampling-point/TH-PWER0030/sample/1439873/observation/0117,TH-PWER0030,WEY ABOVE THAMES,-0.4571,51.3786,Thames,THAMES - WEST THAMES,Multiple Values,OPEN,FRESHWATER - RIVERS,2025-06-09T14:38:00,2025,ENVIRONMENTAL MONITORING STATUTORY (EU DIRECTIVES),RIVER / RUNNING SURFACE WATER,117,Nitrate as N,6.69,MILLIGRAM PER LITRE
https://environment.data.gov.uk/water-quality/sampling-point/TH-PWER0030/sample/1439873/observation/0118,TH-PWER0030,WEY ABOVE THAMES,-0.4571,51.3786,Thames,THAMES - WEST THAMES,Multiple Values,OPEN,FRESHWATER - RIVERS,2025-06-09T14:38:00,2025,ENVIRONMENTAL MONITORING STATUTORY (EU DIRECTIVES),RIVER / RUNNING SURFACE WATER,118,Nitrite as N,0.11,MILLIGRAM PER LITRE
https://environment.data.gov.uk/water-quality/sampling-point/TH-PWER0030/sample/1439873/observation/0119,TH-PWER0030,WEY ABOVE THAMES,-0.4571,51.3786,Thames,THAMES - WEST THAMES,Multiple Values,OPEN,FRESHWATER - RIVERS,2025-06-09T14:38:00,2025,ENVIRONMENTAL MONITORING STATUTORY (EU DIRECTIVES),RIVER / RUNNING SURFACE WATER,119,Ammonia un-ionised as N,0.00378,MILLIGRAM PER LITRE
https://environment.data.gov.uk/water-quality/sampling-point/TH-PWER0030/sample/1439873/observation/0162,TH-PWER0030,WEY ABOVE THAMES,-0.4571,51.3786,Thames,THAMES - WEST THAMES,Multiple Values,OPEN,FRESHWATER - RIVERS,2025-06-09T14:38:00,2025,ENVIRONMENTAL MONITORING STATUTORY (EU DIRECTIVES),RIVER / RUNNING SURFACE WATER,162,Alkalinity to pH 4.5 as CaCO3,120,MILLIGRAM PER LITRE
https://environment.data.gov.uk/water-quality/sampling-point/TH-PWER0030/sample/1439873/observation/0180,TH-PWER0030,WEY ABOVE THAMES,-0.4571,51.3786,Thames,THAMES - WEST THAMES,Multiple Values,OPEN,FRESHWATER - RIVERS,2025-06-09T14:38:00,2025,ENVIRONMENTAL MONITORING STATUTORY (EU DIRECTIVES),RIVER / RUNNING SURFACE WATER,180,"Orthophosphate, reactive as P",0.17,MILLIGRAM PER LITRE
https://environment.data.gov.uk/water-quality/sampling-point/TH-PWER0030/sample/1439873/observation/0205,TH-PWER0030,WEY ABOVE THAMES,-0.4571,51.3786,Thames,THAMES - WEST THAMES,Multiple Values,OPEN,FRESHWATER - RIVERS,2025-06-09T14:38:00,2025,ENVIRONMENTAL MONITORING STATUTORY (EU DIRECTIVES),RIVER / RUNNING SURFACE WATER,205,"Sodium, Dissolved",27,MILLIGRAM PER LITRE
https://environment.data.gov.uk/water-quality/sampling-point/TH-PWER0030/sample/1439873/observation/0209,TH-PWER0030,WEY ABOVE THAMES,-0.4571,51.3786,Thames,THAMES - WEST THAMES,Multiple Values,OPEN,FRESHWATER - RIVERS,2025-06-09T14:38:00,2025,ENVIRONMENTAL MONITORING STATUTORY (EU DIRECTIVES),RIVER / RUNNING SURFACE WATER,209,"Potassium, Dissolved",6,MILLIGRAM PER LITRE
https://environment.data.gov.uk/water-quality/sampling-point/TH-PWER0030/sample/1439873/observation/0235,TH-PWER0030,WEY ABOVE THAMES,-0.4571,51.3786,Thames,THAMES - WEST THAMES,Multiple Values,OPEN,FRESHWATER - RIVERS,2025-06-09T14:38:00,2025,ENVIRONMENTAL MONITORING STATUTORY (EU DIRECTIVES),RIVER / RUNNING SURFACE WATER,235,"Magnesium, Dissolved",3.8,MILLIGRAM PER LITRE
https://environment.data.gov.uk/water-quality/sampling-point/TH-PWER0030/sample/1439873/observation/0239,TH-PWER0030,WEY ABOVE THAMES,-0.4571,51.3786,Thames,THAMES - WEST THAMES,Multiple Values,OPEN,FRESHWATER - RIVERS,2025-06-09T14:38:00,2025,ENVIRONMENTAL MONITORING STATUTORY (EU DIRECTIVES),RIVER / RUNNING SURFACE WATER,239,"Calcium, Dissolved",58,MILLIGRAM PER LITRE
https://environment.data.gov.uk/water-quality/sampling-point/TH-PWER0030/sample/1439873/observation/1049,TH-PWER0030,WEY ABOVE THAMES,-0.4571,51.3786,Thames,THAMES - WEST THAMES,Multiple Values,OPEN,FRESHWATER - RIVERS,2025-06-09T14:38:00,2025,ENVIRONMENTAL MONITORING STATUTORY (EU DIRECTIVES),RIVER / RUNNING SURFACE WATER,1049,Carbon tetrachloride :- {Tetrachloromethane},<0.1,MICROGRAM PER LITRE
https://environment.data.gov.uk/water-quality/sampling-point/TH-PWER0030/sample/1439873/observation/1085,TH-PWER0030,WEY ABOVE THAMES,-0.4571,51.3786,Thames,THAMES - WEST THAMES,Multiple Values,OPEN,FRESHWATER - RIVERS,2025-06-09T14:38:00,2025,ENVIRONMENTAL MONITORING STATUTORY (EU DIRECTIVES),RIVER / RUNNING SURFACE WATER,1085,Pentachlorophenol,<0.02,MICROGRAM PER LITRE
https://environment.data.gov.uk/water-quality/sampling-point/TH-PWER0030/sample/1439873/observation/3268,TH-PWER0030,WEY ABOVE THAMES,-0.4571,51.3786,Thames,THAMES - WEST THAMES,Multiple Values,OPEN,FRESHWATER - RIVERS,2025-06-09T14:38:00,2025,ENVIRONMENTAL MONITORING STATUTORY (EU DIRECTIVES),RIVER / RUNNING SURFACE WATER,3268,"1,1,1-Trichloroethane",<0.1,MICROGRAM PER LITRE
https://environment.data.gov.uk/water-quality/sampling-point/TH-PWER0030/sample/1439873/observation/3269,TH-PWER0030,WEY ABOVE THAMES,-0.4571,51.3786,Thames,THAMES - WEST THAMES,Multiple Values,OPEN,FRESHWATER - RIVERS,2025-06-09T14:38:00,2025,ENVIRONMENTAL MONITORING STATUTORY (EU DIRECTIVES),RIVER / RUNNING SURFACE WATER,3269,"1,1-Dichloroethane",<0.1,MICROGRAM PER LITRE
https://environment.data.gov.uk/water-quality/sampling-point/TH-PWER0030/sample/1439873/observation/3272,TH-PWER0030,WEY ABOVE THAMES,-0.4571,51.3786,Thames,THAMES - WEST THAMES,Multiple Values,OPEN,FRESHWATER - RIVERS,2025-06-09T14:38:00,2025,ENVIRONMENTAL MONITORING STATUTORY (EU DIRECTIVES),RIVER / RUNNING SURFACE WATER,3272,"1,2-Dichloroethane",<0.1,MICROGRAM PER LITRE
https://environment.data.gov.uk/water-quality/sampling-point/TH-PWER0030/sample/1439873/observation/3282,TH-PWER0030,WEY ABOVE THAMES,-0.4571,51.3786,Thames,THAMES - WEST THAMES,Multiple Values,OPEN,FRESHWATER - RIVERS,2025-06-09T14:38:00,2025,ENVIRONMENTAL MONITORING STATUTORY (EU DIRECTIVES),RIVER / RUNNING SURFACE WATER,3282,Bromodichloromethane,<0.1,MICROGRAM PER LITRE
https://environment.data.gov.uk/water-quality/sampling-point/TH-PWER0030/sample/1439873/observation/3283,TH-PWER0030,WEY ABOVE THAMES,-0.4571,51.3786,Thames,THAMES - WEST THAMES,Multiple Values,OPEN,FRESHWATER - RIVERS,2025-06-09T14:38:00,2025,ENVIRONMENTAL MONITORING STATUTORY (EU DIRECTIVES),RIVER / RUNNING SURFACE WATER,3283,Bromoform :- {Tribromomethane},<0.1,MICROGRAM PER LITRE
https://environment.data.gov.uk/water-quality/sampling-point/TH-PWER0030/sample/1439873/observation/3290,TH-PWER0030,WEY ABOVE THAMES,-0.4571,51.3786,Thames,THAMES - WEST THAMES,Multiple Values,OPEN,FRESHWATER - RIVERS,2025-06-09T14:38:00,2025,ENVIRONMENTAL MONITORING STATUTORY (EU DIRECTIVES),RIVER / RUNNING SURFACE WATER,3290,Chlorobenzene,<0.1,MICROGRAM PER LITRE
https://environment.data.gov.uk/water-quality/sampling-point/TH-PWER0030/sample/1439873/observation/3292,TH-PWER0030,WEY ABOVE THAMES,-0.4571,51.3786,Thames,THAMES - WEST THAMES,Multiple Values,OPEN,FRESHWATER - RIVERS,2025-06-09T14:38:00,2025,ENVIRONMENTAL MONITORING STATUTORY (EU DIRECTIVES),RIVER / RUNNING SURFACE WATER,3292,Chlorodibromomethane,<0.1,MICROGRAM PER LITRE
https://environment.data.gov.uk/water-quality/sampling-point/TH-PWER0030/sample/1439873/observation/3299,TH-PWER0030,WEY ABOVE THAMES,-0.4571,51.3786,Thames,THAMES - WEST THAMES,Multiple Values,OPEN,FRESHWATER - RIVERS,2025-06-09T14:38:00,2025,ENVIRONMENTAL MONITORING STATUTORY (EU DIRECTIVES),RIVER / RUNNING SURFACE WATER,3299,Dichloromethane :- {Methylene Dichloride},<0.5,MICROGRAM PER LITRE
https://environment.data.gov.uk/water-quality/sampling-point/TH-PWER0030/sample/1439873/observation/3328,TH-PWER0030,WEY ABOVE THAMES,-0.4571,51.3786,Thames,THAMES - WEST THAMES,Multiple Values,OPEN,FRESHWATER - RIVERS,2025-06-09T14:38:00,2025,ENVIRONMENTAL MONITORING STATUTORY (EU DIRECTIVES),RIVER / RUNNING SURFACE WATER,3328,Tetrachloroethylene :- {Perchloroethylene},<0.1,MICROGRAM PER LITRE
https://environment.data.gov.uk/water-quality/sampling-point/TH-PWER0030/sample/1439873/observation/3334,TH-PWER0030,WEY ABOVE THAMES,-0.4571,51.3786,Thames,THAMES - WEST THAMES,Multiple Values,OPEN,FRESHWATER - RIVERS,2025-06-09T14:38:00,2025,ENVIRONMENTAL MONITORING STATUTORY (EU DIRECTIVES),RIVER / RUNNING SURFACE WATER,3334,Trichloroethylene :- {Trichloroethene},<0.1,MICROGRAM PER LITRE
https://environment.data.gov.uk/water-quality/sampling-point/TH-PWER0030/sample/1439873/observation/3341,TH-PWER0030,WEY ABOVE THAMES,-0.4571,51.3786,Thames,THAMES - WEST THAMES,Multiple Values,OPEN,FRESHWATER - RIVERS,2025-06-09T14:38:00,2025,ENVIRONMENTAL MONITORING STATUTORY (EU DIRECTIVES),RIVER / RUNNING SURFACE WATER,3341,4-Chloro-2-methylphenol :- {p-Chloro-o-cresol},<0.02,MICROGRAM PER LITRE
https://environment.data.gov.uk/water-quality/sampling-point/TH-PWER0030/sample/1439873/observation/3342,TH-PWER0030,WEY ABOVE THAMES,-0.4571,51.3786,Thames,THAMES - WEST THAMES,Multiple Values,OPEN,FRESHWATER - RIVERS,2025-06-09T14:38:00,2025,ENVIRONMENTAL MONITORING STATUTORY (EU DIRECTIVES),RIVER / RUNNING SURFACE WATER,3342,4-Chloro-3-methylphenol :- {p-Chloro-m-cresol},<0.02,MICROGRAM PER LITRE
https://environment.data.gov.uk/water-quality/sampling-point/TH-PWER0030/sample/1439873/observation/3343,TH-PWER0030,WEY ABOVE THAMES,-0.4571,51.3786,Thames,THAMES - WEST THAMES,Multiple Values,OPEN,FRESHWATER - RIVERS,2025-06-09T14:38:00,2025,ENVIRONMENTAL MONITORING STATUTORY (EU DIRECTIVES),RIVER / RUNNING SURFACE WATER,3343,"2,4-Dimethylphenol :- {2,4-Xylenol}",<0.02,MICROGRAM PER LITRE
https://environment.data.gov.uk/water-quality/sampling-point/TH-PWER0030/sample/1439873/observation/3373,TH-PWER0030,WEY ABOVE THAMES,-0.4571,51.3786,Thames,THAMES - WEST THAMES,Multiple Values,OPEN,FRESHWATER - RIVERS,2025-06-09T14:38:00,2025,ENVIRONMENTAL MONITORING STATUTORY (EU DIRECTIVES),RIVER / RUNNING SURFACE WATER,3373,Chloroform :- {Trichloromethane},<0.1,MICROGRAM PER LITRE
https://environment.data.gov.uk/water-quality/sampling-point/TH-PWER0030/sample/1439873/observation/3408,TH-PWER0030,WEY ABOVE THAMES,-0.4571,51.3786,Thames,THAMES - WEST THAMES,Multiple Values,OPEN,FRESHWATER - RIVERS,2025-06-09T14:38:00,2025,ENVIRONMENTAL MONITORING STATUTORY (EU DIRECTIVES),RIVER / RUNNING SURFACE WATER,3408,"Zinc, Dissolved",4.2,MICROGRAM PER LITRE
https://environment.data.gov.uk/water-quality/sampling-point/TH-PWER0030/sample/1439873/observation/3409,TH-PWER0030,WEY ABOVE THAMES,-0.4571,51.3786,Thames,THAMES - WEST THAMES,Multiple Values,OPEN,FRESHWATER - RIVERS,2025-06-09T14:38:00,2025,ENVIRONMENTAL MONITORING STATUTORY (EU DIRECTIVES),RIVER / RUNNING SURFACE WATER,3409,"Chromium, Dissolved",<0.5,MICROGRAM PER LITRE
https://environment.data.gov.uk/water-quality/sampling-point/TH-PWER0030/sample/1439873/observation/3410,TH-PWER0030,WEY ABOVE THAMES,-0.4571,51.3786,Thames,THAMES - WEST THAMES,Multiple Values,OPEN,FRESHWATER - RIVERS,2025-06-09T14:38:00,2025,ENVIRONMENTAL MONITORING STATUTORY (EU DIRECTIVES),RIVER / RUNNING SURFACE WATER,3410,"Nickel, Dissolved",2.6,MICROGRAM PER LITRE
https://environment.data.gov.uk/water-quality/sampling-point/TH-PWER0030/sample/1439873/observation/3781,TH-PWER0030,WEY ABOVE THAMES,-0.4571,51.3786,Thames,THAMES - WEST THAMES,Multiple Values,OPEN,FRESHWATER - RIVERS,2025-06-09T14:38:00,2025,ENVIRONMENTAL MONITORING STATUTORY (EU DIRECTIVES),RIVER / RUNNING SURFACE WATER,3781,Benzene,<0.1,MICROGRAM PER LITRE
https://environment.data.gov.uk/water-quality/sampling-point/TH-PWER0030/sample/1439873/observation/3783,TH-PWER0030,WEY ABOVE THAMES,-0.4571,51.3786,Thames,THAMES - WEST THAMES,Multiple Values,OPEN,FRESHWATER - RIVERS,2025-06-09T14:38:00,2025,ENVIRONMENTAL MONITORING STATUTORY (EU DIRECTIVES),RIVER / RUNNING SURFACE WATER,3783,Dibromomethane,<0.1,MICROGRAM PER LITRE
https://environment.data.gov.uk/water-quality/sampling-point/TH-PWER0030/sample/1439873/observation/3784,TH-PWER0030,WEY ABOVE THAMES,-0.4571,51.3786,Thames,THAMES - WEST THAMES,Multiple Values,OPEN,FRESHWATER - RIVERS,2025-06-09T14:38:00,2025,ENVIRONMENTAL MONITORING STATUTORY (EU DIRECTIVES),RIVER / RUNNING SURFACE WATER,3784,Toluene :- {Methylbenzene},<0.1,MICROGRAM PER LITRE
https://environment.data.gov.uk/water-quality/sampling-point/TH-PWER0030/sample/1439873/observation/4049,TH-PWER0030,WEY ABOVE THAMES,-0.4571,51.3786,Thames,THAMES - WEST THAMES,Multiple Values,OPEN,FRESHWATER - RIVERS,2025-06-09T14:38:00,2025,ENVIRONMENTAL MONITORING STATUTORY (EU DIRECTIVES),RIVER / RUNNING SURFACE WATER,4049,"1,4-Dichlorobenzene",<0.1,MICROGRAM PER LITRE
https://environment.data.gov.uk/water-quality/sampling-point/TH-PWER0030/sample/1439873/observation/4117,TH-PWER0030,WEY ABOVE THAMES,-0.4571,51.3786,Thames,THAMES - WEST THAMES,Multiple Values,OPEN,FRESHWATER - RIVERS,2025-06-09T14:38:00,2025,ENVIRONMENTAL MONITORING STATUTORY (EU DIRECTIVES),RIVER / RUNNING SURFACE WATER,4117,Ethylbenzene,<0.1,MICROGRAM PER LITRE
https://environment.data.gov.uk/water-quality/sampling-point/TH-PWER0030/sample/1439873/observation/4201,TH-PWER0030,WEY ABOVE THAMES,-0.4571,51.3786,Thames,THAMES - WEST THAMES,Multiple Values,OPEN,FRESHWATER - RIVERS,2025-06-09T14:38:00,2025,ENVIRONMENTAL MONITORING STATUTORY (EU DIRECTIVES),RIVER / RUNNING SURFACE WATER,4201,"Lithium, Dissolved",<100,MICROGRAM PER LITRE
https://environment.data.gov.uk/water-quality/sampling-point/TH-PWER0030/sample/1439873/observation/4621,TH-PWER0030,WEY ABOVE THAMES,-0.4571,51.3786,Thames,THAMES - WEST THAMES,Multiple Values,OPEN,FRESHWATER - RIVERS,2025-06-09T14:38:00,2025,ENVIRONMENTAL MONITORING STATUTORY (EU DIRECTIVES),RIVER / RUNNING SURFACE WATER,4621,"2,4,4-TriBromoDiphenylEther",<0.00006,MICROGRAM PER LITRE
https://environment.data.gov.uk/water-quality/sampling-point/TH-PWER0030/sample/1439873/observation/5234,TH-PWER0030,WEY ABOVE THAMES,-0.4571,51.3786,Thames,THAMES - WEST THAMES,Multiple Values,OPEN,FRESHWATER - RIVERS,2025-06-09T14:38:00,2025,ENVIRONMENTAL MONITORING STATUTORY (EU DIRECTIVES),RIVER / RUNNING SURFACE WATER,5234,Hexachloroethane,<0.1,MICROGRAM PER LITRE
https://environment.data.gov.uk/water-quality/sampling-point/TH-PWER0030/sample/1439873/observation/5558,TH-PWER0030,WEY ABOVE THAMES,-0.4571,51.3786,Thames,THAMES - WEST THAMES,Multiple Values,OPEN,FRESHWATER - RIVERS,2025-06-09T14:38:00,2025,ENVIRONMENTAL MONITORING STATUTORY (EU DIRECTIVES),RIVER / RUNNING SURFACE WATER,5558,"3,5-Dimethylphenol :- {3,5-Xylenol}",<0.02,MICROGRAM PER LITRE
https://environment.data.gov.uk/water-quality/sampling-point/TH-PWER0030/sample/1439873/observation/5560,TH-PWER0030,WEY ABOVE THAMES,-0.4571,51.3786,Thames,THAMES - WEST THAMES,Multiple Values,OPEN,FRESHWATER - RIVERS,2025-06-09T14:38:00,2025,ENVIRONMENTAL MONITORING STATUTORY (EU DIRECTIVES),RIVER / RUNNING SURFACE WATER,5560,4-Methylphenol :- {p-Cresol},<0.02,MICROGRAM PER LITRE
https://environment.data.gov.uk/water-quality/sampling-point/TH-PWER0030/sample/1439873/observation/5561,TH-PWER0030,WEY ABOVE THAMES,-0.4571,51.3786,Thames,THAMES - WEST THAMES,Multiple Values,OPEN,FRESHWATER - RIVERS,2025-06-09T14:38:00,2025,ENVIRONMENTAL MONITORING STATUTORY (EU DIRECTIVES),RIVER / RUNNING SURFACE WATER,5561,3-Methylphenol :- {m-Cresol},<0.02,MICROGRAM PER LITRE
https://environment.data.gov.uk/water-quality/sampling-point/TH-PWER0030/sample/1439873/observation/5562,TH-PWER0030,WEY ABOVE THAMES,-0.4571,51.3786,Thames,THAMES - WEST THAMES,Multiple Values,OPEN,FRESHWATER - RIVERS,2025-06-09T14:38:00,2025,ENVIRONMENTAL MONITORING STATUTORY (EU DIRECTIVES),RIVER / RUNNING SURFACE WATER,5562,2-Methylphenol :- {o-Cresol},0.021,MICROGRAM PER LITRE
https://environment.data.gov.uk/water-quality/sampling-point/TH-PWER0030/sample/1439873/observation/5568,TH-PWER0030,WEY ABOVE THAMES,-0.4571,51.3786,Thames,THAMES - WEST THAMES,Multiple Values,OPEN,FRESHWATER - RIVERS,2025-06-09T14:38:00,2025,ENVIRONMENTAL MONITORING STATUTORY (EU DIRECTIVES),RIVER / RUNNING SURFACE WATER,5568,3-Chlorotoluene :- {3-Chloromethylbenzene},<0.1,MICROGRAM PER LITRE
https://environment.data.gov.uk/water-quality/sampling-point/TH-PWER0030/sample/1439873/observation/5732,TH-PWER0030,WEY ABOVE THAMES,-0.4571,51.3786,Thames,THAMES - WEST THAMES,Multiple Values,OPEN,FRESHWATER - RIVERS,2025-06-09T14:38:00,2025,ENVIRONMENTAL MONITORING STATUTORY (EU DIRECTIVES),RIVER / RUNNING SURFACE WATER,5732,Triphenyl Tin as Cation,<0.00002,MICROGRAM PER LITRE
https://environment.data.gov.uk/water-quality/sampling-point/TH-PWER0030/sample/1439873/observation/5889,TH-PWER0030,WEY ABOVE THAMES,-0.4571,51.3786,Thames,THAMES - WEST THAMES,Multiple Values,OPEN,FRESHWATER - RIVERS,2025-06-09T14:38:00,2025,ENVIRONMENTAL MONITORING STATUTORY (EU DIRECTIVES),RIVER / RUNNING SURFACE WATER,5889,Triclosan,<0.01,MICROGRAM PER LITRE
https://environment.data.gov.uk/water-quality/sampling-point/TH-PWER0030/sample/1439873/observation/6037,TH-PWER0030,WEY ABOVE THAMES,-0.4571,51.3786,Thames,THAMES - WEST THAMES,Multiple Values,OPEN,FRESHWATER - RIVERS,2025-06-09T14:38:00,2025,ENVIRONMENTAL MONITORING STATUTORY (EU DIRECTIVES),RIVER / RUNNING SURFACE WATER,6037,"Aluminium, Dissolved",<20,MICROGRAM PER LITRE
https://environment.data.gov.uk/water-quality/sampling-point/TH-PWER0030/sample/1439873/observation/6045,TH-PWER0030,WEY ABOVE THAMES,-0.4571,51.3786,Thames,THAMES - WEST THAMES,Multiple Values,OPEN,FRESHWATER - RIVERS,2025-06-09T14:38:00,2025,ENVIRONMENTAL MONITORING STATUTORY (EU DIRECTIVES),RIVER / RUNNING SURFACE WATER,6045,"Arsenic, Dissolved",1,MICROGRAM PER LITRE
https://environment.data.gov.uk/water-quality/sampling-point/TH-PWER0030/sample/1439873/observation/6376,TH-PWER0030,WEY ABOVE THAMES,-0.4571,51.3786,Thames,THAMES - WEST THAMES,Multiple Values,OPEN,FRESHWATER - RIVERS,2025-06-09T14:38:00,2025,ENVIRONMENTAL MONITORING STATUTORY (EU DIRECTIVES),RIVER / RUNNING SURFACE WATER,6376,Chloromethane :- {Methyl Chloride},<0.5,MICROGRAM PER LITRE
https://environment.data.gov.uk/water-quality/sampling-point/TH-PWER0030/sample/1439873/observation/6450,TH-PWER0030,WEY ABOVE THAMES,-0.4571,51.3786,Thames,THAMES - WEST THAMES,Multiple Values,OPEN,FRESHWATER - RIVERS,2025-06-09T14:38:00,2025,ENVIRONMENTAL MONITORING STATUTORY (EU DIRECTIVES),RIVER / RUNNING SURFACE WATER,6450,"Copper, Dissolved",2.3,MICROGRAM PER LITRE
https://environment.data.gov.uk/water-quality/sampling-point/TH-PWER0030/sample/1439873/observation/6458,TH-PWER0030,WEY ABOVE THAMES,-0.4571,51.3786,Thames,THAMES - WEST THAMES,Multiple Values,OPEN,FRESHWATER - RIVERS,2025-06-09T14:38:00,2025,ENVIRONMENTAL MONITORING STATUTORY (EU DIRECTIVES),RIVER / RUNNING SURFACE WATER,6458,"Manganese, Dissolved",22,MICROGRAM PER LITRE
https://environment.data.gov.uk/water-quality/sampling-point/TH-PWER0030/sample/1439873/observation/6460,TH-PWER0030,WEY ABOVE THAMES,-0.4571,51.3786,Thames,THAMES - WEST THAMES,Multiple Values,OPEN,FRESHWATER - RIVERS,2025-06-09T14:38:00,2025,ENVIRONMENTAL MONITORING STATUTORY (EU DIRECTIVES),RIVER / RUNNING SURFACE WATER,6460,"Iron, Dissolved",130,MICROGRAM PER LITRE
https://environment.data.gov.uk/water-quality/sampling-point/TH-PWER0030/sample/1439873/observation/6534,TH-PWER0030,WEY ABOVE THAMES,-0.4571,51.3786,Thames,THAMES - WEST THAMES,Multiple Values,OPEN,FRESHWATER - RIVERS,2025-06-09T14:38:00,2025,ENVIRONMENTAL MONITORING STATUTORY (EU DIRECTIVES),RIVER / RUNNING SURFACE WATER,6534,"1,1,1,2-Tetrachloroethane",<0.1,MICROGRAM PER LITRE
https://environment.data.gov.uk/water-quality/sampling-point/TH-PWER0030/sample/1439873/observation/6537,TH-PWER0030,WEY ABOVE THAMES,-0.4571,51.3786,Thames,THAMES - WEST THAMES,Multiple Values,OPEN,FRESHWATER - RIVERS,2025-06-09T14:38:00,2025,ENVIRONMENTAL MONITORING STATUTORY (EU DIRECTIVES),RIVER / RUNNING SURFACE WATER,6537,"1,2-Dibromo-3-chloropropane",<0.1,MICROGRAM PER LITRE
https://environment.data.gov.uk/water-quality/sampling-point/TH-PWER0030/sample/1439873/observation/6538,TH-PWER0030,WEY ABOVE THAMES,-0.4571,51.3786,Thames,THAMES - WEST THAMES,Multiple Values,OPEN,FRESHWATER - RIVERS,2025-06-09T14:38:00,2025,ENVIRONMENTAL MONITORING STATUTORY (EU DIRECTIVES),RIVER / RUNNING SURFACE WATER,6538,"cis-1,2-Dichloroethylene :- {cis-1,2-Dichloroethene}",0.31,MICROGRAM PER LITRE
https://environment.data.gov.uk/water-quality/sampling-point/TH-PWER0030/sample/1439873/observation/6539,TH-PWER0030,WEY ABOVE THAMES,-0.4571,51.3786,Thames,THAMES - WEST THAMES,Multiple Values,OPEN,FRESHWATER - RIVERS,2025-06-09T14:38:00,2025,ENVIRONMENTAL MONITORING STATUTORY (EU DIRECTIVES),RIVER / RUNNING SURFACE WATER,6539,"trans-1,2-Dichloroethylene :- {trans-1,2-Dichloroethene}",<0.1,MICROGRAM PER LITRE
https://environment.data.gov.uk/water-quality/sampling-point/TH-PWER0030/sample/1439873/observation/6540,TH-PWER0030,WEY ABOVE THAMES,-0.4571,51.3786,Thames,THAMES - WEST THAMES,Multiple Values,OPEN,FRESHWATER - RIVERS,2025-06-09T14:38:00,2025,ENVIRONMENTAL MONITORING STATUTORY (EU DIRECTIVES),RIVER / RUNNING SURFACE WATER,6540,"1,2-Dichloropropane",<0.1,MICROGRAM PER LITRE
https://environment.data.gov.uk/water-quality/sampling-point/TH-PWER0030/sample/1439873/observation/6541,TH-PWER0030,WEY ABOVE THAMES,-0.4571,51.3786,Thames,THAMES - WEST THAMES,Multiple Values,OPEN,FRESHWATER - RIVERS,2025-06-09T14:38:00,2025,ENVIRONMENTAL MONITORING STATUTORY (EU DIRECTIVES),RIVER / RUNNING SURFACE WATER,6541,"1,2,3-Trichloropropane",<0.5,MICROGRAM PER LITRE
https://environment.data.gov.uk/water-quality/sampling-point/TH-PWER0030/sample/1439873/observation/6542,TH-PWER0030,WEY ABOVE THAMES,-0.4571,51.3786,Thames,THAMES - WEST THAMES,Multiple Values,OPEN,FRESHWATER - RIVERS,2025-06-09T14:38:00,2025,ENVIRONMENTAL MONITORING STATUTORY (EU DIRECTIVES),RIVER / RUNNING SURFACE WATER,6542,"1,3-Dichloropropane",<0.1,MICROGRAM PER LITRE
https://environment.data.gov.uk/water-quality/sampling-point/TH-PWER0030/sample/1439873/observation/6543,TH-PWER0030,WEY ABOVE THAMES,-0.4571,51.3786,Thames,THAMES - WEST THAMES,Multiple Values,OPEN,FRESHWATER - RIVERS,2025-06-09T14:38:00,2025,ENVIRONMENTAL MONITORING STATUTORY (EU DIRECTIVES),RIVER / RUNNING SURFACE WATER,6543,"cis-1,3-Dichloropropylene :- {cis-1,3-Dichloropropene}",<0.1,MICROGRAM PER LITRE
https://environment.data.gov.uk/water-quality/sampling-point/TH-PWER0030/sample/1439873/observation/6544,TH-PWER0030,WEY ABOVE THAMES,-0.4571,51.3786,Thames,THAMES - WEST THAMES,Multiple Values,OPEN,FRESHWATER - RIVERS,2025-06-09T14:38:00,2025,ENVIRONMENTAL MONITORING STATUTORY (EU DIRECTIVES),RIVER / RUNNING SURFACE WATER,6544,"trans-1,3-Dichloropropylene :- {trans-1,3-Dichloropropene}",<0.5,MICROGRAM PER LITRE
https://environment.data.gov.uk/water-quality/sampling-point/TH-PWER0030/sample/1439873/observation/6547,TH-PWER0030,WEY ABOVE THAMES,-0.4571,51.3786,Thames,THAMES - WEST THAMES,Multiple Values,OPEN,FRESHWATER - RIVERS,2025-06-09T14:38:00,2025,ENVIRONMENTAL MONITORING STATUTORY (EU DIRECTIVES),RIVER / RUNNING SURFACE WATER,6547,2-Chlorotoluene :- {1-Chloro-2-methylbenzene},<0.1,MICROGRAM PER LITRE
https://environment.data.gov.uk/water-quality/sampling-point/TH-PWER0030/sample/1439873/observation/6569,TH-PWER0030,WEY ABOVE THAMES,-0.4571,51.3786,Thames,THAMES - WEST THAMES,Multiple Values,OPEN,FRESHWATER - RIVERS,2025-06-09T14:38:00,2025,ENVIRONMENTAL MONITORING STATUTORY (EU DIRECTIVES),RIVER / RUNNING SURFACE WATER,6569,"2,6-Dimethylphenol :- {2,6-Xylenol}",<0.02,MICROGRAM PER LITRE
https://environment.data.gov.uk/water-quality/sampling-point/TH-PWER0030/sample/1439873/observation/6577,TH-PWER0030,WEY ABOVE THAMES,-0.4571,51.3786,Thames,THAMES - WEST THAMES,Multiple Values,OPEN,FRESHWATER - RIVERS,2025-06-09T14:38:00,2025,ENVIRONMENTAL MONITORING STATUTORY (EU DIRECTIVES),RIVER / RUNNING SURFACE WATER,6577,"3,4-Dimethylphenol :- {3,4-Xylenol}",<0.02,MICROGRAM PER LITRE
https://environment.data.gov.uk/water-quality/sampling-point/TH-PWER0030/sample/1439873/observation/6578,TH-PWER0030,WEY ABOVE THAMES,-0.4571,51.3786,Thames,THAMES - WEST THAMES,Multiple Values,OPEN,FRESHWATER - RIVERS,2025-06-09T14:38:00,2025,ENVIRONMENTAL MONITORING STATUTORY (EU DIRECTIVES),RIVER / RUNNING SURFACE WATER,6578,4-Chlorotoluene :- {1-Chloro-4-methylbenzene},<0.1,MICROGRAM PER LITRE
https://environment.data.gov.uk/water-quality/sampling-point/TH-PWER0030/sample/1439873/observation/6579,TH-PWER0030,WEY ABOVE THAMES,-0.4571,51.3786,Thames,THAMES - WEST THAMES,Multiple Values,OPEN,FRESHWATER - RIVERS,2025-06-09T14:38:00,2025,ENVIRONMENTAL MONITORING STATUTORY (EU DIRECTIVES),RIVER / RUNNING SURFACE WATER,6579,4-Isopropyltoluene :- {4-methyl-Isopropylbenzene},<0.1,MICROGRAM PER LITRE
https://environment.data.gov.uk/water-quality/sampling-point/TH-PWER0030/sample/1439873/observation/6584,TH-PWER0030,WEY ABOVE THAMES,-0.4571,51.3786,Thames,THAMES - WEST THAMES,Multiple Values,OPEN,FRESHWATER - RIVERS,2025-06-09T14:38:00,2025,ENVIRONMENTAL MONITORING STATUTORY (EU DIRECTIVES),RIVER / RUNNING SURFACE WATER,6584,"4-Chloro-3,5-dimethylphenol :- {PCMX}",0.039,MICROGRAM PER LITRE
https://environment.data.gov.uk/water-quality/sampling-point/TH-PWER0030/sample/1439873/observation/6604,TH-PWER0030,WEY ABOVE THAMES,-0.4571,51.3786,Thames,THAMES - WEST THAMES,Multiple Values,OPEN,FRESHWATER - RIVERS,2025-06-09T14:38:00,2025,ENVIRONMENTAL MONITORING STATUTORY (EU DIRECTIVES),RIVER / RUNNING SURFACE WATER,6604,Bromobenzene,<0.1,MICROGRAM PER LITRE
https://environment.data.gov.uk/water-quality/sampling-point/TH-PWER0030/sample/1439873/observation/6605,TH-PWER0030,WEY ABOVE THAMES,-0.4571,51.3786,Thames,THAMES - WEST THAMES,Multiple Values,OPEN,FRESHWATER - RIVERS,2025-06-09T14:38:00,2025,ENVIRONMENTAL MONITORING STATUTORY (EU DIRECTIVES),RIVER / RUNNING SURFACE WATER,6605,Bromochloromethane,<0.1,MICROGRAM PER LITRE
https://environment.data.gov.uk/water-quality/sampling-point/TH-PWER0030/sample/1439873/observation/6656,TH-PWER0030,WEY ABOVE THAMES,-0.4571,51.3786,Thames,THAMES - WEST THAMES,Multiple Values,OPEN,FRESHWATER - RIVERS,2025-06-09T14:38:00,2025,ENVIRONMENTAL MONITORING STATUTORY (EU DIRECTIVES),RIVER / RUNNING SURFACE WATER,6656,MTBE :- {Methyl tert-butyl ether},<0.1,MICROGRAM PER LITRE
https://environment.data.gov.uk/water-quality/sampling-point/TH-PWER0030/sample/1439873/observation/6658,TH-PWER0030,WEY ABOVE THAMES,-0.4571,51.3786,Thames,THAMES - WEST THAMES,Multiple Values,OPEN,FRESHWATER - RIVERS,2025-06-09T14:38:00,2025,ENVIRONMENTAL MONITORING STATUTORY (EU DIRECTIVES),RIVER / RUNNING SURFACE WATER,6658,n-ButylBenzene :- {1-Phenylbutane},<0.1,MICROGRAM PER LITRE
https://environment.data.gov.uk/water-quality/sampling-point/TH-PWER0030/sample/1439873/observation/6659,TH-PWER0030,WEY ABOVE THAMES,-0.4571,51.3786,Thames,THAMES - WEST THAMES,Multiple Values,OPEN,FRESHWATER - RIVERS,2025-06-09T14:38:00,2025,ENVIRONMENTAL MONITORING STATUTORY (EU DIRECTIVES),RIVER / RUNNING SURFACE WATER,6659,n-Propylbenzene :- {1-Phenylpropane},<0.1,MICROGRAM PER LITRE
https://environment.data.gov.uk/water-quality/sampling-point/TH-PWER0030/sample/1439873/observation/6690,TH-PWER0030,WEY ABOVE THAMES,-0.4571,51.3786,Thames,THAMES - WEST THAMES,Multiple Values,OPEN,FRESHWATER - RIVERS,2025-06-09T14:38:00,2025,ENVIRONMENTAL MONITORING STATUTORY (EU DIRECTIVES),RIVER / RUNNING SURFACE WATER,6690,sec-Butylbenzene :- {1-Methylpropylbenzene},<0.1,MICROGRAM PER LITRE
https://environment.data.gov.uk/water-quality/sampling-point/TH-PWER0030/sample/1439873/observation/6693,TH-PWER0030,WEY ABOVE THAMES,-0.4571,51.3786,Thames,THAMES - WEST THAMES,Multiple Values,OPEN,FRESHWATER - RIVERS,2025-06-09T14:38:00,2025,ENVIRONMENTAL MONITORING STATUTORY (EU DIRECTIVES),RIVER / RUNNING SURFACE WATER,6693,"Strontium, Filtered",180,MICROGRAM PER LITRE
https://environment.data.gov.uk/water-quality/sampling-point/TH-PWER0030/sample/1439873/observation/6697,TH-PWER0030,WEY ABOVE THAMES,-0.4571,51.3786,Thames,THAMES - WEST THAMES,Multiple Values,OPEN,FRESHWATER - RIVERS,2025-06-09T14:38:00,2025,ENVIRONMENTAL MONITORING STATUTORY (EU DIRECTIVES),RIVER / RUNNING SURFACE WATER,6697,"tert-Butylbenzene :- {(1,1-Dimethylethyl)benzene}",<0.1,MICROGRAM PER LITRE
https://environment.data.gov.uk/water-quality/sampling-point/TH-PWER0030/sample/1439873/observation/6711,TH-PWER0030,WEY ABOVE THAMES,-0.4571,51.3786,Thames,THAMES - WEST THAMES,Multiple Values,OPEN,FRESHWATER - RIVERS,2025-06-09T14:38:00,2025,ENVIRONMENTAL MONITORING STATUTORY (EU DIRECTIVES),RIVER / RUNNING SURFACE WATER,6711,Trichlorofluoromethane,<0.1,MICROGRAM PER LITRE
https://environment.data.gov.uk/water-quality/sampling-point/TH-PWER0030/sample/1439873/observation/6715,TH-PWER0030,WEY ABOVE THAMES,-0.4571,51.3786,Thames,THAMES - WEST THAMES,Multiple Values,OPEN,FRESHWATER - RIVERS,2025-06-09T14:38:00,2025,ENVIRONMENTAL MONITORING STATUTORY (EU DIRECTIVES),RIVER / RUNNING SURFACE WATER,6715,Vinyl chloride :- {Chloroethylene},<0.1,MICROGRAM PER LITRE
https://environment.data.gov.uk/water-quality/sampling-point/TH-PWER0030/sample/1439873/observation/6716,TH-PWER0030,WEY ABOVE THAMES,-0.4571,51.3786,Thames,THAMES - WEST THAMES,Multiple Values,OPEN,FRESHWATER - RIVERS,2025-06-09T14:38:00,2025,ENVIRONMENTAL MONITORING STATUTORY (EU DIRECTIVES),RIVER / RUNNING SURFACE WATER,6716,"Dimethylbenzene : Sum of isomers (1,3- 1,4-)",<0.2,MICROGRAM PER LITRE
https://environment.data.gov.uk/water-quality/sampling-point/TH-PWER0030/sample/1439873/observation/6724,TH-PWER0030,WEY ABOVE THAMES,-0.4571,51.3786,Thames,THAMES - WEST THAMES,Multiple Values,OPEN,FRESHWATER - RIVERS,2025-06-09T14:38:00,2025,ENVIRONMENTAL MONITORING STATUTORY (EU DIRECTIVES),RIVER / RUNNING SURFACE WATER,6724,Di(2-ethylhexyl) phthalate :- {DEHP},<0.2,MICROGRAM PER LITRE
https://environment.data.gov.uk/water-quality/sampling-point/TH-PWER0030/sample/1439873/observation/6744,TH-PWER0030,WEY ABOVE THAMES,-0.4571,51.3786,Thames,THAMES - WEST THAMES,Multiple Values,OPEN,FRESHWATER - RIVERS,2025-06-09T14:38:00,2025,ENVIRONMENTAL MONITORING STATUTORY (EU DIRECTIVES),RIVER / RUNNING SURFACE WATER,6744,"2,2-Dichloropropane",<0.1,MICROGRAM PER LITRE
https://environment.data.gov.uk/water-quality/sampling-point/TH-PWER0030/sample/1439873/observation/7531,TH-PWER0030,WEY ABOVE THAMES,-0.4571,51.3786,Thames,THAMES - WEST THAMES,Multiple Values,OPEN,FRESHWATER - RIVERS,2025-06-09T14:38:00,2025,ENVIRONMENTAL MONITORING STATUTORY (EU DIRECTIVES),RIVER / RUNNING SURFACE WATER,7531,"1,1,2,2-Tetrachloroethane",<0.1,MICROGRAM PER LITRE
https://environment.data.gov.uk/water-quality/sampling-point/TH-PWER0030/sample/1439873/observation/7574,TH-PWER0030,WEY ABOVE THAMES,-0.4571,51.3786,Thames,THAMES - WEST THAMES,Multiple Values,OPEN,FRESHWATER - RIVERS,2025-06-09T14:38:00,2025,ENVIRONMENTAL MONITORING STATUTORY (EU DIRECTIVES),RIVER / RUNNING SURFACE WATER,7574,Isopropylbenzene :- {Methylethylbenzene},<0.1,MICROGRAM PER LITRE
https://environment.data.gov.uk/water-quality/sampling-point/TH-PWER0030/sample/1439873/observation/7859,TH-PWER0030,WEY ABOVE THAMES,-0.4571,51.3786,Thames,THAMES - WEST THAMES,Multiple Values,OPEN,FRESHWATER - RIVERS,2025-06-09T14:38:00,2025,ENVIRONMENTAL MONITORING STATUTORY (EU DIRECTIVES),RIVER / RUNNING SURFACE WATER,7859,"Sulphate, Dissolved as SO4",38,MILLIGRAM PER LITRE
https://environment.data.gov.uk/water-quality/sampling-point/TH-PWER0030/sample/1439873/observation/8847,TH-PWER0030,WEY ABOVE THAMES,-0.4571,51.3786,Thames,THAMES - WEST THAMES,Multiple Values,OPEN,FRESHWATER - RIVERS,2025-06-09T14:38:00,2025,ENVIRONMENTAL MONITORING STATUTORY (EU DIRECTIVES),RIVER / RUNNING SURFACE WATER,8847,Carbon Disulphide,<0.1,MICROGRAM PER LITRE
https://environment.data.gov.uk/water-quality/sampling-point/TH-PWER0030/sample/1439873/observation/8944,TH-PWER0030,WEY ABOVE THAMES,-0.4571,51.3786,Thames,THAMES - WEST THAMES,Multiple Values,OPEN,FRESHWATER - RIVERS,2025-06-09T14:38:00,2025,ENVIRONMENTAL MONITORING STATUTORY (EU DIRECTIVES),RIVER / RUNNING SURFACE WATER,8944,Tributyl Tin as Cation,0.00004,MICROGRAM PER LITRE
https://environment.data.gov.uk/water-quality/sampling-point/TH-PWER0030/sample/1439873/observation/9005,TH-PWER0030,WEY ABOVE THAMES,-0.4571,51.3786,Thames,THAMES - WEST THAMES,Multiple Values,OPEN,FRESHWATER - RIVERS,2025-06-09T14:38:00,2025,ENVIRONMENTAL MONITORING STATUTORY (EU DIRECTIVES),RIVER / RUNNING SURFACE WATER,9005,"2,2,3,4,4,5,6-Heptabromodiphenyl ether :- {PBDE 183}",<0.00006,MICROGRAM PER LITRE
https://environment.data.gov.uk/water-quality/sampling-point/TH-PWER0030/sample/1439873/observation/9007,TH-PWER0030,WEY ABOVE THAMES,-0.4571,51.3786,Thames,THAMES - WEST THAMES,Multiple Values,OPEN,FRESHWATER - RIVERS,2025-06-09T14:38:00,2025,ENVIRONMENTAL MONITORING STATUTORY (EU DIRECTIVES),RIVER / RUNNING SURFACE WATER,9007,"2,2,3,4,4,5-Hexabromodiphenyl ether :- {PBDE 138}",<0.00009,MICROGRAM PER LITRE
https://environment.data.gov.uk/water-quality/sampling-point/TH-PWER0030/sample/1439873/observation/9009,TH-PWER0030,WEY ABOVE THAMES,-0.4571,51.3786,Thames,THAMES - WEST THAMES,Multiple Values,OPEN,FRESHWATER - RIVERS,2025-06-09T14:38:00,2025,ENVIRONMENTAL MONITORING STATUTORY (EU DIRECTIVES),RIVER / RUNNING SURFACE WATER,9009,"2,2,3,4,4-Pentabromodiphenyl ether :- {PBDE 85}",<0.00006,MICROGRAM PER LITRE
https://environment.data.gov.uk/water-quality/sampling-point/TH-PWER0030/sample/1439873/observation/9011,TH-PWER0030,WEY ABOVE THAMES,-0.4571,51.3786,Thames,THAMES - WEST THAMES,Multiple Values,OPEN,FRESHWATER - RIVERS,2025-06-09T14:38:00,2025,ENVIRONMENTAL MONITORING STATUTORY (EU DIRECTIVES),RIVER / RUNNING SURFACE WATER,9011,"2,2,4,4,5,5-Hexabromodiphenyl ether :- {PBDE 153}",<0.00006,MICROGRAM PER LITRE
https://environment.data.gov.uk/water-quality/sampling-point/TH-PWER0030/sample/1439873/observation/9013,TH-PWER0030,WEY ABOVE THAMES,-0.4571,51.3786,Thames,THAMES - WEST THAMES,Multiple Values,OPEN,FRESHWATER - RIVERS,2025-06-09T14:38:00,2025,ENVIRONMENTAL MONITORING STATUTORY (EU DIRECTIVES),RIVER / RUNNING SURFACE WATER,9013,"2,2,4,4,5,6-Hexabromodiphenyl ether :- {PBDE 154}",<0.00006,MICROGRAM PER LITRE
https://environment.data.gov.uk/water-quality/sampling-point/TH-PWER0030/sample/1439873/observation/9015,TH-PWER0030,WEY ABOVE THAMES,-0.4571,51.3786,Thames,THAMES - WEST THAMES,Multiple Values,OPEN,FRESHWATER - RIVERS,2025-06-09T14:38:00,2025,ENVIRONMENTAL MONITORING STATUTORY (EU DIRECTIVES),RIVER / RUNNING SURFACE WATER,9015,"2,2,4,4,5-Pentabromodiphenyl ether :- {PBDE 99}",<0.00006,MICROGRAM PER LITRE
https://environment.data.gov.uk/water-quality/sampling-point/TH-PWER0030/sample/1439873/observation/9017,TH-PWER0030,WEY ABOVE THAMES,-0.4571,51.3786,Thames,THAMES - WEST THAMES,Multiple Values,OPEN,FRESHWATER - RIVERS,2025-06-09T14:38:00,2025,ENVIRONMENTAL MONITORING STATUTORY (EU DIRECTIVES),RIVER / RUNNING SURFACE WATER,9017,"2,2,4,4,6-Pentabromodiphenyl ether :- {PBDE 100}",<0.00006,MICROGRAM PER LITRE
https://environment.data.gov.uk/water-quality/sampling-point/TH-PWER0030/sample/1439873/observation/9019,TH-PWER0030,WEY ABOVE THAMES,-0.4571,51.3786,Thames,THAMES - WEST THAMES,Multiple Values,OPEN,FRESHWATER - RIVERS,2025-06-09T14:38:00,2025,ENVIRONMENTAL MONITORING STATUTORY (EU DIRECTIVES),RIVER / RUNNING SURFACE WATER,9019,"2,2,4,4-Tetrabromodiphenyl ether :- {PBDE 47}",<0.00006,MICROGRAM PER LITRE
https://environment.data.gov.uk/water-quality/sampling-point/TH-PWER0030/sample/1439873/observation/9021,TH-PWER0030,WEY ABOVE THAMES,-0.4571,51.3786,Thames,THAMES - WEST THAMES,Multiple Values,OPEN,FRESHWATER - RIVERS,2025-06-09T14:38:00,2025,ENVIRONMENTAL MONITORING STATUTORY (EU DIRECTIVES),RIVER / RUNNING SURFACE WATER,9021,"2,3,4,4-Tetrabromodiphenyl ether :- {PBDE 66}",<0.00007,MICROGRAM PER LITRE
https://environment.data.gov.uk/water-quality/sampling-point/TH-PWER0030/sample/1439873/observation/9051,TH-PWER0030,WEY ABOVE THAMES,-0.4571,51.3786,Thames,THAMES - WEST THAMES,Multiple Values,OPEN,FRESHWATER - RIVERS,2025-06-09T14:38:00,2025,ENVIRONMENTAL MONITORING STATUTORY (EU DIRECTIVES),RIVER / RUNNING SURFACE WATER,9051,"1,2,4-Trichlorobenzene",<0.1,MICROGRAM PER LITRE
https://environment.data.gov.uk/water-quality/sampling-point/TH-PWER0030/sample/1439873/observation/9091,TH-PWER0030,WEY ABOVE THAMES,-0.4571,51.3786,Thames,THAMES - WEST THAMES,Multiple Values,OPEN,FRESHWATER - RIVERS,2025-06-09T14:38:00,2025,ENVIRONMENTAL MONITORING STATUTORY (EU DIRECTIVES),RIVER / RUNNING SURFACE WATER,9091,"2,5-Dichlorophenol",<0.02,MICROGRAM PER LITRE
https://environment.data.gov.uk/water-quality/sampling-point/TH-PWER0030/sample/1439873/observation/9094,TH-PWER0030,WEY ABOVE THAMES,-0.4571,51.3786,Thames,THAMES - WEST THAMES,Multiple Values,OPEN,FRESHWATER - RIVERS,2025-06-09T14:38:00,2025,ENVIRONMENTAL MONITORING STATUTORY (EU DIRECTIVES),RIVER / RUNNING SURFACE WATER,9094,"2,5-Dimethylphenol :- {2,5-Xylenol}",<0.02,MICROGRAM PER LITRE
https://environment.data.gov.uk/water-quality/sampling-point/TH-PWER0030/sample/1439873/observation/9145,TH-PWER0030,WEY ABOVE THAMES,-0.4571,51.3786,Thames,THAMES - WEST THAMES,Multiple Values,OPEN,FRESHWATER - RIVERS,2025-06-09T14:38:00,2025,ENVIRONMENTAL MONITORING STATUTORY (EU DIRECTIVES),RIVER / RUNNING SURFACE WATER,9145,"1,2-Dibromoethane",<0.1,MICROGRAM PER LITRE
https://environment.data.gov.uk/water-quality/sampling-point/TH-PWER0030/sample/1439873/observation/9190,TH-PWER0030,WEY ABOVE THAMES,-0.4571,51.3786,Thames,THAMES - WEST THAMES,Multiple Values,OPEN,FRESHWATER - RIVERS,2025-06-09T14:38:00,2025,ENVIRONMENTAL MONITORING STATUTORY (EU DIRECTIVES),RIVER / RUNNING SURFACE WATER,9190,4-Nonylphenol Branched,<0.04,MICROGRAM PER LITRE
https://environment.data.gov.uk/water-quality/sampling-point/TH-PWER0030/sample/1439873/observation/9248,TH-PWER0030,WEY ABOVE THAMES,-0.4571,51.3786,Thames,THAMES - WEST THAMES,Multiple Values,OPEN,FRESHWATER - RIVERS,2025-06-09T14:38:00,2025,ENVIRONMENTAL MONITORING STATUTORY (EU DIRECTIVES),RIVER / RUNNING SURFACE WATER,9248,"Hexabromocyclododecane Total: (Sum of a, b, g)",<0.0002,MICROGRAM PER LITRE
https://environment.data.gov.uk/water-quality/sampling-point/TH-PWER0030/sample/1439873/observation/9267,TH-PWER0030,WEY ABOVE THAMES,-0.4571,51.3786,Thames,THAMES - WEST THAMES,Multiple Values,OPEN,FRESHWATER - RIVERS,2025-06-09T14:38:00,2025,ENVIRONMENTAL MONITORING STATUTORY (EU DIRECTIVES),RIVER / RUNNING SURFACE WATER,9267,4-tert-Octylphenol :- {p-tert-Octylphenol},<0.01,MICROGRAM PER LITRE
https://environment.data.gov.uk/water-quality/sampling-point/TH-PWER0030/sample/1439873/observation/9446,TH-PWER0030,WEY ABOVE THAMES,-0.4571,51.3786,Thames,THAMES - WEST THAMES,Multiple Values,OPEN,FRESHWATER - RIVERS,2025-06-09T14:38:00,2025,ENVIRONMENTAL MONITORING STATUTORY (EU DIRECTIVES),RIVER / RUNNING SURFACE WATER,9446,"Barium, Dissolved",30,MICROGRAM PER LITRE
https://environment.data.gov.uk/water-quality/sampling-point/TH-PWER0030/sample/1439873/observation/9447,TH-PWER0030,WEY ABOVE THAMES,-0.4571,51.3786,Thames,THAMES - WEST THAMES,Multiple Values,OPEN,FRESHWATER - RIVERS,2025-06-09T14:38:00,2025,ENVIRONMENTAL MONITORING STATUTORY (EU DIRECTIVES),RIVER / RUNNING SURFACE WATER,9447,"Boron, Dissolved",<100,MICROGRAM PER LITRE
https://environment.data.gov.uk/water-quality/sampling-point/TH-PWER0030/sample/1439873/observation/9451,TH-PWER0030,WEY ABOVE THAMES,-0.4571,51.3786,Thames,THAMES - WEST THAMES,Multiple Values,OPEN,FRESHWATER - RIVERS,2025-06-09T14:38:00,2025,ENVIRONMENTAL MONITORING STATUTORY (EU DIRECTIVES),RIVER / RUNNING SURFACE WATER,9451,"2,3-Dimethylphenol :- {2,3-Xylenol}",<0.02,MICROGRAM PER LITRE
https://environment.data.gov.uk/water-quality/sampling-point/TH-PWER0030/sample/1439873/observation/9453,TH-PWER0030,WEY ABOVE THAMES,-0.4571,51.3786,Thames,THAMES - WEST THAMES,Multiple Values,OPEN,FRESHWATER - RIVERS,2025-06-09T14:38:00,2025,ENVIRONMENTAL MONITORING STATUTORY (EU DIRECTIVES),RIVER / RUNNING SURFACE WATER,9453,"2,3-Dichlorophenol",<0.02,MICROGRAM PER LITRE
https://environment.data.gov.uk/water-quality/sampling-point/TH-PWER0030/sample/1439873/observation/9454,TH-PWER0030,WEY ABOVE THAMES,-0.4571,51.3786,Thames,THAMES - WEST THAMES,Multiple Values,OPEN,FRESHWATER - RIVERS,2025-06-09T14:38:00,2025,ENVIRONMENTAL MONITORING STATUTORY (EU DIRECTIVES),RIVER / RUNNING SURFACE WATER,9454,2-Ethyl phenol,<0.02,MICROGRAM PER LITRE
https://environment.data.gov.uk/water-quality/sampling-point/TH-PWER0030/sample/1439873/observation/9456,TH-PWER0030,WEY ABOVE THAMES,-0.4571,51.3786,Thames,THAMES - WEST THAMES,Multiple Values,OPEN,FRESHWATER - RIVERS,2025-06-09T14:38:00,2025,ENVIRONMENTAL MONITORING STATUTORY (EU DIRECTIVES),RIVER / RUNNING SURFACE WATER,9456,"1,2,4-Trimethylbenzene",<0.1,MICROGRAM PER LITRE
https://environment.data.gov.uk/water-quality/sampling-point/TH-PWER0030/sample/1439873/observation/9457,TH-PWER0030,WEY ABOVE THAMES,-0.4571,51.3786,Thames,THAMES - WEST THAMES,Multiple Values,OPEN,FRESHWATER - RIVERS,2025-06-09T14:38:00,2025,ENVIRONMENTAL MONITORING STATUTORY (EU DIRECTIVES),RIVER / RUNNING SURFACE WATER,9457,"1,2,3-Trimethylbenzene",<0.1,MICROGRAM PER LITRE
https://environment.data.gov.uk/water-quality/sampling-point/TH-PWER0030/sample/1439873/observation/9458,TH-PWER0030,WEY ABOVE THAMES,-0.4571,51.3786,Thames,THAMES - WEST THAMES,Multiple Values,OPEN,FRESHWATER - RIVERS,2025-06-09T14:38:00,2025,ENVIRONMENTAL MONITORING STATUTORY (EU DIRECTIVES),RIVER / RUNNING SURFACE WATER,9458,"1,3,5-Trimethylbenzene :- {Mesitylene}",<0.1,MICROGRAM PER LITRE
https://environment.data.gov.uk/water-quality/sampling-point/TH-PWER0030/sample/1439873/observation/9522,TH-PWER0030,WEY ABOVE THAMES,-0.4571,51.3786,Thames,THAMES - WEST THAMES,Multiple Values,OPEN,FRESHWATER - RIVERS,2025-06-09T14:38:00,2025,ENVIRONMENTAL MONITORING STATUTORY (EU DIRECTIVES),RIVER / RUNNING SURFACE WATER,9522,Phenol,0.24,MICROGRAM PER LITRE
https://environment.data.gov.uk/water-quality/sampling-point/TH-PWER0030/sample/1439873/observation/9618,TH-PWER0030,WEY ABOVE THAMES,-0.4571,51.3786,Thames,THAMES - WEST THAMES,Multiple Values,OPEN,FRESHWATER - RIVERS,2025-06-09T14:38:00,2025,ENVIRONMENTAL MONITORING STATUTORY (EU DIRECTIVES),RIVER / RUNNING SURFACE WATER,9618,"1,2-Dichlorobenzene",<0.1,MICROGRAM PER LITRE
https://environment.data.gov.uk/water-quality/sampling-point/TH-PWER0030/sample/1439873/observation/9619,TH-PWER0030,WEY ABOVE THAMES,-0.4571,51.3786,Thames,THAMES - WEST THAMES,Multiple Values,OPEN,FRESHWATER - RIVERS,2025-06-09T14:38:00,2025,ENVIRONMENTAL MONITORING STATUTORY (EU DIRECTIVES),RIVER / RUNNING SURFACE WATER,9619,"1,3-Dichlorobenzene",<0.1,MICROGRAM PER LITRE
https://environment.data.gov.uk/water-quality/sampling-point/TH-PWER0030/sample/1439873/observation/9684,TH-PWER0030,WEY ABOVE THAMES,-0.4571,51.3786,Thames,THAMES - WEST THAMES,Multiple Values,OPEN,FRESHWATER - RIVERS,2025-06-09T14:38:00,2025,ENVIRONMENTAL MONITORING STATUTORY (EU DIRECTIVES),RIVER / RUNNING SURFACE WATER,9684,"1,1-Dichloropropylene :- {1,1-Dichloropropene}",<0.1,MICROGRAM PER LITRE
https://environment.data.gov.uk/water-quality/sampling-point/TH-PWER0030/sample/1439873/observation/9703,TH-PWER0030,WEY ABOVE THAMES,-0.4571,51.3786,Thames,THAMES - WEST THAMES,Multiple Values,OPEN,FRESHWATER - RIVERS,2025-06-09T14:38:00,2025,ENVIRONMENTAL MONITORING STATUTORY (EU DIRECTIVES),RIVER / RUNNING SURFACE WATER,9703,3-Chlorophenol,<0.02,MICROGRAM PER LITRE
https://environment.data.gov.uk/water-quality/sampling-point/TH-PWER0030/sample/1439873/observation/9811,TH-PWER0030,WEY ABOVE THAMES,-0.4571,51.3786,Thames,THAMES - WEST THAMES,Multiple Values,OPEN,FRESHWATER - RIVERS,2025-06-09T14:38:00,2025,ENVIRONMENTAL MONITORING STATUTORY (EU DIRECTIVES),RIVER / RUNNING SURFACE WATER,9811,"1,1,2-Trichloroethane",<0.1,MICROGRAM PER LITRE
https://environment.data.gov.uk/water-quality/sampling-point/TH-PWER0030/sample/1439873/observation/9814,TH-PWER0030,WEY ABOVE THAMES,-0.4571,51.3786,Thames,THAMES - WEST THAMES,Multiple Values,OPEN,FRESHWATER - RIVERS,2025-06-09T14:38:00,2025,ENVIRONMENTAL MONITORING STATUTORY (EU DIRECTIVES),RIVER / RUNNING SURFACE WATER,9814,2-Chlorophenol,<0.02,MICROGRAM PER LITRE
https://environment.data.gov.uk/water-quality/sampling-point/TH-PWER0030/sample/1439873/observation/9815,TH-PWER0030,WEY ABOVE THAMES,-0.4571,51.3786,Thames,THAMES - WEST THAMES,Multiple Values,OPEN,FRESHWATER - RIVERS,2025-06-09T14:38:00,2025,ENVIRONMENTAL MONITORING STATUTORY (EU DIRECTIVES),RIVER / RUNNING SURFACE WATER,9815,4-Chlorophenol,<0.02,MICROGRAM PER LITRE
https://environment.data.gov.uk/water-quality/sampling-point/TH-PWER0030/sample/1439873/observation/9816,TH-PWER0030,WEY ABOVE THAMES,-0.4571,51.3786,Thames,THAMES - WEST THAMES,Multiple Values,OPEN,FRESHWATER - RIVERS,2025-06-09T14:38:00,2025,ENVIRONMENTAL MONITORING STATUTORY (EU DIRECTIVES),RIVER / RUNNING SURFACE WATER,9816,"2,4-Dichlorophenol",<0.02,MICROGRAM PER LITRE
https://environment.data.gov.uk/water-quality/sampling-point/TH-PWER0030/sample/1439873/observation/9817,TH-PWER0030,WEY ABOVE THAMES,-0.4571,51.3786,Thames,THAMES - WEST THAMES,Multiple Values,OPEN,FRESHWATER - RIVERS,2025-06-09T14:38:00,2025,ENVIRONMENTAL MONITORING STATUTORY (EU DIRECTIVES),RIVER / RUNNING SURFACE WATER,9817,"2,6-Dichlorophenol",<0.02,MICROGRAM PER LITRE
https://environment.data.gov.uk/water-quality/sampling-point/TH-PWER0030/sample/1439873/observation/9818,TH-PWER0030,WEY ABOVE THAMES,-0.4571,51.3786,Thames,THAMES - WEST THAMES,Multiple Values,OPEN,FRESHWATER - RIVERS,2025-06-09T14:38:00,2025,ENVIRONMENTAL MONITORING STATUTORY (EU DIRECTIVES),RIVER / RUNNING SURFACE WATER,9818,"2,4,5-Trichlorophenol",<0.02,MICROGRAM PER LITRE
https://environment.data.gov.uk/water-quality/sampling-point/TH-PWER0030/sample/1439873/observation/9819,TH-PWER0030,WEY ABOVE THAMES,-0.4571,51.3786,Thames,THAMES - WEST THAMES,Multiple Values,OPEN,FRESHWATER - RIVERS,2025-06-09T14:38:00,2025,ENVIRONMENTAL MONITORING STATUTORY (EU DIRECTIVES),RIVER / RUNNING SURFACE WATER,9819,"2,4,6-Trichlorophenol",<0.02,MICROGRAM PER LITRE
https://environment.data.gov.uk/water-quality/sampling-point/TH-PWER0030/sample/1439873/observation/9836,TH-PWER0030,WEY ABOVE THAMES,-0.4571,51.3786,Thames,THAMES - WEST THAMES,Multiple Values,OPEN,FRESHWATER - RIVERS,2025-06-09T14:38:00,2025,ENVIRONMENTAL MONITORING STATUTORY (EU DIRECTIVES),RIVER / RUNNING SURFACE WATER,9836,"1,1-Dichloroethylene :- {1,1-Dichloroethene}",<0.1,MICROGRAM PER LITRE
https://environment.data.gov.uk/water-quality/sampling-point/TH-PWER0030/sample/1439873/observation/9839,TH-PWER0030,WEY ABOVE THAMES,-0.4571,51.3786,Thames,THAMES - WEST THAMES,Multiple Values,OPEN,FRESHWATER - RIVERS,2025-06-09T14:38:00,2025,ENVIRONMENTAL MONITORING STATUTORY (EU DIRECTIVES),RIVER / RUNNING SURFACE WATER,9839,tert-Amyl methyl ether :- {TAME},<0.1,MICROGRAM PER LITRE
https://environment.data.gov.uk/water-quality/sampling-point/TH-PWER0030/sample/1439873/observation/9844,TH-PWER0030,WEY ABOVE THAMES,-0.4571,51.3786,Thames,THAMES - WEST THAMES,Multiple Values,OPEN,FRESHWATER - RIVERS,2025-06-09T14:38:00,2025,ENVIRONMENTAL MONITORING STATUTORY (EU DIRECTIVES),RIVER / RUNNING SURFACE WATER,9844,Ethyl tert-butyl ether :- {ETBE},<0.1,MICROGRAM PER LITRE
https://environment.data.gov.uk/water-quality/sampling-point/TH-PWER0030/sample/1439873/observation/9845,TH-PWER0030,WEY ABOVE THAMES,-0.4571,51.3786,Thames,THAMES - WEST THAMES,Multiple Values,OPEN,FRESHWATER - RIVERS,2025-06-09T14:38:00,2025,ENVIRONMENTAL MONITORING STATUTORY (EU DIRECTIVES),RIVER / RUNNING SURFACE WATER,9845,"1,2-Dimethylbenzene :- {o-Xylene}",<0.1,MICROGRAM PER LITRE
https://environment.data.gov.uk/water-quality/sampling-point/TH-PWER0030/sample/1439873/observation/9888,TH-PWER0030,WEY ABOVE THAMES,-0.4571,51.3786,Thames,THAMES - WEST THAMES,Multiple Values,OPEN,FRESHWATER - RIVERS,2025-06-09T14:38:00,2025,ENVIRONMENTAL MONITORING STATUTORY (EU DIRECTIVES),RIVER / RUNNING SURFACE WATER,9888,Styrene :- {Vinylbenzene},<0.1,MICROGRAM PER LITRE
https://environment.data.gov.uk/water-quality/sampling-point/TH-PWER0030/sample/1439873/observation/9901,TH-PWER0030,WEY ABOVE THAMES,-0.4571,51.3786,Thames,THAMES - WEST THAMES,Multiple Values,OPEN,FRESHWATER - RIVERS,2025-06-09T14:38:00,2025,ENVIRONMENTAL MONITORING STATUTORY (EU DIRECTIVES),RIVER / RUNNING SURFACE WATER,9901,"Oxygen, Dissolved, % Saturation",93.8,PERCENTAGE
https://environment.data.gov.uk/water-quality/sampling-point/TH-PWER0030/sample/1439873/observation/9924,TH-PWER0030,WEY ABOVE THAMES,-0.4571,51.3786,Thames,THAMES - WEST THAMES,Multiple Values,OPEN,FRESHWATER - RIVERS,2025-06-09T14:38:00,2025,ENVIRONMENTAL MONITORING STATUTORY (EU DIRECTIVES),RIVER / RUNNING SURFACE WATER,9924,"Oxygen, Dissolved as O2",9.21,MILLIGRAM PER LITRE
https://environment.data.gov.uk/water-quality/sampling-point/TH-PWER0030/sample/1441890/observation/0052,TH-PWER0030,WEY ABOVE THAMES,-0.4571,51.3786,Thames,THAMES - WEST THAMES,Multiple Values,OPEN,FRESHWATER - RIVERS,2025-07-28T16:24:00,2025,ENVIRONMENTAL MONITORING STATUTORY (EU DIRECTIVES),RIVER / RUNNING SURFACE WATER,52,"Lead, Dissolved",<0.1,MICROGRAM PER LITRE
https://environment.data.gov.uk/water-quality/sampling-point/TH-PWER0030/sample/1441890/observation/0061,TH-PWER0030,WEY ABOVE THAMES,-0.4571,51.3786,Thames,THAMES - WEST THAMES,Multiple Values,OPEN,FRESHWATER - RIVERS,2025-07-28T16:24:00,2025,ENVIRONMENTAL MONITORING STATUTORY (EU DIRECTIVES),RIVER / RUNNING SURFACE WATER,61,pH,7.8,PH UNITS
https://environment.data.gov.uk/water-quality/sampling-point/TH-PWER0030/sample/1441890/observation/0073,TH-PWER0030,WEY ABOVE THAMES,-0.4571,51.3786,Thames,THAMES - WEST THAMES,Multiple Values,OPEN,FRESHWATER - RIVERS,2025-07-28T16:24:00,2025,ENVIRONMENTAL MONITORING STATUTORY (EU DIRECTIVES),RIVER / RUNNING SURFACE WATER,73,Cypermethrin,<0.00002,MICROGRAM PER LITRE
https://environment.data.gov.uk/water-quality/sampling-point/TH-PWER0030/sample/1441890/observation/0076,TH-PWER0030,WEY ABOVE THAMES,-0.4571,51.3786,Thames,THAMES - WEST THAMES,Multiple Values,OPEN,FRESHWATER - RIVERS,2025-07-28T16:24:00,2025,ENVIRONMENTAL MONITORING STATUTORY (EU DIRECTIVES),RIVER / RUNNING SURFACE WATER,76,Temperature of Water,19.5,CELSIUS
https://environment.data.gov.uk/water-quality/sampling-point/TH-PWER0030/sample/1441890/observation/0077,TH-PWER0030,WEY ABOVE THAMES,-0.4571,51.3786,Thames,THAMES - WEST THAMES,Multiple Values,OPEN,FRESHWATER - RIVERS,2025-07-28T16:24:00,2025,ENVIRONMENTAL MONITORING STATUTORY (EU DIRECTIVES),RIVER / RUNNING SURFACE WATER,77,Conductivity at 25 C,516,MICROSIEMENS PER CENTIMETRE
https://environment.data.gov.uk/water-quality/sampling-point/TH-PWER0030/sample/1441890/observation/0085,TH-PWER0030,WEY ABOVE THAMES,-0.4571,51.3786,Thames,THAMES - WEST THAMES,Multiple Values,OPEN,FRESHWATER - RIVERS,2025-07-28T16:24:00,2025,ENVIRONMENTAL MONITORING STATUTORY (EU DIRECTIVES),RIVER / RUNNING SURFACE WATER,85,BOD : 5 Day ATU,<1,MILLIGRAM PER LITRE
https://environment.data.gov.uk/water-quality/sampling-point/TH-PWER0030/sample/1441890/observation/0103,TH-PWER0030,WEY ABOVE THAMES,-0.4571,51.3786,Thames,THAMES - WEST THAMES,Multiple Values,OPEN,FRESHWATER - RIVERS,2025-07-28T16:24:00,2025,ENVIRONMENTAL MONITORING STATUTORY (EU DIRECTIVES),RIVER / RUNNING SURFACE WATER,103,"Mercury, Dissolved",<0.01,MICROGRAM PER LITRE
https://environment.data.gov.uk/water-quality/sampling-point/TH-PWER0030/sample/1441890/observation/0106,TH-PWER0030,WEY ABOVE THAMES,-0.4571,51.3786,Thames,THAMES - WEST THAMES,Multiple Values,OPEN,FRESHWATER - RIVERS,2025-07-28T16:24:00,2025,ENVIRONMENTAL MONITORING STATUTORY (EU DIRECTIVES),RIVER / RUNNING SURFACE WATER,106,"Cadmium, Dissolved",<0.01,MICROGRAM PER LITRE
https://environment.data.gov.uk/water-quality/sampling-point/TH-PWER0030/sample/1441890/observation/0111,TH-PWER0030,WEY ABOVE THAMES,-0.4571,51.3786,Thames,THAMES - WEST THAMES,Multiple Values,OPEN,FRESHWATER - RIVERS,2025-07-28T16:24:00,2025,ENVIRONMENTAL MONITORING STATUTORY (EU DIRECTIVES),RIVER / RUNNING SURFACE WATER,111,Ammoniacal Nitrogen as N,0.06,MILLIGRAM PER LITRE
https://environment.data.gov.uk/water-quality/sampling-point/TH-PWER0030/sample/1441890/observation/0116,TH-PWER0030,WEY ABOVE THAMES,-0.4571,51.3786,Thames,THAMES - WEST THAMES,Multiple Values,OPEN,FRESHWATER - RIVERS,2025-07-28T16:24:00,2025,ENVIRONMENTAL MONITORING STATUTORY (EU DIRECTIVES),RIVER / RUNNING SURFACE WATER,116,"Nitrogen, Total Oxidised as N",7.4,MILLIGRAM PER LITRE
https://environment.data.gov.uk/water-quality/sampling-point/TH-PWER0030/sample/1441890/observation/0117,TH-PWER0030,WEY ABOVE THAMES,-0.4571,51.3786,Thames,THAMES - WEST THAMES,Multiple Values,OPEN,FRESHWATER - RIVERS,2025-07-28T16:24:00,2025,ENVIRONMENTAL MONITORING STATUTORY (EU DIRECTIVES),RIVER / RUNNING SURFACE WATER,117,Nitrate as N,7.34,MILLIGRAM PER LITRE
https://environment.data.gov.uk/water-quality/sampling-point/TH-PWER0030/sample/1441890/observation/0118,TH-PWER0030,WEY ABOVE THAMES,-0.4571,51.3786,Thames,THAMES - WEST THAMES,Multiple Values,OPEN,FRESHWATER - RIVERS,2025-07-28T16:24:00,2025,ENVIRONMENTAL MONITORING STATUTORY (EU DIRECTIVES),RIVER / RUNNING SURFACE WATER,118,Nitrite as N,0.056,MILLIGRAM PER LITRE
https://environment.data.gov.uk/water-quality/sampling-point/TH-PWER0030/sample/1441890/observation/0119,TH-PWER0030,WEY ABOVE THAMES,-0.4571,51.3786,Thames,THAMES - WEST THAMES,Multiple Values,OPEN,FRESHWATER - RIVERS,2025-07-28T16:24:00,2025,ENVIRONMENTAL MONITORING STATUTORY (EU DIRECTIVES),RIVER / RUNNING SURFACE WATER,119,Ammonia un-ionised as N,0.0014,MILLIGRAM PER LITRE
https://environment.data.gov.uk/water-quality/sampling-point/TH-PWER0030/sample/1441890/observation/0162,TH-PWER0030,WEY ABOVE THAMES,-0.4571,51.3786,Thames,THAMES - WEST THAMES,Multiple Values,OPEN,FRESHWATER - RIVERS,2025-07-28T16:24:00,2025,ENVIRONMENTAL MONITORING STATUTORY (EU DIRECTIVES),RIVER / RUNNING SURFACE WATER,162,Alkalinity to pH 4.5 as CaCO3,120,MILLIGRAM PER LITRE
https://environment.data.gov.uk/water-quality/sampling-point/TH-PWER0030/sample/1441890/observation/0180,TH-PWER0030,WEY ABOVE THAMES,-0.4571,51.3786,Thames,THAMES - WEST THAMES,Multiple Values,OPEN,FRESHWATER - RIVERS,2025-07-28T16:24:00,2025,ENVIRONMENTAL MONITORING STATUTORY (EU DIRECTIVES),RIVER / RUNNING SURFACE WATER,180,"Orthophosphate, reactive as P",0.18,MILLIGRAM PER LITRE
https://environment.data.gov.uk/water-quality/sampling-point/TH-PWER0030/sample/1441890/observation/0205,TH-PWER0030,WEY ABOVE THAMES,-0.4571,51.3786,Thames,THAMES - WEST THAMES,Multiple Values,OPEN,FRESHWATER - RIVERS,2025-07-28T16:24:00,2025,ENVIRONMENTAL MONITORING STATUTORY (EU DIRECTIVES),RIVER / RUNNING SURFACE WATER,205,"Sodium, Dissolved",32,MILLIGRAM PER LITRE
https://environment.data.gov.uk/water-quality/sampling-point/TH-PWER0030/sample/1441890/observation/0209,TH-PWER0030,WEY ABOVE THAMES,-0.4571,51.3786,Thames,THAMES - WEST THAMES,Multiple Values,OPEN,FRESHWATER - RIVERS,2025-07-28T16:24:00,2025,ENVIRONMENTAL MONITORING STATUTORY (EU DIRECTIVES),RIVER / RUNNING SURFACE WATER,209,"Potassium, Dissolved",7.1,MILLIGRAM PER LITRE
https://environment.data.gov.uk/water-quality/sampling-point/TH-PWER0030/sample/1441890/observation/0235,TH-PWER0030,WEY ABOVE THAMES,-0.4571,51.3786,Thames,THAMES - WEST THAMES,Multiple Values,OPEN,FRESHWATER - RIVERS,2025-07-28T16:24:00,2025,ENVIRONMENTAL MONITORING STATUTORY (EU DIRECTIVES),RIVER / RUNNING SURFACE WATER,235,"Magnesium, Dissolved",4.1,MILLIGRAM PER LITRE
https://environment.data.gov.uk/water-quality/sampling-point/TH-PWER0030/sample/1441890/observation/0239,TH-PWER0030,WEY ABOVE THAMES,-0.4571,51.3786,Thames,THAMES - WEST THAMES,Multiple Values,OPEN,FRESHWATER - RIVERS,2025-07-28T16:24:00,2025,ENVIRONMENTAL MONITORING STATUTORY (EU DIRECTIVES),RIVER / RUNNING SURFACE WATER,239,"Calcium, Dissolved",62,MILLIGRAM PER LITRE
https://environment.data.gov.uk/water-quality/sampling-point/TH-PWER0030/sample/1441890/observation/0483,TH-PWER0030,WEY ABOVE THAMES,-0.4571,51.3786,Thames,THAMES - WEST THAMES,Multiple Values,OPEN,FRESHWATER - RIVERS,2025-07-28T16:24:00,2025,ENVIRONMENTAL MONITORING STATUTORY (EU DIRECTIVES),RIVER / RUNNING SURFACE WATER,483,Aldrin,<0.0001,MICROGRAM PER LITRE
https://environment.data.gov.uk/water-quality/sampling-point/TH-PWER0030/sample/1441890/observation/0487,TH-PWER0030,WEY ABOVE THAMES,-0.4571,51.3786,Thames,THAMES - WEST THAMES,Multiple Values,OPEN,FRESHWATER - RIVERS,2025-07-28T16:24:00,2025,ENVIRONMENTAL MONITORING STATUTORY (EU DIRECTIVES),RIVER / RUNNING SURFACE WATER,487,HCH -alpha,<0.0001,MICROGRAM PER LITRE
https://environment.data.gov.uk/water-quality/sampling-point/TH-PWER0030/sample/1441890/observation/0491,TH-PWER0030,WEY ABOVE THAMES,-0.4571,51.3786,Thames,THAMES - WEST THAMES,Multiple Values,OPEN,FRESHWATER - RIVERS,2025-07-28T16:24:00,2025,ENVIRONMENTAL MONITORING STATUTORY (EU DIRECTIVES),RIVER / RUNNING SURFACE WATER,491,HCH -beta,<0.0001,MICROGRAM PER LITRE
https://environment.data.gov.uk/water-quality/sampling-point/TH-PWER0030/sample/1441890/observation/0495,TH-PWER0030,WEY ABOVE THAMES,-0.4571,51.3786,Thames,THAMES - WEST THAMES,Multiple Values,OPEN,FRESHWATER - RIVERS,2025-07-28T16:24:00,2025,ENVIRONMENTAL MONITORING STATUTORY (EU DIRECTIVES),RIVER / RUNNING SURFACE WATER,495,HCH -delta,<0.0001,MICROGRAM PER LITRE
https://environment.data.gov.uk/water-quality/sampling-point/TH-PWER0030/sample/1441890/observation/0499,TH-PWER0030,WEY ABOVE THAMES,-0.4571,51.3786,Thames,THAMES - WEST THAMES,Multiple Values,OPEN,FRESHWATER - RIVERS,2025-07-28T16:24:00,2025,ENVIRONMENTAL MONITORING STATUTORY (EU DIRECTIVES),RIVER / RUNNING SURFACE WATER,499,HCH -gamma :- {Lindane},0.00046,MICROGRAM PER LITRE
https://environment.data.gov.uk/water-quality/sampling-point/TH-PWER0030/sample/1441890/observation/0503,TH-PWER0030,WEY ABOVE THAMES,-0.4571,51.3786,Thames,THAMES - WEST THAMES,Multiple Values,OPEN,FRESHWATER - RIVERS,2025-07-28T16:24:00,2025,ENVIRONMENTAL MONITORING STATUTORY (EU DIRECTIVES),RIVER / RUNNING SURFACE WATER,503,Chlorfenvinphos,<0.0001,MICROGRAM PER LITRE
https://environment.data.gov.uk/water-quality/sampling-point/TH-PWER0030/sample/1441890/observation/0507,TH-PWER0030,WEY ABOVE THAMES,-0.4571,51.3786,Thames,THAMES - WEST THAMES,Multiple Values,OPEN,FRESHWATER - RIVERS,2025-07-28T16:24:00,2025,ENVIRONMENTAL MONITORING STATUTORY (EU DIRECTIVES),RIVER / RUNNING SURFACE WATER,507,Dichlorvos,<0.00004,MICROGRAM PER LITRE
https://environment.data.gov.uk/water-quality/sampling-point/TH-PWER0030/sample/1441890/observation/0511,TH-PWER0030,WEY ABOVE THAMES,-0.4571,51.3786,Thames,THAMES - WEST THAMES,Multiple Values,OPEN,FRESHWATER - RIVERS,2025-07-28T16:24:00,2025,ENVIRONMENTAL MONITORING STATUTORY (EU DIRECTIVES),RIVER / RUNNING SURFACE WATER,511,Dieldrin,0.0002,MICROGRAM PER LITRE
https://environment.data.gov.uk/water-quality/sampling-point/TH-PWER0030/sample/1441890/observation/0535,TH-PWER0030,WEY ABOVE THAMES,-0.4571,51.3786,Thames,THAMES - WEST THAMES,Multiple Values,OPEN,FRESHWATER - RIVERS,2025-07-28T16:24:00,2025,ENVIRONMENTAL MONITORING STATUTORY (EU DIRECTIVES),RIVER / RUNNING SURFACE WATER,535,Malathion,<0.0001,MICROGRAM PER LITRE
https://environment.data.gov.uk/water-quality/sampling-point/TH-PWER0030/sample/1441890/observation/0539,TH-PWER0030,WEY ABOVE THAMES,-0.4571,51.3786,Thames,THAMES - WEST THAMES,Multiple Values,OPEN,FRESHWATER - RIVERS,2025-07-28T16:24:00,2025,ENVIRONMENTAL MONITORING STATUTORY (EU DIRECTIVES),RIVER / RUNNING SURFACE WATER,539,DDT -op,<0.0001,MICROGRAM PER LITRE
https://environment.data.gov.uk/water-quality/sampling-point/TH-PWER0030/sample/1441890/observation/0551,TH-PWER0030,WEY ABOVE THAMES,-0.4571,51.3786,Thames,THAMES - WEST THAMES,Multiple Values,OPEN,FRESHWATER - RIVERS,2025-07-28T16:24:00,2025,ENVIRONMENTAL MONITORING STATUTORY (EU DIRECTIVES),RIVER / RUNNING SURFACE WATER,551,DDE -pp,<0.0001,MICROGRAM PER LITRE
https://environment.data.gov.uk/water-quality/sampling-point/TH-PWER0030/sample/1441890/observation/0555,TH-PWER0030,WEY ABOVE THAMES,-0.4571,51.3786,Thames,THAMES - WEST THAMES,Multiple Values,OPEN,FRESHWATER - RIVERS,2025-07-28T16:24:00,2025,ENVIRONMENTAL MONITORING STATUTORY (EU DIRECTIVES),RIVER / RUNNING SURFACE WATER,555,DDT -pp,<0.0001,MICROGRAM PER LITRE
https://environment.data.gov.uk/water-quality/sampling-point/TH-PWER0030/sample/1441890/observation/0559,TH-PWER0030,WEY ABOVE THAMES,-0.4571,51.3786,Thames,THAMES - WEST THAMES,Multiple Values,OPEN,FRESHWATER - RIVERS,2025-07-28T16:24:00,2025,ENVIRONMENTAL MONITORING STATUTORY (EU DIRECTIVES),RIVER / RUNNING SURFACE WATER,559,TDE -pp,<0.0001,MICROGRAM PER LITRE
https://environment.data.gov.uk/water-quality/sampling-point/TH-PWER0030/sample/1441890/observation/0562,TH-PWER0030,WEY ABOVE THAMES,-0.4571,51.3786,Thames,THAMES - WEST THAMES,Multiple Values,OPEN,FRESHWATER - RIVERS,2025-07-28T16:24:00,2025,ENVIRONMENTAL MONITORING STATUTORY (EU DIRECTIVES),RIVER / RUNNING SURFACE WATER,562,Endrin,<0.0001,MICROGRAM PER LITRE
https://environment.data.gov.uk/water-quality/sampling-point/TH-PWER0030/sample/1441890/observation/0569,TH-PWER0030,WEY ABOVE THAMES,-0.4571,51.3786,Thames,THAMES - WEST THAMES,Multiple Values,OPEN,FRESHWATER - RIVERS,2025-07-28T16:24:00,2025,ENVIRONMENTAL MONITORING STATUTORY (EU DIRECTIVES),RIVER / RUNNING SURFACE WATER,569,Endosulfan A,<0.0001,MICROGRAM PER LITRE
https://environment.data.gov.uk/water-quality/sampling-point/TH-PWER0030/sample/1441890/observation/0570,TH-PWER0030,WEY ABOVE THAMES,-0.4571,51.3786,Thames,THAMES - WEST THAMES,Multiple Values,OPEN,FRESHWATER - RIVERS,2025-07-28T16:24:00,2025,ENVIRONMENTAL MONITORING STATUTORY (EU DIRECTIVES),RIVER / RUNNING SURFACE WATER,570,Endosulfan B,<0.0001,MICROGRAM PER LITRE
https://environment.data.gov.uk/water-quality/sampling-point/TH-PWER0030/sample/1441890/observation/0575,TH-PWER0030,WEY ABOVE THAMES,-0.4571,51.3786,Thames,THAMES - WEST THAMES,Multiple Values,OPEN,FRESHWATER - RIVERS,2025-07-28T16:24:00,2025,ENVIRONMENTAL MONITORING STATUTORY (EU DIRECTIVES),RIVER / RUNNING SURFACE WATER,575,DDT : Sum of components,<0.0004,MICROGRAM PER LITRE
https://environment.data.gov.uk/water-quality/sampling-point/TH-PWER0030/sample/1441890/observation/0576,TH-PWER0030,WEY ABOVE THAMES,-0.4571,51.3786,Thames,THAMES - WEST THAMES,Multiple Values,OPEN,FRESHWATER - RIVERS,2025-07-28T16:24:00,2025,ENVIRONMENTAL MONITORING STATUTORY (EU DIRECTIVES),RIVER / RUNNING SURFACE WATER,576,Hexachlorobenzene,<0.0001,MICROGRAM PER LITRE
https://environment.data.gov.uk/water-quality/sampling-point/TH-PWER0030/sample/1441890/observation/0714,TH-PWER0030,WEY ABOVE THAMES,-0.4571,51.3786,Thames,THAMES - WEST THAMES,Multiple Values,OPEN,FRESHWATER - RIVERS,2025-07-28T16:24:00,2025,ENVIRONMENTAL MONITORING STATUTORY (EU DIRECTIVES),RIVER / RUNNING SURFACE WATER,714,"Benzo(g,h,i)Perylene",0.0044,MICROGRAM PER LITRE
https://environment.data.gov.uk/water-quality/sampling-point/TH-PWER0030/sample/1441890/observation/0723,TH-PWER0030,WEY ABOVE THAMES,-0.4571,51.3786,Thames,THAMES - WEST THAMES,Multiple Values,OPEN,FRESHWATER - RIVERS,2025-07-28T16:24:00,2025,ENVIRONMENTAL MONITORING STATUTORY (EU DIRECTIVES),RIVER / RUNNING SURFACE WATER,723,Diazinon,<0.0001,MICROGRAM PER LITRE
https://environment.data.gov.uk/water-quality/sampling-point/TH-PWER0030/sample/1441890/observation/0731,TH-PWER0030,WEY ABOVE THAMES,-0.4571,51.3786,Thames,THAMES - WEST THAMES,Multiple Values,OPEN,FRESHWATER - RIVERS,2025-07-28T16:24:00,2025,ENVIRONMENTAL MONITORING STATUTORY (EU DIRECTIVES),RIVER / RUNNING SURFACE WATER,731,Benzo(b)Fluoranthene,0.0026,MICROGRAM PER LITRE
https://environment.data.gov.uk/water-quality/sampling-point/TH-PWER0030/sample/1441890/observation/0733,TH-PWER0030,WEY ABOVE THAMES,-0.4571,51.3786,Thames,THAMES - WEST THAMES,Multiple Values,OPEN,FRESHWATER - RIVERS,2025-07-28T16:24:00,2025,ENVIRONMENTAL MONITORING STATUTORY (EU DIRECTIVES),RIVER / RUNNING SURFACE WATER,733,Benzo(k)Fluoranthene,0.0013,MICROGRAM PER LITRE
https://environment.data.gov.uk/water-quality/sampling-point/TH-PWER0030/sample/1441890/observation/0736,TH-PWER0030,WEY ABOVE THAMES,-0.4571,51.3786,Thames,THAMES - WEST THAMES,Multiple Values,OPEN,FRESHWATER - RIVERS,2025-07-28T16:24:00,2025,ENVIRONMENTAL MONITORING STATUTORY (EU DIRECTIVES),RIVER / RUNNING SURFACE WATER,736,Fluoranthene,0.0059,MICROGRAM PER LITRE
https://environment.data.gov.uk/water-quality/sampling-point/TH-PWER0030/sample/1441890/observation/0746,TH-PWER0030,WEY ABOVE THAMES,-0.4571,51.3786,Thames,THAMES - WEST THAMES,Multiple Values,OPEN,FRESHWATER - RIVERS,2025-07-28T16:24:00,2025,ENVIRONMENTAL MONITORING STATUTORY (EU DIRECTIVES),RIVER / RUNNING SURFACE WATER,746,"Indeno(1,2,3-cd)pyrene",0.004,MICROGRAM PER LITRE
https://environment.data.gov.uk/water-quality/sampling-point/TH-PWER0030/sample/1441890/observation/0772,TH-PWER0030,WEY ABOVE THAMES,-0.4571,51.3786,Thames,THAMES - WEST THAMES,Multiple Values,OPEN,FRESHWATER - RIVERS,2025-07-28T16:24:00,2025,ENVIRONMENTAL MONITORING STATUTORY (EU DIRECTIVES),RIVER / RUNNING SURFACE WATER,772,Benzo(a)Anthracene,<0.01,MICROGRAM PER LITRE
https://environment.data.gov.uk/water-quality/sampling-point/TH-PWER0030/sample/1441890/observation/1049,TH-PWER0030,WEY ABOVE THAMES,-0.4571,51.3786,Thames,THAMES - WEST THAMES,Multiple Values,OPEN,FRESHWATER - RIVERS,2025-07-28T16:24:00,2025,ENVIRONMENTAL MONITORING STATUTORY (EU DIRECTIVES),RIVER / RUNNING SURFACE WATER,1049,Carbon tetrachloride :- {Tetrachloromethane},<0.1,MICROGRAM PER LITRE
https://environment.data.gov.uk/water-quality/sampling-point/TH-PWER0030/sample/1441890/observation/1085,TH-PWER0030,WEY ABOVE THAMES,-0.4571,51.3786,Thames,THAMES - WEST THAMES,Multiple Values,OPEN,FRESHWATER - RIVERS,2025-07-28T16:24:00,2025,ENVIRONMENTAL MONITORING STATUTORY (EU DIRECTIVES),RIVER / RUNNING SURFACE WATER,1085,Pentachlorophenol,<0.02,MICROGRAM PER LITRE
https://environment.data.gov.uk/water-quality/sampling-point/TH-PWER0030/sample/1441890/observation/1109,TH-PWER0030,WEY ABOVE THAMES,-0.4571,51.3786,Thames,THAMES - WEST THAMES,Multiple Values,OPEN,FRESHWATER - RIVERS,2025-07-28T16:24:00,2025,ENVIRONMENTAL MONITORING STATUTORY (EU DIRECTIVES),RIVER / RUNNING SURFACE WATER,1109,Endosulfan : Total (A + B),<0.0002,MICROGRAM PER LITRE
https://environment.data.gov.uk/water-quality/sampling-point/TH-PWER0030/sample/1441890/observation/3001,TH-PWER0030,WEY ABOVE THAMES,-0.4571,51.3786,Thames,THAMES - WEST THAMES,Multiple Values,OPEN,FRESHWATER - RIVERS,2025-07-28T16:24:00,2025,ENVIRONMENTAL MONITORING STATUTORY (EU DIRECTIVES),RIVER / RUNNING SURFACE WATER,3001,Simazine,0.0013,MICROGRAM PER LITRE
https://environment.data.gov.uk/water-quality/sampling-point/TH-PWER0030/sample/1441890/observation/3002,TH-PWER0030,WEY ABOVE THAMES,-0.4571,51.3786,Thames,THAMES - WEST THAMES,Multiple Values,OPEN,FRESHWATER - RIVERS,2025-07-28T16:24:00,2025,ENVIRONMENTAL MONITORING STATUTORY (EU DIRECTIVES),RIVER / RUNNING SURFACE WATER,3002,Atrazine,0.0024,MICROGRAM PER LITRE
https://environment.data.gov.uk/water-quality/sampling-point/TH-PWER0030/sample/1441890/observation/3004,TH-PWER0030,WEY ABOVE THAMES,-0.4571,51.3786,Thames,THAMES - WEST THAMES,Multiple Values,OPEN,FRESHWATER - RIVERS,2025-07-28T16:24:00,2025,ENVIRONMENTAL MONITORING STATUTORY (EU DIRECTIVES),RIVER / RUNNING SURFACE WATER,3004,Asulam,<0.02,MICROGRAM PER LITRE
https://environment.data.gov.uk/water-quality/sampling-point/TH-PWER0030/sample/1441890/observation/3007,TH-PWER0030,WEY ABOVE THAMES,-0.4571,51.3786,Thames,THAMES - WEST THAMES,Multiple Values,OPEN,FRESHWATER - RIVERS,2025-07-28T16:24:00,2025,ENVIRONMENTAL MONITORING STATUTORY (EU DIRECTIVES),RIVER / RUNNING SURFACE WATER,3007,Glyphosate,0.16,MICROGRAM PER LITRE
https://environment.data.gov.uk/water-quality/sampling-point/TH-PWER0030/sample/1441890/observation/3009,TH-PWER0030,WEY ABOVE THAMES,-0.4571,51.3786,Thames,THAMES - WEST THAMES,Multiple Values,OPEN,FRESHWATER - RIVERS,2025-07-28T16:24:00,2025,ENVIRONMENTAL MONITORING STATUTORY (EU DIRECTIVES),RIVER / RUNNING SURFACE WATER,3009,Terbutryn,0.0048,MICROGRAM PER LITRE
https://environment.data.gov.uk/water-quality/sampling-point/TH-PWER0030/sample/1441890/observation/3086,TH-PWER0030,WEY ABOVE THAMES,-0.4571,51.3786,Thames,THAMES - WEST THAMES,Multiple Values,OPEN,FRESHWATER - RIVERS,2025-07-28T16:24:00,2025,ENVIRONMENTAL MONITORING STATUTORY (EU DIRECTIVES),RIVER / RUNNING SURFACE WATER,3086,Carbofuran,<0.005,MICROGRAM PER LITRE
https://environment.data.gov.uk/water-quality/sampling-point/TH-PWER0030/sample/1441890/observation/3117,TH-PWER0030,WEY ABOVE THAMES,-0.4571,51.3786,Thames,THAMES - WEST THAMES,Multiple Values,OPEN,FRESHWATER - RIVERS,2025-07-28T16:24:00,2025,ENVIRONMENTAL MONITORING STATUTORY (EU DIRECTIVES),RIVER / RUNNING SURFACE WATER,3117,Isoproturon,<0.01,MICROGRAM PER LITRE
https://environment.data.gov.uk/water-quality/sampling-point/TH-PWER0030/sample/1441890/observation/3118,TH-PWER0030,WEY ABOVE THAMES,-0.4571,51.3786,Thames,THAMES - WEST THAMES,Multiple Values,OPEN,FRESHWATER - RIVERS,2025-07-28T16:24:00,2025,ENVIRONMENTAL MONITORING STATUTORY (EU DIRECTIVES),RIVER / RUNNING SURFACE WATER,3118,Linuron,<0.01,MICROGRAM PER LITRE
https://environment.data.gov.uk/water-quality/sampling-point/TH-PWER0030/sample/1441890/observation/3130,TH-PWER0030,WEY ABOVE THAMES,-0.4571,51.3786,Thames,THAMES - WEST THAMES,Multiple Values,OPEN,FRESHWATER - RIVERS,2025-07-28T16:24:00,2025,ENVIRONMENTAL MONITORING STATUTORY (EU DIRECTIVES),RIVER / RUNNING SURFACE WATER,3130,Metoxuron,<0.01,MICROGRAM PER LITRE
https://environment.data.gov.uk/water-quality/sampling-point/TH-PWER0030/sample/1441890/observation/3268,TH-PWER0030,WEY ABOVE THAMES,-0.4571,51.3786,Thames,THAMES - WEST THAMES,Multiple Values,OPEN,FRESHWATER - RIVERS,2025-07-28T16:24:00,2025,ENVIRONMENTAL MONITORING STATUTORY (EU DIRECTIVES),RIVER / RUNNING SURFACE WATER,3268,"1,1,1-Trichloroethane",<0.1,MICROGRAM PER LITRE
https://environment.data.gov.uk/water-quality/sampling-point/TH-PWER0030/sample/1441890/observation/3269,TH-PWER0030,WEY ABOVE THAMES,-0.4571,51.3786,Thames,THAMES - WEST THAMES,Multiple Values,OPEN,FRESHWATER - RIVERS,2025-07-28T16:24:00,2025,ENVIRONMENTAL MONITORING STATUTORY (EU DIRECTIVES),RIVER / RUNNING SURFACE WATER,3269,"1,1-Dichloroethane",<0.1,MICROGRAM PER LITRE
https://environment.data.gov.uk/water-quality/sampling-point/TH-PWER0030/sample/1441890/observation/3272,TH-PWER0030,WEY ABOVE THAMES,-0.4571,51.3786,Thames,THAMES - WEST THAMES,Multiple Values,OPEN,FRESHWATER - RIVERS,2025-07-28T16:24:00,2025,ENVIRONMENTAL MONITORING STATUTORY (EU DIRECTIVES),RIVER / RUNNING SURFACE WATER,3272,"1,2-Dichloroethane",<0.1,MICROGRAM PER LITRE
https://environment.data.gov.uk/water-quality/sampling-point/TH-PWER0030/sample/1441890/observation/3282,TH-PWER0030,WEY ABOVE THAMES,-0.4571,51.3786,Thames,THAMES - WEST THAMES,Multiple Values,OPEN,FRESHWATER - RIVERS,2025-07-28T16:24:00,2025,ENVIRONMENTAL MONITORING STATUTORY (EU DIRECTIVES),RIVER / RUNNING SURFACE WATER,3282,Bromodichloromethane,<0.1,MICROGRAM PER LITRE
https://environment.data.gov.uk/water-quality/sampling-point/TH-PWER0030/sample/1441890/observation/3283,TH-PWER0030,WEY ABOVE THAMES,-0.4571,51.3786,Thames,THAMES - WEST THAMES,Multiple Values,OPEN,FRESHWATER - RIVERS,2025-07-28T16:24:00,2025,ENVIRONMENTAL MONITORING STATUTORY (EU DIRECTIVES),RIVER / RUNNING SURFACE WATER,3283,Bromoform :- {Tribromomethane},<0.1,MICROGRAM PER LITRE
https://environment.data.gov.uk/water-quality/sampling-point/TH-PWER0030/sample/1441890/observation/3290,TH-PWER0030,WEY ABOVE THAMES,-0.4571,51.3786,Thames,THAMES - WEST THAMES,Multiple Values,OPEN,FRESHWATER - RIVERS,2025-07-28T16:24:00,2025,ENVIRONMENTAL MONITORING STATUTORY (EU DIRECTIVES),RIVER / RUNNING SURFACE WATER,3290,Chlorobenzene,<0.1,MICROGRAM PER LITRE
https://environment.data.gov.uk/water-quality/sampling-point/TH-PWER0030/sample/1441890/observation/3292,TH-PWER0030,WEY ABOVE THAMES,-0.4571,51.3786,Thames,THAMES - WEST THAMES,Multiple Values,OPEN,FRESHWATER - RIVERS,2025-07-28T16:24:00,2025,ENVIRONMENTAL MONITORING STATUTORY (EU DIRECTIVES),RIVER / RUNNING SURFACE WATER,3292,Chlorodibromomethane,<0.1,MICROGRAM PER LITRE
https://environment.data.gov.uk/water-quality/sampling-point/TH-PWER0030/sample/1441890/observation/3328,TH-PWER0030,WEY ABOVE THAMES,-0.4571,51.3786,Thames,THAMES - WEST THAMES,Multiple Values,OPEN,FRESHWATER - RIVERS,2025-07-28T16:24:00,2025,ENVIRONMENTAL MONITORING STATUTORY (EU DIRECTIVES),RIVER / RUNNING SURFACE WATER,3328,Tetrachloroethylene :- {Perchloroethylene},<0.1,MICROGRAM PER LITRE
https://environment.data.gov.uk/water-quality/sampling-point/TH-PWER0030/sample/1441890/observation/3334,TH-PWER0030,WEY ABOVE THAMES,-0.4571,51.3786,Thames,THAMES - WEST THAMES,Multiple Values,OPEN,FRESHWATER - RIVERS,2025-07-28T16:24:00,2025,ENVIRONMENTAL MONITORING STATUTORY (EU DIRECTIVES),RIVER / RUNNING SURFACE WATER,3334,Trichloroethylene :- {Trichloroethene},<0.1,MICROGRAM PER LITRE
https://environment.data.gov.uk/water-quality/sampling-point/TH-PWER0030/sample/1441890/observation/3341,TH-PWER0030,WEY ABOVE THAMES,-0.4571,51.3786,Thames,THAMES - WEST THAMES,Multiple Values,OPEN,FRESHWATER - RIVERS,2025-07-28T16:24:00,2025,ENVIRONMENTAL MONITORING STATUTORY (EU DIRECTIVES),RIVER / RUNNING SURFACE WATER,3341,4-Chloro-2-methylphenol :- {p-Chloro-o-cresol},<0.02,MICROGRAM PER LITRE
https://environment.data.gov.uk/water-quality/sampling-point/TH-PWER0030/sample/1441890/observation/3342,TH-PWER0030,WEY ABOVE THAMES,-0.4571,51.3786,Thames,THAMES - WEST THAMES,Multiple Values,OPEN,FRESHWATER - RIVERS,2025-07-28T16:24:00,2025,ENVIRONMENTAL MONITORING STATUTORY (EU DIRECTIVES),RIVER / RUNNING SURFACE WATER,3342,4-Chloro-3-methylphenol :- {p-Chloro-m-cresol},<0.02,MICROGRAM PER LITRE
https://environment.data.gov.uk/water-quality/sampling-point/TH-PWER0030/sample/1441890/observation/3343,TH-PWER0030,WEY ABOVE THAMES,-0.4571,51.3786,Thames,THAMES - WEST THAMES,Multiple Values,OPEN,FRESHWATER - RIVERS,2025-07-28T16:24:00,2025,ENVIRONMENTAL MONITORING STATUTORY (EU DIRECTIVES),RIVER / RUNNING SURFACE WATER,3343,"2,4-Dimethylphenol :- {2,4-Xylenol}",<0.02,MICROGRAM PER LITRE
https://environment.data.gov.uk/water-quality/sampling-point/TH-PWER0030/sample/1441890/observation/3373,TH-PWER0030,WEY ABOVE THAMES,-0.4571,51.3786,Thames,THAMES - WEST THAMES,Multiple Values,OPEN,FRESHWATER - RIVERS,2025-07-28T16:24:00,2025,ENVIRONMENTAL MONITORING STATUTORY (EU DIRECTIVES),RIVER / RUNNING SURFACE WATER,3373,Chloroform :- {Trichloromethane},<0.1,MICROGRAM PER LITRE
https://environment.data.gov.uk/water-quality/sampling-point/TH-PWER0030/sample/1441890/observation/3399,TH-PWER0030,WEY ABOVE THAMES,-0.4571,51.3786,Thames,THAMES - WEST THAMES,Multiple Values,OPEN,FRESHWATER - RIVERS,2025-07-28T16:24:00,2025,ENVIRONMENTAL MONITORING STATUTORY (EU DIRECTIVES),RIVER / RUNNING SURFACE WATER,3399,Chloroxuron,<0.01,MICROGRAM PER LITRE
https://environment.data.gov.uk/water-quality/sampling-point/TH-PWER0030/sample/1441890/observation/3400,TH-PWER0030,WEY ABOVE THAMES,-0.4571,51.3786,Thames,THAMES - WEST THAMES,Multiple Values,OPEN,FRESHWATER - RIVERS,2025-07-28T16:24:00,2025,ENVIRONMENTAL MONITORING STATUTORY (EU DIRECTIVES),RIVER / RUNNING SURFACE WATER,3400,Monuron,<0.01,MICROGRAM PER LITRE
https://environment.data.gov.uk/water-quality/sampling-point/TH-PWER0030/sample/1441890/observation/3408,TH-PWER0030,WEY ABOVE THAMES,-0.4571,51.3786,Thames,THAMES - WEST THAMES,Multiple Values,OPEN,FRESHWATER - RIVERS,2025-07-28T16:24:00,2025,ENVIRONMENTAL MONITORING STATUTORY (EU DIRECTIVES),RIVER / RUNNING SURFACE WATER,3408,"Zinc, Dissolved",3.1,MICROGRAM PER LITRE
https://environment.data.gov.uk/water-quality/sampling-point/TH-PWER0030/sample/1441890/observation/3409,TH-PWER0030,WEY ABOVE THAMES,-0.4571,51.3786,Thames,THAMES - WEST THAMES,Multiple Values,OPEN,FRESHWATER - RIVERS,2025-07-28T16:24:00,2025,ENVIRONMENTAL MONITORING STATUTORY (EU DIRECTIVES),RIVER / RUNNING SURFACE WATER,3409,"Chromium, Dissolved",<0.5,MICROGRAM PER LITRE
https://environment.data.gov.uk/water-quality/sampling-point/TH-PWER0030/sample/1441890/observation/3410,TH-PWER0030,WEY ABOVE THAMES,-0.4571,51.3786,Thames,THAMES - WEST THAMES,Multiple Values,OPEN,FRESHWATER - RIVERS,2025-07-28T16:24:00,2025,ENVIRONMENTAL MONITORING STATUTORY (EU DIRECTIVES),RIVER / RUNNING SURFACE WATER,3410,"Nickel, Dissolved",2.5,MICROGRAM PER LITRE
https://environment.data.gov.uk/water-quality/sampling-point/TH-PWER0030/sample/1441890/observation/3472,TH-PWER0030,WEY ABOVE THAMES,-0.4571,51.3786,Thames,THAMES - WEST THAMES,Multiple Values,OPEN,FRESHWATER - RIVERS,2025-07-28T16:24:00,2025,ENVIRONMENTAL MONITORING STATUTORY (EU DIRECTIVES),RIVER / RUNNING SURFACE WATER,3472,Dichlorobenzophenone,<0.0001,MICROGRAM PER LITRE
https://environment.data.gov.uk/water-quality/sampling-point/TH-PWER0030/sample/1441890/observation/3475,TH-PWER0030,WEY ABOVE THAMES,-0.4571,51.3786,Thames,THAMES - WEST THAMES,Multiple Values,OPEN,FRESHWATER - RIVERS,2025-07-28T16:24:00,2025,ENVIRONMENTAL MONITORING STATUTORY (EU DIRECTIVES),RIVER / RUNNING SURFACE WATER,3475,Carbendazim,<0.01,MICROGRAM PER LITRE
https://environment.data.gov.uk/water-quality/sampling-point/TH-PWER0030/sample/1441890/observation/3478,TH-PWER0030,WEY ABOVE THAMES,-0.4571,51.3786,Thames,THAMES - WEST THAMES,Multiple Values,OPEN,FRESHWATER - RIVERS,2025-07-28T16:24:00,2025,ENVIRONMENTAL MONITORING STATUTORY (EU DIRECTIVES),RIVER / RUNNING SURFACE WATER,3478,Aclonifen,<0.0001,MICROGRAM PER LITRE
https://environment.data.gov.uk/water-quality/sampling-point/TH-PWER0030/sample/1441890/observation/3781,TH-PWER0030,WEY ABOVE THAMES,-0.4571,51.3786,Thames,THAMES - WEST THAMES,Multiple Values,OPEN,FRESHWATER - RIVERS,2025-07-28T16:24:00,2025,ENVIRONMENTAL MONITORING STATUTORY (EU DIRECTIVES),RIVER / RUNNING SURFACE WATER,3781,Benzene,<0.1,MICROGRAM PER LITRE
https://environment.data.gov.uk/water-quality/sampling-point/TH-PWER0030/sample/1441890/observation/3783,TH-PWER0030,WEY ABOVE THAMES,-0.4571,51.3786,Thames,THAMES - WEST THAMES,Multiple Values,OPEN,FRESHWATER - RIVERS,2025-07-28T16:24:00,2025,ENVIRONMENTAL MONITORING STATUTORY (EU DIRECTIVES),RIVER / RUNNING SURFACE WATER,3783,Dibromomethane,<0.1,MICROGRAM PER LITRE
https://environment.data.gov.uk/water-quality/sampling-point/TH-PWER0030/sample/1441890/observation/3784,TH-PWER0030,WEY ABOVE THAMES,-0.4571,51.3786,Thames,THAMES - WEST THAMES,Multiple Values,OPEN,FRESHWATER - RIVERS,2025-07-28T16:24:00,2025,ENVIRONMENTAL MONITORING STATUTORY (EU DIRECTIVES),RIVER / RUNNING SURFACE WATER,3784,Toluene :- {Methylbenzene},<0.1,MICROGRAM PER LITRE
https://environment.data.gov.uk/water-quality/sampling-point/TH-PWER0030/sample/1441890/observation/3811,TH-PWER0030,WEY ABOVE THAMES,-0.4571,51.3786,Thames,THAMES - WEST THAMES,Multiple Values,OPEN,FRESHWATER - RIVERS,2025-07-28T16:24:00,2025,ENVIRONMENTAL MONITORING STATUTORY (EU DIRECTIVES),RIVER / RUNNING SURFACE WATER,3811,Diuron,<0.01,MICROGRAM PER LITRE
https://environment.data.gov.uk/water-quality/sampling-point/TH-PWER0030/sample/1441890/observation/3925,TH-PWER0030,WEY ABOVE THAMES,-0.4571,51.3786,Thames,THAMES - WEST THAMES,Multiple Values,OPEN,FRESHWATER - RIVERS,2025-07-28T16:24:00,2025,ENVIRONMENTAL MONITORING STATUTORY (EU DIRECTIVES),RIVER / RUNNING SURFACE WATER,3925,Monolinuron,<0.01,MICROGRAM PER LITRE
https://environment.data.gov.uk/water-quality/sampling-point/TH-PWER0030/sample/1441890/observation/4049,TH-PWER0030,WEY ABOVE THAMES,-0.4571,51.3786,Thames,THAMES - WEST THAMES,Multiple Values,OPEN,FRESHWATER - RIVERS,2025-07-28T16:24:00,2025,ENVIRONMENTAL MONITORING STATUTORY (EU DIRECTIVES),RIVER / RUNNING SURFACE WATER,4049,"1,4-Dichlorobenzene",<0.1,MICROGRAM PER LITRE
https://environment.data.gov.uk/water-quality/sampling-point/TH-PWER0030/sample/1441890/observation/4117,TH-PWER0030,WEY ABOVE THAMES,-0.4571,51.3786,Thames,THAMES - WEST THAMES,Multiple Values,OPEN,FRESHWATER - RIVERS,2025-07-28T16:24:00,2025,ENVIRONMENTAL MONITORING STATUTORY (EU DIRECTIVES),RIVER / RUNNING SURFACE WATER,4117,Ethylbenzene,<0.1,MICROGRAM PER LITRE
https://environment.data.gov.uk/water-quality/sampling-point/TH-PWER0030/sample/1441890/observation/4201,TH-PWER0030,WEY ABOVE THAMES,-0.4571,51.3786,Thames,THAMES - WEST THAMES,Multiple Values,OPEN,FRESHWATER - RIVERS,2025-07-28T16:24:00,2025,ENVIRONMENTAL MONITORING STATUTORY (EU DIRECTIVES),RIVER / RUNNING SURFACE WATER,4201,"Lithium, Dissolved",<100,MICROGRAM PER LITRE
https://environment.data.gov.uk/water-quality/sampling-point/TH-PWER0030/sample/1441890/observation/4621,TH-PWER0030,WEY ABOVE THAMES,-0.4571,51.3786,Thames,THAMES - WEST THAMES,Multiple Values,OPEN,FRESHWATER - RIVERS,2025-07-28T16:24:00,2025,ENVIRONMENTAL MONITORING STATUTORY (EU DIRECTIVES),RIVER / RUNNING SURFACE WATER,4621,"2,4,4-TriBromoDiphenylEther",<0.00006,MICROGRAM PER LITRE
https://environment.data.gov.uk/water-quality/sampling-point/TH-PWER0030/sample/1441890/observation/5042,TH-PWER0030,WEY ABOVE THAMES,-0.4571,51.3786,Thames,THAMES - WEST THAMES,Multiple Values,OPEN,FRESHWATER - RIVERS,2025-07-28T16:24:00,2025,ENVIRONMENTAL MONITORING STATUTORY (EU DIRECTIVES),RIVER / RUNNING SURFACE WATER,5042,Sulcotrione,<0.1,MICROGRAM PER LITRE
https://environment.data.gov.uk/water-quality/sampling-point/TH-PWER0030/sample/1441890/observation/5047,TH-PWER0030,WEY ABOVE THAMES,-0.4571,51.3786,Thames,THAMES - WEST THAMES,Multiple Values,OPEN,FRESHWATER - RIVERS,2025-07-28T16:24:00,2025,ENVIRONMENTAL MONITORING STATUTORY (EU DIRECTIVES),RIVER / RUNNING SURFACE WATER,5047,Ethirimol,<0.05,MICROGRAM PER LITRE
https://environment.data.gov.uk/water-quality/sampling-point/TH-PWER0030/sample/1441890/observation/5050,TH-PWER0030,WEY ABOVE THAMES,-0.4571,51.3786,Thames,THAMES - WEST THAMES,Multiple Values,OPEN,FRESHWATER - RIVERS,2025-07-28T16:24:00,2025,ENVIRONMENTAL MONITORING STATUTORY (EU DIRECTIVES),RIVER / RUNNING SURFACE WATER,5050,Azoxystrobin,<0.02,MICROGRAM PER LITRE
https://environment.data.gov.uk/water-quality/sampling-point/TH-PWER0030/sample/1441890/observation/5157,TH-PWER0030,WEY ABOVE THAMES,-0.4571,51.3786,Thames,THAMES - WEST THAMES,Multiple Values,OPEN,FRESHWATER - RIVERS,2025-07-28T16:24:00,2025,ENVIRONMENTAL MONITORING STATUTORY (EU DIRECTIVES),RIVER / RUNNING SURFACE WATER,5157,Quinoxyfen,<0.0001,MICROGRAM PER LITRE
https://environment.data.gov.uk/water-quality/sampling-point/TH-PWER0030/sample/1441890/observation/5234,TH-PWER0030,WEY ABOVE THAMES,-0.4571,51.3786,Thames,THAMES - WEST THAMES,Multiple Values,OPEN,FRESHWATER - RIVERS,2025-07-28T16:24:00,2025,ENVIRONMENTAL MONITORING STATUTORY (EU DIRECTIVES),RIVER / RUNNING SURFACE WATER,5234,Hexachloroethane,<0.1,MICROGRAM PER LITRE
https://environment.data.gov.uk/water-quality/sampling-point/TH-PWER0030/sample/1441890/observation/5446,TH-PWER0030,WEY ABOVE THAMES,-0.4571,51.3786,Thames,THAMES - WEST THAMES,Multiple Values,OPEN,FRESHWATER - RIVERS,2025-07-28T16:24:00,2025,ENVIRONMENTAL MONITORING STATUTORY (EU DIRECTIVES),RIVER / RUNNING SURFACE WATER,5446,Cypermethrin Identification,1,Text Result
https://environment.data.gov.uk/water-quality/sampling-point/TH-PWER0030/sample/1441890/observation/5558,TH-PWER0030,WEY ABOVE THAMES,-0.4571,51.3786,Thames,THAMES - WEST THAMES,Multiple Values,OPEN,FRESHWATER - RIVERS,2025-07-28T16:24:00,2025,ENVIRONMENTAL MONITORING STATUTORY (EU DIRECTIVES),RIVER / RUNNING SURFACE WATER,5558,"3,5-Dimethylphenol :- {3,5-Xylenol}",<0.02,MICROGRAM PER LITRE
https://environment.data.gov.uk/water-quality/sampling-point/TH-PWER0030/sample/1441890/observation/5560,TH-PWER0030,WEY ABOVE THAMES,-0.4571,51.3786,Thames,THAMES - WEST THAMES,Multiple Values,OPEN,FRESHWATER - RIVERS,2025-07-28T16:24:00,2025,ENVIRONMENTAL MONITORING STATUTORY (EU DIRECTIVES),RIVER / RUNNING SURFACE WATER,5560,4-Methylphenol :- {p-Cresol},<0.02,MICROGRAM PER LITRE
https://environment.data.gov.uk/water-quality/sampling-point/TH-PWER0030/sample/1441890/observation/5561,TH-PWER0030,WEY ABOVE THAMES,-0.4571,51.3786,Thames,THAMES - WEST THAMES,Multiple Values,OPEN,FRESHWATER - RIVERS,2025-07-28T16:24:00,2025,ENVIRONMENTAL MONITORING STATUTORY (EU DIRECTIVES),RIVER / RUNNING SURFACE WATER,5561,3-Methylphenol :- {m-Cresol},<0.02,MICROGRAM PER LITRE
https://environment.data.gov.uk/water-quality/sampling-point/TH-PWER0030/sample/1441890/observation/5562,TH-PWER0030,WEY ABOVE THAMES,-0.4571,51.3786,Thames,THAMES - WEST THAMES,Multiple Values,OPEN,FRESHWATER - RIVERS,2025-07-28T16:24:00,2025,ENVIRONMENTAL MONITORING STATUTORY (EU DIRECTIVES),RIVER / RUNNING SURFACE WATER,5562,2-Methylphenol :- {o-Cresol},<0.02,MICROGRAM PER LITRE
https://environment.data.gov.uk/water-quality/sampling-point/TH-PWER0030/sample/1441890/observation/5568,TH-PWER0030,WEY ABOVE THAMES,-0.4571,51.3786,Thames,THAMES - WEST THAMES,Multiple Values,OPEN,FRESHWATER - RIVERS,2025-07-28T16:24:00,2025,ENVIRONMENTAL MONITORING STATUTORY (EU DIRECTIVES),RIVER / RUNNING SURFACE WATER,5568,3-Chlorotoluene :- {3-Chloromethylbenzene},<0.1,MICROGRAM PER LITRE
https://environment.data.gov.uk/water-quality/sampling-point/TH-PWER0030/sample/1441890/observation/5732,TH-PWER0030,WEY ABOVE THAMES,-0.4571,51.3786,Thames,THAMES - WEST THAMES,Multiple Values,OPEN,FRESHWATER - RIVERS,2025-07-28T16:24:00,2025,ENVIRONMENTAL MONITORING STATUTORY (EU DIRECTIVES),RIVER / RUNNING SURFACE WATER,5732,Triphenyl Tin as Cation,<0.00002,MICROGRAM PER LITRE
https://environment.data.gov.uk/water-quality/sampling-point/TH-PWER0030/sample/1441890/observation/5863,TH-PWER0030,WEY ABOVE THAMES,-0.4571,51.3786,Thames,THAMES - WEST THAMES,Multiple Values,OPEN,FRESHWATER - RIVERS,2025-07-28T16:24:00,2025,ENVIRONMENTAL MONITORING STATUTORY (EU DIRECTIVES),RIVER / RUNNING SURFACE WATER,5863,Pentachlorobenzene,<0.0001,MICROGRAM PER LITRE
https://environment.data.gov.uk/water-quality/sampling-point/TH-PWER0030/sample/1441890/observation/5889,TH-PWER0030,WEY ABOVE THAMES,-0.4571,51.3786,Thames,THAMES - WEST THAMES,Multiple Values,OPEN,FRESHWATER - RIVERS,2025-07-28T16:24:00,2025,ENVIRONMENTAL MONITORING STATUTORY (EU DIRECTIVES),RIVER / RUNNING SURFACE WATER,5889,Triclosan,0.024,MICROGRAM PER LITRE
https://environment.data.gov.uk/water-quality/sampling-point/TH-PWER0030/sample/1441890/observation/6037,TH-PWER0030,WEY ABOVE THAMES,-0.4571,51.3786,Thames,THAMES - WEST THAMES,Multiple Values,OPEN,FRESHWATER - RIVERS,2025-07-28T16:24:00,2025,ENVIRONMENTAL MONITORING STATUTORY (EU DIRECTIVES),RIVER / RUNNING SURFACE WATER,6037,"Aluminium, Dissolved",<20,MICROGRAM PER LITRE
https://environment.data.gov.uk/water-quality/sampling-point/TH-PWER0030/sample/1441890/observation/6045,TH-PWER0030,WEY ABOVE THAMES,-0.4571,51.3786,Thames,THAMES - WEST THAMES,Multiple Values,OPEN,FRESHWATER - RIVERS,2025-07-28T16:24:00,2025,ENVIRONMENTAL MONITORING STATUTORY (EU DIRECTIVES),RIVER / RUNNING SURFACE WATER,6045,"Arsenic, Dissolved",1.1,MICROGRAM PER LITRE
https://environment.data.gov.uk/water-quality/sampling-point/TH-PWER0030/sample/1441890/observation/6376,TH-PWER0030,WEY ABOVE THAMES,-0.4571,51.3786,Thames,THAMES - WEST THAMES,Multiple Values,OPEN,FRESHWATER - RIVERS,2025-07-28T16:24:00,2025,ENVIRONMENTAL MONITORING STATUTORY (EU DIRECTIVES),RIVER / RUNNING SURFACE WATER,6376,Chloromethane :- {Methyl Chloride},<0.5,MICROGRAM PER LITRE
https://environment.data.gov.uk/water-quality/sampling-point/TH-PWER0030/sample/1441890/observation/6399,TH-PWER0030,WEY ABOVE THAMES,-0.4571,51.3786,Thames,THAMES - WEST THAMES,Multiple Values,OPEN,FRESHWATER - RIVERS,2025-07-28T16:24:00,2025,ENVIRONMENTAL MONITORING STATUTORY (EU DIRECTIVES),RIVER / RUNNING SURFACE WATER,6399,Benzo(a)Pyrene,0.0028,MICROGRAM PER LITRE
https://environment.data.gov.uk/water-quality/sampling-point/TH-PWER0030/sample/1441890/observation/6447,TH-PWER0030,WEY ABOVE THAMES,-0.4571,51.3786,Thames,THAMES - WEST THAMES,Multiple Values,OPEN,FRESHWATER - RIVERS,2025-07-28T16:24:00,2025,ENVIRONMENTAL MONITORING STATUTORY (EU DIRECTIVES),RIVER / RUNNING SURFACE WATER,6447,Dimethoate,<0.0001,MICROGRAM PER LITRE
https://environment.data.gov.uk/water-quality/sampling-point/TH-PWER0030/sample/1441890/observation/6450,TH-PWER0030,WEY ABOVE THAMES,-0.4571,51.3786,Thames,THAMES - WEST THAMES,Multiple Values,OPEN,FRESHWATER - RIVERS,2025-07-28T16:24:00,2025,ENVIRONMENTAL MONITORING STATUTORY (EU DIRECTIVES),RIVER / RUNNING SURFACE WATER,6450,"Copper, Dissolved",2.1,MICROGRAM PER LITRE
https://environment.data.gov.uk/water-quality/sampling-point/TH-PWER0030/sample/1441890/observation/6458,TH-PWER0030,WEY ABOVE THAMES,-0.4571,51.3786,Thames,THAMES - WEST THAMES,Multiple Values,OPEN,FRESHWATER - RIVERS,2025-07-28T16:24:00,2025,ENVIRONMENTAL MONITORING STATUTORY (EU DIRECTIVES),RIVER / RUNNING SURFACE WATER,6458,"Manganese, Dissolved",19,MICROGRAM PER LITRE
https://environment.data.gov.uk/water-quality/sampling-point/TH-PWER0030/sample/1441890/observation/6460,TH-PWER0030,WEY ABOVE THAMES,-0.4571,51.3786,Thames,THAMES - WEST THAMES,Multiple Values,OPEN,FRESHWATER - RIVERS,2025-07-28T16:24:00,2025,ENVIRONMENTAL MONITORING STATUTORY (EU DIRECTIVES),RIVER / RUNNING SURFACE WATER,6460,"Iron, Dissolved",130,MICROGRAM PER LITRE
https://environment.data.gov.uk/water-quality/sampling-point/TH-PWER0030/sample/1441890/observation/6534,TH-PWER0030,WEY ABOVE THAMES,-0.4571,51.3786,Thames,THAMES - WEST THAMES,Multiple Values,OPEN,FRESHWATER - RIVERS,2025-07-28T16:24:00,2025,ENVIRONMENTAL MONITORING STATUTORY (EU DIRECTIVES),RIVER / RUNNING SURFACE WATER,6534,"1,1,1,2-Tetrachloroethane",<0.1,MICROGRAM PER LITRE
https://environment.data.gov.uk/water-quality/sampling-point/TH-PWER0030/sample/1441890/observation/6537,TH-PWER0030,WEY ABOVE THAMES,-0.4571,51.3786,Thames,THAMES - WEST THAMES,Multiple Values,OPEN,FRESHWATER - RIVERS,2025-07-28T16:24:00,2025,ENVIRONMENTAL MONITORING STATUTORY (EU DIRECTIVES),RIVER / RUNNING SURFACE WATER,6537,"1,2-Dibromo-3-chloropropane",<0.1,MICROGRAM PER LITRE
https://environment.data.gov.uk/water-quality/sampling-point/TH-PWER0030/sample/1441890/observation/6538,TH-PWER0030,WEY ABOVE THAMES,-0.4571,51.3786,Thames,THAMES - WEST THAMES,Multiple Values,OPEN,FRESHWATER - RIVERS,2025-07-28T16:24:00,2025,ENVIRONMENTAL MONITORING STATUTORY (EU DIRECTIVES),RIVER / RUNNING SURFACE WATER,6538,"cis-1,2-Dichloroethylene :- {cis-1,2-Dichloroethene}",0.45,MICROGRAM PER LITRE
https://environment.data.gov.uk/water-quality/sampling-point/TH-PWER0030/sample/1441890/observation/6539,TH-PWER0030,WEY ABOVE THAMES,-0.4571,51.3786,Thames,THAMES - WEST THAMES,Multiple Values,OPEN,FRESHWATER - RIVERS,2025-07-28T16:24:00,2025,ENVIRONMENTAL MONITORING STATUTORY (EU DIRECTIVES),RIVER / RUNNING SURFACE WATER,6539,"trans-1,2-Dichloroethylene :- {trans-1,2-Dichloroethene}",<0.1,MICROGRAM PER LITRE
https://environment.data.gov.uk/water-quality/sampling-point/TH-PWER0030/sample/1441890/observation/6540,TH-PWER0030,WEY ABOVE THAMES,-0.4571,51.3786,Thames,THAMES - WEST THAMES,Multiple Values,OPEN,FRESHWATER - RIVERS,2025-07-28T16:24:00,2025,ENVIRONMENTAL MONITORING STATUTORY (EU DIRECTIVES),RIVER / RUNNING SURFACE WATER,6540,"1,2-Dichloropropane",<0.1,MICROGRAM PER LITRE
https://environment.data.gov.uk/water-quality/sampling-point/TH-PWER0030/sample/1441890/observation/6541,TH-PWER0030,WEY ABOVE THAMES,-0.4571,51.3786,Thames,THAMES - WEST THAMES,Multiple Values,OPEN,FRESHWATER - RIVERS,2025-07-28T16:24:00,2025,ENVIRONMENTAL MONITORING STATUTORY (EU DIRECTIVES),RIVER / RUNNING SURFACE WATER,6541,"1,2,3-Trichloropropane",<0.5,MICROGRAM PER LITRE
https://environment.data.gov.uk/water-quality/sampling-point/TH-PWER0030/sample/1441890/observation/6542,TH-PWER0030,WEY ABOVE THAMES,-0.4571,51.3786,Thames,THAMES - WEST THAMES,Multiple Values,OPEN,FRESHWATER - RIVERS,2025-07-28T16:24:00,2025,ENVIRONMENTAL MONITORING STATUTORY (EU DIRECTIVES),RIVER / RUNNING SURFACE WATER,6542,"1,3-Dichloropropane",<0.1,MICROGRAM PER LITRE
https://environment.data.gov.uk/water-quality/sampling-point/TH-PWER0030/sample/1441890/observation/6543,TH-PWER0030,WEY ABOVE THAMES,-0.4571,51.3786,Thames,THAMES - WEST THAMES,Multiple Values,OPEN,FRESHWATER - RIVERS,2025-07-28T16:24:00,2025,ENVIRONMENTAL MONITORING STATUTORY (EU DIRECTIVES),RIVER / RUNNING SURFACE WATER,6543,"cis-1,3-Dichloropropylene :- {cis-1,3-Dichloropropene}",<0.1,MICROGRAM PER LITRE
https://environment.data.gov.uk/water-quality/sampling-point/TH-PWER0030/sample/1441890/observation/6544,TH-PWER0030,WEY ABOVE THAMES,-0.4571,51.3786,Thames,THAMES - WEST THAMES,Multiple Values,OPEN,FRESHWATER - RIVERS,2025-07-28T16:24:00,2025,ENVIRONMENTAL MONITORING STATUTORY (EU DIRECTIVES),RIVER / RUNNING SURFACE WATER,6544,"trans-1,3-Dichloropropylene :- {trans-1,3-Dichloropropene}",<0.5,MICROGRAM PER LITRE
https://environment.data.gov.uk/water-quality/sampling-point/TH-PWER0030/sample/1441890/observation/6547,TH-PWER0030,WEY ABOVE THAMES,-0.4571,51.3786,Thames,THAMES - WEST THAMES,Multiple Values,OPEN,FRESHWATER - RIVERS,2025-07-28T16:24:00,2025,ENVIRONMENTAL MONITORING STATUTORY (EU DIRECTIVES),RIVER / RUNNING SURFACE WATER,6547,2-Chlorotoluene :- {1-Chloro-2-methylbenzene},<0.1,MICROGRAM PER LITRE
https://environment.data.gov.uk/water-quality/sampling-point/TH-PWER0030/sample/1441890/observation/6569,TH-PWER0030,WEY ABOVE THAMES,-0.4571,51.3786,Thames,THAMES - WEST THAMES,Multiple Values,OPEN,FRESHWATER - RIVERS,2025-07-28T16:24:00,2025,ENVIRONMENTAL MONITORING STATUTORY (EU DIRECTIVES),RIVER / RUNNING SURFACE WATER,6569,"2,6-Dimethylphenol :- {2,6-Xylenol}",<0.02,MICROGRAM PER LITRE
https://environment.data.gov.uk/water-quality/sampling-point/TH-PWER0030/sample/1441890/observation/6577,TH-PWER0030,WEY ABOVE THAMES,-0.4571,51.3786,Thames,THAMES - WEST THAMES,Multiple Values,OPEN,FRESHWATER - RIVERS,2025-07-28T16:24:00,2025,ENVIRONMENTAL MONITORING STATUTORY (EU DIRECTIVES),RIVER / RUNNING SURFACE WATER,6577,"3,4-Dimethylphenol :- {3,4-Xylenol}",<0.02,MICROGRAM PER LITRE
https://environment.data.gov.uk/water-quality/sampling-point/TH-PWER0030/sample/1441890/observation/6578,TH-PWER0030,WEY ABOVE THAMES,-0.4571,51.3786,Thames,THAMES - WEST THAMES,Multiple Values,OPEN,FRESHWATER - RIVERS,2025-07-28T16:24:00,2025,ENVIRONMENTAL MONITORING STATUTORY (EU DIRECTIVES),RIVER / RUNNING SURFACE WATER,6578,4-Chlorotoluene :- {1-Chloro-4-methylbenzene},<0.1,MICROGRAM PER LITRE
https://environment.data.gov.uk/water-quality/sampling-point/TH-PWER0030/sample/1441890/observation/6579,TH-PWER0030,WEY ABOVE THAMES,-0.4571,51.3786,Thames,THAMES - WEST THAMES,Multiple Values,OPEN,FRESHWATER - RIVERS,2025-07-28T16:24:00,2025,ENVIRONMENTAL MONITORING STATUTORY (EU DIRECTIVES),RIVER / RUNNING SURFACE WATER,6579,4-Isopropyltoluene :- {4-methyl-Isopropylbenzene},<0.1,MICROGRAM PER LITRE
https://environment.data.gov.uk/water-quality/sampling-point/TH-PWER0030/sample/1441890/observation/6584,TH-PWER0030,WEY ABOVE THAMES,-0.4571,51.3786,Thames,THAMES - WEST THAMES,Multiple Values,OPEN,FRESHWATER - RIVERS,2025-07-28T16:24:00,2025,ENVIRONMENTAL MONITORING STATUTORY (EU DIRECTIVES),RIVER / RUNNING SURFACE WATER,6584,"4-Chloro-3,5-dimethylphenol :- {PCMX}",0.028,MICROGRAM PER LITRE
https://environment.data.gov.uk/water-quality/sampling-point/TH-PWER0030/sample/1441890/observation/6603,TH-PWER0030,WEY ABOVE THAMES,-0.4571,51.3786,Thames,THAMES - WEST THAMES,Multiple Values,OPEN,FRESHWATER - RIVERS,2025-07-28T16:24:00,2025,ENVIRONMENTAL MONITORING STATUTORY (EU DIRECTIVES),RIVER / RUNNING SURFACE WATER,6603,Bifenox,<0.0001,MICROGRAM PER LITRE
https://environment.data.gov.uk/water-quality/sampling-point/TH-PWER0030/sample/1441890/observation/6604,TH-PWER0030,WEY ABOVE THAMES,-0.4571,51.3786,Thames,THAMES - WEST THAMES,Multiple Values,OPEN,FRESHWATER - RIVERS,2025-07-28T16:24:00,2025,ENVIRONMENTAL MONITORING STATUTORY (EU DIRECTIVES),RIVER / RUNNING SURFACE WATER,6604,Bromobenzene,<0.1,MICROGRAM PER LITRE
https://environment.data.gov.uk/water-quality/sampling-point/TH-PWER0030/sample/1441890/observation/6605,TH-PWER0030,WEY ABOVE THAMES,-0.4571,51.3786,Thames,THAMES - WEST THAMES,Multiple Values,OPEN,FRESHWATER - RIVERS,2025-07-28T16:24:00,2025,ENVIRONMENTAL MONITORING STATUTORY (EU DIRECTIVES),RIVER / RUNNING SURFACE WATER,6605,Bromochloromethane,<0.1,MICROGRAM PER LITRE
https://environment.data.gov.uk/water-quality/sampling-point/TH-PWER0030/sample/1441890/observation/6615,TH-PWER0030,WEY ABOVE THAMES,-0.4571,51.3786,Thames,THAMES - WEST THAMES,Multiple Values,OPEN,FRESHWATER - RIVERS,2025-07-28T16:24:00,2025,ENVIRONMENTAL MONITORING STATUTORY (EU DIRECTIVES),RIVER / RUNNING SURFACE WATER,6615,Chlorothalonil,<0.0005,MICROGRAM PER LITRE
https://environment.data.gov.uk/water-quality/sampling-point/TH-PWER0030/sample/1441890/observation/6648,TH-PWER0030,WEY ABOVE THAMES,-0.4571,51.3786,Thames,THAMES - WEST THAMES,Multiple Values,OPEN,FRESHWATER - RIVERS,2025-07-28T16:24:00,2025,ENVIRONMENTAL MONITORING STATUTORY (EU DIRECTIVES),RIVER / RUNNING SURFACE WATER,6648,Hexachlorobutadiene,<0.0001,MICROGRAM PER LITRE
https://environment.data.gov.uk/water-quality/sampling-point/TH-PWER0030/sample/1441890/observation/6656,TH-PWER0030,WEY ABOVE THAMES,-0.4571,51.3786,Thames,THAMES - WEST THAMES,Multiple Values,OPEN,FRESHWATER - RIVERS,2025-07-28T16:24:00,2025,ENVIRONMENTAL MONITORING STATUTORY (EU DIRECTIVES),RIVER / RUNNING SURFACE WATER,6656,MTBE :- {Methyl tert-butyl ether},<0.1,MICROGRAM PER LITRE
https://environment.data.gov.uk/water-quality/sampling-point/TH-PWER0030/sample/1441890/observation/6658,TH-PWER0030,WEY ABOVE THAMES,-0.4571,51.3786,Thames,THAMES - WEST THAMES,Multiple Values,OPEN,FRESHWATER - RIVERS,2025-07-28T16:24:00,2025,ENVIRONMENTAL MONITORING STATUTORY (EU DIRECTIVES),RIVER / RUNNING SURFACE WATER,6658,n-ButylBenzene :- {1-Phenylbutane},<0.1,MICROGRAM PER LITRE
https://environment.data.gov.uk/water-quality/sampling-point/TH-PWER0030/sample/1441890/observation/6659,TH-PWER0030,WEY ABOVE THAMES,-0.4571,51.3786,Thames,THAMES - WEST THAMES,Multiple Values,OPEN,FRESHWATER - RIVERS,2025-07-28T16:24:00,2025,ENVIRONMENTAL MONITORING STATUTORY (EU DIRECTIVES),RIVER / RUNNING SURFACE WATER,6659,n-Propylbenzene :- {1-Phenylpropane},<0.1,MICROGRAM PER LITRE
https://environment.data.gov.uk/water-quality/sampling-point/TH-PWER0030/sample/1441890/observation/6690,TH-PWER0030,WEY ABOVE THAMES,-0.4571,51.3786,Thames,THAMES - WEST THAMES,Multiple Values,OPEN,FRESHWATER - RIVERS,2025-07-28T16:24:00,2025,ENVIRONMENTAL MONITORING STATUTORY (EU DIRECTIVES),RIVER / RUNNING SURFACE WATER,6690,sec-Butylbenzene :- {1-Methylpropylbenzene},<0.1,MICROGRAM PER LITRE
https://environment.data.gov.uk/water-quality/sampling-point/TH-PWER0030/sample/1441890/observation/6693,TH-PWER0030,WEY ABOVE THAMES,-0.4571,51.3786,Thames,THAMES - WEST THAMES,Multiple Values,OPEN,FRESHWATER - RIVERS,2025-07-28T16:24:00,2025,ENVIRONMENTAL MONITORING STATUTORY (EU DIRECTIVES),RIVER / RUNNING SURFACE WATER,6693,"Strontium, Filtered",190,MICROGRAM PER LITRE
https://environment.data.gov.uk/water-quality/sampling-point/TH-PWER0030/sample/1441890/observation/6697,TH-PWER0030,WEY ABOVE THAMES,-0.4571,51.3786,Thames,THAMES - WEST THAMES,Multiple Values,OPEN,FRESHWATER - RIVERS,2025-07-28T16:24:00,2025,ENVIRONMENTAL MONITORING STATUTORY (EU DIRECTIVES),RIVER / RUNNING SURFACE WATER,6697,"tert-Butylbenzene :- {(1,1-Dimethylethyl)benzene}",<0.1,MICROGRAM PER LITRE
https://environment.data.gov.uk/water-quality/sampling-point/TH-PWER0030/sample/1441890/observation/6711,TH-PWER0030,WEY ABOVE THAMES,-0.4571,51.3786,Thames,THAMES - WEST THAMES,Multiple Values,OPEN,FRESHWATER - RIVERS,2025-07-28T16:24:00,2025,ENVIRONMENTAL MONITORING STATUTORY (EU DIRECTIVES),RIVER / RUNNING SURFACE WATER,6711,Trichlorofluoromethane,<0.1,MICROGRAM PER LITRE
https://environment.data.gov.uk/water-quality/sampling-point/TH-PWER0030/sample/1441890/observation/6715,TH-PWER0030,WEY ABOVE THAMES,-0.4571,51.3786,Thames,THAMES - WEST THAMES,Multiple Values,OPEN,FRESHWATER - RIVERS,2025-07-28T16:24:00,2025,ENVIRONMENTAL MONITORING STATUTORY (EU DIRECTIVES),RIVER / RUNNING SURFACE WATER,6715,Vinyl chloride :- {Chloroethylene},<0.1,MICROGRAM PER LITRE
https://environment.data.gov.uk/water-quality/sampling-point/TH-PWER0030/sample/1441890/observation/6716,TH-PWER0030,WEY ABOVE THAMES,-0.4571,51.3786,Thames,THAMES - WEST THAMES,Multiple Values,OPEN,FRESHWATER - RIVERS,2025-07-28T16:24:00,2025,ENVIRONMENTAL MONITORING STATUTORY (EU DIRECTIVES),RIVER / RUNNING SURFACE WATER,6716,"Dimethylbenzene : Sum of isomers (1,3- 1,4-)",<0.2,MICROGRAM PER LITRE
https://environment.data.gov.uk/water-quality/sampling-point/TH-PWER0030/sample/1441890/observation/6724,TH-PWER0030,WEY ABOVE THAMES,-0.4571,51.3786,Thames,THAMES - WEST THAMES,Multiple Values,OPEN,FRESHWATER - RIVERS,2025-07-28T16:24:00,2025,ENVIRONMENTAL MONITORING STATUTORY (EU DIRECTIVES),RIVER / RUNNING SURFACE WATER,6724,Di(2-ethylhexyl) phthalate :- {DEHP},<0.2,MICROGRAM PER LITRE
https://environment.data.gov.uk/water-quality/sampling-point/TH-PWER0030/sample/1441890/observation/6744,TH-PWER0030,WEY ABOVE THAMES,-0.4571,51.3786,Thames,THAMES - WEST THAMES,Multiple Values,OPEN,FRESHWATER - RIVERS,2025-07-28T16:24:00,2025,ENVIRONMENTAL MONITORING STATUTORY (EU DIRECTIVES),RIVER / RUNNING SURFACE WATER,6744,"2,2-Dichloropropane",<0.1,MICROGRAM PER LITRE
https://environment.data.gov.uk/water-quality/sampling-point/TH-PWER0030/sample/1441890/observation/6753,TH-PWER0030,WEY ABOVE THAMES,-0.4571,51.3786,Thames,THAMES - WEST THAMES,Multiple Values,OPEN,FRESHWATER - RIVERS,2025-07-28T16:24:00,2025,ENVIRONMENTAL MONITORING STATUTORY (EU DIRECTIVES),RIVER / RUNNING SURFACE WATER,6753,Anthracene,<0.01,MICROGRAM PER LITRE
https://environment.data.gov.uk/water-quality/sampling-point/TH-PWER0030/sample/1441890/observation/6760,TH-PWER0030,WEY ABOVE THAMES,-0.4571,51.3786,Thames,THAMES - WEST THAMES,Multiple Values,OPEN,FRESHWATER - RIVERS,2025-07-28T16:24:00,2025,ENVIRONMENTAL MONITORING STATUTORY (EU DIRECTIVES),RIVER / RUNNING SURFACE WATER,6760,Chloridazon,<0.01,MICROGRAM PER LITRE
https://environment.data.gov.uk/water-quality/sampling-point/TH-PWER0030/sample/1441890/observation/6955,TH-PWER0030,WEY ABOVE THAMES,-0.4571,51.3786,Thames,THAMES - WEST THAMES,Multiple Values,OPEN,FRESHWATER - RIVERS,2025-07-28T16:24:00,2025,ENVIRONMENTAL MONITORING STATUTORY (EU DIRECTIVES),RIVER / RUNNING SURFACE WATER,6955,Ethiofencarb,<0.005,MICROGRAM PER LITRE
https://environment.data.gov.uk/water-quality/sampling-point/TH-PWER0030/sample/1441890/observation/6971,TH-PWER0030,WEY ABOVE THAMES,-0.4571,51.3786,Thames,THAMES - WEST THAMES,Multiple Values,OPEN,FRESHWATER - RIVERS,2025-07-28T16:24:00,2025,ENVIRONMENTAL MONITORING STATUTORY (EU DIRECTIVES),RIVER / RUNNING SURFACE WATER,6971,Methiocarb,<0.001,MICROGRAM PER LITRE
https://environment.data.gov.uk/water-quality/sampling-point/TH-PWER0030/sample/1441890/observation/6972,TH-PWER0030,WEY ABOVE THAMES,-0.4571,51.3786,Thames,THAMES - WEST THAMES,Multiple Values,OPEN,FRESHWATER - RIVERS,2025-07-28T16:24:00,2025,ENVIRONMENTAL MONITORING STATUTORY (EU DIRECTIVES),RIVER / RUNNING SURFACE WATER,6972,Methomyl,<0.005,MICROGRAM PER LITRE
https://environment.data.gov.uk/water-quality/sampling-point/TH-PWER0030/sample/1441890/observation/6980,TH-PWER0030,WEY ABOVE THAMES,-0.4571,51.3786,Thames,THAMES - WEST THAMES,Multiple Values,OPEN,FRESHWATER - RIVERS,2025-07-28T16:24:00,2025,ENVIRONMENTAL MONITORING STATUTORY (EU DIRECTIVES),RIVER / RUNNING SURFACE WATER,6980,Oxamyl,<0.005,MICROGRAM PER LITRE
https://environment.data.gov.uk/water-quality/sampling-point/TH-PWER0030/sample/1441890/observation/6987,TH-PWER0030,WEY ABOVE THAMES,-0.4571,51.3786,Thames,THAMES - WEST THAMES,Multiple Values,OPEN,FRESHWATER - RIVERS,2025-07-28T16:24:00,2025,ENVIRONMENTAL MONITORING STATUTORY (EU DIRECTIVES),RIVER / RUNNING SURFACE WATER,6987,Propoxur,<0.005,MICROGRAM PER LITRE
https://environment.data.gov.uk/water-quality/sampling-point/TH-PWER0030/sample/1441890/observation/7053,TH-PWER0030,WEY ABOVE THAMES,-0.4571,51.3786,Thames,THAMES - WEST THAMES,Multiple Values,OPEN,FRESHWATER - RIVERS,2025-07-28T16:24:00,2025,ENVIRONMENTAL MONITORING STATUTORY (EU DIRECTIVES),RIVER / RUNNING SURFACE WATER,7053,Methabenzthiazuron,<0.01,MICROGRAM PER LITRE
https://environment.data.gov.uk/water-quality/sampling-point/TH-PWER0030/sample/1441890/observation/7086,TH-PWER0030,WEY ABOVE THAMES,-0.4571,51.3786,Thames,THAMES - WEST THAMES,Multiple Values,OPEN,FRESHWATER - RIVERS,2025-07-28T16:24:00,2025,ENVIRONMENTAL MONITORING STATUTORY (EU DIRECTIVES),RIVER / RUNNING SURFACE WATER,7086,Alachlor,<0.0001,MICROGRAM PER LITRE
https://environment.data.gov.uk/water-quality/sampling-point/TH-PWER0030/sample/1441890/observation/7125,TH-PWER0030,WEY ABOVE THAMES,-0.4571,51.3786,Thames,THAMES - WEST THAMES,Multiple Values,OPEN,FRESHWATER - RIVERS,2025-07-28T16:24:00,2025,ENVIRONMENTAL MONITORING STATUTORY (EU DIRECTIVES),RIVER / RUNNING SURFACE WATER,7125,Aminomethylphosphonic acid,0.79,MICROGRAM PER LITRE
https://environment.data.gov.uk/water-quality/sampling-point/TH-PWER0030/sample/1441890/observation/7325,TH-PWER0030,WEY ABOVE THAMES,-0.4571,51.3786,Thames,THAMES - WEST THAMES,Multiple Values,OPEN,FRESHWATER - RIVERS,2025-07-28T16:24:00,2025,ENVIRONMENTAL MONITORING STATUTORY (EU DIRECTIVES),RIVER / RUNNING SURFACE WATER,7325,Pyrene,<0.01,MICROGRAM PER LITRE
https://environment.data.gov.uk/water-quality/sampling-point/TH-PWER0030/sample/1441890/observation/7395,TH-PWER0030,WEY ABOVE THAMES,-0.4571,51.3786,Thames,THAMES - WEST THAMES,Multiple Values,OPEN,FRESHWATER - RIVERS,2025-07-28T16:24:00,2025,ENVIRONMENTAL MONITORING STATUTORY (EU DIRECTIVES),RIVER / RUNNING SURFACE WATER,7395,Acenaphthene,<0.01,MICROGRAM PER LITRE
https://environment.data.gov.uk/water-quality/sampling-point/TH-PWER0030/sample/1441890/observation/7531,TH-PWER0030,WEY ABOVE THAMES,-0.4571,51.3786,Thames,THAMES - WEST THAMES,Multiple Values,OPEN,FRESHWATER - RIVERS,2025-07-28T16:24:00,2025,ENVIRONMENTAL MONITORING STATUTORY (EU DIRECTIVES),RIVER / RUNNING SURFACE WATER,7531,"1,1,2,2-Tetrachloroethane",<0.1,MICROGRAM PER LITRE
https://environment.data.gov.uk/water-quality/sampling-point/TH-PWER0030/sample/1441890/observation/7574,TH-PWER0030,WEY ABOVE THAMES,-0.4571,51.3786,Thames,THAMES - WEST THAMES,Multiple Values,OPEN,FRESHWATER - RIVERS,2025-07-28T16:24:00,2025,ENVIRONMENTAL MONITORING STATUTORY (EU DIRECTIVES),RIVER / RUNNING SURFACE WATER,7574,Isopropylbenzene :- {Methylethylbenzene},<0.1,MICROGRAM PER LITRE
https://environment.data.gov.uk/water-quality/sampling-point/TH-PWER0030/sample/1441890/observation/7859,TH-PWER0030,WEY ABOVE THAMES,-0.4571,51.3786,Thames,THAMES - WEST THAMES,Multiple Values,OPEN,FRESHWATER - RIVERS,2025-07-28T16:24:00,2025,ENVIRONMENTAL MONITORING STATUTORY (EU DIRECTIVES),RIVER / RUNNING SURFACE WATER,7859,"Sulphate, Dissolved as SO4",44,MILLIGRAM PER LITRE
https://environment.data.gov.uk/water-quality/sampling-point/TH-PWER0030/sample/1441890/observation/7864,TH-PWER0030,WEY ABOVE THAMES,-0.4571,51.3786,Thames,THAMES - WEST THAMES,Multiple Values,OPEN,FRESHWATER - RIVERS,2025-07-28T16:24:00,2025,ENVIRONMENTAL MONITORING STATUTORY (EU DIRECTIVES),RIVER / RUNNING SURFACE WATER,7864,Fluorene,<0.01,MICROGRAM PER LITRE
https://environment.data.gov.uk/water-quality/sampling-point/TH-PWER0030/sample/1441890/observation/8310,TH-PWER0030,WEY ABOVE THAMES,-0.4571,51.3786,Thames,THAMES - WEST THAMES,Multiple Values,OPEN,FRESHWATER - RIVERS,2025-07-28T16:24:00,2025,ENVIRONMENTAL MONITORING STATUTORY (EU DIRECTIVES),RIVER / RUNNING SURFACE WATER,8310,Chrysene,<0.01,MICROGRAM PER LITRE
https://environment.data.gov.uk/water-quality/sampling-point/TH-PWER0030/sample/1441890/observation/8311,TH-PWER0030,WEY ABOVE THAMES,-0.4571,51.3786,Thames,THAMES - WEST THAMES,Multiple Values,OPEN,FRESHWATER - RIVERS,2025-07-28T16:24:00,2025,ENVIRONMENTAL MONITORING STATUTORY (EU DIRECTIVES),RIVER / RUNNING SURFACE WATER,8311,Acenaphthylene,<0.01,MICROGRAM PER LITRE
https://environment.data.gov.uk/water-quality/sampling-point/TH-PWER0030/sample/1441890/observation/8360,TH-PWER0030,WEY ABOVE THAMES,-0.4571,51.3786,Thames,THAMES - WEST THAMES,Multiple Values,OPEN,FRESHWATER - RIVERS,2025-07-28T16:24:00,2025,ENVIRONMENTAL MONITORING STATUTORY (EU DIRECTIVES),RIVER / RUNNING SURFACE WATER,8360,"Dibenzo(a,h)Anthracene",<0.01,MICROGRAM PER LITRE
https://environment.data.gov.uk/water-quality/sampling-point/TH-PWER0030/sample/1441890/observation/8806,TH-PWER0030,WEY ABOVE THAMES,-0.4571,51.3786,Thames,THAMES - WEST THAMES,Multiple Values,OPEN,FRESHWATER - RIVERS,2025-07-28T16:24:00,2025,ENVIRONMENTAL MONITORING STATUTORY (EU DIRECTIVES),RIVER / RUNNING SURFACE WATER,8806,Aldicarb sulfoxide,<0.005,MICROGRAM PER LITRE
https://environment.data.gov.uk/water-quality/sampling-point/TH-PWER0030/sample/1441890/observation/8807,TH-PWER0030,WEY ABOVE THAMES,-0.4571,51.3786,Thames,THAMES - WEST THAMES,Multiple Values,OPEN,FRESHWATER - RIVERS,2025-07-28T16:24:00,2025,ENVIRONMENTAL MONITORING STATUTORY (EU DIRECTIVES),RIVER / RUNNING SURFACE WATER,8807,Aldoxycarb :- {Aldicarb Sulfone},<0.005,MICROGRAM PER LITRE
https://environment.data.gov.uk/water-quality/sampling-point/TH-PWER0030/sample/1441890/observation/8847,TH-PWER0030,WEY ABOVE THAMES,-0.4571,51.3786,Thames,THAMES - WEST THAMES,Multiple Values,OPEN,FRESHWATER - RIVERS,2025-07-28T16:24:00,2025,ENVIRONMENTAL MONITORING STATUTORY (EU DIRECTIVES),RIVER / RUNNING SURFACE WATER,8847,Carbon Disulphide,<0.1,MICROGRAM PER LITRE
https://environment.data.gov.uk/water-quality/sampling-point/TH-PWER0030/sample/1441890/observation/8864,TH-PWER0030,WEY ABOVE THAMES,-0.4571,51.3786,Thames,THAMES - WEST THAMES,Multiple Values,OPEN,FRESHWATER - RIVERS,2025-07-28T16:24:00,2025,ENVIRONMENTAL MONITORING STATUTORY (EU DIRECTIVES),RIVER / RUNNING SURFACE WATER,8864,cis-Heptachlor epoxide,<0.00004,MICROGRAM PER LITRE
https://environment.data.gov.uk/water-quality/sampling-point/TH-PWER0030/sample/1441890/observation/8865,TH-PWER0030,WEY ABOVE THAMES,-0.4571,51.3786,Thames,THAMES - WEST THAMES,Multiple Values,OPEN,FRESHWATER - RIVERS,2025-07-28T16:24:00,2025,ENVIRONMENTAL MONITORING STATUTORY (EU DIRECTIVES),RIVER / RUNNING SURFACE WATER,8865,trans-Heptachlor epoxide,<0.00004,MICROGRAM PER LITRE
https://environment.data.gov.uk/water-quality/sampling-point/TH-PWER0030/sample/1441890/observation/8940,TH-PWER0030,WEY ABOVE THAMES,-0.4571,51.3786,Thames,THAMES - WEST THAMES,Multiple Values,OPEN,FRESHWATER - RIVERS,2025-07-28T16:24:00,2025,ENVIRONMENTAL MONITORING STATUTORY (EU DIRECTIVES),RIVER / RUNNING SURFACE WATER,8940,Benzo(e)Pyrene,<0.01,MICROGRAM PER LITRE
https://environment.data.gov.uk/water-quality/sampling-point/TH-PWER0030/sample/1441890/observation/8944,TH-PWER0030,WEY ABOVE THAMES,-0.4571,51.3786,Thames,THAMES - WEST THAMES,Multiple Values,OPEN,FRESHWATER - RIVERS,2025-07-28T16:24:00,2025,ENVIRONMENTAL MONITORING STATUTORY (EU DIRECTIVES),RIVER / RUNNING SURFACE WATER,8944,Tributyl Tin as Cation,0.00006,MICROGRAM PER LITRE
https://environment.data.gov.uk/water-quality/sampling-point/TH-PWER0030/sample/1441890/observation/8999,TH-PWER0030,WEY ABOVE THAMES,-0.4571,51.3786,Thames,THAMES - WEST THAMES,Multiple Values,OPEN,FRESHWATER - RIVERS,2025-07-28T16:24:00,2025,ENVIRONMENTAL MONITORING STATUTORY (EU DIRECTIVES),RIVER / RUNNING SURFACE WATER,8999,Irgarol 1051,<0.0001,MICROGRAM PER LITRE
https://environment.data.gov.uk/water-quality/sampling-point/TH-PWER0030/sample/1441890/observation/9003,TH-PWER0030,WEY ABOVE THAMES,-0.4571,51.3786,Thames,THAMES - WEST THAMES,Multiple Values,OPEN,FRESHWATER - RIVERS,2025-07-28T16:24:00,2025,ENVIRONMENTAL MONITORING STATUTORY (EU DIRECTIVES),RIVER / RUNNING SURFACE WATER,9003,Perylene,<0.01,MICROGRAM PER LITRE
https://environment.data.gov.uk/water-quality/sampling-point/TH-PWER0030/sample/1441890/observation/9005,TH-PWER0030,WEY ABOVE THAMES,-0.4571,51.3786,Thames,THAMES - WEST THAMES,Multiple Values,OPEN,FRESHWATER - RIVERS,2025-07-28T16:24:00,2025,ENVIRONMENTAL MONITORING STATUTORY (EU DIRECTIVES),RIVER / RUNNING SURFACE WATER,9005,"2,2,3,4,4,5,6-Heptabromodiphenyl ether :- {PBDE 183}",<0.00006,MICROGRAM PER LITRE
https://environment.data.gov.uk/water-quality/sampling-point/TH-PWER0030/sample/1441890/observation/9007,TH-PWER0030,WEY ABOVE THAMES,-0.4571,51.3786,Thames,THAMES - WEST THAMES,Multiple Values,OPEN,FRESHWATER - RIVERS,2025-07-28T16:24:00,2025,ENVIRONMENTAL MONITORING STATUTORY (EU DIRECTIVES),RIVER / RUNNING SURFACE WATER,9007,"2,2,3,4,4,5-Hexabromodiphenyl ether :- {PBDE 138}",<0.00009,MICROGRAM PER LITRE
https://environment.data.gov.uk/water-quality/sampling-point/TH-PWER0030/sample/1441890/observation/9009,TH-PWER0030,WEY ABOVE THAMES,-0.4571,51.3786,Thames,THAMES - WEST THAMES,Multiple Values,OPEN,FRESHWATER - RIVERS,2025-07-28T16:24:00,2025,ENVIRONMENTAL MONITORING STATUTORY (EU DIRECTIVES),RIVER / RUNNING SURFACE WATER,9009,"2,2,3,4,4-Pentabromodiphenyl ether :- {PBDE 85}",<0.00006,MICROGRAM PER LITRE
https://environment.data.gov.uk/water-quality/sampling-point/TH-PWER0030/sample/1441890/observation/9011,TH-PWER0030,WEY ABOVE THAMES,-0.4571,51.3786,Thames,THAMES - WEST THAMES,Multiple Values,OPEN,FRESHWATER - RIVERS,2025-07-28T16:24:00,2025,ENVIRONMENTAL MONITORING STATUTORY (EU DIRECTIVES),RIVER / RUNNING SURFACE WATER,9011,"2,2,4,4,5,5-Hexabromodiphenyl ether :- {PBDE 153}",<0.00006,MICROGRAM PER LITRE
https://environment.data.gov.uk/water-quality/sampling-point/TH-PWER0030/sample/1441890/observation/9013,TH-PWER0030,WEY ABOVE THAMES,-0.4571,51.3786,Thames,THAMES - WEST THAMES,Multiple Values,OPEN,FRESHWATER - RIVERS,2025-07-28T16:24:00,2025,ENVIRONMENTAL MONITORING STATUTORY (EU DIRECTIVES),RIVER / RUNNING SURFACE WATER,9013,"2,2,4,4,5,6-Hexabromodiphenyl ether :- {PBDE 154}",<0.00006,MICROGRAM PER LITRE
https://environment.data.gov.uk/water-quality/sampling-point/TH-PWER0030/sample/1441890/observation/9015,TH-PWER0030,WEY ABOVE THAMES,-0.4571,51.3786,Thames,THAMES - WEST THAMES,Multiple Values,OPEN,FRESHWATER - RIVERS,2025-07-28T16:24:00,2025,ENVIRONMENTAL MONITORING STATUTORY (EU DIRECTIVES),RIVER / RUNNING SURFACE WATER,9015,"2,2,4,4,5-Pentabromodiphenyl ether :- {PBDE 99}",<0.00006,MICROGRAM PER LITRE
https://environment.data.gov.uk/water-quality/sampling-point/TH-PWER0030/sample/1441890/observation/9017,TH-PWER0030,WEY ABOVE THAMES,-0.4571,51.3786,Thames,THAMES - WEST THAMES,Multiple Values,OPEN,FRESHWATER - RIVERS,2025-07-28T16:24:00,2025,ENVIRONMENTAL MONITORING STATUTORY (EU DIRECTIVES),RIVER / RUNNING SURFACE WATER,9017,"2,2,4,4,6-Pentabromodiphenyl ether :- {PBDE 100}",<0.00006,MICROGRAM PER LITRE
https://environment.data.gov.uk/water-quality/sampling-point/TH-PWER0030/sample/1441890/observation/9019,TH-PWER0030,WEY ABOVE THAMES,-0.4571,51.3786,Thames,THAMES - WEST THAMES,Multiple Values,OPEN,FRESHWATER - RIVERS,2025-07-28T16:24:00,2025,ENVIRONMENTAL MONITORING STATUTORY (EU DIRECTIVES),RIVER / RUNNING SURFACE WATER,9019,"2,2,4,4-Tetrabromodiphenyl ether :- {PBDE 47}",<0.00006,MICROGRAM PER LITRE
https://environment.data.gov.uk/water-quality/sampling-point/TH-PWER0030/sample/1441890/observation/9021,TH-PWER0030,WEY ABOVE THAMES,-0.4571,51.3786,Thames,THAMES - WEST THAMES,Multiple Values,OPEN,FRESHWATER - RIVERS,2025-07-28T16:24:00,2025,ENVIRONMENTAL MONITORING STATUTORY (EU DIRECTIVES),RIVER / RUNNING SURFACE WATER,9021,"2,3,4,4-Tetrabromodiphenyl ether :- {PBDE 66}",<0.00007,MICROGRAM PER LITRE
https://environment.data.gov.uk/water-quality/sampling-point/TH-PWER0030/sample/1441890/observation/9051,TH-PWER0030,WEY ABOVE THAMES,-0.4571,51.3786,Thames,THAMES - WEST THAMES,Multiple Values,OPEN,FRESHWATER - RIVERS,2025-07-28T16:24:00,2025,ENVIRONMENTAL MONITORING STATUTORY (EU DIRECTIVES),RIVER / RUNNING SURFACE WATER,9051,"1,2,4-Trichlorobenzene",<0.1,MICROGRAM PER LITRE
https://environment.data.gov.uk/water-quality/sampling-point/TH-PWER0030/sample/1441890/observation/9052,TH-PWER0030,WEY ABOVE THAMES,-0.4571,51.3786,Thames,THAMES - WEST THAMES,Multiple Values,OPEN,FRESHWATER - RIVERS,2025-07-28T16:24:00,2025,ENVIRONMENTAL MONITORING STATUTORY (EU DIRECTIVES),RIVER / RUNNING SURFACE WATER,9052,"1,3,5-Trichlorobenzene",<0.0001,MICROGRAM PER LITRE
https://environment.data.gov.uk/water-quality/sampling-point/TH-PWER0030/sample/1441890/observation/9073,TH-PWER0030,WEY ABOVE THAMES,-0.4571,51.3786,Thames,THAMES - WEST THAMES,Multiple Values,OPEN,FRESHWATER - RIVERS,2025-07-28T16:24:00,2025,ENVIRONMENTAL MONITORING STATUTORY (EU DIRECTIVES),RIVER / RUNNING SURFACE WATER,9073,Carbetamide,<0.01,MICROGRAM PER LITRE
https://environment.data.gov.uk/water-quality/sampling-point/TH-PWER0030/sample/1441890/observation/9091,TH-PWER0030,WEY ABOVE THAMES,-0.4571,51.3786,Thames,THAMES - WEST THAMES,Multiple Values,OPEN,FRESHWATER - RIVERS,2025-07-28T16:24:00,2025,ENVIRONMENTAL MONITORING STATUTORY (EU DIRECTIVES),RIVER / RUNNING SURFACE WATER,9091,"2,5-Dichlorophenol",<0.02,MICROGRAM PER LITRE
https://environment.data.gov.uk/water-quality/sampling-point/TH-PWER0030/sample/1441890/observation/9094,TH-PWER0030,WEY ABOVE THAMES,-0.4571,51.3786,Thames,THAMES - WEST THAMES,Multiple Values,OPEN,FRESHWATER - RIVERS,2025-07-28T16:24:00,2025,ENVIRONMENTAL MONITORING STATUTORY (EU DIRECTIVES),RIVER / RUNNING SURFACE WATER,9094,"2,5-Dimethylphenol :- {2,5-Xylenol}",<0.02,MICROGRAM PER LITRE
https://environment.data.gov.uk/water-quality/sampling-point/TH-PWER0030/sample/1441890/observation/9145,TH-PWER0030,WEY ABOVE THAMES,-0.4571,51.3786,Thames,THAMES - WEST THAMES,Multiple Values,OPEN,FRESHWATER - RIVERS,2025-07-28T16:24:00,2025,ENVIRONMENTAL MONITORING STATUTORY (EU DIRECTIVES),RIVER / RUNNING SURFACE WATER,9145,"1,2-Dibromoethane",<0.1,MICROGRAM PER LITRE
https://environment.data.gov.uk/water-quality/sampling-point/TH-PWER0030/sample/1441890/observation/9190,TH-PWER0030,WEY ABOVE THAMES,-0.4571,51.3786,Thames,THAMES - WEST THAMES,Multiple Values,OPEN,FRESHWATER - RIVERS,2025-07-28T16:24:00,2025,ENVIRONMENTAL MONITORING STATUTORY (EU DIRECTIVES),RIVER / RUNNING SURFACE WATER,9190,4-Nonylphenol Branched,0.055,MICROGRAM PER LITRE
https://environment.data.gov.uk/water-quality/sampling-point/TH-PWER0030/sample/1441890/observation/9248,TH-PWER0030,WEY ABOVE THAMES,-0.4571,51.3786,Thames,THAMES - WEST THAMES,Multiple Values,OPEN,FRESHWATER - RIVERS,2025-07-28T16:24:00,2025,ENVIRONMENTAL MONITORING STATUTORY (EU DIRECTIVES),RIVER / RUNNING SURFACE WATER,9248,"Hexabromocyclododecane Total: (Sum of a, b, g)",<0.0002,MICROGRAM PER LITRE
https://environment.data.gov.uk/water-quality/sampling-point/TH-PWER0030/sample/1441890/observation/9267,TH-PWER0030,WEY ABOVE THAMES,-0.4571,51.3786,Thames,THAMES - WEST THAMES,Multiple Values,OPEN,FRESHWATER - RIVERS,2025-07-28T16:24:00,2025,ENVIRONMENTAL MONITORING STATUTORY (EU DIRECTIVES),RIVER / RUNNING SURFACE WATER,9267,4-tert-Octylphenol :- {p-tert-Octylphenol},<0.01,MICROGRAM PER LITRE
https://environment.data.gov.uk/water-quality/sampling-point/TH-PWER0030/sample/1441890/observation/9274,TH-PWER0030,WEY ABOVE THAMES,-0.4571,51.3786,Thames,THAMES - WEST THAMES,Multiple Values,OPEN,FRESHWATER - RIVERS,2025-07-28T16:24:00,2025,ENVIRONMENTAL MONITORING STATUTORY (EU DIRECTIVES),RIVER / RUNNING SURFACE WATER,9274,Perfluorooctanoate anion,0.002,MICROGRAM PER LITRE
https://environment.data.gov.uk/water-quality/sampling-point/TH-PWER0030/sample/1441890/observation/9276,TH-PWER0030,WEY ABOVE THAMES,-0.4571,51.3786,Thames,THAMES - WEST THAMES,Multiple Values,OPEN,FRESHWATER - RIVERS,2025-07-28T16:24:00,2025,ENVIRONMENTAL MONITORING STATUTORY (EU DIRECTIVES),RIVER / RUNNING SURFACE WATER,9276,Perfluorooctylsulphonate anion,0.0024,MICROGRAM PER LITRE
https://environment.data.gov.uk/water-quality/sampling-point/TH-PWER0030/sample/1441890/observation/9339,TH-PWER0030,WEY ABOVE THAMES,-0.4571,51.3786,Thames,THAMES - WEST THAMES,Multiple Values,OPEN,FRESHWATER - RIVERS,2025-07-28T16:24:00,2025,ENVIRONMENTAL MONITORING STATUTORY (EU DIRECTIVES),RIVER / RUNNING SURFACE WATER,9339,Fenuron,<0.01,MICROGRAM PER LITRE
https://environment.data.gov.uk/water-quality/sampling-point/TH-PWER0030/sample/1441890/observation/9341,TH-PWER0030,WEY ABOVE THAMES,-0.4571,51.3786,Thames,THAMES - WEST THAMES,Multiple Values,OPEN,FRESHWATER - RIVERS,2025-07-28T16:24:00,2025,ENVIRONMENTAL MONITORING STATUTORY (EU DIRECTIVES),RIVER / RUNNING SURFACE WATER,9341,cis-Permethrin,<0.0001,MICROGRAM PER LITRE
https://environment.data.gov.uk/water-quality/sampling-point/TH-PWER0030/sample/1441890/observation/9342,TH-PWER0030,WEY ABOVE THAMES,-0.4571,51.3786,Thames,THAMES - WEST THAMES,Multiple Values,OPEN,FRESHWATER - RIVERS,2025-07-28T16:24:00,2025,ENVIRONMENTAL MONITORING STATUTORY (EU DIRECTIVES),RIVER / RUNNING SURFACE WATER,9342,trans-Permethrin,<0.0001,MICROGRAM PER LITRE
https://environment.data.gov.uk/water-quality/sampling-point/TH-PWER0030/sample/1441890/observation/9343,TH-PWER0030,WEY ABOVE THAMES,-0.4571,51.3786,Thames,THAMES - WEST THAMES,Multiple Values,OPEN,FRESHWATER - RIVERS,2025-07-28T16:24:00,2025,ENVIRONMENTAL MONITORING STATUTORY (EU DIRECTIVES),RIVER / RUNNING SURFACE WATER,9343,Carbaryl,<0.01,MICROGRAM PER LITRE
https://environment.data.gov.uk/water-quality/sampling-point/TH-PWER0030/sample/1441890/observation/9344,TH-PWER0030,WEY ABOVE THAMES,-0.4571,51.3786,Thames,THAMES - WEST THAMES,Multiple Values,OPEN,FRESHWATER - RIVERS,2025-07-28T16:24:00,2025,ENVIRONMENTAL MONITORING STATUTORY (EU DIRECTIVES),RIVER / RUNNING SURFACE WATER,9344,Aldicarb,<0.005,MICROGRAM PER LITRE
https://environment.data.gov.uk/water-quality/sampling-point/TH-PWER0030/sample/1441890/observation/9345,TH-PWER0030,WEY ABOVE THAMES,-0.4571,51.3786,Thames,THAMES - WEST THAMES,Multiple Values,OPEN,FRESHWATER - RIVERS,2025-07-28T16:24:00,2025,ENVIRONMENTAL MONITORING STATUTORY (EU DIRECTIVES),RIVER / RUNNING SURFACE WATER,9345,Diflurobenzuron,<0.01,MICROGRAM PER LITRE
https://environment.data.gov.uk/water-quality/sampling-point/TH-PWER0030/sample/1441890/observation/9348,TH-PWER0030,WEY ABOVE THAMES,-0.4571,51.3786,Thames,THAMES - WEST THAMES,Multiple Values,OPEN,FRESHWATER - RIVERS,2025-07-28T16:24:00,2025,ENVIRONMENTAL MONITORING STATUTORY (EU DIRECTIVES),RIVER / RUNNING SURFACE WATER,9348,Chlorotoluron,<0.01,MICROGRAM PER LITRE
https://environment.data.gov.uk/water-quality/sampling-point/TH-PWER0030/sample/1441890/observation/9446,TH-PWER0030,WEY ABOVE THAMES,-0.4571,51.3786,Thames,THAMES - WEST THAMES,Multiple Values,OPEN,FRESHWATER - RIVERS,2025-07-28T16:24:00,2025,ENVIRONMENTAL MONITORING STATUTORY (EU DIRECTIVES),RIVER / RUNNING SURFACE WATER,9446,"Barium, Dissolved",31,MICROGRAM PER LITRE
https://environment.data.gov.uk/water-quality/sampling-point/TH-PWER0030/sample/1441890/observation/9447,TH-PWER0030,WEY ABOVE THAMES,-0.4571,51.3786,Thames,THAMES - WEST THAMES,Multiple Values,OPEN,FRESHWATER - RIVERS,2025-07-28T16:24:00,2025,ENVIRONMENTAL MONITORING STATUTORY (EU DIRECTIVES),RIVER / RUNNING SURFACE WATER,9447,"Boron, Dissolved",<100,MICROGRAM PER LITRE
https://environment.data.gov.uk/water-quality/sampling-point/TH-PWER0030/sample/1441890/observation/9451,TH-PWER0030,WEY ABOVE THAMES,-0.4571,51.3786,Thames,THAMES - WEST THAMES,Multiple Values,OPEN,FRESHWATER - RIVERS,2025-07-28T16:24:00,2025,ENVIRONMENTAL MONITORING STATUTORY (EU DIRECTIVES),RIVER / RUNNING SURFACE WATER,9451,"2,3-Dimethylphenol :- {2,3-Xylenol}",<0.02,MICROGRAM PER LITRE
https://environment.data.gov.uk/water-quality/sampling-point/TH-PWER0030/sample/1441890/observation/9453,TH-PWER0030,WEY ABOVE THAMES,-0.4571,51.3786,Thames,THAMES - WEST THAMES,Multiple Values,OPEN,FRESHWATER - RIVERS,2025-07-28T16:24:00,2025,ENVIRONMENTAL MONITORING STATUTORY (EU DIRECTIVES),RIVER / RUNNING SURFACE WATER,9453,"2,3-Dichlorophenol",<0.02,MICROGRAM PER LITRE
https://environment.data.gov.uk/water-quality/sampling-point/TH-PWER0030/sample/1441890/observation/9454,TH-PWER0030,WEY ABOVE THAMES,-0.4571,51.3786,Thames,THAMES - WEST THAMES,Multiple Values,OPEN,FRESHWATER - RIVERS,2025-07-28T16:24:00,2025,ENVIRONMENTAL MONITORING STATUTORY (EU DIRECTIVES),RIVER / RUNNING SURFACE WATER,9454,2-Ethyl phenol,<0.02,MICROGRAM PER LITRE
https://environment.data.gov.uk/water-quality/sampling-point/TH-PWER0030/sample/1441890/observation/9456,TH-PWER0030,WEY ABOVE THAMES,-0.4571,51.3786,Thames,THAMES - WEST THAMES,Multiple Values,OPEN,FRESHWATER - RIVERS,2025-07-28T16:24:00,2025,ENVIRONMENTAL MONITORING STATUTORY (EU DIRECTIVES),RIVER / RUNNING SURFACE WATER,9456,"1,2,4-Trimethylbenzene",<0.1,MICROGRAM PER LITRE
https://environment.data.gov.uk/water-quality/sampling-point/TH-PWER0030/sample/1441890/observation/9457,TH-PWER0030,WEY ABOVE THAMES,-0.4571,51.3786,Thames,THAMES - WEST THAMES,Multiple Values,OPEN,FRESHWATER - RIVERS,2025-07-28T16:24:00,2025,ENVIRONMENTAL MONITORING STATUTORY (EU DIRECTIVES),RIVER / RUNNING SURFACE WATER,9457,"1,2,3-Trimethylbenzene",<0.1,MICROGRAM PER LITRE
https://environment.data.gov.uk/water-quality/sampling-point/TH-PWER0030/sample/1441890/observation/9458,TH-PWER0030,WEY ABOVE THAMES,-0.4571,51.3786,Thames,THAMES - WEST THAMES,Multiple Values,OPEN,FRESHWATER - RIVERS,2025-07-28T16:24:00,2025,ENVIRONMENTAL MONITORING STATUTORY (EU DIRECTIVES),RIVER / RUNNING SURFACE WATER,9458,"1,3,5-Trimethylbenzene :- {Mesitylene}",<0.1,MICROGRAM PER LITRE
https://environment.data.gov.uk/water-quality/sampling-point/TH-PWER0030/sample/1441890/observation/9494,TH-PWER0030,WEY ABOVE THAMES,-0.4571,51.3786,Thames,THAMES - WEST THAMES,Multiple Values,OPEN,FRESHWATER - RIVERS,2025-07-28T16:24:00,2025,ENVIRONMENTAL MONITORING STATUTORY (EU DIRECTIVES),RIVER / RUNNING SURFACE WATER,9494,Isodrin,<0.0001,MICROGRAM PER LITRE
https://environment.data.gov.uk/water-quality/sampling-point/TH-PWER0030/sample/1441890/observation/9522,TH-PWER0030,WEY ABOVE THAMES,-0.4571,51.3786,Thames,THAMES - WEST THAMES,Multiple Values,OPEN,FRESHWATER - RIVERS,2025-07-28T16:24:00,2025,ENVIRONMENTAL MONITORING STATUTORY (EU DIRECTIVES),RIVER / RUNNING SURFACE WATER,9522,Phenol,0.061,MICROGRAM PER LITRE
https://environment.data.gov.uk/water-quality/sampling-point/TH-PWER0030/sample/1441890/observation/9618,TH-PWER0030,WEY ABOVE THAMES,-0.4571,51.3786,Thames,THAMES - WEST THAMES,Multiple Values,OPEN,FRESHWATER - RIVERS,2025-07-28T16:24:00,2025,ENVIRONMENTAL MONITORING STATUTORY (EU DIRECTIVES),RIVER / RUNNING SURFACE WATER,9618,"1,2-Dichlorobenzene",<0.1,MICROGRAM PER LITRE
https://environment.data.gov.uk/water-quality/sampling-point/TH-PWER0030/sample/1441890/observation/9619,TH-PWER0030,WEY ABOVE THAMES,-0.4571,51.3786,Thames,THAMES - WEST THAMES,Multiple Values,OPEN,FRESHWATER - RIVERS,2025-07-28T16:24:00,2025,ENVIRONMENTAL MONITORING STATUTORY (EU DIRECTIVES),RIVER / RUNNING SURFACE WATER,9619,"1,3-Dichlorobenzene",<0.1,MICROGRAM PER LITRE
https://environment.data.gov.uk/water-quality/sampling-point/TH-PWER0030/sample/1441890/observation/9669,TH-PWER0030,WEY ABOVE THAMES,-0.4571,51.3786,Thames,THAMES - WEST THAMES,Multiple Values,OPEN,FRESHWATER - RIVERS,2025-07-28T16:24:00,2025,ENVIRONMENTAL MONITORING STATUTORY (EU DIRECTIVES),RIVER / RUNNING SURFACE WATER,9669,Naphthalene,<0.01,MICROGRAM PER LITRE
https://environment.data.gov.uk/water-quality/sampling-point/TH-PWER0030/sample/1441890/observation/9671,TH-PWER0030,WEY ABOVE THAMES,-0.4571,51.3786,Thames,THAMES - WEST THAMES,Multiple Values,OPEN,FRESHWATER - RIVERS,2025-07-28T16:24:00,2025,ENVIRONMENTAL MONITORING STATUTORY (EU DIRECTIVES),RIVER / RUNNING SURFACE WATER,9671,Phenanthrene,<0.01,MICROGRAM PER LITRE
https://environment.data.gov.uk/water-quality/sampling-point/TH-PWER0030/sample/1441890/observation/9684,TH-PWER0030,WEY ABOVE THAMES,-0.4571,51.3786,Thames,THAMES - WEST THAMES,Multiple Values,OPEN,FRESHWATER - RIVERS,2025-07-28T16:24:00,2025,ENVIRONMENTAL MONITORING STATUTORY (EU DIRECTIVES),RIVER / RUNNING SURFACE WATER,9684,"1,1-Dichloropropylene :- {1,1-Dichloropropene}",<0.1,MICROGRAM PER LITRE
https://environment.data.gov.uk/water-quality/sampling-point/TH-PWER0030/sample/1441890/observation/9703,TH-PWER0030,WEY ABOVE THAMES,-0.4571,51.3786,Thames,THAMES - WEST THAMES,Multiple Values,OPEN,FRESHWATER - RIVERS,2025-07-28T16:24:00,2025,ENVIRONMENTAL MONITORING STATUTORY (EU DIRECTIVES),RIVER / RUNNING SURFACE WATER,9703,3-Chlorophenol,<0.02,MICROGRAM PER LITRE
https://environment.data.gov.uk/water-quality/sampling-point/TH-PWER0030/sample/1441890/observation/9716,TH-PWER0030,WEY ABOVE THAMES,-0.4571,51.3786,Thames,THAMES - WEST THAMES,Multiple Values,OPEN,FRESHWATER - RIVERS,2025-07-28T16:24:00,2025,ENVIRONMENTAL MONITORING STATUTORY (EU DIRECTIVES),RIVER / RUNNING SURFACE WATER,9716,Fenitrothion,<0.0001,MICROGRAM PER LITRE
https://environment.data.gov.uk/water-quality/sampling-point/TH-PWER0030/sample/1441890/observation/9756,TH-PWER0030,WEY ABOVE THAMES,-0.4571,51.3786,Thames,THAMES - WEST THAMES,Multiple Values,OPEN,FRESHWATER - RIVERS,2025-07-28T16:24:00,2025,ENVIRONMENTAL MONITORING STATUTORY (EU DIRECTIVES),RIVER / RUNNING SURFACE WATER,9756,Neburon,<0.01,MICROGRAM PER LITRE
https://environment.data.gov.uk/water-quality/sampling-point/TH-PWER0030/sample/1441890/observation/9811,TH-PWER0030,WEY ABOVE THAMES,-0.4571,51.3786,Thames,THAMES - WEST THAMES,Multiple Values,OPEN,FRESHWATER - RIVERS,2025-07-28T16:24:00,2025,ENVIRONMENTAL MONITORING STATUTORY (EU DIRECTIVES),RIVER / RUNNING SURFACE WATER,9811,"1,1,2-Trichloroethane",<0.1,MICROGRAM PER LITRE
https://environment.data.gov.uk/water-quality/sampling-point/TH-PWER0030/sample/1441890/observation/9814,TH-PWER0030,WEY ABOVE THAMES,-0.4571,51.3786,Thames,THAMES - WEST THAMES,Multiple Values,OPEN,FRESHWATER - RIVERS,2025-07-28T16:24:00,2025,ENVIRONMENTAL MONITORING STATUTORY (EU DIRECTIVES),RIVER / RUNNING SURFACE WATER,9814,2-Chlorophenol,<0.02,MICROGRAM PER LITRE
https://environment.data.gov.uk/water-quality/sampling-point/TH-PWER0030/sample/1441890/observation/9815,TH-PWER0030,WEY ABOVE THAMES,-0.4571,51.3786,Thames,THAMES - WEST THAMES,Multiple Values,OPEN,FRESHWATER - RIVERS,2025-07-28T16:24:00,2025,ENVIRONMENTAL MONITORING STATUTORY (EU DIRECTIVES),RIVER / RUNNING SURFACE WATER,9815,4-Chlorophenol,<0.02,MICROGRAM PER LITRE
https://environment.data.gov.uk/water-quality/sampling-point/TH-PWER0030/sample/1441890/observation/9816,TH-PWER0030,WEY ABOVE THAMES,-0.4571,51.3786,Thames,THAMES - WEST THAMES,Multiple Values,OPEN,FRESHWATER - RIVERS,2025-07-28T16:24:00,2025,ENVIRONMENTAL MONITORING STATUTORY (EU DIRECTIVES),RIVER / RUNNING SURFACE WATER,9816,"2,4-Dichlorophenol",<0.02,MICROGRAM PER LITRE
https://environment.data.gov.uk/water-quality/sampling-point/TH-PWER0030/sample/1441890/observation/9817,TH-PWER0030,WEY ABOVE THAMES,-0.4571,51.3786,Thames,THAMES - WEST THAMES,Multiple Values,OPEN,FRESHWATER - RIVERS,2025-07-28T16:24:00,2025,ENVIRONMENTAL MONITORING STATUTORY (EU DIRECTIVES),RIVER / RUNNING SURFACE WATER,9817,"2,6-Dichlorophenol",<0.02,MICROGRAM PER LITRE
https://environment.data.gov.uk/water-quality/sampling-point/TH-PWER0030/sample/1441890/observation/9818,TH-PWER0030,WEY ABOVE THAMES,-0.4571,51.3786,Thames,THAMES - WEST THAMES,Multiple Values,OPEN,FRESHWATER - RIVERS,2025-07-28T16:24:00,2025,ENVIRONMENTAL MONITORING STATUTORY (EU DIRECTIVES),RIVER / RUNNING SURFACE WATER,9818,"2,4,5-Trichlorophenol",<0.02,MICROGRAM PER LITRE
https://environment.data.gov.uk/water-quality/sampling-point/TH-PWER0030/sample/1441890/observation/9819,TH-PWER0030,WEY ABOVE THAMES,-0.4571,51.3786,Thames,THAMES - WEST THAMES,Multiple Values,OPEN,FRESHWATER - RIVERS,2025-07-28T16:24:00,2025,ENVIRONMENTAL MONITORING STATUTORY (EU DIRECTIVES),RIVER / RUNNING SURFACE WATER,9819,"2,4,6-Trichlorophenol",<0.02,MICROGRAM PER LITRE
https://environment.data.gov.uk/water-quality/sampling-point/TH-PWER0030/sample/1441890/observation/9836,TH-PWER0030,WEY ABOVE THAMES,-0.4571,51.3786,Thames,THAMES - WEST THAMES,Multiple Values,OPEN,FRESHWATER - RIVERS,2025-07-28T16:24:00,2025,ENVIRONMENTAL MONITORING STATUTORY (EU DIRECTIVES),RIVER / RUNNING SURFACE WATER,9836,"1,1-Dichloroethylene :- {1,1-Dichloroethene}",<0.1,MICROGRAM PER LITRE
https://environment.data.gov.uk/water-quality/sampling-point/TH-PWER0030/sample/1441890/observation/9839,TH-PWER0030,WEY ABOVE THAMES,-0.4571,51.3786,Thames,THAMES - WEST THAMES,Multiple Values,OPEN,FRESHWATER - RIVERS,2025-07-28T16:24:00,2025,ENVIRONMENTAL MONITORING STATUTORY (EU DIRECTIVES),RIVER / RUNNING SURFACE WATER,9839,tert-Amyl methyl ether :- {TAME},<0.1,MICROGRAM PER LITRE
https://environment.data.gov.uk/water-quality/sampling-point/TH-PWER0030/sample/1441890/observation/9844,TH-PWER0030,WEY ABOVE THAMES,-0.4571,51.3786,Thames,THAMES - WEST THAMES,Multiple Values,OPEN,FRESHWATER - RIVERS,2025-07-28T16:24:00,2025,ENVIRONMENTAL MONITORING STATUTORY (EU DIRECTIVES),RIVER / RUNNING SURFACE WATER,9844,Ethyl tert-butyl ether :- {ETBE},<0.1,MICROGRAM PER LITRE
https://environment.data.gov.uk/water-quality/sampling-point/TH-PWER0030/sample/1441890/observation/9845,TH-PWER0030,WEY ABOVE THAMES,-0.4571,51.3786,Thames,THAMES - WEST THAMES,Multiple Values,OPEN,FRESHWATER - RIVERS,2025-07-28T16:24:00,2025,ENVIRONMENTAL MONITORING STATUTORY (EU DIRECTIVES),RIVER / RUNNING SURFACE WATER,9845,"1,2-Dimethylbenzene :- {o-Xylene}",<0.1,MICROGRAM PER LITRE
https://environment.data.gov.uk/water-quality/sampling-point/TH-PWER0030/sample/1441890/observation/9861,TH-PWER0030,WEY ABOVE THAMES,-0.4571,51.3786,Thames,THAMES - WEST THAMES,Multiple Values,OPEN,FRESHWATER - RIVERS,2025-07-28T16:24:00,2025,ENVIRONMENTAL MONITORING STATUTORY (EU DIRECTIVES),RIVER / RUNNING SURFACE WATER,9861,Metsulfuron-methyl,<0.01,MICROGRAM PER LITRE
https://environment.data.gov.uk/water-quality/sampling-point/TH-PWER0030/sample/1441890/observation/9888,TH-PWER0030,WEY ABOVE THAMES,-0.4571,51.3786,Thames,THAMES - WEST THAMES,Multiple Values,OPEN,FRESHWATER - RIVERS,2025-07-28T16:24:00,2025,ENVIRONMENTAL MONITORING STATUTORY (EU DIRECTIVES),RIVER / RUNNING SURFACE WATER,9888,Styrene :- {Vinylbenzene},<0.1,MICROGRAM PER LITRE
https://environment.data.gov.uk/water-quality/sampling-point/TH-PWER0030/sample/1441890/observation/9892,TH-PWER0030,WEY ABOVE THAMES,-0.4571,51.3786,Thames,THAMES - WEST THAMES,Multiple Values,OPEN,FRESHWATER - RIVERS,2025-07-28T16:24:00,2025,ENVIRONMENTAL MONITORING STATUTORY (EU DIRECTIVES),RIVER / RUNNING SURFACE WATER,9892,Pendimethalin,<0.0005,MICROGRAM PER LITRE
https://environment.data.gov.uk/water-quality/sampling-point/TH-PWER0030/sample/1441890/observation/9901,TH-PWER0030,WEY ABOVE THAMES,-0.4571,51.3786,Thames,THAMES - WEST THAMES,Multiple Values,OPEN,FRESHWATER - RIVERS,2025-07-28T16:24:00,2025,ENVIRONMENTAL MONITORING STATUTORY (EU DIRECTIVES),RIVER / RUNNING SURFACE WATER,9901,"Oxygen, Dissolved, % Saturation",96.8,PERCENTAGE
https://environment.data.gov.uk/water-quality/sampling-point/TH-PWER0030/sample/1441890/observation/9924,TH-PWER0030,WEY ABOVE THAMES,-0.4571,51.3786,Thames,THAMES - WEST THAMES,Multiple Values,OPEN,FRESHWATER - RIVERS,2025-07-28T16:24:00,2025,ENVIRONMENTAL MONITORING STATUTORY (EU DIRECTIVES),RIVER / RUNNING SURFACE WATER,9924,"Oxygen, Dissolved as O2",8.87,MILLIGRAM PER LITRE
https://environment.data.gov.uk/water-quality/sampling-point/TH-PWER0030/sample/1441890/observation/9978,TH-PWER0030,WEY ABOVE THAMES,-0.4571,51.3786,Thames,THAMES - WEST THAMES,Multiple Values,OPEN,FRESHWATER - RIVERS,2025-07-28T16:24:00,2025,ENVIRONMENTAL MONITORING STATUTORY (EU DIRECTIVES),RIVER / RUNNING SURFACE WATER,9978,Chlorpyrifos-ethyl,<0.0001,MICROGRAM PER LITRE
https://environment.data.gov.uk/water-quality/sampling-point/TH-PWER0030/sample/1441890/observation/9989,TH-PWER0030,WEY ABOVE THAMES,-0.4571,51.3786,Thames,THAMES - WEST THAMES,Multiple Values,OPEN,FRESHWATER - RIVERS,2025-07-28T16:24:00,2025,ENVIRONMENTAL MONITORING STATUTORY (EU DIRECTIVES),RIVER / RUNNING SURFACE WATER,9989,Trifluralin,<0.0001,MICROGRAM PER LITRE
https://environment.data.gov.uk/water-quality/sampling-point/TH-PWER0030/sample/1443696/observation/0052,TH-PWER0030,WEY ABOVE THAMES,-0.4571,51.3786,Thames,THAMES - WEST THAMES,Multiple Values,OPEN,FRESHWATER - RIVERS,2025-08-29T09:44:00,2025,ENVIRONMENTAL MONITORING STATUTORY (EU DIRECTIVES),RIVER / RUNNING SURFACE WATER,52,"Lead, Dissolved",0.14,MICROGRAM PER LITRE
https://environment.data.gov.uk/water-quality/sampling-point/TH-PWER0030/sample/1443696/observation/0061,TH-PWER0030,WEY ABOVE THAMES,-0.4571,51.3786,Thames,THAMES - WEST THAMES,Multiple Values,OPEN,FRESHWATER - RIVERS,2025-08-29T09:44:00,2025,ENVIRONMENTAL MONITORING STATUTORY (EU DIRECTIVES),RIVER / RUNNING SURFACE WATER,61,pH,7.78,PH UNITS
https://environment.data.gov.uk/water-quality/sampling-point/TH-PWER0030/sample/1443696/observation/0076,TH-PWER0030,WEY ABOVE THAMES,-0.4571,51.3786,Thames,THAMES - WEST THAMES,Multiple Values,OPEN,FRESHWATER - RIVERS,2025-08-29T09:44:00,2025,ENVIRONMENTAL MONITORING STATUTORY (EU DIRECTIVES),RIVER / RUNNING SURFACE WATER,76,Temperature of Water,16.9,CELSIUS
https://environment.data.gov.uk/water-quality/sampling-point/TH-PWER0030/sample/1443696/observation/0077,TH-PWER0030,WEY ABOVE THAMES,-0.4571,51.3786,Thames,THAMES - WEST THAMES,Multiple Values,OPEN,FRESHWATER - RIVERS,2025-08-29T09:44:00,2025,ENVIRONMENTAL MONITORING STATUTORY (EU DIRECTIVES),RIVER / RUNNING SURFACE WATER,77,Conductivity at 25 C,523,MICROSIEMENS PER CENTIMETRE
https://environment.data.gov.uk/water-quality/sampling-point/TH-PWER0030/sample/1443696/observation/0085,TH-PWER0030,WEY ABOVE THAMES,-0.4571,51.3786,Thames,THAMES - WEST THAMES,Multiple Values,OPEN,FRESHWATER - RIVERS,2025-08-29T09:44:00,2025,ENVIRONMENTAL MONITORING STATUTORY (EU DIRECTIVES),RIVER / RUNNING SURFACE WATER,85,BOD : 5 Day ATU,5.9,MILLIGRAM PER LITRE
https://environment.data.gov.uk/water-quality/sampling-point/TH-PWER0030/sample/1443696/observation/0103,TH-PWER0030,WEY ABOVE THAMES,-0.4571,51.3786,Thames,THAMES - WEST THAMES,Multiple Values,OPEN,FRESHWATER - RIVERS,2025-08-29T09:44:00,2025,ENVIRONMENTAL MONITORING STATUTORY (EU DIRECTIVES),RIVER / RUNNING SURFACE WATER,103,"Mercury, Dissolved",<0.01,MICROGRAM PER LITRE
https://environment.data.gov.uk/water-quality/sampling-point/TH-PWER0030/sample/1443696/observation/0106,TH-PWER0030,WEY ABOVE THAMES,-0.4571,51.3786,Thames,THAMES - WEST THAMES,Multiple Values,OPEN,FRESHWATER - RIVERS,2025-08-29T09:44:00,2025,ENVIRONMENTAL MONITORING STATUTORY (EU DIRECTIVES),RIVER / RUNNING SURFACE WATER,106,"Cadmium, Dissolved",<0.01,MICROGRAM PER LITRE
https://environment.data.gov.uk/water-quality/sampling-point/TH-PWER0030/sample/1443696/observation/0111,TH-PWER0030,WEY ABOVE THAMES,-0.4571,51.3786,Thames,THAMES - WEST THAMES,Multiple Values,OPEN,FRESHWATER - RIVERS,2025-08-29T09:44:00,2025,ENVIRONMENTAL MONITORING STATUTORY (EU DIRECTIVES),RIVER / RUNNING SURFACE WATER,111,Ammoniacal Nitrogen as N,0.098,MILLIGRAM PER LITRE
https://environment.data.gov.uk/water-quality/sampling-point/TH-PWER0030/sample/1443696/observation/0116,TH-PWER0030,WEY ABOVE THAMES,-0.4571,51.3786,Thames,THAMES - WEST THAMES,Multiple Values,OPEN,FRESHWATER - RIVERS,2025-08-29T09:44:00,2025,ENVIRONMENTAL MONITORING STATUTORY (EU DIRECTIVES),RIVER / RUNNING SURFACE WATER,116,"Nitrogen, Total Oxidised as N",7.8,MILLIGRAM PER LITRE
https://environment.data.gov.uk/water-quality/sampling-point/TH-PWER0030/sample/1443696/observation/0117,TH-PWER0030,WEY ABOVE THAMES,-0.4571,51.3786,Thames,THAMES - WEST THAMES,Multiple Values,OPEN,FRESHWATER - RIVERS,2025-08-29T09:44:00,2025,ENVIRONMENTAL MONITORING STATUTORY (EU DIRECTIVES),RIVER / RUNNING SURFACE WATER,117,Nitrate as N,7.75,MILLIGRAM PER LITRE
https://environment.data.gov.uk/water-quality/sampling-point/TH-PWER0030/sample/1443696/observation/0118,TH-PWER0030,WEY ABOVE THAMES,-0.4571,51.3786,Thames,THAMES - WEST THAMES,Multiple Values,OPEN,FRESHWATER - RIVERS,2025-08-29T09:44:00,2025,ENVIRONMENTAL MONITORING STATUTORY (EU DIRECTIVES),RIVER / RUNNING SURFACE WATER,118,Nitrite as N,0.047,MILLIGRAM PER LITRE
https://environment.data.gov.uk/water-quality/sampling-point/TH-PWER0030/sample/1443696/observation/0119,TH-PWER0030,WEY ABOVE THAMES,-0.4571,51.3786,Thames,THAMES - WEST THAMES,Multiple Values,OPEN,FRESHWATER - RIVERS,2025-08-29T09:44:00,2025,ENVIRONMENTAL MONITORING STATUTORY (EU DIRECTIVES),RIVER / RUNNING SURFACE WATER,119,Ammonia un-ionised as N,0.0018,MILLIGRAM PER LITRE
https://environment.data.gov.uk/water-quality/sampling-point/TH-PWER0030/sample/1443696/observation/0162,TH-PWER0030,WEY ABOVE THAMES,-0.4571,51.3786,Thames,THAMES - WEST THAMES,Multiple Values,OPEN,FRESHWATER - RIVERS,2025-08-29T09:44:00,2025,ENVIRONMENTAL MONITORING STATUTORY (EU DIRECTIVES),RIVER / RUNNING SURFACE WATER,162,Alkalinity to pH 4.5 as CaCO3,100,MILLIGRAM PER LITRE
https://environment.data.gov.uk/water-quality/sampling-point/TH-PWER0030/sample/1443696/observation/0180,TH-PWER0030,WEY ABOVE THAMES,-0.4571,51.3786,Thames,THAMES - WEST THAMES,Multiple Values,OPEN,FRESHWATER - RIVERS,2025-08-29T09:44:00,2025,ENVIRONMENTAL MONITORING STATUTORY (EU DIRECTIVES),RIVER / RUNNING SURFACE WATER,180,"Orthophosphate, reactive as P",0.21,MILLIGRAM PER LITRE
https://environment.data.gov.uk/water-quality/sampling-point/TH-PWER0030/sample/1443696/observation/0205,TH-PWER0030,WEY ABOVE THAMES,-0.4571,51.3786,Thames,THAMES - WEST THAMES,Multiple Values,OPEN,FRESHWATER - RIVERS,2025-08-29T09:44:00,2025,ENVIRONMENTAL MONITORING STATUTORY (EU DIRECTIVES),RIVER / RUNNING SURFACE WATER,205,"Sodium, Dissolved",33,MILLIGRAM PER LITRE
https://environment.data.gov.uk/water-quality/sampling-point/TH-PWER0030/sample/1443696/observation/0209,TH-PWER0030,WEY ABOVE THAMES,-0.4571,51.3786,Thames,THAMES - WEST THAMES,Multiple Values,OPEN,FRESHWATER - RIVERS,2025-08-29T09:44:00,2025,ENVIRONMENTAL MONITORING STATUTORY (EU DIRECTIVES),RIVER / RUNNING SURFACE WATER,209,"Potassium, Dissolved",7.5,MILLIGRAM PER LITRE
https://environment.data.gov.uk/water-quality/sampling-point/TH-PWER0030/sample/1443696/observation/0235,TH-PWER0030,WEY ABOVE THAMES,-0.4571,51.3786,Thames,THAMES - WEST THAMES,Multiple Values,OPEN,FRESHWATER - RIVERS,2025-08-29T09:44:00,2025,ENVIRONMENTAL MONITORING STATUTORY (EU DIRECTIVES),RIVER / RUNNING SURFACE WATER,235,"Magnesium, Dissolved",4.2,MILLIGRAM PER LITRE
https://environment.data.gov.uk/water-quality/sampling-point/TH-PWER0030/sample/1443696/observation/0239,TH-PWER0030,WEY ABOVE THAMES,-0.4571,51.3786,Thames,THAMES - WEST THAMES,Multiple Values,OPEN,FRESHWATER - RIVERS,2025-08-29T09:44:00,2025,ENVIRONMENTAL MONITORING STATUTORY (EU DIRECTIVES),RIVER / RUNNING SURFACE WATER,239,"Calcium, Dissolved",61,MILLIGRAM PER LITRE
https://environment.data.gov.uk/water-quality/sampling-point/TH-PWER0030/sample/1443696/observation/1049,TH-PWER0030,WEY ABOVE THAMES,-0.4571,51.3786,Thames,THAMES - WEST THAMES,Multiple Values,OPEN,FRESHWATER - RIVERS,2025-08-29T09:44:00,2025,ENVIRONMENTAL MONITORING STATUTORY (EU DIRECTIVES),RIVER / RUNNING SURFACE WATER,1049,Carbon tetrachloride :- {Tetrachloromethane},<0.1,MICROGRAM PER LITRE
https://environment.data.gov.uk/water-quality/sampling-point/TH-PWER0030/sample/1443696/observation/1085,TH-PWER0030,WEY ABOVE THAMES,-0.4571,51.3786,Thames,THAMES - WEST THAMES,Multiple Values,OPEN,FRESHWATER - RIVERS,2025-08-29T09:44:00,2025,ENVIRONMENTAL MONITORING STATUTORY (EU DIRECTIVES),RIVER / RUNNING SURFACE WATER,1085,Pentachlorophenol,<0.02,MICROGRAM PER LITRE
https://environment.data.gov.uk/water-quality/sampling-point/TH-PWER0030/sample/1443696/observation/3268,TH-PWER0030,WEY ABOVE THAMES,-0.4571,51.3786,Thames,THAMES - WEST THAMES,Multiple Values,OPEN,FRESHWATER - RIVERS,2025-08-29T09:44:00,2025,ENVIRONMENTAL MONITORING STATUTORY (EU DIRECTIVES),RIVER / RUNNING SURFACE WATER,3268,"1,1,1-Trichloroethane",<0.1,MICROGRAM PER LITRE
https://environment.data.gov.uk/water-quality/sampling-point/TH-PWER0030/sample/1443696/observation/3269,TH-PWER0030,WEY ABOVE THAMES,-0.4571,51.3786,Thames,THAMES - WEST THAMES,Multiple Values,OPEN,FRESHWATER - RIVERS,2025-08-29T09:44:00,2025,ENVIRONMENTAL MONITORING STATUTORY (EU DIRECTIVES),RIVER / RUNNING SURFACE WATER,3269,"1,1-Dichloroethane",<0.1,MICROGRAM PER LITRE
https://environment.data.gov.uk/water-quality/sampling-point/TH-PWER0030/sample/1443696/observation/3272,TH-PWER0030,WEY ABOVE THAMES,-0.4571,51.3786,Thames,THAMES - WEST THAMES,Multiple Values,OPEN,FRESHWATER - RIVERS,2025-08-29T09:44:00,2025,ENVIRONMENTAL MONITORING STATUTORY (EU DIRECTIVES),RIVER / RUNNING SURFACE WATER,3272,"1,2-Dichloroethane",<0.1,MICROGRAM PER LITRE
https://environment.data.gov.uk/water-quality/sampling-point/TH-PWER0030/sample/1443696/observation/3282,TH-PWER0030,WEY ABOVE THAMES,-0.4571,51.3786,Thames,THAMES - WEST THAMES,Multiple Values,OPEN,FRESHWATER - RIVERS,2025-08-29T09:44:00,2025,ENVIRONMENTAL MONITORING STATUTORY (EU DIRECTIVES),RIVER / RUNNING SURFACE WATER,3282,Bromodichloromethane,<0.1,MICROGRAM PER LITRE
https://environment.data.gov.uk/water-quality/sampling-point/TH-PWER0030/sample/1443696/observation/3283,TH-PWER0030,WEY ABOVE THAMES,-0.4571,51.3786,Thames,THAMES - WEST THAMES,Multiple Values,OPEN,FRESHWATER - RIVERS,2025-08-29T09:44:00,2025,ENVIRONMENTAL MONITORING STATUTORY (EU DIRECTIVES),RIVER / RUNNING SURFACE WATER,3283,Bromoform :- {Tribromomethane},<0.1,MICROGRAM PER LITRE
https://environment.data.gov.uk/water-quality/sampling-point/TH-PWER0030/sample/1443696/observation/3290,TH-PWER0030,WEY ABOVE THAMES,-0.4571,51.3786,Thames,THAMES - WEST THAMES,Multiple Values,OPEN,FRESHWATER - RIVERS,2025-08-29T09:44:00,2025,ENVIRONMENTAL MONITORING STATUTORY (EU DIRECTIVES),RIVER / RUNNING SURFACE WATER,3290,Chlorobenzene,<0.1,MICROGRAM PER LITRE
https://environment.data.gov.uk/water-quality/sampling-point/TH-PWER0030/sample/1443696/observation/3292,TH-PWER0030,WEY ABOVE THAMES,-0.4571,51.3786,Thames,THAMES - WEST THAMES,Multiple Values,OPEN,FRESHWATER - RIVERS,2025-08-29T09:44:00,2025,ENVIRONMENTAL MONITORING STATUTORY (EU DIRECTIVES),RIVER / RUNNING SURFACE WATER,3292,Chlorodibromomethane,<0.1,MICROGRAM PER LITRE
https://environment.data.gov.uk/water-quality/sampling-point/TH-PWER0030/sample/1443696/observation/3299,TH-PWER0030,WEY ABOVE THAMES,-0.4571,51.3786,Thames,THAMES - WEST THAMES,Multiple Values,OPEN,FRESHWATER - RIVERS,2025-08-29T09:44:00,2025,ENVIRONMENTAL MONITORING STATUTORY (EU DIRECTIVES),RIVER / RUNNING SURFACE WATER,3299,Dichloromethane :- {Methylene Dichloride},<0.5,MICROGRAM PER LITRE
https://environment.data.gov.uk/water-quality/sampling-point/TH-PWER0030/sample/1443696/observation/3328,TH-PWER0030,WEY ABOVE THAMES,-0.4571,51.3786,Thames,THAMES - WEST THAMES,Multiple Values,OPEN,FRESHWATER - RIVERS,2025-08-29T09:44:00,2025,ENVIRONMENTAL MONITORING STATUTORY (EU DIRECTIVES),RIVER / RUNNING SURFACE WATER,3328,Tetrachloroethylene :- {Perchloroethylene},<0.1,MICROGRAM PER LITRE
https://environment.data.gov.uk/water-quality/sampling-point/TH-PWER0030/sample/1443696/observation/3334,TH-PWER0030,WEY ABOVE THAMES,-0.4571,51.3786,Thames,THAMES - WEST THAMES,Multiple Values,OPEN,FRESHWATER - RIVERS,2025-08-29T09:44:00,2025,ENVIRONMENTAL MONITORING STATUTORY (EU DIRECTIVES),RIVER / RUNNING SURFACE WATER,3334,Trichloroethylene :- {Trichloroethene},<0.1,MICROGRAM PER LITRE
https://environment.data.gov.uk/water-quality/sampling-point/TH-PWER0030/sample/1443696/observation/3341,TH-PWER0030,WEY ABOVE THAMES,-0.4571,51.3786,Thames,THAMES - WEST THAMES,Multiple Values,OPEN,FRESHWATER - RIVERS,2025-08-29T09:44:00,2025,ENVIRONMENTAL MONITORING STATUTORY (EU DIRECTIVES),RIVER / RUNNING SURFACE WATER,3341,4-Chloro-2-methylphenol :- {p-Chloro-o-cresol},<0.02,MICROGRAM PER LITRE
https://environment.data.gov.uk/water-quality/sampling-point/TH-PWER0030/sample/1443696/observation/3342,TH-PWER0030,WEY ABOVE THAMES,-0.4571,51.3786,Thames,THAMES - WEST THAMES,Multiple Values,OPEN,FRESHWATER - RIVERS,2025-08-29T09:44:00,2025,ENVIRONMENTAL MONITORING STATUTORY (EU DIRECTIVES),RIVER / RUNNING SURFACE WATER,3342,4-Chloro-3-methylphenol :- {p-Chloro-m-cresol},<0.02,MICROGRAM PER LITRE
https://environment.data.gov.uk/water-quality/sampling-point/TH-PWER0030/sample/1443696/observation/3343,TH-PWER0030,WEY ABOVE THAMES,-0.4571,51.3786,Thames,THAMES - WEST THAMES,Multiple Values,OPEN,FRESHWATER - RIVERS,2025-08-29T09:44:00,2025,ENVIRONMENTAL MONITORING STATUTORY (EU DIRECTIVES),RIVER / RUNNING SURFACE WATER,3343,"2,4-Dimethylphenol :- {2,4-Xylenol}",<0.02,MICROGRAM PER LITRE
https://environment.data.gov.uk/water-quality/sampling-point/TH-PWER0030/sample/1443696/observation/3373,TH-PWER0030,WEY ABOVE THAMES,-0.4571,51.3786,Thames,THAMES - WEST THAMES,Multiple Values,OPEN,FRESHWATER - RIVERS,2025-08-29T09:44:00,2025,ENVIRONMENTAL MONITORING STATUTORY (EU DIRECTIVES),RIVER / RUNNING SURFACE WATER,3373,Chloroform :- {Trichloromethane},<0.1,MICROGRAM PER LITRE
https://environment.data.gov.uk/water-quality/sampling-point/TH-PWER0030/sample/1443696/observation/3408,TH-PWER0030,WEY ABOVE THAMES,-0.4571,51.3786,Thames,THAMES - WEST THAMES,Multiple Values,OPEN,FRESHWATER - RIVERS,2025-08-29T09:44:00,2025,ENVIRONMENTAL MONITORING STATUTORY (EU DIRECTIVES),RIVER / RUNNING SURFACE WATER,3408,"Zinc, Dissolved",3.9,MICROGRAM PER LITRE
https://environment.data.gov.uk/water-quality/sampling-point/TH-PWER0030/sample/1443696/observation/3409,TH-PWER0030,WEY ABOVE THAMES,-0.4571,51.3786,Thames,THAMES - WEST THAMES,Multiple Values,OPEN,FRESHWATER - RIVERS,2025-08-29T09:44:00,2025,ENVIRONMENTAL MONITORING STATUTORY (EU DIRECTIVES),RIVER / RUNNING SURFACE WATER,3409,"Chromium, Dissolved",<0.5,MICROGRAM PER LITRE
https://environment.data.gov.uk/water-quality/sampling-point/TH-PWER0030/sample/1443696/observation/3410,TH-PWER0030,WEY ABOVE THAMES,-0.4571,51.3786,Thames,THAMES - WEST THAMES,Multiple Values,OPEN,FRESHWATER - RIVERS,2025-08-29T09:44:00,2025,ENVIRONMENTAL MONITORING STATUTORY (EU DIRECTIVES),RIVER / RUNNING SURFACE WATER,3410,"Nickel, Dissolved",2.4,MICROGRAM PER LITRE
https://environment.data.gov.uk/water-quality/sampling-point/TH-PWER0030/sample/1443696/observation/3781,TH-PWER0030,WEY ABOVE THAMES,-0.4571,51.3786,Thames,THAMES - WEST THAMES,Multiple Values,OPEN,FRESHWATER - RIVERS,2025-08-29T09:44:00,2025,ENVIRONMENTAL MONITORING STATUTORY (EU DIRECTIVES),RIVER / RUNNING SURFACE WATER,3781,Benzene,<0.1,MICROGRAM PER LITRE
https://environment.data.gov.uk/water-quality/sampling-point/TH-PWER0030/sample/1443696/observation/3783,TH-PWER0030,WEY ABOVE THAMES,-0.4571,51.3786,Thames,THAMES - WEST THAMES,Multiple Values,OPEN,FRESHWATER - RIVERS,2025-08-29T09:44:00,2025,ENVIRONMENTAL MONITORING STATUTORY (EU DIRECTIVES),RIVER / RUNNING SURFACE WATER,3783,Dibromomethane,<0.1,MICROGRAM PER LITRE
https://environment.data.gov.uk/water-quality/sampling-point/TH-PWER0030/sample/1443696/observation/3784,TH-PWER0030,WEY ABOVE THAMES,-0.4571,51.3786,Thames,THAMES - WEST THAMES,Multiple Values,OPEN,FRESHWATER - RIVERS,2025-08-29T09:44:00,2025,ENVIRONMENTAL MONITORING STATUTORY (EU DIRECTIVES),RIVER / RUNNING SURFACE WATER,3784,Toluene :- {Methylbenzene},<0.1,MICROGRAM PER LITRE
https://environment.data.gov.uk/water-quality/sampling-point/TH-PWER0030/sample/1443696/observation/4049,TH-PWER0030,WEY ABOVE THAMES,-0.4571,51.3786,Thames,THAMES - WEST THAMES,Multiple Values,OPEN,FRESHWATER - RIVERS,2025-08-29T09:44:00,2025,ENVIRONMENTAL MONITORING STATUTORY (EU DIRECTIVES),RIVER / RUNNING SURFACE WATER,4049,"1,4-Dichlorobenzene",<0.1,MICROGRAM PER LITRE
https://environment.data.gov.uk/water-quality/sampling-point/TH-PWER0030/sample/1443696/observation/4117,TH-PWER0030,WEY ABOVE THAMES,-0.4571,51.3786,Thames,THAMES - WEST THAMES,Multiple Values,OPEN,FRESHWATER - RIVERS,2025-08-29T09:44:00,2025,ENVIRONMENTAL MONITORING STATUTORY (EU DIRECTIVES),RIVER / RUNNING SURFACE WATER,4117,Ethylbenzene,<0.1,MICROGRAM PER LITRE
https://environment.data.gov.uk/water-quality/sampling-point/TH-PWER0030/sample/1443696/observation/4201,TH-PWER0030,WEY ABOVE THAMES,-0.4571,51.3786,Thames,THAMES - WEST THAMES,Multiple Values,OPEN,FRESHWATER - RIVERS,2025-08-29T09:44:00,2025,ENVIRONMENTAL MONITORING STATUTORY (EU DIRECTIVES),RIVER / RUNNING SURFACE WATER,4201,"Lithium, Dissolved",<100,MICROGRAM PER LITRE
https://environment.data.gov.uk/water-quality/sampling-point/TH-PWER0030/sample/1443696/observation/4621,TH-PWER0030,WEY ABOVE THAMES,-0.4571,51.3786,Thames,THAMES - WEST THAMES,Multiple Values,OPEN,FRESHWATER - RIVERS,2025-08-29T09:44:00,2025,ENVIRONMENTAL MONITORING STATUTORY (EU DIRECTIVES),RIVER / RUNNING SURFACE WATER,4621,"2,4,4-TriBromoDiphenylEther",<0.00006,MICROGRAM PER LITRE
https://environment.data.gov.uk/water-quality/sampling-point/TH-PWER0030/sample/1443696/observation/5234,TH-PWER0030,WEY ABOVE THAMES,-0.4571,51.3786,Thames,THAMES - WEST THAMES,Multiple Values,OPEN,FRESHWATER - RIVERS,2025-08-29T09:44:00,2025,ENVIRONMENTAL MONITORING STATUTORY (EU DIRECTIVES),RIVER / RUNNING SURFACE WATER,5234,Hexachloroethane,<0.1,MICROGRAM PER LITRE
https://environment.data.gov.uk/water-quality/sampling-point/TH-PWER0030/sample/1443696/observation/5558,TH-PWER0030,WEY ABOVE THAMES,-0.4571,51.3786,Thames,THAMES - WEST THAMES,Multiple Values,OPEN,FRESHWATER - RIVERS,2025-08-29T09:44:00,2025,ENVIRONMENTAL MONITORING STATUTORY (EU DIRECTIVES),RIVER / RUNNING SURFACE WATER,5558,"3,5-Dimethylphenol :- {3,5-Xylenol}",0.023,MICROGRAM PER LITRE
https://environment.data.gov.uk/water-quality/sampling-point/TH-PWER0030/sample/1443696/observation/5560,TH-PWER0030,WEY ABOVE THAMES,-0.4571,51.3786,Thames,THAMES - WEST THAMES,Multiple Values,OPEN,FRESHWATER - RIVERS,2025-08-29T09:44:00,2025,ENVIRONMENTAL MONITORING STATUTORY (EU DIRECTIVES),RIVER / RUNNING SURFACE WATER,5560,4-Methylphenol :- {p-Cresol},<0.02,MICROGRAM PER LITRE
https://environment.data.gov.uk/water-quality/sampling-point/TH-PWER0030/sample/1443696/observation/5561,TH-PWER0030,WEY ABOVE THAMES,-0.4571,51.3786,Thames,THAMES - WEST THAMES,Multiple Values,OPEN,FRESHWATER - RIVERS,2025-08-29T09:44:00,2025,ENVIRONMENTAL MONITORING STATUTORY (EU DIRECTIVES),RIVER / RUNNING SURFACE WATER,5561,3-Methylphenol :- {m-Cresol},<0.02,MICROGRAM PER LITRE
https://environment.data.gov.uk/water-quality/sampling-point/TH-PWER0030/sample/1443696/observation/5562,TH-PWER0030,WEY ABOVE THAMES,-0.4571,51.3786,Thames,THAMES - WEST THAMES,Multiple Values,OPEN,FRESHWATER - RIVERS,2025-08-29T09:44:00,2025,ENVIRONMENTAL MONITORING STATUTORY (EU DIRECTIVES),RIVER / RUNNING SURFACE WATER,5562,2-Methylphenol :- {o-Cresol},<0.02,MICROGRAM PER LITRE
https://environment.data.gov.uk/water-quality/sampling-point/TH-PWER0030/sample/1443696/observation/5568,TH-PWER0030,WEY ABOVE THAMES,-0.4571,51.3786,Thames,THAMES - WEST THAMES,Multiple Values,OPEN,FRESHWATER - RIVERS,2025-08-29T09:44:00,2025,ENVIRONMENTAL MONITORING STATUTORY (EU DIRECTIVES),RIVER / RUNNING SURFACE WATER,5568,3-Chlorotoluene :- {3-Chloromethylbenzene},<0.1,MICROGRAM PER LITRE
https://environment.data.gov.uk/water-quality/sampling-point/TH-PWER0030/sample/1443696/observation/5732,TH-PWER0030,WEY ABOVE THAMES,-0.4571,51.3786,Thames,THAMES - WEST THAMES,Multiple Values,OPEN,FRESHWATER - RIVERS,2025-08-29T09:44:00,2025,ENVIRONMENTAL MONITORING STATUTORY (EU DIRECTIVES),RIVER / RUNNING SURFACE WATER,5732,Triphenyl Tin as Cation,<0.00002,MICROGRAM PER LITRE
https://environment.data.gov.uk/water-quality/sampling-point/TH-PWER0030/sample/1443696/observation/5889,TH-PWER0030,WEY ABOVE THAMES,-0.4571,51.3786,Thames,THAMES - WEST THAMES,Multiple Values,OPEN,FRESHWATER - RIVERS,2025-08-29T09:44:00,2025,ENVIRONMENTAL MONITORING STATUTORY (EU DIRECTIVES),RIVER / RUNNING SURFACE WATER,5889,Triclosan,<0.01,MICROGRAM PER LITRE
https://environment.data.gov.uk/water-quality/sampling-point/TH-PWER0030/sample/1443696/observation/6037,TH-PWER0030,WEY ABOVE THAMES,-0.4571,51.3786,Thames,THAMES - WEST THAMES,Multiple Values,OPEN,FRESHWATER - RIVERS,2025-08-29T09:44:00,2025,ENVIRONMENTAL MONITORING STATUTORY (EU DIRECTIVES),RIVER / RUNNING SURFACE WATER,6037,"Aluminium, Dissolved",<20,MICROGRAM PER LITRE
https://environment.data.gov.uk/water-quality/sampling-point/TH-PWER0030/sample/1443696/observation/6045,TH-PWER0030,WEY ABOVE THAMES,-0.4571,51.3786,Thames,THAMES - WEST THAMES,Multiple Values,OPEN,FRESHWATER - RIVERS,2025-08-29T09:44:00,2025,ENVIRONMENTAL MONITORING STATUTORY (EU DIRECTIVES),RIVER / RUNNING SURFACE WATER,6045,"Arsenic, Dissolved",1.1,MICROGRAM PER LITRE
https://environment.data.gov.uk/water-quality/sampling-point/TH-PWER0030/sample/1443696/observation/6376,TH-PWER0030,WEY ABOVE THAMES,-0.4571,51.3786,Thames,THAMES - WEST THAMES,Multiple Values,OPEN,FRESHWATER - RIVERS,2025-08-29T09:44:00,2025,ENVIRONMENTAL MONITORING STATUTORY (EU DIRECTIVES),RIVER / RUNNING SURFACE WATER,6376,Chloromethane :- {Methyl Chloride},<0.5,MICROGRAM PER LITRE
https://environment.data.gov.uk/water-quality/sampling-point/TH-PWER0030/sample/1443696/observation/6450,TH-PWER0030,WEY ABOVE THAMES,-0.4571,51.3786,Thames,THAMES - WEST THAMES,Multiple Values,OPEN,FRESHWATER - RIVERS,2025-08-29T09:44:00,2025,ENVIRONMENTAL MONITORING STATUTORY (EU DIRECTIVES),RIVER / RUNNING SURFACE WATER,6450,"Copper, Dissolved",1.9,MICROGRAM PER LITRE
https://environment.data.gov.uk/water-quality/sampling-point/TH-PWER0030/sample/1443696/observation/6458,TH-PWER0030,WEY ABOVE THAMES,-0.4571,51.3786,Thames,THAMES - WEST THAMES,Multiple Values,OPEN,FRESHWATER - RIVERS,2025-08-29T09:44:00,2025,ENVIRONMENTAL MONITORING STATUTORY (EU DIRECTIVES),RIVER / RUNNING SURFACE WATER,6458,"Manganese, Dissolved",19,MICROGRAM PER LITRE
https://environment.data.gov.uk/water-quality/sampling-point/TH-PWER0030/sample/1443696/observation/6460,TH-PWER0030,WEY ABOVE THAMES,-0.4571,51.3786,Thames,THAMES - WEST THAMES,Multiple Values,OPEN,FRESHWATER - RIVERS,2025-08-29T09:44:00,2025,ENVIRONMENTAL MONITORING STATUTORY (EU DIRECTIVES),RIVER / RUNNING SURFACE WATER,6460,"Iron, Dissolved",56,MICROGRAM PER LITRE
https://environment.data.gov.uk/water-quality/sampling-point/TH-PWER0030/sample/1443696/observation/6534,TH-PWER0030,WEY ABOVE THAMES,-0.4571,51.3786,Thames,THAMES - WEST THAMES,Multiple Values,OPEN,FRESHWATER - RIVERS,2025-08-29T09:44:00,2025,ENVIRONMENTAL MONITORING STATUTORY (EU DIRECTIVES),RIVER / RUNNING SURFACE WATER,6534,"1,1,1,2-Tetrachloroethane",<0.1,MICROGRAM PER LITRE
https://environment.data.gov.uk/water-quality/sampling-point/TH-PWER0030/sample/1443696/observation/6537,TH-PWER0030,WEY ABOVE THAMES,-0.4571,51.3786,Thames,THAMES - WEST THAMES,Multiple Values,OPEN,FRESHWATER - RIVERS,2025-08-29T09:44:00,2025,ENVIRONMENTAL MONITORING STATUTORY (EU DIRECTIVES),RIVER / RUNNING SURFACE WATER,6537,"1,2-Dibromo-3-chloropropane",<0.1,MICROGRAM PER LITRE
https://environment.data.gov.uk/water-quality/sampling-point/TH-PWER0030/sample/1443696/observation/6538,TH-PWER0030,WEY ABOVE THAMES,-0.4571,51.3786,Thames,THAMES - WEST THAMES,Multiple Values,OPEN,FRESHWATER - RIVERS,2025-08-29T09:44:00,2025,ENVIRONMENTAL MONITORING STATUTORY (EU DIRECTIVES),RIVER / RUNNING SURFACE WATER,6538,"cis-1,2-Dichloroethylene :- {cis-1,2-Dichloroethene}",0.32,MICROGRAM PER LITRE
https://environment.data.gov.uk/water-quality/sampling-point/TH-PWER0030/sample/1443696/observation/6539,TH-PWER0030,WEY ABOVE THAMES,-0.4571,51.3786,Thames,THAMES - WEST THAMES,Multiple Values,OPEN,FRESHWATER - RIVERS,2025-08-29T09:44:00,2025,ENVIRONMENTAL MONITORING STATUTORY (EU DIRECTIVES),RIVER / RUNNING SURFACE WATER,6539,"trans-1,2-Dichloroethylene :- {trans-1,2-Dichloroethene}",<0.1,MICROGRAM PER LITRE
https://environment.data.gov.uk/water-quality/sampling-point/TH-PWER0030/sample/1443696/observation/6540,TH-PWER0030,WEY ABOVE THAMES,-0.4571,51.3786,Thames,THAMES - WEST THAMES,Multiple Values,OPEN,FRESHWATER - RIVERS,2025-08-29T09:44:00,2025,ENVIRONMENTAL MONITORING STATUTORY (EU DIRECTIVES),RIVER / RUNNING SURFACE WATER,6540,"1,2-Dichloropropane",<0.1,MICROGRAM PER LITRE
https://environment.data.gov.uk/water-quality/sampling-point/TH-PWER0030/sample/1443696/observation/6541,TH-PWER0030,WEY ABOVE THAMES,-0.4571,51.3786,Thames,THAMES - WEST THAMES,Multiple Values,OPEN,FRESHWATER - RIVERS,2025-08-29T09:44:00,2025,ENVIRONMENTAL MONITORING STATUTORY (EU DIRECTIVES),RIVER / RUNNING SURFACE WATER,6541,"1,2,3-Trichloropropane",<0.5,MICROGRAM PER LITRE
https://environment.data.gov.uk/water-quality/sampling-point/TH-PWER0030/sample/1443696/observation/6542,TH-PWER0030,WEY ABOVE THAMES,-0.4571,51.3786,Thames,THAMES - WEST THAMES,Multiple Values,OPEN,FRESHWATER - RIVERS,2025-08-29T09:44:00,2025,ENVIRONMENTAL MONITORING STATUTORY (EU DIRECTIVES),RIVER / RUNNING SURFACE WATER,6542,"1,3-Dichloropropane",<0.1,MICROGRAM PER LITRE
https://environment.data.gov.uk/water-quality/sampling-point/TH-PWER0030/sample/1443696/observation/6543,TH-PWER0030,WEY ABOVE THAMES,-0.4571,51.3786,Thames,THAMES - WEST THAMES,Multiple Values,OPEN,FRESHWATER - RIVERS,2025-08-29T09:44:00,2025,ENVIRONMENTAL MONITORING STATUTORY (EU DIRECTIVES),RIVER / RUNNING SURFACE WATER,6543,"cis-1,3-Dichloropropylene :- {cis-1,3-Dichloropropene}",<0.1,MICROGRAM PER LITRE
https://environment.data.gov.uk/water-quality/sampling-point/TH-PWER0030/sample/1443696/observation/6544,TH-PWER0030,WEY ABOVE THAMES,-0.4571,51.3786,Thames,THAMES - WEST THAMES,Multiple Values,OPEN,FRESHWATER - RIVERS,2025-08-29T09:44:00,2025,ENVIRONMENTAL MONITORING STATUTORY (EU DIRECTIVES),RIVER / RUNNING SURFACE WATER,6544,"trans-1,3-Dichloropropylene :- {trans-1,3-Dichloropropene}",<0.5,MICROGRAM PER LITRE
https://environment.data.gov.uk/water-quality/sampling-point/TH-PWER0030/sample/1443696/observation/6547,TH-PWER0030,WEY ABOVE THAMES,-0.4571,51.3786,Thames,THAMES - WEST THAMES,Multiple Values,OPEN,FRESHWATER - RIVERS,2025-08-29T09:44:00,2025,ENVIRONMENTAL MONITORING STATUTORY (EU DIRECTIVES),RIVER / RUNNING SURFACE WATER,6547,2-Chlorotoluene :- {1-Chloro-2-methylbenzene},<0.1,MICROGRAM PER LITRE
https://environment.data.gov.uk/water-quality/sampling-point/TH-PWER0030/sample/1443696/observation/6569,TH-PWER0030,WEY ABOVE THAMES,-0.4571,51.3786,Thames,THAMES - WEST THAMES,Multiple Values,OPEN,FRESHWATER - RIVERS,2025-08-29T09:44:00,2025,ENVIRONMENTAL MONITORING STATUTORY (EU DIRECTIVES),RIVER / RUNNING SURFACE WATER,6569,"2,6-Dimethylphenol :- {2,6-Xylenol}",<0.02,MICROGRAM PER LITRE
https://environment.data.gov.uk/water-quality/sampling-point/TH-PWER0030/sample/1443696/observation/6577,TH-PWER0030,WEY ABOVE THAMES,-0.4571,51.3786,Thames,THAMES - WEST THAMES,Multiple Values,OPEN,FRESHWATER - RIVERS,2025-08-29T09:44:00,2025,ENVIRONMENTAL MONITORING STATUTORY (EU DIRECTIVES),RIVER / RUNNING SURFACE WATER,6577,"3,4-Dimethylphenol :- {3,4-Xylenol}",<0.02,MICROGRAM PER LITRE
https://environment.data.gov.uk/water-quality/sampling-point/TH-PWER0030/sample/1443696/observation/6578,TH-PWER0030,WEY ABOVE THAMES,-0.4571,51.3786,Thames,THAMES - WEST THAMES,Multiple Values,OPEN,FRESHWATER - RIVERS,2025-08-29T09:44:00,2025,ENVIRONMENTAL MONITORING STATUTORY (EU DIRECTIVES),RIVER / RUNNING SURFACE WATER,6578,4-Chlorotoluene :- {1-Chloro-4-methylbenzene},<0.1,MICROGRAM PER LITRE
https://environment.data.gov.uk/water-quality/sampling-point/TH-PWER0030/sample/1443696/observation/6579,TH-PWER0030,WEY ABOVE THAMES,-0.4571,51.3786,Thames,THAMES - WEST THAMES,Multiple Values,OPEN,FRESHWATER - RIVERS,2025-08-29T09:44:00,2025,ENVIRONMENTAL MONITORING STATUTORY (EU DIRECTIVES),RIVER / RUNNING SURFACE WATER,6579,4-Isopropyltoluene :- {4-methyl-Isopropylbenzene},<0.1,MICROGRAM PER LITRE
https://environment.data.gov.uk/water-quality/sampling-point/TH-PWER0030/sample/1443696/observation/6584,TH-PWER0030,WEY ABOVE THAMES,-0.4571,51.3786,Thames,THAMES - WEST THAMES,Multiple Values,OPEN,FRESHWATER - RIVERS,2025-08-29T09:44:00,2025,ENVIRONMENTAL MONITORING STATUTORY (EU DIRECTIVES),RIVER / RUNNING SURFACE WATER,6584,"4-Chloro-3,5-dimethylphenol :- {PCMX}",0.024,MICROGRAM PER LITRE
https://environment.data.gov.uk/water-quality/sampling-point/TH-PWER0030/sample/1443696/observation/6604,TH-PWER0030,WEY ABOVE THAMES,-0.4571,51.3786,Thames,THAMES - WEST THAMES,Multiple Values,OPEN,FRESHWATER - RIVERS,2025-08-29T09:44:00,2025,ENVIRONMENTAL MONITORING STATUTORY (EU DIRECTIVES),RIVER / RUNNING SURFACE WATER,6604,Bromobenzene,<0.1,MICROGRAM PER LITRE
https://environment.data.gov.uk/water-quality/sampling-point/TH-PWER0030/sample/1443696/observation/6605,TH-PWER0030,WEY ABOVE THAMES,-0.4571,51.3786,Thames,THAMES - WEST THAMES,Multiple Values,OPEN,FRESHWATER - RIVERS,2025-08-29T09:44:00,2025,ENVIRONMENTAL MONITORING STATUTORY (EU DIRECTIVES),RIVER / RUNNING SURFACE WATER,6605,Bromochloromethane,<0.1,MICROGRAM PER LITRE
https://environment.data.gov.uk/water-quality/sampling-point/TH-PWER0030/sample/1443696/observation/6656,TH-PWER0030,WEY ABOVE THAMES,-0.4571,51.3786,Thames,THAMES - WEST THAMES,Multiple Values,OPEN,FRESHWATER - RIVERS,2025-08-29T09:44:00,2025,ENVIRONMENTAL MONITORING STATUTORY (EU DIRECTIVES),RIVER / RUNNING SURFACE WATER,6656,MTBE :- {Methyl tert-butyl ether},<0.1,MICROGRAM PER LITRE
https://environment.data.gov.uk/water-quality/sampling-point/TH-PWER0030/sample/1443696/observation/6658,TH-PWER0030,WEY ABOVE THAMES,-0.4571,51.3786,Thames,THAMES - WEST THAMES,Multiple Values,OPEN,FRESHWATER - RIVERS,2025-08-29T09:44:00,2025,ENVIRONMENTAL MONITORING STATUTORY (EU DIRECTIVES),RIVER / RUNNING SURFACE WATER,6658,n-ButylBenzene :- {1-Phenylbutane},<0.1,MICROGRAM PER LITRE
https://environment.data.gov.uk/water-quality/sampling-point/TH-PWER0030/sample/1443696/observation/6659,TH-PWER0030,WEY ABOVE THAMES,-0.4571,51.3786,Thames,THAMES - WEST THAMES,Multiple Values,OPEN,FRESHWATER - RIVERS,2025-08-29T09:44:00,2025,ENVIRONMENTAL MONITORING STATUTORY (EU DIRECTIVES),RIVER / RUNNING SURFACE WATER,6659,n-Propylbenzene :- {1-Phenylpropane},<0.1,MICROGRAM PER LITRE
https://environment.data.gov.uk/water-quality/sampling-point/TH-PWER0030/sample/1443696/observation/6690,TH-PWER0030,WEY ABOVE THAMES,-0.4571,51.3786,Thames,THAMES - WEST THAMES,Multiple Values,OPEN,FRESHWATER - RIVERS,2025-08-29T09:44:00,2025,ENVIRONMENTAL MONITORING STATUTORY (EU DIRECTIVES),RIVER / RUNNING SURFACE WATER,6690,sec-Butylbenzene :- {1-Methylpropylbenzene},<0.1,MICROGRAM PER LITRE
https://environment.data.gov.uk/water-quality/sampling-point/TH-PWER0030/sample/1443696/observation/6693,TH-PWER0030,WEY ABOVE THAMES,-0.4571,51.3786,Thames,THAMES - WEST THAMES,Multiple Values,OPEN,FRESHWATER - RIVERS,2025-08-29T09:44:00,2025,ENVIRONMENTAL MONITORING STATUTORY (EU DIRECTIVES),RIVER / RUNNING SURFACE WATER,6693,"Strontium, Filtered",200,MICROGRAM PER LITRE
https://environment.data.gov.uk/water-quality/sampling-point/TH-PWER0030/sample/1443696/observation/6697,TH-PWER0030,WEY ABOVE THAMES,-0.4571,51.3786,Thames,THAMES - WEST THAMES,Multiple Values,OPEN,FRESHWATER - RIVERS,2025-08-29T09:44:00,2025,ENVIRONMENTAL MONITORING STATUTORY (EU DIRECTIVES),RIVER / RUNNING SURFACE WATER,6697,"tert-Butylbenzene :- {(1,1-Dimethylethyl)benzene}",<0.1,MICROGRAM PER LITRE
https://environment.data.gov.uk/water-quality/sampling-point/TH-PWER0030/sample/1443696/observation/6711,TH-PWER0030,WEY ABOVE THAMES,-0.4571,51.3786,Thames,THAMES - WEST THAMES,Multiple Values,OPEN,FRESHWATER - RIVERS,2025-08-29T09:44:00,2025,ENVIRONMENTAL MONITORING STATUTORY (EU DIRECTIVES),RIVER / RUNNING SURFACE WATER,6711,Trichlorofluoromethane,<0.1,MICROGRAM PER LITRE
https://environment.data.gov.uk/water-quality/sampling-point/TH-PWER0030/sample/1443696/observation/6715,TH-PWER0030,WEY ABOVE THAMES,-0.4571,51.3786,Thames,THAMES - WEST THAMES,Multiple Values,OPEN,FRESHWATER - RIVERS,2025-08-29T09:44:00,2025,ENVIRONMENTAL MONITORING STATUTORY (EU DIRECTIVES),RIVER / RUNNING SURFACE WATER,6715,Vinyl chloride :- {Chloroethylene},<0.1,MICROGRAM PER LITRE
https://environment.data.gov.uk/water-quality/sampling-point/TH-PWER0030/sample/1443696/observation/6716,TH-PWER0030,WEY ABOVE THAMES,-0.4571,51.3786,Thames,THAMES - WEST THAMES,Multiple Values,OPEN,FRESHWATER - RIVERS,2025-08-29T09:44:00,2025,ENVIRONMENTAL MONITORING STATUTORY (EU DIRECTIVES),RIVER / RUNNING SURFACE WATER,6716,"Dimethylbenzene : Sum of isomers (1,3- 1,4-)",<0.2,MICROGRAM PER LITRE
https://environment.data.gov.uk/water-quality/sampling-point/TH-PWER0030/sample/1443696/observation/6724,TH-PWER0030,WEY ABOVE THAMES,-0.4571,51.3786,Thames,THAMES - WEST THAMES,Multiple Values,OPEN,FRESHWATER - RIVERS,2025-08-29T09:44:00,2025,ENVIRONMENTAL MONITORING STATUTORY (EU DIRECTIVES),RIVER / RUNNING SURFACE WATER,6724,Di(2-ethylhexyl) phthalate :- {DEHP},<0.2,MICROGRAM PER LITRE
https://environment.data.gov.uk/water-quality/sampling-point/TH-PWER0030/sample/1443696/observation/6744,TH-PWER0030,WEY ABOVE THAMES,-0.4571,51.3786,Thames,THAMES - WEST THAMES,Multiple Values,OPEN,FRESHWATER - RIVERS,2025-08-29T09:44:00,2025,ENVIRONMENTAL MONITORING STATUTORY (EU DIRECTIVES),RIVER / RUNNING SURFACE WATER,6744,"2,2-Dichloropropane",<0.1,MICROGRAM PER LITRE
https://environment.data.gov.uk/water-quality/sampling-point/TH-PWER0030/sample/1443696/observation/7531,TH-PWER0030,WEY ABOVE THAMES,-0.4571,51.3786,Thames,THAMES - WEST THAMES,Multiple Values,OPEN,FRESHWATER - RIVERS,2025-08-29T09:44:00,2025,ENVIRONMENTAL MONITORING STATUTORY (EU DIRECTIVES),RIVER / RUNNING SURFACE WATER,7531,"1,1,2,2-Tetrachloroethane",<0.1,MICROGRAM PER LITRE
https://environment.data.gov.uk/water-quality/sampling-point/TH-PWER0030/sample/1443696/observation/7574,TH-PWER0030,WEY ABOVE THAMES,-0.4571,51.3786,Thames,THAMES - WEST THAMES,Multiple Values,OPEN,FRESHWATER - RIVERS,2025-08-29T09:44:00,2025,ENVIRONMENTAL MONITORING STATUTORY (EU DIRECTIVES),RIVER / RUNNING SURFACE WATER,7574,Isopropylbenzene :- {Methylethylbenzene},<0.1,MICROGRAM PER LITRE
https://environment.data.gov.uk/water-quality/sampling-point/TH-PWER0030/sample/1443696/observation/7859,TH-PWER0030,WEY ABOVE THAMES,-0.4571,51.3786,Thames,THAMES - WEST THAMES,Multiple Values,OPEN,FRESHWATER - RIVERS,2025-08-29T09:44:00,2025,ENVIRONMENTAL MONITORING STATUTORY (EU DIRECTIVES),RIVER / RUNNING SURFACE WATER,7859,"Sulphate, Dissolved as SO4",45,MILLIGRAM PER LITRE
https://environment.data.gov.uk/water-quality/sampling-point/TH-PWER0030/sample/1443696/observation/8847,TH-PWER0030,WEY ABOVE THAMES,-0.4571,51.3786,Thames,THAMES - WEST THAMES,Multiple Values,OPEN,FRESHWATER - RIVERS,2025-08-29T09:44:00,2025,ENVIRONMENTAL MONITORING STATUTORY (EU DIRECTIVES),RIVER / RUNNING SURFACE WATER,8847,Carbon Disulphide,<0.1,MICROGRAM PER LITRE
https://environment.data.gov.uk/water-quality/sampling-point/TH-PWER0030/sample/1443696/observation/8944,TH-PWER0030,WEY ABOVE THAMES,-0.4571,51.3786,Thames,THAMES - WEST THAMES,Multiple Values,OPEN,FRESHWATER - RIVERS,2025-08-29T09:44:00,2025,ENVIRONMENTAL MONITORING STATUTORY (EU DIRECTIVES),RIVER / RUNNING SURFACE WATER,8944,Tributyl Tin as Cation,0.00008,MICROGRAM PER LITRE
https://environment.data.gov.uk/water-quality/sampling-point/TH-PWER0030/sample/1443696/observation/9005,TH-PWER0030,WEY ABOVE THAMES,-0.4571,51.3786,Thames,THAMES - WEST THAMES,Multiple Values,OPEN,FRESHWATER - RIVERS,2025-08-29T09:44:00,2025,ENVIRONMENTAL MONITORING STATUTORY (EU DIRECTIVES),RIVER / RUNNING SURFACE WATER,9005,"2,2,3,4,4,5,6-Heptabromodiphenyl ether :- {PBDE 183}",<0.00006,MICROGRAM PER LITRE
https://environment.data.gov.uk/water-quality/sampling-point/TH-PWER0030/sample/1443696/observation/9007,TH-PWER0030,WEY ABOVE THAMES,-0.4571,51.3786,Thames,THAMES - WEST THAMES,Multiple Values,OPEN,FRESHWATER - RIVERS,2025-08-29T09:44:00,2025,ENVIRONMENTAL MONITORING STATUTORY (EU DIRECTIVES),RIVER / RUNNING SURFACE WATER,9007,"2,2,3,4,4,5-Hexabromodiphenyl ether :- {PBDE 138}",<0.00009,MICROGRAM PER LITRE
https://environment.data.gov.uk/water-quality/sampling-point/TH-PWER0030/sample/1443696/observation/9009,TH-PWER0030,WEY ABOVE THAMES,-0.4571,51.3786,Thames,THAMES - WEST THAMES,Multiple Values,OPEN,FRESHWATER - RIVERS,2025-08-29T09:44:00,2025,ENVIRONMENTAL MONITORING STATUTORY (EU DIRECTIVES),RIVER / RUNNING SURFACE WATER,9009,"2,2,3,4,4-Pentabromodiphenyl ether :- {PBDE 85}",<0.00006,MICROGRAM PER LITRE
https://environment.data.gov.uk/water-quality/sampling-point/TH-PWER0030/sample/1443696/observation/9011,TH-PWER0030,WEY ABOVE THAMES,-0.4571,51.3786,Thames,THAMES - WEST THAMES,Multiple Values,OPEN,FRESHWATER - RIVERS,2025-08-29T09:44:00,2025,ENVIRONMENTAL MONITORING STATUTORY (EU DIRECTIVES),RIVER / RUNNING SURFACE WATER,9011,"2,2,4,4,5,5-Hexabromodiphenyl ether :- {PBDE 153}",<0.00006,MICROGRAM PER LITRE
https://environment.data.gov.uk/water-quality/sampling-point/TH-PWER0030/sample/1443696/observation/9013,TH-PWER0030,WEY ABOVE THAMES,-0.4571,51.3786,Thames,THAMES - WEST THAMES,Multiple Values,OPEN,FRESHWATER - RIVERS,2025-08-29T09:44:00,2025,ENVIRONMENTAL MONITORING STATUTORY (EU DIRECTIVES),RIVER / RUNNING SURFACE WATER,9013,"2,2,4,4,5,6-Hexabromodiphenyl ether :- {PBDE 154}",<0.00006,MICROGRAM PER LITRE
https://environment.data.gov.uk/water-quality/sampling-point/TH-PWER0030/sample/1443696/observation/9015,TH-PWER0030,WEY ABOVE THAMES,-0.4571,51.3786,Thames,THAMES - WEST THAMES,Multiple Values,OPEN,FRESHWATER - RIVERS,2025-08-29T09:44:00,2025,ENVIRONMENTAL MONITORING STATUTORY (EU DIRECTIVES),RIVER / RUNNING SURFACE WATER,9015,"2,2,4,4,5-Pentabromodiphenyl ether :- {PBDE 99}",<0.00006,MICROGRAM PER LITRE
https://environment.data.gov.uk/water-quality/sampling-point/TH-PWER0030/sample/1443696/observation/9017,TH-PWER0030,WEY ABOVE THAMES,-0.4571,51.3786,Thames,THAMES - WEST THAMES,Multiple Values,OPEN,FRESHWATER - RIVERS,2025-08-29T09:44:00,2025,ENVIRONMENTAL MONITORING STATUTORY (EU DIRECTIVES),RIVER / RUNNING SURFACE WATER,9017,"2,2,4,4,6-Pentabromodiphenyl ether :- {PBDE 100}",<0.00006,MICROGRAM PER LITRE
https://environment.data.gov.uk/water-quality/sampling-point/TH-PWER0030/sample/1443696/observation/9019,TH-PWER0030,WEY ABOVE THAMES,-0.4571,51.3786,Thames,THAMES - WEST THAMES,Multiple Values,OPEN,FRESHWATER - RIVERS,2025-08-29T09:44:00,2025,ENVIRONMENTAL MONITORING STATUTORY (EU DIRECTIVES),RIVER / RUNNING SURFACE WATER,9019,"2,2,4,4-Tetrabromodiphenyl ether :- {PBDE 47}",<0.00006,MICROGRAM PER LITRE
https://environment.data.gov.uk/water-quality/sampling-point/TH-PWER0030/sample/1443696/observation/9021,TH-PWER0030,WEY ABOVE THAMES,-0.4571,51.3786,Thames,THAMES - WEST THAMES,Multiple Values,OPEN,FRESHWATER - RIVERS,2025-08-29T09:44:00,2025,ENVIRONMENTAL MONITORING STATUTORY (EU DIRECTIVES),RIVER / RUNNING SURFACE WATER,9021,"2,3,4,4-Tetrabromodiphenyl ether :- {PBDE 66}",<0.00007,MICROGRAM PER LITRE
https://environment.data.gov.uk/water-quality/sampling-point/TH-PWER0030/sample/1443696/observation/9051,TH-PWER0030,WEY ABOVE THAMES,-0.4571,51.3786,Thames,THAMES - WEST THAMES,Multiple Values,OPEN,FRESHWATER - RIVERS,2025-08-29T09:44:00,2025,ENVIRONMENTAL MONITORING STATUTORY (EU DIRECTIVES),RIVER / RUNNING SURFACE WATER,9051,"1,2,4-Trichlorobenzene",<0.1,MICROGRAM PER LITRE
https://environment.data.gov.uk/water-quality/sampling-point/TH-PWER0030/sample/1443696/observation/9091,TH-PWER0030,WEY ABOVE THAMES,-0.4571,51.3786,Thames,THAMES - WEST THAMES,Multiple Values,OPEN,FRESHWATER - RIVERS,2025-08-29T09:44:00,2025,ENVIRONMENTAL MONITORING STATUTORY (EU DIRECTIVES),RIVER / RUNNING SURFACE WATER,9091,"2,5-Dichlorophenol",<0.02,MICROGRAM PER LITRE
https://environment.data.gov.uk/water-quality/sampling-point/TH-PWER0030/sample/1443696/observation/9094,TH-PWER0030,WEY ABOVE THAMES,-0.4571,51.3786,Thames,THAMES - WEST THAMES,Multiple Values,OPEN,FRESHWATER - RIVERS,2025-08-29T09:44:00,2025,ENVIRONMENTAL MONITORING STATUTORY (EU DIRECTIVES),RIVER / RUNNING SURFACE WATER,9094,"2,5-Dimethylphenol :- {2,5-Xylenol}",<0.02,MICROGRAM PER LITRE
https://environment.data.gov.uk/water-quality/sampling-point/TH-PWER0030/sample/1443696/observation/9145,TH-PWER0030,WEY ABOVE THAMES,-0.4571,51.3786,Thames,THAMES - WEST THAMES,Multiple Values,OPEN,FRESHWATER - RIVERS,2025-08-29T09:44:00,2025,ENVIRONMENTAL MONITORING STATUTORY (EU DIRECTIVES),RIVER / RUNNING SURFACE WATER,9145,"1,2-Dibromoethane",<0.1,MICROGRAM PER LITRE
https://environment.data.gov.uk/water-quality/sampling-point/TH-PWER0030/sample/1443696/observation/9190,TH-PWER0030,WEY ABOVE THAMES,-0.4571,51.3786,Thames,THAMES - WEST THAMES,Multiple Values,OPEN,FRESHWATER - RIVERS,2025-08-29T09:44:00,2025,ENVIRONMENTAL MONITORING STATUTORY (EU DIRECTIVES),RIVER / RUNNING SURFACE WATER,9190,4-Nonylphenol Branched,<0.04,MICROGRAM PER LITRE
https://environment.data.gov.uk/water-quality/sampling-point/TH-PWER0030/sample/1443696/observation/9248,TH-PWER0030,WEY ABOVE THAMES,-0.4571,51.3786,Thames,THAMES - WEST THAMES,Multiple Values,OPEN,FRESHWATER - RIVERS,2025-08-29T09:44:00,2025,ENVIRONMENTAL MONITORING STATUTORY (EU DIRECTIVES),RIVER / RUNNING SURFACE WATER,9248,"Hexabromocyclododecane Total: (Sum of a, b, g)",<0.0002,MICROGRAM PER LITRE
https://environment.data.gov.uk/water-quality/sampling-point/TH-PWER0030/sample/1443696/observation/9267,TH-PWER0030,WEY ABOVE THAMES,-0.4571,51.3786,Thames,THAMES - WEST THAMES,Multiple Values,OPEN,FRESHWATER - RIVERS,2025-08-29T09:44:00,2025,ENVIRONMENTAL MONITORING STATUTORY (EU DIRECTIVES),RIVER / RUNNING SURFACE WATER,9267,4-tert-Octylphenol :- {p-tert-Octylphenol},<0.01,MICROGRAM PER LITRE
https://environment.data.gov.uk/water-quality/sampling-point/TH-PWER0030/sample/1443696/observation/9446,TH-PWER0030,WEY ABOVE THAMES,-0.4571,51.3786,Thames,THAMES - WEST THAMES,Multiple Values,OPEN,FRESHWATER - RIVERS,2025-08-29T09:44:00,2025,ENVIRONMENTAL MONITORING STATUTORY (EU DIRECTIVES),RIVER / RUNNING SURFACE WATER,9446,"Barium, Dissolved",31,MICROGRAM PER LITRE
https://environment.data.gov.uk/water-quality/sampling-point/TH-PWER0030/sample/1443696/observation/9447,TH-PWER0030,WEY ABOVE THAMES,-0.4571,51.3786,Thames,THAMES - WEST THAMES,Multiple Values,OPEN,FRESHWATER - RIVERS,2025-08-29T09:44:00,2025,ENVIRONMENTAL MONITORING STATUTORY (EU DIRECTIVES),RIVER / RUNNING SURFACE WATER,9447,"Boron, Dissolved",<100,MICROGRAM PER LITRE
https://environment.data.gov.uk/water-quality/sampling-point/TH-PWER0030/sample/1443696/observation/9451,TH-PWER0030,WEY ABOVE THAMES,-0.4571,51.3786,Thames,THAMES - WEST THAMES,Multiple Values,OPEN,FRESHWATER - RIVERS,2025-08-29T09:44:00,2025,ENVIRONMENTAL MONITORING STATUTORY (EU DIRECTIVES),RIVER / RUNNING SURFACE WATER,9451,"2,3-Dimethylphenol :- {2,3-Xylenol}",<0.02,MICROGRAM PER LITRE
https://environment.data.gov.uk/water-quality/sampling-point/TH-PWER0030/sample/1443696/observation/9453,TH-PWER0030,WEY ABOVE THAMES,-0.4571,51.3786,Thames,THAMES - WEST THAMES,Multiple Values,OPEN,FRESHWATER - RIVERS,2025-08-29T09:44:00,2025,ENVIRONMENTAL MONITORING STATUTORY (EU DIRECTIVES),RIVER / RUNNING SURFACE WATER,9453,"2,3-Dichlorophenol",<0.02,MICROGRAM PER LITRE
https://environment.data.gov.uk/water-quality/sampling-point/TH-PWER0030/sample/1443696/observation/9454,TH-PWER0030,WEY ABOVE THAMES,-0.4571,51.3786,Thames,THAMES - WEST THAMES,Multiple Values,OPEN,FRESHWATER - RIVERS,2025-08-29T09:44:00,2025,ENVIRONMENTAL MONITORING STATUTORY (EU DIRECTIVES),RIVER / RUNNING SURFACE WATER,9454,2-Ethyl phenol,<0.02,MICROGRAM PER LITRE
https://environment.data.gov.uk/water-quality/sampling-point/TH-PWER0030/sample/1443696/observation/9456,TH-PWER0030,WEY ABOVE THAMES,-0.4571,51.3786,Thames,THAMES - WEST THAMES,Multiple Values,OPEN,FRESHWATER - RIVERS,2025-08-29T09:44:00,2025,ENVIRONMENTAL MONITORING STATUTORY (EU DIRECTIVES),RIVER / RUNNING SURFACE WATER,9456,"1,2,4-Trimethylbenzene",<0.1,MICROGRAM PER LITRE
https://environment.data.gov.uk/water-quality/sampling-point/TH-PWER0030/sample/1443696/observation/9457,TH-PWER0030,WEY ABOVE THAMES,-0.4571,51.3786,Thames,THAMES - WEST THAMES,Multiple Values,OPEN,FRESHWATER - RIVERS,2025-08-29T09:44:00,2025,ENVIRONMENTAL MONITORING STATUTORY (EU DIRECTIVES),RIVER / RUNNING SURFACE WATER,9457,"1,2,3-Trimethylbenzene",<0.1,MICROGRAM PER LITRE
https://environment.data.gov.uk/water-quality/sampling-point/TH-PWER0030/sample/1443696/observation/9458,TH-PWER0030,WEY ABOVE THAMES,-0.4571,51.3786,Thames,THAMES - WEST THAMES,Multiple Values,OPEN,FRESHWATER - RIVERS,2025-08-29T09:44:00,2025,ENVIRONMENTAL MONITORING STATUTORY (EU DIRECTIVES),RIVER / RUNNING SURFACE WATER,9458,"1,3,5-Trimethylbenzene :- {Mesitylene}",<0.1,MICROGRAM PER LITRE
https://environment.data.gov.uk/water-quality/sampling-point/TH-PWER0030/sample/1443696/observation/9522,TH-PWER0030,WEY ABOVE THAMES,-0.4571,51.3786,Thames,THAMES - WEST THAMES,Multiple Values,OPEN,FRESHWATER - RIVERS,2025-08-29T09:44:00,2025,ENVIRONMENTAL MONITORING STATUTORY (EU DIRECTIVES),RIVER / RUNNING SURFACE WATER,9522,Phenol,0.14,MICROGRAM PER LITRE
https://environment.data.gov.uk/water-quality/sampling-point/TH-PWER0030/sample/1443696/observation/9618,TH-PWER0030,WEY ABOVE THAMES,-0.4571,51.3786,Thames,THAMES - WEST THAMES,Multiple Values,OPEN,FRESHWATER - RIVERS,2025-08-29T09:44:00,2025,ENVIRONMENTAL MONITORING STATUTORY (EU DIRECTIVES),RIVER / RUNNING SURFACE WATER,9618,"1,2-Dichlorobenzene",<0.1,MICROGRAM PER LITRE
https://environment.data.gov.uk/water-quality/sampling-point/TH-PWER0030/sample/1443696/observation/9619,TH-PWER0030,WEY ABOVE THAMES,-0.4571,51.3786,Thames,THAMES - WEST THAMES,Multiple Values,OPEN,FRESHWATER - RIVERS,2025-08-29T09:44:00,2025,ENVIRONMENTAL MONITORING STATUTORY (EU DIRECTIVES),RIVER / RUNNING SURFACE WATER,9619,"1,3-Dichlorobenzene",<0.1,MICROGRAM PER LITRE
https://environment.data.gov.uk/water-quality/sampling-point/TH-PWER0030/sample/1443696/observation/9684,TH-PWER0030,WEY ABOVE THAMES,-0.4571,51.3786,Thames,THAMES - WEST THAMES,Multiple Values,OPEN,FRESHWATER - RIVERS,2025-08-29T09:44:00,2025,ENVIRONMENTAL MONITORING STATUTORY (EU DIRECTIVES),RIVER / RUNNING SURFACE WATER,9684,"1,1-Dichloropropylene :- {1,1-Dichloropropene}",<0.1,MICROGRAM PER LITRE
https://environment.data.gov.uk/water-quality/sampling-point/TH-PWER0030/sample/1443696/observation/9703,TH-PWER0030,WEY ABOVE THAMES,-0.4571,51.3786,Thames,THAMES - WEST THAMES,Multiple Values,OPEN,FRESHWATER - RIVERS,2025-08-29T09:44:00,2025,ENVIRONMENTAL MONITORING STATUTORY (EU DIRECTIVES),RIVER / RUNNING SURFACE WATER,9703,3-Chlorophenol,<0.02,MICROGRAM PER LITRE
https://environment.data.gov.uk/water-quality/sampling-point/TH-PWER0030/sample/1443696/observation/9811,TH-PWER0030,WEY ABOVE THAMES,-0.4571,51.3786,Thames,THAMES - WEST THAMES,Multiple Values,OPEN,FRESHWATER - RIVERS,2025-08-29T09:44:00,2025,ENVIRONMENTAL MONITORING STATUTORY (EU DIRECTIVES),RIVER / RUNNING SURFACE WATER,9811,"1,1,2-Trichloroethane",<0.1,MICROGRAM PER LITRE
https://environment.data.gov.uk/water-quality/sampling-point/TH-PWER0030/sample/1443696/observation/9814,TH-PWER0030,WEY ABOVE THAMES,-0.4571,51.3786,Thames,THAMES - WEST THAMES,Multiple Values,OPEN,FRESHWATER - RIVERS,2025-08-29T09:44:00,2025,ENVIRONMENTAL MONITORING STATUTORY (EU DIRECTIVES),RIVER / RUNNING SURFACE WATER,9814,2-Chlorophenol,<0.02,MICROGRAM PER LITRE
https://environment.data.gov.uk/water-quality/sampling-point/TH-PWER0030/sample/1443696/observation/9815,TH-PWER0030,WEY ABOVE THAMES,-0.4571,51.3786,Thames,THAMES - WEST THAMES,Multiple Values,OPEN,FRESHWATER - RIVERS,2025-08-29T09:44:00,2025,ENVIRONMENTAL MONITORING STATUTORY (EU DIRECTIVES),RIVER / RUNNING SURFACE WATER,9815,4-Chlorophenol,<0.02,MICROGRAM PER LITRE
https://environment.data.gov.uk/water-quality/sampling-point/TH-PWER0030/sample/1443696/observation/9816,TH-PWER0030,WEY ABOVE THAMES,-0.4571,51.3786,Thames,THAMES - WEST THAMES,Multiple Values,OPEN,FRESHWATER - RIVERS,2025-08-29T09:44:00,2025,ENVIRONMENTAL MONITORING STATUTORY (EU DIRECTIVES),RIVER / RUNNING SURFACE WATER,9816,"2,4-Dichlorophenol",<0.02,MICROGRAM PER LITRE
https://environment.data.gov.uk/water-quality/sampling-point/TH-PWER0030/sample/1443696/observation/9817,TH-PWER0030,WEY ABOVE THAMES,-0.4571,51.3786,Thames,THAMES - WEST THAMES,Multiple Values,OPEN,FRESHWATER - RIVERS,2025-08-29T09:44:00,2025,ENVIRONMENTAL MONITORING STATUTORY (EU DIRECTIVES),RIVER / RUNNING SURFACE WATER,9817,"2,6-Dichlorophenol",<0.02,MICROGRAM PER LITRE
https://environment.data.gov.uk/water-quality/sampling-point/TH-PWER0030/sample/1443696/observation/9818,TH-PWER0030,WEY ABOVE THAMES,-0.4571,51.3786,Thames,THAMES - WEST THAMES,Multiple Values,OPEN,FRESHWATER - RIVERS,2025-08-29T09:44:00,2025,ENVIRONMENTAL MONITORING STATUTORY (EU DIRECTIVES),RIVER / RUNNING SURFACE WATER,9818,"2,4,5-Trichlorophenol",<0.02,MICROGRAM PER LITRE
https://environment.data.gov.uk/water-quality/sampling-point/TH-PWER0030/sample/1443696/observation/9819,TH-PWER0030,WEY ABOVE THAMES,-0.4571,51.3786,Thames,THAMES - WEST THAMES,Multiple Values,OPEN,FRESHWATER - RIVERS,2025-08-29T09:44:00,2025,ENVIRONMENTAL MONITORING STATUTORY (EU DIRECTIVES),RIVER / RUNNING SURFACE WATER,9819,"2,4,6-Trichlorophenol",<0.02,MICROGRAM PER LITRE
https://environment.data.gov.uk/water-quality/sampling-point/TH-PWER0030/sample/1443696/observation/9836,TH-PWER0030,WEY ABOVE THAMES,-0.4571,51.3786,Thames,THAMES - WEST THAMES,Multiple Values,OPEN,FRESHWATER - RIVERS,2025-08-29T09:44:00,2025,ENVIRONMENTAL MONITORING STATUTORY (EU DIRECTIVES),RIVER / RUNNING SURFACE WATER,9836,"1,1-Dichloroethylene :- {1,1-Dichloroethene}",<0.1,MICROGRAM PER LITRE
https://environment.data.gov.uk/water-quality/sampling-point/TH-PWER0030/sample/1443696/observation/9839,TH-PWER0030,WEY ABOVE THAMES,-0.4571,51.3786,Thames,THAMES - WEST THAMES,Multiple Values,OPEN,FRESHWATER - RIVERS,2025-08-29T09:44:00,2025,ENVIRONMENTAL MONITORING STATUTORY (EU DIRECTIVES),RIVER / RUNNING SURFACE WATER,9839,tert-Amyl methyl ether :- {TAME},<0.1,MICROGRAM PER LITRE
https://environment.data.gov.uk/water-quality/sampling-point/TH-PWER0030/sample/1443696/observation/9844,TH-PWER0030,WEY ABOVE THAMES,-0.4571,51.3786,Thames,THAMES - WEST THAMES,Multiple Values,OPEN,FRESHWATER - RIVERS,2025-08-29T09:44:00,2025,ENVIRONMENTAL MONITORING STATUTORY (EU DIRECTIVES),RIVER / RUNNING SURFACE WATER,9844,Ethyl tert-butyl ether :- {ETBE},<0.1,MICROGRAM PER LITRE
https://environment.data.gov.uk/water-quality/sampling-point/TH-PWER0030/sample/1443696/observation/9845,TH-PWER0030,WEY ABOVE THAMES,-0.4571,51.3786,Thames,THAMES - WEST THAMES,Multiple Values,OPEN,FRESHWATER - RIVERS,2025-08-29T09:44:00,2025,ENVIRONMENTAL MONITORING STATUTORY (EU DIRECTIVES),RIVER / RUNNING SURFACE WATER,9845,"1,2-Dimethylbenzene :- {o-Xylene}",<0.1,MICROGRAM PER LITRE
https://environment.data.gov.uk/water-quality/sampling-point/TH-PWER0030/sample/1443696/observation/9888,TH-PWER0030,WEY ABOVE THAMES,-0.4571,51.3786,Thames,THAMES - WEST THAMES,Multiple Values,OPEN,FRESHWATER - RIVERS,2025-08-29T09:44:00,2025,ENVIRONMENTAL MONITORING STATUTORY (EU DIRECTIVES),RIVER / RUNNING SURFACE WATER,9888,Styrene :- {Vinylbenzene},<0.1,MICROGRAM PER LITRE
https://environment.data.gov.uk/water-quality/sampling-point/TH-PWER0030/sample/1443696/observation/9901,TH-PWER0030,WEY ABOVE THAMES,-0.4571,51.3786,Thames,THAMES - WEST THAMES,Multiple Values,OPEN,FRESHWATER - RIVERS,2025-08-29T09:44:00,2025,ENVIRONMENTAL MONITORING STATUTORY (EU DIRECTIVES),RIVER / RUNNING SURFACE WATER,9901,"Oxygen, Dissolved, % Saturation",91.5,PERCENTAGE
https://environment.data.gov.uk/water-quality/sampling-point/TH-PWER0030/sample/1443696/observation/9924,TH-PWER0030,WEY ABOVE THAMES,-0.4571,51.3786,Thames,THAMES - WEST THAMES,Multiple Values,OPEN,FRESHWATER - RIVERS,2025-08-29T09:44:00,2025,ENVIRONMENTAL MONITORING STATUTORY (EU DIRECTIVES),RIVER / RUNNING SURFACE WATER,9924,"Oxygen, Dissolved as O2",8.84,MILLIGRAM PER LITRE
https://environment.data.gov.uk/water-quality/sampling-point/TH-PWER0030/sample/1443986/observation/0052,TH-PWER0030,WEY ABOVE THAMES,-0.4571,51.3786,Thames,THAMES - WEST THAMES,Multiple Values,OPEN,FRESHWATER - RIVERS,2025-09-05T16:04:00,2025,ENVIRONMENTAL MONITORING STATUTORY (EU DIRECTIVES),RIVER / RUNNING SURFACE WATER,52,"Lead, Dissolved",0.14,MICROGRAM PER LITRE
https://environment.data.gov.uk/water-quality/sampling-point/TH-PWER0030/sample/1443986/observation/0061,TH-PWER0030,WEY ABOVE THAMES,-0.4571,51.3786,Thames,THAMES - WEST THAMES,Multiple Values,OPEN,FRESHWATER - RIVERS,2025-09-05T16:04:00,2025,ENVIRONMENTAL MONITORING STATUTORY (EU DIRECTIVES),RIVER / RUNNING SURFACE WATER,61,pH,7.66,PH UNITS
https://environment.data.gov.uk/water-quality/sampling-point/TH-PWER0030/sample/1443986/observation/0076,TH-PWER0030,WEY ABOVE THAMES,-0.4571,51.3786,Thames,THAMES - WEST THAMES,Multiple Values,OPEN,FRESHWATER - RIVERS,2025-09-05T16:04:00,2025,ENVIRONMENTAL MONITORING STATUTORY (EU DIRECTIVES),RIVER / RUNNING SURFACE WATER,76,Temperature of Water,17.4,CELSIUS
https://environment.data.gov.uk/water-quality/sampling-point/TH-PWER0030/sample/1443986/observation/0077,TH-PWER0030,WEY ABOVE THAMES,-0.4571,51.3786,Thames,THAMES - WEST THAMES,Multiple Values,OPEN,FRESHWATER - RIVERS,2025-09-05T16:04:00,2025,ENVIRONMENTAL MONITORING STATUTORY (EU DIRECTIVES),RIVER / RUNNING SURFACE WATER,77,Conductivity at 25 C,456,MICROSIEMENS PER CENTIMETRE
https://environment.data.gov.uk/water-quality/sampling-point/TH-PWER0030/sample/1443986/observation/0085,TH-PWER0030,WEY ABOVE THAMES,-0.4571,51.3786,Thames,THAMES - WEST THAMES,Multiple Values,OPEN,FRESHWATER - RIVERS,2025-09-05T16:04:00,2025,ENVIRONMENTAL MONITORING STATUTORY (EU DIRECTIVES),RIVER / RUNNING SURFACE WATER,85,BOD : 5 Day ATU,1.1,MILLIGRAM PER LITRE
https://environment.data.gov.uk/water-quality/sampling-point/TH-PWER0030/sample/1443986/observation/0103,TH-PWER0030,WEY ABOVE THAMES,-0.4571,51.3786,Thames,THAMES - WEST THAMES,Multiple Values,OPEN,FRESHWATER - RIVERS,2025-09-05T16:04:00,2025,ENVIRONMENTAL MONITORING STATUTORY (EU DIRECTIVES),RIVER / RUNNING SURFACE WATER,103,"Mercury, Dissolved",<0.01,MICROGRAM PER LITRE
https://environment.data.gov.uk/water-quality/sampling-point/TH-PWER0030/sample/1443986/observation/0106,TH-PWER0030,WEY ABOVE THAMES,-0.4571,51.3786,Thames,THAMES - WEST THAMES,Multiple Values,OPEN,FRESHWATER - RIVERS,2025-09-05T16:04:00,2025,ENVIRONMENTAL MONITORING STATUTORY (EU DIRECTIVES),RIVER / RUNNING SURFACE WATER,106,"Cadmium, Dissolved",<0.01,MICROGRAM PER LITRE
https://environment.data.gov.uk/water-quality/sampling-point/TH-PWER0030/sample/1443986/observation/0111,TH-PWER0030,WEY ABOVE THAMES,-0.4571,51.3786,Thames,THAMES - WEST THAMES,Multiple Values,OPEN,FRESHWATER - RIVERS,2025-09-05T16:04:00,2025,ENVIRONMENTAL MONITORING STATUTORY (EU DIRECTIVES),RIVER / RUNNING SURFACE WATER,111,Ammoniacal Nitrogen as N,0.098,MILLIGRAM PER LITRE
https://environment.data.gov.uk/water-quality/sampling-point/TH-PWER0030/sample/1443986/observation/0116,TH-PWER0030,WEY ABOVE THAMES,-0.4571,51.3786,Thames,THAMES - WEST THAMES,Multiple Values,OPEN,FRESHWATER - RIVERS,2025-09-05T16:04:00,2025,ENVIRONMENTAL MONITORING STATUTORY (EU DIRECTIVES),RIVER / RUNNING SURFACE WATER,116,"Nitrogen, Total Oxidised as N",6,MILLIGRAM PER LITRE
https://environment.data.gov.uk/water-quality/sampling-point/TH-PWER0030/sample/1443986/observation/0117,TH-PWER0030,WEY ABOVE THAMES,-0.4571,51.3786,Thames,THAMES - WEST THAMES,Multiple Values,OPEN,FRESHWATER - RIVERS,2025-09-05T16:04:00,2025,ENVIRONMENTAL MONITORING STATUTORY (EU DIRECTIVES),RIVER / RUNNING SURFACE WATER,117,Nitrate as N,5.93,MILLIGRAM PER LITRE
https://environment.data.gov.uk/water-quality/sampling-point/TH-PWER0030/sample/1443986/observation/0118,TH-PWER0030,WEY ABOVE THAMES,-0.4571,51.3786,Thames,THAMES - WEST THAMES,Multiple Values,OPEN,FRESHWATER - RIVERS,2025-09-05T16:04:00,2025,ENVIRONMENTAL MONITORING STATUTORY (EU DIRECTIVES),RIVER / RUNNING SURFACE WATER,118,Nitrite as N,0.072,MILLIGRAM PER LITRE
https://environment.data.gov.uk/water-quality/sampling-point/TH-PWER0030/sample/1443986/observation/0119,TH-PWER0030,WEY ABOVE THAMES,-0.4571,51.3786,Thames,THAMES - WEST THAMES,Multiple Values,OPEN,FRESHWATER - RIVERS,2025-09-05T16:04:00,2025,ENVIRONMENTAL MONITORING STATUTORY (EU DIRECTIVES),RIVER / RUNNING SURFACE WATER,119,Ammonia un-ionised as N,0.00142,MILLIGRAM PER LITRE
https://environment.data.gov.uk/water-quality/sampling-point/TH-PWER0030/sample/1443986/observation/0162,TH-PWER0030,WEY ABOVE THAMES,-0.4571,51.3786,Thames,THAMES - WEST THAMES,Multiple Values,OPEN,FRESHWATER - RIVERS,2025-09-05T16:04:00,2025,ENVIRONMENTAL MONITORING STATUTORY (EU DIRECTIVES),RIVER / RUNNING SURFACE WATER,162,Alkalinity to pH 4.5 as CaCO3,98,MILLIGRAM PER LITRE
https://environment.data.gov.uk/water-quality/sampling-point/TH-PWER0030/sample/1443986/observation/0180,TH-PWER0030,WEY ABOVE THAMES,-0.4571,51.3786,Thames,THAMES - WEST THAMES,Multiple Values,OPEN,FRESHWATER - RIVERS,2025-09-05T16:04:00,2025,ENVIRONMENTAL MONITORING STATUTORY (EU DIRECTIVES),RIVER / RUNNING SURFACE WATER,180,"Orthophosphate, reactive as P",0.18,MILLIGRAM PER LITRE
https://environment.data.gov.uk/water-quality/sampling-point/TH-PWER0030/sample/1443986/observation/0205,TH-PWER0030,WEY ABOVE THAMES,-0.4571,51.3786,Thames,THAMES - WEST THAMES,Multiple Values,OPEN,FRESHWATER - RIVERS,2025-09-05T16:04:00,2025,ENVIRONMENTAL MONITORING STATUTORY (EU DIRECTIVES),RIVER / RUNNING SURFACE WATER,205,"Sodium, Dissolved",27,MILLIGRAM PER LITRE
https://environment.data.gov.uk/water-quality/sampling-point/TH-PWER0030/sample/1443986/observation/0209,TH-PWER0030,WEY ABOVE THAMES,-0.4571,51.3786,Thames,THAMES - WEST THAMES,Multiple Values,OPEN,FRESHWATER - RIVERS,2025-09-05T16:04:00,2025,ENVIRONMENTAL MONITORING STATUTORY (EU DIRECTIVES),RIVER / RUNNING SURFACE WATER,209,"Potassium, Dissolved",6.5,MILLIGRAM PER LITRE
https://environment.data.gov.uk/water-quality/sampling-point/TH-PWER0030/sample/1443986/observation/0235,TH-PWER0030,WEY ABOVE THAMES,-0.4571,51.3786,Thames,THAMES - WEST THAMES,Multiple Values,OPEN,FRESHWATER - RIVERS,2025-09-05T16:04:00,2025,ENVIRONMENTAL MONITORING STATUTORY (EU DIRECTIVES),RIVER / RUNNING SURFACE WATER,235,"Magnesium, Dissolved",3.7,MILLIGRAM PER LITRE
https://environment.data.gov.uk/water-quality/sampling-point/TH-PWER0030/sample/1443986/observation/0239,TH-PWER0030,WEY ABOVE THAMES,-0.4571,51.3786,Thames,THAMES - WEST THAMES,Multiple Values,OPEN,FRESHWATER - RIVERS,2025-09-05T16:04:00,2025,ENVIRONMENTAL MONITORING STATUTORY (EU DIRECTIVES),RIVER / RUNNING SURFACE WATER,239,"Calcium, Dissolved",55,MILLIGRAM PER LITRE
https://environment.data.gov.uk/water-quality/sampling-point/TH-PWER0030/sample/1443986/observation/1049,TH-PWER0030,WEY ABOVE THAMES,-0.4571,51.3786,Thames,THAMES - WEST THAMES,Multiple Values,OPEN,FRESHWATER - RIVERS,2025-09-05T16:04:00,2025,ENVIRONMENTAL MONITORING STATUTORY (EU DIRECTIVES),RIVER / RUNNING SURFACE WATER,1049,Carbon tetrachloride :- {Tetrachloromethane},<0.1,MICROGRAM PER LITRE
https://environment.data.gov.uk/water-quality/sampling-point/TH-PWER0030/sample/1443986/observation/1085,TH-PWER0030,WEY ABOVE THAMES,-0.4571,51.3786,Thames,THAMES - WEST THAMES,Multiple Values,OPEN,FRESHWATER - RIVERS,2025-09-05T16:04:00,2025,ENVIRONMENTAL MONITORING STATUTORY (EU DIRECTIVES),RIVER / RUNNING SURFACE WATER,1085,Pentachlorophenol,<0.02,MICROGRAM PER LITRE
https://environment.data.gov.uk/water-quality/sampling-point/TH-PWER0030/sample/1443986/observation/3268,TH-PWER0030,WEY ABOVE THAMES,-0.4571,51.3786,Thames,THAMES - WEST THAMES,Multiple Values,OPEN,FRESHWATER - RIVERS,2025-09-05T16:04:00,2025,ENVIRONMENTAL MONITORING STATUTORY (EU DIRECTIVES),RIVER / RUNNING SURFACE WATER,3268,"1,1,1-Trichloroethane",<0.1,MICROGRAM PER LITRE
https://environment.data.gov.uk/water-quality/sampling-point/TH-PWER0030/sample/1443986/observation/3269,TH-PWER0030,WEY ABOVE THAMES,-0.4571,51.3786,Thames,THAMES - WEST THAMES,Multiple Values,OPEN,FRESHWATER - RIVERS,2025-09-05T16:04:00,2025,ENVIRONMENTAL MONITORING STATUTORY (EU DIRECTIVES),RIVER / RUNNING SURFACE WATER,3269,"1,1-Dichloroethane",<0.1,MICROGRAM PER LITRE
https://environment.data.gov.uk/water-quality/sampling-point/TH-PWER0030/sample/1443986/observation/3272,TH-PWER0030,WEY ABOVE THAMES,-0.4571,51.3786,Thames,THAMES - WEST THAMES,Multiple Values,OPEN,FRESHWATER - RIVERS,2025-09-05T16:04:00,2025,ENVIRONMENTAL MONITORING STATUTORY (EU DIRECTIVES),RIVER / RUNNING SURFACE WATER,3272,"1,2-Dichloroethane",<0.1,MICROGRAM PER LITRE
https://environment.data.gov.uk/water-quality/sampling-point/TH-PWER0030/sample/1443986/observation/3282,TH-PWER0030,WEY ABOVE THAMES,-0.4571,51.3786,Thames,THAMES - WEST THAMES,Multiple Values,OPEN,FRESHWATER - RIVERS,2025-09-05T16:04:00,2025,ENVIRONMENTAL MONITORING STATUTORY (EU DIRECTIVES),RIVER / RUNNING SURFACE WATER,3282,Bromodichloromethane,<0.1,MICROGRAM PER LITRE
https://environment.data.gov.uk/water-quality/sampling-point/TH-PWER0030/sample/1443986/observation/3283,TH-PWER0030,WEY ABOVE THAMES,-0.4571,51.3786,Thames,THAMES - WEST THAMES,Multiple Values,OPEN,FRESHWATER - RIVERS,2025-09-05T16:04:00,2025,ENVIRONMENTAL MONITORING STATUTORY (EU DIRECTIVES),RIVER / RUNNING SURFACE WATER,3283,Bromoform :- {Tribromomethane},<0.1,MICROGRAM PER LITRE
https://environment.data.gov.uk/water-quality/sampling-point/TH-PWER0030/sample/1443986/observation/3290,TH-PWER0030,WEY ABOVE THAMES,-0.4571,51.3786,Thames,THAMES - WEST THAMES,Multiple Values,OPEN,FRESHWATER - RIVERS,2025-09-05T16:04:00,2025,ENVIRONMENTAL MONITORING STATUTORY (EU DIRECTIVES),RIVER / RUNNING SURFACE WATER,3290,Chlorobenzene,<0.1,MICROGRAM PER LITRE
https://environment.data.gov.uk/water-quality/sampling-point/TH-PWER0030/sample/1443986/observation/3292,TH-PWER0030,WEY ABOVE THAMES,-0.4571,51.3786,Thames,THAMES - WEST THAMES,Multiple Values,OPEN,FRESHWATER - RIVERS,2025-09-05T16:04:00,2025,ENVIRONMENTAL MONITORING STATUTORY (EU DIRECTIVES),RIVER / RUNNING SURFACE WATER,3292,Chlorodibromomethane,<0.1,MICROGRAM PER LITRE
https://environment.data.gov.uk/water-quality/sampling-point/TH-PWER0030/sample/1443986/observation/3299,TH-PWER0030,WEY ABOVE THAMES,-0.4571,51.3786,Thames,THAMES - WEST THAMES,Multiple Values,OPEN,FRESHWATER - RIVERS,2025-09-05T16:04:00,2025,ENVIRONMENTAL MONITORING STATUTORY (EU DIRECTIVES),RIVER / RUNNING SURFACE WATER,3299,Dichloromethane :- {Methylene Dichloride},<0.5,MICROGRAM PER LITRE
https://environment.data.gov.uk/water-quality/sampling-point/TH-PWER0030/sample/1443986/observation/3328,TH-PWER0030,WEY ABOVE THAMES,-0.4571,51.3786,Thames,THAMES - WEST THAMES,Multiple Values,OPEN,FRESHWATER - RIVERS,2025-09-05T16:04:00,2025,ENVIRONMENTAL MONITORING STATUTORY (EU DIRECTIVES),RIVER / RUNNING SURFACE WATER,3328,Tetrachloroethylene :- {Perchloroethylene},<0.1,MICROGRAM PER LITRE
https://environment.data.gov.uk/water-quality/sampling-point/TH-PWER0030/sample/1443986/observation/3334,TH-PWER0030,WEY ABOVE THAMES,-0.4571,51.3786,Thames,THAMES - WEST THAMES,Multiple Values,OPEN,FRESHWATER - RIVERS,2025-09-05T16:04:00,2025,ENVIRONMENTAL MONITORING STATUTORY (EU DIRECTIVES),RIVER / RUNNING SURFACE WATER,3334,Trichloroethylene :- {Trichloroethene},<0.1,MICROGRAM PER LITRE
https://environment.data.gov.uk/water-quality/sampling-point/TH-PWER0030/sample/1443986/observation/3341,TH-PWER0030,WEY ABOVE THAMES,-0.4571,51.3786,Thames,THAMES - WEST THAMES,Multiple Values,OPEN,FRESHWATER - RIVERS,2025-09-05T16:04:00,2025,ENVIRONMENTAL MONITORING STATUTORY (EU DIRECTIVES),RIVER / RUNNING SURFACE WATER,3341,4-Chloro-2-methylphenol :- {p-Chloro-o-cresol},<0.02,MICROGRAM PER LITRE
https://environment.data.gov.uk/water-quality/sampling-point/TH-PWER0030/sample/1443986/observation/3342,TH-PWER0030,WEY ABOVE THAMES,-0.4571,51.3786,Thames,THAMES - WEST THAMES,Multiple Values,OPEN,FRESHWATER - RIVERS,2025-09-05T16:04:00,2025,ENVIRONMENTAL MONITORING STATUTORY (EU DIRECTIVES),RIVER / RUNNING SURFACE WATER,3342,4-Chloro-3-methylphenol :- {p-Chloro-m-cresol},<0.02,MICROGRAM PER LITRE
https://environment.data.gov.uk/water-quality/sampling-point/TH-PWER0030/sample/1443986/observation/3343,TH-PWER0030,WEY ABOVE THAMES,-0.4571,51.3786,Thames,THAMES - WEST THAMES,Multiple Values,OPEN,FRESHWATER - RIVERS,2025-09-05T16:04:00,2025,ENVIRONMENTAL MONITORING STATUTORY (EU DIRECTIVES),RIVER / RUNNING SURFACE WATER,3343,"2,4-Dimethylphenol :- {2,4-Xylenol}",<0.02,MICROGRAM PER LITRE
https://environment.data.gov.uk/water-quality/sampling-point/TH-PWER0030/sample/1443986/observation/3373,TH-PWER0030,WEY ABOVE THAMES,-0.4571,51.3786,Thames,THAMES - WEST THAMES,Multiple Values,OPEN,FRESHWATER - RIVERS,2025-09-05T16:04:00,2025,ENVIRONMENTAL MONITORING STATUTORY (EU DIRECTIVES),RIVER / RUNNING SURFACE WATER,3373,Chloroform :- {Trichloromethane},<0.1,MICROGRAM PER LITRE
https://environment.data.gov.uk/water-quality/sampling-point/TH-PWER0030/sample/1443986/observation/3408,TH-PWER0030,WEY ABOVE THAMES,-0.4571,51.3786,Thames,THAMES - WEST THAMES,Multiple Values,OPEN,FRESHWATER - RIVERS,2025-09-05T16:04:00,2025,ENVIRONMENTAL MONITORING STATUTORY (EU DIRECTIVES),RIVER / RUNNING SURFACE WATER,3408,"Zinc, Dissolved",3.5,MICROGRAM PER LITRE
https://environment.data.gov.uk/water-quality/sampling-point/TH-PWER0030/sample/1443986/observation/3409,TH-PWER0030,WEY ABOVE THAMES,-0.4571,51.3786,Thames,THAMES - WEST THAMES,Multiple Values,OPEN,FRESHWATER - RIVERS,2025-09-05T16:04:00,2025,ENVIRONMENTAL MONITORING STATUTORY (EU DIRECTIVES),RIVER / RUNNING SURFACE WATER,3409,"Chromium, Dissolved",<0.5,MICROGRAM PER LITRE
https://environment.data.gov.uk/water-quality/sampling-point/TH-PWER0030/sample/1443986/observation/3410,TH-PWER0030,WEY ABOVE THAMES,-0.4571,51.3786,Thames,THAMES - WEST THAMES,Multiple Values,OPEN,FRESHWATER - RIVERS,2025-09-05T16:04:00,2025,ENVIRONMENTAL MONITORING STATUTORY (EU DIRECTIVES),RIVER / RUNNING SURFACE WATER,3410,"Nickel, Dissolved",2.3,MICROGRAM PER LITRE
https://environment.data.gov.uk/water-quality/sampling-point/TH-PWER0030/sample/1443986/observation/3781,TH-PWER0030,WEY ABOVE THAMES,-0.4571,51.3786,Thames,THAMES - WEST THAMES,Multiple Values,OPEN,FRESHWATER - RIVERS,2025-09-05T16:04:00,2025,ENVIRONMENTAL MONITORING STATUTORY (EU DIRECTIVES),RIVER / RUNNING SURFACE WATER,3781,Benzene,<0.1,MICROGRAM PER LITRE
https://environment.data.gov.uk/water-quality/sampling-point/TH-PWER0030/sample/1443986/observation/3783,TH-PWER0030,WEY ABOVE THAMES,-0.4571,51.3786,Thames,THAMES - WEST THAMES,Multiple Values,OPEN,FRESHWATER - RIVERS,2025-09-05T16:04:00,2025,ENVIRONMENTAL MONITORING STATUTORY (EU DIRECTIVES),RIVER / RUNNING SURFACE WATER,3783,Dibromomethane,<0.1,MICROGRAM PER LITRE
https://environment.data.gov.uk/water-quality/sampling-point/TH-PWER0030/sample/1443986/observation/3784,TH-PWER0030,WEY ABOVE THAMES,-0.4571,51.3786,Thames,THAMES - WEST THAMES,Multiple Values,OPEN,FRESHWATER - RIVERS,2025-09-05T16:04:00,2025,ENVIRONMENTAL MONITORING STATUTORY (EU DIRECTIVES),RIVER / RUNNING SURFACE WATER,3784,Toluene :- {Methylbenzene},<0.1,MICROGRAM PER LITRE
https://environment.data.gov.uk/water-quality/sampling-point/TH-PWER0030/sample/1443986/observation/4049,TH-PWER0030,WEY ABOVE THAMES,-0.4571,51.3786,Thames,THAMES - WEST THAMES,Multiple Values,OPEN,FRESHWATER - RIVERS,2025-09-05T16:04:00,2025,ENVIRONMENTAL MONITORING STATUTORY (EU DIRECTIVES),RIVER / RUNNING SURFACE WATER,4049,"1,4-Dichlorobenzene",<0.1,MICROGRAM PER LITRE
https://environment.data.gov.uk/water-quality/sampling-point/TH-PWER0030/sample/1443986/observation/4117,TH-PWER0030,WEY ABOVE THAMES,-0.4571,51.3786,Thames,THAMES - WEST THAMES,Multiple Values,OPEN,FRESHWATER - RIVERS,2025-09-05T16:04:00,2025,ENVIRONMENTAL MONITORING STATUTORY (EU DIRECTIVES),RIVER / RUNNING SURFACE WATER,4117,Ethylbenzene,<0.1,MICROGRAM PER LITRE
https://environment.data.gov.uk/water-quality/sampling-point/TH-PWER0030/sample/1443986/observation/4201,TH-PWER0030,WEY ABOVE THAMES,-0.4571,51.3786,Thames,THAMES - WEST THAMES,Multiple Values,OPEN,FRESHWATER - RIVERS,2025-09-05T16:04:00,2025,ENVIRONMENTAL MONITORING STATUTORY (EU DIRECTIVES),RIVER / RUNNING SURFACE WATER,4201,"Lithium, Dissolved",<100,MICROGRAM PER LITRE
https://environment.data.gov.uk/water-quality/sampling-point/TH-PWER0030/sample/1443986/observation/4621,TH-PWER0030,WEY ABOVE THAMES,-0.4571,51.3786,Thames,THAMES - WEST THAMES,Multiple Values,OPEN,FRESHWATER - RIVERS,2025-09-05T16:04:00,2025,ENVIRONMENTAL MONITORING STATUTORY (EU DIRECTIVES),RIVER / RUNNING SURFACE WATER,4621,"2,4,4-TriBromoDiphenylEther",<0.00006,MICROGRAM PER LITRE
https://environment.data.gov.uk/water-quality/sampling-point/TH-PWER0030/sample/1443986/observation/5234,TH-PWER0030,WEY ABOVE THAMES,-0.4571,51.3786,Thames,THAMES - WEST THAMES,Multiple Values,OPEN,FRESHWATER - RIVERS,2025-09-05T16:04:00,2025,ENVIRONMENTAL MONITORING STATUTORY (EU DIRECTIVES),RIVER / RUNNING SURFACE WATER,5234,Hexachloroethane,<0.1,MICROGRAM PER LITRE
https://environment.data.gov.uk/water-quality/sampling-point/TH-PWER0030/sample/1443986/observation/5558,TH-PWER0030,WEY ABOVE THAMES,-0.4571,51.3786,Thames,THAMES - WEST THAMES,Multiple Values,OPEN,FRESHWATER - RIVERS,2025-09-05T16:04:00,2025,ENVIRONMENTAL MONITORING STATUTORY (EU DIRECTIVES),RIVER / RUNNING SURFACE WATER,5558,"3,5-Dimethylphenol :- {3,5-Xylenol}",<0.02,MICROGRAM PER LITRE
https://environment.data.gov.uk/water-quality/sampling-point/TH-PWER0030/sample/1443986/observation/5560,TH-PWER0030,WEY ABOVE THAMES,-0.4571,51.3786,Thames,THAMES - WEST THAMES,Multiple Values,OPEN,FRESHWATER - RIVERS,2025-09-05T16:04:00,2025,ENVIRONMENTAL MONITORING STATUTORY (EU DIRECTIVES),RIVER / RUNNING SURFACE WATER,5560,4-Methylphenol :- {p-Cresol},<0.02,MICROGRAM PER LITRE
https://environment.data.gov.uk/water-quality/sampling-point/TH-PWER0030/sample/1443986/observation/5561,TH-PWER0030,WEY ABOVE THAMES,-0.4571,51.3786,Thames,THAMES - WEST THAMES,Multiple Values,OPEN,FRESHWATER - RIVERS,2025-09-05T16:04:00,2025,ENVIRONMENTAL MONITORING STATUTORY (EU DIRECTIVES),RIVER / RUNNING SURFACE WATER,5561,3-Methylphenol :- {m-Cresol},<0.02,MICROGRAM PER LITRE
https://environment.data.gov.uk/water-quality/sampling-point/TH-PWER0030/sample/1443986/observation/5562,TH-PWER0030,WEY ABOVE THAMES,-0.4571,51.3786,Thames,THAMES - WEST THAMES,Multiple Values,OPEN,FRESHWATER - RIVERS,2025-09-05T16:04:00,2025,ENVIRONMENTAL MONITORING STATUTORY (EU DIRECTIVES),RIVER / RUNNING SURFACE WATER,5562,2-Methylphenol :- {o-Cresol},0.02,MICROGRAM PER LITRE
https://environment.data.gov.uk/water-quality/sampling-point/TH-PWER0030/sample/1443986/observation/5568,TH-PWER0030,WEY ABOVE THAMES,-0.4571,51.3786,Thames,THAMES - WEST THAMES,Multiple Values,OPEN,FRESHWATER - RIVERS,2025-09-05T16:04:00,2025,ENVIRONMENTAL MONITORING STATUTORY (EU DIRECTIVES),RIVER / RUNNING SURFACE WATER,5568,3-Chlorotoluene :- {3-Chloromethylbenzene},<0.1,MICROGRAM PER LITRE
https://environment.data.gov.uk/water-quality/sampling-point/TH-PWER0030/sample/1443986/observation/5732,TH-PWER0030,WEY ABOVE THAMES,-0.4571,51.3786,Thames,THAMES - WEST THAMES,Multiple Values,OPEN,FRESHWATER - RIVERS,2025-09-05T16:04:00,2025,ENVIRONMENTAL MONITORING STATUTORY (EU DIRECTIVES),RIVER / RUNNING SURFACE WATER,5732,Triphenyl Tin as Cation,<0.00002,MICROGRAM PER LITRE
https://environment.data.gov.uk/water-quality/sampling-point/TH-PWER0030/sample/1443986/observation/5889,TH-PWER0030,WEY ABOVE THAMES,-0.4571,51.3786,Thames,THAMES - WEST THAMES,Multiple Values,OPEN,FRESHWATER - RIVERS,2025-09-05T16:04:00,2025,ENVIRONMENTAL MONITORING STATUTORY (EU DIRECTIVES),RIVER / RUNNING SURFACE WATER,5889,Triclosan,<0.01,MICROGRAM PER LITRE
https://environment.data.gov.uk/water-quality/sampling-point/TH-PWER0030/sample/1443986/observation/6037,TH-PWER0030,WEY ABOVE THAMES,-0.4571,51.3786,Thames,THAMES - WEST THAMES,Multiple Values,OPEN,FRESHWATER - RIVERS,2025-09-05T16:04:00,2025,ENVIRONMENTAL MONITORING STATUTORY (EU DIRECTIVES),RIVER / RUNNING SURFACE WATER,6037,"Aluminium, Dissolved",<20,MICROGRAM PER LITRE
https://environment.data.gov.uk/water-quality/sampling-point/TH-PWER0030/sample/1443986/observation/6045,TH-PWER0030,WEY ABOVE THAMES,-0.4571,51.3786,Thames,THAMES - WEST THAMES,Multiple Values,OPEN,FRESHWATER - RIVERS,2025-09-05T16:04:00,2025,ENVIRONMENTAL MONITORING STATUTORY (EU DIRECTIVES),RIVER / RUNNING SURFACE WATER,6045,"Arsenic, Dissolved",1.1,MICROGRAM PER LITRE
https://environment.data.gov.uk/water-quality/sampling-point/TH-PWER0030/sample/1443986/observation/6376,TH-PWER0030,WEY ABOVE THAMES,-0.4571,51.3786,Thames,THAMES - WEST THAMES,Multiple Values,OPEN,FRESHWATER - RIVERS,2025-09-05T16:04:00,2025,ENVIRONMENTAL MONITORING STATUTORY (EU DIRECTIVES),RIVER / RUNNING SURFACE WATER,6376,Chloromethane :- {Methyl Chloride},<0.5,MICROGRAM PER LITRE
https://environment.data.gov.uk/water-quality/sampling-point/TH-PWER0030/sample/1443986/observation/6450,TH-PWER0030,WEY ABOVE THAMES,-0.4571,51.3786,Thames,THAMES - WEST THAMES,Multiple Values,OPEN,FRESHWATER - RIVERS,2025-09-05T16:04:00,2025,ENVIRONMENTAL MONITORING STATUTORY (EU DIRECTIVES),RIVER / RUNNING SURFACE WATER,6450,"Copper, Dissolved",2.2,MICROGRAM PER LITRE
https://environment.data.gov.uk/water-quality/sampling-point/TH-PWER0030/sample/1443986/observation/6458,TH-PWER0030,WEY ABOVE THAMES,-0.4571,51.3786,Thames,THAMES - WEST THAMES,Multiple Values,OPEN,FRESHWATER - RIVERS,2025-09-05T16:04:00,2025,ENVIRONMENTAL MONITORING STATUTORY (EU DIRECTIVES),RIVER / RUNNING SURFACE WATER,6458,"Manganese, Dissolved",18,MICROGRAM PER LITRE
https://environment.data.gov.uk/water-quality/sampling-point/TH-PWER0030/sample/1443986/observation/6460,TH-PWER0030,WEY ABOVE THAMES,-0.4571,51.3786,Thames,THAMES - WEST THAMES,Multiple Values,OPEN,FRESHWATER - RIVERS,2025-09-05T16:04:00,2025,ENVIRONMENTAL MONITORING STATUTORY (EU DIRECTIVES),RIVER / RUNNING SURFACE WATER,6460,"Iron, Dissolved",130,MICROGRAM PER LITRE
https://environment.data.gov.uk/water-quality/sampling-point/TH-PWER0030/sample/1443986/observation/6534,TH-PWER0030,WEY ABOVE THAMES,-0.4571,51.3786,Thames,THAMES - WEST THAMES,Multiple Values,OPEN,FRESHWATER - RIVERS,2025-09-05T16:04:00,2025,ENVIRONMENTAL MONITORING STATUTORY (EU DIRECTIVES),RIVER / RUNNING SURFACE WATER,6534,"1,1,1,2-Tetrachloroethane",<0.1,MICROGRAM PER LITRE
https://environment.data.gov.uk/water-quality/sampling-point/TH-PWER0030/sample/1443986/observation/6537,TH-PWER0030,WEY ABOVE THAMES,-0.4571,51.3786,Thames,THAMES - WEST THAMES,Multiple Values,OPEN,FRESHWATER - RIVERS,2025-09-05T16:04:00,2025,ENVIRONMENTAL MONITORING STATUTORY (EU DIRECTIVES),RIVER / RUNNING SURFACE WATER,6537,"1,2-Dibromo-3-chloropropane",<0.1,MICROGRAM PER LITRE
https://environment.data.gov.uk/water-quality/sampling-point/TH-PWER0030/sample/1443986/observation/6538,TH-PWER0030,WEY ABOVE THAMES,-0.4571,51.3786,Thames,THAMES - WEST THAMES,Multiple Values,OPEN,FRESHWATER - RIVERS,2025-09-05T16:04:00,2025,ENVIRONMENTAL MONITORING STATUTORY (EU DIRECTIVES),RIVER / RUNNING SURFACE WATER,6538,"cis-1,2-Dichloroethylene :- {cis-1,2-Dichloroethene}",0.29,MICROGRAM PER LITRE
https://environment.data.gov.uk/water-quality/sampling-point/TH-PWER0030/sample/1443986/observation/6539,TH-PWER0030,WEY ABOVE THAMES,-0.4571,51.3786,Thames,THAMES - WEST THAMES,Multiple Values,OPEN,FRESHWATER - RIVERS,2025-09-05T16:04:00,2025,ENVIRONMENTAL MONITORING STATUTORY (EU DIRECTIVES),RIVER / RUNNING SURFACE WATER,6539,"trans-1,2-Dichloroethylene :- {trans-1,2-Dichloroethene}",<0.1,MICROGRAM PER LITRE
https://environment.data.gov.uk/water-quality/sampling-point/TH-PWER0030/sample/1443986/observation/6540,TH-PWER0030,WEY ABOVE THAMES,-0.4571,51.3786,Thames,THAMES - WEST THAMES,Multiple Values,OPEN,FRESHWATER - RIVERS,2025-09-05T16:04:00,2025,ENVIRONMENTAL MONITORING STATUTORY (EU DIRECTIVES),RIVER / RUNNING SURFACE WATER,6540,"1,2-Dichloropropane",<0.1,MICROGRAM PER LITRE
https://environment.data.gov.uk/water-quality/sampling-point/TH-PWER0030/sample/1443986/observation/6541,TH-PWER0030,WEY ABOVE THAMES,-0.4571,51.3786,Thames,THAMES - WEST THAMES,Multiple Values,OPEN,FRESHWATER - RIVERS,2025-09-05T16:04:00,2025,ENVIRONMENTAL MONITORING STATUTORY (EU DIRECTIVES),RIVER / RUNNING SURFACE WATER,6541,"1,2,3-Trichloropropane",<0.5,MICROGRAM PER LITRE
https://environment.data.gov.uk/water-quality/sampling-point/TH-PWER0030/sample/1443986/observation/6542,TH-PWER0030,WEY ABOVE THAMES,-0.4571,51.3786,Thames,THAMES - WEST THAMES,Multiple Values,OPEN,FRESHWATER - RIVERS,2025-09-05T16:04:00,2025,ENVIRONMENTAL MONITORING STATUTORY (EU DIRECTIVES),RIVER / RUNNING SURFACE WATER,6542,"1,3-Dichloropropane",<0.1,MICROGRAM PER LITRE
https://environment.data.gov.uk/water-quality/sampling-point/TH-PWER0030/sample/1443986/observation/6543,TH-PWER0030,WEY ABOVE THAMES,-0.4571,51.3786,Thames,THAMES - WEST THAMES,Multiple Values,OPEN,FRESHWATER - RIVERS,2025-09-05T16:04:00,2025,ENVIRONMENTAL MONITORING STATUTORY (EU DIRECTIVES),RIVER / RUNNING SURFACE WATER,6543,"cis-1,3-Dichloropropylene :- {cis-1,3-Dichloropropene}",<0.1,MICROGRAM PER LITRE
https://environment.data.gov.uk/water-quality/sampling-point/TH-PWER0030/sample/1443986/observation/6544,TH-PWER0030,WEY ABOVE THAMES,-0.4571,51.3786,Thames,THAMES - WEST THAMES,Multiple Values,OPEN,FRESHWATER - RIVERS,2025-09-05T16:04:00,2025,ENVIRONMENTAL MONITORING STATUTORY (EU DIRECTIVES),RIVER / RUNNING SURFACE WATER,6544,"trans-1,3-Dichloropropylene :- {trans-1,3-Dichloropropene}",<0.5,MICROGRAM PER LITRE
https://environment.data.gov.uk/water-quality/sampling-point/TH-PWER0030/sample/1443986/observation/6547,TH-PWER0030,WEY ABOVE THAMES,-0.4571,51.3786,Thames,THAMES - WEST THAMES,Multiple Values,OPEN,FRESHWATER - RIVERS,2025-09-05T16:04:00,2025,ENVIRONMENTAL MONITORING STATUTORY (EU DIRECTIVES),RIVER / RUNNING SURFACE WATER,6547,2-Chlorotoluene :- {1-Chloro-2-methylbenzene},<0.1,MICROGRAM PER LITRE
https://environment.data.gov.uk/water-quality/sampling-point/TH-PWER0030/sample/1443986/observation/6569,TH-PWER0030,WEY ABOVE THAMES,-0.4571,51.3786,Thames,THAMES - WEST THAMES,Multiple Values,OPEN,FRESHWATER - RIVERS,2025-09-05T16:04:00,2025,ENVIRONMENTAL MONITORING STATUTORY (EU DIRECTIVES),RIVER / RUNNING SURFACE WATER,6569,"2,6-Dimethylphenol :- {2,6-Xylenol}",<0.02,MICROGRAM PER LITRE
https://environment.data.gov.uk/water-quality/sampling-point/TH-PWER0030/sample/1443986/observation/6577,TH-PWER0030,WEY ABOVE THAMES,-0.4571,51.3786,Thames,THAMES - WEST THAMES,Multiple Values,OPEN,FRESHWATER - RIVERS,2025-09-05T16:04:00,2025,ENVIRONMENTAL MONITORING STATUTORY (EU DIRECTIVES),RIVER / RUNNING SURFACE WATER,6577,"3,4-Dimethylphenol :- {3,4-Xylenol}",<0.02,MICROGRAM PER LITRE
https://environment.data.gov.uk/water-quality/sampling-point/TH-PWER0030/sample/1443986/observation/6578,TH-PWER0030,WEY ABOVE THAMES,-0.4571,51.3786,Thames,THAMES - WEST THAMES,Multiple Values,OPEN,FRESHWATER - RIVERS,2025-09-05T16:04:00,2025,ENVIRONMENTAL MONITORING STATUTORY (EU DIRECTIVES),RIVER / RUNNING SURFACE WATER,6578,4-Chlorotoluene :- {1-Chloro-4-methylbenzene},<0.1,MICROGRAM PER LITRE
https://environment.data.gov.uk/water-quality/sampling-point/TH-PWER0030/sample/1443986/observation/6579,TH-PWER0030,WEY ABOVE THAMES,-0.4571,51.3786,Thames,THAMES - WEST THAMES,Multiple Values,OPEN,FRESHWATER - RIVERS,2025-09-05T16:04:00,2025,ENVIRONMENTAL MONITORING STATUTORY (EU DIRECTIVES),RIVER / RUNNING SURFACE WATER,6579,4-Isopropyltoluene :- {4-methyl-Isopropylbenzene},<0.1,MICROGRAM PER LITRE
https://environment.data.gov.uk/water-quality/sampling-point/TH-PWER0030/sample/1443986/observation/6584,TH-PWER0030,WEY ABOVE THAMES,-0.4571,51.3786,Thames,THAMES - WEST THAMES,Multiple Values,OPEN,FRESHWATER - RIVERS,2025-09-05T16:04:00,2025,ENVIRONMENTAL MONITORING STATUTORY (EU DIRECTIVES),RIVER / RUNNING SURFACE WATER,6584,"4-Chloro-3,5-dimethylphenol :- {PCMX}",0.027,MICROGRAM PER LITRE
https://environment.data.gov.uk/water-quality/sampling-point/TH-PWER0030/sample/1443986/observation/6604,TH-PWER0030,WEY ABOVE THAMES,-0.4571,51.3786,Thames,THAMES - WEST THAMES,Multiple Values,OPEN,FRESHWATER - RIVERS,2025-09-05T16:04:00,2025,ENVIRONMENTAL MONITORING STATUTORY (EU DIRECTIVES),RIVER / RUNNING SURFACE WATER,6604,Bromobenzene,<0.1,MICROGRAM PER LITRE
https://environment.data.gov.uk/water-quality/sampling-point/TH-PWER0030/sample/1443986/observation/6605,TH-PWER0030,WEY ABOVE THAMES,-0.4571,51.3786,Thames,THAMES - WEST THAMES,Multiple Values,OPEN,FRESHWATER - RIVERS,2025-09-05T16:04:00,2025,ENVIRONMENTAL MONITORING STATUTORY (EU DIRECTIVES),RIVER / RUNNING SURFACE WATER,6605,Bromochloromethane,<0.1,MICROGRAM PER LITRE
https://environment.data.gov.uk/water-quality/sampling-point/TH-PWER0030/sample/1443986/observation/6656,TH-PWER0030,WEY ABOVE THAMES,-0.4571,51.3786,Thames,THAMES - WEST THAMES,Multiple Values,OPEN,FRESHWATER - RIVERS,2025-09-05T16:04:00,2025,ENVIRONMENTAL MONITORING STATUTORY (EU DIRECTIVES),RIVER / RUNNING SURFACE WATER,6656,MTBE :- {Methyl tert-butyl ether},<0.1,MICROGRAM PER LITRE
https://environment.data.gov.uk/water-quality/sampling-point/TH-PWER0030/sample/1443986/observation/6658,TH-PWER0030,WEY ABOVE THAMES,-0.4571,51.3786,Thames,THAMES - WEST THAMES,Multiple Values,OPEN,FRESHWATER - RIVERS,2025-09-05T16:04:00,2025,ENVIRONMENTAL MONITORING STATUTORY (EU DIRECTIVES),RIVER / RUNNING SURFACE WATER,6658,n-ButylBenzene :- {1-Phenylbutane},<0.1,MICROGRAM PER LITRE
https://environment.data.gov.uk/water-quality/sampling-point/TH-PWER0030/sample/1443986/observation/6659,TH-PWER0030,WEY ABOVE THAMES,-0.4571,51.3786,Thames,THAMES - WEST THAMES,Multiple Values,OPEN,FRESHWATER - RIVERS,2025-09-05T16:04:00,2025,ENVIRONMENTAL MONITORING STATUTORY (EU DIRECTIVES),RIVER / RUNNING SURFACE WATER,6659,n-Propylbenzene :- {1-Phenylpropane},<0.1,MICROGRAM PER LITRE
https://environment.data.gov.uk/water-quality/sampling-point/TH-PWER0030/sample/1443986/observation/6690,TH-PWER0030,WEY ABOVE THAMES,-0.4571,51.3786,Thames,THAMES - WEST THAMES,Multiple Values,OPEN,FRESHWATER - RIVERS,2025-09-05T16:04:00,2025,ENVIRONMENTAL MONITORING STATUTORY (EU DIRECTIVES),RIVER / RUNNING SURFACE WATER,6690,sec-Butylbenzene :- {1-Methylpropylbenzene},<0.1,MICROGRAM PER LITRE
https://environment.data.gov.uk/water-quality/sampling-point/TH-PWER0030/sample/1443986/observation/6693,TH-PWER0030,WEY ABOVE THAMES,-0.4571,51.3786,Thames,THAMES - WEST THAMES,Multiple Values,OPEN,FRESHWATER - RIVERS,2025-09-05T16:04:00,2025,ENVIRONMENTAL MONITORING STATUTORY (EU DIRECTIVES),RIVER / RUNNING SURFACE WATER,6693,"Strontium, Filtered",170,MICROGRAM PER LITRE
https://environment.data.gov.uk/water-quality/sampling-point/TH-PWER0030/sample/1443986/observation/6697,TH-PWER0030,WEY ABOVE THAMES,-0.4571,51.3786,Thames,THAMES - WEST THAMES,Multiple Values,OPEN,FRESHWATER - RIVERS,2025-09-05T16:04:00,2025,ENVIRONMENTAL MONITORING STATUTORY (EU DIRECTIVES),RIVER / RUNNING SURFACE WATER,6697,"tert-Butylbenzene :- {(1,1-Dimethylethyl)benzene}",<0.1,MICROGRAM PER LITRE
https://environment.data.gov.uk/water-quality/sampling-point/TH-PWER0030/sample/1443986/observation/6711,TH-PWER0030,WEY ABOVE THAMES,-0.4571,51.3786,Thames,THAMES - WEST THAMES,Multiple Values,OPEN,FRESHWATER - RIVERS,2025-09-05T16:04:00,2025,ENVIRONMENTAL MONITORING STATUTORY (EU DIRECTIVES),RIVER / RUNNING SURFACE WATER,6711,Trichlorofluoromethane,<0.1,MICROGRAM PER LITRE
https://environment.data.gov.uk/water-quality/sampling-point/TH-PWER0030/sample/1443986/observation/6715,TH-PWER0030,WEY ABOVE THAMES,-0.4571,51.3786,Thames,THAMES - WEST THAMES,Multiple Values,OPEN,FRESHWATER - RIVERS,2025-09-05T16:04:00,2025,ENVIRONMENTAL MONITORING STATUTORY (EU DIRECTIVES),RIVER / RUNNING SURFACE WATER,6715,Vinyl chloride :- {Chloroethylene},<0.1,MICROGRAM PER LITRE
https://environment.data.gov.uk/water-quality/sampling-point/TH-PWER0030/sample/1443986/observation/6716,TH-PWER0030,WEY ABOVE THAMES,-0.4571,51.3786,Thames,THAMES - WEST THAMES,Multiple Values,OPEN,FRESHWATER - RIVERS,2025-09-05T16:04:00,2025,ENVIRONMENTAL MONITORING STATUTORY (EU DIRECTIVES),RIVER / RUNNING SURFACE WATER,6716,"Dimethylbenzene : Sum of isomers (1,3- 1,4-)",<0.2,MICROGRAM PER LITRE
https://environment.data.gov.uk/water-quality/sampling-point/TH-PWER0030/sample/1443986/observation/6724,TH-PWER0030,WEY ABOVE THAMES,-0.4571,51.3786,Thames,THAMES - WEST THAMES,Multiple Values,OPEN,FRESHWATER - RIVERS,2025-09-05T16:04:00,2025,ENVIRONMENTAL MONITORING STATUTORY (EU DIRECTIVES),RIVER / RUNNING SURFACE WATER,6724,Di(2-ethylhexyl) phthalate :- {DEHP},<0.2,MICROGRAM PER LITRE
https://environment.data.gov.uk/water-quality/sampling-point/TH-PWER0030/sample/1443986/observation/6744,TH-PWER0030,WEY ABOVE THAMES,-0.4571,51.3786,Thames,THAMES - WEST THAMES,Multiple Values,OPEN,FRESHWATER - RIVERS,2025-09-05T16:04:00,2025,ENVIRONMENTAL MONITORING STATUTORY (EU DIRECTIVES),RIVER / RUNNING SURFACE WATER,6744,"2,2-Dichloropropane",<0.1,MICROGRAM PER LITRE
https://environment.data.gov.uk/water-quality/sampling-point/TH-PWER0030/sample/1443986/observation/7531,TH-PWER0030,WEY ABOVE THAMES,-0.4571,51.3786,Thames,THAMES - WEST THAMES,Multiple Values,OPEN,FRESHWATER - RIVERS,2025-09-05T16:04:00,2025,ENVIRONMENTAL MONITORING STATUTORY (EU DIRECTIVES),RIVER / RUNNING SURFACE WATER,7531,"1,1,2,2-Tetrachloroethane",<0.1,MICROGRAM PER LITRE
https://environment.data.gov.uk/water-quality/sampling-point/TH-PWER0030/sample/1443986/observation/7574,TH-PWER0030,WEY ABOVE THAMES,-0.4571,51.3786,Thames,THAMES - WEST THAMES,Multiple Values,OPEN,FRESHWATER - RIVERS,2025-09-05T16:04:00,2025,ENVIRONMENTAL MONITORING STATUTORY (EU DIRECTIVES),RIVER / RUNNING SURFACE WATER,7574,Isopropylbenzene :- {Methylethylbenzene},<0.1,MICROGRAM PER LITRE
https://environment.data.gov.uk/water-quality/sampling-point/TH-PWER0030/sample/1443986/observation/7859,TH-PWER0030,WEY ABOVE THAMES,-0.4571,51.3786,Thames,THAMES - WEST THAMES,Multiple Values,OPEN,FRESHWATER - RIVERS,2025-09-05T16:04:00,2025,ENVIRONMENTAL MONITORING STATUTORY (EU DIRECTIVES),RIVER / RUNNING SURFACE WATER,7859,"Sulphate, Dissolved as SO4",39,MILLIGRAM PER LITRE
https://environment.data.gov.uk/water-quality/sampling-point/TH-PWER0030/sample/1443986/observation/8847,TH-PWER0030,WEY ABOVE THAMES,-0.4571,51.3786,Thames,THAMES - WEST THAMES,Multiple Values,OPEN,FRESHWATER - RIVERS,2025-09-05T16:04:00,2025,ENVIRONMENTAL MONITORING STATUTORY (EU DIRECTIVES),RIVER / RUNNING SURFACE WATER,8847,Carbon Disulphide,<0.1,MICROGRAM PER LITRE
https://environment.data.gov.uk/water-quality/sampling-point/TH-PWER0030/sample/1443986/observation/8944,TH-PWER0030,WEY ABOVE THAMES,-0.4571,51.3786,Thames,THAMES - WEST THAMES,Multiple Values,OPEN,FRESHWATER - RIVERS,2025-09-05T16:04:00,2025,ENVIRONMENTAL MONITORING STATUTORY (EU DIRECTIVES),RIVER / RUNNING SURFACE WATER,8944,Tributyl Tin as Cation,0.00006,MICROGRAM PER LITRE
https://environment.data.gov.uk/water-quality/sampling-point/TH-PWER0030/sample/1443986/observation/9005,TH-PWER0030,WEY ABOVE THAMES,-0.4571,51.3786,Thames,THAMES - WEST THAMES,Multiple Values,OPEN,FRESHWATER - RIVERS,2025-09-05T16:04:00,2025,ENVIRONMENTAL MONITORING STATUTORY (EU DIRECTIVES),RIVER / RUNNING SURFACE WATER,9005,"2,2,3,4,4,5,6-Heptabromodiphenyl ether :- {PBDE 183}",<0.00006,MICROGRAM PER LITRE
https://environment.data.gov.uk/water-quality/sampling-point/TH-PWER0030/sample/1443986/observation/9007,TH-PWER0030,WEY ABOVE THAMES,-0.4571,51.3786,Thames,THAMES - WEST THAMES,Multiple Values,OPEN,FRESHWATER - RIVERS,2025-09-05T16:04:00,2025,ENVIRONMENTAL MONITORING STATUTORY (EU DIRECTIVES),RIVER / RUNNING SURFACE WATER,9007,"2,2,3,4,4,5-Hexabromodiphenyl ether :- {PBDE 138}",<0.00009,MICROGRAM PER LITRE
https://environment.data.gov.uk/water-quality/sampling-point/TH-PWER0030/sample/1443986/observation/9009,TH-PWER0030,WEY ABOVE THAMES,-0.4571,51.3786,Thames,THAMES - WEST THAMES,Multiple Values,OPEN,FRESHWATER - RIVERS,2025-09-05T16:04:00,2025,ENVIRONMENTAL MONITORING STATUTORY (EU DIRECTIVES),RIVER / RUNNING SURFACE WATER,9009,"2,2,3,4,4-Pentabromodiphenyl ether :- {PBDE 85}",<0.00006,MICROGRAM PER LITRE
https://environment.data.gov.uk/water-quality/sampling-point/TH-PWER0030/sample/1443986/observation/9011,TH-PWER0030,WEY ABOVE THAMES,-0.4571,51.3786,Thames,THAMES - WEST THAMES,Multiple Values,OPEN,FRESHWATER - RIVERS,2025-09-05T16:04:00,2025,ENVIRONMENTAL MONITORING STATUTORY (EU DIRECTIVES),RIVER / RUNNING SURFACE WATER,9011,"2,2,4,4,5,5-Hexabromodiphenyl ether :- {PBDE 153}",<0.00006,MICROGRAM PER LITRE
https://environment.data.gov.uk/water-quality/sampling-point/TH-PWER0030/sample/1443986/observation/9013,TH-PWER0030,WEY ABOVE THAMES,-0.4571,51.3786,Thames,THAMES - WEST THAMES,Multiple Values,OPEN,FRESHWATER - RIVERS,2025-09-05T16:04:00,2025,ENVIRONMENTAL MONITORING STATUTORY (EU DIRECTIVES),RIVER / RUNNING SURFACE WATER,9013,"2,2,4,4,5,6-Hexabromodiphenyl ether :- {PBDE 154}",<0.00006,MICROGRAM PER LITRE
https://environment.data.gov.uk/water-quality/sampling-point/TH-PWER0030/sample/1443986/observation/9015,TH-PWER0030,WEY ABOVE THAMES,-0.4571,51.3786,Thames,THAMES - WEST THAMES,Multiple Values,OPEN,FRESHWATER - RIVERS,2025-09-05T16:04:00,2025,ENVIRONMENTAL MONITORING STATUTORY (EU DIRECTIVES),RIVER / RUNNING SURFACE WATER,9015,"2,2,4,4,5-Pentabromodiphenyl ether :- {PBDE 99}",<0.00006,MICROGRAM PER LITRE
https://environment.data.gov.uk/water-quality/sampling-point/TH-PWER0030/sample/1443986/observation/9017,TH-PWER0030,WEY ABOVE THAMES,-0.4571,51.3786,Thames,THAMES - WEST THAMES,Multiple Values,OPEN,FRESHWATER - RIVERS,2025-09-05T16:04:00,2025,ENVIRONMENTAL MONITORING STATUTORY (EU DIRECTIVES),RIVER / RUNNING SURFACE WATER,9017,"2,2,4,4,6-Pentabromodiphenyl ether :- {PBDE 100}",<0.00006,MICROGRAM PER LITRE
https://environment.data.gov.uk/water-quality/sampling-point/TH-PWER0030/sample/1443986/observation/9019,TH-PWER0030,WEY ABOVE THAMES,-0.4571,51.3786,Thames,THAMES - WEST THAMES,Multiple Values,OPEN,FRESHWATER - RIVERS,2025-09-05T16:04:00,2025,ENVIRONMENTAL MONITORING STATUTORY (EU DIRECTIVES),RIVER / RUNNING SURFACE WATER,9019,"2,2,4,4-Tetrabromodiphenyl ether :- {PBDE 47}",<0.00006,MICROGRAM PER LITRE
https://environment.data.gov.uk/water-quality/sampling-point/TH-PWER0030/sample/1443986/observation/9021,TH-PWER0030,WEY ABOVE THAMES,-0.4571,51.3786,Thames,THAMES - WEST THAMES,Multiple Values,OPEN,FRESHWATER - RIVERS,2025-09-05T16:04:00,2025,ENVIRONMENTAL MONITORING STATUTORY (EU DIRECTIVES),RIVER / RUNNING SURFACE WATER,9021,"2,3,4,4-Tetrabromodiphenyl ether :- {PBDE 66}",<0.00007,MICROGRAM PER LITRE
https://environment.data.gov.uk/water-quality/sampling-point/TH-PWER0030/sample/1443986/observation/9051,TH-PWER0030,WEY ABOVE THAMES,-0.4571,51.3786,Thames,THAMES - WEST THAMES,Multiple Values,OPEN,FRESHWATER - RIVERS,2025-09-05T16:04:00,2025,ENVIRONMENTAL MONITORING STATUTORY (EU DIRECTIVES),RIVER / RUNNING SURFACE WATER,9051,"1,2,4-Trichlorobenzene",<0.1,MICROGRAM PER LITRE
https://environment.data.gov.uk/water-quality/sampling-point/TH-PWER0030/sample/1443986/observation/9091,TH-PWER0030,WEY ABOVE THAMES,-0.4571,51.3786,Thames,THAMES - WEST THAMES,Multiple Values,OPEN,FRESHWATER - RIVERS,2025-09-05T16:04:00,2025,ENVIRONMENTAL MONITORING STATUTORY (EU DIRECTIVES),RIVER / RUNNING SURFACE WATER,9091,"2,5-Dichlorophenol",<0.02,MICROGRAM PER LITRE
https://environment.data.gov.uk/water-quality/sampling-point/TH-PWER0030/sample/1443986/observation/9094,TH-PWER0030,WEY ABOVE THAMES,-0.4571,51.3786,Thames,THAMES - WEST THAMES,Multiple Values,OPEN,FRESHWATER - RIVERS,2025-09-05T16:04:00,2025,ENVIRONMENTAL MONITORING STATUTORY (EU DIRECTIVES),RIVER / RUNNING SURFACE WATER,9094,"2,5-Dimethylphenol :- {2,5-Xylenol}",<0.02,MICROGRAM PER LITRE
https://environment.data.gov.uk/water-quality/sampling-point/TH-PWER0030/sample/1443986/observation/9145,TH-PWER0030,WEY ABOVE THAMES,-0.4571,51.3786,Thames,THAMES - WEST THAMES,Multiple Values,OPEN,FRESHWATER - RIVERS,2025-09-05T16:04:00,2025,ENVIRONMENTAL MONITORING STATUTORY (EU DIRECTIVES),RIVER / RUNNING SURFACE WATER,9145,"1,2-Dibromoethane",<0.1,MICROGRAM PER LITRE
https://environment.data.gov.uk/water-quality/sampling-point/TH-PWER0030/sample/1443986/observation/9190,TH-PWER0030,WEY ABOVE THAMES,-0.4571,51.3786,Thames,THAMES - WEST THAMES,Multiple Values,OPEN,FRESHWATER - RIVERS,2025-09-05T16:04:00,2025,ENVIRONMENTAL MONITORING STATUTORY (EU DIRECTIVES),RIVER / RUNNING SURFACE WATER,9190,4-Nonylphenol Branched,<0.04,MICROGRAM PER LITRE
https://environment.data.gov.uk/water-quality/sampling-point/TH-PWER0030/sample/1443986/observation/9248,TH-PWER0030,WEY ABOVE THAMES,-0.4571,51.3786,Thames,THAMES - WEST THAMES,Multiple Values,OPEN,FRESHWATER - RIVERS,2025-09-05T16:04:00,2025,ENVIRONMENTAL MONITORING STATUTORY (EU DIRECTIVES),RIVER / RUNNING SURFACE WATER,9248,"Hexabromocyclododecane Total: (Sum of a, b, g)",0.00021,MICROGRAM PER LITRE
https://environment.data.gov.uk/water-quality/sampling-point/TH-PWER0030/sample/1443986/observation/9267,TH-PWER0030,WEY ABOVE THAMES,-0.4571,51.3786,Thames,THAMES - WEST THAMES,Multiple Values,OPEN,FRESHWATER - RIVERS,2025-09-05T16:04:00,2025,ENVIRONMENTAL MONITORING STATUTORY (EU DIRECTIVES),RIVER / RUNNING SURFACE WATER,9267,4-tert-Octylphenol :- {p-tert-Octylphenol},<0.01,MICROGRAM PER LITRE
https://environment.data.gov.uk/water-quality/sampling-point/TH-PWER0030/sample/1443986/observation/9446,TH-PWER0030,WEY ABOVE THAMES,-0.4571,51.3786,Thames,THAMES - WEST THAMES,Multiple Values,OPEN,FRESHWATER - RIVERS,2025-09-05T16:04:00,2025,ENVIRONMENTAL MONITORING STATUTORY (EU DIRECTIVES),RIVER / RUNNING SURFACE WATER,9446,"Barium, Dissolved",30,MICROGRAM PER LITRE
https://environment.data.gov.uk/water-quality/sampling-point/TH-PWER0030/sample/1443986/observation/9447,TH-PWER0030,WEY ABOVE THAMES,-0.4571,51.3786,Thames,THAMES - WEST THAMES,Multiple Values,OPEN,FRESHWATER - RIVERS,2025-09-05T16:04:00,2025,ENVIRONMENTAL MONITORING STATUTORY (EU DIRECTIVES),RIVER / RUNNING SURFACE WATER,9447,"Boron, Dissolved",<100,MICROGRAM PER LITRE
https://environment.data.gov.uk/water-quality/sampling-point/TH-PWER0030/sample/1443986/observation/9451,TH-PWER0030,WEY ABOVE THAMES,-0.4571,51.3786,Thames,THAMES - WEST THAMES,Multiple Values,OPEN,FRESHWATER - RIVERS,2025-09-05T16:04:00,2025,ENVIRONMENTAL MONITORING STATUTORY (EU DIRECTIVES),RIVER / RUNNING SURFACE WATER,9451,"2,3-Dimethylphenol :- {2,3-Xylenol}",<0.02,MICROGRAM PER LITRE
https://environment.data.gov.uk/water-quality/sampling-point/TH-PWER0030/sample/1443986/observation/9453,TH-PWER0030,WEY ABOVE THAMES,-0.4571,51.3786,Thames,THAMES - WEST THAMES,Multiple Values,OPEN,FRESHWATER - RIVERS,2025-09-05T16:04:00,2025,ENVIRONMENTAL MONITORING STATUTORY (EU DIRECTIVES),RIVER / RUNNING SURFACE WATER,9453,"2,3-Dichlorophenol",<0.02,MICROGRAM PER LITRE
https://environment.data.gov.uk/water-quality/sampling-point/TH-PWER0030/sample/1443986/observation/9454,TH-PWER0030,WEY ABOVE THAMES,-0.4571,51.3786,Thames,THAMES - WEST THAMES,Multiple Values,OPEN,FRESHWATER - RIVERS,2025-09-05T16:04:00,2025,ENVIRONMENTAL MONITORING STATUTORY (EU DIRECTIVES),RIVER / RUNNING SURFACE WATER,9454,2-Ethyl phenol,<0.02,MICROGRAM PER LITRE
https://environment.data.gov.uk/water-quality/sampling-point/TH-PWER0030/sample/1443986/observation/9456,TH-PWER0030,WEY ABOVE THAMES,-0.4571,51.3786,Thames,THAMES - WEST THAMES,Multiple Values,OPEN,FRESHWATER - RIVERS,2025-09-05T16:04:00,2025,ENVIRONMENTAL MONITORING STATUTORY (EU DIRECTIVES),RIVER / RUNNING SURFACE WATER,9456,"1,2,4-Trimethylbenzene",<0.1,MICROGRAM PER LITRE
https://environment.data.gov.uk/water-quality/sampling-point/TH-PWER0030/sample/1443986/observation/9457,TH-PWER0030,WEY ABOVE THAMES,-0.4571,51.3786,Thames,THAMES - WEST THAMES,Multiple Values,OPEN,FRESHWATER - RIVERS,2025-09-05T16:04:00,2025,ENVIRONMENTAL MONITORING STATUTORY (EU DIRECTIVES),RIVER / RUNNING SURFACE WATER,9457,"1,2,3-Trimethylbenzene",<0.1,MICROGRAM PER LITRE
https://environment.data.gov.uk/water-quality/sampling-point/TH-PWER0030/sample/1443986/observation/9458,TH-PWER0030,WEY ABOVE THAMES,-0.4571,51.3786,Thames,THAMES - WEST THAMES,Multiple Values,OPEN,FRESHWATER - RIVERS,2025-09-05T16:04:00,2025,ENVIRONMENTAL MONITORING STATUTORY (EU DIRECTIVES),RIVER / RUNNING SURFACE WATER,9458,"1,3,5-Trimethylbenzene :- {Mesitylene}",<0.1,MICROGRAM PER LITRE
https://environment.data.gov.uk/water-quality/sampling-point/TH-PWER0030/sample/1443986/observation/9522,TH-PWER0030,WEY ABOVE THAMES,-0.4571,51.3786,Thames,THAMES - WEST THAMES,Multiple Values,OPEN,FRESHWATER - RIVERS,2025-09-05T16:04:00,2025,ENVIRONMENTAL MONITORING STATUTORY (EU DIRECTIVES),RIVER / RUNNING SURFACE WATER,9522,Phenol,0.15,MICROGRAM PER LITRE
https://environment.data.gov.uk/water-quality/sampling-point/TH-PWER0030/sample/1443986/observation/9618,TH-PWER0030,WEY ABOVE THAMES,-0.4571,51.3786,Thames,THAMES - WEST THAMES,Multiple Values,OPEN,FRESHWATER - RIVERS,2025-09-05T16:04:00,2025,ENVIRONMENTAL MONITORING STATUTORY (EU DIRECTIVES),RIVER / RUNNING SURFACE WATER,9618,"1,2-Dichlorobenzene",<0.1,MICROGRAM PER LITRE
https://environment.data.gov.uk/water-quality/sampling-point/TH-PWER0030/sample/1443986/observation/9619,TH-PWER0030,WEY ABOVE THAMES,-0.4571,51.3786,Thames,THAMES - WEST THAMES,Multiple Values,OPEN,FRESHWATER - RIVERS,2025-09-05T16:04:00,2025,ENVIRONMENTAL MONITORING STATUTORY (EU DIRECTIVES),RIVER / RUNNING SURFACE WATER,9619,"1,3-Dichlorobenzene",<0.1,MICROGRAM PER LITRE
https://environment.data.gov.uk/water-quality/sampling-point/TH-PWER0030/sample/1443986/observation/9684,TH-PWER0030,WEY ABOVE THAMES,-0.4571,51.3786,Thames,THAMES - WEST THAMES,Multiple Values,OPEN,FRESHWATER - RIVERS,2025-09-05T16:04:00,2025,ENVIRONMENTAL MONITORING STATUTORY (EU DIRECTIVES),RIVER / RUNNING SURFACE WATER,9684,"1,1-Dichloropropylene :- {1,1-Dichloropropene}",<0.1,MICROGRAM PER LITRE
https://environment.data.gov.uk/water-quality/sampling-point/TH-PWER0030/sample/1443986/observation/9703,TH-PWER0030,WEY ABOVE THAMES,-0.4571,51.3786,Thames,THAMES - WEST THAMES,Multiple Values,OPEN,FRESHWATER - RIVERS,2025-09-05T16:04:00,2025,ENVIRONMENTAL MONITORING STATUTORY (EU DIRECTIVES),RIVER / RUNNING SURFACE WATER,9703,3-Chlorophenol,<0.02,MICROGRAM PER LITRE
https://environment.data.gov.uk/water-quality/sampling-point/TH-PWER0030/sample/1443986/observation/9811,TH-PWER0030,WEY ABOVE THAMES,-0.4571,51.3786,Thames,THAMES - WEST THAMES,Multiple Values,OPEN,FRESHWATER - RIVERS,2025-09-05T16:04:00,2025,ENVIRONMENTAL MONITORING STATUTORY (EU DIRECTIVES),RIVER / RUNNING SURFACE WATER,9811,"1,1,2-Trichloroethane",<0.1,MICROGRAM PER LITRE
https://environment.data.gov.uk/water-quality/sampling-point/TH-PWER0030/sample/1443986/observation/9814,TH-PWER0030,WEY ABOVE THAMES,-0.4571,51.3786,Thames,THAMES - WEST THAMES,Multiple Values,OPEN,FRESHWATER - RIVERS,2025-09-05T16:04:00,2025,ENVIRONMENTAL MONITORING STATUTORY (EU DIRECTIVES),RIVER / RUNNING SURFACE WATER,9814,2-Chlorophenol,<0.02,MICROGRAM PER LITRE
https://environment.data.gov.uk/water-quality/sampling-point/TH-PWER0030/sample/1443986/observation/9815,TH-PWER0030,WEY ABOVE THAMES,-0.4571,51.3786,Thames,THAMES - WEST THAMES,Multiple Values,OPEN,FRESHWATER - RIVERS,2025-09-05T16:04:00,2025,ENVIRONMENTAL MONITORING STATUTORY (EU DIRECTIVES),RIVER / RUNNING SURFACE WATER,9815,4-Chlorophenol,<0.02,MICROGRAM PER LITRE
https://environment.data.gov.uk/water-quality/sampling-point/TH-PWER0030/sample/1443986/observation/9816,TH-PWER0030,WEY ABOVE THAMES,-0.4571,51.3786,Thames,THAMES - WEST THAMES,Multiple Values,OPEN,FRESHWATER - RIVERS,2025-09-05T16:04:00,2025,ENVIRONMENTAL MONITORING STATUTORY (EU DIRECTIVES),RIVER / RUNNING SURFACE WATER,9816,"2,4-Dichlorophenol",<0.02,MICROGRAM PER LITRE
https://environment.data.gov.uk/water-quality/sampling-point/TH-PWER0030/sample/1443986/observation/9817,TH-PWER0030,WEY ABOVE THAMES,-0.4571,51.3786,Thames,THAMES - WEST THAMES,Multiple Values,OPEN,FRESHWATER - RIVERS,2025-09-05T16:04:00,2025,ENVIRONMENTAL MONITORING STATUTORY (EU DIRECTIVES),RIVER / RUNNING SURFACE WATER,9817,"2,6-Dichlorophenol",<0.02,MICROGRAM PER LITRE
https://environment.data.gov.uk/water-quality/sampling-point/TH-PWER0030/sample/1443986/observation/9818,TH-PWER0030,WEY ABOVE THAMES,-0.4571,51.3786,Thames,THAMES - WEST THAMES,Multiple Values,OPEN,FRESHWATER - RIVERS,2025-09-05T16:04:00,2025,ENVIRONMENTAL MONITORING STATUTORY (EU DIRECTIVES),RIVER / RUNNING SURFACE WATER,9818,"2,4,5-Trichlorophenol",<0.02,MICROGRAM PER LITRE
https://environment.data.gov.uk/water-quality/sampling-point/TH-PWER0030/sample/1443986/observation/9819,TH-PWER0030,WEY ABOVE THAMES,-0.4571,51.3786,Thames,THAMES - WEST THAMES,Multiple Values,OPEN,FRESHWATER - RIVERS,2025-09-05T16:04:00,2025,ENVIRONMENTAL MONITORING STATUTORY (EU DIRECTIVES),RIVER / RUNNING SURFACE WATER,9819,"2,4,6-Trichlorophenol",<0.02,MICROGRAM PER LITRE
https://environment.data.gov.uk/water-quality/sampling-point/TH-PWER0030/sample/1443986/observation/9836,TH-PWER0030,WEY ABOVE THAMES,-0.4571,51.3786,Thames,THAMES - WEST THAMES,Multiple Values,OPEN,FRESHWATER - RIVERS,2025-09-05T16:04:00,2025,ENVIRONMENTAL MONITORING STATUTORY (EU DIRECTIVES),RIVER / RUNNING SURFACE WATER,9836,"1,1-Dichloroethylene :- {1,1-Dichloroethene}",<0.1,MICROGRAM PER LITRE
https://environment.data.gov.uk/water-quality/sampling-point/TH-PWER0030/sample/1443986/observation/9839,TH-PWER0030,WEY ABOVE THAMES,-0.4571,51.3786,Thames,THAMES - WEST THAMES,Multiple Values,OPEN,FRESHWATER - RIVERS,2025-09-05T16:04:00,2025,ENVIRONMENTAL MONITORING STATUTORY (EU DIRECTIVES),RIVER / RUNNING SURFACE WATER,9839,tert-Amyl methyl ether :- {TAME},<0.1,MICROGRAM PER LITRE
https://environment.data.gov.uk/water-quality/sampling-point/TH-PWER0030/sample/1443986/observation/9844,TH-PWER0030,WEY ABOVE THAMES,-0.4571,51.3786,Thames,THAMES - WEST THAMES,Multiple Values,OPEN,FRESHWATER - RIVERS,2025-09-05T16:04:00,2025,ENVIRONMENTAL MONITORING STATUTORY (EU DIRECTIVES),RIVER / RUNNING SURFACE WATER,9844,Ethyl tert-butyl ether :- {ETBE},<0.1,MICROGRAM PER LITRE
https://environment.data.gov.uk/water-quality/sampling-point/TH-PWER0030/sample/1443986/observation/9845,TH-PWER0030,WEY ABOVE THAMES,-0.4571,51.3786,Thames,THAMES - WEST THAMES,Multiple Values,OPEN,FRESHWATER - RIVERS,2025-09-05T16:04:00,2025,ENVIRONMENTAL MONITORING STATUTORY (EU DIRECTIVES),RIVER / RUNNING SURFACE WATER,9845,"1,2-Dimethylbenzene :- {o-Xylene}",<0.1,MICROGRAM PER LITRE
https://environment.data.gov.uk/water-quality/sampling-point/TH-PWER0030/sample/1443986/observation/9888,TH-PWER0030,WEY ABOVE THAMES,-0.4571,51.3786,Thames,THAMES - WEST THAMES,Multiple Values,OPEN,FRESHWATER - RIVERS,2025-09-05T16:04:00,2025,ENVIRONMENTAL MONITORING STATUTORY (EU DIRECTIVES),RIVER / RUNNING SURFACE WATER,9888,Styrene :- {Vinylbenzene},<0.1,MICROGRAM PER LITRE
https://environment.data.gov.uk/water-quality/sampling-point/TH-PWER0030/sample/1443986/observation/9901,TH-PWER0030,WEY ABOVE THAMES,-0.4571,51.3786,Thames,THAMES - WEST THAMES,Multiple Values,OPEN,FRESHWATER - RIVERS,2025-09-05T16:04:00,2025,ENVIRONMENTAL MONITORING STATUTORY (EU DIRECTIVES),RIVER / RUNNING SURFACE WATER,9901,"Oxygen, Dissolved, % Saturation",96.6,PERCENTAGE
https://environment.data.gov.uk/water-quality/sampling-point/TH-PWER0030/sample/1443986/observation/9924,TH-PWER0030,WEY ABOVE THAMES,-0.4571,51.3786,Thames,THAMES - WEST THAMES,Multiple Values,OPEN,FRESHWATER - RIVERS,2025-09-05T16:04:00,2025,ENVIRONMENTAL MONITORING STATUTORY (EU DIRECTIVES),RIVER / RUNNING SURFACE WATER,9924,"Oxygen, Dissolved as O2",9.23,MILLIGRAM PER LITRE
https://environment.data.gov.uk/water-quality/sampling-point/TH-PWER0030/sample/1450195/observation/0052,TH-PWER0030,WEY ABOVE THAMES,-0.4571,51.3786,Thames,THAMES - WEST THAMES,Multiple Values,OPEN,FRESHWATER - RIVERS,2025-10-10T16:30:00,2025,ENVIRONMENTAL MONITORING STATUTORY (EU DIRECTIVES),RIVER / RUNNING SURFACE WATER,52,"Lead, Dissolved",0.1,MICROGRAM PER LITRE
https://environment.data.gov.uk/water-quality/sampling-point/TH-PWER0030/sample/1450195/observation/0061,TH-PWER0030,WEY ABOVE THAMES,-0.4571,51.3786,Thames,THAMES - WEST THAMES,Multiple Values,OPEN,FRESHWATER - RIVERS,2025-10-10T16:30:00,2025,ENVIRONMENTAL MONITORING STATUTORY (EU DIRECTIVES),RIVER / RUNNING SURFACE WATER,61,pH,7.7,PH UNITS
https://environment.data.gov.uk/water-quality/sampling-point/TH-PWER0030/sample/1450195/observation/0073,TH-PWER0030,WEY ABOVE THAMES,-0.4571,51.3786,Thames,THAMES - WEST THAMES,Multiple Values,OPEN,FRESHWATER - RIVERS,2025-10-10T16:30:00,2025,ENVIRONMENTAL MONITORING STATUTORY (EU DIRECTIVES),RIVER / RUNNING SURFACE WATER,73,Cypermethrin,<0.00002,MICROGRAM PER LITRE
https://environment.data.gov.uk/water-quality/sampling-point/TH-PWER0030/sample/1450195/observation/0076,TH-PWER0030,WEY ABOVE THAMES,-0.4571,51.3786,Thames,THAMES - WEST THAMES,Multiple Values,OPEN,FRESHWATER - RIVERS,2025-10-10T16:30:00,2025,ENVIRONMENTAL MONITORING STATUTORY (EU DIRECTIVES),RIVER / RUNNING SURFACE WATER,76,Temperature of Water,13.9,CELSIUS
https://environment.data.gov.uk/water-quality/sampling-point/TH-PWER0030/sample/1450195/observation/0077,TH-PWER0030,WEY ABOVE THAMES,-0.4571,51.3786,Thames,THAMES - WEST THAMES,Multiple Values,OPEN,FRESHWATER - RIVERS,2025-10-10T16:30:00,2025,ENVIRONMENTAL MONITORING STATUTORY (EU DIRECTIVES),RIVER / RUNNING SURFACE WATER,77,Conductivity at 25 C,508,MICROSIEMENS PER CENTIMETRE
https://environment.data.gov.uk/water-quality/sampling-point/TH-PWER0030/sample/1450195/observation/0085,TH-PWER0030,WEY ABOVE THAMES,-0.4571,51.3786,Thames,THAMES - WEST THAMES,Multiple Values,OPEN,FRESHWATER - RIVERS,2025-10-10T16:30:00,2025,ENVIRONMENTAL MONITORING STATUTORY (EU DIRECTIVES),RIVER / RUNNING SURFACE WATER,85,BOD : 5 Day ATU,1.2,MILLIGRAM PER LITRE
https://environment.data.gov.uk/water-quality/sampling-point/TH-PWER0030/sample/1450195/observation/0103,TH-PWER0030,WEY ABOVE THAMES,-0.4571,51.3786,Thames,THAMES - WEST THAMES,Multiple Values,OPEN,FRESHWATER - RIVERS,2025-10-10T16:30:00,2025,ENVIRONMENTAL MONITORING STATUTORY (EU DIRECTIVES),RIVER / RUNNING SURFACE WATER,103,"Mercury, Dissolved",<0.01,MICROGRAM PER LITRE
https://environment.data.gov.uk/water-quality/sampling-point/TH-PWER0030/sample/1450195/observation/0106,TH-PWER0030,WEY ABOVE THAMES,-0.4571,51.3786,Thames,THAMES - WEST THAMES,Multiple Values,OPEN,FRESHWATER - RIVERS,2025-10-10T16:30:00,2025,ENVIRONMENTAL MONITORING STATUTORY (EU DIRECTIVES),RIVER / RUNNING SURFACE WATER,106,"Cadmium, Dissolved",<0.01,MICROGRAM PER LITRE
https://environment.data.gov.uk/water-quality/sampling-point/TH-PWER0030/sample/1450195/observation/0111,TH-PWER0030,WEY ABOVE THAMES,-0.4571,51.3786,Thames,THAMES - WEST THAMES,Multiple Values,OPEN,FRESHWATER - RIVERS,2025-10-10T16:30:00,2025,ENVIRONMENTAL MONITORING STATUTORY (EU DIRECTIVES),RIVER / RUNNING SURFACE WATER,111,Ammoniacal Nitrogen as N,0.062,MILLIGRAM PER LITRE
https://environment.data.gov.uk/water-quality/sampling-point/TH-PWER0030/sample/1450195/observation/0116,TH-PWER0030,WEY ABOVE THAMES,-0.4571,51.3786,Thames,THAMES - WEST THAMES,Multiple Values,OPEN,FRESHWATER - RIVERS,2025-10-10T16:30:00,2025,ENVIRONMENTAL MONITORING STATUTORY (EU DIRECTIVES),RIVER / RUNNING SURFACE WATER,116,"Nitrogen, Total Oxidised as N",8.1,MILLIGRAM PER LITRE
https://environment.data.gov.uk/water-quality/sampling-point/TH-PWER0030/sample/1450195/observation/0117,TH-PWER0030,WEY ABOVE THAMES,-0.4571,51.3786,Thames,THAMES - WEST THAMES,Multiple Values,OPEN,FRESHWATER - RIVERS,2025-10-10T16:30:00,2025,ENVIRONMENTAL MONITORING STATUTORY (EU DIRECTIVES),RIVER / RUNNING SURFACE WATER,117,Nitrate as N,8.05,MILLIGRAM PER LITRE
https://environment.data.gov.uk/water-quality/sampling-point/TH-PWER0030/sample/1450195/observation/0118,TH-PWER0030,WEY ABOVE THAMES,-0.4571,51.3786,Thames,THAMES - WEST THAMES,Multiple Values,OPEN,FRESHWATER - RIVERS,2025-10-10T16:30:00,2025,ENVIRONMENTAL MONITORING STATUTORY (EU DIRECTIVES),RIVER / RUNNING SURFACE WATER,118,Nitrite as N,0.051,MILLIGRAM PER LITRE
https://environment.data.gov.uk/water-quality/sampling-point/TH-PWER0030/sample/1450195/observation/0119,TH-PWER0030,WEY ABOVE THAMES,-0.4571,51.3786,Thames,THAMES - WEST THAMES,Multiple Values,OPEN,FRESHWATER - RIVERS,2025-10-10T16:30:00,2025,ENVIRONMENTAL MONITORING STATUTORY (EU DIRECTIVES),RIVER / RUNNING SURFACE WATER,119,Ammonia un-ionised as N,0.00076,MILLIGRAM PER LITRE
https://environment.data.gov.uk/water-quality/sampling-point/TH-PWER0030/sample/1450195/observation/0162,TH-PWER0030,WEY ABOVE THAMES,-0.4571,51.3786,Thames,THAMES - WEST THAMES,Multiple Values,OPEN,FRESHWATER - RIVERS,2025-10-10T16:30:00,2025,ENVIRONMENTAL MONITORING STATUTORY (EU DIRECTIVES),RIVER / RUNNING SURFACE WATER,162,Alkalinity to pH 4.5 as CaCO3,110,MILLIGRAM PER LITRE
https://environment.data.gov.uk/water-quality/sampling-point/TH-PWER0030/sample/1450195/observation/0172,TH-PWER0030,WEY ABOVE THAMES,-0.4571,51.3786,Thames,THAMES - WEST THAMES,Multiple Values,OPEN,FRESHWATER - RIVERS,2025-10-10T16:30:00,2025,ENVIRONMENTAL MONITORING STATUTORY (EU DIRECTIVES),RIVER / RUNNING SURFACE WATER,172,Chloride,47,MILLIGRAM PER LITRE
https://environment.data.gov.uk/water-quality/sampling-point/TH-PWER0030/sample/1450195/observation/0180,TH-PWER0030,WEY ABOVE THAMES,-0.4571,51.3786,Thames,THAMES - WEST THAMES,Multiple Values,OPEN,FRESHWATER - RIVERS,2025-10-10T16:30:00,2025,ENVIRONMENTAL MONITORING STATUTORY (EU DIRECTIVES),RIVER / RUNNING SURFACE WATER,180,"Orthophosphate, reactive as P",0.18,MILLIGRAM PER LITRE
https://environment.data.gov.uk/water-quality/sampling-point/TH-PWER0030/sample/1450195/observation/0182,TH-PWER0030,WEY ABOVE THAMES,-0.4571,51.3786,Thames,THAMES - WEST THAMES,Multiple Values,OPEN,FRESHWATER - RIVERS,2025-10-10T16:30:00,2025,ENVIRONMENTAL MONITORING STATUTORY (EU DIRECTIVES),RIVER / RUNNING SURFACE WATER,182,"Silica, reactive as SiO2",14,MILLIGRAM PER LITRE
https://environment.data.gov.uk/water-quality/sampling-point/TH-PWER0030/sample/1450195/observation/0205,TH-PWER0030,WEY ABOVE THAMES,-0.4571,51.3786,Thames,THAMES - WEST THAMES,Multiple Values,OPEN,FRESHWATER - RIVERS,2025-10-10T16:30:00,2025,ENVIRONMENTAL MONITORING STATUTORY (EU DIRECTIVES),RIVER / RUNNING SURFACE WATER,205,"Sodium, Dissolved",32,MILLIGRAM PER LITRE
https://environment.data.gov.uk/water-quality/sampling-point/TH-PWER0030/sample/1450195/observation/0209,TH-PWER0030,WEY ABOVE THAMES,-0.4571,51.3786,Thames,THAMES - WEST THAMES,Multiple Values,OPEN,FRESHWATER - RIVERS,2025-10-10T16:30:00,2025,ENVIRONMENTAL MONITORING STATUTORY (EU DIRECTIVES),RIVER / RUNNING SURFACE WATER,209,"Potassium, Dissolved",7.4,MILLIGRAM PER LITRE
https://environment.data.gov.uk/water-quality/sampling-point/TH-PWER0030/sample/1450195/observation/0235,TH-PWER0030,WEY ABOVE THAMES,-0.4571,51.3786,Thames,THAMES - WEST THAMES,Multiple Values,OPEN,FRESHWATER - RIVERS,2025-10-10T16:30:00,2025,ENVIRONMENTAL MONITORING STATUTORY (EU DIRECTIVES),RIVER / RUNNING SURFACE WATER,235,"Magnesium, Dissolved",4.1,MILLIGRAM PER LITRE
https://environment.data.gov.uk/water-quality/sampling-point/TH-PWER0030/sample/1450195/observation/0239,TH-PWER0030,WEY ABOVE THAMES,-0.4571,51.3786,Thames,THAMES - WEST THAMES,Multiple Values,OPEN,FRESHWATER - RIVERS,2025-10-10T16:30:00,2025,ENVIRONMENTAL MONITORING STATUTORY (EU DIRECTIVES),RIVER / RUNNING SURFACE WATER,239,"Calcium, Dissolved",59,MILLIGRAM PER LITRE
https://environment.data.gov.uk/water-quality/sampling-point/TH-PWER0030/sample/1450195/observation/0348,TH-PWER0030,WEY ABOVE THAMES,-0.4571,51.3786,Thames,THAMES - WEST THAMES,Multiple Values,OPEN,FRESHWATER - RIVERS,2025-10-10T16:30:00,2025,ENVIRONMENTAL MONITORING STATUTORY (EU DIRECTIVES),RIVER / RUNNING SURFACE WATER,348,"Phosphorus, Total as P",0.2,MILLIGRAM PER LITRE
https://environment.data.gov.uk/water-quality/sampling-point/TH-PWER0030/sample/1450195/observation/0483,TH-PWER0030,WEY ABOVE THAMES,-0.4571,51.3786,Thames,THAMES - WEST THAMES,Multiple Values,OPEN,FRESHWATER - RIVERS,2025-10-10T16:30:00,2025,ENVIRONMENTAL MONITORING STATUTORY (EU DIRECTIVES),RIVER / RUNNING SURFACE WATER,483,Aldrin,<0.0001,MICROGRAM PER LITRE
https://environment.data.gov.uk/water-quality/sampling-point/TH-PWER0030/sample/1450195/observation/0487,TH-PWER0030,WEY ABOVE THAMES,-0.4571,51.3786,Thames,THAMES - WEST THAMES,Multiple Values,OPEN,FRESHWATER - RIVERS,2025-10-10T16:30:00,2025,ENVIRONMENTAL MONITORING STATUTORY (EU DIRECTIVES),RIVER / RUNNING SURFACE WATER,487,HCH -alpha,<0.0001,MICROGRAM PER LITRE
https://environment.data.gov.uk/water-quality/sampling-point/TH-PWER0030/sample/1450195/observation/0491,TH-PWER0030,WEY ABOVE THAMES,-0.4571,51.3786,Thames,THAMES - WEST THAMES,Multiple Values,OPEN,FRESHWATER - RIVERS,2025-10-10T16:30:00,2025,ENVIRONMENTAL MONITORING STATUTORY (EU DIRECTIVES),RIVER / RUNNING SURFACE WATER,491,HCH -beta,<0.0001,MICROGRAM PER LITRE
https://environment.data.gov.uk/water-quality/sampling-point/TH-PWER0030/sample/1450195/observation/0495,TH-PWER0030,WEY ABOVE THAMES,-0.4571,51.3786,Thames,THAMES - WEST THAMES,Multiple Values,OPEN,FRESHWATER - RIVERS,2025-10-10T16:30:00,2025,ENVIRONMENTAL MONITORING STATUTORY (EU DIRECTIVES),RIVER / RUNNING SURFACE WATER,495,HCH -delta,<0.0001,MICROGRAM PER LITRE
https://environment.data.gov.uk/water-quality/sampling-point/TH-PWER0030/sample/1450195/observation/0499,TH-PWER0030,WEY ABOVE THAMES,-0.4571,51.3786,Thames,THAMES - WEST THAMES,Multiple Values,OPEN,FRESHWATER - RIVERS,2025-10-10T16:30:00,2025,ENVIRONMENTAL MONITORING STATUTORY (EU DIRECTIVES),RIVER / RUNNING SURFACE WATER,499,HCH -gamma :- {Lindane},0.00065,MICROGRAM PER LITRE
https://environment.data.gov.uk/water-quality/sampling-point/TH-PWER0030/sample/1450195/observation/0503,TH-PWER0030,WEY ABOVE THAMES,-0.4571,51.3786,Thames,THAMES - WEST THAMES,Multiple Values,OPEN,FRESHWATER - RIVERS,2025-10-10T16:30:00,2025,ENVIRONMENTAL MONITORING STATUTORY (EU DIRECTIVES),RIVER / RUNNING SURFACE WATER,503,Chlorfenvinphos,<0.0001,MICROGRAM PER LITRE
https://environment.data.gov.uk/water-quality/sampling-point/TH-PWER0030/sample/1450195/observation/0507,TH-PWER0030,WEY ABOVE THAMES,-0.4571,51.3786,Thames,THAMES - WEST THAMES,Multiple Values,OPEN,FRESHWATER - RIVERS,2025-10-10T16:30:00,2025,ENVIRONMENTAL MONITORING STATUTORY (EU DIRECTIVES),RIVER / RUNNING SURFACE WATER,507,Dichlorvos,<0.00004,MICROGRAM PER LITRE
https://environment.data.gov.uk/water-quality/sampling-point/TH-PWER0030/sample/1450195/observation/0511,TH-PWER0030,WEY ABOVE THAMES,-0.4571,51.3786,Thames,THAMES - WEST THAMES,Multiple Values,OPEN,FRESHWATER - RIVERS,2025-10-10T16:30:00,2025,ENVIRONMENTAL MONITORING STATUTORY (EU DIRECTIVES),RIVER / RUNNING SURFACE WATER,511,Dieldrin,0.00039,MICROGRAM PER LITRE
https://environment.data.gov.uk/water-quality/sampling-point/TH-PWER0030/sample/1450195/observation/0527,TH-PWER0030,WEY ABOVE THAMES,-0.4571,51.3786,Thames,THAMES - WEST THAMES,Multiple Values,OPEN,FRESHWATER - RIVERS,2025-10-10T16:30:00,2025,ENVIRONMENTAL MONITORING STATUTORY (EU DIRECTIVES),RIVER / RUNNING SURFACE WATER,527,Heptachlor,<0.00004,MICROGRAM PER LITRE
https://environment.data.gov.uk/water-quality/sampling-point/TH-PWER0030/sample/1450195/observation/0535,TH-PWER0030,WEY ABOVE THAMES,-0.4571,51.3786,Thames,THAMES - WEST THAMES,Multiple Values,OPEN,FRESHWATER - RIVERS,2025-10-10T16:30:00,2025,ENVIRONMENTAL MONITORING STATUTORY (EU DIRECTIVES),RIVER / RUNNING SURFACE WATER,535,Malathion,<0.0001,MICROGRAM PER LITRE
https://environment.data.gov.uk/water-quality/sampling-point/TH-PWER0030/sample/1450195/observation/0539,TH-PWER0030,WEY ABOVE THAMES,-0.4571,51.3786,Thames,THAMES - WEST THAMES,Multiple Values,OPEN,FRESHWATER - RIVERS,2025-10-10T16:30:00,2025,ENVIRONMENTAL MONITORING STATUTORY (EU DIRECTIVES),RIVER / RUNNING SURFACE WATER,539,DDT -op,<0.0001,MICROGRAM PER LITRE
https://environment.data.gov.uk/water-quality/sampling-point/TH-PWER0030/sample/1450195/observation/0551,TH-PWER0030,WEY ABOVE THAMES,-0.4571,51.3786,Thames,THAMES - WEST THAMES,Multiple Values,OPEN,FRESHWATER - RIVERS,2025-10-10T16:30:00,2025,ENVIRONMENTAL MONITORING STATUTORY (EU DIRECTIVES),RIVER / RUNNING SURFACE WATER,551,DDE -pp,<0.0001,MICROGRAM PER LITRE
https://environment.data.gov.uk/water-quality/sampling-point/TH-PWER0030/sample/1450195/observation/0555,TH-PWER0030,WEY ABOVE THAMES,-0.4571,51.3786,Thames,THAMES - WEST THAMES,Multiple Values,OPEN,FRESHWATER - RIVERS,2025-10-10T16:30:00,2025,ENVIRONMENTAL MONITORING STATUTORY (EU DIRECTIVES),RIVER / RUNNING SURFACE WATER,555,DDT -pp,<0.0001,MICROGRAM PER LITRE
https://environment.data.gov.uk/water-quality/sampling-point/TH-PWER0030/sample/1450195/observation/0559,TH-PWER0030,WEY ABOVE THAMES,-0.4571,51.3786,Thames,THAMES - WEST THAMES,Multiple Values,OPEN,FRESHWATER - RIVERS,2025-10-10T16:30:00,2025,ENVIRONMENTAL MONITORING STATUTORY (EU DIRECTIVES),RIVER / RUNNING SURFACE WATER,559,TDE -pp,<0.0001,MICROGRAM PER LITRE
https://environment.data.gov.uk/water-quality/sampling-point/TH-PWER0030/sample/1450195/observation/0562,TH-PWER0030,WEY ABOVE THAMES,-0.4571,51.3786,Thames,THAMES - WEST THAMES,Multiple Values,OPEN,FRESHWATER - RIVERS,2025-10-10T16:30:00,2025,ENVIRONMENTAL MONITORING STATUTORY (EU DIRECTIVES),RIVER / RUNNING SURFACE WATER,562,Endrin,<0.0001,MICROGRAM PER LITRE
https://environment.data.gov.uk/water-quality/sampling-point/TH-PWER0030/sample/1450195/observation/0569,TH-PWER0030,WEY ABOVE THAMES,-0.4571,51.3786,Thames,THAMES - WEST THAMES,Multiple Values,OPEN,FRESHWATER - RIVERS,2025-10-10T16:30:00,2025,ENVIRONMENTAL MONITORING STATUTORY (EU DIRECTIVES),RIVER / RUNNING SURFACE WATER,569,Endosulfan A,<0.0001,MICROGRAM PER LITRE
https://environment.data.gov.uk/water-quality/sampling-point/TH-PWER0030/sample/1450195/observation/0570,TH-PWER0030,WEY ABOVE THAMES,-0.4571,51.3786,Thames,THAMES - WEST THAMES,Multiple Values,OPEN,FRESHWATER - RIVERS,2025-10-10T16:30:00,2025,ENVIRONMENTAL MONITORING STATUTORY (EU DIRECTIVES),RIVER / RUNNING SURFACE WATER,570,Endosulfan B,<0.0001,MICROGRAM PER LITRE
https://environment.data.gov.uk/water-quality/sampling-point/TH-PWER0030/sample/1450195/observation/0575,TH-PWER0030,WEY ABOVE THAMES,-0.4571,51.3786,Thames,THAMES - WEST THAMES,Multiple Values,OPEN,FRESHWATER - RIVERS,2025-10-10T16:30:00,2025,ENVIRONMENTAL MONITORING STATUTORY (EU DIRECTIVES),RIVER / RUNNING SURFACE WATER,575,DDT : Sum of components,<0.0004,MICROGRAM PER LITRE
https://environment.data.gov.uk/water-quality/sampling-point/TH-PWER0030/sample/1450195/observation/0576,TH-PWER0030,WEY ABOVE THAMES,-0.4571,51.3786,Thames,THAMES - WEST THAMES,Multiple Values,OPEN,FRESHWATER - RIVERS,2025-10-10T16:30:00,2025,ENVIRONMENTAL MONITORING STATUTORY (EU DIRECTIVES),RIVER / RUNNING SURFACE WATER,576,Hexachlorobenzene,<0.0001,MICROGRAM PER LITRE
https://environment.data.gov.uk/water-quality/sampling-point/TH-PWER0030/sample/1450195/observation/0714,TH-PWER0030,WEY ABOVE THAMES,-0.4571,51.3786,Thames,THAMES - WEST THAMES,Multiple Values,OPEN,FRESHWATER - RIVERS,2025-10-10T16:30:00,2025,ENVIRONMENTAL MONITORING STATUTORY (EU DIRECTIVES),RIVER / RUNNING SURFACE WATER,714,"Benzo(g,h,i)Perylene",0.0011,MICROGRAM PER LITRE
https://environment.data.gov.uk/water-quality/sampling-point/TH-PWER0030/sample/1450195/observation/0723,TH-PWER0030,WEY ABOVE THAMES,-0.4571,51.3786,Thames,THAMES - WEST THAMES,Multiple Values,OPEN,FRESHWATER - RIVERS,2025-10-10T16:30:00,2025,ENVIRONMENTAL MONITORING STATUTORY (EU DIRECTIVES),RIVER / RUNNING SURFACE WATER,723,Diazinon,<0.0001,MICROGRAM PER LITRE
https://environment.data.gov.uk/water-quality/sampling-point/TH-PWER0030/sample/1450195/observation/0731,TH-PWER0030,WEY ABOVE THAMES,-0.4571,51.3786,Thames,THAMES - WEST THAMES,Multiple Values,OPEN,FRESHWATER - RIVERS,2025-10-10T16:30:00,2025,ENVIRONMENTAL MONITORING STATUTORY (EU DIRECTIVES),RIVER / RUNNING SURFACE WATER,731,Benzo(b)Fluoranthene,0.00068,MICROGRAM PER LITRE
https://environment.data.gov.uk/water-quality/sampling-point/TH-PWER0030/sample/1450195/observation/0733,TH-PWER0030,WEY ABOVE THAMES,-0.4571,51.3786,Thames,THAMES - WEST THAMES,Multiple Values,OPEN,FRESHWATER - RIVERS,2025-10-10T16:30:00,2025,ENVIRONMENTAL MONITORING STATUTORY (EU DIRECTIVES),RIVER / RUNNING SURFACE WATER,733,Benzo(k)Fluoranthene,0.00035,MICROGRAM PER LITRE
https://environment.data.gov.uk/water-quality/sampling-point/TH-PWER0030/sample/1450195/observation/0736,TH-PWER0030,WEY ABOVE THAMES,-0.4571,51.3786,Thames,THAMES - WEST THAMES,Multiple Values,OPEN,FRESHWATER - RIVERS,2025-10-10T16:30:00,2025,ENVIRONMENTAL MONITORING STATUTORY (EU DIRECTIVES),RIVER / RUNNING SURFACE WATER,736,Fluoranthene,0.002,MICROGRAM PER LITRE
https://environment.data.gov.uk/water-quality/sampling-point/TH-PWER0030/sample/1450195/observation/0746,TH-PWER0030,WEY ABOVE THAMES,-0.4571,51.3786,Thames,THAMES - WEST THAMES,Multiple Values,OPEN,FRESHWATER - RIVERS,2025-10-10T16:30:00,2025,ENVIRONMENTAL MONITORING STATUTORY (EU DIRECTIVES),RIVER / RUNNING SURFACE WATER,746,"Indeno(1,2,3-cd)pyrene",0.00093,MICROGRAM PER LITRE
https://environment.data.gov.uk/water-quality/sampling-point/TH-PWER0030/sample/1450195/observation/0772,TH-PWER0030,WEY ABOVE THAMES,-0.4571,51.3786,Thames,THAMES - WEST THAMES,Multiple Values,OPEN,FRESHWATER - RIVERS,2025-10-10T16:30:00,2025,ENVIRONMENTAL MONITORING STATUTORY (EU DIRECTIVES),RIVER / RUNNING SURFACE WATER,772,Benzo(a)Anthracene,<0.01,MICROGRAM PER LITRE
https://environment.data.gov.uk/water-quality/sampling-point/TH-PWER0030/sample/1450195/observation/1049,TH-PWER0030,WEY ABOVE THAMES,-0.4571,51.3786,Thames,THAMES - WEST THAMES,Multiple Values,OPEN,FRESHWATER - RIVERS,2025-10-10T16:30:00,2025,ENVIRONMENTAL MONITORING STATUTORY (EU DIRECTIVES),RIVER / RUNNING SURFACE WATER,1049,Carbon tetrachloride :- {Tetrachloromethane},<0.1,MICROGRAM PER LITRE
https://environment.data.gov.uk/water-quality/sampling-point/TH-PWER0030/sample/1450195/observation/1085,TH-PWER0030,WEY ABOVE THAMES,-0.4571,51.3786,Thames,THAMES - WEST THAMES,Multiple Values,OPEN,FRESHWATER - RIVERS,2025-10-10T16:30:00,2025,ENVIRONMENTAL MONITORING STATUTORY (EU DIRECTIVES),RIVER / RUNNING SURFACE WATER,1085,Pentachlorophenol,<0.02,MICROGRAM PER LITRE
https://environment.data.gov.uk/water-quality/sampling-point/TH-PWER0030/sample/1450195/observation/1109,TH-PWER0030,WEY ABOVE THAMES,-0.4571,51.3786,Thames,THAMES - WEST THAMES,Multiple Values,OPEN,FRESHWATER - RIVERS,2025-10-10T16:30:00,2025,ENVIRONMENTAL MONITORING STATUTORY (EU DIRECTIVES),RIVER / RUNNING SURFACE WATER,1109,Endosulfan : Total (A + B),<0.0002,MICROGRAM PER LITRE
https://environment.data.gov.uk/water-quality/sampling-point/TH-PWER0030/sample/1450195/observation/3001,TH-PWER0030,WEY ABOVE THAMES,-0.4571,51.3786,Thames,THAMES - WEST THAMES,Multiple Values,OPEN,FRESHWATER - RIVERS,2025-10-10T16:30:00,2025,ENVIRONMENTAL MONITORING STATUTORY (EU DIRECTIVES),RIVER / RUNNING SURFACE WATER,3001,Simazine,0.001,MICROGRAM PER LITRE
https://environment.data.gov.uk/water-quality/sampling-point/TH-PWER0030/sample/1450195/observation/3002,TH-PWER0030,WEY ABOVE THAMES,-0.4571,51.3786,Thames,THAMES - WEST THAMES,Multiple Values,OPEN,FRESHWATER - RIVERS,2025-10-10T16:30:00,2025,ENVIRONMENTAL MONITORING STATUTORY (EU DIRECTIVES),RIVER / RUNNING SURFACE WATER,3002,Atrazine,0.0023,MICROGRAM PER LITRE
https://environment.data.gov.uk/water-quality/sampling-point/TH-PWER0030/sample/1450195/observation/3004,TH-PWER0030,WEY ABOVE THAMES,-0.4571,51.3786,Thames,THAMES - WEST THAMES,Multiple Values,OPEN,FRESHWATER - RIVERS,2025-10-10T16:30:00,2025,ENVIRONMENTAL MONITORING STATUTORY (EU DIRECTIVES),RIVER / RUNNING SURFACE WATER,3004,Asulam,<0.02,MICROGRAM PER LITRE
https://environment.data.gov.uk/water-quality/sampling-point/TH-PWER0030/sample/1450195/observation/3007,TH-PWER0030,WEY ABOVE THAMES,-0.4571,51.3786,Thames,THAMES - WEST THAMES,Multiple Values,OPEN,FRESHWATER - RIVERS,2025-10-10T16:30:00,2025,ENVIRONMENTAL MONITORING STATUTORY (EU DIRECTIVES),RIVER / RUNNING SURFACE WATER,3007,Glyphosate,0.12,MICROGRAM PER LITRE
https://environment.data.gov.uk/water-quality/sampling-point/TH-PWER0030/sample/1450195/observation/3009,TH-PWER0030,WEY ABOVE THAMES,-0.4571,51.3786,Thames,THAMES - WEST THAMES,Multiple Values,OPEN,FRESHWATER - RIVERS,2025-10-10T16:30:00,2025,ENVIRONMENTAL MONITORING STATUTORY (EU DIRECTIVES),RIVER / RUNNING SURFACE WATER,3009,Terbutryn,0.0041,MICROGRAM PER LITRE
https://environment.data.gov.uk/water-quality/sampling-point/TH-PWER0030/sample/1450195/observation/3086,TH-PWER0030,WEY ABOVE THAMES,-0.4571,51.3786,Thames,THAMES - WEST THAMES,Multiple Values,OPEN,FRESHWATER - RIVERS,2025-10-10T16:30:00,2025,ENVIRONMENTAL MONITORING STATUTORY (EU DIRECTIVES),RIVER / RUNNING SURFACE WATER,3086,Carbofuran,<0.005,MICROGRAM PER LITRE
https://environment.data.gov.uk/water-quality/sampling-point/TH-PWER0030/sample/1450195/observation/3117,TH-PWER0030,WEY ABOVE THAMES,-0.4571,51.3786,Thames,THAMES - WEST THAMES,Multiple Values,OPEN,FRESHWATER - RIVERS,2025-10-10T16:30:00,2025,ENVIRONMENTAL MONITORING STATUTORY (EU DIRECTIVES),RIVER / RUNNING SURFACE WATER,3117,Isoproturon,<0.01,MICROGRAM PER LITRE
https://environment.data.gov.uk/water-quality/sampling-point/TH-PWER0030/sample/1450195/observation/3118,TH-PWER0030,WEY ABOVE THAMES,-0.4571,51.3786,Thames,THAMES - WEST THAMES,Multiple Values,OPEN,FRESHWATER - RIVERS,2025-10-10T16:30:00,2025,ENVIRONMENTAL MONITORING STATUTORY (EU DIRECTIVES),RIVER / RUNNING SURFACE WATER,3118,Linuron,<0.01,MICROGRAM PER LITRE
https://environment.data.gov.uk/water-quality/sampling-point/TH-PWER0030/sample/1450195/observation/3130,TH-PWER0030,WEY ABOVE THAMES,-0.4571,51.3786,Thames,THAMES - WEST THAMES,Multiple Values,OPEN,FRESHWATER - RIVERS,2025-10-10T16:30:00,2025,ENVIRONMENTAL MONITORING STATUTORY (EU DIRECTIVES),RIVER / RUNNING SURFACE WATER,3130,Metoxuron,<0.01,MICROGRAM PER LITRE
https://environment.data.gov.uk/water-quality/sampling-point/TH-PWER0030/sample/1450195/observation/3268,TH-PWER0030,WEY ABOVE THAMES,-0.4571,51.3786,Thames,THAMES - WEST THAMES,Multiple Values,OPEN,FRESHWATER - RIVERS,2025-10-10T16:30:00,2025,ENVIRONMENTAL MONITORING STATUTORY (EU DIRECTIVES),RIVER / RUNNING SURFACE WATER,3268,"1,1,1-Trichloroethane",<0.1,MICROGRAM PER LITRE
https://environment.data.gov.uk/water-quality/sampling-point/TH-PWER0030/sample/1450195/observation/3269,TH-PWER0030,WEY ABOVE THAMES,-0.4571,51.3786,Thames,THAMES - WEST THAMES,Multiple Values,OPEN,FRESHWATER - RIVERS,2025-10-10T16:30:00,2025,ENVIRONMENTAL MONITORING STATUTORY (EU DIRECTIVES),RIVER / RUNNING SURFACE WATER,3269,"1,1-Dichloroethane",<0.1,MICROGRAM PER LITRE
https://environment.data.gov.uk/water-quality/sampling-point/TH-PWER0030/sample/1450195/observation/3272,TH-PWER0030,WEY ABOVE THAMES,-0.4571,51.3786,Thames,THAMES - WEST THAMES,Multiple Values,OPEN,FRESHWATER - RIVERS,2025-10-10T16:30:00,2025,ENVIRONMENTAL MONITORING STATUTORY (EU DIRECTIVES),RIVER / RUNNING SURFACE WATER,3272,"1,2-Dichloroethane",<0.1,MICROGRAM PER LITRE
https://environment.data.gov.uk/water-quality/sampling-point/TH-PWER0030/sample/1450195/observation/3282,TH-PWER0030,WEY ABOVE THAMES,-0.4571,51.3786,Thames,THAMES - WEST THAMES,Multiple Values,OPEN,FRESHWATER - RIVERS,2025-10-10T16:30:00,2025,ENVIRONMENTAL MONITORING STATUTORY (EU DIRECTIVES),RIVER / RUNNING SURFACE WATER,3282,Bromodichloromethane,<0.1,MICROGRAM PER LITRE
https://environment.data.gov.uk/water-quality/sampling-point/TH-PWER0030/sample/1450195/observation/3283,TH-PWER0030,WEY ABOVE THAMES,-0.4571,51.3786,Thames,THAMES - WEST THAMES,Multiple Values,OPEN,FRESHWATER - RIVERS,2025-10-10T16:30:00,2025,ENVIRONMENTAL MONITORING STATUTORY (EU DIRECTIVES),RIVER / RUNNING SURFACE WATER,3283,Bromoform :- {Tribromomethane},<0.1,MICROGRAM PER LITRE
https://environment.data.gov.uk/water-quality/sampling-point/TH-PWER0030/sample/1450195/observation/3290,TH-PWER0030,WEY ABOVE THAMES,-0.4571,51.3786,Thames,THAMES - WEST THAMES,Multiple Values,OPEN,FRESHWATER - RIVERS,2025-10-10T16:30:00,2025,ENVIRONMENTAL MONITORING STATUTORY (EU DIRECTIVES),RIVER / RUNNING SURFACE WATER,3290,Chlorobenzene,<0.1,MICROGRAM PER LITRE
https://environment.data.gov.uk/water-quality/sampling-point/TH-PWER0030/sample/1450195/observation/3292,TH-PWER0030,WEY ABOVE THAMES,-0.4571,51.3786,Thames,THAMES - WEST THAMES,Multiple Values,OPEN,FRESHWATER - RIVERS,2025-10-10T16:30:00,2025,ENVIRONMENTAL MONITORING STATUTORY (EU DIRECTIVES),RIVER / RUNNING SURFACE WATER,3292,Chlorodibromomethane,<0.1,MICROGRAM PER LITRE
https://environment.data.gov.uk/water-quality/sampling-point/TH-PWER0030/sample/1450195/observation/3299,TH-PWER0030,WEY ABOVE THAMES,-0.4571,51.3786,Thames,THAMES - WEST THAMES,Multiple Values,OPEN,FRESHWATER - RIVERS,2025-10-10T16:30:00,2025,ENVIRONMENTAL MONITORING STATUTORY (EU DIRECTIVES),RIVER / RUNNING SURFACE WATER,3299,Dichloromethane :- {Methylene Dichloride},<0.5,MICROGRAM PER LITRE
https://environment.data.gov.uk/water-quality/sampling-point/TH-PWER0030/sample/1450195/observation/3328,TH-PWER0030,WEY ABOVE THAMES,-0.4571,51.3786,Thames,THAMES - WEST THAMES,Multiple Values,OPEN,FRESHWATER - RIVERS,2025-10-10T16:30:00,2025,ENVIRONMENTAL MONITORING STATUTORY (EU DIRECTIVES),RIVER / RUNNING SURFACE WATER,3328,Tetrachloroethylene :- {Perchloroethylene},<0.1,MICROGRAM PER LITRE
https://environment.data.gov.uk/water-quality/sampling-point/TH-PWER0030/sample/1450195/observation/3334,TH-PWER0030,WEY ABOVE THAMES,-0.4571,51.3786,Thames,THAMES - WEST THAMES,Multiple Values,OPEN,FRESHWATER - RIVERS,2025-10-10T16:30:00,2025,ENVIRONMENTAL MONITORING STATUTORY (EU DIRECTIVES),RIVER / RUNNING SURFACE WATER,3334,Trichloroethylene :- {Trichloroethene},<0.1,MICROGRAM PER LITRE
https://environment.data.gov.uk/water-quality/sampling-point/TH-PWER0030/sample/1450195/observation/3341,TH-PWER0030,WEY ABOVE THAMES,-0.4571,51.3786,Thames,THAMES - WEST THAMES,Multiple Values,OPEN,FRESHWATER - RIVERS,2025-10-10T16:30:00,2025,ENVIRONMENTAL MONITORING STATUTORY (EU DIRECTIVES),RIVER / RUNNING SURFACE WATER,3341,4-Chloro-2-methylphenol :- {p-Chloro-o-cresol},<0.02,MICROGRAM PER LITRE
https://environment.data.gov.uk/water-quality/sampling-point/TH-PWER0030/sample/1450195/observation/3342,TH-PWER0030,WEY ABOVE THAMES,-0.4571,51.3786,Thames,THAMES - WEST THAMES,Multiple Values,OPEN,FRESHWATER - RIVERS,2025-10-10T16:30:00,2025,ENVIRONMENTAL MONITORING STATUTORY (EU DIRECTIVES),RIVER / RUNNING SURFACE WATER,3342,4-Chloro-3-methylphenol :- {p-Chloro-m-cresol},<0.02,MICROGRAM PER LITRE
https://environment.data.gov.uk/water-quality/sampling-point/TH-PWER0030/sample/1450195/observation/3343,TH-PWER0030,WEY ABOVE THAMES,-0.4571,51.3786,Thames,THAMES - WEST THAMES,Multiple Values,OPEN,FRESHWATER - RIVERS,2025-10-10T16:30:00,2025,ENVIRONMENTAL MONITORING STATUTORY (EU DIRECTIVES),RIVER / RUNNING SURFACE WATER,3343,"2,4-Dimethylphenol :- {2,4-Xylenol}",<0.02,MICROGRAM PER LITRE
https://environment.data.gov.uk/water-quality/sampling-point/TH-PWER0030/sample/1450195/observation/3373,TH-PWER0030,WEY ABOVE THAMES,-0.4571,51.3786,Thames,THAMES - WEST THAMES,Multiple Values,OPEN,FRESHWATER - RIVERS,2025-10-10T16:30:00,2025,ENVIRONMENTAL MONITORING STATUTORY (EU DIRECTIVES),RIVER / RUNNING SURFACE WATER,3373,Chloroform :- {Trichloromethane},<0.1,MICROGRAM PER LITRE
https://environment.data.gov.uk/water-quality/sampling-point/TH-PWER0030/sample/1450195/observation/3399,TH-PWER0030,WEY ABOVE THAMES,-0.4571,51.3786,Thames,THAMES - WEST THAMES,Multiple Values,OPEN,FRESHWATER - RIVERS,2025-10-10T16:30:00,2025,ENVIRONMENTAL MONITORING STATUTORY (EU DIRECTIVES),RIVER / RUNNING SURFACE WATER,3399,Chloroxuron,<0.01,MICROGRAM PER LITRE
https://environment.data.gov.uk/water-quality/sampling-point/TH-PWER0030/sample/1450195/observation/3400,TH-PWER0030,WEY ABOVE THAMES,-0.4571,51.3786,Thames,THAMES - WEST THAMES,Multiple Values,OPEN,FRESHWATER - RIVERS,2025-10-10T16:30:00,2025,ENVIRONMENTAL MONITORING STATUTORY (EU DIRECTIVES),RIVER / RUNNING SURFACE WATER,3400,Monuron,<0.01,MICROGRAM PER LITRE
https://environment.data.gov.uk/water-quality/sampling-point/TH-PWER0030/sample/1450195/observation/3408,TH-PWER0030,WEY ABOVE THAMES,-0.4571,51.3786,Thames,THAMES - WEST THAMES,Multiple Values,OPEN,FRESHWATER - RIVERS,2025-10-10T16:30:00,2025,ENVIRONMENTAL MONITORING STATUTORY (EU DIRECTIVES),RIVER / RUNNING SURFACE WATER,3408,"Zinc, Dissolved",4.4,MICROGRAM PER LITRE
https://environment.data.gov.uk/water-quality/sampling-point/TH-PWER0030/sample/1450195/observation/3409,TH-PWER0030,WEY ABOVE THAMES,-0.4571,51.3786,Thames,THAMES - WEST THAMES,Multiple Values,OPEN,FRESHWATER - RIVERS,2025-10-10T16:30:00,2025,ENVIRONMENTAL MONITORING STATUTORY (EU DIRECTIVES),RIVER / RUNNING SURFACE WATER,3409,"Chromium, Dissolved",<0.5,MICROGRAM PER LITRE
https://environment.data.gov.uk/water-quality/sampling-point/TH-PWER0030/sample/1450195/observation/3410,TH-PWER0030,WEY ABOVE THAMES,-0.4571,51.3786,Thames,THAMES - WEST THAMES,Multiple Values,OPEN,FRESHWATER - RIVERS,2025-10-10T16:30:00,2025,ENVIRONMENTAL MONITORING STATUTORY (EU DIRECTIVES),RIVER / RUNNING SURFACE WATER,3410,"Nickel, Dissolved",2.7,MICROGRAM PER LITRE
https://environment.data.gov.uk/water-quality/sampling-point/TH-PWER0030/sample/1450195/observation/3472,TH-PWER0030,WEY ABOVE THAMES,-0.4571,51.3786,Thames,THAMES - WEST THAMES,Multiple Values,OPEN,FRESHWATER - RIVERS,2025-10-10T16:30:00,2025,ENVIRONMENTAL MONITORING STATUTORY (EU DIRECTIVES),RIVER / RUNNING SURFACE WATER,3472,Dichlorobenzophenone,<0.0001,MICROGRAM PER LITRE
https://environment.data.gov.uk/water-quality/sampling-point/TH-PWER0030/sample/1450195/observation/3475,TH-PWER0030,WEY ABOVE THAMES,-0.4571,51.3786,Thames,THAMES - WEST THAMES,Multiple Values,OPEN,FRESHWATER - RIVERS,2025-10-10T16:30:00,2025,ENVIRONMENTAL MONITORING STATUTORY (EU DIRECTIVES),RIVER / RUNNING SURFACE WATER,3475,Carbendazim,<0.01,MICROGRAM PER LITRE
https://environment.data.gov.uk/water-quality/sampling-point/TH-PWER0030/sample/1450195/observation/3478,TH-PWER0030,WEY ABOVE THAMES,-0.4571,51.3786,Thames,THAMES - WEST THAMES,Multiple Values,OPEN,FRESHWATER - RIVERS,2025-10-10T16:30:00,2025,ENVIRONMENTAL MONITORING STATUTORY (EU DIRECTIVES),RIVER / RUNNING SURFACE WATER,3478,Aclonifen,<0.0001,MICROGRAM PER LITRE
https://environment.data.gov.uk/water-quality/sampling-point/TH-PWER0030/sample/1450195/observation/3781,TH-PWER0030,WEY ABOVE THAMES,-0.4571,51.3786,Thames,THAMES - WEST THAMES,Multiple Values,OPEN,FRESHWATER - RIVERS,2025-10-10T16:30:00,2025,ENVIRONMENTAL MONITORING STATUTORY (EU DIRECTIVES),RIVER / RUNNING SURFACE WATER,3781,Benzene,<0.1,MICROGRAM PER LITRE
https://environment.data.gov.uk/water-quality/sampling-point/TH-PWER0030/sample/1450195/observation/3783,TH-PWER0030,WEY ABOVE THAMES,-0.4571,51.3786,Thames,THAMES - WEST THAMES,Multiple Values,OPEN,FRESHWATER - RIVERS,2025-10-10T16:30:00,2025,ENVIRONMENTAL MONITORING STATUTORY (EU DIRECTIVES),RIVER / RUNNING SURFACE WATER,3783,Dibromomethane,<0.1,MICROGRAM PER LITRE
https://environment.data.gov.uk/water-quality/sampling-point/TH-PWER0030/sample/1450195/observation/3784,TH-PWER0030,WEY ABOVE THAMES,-0.4571,51.3786,Thames,THAMES - WEST THAMES,Multiple Values,OPEN,FRESHWATER - RIVERS,2025-10-10T16:30:00,2025,ENVIRONMENTAL MONITORING STATUTORY (EU DIRECTIVES),RIVER / RUNNING SURFACE WATER,3784,Toluene :- {Methylbenzene},<0.1,MICROGRAM PER LITRE
https://environment.data.gov.uk/water-quality/sampling-point/TH-PWER0030/sample/1450195/observation/3811,TH-PWER0030,WEY ABOVE THAMES,-0.4571,51.3786,Thames,THAMES - WEST THAMES,Multiple Values,OPEN,FRESHWATER - RIVERS,2025-10-10T16:30:00,2025,ENVIRONMENTAL MONITORING STATUTORY (EU DIRECTIVES),RIVER / RUNNING SURFACE WATER,3811,Diuron,<0.01,MICROGRAM PER LITRE
https://environment.data.gov.uk/water-quality/sampling-point/TH-PWER0030/sample/1450195/observation/3925,TH-PWER0030,WEY ABOVE THAMES,-0.4571,51.3786,Thames,THAMES - WEST THAMES,Multiple Values,OPEN,FRESHWATER - RIVERS,2025-10-10T16:30:00,2025,ENVIRONMENTAL MONITORING STATUTORY (EU DIRECTIVES),RIVER / RUNNING SURFACE WATER,3925,Monolinuron,<0.01,MICROGRAM PER LITRE
https://environment.data.gov.uk/water-quality/sampling-point/TH-PWER0030/sample/1450195/observation/4049,TH-PWER0030,WEY ABOVE THAMES,-0.4571,51.3786,Thames,THAMES - WEST THAMES,Multiple Values,OPEN,FRESHWATER - RIVERS,2025-10-10T16:30:00,2025,ENVIRONMENTAL MONITORING STATUTORY (EU DIRECTIVES),RIVER / RUNNING SURFACE WATER,4049,"1,4-Dichlorobenzene",<0.1,MICROGRAM PER LITRE
https://environment.data.gov.uk/water-quality/sampling-point/TH-PWER0030/sample/1450195/observation/4117,TH-PWER0030,WEY ABOVE THAMES,-0.4571,51.3786,Thames,THAMES - WEST THAMES,Multiple Values,OPEN,FRESHWATER - RIVERS,2025-10-10T16:30:00,2025,ENVIRONMENTAL MONITORING STATUTORY (EU DIRECTIVES),RIVER / RUNNING SURFACE WATER,4117,Ethylbenzene,<0.1,MICROGRAM PER LITRE
https://environment.data.gov.uk/water-quality/sampling-point/TH-PWER0030/sample/1450195/observation/4201,TH-PWER0030,WEY ABOVE THAMES,-0.4571,51.3786,Thames,THAMES - WEST THAMES,Multiple Values,OPEN,FRESHWATER - RIVERS,2025-10-10T16:30:00,2025,ENVIRONMENTAL MONITORING STATUTORY (EU DIRECTIVES),RIVER / RUNNING SURFACE WATER,4201,"Lithium, Dissolved",<100,MICROGRAM PER LITRE
https://environment.data.gov.uk/water-quality/sampling-point/TH-PWER0030/sample/1450195/observation/5042,TH-PWER0030,WEY ABOVE THAMES,-0.4571,51.3786,Thames,THAMES - WEST THAMES,Multiple Values,OPEN,FRESHWATER - RIVERS,2025-10-10T16:30:00,2025,ENVIRONMENTAL MONITORING STATUTORY (EU DIRECTIVES),RIVER / RUNNING SURFACE WATER,5042,Sulcotrione,<0.1,MICROGRAM PER LITRE
https://environment.data.gov.uk/water-quality/sampling-point/TH-PWER0030/sample/1450195/observation/5047,TH-PWER0030,WEY ABOVE THAMES,-0.4571,51.3786,Thames,THAMES - WEST THAMES,Multiple Values,OPEN,FRESHWATER - RIVERS,2025-10-10T16:30:00,2025,ENVIRONMENTAL MONITORING STATUTORY (EU DIRECTIVES),RIVER / RUNNING SURFACE WATER,5047,Ethirimol,<0.05,MICROGRAM PER LITRE
https://environment.data.gov.uk/water-quality/sampling-point/TH-PWER0030/sample/1450195/observation/5050,TH-PWER0030,WEY ABOVE THAMES,-0.4571,51.3786,Thames,THAMES - WEST THAMES,Multiple Values,OPEN,FRESHWATER - RIVERS,2025-10-10T16:30:00,2025,ENVIRONMENTAL MONITORING STATUTORY (EU DIRECTIVES),RIVER / RUNNING SURFACE WATER,5050,Azoxystrobin,<0.02,MICROGRAM PER LITRE
https://environment.data.gov.uk/water-quality/sampling-point/TH-PWER0030/sample/1450195/observation/5157,TH-PWER0030,WEY ABOVE THAMES,-0.4571,51.3786,Thames,THAMES - WEST THAMES,Multiple Values,OPEN,FRESHWATER - RIVERS,2025-10-10T16:30:00,2025,ENVIRONMENTAL MONITORING STATUTORY (EU DIRECTIVES),RIVER / RUNNING SURFACE WATER,5157,Quinoxyfen,<0.0001,MICROGRAM PER LITRE
https://environment.data.gov.uk/water-quality/sampling-point/TH-PWER0030/sample/1450195/observation/5234,TH-PWER0030,WEY ABOVE THAMES,-0.4571,51.3786,Thames,THAMES - WEST THAMES,Multiple Values,OPEN,FRESHWATER - RIVERS,2025-10-10T16:30:00,2025,ENVIRONMENTAL MONITORING STATUTORY (EU DIRECTIVES),RIVER / RUNNING SURFACE WATER,5234,Hexachloroethane,<0.1,MICROGRAM PER LITRE
https://environment.data.gov.uk/water-quality/sampling-point/TH-PWER0030/sample/1450195/observation/5446,TH-PWER0030,WEY ABOVE THAMES,-0.4571,51.3786,Thames,THAMES - WEST THAMES,Multiple Values,OPEN,FRESHWATER - RIVERS,2025-10-10T16:30:00,2025,ENVIRONMENTAL MONITORING STATUTORY (EU DIRECTIVES),RIVER / RUNNING SURFACE WATER,5446,Cypermethrin Identification,1,Text Result
https://environment.data.gov.uk/water-quality/sampling-point/TH-PWER0030/sample/1450195/observation/5558,TH-PWER0030,WEY ABOVE THAMES,-0.4571,51.3786,Thames,THAMES - WEST THAMES,Multiple Values,OPEN,FRESHWATER - RIVERS,2025-10-10T16:30:00,2025,ENVIRONMENTAL MONITORING STATUTORY (EU DIRECTIVES),RIVER / RUNNING SURFACE WATER,5558,"3,5-Dimethylphenol :- {3,5-Xylenol}",<0.02,MICROGRAM PER LITRE
https://environment.data.gov.uk/water-quality/sampling-point/TH-PWER0030/sample/1450195/observation/5560,TH-PWER0030,WEY ABOVE THAMES,-0.4571,51.3786,Thames,THAMES - WEST THAMES,Multiple Values,OPEN,FRESHWATER - RIVERS,2025-10-10T16:30:00,2025,ENVIRONMENTAL MONITORING STATUTORY (EU DIRECTIVES),RIVER / RUNNING SURFACE WATER,5560,4-Methylphenol :- {p-Cresol},<0.02,MICROGRAM PER LITRE
https://environment.data.gov.uk/water-quality/sampling-point/TH-PWER0030/sample/1450195/observation/5561,TH-PWER0030,WEY ABOVE THAMES,-0.4571,51.3786,Thames,THAMES - WEST THAMES,Multiple Values,OPEN,FRESHWATER - RIVERS,2025-10-10T16:30:00,2025,ENVIRONMENTAL MONITORING STATUTORY (EU DIRECTIVES),RIVER / RUNNING SURFACE WATER,5561,3-Methylphenol :- {m-Cresol},<0.02,MICROGRAM PER LITRE
https://environment.data.gov.uk/water-quality/sampling-point/TH-PWER0030/sample/1450195/observation/5562,TH-PWER0030,WEY ABOVE THAMES,-0.4571,51.3786,Thames,THAMES - WEST THAMES,Multiple Values,OPEN,FRESHWATER - RIVERS,2025-10-10T16:30:00,2025,ENVIRONMENTAL MONITORING STATUTORY (EU DIRECTIVES),RIVER / RUNNING SURFACE WATER,5562,2-Methylphenol :- {o-Cresol},<0.02,MICROGRAM PER LITRE
https://environment.data.gov.uk/water-quality/sampling-point/TH-PWER0030/sample/1450195/observation/5568,TH-PWER0030,WEY ABOVE THAMES,-0.4571,51.3786,Thames,THAMES - WEST THAMES,Multiple Values,OPEN,FRESHWATER - RIVERS,2025-10-10T16:30:00,2025,ENVIRONMENTAL MONITORING STATUTORY (EU DIRECTIVES),RIVER / RUNNING SURFACE WATER,5568,3-Chlorotoluene :- {3-Chloromethylbenzene},<0.1,MICROGRAM PER LITRE
https://environment.data.gov.uk/water-quality/sampling-point/TH-PWER0030/sample/1450195/observation/5732,TH-PWER0030,WEY ABOVE THAMES,-0.4571,51.3786,Thames,THAMES - WEST THAMES,Multiple Values,OPEN,FRESHWATER - RIVERS,2025-10-10T16:30:00,2025,ENVIRONMENTAL MONITORING STATUTORY (EU DIRECTIVES),RIVER / RUNNING SURFACE WATER,5732,Triphenyl Tin as Cation,<0.00002,MICROGRAM PER LITRE
https://environment.data.gov.uk/water-quality/sampling-point/TH-PWER0030/sample/1450195/observation/5863,TH-PWER0030,WEY ABOVE THAMES,-0.4571,51.3786,Thames,THAMES - WEST THAMES,Multiple Values,OPEN,FRESHWATER - RIVERS,2025-10-10T16:30:00,2025,ENVIRONMENTAL MONITORING STATUTORY (EU DIRECTIVES),RIVER / RUNNING SURFACE WATER,5863,Pentachlorobenzene,<0.0001,MICROGRAM PER LITRE
https://environment.data.gov.uk/water-quality/sampling-point/TH-PWER0030/sample/1450195/observation/5889,TH-PWER0030,WEY ABOVE THAMES,-0.4571,51.3786,Thames,THAMES - WEST THAMES,Multiple Values,OPEN,FRESHWATER - RIVERS,2025-10-10T16:30:00,2025,ENVIRONMENTAL MONITORING STATUTORY (EU DIRECTIVES),RIVER / RUNNING SURFACE WATER,5889,Triclosan,0.012,MICROGRAM PER LITRE
https://environment.data.gov.uk/water-quality/sampling-point/TH-PWER0030/sample/1450195/observation/6037,TH-PWER0030,WEY ABOVE THAMES,-0.4571,51.3786,Thames,THAMES - WEST THAMES,Multiple Values,OPEN,FRESHWATER - RIVERS,2025-10-10T16:30:00,2025,ENVIRONMENTAL MONITORING STATUTORY (EU DIRECTIVES),RIVER / RUNNING SURFACE WATER,6037,"Aluminium, Dissolved",<20,MICROGRAM PER LITRE
https://environment.data.gov.uk/water-quality/sampling-point/TH-PWER0030/sample/1450195/observation/6045,TH-PWER0030,WEY ABOVE THAMES,-0.4571,51.3786,Thames,THAMES - WEST THAMES,Multiple Values,OPEN,FRESHWATER - RIVERS,2025-10-10T16:30:00,2025,ENVIRONMENTAL MONITORING STATUTORY (EU DIRECTIVES),RIVER / RUNNING SURFACE WATER,6045,"Arsenic, Dissolved",<1,MICROGRAM PER LITRE
https://environment.data.gov.uk/water-quality/sampling-point/TH-PWER0030/sample/1450195/observation/6376,TH-PWER0030,WEY ABOVE THAMES,-0.4571,51.3786,Thames,THAMES - WEST THAMES,Multiple Values,OPEN,FRESHWATER - RIVERS,2025-10-10T16:30:00,2025,ENVIRONMENTAL MONITORING STATUTORY (EU DIRECTIVES),RIVER / RUNNING SURFACE WATER,6376,Chloromethane :- {Methyl Chloride},<0.5,MICROGRAM PER LITRE
https://environment.data.gov.uk/water-quality/sampling-point/TH-PWER0030/sample/1450195/observation/6396,TH-PWER0030,WEY ABOVE THAMES,-0.4571,51.3786,Thames,THAMES - WEST THAMES,Multiple Values,OPEN,FRESHWATER - RIVERS,2025-10-10T16:30:00,2025,ENVIRONMENTAL MONITORING STATUTORY (EU DIRECTIVES),RIVER / RUNNING SURFACE WATER,6396,Turbidity,2.3,NEPHELOMETRIC TURBIDITY UNITS
https://environment.data.gov.uk/water-quality/sampling-point/TH-PWER0030/sample/1450195/observation/6399,TH-PWER0030,WEY ABOVE THAMES,-0.4571,51.3786,Thames,THAMES - WEST THAMES,Multiple Values,OPEN,FRESHWATER - RIVERS,2025-10-10T16:30:00,2025,ENVIRONMENTAL MONITORING STATUTORY (EU DIRECTIVES),RIVER / RUNNING SURFACE WATER,6399,Benzo(a)Pyrene,0.00076,MICROGRAM PER LITRE
https://environment.data.gov.uk/water-quality/sampling-point/TH-PWER0030/sample/1450195/observation/6447,TH-PWER0030,WEY ABOVE THAMES,-0.4571,51.3786,Thames,THAMES - WEST THAMES,Multiple Values,OPEN,FRESHWATER - RIVERS,2025-10-10T16:30:00,2025,ENVIRONMENTAL MONITORING STATUTORY (EU DIRECTIVES),RIVER / RUNNING SURFACE WATER,6447,Dimethoate,<0.0001,MICROGRAM PER LITRE
https://environment.data.gov.uk/water-quality/sampling-point/TH-PWER0030/sample/1450195/observation/6450,TH-PWER0030,WEY ABOVE THAMES,-0.4571,51.3786,Thames,THAMES - WEST THAMES,Multiple Values,OPEN,FRESHWATER - RIVERS,2025-10-10T16:30:00,2025,ENVIRONMENTAL MONITORING STATUTORY (EU DIRECTIVES),RIVER / RUNNING SURFACE WATER,6450,"Copper, Dissolved",2.1,MICROGRAM PER LITRE
https://environment.data.gov.uk/water-quality/sampling-point/TH-PWER0030/sample/1450195/observation/6458,TH-PWER0030,WEY ABOVE THAMES,-0.4571,51.3786,Thames,THAMES - WEST THAMES,Multiple Values,OPEN,FRESHWATER - RIVERS,2025-10-10T16:30:00,2025,ENVIRONMENTAL MONITORING STATUTORY (EU DIRECTIVES),RIVER / RUNNING SURFACE WATER,6458,"Manganese, Dissolved",16,MICROGRAM PER LITRE
https://environment.data.gov.uk/water-quality/sampling-point/TH-PWER0030/sample/1450195/observation/6460,TH-PWER0030,WEY ABOVE THAMES,-0.4571,51.3786,Thames,THAMES - WEST THAMES,Multiple Values,OPEN,FRESHWATER - RIVERS,2025-10-10T16:30:00,2025,ENVIRONMENTAL MONITORING STATUTORY (EU DIRECTIVES),RIVER / RUNNING SURFACE WATER,6460,"Iron, Dissolved",140,MICROGRAM PER LITRE
https://environment.data.gov.uk/water-quality/sampling-point/TH-PWER0030/sample/1450195/observation/6534,TH-PWER0030,WEY ABOVE THAMES,-0.4571,51.3786,Thames,THAMES - WEST THAMES,Multiple Values,OPEN,FRESHWATER - RIVERS,2025-10-10T16:30:00,2025,ENVIRONMENTAL MONITORING STATUTORY (EU DIRECTIVES),RIVER / RUNNING SURFACE WATER,6534,"1,1,1,2-Tetrachloroethane",<0.1,MICROGRAM PER LITRE
https://environment.data.gov.uk/water-quality/sampling-point/TH-PWER0030/sample/1450195/observation/6537,TH-PWER0030,WEY ABOVE THAMES,-0.4571,51.3786,Thames,THAMES - WEST THAMES,Multiple Values,OPEN,FRESHWATER - RIVERS,2025-10-10T16:30:00,2025,ENVIRONMENTAL MONITORING STATUTORY (EU DIRECTIVES),RIVER / RUNNING SURFACE WATER,6537,"1,2-Dibromo-3-chloropropane",<0.1,MICROGRAM PER LITRE
https://environment.data.gov.uk/water-quality/sampling-point/TH-PWER0030/sample/1450195/observation/6538,TH-PWER0030,WEY ABOVE THAMES,-0.4571,51.3786,Thames,THAMES - WEST THAMES,Multiple Values,OPEN,FRESHWATER - RIVERS,2025-10-10T16:30:00,2025,ENVIRONMENTAL MONITORING STATUTORY (EU DIRECTIVES),RIVER / RUNNING SURFACE WATER,6538,"cis-1,2-Dichloroethylene :- {cis-1,2-Dichloroethene}",0.42,MICROGRAM PER LITRE
https://environment.data.gov.uk/water-quality/sampling-point/TH-PWER0030/sample/1450195/observation/6539,TH-PWER0030,WEY ABOVE THAMES,-0.4571,51.3786,Thames,THAMES - WEST THAMES,Multiple Values,OPEN,FRESHWATER - RIVERS,2025-10-10T16:30:00,2025,ENVIRONMENTAL MONITORING STATUTORY (EU DIRECTIVES),RIVER / RUNNING SURFACE WATER,6539,"trans-1,2-Dichloroethylene :- {trans-1,2-Dichloroethene}",<0.1,MICROGRAM PER LITRE
https://environment.data.gov.uk/water-quality/sampling-point/TH-PWER0030/sample/1450195/observation/6540,TH-PWER0030,WEY ABOVE THAMES,-0.4571,51.3786,Thames,THAMES - WEST THAMES,Multiple Values,OPEN,FRESHWATER - RIVERS,2025-10-10T16:30:00,2025,ENVIRONMENTAL MONITORING STATUTORY (EU DIRECTIVES),RIVER / RUNNING SURFACE WATER,6540,"1,2-Dichloropropane",<0.1,MICROGRAM PER LITRE
https://environment.data.gov.uk/water-quality/sampling-point/TH-PWER0030/sample/1450195/observation/6541,TH-PWER0030,WEY ABOVE THAMES,-0.4571,51.3786,Thames,THAMES - WEST THAMES,Multiple Values,OPEN,FRESHWATER - RIVERS,2025-10-10T16:30:00,2025,ENVIRONMENTAL MONITORING STATUTORY (EU DIRECTIVES),RIVER / RUNNING SURFACE WATER,6541,"1,2,3-Trichloropropane",<0.5,MICROGRAM PER LITRE
https://environment.data.gov.uk/water-quality/sampling-point/TH-PWER0030/sample/1450195/observation/6542,TH-PWER0030,WEY ABOVE THAMES,-0.4571,51.3786,Thames,THAMES - WEST THAMES,Multiple Values,OPEN,FRESHWATER - RIVERS,2025-10-10T16:30:00,2025,ENVIRONMENTAL MONITORING STATUTORY (EU DIRECTIVES),RIVER / RUNNING SURFACE WATER,6542,"1,3-Dichloropropane",<0.1,MICROGRAM PER LITRE
https://environment.data.gov.uk/water-quality/sampling-point/TH-PWER0030/sample/1450195/observation/6543,TH-PWER0030,WEY ABOVE THAMES,-0.4571,51.3786,Thames,THAMES - WEST THAMES,Multiple Values,OPEN,FRESHWATER - RIVERS,2025-10-10T16:30:00,2025,ENVIRONMENTAL MONITORING STATUTORY (EU DIRECTIVES),RIVER / RUNNING SURFACE WATER,6543,"cis-1,3-Dichloropropylene :- {cis-1,3-Dichloropropene}",<0.1,MICROGRAM PER LITRE
https://environment.data.gov.uk/water-quality/sampling-point/TH-PWER0030/sample/1450195/observation/6544,TH-PWER0030,WEY ABOVE THAMES,-0.4571,51.3786,Thames,THAMES - WEST THAMES,Multiple Values,OPEN,FRESHWATER - RIVERS,2025-10-10T16:30:00,2025,ENVIRONMENTAL MONITORING STATUTORY (EU DIRECTIVES),RIVER / RUNNING SURFACE WATER,6544,"trans-1,3-Dichloropropylene :- {trans-1,3-Dichloropropene}",<0.5,MICROGRAM PER LITRE
https://environment.data.gov.uk/water-quality/sampling-point/TH-PWER0030/sample/1450195/observation/6547,TH-PWER0030,WEY ABOVE THAMES,-0.4571,51.3786,Thames,THAMES - WEST THAMES,Multiple Values,OPEN,FRESHWATER - RIVERS,2025-10-10T16:30:00,2025,ENVIRONMENTAL MONITORING STATUTORY (EU DIRECTIVES),RIVER / RUNNING SURFACE WATER,6547,2-Chlorotoluene :- {1-Chloro-2-methylbenzene},<0.1,MICROGRAM PER LITRE
https://environment.data.gov.uk/water-quality/sampling-point/TH-PWER0030/sample/1450195/observation/6569,TH-PWER0030,WEY ABOVE THAMES,-0.4571,51.3786,Thames,THAMES - WEST THAMES,Multiple Values,OPEN,FRESHWATER - RIVERS,2025-10-10T16:30:00,2025,ENVIRONMENTAL MONITORING STATUTORY (EU DIRECTIVES),RIVER / RUNNING SURFACE WATER,6569,"2,6-Dimethylphenol :- {2,6-Xylenol}",<0.02,MICROGRAM PER LITRE
https://environment.data.gov.uk/water-quality/sampling-point/TH-PWER0030/sample/1450195/observation/6577,TH-PWER0030,WEY ABOVE THAMES,-0.4571,51.3786,Thames,THAMES - WEST THAMES,Multiple Values,OPEN,FRESHWATER - RIVERS,2025-10-10T16:30:00,2025,ENVIRONMENTAL MONITORING STATUTORY (EU DIRECTIVES),RIVER / RUNNING SURFACE WATER,6577,"3,4-Dimethylphenol :- {3,4-Xylenol}",<0.02,MICROGRAM PER LITRE
https://environment.data.gov.uk/water-quality/sampling-point/TH-PWER0030/sample/1450195/observation/6578,TH-PWER0030,WEY ABOVE THAMES,-0.4571,51.3786,Thames,THAMES - WEST THAMES,Multiple Values,OPEN,FRESHWATER - RIVERS,2025-10-10T16:30:00,2025,ENVIRONMENTAL MONITORING STATUTORY (EU DIRECTIVES),RIVER / RUNNING SURFACE WATER,6578,4-Chlorotoluene :- {1-Chloro-4-methylbenzene},<0.1,MICROGRAM PER LITRE
https://environment.data.gov.uk/water-quality/sampling-point/TH-PWER0030/sample/1450195/observation/6579,TH-PWER0030,WEY ABOVE THAMES,-0.4571,51.3786,Thames,THAMES - WEST THAMES,Multiple Values,OPEN,FRESHWATER - RIVERS,2025-10-10T16:30:00,2025,ENVIRONMENTAL MONITORING STATUTORY (EU DIRECTIVES),RIVER / RUNNING SURFACE WATER,6579,4-Isopropyltoluene :- {4-methyl-Isopropylbenzene},<0.1,MICROGRAM PER LITRE
https://environment.data.gov.uk/water-quality/sampling-point/TH-PWER0030/sample/1450195/observation/6584,TH-PWER0030,WEY ABOVE THAMES,-0.4571,51.3786,Thames,THAMES - WEST THAMES,Multiple Values,OPEN,FRESHWATER - RIVERS,2025-10-10T16:30:00,2025,ENVIRONMENTAL MONITORING STATUTORY (EU DIRECTIVES),RIVER / RUNNING SURFACE WATER,6584,"4-Chloro-3,5-dimethylphenol :- {PCMX}",0.02,MICROGRAM PER LITRE
https://environment.data.gov.uk/water-quality/sampling-point/TH-PWER0030/sample/1450195/observation/6603,TH-PWER0030,WEY ABOVE THAMES,-0.4571,51.3786,Thames,THAMES - WEST THAMES,Multiple Values,OPEN,FRESHWATER - RIVERS,2025-10-10T16:30:00,2025,ENVIRONMENTAL MONITORING STATUTORY (EU DIRECTIVES),RIVER / RUNNING SURFACE WATER,6603,Bifenox,<0.0001,MICROGRAM PER LITRE
https://environment.data.gov.uk/water-quality/sampling-point/TH-PWER0030/sample/1450195/observation/6604,TH-PWER0030,WEY ABOVE THAMES,-0.4571,51.3786,Thames,THAMES - WEST THAMES,Multiple Values,OPEN,FRESHWATER - RIVERS,2025-10-10T16:30:00,2025,ENVIRONMENTAL MONITORING STATUTORY (EU DIRECTIVES),RIVER / RUNNING SURFACE WATER,6604,Bromobenzene,<0.1,MICROGRAM PER LITRE
https://environment.data.gov.uk/water-quality/sampling-point/TH-PWER0030/sample/1450195/observation/6605,TH-PWER0030,WEY ABOVE THAMES,-0.4571,51.3786,Thames,THAMES - WEST THAMES,Multiple Values,OPEN,FRESHWATER - RIVERS,2025-10-10T16:30:00,2025,ENVIRONMENTAL MONITORING STATUTORY (EU DIRECTIVES),RIVER / RUNNING SURFACE WATER,6605,Bromochloromethane,<0.1,MICROGRAM PER LITRE
https://environment.data.gov.uk/water-quality/sampling-point/TH-PWER0030/sample/1450195/observation/6615,TH-PWER0030,WEY ABOVE THAMES,-0.4571,51.3786,Thames,THAMES - WEST THAMES,Multiple Values,OPEN,FRESHWATER - RIVERS,2025-10-10T16:30:00,2025,ENVIRONMENTAL MONITORING STATUTORY (EU DIRECTIVES),RIVER / RUNNING SURFACE WATER,6615,Chlorothalonil,<0.0005,MICROGRAM PER LITRE
https://environment.data.gov.uk/water-quality/sampling-point/TH-PWER0030/sample/1450195/observation/6648,TH-PWER0030,WEY ABOVE THAMES,-0.4571,51.3786,Thames,THAMES - WEST THAMES,Multiple Values,OPEN,FRESHWATER - RIVERS,2025-10-10T16:30:00,2025,ENVIRONMENTAL MONITORING STATUTORY (EU DIRECTIVES),RIVER / RUNNING SURFACE WATER,6648,Hexachlorobutadiene,<0.0001,MICROGRAM PER LITRE
https://environment.data.gov.uk/water-quality/sampling-point/TH-PWER0030/sample/1450195/observation/6656,TH-PWER0030,WEY ABOVE THAMES,-0.4571,51.3786,Thames,THAMES - WEST THAMES,Multiple Values,OPEN,FRESHWATER - RIVERS,2025-10-10T16:30:00,2025,ENVIRONMENTAL MONITORING STATUTORY (EU DIRECTIVES),RIVER / RUNNING SURFACE WATER,6656,MTBE :- {Methyl tert-butyl ether},<0.1,MICROGRAM PER LITRE
https://environment.data.gov.uk/water-quality/sampling-point/TH-PWER0030/sample/1450195/observation/6658,TH-PWER0030,WEY ABOVE THAMES,-0.4571,51.3786,Thames,THAMES - WEST THAMES,Multiple Values,OPEN,FRESHWATER - RIVERS,2025-10-10T16:30:00,2025,ENVIRONMENTAL MONITORING STATUTORY (EU DIRECTIVES),RIVER / RUNNING SURFACE WATER,6658,n-ButylBenzene :- {1-Phenylbutane},<0.1,MICROGRAM PER LITRE
https://environment.data.gov.uk/water-quality/sampling-point/TH-PWER0030/sample/1450195/observation/6659,TH-PWER0030,WEY ABOVE THAMES,-0.4571,51.3786,Thames,THAMES - WEST THAMES,Multiple Values,OPEN,FRESHWATER - RIVERS,2025-10-10T16:30:00,2025,ENVIRONMENTAL MONITORING STATUTORY (EU DIRECTIVES),RIVER / RUNNING SURFACE WATER,6659,n-Propylbenzene :- {1-Phenylpropane},<0.1,MICROGRAM PER LITRE
https://environment.data.gov.uk/water-quality/sampling-point/TH-PWER0030/sample/1450195/observation/6690,TH-PWER0030,WEY ABOVE THAMES,-0.4571,51.3786,Thames,THAMES - WEST THAMES,Multiple Values,OPEN,FRESHWATER - RIVERS,2025-10-10T16:30:00,2025,ENVIRONMENTAL MONITORING STATUTORY (EU DIRECTIVES),RIVER / RUNNING SURFACE WATER,6690,sec-Butylbenzene :- {1-Methylpropylbenzene},<0.1,MICROGRAM PER LITRE
https://environment.data.gov.uk/water-quality/sampling-point/TH-PWER0030/sample/1450195/observation/6693,TH-PWER0030,WEY ABOVE THAMES,-0.4571,51.3786,Thames,THAMES - WEST THAMES,Multiple Values,OPEN,FRESHWATER - RIVERS,2025-10-10T16:30:00,2025,ENVIRONMENTAL MONITORING STATUTORY (EU DIRECTIVES),RIVER / RUNNING SURFACE WATER,6693,"Strontium, Filtered",180,MICROGRAM PER LITRE
https://environment.data.gov.uk/water-quality/sampling-point/TH-PWER0030/sample/1450195/observation/6697,TH-PWER0030,WEY ABOVE THAMES,-0.4571,51.3786,Thames,THAMES - WEST THAMES,Multiple Values,OPEN,FRESHWATER - RIVERS,2025-10-10T16:30:00,2025,ENVIRONMENTAL MONITORING STATUTORY (EU DIRECTIVES),RIVER / RUNNING SURFACE WATER,6697,"tert-Butylbenzene :- {(1,1-Dimethylethyl)benzene}",<0.1,MICROGRAM PER LITRE
https://environment.data.gov.uk/water-quality/sampling-point/TH-PWER0030/sample/1450195/observation/6711,TH-PWER0030,WEY ABOVE THAMES,-0.4571,51.3786,Thames,THAMES - WEST THAMES,Multiple Values,OPEN,FRESHWATER - RIVERS,2025-10-10T16:30:00,2025,ENVIRONMENTAL MONITORING STATUTORY (EU DIRECTIVES),RIVER / RUNNING SURFACE WATER,6711,Trichlorofluoromethane,<0.1,MICROGRAM PER LITRE
https://environment.data.gov.uk/water-quality/sampling-point/TH-PWER0030/sample/1450195/observation/6715,TH-PWER0030,WEY ABOVE THAMES,-0.4571,51.3786,Thames,THAMES - WEST THAMES,Multiple Values,OPEN,FRESHWATER - RIVERS,2025-10-10T16:30:00,2025,ENVIRONMENTAL MONITORING STATUTORY (EU DIRECTIVES),RIVER / RUNNING SURFACE WATER,6715,Vinyl chloride :- {Chloroethylene},<0.1,MICROGRAM PER LITRE
https://environment.data.gov.uk/water-quality/sampling-point/TH-PWER0030/sample/1450195/observation/6716,TH-PWER0030,WEY ABOVE THAMES,-0.4571,51.3786,Thames,THAMES - WEST THAMES,Multiple Values,OPEN,FRESHWATER - RIVERS,2025-10-10T16:30:00,2025,ENVIRONMENTAL MONITORING STATUTORY (EU DIRECTIVES),RIVER / RUNNING SURFACE WATER,6716,"Dimethylbenzene : Sum of isomers (1,3- 1,4-)",<0.2,MICROGRAM PER LITRE
https://environment.data.gov.uk/water-quality/sampling-point/TH-PWER0030/sample/1450195/observation/6724,TH-PWER0030,WEY ABOVE THAMES,-0.4571,51.3786,Thames,THAMES - WEST THAMES,Multiple Values,OPEN,FRESHWATER - RIVERS,2025-10-10T16:30:00,2025,ENVIRONMENTAL MONITORING STATUTORY (EU DIRECTIVES),RIVER / RUNNING SURFACE WATER,6724,Di(2-ethylhexyl) phthalate :- {DEHP},<0.2,MICROGRAM PER LITRE
https://environment.data.gov.uk/water-quality/sampling-point/TH-PWER0030/sample/1450195/observation/6744,TH-PWER0030,WEY ABOVE THAMES,-0.4571,51.3786,Thames,THAMES - WEST THAMES,Multiple Values,OPEN,FRESHWATER - RIVERS,2025-10-10T16:30:00,2025,ENVIRONMENTAL MONITORING STATUTORY (EU DIRECTIVES),RIVER / RUNNING SURFACE WATER,6744,"2,2-Dichloropropane",<0.1,MICROGRAM PER LITRE
https://environment.data.gov.uk/water-quality/sampling-point/TH-PWER0030/sample/1450195/observation/6753,TH-PWER0030,WEY ABOVE THAMES,-0.4571,51.3786,Thames,THAMES - WEST THAMES,Multiple Values,OPEN,FRESHWATER - RIVERS,2025-10-10T16:30:00,2025,ENVIRONMENTAL MONITORING STATUTORY (EU DIRECTIVES),RIVER / RUNNING SURFACE WATER,6753,Anthracene,<0.01,MICROGRAM PER LITRE
https://environment.data.gov.uk/water-quality/sampling-point/TH-PWER0030/sample/1450195/observation/6760,TH-PWER0030,WEY ABOVE THAMES,-0.4571,51.3786,Thames,THAMES - WEST THAMES,Multiple Values,OPEN,FRESHWATER - RIVERS,2025-10-10T16:30:00,2025,ENVIRONMENTAL MONITORING STATUTORY (EU DIRECTIVES),RIVER / RUNNING SURFACE WATER,6760,Chloridazon,<0.01,MICROGRAM PER LITRE
https://environment.data.gov.uk/water-quality/sampling-point/TH-PWER0030/sample/1450195/observation/6955,TH-PWER0030,WEY ABOVE THAMES,-0.4571,51.3786,Thames,THAMES - WEST THAMES,Multiple Values,OPEN,FRESHWATER - RIVERS,2025-10-10T16:30:00,2025,ENVIRONMENTAL MONITORING STATUTORY (EU DIRECTIVES),RIVER / RUNNING SURFACE WATER,6955,Ethiofencarb,<0.005,MICROGRAM PER LITRE
https://environment.data.gov.uk/water-quality/sampling-point/TH-PWER0030/sample/1450195/observation/6971,TH-PWER0030,WEY ABOVE THAMES,-0.4571,51.3786,Thames,THAMES - WEST THAMES,Multiple Values,OPEN,FRESHWATER - RIVERS,2025-10-10T16:30:00,2025,ENVIRONMENTAL MONITORING STATUTORY (EU DIRECTIVES),RIVER / RUNNING SURFACE WATER,6971,Methiocarb,<0.001,MICROGRAM PER LITRE
https://environment.data.gov.uk/water-quality/sampling-point/TH-PWER0030/sample/1450195/observation/6972,TH-PWER0030,WEY ABOVE THAMES,-0.4571,51.3786,Thames,THAMES - WEST THAMES,Multiple Values,OPEN,FRESHWATER - RIVERS,2025-10-10T16:30:00,2025,ENVIRONMENTAL MONITORING STATUTORY (EU DIRECTIVES),RIVER / RUNNING SURFACE WATER,6972,Methomyl,<0.005,MICROGRAM PER LITRE
https://environment.data.gov.uk/water-quality/sampling-point/TH-PWER0030/sample/1450195/observation/6980,TH-PWER0030,WEY ABOVE THAMES,-0.4571,51.3786,Thames,THAMES - WEST THAMES,Multiple Values,OPEN,FRESHWATER - RIVERS,2025-10-10T16:30:00,2025,ENVIRONMENTAL MONITORING STATUTORY (EU DIRECTIVES),RIVER / RUNNING SURFACE WATER,6980,Oxamyl,<0.005,MICROGRAM PER LITRE
https://environment.data.gov.uk/water-quality/sampling-point/TH-PWER0030/sample/1450195/observation/6987,TH-PWER0030,WEY ABOVE THAMES,-0.4571,51.3786,Thames,THAMES - WEST THAMES,Multiple Values,OPEN,FRESHWATER - RIVERS,2025-10-10T16:30:00,2025,ENVIRONMENTAL MONITORING STATUTORY (EU DIRECTIVES),RIVER / RUNNING SURFACE WATER,6987,Propoxur,<0.005,MICROGRAM PER LITRE
https://environment.data.gov.uk/water-quality/sampling-point/TH-PWER0030/sample/1450195/observation/7053,TH-PWER0030,WEY ABOVE THAMES,-0.4571,51.3786,Thames,THAMES - WEST THAMES,Multiple Values,OPEN,FRESHWATER - RIVERS,2025-10-10T16:30:00,2025,ENVIRONMENTAL MONITORING STATUTORY (EU DIRECTIVES),RIVER / RUNNING SURFACE WATER,7053,Methabenzthiazuron,<0.01,MICROGRAM PER LITRE
https://environment.data.gov.uk/water-quality/sampling-point/TH-PWER0030/sample/1450195/observation/7086,TH-PWER0030,WEY ABOVE THAMES,-0.4571,51.3786,Thames,THAMES - WEST THAMES,Multiple Values,OPEN,FRESHWATER - RIVERS,2025-10-10T16:30:00,2025,ENVIRONMENTAL MONITORING STATUTORY (EU DIRECTIVES),RIVER / RUNNING SURFACE WATER,7086,Alachlor,<0.0001,MICROGRAM PER LITRE
https://environment.data.gov.uk/water-quality/sampling-point/TH-PWER0030/sample/1450195/observation/7125,TH-PWER0030,WEY ABOVE THAMES,-0.4571,51.3786,Thames,THAMES - WEST THAMES,Multiple Values,OPEN,FRESHWATER - RIVERS,2025-10-10T16:30:00,2025,ENVIRONMENTAL MONITORING STATUTORY (EU DIRECTIVES),RIVER / RUNNING SURFACE WATER,7125,Aminomethylphosphonic acid,0.37,MICROGRAM PER LITRE
https://environment.data.gov.uk/water-quality/sampling-point/TH-PWER0030/sample/1450195/observation/7325,TH-PWER0030,WEY ABOVE THAMES,-0.4571,51.3786,Thames,THAMES - WEST THAMES,Multiple Values,OPEN,FRESHWATER - RIVERS,2025-10-10T16:30:00,2025,ENVIRONMENTAL MONITORING STATUTORY (EU DIRECTIVES),RIVER / RUNNING SURFACE WATER,7325,Pyrene,<0.01,MICROGRAM PER LITRE
https://environment.data.gov.uk/water-quality/sampling-point/TH-PWER0030/sample/1450195/observation/7395,TH-PWER0030,WEY ABOVE THAMES,-0.4571,51.3786,Thames,THAMES - WEST THAMES,Multiple Values,OPEN,FRESHWATER - RIVERS,2025-10-10T16:30:00,2025,ENVIRONMENTAL MONITORING STATUTORY (EU DIRECTIVES),RIVER / RUNNING SURFACE WATER,7395,Acenaphthene,<0.01,MICROGRAM PER LITRE
https://environment.data.gov.uk/water-quality/sampling-point/TH-PWER0030/sample/1450195/observation/7531,TH-PWER0030,WEY ABOVE THAMES,-0.4571,51.3786,Thames,THAMES - WEST THAMES,Multiple Values,OPEN,FRESHWATER - RIVERS,2025-10-10T16:30:00,2025,ENVIRONMENTAL MONITORING STATUTORY (EU DIRECTIVES),RIVER / RUNNING SURFACE WATER,7531,"1,1,2,2-Tetrachloroethane",<0.1,MICROGRAM PER LITRE
https://environment.data.gov.uk/water-quality/sampling-point/TH-PWER0030/sample/1450195/observation/7574,TH-PWER0030,WEY ABOVE THAMES,-0.4571,51.3786,Thames,THAMES - WEST THAMES,Multiple Values,OPEN,FRESHWATER - RIVERS,2025-10-10T16:30:00,2025,ENVIRONMENTAL MONITORING STATUTORY (EU DIRECTIVES),RIVER / RUNNING SURFACE WATER,7574,Isopropylbenzene :- {Methylethylbenzene},<0.1,MICROGRAM PER LITRE
https://environment.data.gov.uk/water-quality/sampling-point/TH-PWER0030/sample/1450195/observation/7859,TH-PWER0030,WEY ABOVE THAMES,-0.4571,51.3786,Thames,THAMES - WEST THAMES,Multiple Values,OPEN,FRESHWATER - RIVERS,2025-10-10T16:30:00,2025,ENVIRONMENTAL MONITORING STATUTORY (EU DIRECTIVES),RIVER / RUNNING SURFACE WATER,7859,"Sulphate, Dissolved as SO4",43,MILLIGRAM PER LITRE
https://environment.data.gov.uk/water-quality/sampling-point/TH-PWER0030/sample/1450195/observation/7864,TH-PWER0030,WEY ABOVE THAMES,-0.4571,51.3786,Thames,THAMES - WEST THAMES,Multiple Values,OPEN,FRESHWATER - RIVERS,2025-10-10T16:30:00,2025,ENVIRONMENTAL MONITORING STATUTORY (EU DIRECTIVES),RIVER / RUNNING SURFACE WATER,7864,Fluorene,<0.01,MICROGRAM PER LITRE
https://environment.data.gov.uk/water-quality/sampling-point/TH-PWER0030/sample/1450195/observation/8310,TH-PWER0030,WEY ABOVE THAMES,-0.4571,51.3786,Thames,THAMES - WEST THAMES,Multiple Values,OPEN,FRESHWATER - RIVERS,2025-10-10T16:30:00,2025,ENVIRONMENTAL MONITORING STATUTORY (EU DIRECTIVES),RIVER / RUNNING SURFACE WATER,8310,Chrysene,<0.01,MICROGRAM PER LITRE
https://environment.data.gov.uk/water-quality/sampling-point/TH-PWER0030/sample/1450195/observation/8311,TH-PWER0030,WEY ABOVE THAMES,-0.4571,51.3786,Thames,THAMES - WEST THAMES,Multiple Values,OPEN,FRESHWATER - RIVERS,2025-10-10T16:30:00,2025,ENVIRONMENTAL MONITORING STATUTORY (EU DIRECTIVES),RIVER / RUNNING SURFACE WATER,8311,Acenaphthylene,<0.01,MICROGRAM PER LITRE
https://environment.data.gov.uk/water-quality/sampling-point/TH-PWER0030/sample/1450195/observation/8360,TH-PWER0030,WEY ABOVE THAMES,-0.4571,51.3786,Thames,THAMES - WEST THAMES,Multiple Values,OPEN,FRESHWATER - RIVERS,2025-10-10T16:30:00,2025,ENVIRONMENTAL MONITORING STATUTORY (EU DIRECTIVES),RIVER / RUNNING SURFACE WATER,8360,"Dibenzo(a,h)Anthracene",<0.01,MICROGRAM PER LITRE
https://environment.data.gov.uk/water-quality/sampling-point/TH-PWER0030/sample/1450195/observation/8806,TH-PWER0030,WEY ABOVE THAMES,-0.4571,51.3786,Thames,THAMES - WEST THAMES,Multiple Values,OPEN,FRESHWATER - RIVERS,2025-10-10T16:30:00,2025,ENVIRONMENTAL MONITORING STATUTORY (EU DIRECTIVES),RIVER / RUNNING SURFACE WATER,8806,Aldicarb sulfoxide,<0.005,MICROGRAM PER LITRE
https://environment.data.gov.uk/water-quality/sampling-point/TH-PWER0030/sample/1450195/observation/8807,TH-PWER0030,WEY ABOVE THAMES,-0.4571,51.3786,Thames,THAMES - WEST THAMES,Multiple Values,OPEN,FRESHWATER - RIVERS,2025-10-10T16:30:00,2025,ENVIRONMENTAL MONITORING STATUTORY (EU DIRECTIVES),RIVER / RUNNING SURFACE WATER,8807,Aldoxycarb :- {Aldicarb Sulfone},<0.005,MICROGRAM PER LITRE
https://environment.data.gov.uk/water-quality/sampling-point/TH-PWER0030/sample/1450195/observation/8847,TH-PWER0030,WEY ABOVE THAMES,-0.4571,51.3786,Thames,THAMES - WEST THAMES,Multiple Values,OPEN,FRESHWATER - RIVERS,2025-10-10T16:30:00,2025,ENVIRONMENTAL MONITORING STATUTORY (EU DIRECTIVES),RIVER / RUNNING SURFACE WATER,8847,Carbon Disulphide,<0.1,MICROGRAM PER LITRE
https://environment.data.gov.uk/water-quality/sampling-point/TH-PWER0030/sample/1450195/observation/8864,TH-PWER0030,WEY ABOVE THAMES,-0.4571,51.3786,Thames,THAMES - WEST THAMES,Multiple Values,OPEN,FRESHWATER - RIVERS,2025-10-10T16:30:00,2025,ENVIRONMENTAL MONITORING STATUTORY (EU DIRECTIVES),RIVER / RUNNING SURFACE WATER,8864,cis-Heptachlor epoxide,<0.00004,MICROGRAM PER LITRE
https://environment.data.gov.uk/water-quality/sampling-point/TH-PWER0030/sample/1450195/observation/8865,TH-PWER0030,WEY ABOVE THAMES,-0.4571,51.3786,Thames,THAMES - WEST THAMES,Multiple Values,OPEN,FRESHWATER - RIVERS,2025-10-10T16:30:00,2025,ENVIRONMENTAL MONITORING STATUTORY (EU DIRECTIVES),RIVER / RUNNING SURFACE WATER,8865,trans-Heptachlor epoxide,<0.00004,MICROGRAM PER LITRE
https://environment.data.gov.uk/water-quality/sampling-point/TH-PWER0030/sample/1450195/observation/8940,TH-PWER0030,WEY ABOVE THAMES,-0.4571,51.3786,Thames,THAMES - WEST THAMES,Multiple Values,OPEN,FRESHWATER - RIVERS,2025-10-10T16:30:00,2025,ENVIRONMENTAL MONITORING STATUTORY (EU DIRECTIVES),RIVER / RUNNING SURFACE WATER,8940,Benzo(e)Pyrene,<0.01,MICROGRAM PER LITRE
https://environment.data.gov.uk/water-quality/sampling-point/TH-PWER0030/sample/1450195/observation/8944,TH-PWER0030,WEY ABOVE THAMES,-0.4571,51.3786,Thames,THAMES - WEST THAMES,Multiple Values,OPEN,FRESHWATER - RIVERS,2025-10-10T16:30:00,2025,ENVIRONMENTAL MONITORING STATUTORY (EU DIRECTIVES),RIVER / RUNNING SURFACE WATER,8944,Tributyl Tin as Cation,0.00005,MICROGRAM PER LITRE
https://environment.data.gov.uk/water-quality/sampling-point/TH-PWER0030/sample/1450195/observation/8999,TH-PWER0030,WEY ABOVE THAMES,-0.4571,51.3786,Thames,THAMES - WEST THAMES,Multiple Values,OPEN,FRESHWATER - RIVERS,2025-10-10T16:30:00,2025,ENVIRONMENTAL MONITORING STATUTORY (EU DIRECTIVES),RIVER / RUNNING SURFACE WATER,8999,Irgarol 1051,<0.0001,MICROGRAM PER LITRE
https://environment.data.gov.uk/water-quality/sampling-point/TH-PWER0030/sample/1450195/observation/9003,TH-PWER0030,WEY ABOVE THAMES,-0.4571,51.3786,Thames,THAMES - WEST THAMES,Multiple Values,OPEN,FRESHWATER - RIVERS,2025-10-10T16:30:00,2025,ENVIRONMENTAL MONITORING STATUTORY (EU DIRECTIVES),RIVER / RUNNING SURFACE WATER,9003,Perylene,<0.01,MICROGRAM PER LITRE
https://environment.data.gov.uk/water-quality/sampling-point/TH-PWER0030/sample/1450195/observation/9050,TH-PWER0030,WEY ABOVE THAMES,-0.4571,51.3786,Thames,THAMES - WEST THAMES,Multiple Values,OPEN,FRESHWATER - RIVERS,2025-10-10T16:30:00,2025,ENVIRONMENTAL MONITORING STATUTORY (EU DIRECTIVES),RIVER / RUNNING SURFACE WATER,9050,"1,2,3-Trichlorobenzene",<0.0001,MICROGRAM PER LITRE
https://environment.data.gov.uk/water-quality/sampling-point/TH-PWER0030/sample/1450195/observation/9051,TH-PWER0030,WEY ABOVE THAMES,-0.4571,51.3786,Thames,THAMES - WEST THAMES,Multiple Values,OPEN,FRESHWATER - RIVERS,2025-10-10T16:30:00,2025,ENVIRONMENTAL MONITORING STATUTORY (EU DIRECTIVES),RIVER / RUNNING SURFACE WATER,9051,"1,2,4-Trichlorobenzene",<0.1,MICROGRAM PER LITRE
https://environment.data.gov.uk/water-quality/sampling-point/TH-PWER0030/sample/1450195/observation/9052,TH-PWER0030,WEY ABOVE THAMES,-0.4571,51.3786,Thames,THAMES - WEST THAMES,Multiple Values,OPEN,FRESHWATER - RIVERS,2025-10-10T16:30:00,2025,ENVIRONMENTAL MONITORING STATUTORY (EU DIRECTIVES),RIVER / RUNNING SURFACE WATER,9052,"1,3,5-Trichlorobenzene",<0.0001,MICROGRAM PER LITRE
https://environment.data.gov.uk/water-quality/sampling-point/TH-PWER0030/sample/1450195/observation/9073,TH-PWER0030,WEY ABOVE THAMES,-0.4571,51.3786,Thames,THAMES - WEST THAMES,Multiple Values,OPEN,FRESHWATER - RIVERS,2025-10-10T16:30:00,2025,ENVIRONMENTAL MONITORING STATUTORY (EU DIRECTIVES),RIVER / RUNNING SURFACE WATER,9073,Carbetamide,<0.01,MICROGRAM PER LITRE
https://environment.data.gov.uk/water-quality/sampling-point/TH-PWER0030/sample/1450195/observation/9091,TH-PWER0030,WEY ABOVE THAMES,-0.4571,51.3786,Thames,THAMES - WEST THAMES,Multiple Values,OPEN,FRESHWATER - RIVERS,2025-10-10T16:30:00,2025,ENVIRONMENTAL MONITORING STATUTORY (EU DIRECTIVES),RIVER / RUNNING SURFACE WATER,9091,"2,5-Dichlorophenol",<0.02,MICROGRAM PER LITRE
https://environment.data.gov.uk/water-quality/sampling-point/TH-PWER0030/sample/1450195/observation/9094,TH-PWER0030,WEY ABOVE THAMES,-0.4571,51.3786,Thames,THAMES - WEST THAMES,Multiple Values,OPEN,FRESHWATER - RIVERS,2025-10-10T16:30:00,2025,ENVIRONMENTAL MONITORING STATUTORY (EU DIRECTIVES),RIVER / RUNNING SURFACE WATER,9094,"2,5-Dimethylphenol :- {2,5-Xylenol}",<0.02,MICROGRAM PER LITRE
https://environment.data.gov.uk/water-quality/sampling-point/TH-PWER0030/sample/1450195/observation/9145,TH-PWER0030,WEY ABOVE THAMES,-0.4571,51.3786,Thames,THAMES - WEST THAMES,Multiple Values,OPEN,FRESHWATER - RIVERS,2025-10-10T16:30:00,2025,ENVIRONMENTAL MONITORING STATUTORY (EU DIRECTIVES),RIVER / RUNNING SURFACE WATER,9145,"1,2-Dibromoethane",<0.1,MICROGRAM PER LITRE
https://environment.data.gov.uk/water-quality/sampling-point/TH-PWER0030/sample/1450195/observation/9190,TH-PWER0030,WEY ABOVE THAMES,-0.4571,51.3786,Thames,THAMES - WEST THAMES,Multiple Values,OPEN,FRESHWATER - RIVERS,2025-10-10T16:30:00,2025,ENVIRONMENTAL MONITORING STATUTORY (EU DIRECTIVES),RIVER / RUNNING SURFACE WATER,9190,4-Nonylphenol Branched,<0.04,MICROGRAM PER LITRE
https://environment.data.gov.uk/water-quality/sampling-point/TH-PWER0030/sample/1450195/observation/9248,TH-PWER0030,WEY ABOVE THAMES,-0.4571,51.3786,Thames,THAMES - WEST THAMES,Multiple Values,OPEN,FRESHWATER - RIVERS,2025-10-10T16:30:00,2025,ENVIRONMENTAL MONITORING STATUTORY (EU DIRECTIVES),RIVER / RUNNING SURFACE WATER,9248,"Hexabromocyclododecane Total: (Sum of a, b, g)",<0.0002,MICROGRAM PER LITRE
https://environment.data.gov.uk/water-quality/sampling-point/TH-PWER0030/sample/1450195/observation/9267,TH-PWER0030,WEY ABOVE THAMES,-0.4571,51.3786,Thames,THAMES - WEST THAMES,Multiple Values,OPEN,FRESHWATER - RIVERS,2025-10-10T16:30:00,2025,ENVIRONMENTAL MONITORING STATUTORY (EU DIRECTIVES),RIVER / RUNNING SURFACE WATER,9267,4-tert-Octylphenol :- {p-tert-Octylphenol},<0.01,MICROGRAM PER LITRE
https://environment.data.gov.uk/water-quality/sampling-point/TH-PWER0030/sample/1450195/observation/9274,TH-PWER0030,WEY ABOVE THAMES,-0.4571,51.3786,Thames,THAMES - WEST THAMES,Multiple Values,OPEN,FRESHWATER - RIVERS,2025-10-10T16:30:00,2025,ENVIRONMENTAL MONITORING STATUTORY (EU DIRECTIVES),RIVER / RUNNING SURFACE WATER,9274,Perfluorooctanoate anion,0.002,MICROGRAM PER LITRE
https://environment.data.gov.uk/water-quality/sampling-point/TH-PWER0030/sample/1450195/observation/9276,TH-PWER0030,WEY ABOVE THAMES,-0.4571,51.3786,Thames,THAMES - WEST THAMES,Multiple Values,OPEN,FRESHWATER - RIVERS,2025-10-10T16:30:00,2025,ENVIRONMENTAL MONITORING STATUTORY (EU DIRECTIVES),RIVER / RUNNING SURFACE WATER,9276,Perfluorooctylsulphonate anion,0.0026,MICROGRAM PER LITRE
https://environment.data.gov.uk/water-quality/sampling-point/TH-PWER0030/sample/1450195/observation/9339,TH-PWER0030,WEY ABOVE THAMES,-0.4571,51.3786,Thames,THAMES - WEST THAMES,Multiple Values,OPEN,FRESHWATER - RIVERS,2025-10-10T16:30:00,2025,ENVIRONMENTAL MONITORING STATUTORY (EU DIRECTIVES),RIVER / RUNNING SURFACE WATER,9339,Fenuron,<0.01,MICROGRAM PER LITRE
https://environment.data.gov.uk/water-quality/sampling-point/TH-PWER0030/sample/1450195/observation/9341,TH-PWER0030,WEY ABOVE THAMES,-0.4571,51.3786,Thames,THAMES - WEST THAMES,Multiple Values,OPEN,FRESHWATER - RIVERS,2025-10-10T16:30:00,2025,ENVIRONMENTAL MONITORING STATUTORY (EU DIRECTIVES),RIVER / RUNNING SURFACE WATER,9341,cis-Permethrin,<0.0001,MICROGRAM PER LITRE
https://environment.data.gov.uk/water-quality/sampling-point/TH-PWER0030/sample/1450195/observation/9342,TH-PWER0030,WEY ABOVE THAMES,-0.4571,51.3786,Thames,THAMES - WEST THAMES,Multiple Values,OPEN,FRESHWATER - RIVERS,2025-10-10T16:30:00,2025,ENVIRONMENTAL MONITORING STATUTORY (EU DIRECTIVES),RIVER / RUNNING SURFACE WATER,9342,trans-Permethrin,<0.0001,MICROGRAM PER LITRE
https://environment.data.gov.uk/water-quality/sampling-point/TH-PWER0030/sample/1450195/observation/9343,TH-PWER0030,WEY ABOVE THAMES,-0.4571,51.3786,Thames,THAMES - WEST THAMES,Multiple Values,OPEN,FRESHWATER - RIVERS,2025-10-10T16:30:00,2025,ENVIRONMENTAL MONITORING STATUTORY (EU DIRECTIVES),RIVER / RUNNING SURFACE WATER,9343,Carbaryl,<0.01,MICROGRAM PER LITRE
https://environment.data.gov.uk/water-quality/sampling-point/TH-PWER0030/sample/1450195/observation/9344,TH-PWER0030,WEY ABOVE THAMES,-0.4571,51.3786,Thames,THAMES - WEST THAMES,Multiple Values,OPEN,FRESHWATER - RIVERS,2025-10-10T16:30:00,2025,ENVIRONMENTAL MONITORING STATUTORY (EU DIRECTIVES),RIVER / RUNNING SURFACE WATER,9344,Aldicarb,<0.005,MICROGRAM PER LITRE
https://environment.data.gov.uk/water-quality/sampling-point/TH-PWER0030/sample/1450195/observation/9345,TH-PWER0030,WEY ABOVE THAMES,-0.4571,51.3786,Thames,THAMES - WEST THAMES,Multiple Values,OPEN,FRESHWATER - RIVERS,2025-10-10T16:30:00,2025,ENVIRONMENTAL MONITORING STATUTORY (EU DIRECTIVES),RIVER / RUNNING SURFACE WATER,9345,Diflurobenzuron,<0.01,MICROGRAM PER LITRE
https://environment.data.gov.uk/water-quality/sampling-point/TH-PWER0030/sample/1450195/observation/9348,TH-PWER0030,WEY ABOVE THAMES,-0.4571,51.3786,Thames,THAMES - WEST THAMES,Multiple Values,OPEN,FRESHWATER - RIVERS,2025-10-10T16:30:00,2025,ENVIRONMENTAL MONITORING STATUTORY (EU DIRECTIVES),RIVER / RUNNING SURFACE WATER,9348,Chlorotoluron,<0.01,MICROGRAM PER LITRE
https://environment.data.gov.uk/water-quality/sampling-point/TH-PWER0030/sample/1450195/observation/9446,TH-PWER0030,WEY ABOVE THAMES,-0.4571,51.3786,Thames,THAMES - WEST THAMES,Multiple Values,OPEN,FRESHWATER - RIVERS,2025-10-10T16:30:00,2025,ENVIRONMENTAL MONITORING STATUTORY (EU DIRECTIVES),RIVER / RUNNING SURFACE WATER,9446,"Barium, Dissolved",31,MICROGRAM PER LITRE
https://environment.data.gov.uk/water-quality/sampling-point/TH-PWER0030/sample/1450195/observation/9447,TH-PWER0030,WEY ABOVE THAMES,-0.4571,51.3786,Thames,THAMES - WEST THAMES,Multiple Values,OPEN,FRESHWATER - RIVERS,2025-10-10T16:30:00,2025,ENVIRONMENTAL MONITORING STATUTORY (EU DIRECTIVES),RIVER / RUNNING SURFACE WATER,9447,"Boron, Dissolved",<100,MICROGRAM PER LITRE
https://environment.data.gov.uk/water-quality/sampling-point/TH-PWER0030/sample/1450195/observation/9451,TH-PWER0030,WEY ABOVE THAMES,-0.4571,51.3786,Thames,THAMES - WEST THAMES,Multiple Values,OPEN,FRESHWATER - RIVERS,2025-10-10T16:30:00,2025,ENVIRONMENTAL MONITORING STATUTORY (EU DIRECTIVES),RIVER / RUNNING SURFACE WATER,9451,"2,3-Dimethylphenol :- {2,3-Xylenol}",<0.02,MICROGRAM PER LITRE
https://environment.data.gov.uk/water-quality/sampling-point/TH-PWER0030/sample/1450195/observation/9453,TH-PWER0030,WEY ABOVE THAMES,-0.4571,51.3786,Thames,THAMES - WEST THAMES,Multiple Values,OPEN,FRESHWATER - RIVERS,2025-10-10T16:30:00,2025,ENVIRONMENTAL MONITORING STATUTORY (EU DIRECTIVES),RIVER / RUNNING SURFACE WATER,9453,"2,3-Dichlorophenol",<0.02,MICROGRAM PER LITRE
https://environment.data.gov.uk/water-quality/sampling-point/TH-PWER0030/sample/1450195/observation/9454,TH-PWER0030,WEY ABOVE THAMES,-0.4571,51.3786,Thames,THAMES - WEST THAMES,Multiple Values,OPEN,FRESHWATER - RIVERS,2025-10-10T16:30:00,2025,ENVIRONMENTAL MONITORING STATUTORY (EU DIRECTIVES),RIVER / RUNNING SURFACE WATER,9454,2-Ethyl phenol,<0.02,MICROGRAM PER LITRE
https://environment.data.gov.uk/water-quality/sampling-point/TH-PWER0030/sample/1450195/observation/9456,TH-PWER0030,WEY ABOVE THAMES,-0.4571,51.3786,Thames,THAMES - WEST THAMES,Multiple Values,OPEN,FRESHWATER - RIVERS,2025-10-10T16:30:00,2025,ENVIRONMENTAL MONITORING STATUTORY (EU DIRECTIVES),RIVER / RUNNING SURFACE WATER,9456,"1,2,4-Trimethylbenzene",<0.1,MICROGRAM PER LITRE
https://environment.data.gov.uk/water-quality/sampling-point/TH-PWER0030/sample/1450195/observation/9457,TH-PWER0030,WEY ABOVE THAMES,-0.4571,51.3786,Thames,THAMES - WEST THAMES,Multiple Values,OPEN,FRESHWATER - RIVERS,2025-10-10T16:30:00,2025,ENVIRONMENTAL MONITORING STATUTORY (EU DIRECTIVES),RIVER / RUNNING SURFACE WATER,9457,"1,2,3-Trimethylbenzene",<0.1,MICROGRAM PER LITRE
https://environment.data.gov.uk/water-quality/sampling-point/TH-PWER0030/sample/1450195/observation/9458,TH-PWER0030,WEY ABOVE THAMES,-0.4571,51.3786,Thames,THAMES - WEST THAMES,Multiple Values,OPEN,FRESHWATER - RIVERS,2025-10-10T16:30:00,2025,ENVIRONMENTAL MONITORING STATUTORY (EU DIRECTIVES),RIVER / RUNNING SURFACE WATER,9458,"1,3,5-Trimethylbenzene :- {Mesitylene}",<0.1,MICROGRAM PER LITRE
https://environment.data.gov.uk/water-quality/sampling-point/TH-PWER0030/sample/1450195/observation/9494,TH-PWER0030,WEY ABOVE THAMES,-0.4571,51.3786,Thames,THAMES - WEST THAMES,Multiple Values,OPEN,FRESHWATER - RIVERS,2025-10-10T16:30:00,2025,ENVIRONMENTAL MONITORING STATUTORY (EU DIRECTIVES),RIVER / RUNNING SURFACE WATER,9494,Isodrin,<0.0001,MICROGRAM PER LITRE
https://environment.data.gov.uk/water-quality/sampling-point/TH-PWER0030/sample/1450195/observation/9522,TH-PWER0030,WEY ABOVE THAMES,-0.4571,51.3786,Thames,THAMES - WEST THAMES,Multiple Values,OPEN,FRESHWATER - RIVERS,2025-10-10T16:30:00,2025,ENVIRONMENTAL MONITORING STATUTORY (EU DIRECTIVES),RIVER / RUNNING SURFACE WATER,9522,Phenol,0.11,MICROGRAM PER LITRE
https://environment.data.gov.uk/water-quality/sampling-point/TH-PWER0030/sample/1450195/observation/9618,TH-PWER0030,WEY ABOVE THAMES,-0.4571,51.3786,Thames,THAMES - WEST THAMES,Multiple Values,OPEN,FRESHWATER - RIVERS,2025-10-10T16:30:00,2025,ENVIRONMENTAL MONITORING STATUTORY (EU DIRECTIVES),RIVER / RUNNING SURFACE WATER,9618,"1,2-Dichlorobenzene",<0.1,MICROGRAM PER LITRE
https://environment.data.gov.uk/water-quality/sampling-point/TH-PWER0030/sample/1450195/observation/9619,TH-PWER0030,WEY ABOVE THAMES,-0.4571,51.3786,Thames,THAMES - WEST THAMES,Multiple Values,OPEN,FRESHWATER - RIVERS,2025-10-10T16:30:00,2025,ENVIRONMENTAL MONITORING STATUTORY (EU DIRECTIVES),RIVER / RUNNING SURFACE WATER,9619,"1,3-Dichlorobenzene",<0.1,MICROGRAM PER LITRE
https://environment.data.gov.uk/water-quality/sampling-point/TH-PWER0030/sample/1450195/observation/9669,TH-PWER0030,WEY ABOVE THAMES,-0.4571,51.3786,Thames,THAMES - WEST THAMES,Multiple Values,OPEN,FRESHWATER - RIVERS,2025-10-10T16:30:00,2025,ENVIRONMENTAL MONITORING STATUTORY (EU DIRECTIVES),RIVER / RUNNING SURFACE WATER,9669,Naphthalene,<0.01,MICROGRAM PER LITRE
https://environment.data.gov.uk/water-quality/sampling-point/TH-PWER0030/sample/1450195/observation/9671,TH-PWER0030,WEY ABOVE THAMES,-0.4571,51.3786,Thames,THAMES - WEST THAMES,Multiple Values,OPEN,FRESHWATER - RIVERS,2025-10-10T16:30:00,2025,ENVIRONMENTAL MONITORING STATUTORY (EU DIRECTIVES),RIVER / RUNNING SURFACE WATER,9671,Phenanthrene,<0.01,MICROGRAM PER LITRE
https://environment.data.gov.uk/water-quality/sampling-point/TH-PWER0030/sample/1450195/observation/9684,TH-PWER0030,WEY ABOVE THAMES,-0.4571,51.3786,Thames,THAMES - WEST THAMES,Multiple Values,OPEN,FRESHWATER - RIVERS,2025-10-10T16:30:00,2025,ENVIRONMENTAL MONITORING STATUTORY (EU DIRECTIVES),RIVER / RUNNING SURFACE WATER,9684,"1,1-Dichloropropylene :- {1,1-Dichloropropene}",<0.1,MICROGRAM PER LITRE
https://environment.data.gov.uk/water-quality/sampling-point/TH-PWER0030/sample/1450195/observation/9703,TH-PWER0030,WEY ABOVE THAMES,-0.4571,51.3786,Thames,THAMES - WEST THAMES,Multiple Values,OPEN,FRESHWATER - RIVERS,2025-10-10T16:30:00,2025,ENVIRONMENTAL MONITORING STATUTORY (EU DIRECTIVES),RIVER / RUNNING SURFACE WATER,9703,3-Chlorophenol,<0.02,MICROGRAM PER LITRE
https://environment.data.gov.uk/water-quality/sampling-point/TH-PWER0030/sample/1450195/observation/9716,TH-PWER0030,WEY ABOVE THAMES,-0.4571,51.3786,Thames,THAMES - WEST THAMES,Multiple Values,OPEN,FRESHWATER - RIVERS,2025-10-10T16:30:00,2025,ENVIRONMENTAL MONITORING STATUTORY (EU DIRECTIVES),RIVER / RUNNING SURFACE WATER,9716,Fenitrothion,<0.0001,MICROGRAM PER LITRE
https://environment.data.gov.uk/water-quality/sampling-point/TH-PWER0030/sample/1450195/observation/9756,TH-PWER0030,WEY ABOVE THAMES,-0.4571,51.3786,Thames,THAMES - WEST THAMES,Multiple Values,OPEN,FRESHWATER - RIVERS,2025-10-10T16:30:00,2025,ENVIRONMENTAL MONITORING STATUTORY (EU DIRECTIVES),RIVER / RUNNING SURFACE WATER,9756,Neburon,<0.01,MICROGRAM PER LITRE
https://environment.data.gov.uk/water-quality/sampling-point/TH-PWER0030/sample/1450195/observation/9811,TH-PWER0030,WEY ABOVE THAMES,-0.4571,51.3786,Thames,THAMES - WEST THAMES,Multiple Values,OPEN,FRESHWATER - RIVERS,2025-10-10T16:30:00,2025,ENVIRONMENTAL MONITORING STATUTORY (EU DIRECTIVES),RIVER / RUNNING SURFACE WATER,9811,"1,1,2-Trichloroethane",<0.1,MICROGRAM PER LITRE
https://environment.data.gov.uk/water-quality/sampling-point/TH-PWER0030/sample/1450195/observation/9814,TH-PWER0030,WEY ABOVE THAMES,-0.4571,51.3786,Thames,THAMES - WEST THAMES,Multiple Values,OPEN,FRESHWATER - RIVERS,2025-10-10T16:30:00,2025,ENVIRONMENTAL MONITORING STATUTORY (EU DIRECTIVES),RIVER / RUNNING SURFACE WATER,9814,2-Chlorophenol,<0.02,MICROGRAM PER LITRE
https://environment.data.gov.uk/water-quality/sampling-point/TH-PWER0030/sample/1450195/observation/9815,TH-PWER0030,WEY ABOVE THAMES,-0.4571,51.3786,Thames,THAMES - WEST THAMES,Multiple Values,OPEN,FRESHWATER - RIVERS,2025-10-10T16:30:00,2025,ENVIRONMENTAL MONITORING STATUTORY (EU DIRECTIVES),RIVER / RUNNING SURFACE WATER,9815,4-Chlorophenol,<0.02,MICROGRAM PER LITRE
https://environment.data.gov.uk/water-quality/sampling-point/TH-PWER0030/sample/1450195/observation/9816,TH-PWER0030,WEY ABOVE THAMES,-0.4571,51.3786,Thames,THAMES - WEST THAMES,Multiple Values,OPEN,FRESHWATER - RIVERS,2025-10-10T16:30:00,2025,ENVIRONMENTAL MONITORING STATUTORY (EU DIRECTIVES),RIVER / RUNNING SURFACE WATER,9816,"2,4-Dichlorophenol",<0.02,MICROGRAM PER LITRE
https://environment.data.gov.uk/water-quality/sampling-point/TH-PWER0030/sample/1450195/observation/9817,TH-PWER0030,WEY ABOVE THAMES,-0.4571,51.3786,Thames,THAMES - WEST THAMES,Multiple Values,OPEN,FRESHWATER - RIVERS,2025-10-10T16:30:00,2025,ENVIRONMENTAL MONITORING STATUTORY (EU DIRECTIVES),RIVER / RUNNING SURFACE WATER,9817,"2,6-Dichlorophenol",<0.02,MICROGRAM PER LITRE
https://environment.data.gov.uk/water-quality/sampling-point/TH-PWER0030/sample/1450195/observation/9818,TH-PWER0030,WEY ABOVE THAMES,-0.4571,51.3786,Thames,THAMES - WEST THAMES,Multiple Values,OPEN,FRESHWATER - RIVERS,2025-10-10T16:30:00,2025,ENVIRONMENTAL MONITORING STATUTORY (EU DIRECTIVES),RIVER / RUNNING SURFACE WATER,9818,"2,4,5-Trichlorophenol",<0.02,MICROGRAM PER LITRE
https://environment.data.gov.uk/water-quality/sampling-point/TH-PWER0030/sample/1450195/observation/9819,TH-PWER0030,WEY ABOVE THAMES,-0.4571,51.3786,Thames,THAMES - WEST THAMES,Multiple Values,OPEN,FRESHWATER - RIVERS,2025-10-10T16:30:00,2025,ENVIRONMENTAL MONITORING STATUTORY (EU DIRECTIVES),RIVER / RUNNING SURFACE WATER,9819,"2,4,6-Trichlorophenol",<0.02,MICROGRAM PER LITRE
https://environment.data.gov.uk/water-quality/sampling-point/TH-PWER0030/sample/1450195/observation/9836,TH-PWER0030,WEY ABOVE THAMES,-0.4571,51.3786,Thames,THAMES - WEST THAMES,Multiple Values,OPEN,FRESHWATER - RIVERS,2025-10-10T16:30:00,2025,ENVIRONMENTAL MONITORING STATUTORY (EU DIRECTIVES),RIVER / RUNNING SURFACE WATER,9836,"1,1-Dichloroethylene :- {1,1-Dichloroethene}",<0.1,MICROGRAM PER LITRE
https://environment.data.gov.uk/water-quality/sampling-point/TH-PWER0030/sample/1450195/observation/9839,TH-PWER0030,WEY ABOVE THAMES,-0.4571,51.3786,Thames,THAMES - WEST THAMES,Multiple Values,OPEN,FRESHWATER - RIVERS,2025-10-10T16:30:00,2025,ENVIRONMENTAL MONITORING STATUTORY (EU DIRECTIVES),RIVER / RUNNING SURFACE WATER,9839,tert-Amyl methyl ether :- {TAME},<0.1,MICROGRAM PER LITRE
https://environment.data.gov.uk/water-quality/sampling-point/TH-PWER0030/sample/1450195/observation/9844,TH-PWER0030,WEY ABOVE THAMES,-0.4571,51.3786,Thames,THAMES - WEST THAMES,Multiple Values,OPEN,FRESHWATER - RIVERS,2025-10-10T16:30:00,2025,ENVIRONMENTAL MONITORING STATUTORY (EU DIRECTIVES),RIVER / RUNNING SURFACE WATER,9844,Ethyl tert-butyl ether :- {ETBE},<0.1,MICROGRAM PER LITRE
https://environment.data.gov.uk/water-quality/sampling-point/TH-PWER0030/sample/1450195/observation/9845,TH-PWER0030,WEY ABOVE THAMES,-0.4571,51.3786,Thames,THAMES - WEST THAMES,Multiple Values,OPEN,FRESHWATER - RIVERS,2025-10-10T16:30:00,2025,ENVIRONMENTAL MONITORING STATUTORY (EU DIRECTIVES),RIVER / RUNNING SURFACE WATER,9845,"1,2-Dimethylbenzene :- {o-Xylene}",<0.1,MICROGRAM PER LITRE
https://environment.data.gov.uk/water-quality/sampling-point/TH-PWER0030/sample/1450195/observation/9861,TH-PWER0030,WEY ABOVE THAMES,-0.4571,51.3786,Thames,THAMES - WEST THAMES,Multiple Values,OPEN,FRESHWATER - RIVERS,2025-10-10T16:30:00,2025,ENVIRONMENTAL MONITORING STATUTORY (EU DIRECTIVES),RIVER / RUNNING SURFACE WATER,9861,Metsulfuron-methyl,<0.01,MICROGRAM PER LITRE
https://environment.data.gov.uk/water-quality/sampling-point/TH-PWER0030/sample/1450195/observation/9888,TH-PWER0030,WEY ABOVE THAMES,-0.4571,51.3786,Thames,THAMES - WEST THAMES,Multiple Values,OPEN,FRESHWATER - RIVERS,2025-10-10T16:30:00,2025,ENVIRONMENTAL MONITORING STATUTORY (EU DIRECTIVES),RIVER / RUNNING SURFACE WATER,9888,Styrene :- {Vinylbenzene},<0.1,MICROGRAM PER LITRE
https://environment.data.gov.uk/water-quality/sampling-point/TH-PWER0030/sample/1450195/observation/9892,TH-PWER0030,WEY ABOVE THAMES,-0.4571,51.3786,Thames,THAMES - WEST THAMES,Multiple Values,OPEN,FRESHWATER - RIVERS,2025-10-10T16:30:00,2025,ENVIRONMENTAL MONITORING STATUTORY (EU DIRECTIVES),RIVER / RUNNING SURFACE WATER,9892,Pendimethalin,<0.0005,MICROGRAM PER LITRE
https://environment.data.gov.uk/water-quality/sampling-point/TH-PWER0030/sample/1450195/observation/9901,TH-PWER0030,WEY ABOVE THAMES,-0.4571,51.3786,Thames,THAMES - WEST THAMES,Multiple Values,OPEN,FRESHWATER - RIVERS,2025-10-10T16:30:00,2025,ENVIRONMENTAL MONITORING STATUTORY (EU DIRECTIVES),RIVER / RUNNING SURFACE WATER,9901,"Oxygen, Dissolved, % Saturation",96.9,PERCENTAGE
https://environment.data.gov.uk/water-quality/sampling-point/TH-PWER0030/sample/1450195/observation/9924,TH-PWER0030,WEY ABOVE THAMES,-0.4571,51.3786,Thames,THAMES - WEST THAMES,Multiple Values,OPEN,FRESHWATER - RIVERS,2025-10-10T16:30:00,2025,ENVIRONMENTAL MONITORING STATUTORY (EU DIRECTIVES),RIVER / RUNNING SURFACE WATER,9924,"Oxygen, Dissolved as O2",9.98,MILLIGRAM PER LITRE
https://environment.data.gov.uk/water-quality/sampling-point/TH-PWER0030/sample/1450195/observation/9978,TH-PWER0030,WEY ABOVE THAMES,-0.4571,51.3786,Thames,THAMES - WEST THAMES,Multiple Values,OPEN,FRESHWATER - RIVERS,2025-10-10T16:30:00,2025,ENVIRONMENTAL MONITORING STATUTORY (EU DIRECTIVES),RIVER / RUNNING SURFACE WATER,9978,Chlorpyrifos-ethyl,<0.0001,MICROGRAM PER LITRE
https://environment.data.gov.uk/water-quality/sampling-point/TH-PWER0030/sample/1450195/observation/9989,TH-PWER0030,WEY ABOVE THAMES,-0.4571,51.3786,Thames,THAMES - WEST THAMES,Multiple Values,OPEN,FRESHWATER - RIVERS,2025-10-10T16:30:00,2025,ENVIRONMENTAL MONITORING STATUTORY (EU DIRECTIVES),RIVER / RUNNING SURFACE WATER,9989,Trifluralin,<0.0001,MICROGRAM PER LITRE
https://environment.data.gov.uk/water-quality/sampling-point/TH-PWER0030/sample/1452889/observation/0052,TH-PWER0030,WEY ABOVE THAMES,-0.4571,51.3786,Thames,THAMES - WEST THAMES,Multiple Values,OPEN,FRESHWATER - RIVERS,2025-11-27T15:54:00,2025,ENVIRONMENTAL MONITORING STATUTORY (EU DIRECTIVES),RIVER / RUNNING SURFACE WATER,52,"Lead, Dissolved",<0.1,MICROGRAM PER LITRE
https://environment.data.gov.uk/water-quality/sampling-point/TH-PWER0030/sample/1452889/observation/0061,TH-PWER0030,WEY ABOVE THAMES,-0.4571,51.3786,Thames,THAMES - WEST THAMES,Multiple Values,OPEN,FRESHWATER - RIVERS,2025-11-27T15:54:00,2025,ENVIRONMENTAL MONITORING STATUTORY (EU DIRECTIVES),RIVER / RUNNING SURFACE WATER,61,pH,7.6,PH UNITS
https://environment.data.gov.uk/water-quality/sampling-point/TH-PWER0030/sample/1452889/observation/0076,TH-PWER0030,WEY ABOVE THAMES,-0.4571,51.3786,Thames,THAMES - WEST THAMES,Multiple Values,OPEN,FRESHWATER - RIVERS,2025-11-27T15:54:00,2025,ENVIRONMENTAL MONITORING STATUTORY (EU DIRECTIVES),RIVER / RUNNING SURFACE WATER,76,Temperature of Water,8.4,CELSIUS
https://environment.data.gov.uk/water-quality/sampling-point/TH-PWER0030/sample/1452889/observation/0077,TH-PWER0030,WEY ABOVE THAMES,-0.4571,51.3786,Thames,THAMES - WEST THAMES,Multiple Values,OPEN,FRESHWATER - RIVERS,2025-11-27T15:54:00,2025,ENVIRONMENTAL MONITORING STATUTORY (EU DIRECTIVES),RIVER / RUNNING SURFACE WATER,77,Conductivity at 25 C,483,MICROSIEMENS PER CENTIMETRE
https://environment.data.gov.uk/water-quality/sampling-point/TH-PWER0030/sample/1452889/observation/0085,TH-PWER0030,WEY ABOVE THAMES,-0.4571,51.3786,Thames,THAMES - WEST THAMES,Multiple Values,OPEN,FRESHWATER - RIVERS,2025-11-27T15:54:00,2025,ENVIRONMENTAL MONITORING STATUTORY (EU DIRECTIVES),RIVER / RUNNING SURFACE WATER,85,BOD : 5 Day ATU,<3,MILLIGRAM PER LITRE
https://environment.data.gov.uk/water-quality/sampling-point/TH-PWER0030/sample/1452889/observation/0103,TH-PWER0030,WEY ABOVE THAMES,-0.4571,51.3786,Thames,THAMES - WEST THAMES,Multiple Values,OPEN,FRESHWATER - RIVERS,2025-11-27T15:54:00,2025,ENVIRONMENTAL MONITORING STATUTORY (EU DIRECTIVES),RIVER / RUNNING SURFACE WATER,103,"Mercury, Dissolved",<0.01,MICROGRAM PER LITRE
https://environment.data.gov.uk/water-quality/sampling-point/TH-PWER0030/sample/1452889/observation/0106,TH-PWER0030,WEY ABOVE THAMES,-0.4571,51.3786,Thames,THAMES - WEST THAMES,Multiple Values,OPEN,FRESHWATER - RIVERS,2025-11-27T15:54:00,2025,ENVIRONMENTAL MONITORING STATUTORY (EU DIRECTIVES),RIVER / RUNNING SURFACE WATER,106,"Cadmium, Dissolved",<0.01,MICROGRAM PER LITRE
https://environment.data.gov.uk/water-quality/sampling-point/TH-PWER0030/sample/1452889/observation/0111,TH-PWER0030,WEY ABOVE THAMES,-0.4571,51.3786,Thames,THAMES - WEST THAMES,Multiple Values,OPEN,FRESHWATER - RIVERS,2025-11-27T15:54:00,2025,ENVIRONMENTAL MONITORING STATUTORY (EU DIRECTIVES),RIVER / RUNNING SURFACE WATER,111,Ammoniacal Nitrogen as N,0.19,MILLIGRAM PER LITRE
https://environment.data.gov.uk/water-quality/sampling-point/TH-PWER0030/sample/1452889/observation/0116,TH-PWER0030,WEY ABOVE THAMES,-0.4571,51.3786,Thames,THAMES - WEST THAMES,Multiple Values,OPEN,FRESHWATER - RIVERS,2025-11-27T15:54:00,2025,ENVIRONMENTAL MONITORING STATUTORY (EU DIRECTIVES),RIVER / RUNNING SURFACE WATER,116,"Nitrogen, Total Oxidised as N",6.8,MILLIGRAM PER LITRE
https://environment.data.gov.uk/water-quality/sampling-point/TH-PWER0030/sample/1452889/observation/0117,TH-PWER0030,WEY ABOVE THAMES,-0.4571,51.3786,Thames,THAMES - WEST THAMES,Multiple Values,OPEN,FRESHWATER - RIVERS,2025-11-27T15:54:00,2025,ENVIRONMENTAL MONITORING STATUTORY (EU DIRECTIVES),RIVER / RUNNING SURFACE WATER,117,Nitrate as N,6.7,MILLIGRAM PER LITRE
https://environment.data.gov.uk/water-quality/sampling-point/TH-PWER0030/sample/1452889/observation/0118,TH-PWER0030,WEY ABOVE THAMES,-0.4571,51.3786,Thames,THAMES - WEST THAMES,Multiple Values,OPEN,FRESHWATER - RIVERS,2025-11-27T15:54:00,2025,ENVIRONMENTAL MONITORING STATUTORY (EU DIRECTIVES),RIVER / RUNNING SURFACE WATER,118,Nitrite as N,0.096,MILLIGRAM PER LITRE
https://environment.data.gov.uk/water-quality/sampling-point/TH-PWER0030/sample/1452889/observation/0119,TH-PWER0030,WEY ABOVE THAMES,-0.4571,51.3786,Thames,THAMES - WEST THAMES,Multiple Values,OPEN,FRESHWATER - RIVERS,2025-11-27T15:54:00,2025,ENVIRONMENTAL MONITORING STATUTORY (EU DIRECTIVES),RIVER / RUNNING SURFACE WATER,119,Ammonia un-ionised as N,0.00124,MILLIGRAM PER LITRE
https://environment.data.gov.uk/water-quality/sampling-point/TH-PWER0030/sample/1452889/observation/0162,TH-PWER0030,WEY ABOVE THAMES,-0.4571,51.3786,Thames,THAMES - WEST THAMES,Multiple Values,OPEN,FRESHWATER - RIVERS,2025-11-27T15:54:00,2025,ENVIRONMENTAL MONITORING STATUTORY (EU DIRECTIVES),RIVER / RUNNING SURFACE WATER,162,Alkalinity to pH 4.5 as CaCO3,91,MILLIGRAM PER LITRE
https://environment.data.gov.uk/water-quality/sampling-point/TH-PWER0030/sample/1452889/observation/0172,TH-PWER0030,WEY ABOVE THAMES,-0.4571,51.3786,Thames,THAMES - WEST THAMES,Multiple Values,OPEN,FRESHWATER - RIVERS,2025-11-27T15:54:00,2025,ENVIRONMENTAL MONITORING STATUTORY (EU DIRECTIVES),RIVER / RUNNING SURFACE WATER,172,Chloride,46,MILLIGRAM PER LITRE
https://environment.data.gov.uk/water-quality/sampling-point/TH-PWER0030/sample/1452889/observation/0180,TH-PWER0030,WEY ABOVE THAMES,-0.4571,51.3786,Thames,THAMES - WEST THAMES,Multiple Values,OPEN,FRESHWATER - RIVERS,2025-11-27T15:54:00,2025,ENVIRONMENTAL MONITORING STATUTORY (EU DIRECTIVES),RIVER / RUNNING SURFACE WATER,180,"Orthophosphate, reactive as P",0.16,MILLIGRAM PER LITRE
https://environment.data.gov.uk/water-quality/sampling-point/TH-PWER0030/sample/1452889/observation/0182,TH-PWER0030,WEY ABOVE THAMES,-0.4571,51.3786,Thames,THAMES - WEST THAMES,Multiple Values,OPEN,FRESHWATER - RIVERS,2025-11-27T15:54:00,2025,ENVIRONMENTAL MONITORING STATUTORY (EU DIRECTIVES),RIVER / RUNNING SURFACE WATER,182,"Silica, reactive as SiO2",14,MILLIGRAM PER LITRE
https://environment.data.gov.uk/water-quality/sampling-point/TH-PWER0030/sample/1452889/observation/0205,TH-PWER0030,WEY ABOVE THAMES,-0.4571,51.3786,Thames,THAMES - WEST THAMES,Multiple Values,OPEN,FRESHWATER - RIVERS,2025-11-27T15:54:00,2025,ENVIRONMENTAL MONITORING STATUTORY (EU DIRECTIVES),RIVER / RUNNING SURFACE WATER,205,"Sodium, Dissolved",30,MILLIGRAM PER LITRE
https://environment.data.gov.uk/water-quality/sampling-point/TH-PWER0030/sample/1452889/observation/0209,TH-PWER0030,WEY ABOVE THAMES,-0.4571,51.3786,Thames,THAMES - WEST THAMES,Multiple Values,OPEN,FRESHWATER - RIVERS,2025-11-27T15:54:00,2025,ENVIRONMENTAL MONITORING STATUTORY (EU DIRECTIVES),RIVER / RUNNING SURFACE WATER,209,"Potassium, Dissolved",6.2,MILLIGRAM PER LITRE
https://environment.data.gov.uk/water-quality/sampling-point/TH-PWER0030/sample/1452889/observation/0235,TH-PWER0030,WEY ABOVE THAMES,-0.4571,51.3786,Thames,THAMES - WEST THAMES,Multiple Values,OPEN,FRESHWATER - RIVERS,2025-11-27T15:54:00,2025,ENVIRONMENTAL MONITORING STATUTORY (EU DIRECTIVES),RIVER / RUNNING SURFACE WATER,235,"Magnesium, Dissolved",4.3,MILLIGRAM PER LITRE
https://environment.data.gov.uk/water-quality/sampling-point/TH-PWER0030/sample/1452889/observation/0239,TH-PWER0030,WEY ABOVE THAMES,-0.4571,51.3786,Thames,THAMES - WEST THAMES,Multiple Values,OPEN,FRESHWATER - RIVERS,2025-11-27T15:54:00,2025,ENVIRONMENTAL MONITORING STATUTORY (EU DIRECTIVES),RIVER / RUNNING SURFACE WATER,239,"Calcium, Dissolved",56,MILLIGRAM PER LITRE
https://environment.data.gov.uk/water-quality/sampling-point/TH-PWER0030/sample/1452889/observation/0301,TH-PWER0030,WEY ABOVE THAMES,-0.4571,51.3786,Thames,THAMES - WEST THAMES,Multiple Values,OPEN,FRESHWATER - RIVERS,2025-11-27T15:54:00,2025,ENVIRONMENTAL MONITORING STATUTORY (EU DIRECTIVES),RIVER / RUNNING SURFACE WATER,301,"Carbon, Organic, Dissolved as C :- {DOC}",5,MILLIGRAM PER LITRE
https://environment.data.gov.uk/water-quality/sampling-point/TH-PWER0030/sample/1452889/observation/0348,TH-PWER0030,WEY ABOVE THAMES,-0.4571,51.3786,Thames,THAMES - WEST THAMES,Multiple Values,OPEN,FRESHWATER - RIVERS,2025-11-27T15:54:00,2025,ENVIRONMENTAL MONITORING STATUTORY (EU DIRECTIVES),RIVER / RUNNING SURFACE WATER,348,"Phosphorus, Total as P",0.2,MILLIGRAM PER LITRE
https://environment.data.gov.uk/water-quality/sampling-point/TH-PWER0030/sample/1452889/observation/1049,TH-PWER0030,WEY ABOVE THAMES,-0.4571,51.3786,Thames,THAMES - WEST THAMES,Multiple Values,OPEN,FRESHWATER - RIVERS,2025-11-27T15:54:00,2025,ENVIRONMENTAL MONITORING STATUTORY (EU DIRECTIVES),RIVER / RUNNING SURFACE WATER,1049,Carbon tetrachloride :- {Tetrachloromethane},<0.1,MICROGRAM PER LITRE
https://environment.data.gov.uk/water-quality/sampling-point/TH-PWER0030/sample/1452889/observation/1085,TH-PWER0030,WEY ABOVE THAMES,-0.4571,51.3786,Thames,THAMES - WEST THAMES,Multiple Values,OPEN,FRESHWATER - RIVERS,2025-11-27T15:54:00,2025,ENVIRONMENTAL MONITORING STATUTORY (EU DIRECTIVES),RIVER / RUNNING SURFACE WATER,1085,Pentachlorophenol,<0.02,MICROGRAM PER LITRE
https://environment.data.gov.uk/water-quality/sampling-point/TH-PWER0030/sample/1452889/observation/3268,TH-PWER0030,WEY ABOVE THAMES,-0.4571,51.3786,Thames,THAMES - WEST THAMES,Multiple Values,OPEN,FRESHWATER - RIVERS,2025-11-27T15:54:00,2025,ENVIRONMENTAL MONITORING STATUTORY (EU DIRECTIVES),RIVER / RUNNING SURFACE WATER,3268,"1,1,1-Trichloroethane",<0.1,MICROGRAM PER LITRE
https://environment.data.gov.uk/water-quality/sampling-point/TH-PWER0030/sample/1452889/observation/3269,TH-PWER0030,WEY ABOVE THAMES,-0.4571,51.3786,Thames,THAMES - WEST THAMES,Multiple Values,OPEN,FRESHWATER - RIVERS,2025-11-27T15:54:00,2025,ENVIRONMENTAL MONITORING STATUTORY (EU DIRECTIVES),RIVER / RUNNING SURFACE WATER,3269,"1,1-Dichloroethane",<0.1,MICROGRAM PER LITRE
https://environment.data.gov.uk/water-quality/sampling-point/TH-PWER0030/sample/1452889/observation/3272,TH-PWER0030,WEY ABOVE THAMES,-0.4571,51.3786,Thames,THAMES - WEST THAMES,Multiple Values,OPEN,FRESHWATER - RIVERS,2025-11-27T15:54:00,2025,ENVIRONMENTAL MONITORING STATUTORY (EU DIRECTIVES),RIVER / RUNNING SURFACE WATER,3272,"1,2-Dichloroethane",<0.1,MICROGRAM PER LITRE
https://environment.data.gov.uk/water-quality/sampling-point/TH-PWER0030/sample/1452889/observation/3282,TH-PWER0030,WEY ABOVE THAMES,-0.4571,51.3786,Thames,THAMES - WEST THAMES,Multiple Values,OPEN,FRESHWATER - RIVERS,2025-11-27T15:54:00,2025,ENVIRONMENTAL MONITORING STATUTORY (EU DIRECTIVES),RIVER / RUNNING SURFACE WATER,3282,Bromodichloromethane,<0.1,MICROGRAM PER LITRE
https://environment.data.gov.uk/water-quality/sampling-point/TH-PWER0030/sample/1452889/observation/3283,TH-PWER0030,WEY ABOVE THAMES,-0.4571,51.3786,Thames,THAMES - WEST THAMES,Multiple Values,OPEN,FRESHWATER - RIVERS,2025-11-27T15:54:00,2025,ENVIRONMENTAL MONITORING STATUTORY (EU DIRECTIVES),RIVER / RUNNING SURFACE WATER,3283,Bromoform :- {Tribromomethane},<0.1,MICROGRAM PER LITRE
https://environment.data.gov.uk/water-quality/sampling-point/TH-PWER0030/sample/1452889/observation/3290,TH-PWER0030,WEY ABOVE THAMES,-0.4571,51.3786,Thames,THAMES - WEST THAMES,Multiple Values,OPEN,FRESHWATER - RIVERS,2025-11-27T15:54:00,2025,ENVIRONMENTAL MONITORING STATUTORY (EU DIRECTIVES),RIVER / RUNNING SURFACE WATER,3290,Chlorobenzene,<0.1,MICROGRAM PER LITRE
https://environment.data.gov.uk/water-quality/sampling-point/TH-PWER0030/sample/1452889/observation/3292,TH-PWER0030,WEY ABOVE THAMES,-0.4571,51.3786,Thames,THAMES - WEST THAMES,Multiple Values,OPEN,FRESHWATER - RIVERS,2025-11-27T15:54:00,2025,ENVIRONMENTAL MONITORING STATUTORY (EU DIRECTIVES),RIVER / RUNNING SURFACE WATER,3292,Chlorodibromomethane,<0.1,MICROGRAM PER LITRE
https://environment.data.gov.uk/water-quality/sampling-point/TH-PWER0030/sample/1452889/observation/3299,TH-PWER0030,WEY ABOVE THAMES,-0.4571,51.3786,Thames,THAMES - WEST THAMES,Multiple Values,OPEN,FRESHWATER - RIVERS,2025-11-27T15:54:00,2025,ENVIRONMENTAL MONITORING STATUTORY (EU DIRECTIVES),RIVER / RUNNING SURFACE WATER,3299,Dichloromethane :- {Methylene Dichloride},<0.5,MICROGRAM PER LITRE
https://environment.data.gov.uk/water-quality/sampling-point/TH-PWER0030/sample/1452889/observation/3328,TH-PWER0030,WEY ABOVE THAMES,-0.4571,51.3786,Thames,THAMES - WEST THAMES,Multiple Values,OPEN,FRESHWATER - RIVERS,2025-11-27T15:54:00,2025,ENVIRONMENTAL MONITORING STATUTORY (EU DIRECTIVES),RIVER / RUNNING SURFACE WATER,3328,Tetrachloroethylene :- {Perchloroethylene},<0.1,MICROGRAM PER LITRE
https://environment.data.gov.uk/water-quality/sampling-point/TH-PWER0030/sample/1452889/observation/3334,TH-PWER0030,WEY ABOVE THAMES,-0.4571,51.3786,Thames,THAMES - WEST THAMES,Multiple Values,OPEN,FRESHWATER - RIVERS,2025-11-27T15:54:00,2025,ENVIRONMENTAL MONITORING STATUTORY (EU DIRECTIVES),RIVER / RUNNING SURFACE WATER,3334,Trichloroethylene :- {Trichloroethene},<0.1,MICROGRAM PER LITRE
https://environment.data.gov.uk/water-quality/sampling-point/TH-PWER0030/sample/1452889/observation/3341,TH-PWER0030,WEY ABOVE THAMES,-0.4571,51.3786,Thames,THAMES - WEST THAMES,Multiple Values,OPEN,FRESHWATER - RIVERS,2025-11-27T15:54:00,2025,ENVIRONMENTAL MONITORING STATUTORY (EU DIRECTIVES),RIVER / RUNNING SURFACE WATER,3341,4-Chloro-2-methylphenol :- {p-Chloro-o-cresol},<0.02,MICROGRAM PER LITRE
https://environment.data.gov.uk/water-quality/sampling-point/TH-PWER0030/sample/1452889/observation/3342,TH-PWER0030,WEY ABOVE THAMES,-0.4571,51.3786,Thames,THAMES - WEST THAMES,Multiple Values,OPEN,FRESHWATER - RIVERS,2025-11-27T15:54:00,2025,ENVIRONMENTAL MONITORING STATUTORY (EU DIRECTIVES),RIVER / RUNNING SURFACE WATER,3342,4-Chloro-3-methylphenol :- {p-Chloro-m-cresol},<0.02,MICROGRAM PER LITRE
https://environment.data.gov.uk/water-quality/sampling-point/TH-PWER0030/sample/1452889/observation/3343,TH-PWER0030,WEY ABOVE THAMES,-0.4571,51.3786,Thames,THAMES - WEST THAMES,Multiple Values,OPEN,FRESHWATER - RIVERS,2025-11-27T15:54:00,2025,ENVIRONMENTAL MONITORING STATUTORY (EU DIRECTIVES),RIVER / RUNNING SURFACE WATER,3343,"2,4-Dimethylphenol :- {2,4-Xylenol}",<0.02,MICROGRAM PER LITRE
https://environment.data.gov.uk/water-quality/sampling-point/TH-PWER0030/sample/1452889/observation/3373,TH-PWER0030,WEY ABOVE THAMES,-0.4571,51.3786,Thames,THAMES - WEST THAMES,Multiple Values,OPEN,FRESHWATER - RIVERS,2025-11-27T15:54:00,2025,ENVIRONMENTAL MONITORING STATUTORY (EU DIRECTIVES),RIVER / RUNNING SURFACE WATER,3373,Chloroform :- {Trichloromethane},<0.1,MICROGRAM PER LITRE
https://environment.data.gov.uk/water-quality/sampling-point/TH-PWER0030/sample/1452889/observation/3377,TH-PWER0030,WEY ABOVE THAMES,-0.4571,51.3786,Thames,THAMES - WEST THAMES,Multiple Values,OPEN,FRESHWATER - RIVERS,2025-11-27T15:54:00,2025,ENVIRONMENTAL MONITORING STATUTORY (EU DIRECTIVES),RIVER / RUNNING SURFACE WATER,3377,Lead : BLM Bioavailable,0.01,MICROGRAM PER LITRE
https://environment.data.gov.uk/water-quality/sampling-point/TH-PWER0030/sample/1452889/observation/3408,TH-PWER0030,WEY ABOVE THAMES,-0.4571,51.3786,Thames,THAMES - WEST THAMES,Multiple Values,OPEN,FRESHWATER - RIVERS,2025-11-27T15:54:00,2025,ENVIRONMENTAL MONITORING STATUTORY (EU DIRECTIVES),RIVER / RUNNING SURFACE WATER,3408,"Zinc, Dissolved",4.9,MICROGRAM PER LITRE
https://environment.data.gov.uk/water-quality/sampling-point/TH-PWER0030/sample/1452889/observation/3409,TH-PWER0030,WEY ABOVE THAMES,-0.4571,51.3786,Thames,THAMES - WEST THAMES,Multiple Values,OPEN,FRESHWATER - RIVERS,2025-11-27T15:54:00,2025,ENVIRONMENTAL MONITORING STATUTORY (EU DIRECTIVES),RIVER / RUNNING SURFACE WATER,3409,"Chromium, Dissolved",<0.5,MICROGRAM PER LITRE
https://environment.data.gov.uk/water-quality/sampling-point/TH-PWER0030/sample/1452889/observation/3410,TH-PWER0030,WEY ABOVE THAMES,-0.4571,51.3786,Thames,THAMES - WEST THAMES,Multiple Values,OPEN,FRESHWATER - RIVERS,2025-11-27T15:54:00,2025,ENVIRONMENTAL MONITORING STATUTORY (EU DIRECTIVES),RIVER / RUNNING SURFACE WATER,3410,"Nickel, Dissolved",2.9,MICROGRAM PER LITRE
https://environment.data.gov.uk/water-quality/sampling-point/TH-PWER0030/sample/1452889/observation/3781,TH-PWER0030,WEY ABOVE THAMES,-0.4571,51.3786,Thames,THAMES - WEST THAMES,Multiple Values,OPEN,FRESHWATER - RIVERS,2025-11-27T15:54:00,2025,ENVIRONMENTAL MONITORING STATUTORY (EU DIRECTIVES),RIVER / RUNNING SURFACE WATER,3781,Benzene,<0.1,MICROGRAM PER LITRE
https://environment.data.gov.uk/water-quality/sampling-point/TH-PWER0030/sample/1452889/observation/3783,TH-PWER0030,WEY ABOVE THAMES,-0.4571,51.3786,Thames,THAMES - WEST THAMES,Multiple Values,OPEN,FRESHWATER - RIVERS,2025-11-27T15:54:00,2025,ENVIRONMENTAL MONITORING STATUTORY (EU DIRECTIVES),RIVER / RUNNING SURFACE WATER,3783,Dibromomethane,<0.1,MICROGRAM PER LITRE
https://environment.data.gov.uk/water-quality/sampling-point/TH-PWER0030/sample/1452889/observation/3784,TH-PWER0030,WEY ABOVE THAMES,-0.4571,51.3786,Thames,THAMES - WEST THAMES,Multiple Values,OPEN,FRESHWATER - RIVERS,2025-11-27T15:54:00,2025,ENVIRONMENTAL MONITORING STATUTORY (EU DIRECTIVES),RIVER / RUNNING SURFACE WATER,3784,Toluene :- {Methylbenzene},<0.1,MICROGRAM PER LITRE
https://environment.data.gov.uk/water-quality/sampling-point/TH-PWER0030/sample/1452889/observation/3878,TH-PWER0030,WEY ABOVE THAMES,-0.4571,51.3786,Thames,THAMES - WEST THAMES,Multiple Values,OPEN,FRESHWATER - RIVERS,2025-11-27T15:54:00,2025,ENVIRONMENTAL MONITORING STATUTORY (EU DIRECTIVES),RIVER / RUNNING SURFACE WATER,3878,Nickel : BLM Bioavailable,0.82,MICROGRAM PER LITRE
https://environment.data.gov.uk/water-quality/sampling-point/TH-PWER0030/sample/1452889/observation/4049,TH-PWER0030,WEY ABOVE THAMES,-0.4571,51.3786,Thames,THAMES - WEST THAMES,Multiple Values,OPEN,FRESHWATER - RIVERS,2025-11-27T15:54:00,2025,ENVIRONMENTAL MONITORING STATUTORY (EU DIRECTIVES),RIVER / RUNNING SURFACE WATER,4049,"1,4-Dichlorobenzene",<0.1,MICROGRAM PER LITRE
https://environment.data.gov.uk/water-quality/sampling-point/TH-PWER0030/sample/1452889/observation/4117,TH-PWER0030,WEY ABOVE THAMES,-0.4571,51.3786,Thames,THAMES - WEST THAMES,Multiple Values,OPEN,FRESHWATER - RIVERS,2025-11-27T15:54:00,2025,ENVIRONMENTAL MONITORING STATUTORY (EU DIRECTIVES),RIVER / RUNNING SURFACE WATER,4117,Ethylbenzene,<0.1,MICROGRAM PER LITRE
https://environment.data.gov.uk/water-quality/sampling-point/TH-PWER0030/sample/1452889/observation/4201,TH-PWER0030,WEY ABOVE THAMES,-0.4571,51.3786,Thames,THAMES - WEST THAMES,Multiple Values,OPEN,FRESHWATER - RIVERS,2025-11-27T15:54:00,2025,ENVIRONMENTAL MONITORING STATUTORY (EU DIRECTIVES),RIVER / RUNNING SURFACE WATER,4201,"Lithium, Dissolved",<100,MICROGRAM PER LITRE
https://environment.data.gov.uk/water-quality/sampling-point/TH-PWER0030/sample/1452889/observation/4621,TH-PWER0030,WEY ABOVE THAMES,-0.4571,51.3786,Thames,THAMES - WEST THAMES,Multiple Values,OPEN,FRESHWATER - RIVERS,2025-11-27T15:54:00,2025,ENVIRONMENTAL MONITORING STATUTORY (EU DIRECTIVES),RIVER / RUNNING SURFACE WATER,4621,"2,4,4-TriBromoDiphenylEther",<0.00006,MICROGRAM PER LITRE
https://environment.data.gov.uk/water-quality/sampling-point/TH-PWER0030/sample/1452889/observation/4820,TH-PWER0030,WEY ABOVE THAMES,-0.4571,51.3786,Thames,THAMES - WEST THAMES,Multiple Values,OPEN,FRESHWATER - RIVERS,2025-11-27T15:54:00,2025,ENVIRONMENTAL MONITORING STATUTORY (EU DIRECTIVES),RIVER / RUNNING SURFACE WATER,4820,Manganese : BLM Bioavailable,12,MICROGRAM PER LITRE
https://environment.data.gov.uk/water-quality/sampling-point/TH-PWER0030/sample/1452889/observation/4821,TH-PWER0030,WEY ABOVE THAMES,-0.4571,51.3786,Thames,THAMES - WEST THAMES,Multiple Values,OPEN,FRESHWATER - RIVERS,2025-11-27T15:54:00,2025,ENVIRONMENTAL MONITORING STATUTORY (EU DIRECTIVES),RIVER / RUNNING SURFACE WATER,4821,Copper : BLM Bioavailable,0.09,MICROGRAM PER LITRE
https://environment.data.gov.uk/water-quality/sampling-point/TH-PWER0030/sample/1452889/observation/4822,TH-PWER0030,WEY ABOVE THAMES,-0.4571,51.3786,Thames,THAMES - WEST THAMES,Multiple Values,OPEN,FRESHWATER - RIVERS,2025-11-27T15:54:00,2025,ENVIRONMENTAL MONITORING STATUTORY (EU DIRECTIVES),RIVER / RUNNING SURFACE WATER,4822,Zinc : BLM Bioavailable,2,MICROGRAM PER LITRE
https://environment.data.gov.uk/water-quality/sampling-point/TH-PWER0030/sample/1452889/observation/5234,TH-PWER0030,WEY ABOVE THAMES,-0.4571,51.3786,Thames,THAMES - WEST THAMES,Multiple Values,OPEN,FRESHWATER - RIVERS,2025-11-27T15:54:00,2025,ENVIRONMENTAL MONITORING STATUTORY (EU DIRECTIVES),RIVER / RUNNING SURFACE WATER,5234,Hexachloroethane,<0.1,MICROGRAM PER LITRE
https://environment.data.gov.uk/water-quality/sampling-point/TH-PWER0030/sample/1452889/observation/5558,TH-PWER0030,WEY ABOVE THAMES,-0.4571,51.3786,Thames,THAMES - WEST THAMES,Multiple Values,OPEN,FRESHWATER - RIVERS,2025-11-27T15:54:00,2025,ENVIRONMENTAL MONITORING STATUTORY (EU DIRECTIVES),RIVER / RUNNING SURFACE WATER,5558,"3,5-Dimethylphenol :- {3,5-Xylenol}",<0.02,MICROGRAM PER LITRE
https://environment.data.gov.uk/water-quality/sampling-point/TH-PWER0030/sample/1452889/observation/5560,TH-PWER0030,WEY ABOVE THAMES,-0.4571,51.3786,Thames,THAMES - WEST THAMES,Multiple Values,OPEN,FRESHWATER - RIVERS,2025-11-27T15:54:00,2025,ENVIRONMENTAL MONITORING STATUTORY (EU DIRECTIVES),RIVER / RUNNING SURFACE WATER,5560,4-Methylphenol :- {p-Cresol},0.02,MICROGRAM PER LITRE
https://environment.data.gov.uk/water-quality/sampling-point/TH-PWER0030/sample/1452889/observation/5561,TH-PWER0030,WEY ABOVE THAMES,-0.4571,51.3786,Thames,THAMES - WEST THAMES,Multiple Values,OPEN,FRESHWATER - RIVERS,2025-11-27T15:54:00,2025,ENVIRONMENTAL MONITORING STATUTORY (EU DIRECTIVES),RIVER / RUNNING SURFACE WATER,5561,3-Methylphenol :- {m-Cresol},<0.02,MICROGRAM PER LITRE
https://environment.data.gov.uk/water-quality/sampling-point/TH-PWER0030/sample/1452889/observation/5562,TH-PWER0030,WEY ABOVE THAMES,-0.4571,51.3786,Thames,THAMES - WEST THAMES,Multiple Values,OPEN,FRESHWATER - RIVERS,2025-11-27T15:54:00,2025,ENVIRONMENTAL MONITORING STATUTORY (EU DIRECTIVES),RIVER / RUNNING SURFACE WATER,5562,2-Methylphenol :- {o-Cresol},<0.02,MICROGRAM PER LITRE
https://environment.data.gov.uk/water-quality/sampling-point/TH-PWER0030/sample/1452889/observation/5568,TH-PWER0030,WEY ABOVE THAMES,-0.4571,51.3786,Thames,THAMES - WEST THAMES,Multiple Values,OPEN,FRESHWATER - RIVERS,2025-11-27T15:54:00,2025,ENVIRONMENTAL MONITORING STATUTORY (EU DIRECTIVES),RIVER / RUNNING SURFACE WATER,5568,3-Chlorotoluene :- {3-Chloromethylbenzene},<0.1,MICROGRAM PER LITRE
https://environment.data.gov.uk/water-quality/sampling-point/TH-PWER0030/sample/1452889/observation/5732,TH-PWER0030,WEY ABOVE THAMES,-0.4571,51.3786,Thames,THAMES - WEST THAMES,Multiple Values,OPEN,FRESHWATER - RIVERS,2025-11-27T15:54:00,2025,ENVIRONMENTAL MONITORING STATUTORY (EU DIRECTIVES),RIVER / RUNNING SURFACE WATER,5732,Triphenyl Tin as Cation,<0.00002,MICROGRAM PER LITRE
https://environment.data.gov.uk/water-quality/sampling-point/TH-PWER0030/sample/1452889/observation/5889,TH-PWER0030,WEY ABOVE THAMES,-0.4571,51.3786,Thames,THAMES - WEST THAMES,Multiple Values,OPEN,FRESHWATER - RIVERS,2025-11-27T15:54:00,2025,ENVIRONMENTAL MONITORING STATUTORY (EU DIRECTIVES),RIVER / RUNNING SURFACE WATER,5889,Triclosan,<0.01,MICROGRAM PER LITRE
https://environment.data.gov.uk/water-quality/sampling-point/TH-PWER0030/sample/1452889/observation/6037,TH-PWER0030,WEY ABOVE THAMES,-0.4571,51.3786,Thames,THAMES - WEST THAMES,Multiple Values,OPEN,FRESHWATER - RIVERS,2025-11-27T15:54:00,2025,ENVIRONMENTAL MONITORING STATUTORY (EU DIRECTIVES),RIVER / RUNNING SURFACE WATER,6037,"Aluminium, Dissolved",20,MICROGRAM PER LITRE
https://environment.data.gov.uk/water-quality/sampling-point/TH-PWER0030/sample/1452889/observation/6045,TH-PWER0030,WEY ABOVE THAMES,-0.4571,51.3786,Thames,THAMES - WEST THAMES,Multiple Values,OPEN,FRESHWATER - RIVERS,2025-11-27T15:54:00,2025,ENVIRONMENTAL MONITORING STATUTORY (EU DIRECTIVES),RIVER / RUNNING SURFACE WATER,6045,"Arsenic, Dissolved",<1,MICROGRAM PER LITRE
https://environment.data.gov.uk/water-quality/sampling-point/TH-PWER0030/sample/1452889/observation/6376,TH-PWER0030,WEY ABOVE THAMES,-0.4571,51.3786,Thames,THAMES - WEST THAMES,Multiple Values,OPEN,FRESHWATER - RIVERS,2025-11-27T15:54:00,2025,ENVIRONMENTAL MONITORING STATUTORY (EU DIRECTIVES),RIVER / RUNNING SURFACE WATER,6376,Chloromethane :- {Methyl Chloride},<0.5,MICROGRAM PER LITRE
https://environment.data.gov.uk/water-quality/sampling-point/TH-PWER0030/sample/1452889/observation/6396,TH-PWER0030,WEY ABOVE THAMES,-0.4571,51.3786,Thames,THAMES - WEST THAMES,Multiple Values,OPEN,FRESHWATER - RIVERS,2025-11-27T15:54:00,2025,ENVIRONMENTAL MONITORING STATUTORY (EU DIRECTIVES),RIVER / RUNNING SURFACE WATER,6396,Turbidity,6.6,NEPHELOMETRIC TURBIDITY UNITS
https://environment.data.gov.uk/water-quality/sampling-point/TH-PWER0030/sample/1452889/observation/6450,TH-PWER0030,WEY ABOVE THAMES,-0.4571,51.3786,Thames,THAMES - WEST THAMES,Multiple Values,OPEN,FRESHWATER - RIVERS,2025-11-27T15:54:00,2025,ENVIRONMENTAL MONITORING STATUTORY (EU DIRECTIVES),RIVER / RUNNING SURFACE WATER,6450,"Copper, Dissolved",2,MICROGRAM PER LITRE
https://environment.data.gov.uk/water-quality/sampling-point/TH-PWER0030/sample/1452889/observation/6458,TH-PWER0030,WEY ABOVE THAMES,-0.4571,51.3786,Thames,THAMES - WEST THAMES,Multiple Values,OPEN,FRESHWATER - RIVERS,2025-11-27T15:54:00,2025,ENVIRONMENTAL MONITORING STATUTORY (EU DIRECTIVES),RIVER / RUNNING SURFACE WATER,6458,"Manganese, Dissolved",27,MICROGRAM PER LITRE
https://environment.data.gov.uk/water-quality/sampling-point/TH-PWER0030/sample/1452889/observation/6460,TH-PWER0030,WEY ABOVE THAMES,-0.4571,51.3786,Thames,THAMES - WEST THAMES,Multiple Values,OPEN,FRESHWATER - RIVERS,2025-11-27T15:54:00,2025,ENVIRONMENTAL MONITORING STATUTORY (EU DIRECTIVES),RIVER / RUNNING SURFACE WATER,6460,"Iron, Dissolved",150,MICROGRAM PER LITRE
https://environment.data.gov.uk/water-quality/sampling-point/TH-PWER0030/sample/1452889/observation/6534,TH-PWER0030,WEY ABOVE THAMES,-0.4571,51.3786,Thames,THAMES - WEST THAMES,Multiple Values,OPEN,FRESHWATER - RIVERS,2025-11-27T15:54:00,2025,ENVIRONMENTAL MONITORING STATUTORY (EU DIRECTIVES),RIVER / RUNNING SURFACE WATER,6534,"1,1,1,2-Tetrachloroethane",<0.1,MICROGRAM PER LITRE
https://environment.data.gov.uk/water-quality/sampling-point/TH-PWER0030/sample/1452889/observation/6537,TH-PWER0030,WEY ABOVE THAMES,-0.4571,51.3786,Thames,THAMES - WEST THAMES,Multiple Values,OPEN,FRESHWATER - RIVERS,2025-11-27T15:54:00,2025,ENVIRONMENTAL MONITORING STATUTORY (EU DIRECTIVES),RIVER / RUNNING SURFACE WATER,6537,"1,2-Dibromo-3-chloropropane",<0.1,MICROGRAM PER LITRE
https://environment.data.gov.uk/water-quality/sampling-point/TH-PWER0030/sample/1452889/observation/6538,TH-PWER0030,WEY ABOVE THAMES,-0.4571,51.3786,Thames,THAMES - WEST THAMES,Multiple Values,OPEN,FRESHWATER - RIVERS,2025-11-27T15:54:00,2025,ENVIRONMENTAL MONITORING STATUTORY (EU DIRECTIVES),RIVER / RUNNING SURFACE WATER,6538,"cis-1,2-Dichloroethylene :- {cis-1,2-Dichloroethene}",0.28,MICROGRAM PER LITRE
https://environment.data.gov.uk/water-quality/sampling-point/TH-PWER0030/sample/1452889/observation/6539,TH-PWER0030,WEY ABOVE THAMES,-0.4571,51.3786,Thames,THAMES - WEST THAMES,Multiple Values,OPEN,FRESHWATER - RIVERS,2025-11-27T15:54:00,2025,ENVIRONMENTAL MONITORING STATUTORY (EU DIRECTIVES),RIVER / RUNNING SURFACE WATER,6539,"trans-1,2-Dichloroethylene :- {trans-1,2-Dichloroethene}",<0.1,MICROGRAM PER LITRE
https://environment.data.gov.uk/water-quality/sampling-point/TH-PWER0030/sample/1452889/observation/6540,TH-PWER0030,WEY ABOVE THAMES,-0.4571,51.3786,Thames,THAMES - WEST THAMES,Multiple Values,OPEN,FRESHWATER - RIVERS,2025-11-27T15:54:00,2025,ENVIRONMENTAL MONITORING STATUTORY (EU DIRECTIVES),RIVER / RUNNING SURFACE WATER,6540,"1,2-Dichloropropane",<0.1,MICROGRAM PER LITRE
https://environment.data.gov.uk/water-quality/sampling-point/TH-PWER0030/sample/1452889/observation/6541,TH-PWER0030,WEY ABOVE THAMES,-0.4571,51.3786,Thames,THAMES - WEST THAMES,Multiple Values,OPEN,FRESHWATER - RIVERS,2025-11-27T15:54:00,2025,ENVIRONMENTAL MONITORING STATUTORY (EU DIRECTIVES),RIVER / RUNNING SURFACE WATER,6541,"1,2,3-Trichloropropane",<0.5,MICROGRAM PER LITRE
https://environment.data.gov.uk/water-quality/sampling-point/TH-PWER0030/sample/1452889/observation/6542,TH-PWER0030,WEY ABOVE THAMES,-0.4571,51.3786,Thames,THAMES - WEST THAMES,Multiple Values,OPEN,FRESHWATER - RIVERS,2025-11-27T15:54:00,2025,ENVIRONMENTAL MONITORING STATUTORY (EU DIRECTIVES),RIVER / RUNNING SURFACE WATER,6542,"1,3-Dichloropropane",<0.1,MICROGRAM PER LITRE
https://environment.data.gov.uk/water-quality/sampling-point/TH-PWER0030/sample/1452889/observation/6543,TH-PWER0030,WEY ABOVE THAMES,-0.4571,51.3786,Thames,THAMES - WEST THAMES,Multiple Values,OPEN,FRESHWATER - RIVERS,2025-11-27T15:54:00,2025,ENVIRONMENTAL MONITORING STATUTORY (EU DIRECTIVES),RIVER / RUNNING SURFACE WATER,6543,"cis-1,3-Dichloropropylene :- {cis-1,3-Dichloropropene}",<0.1,MICROGRAM PER LITRE
https://environment.data.gov.uk/water-quality/sampling-point/TH-PWER0030/sample/1452889/observation/6544,TH-PWER0030,WEY ABOVE THAMES,-0.4571,51.3786,Thames,THAMES - WEST THAMES,Multiple Values,OPEN,FRESHWATER - RIVERS,2025-11-27T15:54:00,2025,ENVIRONMENTAL MONITORING STATUTORY (EU DIRECTIVES),RIVER / RUNNING SURFACE WATER,6544,"trans-1,3-Dichloropropylene :- {trans-1,3-Dichloropropene}",<0.5,MICROGRAM PER LITRE
https://environment.data.gov.uk/water-quality/sampling-point/TH-PWER0030/sample/1452889/observation/6547,TH-PWER0030,WEY ABOVE THAMES,-0.4571,51.3786,Thames,THAMES - WEST THAMES,Multiple Values,OPEN,FRESHWATER - RIVERS,2025-11-27T15:54:00,2025,ENVIRONMENTAL MONITORING STATUTORY (EU DIRECTIVES),RIVER / RUNNING SURFACE WATER,6547,2-Chlorotoluene :- {1-Chloro-2-methylbenzene},<0.1,MICROGRAM PER LITRE
https://environment.data.gov.uk/water-quality/sampling-point/TH-PWER0030/sample/1452889/observation/6569,TH-PWER0030,WEY ABOVE THAMES,-0.4571,51.3786,Thames,THAMES - WEST THAMES,Multiple Values,OPEN,FRESHWATER - RIVERS,2025-11-27T15:54:00,2025,ENVIRONMENTAL MONITORING STATUTORY (EU DIRECTIVES),RIVER / RUNNING SURFACE WATER,6569,"2,6-Dimethylphenol :- {2,6-Xylenol}",<0.02,MICROGRAM PER LITRE
https://environment.data.gov.uk/water-quality/sampling-point/TH-PWER0030/sample/1452889/observation/6577,TH-PWER0030,WEY ABOVE THAMES,-0.4571,51.3786,Thames,THAMES - WEST THAMES,Multiple Values,OPEN,FRESHWATER - RIVERS,2025-11-27T15:54:00,2025,ENVIRONMENTAL MONITORING STATUTORY (EU DIRECTIVES),RIVER / RUNNING SURFACE WATER,6577,"3,4-Dimethylphenol :- {3,4-Xylenol}",<0.02,MICROGRAM PER LITRE
https://environment.data.gov.uk/water-quality/sampling-point/TH-PWER0030/sample/1452889/observation/6578,TH-PWER0030,WEY ABOVE THAMES,-0.4571,51.3786,Thames,THAMES - WEST THAMES,Multiple Values,OPEN,FRESHWATER - RIVERS,2025-11-27T15:54:00,2025,ENVIRONMENTAL MONITORING STATUTORY (EU DIRECTIVES),RIVER / RUNNING SURFACE WATER,6578,4-Chlorotoluene :- {1-Chloro-4-methylbenzene},<0.1,MICROGRAM PER LITRE
https://environment.data.gov.uk/water-quality/sampling-point/TH-PWER0030/sample/1452889/observation/6579,TH-PWER0030,WEY ABOVE THAMES,-0.4571,51.3786,Thames,THAMES - WEST THAMES,Multiple Values,OPEN,FRESHWATER - RIVERS,2025-11-27T15:54:00,2025,ENVIRONMENTAL MONITORING STATUTORY (EU DIRECTIVES),RIVER / RUNNING SURFACE WATER,6579,4-Isopropyltoluene :- {4-methyl-Isopropylbenzene},<0.1,MICROGRAM PER LITRE
https://environment.data.gov.uk/water-quality/sampling-point/TH-PWER0030/sample/1452889/observation/6584,TH-PWER0030,WEY ABOVE THAMES,-0.4571,51.3786,Thames,THAMES - WEST THAMES,Multiple Values,OPEN,FRESHWATER - RIVERS,2025-11-27T15:54:00,2025,ENVIRONMENTAL MONITORING STATUTORY (EU DIRECTIVES),RIVER / RUNNING SURFACE WATER,6584,"4-Chloro-3,5-dimethylphenol :- {PCMX}",0.045,MICROGRAM PER LITRE
https://environment.data.gov.uk/water-quality/sampling-point/TH-PWER0030/sample/1452889/observation/6604,TH-PWER0030,WEY ABOVE THAMES,-0.4571,51.3786,Thames,THAMES - WEST THAMES,Multiple Values,OPEN,FRESHWATER - RIVERS,2025-11-27T15:54:00,2025,ENVIRONMENTAL MONITORING STATUTORY (EU DIRECTIVES),RIVER / RUNNING SURFACE WATER,6604,Bromobenzene,<0.1,MICROGRAM PER LITRE
https://environment.data.gov.uk/water-quality/sampling-point/TH-PWER0030/sample/1452889/observation/6605,TH-PWER0030,WEY ABOVE THAMES,-0.4571,51.3786,Thames,THAMES - WEST THAMES,Multiple Values,OPEN,FRESHWATER - RIVERS,2025-11-27T15:54:00,2025,ENVIRONMENTAL MONITORING STATUTORY (EU DIRECTIVES),RIVER / RUNNING SURFACE WATER,6605,Bromochloromethane,<0.1,MICROGRAM PER LITRE
https://environment.data.gov.uk/water-quality/sampling-point/TH-PWER0030/sample/1452889/observation/6656,TH-PWER0030,WEY ABOVE THAMES,-0.4571,51.3786,Thames,THAMES - WEST THAMES,Multiple Values,OPEN,FRESHWATER - RIVERS,2025-11-27T15:54:00,2025,ENVIRONMENTAL MONITORING STATUTORY (EU DIRECTIVES),RIVER / RUNNING SURFACE WATER,6656,MTBE :- {Methyl tert-butyl ether},<0.1,MICROGRAM PER LITRE
https://environment.data.gov.uk/water-quality/sampling-point/TH-PWER0030/sample/1452889/observation/6658,TH-PWER0030,WEY ABOVE THAMES,-0.4571,51.3786,Thames,THAMES - WEST THAMES,Multiple Values,OPEN,FRESHWATER - RIVERS,2025-11-27T15:54:00,2025,ENVIRONMENTAL MONITORING STATUTORY (EU DIRECTIVES),RIVER / RUNNING SURFACE WATER,6658,n-ButylBenzene :- {1-Phenylbutane},<0.1,MICROGRAM PER LITRE
https://environment.data.gov.uk/water-quality/sampling-point/TH-PWER0030/sample/1452889/observation/6659,TH-PWER0030,WEY ABOVE THAMES,-0.4571,51.3786,Thames,THAMES - WEST THAMES,Multiple Values,OPEN,FRESHWATER - RIVERS,2025-11-27T15:54:00,2025,ENVIRONMENTAL MONITORING STATUTORY (EU DIRECTIVES),RIVER / RUNNING SURFACE WATER,6659,n-Propylbenzene :- {1-Phenylpropane},<0.1,MICROGRAM PER LITRE
https://environment.data.gov.uk/water-quality/sampling-point/TH-PWER0030/sample/1452889/observation/6690,TH-PWER0030,WEY ABOVE THAMES,-0.4571,51.3786,Thames,THAMES - WEST THAMES,Multiple Values,OPEN,FRESHWATER - RIVERS,2025-11-27T15:54:00,2025,ENVIRONMENTAL MONITORING STATUTORY (EU DIRECTIVES),RIVER / RUNNING SURFACE WATER,6690,sec-Butylbenzene :- {1-Methylpropylbenzene},<0.1,MICROGRAM PER LITRE
https://environment.data.gov.uk/water-quality/sampling-point/TH-PWER0030/sample/1452889/observation/6693,TH-PWER0030,WEY ABOVE THAMES,-0.4571,51.3786,Thames,THAMES - WEST THAMES,Multiple Values,OPEN,FRESHWATER - RIVERS,2025-11-27T15:54:00,2025,ENVIRONMENTAL MONITORING STATUTORY (EU DIRECTIVES),RIVER / RUNNING SURFACE WATER,6693,"Strontium, Filtered",180,MICROGRAM PER LITRE
https://environment.data.gov.uk/water-quality/sampling-point/TH-PWER0030/sample/1452889/observation/6697,TH-PWER0030,WEY ABOVE THAMES,-0.4571,51.3786,Thames,THAMES - WEST THAMES,Multiple Values,OPEN,FRESHWATER - RIVERS,2025-11-27T15:54:00,2025,ENVIRONMENTAL MONITORING STATUTORY (EU DIRECTIVES),RIVER / RUNNING SURFACE WATER,6697,"tert-Butylbenzene :- {(1,1-Dimethylethyl)benzene}",<0.1,MICROGRAM PER LITRE
https://environment.data.gov.uk/water-quality/sampling-point/TH-PWER0030/sample/1452889/observation/6711,TH-PWER0030,WEY ABOVE THAMES,-0.4571,51.3786,Thames,THAMES - WEST THAMES,Multiple Values,OPEN,FRESHWATER - RIVERS,2025-11-27T15:54:00,2025,ENVIRONMENTAL MONITORING STATUTORY (EU DIRECTIVES),RIVER / RUNNING SURFACE WATER,6711,Trichlorofluoromethane,<0.1,MICROGRAM PER LITRE
https://environment.data.gov.uk/water-quality/sampling-point/TH-PWER0030/sample/1452889/observation/6715,TH-PWER0030,WEY ABOVE THAMES,-0.4571,51.3786,Thames,THAMES - WEST THAMES,Multiple Values,OPEN,FRESHWATER - RIVERS,2025-11-27T15:54:00,2025,ENVIRONMENTAL MONITORING STATUTORY (EU DIRECTIVES),RIVER / RUNNING SURFACE WATER,6715,Vinyl chloride :- {Chloroethylene},<0.1,MICROGRAM PER LITRE
https://environment.data.gov.uk/water-quality/sampling-point/TH-PWER0030/sample/1452889/observation/6716,TH-PWER0030,WEY ABOVE THAMES,-0.4571,51.3786,Thames,THAMES - WEST THAMES,Multiple Values,OPEN,FRESHWATER - RIVERS,2025-11-27T15:54:00,2025,ENVIRONMENTAL MONITORING STATUTORY (EU DIRECTIVES),RIVER / RUNNING SURFACE WATER,6716,"Dimethylbenzene : Sum of isomers (1,3- 1,4-)",<0.2,MICROGRAM PER LITRE
https://environment.data.gov.uk/water-quality/sampling-point/TH-PWER0030/sample/1452889/observation/6724,TH-PWER0030,WEY ABOVE THAMES,-0.4571,51.3786,Thames,THAMES - WEST THAMES,Multiple Values,OPEN,FRESHWATER - RIVERS,2025-11-27T15:54:00,2025,ENVIRONMENTAL MONITORING STATUTORY (EU DIRECTIVES),RIVER / RUNNING SURFACE WATER,6724,Di(2-ethylhexyl) phthalate :- {DEHP},<0.2,MICROGRAM PER LITRE
https://environment.data.gov.uk/water-quality/sampling-point/TH-PWER0030/sample/1452889/observation/6744,TH-PWER0030,WEY ABOVE THAMES,-0.4571,51.3786,Thames,THAMES - WEST THAMES,Multiple Values,OPEN,FRESHWATER - RIVERS,2025-11-27T15:54:00,2025,ENVIRONMENTAL MONITORING STATUTORY (EU DIRECTIVES),RIVER / RUNNING SURFACE WATER,6744,"2,2-Dichloropropane",<0.1,MICROGRAM PER LITRE
https://environment.data.gov.uk/water-quality/sampling-point/TH-PWER0030/sample/1452889/observation/7531,TH-PWER0030,WEY ABOVE THAMES,-0.4571,51.3786,Thames,THAMES - WEST THAMES,Multiple Values,OPEN,FRESHWATER - RIVERS,2025-11-27T15:54:00,2025,ENVIRONMENTAL MONITORING STATUTORY (EU DIRECTIVES),RIVER / RUNNING SURFACE WATER,7531,"1,1,2,2-Tetrachloroethane",<0.1,MICROGRAM PER LITRE
https://environment.data.gov.uk/water-quality/sampling-point/TH-PWER0030/sample/1452889/observation/7574,TH-PWER0030,WEY ABOVE THAMES,-0.4571,51.3786,Thames,THAMES - WEST THAMES,Multiple Values,OPEN,FRESHWATER - RIVERS,2025-11-27T15:54:00,2025,ENVIRONMENTAL MONITORING STATUTORY (EU DIRECTIVES),RIVER / RUNNING SURFACE WATER,7574,Isopropylbenzene :- {Methylethylbenzene},<0.1,MICROGRAM PER LITRE
https://environment.data.gov.uk/water-quality/sampling-point/TH-PWER0030/sample/1452889/observation/7859,TH-PWER0030,WEY ABOVE THAMES,-0.4571,51.3786,Thames,THAMES - WEST THAMES,Multiple Values,OPEN,FRESHWATER - RIVERS,2025-11-27T15:54:00,2025,ENVIRONMENTAL MONITORING STATUTORY (EU DIRECTIVES),RIVER / RUNNING SURFACE WATER,7859,"Sulphate, Dissolved as SO4",45,MILLIGRAM PER LITRE
https://environment.data.gov.uk/water-quality/sampling-point/TH-PWER0030/sample/1452889/observation/8847,TH-PWER0030,WEY ABOVE THAMES,-0.4571,51.3786,Thames,THAMES - WEST THAMES,Multiple Values,OPEN,FRESHWATER - RIVERS,2025-11-27T15:54:00,2025,ENVIRONMENTAL MONITORING STATUTORY (EU DIRECTIVES),RIVER / RUNNING SURFACE WATER,8847,Carbon Disulphide,<0.1,MICROGRAM PER LITRE
https://environment.data.gov.uk/water-quality/sampling-point/TH-PWER0030/sample/1452889/observation/8944,TH-PWER0030,WEY ABOVE THAMES,-0.4571,51.3786,Thames,THAMES - WEST THAMES,Multiple Values,OPEN,FRESHWATER - RIVERS,2025-11-27T15:54:00,2025,ENVIRONMENTAL MONITORING STATUTORY (EU DIRECTIVES),RIVER / RUNNING SURFACE WATER,8944,Tributyl Tin as Cation,0.00005,MICROGRAM PER LITRE
https://environment.data.gov.uk/water-quality/sampling-point/TH-PWER0030/sample/1452889/observation/9005,TH-PWER0030,WEY ABOVE THAMES,-0.4571,51.3786,Thames,THAMES - WEST THAMES,Multiple Values,OPEN,FRESHWATER - RIVERS,2025-11-27T15:54:00,2025,ENVIRONMENTAL MONITORING STATUTORY (EU DIRECTIVES),RIVER / RUNNING SURFACE WATER,9005,"2,2,3,4,4,5,6-Heptabromodiphenyl ether :- {PBDE 183}",<0.00006,MICROGRAM PER LITRE
https://environment.data.gov.uk/water-quality/sampling-point/TH-PWER0030/sample/1452889/observation/9007,TH-PWER0030,WEY ABOVE THAMES,-0.4571,51.3786,Thames,THAMES - WEST THAMES,Multiple Values,OPEN,FRESHWATER - RIVERS,2025-11-27T15:54:00,2025,ENVIRONMENTAL MONITORING STATUTORY (EU DIRECTIVES),RIVER / RUNNING SURFACE WATER,9007,"2,2,3,4,4,5-Hexabromodiphenyl ether :- {PBDE 138}",<0.00009,MICROGRAM PER LITRE
https://environment.data.gov.uk/water-quality/sampling-point/TH-PWER0030/sample/1452889/observation/9009,TH-PWER0030,WEY ABOVE THAMES,-0.4571,51.3786,Thames,THAMES - WEST THAMES,Multiple Values,OPEN,FRESHWATER - RIVERS,2025-11-27T15:54:00,2025,ENVIRONMENTAL MONITORING STATUTORY (EU DIRECTIVES),RIVER / RUNNING SURFACE WATER,9009,"2,2,3,4,4-Pentabromodiphenyl ether :- {PBDE 85}",<0.00006,MICROGRAM PER LITRE
https://environment.data.gov.uk/water-quality/sampling-point/TH-PWER0030/sample/1452889/observation/9011,TH-PWER0030,WEY ABOVE THAMES,-0.4571,51.3786,Thames,THAMES - WEST THAMES,Multiple Values,OPEN,FRESHWATER - RIVERS,2025-11-27T15:54:00,2025,ENVIRONMENTAL MONITORING STATUTORY (EU DIRECTIVES),RIVER / RUNNING SURFACE WATER,9011,"2,2,4,4,5,5-Hexabromodiphenyl ether :- {PBDE 153}",<0.00006,MICROGRAM PER LITRE
https://environment.data.gov.uk/water-quality/sampling-point/TH-PWER0030/sample/1452889/observation/9013,TH-PWER0030,WEY ABOVE THAMES,-0.4571,51.3786,Thames,THAMES - WEST THAMES,Multiple Values,OPEN,FRESHWATER - RIVERS,2025-11-27T15:54:00,2025,ENVIRONMENTAL MONITORING STATUTORY (EU DIRECTIVES),RIVER / RUNNING SURFACE WATER,9013,"2,2,4,4,5,6-Hexabromodiphenyl ether :- {PBDE 154}",<0.00006,MICROGRAM PER LITRE
https://environment.data.gov.uk/water-quality/sampling-point/TH-PWER0030/sample/1452889/observation/9015,TH-PWER0030,WEY ABOVE THAMES,-0.4571,51.3786,Thames,THAMES - WEST THAMES,Multiple Values,OPEN,FRESHWATER - RIVERS,2025-11-27T15:54:00,2025,ENVIRONMENTAL MONITORING STATUTORY (EU DIRECTIVES),RIVER / RUNNING SURFACE WATER,9015,"2,2,4,4,5-Pentabromodiphenyl ether :- {PBDE 99}",<0.00006,MICROGRAM PER LITRE
https://environment.data.gov.uk/water-quality/sampling-point/TH-PWER0030/sample/1452889/observation/9017,TH-PWER0030,WEY ABOVE THAMES,-0.4571,51.3786,Thames,THAMES - WEST THAMES,Multiple Values,OPEN,FRESHWATER - RIVERS,2025-11-27T15:54:00,2025,ENVIRONMENTAL MONITORING STATUTORY (EU DIRECTIVES),RIVER / RUNNING SURFACE WATER,9017,"2,2,4,4,6-Pentabromodiphenyl ether :- {PBDE 100}",<0.00006,MICROGRAM PER LITRE
https://environment.data.gov.uk/water-quality/sampling-point/TH-PWER0030/sample/1452889/observation/9019,TH-PWER0030,WEY ABOVE THAMES,-0.4571,51.3786,Thames,THAMES - WEST THAMES,Multiple Values,OPEN,FRESHWATER - RIVERS,2025-11-27T15:54:00,2025,ENVIRONMENTAL MONITORING STATUTORY (EU DIRECTIVES),RIVER / RUNNING SURFACE WATER,9019,"2,2,4,4-Tetrabromodiphenyl ether :- {PBDE 47}",<0.00006,MICROGRAM PER LITRE
https://environment.data.gov.uk/water-quality/sampling-point/TH-PWER0030/sample/1452889/observation/9021,TH-PWER0030,WEY ABOVE THAMES,-0.4571,51.3786,Thames,THAMES - WEST THAMES,Multiple Values,OPEN,FRESHWATER - RIVERS,2025-11-27T15:54:00,2025,ENVIRONMENTAL MONITORING STATUTORY (EU DIRECTIVES),RIVER / RUNNING SURFACE WATER,9021,"2,3,4,4-Tetrabromodiphenyl ether :- {PBDE 66}",<0.00007,MICROGRAM PER LITRE
https://environment.data.gov.uk/water-quality/sampling-point/TH-PWER0030/sample/1452889/observation/9051,TH-PWER0030,WEY ABOVE THAMES,-0.4571,51.3786,Thames,THAMES - WEST THAMES,Multiple Values,OPEN,FRESHWATER - RIVERS,2025-11-27T15:54:00,2025,ENVIRONMENTAL MONITORING STATUTORY (EU DIRECTIVES),RIVER / RUNNING SURFACE WATER,9051,"1,2,4-Trichlorobenzene",<0.1,MICROGRAM PER LITRE
https://environment.data.gov.uk/water-quality/sampling-point/TH-PWER0030/sample/1452889/observation/9091,TH-PWER0030,WEY ABOVE THAMES,-0.4571,51.3786,Thames,THAMES - WEST THAMES,Multiple Values,OPEN,FRESHWATER - RIVERS,2025-11-27T15:54:00,2025,ENVIRONMENTAL MONITORING STATUTORY (EU DIRECTIVES),RIVER / RUNNING SURFACE WATER,9091,"2,5-Dichlorophenol",<0.02,MICROGRAM PER LITRE
https://environment.data.gov.uk/water-quality/sampling-point/TH-PWER0030/sample/1452889/observation/9094,TH-PWER0030,WEY ABOVE THAMES,-0.4571,51.3786,Thames,THAMES - WEST THAMES,Multiple Values,OPEN,FRESHWATER - RIVERS,2025-11-27T15:54:00,2025,ENVIRONMENTAL MONITORING STATUTORY (EU DIRECTIVES),RIVER / RUNNING SURFACE WATER,9094,"2,5-Dimethylphenol :- {2,5-Xylenol}",<0.02,MICROGRAM PER LITRE
https://environment.data.gov.uk/water-quality/sampling-point/TH-PWER0030/sample/1452889/observation/9145,TH-PWER0030,WEY ABOVE THAMES,-0.4571,51.3786,Thames,THAMES - WEST THAMES,Multiple Values,OPEN,FRESHWATER - RIVERS,2025-11-27T15:54:00,2025,ENVIRONMENTAL MONITORING STATUTORY (EU DIRECTIVES),RIVER / RUNNING SURFACE WATER,9145,"1,2-Dibromoethane",<0.1,MICROGRAM PER LITRE
https://environment.data.gov.uk/water-quality/sampling-point/TH-PWER0030/sample/1452889/observation/9190,TH-PWER0030,WEY ABOVE THAMES,-0.4571,51.3786,Thames,THAMES - WEST THAMES,Multiple Values,OPEN,FRESHWATER - RIVERS,2025-11-27T15:54:00,2025,ENVIRONMENTAL MONITORING STATUTORY (EU DIRECTIVES),RIVER / RUNNING SURFACE WATER,9190,4-Nonylphenol Branched,<0.04,MICROGRAM PER LITRE
https://environment.data.gov.uk/water-quality/sampling-point/TH-PWER0030/sample/1452889/observation/9248,TH-PWER0030,WEY ABOVE THAMES,-0.4571,51.3786,Thames,THAMES - WEST THAMES,Multiple Values,OPEN,FRESHWATER - RIVERS,2025-11-27T15:54:00,2025,ENVIRONMENTAL MONITORING STATUTORY (EU DIRECTIVES),RIVER / RUNNING SURFACE WATER,9248,"Hexabromocyclododecane Total: (Sum of a, b, g)",<0.0002,MICROGRAM PER LITRE
https://environment.data.gov.uk/water-quality/sampling-point/TH-PWER0030/sample/1452889/observation/9267,TH-PWER0030,WEY ABOVE THAMES,-0.4571,51.3786,Thames,THAMES - WEST THAMES,Multiple Values,OPEN,FRESHWATER - RIVERS,2025-11-27T15:54:00,2025,ENVIRONMENTAL MONITORING STATUTORY (EU DIRECTIVES),RIVER / RUNNING SURFACE WATER,9267,4-tert-Octylphenol :- {p-tert-Octylphenol},<0.01,MICROGRAM PER LITRE
https://environment.data.gov.uk/water-quality/sampling-point/TH-PWER0030/sample/1452889/observation/9446,TH-PWER0030,WEY ABOVE THAMES,-0.4571,51.3786,Thames,THAMES - WEST THAMES,Multiple Values,OPEN,FRESHWATER - RIVERS,2025-11-27T15:54:00,2025,ENVIRONMENTAL MONITORING STATUTORY (EU DIRECTIVES),RIVER / RUNNING SURFACE WATER,9446,"Barium, Dissolved",29,MICROGRAM PER LITRE
https://environment.data.gov.uk/water-quality/sampling-point/TH-PWER0030/sample/1452889/observation/9447,TH-PWER0030,WEY ABOVE THAMES,-0.4571,51.3786,Thames,THAMES - WEST THAMES,Multiple Values,OPEN,FRESHWATER - RIVERS,2025-11-27T15:54:00,2025,ENVIRONMENTAL MONITORING STATUTORY (EU DIRECTIVES),RIVER / RUNNING SURFACE WATER,9447,"Boron, Dissolved",<100,MICROGRAM PER LITRE
https://environment.data.gov.uk/water-quality/sampling-point/TH-PWER0030/sample/1452889/observation/9451,TH-PWER0030,WEY ABOVE THAMES,-0.4571,51.3786,Thames,THAMES - WEST THAMES,Multiple Values,OPEN,FRESHWATER - RIVERS,2025-11-27T15:54:00,2025,ENVIRONMENTAL MONITORING STATUTORY (EU DIRECTIVES),RIVER / RUNNING SURFACE WATER,9451,"2,3-Dimethylphenol :- {2,3-Xylenol}",<0.02,MICROGRAM PER LITRE
https://environment.data.gov.uk/water-quality/sampling-point/TH-PWER0030/sample/1452889/observation/9454,TH-PWER0030,WEY ABOVE THAMES,-0.4571,51.3786,Thames,THAMES - WEST THAMES,Multiple Values,OPEN,FRESHWATER - RIVERS,2025-11-27T15:54:00,2025,ENVIRONMENTAL MONITORING STATUTORY (EU DIRECTIVES),RIVER / RUNNING SURFACE WATER,9454,2-Ethyl phenol,<0.02,MICROGRAM PER LITRE
https://environment.data.gov.uk/water-quality/sampling-point/TH-PWER0030/sample/1452889/observation/9456,TH-PWER0030,WEY ABOVE THAMES,-0.4571,51.3786,Thames,THAMES - WEST THAMES,Multiple Values,OPEN,FRESHWATER - RIVERS,2025-11-27T15:54:00,2025,ENVIRONMENTAL MONITORING STATUTORY (EU DIRECTIVES),RIVER / RUNNING SURFACE WATER,9456,"1,2,4-Trimethylbenzene",<0.1,MICROGRAM PER LITRE
https://environment.data.gov.uk/water-quality/sampling-point/TH-PWER0030/sample/1452889/observation/9457,TH-PWER0030,WEY ABOVE THAMES,-0.4571,51.3786,Thames,THAMES - WEST THAMES,Multiple Values,OPEN,FRESHWATER - RIVERS,2025-11-27T15:54:00,2025,ENVIRONMENTAL MONITORING STATUTORY (EU DIRECTIVES),RIVER / RUNNING SURFACE WATER,9457,"1,2,3-Trimethylbenzene",<0.1,MICROGRAM PER LITRE
https://environment.data.gov.uk/water-quality/sampling-point/TH-PWER0030/sample/1452889/observation/9458,TH-PWER0030,WEY ABOVE THAMES,-0.4571,51.3786,Thames,THAMES - WEST THAMES,Multiple Values,OPEN,FRESHWATER - RIVERS,2025-11-27T15:54:00,2025,ENVIRONMENTAL MONITORING STATUTORY (EU DIRECTIVES),RIVER / RUNNING SURFACE WATER,9458,"1,3,5-Trimethylbenzene :- {Mesitylene}",<0.1,MICROGRAM PER LITRE
https://environment.data.gov.uk/water-quality/sampling-point/TH-PWER0030/sample/1452889/observation/9522,TH-PWER0030,WEY ABOVE THAMES,-0.4571,51.3786,Thames,THAMES - WEST THAMES,Multiple Values,OPEN,FRESHWATER - RIVERS,2025-11-27T15:54:00,2025,ENVIRONMENTAL MONITORING STATUTORY (EU DIRECTIVES),RIVER / RUNNING SURFACE WATER,9522,Phenol,0.11,MICROGRAM PER LITRE
https://environment.data.gov.uk/water-quality/sampling-point/TH-PWER0030/sample/1452889/observation/9618,TH-PWER0030,WEY ABOVE THAMES,-0.4571,51.3786,Thames,THAMES - WEST THAMES,Multiple Values,OPEN,FRESHWATER - RIVERS,2025-11-27T15:54:00,2025,ENVIRONMENTAL MONITORING STATUTORY (EU DIRECTIVES),RIVER / RUNNING SURFACE WATER,9618,"1,2-Dichlorobenzene",<0.1,MICROGRAM PER LITRE
https://environment.data.gov.uk/water-quality/sampling-point/TH-PWER0030/sample/1452889/observation/9619,TH-PWER0030,WEY ABOVE THAMES,-0.4571,51.3786,Thames,THAMES - WEST THAMES,Multiple Values,OPEN,FRESHWATER - RIVERS,2025-11-27T15:54:00,2025,ENVIRONMENTAL MONITORING STATUTORY (EU DIRECTIVES),RIVER / RUNNING SURFACE WATER,9619,"1,3-Dichlorobenzene",<0.1,MICROGRAM PER LITRE
https://environment.data.gov.uk/water-quality/sampling-point/TH-PWER0030/sample/1452889/observation/9684,TH-PWER0030,WEY ABOVE THAMES,-0.4571,51.3786,Thames,THAMES - WEST THAMES,Multiple Values,OPEN,FRESHWATER - RIVERS,2025-11-27T15:54:00,2025,ENVIRONMENTAL MONITORING STATUTORY (EU DIRECTIVES),RIVER / RUNNING SURFACE WATER,9684,"1,1-Dichloropropylene :- {1,1-Dichloropropene}",<0.1,MICROGRAM PER LITRE
https://environment.data.gov.uk/water-quality/sampling-point/TH-PWER0030/sample/1452889/observation/9703,TH-PWER0030,WEY ABOVE THAMES,-0.4571,51.3786,Thames,THAMES - WEST THAMES,Multiple Values,OPEN,FRESHWATER - RIVERS,2025-11-27T15:54:00,2025,ENVIRONMENTAL MONITORING STATUTORY (EU DIRECTIVES),RIVER / RUNNING SURFACE WATER,9703,3-Chlorophenol,<0.02,MICROGRAM PER LITRE
https://environment.data.gov.uk/water-quality/sampling-point/TH-PWER0030/sample/1452889/observation/9811,TH-PWER0030,WEY ABOVE THAMES,-0.4571,51.3786,Thames,THAMES - WEST THAMES,Multiple Values,OPEN,FRESHWATER - RIVERS,2025-11-27T15:54:00,2025,ENVIRONMENTAL MONITORING STATUTORY (EU DIRECTIVES),RIVER / RUNNING SURFACE WATER,9811,"1,1,2-Trichloroethane",<0.1,MICROGRAM PER LITRE
https://environment.data.gov.uk/water-quality/sampling-point/TH-PWER0030/sample/1452889/observation/9814,TH-PWER0030,WEY ABOVE THAMES,-0.4571,51.3786,Thames,THAMES - WEST THAMES,Multiple Values,OPEN,FRESHWATER - RIVERS,2025-11-27T15:54:00,2025,ENVIRONMENTAL MONITORING STATUTORY (EU DIRECTIVES),RIVER / RUNNING SURFACE WATER,9814,2-Chlorophenol,<0.02,MICROGRAM PER LITRE
https://environment.data.gov.uk/water-quality/sampling-point/TH-PWER0030/sample/1452889/observation/9815,TH-PWER0030,WEY ABOVE THAMES,-0.4571,51.3786,Thames,THAMES - WEST THAMES,Multiple Values,OPEN,FRESHWATER - RIVERS,2025-11-27T15:54:00,2025,ENVIRONMENTAL MONITORING STATUTORY (EU DIRECTIVES),RIVER / RUNNING SURFACE WATER,9815,4-Chlorophenol,<0.02,MICROGRAM PER LITRE
https://environment.data.gov.uk/water-quality/sampling-point/TH-PWER0030/sample/1452889/observation/9816,TH-PWER0030,WEY ABOVE THAMES,-0.4571,51.3786,Thames,THAMES - WEST THAMES,Multiple Values,OPEN,FRESHWATER - RIVERS,2025-11-27T15:54:00,2025,ENVIRONMENTAL MONITORING STATUTORY (EU DIRECTIVES),RIVER / RUNNING SURFACE WATER,9816,"2,4-Dichlorophenol",<0.02,MICROGRAM PER LITRE
https://environment.data.gov.uk/water-quality/sampling-point/TH-PWER0030/sample/1452889/observation/9817,TH-PWER0030,WEY ABOVE THAMES,-0.4571,51.3786,Thames,THAMES - WEST THAMES,Multiple Values,OPEN,FRESHWATER - RIVERS,2025-11-27T15:54:00,2025,ENVIRONMENTAL MONITORING STATUTORY (EU DIRECTIVES),RIVER / RUNNING SURFACE WATER,9817,"2,6-Dichlorophenol",<0.02,MICROGRAM PER LITRE
https://environment.data.gov.uk/water-quality/sampling-point/TH-PWER0030/sample/1452889/observation/9818,TH-PWER0030,WEY ABOVE THAMES,-0.4571,51.3786,Thames,THAMES - WEST THAMES,Multiple Values,OPEN,FRESHWATER - RIVERS,2025-11-27T15:54:00,2025,ENVIRONMENTAL MONITORING STATUTORY (EU DIRECTIVES),RIVER / RUNNING SURFACE WATER,9818,"2,4,5-Trichlorophenol",<0.02,MICROGRAM PER LITRE
https://environment.data.gov.uk/water-quality/sampling-point/TH-PWER0030/sample/1452889/observation/9819,TH-PWER0030,WEY ABOVE THAMES,-0.4571,51.3786,Thames,THAMES - WEST THAMES,Multiple Values,OPEN,FRESHWATER - RIVERS,2025-11-27T15:54:00,2025,ENVIRONMENTAL MONITORING STATUTORY (EU DIRECTIVES),RIVER / RUNNING SURFACE WATER,9819,"2,4,6-Trichlorophenol",<0.02,MICROGRAM PER LITRE
https://environment.data.gov.uk/water-quality/sampling-point/TH-PWER0030/sample/1452889/observation/9836,TH-PWER0030,WEY ABOVE THAMES,-0.4571,51.3786,Thames,THAMES - WEST THAMES,Multiple Values,OPEN,FRESHWATER - RIVERS,2025-11-27T15:54:00,2025,ENVIRONMENTAL MONITORING STATUTORY (EU DIRECTIVES),RIVER / RUNNING SURFACE WATER,9836,"1,1-Dichloroethylene :- {1,1-Dichloroethene}",<0.1,MICROGRAM PER LITRE
https://environment.data.gov.uk/water-quality/sampling-point/TH-PWER0030/sample/1452889/observation/9839,TH-PWER0030,WEY ABOVE THAMES,-0.4571,51.3786,Thames,THAMES - WEST THAMES,Multiple Values,OPEN,FRESHWATER - RIVERS,2025-11-27T15:54:00,2025,ENVIRONMENTAL MONITORING STATUTORY (EU DIRECTIVES),RIVER / RUNNING SURFACE WATER,9839,tert-Amyl methyl ether :- {TAME},<0.1,MICROGRAM PER LITRE
https://environment.data.gov.uk/water-quality/sampling-point/TH-PWER0030/sample/1452889/observation/9844,TH-PWER0030,WEY ABOVE THAMES,-0.4571,51.3786,Thames,THAMES - WEST THAMES,Multiple Values,OPEN,FRESHWATER - RIVERS,2025-11-27T15:54:00,2025,ENVIRONMENTAL MONITORING STATUTORY (EU DIRECTIVES),RIVER / RUNNING SURFACE WATER,9844,Ethyl tert-butyl ether :- {ETBE},<0.1,MICROGRAM PER LITRE
https://environment.data.gov.uk/water-quality/sampling-point/TH-PWER0030/sample/1452889/observation/9845,TH-PWER0030,WEY ABOVE THAMES,-0.4571,51.3786,Thames,THAMES - WEST THAMES,Multiple Values,OPEN,FRESHWATER - RIVERS,2025-11-27T15:54:00,2025,ENVIRONMENTAL MONITORING STATUTORY (EU DIRECTIVES),RIVER / RUNNING SURFACE WATER,9845,"1,2-Dimethylbenzene :- {o-Xylene}",<0.1,MICROGRAM PER LITRE
https://environment.data.gov.uk/water-quality/sampling-point/TH-PWER0030/sample/1452889/observation/9888,TH-PWER0030,WEY ABOVE THAMES,-0.4571,51.3786,Thames,THAMES - WEST THAMES,Multiple Values,OPEN,FRESHWATER - RIVERS,2025-11-27T15:54:00,2025,ENVIRONMENTAL MONITORING STATUTORY (EU DIRECTIVES),RIVER / RUNNING SURFACE WATER,9888,Styrene :- {Vinylbenzene},<0.1,MICROGRAM PER LITRE
https://environment.data.gov.uk/water-quality/sampling-point/TH-PWER0030/sample/1452889/observation/9901,TH-PWER0030,WEY ABOVE THAMES,-0.4571,51.3786,Thames,THAMES - WEST THAMES,Multiple Values,OPEN,FRESHWATER - RIVERS,2025-11-27T15:54:00,2025,ENVIRONMENTAL MONITORING STATUTORY (EU DIRECTIVES),RIVER / RUNNING SURFACE WATER,9901,"Oxygen, Dissolved, % Saturation",100.7,PERCENTAGE
https://environment.data.gov.uk/water-quality/sampling-point/TH-PWER0030/sample/1452889/observation/9924,TH-PWER0030,WEY ABOVE THAMES,-0.4571,51.3786,Thames,THAMES - WEST THAMES,Multiple Values,OPEN,FRESHWATER - RIVERS,2025-11-27T15:54:00,2025,ENVIRONMENTAL MONITORING STATUTORY (EU DIRECTIVES),RIVER / RUNNING SURFACE WATER,9924,"Oxygen, Dissolved as O2",11.8,MILLIGRAM PER LITRE
https://environment.data.gov.uk/water-quality/sampling-point/TH-RTN0005/sample/1422489/observation/0061,TH-RTN0005,THAMES AT SHEPPERTON LOCK,-0.4578,51.3824,Thames,THAMES - WEST THAMES,Multiple Values,OPEN,FRESHWATER - RIVERS,2025-01-07T10:35:00,2025,MONITORING  (NATIONAL AGENCY POLICY),RIVER / RUNNING SURFACE WATER,61,pH,7.55,PH UNITS
https://environment.data.gov.uk/water-quality/sampling-point/TH-RTN0005/sample/1422489/observation/0076,TH-RTN0005,THAMES AT SHEPPERTON LOCK,-0.4578,51.3824,Thames,THAMES - WEST THAMES,Multiple Values,OPEN,FRESHWATER - RIVERS,2025-01-07T10:35:00,2025,MONITORING  (NATIONAL AGENCY POLICY),RIVER / RUNNING SURFACE WATER,76,Temperature of Water,6.5,CELSIUS
https://environment.data.gov.uk/water-quality/sampling-point/TH-RTN0005/sample/1422489/observation/0077,TH-RTN0005,THAMES AT SHEPPERTON LOCK,-0.4578,51.3824,Thames,THAMES - WEST THAMES,Multiple Values,OPEN,FRESHWATER - RIVERS,2025-01-07T10:35:00,2025,MONITORING  (NATIONAL AGENCY POLICY),RIVER / RUNNING SURFACE WATER,77,Conductivity at 25 C,596,MICROSIEMENS PER CENTIMETRE
https://environment.data.gov.uk/water-quality/sampling-point/TH-RTN0005/sample/1422489/observation/9901,TH-RTN0005,THAMES AT SHEPPERTON LOCK,-0.4578,51.3824,Thames,THAMES - WEST THAMES,Multiple Values,OPEN,FRESHWATER - RIVERS,2025-01-07T10:35:00,2025,MONITORING  (NATIONAL AGENCY POLICY),RIVER / RUNNING SURFACE WATER,9901,"Oxygen, Dissolved, % Saturation",95,PERCENTAGE
https://environment.data.gov.uk/water-quality/sampling-point/TH-RTN0005/sample/1422489/observation/9924,TH-RTN0005,THAMES AT SHEPPERTON LOCK,-0.4578,51.3824,Thames,THAMES - WEST THAMES,Multiple Values,OPEN,FRESHWATER - RIVERS,2025-01-07T10:35:00,2025,MONITORING  (NATIONAL AGENCY POLICY),RIVER / RUNNING SURFACE WATER,9924,"Oxygen, Dissolved as O2",11.7,MILLIGRAM PER LITRE
https://environment.data.gov.uk/water-quality/sampling-point/TH-RTN0005/sample/1436354/observation/0061,TH-RTN0005,THAMES AT SHEPPERTON LOCK,-0.4578,51.3824,Thames,THAMES - WEST THAMES,Multiple Values,OPEN,FRESHWATER - RIVERS,2025-04-09T11:49:00,2025,MONITORING  (NATIONAL AGENCY POLICY),RIVER / RUNNING SURFACE WATER,61,pH,8.69,PH UNITS
https://environment.data.gov.uk/water-quality/sampling-point/TH-RTN0005/sample/1436354/observation/0076,TH-RTN0005,THAMES AT SHEPPERTON LOCK,-0.4578,51.3824,Thames,THAMES - WEST THAMES,Multiple Values,OPEN,FRESHWATER - RIVERS,2025-04-09T11:49:00,2025,MONITORING  (NATIONAL AGENCY POLICY),RIVER / RUNNING SURFACE WATER,76,Temperature of Water,12.7,CELSIUS
https://environment.data.gov.uk/water-quality/sampling-point/TH-RTN0005/sample/1436354/observation/0077,TH-RTN0005,THAMES AT SHEPPERTON LOCK,-0.4578,51.3824,Thames,THAMES - WEST THAMES,Multiple Values,OPEN,FRESHWATER - RIVERS,2025-04-09T11:49:00,2025,MONITORING  (NATIONAL AGENCY POLICY),RIVER / RUNNING SURFACE WATER,77,Conductivity at 25 C,655,MICROSIEMENS PER CENTIMETRE
https://environment.data.gov.uk/water-quality/sampling-point/TH-RTN0005/sample/1436354/observation/9901,TH-RTN0005,THAMES AT SHEPPERTON LOCK,-0.4578,51.3824,Thames,THAMES - WEST THAMES,Multiple Values,OPEN,FRESHWATER - RIVERS,2025-04-09T11:49:00,2025,MONITORING  (NATIONAL AGENCY POLICY),RIVER / RUNNING SURFACE WATER,9901,"Oxygen, Dissolved, % Saturation",119.8,PERCENTAGE
https://environment.data.gov.uk/water-quality/sampling-point/TH-RTN0005/sample/1436354/observation/9924,TH-RTN0005,THAMES AT SHEPPERTON LOCK,-0.4578,51.3824,Thames,THAMES - WEST THAMES,Multiple Values,OPEN,FRESHWATER - RIVERS,2025-04-09T11:49:00,2025,MONITORING  (NATIONAL AGENCY POLICY),RIVER / RUNNING SURFACE WATER,9924,"Oxygen, Dissolved as O2",12.7,MILLIGRAM PER LITRE
https://environment.data.gov.uk/water-quality/sampling-point/TH-RTN0005/sample/1442029/observation/0061,TH-RTN0005,THAMES AT SHEPPERTON LOCK,-0.4578,51.3824,Thames,THAMES - WEST THAMES,Multiple Values,OPEN,FRESHWATER - RIVERS,2025-07-31T10:22:00,2025,MONITORING  (NATIONAL AGENCY POLICY),RIVER / RUNNING SURFACE WATER,61,pH,8.12,PH UNITS
https://environment.data.gov.uk/water-quality/sampling-point/TH-RTN0005/sample/1442029/observation/0076,TH-RTN0005,THAMES AT SHEPPERTON LOCK,-0.4578,51.3824,Thames,THAMES - WEST THAMES,Multiple Values,OPEN,FRESHWATER - RIVERS,2025-07-31T10:22:00,2025,MONITORING  (NATIONAL AGENCY POLICY),RIVER / RUNNING SURFACE WATER,76,Temperature of Water,19.8,CELSIUS
https://environment.data.gov.uk/water-quality/sampling-point/TH-RTN0005/sample/1442029/observation/0077,TH-RTN0005,THAMES AT SHEPPERTON LOCK,-0.4578,51.3824,Thames,THAMES - WEST THAMES,Multiple Values,OPEN,FRESHWATER - RIVERS,2025-07-31T10:22:00,2025,MONITORING  (NATIONAL AGENCY POLICY),RIVER / RUNNING SURFACE WATER,77,Conductivity at 25 C,717,MICROSIEMENS PER CENTIMETRE
https://environment.data.gov.uk/water-quality/sampling-point/TH-RTN0005/sample/1442029/observation/9901,TH-RTN0005,THAMES AT SHEPPERTON LOCK,-0.4578,51.3824,Thames,THAMES - WEST THAMES,Multiple Values,OPEN,FRESHWATER - RIVERS,2025-07-31T10:22:00,2025,MONITORING  (NATIONAL AGENCY POLICY),RIVER / RUNNING SURFACE WATER,9901,"Oxygen, Dissolved, % Saturation",92.3,PERCENTAGE
https://environment.data.gov.uk/water-quality/sampling-point/TH-RTN0005/sample/1442029/observation/9924,TH-RTN0005,THAMES AT SHEPPERTON LOCK,-0.4578,51.3824,Thames,THAMES - WEST THAMES,Multiple Values,OPEN,FRESHWATER - RIVERS,2025-07-31T10:22:00,2025,MONITORING  (NATIONAL AGENCY POLICY),RIVER / RUNNING SURFACE WATER,9924,"Oxygen, Dissolved as O2",8.4,MILLIGRAM PER LITRE
https://environment.data.gov.uk/water-quality/sampling-point/TH-RTN0005/sample/1451164/observation/0061,TH-RTN0005,THAMES AT SHEPPERTON LOCK,-0.4578,51.3824,Thames,THAMES - WEST THAMES,Multiple Values,OPEN,FRESHWATER - RIVERS,2025-10-24T13:04:00,2025,MONITORING  (NATIONAL AGENCY POLICY),RIVER / RUNNING SURFACE WATER,61,pH,7.95,PH UNITS
https://environment.data.gov.uk/water-quality/sampling-point/TH-RTN0005/sample/1451164/observation/0076,TH-RTN0005,THAMES AT SHEPPERTON LOCK,-0.4578,51.3824,Thames,THAMES - WEST THAMES,Multiple Values,OPEN,FRESHWATER - RIVERS,2025-10-24T13:04:00,2025,MONITORING  (NATIONAL AGENCY POLICY),RIVER / RUNNING SURFACE WATER,76,Temperature of Water,11.9,CELSIUS
https://environment.data.gov.uk/water-quality/sampling-point/TH-RTN0005/sample/1451164/observation/0077,TH-RTN0005,THAMES AT SHEPPERTON LOCK,-0.4578,51.3824,Thames,THAMES - WEST THAMES,Multiple Values,OPEN,FRESHWATER - RIVERS,2025-10-24T13:04:00,2025,MONITORING  (NATIONAL AGENCY POLICY),RIVER / RUNNING SURFACE WATER,77,Conductivity at 25 C,752,MICROSIEMENS PER CENTIMETRE
https://environment.data.gov.uk/water-quality/sampling-point/TH-RTN0005/sample/1451164/observation/9901,TH-RTN0005,THAMES AT SHEPPERTON LOCK,-0.4578,51.3824,Thames,THAMES - WEST THAMES,Multiple Values,OPEN,FRESHWATER - RIVERS,2025-10-24T13:04:00,2025,MONITORING  (NATIONAL AGENCY POLICY),RIVER / RUNNING SURFACE WATER,9901,"Oxygen, Dissolved, % Saturation",94.4,PERCENTAGE
https://environment.data.gov.uk/water-quality/sampling-point/TH-RTN0005/sample/1451164/observation/9924,TH-RTN0005,THAMES AT SHEPPERTON LOCK,-0.4578,51.3824,Thames,THAMES - WEST THAMES,Multiple Values,OPEN,FRESHWATER - RIVERS,2025-10-24T13:04:00,2025,MONITORING  (NATIONAL AGENCY POLICY),RIVER / RUNNING SURFACE WATER,9924,"Oxygen, Dissolved as O2",10.2,MILLIGRAM PER LITRE
https://environment.data.gov.uk/water-quality/sampling-point/TH-RTN0006/sample/1422941/observation/0061,TH-RTN0006,THAMES AT PENTON HOOK LOCK,-0.4983,51.4144,Thames,THAMES - WEST THAMES,Multiple Values,OPEN,FRESHWATER - RIVERS,2025-01-21T10:07:00,2025,MONITORING  (NATIONAL AGENCY POLICY),RIVER / RUNNING SURFACE WATER,61,pH,8.17,PH UNITS
https://environment.data.gov.uk/water-quality/sampling-point/TH-RTN0006/sample/1422941/observation/0076,TH-RTN0006,THAMES AT PENTON HOOK LOCK,-0.4983,51.4144,Thames,THAMES - WEST THAMES,Multiple Values,OPEN,FRESHWATER - RIVERS,2025-01-21T10:07:00,2025,MONITORING  (NATIONAL AGENCY POLICY),RIVER / RUNNING SURFACE WATER,76,Temperature of Water,6.5,CELSIUS
https://environment.data.gov.uk/water-quality/sampling-point/TH-RTN0006/sample/1422941/observation/0077,TH-RTN0006,THAMES AT PENTON HOOK LOCK,-0.4983,51.4144,Thames,THAMES - WEST THAMES,Multiple Values,OPEN,FRESHWATER - RIVERS,2025-01-21T10:07:00,2025,MONITORING  (NATIONAL AGENCY POLICY),RIVER / RUNNING SURFACE WATER,77,Conductivity at 25 C,676,MICROSIEMENS PER CENTIMETRE
https://environment.data.gov.uk/water-quality/sampling-point/TH-RTN0006/sample/1422941/observation/9901,TH-RTN0006,THAMES AT PENTON HOOK LOCK,-0.4983,51.4144,Thames,THAMES - WEST THAMES,Multiple Values,OPEN,FRESHWATER - RIVERS,2025-01-21T10:07:00,2025,MONITORING  (NATIONAL AGENCY POLICY),RIVER / RUNNING SURFACE WATER,9901,"Oxygen, Dissolved, % Saturation",102.4,PERCENTAGE
https://environment.data.gov.uk/water-quality/sampling-point/TH-RTN0006/sample/1422941/observation/9924,TH-RTN0006,THAMES AT PENTON HOOK LOCK,-0.4983,51.4144,Thames,THAMES - WEST THAMES,Multiple Values,OPEN,FRESHWATER - RIVERS,2025-01-21T10:07:00,2025,MONITORING  (NATIONAL AGENCY POLICY),RIVER / RUNNING SURFACE WATER,9924,"Oxygen, Dissolved as O2",12.6,MILLIGRAM PER LITRE
https://environment.data.gov.uk/water-quality/sampling-point/TH-RTN0006/sample/1436145/observation/0076,TH-RTN0006,THAMES AT PENTON HOOK LOCK,-0.4983,51.4144,Thames,THAMES - WEST THAMES,Multiple Values,OPEN,FRESHWATER - RIVERS,2025-04-03T12:31:00,2025,MONITORING  (NATIONAL AGENCY POLICY),RIVER / RUNNING SURFACE WATER,76,Temperature of Water,13.1,CELSIUS
https://environment.data.gov.uk/water-quality/sampling-point/TH-RTN0006/sample/1436145/observation/0077,TH-RTN0006,THAMES AT PENTON HOOK LOCK,-0.4983,51.4144,Thames,THAMES - WEST THAMES,Multiple Values,OPEN,FRESHWATER - RIVERS,2025-04-03T12:31:00,2025,MONITORING  (NATIONAL AGENCY POLICY),RIVER / RUNNING SURFACE WATER,77,Conductivity at 25 C,685,MICROSIEMENS PER CENTIMETRE
https://environment.data.gov.uk/water-quality/sampling-point/TH-RTN0006/sample/1436145/observation/9901,TH-RTN0006,THAMES AT PENTON HOOK LOCK,-0.4983,51.4144,Thames,THAMES - WEST THAMES,Multiple Values,OPEN,FRESHWATER - RIVERS,2025-04-03T12:31:00,2025,MONITORING  (NATIONAL AGENCY POLICY),RIVER / RUNNING SURFACE WATER,9901,"Oxygen, Dissolved, % Saturation",114.3,PERCENTAGE
https://environment.data.gov.uk/water-quality/sampling-point/TH-RTN0006/sample/1436145/observation/9924,TH-RTN0006,THAMES AT PENTON HOOK LOCK,-0.4983,51.4144,Thames,THAMES - WEST THAMES,Multiple Values,OPEN,FRESHWATER - RIVERS,2025-04-03T12:31:00,2025,MONITORING  (NATIONAL AGENCY POLICY),RIVER / RUNNING SURFACE WATER,9924,"Oxygen, Dissolved as O2",12,MILLIGRAM PER LITRE
https://environment.data.gov.uk/water-quality/sampling-point/TH-RTN0006/sample/1441061/observation/0061,TH-RTN0006,THAMES AT PENTON HOOK LOCK,-0.4983,51.4144,Thames,THAMES - WEST THAMES,Multiple Values,OPEN,FRESHWATER - RIVERS,2025-07-03T09:49:00,2025,MONITORING  (NATIONAL AGENCY POLICY),RIVER / RUNNING SURFACE WATER,61,pH,8.15,PH UNITS
https://environment.data.gov.uk/water-quality/sampling-point/TH-RTN0006/sample/1441061/observation/0076,TH-RTN0006,THAMES AT PENTON HOOK LOCK,-0.4983,51.4144,Thames,THAMES - WEST THAMES,Multiple Values,OPEN,FRESHWATER - RIVERS,2025-07-03T09:49:00,2025,MONITORING  (NATIONAL AGENCY POLICY),RIVER / RUNNING SURFACE WATER,76,Temperature of Water,22.4,CELSIUS
https://environment.data.gov.uk/water-quality/sampling-point/TH-RTN0006/sample/1441061/observation/0077,TH-RTN0006,THAMES AT PENTON HOOK LOCK,-0.4983,51.4144,Thames,THAMES - WEST THAMES,Multiple Values,OPEN,FRESHWATER - RIVERS,2025-07-03T09:49:00,2025,MONITORING  (NATIONAL AGENCY POLICY),RIVER / RUNNING SURFACE WATER,77,Conductivity at 25 C,730,MICROSIEMENS PER CENTIMETRE
https://environment.data.gov.uk/water-quality/sampling-point/TH-RTN0006/sample/1441061/observation/9901,TH-RTN0006,THAMES AT PENTON HOOK LOCK,-0.4983,51.4144,Thames,THAMES - WEST THAMES,Multiple Values,OPEN,FRESHWATER - RIVERS,2025-07-03T09:49:00,2025,MONITORING  (NATIONAL AGENCY POLICY),RIVER / RUNNING SURFACE WATER,9901,"Oxygen, Dissolved, % Saturation",88.7,PERCENTAGE
https://environment.data.gov.uk/water-quality/sampling-point/TH-RTN0006/sample/1441061/observation/9924,TH-RTN0006,THAMES AT PENTON HOOK LOCK,-0.4983,51.4144,Thames,THAMES - WEST THAMES,Multiple Values,OPEN,FRESHWATER - RIVERS,2025-07-03T09:49:00,2025,MONITORING  (NATIONAL AGENCY POLICY),RIVER / RUNNING SURFACE WATER,9924,"Oxygen, Dissolved as O2",7.68,MILLIGRAM PER LITRE
https://environment.data.gov.uk/water-quality/sampling-point/TH-RTN0006/sample/1445237/observation/0061,TH-RTN0006,THAMES AT PENTON HOOK LOCK,-0.4983,51.4144,Thames,THAMES - WEST THAMES,Multiple Values,OPEN,FRESHWATER - RIVERS,2025-10-03T12:20:00,2025,MONITORING  (NATIONAL AGENCY POLICY),RIVER / RUNNING SURFACE WATER,61,pH,7.97,PH UNITS
https://environment.data.gov.uk/water-quality/sampling-point/TH-RTN0006/sample/1445237/observation/0076,TH-RTN0006,THAMES AT PENTON HOOK LOCK,-0.4983,51.4144,Thames,THAMES - WEST THAMES,Multiple Values,OPEN,FRESHWATER - RIVERS,2025-10-03T12:20:00,2025,MONITORING  (NATIONAL AGENCY POLICY),RIVER / RUNNING SURFACE WATER,76,Temperature of Water,14.8,CELSIUS
https://environment.data.gov.uk/water-quality/sampling-point/TH-RTN0006/sample/1445237/observation/0077,TH-RTN0006,THAMES AT PENTON HOOK LOCK,-0.4983,51.4144,Thames,THAMES - WEST THAMES,Multiple Values,OPEN,FRESHWATER - RIVERS,2025-10-03T12:20:00,2025,MONITORING  (NATIONAL AGENCY POLICY),RIVER / RUNNING SURFACE WATER,77,Conductivity at 25 C,872,MICROSIEMENS PER CENTIMETRE
https://environment.data.gov.uk/water-quality/sampling-point/TH-RTN0006/sample/1445237/observation/9901,TH-RTN0006,THAMES AT PENTON HOOK LOCK,-0.4983,51.4144,Thames,THAMES - WEST THAMES,Multiple Values,OPEN,FRESHWATER - RIVERS,2025-10-03T12:20:00,2025,MONITORING  (NATIONAL AGENCY POLICY),RIVER / RUNNING SURFACE WATER,9901,"Oxygen, Dissolved, % Saturation",77.6,PERCENTAGE
https://environment.data.gov.uk/water-quality/sampling-point/TH-RTN0006/sample/1445237/observation/9924,TH-RTN0006,THAMES AT PENTON HOOK LOCK,-0.4983,51.4144,Thames,THAMES - WEST THAMES,Multiple Values,OPEN,FRESHWATER - RIVERS,2025-10-03T12:20:00,2025,MONITORING  (NATIONAL AGENCY POLICY),RIVER / RUNNING SURFACE WATER,9924,"Oxygen, Dissolved as O2",7.84,MILLIGRAM PER LITRE
https://environment.data.gov.uk/water-quality/sampling-point/TH-RTN0007/sample/1423280/observation/0061,TH-RTN0007,THAMES BELOW MOLESEY LOCK,-0.3449,51.4042,Thames,THAMES - WEST THAMES,Multiple Values,OPEN,FRESHWATER - RIVERS,2025-01-28T13:06:00,2025,MONITORING  (NATIONAL AGENCY POLICY),RIVER / RUNNING SURFACE WATER,61,pH,8.04,PH UNITS
https://environment.data.gov.uk/water-quality/sampling-point/TH-RTN0007/sample/1423280/observation/0076,TH-RTN0007,THAMES BELOW MOLESEY LOCK,-0.3449,51.4042,Thames,THAMES - WEST THAMES,Multiple Values,OPEN,FRESHWATER - RIVERS,2025-01-28T13:06:00,2025,MONITORING  (NATIONAL AGENCY POLICY),RIVER / RUNNING SURFACE WATER,76,Temperature of Water,7.2,CELSIUS
https://environment.data.gov.uk/water-quality/sampling-point/TH-RTN0007/sample/1423280/observation/0077,TH-RTN0007,THAMES BELOW MOLESEY LOCK,-0.3449,51.4042,Thames,THAMES - WEST THAMES,Multiple Values,OPEN,FRESHWATER - RIVERS,2025-01-28T13:06:00,2025,MONITORING  (NATIONAL AGENCY POLICY),RIVER / RUNNING SURFACE WATER,77,Conductivity at 25 C,614,MICROSIEMENS PER CENTIMETRE
https://environment.data.gov.uk/water-quality/sampling-point/TH-RTN0007/sample/1423280/observation/9901,TH-RTN0007,THAMES BELOW MOLESEY LOCK,-0.3449,51.4042,Thames,THAMES - WEST THAMES,Multiple Values,OPEN,FRESHWATER - RIVERS,2025-01-28T13:06:00,2025,MONITORING  (NATIONAL AGENCY POLICY),RIVER / RUNNING SURFACE WATER,9901,"Oxygen, Dissolved, % Saturation",94.1,PERCENTAGE
https://environment.data.gov.uk/water-quality/sampling-point/TH-RTN0007/sample/1423280/observation/9924,TH-RTN0007,THAMES BELOW MOLESEY LOCK,-0.3449,51.4042,Thames,THAMES - WEST THAMES,Multiple Values,OPEN,FRESHWATER - RIVERS,2025-01-28T13:06:00,2025,MONITORING  (NATIONAL AGENCY POLICY),RIVER / RUNNING SURFACE WATER,9924,"Oxygen, Dissolved as O2",11.3,MILLIGRAM PER LITRE
https://environment.data.gov.uk/water-quality/sampling-point/TH-RTN0007/sample/1437354/observation/0061,TH-RTN0007,THAMES BELOW MOLESEY LOCK,-0.3449,51.4042,Thames,THAMES - WEST THAMES,Multiple Values,OPEN,FRESHWATER - RIVERS,2025-04-30T11:31:00,2025,MONITORING  (NATIONAL AGENCY POLICY),RIVER / RUNNING SURFACE WATER,61,pH,8.49,PH UNITS
https://environment.data.gov.uk/water-quality/sampling-point/TH-RTN0007/sample/1437354/observation/0076,TH-RTN0007,THAMES BELOW MOLESEY LOCK,-0.3449,51.4042,Thames,THAMES - WEST THAMES,Multiple Values,OPEN,FRESHWATER - RIVERS,2025-04-30T11:31:00,2025,MONITORING  (NATIONAL AGENCY POLICY),RIVER / RUNNING SURFACE WATER,76,Temperature of Water,16,CELSIUS
https://environment.data.gov.uk/water-quality/sampling-point/TH-RTN0007/sample/1437354/observation/0077,TH-RTN0007,THAMES BELOW MOLESEY LOCK,-0.3449,51.4042,Thames,THAMES - WEST THAMES,Multiple Values,OPEN,FRESHWATER - RIVERS,2025-04-30T11:31:00,2025,MONITORING  (NATIONAL AGENCY POLICY),RIVER / RUNNING SURFACE WATER,77,Conductivity at 25 C,596,MICROSIEMENS PER CENTIMETRE
https://environment.data.gov.uk/water-quality/sampling-point/TH-RTN0007/sample/1437354/observation/9901,TH-RTN0007,THAMES BELOW MOLESEY LOCK,-0.3449,51.4042,Thames,THAMES - WEST THAMES,Multiple Values,OPEN,FRESHWATER - RIVERS,2025-04-30T11:31:00,2025,MONITORING  (NATIONAL AGENCY POLICY),RIVER / RUNNING SURFACE WATER,9901,"Oxygen, Dissolved, % Saturation",112.5,PERCENTAGE
https://environment.data.gov.uk/water-quality/sampling-point/TH-RTN0007/sample/1437354/observation/9924,TH-RTN0007,THAMES BELOW MOLESEY LOCK,-0.3449,51.4042,Thames,THAMES - WEST THAMES,Multiple Values,OPEN,FRESHWATER - RIVERS,2025-04-30T11:31:00,2025,MONITORING  (NATIONAL AGENCY POLICY),RIVER / RUNNING SURFACE WATER,9924,"Oxygen, Dissolved as O2",11.1,MILLIGRAM PER LITRE
https://environment.data.gov.uk/water-quality/sampling-point/TH-RTN0007/sample/1441676/observation/0061,TH-RTN0007,THAMES BELOW MOLESEY LOCK,-0.3449,51.4042,Thames,THAMES - WEST THAMES,Multiple Values,OPEN,FRESHWATER - RIVERS,2025-07-21T11:11:00,2025,MONITORING  (NATIONAL AGENCY POLICY),RIVER / RUNNING SURFACE WATER,61,pH,8.05,PH UNITS
https://environment.data.gov.uk/water-quality/sampling-point/TH-RTN0007/sample/1441676/observation/0076,TH-RTN0007,THAMES BELOW MOLESEY LOCK,-0.3449,51.4042,Thames,THAMES - WEST THAMES,Multiple Values,OPEN,FRESHWATER - RIVERS,2025-07-21T11:11:00,2025,MONITORING  (NATIONAL AGENCY POLICY),RIVER / RUNNING SURFACE WATER,76,Temperature of Water,22,CELSIUS
https://environment.data.gov.uk/water-quality/sampling-point/TH-RTN0007/sample/1441676/observation/0077,TH-RTN0007,THAMES BELOW MOLESEY LOCK,-0.3449,51.4042,Thames,THAMES - WEST THAMES,Multiple Values,OPEN,FRESHWATER - RIVERS,2025-07-21T11:11:00,2025,MONITORING  (NATIONAL AGENCY POLICY),RIVER / RUNNING SURFACE WATER,77,Conductivity at 25 C,697,MICROSIEMENS PER CENTIMETRE
https://environment.data.gov.uk/water-quality/sampling-point/TH-RTN0007/sample/1441676/observation/2921,TH-RTN0007,THAMES BELOW MOLESEY LOCK,-0.3449,51.4042,Thames,THAMES - WEST THAMES,Multiple Values,OPEN,FRESHWATER - RIVERS,2025-07-21T11:11:00,2025,MONITORING  (NATIONAL AGENCY POLICY),RIVER / RUNNING SURFACE WATER,2921,Perfluoro-3-methoxypropanoic acid,<0.0005,MICROGRAM PER LITRE
https://environment.data.gov.uk/water-quality/sampling-point/TH-RTN0007/sample/1441676/observation/2922,TH-RTN0007,THAMES BELOW MOLESEY LOCK,-0.3449,51.4042,Thames,THAMES - WEST THAMES,Multiple Values,OPEN,FRESHWATER - RIVERS,2025-07-21T11:11:00,2025,MONITORING  (NATIONAL AGENCY POLICY),RIVER / RUNNING SURFACE WATER,2922,"Perfluoro-3,6-dioxaheptanoic acid",<0.0005,MICROGRAM PER LITRE
https://environment.data.gov.uk/water-quality/sampling-point/TH-RTN0007/sample/1441676/observation/2923,TH-RTN0007,THAMES BELOW MOLESEY LOCK,-0.3449,51.4042,Thames,THAMES - WEST THAMES,Multiple Values,OPEN,FRESHWATER - RIVERS,2025-07-21T11:11:00,2025,MONITORING  (NATIONAL AGENCY POLICY),RIVER / RUNNING SURFACE WATER,2923,Perfluoro(4-methoxybutanoic) acid,<0.0005,MICROGRAM PER LITRE
https://environment.data.gov.uk/water-quality/sampling-point/TH-RTN0007/sample/1441676/observation/2924,TH-RTN0007,THAMES BELOW MOLESEY LOCK,-0.3449,51.4042,Thames,THAMES - WEST THAMES,Multiple Values,OPEN,FRESHWATER - RIVERS,2025-07-21T11:11:00,2025,MONITORING  (NATIONAL AGENCY POLICY),RIVER / RUNNING SURFACE WATER,2924,Perfluoro(2-ethoxyethane)sulfonic acid,<0.0005,MICROGRAM PER LITRE
https://environment.data.gov.uk/water-quality/sampling-point/TH-RTN0007/sample/1441676/observation/2925,TH-RTN0007,THAMES BELOW MOLESEY LOCK,-0.3449,51.4042,Thames,THAMES - WEST THAMES,Multiple Values,OPEN,FRESHWATER - RIVERS,2025-07-21T11:11:00,2025,MONITORING  (NATIONAL AGENCY POLICY),RIVER / RUNNING SURFACE WATER,2925,3-Perfluoroheptylpropanoic acid,<0.0005,MICROGRAM PER LITRE
https://environment.data.gov.uk/water-quality/sampling-point/TH-RTN0007/sample/1441676/observation/2926,TH-RTN0007,THAMES BELOW MOLESEY LOCK,-0.3449,51.4042,Thames,THAMES - WEST THAMES,Multiple Values,OPEN,FRESHWATER - RIVERS,2025-07-21T11:11:00,2025,MONITORING  (NATIONAL AGENCY POLICY),RIVER / RUNNING SURFACE WATER,2926,3:3 Fluorotelomer carboxylic acid,<0.004,MICROGRAM PER LITRE
https://environment.data.gov.uk/water-quality/sampling-point/TH-RTN0007/sample/1441676/observation/2942,TH-RTN0007,THAMES BELOW MOLESEY LOCK,-0.3449,51.4042,Thames,THAMES - WEST THAMES,Multiple Values,OPEN,FRESHWATER - RIVERS,2025-07-21T11:11:00,2025,MONITORING  (NATIONAL AGENCY POLICY),RIVER / RUNNING SURFACE WATER,2942,2-(N-Ethylperfluorooctanesulfonamido)acetic acid (B),<0.001,MICROGRAM PER LITRE
https://environment.data.gov.uk/water-quality/sampling-point/TH-RTN0007/sample/1441676/observation/2943,TH-RTN0007,THAMES BELOW MOLESEY LOCK,-0.3449,51.4042,Thames,THAMES - WEST THAMES,Multiple Values,OPEN,FRESHWATER - RIVERS,2025-07-21T11:11:00,2025,MONITORING  (NATIONAL AGENCY POLICY),RIVER / RUNNING SURFACE WATER,2943,2-(N-Methylperfluorooctanesulfonamido)acetic acid (B),<0.0005,MICROGRAM PER LITRE
https://environment.data.gov.uk/water-quality/sampling-point/TH-RTN0007/sample/1441676/observation/2944,TH-RTN0007,THAMES BELOW MOLESEY LOCK,-0.3449,51.4042,Thames,THAMES - WEST THAMES,Multiple Values,OPEN,FRESHWATER - RIVERS,2025-07-21T11:11:00,2025,MONITORING  (NATIONAL AGENCY POLICY),RIVER / RUNNING SURFACE WATER,2944,Perfluorohexanesulfonic acid (B),0.00057,MICROGRAM PER LITRE
https://environment.data.gov.uk/water-quality/sampling-point/TH-RTN0007/sample/1441676/observation/2953,TH-RTN0007,THAMES BELOW MOLESEY LOCK,-0.3449,51.4042,Thames,THAMES - WEST THAMES,Multiple Values,OPEN,FRESHWATER - RIVERS,2025-07-21T11:11:00,2025,MONITORING  (NATIONAL AGENCY POLICY),RIVER / RUNNING SURFACE WATER,2953,Perfluoroundecane sulfonic acid,<0.004,MICROGRAM PER LITRE
https://environment.data.gov.uk/water-quality/sampling-point/TH-RTN0007/sample/1441676/observation/2955,TH-RTN0007,THAMES BELOW MOLESEY LOCK,-0.3449,51.4042,Thames,THAMES - WEST THAMES,Multiple Values,OPEN,FRESHWATER - RIVERS,2025-07-21T11:11:00,2025,MONITORING  (NATIONAL AGENCY POLICY),RIVER / RUNNING SURFACE WATER,2955,Perfluorotridecanoic acid,<0.002,MICROGRAM PER LITRE
https://environment.data.gov.uk/water-quality/sampling-point/TH-RTN0007/sample/1441676/observation/2957,TH-RTN0007,THAMES BELOW MOLESEY LOCK,-0.3449,51.4042,Thames,THAMES - WEST THAMES,Multiple Values,OPEN,FRESHWATER - RIVERS,2025-07-21T11:11:00,2025,MONITORING  (NATIONAL AGENCY POLICY),RIVER / RUNNING SURFACE WATER,2957,Perfluoropentanesulfonic acid,<0.0005,MICROGRAM PER LITRE
https://environment.data.gov.uk/water-quality/sampling-point/TH-RTN0007/sample/1441676/observation/2959,TH-RTN0007,THAMES BELOW MOLESEY LOCK,-0.3449,51.4042,Thames,THAMES - WEST THAMES,Multiple Values,OPEN,FRESHWATER - RIVERS,2025-07-21T11:11:00,2025,MONITORING  (NATIONAL AGENCY POLICY),RIVER / RUNNING SURFACE WATER,2959,Perfluorooctanesulfonic acid (linear),0.003,MICROGRAM PER LITRE
https://environment.data.gov.uk/water-quality/sampling-point/TH-RTN0007/sample/1441676/observation/2960,TH-RTN0007,THAMES BELOW MOLESEY LOCK,-0.3449,51.4042,Thames,THAMES - WEST THAMES,Multiple Values,OPEN,FRESHWATER - RIVERS,2025-07-21T11:11:00,2025,MONITORING  (NATIONAL AGENCY POLICY),RIVER / RUNNING SURFACE WATER,2960,Perfluorooctanesulfonic acid (branched),0.002,MICROGRAM PER LITRE
https://environment.data.gov.uk/water-quality/sampling-point/TH-RTN0007/sample/1441676/observation/2961,TH-RTN0007,THAMES BELOW MOLESEY LOCK,-0.3449,51.4042,Thames,THAMES - WEST THAMES,Multiple Values,OPEN,FRESHWATER - RIVERS,2025-07-21T11:11:00,2025,MONITORING  (NATIONAL AGENCY POLICY),RIVER / RUNNING SURFACE WATER,2961,Perfluorooctanesulfonamide,<0.001,MICROGRAM PER LITRE
https://environment.data.gov.uk/water-quality/sampling-point/TH-RTN0007/sample/1441676/observation/2962,TH-RTN0007,THAMES BELOW MOLESEY LOCK,-0.3449,51.4042,Thames,THAMES - WEST THAMES,Multiple Values,OPEN,FRESHWATER - RIVERS,2025-07-21T11:11:00,2025,MONITORING  (NATIONAL AGENCY POLICY),RIVER / RUNNING SURFACE WATER,2962,Perfluorooctadecanoic acid,<0.002,MICROGRAM PER LITRE
https://environment.data.gov.uk/water-quality/sampling-point/TH-RTN0007/sample/1441676/observation/2963,TH-RTN0007,THAMES BELOW MOLESEY LOCK,-0.3449,51.4042,Thames,THAMES - WEST THAMES,Multiple Values,OPEN,FRESHWATER - RIVERS,2025-07-21T11:11:00,2025,MONITORING  (NATIONAL AGENCY POLICY),RIVER / RUNNING SURFACE WATER,2963,Perfluorononanesulfonic acid,<0.0005,MICROGRAM PER LITRE
https://environment.data.gov.uk/water-quality/sampling-point/TH-RTN0007/sample/1441676/observation/2964,TH-RTN0007,THAMES BELOW MOLESEY LOCK,-0.3449,51.4042,Thames,THAMES - WEST THAMES,Multiple Values,OPEN,FRESHWATER - RIVERS,2025-07-21T11:11:00,2025,MONITORING  (NATIONAL AGENCY POLICY),RIVER / RUNNING SURFACE WATER,2964,Perfluorohexanesulfonic acid (L),0.0025,MICROGRAM PER LITRE
https://environment.data.gov.uk/water-quality/sampling-point/TH-RTN0007/sample/1441676/observation/2965,TH-RTN0007,THAMES BELOW MOLESEY LOCK,-0.3449,51.4042,Thames,THAMES - WEST THAMES,Multiple Values,OPEN,FRESHWATER - RIVERS,2025-07-21T11:11:00,2025,MONITORING  (NATIONAL AGENCY POLICY),RIVER / RUNNING SURFACE WATER,2965,Perfluorohexanesulfonamide,<0.0005,MICROGRAM PER LITRE
https://environment.data.gov.uk/water-quality/sampling-point/TH-RTN0007/sample/1441676/observation/2967,TH-RTN0007,THAMES BELOW MOLESEY LOCK,-0.3449,51.4042,Thames,THAMES - WEST THAMES,Multiple Values,OPEN,FRESHWATER - RIVERS,2025-07-21T11:11:00,2025,MONITORING  (NATIONAL AGENCY POLICY),RIVER / RUNNING SURFACE WATER,2967,Perfluoroheptanesulfonic acid,<0.0005,MICROGRAM PER LITRE
https://environment.data.gov.uk/water-quality/sampling-point/TH-RTN0007/sample/1441676/observation/2968,TH-RTN0007,THAMES BELOW MOLESEY LOCK,-0.3449,51.4042,Thames,THAMES - WEST THAMES,Multiple Values,OPEN,FRESHWATER - RIVERS,2025-07-21T11:11:00,2025,MONITORING  (NATIONAL AGENCY POLICY),RIVER / RUNNING SURFACE WATER,2968,Perfluorododecane sulfonic acid,<0.005,MICROGRAM PER LITRE
https://environment.data.gov.uk/water-quality/sampling-point/TH-RTN0007/sample/1441676/observation/2969,TH-RTN0007,THAMES BELOW MOLESEY LOCK,-0.3449,51.4042,Thames,THAMES - WEST THAMES,Multiple Values,OPEN,FRESHWATER - RIVERS,2025-07-21T11:11:00,2025,MONITORING  (NATIONAL AGENCY POLICY),RIVER / RUNNING SURFACE WATER,2969,Perfluorodecanesulfonic acid,<0.001,MICROGRAM PER LITRE
https://environment.data.gov.uk/water-quality/sampling-point/TH-RTN0007/sample/1441676/observation/2970,TH-RTN0007,THAMES BELOW MOLESEY LOCK,-0.3449,51.4042,Thames,THAMES - WEST THAMES,Multiple Values,OPEN,FRESHWATER - RIVERS,2025-07-21T11:11:00,2025,MONITORING  (NATIONAL AGENCY POLICY),RIVER / RUNNING SURFACE WATER,2970,Perfluorobutylsulfonamide (perfluorobutane sulfonamide),0.00068,MICROGRAM PER LITRE
https://environment.data.gov.uk/water-quality/sampling-point/TH-RTN0007/sample/1441676/observation/2972,TH-RTN0007,THAMES BELOW MOLESEY LOCK,-0.3449,51.4042,Thames,THAMES - WEST THAMES,Multiple Values,OPEN,FRESHWATER - RIVERS,2025-07-21T11:11:00,2025,MONITORING  (NATIONAL AGENCY POLICY),RIVER / RUNNING SURFACE WATER,2972,Perfluorobutanesulfonic acid,0.0062,MICROGRAM PER LITRE
https://environment.data.gov.uk/water-quality/sampling-point/TH-RTN0007/sample/1441676/observation/2973,TH-RTN0007,THAMES BELOW MOLESEY LOCK,-0.3449,51.4042,Thames,THAMES - WEST THAMES,Multiple Values,OPEN,FRESHWATER - RIVERS,2025-07-21T11:11:00,2025,MONITORING  (NATIONAL AGENCY POLICY),RIVER / RUNNING SURFACE WATER,2973,Perfluoro-4-ethylcyclohexanesulfonic acid,0.00093,MICROGRAM PER LITRE
https://environment.data.gov.uk/water-quality/sampling-point/TH-RTN0007/sample/1441676/observation/2975,TH-RTN0007,THAMES BELOW MOLESEY LOCK,-0.3449,51.4042,Thames,THAMES - WEST THAMES,Multiple Values,OPEN,FRESHWATER - RIVERS,2025-07-21T11:11:00,2025,MONITORING  (NATIONAL AGENCY POLICY),RIVER / RUNNING SURFACE WATER,2975,N-methylperfluorooctanesulfonamide,<0.002,MICROGRAM PER LITRE
https://environment.data.gov.uk/water-quality/sampling-point/TH-RTN0007/sample/1441676/observation/2977,TH-RTN0007,THAMES BELOW MOLESEY LOCK,-0.3449,51.4042,Thames,THAMES - WEST THAMES,Multiple Values,OPEN,FRESHWATER - RIVERS,2025-07-21T11:11:00,2025,MONITORING  (NATIONAL AGENCY POLICY),RIVER / RUNNING SURFACE WATER,2977,N-Ethylperfluorooctanesulfonamide,<0.002,MICROGRAM PER LITRE
https://environment.data.gov.uk/water-quality/sampling-point/TH-RTN0007/sample/1441676/observation/2981,TH-RTN0007,THAMES BELOW MOLESEY LOCK,-0.3449,51.4042,Thames,THAMES - WEST THAMES,Multiple Values,OPEN,FRESHWATER - RIVERS,2025-07-21T11:11:00,2025,MONITORING  (NATIONAL AGENCY POLICY),RIVER / RUNNING SURFACE WATER,2981,Hexafluoropropylene oxide dimer acid (Gen X),<0.001,MICROGRAM PER LITRE
https://environment.data.gov.uk/water-quality/sampling-point/TH-RTN0007/sample/1441676/observation/2982,TH-RTN0007,THAMES BELOW MOLESEY LOCK,-0.3449,51.4042,Thames,THAMES - WEST THAMES,Multiple Values,OPEN,FRESHWATER - RIVERS,2025-07-21T11:11:00,2025,MONITORING  (NATIONAL AGENCY POLICY),RIVER / RUNNING SURFACE WATER,2982,9-chlorohexadecafluoro-3-oxanonane-1-sulfonic acid,<0.0005,MICROGRAM PER LITRE
https://environment.data.gov.uk/water-quality/sampling-point/TH-RTN0007/sample/1441676/observation/2983,TH-RTN0007,THAMES BELOW MOLESEY LOCK,-0.3449,51.4042,Thames,THAMES - WEST THAMES,Multiple Values,OPEN,FRESHWATER - RIVERS,2025-07-21T11:11:00,2025,MONITORING  (NATIONAL AGENCY POLICY),RIVER / RUNNING SURFACE WATER,2983,8:2 Fluorotelomer sulfonic acid,<0.001,MICROGRAM PER LITRE
https://environment.data.gov.uk/water-quality/sampling-point/TH-RTN0007/sample/1441676/observation/2984,TH-RTN0007,THAMES BELOW MOLESEY LOCK,-0.3449,51.4042,Thames,THAMES - WEST THAMES,Multiple Values,OPEN,FRESHWATER - RIVERS,2025-07-21T11:11:00,2025,MONITORING  (NATIONAL AGENCY POLICY),RIVER / RUNNING SURFACE WATER,2984,6:2 Fluorotelomer sulfonic acid,<0.001,MICROGRAM PER LITRE
https://environment.data.gov.uk/water-quality/sampling-point/TH-RTN0007/sample/1441676/observation/2987,TH-RTN0007,THAMES BELOW MOLESEY LOCK,-0.3449,51.4042,Thames,THAMES - WEST THAMES,Multiple Values,OPEN,FRESHWATER - RIVERS,2025-07-21T11:11:00,2025,MONITORING  (NATIONAL AGENCY POLICY),RIVER / RUNNING SURFACE WATER,2987,4:2 Fluorotelomer sulfonic acid,<0.0005,MICROGRAM PER LITRE
https://environment.data.gov.uk/water-quality/sampling-point/TH-RTN0007/sample/1441676/observation/2988,TH-RTN0007,THAMES BELOW MOLESEY LOCK,-0.3449,51.4042,Thames,THAMES - WEST THAMES,Multiple Values,OPEN,FRESHWATER - RIVERS,2025-07-21T11:11:00,2025,MONITORING  (NATIONAL AGENCY POLICY),RIVER / RUNNING SURFACE WATER,2988,"4,8-Dioxa-3H-perfluorononanoic acid (ADONA)",<0.001,MICROGRAM PER LITRE
https://environment.data.gov.uk/water-quality/sampling-point/TH-RTN0007/sample/1441676/observation/2989,TH-RTN0007,THAMES BELOW MOLESEY LOCK,-0.3449,51.4042,Thames,THAMES - WEST THAMES,Multiple Values,OPEN,FRESHWATER - RIVERS,2025-07-21T11:11:00,2025,MONITORING  (NATIONAL AGENCY POLICY),RIVER / RUNNING SURFACE WATER,2989,"2H,2H,3H,3H-Perfluorooctanoic acid",<0.001,MICROGRAM PER LITRE
https://environment.data.gov.uk/water-quality/sampling-point/TH-RTN0007/sample/1441676/observation/2990,TH-RTN0007,THAMES BELOW MOLESEY LOCK,-0.3449,51.4042,Thames,THAMES - WEST THAMES,Multiple Values,OPEN,FRESHWATER - RIVERS,2025-07-21T11:11:00,2025,MONITORING  (NATIONAL AGENCY POLICY),RIVER / RUNNING SURFACE WATER,2990,2-(N-Methylperfluorooctanesulfonamido)acetic acid (L),<0.0005,MICROGRAM PER LITRE
https://environment.data.gov.uk/water-quality/sampling-point/TH-RTN0007/sample/1441676/observation/2991,TH-RTN0007,THAMES BELOW MOLESEY LOCK,-0.3449,51.4042,Thames,THAMES - WEST THAMES,Multiple Values,OPEN,FRESHWATER - RIVERS,2025-07-21T11:11:00,2025,MONITORING  (NATIONAL AGENCY POLICY),RIVER / RUNNING SURFACE WATER,2991,2-(N-Ethylperfluorooctanesulfonamido)acetic acid (L),<0.001,MICROGRAM PER LITRE
https://environment.data.gov.uk/water-quality/sampling-point/TH-RTN0007/sample/1441676/observation/2993,TH-RTN0007,THAMES BELOW MOLESEY LOCK,-0.3449,51.4042,Thames,THAMES - WEST THAMES,Multiple Values,OPEN,FRESHWATER - RIVERS,2025-07-21T11:11:00,2025,MONITORING  (NATIONAL AGENCY POLICY),RIVER / RUNNING SURFACE WATER,2993,11-chloroeicosafluoro-3-oxaundecane-1-sulfonic acid (F-53B Minor),<0.001,MICROGRAM PER LITRE
https://environment.data.gov.uk/water-quality/sampling-point/TH-RTN0007/sample/1441676/observation/2995,TH-RTN0007,THAMES BELOW MOLESEY LOCK,-0.3449,51.4042,Thames,THAMES - WEST THAMES,Multiple Values,OPEN,FRESHWATER - RIVERS,2025-07-21T11:11:00,2025,MONITORING  (NATIONAL AGENCY POLICY),RIVER / RUNNING SURFACE WATER,2995,Perfluorobutanoic acid,0.0039,MICROGRAM PER LITRE
https://environment.data.gov.uk/water-quality/sampling-point/TH-RTN0007/sample/1441676/observation/8887,TH-RTN0007,THAMES BELOW MOLESEY LOCK,-0.3449,51.4042,Thames,THAMES - WEST THAMES,Multiple Values,OPEN,FRESHWATER - RIVERS,2025-07-21T11:11:00,2025,MONITORING  (NATIONAL AGENCY POLICY),RIVER / RUNNING SURFACE WATER,8887,Perfluoropentanoic acid,0.005,MICROGRAM PER LITRE
https://environment.data.gov.uk/water-quality/sampling-point/TH-RTN0007/sample/1441676/observation/8888,TH-RTN0007,THAMES BELOW MOLESEY LOCK,-0.3449,51.4042,Thames,THAMES - WEST THAMES,Multiple Values,OPEN,FRESHWATER - RIVERS,2025-07-21T11:11:00,2025,MONITORING  (NATIONAL AGENCY POLICY),RIVER / RUNNING SURFACE WATER,8888,Perfluorohexanoic acid,0.0043,MICROGRAM PER LITRE
https://environment.data.gov.uk/water-quality/sampling-point/TH-RTN0007/sample/1441676/observation/8889,TH-RTN0007,THAMES BELOW MOLESEY LOCK,-0.3449,51.4042,Thames,THAMES - WEST THAMES,Multiple Values,OPEN,FRESHWATER - RIVERS,2025-07-21T11:11:00,2025,MONITORING  (NATIONAL AGENCY POLICY),RIVER / RUNNING SURFACE WATER,8889,Perfluoroheptanoic acid,0.0018,MICROGRAM PER LITRE
https://environment.data.gov.uk/water-quality/sampling-point/TH-RTN0007/sample/1441676/observation/8890,TH-RTN0007,THAMES BELOW MOLESEY LOCK,-0.3449,51.4042,Thames,THAMES - WEST THAMES,Multiple Values,OPEN,FRESHWATER - RIVERS,2025-07-21T11:11:00,2025,MONITORING  (NATIONAL AGENCY POLICY),RIVER / RUNNING SURFACE WATER,8890,Perfluorooctanoic acid,0.0031,MICROGRAM PER LITRE
https://environment.data.gov.uk/water-quality/sampling-point/TH-RTN0007/sample/1441676/observation/8891,TH-RTN0007,THAMES BELOW MOLESEY LOCK,-0.3449,51.4042,Thames,THAMES - WEST THAMES,Multiple Values,OPEN,FRESHWATER - RIVERS,2025-07-21T11:11:00,2025,MONITORING  (NATIONAL AGENCY POLICY),RIVER / RUNNING SURFACE WATER,8891,Perfluorononanoic acid,<0.001,MICROGRAM PER LITRE
https://environment.data.gov.uk/water-quality/sampling-point/TH-RTN0007/sample/1441676/observation/8892,TH-RTN0007,THAMES BELOW MOLESEY LOCK,-0.3449,51.4042,Thames,THAMES - WEST THAMES,Multiple Values,OPEN,FRESHWATER - RIVERS,2025-07-21T11:11:00,2025,MONITORING  (NATIONAL AGENCY POLICY),RIVER / RUNNING SURFACE WATER,8892,Perfluorodecanoic acid,<0.001,MICROGRAM PER LITRE
https://environment.data.gov.uk/water-quality/sampling-point/TH-RTN0007/sample/1441676/observation/8893,TH-RTN0007,THAMES BELOW MOLESEY LOCK,-0.3449,51.4042,Thames,THAMES - WEST THAMES,Multiple Values,OPEN,FRESHWATER - RIVERS,2025-07-21T11:11:00,2025,MONITORING  (NATIONAL AGENCY POLICY),RIVER / RUNNING SURFACE WATER,8893,Perfluoroundecanoic acid,<0.001,MICROGRAM PER LITRE
https://environment.data.gov.uk/water-quality/sampling-point/TH-RTN0007/sample/1441676/observation/8894,TH-RTN0007,THAMES BELOW MOLESEY LOCK,-0.3449,51.4042,Thames,THAMES - WEST THAMES,Multiple Values,OPEN,FRESHWATER - RIVERS,2025-07-21T11:11:00,2025,MONITORING  (NATIONAL AGENCY POLICY),RIVER / RUNNING SURFACE WATER,8894,Perfluorododecanoic acid,<0.002,MICROGRAM PER LITRE
https://environment.data.gov.uk/water-quality/sampling-point/TH-RTN0007/sample/1441676/observation/8895,TH-RTN0007,THAMES BELOW MOLESEY LOCK,-0.3449,51.4042,Thames,THAMES - WEST THAMES,Multiple Values,OPEN,FRESHWATER - RIVERS,2025-07-21T11:11:00,2025,MONITORING  (NATIONAL AGENCY POLICY),RIVER / RUNNING SURFACE WATER,8895,Perfluorotetradecanoic acid,<0.006,MICROGRAM PER LITRE
https://environment.data.gov.uk/water-quality/sampling-point/TH-RTN0007/sample/1441676/observation/9901,TH-RTN0007,THAMES BELOW MOLESEY LOCK,-0.3449,51.4042,Thames,THAMES - WEST THAMES,Multiple Values,OPEN,FRESHWATER - RIVERS,2025-07-21T11:11:00,2025,MONITORING  (NATIONAL AGENCY POLICY),RIVER / RUNNING SURFACE WATER,9901,"Oxygen, Dissolved, % Saturation",94.2,PERCENTAGE
https://environment.data.gov.uk/water-quality/sampling-point/TH-RTN0007/sample/1441676/observation/9924,TH-RTN0007,THAMES BELOW MOLESEY LOCK,-0.3449,51.4042,Thames,THAMES - WEST THAMES,Multiple Values,OPEN,FRESHWATER - RIVERS,2025-07-21T11:11:00,2025,MONITORING  (NATIONAL AGENCY POLICY),RIVER / RUNNING SURFACE WATER,9924,"Oxygen, Dissolved as O2",8.22,MILLIGRAM PER LITRE
https://environment.data.gov.uk/water-quality/sampling-point/TH-RTN0007/sample/1453735/observation/0061,TH-RTN0007,THAMES BELOW MOLESEY LOCK,-0.3449,51.4042,Thames,THAMES - WEST THAMES,Multiple Values,OPEN,FRESHWATER - RIVERS,2025-12-10T10:55:00,2025,MONITORING  (NATIONAL AGENCY POLICY),RIVER / RUNNING SURFACE WATER,61,pH,8.11,PH UNITS
https://environment.data.gov.uk/water-quality/sampling-point/TH-RTN0007/sample/1453735/observation/0076,TH-RTN0007,THAMES BELOW MOLESEY LOCK,-0.3449,51.4042,Thames,THAMES - WEST THAMES,Multiple Values,OPEN,FRESHWATER - RIVERS,2025-12-10T10:55:00,2025,MONITORING  (NATIONAL AGENCY POLICY),RIVER / RUNNING SURFACE WATER,76,Temperature of Water,9.7,CELSIUS
https://environment.data.gov.uk/water-quality/sampling-point/TH-RTN0007/sample/1453735/observation/0077,TH-RTN0007,THAMES BELOW MOLESEY LOCK,-0.3449,51.4042,Thames,THAMES - WEST THAMES,Multiple Values,OPEN,FRESHWATER - RIVERS,2025-12-10T10:55:00,2025,MONITORING  (NATIONAL AGENCY POLICY),RIVER / RUNNING SURFACE WATER,77,Conductivity at 25 C,595,MICROSIEMENS PER CENTIMETRE
https://environment.data.gov.uk/water-quality/sampling-point/TH-RTN0007/sample/1453735/observation/2841,TH-RTN0007,THAMES BELOW MOLESEY LOCK,-0.3449,51.4042,Thames,THAMES - WEST THAMES,Multiple Values,OPEN,FRESHWATER - RIVERS,2025-12-10T10:55:00,2025,MONITORING  (NATIONAL AGENCY POLICY),RIVER / RUNNING SURFACE WATER,2841,6:2 Fluorotelomer sulfonamide amine oxide (6:2 FTNO) (Capstone A),<0.001,MICROGRAM PER LITRE
https://environment.data.gov.uk/water-quality/sampling-point/TH-RTN0007/sample/1453735/observation/2879,TH-RTN0007,THAMES BELOW MOLESEY LOCK,-0.3449,51.4042,Thames,THAMES - WEST THAMES,Multiple Values,OPEN,FRESHWATER - RIVERS,2025-12-10T10:55:00,2025,MONITORING  (NATIONAL AGENCY POLICY),RIVER / RUNNING SURFACE WATER,2879,8:8 Perfluorophosphinic acid,<0.01,MICROGRAM PER LITRE
https://environment.data.gov.uk/water-quality/sampling-point/TH-RTN0007/sample/1453735/observation/2880,TH-RTN0007,THAMES BELOW MOLESEY LOCK,-0.3449,51.4042,Thames,THAMES - WEST THAMES,Multiple Values,OPEN,FRESHWATER - RIVERS,2025-12-10T10:55:00,2025,MONITORING  (NATIONAL AGENCY POLICY),RIVER / RUNNING SURFACE WATER,2880,8:2 Fluorotelomer phosphate diester,<0.004,MICROGRAM PER LITRE
https://environment.data.gov.uk/water-quality/sampling-point/TH-RTN0007/sample/1453735/observation/2882,TH-RTN0007,THAMES BELOW MOLESEY LOCK,-0.3449,51.4042,Thames,THAMES - WEST THAMES,Multiple Values,OPEN,FRESHWATER - RIVERS,2025-12-10T10:55:00,2025,MONITORING  (NATIONAL AGENCY POLICY),RIVER / RUNNING SURFACE WATER,2882,6:8 Perfluorophosphinic acid,<0.01,MICROGRAM PER LITRE
https://environment.data.gov.uk/water-quality/sampling-point/TH-RTN0007/sample/1453735/observation/2883,TH-RTN0007,THAMES BELOW MOLESEY LOCK,-0.3449,51.4042,Thames,THAMES - WEST THAMES,Multiple Values,OPEN,FRESHWATER - RIVERS,2025-12-10T10:55:00,2025,MONITORING  (NATIONAL AGENCY POLICY),RIVER / RUNNING SURFACE WATER,2883,6:6 Perfluorophosphinic acid,<0.004,MICROGRAM PER LITRE
https://environment.data.gov.uk/water-quality/sampling-point/TH-RTN0007/sample/1453735/observation/2884,TH-RTN0007,THAMES BELOW MOLESEY LOCK,-0.3449,51.4042,Thames,THAMES - WEST THAMES,Multiple Values,OPEN,FRESHWATER - RIVERS,2025-12-10T10:55:00,2025,MONITORING  (NATIONAL AGENCY POLICY),RIVER / RUNNING SURFACE WATER,2884,6:2/8:2 Fluorotelomer phosphate diester,<0.01,MICROGRAM PER LITRE
https://environment.data.gov.uk/water-quality/sampling-point/TH-RTN0007/sample/1453735/observation/2886,TH-RTN0007,THAMES BELOW MOLESEY LOCK,-0.3449,51.4042,Thames,THAMES - WEST THAMES,Multiple Values,OPEN,FRESHWATER - RIVERS,2025-12-10T10:55:00,2025,MONITORING  (NATIONAL AGENCY POLICY),RIVER / RUNNING SURFACE WATER,2886,5:3 Fluorotelomer betaine,<0.0005,MICROGRAM PER LITRE
https://environment.data.gov.uk/water-quality/sampling-point/TH-RTN0007/sample/1453735/observation/2887,TH-RTN0007,THAMES BELOW MOLESEY LOCK,-0.3449,51.4042,Thames,THAMES - WEST THAMES,Multiple Values,OPEN,FRESHWATER - RIVERS,2025-12-10T10:55:00,2025,MONITORING  (NATIONAL AGENCY POLICY),RIVER / RUNNING SURFACE WATER,2887,5:1:2 Fluorotelomer betaine,<0.0005,MICROGRAM PER LITRE
https://environment.data.gov.uk/water-quality/sampling-point/TH-RTN0007/sample/1453735/observation/2888,TH-RTN0007,THAMES BELOW MOLESEY LOCK,-0.3449,51.4042,Thames,THAMES - WEST THAMES,Multiple Values,OPEN,FRESHWATER - RIVERS,2025-12-10T10:55:00,2025,MONITORING  (NATIONAL AGENCY POLICY),RIVER / RUNNING SURFACE WATER,2888,2H-Perfluoro-2-decenoic acid,<0.001,MICROGRAM PER LITRE
https://environment.data.gov.uk/water-quality/sampling-point/TH-RTN0007/sample/1453735/observation/2921,TH-RTN0007,THAMES BELOW MOLESEY LOCK,-0.3449,51.4042,Thames,THAMES - WEST THAMES,Multiple Values,OPEN,FRESHWATER - RIVERS,2025-12-10T10:55:00,2025,MONITORING  (NATIONAL AGENCY POLICY),RIVER / RUNNING SURFACE WATER,2921,Perfluoro-3-methoxypropanoic acid,<0.0005,MICROGRAM PER LITRE
https://environment.data.gov.uk/water-quality/sampling-point/TH-RTN0007/sample/1453735/observation/2922,TH-RTN0007,THAMES BELOW MOLESEY LOCK,-0.3449,51.4042,Thames,THAMES - WEST THAMES,Multiple Values,OPEN,FRESHWATER - RIVERS,2025-12-10T10:55:00,2025,MONITORING  (NATIONAL AGENCY POLICY),RIVER / RUNNING SURFACE WATER,2922,"Perfluoro-3,6-dioxaheptanoic acid",<0.0005,MICROGRAM PER LITRE
https://environment.data.gov.uk/water-quality/sampling-point/TH-RTN0007/sample/1453735/observation/2923,TH-RTN0007,THAMES BELOW MOLESEY LOCK,-0.3449,51.4042,Thames,THAMES - WEST THAMES,Multiple Values,OPEN,FRESHWATER - RIVERS,2025-12-10T10:55:00,2025,MONITORING  (NATIONAL AGENCY POLICY),RIVER / RUNNING SURFACE WATER,2923,Perfluoro(4-methoxybutanoic) acid,<0.0005,MICROGRAM PER LITRE
https://environment.data.gov.uk/water-quality/sampling-point/TH-RTN0007/sample/1453735/observation/2924,TH-RTN0007,THAMES BELOW MOLESEY LOCK,-0.3449,51.4042,Thames,THAMES - WEST THAMES,Multiple Values,OPEN,FRESHWATER - RIVERS,2025-12-10T10:55:00,2025,MONITORING  (NATIONAL AGENCY POLICY),RIVER / RUNNING SURFACE WATER,2924,Perfluoro(2-ethoxyethane)sulfonic acid,<0.0005,MICROGRAM PER LITRE
https://environment.data.gov.uk/water-quality/sampling-point/TH-RTN0007/sample/1453735/observation/2925,TH-RTN0007,THAMES BELOW MOLESEY LOCK,-0.3449,51.4042,Thames,THAMES - WEST THAMES,Multiple Values,OPEN,FRESHWATER - RIVERS,2025-12-10T10:55:00,2025,MONITORING  (NATIONAL AGENCY POLICY),RIVER / RUNNING SURFACE WATER,2925,3-Perfluoroheptylpropanoic acid,<0.0005,MICROGRAM PER LITRE
https://environment.data.gov.uk/water-quality/sampling-point/TH-RTN0007/sample/1453735/observation/2926,TH-RTN0007,THAMES BELOW MOLESEY LOCK,-0.3449,51.4042,Thames,THAMES - WEST THAMES,Multiple Values,OPEN,FRESHWATER - RIVERS,2025-12-10T10:55:00,2025,MONITORING  (NATIONAL AGENCY POLICY),RIVER / RUNNING SURFACE WATER,2926,3:3 Fluorotelomer carboxylic acid,<0.004,MICROGRAM PER LITRE
https://environment.data.gov.uk/water-quality/sampling-point/TH-RTN0007/sample/1453735/observation/2942,TH-RTN0007,THAMES BELOW MOLESEY LOCK,-0.3449,51.4042,Thames,THAMES - WEST THAMES,Multiple Values,OPEN,FRESHWATER - RIVERS,2025-12-10T10:55:00,2025,MONITORING  (NATIONAL AGENCY POLICY),RIVER / RUNNING SURFACE WATER,2942,2-(N-Ethylperfluorooctanesulfonamido)acetic acid (B),<0.001,MICROGRAM PER LITRE
https://environment.data.gov.uk/water-quality/sampling-point/TH-RTN0007/sample/1453735/observation/2943,TH-RTN0007,THAMES BELOW MOLESEY LOCK,-0.3449,51.4042,Thames,THAMES - WEST THAMES,Multiple Values,OPEN,FRESHWATER - RIVERS,2025-12-10T10:55:00,2025,MONITORING  (NATIONAL AGENCY POLICY),RIVER / RUNNING SURFACE WATER,2943,2-(N-Methylperfluorooctanesulfonamido)acetic acid (B),<0.0005,MICROGRAM PER LITRE
https://environment.data.gov.uk/water-quality/sampling-point/TH-RTN0007/sample/1453735/observation/2944,TH-RTN0007,THAMES BELOW MOLESEY LOCK,-0.3449,51.4042,Thames,THAMES - WEST THAMES,Multiple Values,OPEN,FRESHWATER - RIVERS,2025-12-10T10:55:00,2025,MONITORING  (NATIONAL AGENCY POLICY),RIVER / RUNNING SURFACE WATER,2944,Perfluorohexanesulfonic acid (B),0.00078,MICROGRAM PER LITRE
https://environment.data.gov.uk/water-quality/sampling-point/TH-RTN0007/sample/1453735/observation/2953,TH-RTN0007,THAMES BELOW MOLESEY LOCK,-0.3449,51.4042,Thames,THAMES - WEST THAMES,Multiple Values,OPEN,FRESHWATER - RIVERS,2025-12-10T10:55:00,2025,MONITORING  (NATIONAL AGENCY POLICY),RIVER / RUNNING SURFACE WATER,2953,Perfluoroundecane sulfonic acid,<0.004,MICROGRAM PER LITRE
https://environment.data.gov.uk/water-quality/sampling-point/TH-RTN0007/sample/1453735/observation/2955,TH-RTN0007,THAMES BELOW MOLESEY LOCK,-0.3449,51.4042,Thames,THAMES - WEST THAMES,Multiple Values,OPEN,FRESHWATER - RIVERS,2025-12-10T10:55:00,2025,MONITORING  (NATIONAL AGENCY POLICY),RIVER / RUNNING SURFACE WATER,2955,Perfluorotridecanoic acid,<0.002,MICROGRAM PER LITRE
https://environment.data.gov.uk/water-quality/sampling-point/TH-RTN0007/sample/1453735/observation/2957,TH-RTN0007,THAMES BELOW MOLESEY LOCK,-0.3449,51.4042,Thames,THAMES - WEST THAMES,Multiple Values,OPEN,FRESHWATER - RIVERS,2025-12-10T10:55:00,2025,MONITORING  (NATIONAL AGENCY POLICY),RIVER / RUNNING SURFACE WATER,2957,Perfluoropentanesulfonic acid,<0.0005,MICROGRAM PER LITRE
https://environment.data.gov.uk/water-quality/sampling-point/TH-RTN0007/sample/1453735/observation/2958,TH-RTN0007,THAMES BELOW MOLESEY LOCK,-0.3449,51.4042,Thames,THAMES - WEST THAMES,Multiple Values,OPEN,FRESHWATER - RIVERS,2025-12-10T10:55:00,2025,MONITORING  (NATIONAL AGENCY POLICY),RIVER / RUNNING SURFACE WATER,2958,Perfluorooctanesulfonic acid (total),0.0069,MICROGRAM PER LITRE
https://environment.data.gov.uk/water-quality/sampling-point/TH-RTN0007/sample/1453735/observation/2959,TH-RTN0007,THAMES BELOW MOLESEY LOCK,-0.3449,51.4042,Thames,THAMES - WEST THAMES,Multiple Values,OPEN,FRESHWATER - RIVERS,2025-12-10T10:55:00,2025,MONITORING  (NATIONAL AGENCY POLICY),RIVER / RUNNING SURFACE WATER,2959,Perfluorooctanesulfonic acid (linear),0.0044,MICROGRAM PER LITRE
https://environment.data.gov.uk/water-quality/sampling-point/TH-RTN0007/sample/1453735/observation/2961,TH-RTN0007,THAMES BELOW MOLESEY LOCK,-0.3449,51.4042,Thames,THAMES - WEST THAMES,Multiple Values,OPEN,FRESHWATER - RIVERS,2025-12-10T10:55:00,2025,MONITORING  (NATIONAL AGENCY POLICY),RIVER / RUNNING SURFACE WATER,2961,Perfluorooctanesulfonamide,<0.001,MICROGRAM PER LITRE
https://environment.data.gov.uk/water-quality/sampling-point/TH-RTN0007/sample/1453735/observation/2962,TH-RTN0007,THAMES BELOW MOLESEY LOCK,-0.3449,51.4042,Thames,THAMES - WEST THAMES,Multiple Values,OPEN,FRESHWATER - RIVERS,2025-12-10T10:55:00,2025,MONITORING  (NATIONAL AGENCY POLICY),RIVER / RUNNING SURFACE WATER,2962,Perfluorooctadecanoic acid,<0.002,MICROGRAM PER LITRE
https://environment.data.gov.uk/water-quality/sampling-point/TH-RTN0007/sample/1453735/observation/2963,TH-RTN0007,THAMES BELOW MOLESEY LOCK,-0.3449,51.4042,Thames,THAMES - WEST THAMES,Multiple Values,OPEN,FRESHWATER - RIVERS,2025-12-10T10:55:00,2025,MONITORING  (NATIONAL AGENCY POLICY),RIVER / RUNNING SURFACE WATER,2963,Perfluorononanesulfonic acid,<0.0005,MICROGRAM PER LITRE
https://environment.data.gov.uk/water-quality/sampling-point/TH-RTN0007/sample/1453735/observation/2964,TH-RTN0007,THAMES BELOW MOLESEY LOCK,-0.3449,51.4042,Thames,THAMES - WEST THAMES,Multiple Values,OPEN,FRESHWATER - RIVERS,2025-12-10T10:55:00,2025,MONITORING  (NATIONAL AGENCY POLICY),RIVER / RUNNING SURFACE WATER,2964,Perfluorohexanesulfonic acid (L),0.0029,MICROGRAM PER LITRE
https://environment.data.gov.uk/water-quality/sampling-point/TH-RTN0007/sample/1453735/observation/2967,TH-RTN0007,THAMES BELOW MOLESEY LOCK,-0.3449,51.4042,Thames,THAMES - WEST THAMES,Multiple Values,OPEN,FRESHWATER - RIVERS,2025-12-10T10:55:00,2025,MONITORING  (NATIONAL AGENCY POLICY),RIVER / RUNNING SURFACE WATER,2967,Perfluoroheptanesulfonic acid,<0.0005,MICROGRAM PER LITRE
https://environment.data.gov.uk/water-quality/sampling-point/TH-RTN0007/sample/1453735/observation/2968,TH-RTN0007,THAMES BELOW MOLESEY LOCK,-0.3449,51.4042,Thames,THAMES - WEST THAMES,Multiple Values,OPEN,FRESHWATER - RIVERS,2025-12-10T10:55:00,2025,MONITORING  (NATIONAL AGENCY POLICY),RIVER / RUNNING SURFACE WATER,2968,Perfluorododecane sulfonic acid,<0.005,MICROGRAM PER LITRE
https://environment.data.gov.uk/water-quality/sampling-point/TH-RTN0007/sample/1453735/observation/2969,TH-RTN0007,THAMES BELOW MOLESEY LOCK,-0.3449,51.4042,Thames,THAMES - WEST THAMES,Multiple Values,OPEN,FRESHWATER - RIVERS,2025-12-10T10:55:00,2025,MONITORING  (NATIONAL AGENCY POLICY),RIVER / RUNNING SURFACE WATER,2969,Perfluorodecanesulfonic acid,<0.001,MICROGRAM PER LITRE
https://environment.data.gov.uk/water-quality/sampling-point/TH-RTN0007/sample/1453735/observation/2970,TH-RTN0007,THAMES BELOW MOLESEY LOCK,-0.3449,51.4042,Thames,THAMES - WEST THAMES,Multiple Values,OPEN,FRESHWATER - RIVERS,2025-12-10T10:55:00,2025,MONITORING  (NATIONAL AGENCY POLICY),RIVER / RUNNING SURFACE WATER,2970,Perfluorobutylsulfonamide (perfluorobutane sulfonamide),0.00077,MICROGRAM PER LITRE
https://environment.data.gov.uk/water-quality/sampling-point/TH-RTN0007/sample/1453735/observation/2972,TH-RTN0007,THAMES BELOW MOLESEY LOCK,-0.3449,51.4042,Thames,THAMES - WEST THAMES,Multiple Values,OPEN,FRESHWATER - RIVERS,2025-12-10T10:55:00,2025,MONITORING  (NATIONAL AGENCY POLICY),RIVER / RUNNING SURFACE WATER,2972,Perfluorobutanesulfonic acid,0.0038,MICROGRAM PER LITRE
https://environment.data.gov.uk/water-quality/sampling-point/TH-RTN0007/sample/1453735/observation/2973,TH-RTN0007,THAMES BELOW MOLESEY LOCK,-0.3449,51.4042,Thames,THAMES - WEST THAMES,Multiple Values,OPEN,FRESHWATER - RIVERS,2025-12-10T10:55:00,2025,MONITORING  (NATIONAL AGENCY POLICY),RIVER / RUNNING SURFACE WATER,2973,Perfluoro-4-ethylcyclohexanesulfonic acid,<0.0005,MICROGRAM PER LITRE
https://environment.data.gov.uk/water-quality/sampling-point/TH-RTN0007/sample/1453735/observation/2975,TH-RTN0007,THAMES BELOW MOLESEY LOCK,-0.3449,51.4042,Thames,THAMES - WEST THAMES,Multiple Values,OPEN,FRESHWATER - RIVERS,2025-12-10T10:55:00,2025,MONITORING  (NATIONAL AGENCY POLICY),RIVER / RUNNING SURFACE WATER,2975,N-methylperfluorooctanesulfonamide,<0.002,MICROGRAM PER LITRE
https://environment.data.gov.uk/water-quality/sampling-point/TH-RTN0007/sample/1453735/observation/2977,TH-RTN0007,THAMES BELOW MOLESEY LOCK,-0.3449,51.4042,Thames,THAMES - WEST THAMES,Multiple Values,OPEN,FRESHWATER - RIVERS,2025-12-10T10:55:00,2025,MONITORING  (NATIONAL AGENCY POLICY),RIVER / RUNNING SURFACE WATER,2977,N-Ethylperfluorooctanesulfonamide,<0.002,MICROGRAM PER LITRE
https://environment.data.gov.uk/water-quality/sampling-point/TH-RTN0007/sample/1453735/observation/2980,TH-RTN0007,THAMES BELOW MOLESEY LOCK,-0.3449,51.4042,Thames,THAMES - WEST THAMES,Multiple Values,OPEN,FRESHWATER - RIVERS,2025-12-10T10:55:00,2025,MONITORING  (NATIONAL AGENCY POLICY),RIVER / RUNNING SURFACE WATER,2980,Hexafluoropropylene oxide trimer acid,<0.001,MICROGRAM PER LITRE
https://environment.data.gov.uk/water-quality/sampling-point/TH-RTN0007/sample/1453735/observation/2981,TH-RTN0007,THAMES BELOW MOLESEY LOCK,-0.3449,51.4042,Thames,THAMES - WEST THAMES,Multiple Values,OPEN,FRESHWATER - RIVERS,2025-12-10T10:55:00,2025,MONITORING  (NATIONAL AGENCY POLICY),RIVER / RUNNING SURFACE WATER,2981,Hexafluoropropylene oxide dimer acid (Gen X),<0.001,MICROGRAM PER LITRE
https://environment.data.gov.uk/water-quality/sampling-point/TH-RTN0007/sample/1453735/observation/2982,TH-RTN0007,THAMES BELOW MOLESEY LOCK,-0.3449,51.4042,Thames,THAMES - WEST THAMES,Multiple Values,OPEN,FRESHWATER - RIVERS,2025-12-10T10:55:00,2025,MONITORING  (NATIONAL AGENCY POLICY),RIVER / RUNNING SURFACE WATER,2982,9-chlorohexadecafluoro-3-oxanonane-1-sulfonic acid,<0.0005,MICROGRAM PER LITRE
https://environment.data.gov.uk/water-quality/sampling-point/TH-RTN0007/sample/1453735/observation/2983,TH-RTN0007,THAMES BELOW MOLESEY LOCK,-0.3449,51.4042,Thames,THAMES - WEST THAMES,Multiple Values,OPEN,FRESHWATER - RIVERS,2025-12-10T10:55:00,2025,MONITORING  (NATIONAL AGENCY POLICY),RIVER / RUNNING SURFACE WATER,2983,8:2 Fluorotelomer sulfonic acid,<0.001,MICROGRAM PER LITRE
https://environment.data.gov.uk/water-quality/sampling-point/TH-RTN0007/sample/1453735/observation/2984,TH-RTN0007,THAMES BELOW MOLESEY LOCK,-0.3449,51.4042,Thames,THAMES - WEST THAMES,Multiple Values,OPEN,FRESHWATER - RIVERS,2025-12-10T10:55:00,2025,MONITORING  (NATIONAL AGENCY POLICY),RIVER / RUNNING SURFACE WATER,2984,6:2 Fluorotelomer sulfonic acid,<0.001,MICROGRAM PER LITRE
https://environment.data.gov.uk/water-quality/sampling-point/TH-RTN0007/sample/1453735/observation/2985,TH-RTN0007,THAMES BELOW MOLESEY LOCK,-0.3449,51.4042,Thames,THAMES - WEST THAMES,Multiple Values,OPEN,FRESHWATER - RIVERS,2025-12-10T10:55:00,2025,MONITORING  (NATIONAL AGENCY POLICY),RIVER / RUNNING SURFACE WATER,2985,6:2 Fluorotelomer sulfonamide betaine,0.0044,MICROGRAM PER LITRE
https://environment.data.gov.uk/water-quality/sampling-point/TH-RTN0007/sample/1453735/observation/2986,TH-RTN0007,THAMES BELOW MOLESEY LOCK,-0.3449,51.4042,Thames,THAMES - WEST THAMES,Multiple Values,OPEN,FRESHWATER - RIVERS,2025-12-10T10:55:00,2025,MONITORING  (NATIONAL AGENCY POLICY),RIVER / RUNNING SURFACE WATER,2986,6:2 Fluorotelomer phosphate diester,<0.004,MICROGRAM PER LITRE
https://environment.data.gov.uk/water-quality/sampling-point/TH-RTN0007/sample/1453735/observation/2987,TH-RTN0007,THAMES BELOW MOLESEY LOCK,-0.3449,51.4042,Thames,THAMES - WEST THAMES,Multiple Values,OPEN,FRESHWATER - RIVERS,2025-12-10T10:55:00,2025,MONITORING  (NATIONAL AGENCY POLICY),RIVER / RUNNING SURFACE WATER,2987,4:2 Fluorotelomer sulfonic acid,<0.0005,MICROGRAM PER LITRE
https://environment.data.gov.uk/water-quality/sampling-point/TH-RTN0007/sample/1453735/observation/2988,TH-RTN0007,THAMES BELOW MOLESEY LOCK,-0.3449,51.4042,Thames,THAMES - WEST THAMES,Multiple Values,OPEN,FRESHWATER - RIVERS,2025-12-10T10:55:00,2025,MONITORING  (NATIONAL AGENCY POLICY),RIVER / RUNNING SURFACE WATER,2988,"4,8-Dioxa-3H-perfluorononanoic acid (ADONA)",<0.001,MICROGRAM PER LITRE
https://environment.data.gov.uk/water-quality/sampling-point/TH-RTN0007/sample/1453735/observation/2989,TH-RTN0007,THAMES BELOW MOLESEY LOCK,-0.3449,51.4042,Thames,THAMES - WEST THAMES,Multiple Values,OPEN,FRESHWATER - RIVERS,2025-12-10T10:55:00,2025,MONITORING  (NATIONAL AGENCY POLICY),RIVER / RUNNING SURFACE WATER,2989,"2H,2H,3H,3H-Perfluorooctanoic acid",<0.001,MICROGRAM PER LITRE
https://environment.data.gov.uk/water-quality/sampling-point/TH-RTN0007/sample/1453735/observation/2990,TH-RTN0007,THAMES BELOW MOLESEY LOCK,-0.3449,51.4042,Thames,THAMES - WEST THAMES,Multiple Values,OPEN,FRESHWATER - RIVERS,2025-12-10T10:55:00,2025,MONITORING  (NATIONAL AGENCY POLICY),RIVER / RUNNING SURFACE WATER,2990,2-(N-Methylperfluorooctanesulfonamido)acetic acid (L),<0.0005,MICROGRAM PER LITRE
https://environment.data.gov.uk/water-quality/sampling-point/TH-RTN0007/sample/1453735/observation/2991,TH-RTN0007,THAMES BELOW MOLESEY LOCK,-0.3449,51.4042,Thames,THAMES - WEST THAMES,Multiple Values,OPEN,FRESHWATER - RIVERS,2025-12-10T10:55:00,2025,MONITORING  (NATIONAL AGENCY POLICY),RIVER / RUNNING SURFACE WATER,2991,2-(N-Ethylperfluorooctanesulfonamido)acetic acid (L),<0.001,MICROGRAM PER LITRE
https://environment.data.gov.uk/water-quality/sampling-point/TH-RTN0007/sample/1453735/observation/2993,TH-RTN0007,THAMES BELOW MOLESEY LOCK,-0.3449,51.4042,Thames,THAMES - WEST THAMES,Multiple Values,OPEN,FRESHWATER - RIVERS,2025-12-10T10:55:00,2025,MONITORING  (NATIONAL AGENCY POLICY),RIVER / RUNNING SURFACE WATER,2993,11-chloroeicosafluoro-3-oxaundecane-1-sulfonic acid (F-53B Minor),<0.001,MICROGRAM PER LITRE
https://environment.data.gov.uk/water-quality/sampling-point/TH-RTN0007/sample/1453735/observation/2994,TH-RTN0007,THAMES BELOW MOLESEY LOCK,-0.3449,51.4042,Thames,THAMES - WEST THAMES,Multiple Values,OPEN,FRESHWATER - RIVERS,2025-12-10T10:55:00,2025,MONITORING  (NATIONAL AGENCY POLICY),RIVER / RUNNING SURFACE WATER,2994,10:2 Fluorotelomer sulfonic acid,<0.002,MICROGRAM PER LITRE
https://environment.data.gov.uk/water-quality/sampling-point/TH-RTN0007/sample/1453735/observation/2995,TH-RTN0007,THAMES BELOW MOLESEY LOCK,-0.3449,51.4042,Thames,THAMES - WEST THAMES,Multiple Values,OPEN,FRESHWATER - RIVERS,2025-12-10T10:55:00,2025,MONITORING  (NATIONAL AGENCY POLICY),RIVER / RUNNING SURFACE WATER,2995,Perfluorobutanoic acid,0.0025,MICROGRAM PER LITRE
https://environment.data.gov.uk/water-quality/sampling-point/TH-RTN0007/sample/1453735/observation/8887,TH-RTN0007,THAMES BELOW MOLESEY LOCK,-0.3449,51.4042,Thames,THAMES - WEST THAMES,Multiple Values,OPEN,FRESHWATER - RIVERS,2025-12-10T10:55:00,2025,MONITORING  (NATIONAL AGENCY POLICY),RIVER / RUNNING SURFACE WATER,8887,Perfluoropentanoic acid,0.0035,MICROGRAM PER LITRE
https://environment.data.gov.uk/water-quality/sampling-point/TH-RTN0007/sample/1453735/observation/8888,TH-RTN0007,THAMES BELOW MOLESEY LOCK,-0.3449,51.4042,Thames,THAMES - WEST THAMES,Multiple Values,OPEN,FRESHWATER - RIVERS,2025-12-10T10:55:00,2025,MONITORING  (NATIONAL AGENCY POLICY),RIVER / RUNNING SURFACE WATER,8888,Perfluorohexanoic acid,0.003,MICROGRAM PER LITRE
https://environment.data.gov.uk/water-quality/sampling-point/TH-RTN0007/sample/1453735/observation/8889,TH-RTN0007,THAMES BELOW MOLESEY LOCK,-0.3449,51.4042,Thames,THAMES - WEST THAMES,Multiple Values,OPEN,FRESHWATER - RIVERS,2025-12-10T10:55:00,2025,MONITORING  (NATIONAL AGENCY POLICY),RIVER / RUNNING SURFACE WATER,8889,Perfluoroheptanoic acid,0.0013,MICROGRAM PER LITRE
https://environment.data.gov.uk/water-quality/sampling-point/TH-RTN0007/sample/1453735/observation/8890,TH-RTN0007,THAMES BELOW MOLESEY LOCK,-0.3449,51.4042,Thames,THAMES - WEST THAMES,Multiple Values,OPEN,FRESHWATER - RIVERS,2025-12-10T10:55:00,2025,MONITORING  (NATIONAL AGENCY POLICY),RIVER / RUNNING SURFACE WATER,8890,Perfluorooctanoic acid,0.0023,MICROGRAM PER LITRE
https://environment.data.gov.uk/water-quality/sampling-point/TH-RTN0007/sample/1453735/observation/8891,TH-RTN0007,THAMES BELOW MOLESEY LOCK,-0.3449,51.4042,Thames,THAMES - WEST THAMES,Multiple Values,OPEN,FRESHWATER - RIVERS,2025-12-10T10:55:00,2025,MONITORING  (NATIONAL AGENCY POLICY),RIVER / RUNNING SURFACE WATER,8891,Perfluorononanoic acid,<0.001,MICROGRAM PER LITRE
https://environment.data.gov.uk/water-quality/sampling-point/TH-RTN0007/sample/1453735/observation/8892,TH-RTN0007,THAMES BELOW MOLESEY LOCK,-0.3449,51.4042,Thames,THAMES - WEST THAMES,Multiple Values,OPEN,FRESHWATER - RIVERS,2025-12-10T10:55:00,2025,MONITORING  (NATIONAL AGENCY POLICY),RIVER / RUNNING SURFACE WATER,8892,Perfluorodecanoic acid,<0.001,MICROGRAM PER LITRE
https://environment.data.gov.uk/water-quality/sampling-point/TH-RTN0007/sample/1453735/observation/8893,TH-RTN0007,THAMES BELOW MOLESEY LOCK,-0.3449,51.4042,Thames,THAMES - WEST THAMES,Multiple Values,OPEN,FRESHWATER - RIVERS,2025-12-10T10:55:00,2025,MONITORING  (NATIONAL AGENCY POLICY),RIVER / RUNNING SURFACE WATER,8893,Perfluoroundecanoic acid,<0.001,MICROGRAM PER LITRE
https://environment.data.gov.uk/water-quality/sampling-point/TH-RTN0007/sample/1453735/observation/8894,TH-RTN0007,THAMES BELOW MOLESEY LOCK,-0.3449,51.4042,Thames,THAMES - WEST THAMES,Multiple Values,OPEN,FRESHWATER - RIVERS,2025-12-10T10:55:00,2025,MONITORING  (NATIONAL AGENCY POLICY),RIVER / RUNNING SURFACE WATER,8894,Perfluorododecanoic acid,<0.002,MICROGRAM PER LITRE
https://environment.data.gov.uk/water-quality/sampling-point/TH-RTN0007/sample/1453735/observation/8895,TH-RTN0007,THAMES BELOW MOLESEY LOCK,-0.3449,51.4042,Thames,THAMES - WEST THAMES,Multiple Values,OPEN,FRESHWATER - RIVERS,2025-12-10T10:55:00,2025,MONITORING  (NATIONAL AGENCY POLICY),RIVER / RUNNING SURFACE WATER,8895,Perfluorotetradecanoic acid,<0.006,MICROGRAM PER LITRE
https://environment.data.gov.uk/water-quality/sampling-point/TH-RTN0007/sample/1453735/observation/9901,TH-RTN0007,THAMES BELOW MOLESEY LOCK,-0.3449,51.4042,Thames,THAMES - WEST THAMES,Multiple Values,OPEN,FRESHWATER - RIVERS,2025-12-10T10:55:00,2025,MONITORING  (NATIONAL AGENCY POLICY),RIVER / RUNNING SURFACE WATER,9901,"Oxygen, Dissolved, % Saturation",101.4,PERCENTAGE
https://environment.data.gov.uk/water-quality/sampling-point/TH-RTN0007/sample/1453735/observation/9924,TH-RTN0007,THAMES BELOW MOLESEY LOCK,-0.3449,51.4042,Thames,THAMES - WEST THAMES,Multiple Values,OPEN,FRESHWATER - RIVERS,2025-12-10T10:55:00,2025,MONITORING  (NATIONAL AGENCY POLICY),RIVER / RUNNING SURFACE WATER,9924,"Oxygen, Dissolved as O2",11.5,MILLIGRAM PER LITRE
https://environment.data.gov.uk/water-quality/sampling-point/TH-RTN0008/sample/1423281/observation/0061,TH-RTN0008,THAMES AT CHERTSEY LOCK,-0.4858,51.3901,Thames,THAMES - WEST THAMES,Multiple Values,OPEN,FRESHWATER - RIVERS,2025-01-28T13:21:00,2025,MONITORING  (NATIONAL AGENCY POLICY),RIVER / RUNNING SURFACE WATER,61,pH,7.99,PH UNITS
https://environment.data.gov.uk/water-quality/sampling-point/TH-RTN0008/sample/1423281/observation/0076,TH-RTN0008,THAMES AT CHERTSEY LOCK,-0.4858,51.3901,Thames,THAMES - WEST THAMES,Multiple Values,OPEN,FRESHWATER - RIVERS,2025-01-28T13:21:00,2025,MONITORING  (NATIONAL AGENCY POLICY),RIVER / RUNNING SURFACE WATER,76,Temperature of Water,6.7,CELSIUS
https://environment.data.gov.uk/water-quality/sampling-point/TH-RTN0008/sample/1423281/observation/0077,TH-RTN0008,THAMES AT CHERTSEY LOCK,-0.4858,51.3901,Thames,THAMES - WEST THAMES,Multiple Values,OPEN,FRESHWATER - RIVERS,2025-01-28T13:21:00,2025,MONITORING  (NATIONAL AGENCY POLICY),RIVER / RUNNING SURFACE WATER,77,Conductivity at 25 C,600,MICROSIEMENS PER CENTIMETRE
https://environment.data.gov.uk/water-quality/sampling-point/TH-RTN0008/sample/1423281/observation/9901,TH-RTN0008,THAMES AT CHERTSEY LOCK,-0.4858,51.3901,Thames,THAMES - WEST THAMES,Multiple Values,OPEN,FRESHWATER - RIVERS,2025-01-28T13:21:00,2025,MONITORING  (NATIONAL AGENCY POLICY),RIVER / RUNNING SURFACE WATER,9901,"Oxygen, Dissolved, % Saturation",92.7,PERCENTAGE
https://environment.data.gov.uk/water-quality/sampling-point/TH-RTN0008/sample/1423281/observation/9924,TH-RTN0008,THAMES AT CHERTSEY LOCK,-0.4858,51.3901,Thames,THAMES - WEST THAMES,Multiple Values,OPEN,FRESHWATER - RIVERS,2025-01-28T13:21:00,2025,MONITORING  (NATIONAL AGENCY POLICY),RIVER / RUNNING SURFACE WATER,9924,"Oxygen, Dissolved as O2",11.3,MILLIGRAM PER LITRE
https://environment.data.gov.uk/water-quality/sampling-point/TH-RTN0008/sample/1436146/observation/0076,TH-RTN0008,THAMES AT CHERTSEY LOCK,-0.4858,51.3901,Thames,THAMES - WEST THAMES,Multiple Values,OPEN,FRESHWATER - RIVERS,2025-04-03T12:59:00,2025,MONITORING  (NATIONAL AGENCY POLICY),RIVER / RUNNING SURFACE WATER,76,Temperature of Water,13,CELSIUS
https://environment.data.gov.uk/water-quality/sampling-point/TH-RTN0008/sample/1436146/observation/0077,TH-RTN0008,THAMES AT CHERTSEY LOCK,-0.4858,51.3901,Thames,THAMES - WEST THAMES,Multiple Values,OPEN,FRESHWATER - RIVERS,2025-04-03T12:59:00,2025,MONITORING  (NATIONAL AGENCY POLICY),RIVER / RUNNING SURFACE WATER,77,Conductivity at 25 C,680,MICROSIEMENS PER CENTIMETRE
https://environment.data.gov.uk/water-quality/sampling-point/TH-RTN0008/sample/1436146/observation/9901,TH-RTN0008,THAMES AT CHERTSEY LOCK,-0.4858,51.3901,Thames,THAMES - WEST THAMES,Multiple Values,OPEN,FRESHWATER - RIVERS,2025-04-03T12:59:00,2025,MONITORING  (NATIONAL AGENCY POLICY),RIVER / RUNNING SURFACE WATER,9901,"Oxygen, Dissolved, % Saturation",116.9,PERCENTAGE
https://environment.data.gov.uk/water-quality/sampling-point/TH-RTN0008/sample/1436146/observation/9924,TH-RTN0008,THAMES AT CHERTSEY LOCK,-0.4858,51.3901,Thames,THAMES - WEST THAMES,Multiple Values,OPEN,FRESHWATER - RIVERS,2025-04-03T12:59:00,2025,MONITORING  (NATIONAL AGENCY POLICY),RIVER / RUNNING SURFACE WATER,9924,"Oxygen, Dissolved as O2",12.3,MILLIGRAM PER LITRE
https://environment.data.gov.uk/water-quality/sampling-point/TH-RTN0008/sample/1441062/observation/0061,TH-RTN0008,THAMES AT CHERTSEY LOCK,-0.4858,51.3901,Thames,THAMES - WEST THAMES,Multiple Values,OPEN,FRESHWATER - RIVERS,2025-07-03T10:22:00,2025,MONITORING  (NATIONAL AGENCY POLICY),RIVER / RUNNING SURFACE WATER,61,pH,8.14,PH UNITS
https://environment.data.gov.uk/water-quality/sampling-point/TH-RTN0008/sample/1441062/observation/0076,TH-RTN0008,THAMES AT CHERTSEY LOCK,-0.4858,51.3901,Thames,THAMES - WEST THAMES,Multiple Values,OPEN,FRESHWATER - RIVERS,2025-07-03T10:22:00,2025,MONITORING  (NATIONAL AGENCY POLICY),RIVER / RUNNING SURFACE WATER,76,Temperature of Water,22.8,CELSIUS
https://environment.data.gov.uk/water-quality/sampling-point/TH-RTN0008/sample/1441062/observation/0077,TH-RTN0008,THAMES AT CHERTSEY LOCK,-0.4858,51.3901,Thames,THAMES - WEST THAMES,Multiple Values,OPEN,FRESHWATER - RIVERS,2025-07-03T10:22:00,2025,MONITORING  (NATIONAL AGENCY POLICY),RIVER / RUNNING SURFACE WATER,77,Conductivity at 25 C,726,MICROSIEMENS PER CENTIMETRE
https://environment.data.gov.uk/water-quality/sampling-point/TH-RTN0008/sample/1441062/observation/9901,TH-RTN0008,THAMES AT CHERTSEY LOCK,-0.4858,51.3901,Thames,THAMES - WEST THAMES,Multiple Values,OPEN,FRESHWATER - RIVERS,2025-07-03T10:22:00,2025,MONITORING  (NATIONAL AGENCY POLICY),RIVER / RUNNING SURFACE WATER,9901,"Oxygen, Dissolved, % Saturation",87.4,PERCENTAGE
https://environment.data.gov.uk/water-quality/sampling-point/TH-RTN0008/sample/1441062/observation/9924,TH-RTN0008,THAMES AT CHERTSEY LOCK,-0.4858,51.3901,Thames,THAMES - WEST THAMES,Multiple Values,OPEN,FRESHWATER - RIVERS,2025-07-03T10:22:00,2025,MONITORING  (NATIONAL AGENCY POLICY),RIVER / RUNNING SURFACE WATER,9924,"Oxygen, Dissolved as O2",7.51,MILLIGRAM PER LITRE
https://environment.data.gov.uk/water-quality/sampling-point/TH-RTN0008/sample/1450214/observation/0061,TH-RTN0008,THAMES AT CHERTSEY LOCK,-0.4858,51.3901,Thames,THAMES - WEST THAMES,Multiple Values,OPEN,FRESHWATER - RIVERS,2025-10-10T10:14:00,2025,MONITORING  (NATIONAL AGENCY POLICY),RIVER / RUNNING SURFACE WATER,61,pH,8.03,PH UNITS
https://environment.data.gov.uk/water-quality/sampling-point/TH-RTN0008/sample/1450214/observation/0076,TH-RTN0008,THAMES AT CHERTSEY LOCK,-0.4858,51.3901,Thames,THAMES - WEST THAMES,Multiple Values,OPEN,FRESHWATER - RIVERS,2025-10-10T10:14:00,2025,MONITORING  (NATIONAL AGENCY POLICY),RIVER / RUNNING SURFACE WATER,76,Temperature of Water,14.2,CELSIUS
https://environment.data.gov.uk/water-quality/sampling-point/TH-RTN0008/sample/1450214/observation/0077,TH-RTN0008,THAMES AT CHERTSEY LOCK,-0.4858,51.3901,Thames,THAMES - WEST THAMES,Multiple Values,OPEN,FRESHWATER - RIVERS,2025-10-10T10:14:00,2025,MONITORING  (NATIONAL AGENCY POLICY),RIVER / RUNNING SURFACE WATER,77,Conductivity at 25 C,763,MICROSIEMENS PER CENTIMETRE
https://environment.data.gov.uk/water-quality/sampling-point/TH-RTN0008/sample/1450214/observation/9901,TH-RTN0008,THAMES AT CHERTSEY LOCK,-0.4858,51.3901,Thames,THAMES - WEST THAMES,Multiple Values,OPEN,FRESHWATER - RIVERS,2025-10-10T10:14:00,2025,MONITORING  (NATIONAL AGENCY POLICY),RIVER / RUNNING SURFACE WATER,9901,"Oxygen, Dissolved, % Saturation",91.4,PERCENTAGE
https://environment.data.gov.uk/water-quality/sampling-point/TH-RTN0008/sample/1450214/observation/9924,TH-RTN0008,THAMES AT CHERTSEY LOCK,-0.4858,51.3901,Thames,THAMES - WEST THAMES,Multiple Values,OPEN,FRESHWATER - RIVERS,2025-10-10T10:14:00,2025,MONITORING  (NATIONAL AGENCY POLICY),RIVER / RUNNING SURFACE WATER,9924,"Oxygen, Dissolved as O2",9.35,MILLIGRAM PER LITRE
